"Area","MTU","Hydro Pumped Storage  - Actual Aggregated [MW]","Hydro Pumped Storage  - Actual Consumption [MW]","Hydro Water Reservoir  - Actual Aggregated [MW]"
"Montenegro (ME)","01.01.2016 00:00 - 01.01.2016 01:00 (CET/CEST)","n/e","n/e","0"
"Montenegro (ME)","01.01.2016 01:00 - 01.01.2016 02:00 (CET/CEST)","n/e","n/e","0"
"Montenegro (ME)","01.01.2016 02:00 - 01.01.2016 03:00 (CET/CEST)","n/e","n/e","0"
"Montenegro (ME)","01.01.2016 03:00 - 01.01.2016 04:00 (CET/CEST)","n/e","n/e","0"
"Montenegro (ME)","01.01.2016 04:00 - 01.01.2016 05:00 (CET/CEST)","n/e","n/e","0"
"Montenegro (ME)","01.01.2016 05:00 - 01.01.2016 06:00 (CET/CEST)","n/e","n/e","0"
"Montenegro (ME)","01.01.2016 06:00 - 01.01.2016 07:00 (CET/CEST)","n/e","n/e","0"
"Montenegro (ME)","01.01.2016 07:00 - 01.01.2016 08:00 (CET/CEST)","n/e","n/e","0"
"Montenegro (ME)","01.01.2016 08:00 - 01.01.2016 09:00 (CET/CEST)","n/e","n/e","0"
"Montenegro (ME)","01.01.2016 09:00 - 01.01.2016 10:00 (CET/CEST)","n/e","n/e","1"
"Montenegro (ME)","01.01.2016 10:00 - 01.01.2016 11:00 (CET/CEST)","n/e","n/e","73"
"Montenegro (ME)","01.01.2016 11:00 - 01.01.2016 12:00 (CET/CEST)","n/e","n/e","99"
"Montenegro (ME)","01.01.2016 12:00 - 01.01.2016 13:00 (CET/CEST)","n/e","n/e","92"
"Montenegro (ME)","01.01.2016 13:00 - 01.01.2016 14:00 (CET/CEST)","n/e","n/e","93"
"Montenegro (ME)","01.01.2016 14:00 - 01.01.2016 15:00 (CET/CEST)","n/e","n/e","85"
"Montenegro (ME)","01.01.2016 15:00 - 01.01.2016 16:00 (CET/CEST)","n/e","n/e","83"
"Montenegro (ME)","01.01.2016 16:00 - 01.01.2016 17:00 (CET/CEST)","n/e","n/e","82"
"Montenegro (ME)","01.01.2016 17:00 - 01.01.2016 18:00 (CET/CEST)","n/e","n/e","100"
"Montenegro (ME)","01.01.2016 18:00 - 01.01.2016 19:00 (CET/CEST)","n/e","n/e","101"
"Montenegro (ME)","01.01.2016 19:00 - 01.01.2016 20:00 (CET/CEST)","n/e","n/e","101"
"Montenegro (ME)","01.01.2016 20:00 - 01.01.2016 21:00 (CET/CEST)","n/e","n/e","71"
"Montenegro (ME)","01.01.2016 21:00 - 01.01.2016 22:00 (CET/CEST)","n/e","n/e","70"
"Montenegro (ME)","01.01.2016 22:00 - 01.01.2016 23:00 (CET/CEST)","n/e","n/e","0"
"Montenegro (ME)","01.01.2016 23:00 - 02.01.2016 00:00 (CET/CEST)","n/e","n/e","0"
"Montenegro (ME)","02.01.2016 00:00 - 02.01.2016 01:00 (CET/CEST)","n/e","n/e","0"
"Montenegro (ME)","02.01.2016 01:00 - 02.01.2016 02:00 (CET/CEST)","n/e","n/e","0"
"Montenegro (ME)","02.01.2016 02:00 - 02.01.2016 03:00 (CET/CEST)","n/e","n/e","0"
"Montenegro (ME)","02.01.2016 03:00 - 02.01.2016 04:00 (CET/CEST)","n/e","n/e","0"
"Montenegro (ME)","02.01.2016 04:00 - 02.01.2016 05:00 (CET/CEST)","n/e","n/e","0"
"Montenegro (ME)","02.01.2016 05:00 - 02.01.2016 06:00 (CET/CEST)","n/e","n/e","0"
"Montenegro (ME)","02.01.2016 06:00 - 02.01.2016 07:00 (CET/CEST)","n/e","n/e","0"
"Montenegro (ME)","02.01.2016 07:00 - 02.01.2016 08:00 (CET/CEST)","n/e","n/e","0"
"Montenegro (ME)","02.01.2016 08:00 - 02.01.2016 09:00 (CET/CEST)","n/e","n/e","0"
"Montenegro (ME)","02.01.2016 09:00 - 02.01.2016 10:00 (CET/CEST)","n/e","n/e","0"
"Montenegro (ME)","02.01.2016 10:00 - 02.01.2016 11:00 (CET/CEST)","n/e","n/e","0"
"Montenegro (ME)","02.01.2016 11:00 - 02.01.2016 12:00 (CET/CEST)","n/e","n/e","86"
"Montenegro (ME)","02.01.2016 12:00 - 02.01.2016 13:00 (CET/CEST)","n/e","n/e","90"
"Montenegro (ME)","02.01.2016 13:00 - 02.01.2016 14:00 (CET/CEST)","n/e","n/e","101"
"Montenegro (ME)","02.01.2016 14:00 - 02.01.2016 15:00 (CET/CEST)","n/e","n/e","2"
"Montenegro (ME)","02.01.2016 15:00 - 02.01.2016 16:00 (CET/CEST)","n/e","n/e","88"
"Montenegro (ME)","02.01.2016 16:00 - 02.01.2016 17:00 (CET/CEST)","n/e","n/e","200"
"Montenegro (ME)","02.01.2016 17:00 - 02.01.2016 18:00 (CET/CEST)","n/e","n/e","205"
"Montenegro (ME)","02.01.2016 18:00 - 02.01.2016 19:00 (CET/CEST)","n/e","n/e","103"
"Montenegro (ME)","02.01.2016 19:00 - 02.01.2016 20:00 (CET/CEST)","n/e","n/e","102"
"Montenegro (ME)","02.01.2016 20:00 - 02.01.2016 21:00 (CET/CEST)","n/e","n/e","101"
"Montenegro (ME)","02.01.2016 21:00 - 02.01.2016 22:00 (CET/CEST)","n/e","n/e","71"
"Montenegro (ME)","02.01.2016 22:00 - 02.01.2016 23:00 (CET/CEST)","n/e","n/e","0"
"Montenegro (ME)","02.01.2016 23:00 - 03.01.2016 00:00 (CET/CEST)","n/e","n/e","0"
"Montenegro (ME)","03.01.2016 00:00 - 03.01.2016 01:00 (CET/CEST)","n/e","n/e","0"
"Montenegro (ME)","03.01.2016 01:00 - 03.01.2016 02:00 (CET/CEST)","n/e","n/e","0"
"Montenegro (ME)","03.01.2016 02:00 - 03.01.2016 03:00 (CET/CEST)","n/e","n/e","0"
"Montenegro (ME)","03.01.2016 03:00 - 03.01.2016 04:00 (CET/CEST)","n/e","n/e","0"
"Montenegro (ME)","03.01.2016 04:00 - 03.01.2016 05:00 (CET/CEST)","n/e","n/e","0"
"Montenegro (ME)","03.01.2016 05:00 - 03.01.2016 06:00 (CET/CEST)","n/e","n/e","0"
"Montenegro (ME)","03.01.2016 06:00 - 03.01.2016 07:00 (CET/CEST)","n/e","n/e","0"
"Montenegro (ME)","03.01.2016 07:00 - 03.01.2016 08:00 (CET/CEST)","n/e","n/e","0"
"Montenegro (ME)","03.01.2016 08:00 - 03.01.2016 09:00 (CET/CEST)","n/e","n/e","0"
"Montenegro (ME)","03.01.2016 09:00 - 03.01.2016 10:00 (CET/CEST)","n/e","n/e","0"
"Montenegro (ME)","03.01.2016 10:00 - 03.01.2016 11:00 (CET/CEST)","n/e","n/e","0"
"Montenegro (ME)","03.01.2016 11:00 - 03.01.2016 12:00 (CET/CEST)","n/e","n/e","0"
"Montenegro (ME)","03.01.2016 12:00 - 03.01.2016 13:00 (CET/CEST)","n/e","n/e","0"
"Montenegro (ME)","03.01.2016 13:00 - 03.01.2016 14:00 (CET/CEST)","n/e","n/e","0"
"Montenegro (ME)","03.01.2016 14:00 - 03.01.2016 15:00 (CET/CEST)","n/e","n/e","0"
"Montenegro (ME)","03.01.2016 15:00 - 03.01.2016 16:00 (CET/CEST)","n/e","n/e","0"
"Montenegro (ME)","03.01.2016 16:00 - 03.01.2016 17:00 (CET/CEST)","n/e","n/e","0"
"Montenegro (ME)","03.01.2016 17:00 - 03.01.2016 18:00 (CET/CEST)","n/e","n/e","0"
"Montenegro (ME)","03.01.2016 18:00 - 03.01.2016 19:00 (CET/CEST)","n/e","n/e","141"
"Montenegro (ME)","03.01.2016 19:00 - 03.01.2016 20:00 (CET/CEST)","n/e","n/e","141"
"Montenegro (ME)","03.01.2016 20:00 - 03.01.2016 21:00 (CET/CEST)","n/e","n/e","0"
"Montenegro (ME)","03.01.2016 21:00 - 03.01.2016 22:00 (CET/CEST)","n/e","n/e","0"
"Montenegro (ME)","03.01.2016 22:00 - 03.01.2016 23:00 (CET/CEST)","n/e","n/e","0"
"Montenegro (ME)","03.01.2016 23:00 - 04.01.2016 00:00 (CET/CEST)","n/e","n/e","0"
"Montenegro (ME)","04.01.2016 00:00 - 04.01.2016 01:00 (CET/CEST)","n/e","n/e","0"
"Montenegro (ME)","04.01.2016 01:00 - 04.01.2016 02:00 (CET/CEST)","n/e","n/e","0"
"Montenegro (ME)","04.01.2016 02:00 - 04.01.2016 03:00 (CET/CEST)","n/e","n/e","0"
"Montenegro (ME)","04.01.2016 03:00 - 04.01.2016 04:00 (CET/CEST)","n/e","n/e","0"
"Montenegro (ME)","04.01.2016 04:00 - 04.01.2016 05:00 (CET/CEST)","n/e","n/e","0"
"Montenegro (ME)","04.01.2016 05:00 - 04.01.2016 06:00 (CET/CEST)","n/e","n/e","0"
"Montenegro (ME)","04.01.2016 06:00 - 04.01.2016 07:00 (CET/CEST)","n/e","n/e","0"
"Montenegro (ME)","04.01.2016 07:00 - 04.01.2016 08:00 (CET/CEST)","n/e","n/e","83"
"Montenegro (ME)","04.01.2016 08:00 - 04.01.2016 09:00 (CET/CEST)","n/e","n/e","150"
"Montenegro (ME)","04.01.2016 09:00 - 04.01.2016 10:00 (CET/CEST)","n/e","n/e","188"
"Montenegro (ME)","04.01.2016 10:00 - 04.01.2016 11:00 (CET/CEST)","n/e","n/e","203"
"Montenegro (ME)","04.01.2016 11:00 - 04.01.2016 12:00 (CET/CEST)","n/e","n/e","87"
"Montenegro (ME)","04.01.2016 12:00 - 04.01.2016 13:00 (CET/CEST)","n/e","n/e","205"
"Montenegro (ME)","04.01.2016 13:00 - 04.01.2016 14:00 (CET/CEST)","n/e","n/e","91"
"Montenegro (ME)","04.01.2016 14:00 - 04.01.2016 15:00 (CET/CEST)","n/e","n/e","98"
"Montenegro (ME)","04.01.2016 15:00 - 04.01.2016 16:00 (CET/CEST)","n/e","n/e","206"
"Montenegro (ME)","04.01.2016 16:00 - 04.01.2016 17:00 (CET/CEST)","n/e","n/e","306"
"Montenegro (ME)","04.01.2016 17:00 - 04.01.2016 18:00 (CET/CEST)","n/e","n/e","308"
"Montenegro (ME)","04.01.2016 18:00 - 04.01.2016 19:00 (CET/CEST)","n/e","n/e","308"
"Montenegro (ME)","04.01.2016 19:00 - 04.01.2016 20:00 (CET/CEST)","n/e","n/e","308"
"Montenegro (ME)","04.01.2016 20:00 - 04.01.2016 21:00 (CET/CEST)","n/e","n/e","287"
"Montenegro (ME)","04.01.2016 21:00 - 04.01.2016 22:00 (CET/CEST)","n/e","n/e","261"
"Montenegro (ME)","04.01.2016 22:00 - 04.01.2016 23:00 (CET/CEST)","n/e","n/e","81"
"Montenegro (ME)","04.01.2016 23:00 - 05.01.2016 00:00 (CET/CEST)","n/e","n/e","0"
"Montenegro (ME)","05.01.2016 00:00 - 05.01.2016 01:00 (CET/CEST)","n/e","n/e","0"
"Montenegro (ME)","05.01.2016 01:00 - 05.01.2016 02:00 (CET/CEST)","n/e","n/e","0"
"Montenegro (ME)","05.01.2016 02:00 - 05.01.2016 03:00 (CET/CEST)","n/e","n/e","0"
"Montenegro (ME)","05.01.2016 03:00 - 05.01.2016 04:00 (CET/CEST)","n/e","n/e","0"
"Montenegro (ME)","05.01.2016 04:00 - 05.01.2016 05:00 (CET/CEST)","n/e","n/e","0"
"Montenegro (ME)","05.01.2016 05:00 - 05.01.2016 06:00 (CET/CEST)","n/e","n/e","0"
"Montenegro (ME)","05.01.2016 06:00 - 05.01.2016 07:00 (CET/CEST)","n/e","n/e","0"
"Montenegro (ME)","05.01.2016 07:00 - 05.01.2016 08:00 (CET/CEST)","n/e","n/e","103"
"Montenegro (ME)","05.01.2016 08:00 - 05.01.2016 09:00 (CET/CEST)","n/e","n/e","205"
"Montenegro (ME)","05.01.2016 09:00 - 05.01.2016 10:00 (CET/CEST)","n/e","n/e","206"
"Montenegro (ME)","05.01.2016 10:00 - 05.01.2016 11:00 (CET/CEST)","n/e","n/e","205"
"Montenegro (ME)","05.01.2016 11:00 - 05.01.2016 12:00 (CET/CEST)","n/e","n/e","205"
"Montenegro (ME)","05.01.2016 12:00 - 05.01.2016 13:00 (CET/CEST)","n/e","n/e","142"
"Montenegro (ME)","05.01.2016 13:00 - 05.01.2016 14:00 (CET/CEST)","n/e","n/e","143"
"Montenegro (ME)","05.01.2016 14:00 - 05.01.2016 15:00 (CET/CEST)","n/e","n/e","161"
"Montenegro (ME)","05.01.2016 15:00 - 05.01.2016 16:00 (CET/CEST)","n/e","n/e","207"
"Montenegro (ME)","05.01.2016 16:00 - 05.01.2016 17:00 (CET/CEST)","n/e","n/e","220"
"Montenegro (ME)","05.01.2016 17:00 - 05.01.2016 18:00 (CET/CEST)","n/e","n/e","304"
"Montenegro (ME)","05.01.2016 18:00 - 05.01.2016 19:00 (CET/CEST)","n/e","n/e","304"
"Montenegro (ME)","05.01.2016 19:00 - 05.01.2016 20:00 (CET/CEST)","n/e","n/e","303"
"Montenegro (ME)","05.01.2016 20:00 - 05.01.2016 21:00 (CET/CEST)","n/e","n/e","303"
"Montenegro (ME)","05.01.2016 21:00 - 05.01.2016 22:00 (CET/CEST)","n/e","n/e","303"
"Montenegro (ME)","05.01.2016 22:00 - 05.01.2016 23:00 (CET/CEST)","n/e","n/e","303"
"Montenegro (ME)","05.01.2016 23:00 - 06.01.2016 00:00 (CET/CEST)","n/e","n/e","301"
"Montenegro (ME)","06.01.2016 00:00 - 06.01.2016 01:00 (CET/CEST)","n/e","n/e","0"
"Montenegro (ME)","06.01.2016 01:00 - 06.01.2016 02:00 (CET/CEST)","n/e","n/e","0"
"Montenegro (ME)","06.01.2016 02:00 - 06.01.2016 03:00 (CET/CEST)","n/e","n/e","0"
"Montenegro (ME)","06.01.2016 03:00 - 06.01.2016 04:00 (CET/CEST)","n/e","n/e","0"
"Montenegro (ME)","06.01.2016 04:00 - 06.01.2016 05:00 (CET/CEST)","n/e","n/e","0"
"Montenegro (ME)","06.01.2016 05:00 - 06.01.2016 06:00 (CET/CEST)","n/e","n/e","0"
"Montenegro (ME)","06.01.2016 06:00 - 06.01.2016 07:00 (CET/CEST)","n/e","n/e","0"
"Montenegro (ME)","06.01.2016 07:00 - 06.01.2016 08:00 (CET/CEST)","n/e","n/e","0"
"Montenegro (ME)","06.01.2016 08:00 - 06.01.2016 09:00 (CET/CEST)","n/e","n/e","0"
"Montenegro (ME)","06.01.2016 09:00 - 06.01.2016 10:00 (CET/CEST)","n/e","n/e","0"
"Montenegro (ME)","06.01.2016 10:00 - 06.01.2016 11:00 (CET/CEST)","n/e","n/e","0"
"Montenegro (ME)","06.01.2016 11:00 - 06.01.2016 12:00 (CET/CEST)","n/e","n/e","0"
"Montenegro (ME)","06.01.2016 12:00 - 06.01.2016 13:00 (CET/CEST)","n/e","n/e","0"
"Montenegro (ME)","06.01.2016 13:00 - 06.01.2016 14:00 (CET/CEST)","n/e","n/e","0"
"Montenegro (ME)","06.01.2016 14:00 - 06.01.2016 15:00 (CET/CEST)","n/e","n/e","0"
"Montenegro (ME)","06.01.2016 15:00 - 06.01.2016 16:00 (CET/CEST)","n/e","n/e","0"
"Montenegro (ME)","06.01.2016 16:00 - 06.01.2016 17:00 (CET/CEST)","n/e","n/e","1"
"Montenegro (ME)","06.01.2016 17:00 - 06.01.2016 18:00 (CET/CEST)","n/e","n/e","101"
"Montenegro (ME)","06.01.2016 18:00 - 06.01.2016 19:00 (CET/CEST)","n/e","n/e","0"
"Montenegro (ME)","06.01.2016 19:00 - 06.01.2016 20:00 (CET/CEST)","n/e","n/e","0"
"Montenegro (ME)","06.01.2016 20:00 - 06.01.2016 21:00 (CET/CEST)","n/e","n/e","0"
"Montenegro (ME)","06.01.2016 21:00 - 06.01.2016 22:00 (CET/CEST)","n/e","n/e","0"
"Montenegro (ME)","06.01.2016 22:00 - 06.01.2016 23:00 (CET/CEST)","n/e","n/e","0"
"Montenegro (ME)","06.01.2016 23:00 - 07.01.2016 00:00 (CET/CEST)","n/e","n/e","0"
"Montenegro (ME)","07.01.2016 00:00 - 07.01.2016 01:00 (CET/CEST)","n/e","n/e","0"
"Montenegro (ME)","07.01.2016 01:00 - 07.01.2016 02:00 (CET/CEST)","n/e","n/e","0"
"Montenegro (ME)","07.01.2016 02:00 - 07.01.2016 03:00 (CET/CEST)","n/e","n/e","0"
"Montenegro (ME)","07.01.2016 03:00 - 07.01.2016 04:00 (CET/CEST)","n/e","n/e","0"
"Montenegro (ME)","07.01.2016 04:00 - 07.01.2016 05:00 (CET/CEST)","n/e","n/e","0"
"Montenegro (ME)","07.01.2016 05:00 - 07.01.2016 06:00 (CET/CEST)","n/e","n/e","0"
"Montenegro (ME)","07.01.2016 06:00 - 07.01.2016 07:00 (CET/CEST)","n/e","n/e","0"
"Montenegro (ME)","07.01.2016 07:00 - 07.01.2016 08:00 (CET/CEST)","n/e","n/e","1"
"Montenegro (ME)","07.01.2016 08:00 - 07.01.2016 09:00 (CET/CEST)","n/e","n/e","179"
"Montenegro (ME)","07.01.2016 09:00 - 07.01.2016 10:00 (CET/CEST)","n/e","n/e","143"
"Montenegro (ME)","07.01.2016 10:00 - 07.01.2016 11:00 (CET/CEST)","n/e","n/e","142"
"Montenegro (ME)","07.01.2016 11:00 - 07.01.2016 12:00 (CET/CEST)","n/e","n/e","140"
"Montenegro (ME)","07.01.2016 12:00 - 07.01.2016 13:00 (CET/CEST)","n/e","n/e","0"
"Montenegro (ME)","07.01.2016 13:00 - 07.01.2016 14:00 (CET/CEST)","n/e","n/e","0"
"Montenegro (ME)","07.01.2016 14:00 - 07.01.2016 15:00 (CET/CEST)","n/e","n/e","0"
"Montenegro (ME)","07.01.2016 15:00 - 07.01.2016 16:00 (CET/CEST)","n/e","n/e","1"
"Montenegro (ME)","07.01.2016 16:00 - 07.01.2016 17:00 (CET/CEST)","n/e","n/e","102"
"Montenegro (ME)","07.01.2016 17:00 - 07.01.2016 18:00 (CET/CEST)","n/e","n/e","178"
"Montenegro (ME)","07.01.2016 18:00 - 07.01.2016 19:00 (CET/CEST)","n/e","n/e","185"
"Montenegro (ME)","07.01.2016 19:00 - 07.01.2016 20:00 (CET/CEST)","n/e","n/e","177"
"Montenegro (ME)","07.01.2016 20:00 - 07.01.2016 21:00 (CET/CEST)","n/e","n/e","0"
"Montenegro (ME)","07.01.2016 21:00 - 07.01.2016 22:00 (CET/CEST)","n/e","n/e","0"
"Montenegro (ME)","07.01.2016 22:00 - 07.01.2016 23:00 (CET/CEST)","n/e","n/e","0"
"Montenegro (ME)","07.01.2016 23:00 - 08.01.2016 00:00 (CET/CEST)","n/e","n/e","0"
"Montenegro (ME)","08.01.2016 00:00 - 08.01.2016 01:00 (CET/CEST)","n/e","n/e","0"
"Montenegro (ME)","08.01.2016 01:00 - 08.01.2016 02:00 (CET/CEST)","n/e","n/e","0"
"Montenegro (ME)","08.01.2016 02:00 - 08.01.2016 03:00 (CET/CEST)","n/e","n/e","0"
"Montenegro (ME)","08.01.2016 03:00 - 08.01.2016 04:00 (CET/CEST)","n/e","n/e","0"
"Montenegro (ME)","08.01.2016 04:00 - 08.01.2016 05:00 (CET/CEST)","n/e","n/e","0"
"Montenegro (ME)","08.01.2016 05:00 - 08.01.2016 06:00 (CET/CEST)","n/e","n/e","0"
"Montenegro (ME)","08.01.2016 06:00 - 08.01.2016 07:00 (CET/CEST)","n/e","n/e","0"
"Montenegro (ME)","08.01.2016 07:00 - 08.01.2016 08:00 (CET/CEST)","n/e","n/e","0"
"Montenegro (ME)","08.01.2016 08:00 - 08.01.2016 09:00 (CET/CEST)","n/e","n/e","100"
"Montenegro (ME)","08.01.2016 09:00 - 08.01.2016 10:00 (CET/CEST)","n/e","n/e","86"
"Montenegro (ME)","08.01.2016 10:00 - 08.01.2016 11:00 (CET/CEST)","n/e","n/e","101"
"Montenegro (ME)","08.01.2016 11:00 - 08.01.2016 12:00 (CET/CEST)","n/e","n/e","73"
"Montenegro (ME)","08.01.2016 12:00 - 08.01.2016 13:00 (CET/CEST)","n/e","n/e","200"
"Montenegro (ME)","08.01.2016 13:00 - 08.01.2016 14:00 (CET/CEST)","n/e","n/e","153"
"Montenegro (ME)","08.01.2016 14:00 - 08.01.2016 15:00 (CET/CEST)","n/e","n/e","1"
"Montenegro (ME)","08.01.2016 15:00 - 08.01.2016 16:00 (CET/CEST)","n/e","n/e","0"
"Montenegro (ME)","08.01.2016 16:00 - 08.01.2016 17:00 (CET/CEST)","n/e","n/e","100"
"Montenegro (ME)","08.01.2016 17:00 - 08.01.2016 18:00 (CET/CEST)","n/e","n/e","100"
"Montenegro (ME)","08.01.2016 18:00 - 08.01.2016 19:00 (CET/CEST)","n/e","n/e","100"
"Montenegro (ME)","08.01.2016 19:00 - 08.01.2016 20:00 (CET/CEST)","n/e","n/e","1"
"Montenegro (ME)","08.01.2016 20:00 - 08.01.2016 21:00 (CET/CEST)","n/e","n/e","0"
"Montenegro (ME)","08.01.2016 21:00 - 08.01.2016 22:00 (CET/CEST)","n/e","n/e","0"
"Montenegro (ME)","08.01.2016 22:00 - 08.01.2016 23:00 (CET/CEST)","n/e","n/e","0"
"Montenegro (ME)","08.01.2016 23:00 - 09.01.2016 00:00 (CET/CEST)","n/e","n/e","0"
"Montenegro (ME)","09.01.2016 00:00 - 09.01.2016 01:00 (CET/CEST)","n/e","n/e","0"
"Montenegro (ME)","09.01.2016 01:00 - 09.01.2016 02:00 (CET/CEST)","n/e","n/e","0"
"Montenegro (ME)","09.01.2016 02:00 - 09.01.2016 03:00 (CET/CEST)","n/e","n/e","0"
"Montenegro (ME)","09.01.2016 03:00 - 09.01.2016 04:00 (CET/CEST)","n/e","n/e","0"
"Montenegro (ME)","09.01.2016 04:00 - 09.01.2016 05:00 (CET/CEST)","n/e","n/e","0"
"Montenegro (ME)","09.01.2016 05:00 - 09.01.2016 06:00 (CET/CEST)","n/e","n/e","0"
"Montenegro (ME)","09.01.2016 06:00 - 09.01.2016 07:00 (CET/CEST)","n/e","n/e","0"
"Montenegro (ME)","09.01.2016 07:00 - 09.01.2016 08:00 (CET/CEST)","n/e","n/e","0"
"Montenegro (ME)","09.01.2016 08:00 - 09.01.2016 09:00 (CET/CEST)","n/e","n/e","0"
"Montenegro (ME)","09.01.2016 09:00 - 09.01.2016 10:00 (CET/CEST)","n/e","n/e","0"
"Montenegro (ME)","09.01.2016 10:00 - 09.01.2016 11:00 (CET/CEST)","n/e","n/e","0"
"Montenegro (ME)","09.01.2016 11:00 - 09.01.2016 12:00 (CET/CEST)","n/e","n/e","0"
"Montenegro (ME)","09.01.2016 12:00 - 09.01.2016 13:00 (CET/CEST)","n/e","n/e","0"
"Montenegro (ME)","09.01.2016 13:00 - 09.01.2016 14:00 (CET/CEST)","n/e","n/e","0"
"Montenegro (ME)","09.01.2016 14:00 - 09.01.2016 15:00 (CET/CEST)","n/e","n/e","0"
"Montenegro (ME)","09.01.2016 15:00 - 09.01.2016 16:00 (CET/CEST)","n/e","n/e","0"
"Montenegro (ME)","09.01.2016 16:00 - 09.01.2016 17:00 (CET/CEST)","n/e","n/e","0"
"Montenegro (ME)","09.01.2016 17:00 - 09.01.2016 18:00 (CET/CEST)","n/e","n/e","0"
"Montenegro (ME)","09.01.2016 18:00 - 09.01.2016 19:00 (CET/CEST)","n/e","n/e","0"
"Montenegro (ME)","09.01.2016 19:00 - 09.01.2016 20:00 (CET/CEST)","n/e","n/e","0"
"Montenegro (ME)","09.01.2016 20:00 - 09.01.2016 21:00 (CET/CEST)","n/e","n/e","0"
"Montenegro (ME)","09.01.2016 21:00 - 09.01.2016 22:00 (CET/CEST)","n/e","n/e","0"
"Montenegro (ME)","09.01.2016 22:00 - 09.01.2016 23:00 (CET/CEST)","n/e","n/e","0"
"Montenegro (ME)","09.01.2016 23:00 - 10.01.2016 00:00 (CET/CEST)","n/e","n/e","0"
"Montenegro (ME)","10.01.2016 00:00 - 10.01.2016 01:00 (CET/CEST)","n/e","n/e","0"
"Montenegro (ME)","10.01.2016 01:00 - 10.01.2016 02:00 (CET/CEST)","n/e","n/e","0"
"Montenegro (ME)","10.01.2016 02:00 - 10.01.2016 03:00 (CET/CEST)","n/e","n/e","0"
"Montenegro (ME)","10.01.2016 03:00 - 10.01.2016 04:00 (CET/CEST)","n/e","n/e","0"
"Montenegro (ME)","10.01.2016 04:00 - 10.01.2016 05:00 (CET/CEST)","n/e","n/e","0"
"Montenegro (ME)","10.01.2016 05:00 - 10.01.2016 06:00 (CET/CEST)","n/e","n/e","0"
"Montenegro (ME)","10.01.2016 06:00 - 10.01.2016 07:00 (CET/CEST)","n/e","n/e","0"
"Montenegro (ME)","10.01.2016 07:00 - 10.01.2016 08:00 (CET/CEST)","n/e","n/e","0"
"Montenegro (ME)","10.01.2016 08:00 - 10.01.2016 09:00 (CET/CEST)","n/e","n/e","0"
"Montenegro (ME)","10.01.2016 09:00 - 10.01.2016 10:00 (CET/CEST)","n/e","n/e","0"
"Montenegro (ME)","10.01.2016 10:00 - 10.01.2016 11:00 (CET/CEST)","n/e","n/e","0"
"Montenegro (ME)","10.01.2016 11:00 - 10.01.2016 12:00 (CET/CEST)","n/e","n/e","0"
"Montenegro (ME)","10.01.2016 12:00 - 10.01.2016 13:00 (CET/CEST)","n/e","n/e","0"
"Montenegro (ME)","10.01.2016 13:00 - 10.01.2016 14:00 (CET/CEST)","n/e","n/e","0"
"Montenegro (ME)","10.01.2016 14:00 - 10.01.2016 15:00 (CET/CEST)","n/e","n/e","0"
"Montenegro (ME)","10.01.2016 15:00 - 10.01.2016 16:00 (CET/CEST)","n/e","n/e","0"
"Montenegro (ME)","10.01.2016 16:00 - 10.01.2016 17:00 (CET/CEST)","n/e","n/e","0"
"Montenegro (ME)","10.01.2016 17:00 - 10.01.2016 18:00 (CET/CEST)","n/e","n/e","0"
"Montenegro (ME)","10.01.2016 18:00 - 10.01.2016 19:00 (CET/CEST)","n/e","n/e","0"
"Montenegro (ME)","10.01.2016 19:00 - 10.01.2016 20:00 (CET/CEST)","n/e","n/e","0"
"Montenegro (ME)","10.01.2016 20:00 - 10.01.2016 21:00 (CET/CEST)","n/e","n/e","0"
"Montenegro (ME)","10.01.2016 21:00 - 10.01.2016 22:00 (CET/CEST)","n/e","n/e","0"
"Montenegro (ME)","10.01.2016 22:00 - 10.01.2016 23:00 (CET/CEST)","n/e","n/e","0"
"Montenegro (ME)","10.01.2016 23:00 - 11.01.2016 00:00 (CET/CEST)","n/e","n/e","0"
"Montenegro (ME)","11.01.2016 00:00 - 11.01.2016 01:00 (CET/CEST)","n/e","n/e","0"
"Montenegro (ME)","11.01.2016 01:00 - 11.01.2016 02:00 (CET/CEST)","n/e","n/e","0"
"Montenegro (ME)","11.01.2016 02:00 - 11.01.2016 03:00 (CET/CEST)","n/e","n/e","0"
"Montenegro (ME)","11.01.2016 03:00 - 11.01.2016 04:00 (CET/CEST)","n/e","n/e","0"
"Montenegro (ME)","11.01.2016 04:00 - 11.01.2016 05:00 (CET/CEST)","n/e","n/e","0"
"Montenegro (ME)","11.01.2016 05:00 - 11.01.2016 06:00 (CET/CEST)","n/e","n/e","0"
"Montenegro (ME)","11.01.2016 06:00 - 11.01.2016 07:00 (CET/CEST)","n/e","n/e","0"
"Montenegro (ME)","11.01.2016 07:00 - 11.01.2016 08:00 (CET/CEST)","n/e","n/e","0"
"Montenegro (ME)","11.01.2016 08:00 - 11.01.2016 09:00 (CET/CEST)","n/e","n/e","0"
"Montenegro (ME)","11.01.2016 09:00 - 11.01.2016 10:00 (CET/CEST)","n/e","n/e","0"
"Montenegro (ME)","11.01.2016 10:00 - 11.01.2016 11:00 (CET/CEST)","n/e","n/e","0"
"Montenegro (ME)","11.01.2016 11:00 - 11.01.2016 12:00 (CET/CEST)","n/e","n/e","0"
"Montenegro (ME)","11.01.2016 12:00 - 11.01.2016 13:00 (CET/CEST)","n/e","n/e","0"
"Montenegro (ME)","11.01.2016 13:00 - 11.01.2016 14:00 (CET/CEST)","n/e","n/e","0"
"Montenegro (ME)","11.01.2016 14:00 - 11.01.2016 15:00 (CET/CEST)","n/e","n/e","0"
"Montenegro (ME)","11.01.2016 15:00 - 11.01.2016 16:00 (CET/CEST)","n/e","n/e","0"
"Montenegro (ME)","11.01.2016 16:00 - 11.01.2016 17:00 (CET/CEST)","n/e","n/e","0"
"Montenegro (ME)","11.01.2016 17:00 - 11.01.2016 18:00 (CET/CEST)","n/e","n/e","0"
"Montenegro (ME)","11.01.2016 18:00 - 11.01.2016 19:00 (CET/CEST)","n/e","n/e","0"
"Montenegro (ME)","11.01.2016 19:00 - 11.01.2016 20:00 (CET/CEST)","n/e","n/e","0"
"Montenegro (ME)","11.01.2016 20:00 - 11.01.2016 21:00 (CET/CEST)","n/e","n/e","0"
"Montenegro (ME)","11.01.2016 21:00 - 11.01.2016 22:00 (CET/CEST)","n/e","n/e","0"
"Montenegro (ME)","11.01.2016 22:00 - 11.01.2016 23:00 (CET/CEST)","n/e","n/e","0"
"Montenegro (ME)","11.01.2016 23:00 - 12.01.2016 00:00 (CET/CEST)","n/e","n/e","0"
"Montenegro (ME)","12.01.2016 00:00 - 12.01.2016 01:00 (CET/CEST)","n/e","n/e","0"
"Montenegro (ME)","12.01.2016 01:00 - 12.01.2016 02:00 (CET/CEST)","n/e","n/e","0"
"Montenegro (ME)","12.01.2016 02:00 - 12.01.2016 03:00 (CET/CEST)","n/e","n/e","0"
"Montenegro (ME)","12.01.2016 03:00 - 12.01.2016 04:00 (CET/CEST)","n/e","n/e","0"
"Montenegro (ME)","12.01.2016 04:00 - 12.01.2016 05:00 (CET/CEST)","n/e","n/e","0"
"Montenegro (ME)","12.01.2016 05:00 - 12.01.2016 06:00 (CET/CEST)","n/e","n/e","10"
"Montenegro (ME)","12.01.2016 06:00 - 12.01.2016 07:00 (CET/CEST)","n/e","n/e","107"
"Montenegro (ME)","12.01.2016 07:00 - 12.01.2016 08:00 (CET/CEST)","n/e","n/e","100"
"Montenegro (ME)","12.01.2016 08:00 - 12.01.2016 09:00 (CET/CEST)","n/e","n/e","176"
"Montenegro (ME)","12.01.2016 09:00 - 12.01.2016 10:00 (CET/CEST)","n/e","n/e","192"
"Montenegro (ME)","12.01.2016 10:00 - 12.01.2016 11:00 (CET/CEST)","n/e","n/e","202"
"Montenegro (ME)","12.01.2016 11:00 - 12.01.2016 12:00 (CET/CEST)","n/e","n/e","192"
"Montenegro (ME)","12.01.2016 12:00 - 12.01.2016 13:00 (CET/CEST)","n/e","n/e","129"
"Montenegro (ME)","12.01.2016 13:00 - 12.01.2016 14:00 (CET/CEST)","n/e","n/e","58"
"Montenegro (ME)","12.01.2016 14:00 - 12.01.2016 15:00 (CET/CEST)","n/e","n/e","0"
"Montenegro (ME)","12.01.2016 15:00 - 12.01.2016 16:00 (CET/CEST)","n/e","n/e","0"
"Montenegro (ME)","12.01.2016 16:00 - 12.01.2016 17:00 (CET/CEST)","n/e","n/e","0"
"Montenegro (ME)","12.01.2016 17:00 - 12.01.2016 18:00 (CET/CEST)","n/e","n/e","0"
"Montenegro (ME)","12.01.2016 18:00 - 12.01.2016 19:00 (CET/CEST)","n/e","n/e","0"
"Montenegro (ME)","12.01.2016 19:00 - 12.01.2016 20:00 (CET/CEST)","n/e","n/e","0"
"Montenegro (ME)","12.01.2016 20:00 - 12.01.2016 21:00 (CET/CEST)","n/e","n/e","0"
"Montenegro (ME)","12.01.2016 21:00 - 12.01.2016 22:00 (CET/CEST)","n/e","n/e","0"
"Montenegro (ME)","12.01.2016 22:00 - 12.01.2016 23:00 (CET/CEST)","n/e","n/e","0"
"Montenegro (ME)","12.01.2016 23:00 - 13.01.2016 00:00 (CET/CEST)","n/e","n/e","0"
"Montenegro (ME)","13.01.2016 00:00 - 13.01.2016 01:00 (CET/CEST)","n/e","n/e","0"
"Montenegro (ME)","13.01.2016 01:00 - 13.01.2016 02:00 (CET/CEST)","n/e","n/e","0"
"Montenegro (ME)","13.01.2016 02:00 - 13.01.2016 03:00 (CET/CEST)","n/e","n/e","0"
"Montenegro (ME)","13.01.2016 03:00 - 13.01.2016 04:00 (CET/CEST)","n/e","n/e","0"
"Montenegro (ME)","13.01.2016 04:00 - 13.01.2016 05:00 (CET/CEST)","n/e","n/e","0"
"Montenegro (ME)","13.01.2016 05:00 - 13.01.2016 06:00 (CET/CEST)","n/e","n/e","0"
"Montenegro (ME)","13.01.2016 06:00 - 13.01.2016 07:00 (CET/CEST)","n/e","n/e","0"
"Montenegro (ME)","13.01.2016 07:00 - 13.01.2016 08:00 (CET/CEST)","n/e","n/e","0"
"Montenegro (ME)","13.01.2016 08:00 - 13.01.2016 09:00 (CET/CEST)","n/e","n/e","0"
"Montenegro (ME)","13.01.2016 09:00 - 13.01.2016 10:00 (CET/CEST)","n/e","n/e","0"
"Montenegro (ME)","13.01.2016 10:00 - 13.01.2016 11:00 (CET/CEST)","n/e","n/e","0"
"Montenegro (ME)","13.01.2016 11:00 - 13.01.2016 12:00 (CET/CEST)","n/e","n/e","0"
"Montenegro (ME)","13.01.2016 12:00 - 13.01.2016 13:00 (CET/CEST)","n/e","n/e","0"
"Montenegro (ME)","13.01.2016 13:00 - 13.01.2016 14:00 (CET/CEST)","n/e","n/e","0"
"Montenegro (ME)","13.01.2016 14:00 - 13.01.2016 15:00 (CET/CEST)","n/e","n/e","0"
"Montenegro (ME)","13.01.2016 15:00 - 13.01.2016 16:00 (CET/CEST)","n/e","n/e","0"
"Montenegro (ME)","13.01.2016 16:00 - 13.01.2016 17:00 (CET/CEST)","n/e","n/e","0"
"Montenegro (ME)","13.01.2016 17:00 - 13.01.2016 18:00 (CET/CEST)","n/e","n/e","0"
"Montenegro (ME)","13.01.2016 18:00 - 13.01.2016 19:00 (CET/CEST)","n/e","n/e","0"
"Montenegro (ME)","13.01.2016 19:00 - 13.01.2016 20:00 (CET/CEST)","n/e","n/e","0"
"Montenegro (ME)","13.01.2016 20:00 - 13.01.2016 21:00 (CET/CEST)","n/e","n/e","0"
"Montenegro (ME)","13.01.2016 21:00 - 13.01.2016 22:00 (CET/CEST)","n/e","n/e","0"
"Montenegro (ME)","13.01.2016 22:00 - 13.01.2016 23:00 (CET/CEST)","n/e","n/e","0"
"Montenegro (ME)","13.01.2016 23:00 - 14.01.2016 00:00 (CET/CEST)","n/e","n/e","0"
"Montenegro (ME)","14.01.2016 00:00 - 14.01.2016 01:00 (CET/CEST)","n/e","n/e","0"
"Montenegro (ME)","14.01.2016 01:00 - 14.01.2016 02:00 (CET/CEST)","n/e","n/e","0"
"Montenegro (ME)","14.01.2016 02:00 - 14.01.2016 03:00 (CET/CEST)","n/e","n/e","0"
"Montenegro (ME)","14.01.2016 03:00 - 14.01.2016 04:00 (CET/CEST)","n/e","n/e","0"
"Montenegro (ME)","14.01.2016 04:00 - 14.01.2016 05:00 (CET/CEST)","n/e","n/e","0"
"Montenegro (ME)","14.01.2016 05:00 - 14.01.2016 06:00 (CET/CEST)","n/e","n/e","0"
"Montenegro (ME)","14.01.2016 06:00 - 14.01.2016 07:00 (CET/CEST)","n/e","n/e","0"
"Montenegro (ME)","14.01.2016 07:00 - 14.01.2016 08:00 (CET/CEST)","n/e","n/e","0"
"Montenegro (ME)","14.01.2016 08:00 - 14.01.2016 09:00 (CET/CEST)","n/e","n/e","0"
"Montenegro (ME)","14.01.2016 09:00 - 14.01.2016 10:00 (CET/CEST)","n/e","n/e","0"
"Montenegro (ME)","14.01.2016 10:00 - 14.01.2016 11:00 (CET/CEST)","n/e","n/e","0"
"Montenegro (ME)","14.01.2016 11:00 - 14.01.2016 12:00 (CET/CEST)","n/e","n/e","0"
"Montenegro (ME)","14.01.2016 12:00 - 14.01.2016 13:00 (CET/CEST)","n/e","n/e","0"
"Montenegro (ME)","14.01.2016 13:00 - 14.01.2016 14:00 (CET/CEST)","n/e","n/e","0"
"Montenegro (ME)","14.01.2016 14:00 - 14.01.2016 15:00 (CET/CEST)","n/e","n/e","0"
"Montenegro (ME)","14.01.2016 15:00 - 14.01.2016 16:00 (CET/CEST)","n/e","n/e","0"
"Montenegro (ME)","14.01.2016 16:00 - 14.01.2016 17:00 (CET/CEST)","n/e","n/e","0"
"Montenegro (ME)","14.01.2016 17:00 - 14.01.2016 18:00 (CET/CEST)","n/e","n/e","0"
"Montenegro (ME)","14.01.2016 18:00 - 14.01.2016 19:00 (CET/CEST)","n/e","n/e","0"
"Montenegro (ME)","14.01.2016 19:00 - 14.01.2016 20:00 (CET/CEST)","n/e","n/e","0"
"Montenegro (ME)","14.01.2016 20:00 - 14.01.2016 21:00 (CET/CEST)","n/e","n/e","0"
"Montenegro (ME)","14.01.2016 21:00 - 14.01.2016 22:00 (CET/CEST)","n/e","n/e","0"
"Montenegro (ME)","14.01.2016 22:00 - 14.01.2016 23:00 (CET/CEST)","n/e","n/e","0"
"Montenegro (ME)","14.01.2016 23:00 - 15.01.2016 00:00 (CET/CEST)","n/e","n/e","0"
"Montenegro (ME)","15.01.2016 00:00 - 15.01.2016 01:00 (CET/CEST)","n/e","n/e","0"
"Montenegro (ME)","15.01.2016 01:00 - 15.01.2016 02:00 (CET/CEST)","n/e","n/e","0"
"Montenegro (ME)","15.01.2016 02:00 - 15.01.2016 03:00 (CET/CEST)","n/e","n/e","0"
"Montenegro (ME)","15.01.2016 03:00 - 15.01.2016 04:00 (CET/CEST)","n/e","n/e","0"
"Montenegro (ME)","15.01.2016 04:00 - 15.01.2016 05:00 (CET/CEST)","n/e","n/e","0"
"Montenegro (ME)","15.01.2016 05:00 - 15.01.2016 06:00 (CET/CEST)","n/e","n/e","0"
"Montenegro (ME)","15.01.2016 06:00 - 15.01.2016 07:00 (CET/CEST)","n/e","n/e","0"
"Montenegro (ME)","15.01.2016 07:00 - 15.01.2016 08:00 (CET/CEST)","n/e","n/e","0"
"Montenegro (ME)","15.01.2016 08:00 - 15.01.2016 09:00 (CET/CEST)","n/e","n/e","0"
"Montenegro (ME)","15.01.2016 09:00 - 15.01.2016 10:00 (CET/CEST)","n/e","n/e","0"
"Montenegro (ME)","15.01.2016 10:00 - 15.01.2016 11:00 (CET/CEST)","n/e","n/e","0"
"Montenegro (ME)","15.01.2016 11:00 - 15.01.2016 12:00 (CET/CEST)","n/e","n/e","0"
"Montenegro (ME)","15.01.2016 12:00 - 15.01.2016 13:00 (CET/CEST)","n/e","n/e","0"
"Montenegro (ME)","15.01.2016 13:00 - 15.01.2016 14:00 (CET/CEST)","n/e","n/e","0"
"Montenegro (ME)","15.01.2016 14:00 - 15.01.2016 15:00 (CET/CEST)","n/e","n/e","0"
"Montenegro (ME)","15.01.2016 15:00 - 15.01.2016 16:00 (CET/CEST)","n/e","n/e","0"
"Montenegro (ME)","15.01.2016 16:00 - 15.01.2016 17:00 (CET/CEST)","n/e","n/e","0"
"Montenegro (ME)","15.01.2016 17:00 - 15.01.2016 18:00 (CET/CEST)","n/e","n/e","61"
"Montenegro (ME)","15.01.2016 18:00 - 15.01.2016 19:00 (CET/CEST)","n/e","n/e","0"
"Montenegro (ME)","15.01.2016 19:00 - 15.01.2016 20:00 (CET/CEST)","n/e","n/e","0"
"Montenegro (ME)","15.01.2016 20:00 - 15.01.2016 21:00 (CET/CEST)","n/e","n/e","0"
"Montenegro (ME)","15.01.2016 21:00 - 15.01.2016 22:00 (CET/CEST)","n/e","n/e","0"
"Montenegro (ME)","15.01.2016 22:00 - 15.01.2016 23:00 (CET/CEST)","n/e","n/e","0"
"Montenegro (ME)","15.01.2016 23:00 - 16.01.2016 00:00 (CET/CEST)","n/e","n/e","0"
"Montenegro (ME)","16.01.2016 00:00 - 16.01.2016 01:00 (CET/CEST)","n/e","n/e","0"
"Montenegro (ME)","16.01.2016 01:00 - 16.01.2016 02:00 (CET/CEST)","n/e","n/e","0"
"Montenegro (ME)","16.01.2016 02:00 - 16.01.2016 03:00 (CET/CEST)","n/e","n/e","0"
"Montenegro (ME)","16.01.2016 03:00 - 16.01.2016 04:00 (CET/CEST)","n/e","n/e","0"
"Montenegro (ME)","16.01.2016 04:00 - 16.01.2016 05:00 (CET/CEST)","n/e","n/e","0"
"Montenegro (ME)","16.01.2016 05:00 - 16.01.2016 06:00 (CET/CEST)","n/e","n/e","0"
"Montenegro (ME)","16.01.2016 06:00 - 16.01.2016 07:00 (CET/CEST)","n/e","n/e","0"
"Montenegro (ME)","16.01.2016 07:00 - 16.01.2016 08:00 (CET/CEST)","n/e","n/e","0"
"Montenegro (ME)","16.01.2016 08:00 - 16.01.2016 09:00 (CET/CEST)","n/e","n/e","0"
"Montenegro (ME)","16.01.2016 09:00 - 16.01.2016 10:00 (CET/CEST)","n/e","n/e","0"
"Montenegro (ME)","16.01.2016 10:00 - 16.01.2016 11:00 (CET/CEST)","n/e","n/e","0"
"Montenegro (ME)","16.01.2016 11:00 - 16.01.2016 12:00 (CET/CEST)","n/e","n/e","0"
"Montenegro (ME)","16.01.2016 12:00 - 16.01.2016 13:00 (CET/CEST)","n/e","n/e","0"
"Montenegro (ME)","16.01.2016 13:00 - 16.01.2016 14:00 (CET/CEST)","n/e","n/e","0"
"Montenegro (ME)","16.01.2016 14:00 - 16.01.2016 15:00 (CET/CEST)","n/e","n/e","0"
"Montenegro (ME)","16.01.2016 15:00 - 16.01.2016 16:00 (CET/CEST)","n/e","n/e","0"
"Montenegro (ME)","16.01.2016 16:00 - 16.01.2016 17:00 (CET/CEST)","n/e","n/e","0"
"Montenegro (ME)","16.01.2016 17:00 - 16.01.2016 18:00 (CET/CEST)","n/e","n/e","0"
"Montenegro (ME)","16.01.2016 18:00 - 16.01.2016 19:00 (CET/CEST)","n/e","n/e","0"
"Montenegro (ME)","16.01.2016 19:00 - 16.01.2016 20:00 (CET/CEST)","n/e","n/e","0"
"Montenegro (ME)","16.01.2016 20:00 - 16.01.2016 21:00 (CET/CEST)","n/e","n/e","0"
"Montenegro (ME)","16.01.2016 21:00 - 16.01.2016 22:00 (CET/CEST)","n/e","n/e","0"
"Montenegro (ME)","16.01.2016 22:00 - 16.01.2016 23:00 (CET/CEST)","n/e","n/e","0"
"Montenegro (ME)","16.01.2016 23:00 - 17.01.2016 00:00 (CET/CEST)","n/e","n/e","0"
"Montenegro (ME)","17.01.2016 00:00 - 17.01.2016 01:00 (CET/CEST)","n/e","n/e","0"
"Montenegro (ME)","17.01.2016 01:00 - 17.01.2016 02:00 (CET/CEST)","n/e","n/e","0"
"Montenegro (ME)","17.01.2016 02:00 - 17.01.2016 03:00 (CET/CEST)","n/e","n/e","0"
"Montenegro (ME)","17.01.2016 03:00 - 17.01.2016 04:00 (CET/CEST)","n/e","n/e","0"
"Montenegro (ME)","17.01.2016 04:00 - 17.01.2016 05:00 (CET/CEST)","n/e","n/e","0"
"Montenegro (ME)","17.01.2016 05:00 - 17.01.2016 06:00 (CET/CEST)","n/e","n/e","0"
"Montenegro (ME)","17.01.2016 06:00 - 17.01.2016 07:00 (CET/CEST)","n/e","n/e","0"
"Montenegro (ME)","17.01.2016 07:00 - 17.01.2016 08:00 (CET/CEST)","n/e","n/e","0"
"Montenegro (ME)","17.01.2016 08:00 - 17.01.2016 09:00 (CET/CEST)","n/e","n/e","0"
"Montenegro (ME)","17.01.2016 09:00 - 17.01.2016 10:00 (CET/CEST)","n/e","n/e","0"
"Montenegro (ME)","17.01.2016 10:00 - 17.01.2016 11:00 (CET/CEST)","n/e","n/e","0"
"Montenegro (ME)","17.01.2016 11:00 - 17.01.2016 12:00 (CET/CEST)","n/e","n/e","0"
"Montenegro (ME)","17.01.2016 12:00 - 17.01.2016 13:00 (CET/CEST)","n/e","n/e","0"
"Montenegro (ME)","17.01.2016 13:00 - 17.01.2016 14:00 (CET/CEST)","n/e","n/e","0"
"Montenegro (ME)","17.01.2016 14:00 - 17.01.2016 15:00 (CET/CEST)","n/e","n/e","0"
"Montenegro (ME)","17.01.2016 15:00 - 17.01.2016 16:00 (CET/CEST)","n/e","n/e","0"
"Montenegro (ME)","17.01.2016 16:00 - 17.01.2016 17:00 (CET/CEST)","n/e","n/e","0"
"Montenegro (ME)","17.01.2016 17:00 - 17.01.2016 18:00 (CET/CEST)","n/e","n/e","0"
"Montenegro (ME)","17.01.2016 18:00 - 17.01.2016 19:00 (CET/CEST)","n/e","n/e","0"
"Montenegro (ME)","17.01.2016 19:00 - 17.01.2016 20:00 (CET/CEST)","n/e","n/e","0"
"Montenegro (ME)","17.01.2016 20:00 - 17.01.2016 21:00 (CET/CEST)","n/e","n/e","0"
"Montenegro (ME)","17.01.2016 21:00 - 17.01.2016 22:00 (CET/CEST)","n/e","n/e","0"
"Montenegro (ME)","17.01.2016 22:00 - 17.01.2016 23:00 (CET/CEST)","n/e","n/e","0"
"Montenegro (ME)","17.01.2016 23:00 - 18.01.2016 00:00 (CET/CEST)","n/e","n/e","0"
"Montenegro (ME)","18.01.2016 00:00 - 18.01.2016 01:00 (CET/CEST)","n/e","n/e","0"
"Montenegro (ME)","18.01.2016 01:00 - 18.01.2016 02:00 (CET/CEST)","n/e","n/e","0"
"Montenegro (ME)","18.01.2016 02:00 - 18.01.2016 03:00 (CET/CEST)","n/e","n/e","0"
"Montenegro (ME)","18.01.2016 03:00 - 18.01.2016 04:00 (CET/CEST)","n/e","n/e","0"
"Montenegro (ME)","18.01.2016 04:00 - 18.01.2016 05:00 (CET/CEST)","n/e","n/e","0"
"Montenegro (ME)","18.01.2016 05:00 - 18.01.2016 06:00 (CET/CEST)","n/e","n/e","0"
"Montenegro (ME)","18.01.2016 06:00 - 18.01.2016 07:00 (CET/CEST)","n/e","n/e","0"
"Montenegro (ME)","18.01.2016 07:00 - 18.01.2016 08:00 (CET/CEST)","n/e","n/e","71"
"Montenegro (ME)","18.01.2016 08:00 - 18.01.2016 09:00 (CET/CEST)","n/e","n/e","151"
"Montenegro (ME)","18.01.2016 09:00 - 18.01.2016 10:00 (CET/CEST)","n/e","n/e","150"
"Montenegro (ME)","18.01.2016 10:00 - 18.01.2016 11:00 (CET/CEST)","n/e","n/e","0"
"Montenegro (ME)","18.01.2016 11:00 - 18.01.2016 12:00 (CET/CEST)","n/e","n/e","0"
"Montenegro (ME)","18.01.2016 12:00 - 18.01.2016 13:00 (CET/CEST)","n/e","n/e","0"
"Montenegro (ME)","18.01.2016 13:00 - 18.01.2016 14:00 (CET/CEST)","n/e","n/e","0"
"Montenegro (ME)","18.01.2016 14:00 - 18.01.2016 15:00 (CET/CEST)","n/e","n/e","0"
"Montenegro (ME)","18.01.2016 15:00 - 18.01.2016 16:00 (CET/CEST)","n/e","n/e","0"
"Montenegro (ME)","18.01.2016 16:00 - 18.01.2016 17:00 (CET/CEST)","n/e","n/e","0"
"Montenegro (ME)","18.01.2016 17:00 - 18.01.2016 18:00 (CET/CEST)","n/e","n/e","171"
"Montenegro (ME)","18.01.2016 18:00 - 18.01.2016 19:00 (CET/CEST)","n/e","n/e","171"
"Montenegro (ME)","18.01.2016 19:00 - 18.01.2016 20:00 (CET/CEST)","n/e","n/e","0"
"Montenegro (ME)","18.01.2016 20:00 - 18.01.2016 21:00 (CET/CEST)","n/e","n/e","0"
"Montenegro (ME)","18.01.2016 21:00 - 18.01.2016 22:00 (CET/CEST)","n/e","n/e","0"
"Montenegro (ME)","18.01.2016 22:00 - 18.01.2016 23:00 (CET/CEST)","n/e","n/e","0"
"Montenegro (ME)","18.01.2016 23:00 - 19.01.2016 00:00 (CET/CEST)","n/e","n/e","0"
"Montenegro (ME)","19.01.2016 00:00 - 19.01.2016 01:00 (CET/CEST)","n/e","n/e","0"
"Montenegro (ME)","19.01.2016 01:00 - 19.01.2016 02:00 (CET/CEST)","n/e","n/e","0"
"Montenegro (ME)","19.01.2016 02:00 - 19.01.2016 03:00 (CET/CEST)","n/e","n/e","0"
"Montenegro (ME)","19.01.2016 03:00 - 19.01.2016 04:00 (CET/CEST)","n/e","n/e","0"
"Montenegro (ME)","19.01.2016 04:00 - 19.01.2016 05:00 (CET/CEST)","n/e","n/e","0"
"Montenegro (ME)","19.01.2016 05:00 - 19.01.2016 06:00 (CET/CEST)","n/e","n/e","0"
"Montenegro (ME)","19.01.2016 06:00 - 19.01.2016 07:00 (CET/CEST)","n/e","n/e","0"
"Montenegro (ME)","19.01.2016 07:00 - 19.01.2016 08:00 (CET/CEST)","n/e","n/e","0"
"Montenegro (ME)","19.01.2016 08:00 - 19.01.2016 09:00 (CET/CEST)","n/e","n/e","0"
"Montenegro (ME)","19.01.2016 09:00 - 19.01.2016 10:00 (CET/CEST)","n/e","n/e","0"
"Montenegro (ME)","19.01.2016 10:00 - 19.01.2016 11:00 (CET/CEST)","n/e","n/e","0"
"Montenegro (ME)","19.01.2016 11:00 - 19.01.2016 12:00 (CET/CEST)","n/e","n/e","0"
"Montenegro (ME)","19.01.2016 12:00 - 19.01.2016 13:00 (CET/CEST)","n/e","n/e","71"
"Montenegro (ME)","19.01.2016 13:00 - 19.01.2016 14:00 (CET/CEST)","n/e","n/e","100"
"Montenegro (ME)","19.01.2016 14:00 - 19.01.2016 15:00 (CET/CEST)","n/e","n/e","71"
"Montenegro (ME)","19.01.2016 15:00 - 19.01.2016 16:00 (CET/CEST)","n/e","n/e","172"
"Montenegro (ME)","19.01.2016 16:00 - 19.01.2016 17:00 (CET/CEST)","n/e","n/e","302"
"Montenegro (ME)","19.01.2016 17:00 - 19.01.2016 18:00 (CET/CEST)","n/e","n/e","304"
"Montenegro (ME)","19.01.2016 18:00 - 19.01.2016 19:00 (CET/CEST)","n/e","n/e","303"
"Montenegro (ME)","19.01.2016 19:00 - 19.01.2016 20:00 (CET/CEST)","n/e","n/e","211"
"Montenegro (ME)","19.01.2016 20:00 - 19.01.2016 21:00 (CET/CEST)","n/e","n/e","71"
"Montenegro (ME)","19.01.2016 21:00 - 19.01.2016 22:00 (CET/CEST)","n/e","n/e","72"
"Montenegro (ME)","19.01.2016 22:00 - 19.01.2016 23:00 (CET/CEST)","n/e","n/e","106"
"Montenegro (ME)","19.01.2016 23:00 - 20.01.2016 00:00 (CET/CEST)","n/e","n/e","0"
"Montenegro (ME)","20.01.2016 00:00 - 20.01.2016 01:00 (CET/CEST)","n/e","n/e","0"
"Montenegro (ME)","20.01.2016 01:00 - 20.01.2016 02:00 (CET/CEST)","n/e","n/e","0"
"Montenegro (ME)","20.01.2016 02:00 - 20.01.2016 03:00 (CET/CEST)","n/e","n/e","0"
"Montenegro (ME)","20.01.2016 03:00 - 20.01.2016 04:00 (CET/CEST)","n/e","n/e","0"
"Montenegro (ME)","20.01.2016 04:00 - 20.01.2016 05:00 (CET/CEST)","n/e","n/e","0"
"Montenegro (ME)","20.01.2016 05:00 - 20.01.2016 06:00 (CET/CEST)","n/e","n/e","0"
"Montenegro (ME)","20.01.2016 06:00 - 20.01.2016 07:00 (CET/CEST)","n/e","n/e","1"
"Montenegro (ME)","20.01.2016 07:00 - 20.01.2016 08:00 (CET/CEST)","n/e","n/e","150"
"Montenegro (ME)","20.01.2016 08:00 - 20.01.2016 09:00 (CET/CEST)","n/e","n/e","216"
"Montenegro (ME)","20.01.2016 09:00 - 20.01.2016 10:00 (CET/CEST)","n/e","n/e","215"
"Montenegro (ME)","20.01.2016 10:00 - 20.01.2016 11:00 (CET/CEST)","n/e","n/e","217"
"Montenegro (ME)","20.01.2016 11:00 - 20.01.2016 12:00 (CET/CEST)","n/e","n/e","216"
"Montenegro (ME)","20.01.2016 12:00 - 20.01.2016 13:00 (CET/CEST)","n/e","n/e","215"
"Montenegro (ME)","20.01.2016 13:00 - 20.01.2016 14:00 (CET/CEST)","n/e","n/e","216"
"Montenegro (ME)","20.01.2016 14:00 - 20.01.2016 15:00 (CET/CEST)","n/e","n/e","217"
"Montenegro (ME)","20.01.2016 15:00 - 20.01.2016 16:00 (CET/CEST)","n/e","n/e","217"
"Montenegro (ME)","20.01.2016 16:00 - 20.01.2016 17:00 (CET/CEST)","n/e","n/e","275"
"Montenegro (ME)","20.01.2016 17:00 - 20.01.2016 18:00 (CET/CEST)","n/e","n/e","311"
"Montenegro (ME)","20.01.2016 18:00 - 20.01.2016 19:00 (CET/CEST)","n/e","n/e","310"
"Montenegro (ME)","20.01.2016 19:00 - 20.01.2016 20:00 (CET/CEST)","n/e","n/e","300"
"Montenegro (ME)","20.01.2016 20:00 - 20.01.2016 21:00 (CET/CEST)","n/e","n/e","215"
"Montenegro (ME)","20.01.2016 21:00 - 20.01.2016 22:00 (CET/CEST)","n/e","n/e","72"
"Montenegro (ME)","20.01.2016 22:00 - 20.01.2016 23:00 (CET/CEST)","n/e","n/e","108"
"Montenegro (ME)","20.01.2016 23:00 - 21.01.2016 00:00 (CET/CEST)","n/e","n/e","0"
"Montenegro (ME)","21.01.2016 00:00 - 21.01.2016 01:00 (CET/CEST)","n/e","n/e","0"
"Montenegro (ME)","21.01.2016 01:00 - 21.01.2016 02:00 (CET/CEST)","n/e","n/e","0"
"Montenegro (ME)","21.01.2016 02:00 - 21.01.2016 03:00 (CET/CEST)","n/e","n/e","0"
"Montenegro (ME)","21.01.2016 03:00 - 21.01.2016 04:00 (CET/CEST)","n/e","n/e","0"
"Montenegro (ME)","21.01.2016 04:00 - 21.01.2016 05:00 (CET/CEST)","n/e","n/e","0"
"Montenegro (ME)","21.01.2016 05:00 - 21.01.2016 06:00 (CET/CEST)","n/e","n/e","0"
"Montenegro (ME)","21.01.2016 06:00 - 21.01.2016 07:00 (CET/CEST)","n/e","n/e","0"
"Montenegro (ME)","21.01.2016 07:00 - 21.01.2016 08:00 (CET/CEST)","n/e","n/e","278"
"Montenegro (ME)","21.01.2016 08:00 - 21.01.2016 09:00 (CET/CEST)","n/e","n/e","322"
"Montenegro (ME)","21.01.2016 09:00 - 21.01.2016 10:00 (CET/CEST)","n/e","n/e","321"
"Montenegro (ME)","21.01.2016 10:00 - 21.01.2016 11:00 (CET/CEST)","n/e","n/e","319"
"Montenegro (ME)","21.01.2016 11:00 - 21.01.2016 12:00 (CET/CEST)","n/e","n/e","321"
"Montenegro (ME)","21.01.2016 12:00 - 21.01.2016 13:00 (CET/CEST)","n/e","n/e","320"
"Montenegro (ME)","21.01.2016 13:00 - 21.01.2016 14:00 (CET/CEST)","n/e","n/e","320"
"Montenegro (ME)","21.01.2016 14:00 - 21.01.2016 15:00 (CET/CEST)","n/e","n/e","257"
"Montenegro (ME)","21.01.2016 15:00 - 21.01.2016 16:00 (CET/CEST)","n/e","n/e","320"
"Montenegro (ME)","21.01.2016 16:00 - 21.01.2016 17:00 (CET/CEST)","n/e","n/e","321"
"Montenegro (ME)","21.01.2016 17:00 - 21.01.2016 18:00 (CET/CEST)","n/e","n/e","321"
"Montenegro (ME)","21.01.2016 18:00 - 21.01.2016 19:00 (CET/CEST)","n/e","n/e","321"
"Montenegro (ME)","21.01.2016 19:00 - 21.01.2016 20:00 (CET/CEST)","n/e","n/e","319"
"Montenegro (ME)","21.01.2016 20:00 - 21.01.2016 21:00 (CET/CEST)","n/e","n/e","102"
"Montenegro (ME)","21.01.2016 21:00 - 21.01.2016 22:00 (CET/CEST)","n/e","n/e","72"
"Montenegro (ME)","21.01.2016 22:00 - 21.01.2016 23:00 (CET/CEST)","n/e","n/e","71"
"Montenegro (ME)","21.01.2016 23:00 - 22.01.2016 00:00 (CET/CEST)","n/e","n/e","0"
"Montenegro (ME)","22.01.2016 00:00 - 22.01.2016 01:00 (CET/CEST)","n/e","n/e","0"
"Montenegro (ME)","22.01.2016 01:00 - 22.01.2016 02:00 (CET/CEST)","n/e","n/e","0"
"Montenegro (ME)","22.01.2016 02:00 - 22.01.2016 03:00 (CET/CEST)","n/e","n/e","0"
"Montenegro (ME)","22.01.2016 03:00 - 22.01.2016 04:00 (CET/CEST)","n/e","n/e","0"
"Montenegro (ME)","22.01.2016 04:00 - 22.01.2016 05:00 (CET/CEST)","n/e","n/e","0"
"Montenegro (ME)","22.01.2016 05:00 - 22.01.2016 06:00 (CET/CEST)","n/e","n/e","0"
"Montenegro (ME)","22.01.2016 06:00 - 22.01.2016 07:00 (CET/CEST)","n/e","n/e","0"
"Montenegro (ME)","22.01.2016 07:00 - 22.01.2016 08:00 (CET/CEST)","n/e","n/e","0"
"Montenegro (ME)","22.01.2016 08:00 - 22.01.2016 09:00 (CET/CEST)","n/e","n/e","0"
"Montenegro (ME)","22.01.2016 09:00 - 22.01.2016 10:00 (CET/CEST)","n/e","n/e","0"
"Montenegro (ME)","22.01.2016 10:00 - 22.01.2016 11:00 (CET/CEST)","n/e","n/e","0"
"Montenegro (ME)","22.01.2016 11:00 - 22.01.2016 12:00 (CET/CEST)","n/e","n/e","0"
"Montenegro (ME)","22.01.2016 12:00 - 22.01.2016 13:00 (CET/CEST)","n/e","n/e","0"
"Montenegro (ME)","22.01.2016 13:00 - 22.01.2016 14:00 (CET/CEST)","n/e","n/e","0"
"Montenegro (ME)","22.01.2016 14:00 - 22.01.2016 15:00 (CET/CEST)","n/e","n/e","0"
"Montenegro (ME)","22.01.2016 15:00 - 22.01.2016 16:00 (CET/CEST)","n/e","n/e","0"
"Montenegro (ME)","22.01.2016 16:00 - 22.01.2016 17:00 (CET/CEST)","n/e","n/e","142"
"Montenegro (ME)","22.01.2016 17:00 - 22.01.2016 18:00 (CET/CEST)","n/e","n/e","322"
"Montenegro (ME)","22.01.2016 18:00 - 22.01.2016 19:00 (CET/CEST)","n/e","n/e","200"
"Montenegro (ME)","22.01.2016 19:00 - 22.01.2016 20:00 (CET/CEST)","n/e","n/e","201"
"Montenegro (ME)","22.01.2016 20:00 - 22.01.2016 21:00 (CET/CEST)","n/e","n/e","171"
"Montenegro (ME)","22.01.2016 21:00 - 22.01.2016 22:00 (CET/CEST)","n/e","n/e","101"
"Montenegro (ME)","22.01.2016 22:00 - 22.01.2016 23:00 (CET/CEST)","n/e","n/e","101"
"Montenegro (ME)","22.01.2016 23:00 - 23.01.2016 00:00 (CET/CEST)","n/e","n/e","71"
"Montenegro (ME)","23.01.2016 00:00 - 23.01.2016 01:00 (CET/CEST)","n/e","n/e","0"
"Montenegro (ME)","23.01.2016 01:00 - 23.01.2016 02:00 (CET/CEST)","n/e","n/e","0"
"Montenegro (ME)","23.01.2016 02:00 - 23.01.2016 03:00 (CET/CEST)","n/e","n/e","0"
"Montenegro (ME)","23.01.2016 03:00 - 23.01.2016 04:00 (CET/CEST)","n/e","n/e","0"
"Montenegro (ME)","23.01.2016 04:00 - 23.01.2016 05:00 (CET/CEST)","n/e","n/e","0"
"Montenegro (ME)","23.01.2016 05:00 - 23.01.2016 06:00 (CET/CEST)","n/e","n/e","0"
"Montenegro (ME)","23.01.2016 06:00 - 23.01.2016 07:00 (CET/CEST)","n/e","n/e","0"
"Montenegro (ME)","23.01.2016 07:00 - 23.01.2016 08:00 (CET/CEST)","n/e","n/e","0"
"Montenegro (ME)","23.01.2016 08:00 - 23.01.2016 09:00 (CET/CEST)","n/e","n/e","0"
"Montenegro (ME)","23.01.2016 09:00 - 23.01.2016 10:00 (CET/CEST)","n/e","n/e","0"
"Montenegro (ME)","23.01.2016 10:00 - 23.01.2016 11:00 (CET/CEST)","n/e","n/e","0"
"Montenegro (ME)","23.01.2016 11:00 - 23.01.2016 12:00 (CET/CEST)","n/e","n/e","0"
"Montenegro (ME)","23.01.2016 12:00 - 23.01.2016 13:00 (CET/CEST)","n/e","n/e","0"
"Montenegro (ME)","23.01.2016 13:00 - 23.01.2016 14:00 (CET/CEST)","n/e","n/e","0"
"Montenegro (ME)","23.01.2016 14:00 - 23.01.2016 15:00 (CET/CEST)","n/e","n/e","0"
"Montenegro (ME)","23.01.2016 15:00 - 23.01.2016 16:00 (CET/CEST)","n/e","n/e","0"
"Montenegro (ME)","23.01.2016 16:00 - 23.01.2016 17:00 (CET/CEST)","n/e","n/e","0"
"Montenegro (ME)","23.01.2016 17:00 - 23.01.2016 18:00 (CET/CEST)","n/e","n/e","108"
"Montenegro (ME)","23.01.2016 18:00 - 23.01.2016 19:00 (CET/CEST)","n/e","n/e","107"
"Montenegro (ME)","23.01.2016 19:00 - 23.01.2016 20:00 (CET/CEST)","n/e","n/e","108"
"Montenegro (ME)","23.01.2016 20:00 - 23.01.2016 21:00 (CET/CEST)","n/e","n/e","0"
"Montenegro (ME)","23.01.2016 21:00 - 23.01.2016 22:00 (CET/CEST)","n/e","n/e","0"
"Montenegro (ME)","23.01.2016 22:00 - 23.01.2016 23:00 (CET/CEST)","n/e","n/e","0"
"Montenegro (ME)","23.01.2016 23:00 - 24.01.2016 00:00 (CET/CEST)","n/e","n/e","0"
"Montenegro (ME)","24.01.2016 00:00 - 24.01.2016 01:00 (CET/CEST)","n/e","n/e","0"
"Montenegro (ME)","24.01.2016 01:00 - 24.01.2016 02:00 (CET/CEST)","n/e","n/e","0"
"Montenegro (ME)","24.01.2016 02:00 - 24.01.2016 03:00 (CET/CEST)","n/e","n/e","0"
"Montenegro (ME)","24.01.2016 03:00 - 24.01.2016 04:00 (CET/CEST)","n/e","n/e","0"
"Montenegro (ME)","24.01.2016 04:00 - 24.01.2016 05:00 (CET/CEST)","n/e","n/e","0"
"Montenegro (ME)","24.01.2016 05:00 - 24.01.2016 06:00 (CET/CEST)","n/e","n/e","0"
"Montenegro (ME)","24.01.2016 06:00 - 24.01.2016 07:00 (CET/CEST)","n/e","n/e","0"
"Montenegro (ME)","24.01.2016 07:00 - 24.01.2016 08:00 (CET/CEST)","n/e","n/e","0"
"Montenegro (ME)","24.01.2016 08:00 - 24.01.2016 09:00 (CET/CEST)","n/e","n/e","0"
"Montenegro (ME)","24.01.2016 09:00 - 24.01.2016 10:00 (CET/CEST)","n/e","n/e","0"
"Montenegro (ME)","24.01.2016 10:00 - 24.01.2016 11:00 (CET/CEST)","n/e","n/e","0"
"Montenegro (ME)","24.01.2016 11:00 - 24.01.2016 12:00 (CET/CEST)","n/e","n/e","0"
"Montenegro (ME)","24.01.2016 12:00 - 24.01.2016 13:00 (CET/CEST)","n/e","n/e","0"
"Montenegro (ME)","24.01.2016 13:00 - 24.01.2016 14:00 (CET/CEST)","n/e","n/e","0"
"Montenegro (ME)","24.01.2016 14:00 - 24.01.2016 15:00 (CET/CEST)","n/e","n/e","0"
"Montenegro (ME)","24.01.2016 15:00 - 24.01.2016 16:00 (CET/CEST)","n/e","n/e","0"
"Montenegro (ME)","24.01.2016 16:00 - 24.01.2016 17:00 (CET/CEST)","n/e","n/e","0"
"Montenegro (ME)","24.01.2016 17:00 - 24.01.2016 18:00 (CET/CEST)","n/e","n/e","151"
"Montenegro (ME)","24.01.2016 18:00 - 24.01.2016 19:00 (CET/CEST)","n/e","n/e","160"
"Montenegro (ME)","24.01.2016 19:00 - 24.01.2016 20:00 (CET/CEST)","n/e","n/e","181"
"Montenegro (ME)","24.01.2016 20:00 - 24.01.2016 21:00 (CET/CEST)","n/e","n/e","162"
"Montenegro (ME)","24.01.2016 21:00 - 24.01.2016 22:00 (CET/CEST)","n/e","n/e","70"
"Montenegro (ME)","24.01.2016 22:00 - 24.01.2016 23:00 (CET/CEST)","n/e","n/e","0"
"Montenegro (ME)","24.01.2016 23:00 - 25.01.2016 00:00 (CET/CEST)","n/e","n/e","0"
"Montenegro (ME)","25.01.2016 00:00 - 25.01.2016 01:00 (CET/CEST)","n/e","n/e","0"
"Montenegro (ME)","25.01.2016 01:00 - 25.01.2016 02:00 (CET/CEST)","n/e","n/e","0"
"Montenegro (ME)","25.01.2016 02:00 - 25.01.2016 03:00 (CET/CEST)","n/e","n/e","0"
"Montenegro (ME)","25.01.2016 03:00 - 25.01.2016 04:00 (CET/CEST)","n/e","n/e","0"
"Montenegro (ME)","25.01.2016 04:00 - 25.01.2016 05:00 (CET/CEST)","n/e","n/e","0"
"Montenegro (ME)","25.01.2016 05:00 - 25.01.2016 06:00 (CET/CEST)","n/e","n/e","0"
"Montenegro (ME)","25.01.2016 06:00 - 25.01.2016 07:00 (CET/CEST)","n/e","n/e","139"
"Montenegro (ME)","25.01.2016 07:00 - 25.01.2016 08:00 (CET/CEST)","n/e","n/e","211"
"Montenegro (ME)","25.01.2016 08:00 - 25.01.2016 09:00 (CET/CEST)","n/e","n/e","306"
"Montenegro (ME)","25.01.2016 09:00 - 25.01.2016 10:00 (CET/CEST)","n/e","n/e","321"
"Montenegro (ME)","25.01.2016 10:00 - 25.01.2016 11:00 (CET/CEST)","n/e","n/e","321"
"Montenegro (ME)","25.01.2016 11:00 - 25.01.2016 12:00 (CET/CEST)","n/e","n/e","173"
"Montenegro (ME)","25.01.2016 12:00 - 25.01.2016 13:00 (CET/CEST)","n/e","n/e","171"
"Montenegro (ME)","25.01.2016 13:00 - 25.01.2016 14:00 (CET/CEST)","n/e","n/e","171"
"Montenegro (ME)","25.01.2016 14:00 - 25.01.2016 15:00 (CET/CEST)","n/e","n/e","173"
"Montenegro (ME)","25.01.2016 15:00 - 25.01.2016 16:00 (CET/CEST)","n/e","n/e","262"
"Montenegro (ME)","25.01.2016 16:00 - 25.01.2016 17:00 (CET/CEST)","n/e","n/e","263"
"Montenegro (ME)","25.01.2016 17:00 - 25.01.2016 18:00 (CET/CEST)","n/e","n/e","319"
"Montenegro (ME)","25.01.2016 18:00 - 25.01.2016 19:00 (CET/CEST)","n/e","n/e","321"
"Montenegro (ME)","25.01.2016 19:00 - 25.01.2016 20:00 (CET/CEST)","n/e","n/e","320"
"Montenegro (ME)","25.01.2016 20:00 - 25.01.2016 21:00 (CET/CEST)","n/e","n/e","260"
"Montenegro (ME)","25.01.2016 21:00 - 25.01.2016 22:00 (CET/CEST)","n/e","n/e","71"
"Montenegro (ME)","25.01.2016 22:00 - 25.01.2016 23:00 (CET/CEST)","n/e","n/e","0"
"Montenegro (ME)","25.01.2016 23:00 - 26.01.2016 00:00 (CET/CEST)","n/e","n/e","0"
"Montenegro (ME)","26.01.2016 00:00 - 26.01.2016 01:00 (CET/CEST)","n/e","n/e","0"
"Montenegro (ME)","26.01.2016 01:00 - 26.01.2016 02:00 (CET/CEST)","n/e","n/e","0"
"Montenegro (ME)","26.01.2016 02:00 - 26.01.2016 03:00 (CET/CEST)","n/e","n/e","0"
"Montenegro (ME)","26.01.2016 03:00 - 26.01.2016 04:00 (CET/CEST)","n/e","n/e","0"
"Montenegro (ME)","26.01.2016 04:00 - 26.01.2016 05:00 (CET/CEST)","n/e","n/e","0"
"Montenegro (ME)","26.01.2016 05:00 - 26.01.2016 06:00 (CET/CEST)","n/e","n/e","0"
"Montenegro (ME)","26.01.2016 06:00 - 26.01.2016 07:00 (CET/CEST)","n/e","n/e","1"
"Montenegro (ME)","26.01.2016 07:00 - 26.01.2016 08:00 (CET/CEST)","n/e","n/e","72"
"Montenegro (ME)","26.01.2016 08:00 - 26.01.2016 09:00 (CET/CEST)","n/e","n/e","71"
"Montenegro (ME)","26.01.2016 09:00 - 26.01.2016 10:00 (CET/CEST)","n/e","n/e","71"
"Montenegro (ME)","26.01.2016 10:00 - 26.01.2016 11:00 (CET/CEST)","n/e","n/e","71"
"Montenegro (ME)","26.01.2016 11:00 - 26.01.2016 12:00 (CET/CEST)","n/e","n/e","70"
"Montenegro (ME)","26.01.2016 12:00 - 26.01.2016 13:00 (CET/CEST)","n/e","n/e","0"
"Montenegro (ME)","26.01.2016 13:00 - 26.01.2016 14:00 (CET/CEST)","n/e","n/e","0"
"Montenegro (ME)","26.01.2016 14:00 - 26.01.2016 15:00 (CET/CEST)","n/e","n/e","0"
"Montenegro (ME)","26.01.2016 15:00 - 26.01.2016 16:00 (CET/CEST)","n/e","n/e","0"
"Montenegro (ME)","26.01.2016 16:00 - 26.01.2016 17:00 (CET/CEST)","n/e","n/e","165"
"Montenegro (ME)","26.01.2016 17:00 - 26.01.2016 18:00 (CET/CEST)","n/e","n/e","311"
"Montenegro (ME)","26.01.2016 18:00 - 26.01.2016 19:00 (CET/CEST)","n/e","n/e","292"
"Montenegro (ME)","26.01.2016 19:00 - 26.01.2016 20:00 (CET/CEST)","n/e","n/e","291"
"Montenegro (ME)","26.01.2016 20:00 - 26.01.2016 21:00 (CET/CEST)","n/e","n/e","142"
"Montenegro (ME)","26.01.2016 21:00 - 26.01.2016 22:00 (CET/CEST)","n/e","n/e","91"
"Montenegro (ME)","26.01.2016 22:00 - 26.01.2016 23:00 (CET/CEST)","n/e","n/e","0"
"Montenegro (ME)","26.01.2016 23:00 - 27.01.2016 00:00 (CET/CEST)","n/e","n/e","0"
"Montenegro (ME)","27.01.2016 00:00 - 27.01.2016 01:00 (CET/CEST)","n/e","n/e","0"
"Montenegro (ME)","27.01.2016 01:00 - 27.01.2016 02:00 (CET/CEST)","n/e","n/e","0"
"Montenegro (ME)","27.01.2016 02:00 - 27.01.2016 03:00 (CET/CEST)","n/e","n/e","0"
"Montenegro (ME)","27.01.2016 03:00 - 27.01.2016 04:00 (CET/CEST)","n/e","n/e","0"
"Montenegro (ME)","27.01.2016 04:00 - 27.01.2016 05:00 (CET/CEST)","n/e","n/e","0"
"Montenegro (ME)","27.01.2016 05:00 - 27.01.2016 06:00 (CET/CEST)","n/e","n/e","0"
"Montenegro (ME)","27.01.2016 06:00 - 27.01.2016 07:00 (CET/CEST)","n/e","n/e","0"
"Montenegro (ME)","27.01.2016 07:00 - 27.01.2016 08:00 (CET/CEST)","n/e","n/e","102"
"Montenegro (ME)","27.01.2016 08:00 - 27.01.2016 09:00 (CET/CEST)","n/e","n/e","182"
"Montenegro (ME)","27.01.2016 09:00 - 27.01.2016 10:00 (CET/CEST)","n/e","n/e","181"
"Montenegro (ME)","27.01.2016 10:00 - 27.01.2016 11:00 (CET/CEST)","n/e","n/e","181"
"Montenegro (ME)","27.01.2016 11:00 - 27.01.2016 12:00 (CET/CEST)","n/e","n/e","83"
"Montenegro (ME)","27.01.2016 12:00 - 27.01.2016 13:00 (CET/CEST)","n/e","n/e","0"
"Montenegro (ME)","27.01.2016 13:00 - 27.01.2016 14:00 (CET/CEST)","n/e","n/e","0"
"Montenegro (ME)","27.01.2016 14:00 - 27.01.2016 15:00 (CET/CEST)","n/e","n/e","0"
"Montenegro (ME)","27.01.2016 15:00 - 27.01.2016 16:00 (CET/CEST)","n/e","n/e","0"
"Montenegro (ME)","27.01.2016 16:00 - 27.01.2016 17:00 (CET/CEST)","n/e","n/e","141"
"Montenegro (ME)","27.01.2016 17:00 - 27.01.2016 18:00 (CET/CEST)","n/e","n/e","215"
"Montenegro (ME)","27.01.2016 18:00 - 27.01.2016 19:00 (CET/CEST)","n/e","n/e","215"
"Montenegro (ME)","27.01.2016 19:00 - 27.01.2016 20:00 (CET/CEST)","n/e","n/e","215"
"Montenegro (ME)","27.01.2016 20:00 - 27.01.2016 21:00 (CET/CEST)","n/e","n/e","100"
"Montenegro (ME)","27.01.2016 21:00 - 27.01.2016 22:00 (CET/CEST)","n/e","n/e","0"
"Montenegro (ME)","27.01.2016 22:00 - 27.01.2016 23:00 (CET/CEST)","n/e","n/e","0"
"Montenegro (ME)","27.01.2016 23:00 - 28.01.2016 00:00 (CET/CEST)","n/e","n/e","0"
"Montenegro (ME)","28.01.2016 00:00 - 28.01.2016 01:00 (CET/CEST)","n/e","n/e","0"
"Montenegro (ME)","28.01.2016 01:00 - 28.01.2016 02:00 (CET/CEST)","n/e","n/e","0"
"Montenegro (ME)","28.01.2016 02:00 - 28.01.2016 03:00 (CET/CEST)","n/e","n/e","0"
"Montenegro (ME)","28.01.2016 03:00 - 28.01.2016 04:00 (CET/CEST)","n/e","n/e","0"
"Montenegro (ME)","28.01.2016 04:00 - 28.01.2016 05:00 (CET/CEST)","n/e","n/e","0"
"Montenegro (ME)","28.01.2016 05:00 - 28.01.2016 06:00 (CET/CEST)","n/e","n/e","0"
"Montenegro (ME)","28.01.2016 06:00 - 28.01.2016 07:00 (CET/CEST)","n/e","n/e","0"
"Montenegro (ME)","28.01.2016 07:00 - 28.01.2016 08:00 (CET/CEST)","n/e","n/e","86"
"Montenegro (ME)","28.01.2016 08:00 - 28.01.2016 09:00 (CET/CEST)","n/e","n/e","161"
"Montenegro (ME)","28.01.2016 09:00 - 28.01.2016 10:00 (CET/CEST)","n/e","n/e","171"
"Montenegro (ME)","28.01.2016 10:00 - 28.01.2016 11:00 (CET/CEST)","n/e","n/e","171"
"Montenegro (ME)","28.01.2016 11:00 - 28.01.2016 12:00 (CET/CEST)","n/e","n/e","210"
"Montenegro (ME)","28.01.2016 12:00 - 28.01.2016 13:00 (CET/CEST)","n/e","n/e","0"
"Montenegro (ME)","28.01.2016 13:00 - 28.01.2016 14:00 (CET/CEST)","n/e","n/e","0"
"Montenegro (ME)","28.01.2016 14:00 - 28.01.2016 15:00 (CET/CEST)","n/e","n/e","0"
"Montenegro (ME)","28.01.2016 15:00 - 28.01.2016 16:00 (CET/CEST)","n/e","n/e","0"
"Montenegro (ME)","28.01.2016 16:00 - 28.01.2016 17:00 (CET/CEST)","n/e","n/e","171"
"Montenegro (ME)","28.01.2016 17:00 - 28.01.2016 18:00 (CET/CEST)","n/e","n/e","212"
"Montenegro (ME)","28.01.2016 18:00 - 28.01.2016 19:00 (CET/CEST)","n/e","n/e","209"
"Montenegro (ME)","28.01.2016 19:00 - 28.01.2016 20:00 (CET/CEST)","n/e","n/e","91"
"Montenegro (ME)","28.01.2016 20:00 - 28.01.2016 21:00 (CET/CEST)","n/e","n/e","0"
"Montenegro (ME)","28.01.2016 21:00 - 28.01.2016 22:00 (CET/CEST)","n/e","n/e","0"
"Montenegro (ME)","28.01.2016 22:00 - 28.01.2016 23:00 (CET/CEST)","n/e","n/e","0"
"Montenegro (ME)","28.01.2016 23:00 - 29.01.2016 00:00 (CET/CEST)","n/e","n/e","0"
"Montenegro (ME)","29.01.2016 00:00 - 29.01.2016 01:00 (CET/CEST)","n/e","n/e","0"
"Montenegro (ME)","29.01.2016 01:00 - 29.01.2016 02:00 (CET/CEST)","n/e","n/e","0"
"Montenegro (ME)","29.01.2016 02:00 - 29.01.2016 03:00 (CET/CEST)","n/e","n/e","0"
"Montenegro (ME)","29.01.2016 03:00 - 29.01.2016 04:00 (CET/CEST)","n/e","n/e","0"
"Montenegro (ME)","29.01.2016 04:00 - 29.01.2016 05:00 (CET/CEST)","n/e","n/e","0"
"Montenegro (ME)","29.01.2016 05:00 - 29.01.2016 06:00 (CET/CEST)","n/e","n/e","0"
"Montenegro (ME)","29.01.2016 06:00 - 29.01.2016 07:00 (CET/CEST)","n/e","n/e","0"
"Montenegro (ME)","29.01.2016 07:00 - 29.01.2016 08:00 (CET/CEST)","n/e","n/e","83"
"Montenegro (ME)","29.01.2016 08:00 - 29.01.2016 09:00 (CET/CEST)","n/e","n/e","192"
"Montenegro (ME)","29.01.2016 09:00 - 29.01.2016 10:00 (CET/CEST)","n/e","n/e","161"
"Montenegro (ME)","29.01.2016 10:00 - 29.01.2016 11:00 (CET/CEST)","n/e","n/e","161"
"Montenegro (ME)","29.01.2016 11:00 - 29.01.2016 12:00 (CET/CEST)","n/e","n/e","161"
"Montenegro (ME)","29.01.2016 12:00 - 29.01.2016 13:00 (CET/CEST)","n/e","n/e","1"
"Montenegro (ME)","29.01.2016 13:00 - 29.01.2016 14:00 (CET/CEST)","n/e","n/e","0"
"Montenegro (ME)","29.01.2016 14:00 - 29.01.2016 15:00 (CET/CEST)","n/e","n/e","0"
"Montenegro (ME)","29.01.2016 15:00 - 29.01.2016 16:00 (CET/CEST)","n/e","n/e","0"
"Montenegro (ME)","29.01.2016 16:00 - 29.01.2016 17:00 (CET/CEST)","n/e","n/e","1"
"Montenegro (ME)","29.01.2016 17:00 - 29.01.2016 18:00 (CET/CEST)","n/e","n/e","72"
"Montenegro (ME)","29.01.2016 18:00 - 29.01.2016 19:00 (CET/CEST)","n/e","n/e","85"
"Montenegro (ME)","29.01.2016 19:00 - 29.01.2016 20:00 (CET/CEST)","n/e","n/e","108"
"Montenegro (ME)","29.01.2016 20:00 - 29.01.2016 21:00 (CET/CEST)","n/e","n/e","0"
"Montenegro (ME)","29.01.2016 21:00 - 29.01.2016 22:00 (CET/CEST)","n/e","n/e","0"
"Montenegro (ME)","29.01.2016 22:00 - 29.01.2016 23:00 (CET/CEST)","n/e","n/e","0"
"Montenegro (ME)","29.01.2016 23:00 - 30.01.2016 00:00 (CET/CEST)","n/e","n/e","0"
"Montenegro (ME)","30.01.2016 00:00 - 30.01.2016 01:00 (CET/CEST)","n/e","n/e","0"
"Montenegro (ME)","30.01.2016 01:00 - 30.01.2016 02:00 (CET/CEST)","n/e","n/e","0"
"Montenegro (ME)","30.01.2016 02:00 - 30.01.2016 03:00 (CET/CEST)","n/e","n/e","0"
"Montenegro (ME)","30.01.2016 03:00 - 30.01.2016 04:00 (CET/CEST)","n/e","n/e","0"
"Montenegro (ME)","30.01.2016 04:00 - 30.01.2016 05:00 (CET/CEST)","n/e","n/e","0"
"Montenegro (ME)","30.01.2016 05:00 - 30.01.2016 06:00 (CET/CEST)","n/e","n/e","0"
"Montenegro (ME)","30.01.2016 06:00 - 30.01.2016 07:00 (CET/CEST)","n/e","n/e","0"
"Montenegro (ME)","30.01.2016 07:00 - 30.01.2016 08:00 (CET/CEST)","n/e","n/e","0"
"Montenegro (ME)","30.01.2016 08:00 - 30.01.2016 09:00 (CET/CEST)","n/e","n/e","0"
"Montenegro (ME)","30.01.2016 09:00 - 30.01.2016 10:00 (CET/CEST)","n/e","n/e","0"
"Montenegro (ME)","30.01.2016 10:00 - 30.01.2016 11:00 (CET/CEST)","n/e","n/e","0"
"Montenegro (ME)","30.01.2016 11:00 - 30.01.2016 12:00 (CET/CEST)","n/e","n/e","0"
"Montenegro (ME)","30.01.2016 12:00 - 30.01.2016 13:00 (CET/CEST)","n/e","n/e","0"
"Montenegro (ME)","30.01.2016 13:00 - 30.01.2016 14:00 (CET/CEST)","n/e","n/e","0"
"Montenegro (ME)","30.01.2016 14:00 - 30.01.2016 15:00 (CET/CEST)","n/e","n/e","0"
"Montenegro (ME)","30.01.2016 15:00 - 30.01.2016 16:00 (CET/CEST)","n/e","n/e","0"
"Montenegro (ME)","30.01.2016 16:00 - 30.01.2016 17:00 (CET/CEST)","n/e","n/e","1"
"Montenegro (ME)","30.01.2016 17:00 - 30.01.2016 18:00 (CET/CEST)","n/e","n/e","101"
"Montenegro (ME)","30.01.2016 18:00 - 30.01.2016 19:00 (CET/CEST)","n/e","n/e","101"
"Montenegro (ME)","30.01.2016 19:00 - 30.01.2016 20:00 (CET/CEST)","n/e","n/e","99"
"Montenegro (ME)","30.01.2016 20:00 - 30.01.2016 21:00 (CET/CEST)","n/e","n/e","0"
"Montenegro (ME)","30.01.2016 21:00 - 30.01.2016 22:00 (CET/CEST)","n/e","n/e","0"
"Montenegro (ME)","30.01.2016 22:00 - 30.01.2016 23:00 (CET/CEST)","n/e","n/e","0"
"Montenegro (ME)","30.01.2016 23:00 - 31.01.2016 00:00 (CET/CEST)","n/e","n/e","0"
"Montenegro (ME)","31.01.2016 00:00 - 31.01.2016 01:00 (CET/CEST)","n/e","n/e","0"
"Montenegro (ME)","31.01.2016 01:00 - 31.01.2016 02:00 (CET/CEST)","n/e","n/e","0"
"Montenegro (ME)","31.01.2016 02:00 - 31.01.2016 03:00 (CET/CEST)","n/e","n/e","0"
"Montenegro (ME)","31.01.2016 03:00 - 31.01.2016 04:00 (CET/CEST)","n/e","n/e","0"
"Montenegro (ME)","31.01.2016 04:00 - 31.01.2016 05:00 (CET/CEST)","n/e","n/e","0"
"Montenegro (ME)","31.01.2016 05:00 - 31.01.2016 06:00 (CET/CEST)","n/e","n/e","0"
"Montenegro (ME)","31.01.2016 06:00 - 31.01.2016 07:00 (CET/CEST)","n/e","n/e","0"
"Montenegro (ME)","31.01.2016 07:00 - 31.01.2016 08:00 (CET/CEST)","n/e","n/e","0"
"Montenegro (ME)","31.01.2016 08:00 - 31.01.2016 09:00 (CET/CEST)","n/e","n/e","0"
"Montenegro (ME)","31.01.2016 09:00 - 31.01.2016 10:00 (CET/CEST)","n/e","n/e","0"
"Montenegro (ME)","31.01.2016 10:00 - 31.01.2016 11:00 (CET/CEST)","n/e","n/e","0"
"Montenegro (ME)","31.01.2016 11:00 - 31.01.2016 12:00 (CET/CEST)","n/e","n/e","0"
"Montenegro (ME)","31.01.2016 12:00 - 31.01.2016 13:00 (CET/CEST)","n/e","n/e","0"
"Montenegro (ME)","31.01.2016 13:00 - 31.01.2016 14:00 (CET/CEST)","n/e","n/e","0"
"Montenegro (ME)","31.01.2016 14:00 - 31.01.2016 15:00 (CET/CEST)","n/e","n/e","0"
"Montenegro (ME)","31.01.2016 15:00 - 31.01.2016 16:00 (CET/CEST)","n/e","n/e","0"
"Montenegro (ME)","31.01.2016 16:00 - 31.01.2016 17:00 (CET/CEST)","n/e","n/e","0"
"Montenegro (ME)","31.01.2016 17:00 - 31.01.2016 18:00 (CET/CEST)","n/e","n/e","0"
"Montenegro (ME)","31.01.2016 18:00 - 31.01.2016 19:00 (CET/CEST)","n/e","n/e","0"
"Montenegro (ME)","31.01.2016 19:00 - 31.01.2016 20:00 (CET/CEST)","n/e","n/e","0"
"Montenegro (ME)","31.01.2016 20:00 - 31.01.2016 21:00 (CET/CEST)","n/e","n/e","0"
"Montenegro (ME)","31.01.2016 21:00 - 31.01.2016 22:00 (CET/CEST)","n/e","n/e","0"
"Montenegro (ME)","31.01.2016 22:00 - 31.01.2016 23:00 (CET/CEST)","n/e","n/e","0"
"Montenegro (ME)","31.01.2016 23:00 - 01.02.2016 00:00 (CET/CEST)","n/e","n/e","0"
"Montenegro (ME)","01.02.2016 00:00 - 01.02.2016 01:00 (CET/CEST)","n/e","n/e","0"
"Montenegro (ME)","01.02.2016 01:00 - 01.02.2016 02:00 (CET/CEST)","n/e","n/e","0"
"Montenegro (ME)","01.02.2016 02:00 - 01.02.2016 03:00 (CET/CEST)","n/e","n/e","0"
"Montenegro (ME)","01.02.2016 03:00 - 01.02.2016 04:00 (CET/CEST)","n/e","n/e","0"
"Montenegro (ME)","01.02.2016 04:00 - 01.02.2016 05:00 (CET/CEST)","n/e","n/e","0"
"Montenegro (ME)","01.02.2016 05:00 - 01.02.2016 06:00 (CET/CEST)","n/e","n/e","0"
"Montenegro (ME)","01.02.2016 06:00 - 01.02.2016 07:00 (CET/CEST)","n/e","n/e","0"
"Montenegro (ME)","01.02.2016 07:00 - 01.02.2016 08:00 (CET/CEST)","n/e","n/e","0"
"Montenegro (ME)","01.02.2016 08:00 - 01.02.2016 09:00 (CET/CEST)","n/e","n/e","0"
"Montenegro (ME)","01.02.2016 09:00 - 01.02.2016 10:00 (CET/CEST)","n/e","n/e","0"
"Montenegro (ME)","01.02.2016 10:00 - 01.02.2016 11:00 (CET/CEST)","n/e","n/e","0"
"Montenegro (ME)","01.02.2016 11:00 - 01.02.2016 12:00 (CET/CEST)","n/e","n/e","0"
"Montenegro (ME)","01.02.2016 12:00 - 01.02.2016 13:00 (CET/CEST)","n/e","n/e","0"
"Montenegro (ME)","01.02.2016 13:00 - 01.02.2016 14:00 (CET/CEST)","n/e","n/e","0"
"Montenegro (ME)","01.02.2016 14:00 - 01.02.2016 15:00 (CET/CEST)","n/e","n/e","0"
"Montenegro (ME)","01.02.2016 15:00 - 01.02.2016 16:00 (CET/CEST)","n/e","n/e","0"
"Montenegro (ME)","01.02.2016 16:00 - 01.02.2016 17:00 (CET/CEST)","n/e","n/e","0"
"Montenegro (ME)","01.02.2016 17:00 - 01.02.2016 18:00 (CET/CEST)","n/e","n/e","0"
"Montenegro (ME)","01.02.2016 18:00 - 01.02.2016 19:00 (CET/CEST)","n/e","n/e","0"
"Montenegro (ME)","01.02.2016 19:00 - 01.02.2016 20:00 (CET/CEST)","n/e","n/e","0"
"Montenegro (ME)","01.02.2016 20:00 - 01.02.2016 21:00 (CET/CEST)","n/e","n/e","0"
"Montenegro (ME)","01.02.2016 21:00 - 01.02.2016 22:00 (CET/CEST)","n/e","n/e","0"
"Montenegro (ME)","01.02.2016 22:00 - 01.02.2016 23:00 (CET/CEST)","n/e","n/e","0"
"Montenegro (ME)","01.02.2016 23:00 - 02.02.2016 00:00 (CET/CEST)","n/e","n/e","0"
"Montenegro (ME)","02.02.2016 00:00 - 02.02.2016 01:00 (CET/CEST)","n/e","n/e","0"
"Montenegro (ME)","02.02.2016 01:00 - 02.02.2016 02:00 (CET/CEST)","n/e","n/e","0"
"Montenegro (ME)","02.02.2016 02:00 - 02.02.2016 03:00 (CET/CEST)","n/e","n/e","0"
"Montenegro (ME)","02.02.2016 03:00 - 02.02.2016 04:00 (CET/CEST)","n/e","n/e","0"
"Montenegro (ME)","02.02.2016 04:00 - 02.02.2016 05:00 (CET/CEST)","n/e","n/e","0"
"Montenegro (ME)","02.02.2016 05:00 - 02.02.2016 06:00 (CET/CEST)","n/e","n/e","0"
"Montenegro (ME)","02.02.2016 06:00 - 02.02.2016 07:00 (CET/CEST)","n/e","n/e","0"
"Montenegro (ME)","02.02.2016 07:00 - 02.02.2016 08:00 (CET/CEST)","n/e","n/e","0"
"Montenegro (ME)","02.02.2016 08:00 - 02.02.2016 09:00 (CET/CEST)","n/e","n/e","0"
"Montenegro (ME)","02.02.2016 09:00 - 02.02.2016 10:00 (CET/CEST)","n/e","n/e","0"
"Montenegro (ME)","02.02.2016 10:00 - 02.02.2016 11:00 (CET/CEST)","n/e","n/e","0"
"Montenegro (ME)","02.02.2016 11:00 - 02.02.2016 12:00 (CET/CEST)","n/e","n/e","0"
"Montenegro (ME)","02.02.2016 12:00 - 02.02.2016 13:00 (CET/CEST)","n/e","n/e","0"
"Montenegro (ME)","02.02.2016 13:00 - 02.02.2016 14:00 (CET/CEST)","n/e","n/e","0"
"Montenegro (ME)","02.02.2016 14:00 - 02.02.2016 15:00 (CET/CEST)","n/e","n/e","0"
"Montenegro (ME)","02.02.2016 15:00 - 02.02.2016 16:00 (CET/CEST)","n/e","n/e","0"
"Montenegro (ME)","02.02.2016 16:00 - 02.02.2016 17:00 (CET/CEST)","n/e","n/e","0"
"Montenegro (ME)","02.02.2016 17:00 - 02.02.2016 18:00 (CET/CEST)","n/e","n/e","0"
"Montenegro (ME)","02.02.2016 18:00 - 02.02.2016 19:00 (CET/CEST)","n/e","n/e","0"
"Montenegro (ME)","02.02.2016 19:00 - 02.02.2016 20:00 (CET/CEST)","n/e","n/e","0"
"Montenegro (ME)","02.02.2016 20:00 - 02.02.2016 21:00 (CET/CEST)","n/e","n/e","0"
"Montenegro (ME)","02.02.2016 21:00 - 02.02.2016 22:00 (CET/CEST)","n/e","n/e","0"
"Montenegro (ME)","02.02.2016 22:00 - 02.02.2016 23:00 (CET/CEST)","n/e","n/e","0"
"Montenegro (ME)","02.02.2016 23:00 - 03.02.2016 00:00 (CET/CEST)","n/e","n/e","0"
"Montenegro (ME)","03.02.2016 00:00 - 03.02.2016 01:00 (CET/CEST)","n/e","n/e","0"
"Montenegro (ME)","03.02.2016 01:00 - 03.02.2016 02:00 (CET/CEST)","n/e","n/e","0"
"Montenegro (ME)","03.02.2016 02:00 - 03.02.2016 03:00 (CET/CEST)","n/e","n/e","0"
"Montenegro (ME)","03.02.2016 03:00 - 03.02.2016 04:00 (CET/CEST)","n/e","n/e","0"
"Montenegro (ME)","03.02.2016 04:00 - 03.02.2016 05:00 (CET/CEST)","n/e","n/e","0"
"Montenegro (ME)","03.02.2016 05:00 - 03.02.2016 06:00 (CET/CEST)","n/e","n/e","0"
"Montenegro (ME)","03.02.2016 06:00 - 03.02.2016 07:00 (CET/CEST)","n/e","n/e","0"
"Montenegro (ME)","03.02.2016 07:00 - 03.02.2016 08:00 (CET/CEST)","n/e","n/e","0"
"Montenegro (ME)","03.02.2016 08:00 - 03.02.2016 09:00 (CET/CEST)","n/e","n/e","0"
"Montenegro (ME)","03.02.2016 09:00 - 03.02.2016 10:00 (CET/CEST)","n/e","n/e","0"
"Montenegro (ME)","03.02.2016 10:00 - 03.02.2016 11:00 (CET/CEST)","n/e","n/e","0"
"Montenegro (ME)","03.02.2016 11:00 - 03.02.2016 12:00 (CET/CEST)","n/e","n/e","0"
"Montenegro (ME)","03.02.2016 12:00 - 03.02.2016 13:00 (CET/CEST)","n/e","n/e","0"
"Montenegro (ME)","03.02.2016 13:00 - 03.02.2016 14:00 (CET/CEST)","n/e","n/e","0"
"Montenegro (ME)","03.02.2016 14:00 - 03.02.2016 15:00 (CET/CEST)","n/e","n/e","0"
"Montenegro (ME)","03.02.2016 15:00 - 03.02.2016 16:00 (CET/CEST)","n/e","n/e","0"
"Montenegro (ME)","03.02.2016 16:00 - 03.02.2016 17:00 (CET/CEST)","n/e","n/e","0"
"Montenegro (ME)","03.02.2016 17:00 - 03.02.2016 18:00 (CET/CEST)","n/e","n/e","0"
"Montenegro (ME)","03.02.2016 18:00 - 03.02.2016 19:00 (CET/CEST)","n/e","n/e","0"
"Montenegro (ME)","03.02.2016 19:00 - 03.02.2016 20:00 (CET/CEST)","n/e","n/e","0"
"Montenegro (ME)","03.02.2016 20:00 - 03.02.2016 21:00 (CET/CEST)","n/e","n/e","0"
"Montenegro (ME)","03.02.2016 21:00 - 03.02.2016 22:00 (CET/CEST)","n/e","n/e","0"
"Montenegro (ME)","03.02.2016 22:00 - 03.02.2016 23:00 (CET/CEST)","n/e","n/e","0"
"Montenegro (ME)","03.02.2016 23:00 - 04.02.2016 00:00 (CET/CEST)","n/e","n/e","0"
"Montenegro (ME)","04.02.2016 00:00 - 04.02.2016 01:00 (CET/CEST)","n/e","n/e","0"
"Montenegro (ME)","04.02.2016 01:00 - 04.02.2016 02:00 (CET/CEST)","n/e","n/e","0"
"Montenegro (ME)","04.02.2016 02:00 - 04.02.2016 03:00 (CET/CEST)","n/e","n/e","0"
"Montenegro (ME)","04.02.2016 03:00 - 04.02.2016 04:00 (CET/CEST)","n/e","n/e","0"
"Montenegro (ME)","04.02.2016 04:00 - 04.02.2016 05:00 (CET/CEST)","n/e","n/e","0"
"Montenegro (ME)","04.02.2016 05:00 - 04.02.2016 06:00 (CET/CEST)","n/e","n/e","0"
"Montenegro (ME)","04.02.2016 06:00 - 04.02.2016 07:00 (CET/CEST)","n/e","n/e","0"
"Montenegro (ME)","04.02.2016 07:00 - 04.02.2016 08:00 (CET/CEST)","n/e","n/e","0"
"Montenegro (ME)","04.02.2016 08:00 - 04.02.2016 09:00 (CET/CEST)","n/e","n/e","0"
"Montenegro (ME)","04.02.2016 09:00 - 04.02.2016 10:00 (CET/CEST)","n/e","n/e","0"
"Montenegro (ME)","04.02.2016 10:00 - 04.02.2016 11:00 (CET/CEST)","n/e","n/e","0"
"Montenegro (ME)","04.02.2016 11:00 - 04.02.2016 12:00 (CET/CEST)","n/e","n/e","0"
"Montenegro (ME)","04.02.2016 12:00 - 04.02.2016 13:00 (CET/CEST)","n/e","n/e","0"
"Montenegro (ME)","04.02.2016 13:00 - 04.02.2016 14:00 (CET/CEST)","n/e","n/e","0"
"Montenegro (ME)","04.02.2016 14:00 - 04.02.2016 15:00 (CET/CEST)","n/e","n/e","0"
"Montenegro (ME)","04.02.2016 15:00 - 04.02.2016 16:00 (CET/CEST)","n/e","n/e","0"
"Montenegro (ME)","04.02.2016 16:00 - 04.02.2016 17:00 (CET/CEST)","n/e","n/e","0"
"Montenegro (ME)","04.02.2016 17:00 - 04.02.2016 18:00 (CET/CEST)","n/e","n/e","0"
"Montenegro (ME)","04.02.2016 18:00 - 04.02.2016 19:00 (CET/CEST)","n/e","n/e","0"
"Montenegro (ME)","04.02.2016 19:00 - 04.02.2016 20:00 (CET/CEST)","n/e","n/e","0"
"Montenegro (ME)","04.02.2016 20:00 - 04.02.2016 21:00 (CET/CEST)","n/e","n/e","0"
"Montenegro (ME)","04.02.2016 21:00 - 04.02.2016 22:00 (CET/CEST)","n/e","n/e","0"
"Montenegro (ME)","04.02.2016 22:00 - 04.02.2016 23:00 (CET/CEST)","n/e","n/e","0"
"Montenegro (ME)","04.02.2016 23:00 - 05.02.2016 00:00 (CET/CEST)","n/e","n/e","0"
"Montenegro (ME)","05.02.2016 00:00 - 05.02.2016 01:00 (CET/CEST)","n/e","n/e","0"
"Montenegro (ME)","05.02.2016 01:00 - 05.02.2016 02:00 (CET/CEST)","n/e","n/e","0"
"Montenegro (ME)","05.02.2016 02:00 - 05.02.2016 03:00 (CET/CEST)","n/e","n/e","0"
"Montenegro (ME)","05.02.2016 03:00 - 05.02.2016 04:00 (CET/CEST)","n/e","n/e","0"
"Montenegro (ME)","05.02.2016 04:00 - 05.02.2016 05:00 (CET/CEST)","n/e","n/e","0"
"Montenegro (ME)","05.02.2016 05:00 - 05.02.2016 06:00 (CET/CEST)","n/e","n/e","0"
"Montenegro (ME)","05.02.2016 06:00 - 05.02.2016 07:00 (CET/CEST)","n/e","n/e","0"
"Montenegro (ME)","05.02.2016 07:00 - 05.02.2016 08:00 (CET/CEST)","n/e","n/e","0"
"Montenegro (ME)","05.02.2016 08:00 - 05.02.2016 09:00 (CET/CEST)","n/e","n/e","0"
"Montenegro (ME)","05.02.2016 09:00 - 05.02.2016 10:00 (CET/CEST)","n/e","n/e","0"
"Montenegro (ME)","05.02.2016 10:00 - 05.02.2016 11:00 (CET/CEST)","n/e","n/e","0"
"Montenegro (ME)","05.02.2016 11:00 - 05.02.2016 12:00 (CET/CEST)","n/e","n/e","0"
"Montenegro (ME)","05.02.2016 12:00 - 05.02.2016 13:00 (CET/CEST)","n/e","n/e","0"
"Montenegro (ME)","05.02.2016 13:00 - 05.02.2016 14:00 (CET/CEST)","n/e","n/e","0"
"Montenegro (ME)","05.02.2016 14:00 - 05.02.2016 15:00 (CET/CEST)","n/e","n/e","0"
"Montenegro (ME)","05.02.2016 15:00 - 05.02.2016 16:00 (CET/CEST)","n/e","n/e","0"
"Montenegro (ME)","05.02.2016 16:00 - 05.02.2016 17:00 (CET/CEST)","n/e","n/e","0"
"Montenegro (ME)","05.02.2016 17:00 - 05.02.2016 18:00 (CET/CEST)","n/e","n/e","0"
"Montenegro (ME)","05.02.2016 18:00 - 05.02.2016 19:00 (CET/CEST)","n/e","n/e","0"
"Montenegro (ME)","05.02.2016 19:00 - 05.02.2016 20:00 (CET/CEST)","n/e","n/e","0"
"Montenegro (ME)","05.02.2016 20:00 - 05.02.2016 21:00 (CET/CEST)","n/e","n/e","0"
"Montenegro (ME)","05.02.2016 21:00 - 05.02.2016 22:00 (CET/CEST)","n/e","n/e","0"
"Montenegro (ME)","05.02.2016 22:00 - 05.02.2016 23:00 (CET/CEST)","n/e","n/e","0"
"Montenegro (ME)","05.02.2016 23:00 - 06.02.2016 00:00 (CET/CEST)","n/e","n/e","0"
"Montenegro (ME)","06.02.2016 00:00 - 06.02.2016 01:00 (CET/CEST)","n/e","n/e","0"
"Montenegro (ME)","06.02.2016 01:00 - 06.02.2016 02:00 (CET/CEST)","n/e","n/e","0"
"Montenegro (ME)","06.02.2016 02:00 - 06.02.2016 03:00 (CET/CEST)","n/e","n/e","0"
"Montenegro (ME)","06.02.2016 03:00 - 06.02.2016 04:00 (CET/CEST)","n/e","n/e","0"
"Montenegro (ME)","06.02.2016 04:00 - 06.02.2016 05:00 (CET/CEST)","n/e","n/e","0"
"Montenegro (ME)","06.02.2016 05:00 - 06.02.2016 06:00 (CET/CEST)","n/e","n/e","0"
"Montenegro (ME)","06.02.2016 06:00 - 06.02.2016 07:00 (CET/CEST)","n/e","n/e","0"
"Montenegro (ME)","06.02.2016 07:00 - 06.02.2016 08:00 (CET/CEST)","n/e","n/e","0"
"Montenegro (ME)","06.02.2016 08:00 - 06.02.2016 09:00 (CET/CEST)","n/e","n/e","0"
"Montenegro (ME)","06.02.2016 09:00 - 06.02.2016 10:00 (CET/CEST)","n/e","n/e","0"
"Montenegro (ME)","06.02.2016 10:00 - 06.02.2016 11:00 (CET/CEST)","n/e","n/e","0"
"Montenegro (ME)","06.02.2016 11:00 - 06.02.2016 12:00 (CET/CEST)","n/e","n/e","0"
"Montenegro (ME)","06.02.2016 12:00 - 06.02.2016 13:00 (CET/CEST)","n/e","n/e","0"
"Montenegro (ME)","06.02.2016 13:00 - 06.02.2016 14:00 (CET/CEST)","n/e","n/e","100"
"Montenegro (ME)","06.02.2016 14:00 - 06.02.2016 15:00 (CET/CEST)","n/e","n/e","101"
"Montenegro (ME)","06.02.2016 15:00 - 06.02.2016 16:00 (CET/CEST)","n/e","n/e","101"
"Montenegro (ME)","06.02.2016 16:00 - 06.02.2016 17:00 (CET/CEST)","n/e","n/e","80"
"Montenegro (ME)","06.02.2016 17:00 - 06.02.2016 18:00 (CET/CEST)","n/e","n/e","100"
"Montenegro (ME)","06.02.2016 18:00 - 06.02.2016 19:00 (CET/CEST)","n/e","n/e","210"
"Montenegro (ME)","06.02.2016 19:00 - 06.02.2016 20:00 (CET/CEST)","n/e","n/e","164"
"Montenegro (ME)","06.02.2016 20:00 - 06.02.2016 21:00 (CET/CEST)","n/e","n/e","102"
"Montenegro (ME)","06.02.2016 21:00 - 06.02.2016 22:00 (CET/CEST)","n/e","n/e","101"
"Montenegro (ME)","06.02.2016 22:00 - 06.02.2016 23:00 (CET/CEST)","n/e","n/e","99"
"Montenegro (ME)","06.02.2016 23:00 - 07.02.2016 00:00 (CET/CEST)","n/e","n/e","79"
"Montenegro (ME)","07.02.2016 00:00 - 07.02.2016 01:00 (CET/CEST)","n/e","n/e","0"
"Montenegro (ME)","07.02.2016 01:00 - 07.02.2016 02:00 (CET/CEST)","n/e","n/e","0"
"Montenegro (ME)","07.02.2016 02:00 - 07.02.2016 03:00 (CET/CEST)","n/e","n/e","0"
"Montenegro (ME)","07.02.2016 03:00 - 07.02.2016 04:00 (CET/CEST)","n/e","n/e","0"
"Montenegro (ME)","07.02.2016 04:00 - 07.02.2016 05:00 (CET/CEST)","n/e","n/e","0"
"Montenegro (ME)","07.02.2016 05:00 - 07.02.2016 06:00 (CET/CEST)","n/e","n/e","0"
"Montenegro (ME)","07.02.2016 06:00 - 07.02.2016 07:00 (CET/CEST)","n/e","n/e","0"
"Montenegro (ME)","07.02.2016 07:00 - 07.02.2016 08:00 (CET/CEST)","n/e","n/e","0"
"Montenegro (ME)","07.02.2016 08:00 - 07.02.2016 09:00 (CET/CEST)","n/e","n/e","0"
"Montenegro (ME)","07.02.2016 09:00 - 07.02.2016 10:00 (CET/CEST)","n/e","n/e","0"
"Montenegro (ME)","07.02.2016 10:00 - 07.02.2016 11:00 (CET/CEST)","n/e","n/e","0"
"Montenegro (ME)","07.02.2016 11:00 - 07.02.2016 12:00 (CET/CEST)","n/e","n/e","0"
"Montenegro (ME)","07.02.2016 12:00 - 07.02.2016 13:00 (CET/CEST)","n/e","n/e","0"
"Montenegro (ME)","07.02.2016 13:00 - 07.02.2016 14:00 (CET/CEST)","n/e","n/e","0"
"Montenegro (ME)","07.02.2016 14:00 - 07.02.2016 15:00 (CET/CEST)","n/e","n/e","0"
"Montenegro (ME)","07.02.2016 15:00 - 07.02.2016 16:00 (CET/CEST)","n/e","n/e","0"
"Montenegro (ME)","07.02.2016 16:00 - 07.02.2016 17:00 (CET/CEST)","n/e","n/e","0"
"Montenegro (ME)","07.02.2016 17:00 - 07.02.2016 18:00 (CET/CEST)","n/e","n/e","0"
"Montenegro (ME)","07.02.2016 18:00 - 07.02.2016 19:00 (CET/CEST)","n/e","n/e","0"
"Montenegro (ME)","07.02.2016 19:00 - 07.02.2016 20:00 (CET/CEST)","n/e","n/e","0"
"Montenegro (ME)","07.02.2016 20:00 - 07.02.2016 21:00 (CET/CEST)","n/e","n/e","0"
"Montenegro (ME)","07.02.2016 21:00 - 07.02.2016 22:00 (CET/CEST)","n/e","n/e","0"
"Montenegro (ME)","07.02.2016 22:00 - 07.02.2016 23:00 (CET/CEST)","n/e","n/e","0"
"Montenegro (ME)","07.02.2016 23:00 - 08.02.2016 00:00 (CET/CEST)","n/e","n/e","0"
"Montenegro (ME)","08.02.2016 00:00 - 08.02.2016 01:00 (CET/CEST)","n/e","n/e","0"
"Montenegro (ME)","08.02.2016 01:00 - 08.02.2016 02:00 (CET/CEST)","n/e","n/e","0"
"Montenegro (ME)","08.02.2016 02:00 - 08.02.2016 03:00 (CET/CEST)","n/e","n/e","0"
"Montenegro (ME)","08.02.2016 03:00 - 08.02.2016 04:00 (CET/CEST)","n/e","n/e","0"
"Montenegro (ME)","08.02.2016 04:00 - 08.02.2016 05:00 (CET/CEST)","n/e","n/e","0"
"Montenegro (ME)","08.02.2016 05:00 - 08.02.2016 06:00 (CET/CEST)","n/e","n/e","0"
"Montenegro (ME)","08.02.2016 06:00 - 08.02.2016 07:00 (CET/CEST)","n/e","n/e","0"
"Montenegro (ME)","08.02.2016 07:00 - 08.02.2016 08:00 (CET/CEST)","n/e","n/e","0"
"Montenegro (ME)","08.02.2016 08:00 - 08.02.2016 09:00 (CET/CEST)","n/e","n/e","1"
"Montenegro (ME)","08.02.2016 09:00 - 08.02.2016 10:00 (CET/CEST)","n/e","n/e","300"
"Montenegro (ME)","08.02.2016 10:00 - 08.02.2016 11:00 (CET/CEST)","n/e","n/e","301"
"Montenegro (ME)","08.02.2016 11:00 - 08.02.2016 12:00 (CET/CEST)","n/e","n/e","301"
"Montenegro (ME)","08.02.2016 12:00 - 08.02.2016 13:00 (CET/CEST)","n/e","n/e","300"
"Montenegro (ME)","08.02.2016 13:00 - 08.02.2016 14:00 (CET/CEST)","n/e","n/e","0"
"Montenegro (ME)","08.02.2016 14:00 - 08.02.2016 15:00 (CET/CEST)","n/e","n/e","0"
"Montenegro (ME)","08.02.2016 15:00 - 08.02.2016 16:00 (CET/CEST)","n/e","n/e","0"
"Montenegro (ME)","08.02.2016 16:00 - 08.02.2016 17:00 (CET/CEST)","n/e","n/e","0"
"Montenegro (ME)","08.02.2016 17:00 - 08.02.2016 18:00 (CET/CEST)","n/e","n/e","0"
"Montenegro (ME)","08.02.2016 18:00 - 08.02.2016 19:00 (CET/CEST)","n/e","n/e","0"
"Montenegro (ME)","08.02.2016 19:00 - 08.02.2016 20:00 (CET/CEST)","n/e","n/e","0"
"Montenegro (ME)","08.02.2016 20:00 - 08.02.2016 21:00 (CET/CEST)","n/e","n/e","0"
"Montenegro (ME)","08.02.2016 21:00 - 08.02.2016 22:00 (CET/CEST)","n/e","n/e","0"
"Montenegro (ME)","08.02.2016 22:00 - 08.02.2016 23:00 (CET/CEST)","n/e","n/e","0"
"Montenegro (ME)","08.02.2016 23:00 - 09.02.2016 00:00 (CET/CEST)","n/e","n/e","0"
"Montenegro (ME)","09.02.2016 00:00 - 09.02.2016 01:00 (CET/CEST)","n/e","n/e","0"
"Montenegro (ME)","09.02.2016 01:00 - 09.02.2016 02:00 (CET/CEST)","n/e","n/e","0"
"Montenegro (ME)","09.02.2016 02:00 - 09.02.2016 03:00 (CET/CEST)","n/e","n/e","0"
"Montenegro (ME)","09.02.2016 03:00 - 09.02.2016 04:00 (CET/CEST)","n/e","n/e","0"
"Montenegro (ME)","09.02.2016 04:00 - 09.02.2016 05:00 (CET/CEST)","n/e","n/e","0"
"Montenegro (ME)","09.02.2016 05:00 - 09.02.2016 06:00 (CET/CEST)","n/e","n/e","0"
"Montenegro (ME)","09.02.2016 06:00 - 09.02.2016 07:00 (CET/CEST)","n/e","n/e","0"
"Montenegro (ME)","09.02.2016 07:00 - 09.02.2016 08:00 (CET/CEST)","n/e","n/e","0"
"Montenegro (ME)","09.02.2016 08:00 - 09.02.2016 09:00 (CET/CEST)","n/e","n/e","0"
"Montenegro (ME)","09.02.2016 09:00 - 09.02.2016 10:00 (CET/CEST)","n/e","n/e","0"
"Montenegro (ME)","09.02.2016 10:00 - 09.02.2016 11:00 (CET/CEST)","n/e","n/e","0"
"Montenegro (ME)","09.02.2016 11:00 - 09.02.2016 12:00 (CET/CEST)","n/e","n/e","0"
"Montenegro (ME)","09.02.2016 12:00 - 09.02.2016 13:00 (CET/CEST)","n/e","n/e","0"
"Montenegro (ME)","09.02.2016 13:00 - 09.02.2016 14:00 (CET/CEST)","n/e","n/e","0"
"Montenegro (ME)","09.02.2016 14:00 - 09.02.2016 15:00 (CET/CEST)","n/e","n/e","0"
"Montenegro (ME)","09.02.2016 15:00 - 09.02.2016 16:00 (CET/CEST)","n/e","n/e","0"
"Montenegro (ME)","09.02.2016 16:00 - 09.02.2016 17:00 (CET/CEST)","n/e","n/e","0"
"Montenegro (ME)","09.02.2016 17:00 - 09.02.2016 18:00 (CET/CEST)","n/e","n/e","0"
"Montenegro (ME)","09.02.2016 18:00 - 09.02.2016 19:00 (CET/CEST)","n/e","n/e","0"
"Montenegro (ME)","09.02.2016 19:00 - 09.02.2016 20:00 (CET/CEST)","n/e","n/e","0"
"Montenegro (ME)","09.02.2016 20:00 - 09.02.2016 21:00 (CET/CEST)","n/e","n/e","0"
"Montenegro (ME)","09.02.2016 21:00 - 09.02.2016 22:00 (CET/CEST)","n/e","n/e","0"
"Montenegro (ME)","09.02.2016 22:00 - 09.02.2016 23:00 (CET/CEST)","n/e","n/e","0"
"Montenegro (ME)","09.02.2016 23:00 - 10.02.2016 00:00 (CET/CEST)","n/e","n/e","0"
"Montenegro (ME)","10.02.2016 00:00 - 10.02.2016 01:00 (CET/CEST)","n/e","n/e","0"
"Montenegro (ME)","10.02.2016 01:00 - 10.02.2016 02:00 (CET/CEST)","n/e","n/e","0"
"Montenegro (ME)","10.02.2016 02:00 - 10.02.2016 03:00 (CET/CEST)","n/e","n/e","0"
"Montenegro (ME)","10.02.2016 03:00 - 10.02.2016 04:00 (CET/CEST)","n/e","n/e","0"
"Montenegro (ME)","10.02.2016 04:00 - 10.02.2016 05:00 (CET/CEST)","n/e","n/e","0"
"Montenegro (ME)","10.02.2016 05:00 - 10.02.2016 06:00 (CET/CEST)","n/e","n/e","0"
"Montenegro (ME)","10.02.2016 06:00 - 10.02.2016 07:00 (CET/CEST)","n/e","n/e","0"
"Montenegro (ME)","10.02.2016 07:00 - 10.02.2016 08:00 (CET/CEST)","n/e","n/e","0"
"Montenegro (ME)","10.02.2016 08:00 - 10.02.2016 09:00 (CET/CEST)","n/e","n/e","0"
"Montenegro (ME)","10.02.2016 09:00 - 10.02.2016 10:00 (CET/CEST)","n/e","n/e","0"
"Montenegro (ME)","10.02.2016 10:00 - 10.02.2016 11:00 (CET/CEST)","n/e","n/e","0"
"Montenegro (ME)","10.02.2016 11:00 - 10.02.2016 12:00 (CET/CEST)","n/e","n/e","0"
"Montenegro (ME)","10.02.2016 12:00 - 10.02.2016 13:00 (CET/CEST)","n/e","n/e","0"
"Montenegro (ME)","10.02.2016 13:00 - 10.02.2016 14:00 (CET/CEST)","n/e","n/e","0"
"Montenegro (ME)","10.02.2016 14:00 - 10.02.2016 15:00 (CET/CEST)","n/e","n/e","0"
"Montenegro (ME)","10.02.2016 15:00 - 10.02.2016 16:00 (CET/CEST)","n/e","n/e","0"
"Montenegro (ME)","10.02.2016 16:00 - 10.02.2016 17:00 (CET/CEST)","n/e","n/e","0"
"Montenegro (ME)","10.02.2016 17:00 - 10.02.2016 18:00 (CET/CEST)","n/e","n/e","0"
"Montenegro (ME)","10.02.2016 18:00 - 10.02.2016 19:00 (CET/CEST)","n/e","n/e","0"
"Montenegro (ME)","10.02.2016 19:00 - 10.02.2016 20:00 (CET/CEST)","n/e","n/e","0"
"Montenegro (ME)","10.02.2016 20:00 - 10.02.2016 21:00 (CET/CEST)","n/e","n/e","0"
"Montenegro (ME)","10.02.2016 21:00 - 10.02.2016 22:00 (CET/CEST)","n/e","n/e","0"
"Montenegro (ME)","10.02.2016 22:00 - 10.02.2016 23:00 (CET/CEST)","n/e","n/e","0"
"Montenegro (ME)","10.02.2016 23:00 - 11.02.2016 00:00 (CET/CEST)","n/e","n/e","0"
"Montenegro (ME)","11.02.2016 00:00 - 11.02.2016 01:00 (CET/CEST)","n/e","n/e","0"
"Montenegro (ME)","11.02.2016 01:00 - 11.02.2016 02:00 (CET/CEST)","n/e","n/e","0"
"Montenegro (ME)","11.02.2016 02:00 - 11.02.2016 03:00 (CET/CEST)","n/e","n/e","0"
"Montenegro (ME)","11.02.2016 03:00 - 11.02.2016 04:00 (CET/CEST)","n/e","n/e","0"
"Montenegro (ME)","11.02.2016 04:00 - 11.02.2016 05:00 (CET/CEST)","n/e","n/e","0"
"Montenegro (ME)","11.02.2016 05:00 - 11.02.2016 06:00 (CET/CEST)","n/e","n/e","0"
"Montenegro (ME)","11.02.2016 06:00 - 11.02.2016 07:00 (CET/CEST)","n/e","n/e","0"
"Montenegro (ME)","11.02.2016 07:00 - 11.02.2016 08:00 (CET/CEST)","n/e","n/e","0"
"Montenegro (ME)","11.02.2016 08:00 - 11.02.2016 09:00 (CET/CEST)","n/e","n/e","0"
"Montenegro (ME)","11.02.2016 09:00 - 11.02.2016 10:00 (CET/CEST)","n/e","n/e","0"
"Montenegro (ME)","11.02.2016 10:00 - 11.02.2016 11:00 (CET/CEST)","n/e","n/e","0"
"Montenegro (ME)","11.02.2016 11:00 - 11.02.2016 12:00 (CET/CEST)","n/e","n/e","0"
"Montenegro (ME)","11.02.2016 12:00 - 11.02.2016 13:00 (CET/CEST)","n/e","n/e","0"
"Montenegro (ME)","11.02.2016 13:00 - 11.02.2016 14:00 (CET/CEST)","n/e","n/e","0"
"Montenegro (ME)","11.02.2016 14:00 - 11.02.2016 15:00 (CET/CEST)","n/e","n/e","0"
"Montenegro (ME)","11.02.2016 15:00 - 11.02.2016 16:00 (CET/CEST)","n/e","n/e","0"
"Montenegro (ME)","11.02.2016 16:00 - 11.02.2016 17:00 (CET/CEST)","n/e","n/e","0"
"Montenegro (ME)","11.02.2016 17:00 - 11.02.2016 18:00 (CET/CEST)","n/e","n/e","0"
"Montenegro (ME)","11.02.2016 18:00 - 11.02.2016 19:00 (CET/CEST)","n/e","n/e","0"
"Montenegro (ME)","11.02.2016 19:00 - 11.02.2016 20:00 (CET/CEST)","n/e","n/e","0"
"Montenegro (ME)","11.02.2016 20:00 - 11.02.2016 21:00 (CET/CEST)","n/e","n/e","0"
"Montenegro (ME)","11.02.2016 21:00 - 11.02.2016 22:00 (CET/CEST)","n/e","n/e","0"
"Montenegro (ME)","11.02.2016 22:00 - 11.02.2016 23:00 (CET/CEST)","n/e","n/e","0"
"Montenegro (ME)","11.02.2016 23:00 - 12.02.2016 00:00 (CET/CEST)","n/e","n/e","0"
"Montenegro (ME)","12.02.2016 00:00 - 12.02.2016 01:00 (CET/CEST)","n/e","n/e","0"
"Montenegro (ME)","12.02.2016 01:00 - 12.02.2016 02:00 (CET/CEST)","n/e","n/e","0"
"Montenegro (ME)","12.02.2016 02:00 - 12.02.2016 03:00 (CET/CEST)","n/e","n/e","0"
"Montenegro (ME)","12.02.2016 03:00 - 12.02.2016 04:00 (CET/CEST)","n/e","n/e","0"
"Montenegro (ME)","12.02.2016 04:00 - 12.02.2016 05:00 (CET/CEST)","n/e","n/e","0"
"Montenegro (ME)","12.02.2016 05:00 - 12.02.2016 06:00 (CET/CEST)","n/e","n/e","0"
"Montenegro (ME)","12.02.2016 06:00 - 12.02.2016 07:00 (CET/CEST)","n/e","n/e","0"
"Montenegro (ME)","12.02.2016 07:00 - 12.02.2016 08:00 (CET/CEST)","n/e","n/e","102"
"Montenegro (ME)","12.02.2016 08:00 - 12.02.2016 09:00 (CET/CEST)","n/e","n/e","96"
"Montenegro (ME)","12.02.2016 09:00 - 12.02.2016 10:00 (CET/CEST)","n/e","n/e","108"
"Montenegro (ME)","12.02.2016 10:00 - 12.02.2016 11:00 (CET/CEST)","n/e","n/e","0"
"Montenegro (ME)","12.02.2016 11:00 - 12.02.2016 12:00 (CET/CEST)","n/e","n/e","0"
"Montenegro (ME)","12.02.2016 12:00 - 12.02.2016 13:00 (CET/CEST)","n/e","n/e","0"
"Montenegro (ME)","12.02.2016 13:00 - 12.02.2016 14:00 (CET/CEST)","n/e","n/e","0"
"Montenegro (ME)","12.02.2016 14:00 - 12.02.2016 15:00 (CET/CEST)","n/e","n/e","0"
"Montenegro (ME)","12.02.2016 15:00 - 12.02.2016 16:00 (CET/CEST)","n/e","n/e","1"
"Montenegro (ME)","12.02.2016 16:00 - 12.02.2016 17:00 (CET/CEST)","n/e","n/e","72"
"Montenegro (ME)","12.02.2016 17:00 - 12.02.2016 18:00 (CET/CEST)","n/e","n/e","221"
"Montenegro (ME)","12.02.2016 18:00 - 12.02.2016 19:00 (CET/CEST)","n/e","n/e","221"
"Montenegro (ME)","12.02.2016 19:00 - 12.02.2016 20:00 (CET/CEST)","n/e","n/e","221"
"Montenegro (ME)","12.02.2016 20:00 - 12.02.2016 21:00 (CET/CEST)","n/e","n/e","100"
"Montenegro (ME)","12.02.2016 21:00 - 12.02.2016 22:00 (CET/CEST)","n/e","n/e","0"
"Montenegro (ME)","12.02.2016 22:00 - 12.02.2016 23:00 (CET/CEST)","n/e","n/e","0"
"Montenegro (ME)","12.02.2016 23:00 - 13.02.2016 00:00 (CET/CEST)","n/e","n/e","0"
"Montenegro (ME)","13.02.2016 00:00 - 13.02.2016 01:00 (CET/CEST)","n/e","n/e","0"
"Montenegro (ME)","13.02.2016 01:00 - 13.02.2016 02:00 (CET/CEST)","n/e","n/e","0"
"Montenegro (ME)","13.02.2016 02:00 - 13.02.2016 03:00 (CET/CEST)","n/e","n/e","0"
"Montenegro (ME)","13.02.2016 03:00 - 13.02.2016 04:00 (CET/CEST)","n/e","n/e","0"
"Montenegro (ME)","13.02.2016 04:00 - 13.02.2016 05:00 (CET/CEST)","n/e","n/e","0"
"Montenegro (ME)","13.02.2016 05:00 - 13.02.2016 06:00 (CET/CEST)","n/e","n/e","0"
"Montenegro (ME)","13.02.2016 06:00 - 13.02.2016 07:00 (CET/CEST)","n/e","n/e","0"
"Montenegro (ME)","13.02.2016 07:00 - 13.02.2016 08:00 (CET/CEST)","n/e","n/e","0"
"Montenegro (ME)","13.02.2016 08:00 - 13.02.2016 09:00 (CET/CEST)","n/e","n/e","0"
"Montenegro (ME)","13.02.2016 09:00 - 13.02.2016 10:00 (CET/CEST)","n/e","n/e","0"
"Montenegro (ME)","13.02.2016 10:00 - 13.02.2016 11:00 (CET/CEST)","n/e","n/e","0"
"Montenegro (ME)","13.02.2016 11:00 - 13.02.2016 12:00 (CET/CEST)","n/e","n/e","0"
"Montenegro (ME)","13.02.2016 12:00 - 13.02.2016 13:00 (CET/CEST)","n/e","n/e","0"
"Montenegro (ME)","13.02.2016 13:00 - 13.02.2016 14:00 (CET/CEST)","n/e","n/e","0"
"Montenegro (ME)","13.02.2016 14:00 - 13.02.2016 15:00 (CET/CEST)","n/e","n/e","0"
"Montenegro (ME)","13.02.2016 15:00 - 13.02.2016 16:00 (CET/CEST)","n/e","n/e","0"
"Montenegro (ME)","13.02.2016 16:00 - 13.02.2016 17:00 (CET/CEST)","n/e","n/e","0"
"Montenegro (ME)","13.02.2016 17:00 - 13.02.2016 18:00 (CET/CEST)","n/e","n/e","0"
"Montenegro (ME)","13.02.2016 18:00 - 13.02.2016 19:00 (CET/CEST)","n/e","n/e","0"
"Montenegro (ME)","13.02.2016 19:00 - 13.02.2016 20:00 (CET/CEST)","n/e","n/e","0"
"Montenegro (ME)","13.02.2016 20:00 - 13.02.2016 21:00 (CET/CEST)","n/e","n/e","0"
"Montenegro (ME)","13.02.2016 21:00 - 13.02.2016 22:00 (CET/CEST)","n/e","n/e","0"
"Montenegro (ME)","13.02.2016 22:00 - 13.02.2016 23:00 (CET/CEST)","n/e","n/e","0"
"Montenegro (ME)","13.02.2016 23:00 - 14.02.2016 00:00 (CET/CEST)","n/e","n/e","0"
"Montenegro (ME)","14.02.2016 00:00 - 14.02.2016 01:00 (CET/CEST)","n/e","n/e","0"
"Montenegro (ME)","14.02.2016 01:00 - 14.02.2016 02:00 (CET/CEST)","n/e","n/e","0"
"Montenegro (ME)","14.02.2016 02:00 - 14.02.2016 03:00 (CET/CEST)","n/e","n/e","0"
"Montenegro (ME)","14.02.2016 03:00 - 14.02.2016 04:00 (CET/CEST)","n/e","n/e","0"
"Montenegro (ME)","14.02.2016 04:00 - 14.02.2016 05:00 (CET/CEST)","n/e","n/e","0"
"Montenegro (ME)","14.02.2016 05:00 - 14.02.2016 06:00 (CET/CEST)","n/e","n/e","0"
"Montenegro (ME)","14.02.2016 06:00 - 14.02.2016 07:00 (CET/CEST)","n/e","n/e","0"
"Montenegro (ME)","14.02.2016 07:00 - 14.02.2016 08:00 (CET/CEST)","n/e","n/e","0"
"Montenegro (ME)","14.02.2016 08:00 - 14.02.2016 09:00 (CET/CEST)","n/e","n/e","0"
"Montenegro (ME)","14.02.2016 09:00 - 14.02.2016 10:00 (CET/CEST)","n/e","n/e","0"
"Montenegro (ME)","14.02.2016 10:00 - 14.02.2016 11:00 (CET/CEST)","n/e","n/e","0"
"Montenegro (ME)","14.02.2016 11:00 - 14.02.2016 12:00 (CET/CEST)","n/e","n/e","0"
"Montenegro (ME)","14.02.2016 12:00 - 14.02.2016 13:00 (CET/CEST)","n/e","n/e","0"
"Montenegro (ME)","14.02.2016 13:00 - 14.02.2016 14:00 (CET/CEST)","n/e","n/e","0"
"Montenegro (ME)","14.02.2016 14:00 - 14.02.2016 15:00 (CET/CEST)","n/e","n/e","0"
"Montenegro (ME)","14.02.2016 15:00 - 14.02.2016 16:00 (CET/CEST)","n/e","n/e","0"
"Montenegro (ME)","14.02.2016 16:00 - 14.02.2016 17:00 (CET/CEST)","n/e","n/e","0"
"Montenegro (ME)","14.02.2016 17:00 - 14.02.2016 18:00 (CET/CEST)","n/e","n/e","0"
"Montenegro (ME)","14.02.2016 18:00 - 14.02.2016 19:00 (CET/CEST)","n/e","n/e","0"
"Montenegro (ME)","14.02.2016 19:00 - 14.02.2016 20:00 (CET/CEST)","n/e","n/e","0"
"Montenegro (ME)","14.02.2016 20:00 - 14.02.2016 21:00 (CET/CEST)","n/e","n/e","0"
"Montenegro (ME)","14.02.2016 21:00 - 14.02.2016 22:00 (CET/CEST)","n/e","n/e","0"
"Montenegro (ME)","14.02.2016 22:00 - 14.02.2016 23:00 (CET/CEST)","n/e","n/e","0"
"Montenegro (ME)","14.02.2016 23:00 - 15.02.2016 00:00 (CET/CEST)","n/e","n/e","0"
"Montenegro (ME)","15.02.2016 00:00 - 15.02.2016 01:00 (CET/CEST)","n/e","n/e","0"
"Montenegro (ME)","15.02.2016 01:00 - 15.02.2016 02:00 (CET/CEST)","n/e","n/e","0"
"Montenegro (ME)","15.02.2016 02:00 - 15.02.2016 03:00 (CET/CEST)","n/e","n/e","0"
"Montenegro (ME)","15.02.2016 03:00 - 15.02.2016 04:00 (CET/CEST)","n/e","n/e","0"
"Montenegro (ME)","15.02.2016 04:00 - 15.02.2016 05:00 (CET/CEST)","n/e","n/e","0"
"Montenegro (ME)","15.02.2016 05:00 - 15.02.2016 06:00 (CET/CEST)","n/e","n/e","0"
"Montenegro (ME)","15.02.2016 06:00 - 15.02.2016 07:00 (CET/CEST)","n/e","n/e","0"
"Montenegro (ME)","15.02.2016 07:00 - 15.02.2016 08:00 (CET/CEST)","n/e","n/e","0"
"Montenegro (ME)","15.02.2016 08:00 - 15.02.2016 09:00 (CET/CEST)","n/e","n/e","0"
"Montenegro (ME)","15.02.2016 09:00 - 15.02.2016 10:00 (CET/CEST)","n/e","n/e","0"
"Montenegro (ME)","15.02.2016 10:00 - 15.02.2016 11:00 (CET/CEST)","n/e","n/e","0"
"Montenegro (ME)","15.02.2016 11:00 - 15.02.2016 12:00 (CET/CEST)","n/e","n/e","0"
"Montenegro (ME)","15.02.2016 12:00 - 15.02.2016 13:00 (CET/CEST)","n/e","n/e","0"
"Montenegro (ME)","15.02.2016 13:00 - 15.02.2016 14:00 (CET/CEST)","n/e","n/e","0"
"Montenegro (ME)","15.02.2016 14:00 - 15.02.2016 15:00 (CET/CEST)","n/e","n/e","0"
"Montenegro (ME)","15.02.2016 15:00 - 15.02.2016 16:00 (CET/CEST)","n/e","n/e","0"
"Montenegro (ME)","15.02.2016 16:00 - 15.02.2016 17:00 (CET/CEST)","n/e","n/e","0"
"Montenegro (ME)","15.02.2016 17:00 - 15.02.2016 18:00 (CET/CEST)","n/e","n/e","0"
"Montenegro (ME)","15.02.2016 18:00 - 15.02.2016 19:00 (CET/CEST)","n/e","n/e","77"
"Montenegro (ME)","15.02.2016 19:00 - 15.02.2016 20:00 (CET/CEST)","n/e","n/e","0"
"Montenegro (ME)","15.02.2016 20:00 - 15.02.2016 21:00 (CET/CEST)","n/e","n/e","0"
"Montenegro (ME)","15.02.2016 21:00 - 15.02.2016 22:00 (CET/CEST)","n/e","n/e","0"
"Montenegro (ME)","15.02.2016 22:00 - 15.02.2016 23:00 (CET/CEST)","n/e","n/e","0"
"Montenegro (ME)","15.02.2016 23:00 - 16.02.2016 00:00 (CET/CEST)","n/e","n/e","0"
"Montenegro (ME)","16.02.2016 00:00 - 16.02.2016 01:00 (CET/CEST)","n/e","n/e","143"
"Montenegro (ME)","16.02.2016 01:00 - 16.02.2016 02:00 (CET/CEST)","n/e","n/e","150"
"Montenegro (ME)","16.02.2016 02:00 - 16.02.2016 03:00 (CET/CEST)","n/e","n/e","149"
"Montenegro (ME)","16.02.2016 03:00 - 16.02.2016 04:00 (CET/CEST)","n/e","n/e","151"
"Montenegro (ME)","16.02.2016 04:00 - 16.02.2016 05:00 (CET/CEST)","n/e","n/e","151"
"Montenegro (ME)","16.02.2016 05:00 - 16.02.2016 06:00 (CET/CEST)","n/e","n/e","151"
"Montenegro (ME)","16.02.2016 06:00 - 16.02.2016 07:00 (CET/CEST)","n/e","n/e","175"
"Montenegro (ME)","16.02.2016 07:00 - 16.02.2016 08:00 (CET/CEST)","n/e","n/e","201"
"Montenegro (ME)","16.02.2016 08:00 - 16.02.2016 09:00 (CET/CEST)","n/e","n/e","339"
"Montenegro (ME)","16.02.2016 09:00 - 16.02.2016 10:00 (CET/CEST)","n/e","n/e","190"
"Montenegro (ME)","16.02.2016 10:00 - 16.02.2016 11:00 (CET/CEST)","n/e","n/e","180"
"Montenegro (ME)","16.02.2016 11:00 - 16.02.2016 12:00 (CET/CEST)","n/e","n/e","1"
"Montenegro (ME)","16.02.2016 12:00 - 16.02.2016 13:00 (CET/CEST)","n/e","n/e","0"
"Montenegro (ME)","16.02.2016 13:00 - 16.02.2016 14:00 (CET/CEST)","n/e","n/e","0"
"Montenegro (ME)","16.02.2016 14:00 - 16.02.2016 15:00 (CET/CEST)","n/e","n/e","0"
"Montenegro (ME)","16.02.2016 15:00 - 16.02.2016 16:00 (CET/CEST)","n/e","n/e","0"
"Montenegro (ME)","16.02.2016 16:00 - 16.02.2016 17:00 (CET/CEST)","n/e","n/e","1"
"Montenegro (ME)","16.02.2016 17:00 - 16.02.2016 18:00 (CET/CEST)","n/e","n/e","165"
"Montenegro (ME)","16.02.2016 18:00 - 16.02.2016 19:00 (CET/CEST)","n/e","n/e","299"
"Montenegro (ME)","16.02.2016 19:00 - 16.02.2016 20:00 (CET/CEST)","n/e","n/e","298"
"Montenegro (ME)","16.02.2016 20:00 - 16.02.2016 21:00 (CET/CEST)","n/e","n/e","71"
"Montenegro (ME)","16.02.2016 21:00 - 16.02.2016 22:00 (CET/CEST)","n/e","n/e","70"
"Montenegro (ME)","16.02.2016 22:00 - 16.02.2016 23:00 (CET/CEST)","n/e","n/e","71"
"Montenegro (ME)","16.02.2016 23:00 - 17.02.2016 00:00 (CET/CEST)","n/e","n/e","80"
"Montenegro (ME)","17.02.2016 00:00 - 17.02.2016 01:00 (CET/CEST)","n/e","n/e","0"
"Montenegro (ME)","17.02.2016 01:00 - 17.02.2016 02:00 (CET/CEST)","n/e","n/e","0"
"Montenegro (ME)","17.02.2016 02:00 - 17.02.2016 03:00 (CET/CEST)","n/e","n/e","0"
"Montenegro (ME)","17.02.2016 03:00 - 17.02.2016 04:00 (CET/CEST)","n/e","n/e","0"
"Montenegro (ME)","17.02.2016 04:00 - 17.02.2016 05:00 (CET/CEST)","n/e","n/e","0"
"Montenegro (ME)","17.02.2016 05:00 - 17.02.2016 06:00 (CET/CEST)","n/e","n/e","0"
"Montenegro (ME)","17.02.2016 06:00 - 17.02.2016 07:00 (CET/CEST)","n/e","n/e","0"
"Montenegro (ME)","17.02.2016 07:00 - 17.02.2016 08:00 (CET/CEST)","n/e","n/e","0"
"Montenegro (ME)","17.02.2016 08:00 - 17.02.2016 09:00 (CET/CEST)","n/e","n/e","0"
"Montenegro (ME)","17.02.2016 09:00 - 17.02.2016 10:00 (CET/CEST)","n/e","n/e","0"
"Montenegro (ME)","17.02.2016 10:00 - 17.02.2016 11:00 (CET/CEST)","n/e","n/e","0"
"Montenegro (ME)","17.02.2016 11:00 - 17.02.2016 12:00 (CET/CEST)","n/e","n/e","0"
"Montenegro (ME)","17.02.2016 12:00 - 17.02.2016 13:00 (CET/CEST)","n/e","n/e","0"
"Montenegro (ME)","17.02.2016 13:00 - 17.02.2016 14:00 (CET/CEST)","n/e","n/e","0"
"Montenegro (ME)","17.02.2016 14:00 - 17.02.2016 15:00 (CET/CEST)","n/e","n/e","0"
"Montenegro (ME)","17.02.2016 15:00 - 17.02.2016 16:00 (CET/CEST)","n/e","n/e","0"
"Montenegro (ME)","17.02.2016 16:00 - 17.02.2016 17:00 (CET/CEST)","n/e","n/e","0"
"Montenegro (ME)","17.02.2016 17:00 - 17.02.2016 18:00 (CET/CEST)","n/e","n/e","121"
"Montenegro (ME)","17.02.2016 18:00 - 17.02.2016 19:00 (CET/CEST)","n/e","n/e","290"
"Montenegro (ME)","17.02.2016 19:00 - 17.02.2016 20:00 (CET/CEST)","n/e","n/e","158"
"Montenegro (ME)","17.02.2016 20:00 - 17.02.2016 21:00 (CET/CEST)","n/e","n/e","0"
"Montenegro (ME)","17.02.2016 21:00 - 17.02.2016 22:00 (CET/CEST)","n/e","n/e","0"
"Montenegro (ME)","17.02.2016 22:00 - 17.02.2016 23:00 (CET/CEST)","n/e","n/e","0"
"Montenegro (ME)","17.02.2016 23:00 - 18.02.2016 00:00 (CET/CEST)","n/e","n/e","0"
"Montenegro (ME)","18.02.2016 00:00 - 18.02.2016 01:00 (CET/CEST)","n/e","n/e","0"
"Montenegro (ME)","18.02.2016 01:00 - 18.02.2016 02:00 (CET/CEST)","n/e","n/e","0"
"Montenegro (ME)","18.02.2016 02:00 - 18.02.2016 03:00 (CET/CEST)","n/e","n/e","0"
"Montenegro (ME)","18.02.2016 03:00 - 18.02.2016 04:00 (CET/CEST)","n/e","n/e","0"
"Montenegro (ME)","18.02.2016 04:00 - 18.02.2016 05:00 (CET/CEST)","n/e","n/e","0"
"Montenegro (ME)","18.02.2016 05:00 - 18.02.2016 06:00 (CET/CEST)","n/e","n/e","0"
"Montenegro (ME)","18.02.2016 06:00 - 18.02.2016 07:00 (CET/CEST)","n/e","n/e","1"
"Montenegro (ME)","18.02.2016 07:00 - 18.02.2016 08:00 (CET/CEST)","n/e","n/e","99"
"Montenegro (ME)","18.02.2016 08:00 - 18.02.2016 09:00 (CET/CEST)","n/e","n/e","96"
"Montenegro (ME)","18.02.2016 09:00 - 18.02.2016 10:00 (CET/CEST)","n/e","n/e","88"
"Montenegro (ME)","18.02.2016 10:00 - 18.02.2016 11:00 (CET/CEST)","n/e","n/e","99"
"Montenegro (ME)","18.02.2016 11:00 - 18.02.2016 12:00 (CET/CEST)","n/e","n/e","102"
"Montenegro (ME)","18.02.2016 12:00 - 18.02.2016 13:00 (CET/CEST)","n/e","n/e","102"
"Montenegro (ME)","18.02.2016 13:00 - 18.02.2016 14:00 (CET/CEST)","n/e","n/e","102"
"Montenegro (ME)","18.02.2016 14:00 - 18.02.2016 15:00 (CET/CEST)","n/e","n/e","101"
"Montenegro (ME)","18.02.2016 15:00 - 18.02.2016 16:00 (CET/CEST)","n/e","n/e","102"
"Montenegro (ME)","18.02.2016 16:00 - 18.02.2016 17:00 (CET/CEST)","n/e","n/e","102"
"Montenegro (ME)","18.02.2016 17:00 - 18.02.2016 18:00 (CET/CEST)","n/e","n/e","143"
"Montenegro (ME)","18.02.2016 18:00 - 18.02.2016 19:00 (CET/CEST)","n/e","n/e","259"
"Montenegro (ME)","18.02.2016 19:00 - 18.02.2016 20:00 (CET/CEST)","n/e","n/e","148"
"Montenegro (ME)","18.02.2016 20:00 - 18.02.2016 21:00 (CET/CEST)","n/e","n/e","89"
"Montenegro (ME)","18.02.2016 21:00 - 18.02.2016 22:00 (CET/CEST)","n/e","n/e","0"
"Montenegro (ME)","18.02.2016 22:00 - 18.02.2016 23:00 (CET/CEST)","n/e","n/e","0"
"Montenegro (ME)","18.02.2016 23:00 - 19.02.2016 00:00 (CET/CEST)","n/e","n/e","0"
"Montenegro (ME)","19.02.2016 00:00 - 19.02.2016 01:00 (CET/CEST)","n/e","n/e","0"
"Montenegro (ME)","19.02.2016 01:00 - 19.02.2016 02:00 (CET/CEST)","n/e","n/e","0"
"Montenegro (ME)","19.02.2016 02:00 - 19.02.2016 03:00 (CET/CEST)","n/e","n/e","0"
"Montenegro (ME)","19.02.2016 03:00 - 19.02.2016 04:00 (CET/CEST)","n/e","n/e","0"
"Montenegro (ME)","19.02.2016 04:00 - 19.02.2016 05:00 (CET/CEST)","n/e","n/e","0"
"Montenegro (ME)","19.02.2016 05:00 - 19.02.2016 06:00 (CET/CEST)","n/e","n/e","0"
"Montenegro (ME)","19.02.2016 06:00 - 19.02.2016 07:00 (CET/CEST)","n/e","n/e","1"
"Montenegro (ME)","19.02.2016 07:00 - 19.02.2016 08:00 (CET/CEST)","n/e","n/e","74"
"Montenegro (ME)","19.02.2016 08:00 - 19.02.2016 09:00 (CET/CEST)","n/e","n/e","202"
"Montenegro (ME)","19.02.2016 09:00 - 19.02.2016 10:00 (CET/CEST)","n/e","n/e","153"
"Montenegro (ME)","19.02.2016 10:00 - 19.02.2016 11:00 (CET/CEST)","n/e","n/e","147"
"Montenegro (ME)","19.02.2016 11:00 - 19.02.2016 12:00 (CET/CEST)","n/e","n/e","142"
"Montenegro (ME)","19.02.2016 12:00 - 19.02.2016 13:00 (CET/CEST)","n/e","n/e","140"
"Montenegro (ME)","19.02.2016 13:00 - 19.02.2016 14:00 (CET/CEST)","n/e","n/e","77"
"Montenegro (ME)","19.02.2016 14:00 - 19.02.2016 15:00 (CET/CEST)","n/e","n/e","72"
"Montenegro (ME)","19.02.2016 15:00 - 19.02.2016 16:00 (CET/CEST)","n/e","n/e","71"
"Montenegro (ME)","19.02.2016 16:00 - 19.02.2016 17:00 (CET/CEST)","n/e","n/e","81"
"Montenegro (ME)","19.02.2016 17:00 - 19.02.2016 18:00 (CET/CEST)","n/e","n/e","161"
"Montenegro (ME)","19.02.2016 18:00 - 19.02.2016 19:00 (CET/CEST)","n/e","n/e","188"
"Montenegro (ME)","19.02.2016 19:00 - 19.02.2016 20:00 (CET/CEST)","n/e","n/e","188"
"Montenegro (ME)","19.02.2016 20:00 - 19.02.2016 21:00 (CET/CEST)","n/e","n/e","90"
"Montenegro (ME)","19.02.2016 21:00 - 19.02.2016 22:00 (CET/CEST)","n/e","n/e","1"
"Montenegro (ME)","19.02.2016 22:00 - 19.02.2016 23:00 (CET/CEST)","n/e","n/e","0"
"Montenegro (ME)","19.02.2016 23:00 - 20.02.2016 00:00 (CET/CEST)","n/e","n/e","0"
"Montenegro (ME)","20.02.2016 00:00 - 20.02.2016 01:00 (CET/CEST)","n/e","n/e","0"
"Montenegro (ME)","20.02.2016 01:00 - 20.02.2016 02:00 (CET/CEST)","n/e","n/e","0"
"Montenegro (ME)","20.02.2016 02:00 - 20.02.2016 03:00 (CET/CEST)","n/e","n/e","0"
"Montenegro (ME)","20.02.2016 03:00 - 20.02.2016 04:00 (CET/CEST)","n/e","n/e","0"
"Montenegro (ME)","20.02.2016 04:00 - 20.02.2016 05:00 (CET/CEST)","n/e","n/e","0"
"Montenegro (ME)","20.02.2016 05:00 - 20.02.2016 06:00 (CET/CEST)","n/e","n/e","0"
"Montenegro (ME)","20.02.2016 06:00 - 20.02.2016 07:00 (CET/CEST)","n/e","n/e","0"
"Montenegro (ME)","20.02.2016 07:00 - 20.02.2016 08:00 (CET/CEST)","n/e","n/e","0"
"Montenegro (ME)","20.02.2016 08:00 - 20.02.2016 09:00 (CET/CEST)","n/e","n/e","0"
"Montenegro (ME)","20.02.2016 09:00 - 20.02.2016 10:00 (CET/CEST)","n/e","n/e","81"
"Montenegro (ME)","20.02.2016 10:00 - 20.02.2016 11:00 (CET/CEST)","n/e","n/e","94"
"Montenegro (ME)","20.02.2016 11:00 - 20.02.2016 12:00 (CET/CEST)","n/e","n/e","88"
"Montenegro (ME)","20.02.2016 12:00 - 20.02.2016 13:00 (CET/CEST)","n/e","n/e","95"
"Montenegro (ME)","20.02.2016 13:00 - 20.02.2016 14:00 (CET/CEST)","n/e","n/e","88"
"Montenegro (ME)","20.02.2016 14:00 - 20.02.2016 15:00 (CET/CEST)","n/e","n/e","80"
"Montenegro (ME)","20.02.2016 15:00 - 20.02.2016 16:00 (CET/CEST)","n/e","n/e","76"
"Montenegro (ME)","20.02.2016 16:00 - 20.02.2016 17:00 (CET/CEST)","n/e","n/e","77"
"Montenegro (ME)","20.02.2016 17:00 - 20.02.2016 18:00 (CET/CEST)","n/e","n/e","111"
"Montenegro (ME)","20.02.2016 18:00 - 20.02.2016 19:00 (CET/CEST)","n/e","n/e","168"
"Montenegro (ME)","20.02.2016 19:00 - 20.02.2016 20:00 (CET/CEST)","n/e","n/e","169"
"Montenegro (ME)","20.02.2016 20:00 - 20.02.2016 21:00 (CET/CEST)","n/e","n/e","99"
"Montenegro (ME)","20.02.2016 21:00 - 20.02.2016 22:00 (CET/CEST)","n/e","n/e","0"
"Montenegro (ME)","20.02.2016 22:00 - 20.02.2016 23:00 (CET/CEST)","n/e","n/e","0"
"Montenegro (ME)","20.02.2016 23:00 - 21.02.2016 00:00 (CET/CEST)","n/e","n/e","0"
"Montenegro (ME)","21.02.2016 00:00 - 21.02.2016 01:00 (CET/CEST)","n/e","n/e","0"
"Montenegro (ME)","21.02.2016 01:00 - 21.02.2016 02:00 (CET/CEST)","n/e","n/e","0"
"Montenegro (ME)","21.02.2016 02:00 - 21.02.2016 03:00 (CET/CEST)","n/e","n/e","0"
"Montenegro (ME)","21.02.2016 03:00 - 21.02.2016 04:00 (CET/CEST)","n/e","n/e","0"
"Montenegro (ME)","21.02.2016 04:00 - 21.02.2016 05:00 (CET/CEST)","n/e","n/e","0"
"Montenegro (ME)","21.02.2016 05:00 - 21.02.2016 06:00 (CET/CEST)","n/e","n/e","0"
"Montenegro (ME)","21.02.2016 06:00 - 21.02.2016 07:00 (CET/CEST)","n/e","n/e","0"
"Montenegro (ME)","21.02.2016 07:00 - 21.02.2016 08:00 (CET/CEST)","n/e","n/e","0"
"Montenegro (ME)","21.02.2016 08:00 - 21.02.2016 09:00 (CET/CEST)","n/e","n/e","0"
"Montenegro (ME)","21.02.2016 09:00 - 21.02.2016 10:00 (CET/CEST)","n/e","n/e","0"
"Montenegro (ME)","21.02.2016 10:00 - 21.02.2016 11:00 (CET/CEST)","n/e","n/e","0"
"Montenegro (ME)","21.02.2016 11:00 - 21.02.2016 12:00 (CET/CEST)","n/e","n/e","0"
"Montenegro (ME)","21.02.2016 12:00 - 21.02.2016 13:00 (CET/CEST)","n/e","n/e","0"
"Montenegro (ME)","21.02.2016 13:00 - 21.02.2016 14:00 (CET/CEST)","n/e","n/e","0"
"Montenegro (ME)","21.02.2016 14:00 - 21.02.2016 15:00 (CET/CEST)","n/e","n/e","0"
"Montenegro (ME)","21.02.2016 15:00 - 21.02.2016 16:00 (CET/CEST)","n/e","n/e","0"
"Montenegro (ME)","21.02.2016 16:00 - 21.02.2016 17:00 (CET/CEST)","n/e","n/e","0"
"Montenegro (ME)","21.02.2016 17:00 - 21.02.2016 18:00 (CET/CEST)","n/e","n/e","108"
"Montenegro (ME)","21.02.2016 18:00 - 21.02.2016 19:00 (CET/CEST)","n/e","n/e","150"
"Montenegro (ME)","21.02.2016 19:00 - 21.02.2016 20:00 (CET/CEST)","n/e","n/e","147"
"Montenegro (ME)","21.02.2016 20:00 - 21.02.2016 21:00 (CET/CEST)","n/e","n/e","100"
"Montenegro (ME)","21.02.2016 21:00 - 21.02.2016 22:00 (CET/CEST)","n/e","n/e","0"
"Montenegro (ME)","21.02.2016 22:00 - 21.02.2016 23:00 (CET/CEST)","n/e","n/e","0"
"Montenegro (ME)","21.02.2016 23:00 - 22.02.2016 00:00 (CET/CEST)","n/e","n/e","0"
"Montenegro (ME)","22.02.2016 00:00 - 22.02.2016 01:00 (CET/CEST)","n/e","n/e","0"
"Montenegro (ME)","22.02.2016 01:00 - 22.02.2016 02:00 (CET/CEST)","n/e","n/e","0"
"Montenegro (ME)","22.02.2016 02:00 - 22.02.2016 03:00 (CET/CEST)","n/e","n/e","0"
"Montenegro (ME)","22.02.2016 03:00 - 22.02.2016 04:00 (CET/CEST)","n/e","n/e","0"
"Montenegro (ME)","22.02.2016 04:00 - 22.02.2016 05:00 (CET/CEST)","n/e","n/e","0"
"Montenegro (ME)","22.02.2016 05:00 - 22.02.2016 06:00 (CET/CEST)","n/e","n/e","0"
"Montenegro (ME)","22.02.2016 06:00 - 22.02.2016 07:00 (CET/CEST)","n/e","n/e","0"
"Montenegro (ME)","22.02.2016 07:00 - 22.02.2016 08:00 (CET/CEST)","n/e","n/e","109"
"Montenegro (ME)","22.02.2016 08:00 - 22.02.2016 09:00 (CET/CEST)","n/e","n/e","141"
"Montenegro (ME)","22.02.2016 09:00 - 22.02.2016 10:00 (CET/CEST)","n/e","n/e","146"
"Montenegro (ME)","22.02.2016 10:00 - 22.02.2016 11:00 (CET/CEST)","n/e","n/e","111"
"Montenegro (ME)","22.02.2016 11:00 - 22.02.2016 12:00 (CET/CEST)","n/e","n/e","109"
"Montenegro (ME)","22.02.2016 12:00 - 22.02.2016 13:00 (CET/CEST)","n/e","n/e","110"
"Montenegro (ME)","22.02.2016 13:00 - 22.02.2016 14:00 (CET/CEST)","n/e","n/e","110"
"Montenegro (ME)","22.02.2016 14:00 - 22.02.2016 15:00 (CET/CEST)","n/e","n/e","110"
"Montenegro (ME)","22.02.2016 15:00 - 22.02.2016 16:00 (CET/CEST)","n/e","n/e","110"
"Montenegro (ME)","22.02.2016 16:00 - 22.02.2016 17:00 (CET/CEST)","n/e","n/e","110"
"Montenegro (ME)","22.02.2016 17:00 - 22.02.2016 18:00 (CET/CEST)","n/e","n/e","101"
"Montenegro (ME)","22.02.2016 18:00 - 22.02.2016 19:00 (CET/CEST)","n/e","n/e","226"
"Montenegro (ME)","22.02.2016 19:00 - 22.02.2016 20:00 (CET/CEST)","n/e","n/e","210"
"Montenegro (ME)","22.02.2016 20:00 - 22.02.2016 21:00 (CET/CEST)","n/e","n/e","165"
"Montenegro (ME)","22.02.2016 21:00 - 22.02.2016 22:00 (CET/CEST)","n/e","n/e","0"
"Montenegro (ME)","22.02.2016 22:00 - 22.02.2016 23:00 (CET/CEST)","n/e","n/e","0"
"Montenegro (ME)","22.02.2016 23:00 - 23.02.2016 00:00 (CET/CEST)","n/e","n/e","0"
"Montenegro (ME)","23.02.2016 00:00 - 23.02.2016 01:00 (CET/CEST)","n/e","n/e","0"
"Montenegro (ME)","23.02.2016 01:00 - 23.02.2016 02:00 (CET/CEST)","n/e","n/e","0"
"Montenegro (ME)","23.02.2016 02:00 - 23.02.2016 03:00 (CET/CEST)","n/e","n/e","0"
"Montenegro (ME)","23.02.2016 03:00 - 23.02.2016 04:00 (CET/CEST)","n/e","n/e","0"
"Montenegro (ME)","23.02.2016 04:00 - 23.02.2016 05:00 (CET/CEST)","n/e","n/e","0"
"Montenegro (ME)","23.02.2016 05:00 - 23.02.2016 06:00 (CET/CEST)","n/e","n/e","0"
"Montenegro (ME)","23.02.2016 06:00 - 23.02.2016 07:00 (CET/CEST)","n/e","n/e","0"
"Montenegro (ME)","23.02.2016 07:00 - 23.02.2016 08:00 (CET/CEST)","n/e","n/e","110"
"Montenegro (ME)","23.02.2016 08:00 - 23.02.2016 09:00 (CET/CEST)","n/e","n/e","220"
"Montenegro (ME)","23.02.2016 09:00 - 23.02.2016 10:00 (CET/CEST)","n/e","n/e","221"
"Montenegro (ME)","23.02.2016 10:00 - 23.02.2016 11:00 (CET/CEST)","n/e","n/e","220"
"Montenegro (ME)","23.02.2016 11:00 - 23.02.2016 12:00 (CET/CEST)","n/e","n/e","200"
"Montenegro (ME)","23.02.2016 12:00 - 23.02.2016 13:00 (CET/CEST)","n/e","n/e","195"
"Montenegro (ME)","23.02.2016 13:00 - 23.02.2016 14:00 (CET/CEST)","n/e","n/e","190"
"Montenegro (ME)","23.02.2016 14:00 - 23.02.2016 15:00 (CET/CEST)","n/e","n/e","180"
"Montenegro (ME)","23.02.2016 15:00 - 23.02.2016 16:00 (CET/CEST)","n/e","n/e","182"
"Montenegro (ME)","23.02.2016 16:00 - 23.02.2016 17:00 (CET/CEST)","n/e","n/e","191"
"Montenegro (ME)","23.02.2016 17:00 - 23.02.2016 18:00 (CET/CEST)","n/e","n/e","272"
"Montenegro (ME)","23.02.2016 18:00 - 23.02.2016 19:00 (CET/CEST)","n/e","n/e","332"
"Montenegro (ME)","23.02.2016 19:00 - 23.02.2016 20:00 (CET/CEST)","n/e","n/e","331"
"Montenegro (ME)","23.02.2016 20:00 - 23.02.2016 21:00 (CET/CEST)","n/e","n/e","260"
"Montenegro (ME)","23.02.2016 21:00 - 23.02.2016 22:00 (CET/CEST)","n/e","n/e","0"
"Montenegro (ME)","23.02.2016 22:00 - 23.02.2016 23:00 (CET/CEST)","n/e","n/e","0"
"Montenegro (ME)","23.02.2016 23:00 - 24.02.2016 00:00 (CET/CEST)","n/e","n/e","0"
"Montenegro (ME)","24.02.2016 00:00 - 24.02.2016 01:00 (CET/CEST)","n/e","n/e","0"
"Montenegro (ME)","24.02.2016 01:00 - 24.02.2016 02:00 (CET/CEST)","n/e","n/e","0"
"Montenegro (ME)","24.02.2016 02:00 - 24.02.2016 03:00 (CET/CEST)","n/e","n/e","0"
"Montenegro (ME)","24.02.2016 03:00 - 24.02.2016 04:00 (CET/CEST)","n/e","n/e","0"
"Montenegro (ME)","24.02.2016 04:00 - 24.02.2016 05:00 (CET/CEST)","n/e","n/e","0"
"Montenegro (ME)","24.02.2016 05:00 - 24.02.2016 06:00 (CET/CEST)","n/e","n/e","0"
"Montenegro (ME)","24.02.2016 06:00 - 24.02.2016 07:00 (CET/CEST)","n/e","n/e","0"
"Montenegro (ME)","24.02.2016 07:00 - 24.02.2016 08:00 (CET/CEST)","n/e","n/e","219"
"Montenegro (ME)","24.02.2016 08:00 - 24.02.2016 09:00 (CET/CEST)","n/e","n/e","281"
"Montenegro (ME)","24.02.2016 09:00 - 24.02.2016 10:00 (CET/CEST)","n/e","n/e","259"
"Montenegro (ME)","24.02.2016 10:00 - 24.02.2016 11:00 (CET/CEST)","n/e","n/e","260"
"Montenegro (ME)","24.02.2016 11:00 - 24.02.2016 12:00 (CET/CEST)","n/e","n/e","261"
"Montenegro (ME)","24.02.2016 12:00 - 24.02.2016 13:00 (CET/CEST)","n/e","n/e","200"
"Montenegro (ME)","24.02.2016 13:00 - 24.02.2016 14:00 (CET/CEST)","n/e","n/e","201"
"Montenegro (ME)","24.02.2016 14:00 - 24.02.2016 15:00 (CET/CEST)","n/e","n/e","200"
"Montenegro (ME)","24.02.2016 15:00 - 24.02.2016 16:00 (CET/CEST)","n/e","n/e","201"
"Montenegro (ME)","24.02.2016 16:00 - 24.02.2016 17:00 (CET/CEST)","n/e","n/e","201"
"Montenegro (ME)","24.02.2016 17:00 - 24.02.2016 18:00 (CET/CEST)","n/e","n/e","301"
"Montenegro (ME)","24.02.2016 18:00 - 24.02.2016 19:00 (CET/CEST)","n/e","n/e","301"
"Montenegro (ME)","24.02.2016 19:00 - 24.02.2016 20:00 (CET/CEST)","n/e","n/e","300"
"Montenegro (ME)","24.02.2016 20:00 - 24.02.2016 21:00 (CET/CEST)","n/e","n/e","279"
"Montenegro (ME)","24.02.2016 21:00 - 24.02.2016 22:00 (CET/CEST)","n/e","n/e","71"
"Montenegro (ME)","24.02.2016 22:00 - 24.02.2016 23:00 (CET/CEST)","n/e","n/e","70"
"Montenegro (ME)","24.02.2016 23:00 - 25.02.2016 00:00 (CET/CEST)","n/e","n/e","71"
"Montenegro (ME)","25.02.2016 00:00 - 25.02.2016 01:00 (CET/CEST)","n/e","n/e","0"
"Montenegro (ME)","25.02.2016 01:00 - 25.02.2016 02:00 (CET/CEST)","n/e","n/e","0"
"Montenegro (ME)","25.02.2016 02:00 - 25.02.2016 03:00 (CET/CEST)","n/e","n/e","0"
"Montenegro (ME)","25.02.2016 03:00 - 25.02.2016 04:00 (CET/CEST)","n/e","n/e","0"
"Montenegro (ME)","25.02.2016 04:00 - 25.02.2016 05:00 (CET/CEST)","n/e","n/e","0"
"Montenegro (ME)","25.02.2016 05:00 - 25.02.2016 06:00 (CET/CEST)","n/e","n/e","0"
"Montenegro (ME)","25.02.2016 06:00 - 25.02.2016 07:00 (CET/CEST)","n/e","n/e","0"
"Montenegro (ME)","25.02.2016 07:00 - 25.02.2016 08:00 (CET/CEST)","n/e","n/e","260"
"Montenegro (ME)","25.02.2016 08:00 - 25.02.2016 09:00 (CET/CEST)","n/e","n/e","291"
"Montenegro (ME)","25.02.2016 09:00 - 25.02.2016 10:00 (CET/CEST)","n/e","n/e","291"
"Montenegro (ME)","25.02.2016 10:00 - 25.02.2016 11:00 (CET/CEST)","n/e","n/e","291"
"Montenegro (ME)","25.02.2016 11:00 - 25.02.2016 12:00 (CET/CEST)","n/e","n/e","290"
"Montenegro (ME)","25.02.2016 12:00 - 25.02.2016 13:00 (CET/CEST)","n/e","n/e","292"
"Montenegro (ME)","25.02.2016 13:00 - 25.02.2016 14:00 (CET/CEST)","n/e","n/e","291"
"Montenegro (ME)","25.02.2016 14:00 - 25.02.2016 15:00 (CET/CEST)","n/e","n/e","291"
"Montenegro (ME)","25.02.2016 15:00 - 25.02.2016 16:00 (CET/CEST)","n/e","n/e","292"
"Montenegro (ME)","25.02.2016 16:00 - 25.02.2016 17:00 (CET/CEST)","n/e","n/e","292"
"Montenegro (ME)","25.02.2016 17:00 - 25.02.2016 18:00 (CET/CEST)","n/e","n/e","331"
"Montenegro (ME)","25.02.2016 18:00 - 25.02.2016 19:00 (CET/CEST)","n/e","n/e","332"
"Montenegro (ME)","25.02.2016 19:00 - 25.02.2016 20:00 (CET/CEST)","n/e","n/e","331"
"Montenegro (ME)","25.02.2016 20:00 - 25.02.2016 21:00 (CET/CEST)","n/e","n/e","320"
"Montenegro (ME)","25.02.2016 21:00 - 25.02.2016 22:00 (CET/CEST)","n/e","n/e","141"
"Montenegro (ME)","25.02.2016 22:00 - 25.02.2016 23:00 (CET/CEST)","n/e","n/e","71"
"Montenegro (ME)","25.02.2016 23:00 - 26.02.2016 00:00 (CET/CEST)","n/e","n/e","71"
"Montenegro (ME)","26.02.2016 00:00 - 26.02.2016 01:00 (CET/CEST)","n/e","n/e","0"
"Montenegro (ME)","26.02.2016 01:00 - 26.02.2016 02:00 (CET/CEST)","n/e","n/e","0"
"Montenegro (ME)","26.02.2016 02:00 - 26.02.2016 03:00 (CET/CEST)","n/e","n/e","0"
"Montenegro (ME)","26.02.2016 03:00 - 26.02.2016 04:00 (CET/CEST)","n/e","n/e","0"
"Montenegro (ME)","26.02.2016 04:00 - 26.02.2016 05:00 (CET/CEST)","n/e","n/e","0"
"Montenegro (ME)","26.02.2016 05:00 - 26.02.2016 06:00 (CET/CEST)","n/e","n/e","0"
"Montenegro (ME)","26.02.2016 06:00 - 26.02.2016 07:00 (CET/CEST)","n/e","n/e","1"
"Montenegro (ME)","26.02.2016 07:00 - 26.02.2016 08:00 (CET/CEST)","n/e","n/e","220"
"Montenegro (ME)","26.02.2016 08:00 - 26.02.2016 09:00 (CET/CEST)","n/e","n/e","262"
"Montenegro (ME)","26.02.2016 09:00 - 26.02.2016 10:00 (CET/CEST)","n/e","n/e","271"
"Montenegro (ME)","26.02.2016 10:00 - 26.02.2016 11:00 (CET/CEST)","n/e","n/e","226"
"Montenegro (ME)","26.02.2016 11:00 - 26.02.2016 12:00 (CET/CEST)","n/e","n/e","220"
"Montenegro (ME)","26.02.2016 12:00 - 26.02.2016 13:00 (CET/CEST)","n/e","n/e","221"
"Montenegro (ME)","26.02.2016 13:00 - 26.02.2016 14:00 (CET/CEST)","n/e","n/e","222"
"Montenegro (ME)","26.02.2016 14:00 - 26.02.2016 15:00 (CET/CEST)","n/e","n/e","200"
"Montenegro (ME)","26.02.2016 15:00 - 26.02.2016 16:00 (CET/CEST)","n/e","n/e","200"
"Montenegro (ME)","26.02.2016 16:00 - 26.02.2016 17:00 (CET/CEST)","n/e","n/e","202"
"Montenegro (ME)","26.02.2016 17:00 - 26.02.2016 18:00 (CET/CEST)","n/e","n/e","282"
"Montenegro (ME)","26.02.2016 18:00 - 26.02.2016 19:00 (CET/CEST)","n/e","n/e","332"
"Montenegro (ME)","26.02.2016 19:00 - 26.02.2016 20:00 (CET/CEST)","n/e","n/e","333"
"Montenegro (ME)","26.02.2016 20:00 - 26.02.2016 21:00 (CET/CEST)","n/e","n/e","220"
"Montenegro (ME)","26.02.2016 21:00 - 26.02.2016 22:00 (CET/CEST)","n/e","n/e","1"
"Montenegro (ME)","26.02.2016 22:00 - 26.02.2016 23:00 (CET/CEST)","n/e","n/e","0"
"Montenegro (ME)","26.02.2016 23:00 - 27.02.2016 00:00 (CET/CEST)","n/e","n/e","0"
"Montenegro (ME)","27.02.2016 00:00 - 27.02.2016 01:00 (CET/CEST)","n/e","n/e","0"
"Montenegro (ME)","27.02.2016 01:00 - 27.02.2016 02:00 (CET/CEST)","n/e","n/e","0"
"Montenegro (ME)","27.02.2016 02:00 - 27.02.2016 03:00 (CET/CEST)","n/e","n/e","0"
"Montenegro (ME)","27.02.2016 03:00 - 27.02.2016 04:00 (CET/CEST)","n/e","n/e","0"
"Montenegro (ME)","27.02.2016 04:00 - 27.02.2016 05:00 (CET/CEST)","n/e","n/e","0"
"Montenegro (ME)","27.02.2016 05:00 - 27.02.2016 06:00 (CET/CEST)","n/e","n/e","0"
"Montenegro (ME)","27.02.2016 06:00 - 27.02.2016 07:00 (CET/CEST)","n/e","n/e","0"
"Montenegro (ME)","27.02.2016 07:00 - 27.02.2016 08:00 (CET/CEST)","n/e","n/e","71"
"Montenegro (ME)","27.02.2016 08:00 - 27.02.2016 09:00 (CET/CEST)","n/e","n/e","71"
"Montenegro (ME)","27.02.2016 09:00 - 27.02.2016 10:00 (CET/CEST)","n/e","n/e","71"
"Montenegro (ME)","27.02.2016 10:00 - 27.02.2016 11:00 (CET/CEST)","n/e","n/e","70"
"Montenegro (ME)","27.02.2016 11:00 - 27.02.2016 12:00 (CET/CEST)","n/e","n/e","71"
"Montenegro (ME)","27.02.2016 12:00 - 27.02.2016 13:00 (CET/CEST)","n/e","n/e","71"
"Montenegro (ME)","27.02.2016 13:00 - 27.02.2016 14:00 (CET/CEST)","n/e","n/e","71"
"Montenegro (ME)","27.02.2016 14:00 - 27.02.2016 15:00 (CET/CEST)","n/e","n/e","71"
"Montenegro (ME)","27.02.2016 15:00 - 27.02.2016 16:00 (CET/CEST)","n/e","n/e","71"
"Montenegro (ME)","27.02.2016 16:00 - 27.02.2016 17:00 (CET/CEST)","n/e","n/e","108"
"Montenegro (ME)","27.02.2016 17:00 - 27.02.2016 18:00 (CET/CEST)","n/e","n/e","192"
"Montenegro (ME)","27.02.2016 18:00 - 27.02.2016 19:00 (CET/CEST)","n/e","n/e","331"
"Montenegro (ME)","27.02.2016 19:00 - 27.02.2016 20:00 (CET/CEST)","n/e","n/e","321"
"Montenegro (ME)","27.02.2016 20:00 - 27.02.2016 21:00 (CET/CEST)","n/e","n/e","200"
"Montenegro (ME)","27.02.2016 21:00 - 27.02.2016 22:00 (CET/CEST)","n/e","n/e","162"
"Montenegro (ME)","27.02.2016 22:00 - 27.02.2016 23:00 (CET/CEST)","n/e","n/e","150"
"Montenegro (ME)","27.02.2016 23:00 - 28.02.2016 00:00 (CET/CEST)","n/e","n/e","140"
"Montenegro (ME)","28.02.2016 00:00 - 28.02.2016 01:00 (CET/CEST)","n/e","n/e","0"
"Montenegro (ME)","28.02.2016 01:00 - 28.02.2016 02:00 (CET/CEST)","n/e","n/e","0"
"Montenegro (ME)","28.02.2016 02:00 - 28.02.2016 03:00 (CET/CEST)","n/e","n/e","0"
"Montenegro (ME)","28.02.2016 03:00 - 28.02.2016 04:00 (CET/CEST)","n/e","n/e","0"
"Montenegro (ME)","28.02.2016 04:00 - 28.02.2016 05:00 (CET/CEST)","n/e","n/e","0"
"Montenegro (ME)","28.02.2016 05:00 - 28.02.2016 06:00 (CET/CEST)","n/e","n/e","0"
"Montenegro (ME)","28.02.2016 06:00 - 28.02.2016 07:00 (CET/CEST)","n/e","n/e","0"
"Montenegro (ME)","28.02.2016 07:00 - 28.02.2016 08:00 (CET/CEST)","n/e","n/e","0"
"Montenegro (ME)","28.02.2016 08:00 - 28.02.2016 09:00 (CET/CEST)","n/e","n/e","0"
"Montenegro (ME)","28.02.2016 09:00 - 28.02.2016 10:00 (CET/CEST)","n/e","n/e","0"
"Montenegro (ME)","28.02.2016 10:00 - 28.02.2016 11:00 (CET/CEST)","n/e","n/e","0"
"Montenegro (ME)","28.02.2016 11:00 - 28.02.2016 12:00 (CET/CEST)","n/e","n/e","0"
"Montenegro (ME)","28.02.2016 12:00 - 28.02.2016 13:00 (CET/CEST)","n/e","n/e","0"
"Montenegro (ME)","28.02.2016 13:00 - 28.02.2016 14:00 (CET/CEST)","n/e","n/e","0"
"Montenegro (ME)","28.02.2016 14:00 - 28.02.2016 15:00 (CET/CEST)","n/e","n/e","0"
"Montenegro (ME)","28.02.2016 15:00 - 28.02.2016 16:00 (CET/CEST)","n/e","n/e","0"
"Montenegro (ME)","28.02.2016 16:00 - 28.02.2016 17:00 (CET/CEST)","n/e","n/e","1"
"Montenegro (ME)","28.02.2016 17:00 - 28.02.2016 18:00 (CET/CEST)","n/e","n/e","191"
"Montenegro (ME)","28.02.2016 18:00 - 28.02.2016 19:00 (CET/CEST)","n/e","n/e","226"
"Montenegro (ME)","28.02.2016 19:00 - 28.02.2016 20:00 (CET/CEST)","n/e","n/e","225"
"Montenegro (ME)","28.02.2016 20:00 - 28.02.2016 21:00 (CET/CEST)","n/e","n/e","225"
"Montenegro (ME)","28.02.2016 21:00 - 28.02.2016 22:00 (CET/CEST)","n/e","n/e","1"
"Montenegro (ME)","28.02.2016 22:00 - 28.02.2016 23:00 (CET/CEST)","n/e","n/e","0"
"Montenegro (ME)","28.02.2016 23:00 - 29.02.2016 00:00 (CET/CEST)","n/e","n/e","0"
"Montenegro (ME)","29.02.2016 00:00 - 29.02.2016 01:00 (CET/CEST)","n/e","n/e","0"
"Montenegro (ME)","29.02.2016 01:00 - 29.02.2016 02:00 (CET/CEST)","n/e","n/e","0"
"Montenegro (ME)","29.02.2016 02:00 - 29.02.2016 03:00 (CET/CEST)","n/e","n/e","0"
"Montenegro (ME)","29.02.2016 03:00 - 29.02.2016 04:00 (CET/CEST)","n/e","n/e","0"
"Montenegro (ME)","29.02.2016 04:00 - 29.02.2016 05:00 (CET/CEST)","n/e","n/e","0"
"Montenegro (ME)","29.02.2016 05:00 - 29.02.2016 06:00 (CET/CEST)","n/e","n/e","0"
"Montenegro (ME)","29.02.2016 06:00 - 29.02.2016 07:00 (CET/CEST)","n/e","n/e","0"
"Montenegro (ME)","29.02.2016 07:00 - 29.02.2016 08:00 (CET/CEST)","n/e","n/e","110"
"Montenegro (ME)","29.02.2016 08:00 - 29.02.2016 09:00 (CET/CEST)","n/e","n/e","225"
"Montenegro (ME)","29.02.2016 09:00 - 29.02.2016 10:00 (CET/CEST)","n/e","n/e","225"
"Montenegro (ME)","29.02.2016 10:00 - 29.02.2016 11:00 (CET/CEST)","n/e","n/e","225"
"Montenegro (ME)","29.02.2016 11:00 - 29.02.2016 12:00 (CET/CEST)","n/e","n/e","225"
"Montenegro (ME)","29.02.2016 12:00 - 29.02.2016 13:00 (CET/CEST)","n/e","n/e","176"
"Montenegro (ME)","29.02.2016 13:00 - 29.02.2016 14:00 (CET/CEST)","n/e","n/e","174"
"Montenegro (ME)","29.02.2016 14:00 - 29.02.2016 15:00 (CET/CEST)","n/e","n/e","177"
"Montenegro (ME)","29.02.2016 15:00 - 29.02.2016 16:00 (CET/CEST)","n/e","n/e","176"
"Montenegro (ME)","29.02.2016 16:00 - 29.02.2016 17:00 (CET/CEST)","n/e","n/e","177"
"Montenegro (ME)","29.02.2016 17:00 - 29.02.2016 18:00 (CET/CEST)","n/e","n/e","251"
"Montenegro (ME)","29.02.2016 18:00 - 29.02.2016 19:00 (CET/CEST)","n/e","n/e","281"
"Montenegro (ME)","29.02.2016 19:00 - 29.02.2016 20:00 (CET/CEST)","n/e","n/e","259"
"Montenegro (ME)","29.02.2016 20:00 - 29.02.2016 21:00 (CET/CEST)","n/e","n/e","210"
"Montenegro (ME)","29.02.2016 21:00 - 29.02.2016 22:00 (CET/CEST)","n/e","n/e","4"
"Montenegro (ME)","29.02.2016 22:00 - 29.02.2016 23:00 (CET/CEST)","n/e","n/e","0"
"Montenegro (ME)","29.02.2016 23:00 - 01.03.2016 00:00 (CET/CEST)","n/e","n/e","0"
"Montenegro (ME)","01.03.2016 00:00 - 01.03.2016 01:00 (CET/CEST)","n/e","n/e","0"
"Montenegro (ME)","01.03.2016 01:00 - 01.03.2016 02:00 (CET/CEST)","n/e","n/e","0"
"Montenegro (ME)","01.03.2016 02:00 - 01.03.2016 03:00 (CET/CEST)","n/e","n/e","0"
"Montenegro (ME)","01.03.2016 03:00 - 01.03.2016 04:00 (CET/CEST)","n/e","n/e","0"
"Montenegro (ME)","01.03.2016 04:00 - 01.03.2016 05:00 (CET/CEST)","n/e","n/e","0"
"Montenegro (ME)","01.03.2016 05:00 - 01.03.2016 06:00 (CET/CEST)","n/e","n/e","0"
"Montenegro (ME)","01.03.2016 06:00 - 01.03.2016 07:00 (CET/CEST)","n/e","n/e","0"
"Montenegro (ME)","01.03.2016 07:00 - 01.03.2016 08:00 (CET/CEST)","n/e","n/e","173"
"Montenegro (ME)","01.03.2016 08:00 - 01.03.2016 09:00 (CET/CEST)","n/e","n/e","196"
"Montenegro (ME)","01.03.2016 09:00 - 01.03.2016 10:00 (CET/CEST)","n/e","n/e","202"
"Montenegro (ME)","01.03.2016 10:00 - 01.03.2016 11:00 (CET/CEST)","n/e","n/e","201"
"Montenegro (ME)","01.03.2016 11:00 - 01.03.2016 12:00 (CET/CEST)","n/e","n/e","204"
"Montenegro (ME)","01.03.2016 12:00 - 01.03.2016 13:00 (CET/CEST)","n/e","n/e","150"
"Montenegro (ME)","01.03.2016 13:00 - 01.03.2016 14:00 (CET/CEST)","n/e","n/e","87"
"Montenegro (ME)","01.03.2016 14:00 - 01.03.2016 15:00 (CET/CEST)","n/e","n/e","73"
"Montenegro (ME)","01.03.2016 15:00 - 01.03.2016 16:00 (CET/CEST)","n/e","n/e","75"
"Montenegro (ME)","01.03.2016 16:00 - 01.03.2016 17:00 (CET/CEST)","n/e","n/e","73"
"Montenegro (ME)","01.03.2016 17:00 - 01.03.2016 18:00 (CET/CEST)","n/e","n/e","112"
"Montenegro (ME)","01.03.2016 18:00 - 01.03.2016 19:00 (CET/CEST)","n/e","n/e","312"
"Montenegro (ME)","01.03.2016 19:00 - 01.03.2016 20:00 (CET/CEST)","n/e","n/e","191"
"Montenegro (ME)","01.03.2016 20:00 - 01.03.2016 21:00 (CET/CEST)","n/e","n/e","97"
"Montenegro (ME)","01.03.2016 21:00 - 01.03.2016 22:00 (CET/CEST)","n/e","n/e","84"
"Montenegro (ME)","01.03.2016 22:00 - 01.03.2016 23:00 (CET/CEST)","n/e","n/e","71"
"Montenegro (ME)","01.03.2016 23:00 - 02.03.2016 00:00 (CET/CEST)","n/e","n/e","75"
"Montenegro (ME)","02.03.2016 00:00 - 02.03.2016 01:00 (CET/CEST)","n/e","n/e","190"
"Montenegro (ME)","02.03.2016 01:00 - 02.03.2016 02:00 (CET/CEST)","n/e","n/e","141"
"Montenegro (ME)","02.03.2016 02:00 - 02.03.2016 03:00 (CET/CEST)","n/e","n/e","113"
"Montenegro (ME)","02.03.2016 03:00 - 02.03.2016 04:00 (CET/CEST)","n/e","n/e","105"
"Montenegro (ME)","02.03.2016 04:00 - 02.03.2016 05:00 (CET/CEST)","n/e","n/e","96"
"Montenegro (ME)","02.03.2016 05:00 - 02.03.2016 06:00 (CET/CEST)","n/e","n/e","106"
"Montenegro (ME)","02.03.2016 06:00 - 02.03.2016 07:00 (CET/CEST)","n/e","n/e","141"
"Montenegro (ME)","02.03.2016 07:00 - 02.03.2016 08:00 (CET/CEST)","n/e","n/e","297"
"Montenegro (ME)","02.03.2016 08:00 - 02.03.2016 09:00 (CET/CEST)","n/e","n/e","300"
"Montenegro (ME)","02.03.2016 09:00 - 02.03.2016 10:00 (CET/CEST)","n/e","n/e","296"
"Montenegro (ME)","02.03.2016 10:00 - 02.03.2016 11:00 (CET/CEST)","n/e","n/e","296"
"Montenegro (ME)","02.03.2016 11:00 - 02.03.2016 12:00 (CET/CEST)","n/e","n/e","295"
"Montenegro (ME)","02.03.2016 12:00 - 02.03.2016 13:00 (CET/CEST)","n/e","n/e","293"
"Montenegro (ME)","02.03.2016 13:00 - 02.03.2016 14:00 (CET/CEST)","n/e","n/e","295"
"Montenegro (ME)","02.03.2016 14:00 - 02.03.2016 15:00 (CET/CEST)","n/e","n/e","297"
"Montenegro (ME)","02.03.2016 15:00 - 02.03.2016 16:00 (CET/CEST)","n/e","n/e","293"
"Montenegro (ME)","02.03.2016 16:00 - 02.03.2016 17:00 (CET/CEST)","n/e","n/e","275"
"Montenegro (ME)","02.03.2016 17:00 - 02.03.2016 18:00 (CET/CEST)","n/e","n/e","280"
"Montenegro (ME)","02.03.2016 18:00 - 02.03.2016 19:00 (CET/CEST)","n/e","n/e","321"
"Montenegro (ME)","02.03.2016 19:00 - 02.03.2016 20:00 (CET/CEST)","n/e","n/e","329"
"Montenegro (ME)","02.03.2016 20:00 - 02.03.2016 21:00 (CET/CEST)","n/e","n/e","329"
"Montenegro (ME)","02.03.2016 21:00 - 02.03.2016 22:00 (CET/CEST)","n/e","n/e","231"
"Montenegro (ME)","02.03.2016 22:00 - 02.03.2016 23:00 (CET/CEST)","n/e","n/e","219"
"Montenegro (ME)","02.03.2016 23:00 - 03.03.2016 00:00 (CET/CEST)","n/e","n/e","221"
"Montenegro (ME)","03.03.2016 00:00 - 03.03.2016 01:00 (CET/CEST)","n/e","n/e","182"
"Montenegro (ME)","03.03.2016 01:00 - 03.03.2016 02:00 (CET/CEST)","n/e","n/e","146"
"Montenegro (ME)","03.03.2016 02:00 - 03.03.2016 03:00 (CET/CEST)","n/e","n/e","113"
"Montenegro (ME)","03.03.2016 03:00 - 03.03.2016 04:00 (CET/CEST)","n/e","n/e","108"
"Montenegro (ME)","03.03.2016 04:00 - 03.03.2016 05:00 (CET/CEST)","n/e","n/e","100"
"Montenegro (ME)","03.03.2016 05:00 - 03.03.2016 06:00 (CET/CEST)","n/e","n/e","106"
"Montenegro (ME)","03.03.2016 06:00 - 03.03.2016 07:00 (CET/CEST)","n/e","n/e","260"
"Montenegro (ME)","03.03.2016 07:00 - 03.03.2016 08:00 (CET/CEST)","n/e","n/e","330"
"Montenegro (ME)","03.03.2016 08:00 - 03.03.2016 09:00 (CET/CEST)","n/e","n/e","332"
"Montenegro (ME)","03.03.2016 09:00 - 03.03.2016 10:00 (CET/CEST)","n/e","n/e","330"
"Montenegro (ME)","03.03.2016 10:00 - 03.03.2016 11:00 (CET/CEST)","n/e","n/e","329"
"Montenegro (ME)","03.03.2016 11:00 - 03.03.2016 12:00 (CET/CEST)","n/e","n/e","331"
"Montenegro (ME)","03.03.2016 12:00 - 03.03.2016 13:00 (CET/CEST)","n/e","n/e","330"
"Montenegro (ME)","03.03.2016 13:00 - 03.03.2016 14:00 (CET/CEST)","n/e","n/e","330"
"Montenegro (ME)","03.03.2016 14:00 - 03.03.2016 15:00 (CET/CEST)","n/e","n/e","331"
"Montenegro (ME)","03.03.2016 15:00 - 03.03.2016 16:00 (CET/CEST)","n/e","n/e","331"
"Montenegro (ME)","03.03.2016 16:00 - 03.03.2016 17:00 (CET/CEST)","n/e","n/e","331"
"Montenegro (ME)","03.03.2016 17:00 - 03.03.2016 18:00 (CET/CEST)","n/e","n/e","330"
"Montenegro (ME)","03.03.2016 18:00 - 03.03.2016 19:00 (CET/CEST)","n/e","n/e","331"
"Montenegro (ME)","03.03.2016 19:00 - 03.03.2016 20:00 (CET/CEST)","n/e","n/e","332"
"Montenegro (ME)","03.03.2016 20:00 - 03.03.2016 21:00 (CET/CEST)","n/e","n/e","330"
"Montenegro (ME)","03.03.2016 21:00 - 03.03.2016 22:00 (CET/CEST)","n/e","n/e","330"
"Montenegro (ME)","03.03.2016 22:00 - 03.03.2016 23:00 (CET/CEST)","n/e","n/e","337"
"Montenegro (ME)","03.03.2016 23:00 - 04.03.2016 00:00 (CET/CEST)","n/e","n/e","298"
"Montenegro (ME)","04.03.2016 00:00 - 04.03.2016 01:00 (CET/CEST)","n/e","n/e","221"
"Montenegro (ME)","04.03.2016 01:00 - 04.03.2016 02:00 (CET/CEST)","n/e","n/e","221"
"Montenegro (ME)","04.03.2016 02:00 - 04.03.2016 03:00 (CET/CEST)","n/e","n/e","220"
"Montenegro (ME)","04.03.2016 03:00 - 04.03.2016 04:00 (CET/CEST)","n/e","n/e","220"
"Montenegro (ME)","04.03.2016 04:00 - 04.03.2016 05:00 (CET/CEST)","n/e","n/e","219"
"Montenegro (ME)","04.03.2016 05:00 - 04.03.2016 06:00 (CET/CEST)","n/e","n/e","219"
"Montenegro (ME)","04.03.2016 06:00 - 04.03.2016 07:00 (CET/CEST)","n/e","n/e","299"
"Montenegro (ME)","04.03.2016 07:00 - 04.03.2016 08:00 (CET/CEST)","n/e","n/e","319"
"Montenegro (ME)","04.03.2016 08:00 - 04.03.2016 09:00 (CET/CEST)","n/e","n/e","337"
"Montenegro (ME)","04.03.2016 09:00 - 04.03.2016 10:00 (CET/CEST)","n/e","n/e","332"
"Montenegro (ME)","04.03.2016 10:00 - 04.03.2016 11:00 (CET/CEST)","n/e","n/e","337"
"Montenegro (ME)","04.03.2016 11:00 - 04.03.2016 12:00 (CET/CEST)","n/e","n/e","335"
"Montenegro (ME)","04.03.2016 12:00 - 04.03.2016 13:00 (CET/CEST)","n/e","n/e","335"
"Montenegro (ME)","04.03.2016 13:00 - 04.03.2016 14:00 (CET/CEST)","n/e","n/e","339"
"Montenegro (ME)","04.03.2016 14:00 - 04.03.2016 15:00 (CET/CEST)","n/e","n/e","340"
"Montenegro (ME)","04.03.2016 15:00 - 04.03.2016 16:00 (CET/CEST)","n/e","n/e","334"
"Montenegro (ME)","04.03.2016 16:00 - 04.03.2016 17:00 (CET/CEST)","n/e","n/e","327"
"Montenegro (ME)","04.03.2016 17:00 - 04.03.2016 18:00 (CET/CEST)","n/e","n/e","333"
"Montenegro (ME)","04.03.2016 18:00 - 04.03.2016 19:00 (CET/CEST)","n/e","n/e","332"
"Montenegro (ME)","04.03.2016 19:00 - 04.03.2016 20:00 (CET/CEST)","n/e","n/e","332"
"Montenegro (ME)","04.03.2016 20:00 - 04.03.2016 21:00 (CET/CEST)","n/e","n/e","333"
"Montenegro (ME)","04.03.2016 21:00 - 04.03.2016 22:00 (CET/CEST)","n/e","n/e","336"
"Montenegro (ME)","04.03.2016 22:00 - 04.03.2016 23:00 (CET/CEST)","n/e","n/e","334"
"Montenegro (ME)","04.03.2016 23:00 - 05.03.2016 00:00 (CET/CEST)","n/e","n/e","229"
"Montenegro (ME)","05.03.2016 00:00 - 05.03.2016 01:00 (CET/CEST)","n/e","n/e","235"
"Montenegro (ME)","05.03.2016 01:00 - 05.03.2016 02:00 (CET/CEST)","n/e","n/e","196"
"Montenegro (ME)","05.03.2016 02:00 - 05.03.2016 03:00 (CET/CEST)","n/e","n/e","173"
"Montenegro (ME)","05.03.2016 03:00 - 05.03.2016 04:00 (CET/CEST)","n/e","n/e","161"
"Montenegro (ME)","05.03.2016 04:00 - 05.03.2016 05:00 (CET/CEST)","n/e","n/e","149"
"Montenegro (ME)","05.03.2016 05:00 - 05.03.2016 06:00 (CET/CEST)","n/e","n/e","156"
"Montenegro (ME)","05.03.2016 06:00 - 05.03.2016 07:00 (CET/CEST)","n/e","n/e","186"
"Montenegro (ME)","05.03.2016 07:00 - 05.03.2016 08:00 (CET/CEST)","n/e","n/e","310"
"Montenegro (ME)","05.03.2016 08:00 - 05.03.2016 09:00 (CET/CEST)","n/e","n/e","330"
"Montenegro (ME)","05.03.2016 09:00 - 05.03.2016 10:00 (CET/CEST)","n/e","n/e","331"
"Montenegro (ME)","05.03.2016 10:00 - 05.03.2016 11:00 (CET/CEST)","n/e","n/e","329"
"Montenegro (ME)","05.03.2016 11:00 - 05.03.2016 12:00 (CET/CEST)","n/e","n/e","329"
"Montenegro (ME)","05.03.2016 12:00 - 05.03.2016 13:00 (CET/CEST)","n/e","n/e","329"
"Montenegro (ME)","05.03.2016 13:00 - 05.03.2016 14:00 (CET/CEST)","n/e","n/e","329"
"Montenegro (ME)","05.03.2016 14:00 - 05.03.2016 15:00 (CET/CEST)","n/e","n/e","329"
"Montenegro (ME)","05.03.2016 15:00 - 05.03.2016 16:00 (CET/CEST)","n/e","n/e","328"
"Montenegro (ME)","05.03.2016 16:00 - 05.03.2016 17:00 (CET/CEST)","n/e","n/e","329"
"Montenegro (ME)","05.03.2016 17:00 - 05.03.2016 18:00 (CET/CEST)","n/e","n/e","328"
"Montenegro (ME)","05.03.2016 18:00 - 05.03.2016 19:00 (CET/CEST)","n/e","n/e","336"
"Montenegro (ME)","05.03.2016 19:00 - 05.03.2016 20:00 (CET/CEST)","n/e","n/e","337"
"Montenegro (ME)","05.03.2016 20:00 - 05.03.2016 21:00 (CET/CEST)","n/e","n/e","327"
"Montenegro (ME)","05.03.2016 21:00 - 05.03.2016 22:00 (CET/CEST)","n/e","n/e","326"
"Montenegro (ME)","05.03.2016 22:00 - 05.03.2016 23:00 (CET/CEST)","n/e","n/e","327"
"Montenegro (ME)","05.03.2016 23:00 - 06.03.2016 00:00 (CET/CEST)","n/e","n/e","312"
"Montenegro (ME)","06.03.2016 00:00 - 06.03.2016 01:00 (CET/CEST)","n/e","n/e","171"
"Montenegro (ME)","06.03.2016 01:00 - 06.03.2016 02:00 (CET/CEST)","n/e","n/e","141"
"Montenegro (ME)","06.03.2016 02:00 - 06.03.2016 03:00 (CET/CEST)","n/e","n/e","100"
"Montenegro (ME)","06.03.2016 03:00 - 06.03.2016 04:00 (CET/CEST)","n/e","n/e","82"
"Montenegro (ME)","06.03.2016 04:00 - 06.03.2016 05:00 (CET/CEST)","n/e","n/e","76"
"Montenegro (ME)","06.03.2016 05:00 - 06.03.2016 06:00 (CET/CEST)","n/e","n/e","77"
"Montenegro (ME)","06.03.2016 06:00 - 06.03.2016 07:00 (CET/CEST)","n/e","n/e","99"
"Montenegro (ME)","06.03.2016 07:00 - 06.03.2016 08:00 (CET/CEST)","n/e","n/e","142"
"Montenegro (ME)","06.03.2016 08:00 - 06.03.2016 09:00 (CET/CEST)","n/e","n/e","208"
"Montenegro (ME)","06.03.2016 09:00 - 06.03.2016 10:00 (CET/CEST)","n/e","n/e","239"
"Montenegro (ME)","06.03.2016 10:00 - 06.03.2016 11:00 (CET/CEST)","n/e","n/e","255"
"Montenegro (ME)","06.03.2016 11:00 - 06.03.2016 12:00 (CET/CEST)","n/e","n/e","260"
"Montenegro (ME)","06.03.2016 12:00 - 06.03.2016 13:00 (CET/CEST)","n/e","n/e","262"
"Montenegro (ME)","06.03.2016 13:00 - 06.03.2016 14:00 (CET/CEST)","n/e","n/e","249"
"Montenegro (ME)","06.03.2016 14:00 - 06.03.2016 15:00 (CET/CEST)","n/e","n/e","243"
"Montenegro (ME)","06.03.2016 15:00 - 06.03.2016 16:00 (CET/CEST)","n/e","n/e","248"
"Montenegro (ME)","06.03.2016 16:00 - 06.03.2016 17:00 (CET/CEST)","n/e","n/e","251"
"Montenegro (ME)","06.03.2016 17:00 - 06.03.2016 18:00 (CET/CEST)","n/e","n/e","262"
"Montenegro (ME)","06.03.2016 18:00 - 06.03.2016 19:00 (CET/CEST)","n/e","n/e","313"
"Montenegro (ME)","06.03.2016 19:00 - 06.03.2016 20:00 (CET/CEST)","n/e","n/e","301"
"Montenegro (ME)","06.03.2016 20:00 - 06.03.2016 21:00 (CET/CEST)","n/e","n/e","315"
"Montenegro (ME)","06.03.2016 21:00 - 06.03.2016 22:00 (CET/CEST)","n/e","n/e","334"
"Montenegro (ME)","06.03.2016 22:00 - 06.03.2016 23:00 (CET/CEST)","n/e","n/e","332"
"Montenegro (ME)","06.03.2016 23:00 - 07.03.2016 00:00 (CET/CEST)","n/e","n/e","310"
"Montenegro (ME)","07.03.2016 00:00 - 07.03.2016 01:00 (CET/CEST)","n/e","n/e","225"
"Montenegro (ME)","07.03.2016 01:00 - 07.03.2016 02:00 (CET/CEST)","n/e","n/e","179"
"Montenegro (ME)","07.03.2016 02:00 - 07.03.2016 03:00 (CET/CEST)","n/e","n/e","160"
"Montenegro (ME)","07.03.2016 03:00 - 07.03.2016 04:00 (CET/CEST)","n/e","n/e","151"
"Montenegro (ME)","07.03.2016 04:00 - 07.03.2016 05:00 (CET/CEST)","n/e","n/e","141"
"Montenegro (ME)","07.03.2016 05:00 - 07.03.2016 06:00 (CET/CEST)","n/e","n/e","145"
"Montenegro (ME)","07.03.2016 06:00 - 07.03.2016 07:00 (CET/CEST)","n/e","n/e","244"
"Montenegro (ME)","07.03.2016 07:00 - 07.03.2016 08:00 (CET/CEST)","n/e","n/e","331"
"Montenegro (ME)","07.03.2016 08:00 - 07.03.2016 09:00 (CET/CEST)","n/e","n/e","332"
"Montenegro (ME)","07.03.2016 09:00 - 07.03.2016 10:00 (CET/CEST)","n/e","n/e","330"
"Montenegro (ME)","07.03.2016 10:00 - 07.03.2016 11:00 (CET/CEST)","n/e","n/e","331"
"Montenegro (ME)","07.03.2016 11:00 - 07.03.2016 12:00 (CET/CEST)","n/e","n/e","331"
"Montenegro (ME)","07.03.2016 12:00 - 07.03.2016 13:00 (CET/CEST)","n/e","n/e","331"
"Montenegro (ME)","07.03.2016 13:00 - 07.03.2016 14:00 (CET/CEST)","n/e","n/e","332"
"Montenegro (ME)","07.03.2016 14:00 - 07.03.2016 15:00 (CET/CEST)","n/e","n/e","332"
"Montenegro (ME)","07.03.2016 15:00 - 07.03.2016 16:00 (CET/CEST)","n/e","n/e","332"
"Montenegro (ME)","07.03.2016 16:00 - 07.03.2016 17:00 (CET/CEST)","n/e","n/e","332"
"Montenegro (ME)","07.03.2016 17:00 - 07.03.2016 18:00 (CET/CEST)","n/e","n/e","331"
"Montenegro (ME)","07.03.2016 18:00 - 07.03.2016 19:00 (CET/CEST)","n/e","n/e","333"
"Montenegro (ME)","07.03.2016 19:00 - 07.03.2016 20:00 (CET/CEST)","n/e","n/e","334"
"Montenegro (ME)","07.03.2016 20:00 - 07.03.2016 21:00 (CET/CEST)","n/e","n/e","330"
"Montenegro (ME)","07.03.2016 21:00 - 07.03.2016 22:00 (CET/CEST)","n/e","n/e","330"
"Montenegro (ME)","07.03.2016 22:00 - 07.03.2016 23:00 (CET/CEST)","n/e","n/e","330"
"Montenegro (ME)","07.03.2016 23:00 - 08.03.2016 00:00 (CET/CEST)","n/e","n/e","290"
"Montenegro (ME)","08.03.2016 00:00 - 08.03.2016 01:00 (CET/CEST)","n/e","n/e","228"
"Montenegro (ME)","08.03.2016 01:00 - 08.03.2016 02:00 (CET/CEST)","n/e","n/e","186"
"Montenegro (ME)","08.03.2016 02:00 - 08.03.2016 03:00 (CET/CEST)","n/e","n/e","159"
"Montenegro (ME)","08.03.2016 03:00 - 08.03.2016 04:00 (CET/CEST)","n/e","n/e","144"
"Montenegro (ME)","08.03.2016 04:00 - 08.03.2016 05:00 (CET/CEST)","n/e","n/e","140"
"Montenegro (ME)","08.03.2016 05:00 - 08.03.2016 06:00 (CET/CEST)","n/e","n/e","150"
"Montenegro (ME)","08.03.2016 06:00 - 08.03.2016 07:00 (CET/CEST)","n/e","n/e","217"
"Montenegro (ME)","08.03.2016 07:00 - 08.03.2016 08:00 (CET/CEST)","n/e","n/e","336"
"Montenegro (ME)","08.03.2016 08:00 - 08.03.2016 09:00 (CET/CEST)","n/e","n/e","335"
"Montenegro (ME)","08.03.2016 09:00 - 08.03.2016 10:00 (CET/CEST)","n/e","n/e","334"
"Montenegro (ME)","08.03.2016 10:00 - 08.03.2016 11:00 (CET/CEST)","n/e","n/e","335"
"Montenegro (ME)","08.03.2016 11:00 - 08.03.2016 12:00 (CET/CEST)","n/e","n/e","334"
"Montenegro (ME)","08.03.2016 12:00 - 08.03.2016 13:00 (CET/CEST)","n/e","n/e","335"
"Montenegro (ME)","08.03.2016 13:00 - 08.03.2016 14:00 (CET/CEST)","n/e","n/e","336"
"Montenegro (ME)","08.03.2016 14:00 - 08.03.2016 15:00 (CET/CEST)","n/e","n/e","336"
"Montenegro (ME)","08.03.2016 15:00 - 08.03.2016 16:00 (CET/CEST)","n/e","n/e","336"
"Montenegro (ME)","08.03.2016 16:00 - 08.03.2016 17:00 (CET/CEST)","n/e","n/e","336"
"Montenegro (ME)","08.03.2016 17:00 - 08.03.2016 18:00 (CET/CEST)","n/e","n/e","336"
"Montenegro (ME)","08.03.2016 18:00 - 08.03.2016 19:00 (CET/CEST)","n/e","n/e","335"
"Montenegro (ME)","08.03.2016 19:00 - 08.03.2016 20:00 (CET/CEST)","n/e","n/e","334"
"Montenegro (ME)","08.03.2016 20:00 - 08.03.2016 21:00 (CET/CEST)","n/e","n/e","335"
"Montenegro (ME)","08.03.2016 21:00 - 08.03.2016 22:00 (CET/CEST)","n/e","n/e","338"
"Montenegro (ME)","08.03.2016 22:00 - 08.03.2016 23:00 (CET/CEST)","n/e","n/e","331"
"Montenegro (ME)","08.03.2016 23:00 - 09.03.2016 00:00 (CET/CEST)","n/e","n/e","288"
"Montenegro (ME)","09.03.2016 00:00 - 09.03.2016 01:00 (CET/CEST)","n/e","n/e","182"
"Montenegro (ME)","09.03.2016 01:00 - 09.03.2016 02:00 (CET/CEST)","n/e","n/e","143"
"Montenegro (ME)","09.03.2016 02:00 - 09.03.2016 03:00 (CET/CEST)","n/e","n/e","113"
"Montenegro (ME)","09.03.2016 03:00 - 09.03.2016 04:00 (CET/CEST)","n/e","n/e","98"
"Montenegro (ME)","09.03.2016 04:00 - 09.03.2016 05:00 (CET/CEST)","n/e","n/e","94"
"Montenegro (ME)","09.03.2016 05:00 - 09.03.2016 06:00 (CET/CEST)","n/e","n/e","101"
"Montenegro (ME)","09.03.2016 06:00 - 09.03.2016 07:00 (CET/CEST)","n/e","n/e","205"
"Montenegro (ME)","09.03.2016 07:00 - 09.03.2016 08:00 (CET/CEST)","n/e","n/e","321"
"Montenegro (ME)","09.03.2016 08:00 - 09.03.2016 09:00 (CET/CEST)","n/e","n/e","326"
"Montenegro (ME)","09.03.2016 09:00 - 09.03.2016 10:00 (CET/CEST)","n/e","n/e","319"
"Montenegro (ME)","09.03.2016 10:00 - 09.03.2016 11:00 (CET/CEST)","n/e","n/e","318"
"Montenegro (ME)","09.03.2016 11:00 - 09.03.2016 12:00 (CET/CEST)","n/e","n/e","316"
"Montenegro (ME)","09.03.2016 12:00 - 09.03.2016 13:00 (CET/CEST)","n/e","n/e","268"
"Montenegro (ME)","09.03.2016 13:00 - 09.03.2016 14:00 (CET/CEST)","n/e","n/e","196"
"Montenegro (ME)","09.03.2016 14:00 - 09.03.2016 15:00 (CET/CEST)","n/e","n/e","181"
"Montenegro (ME)","09.03.2016 15:00 - 09.03.2016 16:00 (CET/CEST)","n/e","n/e","187"
"Montenegro (ME)","09.03.2016 16:00 - 09.03.2016 17:00 (CET/CEST)","n/e","n/e","223"
"Montenegro (ME)","09.03.2016 17:00 - 09.03.2016 18:00 (CET/CEST)","n/e","n/e","251"
"Montenegro (ME)","09.03.2016 18:00 - 09.03.2016 19:00 (CET/CEST)","n/e","n/e","328"
"Montenegro (ME)","09.03.2016 19:00 - 09.03.2016 20:00 (CET/CEST)","n/e","n/e","332"
"Montenegro (ME)","09.03.2016 20:00 - 09.03.2016 21:00 (CET/CEST)","n/e","n/e","332"
"Montenegro (ME)","09.03.2016 21:00 - 09.03.2016 22:00 (CET/CEST)","n/e","n/e","336"
"Montenegro (ME)","09.03.2016 22:00 - 09.03.2016 23:00 (CET/CEST)","n/e","n/e","225"
"Montenegro (ME)","09.03.2016 23:00 - 10.03.2016 00:00 (CET/CEST)","n/e","n/e","206"
"Montenegro (ME)","10.03.2016 00:00 - 10.03.2016 01:00 (CET/CEST)","n/e","n/e","176"
"Montenegro (ME)","10.03.2016 01:00 - 10.03.2016 02:00 (CET/CEST)","n/e","n/e","140"
"Montenegro (ME)","10.03.2016 02:00 - 10.03.2016 03:00 (CET/CEST)","n/e","n/e","110"
"Montenegro (ME)","10.03.2016 03:00 - 10.03.2016 04:00 (CET/CEST)","n/e","n/e","98"
"Montenegro (ME)","10.03.2016 04:00 - 10.03.2016 05:00 (CET/CEST)","n/e","n/e","92"
"Montenegro (ME)","10.03.2016 05:00 - 10.03.2016 06:00 (CET/CEST)","n/e","n/e","118"
"Montenegro (ME)","10.03.2016 06:00 - 10.03.2016 07:00 (CET/CEST)","n/e","n/e","326"
"Montenegro (ME)","10.03.2016 07:00 - 10.03.2016 08:00 (CET/CEST)","n/e","n/e","329"
"Montenegro (ME)","10.03.2016 08:00 - 10.03.2016 09:00 (CET/CEST)","n/e","n/e","333"
"Montenegro (ME)","10.03.2016 09:00 - 10.03.2016 10:00 (CET/CEST)","n/e","n/e","331"
"Montenegro (ME)","10.03.2016 10:00 - 10.03.2016 11:00 (CET/CEST)","n/e","n/e","329"
"Montenegro (ME)","10.03.2016 11:00 - 10.03.2016 12:00 (CET/CEST)","n/e","n/e","328"
"Montenegro (ME)","10.03.2016 12:00 - 10.03.2016 13:00 (CET/CEST)","n/e","n/e","330"
"Montenegro (ME)","10.03.2016 13:00 - 10.03.2016 14:00 (CET/CEST)","n/e","n/e","328"
"Montenegro (ME)","10.03.2016 14:00 - 10.03.2016 15:00 (CET/CEST)","n/e","n/e","291"
"Montenegro (ME)","10.03.2016 15:00 - 10.03.2016 16:00 (CET/CEST)","n/e","n/e","288"
"Montenegro (ME)","10.03.2016 16:00 - 10.03.2016 17:00 (CET/CEST)","n/e","n/e","315"
"Montenegro (ME)","10.03.2016 17:00 - 10.03.2016 18:00 (CET/CEST)","n/e","n/e","329"
"Montenegro (ME)","10.03.2016 18:00 - 10.03.2016 19:00 (CET/CEST)","n/e","n/e","325"
"Montenegro (ME)","10.03.2016 19:00 - 10.03.2016 20:00 (CET/CEST)","n/e","n/e","324"
"Montenegro (ME)","10.03.2016 20:00 - 10.03.2016 21:00 (CET/CEST)","n/e","n/e","322"
"Montenegro (ME)","10.03.2016 21:00 - 10.03.2016 22:00 (CET/CEST)","n/e","n/e","323"
"Montenegro (ME)","10.03.2016 22:00 - 10.03.2016 23:00 (CET/CEST)","n/e","n/e","232"
"Montenegro (ME)","10.03.2016 23:00 - 11.03.2016 00:00 (CET/CEST)","n/e","n/e","208"
"Montenegro (ME)","11.03.2016 00:00 - 11.03.2016 01:00 (CET/CEST)","n/e","n/e","0"
"Montenegro (ME)","11.03.2016 01:00 - 11.03.2016 02:00 (CET/CEST)","n/e","n/e","0"
"Montenegro (ME)","11.03.2016 02:00 - 11.03.2016 03:00 (CET/CEST)","n/e","n/e","0"
"Montenegro (ME)","11.03.2016 03:00 - 11.03.2016 04:00 (CET/CEST)","n/e","n/e","0"
"Montenegro (ME)","11.03.2016 04:00 - 11.03.2016 05:00 (CET/CEST)","n/e","n/e","0"
"Montenegro (ME)","11.03.2016 05:00 - 11.03.2016 06:00 (CET/CEST)","n/e","n/e","0"
"Montenegro (ME)","11.03.2016 06:00 - 11.03.2016 07:00 (CET/CEST)","n/e","n/e","71"
"Montenegro (ME)","11.03.2016 07:00 - 11.03.2016 08:00 (CET/CEST)","n/e","n/e","295"
"Montenegro (ME)","11.03.2016 08:00 - 11.03.2016 09:00 (CET/CEST)","n/e","n/e","299"
"Montenegro (ME)","11.03.2016 09:00 - 11.03.2016 10:00 (CET/CEST)","n/e","n/e","301"
"Montenegro (ME)","11.03.2016 10:00 - 11.03.2016 11:00 (CET/CEST)","n/e","n/e","305"
"Montenegro (ME)","11.03.2016 11:00 - 11.03.2016 12:00 (CET/CEST)","n/e","n/e","319"
"Montenegro (ME)","11.03.2016 12:00 - 11.03.2016 13:00 (CET/CEST)","n/e","n/e","309"
"Montenegro (ME)","11.03.2016 13:00 - 11.03.2016 14:00 (CET/CEST)","n/e","n/e","294"
"Montenegro (ME)","11.03.2016 14:00 - 11.03.2016 15:00 (CET/CEST)","n/e","n/e","203"
"Montenegro (ME)","11.03.2016 15:00 - 11.03.2016 16:00 (CET/CEST)","n/e","n/e","218"
"Montenegro (ME)","11.03.2016 16:00 - 11.03.2016 17:00 (CET/CEST)","n/e","n/e","257"
"Montenegro (ME)","11.03.2016 17:00 - 11.03.2016 18:00 (CET/CEST)","n/e","n/e","330"
"Montenegro (ME)","11.03.2016 18:00 - 11.03.2016 19:00 (CET/CEST)","n/e","n/e","332"
"Montenegro (ME)","11.03.2016 19:00 - 11.03.2016 20:00 (CET/CEST)","n/e","n/e","330"
"Montenegro (ME)","11.03.2016 20:00 - 11.03.2016 21:00 (CET/CEST)","n/e","n/e","330"
"Montenegro (ME)","11.03.2016 21:00 - 11.03.2016 22:00 (CET/CEST)","n/e","n/e","299"
"Montenegro (ME)","11.03.2016 22:00 - 11.03.2016 23:00 (CET/CEST)","n/e","n/e","145"
"Montenegro (ME)","11.03.2016 23:00 - 12.03.2016 00:00 (CET/CEST)","n/e","n/e","104"
"Montenegro (ME)","12.03.2016 00:00 - 12.03.2016 01:00 (CET/CEST)","n/e","n/e","0"
"Montenegro (ME)","12.03.2016 01:00 - 12.03.2016 02:00 (CET/CEST)","n/e","n/e","0"
"Montenegro (ME)","12.03.2016 02:00 - 12.03.2016 03:00 (CET/CEST)","n/e","n/e","0"
"Montenegro (ME)","12.03.2016 03:00 - 12.03.2016 04:00 (CET/CEST)","n/e","n/e","0"
"Montenegro (ME)","12.03.2016 04:00 - 12.03.2016 05:00 (CET/CEST)","n/e","n/e","0"
"Montenegro (ME)","12.03.2016 05:00 - 12.03.2016 06:00 (CET/CEST)","n/e","n/e","0"
"Montenegro (ME)","12.03.2016 06:00 - 12.03.2016 07:00 (CET/CEST)","n/e","n/e","1"
"Montenegro (ME)","12.03.2016 07:00 - 12.03.2016 08:00 (CET/CEST)","n/e","n/e","71"
"Montenegro (ME)","12.03.2016 08:00 - 12.03.2016 09:00 (CET/CEST)","n/e","n/e","95"
"Montenegro (ME)","12.03.2016 09:00 - 12.03.2016 10:00 (CET/CEST)","n/e","n/e","109"
"Montenegro (ME)","12.03.2016 10:00 - 12.03.2016 11:00 (CET/CEST)","n/e","n/e","140"
"Montenegro (ME)","12.03.2016 11:00 - 12.03.2016 12:00 (CET/CEST)","n/e","n/e","108"
"Montenegro (ME)","12.03.2016 12:00 - 12.03.2016 13:00 (CET/CEST)","n/e","n/e","102"
"Montenegro (ME)","12.03.2016 13:00 - 12.03.2016 14:00 (CET/CEST)","n/e","n/e","93"
"Montenegro (ME)","12.03.2016 14:00 - 12.03.2016 15:00 (CET/CEST)","n/e","n/e","91"
"Montenegro (ME)","12.03.2016 15:00 - 12.03.2016 16:00 (CET/CEST)","n/e","n/e","108"
"Montenegro (ME)","12.03.2016 16:00 - 12.03.2016 17:00 (CET/CEST)","n/e","n/e","110"
"Montenegro (ME)","12.03.2016 17:00 - 12.03.2016 18:00 (CET/CEST)","n/e","n/e","275"
"Montenegro (ME)","12.03.2016 18:00 - 12.03.2016 19:00 (CET/CEST)","n/e","n/e","331"
"Montenegro (ME)","12.03.2016 19:00 - 12.03.2016 20:00 (CET/CEST)","n/e","n/e","329"
"Montenegro (ME)","12.03.2016 20:00 - 12.03.2016 21:00 (CET/CEST)","n/e","n/e","297"
"Montenegro (ME)","12.03.2016 21:00 - 12.03.2016 22:00 (CET/CEST)","n/e","n/e","142"
"Montenegro (ME)","12.03.2016 22:00 - 12.03.2016 23:00 (CET/CEST)","n/e","n/e","141"
"Montenegro (ME)","12.03.2016 23:00 - 13.03.2016 00:00 (CET/CEST)","n/e","n/e","0"
"Montenegro (ME)","13.03.2016 00:00 - 13.03.2016 01:00 (CET/CEST)","n/e","n/e","0"
"Montenegro (ME)","13.03.2016 01:00 - 13.03.2016 02:00 (CET/CEST)","n/e","n/e","0"
"Montenegro (ME)","13.03.2016 02:00 - 13.03.2016 03:00 (CET/CEST)","n/e","n/e","0"
"Montenegro (ME)","13.03.2016 03:00 - 13.03.2016 04:00 (CET/CEST)","n/e","n/e","0"
"Montenegro (ME)","13.03.2016 04:00 - 13.03.2016 05:00 (CET/CEST)","n/e","n/e","0"
"Montenegro (ME)","13.03.2016 05:00 - 13.03.2016 06:00 (CET/CEST)","n/e","n/e","0"
"Montenegro (ME)","13.03.2016 06:00 - 13.03.2016 07:00 (CET/CEST)","n/e","n/e","0"
"Montenegro (ME)","13.03.2016 07:00 - 13.03.2016 08:00 (CET/CEST)","n/e","n/e","1"
"Montenegro (ME)","13.03.2016 08:00 - 13.03.2016 09:00 (CET/CEST)","n/e","n/e","109"
"Montenegro (ME)","13.03.2016 09:00 - 13.03.2016 10:00 (CET/CEST)","n/e","n/e","142"
"Montenegro (ME)","13.03.2016 10:00 - 13.03.2016 11:00 (CET/CEST)","n/e","n/e","153"
"Montenegro (ME)","13.03.2016 11:00 - 13.03.2016 12:00 (CET/CEST)","n/e","n/e","164"
"Montenegro (ME)","13.03.2016 12:00 - 13.03.2016 13:00 (CET/CEST)","n/e","n/e","164"
"Montenegro (ME)","13.03.2016 13:00 - 13.03.2016 14:00 (CET/CEST)","n/e","n/e","151"
"Montenegro (ME)","13.03.2016 14:00 - 13.03.2016 15:00 (CET/CEST)","n/e","n/e","145"
"Montenegro (ME)","13.03.2016 15:00 - 13.03.2016 16:00 (CET/CEST)","n/e","n/e","124"
"Montenegro (ME)","13.03.2016 16:00 - 13.03.2016 17:00 (CET/CEST)","n/e","n/e","112"
"Montenegro (ME)","13.03.2016 17:00 - 13.03.2016 18:00 (CET/CEST)","n/e","n/e","145"
"Montenegro (ME)","13.03.2016 18:00 - 13.03.2016 19:00 (CET/CEST)","n/e","n/e","283"
"Montenegro (ME)","13.03.2016 19:00 - 13.03.2016 20:00 (CET/CEST)","n/e","n/e","302"
"Montenegro (ME)","13.03.2016 20:00 - 13.03.2016 21:00 (CET/CEST)","n/e","n/e","300"
"Montenegro (ME)","13.03.2016 21:00 - 13.03.2016 22:00 (CET/CEST)","n/e","n/e","166"
"Montenegro (ME)","13.03.2016 22:00 - 13.03.2016 23:00 (CET/CEST)","n/e","n/e","141"
"Montenegro (ME)","13.03.2016 23:00 - 14.03.2016 00:00 (CET/CEST)","n/e","n/e","0"
"Montenegro (ME)","14.03.2016 00:00 - 14.03.2016 01:00 (CET/CEST)","n/e","n/e","0"
"Montenegro (ME)","14.03.2016 01:00 - 14.03.2016 02:00 (CET/CEST)","n/e","n/e","0"
"Montenegro (ME)","14.03.2016 02:00 - 14.03.2016 03:00 (CET/CEST)","n/e","n/e","0"
"Montenegro (ME)","14.03.2016 03:00 - 14.03.2016 04:00 (CET/CEST)","n/e","n/e","0"
"Montenegro (ME)","14.03.2016 04:00 - 14.03.2016 05:00 (CET/CEST)","n/e","n/e","0"
"Montenegro (ME)","14.03.2016 05:00 - 14.03.2016 06:00 (CET/CEST)","n/e","n/e","0"
"Montenegro (ME)","14.03.2016 06:00 - 14.03.2016 07:00 (CET/CEST)","n/e","n/e","71"
"Montenegro (ME)","14.03.2016 07:00 - 14.03.2016 08:00 (CET/CEST)","n/e","n/e","282"
"Montenegro (ME)","14.03.2016 08:00 - 14.03.2016 09:00 (CET/CEST)","n/e","n/e","315"
"Montenegro (ME)","14.03.2016 09:00 - 14.03.2016 10:00 (CET/CEST)","n/e","n/e","275"
"Montenegro (ME)","14.03.2016 10:00 - 14.03.2016 11:00 (CET/CEST)","n/e","n/e","113"
"Montenegro (ME)","14.03.2016 11:00 - 14.03.2016 12:00 (CET/CEST)","n/e","n/e","113"
"Montenegro (ME)","14.03.2016 12:00 - 14.03.2016 13:00 (CET/CEST)","n/e","n/e","113"
"Montenegro (ME)","14.03.2016 13:00 - 14.03.2016 14:00 (CET/CEST)","n/e","n/e","113"
"Montenegro (ME)","14.03.2016 14:00 - 14.03.2016 15:00 (CET/CEST)","n/e","n/e","106"
"Montenegro (ME)","14.03.2016 15:00 - 14.03.2016 16:00 (CET/CEST)","n/e","n/e","105"
"Montenegro (ME)","14.03.2016 16:00 - 14.03.2016 17:00 (CET/CEST)","n/e","n/e","107"
"Montenegro (ME)","14.03.2016 17:00 - 14.03.2016 18:00 (CET/CEST)","n/e","n/e","278"
"Montenegro (ME)","14.03.2016 18:00 - 14.03.2016 19:00 (CET/CEST)","n/e","n/e","332"
"Montenegro (ME)","14.03.2016 19:00 - 14.03.2016 20:00 (CET/CEST)","n/e","n/e","330"
"Montenegro (ME)","14.03.2016 20:00 - 14.03.2016 21:00 (CET/CEST)","n/e","n/e","300"
"Montenegro (ME)","14.03.2016 21:00 - 14.03.2016 22:00 (CET/CEST)","n/e","n/e","151"
"Montenegro (ME)","14.03.2016 22:00 - 14.03.2016 23:00 (CET/CEST)","n/e","n/e","113"
"Montenegro (ME)","14.03.2016 23:00 - 15.03.2016 00:00 (CET/CEST)","n/e","n/e","113"
"Montenegro (ME)","15.03.2016 00:00 - 15.03.2016 01:00 (CET/CEST)","n/e","n/e","0"
"Montenegro (ME)","15.03.2016 01:00 - 15.03.2016 02:00 (CET/CEST)","n/e","n/e","0"
"Montenegro (ME)","15.03.2016 02:00 - 15.03.2016 03:00 (CET/CEST)","n/e","n/e","0"
"Montenegro (ME)","15.03.2016 03:00 - 15.03.2016 04:00 (CET/CEST)","n/e","n/e","0"
"Montenegro (ME)","15.03.2016 04:00 - 15.03.2016 05:00 (CET/CEST)","n/e","n/e","0"
"Montenegro (ME)","15.03.2016 05:00 - 15.03.2016 06:00 (CET/CEST)","n/e","n/e","0"
"Montenegro (ME)","15.03.2016 06:00 - 15.03.2016 07:00 (CET/CEST)","n/e","n/e","2"
"Montenegro (ME)","15.03.2016 07:00 - 15.03.2016 08:00 (CET/CEST)","n/e","n/e","265"
"Montenegro (ME)","15.03.2016 08:00 - 15.03.2016 09:00 (CET/CEST)","n/e","n/e","277"
"Montenegro (ME)","15.03.2016 09:00 - 15.03.2016 10:00 (CET/CEST)","n/e","n/e","272"
"Montenegro (ME)","15.03.2016 10:00 - 15.03.2016 11:00 (CET/CEST)","n/e","n/e","287"
"Montenegro (ME)","15.03.2016 11:00 - 15.03.2016 12:00 (CET/CEST)","n/e","n/e","333"
"Montenegro (ME)","15.03.2016 12:00 - 15.03.2016 13:00 (CET/CEST)","n/e","n/e","226"
"Montenegro (ME)","15.03.2016 13:00 - 15.03.2016 14:00 (CET/CEST)","n/e","n/e","194"
"Montenegro (ME)","15.03.2016 14:00 - 15.03.2016 15:00 (CET/CEST)","n/e","n/e","189"
"Montenegro (ME)","15.03.2016 15:00 - 15.03.2016 16:00 (CET/CEST)","n/e","n/e","192"
"Montenegro (ME)","15.03.2016 16:00 - 15.03.2016 17:00 (CET/CEST)","n/e","n/e","246"
"Montenegro (ME)","15.03.2016 17:00 - 15.03.2016 18:00 (CET/CEST)","n/e","n/e","338"
"Montenegro (ME)","15.03.2016 18:00 - 15.03.2016 19:00 (CET/CEST)","n/e","n/e","338"
"Montenegro (ME)","15.03.2016 19:00 - 15.03.2016 20:00 (CET/CEST)","n/e","n/e","336"
"Montenegro (ME)","15.03.2016 20:00 - 15.03.2016 21:00 (CET/CEST)","n/e","n/e","335"
"Montenegro (ME)","15.03.2016 21:00 - 15.03.2016 22:00 (CET/CEST)","n/e","n/e","336"
"Montenegro (ME)","15.03.2016 22:00 - 15.03.2016 23:00 (CET/CEST)","n/e","n/e","111"
"Montenegro (ME)","15.03.2016 23:00 - 16.03.2016 00:00 (CET/CEST)","n/e","n/e","0"
"Montenegro (ME)","16.03.2016 00:00 - 16.03.2016 01:00 (CET/CEST)","n/e","n/e","0"
"Montenegro (ME)","16.03.2016 01:00 - 16.03.2016 02:00 (CET/CEST)","n/e","n/e","0"
"Montenegro (ME)","16.03.2016 02:00 - 16.03.2016 03:00 (CET/CEST)","n/e","n/e","0"
"Montenegro (ME)","16.03.2016 03:00 - 16.03.2016 04:00 (CET/CEST)","n/e","n/e","0"
"Montenegro (ME)","16.03.2016 04:00 - 16.03.2016 05:00 (CET/CEST)","n/e","n/e","0"
"Montenegro (ME)","16.03.2016 05:00 - 16.03.2016 06:00 (CET/CEST)","n/e","n/e","1"
"Montenegro (ME)","16.03.2016 06:00 - 16.03.2016 07:00 (CET/CEST)","n/e","n/e","73"
"Montenegro (ME)","16.03.2016 07:00 - 16.03.2016 08:00 (CET/CEST)","n/e","n/e","246"
"Montenegro (ME)","16.03.2016 08:00 - 16.03.2016 09:00 (CET/CEST)","n/e","n/e","294"
"Montenegro (ME)","16.03.2016 09:00 - 16.03.2016 10:00 (CET/CEST)","n/e","n/e","252"
"Montenegro (ME)","16.03.2016 10:00 - 16.03.2016 11:00 (CET/CEST)","n/e","n/e","220"
"Montenegro (ME)","16.03.2016 11:00 - 16.03.2016 12:00 (CET/CEST)","n/e","n/e","232"
"Montenegro (ME)","16.03.2016 12:00 - 16.03.2016 13:00 (CET/CEST)","n/e","n/e","245"
"Montenegro (ME)","16.03.2016 13:00 - 16.03.2016 14:00 (CET/CEST)","n/e","n/e","242"
"Montenegro (ME)","16.03.2016 14:00 - 16.03.2016 15:00 (CET/CEST)","n/e","n/e","241"
"Montenegro (ME)","16.03.2016 15:00 - 16.03.2016 16:00 (CET/CEST)","n/e","n/e","245"
"Montenegro (ME)","16.03.2016 16:00 - 16.03.2016 17:00 (CET/CEST)","n/e","n/e","244"
"Montenegro (ME)","16.03.2016 17:00 - 16.03.2016 18:00 (CET/CEST)","n/e","n/e","310"
"Montenegro (ME)","16.03.2016 18:00 - 16.03.2016 19:00 (CET/CEST)","n/e","n/e","323"
"Montenegro (ME)","16.03.2016 19:00 - 16.03.2016 20:00 (CET/CEST)","n/e","n/e","331"
"Montenegro (ME)","16.03.2016 20:00 - 16.03.2016 21:00 (CET/CEST)","n/e","n/e","321"
"Montenegro (ME)","16.03.2016 21:00 - 16.03.2016 22:00 (CET/CEST)","n/e","n/e","326"
"Montenegro (ME)","16.03.2016 22:00 - 16.03.2016 23:00 (CET/CEST)","n/e","n/e","151"
"Montenegro (ME)","16.03.2016 23:00 - 17.03.2016 00:00 (CET/CEST)","n/e","n/e","147"
"Montenegro (ME)","17.03.2016 00:00 - 17.03.2016 01:00 (CET/CEST)","n/e","n/e","0"
"Montenegro (ME)","17.03.2016 01:00 - 17.03.2016 02:00 (CET/CEST)","n/e","n/e","0"
"Montenegro (ME)","17.03.2016 02:00 - 17.03.2016 03:00 (CET/CEST)","n/e","n/e","0"
"Montenegro (ME)","17.03.2016 03:00 - 17.03.2016 04:00 (CET/CEST)","n/e","n/e","0"
"Montenegro (ME)","17.03.2016 04:00 - 17.03.2016 05:00 (CET/CEST)","n/e","n/e","0"
"Montenegro (ME)","17.03.2016 05:00 - 17.03.2016 06:00 (CET/CEST)","n/e","n/e","1"
"Montenegro (ME)","17.03.2016 06:00 - 17.03.2016 07:00 (CET/CEST)","n/e","n/e","72"
"Montenegro (ME)","17.03.2016 07:00 - 17.03.2016 08:00 (CET/CEST)","n/e","n/e","283"
"Montenegro (ME)","17.03.2016 08:00 - 17.03.2016 09:00 (CET/CEST)","n/e","n/e","288"
"Montenegro (ME)","17.03.2016 09:00 - 17.03.2016 10:00 (CET/CEST)","n/e","n/e","294"
"Montenegro (ME)","17.03.2016 10:00 - 17.03.2016 11:00 (CET/CEST)","n/e","n/e","292"
"Montenegro (ME)","17.03.2016 11:00 - 17.03.2016 12:00 (CET/CEST)","n/e","n/e","293"
"Montenegro (ME)","17.03.2016 12:00 - 17.03.2016 13:00 (CET/CEST)","n/e","n/e","225"
"Montenegro (ME)","17.03.2016 13:00 - 17.03.2016 14:00 (CET/CEST)","n/e","n/e","216"
"Montenegro (ME)","17.03.2016 14:00 - 17.03.2016 15:00 (CET/CEST)","n/e","n/e","300"
"Montenegro (ME)","17.03.2016 15:00 - 17.03.2016 16:00 (CET/CEST)","n/e","n/e","292"
"Montenegro (ME)","17.03.2016 16:00 - 17.03.2016 17:00 (CET/CEST)","n/e","n/e","242"
"Montenegro (ME)","17.03.2016 17:00 - 17.03.2016 18:00 (CET/CEST)","n/e","n/e","276"
"Montenegro (ME)","17.03.2016 18:00 - 17.03.2016 19:00 (CET/CEST)","n/e","n/e","337"
"Montenegro (ME)","17.03.2016 19:00 - 17.03.2016 20:00 (CET/CEST)","n/e","n/e","335"
"Montenegro (ME)","17.03.2016 20:00 - 17.03.2016 21:00 (CET/CEST)","n/e","n/e","325"
"Montenegro (ME)","17.03.2016 21:00 - 17.03.2016 22:00 (CET/CEST)","n/e","n/e","167"
"Montenegro (ME)","17.03.2016 22:00 - 17.03.2016 23:00 (CET/CEST)","n/e","n/e","150"
"Montenegro (ME)","17.03.2016 23:00 - 18.03.2016 00:00 (CET/CEST)","n/e","n/e","151"
"Montenegro (ME)","18.03.2016 00:00 - 18.03.2016 01:00 (CET/CEST)","n/e","n/e","0"
"Montenegro (ME)","18.03.2016 01:00 - 18.03.2016 02:00 (CET/CEST)","n/e","n/e","0"
"Montenegro (ME)","18.03.2016 02:00 - 18.03.2016 03:00 (CET/CEST)","n/e","n/e","0"
"Montenegro (ME)","18.03.2016 03:00 - 18.03.2016 04:00 (CET/CEST)","n/e","n/e","0"
"Montenegro (ME)","18.03.2016 04:00 - 18.03.2016 05:00 (CET/CEST)","n/e","n/e","0"
"Montenegro (ME)","18.03.2016 05:00 - 18.03.2016 06:00 (CET/CEST)","n/e","n/e","0"
"Montenegro (ME)","18.03.2016 06:00 - 18.03.2016 07:00 (CET/CEST)","n/e","n/e","189"
"Montenegro (ME)","18.03.2016 07:00 - 18.03.2016 08:00 (CET/CEST)","n/e","n/e","268"
"Montenegro (ME)","18.03.2016 08:00 - 18.03.2016 09:00 (CET/CEST)","n/e","n/e","271"
"Montenegro (ME)","18.03.2016 09:00 - 18.03.2016 10:00 (CET/CEST)","n/e","n/e","270"
"Montenegro (ME)","18.03.2016 10:00 - 18.03.2016 11:00 (CET/CEST)","n/e","n/e","261"
"Montenegro (ME)","18.03.2016 11:00 - 18.03.2016 12:00 (CET/CEST)","n/e","n/e","99"
"Montenegro (ME)","18.03.2016 12:00 - 18.03.2016 13:00 (CET/CEST)","n/e","n/e","0"
"Montenegro (ME)","18.03.2016 13:00 - 18.03.2016 14:00 (CET/CEST)","n/e","n/e","0"
"Montenegro (ME)","18.03.2016 14:00 - 18.03.2016 15:00 (CET/CEST)","n/e","n/e","0"
"Montenegro (ME)","18.03.2016 15:00 - 18.03.2016 16:00 (CET/CEST)","n/e","n/e","0"
"Montenegro (ME)","18.03.2016 16:00 - 18.03.2016 17:00 (CET/CEST)","n/e","n/e","44"
"Montenegro (ME)","18.03.2016 17:00 - 18.03.2016 18:00 (CET/CEST)","n/e","n/e","72"
"Montenegro (ME)","18.03.2016 18:00 - 18.03.2016 19:00 (CET/CEST)","n/e","n/e","236"
"Montenegro (ME)","18.03.2016 19:00 - 18.03.2016 20:00 (CET/CEST)","n/e","n/e","250"
"Montenegro (ME)","18.03.2016 20:00 - 18.03.2016 21:00 (CET/CEST)","n/e","n/e","251"
"Montenegro (ME)","18.03.2016 21:00 - 18.03.2016 22:00 (CET/CEST)","n/e","n/e","0"
"Montenegro (ME)","18.03.2016 22:00 - 18.03.2016 23:00 (CET/CEST)","n/e","n/e","0"
"Montenegro (ME)","18.03.2016 23:00 - 19.03.2016 00:00 (CET/CEST)","n/e","n/e","0"
"Montenegro (ME)","19.03.2016 00:00 - 19.03.2016 01:00 (CET/CEST)","n/e","n/e","0"
"Montenegro (ME)","19.03.2016 01:00 - 19.03.2016 02:00 (CET/CEST)","n/e","n/e","0"
"Montenegro (ME)","19.03.2016 02:00 - 19.03.2016 03:00 (CET/CEST)","n/e","n/e","0"
"Montenegro (ME)","19.03.2016 03:00 - 19.03.2016 04:00 (CET/CEST)","n/e","n/e","0"
"Montenegro (ME)","19.03.2016 04:00 - 19.03.2016 05:00 (CET/CEST)","n/e","n/e","0"
"Montenegro (ME)","19.03.2016 05:00 - 19.03.2016 06:00 (CET/CEST)","n/e","n/e","0"
"Montenegro (ME)","19.03.2016 06:00 - 19.03.2016 07:00 (CET/CEST)","n/e","n/e","0"
"Montenegro (ME)","19.03.2016 07:00 - 19.03.2016 08:00 (CET/CEST)","n/e","n/e","0"
"Montenegro (ME)","19.03.2016 08:00 - 19.03.2016 09:00 (CET/CEST)","n/e","n/e","0"
"Montenegro (ME)","19.03.2016 09:00 - 19.03.2016 10:00 (CET/CEST)","n/e","n/e","0"
"Montenegro (ME)","19.03.2016 10:00 - 19.03.2016 11:00 (CET/CEST)","n/e","n/e","0"
"Montenegro (ME)","19.03.2016 11:00 - 19.03.2016 12:00 (CET/CEST)","n/e","n/e","0"
"Montenegro (ME)","19.03.2016 12:00 - 19.03.2016 13:00 (CET/CEST)","n/e","n/e","0"
"Montenegro (ME)","19.03.2016 13:00 - 19.03.2016 14:00 (CET/CEST)","n/e","n/e","0"
"Montenegro (ME)","19.03.2016 14:00 - 19.03.2016 15:00 (CET/CEST)","n/e","n/e","0"
"Montenegro (ME)","19.03.2016 15:00 - 19.03.2016 16:00 (CET/CEST)","n/e","n/e","0"
"Montenegro (ME)","19.03.2016 16:00 - 19.03.2016 17:00 (CET/CEST)","n/e","n/e","0"
"Montenegro (ME)","19.03.2016 17:00 - 19.03.2016 18:00 (CET/CEST)","n/e","n/e","1"
"Montenegro (ME)","19.03.2016 18:00 - 19.03.2016 19:00 (CET/CEST)","n/e","n/e","220"
"Montenegro (ME)","19.03.2016 19:00 - 19.03.2016 20:00 (CET/CEST)","n/e","n/e","221"
"Montenegro (ME)","19.03.2016 20:00 - 19.03.2016 21:00 (CET/CEST)","n/e","n/e","221"
"Montenegro (ME)","19.03.2016 21:00 - 19.03.2016 22:00 (CET/CEST)","n/e","n/e","1"
"Montenegro (ME)","19.03.2016 22:00 - 19.03.2016 23:00 (CET/CEST)","n/e","n/e","0"
"Montenegro (ME)","19.03.2016 23:00 - 20.03.2016 00:00 (CET/CEST)","n/e","n/e","0"
"Montenegro (ME)","20.03.2016 00:00 - 20.03.2016 01:00 (CET/CEST)","n/e","n/e","0"
"Montenegro (ME)","20.03.2016 01:00 - 20.03.2016 02:00 (CET/CEST)","n/e","n/e","0"
"Montenegro (ME)","20.03.2016 02:00 - 20.03.2016 03:00 (CET/CEST)","n/e","n/e","0"
"Montenegro (ME)","20.03.2016 03:00 - 20.03.2016 04:00 (CET/CEST)","n/e","n/e","0"
"Montenegro (ME)","20.03.2016 04:00 - 20.03.2016 05:00 (CET/CEST)","n/e","n/e","0"
"Montenegro (ME)","20.03.2016 05:00 - 20.03.2016 06:00 (CET/CEST)","n/e","n/e","0"
"Montenegro (ME)","20.03.2016 06:00 - 20.03.2016 07:00 (CET/CEST)","n/e","n/e","0"
"Montenegro (ME)","20.03.2016 07:00 - 20.03.2016 08:00 (CET/CEST)","n/e","n/e","0"
"Montenegro (ME)","20.03.2016 08:00 - 20.03.2016 09:00 (CET/CEST)","n/e","n/e","0"
"Montenegro (ME)","20.03.2016 09:00 - 20.03.2016 10:00 (CET/CEST)","n/e","n/e","0"
"Montenegro (ME)","20.03.2016 10:00 - 20.03.2016 11:00 (CET/CEST)","n/e","n/e","0"
"Montenegro (ME)","20.03.2016 11:00 - 20.03.2016 12:00 (CET/CEST)","n/e","n/e","0"
"Montenegro (ME)","20.03.2016 12:00 - 20.03.2016 13:00 (CET/CEST)","n/e","n/e","0"
"Montenegro (ME)","20.03.2016 13:00 - 20.03.2016 14:00 (CET/CEST)","n/e","n/e","0"
"Montenegro (ME)","20.03.2016 14:00 - 20.03.2016 15:00 (CET/CEST)","n/e","n/e","0"
"Montenegro (ME)","20.03.2016 15:00 - 20.03.2016 16:00 (CET/CEST)","n/e","n/e","0"
"Montenegro (ME)","20.03.2016 16:00 - 20.03.2016 17:00 (CET/CEST)","n/e","n/e","0"
"Montenegro (ME)","20.03.2016 17:00 - 20.03.2016 18:00 (CET/CEST)","n/e","n/e","1"
"Montenegro (ME)","20.03.2016 18:00 - 20.03.2016 19:00 (CET/CEST)","n/e","n/e","82"
"Montenegro (ME)","20.03.2016 19:00 - 20.03.2016 20:00 (CET/CEST)","n/e","n/e","111"
"Montenegro (ME)","20.03.2016 20:00 - 20.03.2016 21:00 (CET/CEST)","n/e","n/e","0"
"Montenegro (ME)","20.03.2016 21:00 - 20.03.2016 22:00 (CET/CEST)","n/e","n/e","0"
"Montenegro (ME)","20.03.2016 22:00 - 20.03.2016 23:00 (CET/CEST)","n/e","n/e","0"
"Montenegro (ME)","20.03.2016 23:00 - 21.03.2016 00:00 (CET/CEST)","n/e","n/e","0"
"Montenegro (ME)","21.03.2016 00:00 - 21.03.2016 01:00 (CET/CEST)","n/e","n/e","0"
"Montenegro (ME)","21.03.2016 01:00 - 21.03.2016 02:00 (CET/CEST)","n/e","n/e","0"
"Montenegro (ME)","21.03.2016 02:00 - 21.03.2016 03:00 (CET/CEST)","n/e","n/e","0"
"Montenegro (ME)","21.03.2016 03:00 - 21.03.2016 04:00 (CET/CEST)","n/e","n/e","0"
"Montenegro (ME)","21.03.2016 04:00 - 21.03.2016 05:00 (CET/CEST)","n/e","n/e","0"
"Montenegro (ME)","21.03.2016 05:00 - 21.03.2016 06:00 (CET/CEST)","n/e","n/e","0"
"Montenegro (ME)","21.03.2016 06:00 - 21.03.2016 07:00 (CET/CEST)","n/e","n/e","1"
"Montenegro (ME)","21.03.2016 07:00 - 21.03.2016 08:00 (CET/CEST)","n/e","n/e","109"
"Montenegro (ME)","21.03.2016 08:00 - 21.03.2016 09:00 (CET/CEST)","n/e","n/e","110"
"Montenegro (ME)","21.03.2016 09:00 - 21.03.2016 10:00 (CET/CEST)","n/e","n/e","70"
"Montenegro (ME)","21.03.2016 10:00 - 21.03.2016 11:00 (CET/CEST)","n/e","n/e","70"
"Montenegro (ME)","21.03.2016 11:00 - 21.03.2016 12:00 (CET/CEST)","n/e","n/e","0"
"Montenegro (ME)","21.03.2016 12:00 - 21.03.2016 13:00 (CET/CEST)","n/e","n/e","0"
"Montenegro (ME)","21.03.2016 13:00 - 21.03.2016 14:00 (CET/CEST)","n/e","n/e","0"
"Montenegro (ME)","21.03.2016 14:00 - 21.03.2016 15:00 (CET/CEST)","n/e","n/e","0"
"Montenegro (ME)","21.03.2016 15:00 - 21.03.2016 16:00 (CET/CEST)","n/e","n/e","0"
"Montenegro (ME)","21.03.2016 16:00 - 21.03.2016 17:00 (CET/CEST)","n/e","n/e","2"
"Montenegro (ME)","21.03.2016 17:00 - 21.03.2016 18:00 (CET/CEST)","n/e","n/e","111"
"Montenegro (ME)","21.03.2016 18:00 - 21.03.2016 19:00 (CET/CEST)","n/e","n/e","172"
"Montenegro (ME)","21.03.2016 19:00 - 21.03.2016 20:00 (CET/CEST)","n/e","n/e","170"
"Montenegro (ME)","21.03.2016 20:00 - 21.03.2016 21:00 (CET/CEST)","n/e","n/e","169"
"Montenegro (ME)","21.03.2016 21:00 - 21.03.2016 22:00 (CET/CEST)","n/e","n/e","70"
"Montenegro (ME)","21.03.2016 22:00 - 21.03.2016 23:00 (CET/CEST)","n/e","n/e","0"
"Montenegro (ME)","21.03.2016 23:00 - 22.03.2016 00:00 (CET/CEST)","n/e","n/e","0"
"Montenegro (ME)","22.03.2016 00:00 - 22.03.2016 01:00 (CET/CEST)","n/e","n/e","0"
"Montenegro (ME)","22.03.2016 01:00 - 22.03.2016 02:00 (CET/CEST)","n/e","n/e","0"
"Montenegro (ME)","22.03.2016 02:00 - 22.03.2016 03:00 (CET/CEST)","n/e","n/e","0"
"Montenegro (ME)","22.03.2016 03:00 - 22.03.2016 04:00 (CET/CEST)","n/e","n/e","0"
"Montenegro (ME)","22.03.2016 04:00 - 22.03.2016 05:00 (CET/CEST)","n/e","n/e","0"
"Montenegro (ME)","22.03.2016 05:00 - 22.03.2016 06:00 (CET/CEST)","n/e","n/e","0"
"Montenegro (ME)","22.03.2016 06:00 - 22.03.2016 07:00 (CET/CEST)","n/e","n/e","70"
"Montenegro (ME)","22.03.2016 07:00 - 22.03.2016 08:00 (CET/CEST)","n/e","n/e","161"
"Montenegro (ME)","22.03.2016 08:00 - 22.03.2016 09:00 (CET/CEST)","n/e","n/e","152"
"Montenegro (ME)","22.03.2016 09:00 - 22.03.2016 10:00 (CET/CEST)","n/e","n/e","151"
"Montenegro (ME)","22.03.2016 10:00 - 22.03.2016 11:00 (CET/CEST)","n/e","n/e","151"
"Montenegro (ME)","22.03.2016 11:00 - 22.03.2016 12:00 (CET/CEST)","n/e","n/e","0"
"Montenegro (ME)","22.03.2016 12:00 - 22.03.2016 13:00 (CET/CEST)","n/e","n/e","0"
"Montenegro (ME)","22.03.2016 13:00 - 22.03.2016 14:00 (CET/CEST)","n/e","n/e","0"
"Montenegro (ME)","22.03.2016 14:00 - 22.03.2016 15:00 (CET/CEST)","n/e","n/e","0"
"Montenegro (ME)","22.03.2016 15:00 - 22.03.2016 16:00 (CET/CEST)","n/e","n/e","0"
"Montenegro (ME)","22.03.2016 16:00 - 22.03.2016 17:00 (CET/CEST)","n/e","n/e","0"
"Montenegro (ME)","22.03.2016 17:00 - 22.03.2016 18:00 (CET/CEST)","n/e","n/e","179"
"Montenegro (ME)","22.03.2016 18:00 - 22.03.2016 19:00 (CET/CEST)","n/e","n/e","223"
"Montenegro (ME)","22.03.2016 19:00 - 22.03.2016 20:00 (CET/CEST)","n/e","n/e","222"
"Montenegro (ME)","22.03.2016 20:00 - 22.03.2016 21:00 (CET/CEST)","n/e","n/e","220"
"Montenegro (ME)","22.03.2016 21:00 - 22.03.2016 22:00 (CET/CEST)","n/e","n/e","0"
"Montenegro (ME)","22.03.2016 22:00 - 22.03.2016 23:00 (CET/CEST)","n/e","n/e","0"
"Montenegro (ME)","22.03.2016 23:00 - 23.03.2016 00:00 (CET/CEST)","n/e","n/e","0"
"Montenegro (ME)","23.03.2016 00:00 - 23.03.2016 01:00 (CET/CEST)","n/e","n/e","0"
"Montenegro (ME)","23.03.2016 01:00 - 23.03.2016 02:00 (CET/CEST)","n/e","n/e","0"
"Montenegro (ME)","23.03.2016 02:00 - 23.03.2016 03:00 (CET/CEST)","n/e","n/e","0"
"Montenegro (ME)","23.03.2016 03:00 - 23.03.2016 04:00 (CET/CEST)","n/e","n/e","0"
"Montenegro (ME)","23.03.2016 04:00 - 23.03.2016 05:00 (CET/CEST)","n/e","n/e","0"
"Montenegro (ME)","23.03.2016 05:00 - 23.03.2016 06:00 (CET/CEST)","n/e","n/e","0"
"Montenegro (ME)","23.03.2016 06:00 - 23.03.2016 07:00 (CET/CEST)","n/e","n/e","73"
"Montenegro (ME)","23.03.2016 07:00 - 23.03.2016 08:00 (CET/CEST)","n/e","n/e","221"
"Montenegro (ME)","23.03.2016 08:00 - 23.03.2016 09:00 (CET/CEST)","n/e","n/e","221"
"Montenegro (ME)","23.03.2016 09:00 - 23.03.2016 10:00 (CET/CEST)","n/e","n/e","221"
"Montenegro (ME)","23.03.2016 10:00 - 23.03.2016 11:00 (CET/CEST)","n/e","n/e","201"
"Montenegro (ME)","23.03.2016 11:00 - 23.03.2016 12:00 (CET/CEST)","n/e","n/e","171"
"Montenegro (ME)","23.03.2016 12:00 - 23.03.2016 13:00 (CET/CEST)","n/e","n/e","100"
"Montenegro (ME)","23.03.2016 13:00 - 23.03.2016 14:00 (CET/CEST)","n/e","n/e","100"
"Montenegro (ME)","23.03.2016 14:00 - 23.03.2016 15:00 (CET/CEST)","n/e","n/e","0"
"Montenegro (ME)","23.03.2016 15:00 - 23.03.2016 16:00 (CET/CEST)","n/e","n/e","0"
"Montenegro (ME)","23.03.2016 16:00 - 23.03.2016 17:00 (CET/CEST)","n/e","n/e","0"
"Montenegro (ME)","23.03.2016 17:00 - 23.03.2016 18:00 (CET/CEST)","n/e","n/e","0"
"Montenegro (ME)","23.03.2016 18:00 - 23.03.2016 19:00 (CET/CEST)","n/e","n/e","80"
"Montenegro (ME)","23.03.2016 19:00 - 23.03.2016 20:00 (CET/CEST)","n/e","n/e","200"
"Montenegro (ME)","23.03.2016 20:00 - 23.03.2016 21:00 (CET/CEST)","n/e","n/e","161"
"Montenegro (ME)","23.03.2016 21:00 - 23.03.2016 22:00 (CET/CEST)","n/e","n/e","0"
"Montenegro (ME)","23.03.2016 22:00 - 23.03.2016 23:00 (CET/CEST)","n/e","n/e","0"
"Montenegro (ME)","23.03.2016 23:00 - 24.03.2016 00:00 (CET/CEST)","n/e","n/e","0"
"Montenegro (ME)","24.03.2016 00:00 - 24.03.2016 01:00 (CET/CEST)","n/e","n/e","0"
"Montenegro (ME)","24.03.2016 01:00 - 24.03.2016 02:00 (CET/CEST)","n/e","n/e","0"
"Montenegro (ME)","24.03.2016 02:00 - 24.03.2016 03:00 (CET/CEST)","n/e","n/e","0"
"Montenegro (ME)","24.03.2016 03:00 - 24.03.2016 04:00 (CET/CEST)","n/e","n/e","0"
"Montenegro (ME)","24.03.2016 04:00 - 24.03.2016 05:00 (CET/CEST)","n/e","n/e","0"
"Montenegro (ME)","24.03.2016 05:00 - 24.03.2016 06:00 (CET/CEST)","n/e","n/e","0"
"Montenegro (ME)","24.03.2016 06:00 - 24.03.2016 07:00 (CET/CEST)","n/e","n/e","0"
"Montenegro (ME)","24.03.2016 07:00 - 24.03.2016 08:00 (CET/CEST)","n/e","n/e","219"
"Montenegro (ME)","24.03.2016 08:00 - 24.03.2016 09:00 (CET/CEST)","n/e","n/e","181"
"Montenegro (ME)","24.03.2016 09:00 - 24.03.2016 10:00 (CET/CEST)","n/e","n/e","161"
"Montenegro (ME)","24.03.2016 10:00 - 24.03.2016 11:00 (CET/CEST)","n/e","n/e","101"
"Montenegro (ME)","24.03.2016 11:00 - 24.03.2016 12:00 (CET/CEST)","n/e","n/e","1"
"Montenegro (ME)","24.03.2016 12:00 - 24.03.2016 13:00 (CET/CEST)","n/e","n/e","0"
"Montenegro (ME)","24.03.2016 13:00 - 24.03.2016 14:00 (CET/CEST)","n/e","n/e","0"
"Montenegro (ME)","24.03.2016 14:00 - 24.03.2016 15:00 (CET/CEST)","n/e","n/e","0"
"Montenegro (ME)","24.03.2016 15:00 - 24.03.2016 16:00 (CET/CEST)","n/e","n/e","71"
"Montenegro (ME)","24.03.2016 16:00 - 24.03.2016 17:00 (CET/CEST)","n/e","n/e","71"
"Montenegro (ME)","24.03.2016 17:00 - 24.03.2016 18:00 (CET/CEST)","n/e","n/e","71"
"Montenegro (ME)","24.03.2016 18:00 - 24.03.2016 19:00 (CET/CEST)","n/e","n/e","202"
"Montenegro (ME)","24.03.2016 19:00 - 24.03.2016 20:00 (CET/CEST)","n/e","n/e","202"
"Montenegro (ME)","24.03.2016 20:00 - 24.03.2016 21:00 (CET/CEST)","n/e","n/e","201"
"Montenegro (ME)","24.03.2016 21:00 - 24.03.2016 22:00 (CET/CEST)","n/e","n/e","0"
"Montenegro (ME)","24.03.2016 22:00 - 24.03.2016 23:00 (CET/CEST)","n/e","n/e","0"
"Montenegro (ME)","24.03.2016 23:00 - 25.03.2016 00:00 (CET/CEST)","n/e","n/e","0"
"Montenegro (ME)","25.03.2016 00:00 - 25.03.2016 01:00 (CET/CEST)","n/e","n/e","0"
"Montenegro (ME)","25.03.2016 01:00 - 25.03.2016 02:00 (CET/CEST)","n/e","n/e","0"
"Montenegro (ME)","25.03.2016 02:00 - 25.03.2016 03:00 (CET/CEST)","n/e","n/e","0"
"Montenegro (ME)","25.03.2016 03:00 - 25.03.2016 04:00 (CET/CEST)","n/e","n/e","0"
"Montenegro (ME)","25.03.2016 04:00 - 25.03.2016 05:00 (CET/CEST)","n/e","n/e","0"
"Montenegro (ME)","25.03.2016 05:00 - 25.03.2016 06:00 (CET/CEST)","n/e","n/e","0"
"Montenegro (ME)","25.03.2016 06:00 - 25.03.2016 07:00 (CET/CEST)","n/e","n/e","0"
"Montenegro (ME)","25.03.2016 07:00 - 25.03.2016 08:00 (CET/CEST)","n/e","n/e","0"
"Montenegro (ME)","25.03.2016 08:00 - 25.03.2016 09:00 (CET/CEST)","n/e","n/e","0"
"Montenegro (ME)","25.03.2016 09:00 - 25.03.2016 10:00 (CET/CEST)","n/e","n/e","0"
"Montenegro (ME)","25.03.2016 10:00 - 25.03.2016 11:00 (CET/CEST)","n/e","n/e","0"
"Montenegro (ME)","25.03.2016 11:00 - 25.03.2016 12:00 (CET/CEST)","n/e","n/e","0"
"Montenegro (ME)","25.03.2016 12:00 - 25.03.2016 13:00 (CET/CEST)","n/e","n/e","0"
"Montenegro (ME)","25.03.2016 13:00 - 25.03.2016 14:00 (CET/CEST)","n/e","n/e","0"
"Montenegro (ME)","25.03.2016 14:00 - 25.03.2016 15:00 (CET/CEST)","n/e","n/e","0"
"Montenegro (ME)","25.03.2016 15:00 - 25.03.2016 16:00 (CET/CEST)","n/e","n/e","0"
"Montenegro (ME)","25.03.2016 16:00 - 25.03.2016 17:00 (CET/CEST)","n/e","n/e","0"
"Montenegro (ME)","25.03.2016 17:00 - 25.03.2016 18:00 (CET/CEST)","n/e","n/e","162"
"Montenegro (ME)","25.03.2016 18:00 - 25.03.2016 19:00 (CET/CEST)","n/e","n/e","301"
"Montenegro (ME)","25.03.2016 19:00 - 25.03.2016 20:00 (CET/CEST)","n/e","n/e","331"
"Montenegro (ME)","25.03.2016 20:00 - 25.03.2016 21:00 (CET/CEST)","n/e","n/e","303"
"Montenegro (ME)","25.03.2016 21:00 - 25.03.2016 22:00 (CET/CEST)","n/e","n/e","0"
"Montenegro (ME)","25.03.2016 22:00 - 25.03.2016 23:00 (CET/CEST)","n/e","n/e","0"
"Montenegro (ME)","25.03.2016 23:00 - 26.03.2016 00:00 (CET/CEST)","n/e","n/e","0"
"Montenegro (ME)","26.03.2016 00:00 - 26.03.2016 01:00 (CET/CEST)","n/e","n/e","0"
"Montenegro (ME)","26.03.2016 01:00 - 26.03.2016 02:00 (CET/CEST)","n/e","n/e","0"
"Montenegro (ME)","26.03.2016 02:00 - 26.03.2016 03:00 (CET/CEST)","n/e","n/e","0"
"Montenegro (ME)","26.03.2016 03:00 - 26.03.2016 04:00 (CET/CEST)","n/e","n/e","0"
"Montenegro (ME)","26.03.2016 04:00 - 26.03.2016 05:00 (CET/CEST)","n/e","n/e","0"
"Montenegro (ME)","26.03.2016 05:00 - 26.03.2016 06:00 (CET/CEST)","n/e","n/e","0"
"Montenegro (ME)","26.03.2016 06:00 - 26.03.2016 07:00 (CET/CEST)","n/e","n/e","0"
"Montenegro (ME)","26.03.2016 07:00 - 26.03.2016 08:00 (CET/CEST)","n/e","n/e","0"
"Montenegro (ME)","26.03.2016 08:00 - 26.03.2016 09:00 (CET/CEST)","n/e","n/e","0"
"Montenegro (ME)","26.03.2016 09:00 - 26.03.2016 10:00 (CET/CEST)","n/e","n/e","0"
"Montenegro (ME)","26.03.2016 10:00 - 26.03.2016 11:00 (CET/CEST)","n/e","n/e","0"
"Montenegro (ME)","26.03.2016 11:00 - 26.03.2016 12:00 (CET/CEST)","n/e","n/e","0"
"Montenegro (ME)","26.03.2016 12:00 - 26.03.2016 13:00 (CET/CEST)","n/e","n/e","0"
"Montenegro (ME)","26.03.2016 13:00 - 26.03.2016 14:00 (CET/CEST)","n/e","n/e","0"
"Montenegro (ME)","26.03.2016 14:00 - 26.03.2016 15:00 (CET/CEST)","n/e","n/e","0"
"Montenegro (ME)","26.03.2016 15:00 - 26.03.2016 16:00 (CET/CEST)","n/e","n/e","0"
"Montenegro (ME)","26.03.2016 16:00 - 26.03.2016 17:00 (CET/CEST)","n/e","n/e","0"
"Montenegro (ME)","26.03.2016 17:00 - 26.03.2016 18:00 (CET/CEST)","n/e","n/e","0"
"Montenegro (ME)","26.03.2016 18:00 - 26.03.2016 19:00 (CET/CEST)","n/e","n/e","112"
"Montenegro (ME)","26.03.2016 19:00 - 26.03.2016 20:00 (CET/CEST)","n/e","n/e","113"
"Montenegro (ME)","26.03.2016 20:00 - 26.03.2016 21:00 (CET/CEST)","n/e","n/e","110"
"Montenegro (ME)","26.03.2016 21:00 - 26.03.2016 22:00 (CET/CEST)","n/e","n/e","0"
"Montenegro (ME)","26.03.2016 22:00 - 26.03.2016 23:00 (CET/CEST)","n/e","n/e","0"
"Montenegro (ME)","26.03.2016 23:00 - 27.03.2016 00:00 (CET/CEST)","n/e","n/e","0"
"Montenegro (ME)","27.03.2016 00:00 - 27.03.2016 01:00 (CET/CEST)","n/e","n/e","0"
"Montenegro (ME)","27.03.2016 01:00 - 27.03.2016 02:00 (CET/CEST)","n/e","n/e","0"
"Montenegro (ME)","27.03.2016 02:00 - 27.03.2016 03:00 (CET/CEST)","","",""
"Montenegro (ME)","27.03.2016 03:00 - 27.03.2016 04:00 (CET/CEST)","n/e","n/e","0"
"Montenegro (ME)","27.03.2016 04:00 - 27.03.2016 05:00 (CET/CEST)","n/e","n/e","0"
"Montenegro (ME)","27.03.2016 05:00 - 27.03.2016 06:00 (CET/CEST)","n/e","n/e","0"
"Montenegro (ME)","27.03.2016 06:00 - 27.03.2016 07:00 (CET/CEST)","n/e","n/e","0"
"Montenegro (ME)","27.03.2016 07:00 - 27.03.2016 08:00 (CET/CEST)","n/e","n/e","0"
"Montenegro (ME)","27.03.2016 08:00 - 27.03.2016 09:00 (CET/CEST)","n/e","n/e","0"
"Montenegro (ME)","27.03.2016 09:00 - 27.03.2016 10:00 (CET/CEST)","n/e","n/e","0"
"Montenegro (ME)","27.03.2016 10:00 - 27.03.2016 11:00 (CET/CEST)","n/e","n/e","0"
"Montenegro (ME)","27.03.2016 11:00 - 27.03.2016 12:00 (CET/CEST)","n/e","n/e","0"
"Montenegro (ME)","27.03.2016 12:00 - 27.03.2016 13:00 (CET/CEST)","n/e","n/e","0"
"Montenegro (ME)","27.03.2016 13:00 - 27.03.2016 14:00 (CET/CEST)","n/e","n/e","0"
"Montenegro (ME)","27.03.2016 14:00 - 27.03.2016 15:00 (CET/CEST)","n/e","n/e","0"
"Montenegro (ME)","27.03.2016 15:00 - 27.03.2016 16:00 (CET/CEST)","n/e","n/e","0"
"Montenegro (ME)","27.03.2016 16:00 - 27.03.2016 17:00 (CET/CEST)","n/e","n/e","0"
"Montenegro (ME)","27.03.2016 17:00 - 27.03.2016 18:00 (CET/CEST)","n/e","n/e","0"
"Montenegro (ME)","27.03.2016 18:00 - 27.03.2016 19:00 (CET/CEST)","n/e","n/e","0"
"Montenegro (ME)","27.03.2016 19:00 - 27.03.2016 20:00 (CET/CEST)","n/e","n/e","0"
"Montenegro (ME)","27.03.2016 20:00 - 27.03.2016 21:00 (CET/CEST)","n/e","n/e","0"
"Montenegro (ME)","27.03.2016 21:00 - 27.03.2016 22:00 (CET/CEST)","n/e","n/e","0"
"Montenegro (ME)","27.03.2016 22:00 - 27.03.2016 23:00 (CET/CEST)","n/e","n/e","0"
"Montenegro (ME)","27.03.2016 23:00 - 28.03.2016 00:00 (CET/CEST)","n/e","n/e","0"
"Montenegro (ME)","28.03.2016 00:00 - 28.03.2016 01:00 (CET/CEST)","n/e","n/e","0"
"Montenegro (ME)","28.03.2016 01:00 - 28.03.2016 02:00 (CET/CEST)","n/e","n/e","0"
"Montenegro (ME)","28.03.2016 02:00 - 28.03.2016 03:00 (CET/CEST)","n/e","n/e","0"
"Montenegro (ME)","28.03.2016 03:00 - 28.03.2016 04:00 (CET/CEST)","n/e","n/e","0"
"Montenegro (ME)","28.03.2016 04:00 - 28.03.2016 05:00 (CET/CEST)","n/e","n/e","0"
"Montenegro (ME)","28.03.2016 05:00 - 28.03.2016 06:00 (CET/CEST)","n/e","n/e","0"
"Montenegro (ME)","28.03.2016 06:00 - 28.03.2016 07:00 (CET/CEST)","n/e","n/e","0"
"Montenegro (ME)","28.03.2016 07:00 - 28.03.2016 08:00 (CET/CEST)","n/e","n/e","0"
"Montenegro (ME)","28.03.2016 08:00 - 28.03.2016 09:00 (CET/CEST)","n/e","n/e","0"
"Montenegro (ME)","28.03.2016 09:00 - 28.03.2016 10:00 (CET/CEST)","n/e","n/e","0"
"Montenegro (ME)","28.03.2016 10:00 - 28.03.2016 11:00 (CET/CEST)","n/e","n/e","0"
"Montenegro (ME)","28.03.2016 11:00 - 28.03.2016 12:00 (CET/CEST)","n/e","n/e","0"
"Montenegro (ME)","28.03.2016 12:00 - 28.03.2016 13:00 (CET/CEST)","n/e","n/e","0"
"Montenegro (ME)","28.03.2016 13:00 - 28.03.2016 14:00 (CET/CEST)","n/e","n/e","0"
"Montenegro (ME)","28.03.2016 14:00 - 28.03.2016 15:00 (CET/CEST)","n/e","n/e","0"
"Montenegro (ME)","28.03.2016 15:00 - 28.03.2016 16:00 (CET/CEST)","n/e","n/e","0"
"Montenegro (ME)","28.03.2016 16:00 - 28.03.2016 17:00 (CET/CEST)","n/e","n/e","0"
"Montenegro (ME)","28.03.2016 17:00 - 28.03.2016 18:00 (CET/CEST)","n/e","n/e","0"
"Montenegro (ME)","28.03.2016 18:00 - 28.03.2016 19:00 (CET/CEST)","n/e","n/e","0"
"Montenegro (ME)","28.03.2016 19:00 - 28.03.2016 20:00 (CET/CEST)","n/e","n/e","0"
"Montenegro (ME)","28.03.2016 20:00 - 28.03.2016 21:00 (CET/CEST)","n/e","n/e","0"
"Montenegro (ME)","28.03.2016 21:00 - 28.03.2016 22:00 (CET/CEST)","n/e","n/e","0"
"Montenegro (ME)","28.03.2016 22:00 - 28.03.2016 23:00 (CET/CEST)","n/e","n/e","0"
"Montenegro (ME)","28.03.2016 23:00 - 29.03.2016 00:00 (CET/CEST)","n/e","n/e","0"
"Montenegro (ME)","29.03.2016 00:00 - 29.03.2016 01:00 (CET/CEST)","n/e","n/e","0"
"Montenegro (ME)","29.03.2016 01:00 - 29.03.2016 02:00 (CET/CEST)","n/e","n/e","0"
"Montenegro (ME)","29.03.2016 02:00 - 29.03.2016 03:00 (CET/CEST)","n/e","n/e","0"
"Montenegro (ME)","29.03.2016 03:00 - 29.03.2016 04:00 (CET/CEST)","n/e","n/e","0"
"Montenegro (ME)","29.03.2016 04:00 - 29.03.2016 05:00 (CET/CEST)","n/e","n/e","0"
"Montenegro (ME)","29.03.2016 05:00 - 29.03.2016 06:00 (CET/CEST)","n/e","n/e","0"
"Montenegro (ME)","29.03.2016 06:00 - 29.03.2016 07:00 (CET/CEST)","n/e","n/e","1"
"Montenegro (ME)","29.03.2016 07:00 - 29.03.2016 08:00 (CET/CEST)","n/e","n/e","161"
"Montenegro (ME)","29.03.2016 08:00 - 29.03.2016 09:00 (CET/CEST)","n/e","n/e","221"
"Montenegro (ME)","29.03.2016 09:00 - 29.03.2016 10:00 (CET/CEST)","n/e","n/e","221"
"Montenegro (ME)","29.03.2016 10:00 - 29.03.2016 11:00 (CET/CEST)","n/e","n/e","221"
"Montenegro (ME)","29.03.2016 11:00 - 29.03.2016 12:00 (CET/CEST)","n/e","n/e","162"
"Montenegro (ME)","29.03.2016 12:00 - 29.03.2016 13:00 (CET/CEST)","n/e","n/e","0"
"Montenegro (ME)","29.03.2016 13:00 - 29.03.2016 14:00 (CET/CEST)","n/e","n/e","0"
"Montenegro (ME)","29.03.2016 14:00 - 29.03.2016 15:00 (CET/CEST)","n/e","n/e","0"
"Montenegro (ME)","29.03.2016 15:00 - 29.03.2016 16:00 (CET/CEST)","n/e","n/e","0"
"Montenegro (ME)","29.03.2016 16:00 - 29.03.2016 17:00 (CET/CEST)","n/e","n/e","0"
"Montenegro (ME)","29.03.2016 17:00 - 29.03.2016 18:00 (CET/CEST)","n/e","n/e","102"
"Montenegro (ME)","29.03.2016 18:00 - 29.03.2016 19:00 (CET/CEST)","n/e","n/e","221"
"Montenegro (ME)","29.03.2016 19:00 - 29.03.2016 20:00 (CET/CEST)","n/e","n/e","303"
"Montenegro (ME)","29.03.2016 20:00 - 29.03.2016 21:00 (CET/CEST)","n/e","n/e","301"
"Montenegro (ME)","29.03.2016 21:00 - 29.03.2016 22:00 (CET/CEST)","n/e","n/e","161"
"Montenegro (ME)","29.03.2016 22:00 - 29.03.2016 23:00 (CET/CEST)","n/e","n/e","1"
"Montenegro (ME)","29.03.2016 23:00 - 30.03.2016 00:00 (CET/CEST)","n/e","n/e","0"
"Montenegro (ME)","30.03.2016 00:00 - 30.03.2016 01:00 (CET/CEST)","n/e","n/e","0"
"Montenegro (ME)","30.03.2016 01:00 - 30.03.2016 02:00 (CET/CEST)","n/e","n/e","0"
"Montenegro (ME)","30.03.2016 02:00 - 30.03.2016 03:00 (CET/CEST)","n/e","n/e","0"
"Montenegro (ME)","30.03.2016 03:00 - 30.03.2016 04:00 (CET/CEST)","n/e","n/e","0"
"Montenegro (ME)","30.03.2016 04:00 - 30.03.2016 05:00 (CET/CEST)","n/e","n/e","0"
"Montenegro (ME)","30.03.2016 05:00 - 30.03.2016 06:00 (CET/CEST)","n/e","n/e","0"
"Montenegro (ME)","30.03.2016 06:00 - 30.03.2016 07:00 (CET/CEST)","n/e","n/e","0"
"Montenegro (ME)","30.03.2016 07:00 - 30.03.2016 08:00 (CET/CEST)","n/e","n/e","221"
"Montenegro (ME)","30.03.2016 08:00 - 30.03.2016 09:00 (CET/CEST)","n/e","n/e","202"
"Montenegro (ME)","30.03.2016 09:00 - 30.03.2016 10:00 (CET/CEST)","n/e","n/e","151"
"Montenegro (ME)","30.03.2016 10:00 - 30.03.2016 11:00 (CET/CEST)","n/e","n/e","220"
"Montenegro (ME)","30.03.2016 11:00 - 30.03.2016 12:00 (CET/CEST)","n/e","n/e","152"
"Montenegro (ME)","30.03.2016 12:00 - 30.03.2016 13:00 (CET/CEST)","n/e","n/e","1"
"Montenegro (ME)","30.03.2016 13:00 - 30.03.2016 14:00 (CET/CEST)","n/e","n/e","0"
"Montenegro (ME)","30.03.2016 14:00 - 30.03.2016 15:00 (CET/CEST)","n/e","n/e","0"
"Montenegro (ME)","30.03.2016 15:00 - 30.03.2016 16:00 (CET/CEST)","n/e","n/e","0"
"Montenegro (ME)","30.03.2016 16:00 - 30.03.2016 17:00 (CET/CEST)","n/e","n/e","0"
"Montenegro (ME)","30.03.2016 17:00 - 30.03.2016 18:00 (CET/CEST)","n/e","n/e","0"
"Montenegro (ME)","30.03.2016 18:00 - 30.03.2016 19:00 (CET/CEST)","n/e","n/e","82"
"Montenegro (ME)","30.03.2016 19:00 - 30.03.2016 20:00 (CET/CEST)","n/e","n/e","201"
"Montenegro (ME)","30.03.2016 20:00 - 30.03.2016 21:00 (CET/CEST)","n/e","n/e","220"
"Montenegro (ME)","30.03.2016 21:00 - 30.03.2016 22:00 (CET/CEST)","n/e","n/e","180"
"Montenegro (ME)","30.03.2016 22:00 - 30.03.2016 23:00 (CET/CEST)","n/e","n/e","0"
"Montenegro (ME)","30.03.2016 23:00 - 31.03.2016 00:00 (CET/CEST)","n/e","n/e","0"
"Montenegro (ME)","31.03.2016 00:00 - 31.03.2016 01:00 (CET/CEST)","n/e","n/e","0"
"Montenegro (ME)","31.03.2016 01:00 - 31.03.2016 02:00 (CET/CEST)","n/e","n/e","0"
"Montenegro (ME)","31.03.2016 02:00 - 31.03.2016 03:00 (CET/CEST)","n/e","n/e","0"
"Montenegro (ME)","31.03.2016 03:00 - 31.03.2016 04:00 (CET/CEST)","n/e","n/e","0"
"Montenegro (ME)","31.03.2016 04:00 - 31.03.2016 05:00 (CET/CEST)","n/e","n/e","0"
"Montenegro (ME)","31.03.2016 05:00 - 31.03.2016 06:00 (CET/CEST)","n/e","n/e","0"
"Montenegro (ME)","31.03.2016 06:00 - 31.03.2016 07:00 (CET/CEST)","n/e","n/e","1"
"Montenegro (ME)","31.03.2016 07:00 - 31.03.2016 08:00 (CET/CEST)","n/e","n/e","300"
"Montenegro (ME)","31.03.2016 08:00 - 31.03.2016 09:00 (CET/CEST)","n/e","n/e","300"
"Montenegro (ME)","31.03.2016 09:00 - 31.03.2016 10:00 (CET/CEST)","n/e","n/e","300"
"Montenegro (ME)","31.03.2016 10:00 - 31.03.2016 11:00 (CET/CEST)","n/e","n/e","220"
"Montenegro (ME)","31.03.2016 11:00 - 31.03.2016 12:00 (CET/CEST)","n/e","n/e","1"
"Montenegro (ME)","31.03.2016 12:00 - 31.03.2016 13:00 (CET/CEST)","n/e","n/e","0"
"Montenegro (ME)","31.03.2016 13:00 - 31.03.2016 14:00 (CET/CEST)","n/e","n/e","0"
"Montenegro (ME)","31.03.2016 14:00 - 31.03.2016 15:00 (CET/CEST)","n/e","n/e","0"
"Montenegro (ME)","31.03.2016 15:00 - 31.03.2016 16:00 (CET/CEST)","n/e","n/e","0"
"Montenegro (ME)","31.03.2016 16:00 - 31.03.2016 17:00 (CET/CEST)","n/e","n/e","0"
"Montenegro (ME)","31.03.2016 17:00 - 31.03.2016 18:00 (CET/CEST)","n/e","n/e","0"
"Montenegro (ME)","31.03.2016 18:00 - 31.03.2016 19:00 (CET/CEST)","n/e","n/e","1"
"Montenegro (ME)","31.03.2016 19:00 - 31.03.2016 20:00 (CET/CEST)","n/e","n/e","270"
"Montenegro (ME)","31.03.2016 20:00 - 31.03.2016 21:00 (CET/CEST)","n/e","n/e","209"
"Montenegro (ME)","31.03.2016 21:00 - 31.03.2016 22:00 (CET/CEST)","n/e","n/e","1"
"Montenegro (ME)","31.03.2016 22:00 - 31.03.2016 23:00 (CET/CEST)","n/e","n/e","0"
"Montenegro (ME)","31.03.2016 23:00 - 01.04.2016 00:00 (CET/CEST)","n/e","n/e","0"
"Montenegro (ME)","01.04.2016 00:00 - 01.04.2016 01:00 (CET/CEST)","n/e","n/e","0"
"Montenegro (ME)","01.04.2016 01:00 - 01.04.2016 02:00 (CET/CEST)","n/e","n/e","0"
"Montenegro (ME)","01.04.2016 02:00 - 01.04.2016 03:00 (CET/CEST)","n/e","n/e","0"
"Montenegro (ME)","01.04.2016 03:00 - 01.04.2016 04:00 (CET/CEST)","n/e","n/e","0"
"Montenegro (ME)","01.04.2016 04:00 - 01.04.2016 05:00 (CET/CEST)","n/e","n/e","0"
"Montenegro (ME)","01.04.2016 05:00 - 01.04.2016 06:00 (CET/CEST)","n/e","n/e","0"
"Montenegro (ME)","01.04.2016 06:00 - 01.04.2016 07:00 (CET/CEST)","n/e","n/e","0"
"Montenegro (ME)","01.04.2016 07:00 - 01.04.2016 08:00 (CET/CEST)","n/e","n/e","220"
"Montenegro (ME)","01.04.2016 08:00 - 01.04.2016 09:00 (CET/CEST)","n/e","n/e","220"
"Montenegro (ME)","01.04.2016 09:00 - 01.04.2016 10:00 (CET/CEST)","n/e","n/e","221"
"Montenegro (ME)","01.04.2016 10:00 - 01.04.2016 11:00 (CET/CEST)","n/e","n/e","201"
"Montenegro (ME)","01.04.2016 11:00 - 01.04.2016 12:00 (CET/CEST)","n/e","n/e","200"
"Montenegro (ME)","01.04.2016 12:00 - 01.04.2016 13:00 (CET/CEST)","n/e","n/e","1"
"Montenegro (ME)","01.04.2016 13:00 - 01.04.2016 14:00 (CET/CEST)","n/e","n/e","0"
"Montenegro (ME)","01.04.2016 14:00 - 01.04.2016 15:00 (CET/CEST)","n/e","n/e","0"
"Montenegro (ME)","01.04.2016 15:00 - 01.04.2016 16:00 (CET/CEST)","n/e","n/e","0"
"Montenegro (ME)","01.04.2016 16:00 - 01.04.2016 17:00 (CET/CEST)","n/e","n/e","0"
"Montenegro (ME)","01.04.2016 17:00 - 01.04.2016 18:00 (CET/CEST)","n/e","n/e","0"
"Montenegro (ME)","01.04.2016 18:00 - 01.04.2016 19:00 (CET/CEST)","n/e","n/e","3"
"Montenegro (ME)","01.04.2016 19:00 - 01.04.2016 20:00 (CET/CEST)","n/e","n/e","298"
"Montenegro (ME)","01.04.2016 20:00 - 01.04.2016 21:00 (CET/CEST)","n/e","n/e","301"
"Montenegro (ME)","01.04.2016 21:00 - 01.04.2016 22:00 (CET/CEST)","n/e","n/e","2"
"Montenegro (ME)","01.04.2016 22:00 - 01.04.2016 23:00 (CET/CEST)","n/e","n/e","0"
"Montenegro (ME)","01.04.2016 23:00 - 02.04.2016 00:00 (CET/CEST)","n/e","n/e","0"
"Montenegro (ME)","02.04.2016 00:00 - 02.04.2016 01:00 (CET/CEST)","n/e","n/e","0"
"Montenegro (ME)","02.04.2016 01:00 - 02.04.2016 02:00 (CET/CEST)","n/e","n/e","0"
"Montenegro (ME)","02.04.2016 02:00 - 02.04.2016 03:00 (CET/CEST)","n/e","n/e","0"
"Montenegro (ME)","02.04.2016 03:00 - 02.04.2016 04:00 (CET/CEST)","n/e","n/e","0"
"Montenegro (ME)","02.04.2016 04:00 - 02.04.2016 05:00 (CET/CEST)","n/e","n/e","0"
"Montenegro (ME)","02.04.2016 05:00 - 02.04.2016 06:00 (CET/CEST)","n/e","n/e","0"
"Montenegro (ME)","02.04.2016 06:00 - 02.04.2016 07:00 (CET/CEST)","n/e","n/e","0"
"Montenegro (ME)","02.04.2016 07:00 - 02.04.2016 08:00 (CET/CEST)","n/e","n/e","0"
"Montenegro (ME)","02.04.2016 08:00 - 02.04.2016 09:00 (CET/CEST)","n/e","n/e","0"
"Montenegro (ME)","02.04.2016 09:00 - 02.04.2016 10:00 (CET/CEST)","n/e","n/e","0"
"Montenegro (ME)","02.04.2016 10:00 - 02.04.2016 11:00 (CET/CEST)","n/e","n/e","0"
"Montenegro (ME)","02.04.2016 11:00 - 02.04.2016 12:00 (CET/CEST)","n/e","n/e","0"
"Montenegro (ME)","02.04.2016 12:00 - 02.04.2016 13:00 (CET/CEST)","n/e","n/e","0"
"Montenegro (ME)","02.04.2016 13:00 - 02.04.2016 14:00 (CET/CEST)","n/e","n/e","0"
"Montenegro (ME)","02.04.2016 14:00 - 02.04.2016 15:00 (CET/CEST)","n/e","n/e","0"
"Montenegro (ME)","02.04.2016 15:00 - 02.04.2016 16:00 (CET/CEST)","n/e","n/e","0"
"Montenegro (ME)","02.04.2016 16:00 - 02.04.2016 17:00 (CET/CEST)","n/e","n/e","0"
"Montenegro (ME)","02.04.2016 17:00 - 02.04.2016 18:00 (CET/CEST)","n/e","n/e","0"
"Montenegro (ME)","02.04.2016 18:00 - 02.04.2016 19:00 (CET/CEST)","n/e","n/e","1"
"Montenegro (ME)","02.04.2016 19:00 - 02.04.2016 20:00 (CET/CEST)","n/e","n/e","220"
"Montenegro (ME)","02.04.2016 20:00 - 02.04.2016 21:00 (CET/CEST)","n/e","n/e","220"
"Montenegro (ME)","02.04.2016 21:00 - 02.04.2016 22:00 (CET/CEST)","n/e","n/e","0"
"Montenegro (ME)","02.04.2016 22:00 - 02.04.2016 23:00 (CET/CEST)","n/e","n/e","0"
"Montenegro (ME)","02.04.2016 23:00 - 03.04.2016 00:00 (CET/CEST)","n/e","n/e","0"
"Montenegro (ME)","03.04.2016 00:00 - 03.04.2016 01:00 (CET/CEST)","n/e","n/e","0"
"Montenegro (ME)","03.04.2016 01:00 - 03.04.2016 02:00 (CET/CEST)","n/e","n/e","0"
"Montenegro (ME)","03.04.2016 02:00 - 03.04.2016 03:00 (CET/CEST)","n/e","n/e","0"
"Montenegro (ME)","03.04.2016 03:00 - 03.04.2016 04:00 (CET/CEST)","n/e","n/e","0"
"Montenegro (ME)","03.04.2016 04:00 - 03.04.2016 05:00 (CET/CEST)","n/e","n/e","0"
"Montenegro (ME)","03.04.2016 05:00 - 03.04.2016 06:00 (CET/CEST)","n/e","n/e","0"
"Montenegro (ME)","03.04.2016 06:00 - 03.04.2016 07:00 (CET/CEST)","n/e","n/e","0"
"Montenegro (ME)","03.04.2016 07:00 - 03.04.2016 08:00 (CET/CEST)","n/e","n/e","0"
"Montenegro (ME)","03.04.2016 08:00 - 03.04.2016 09:00 (CET/CEST)","n/e","n/e","0"
"Montenegro (ME)","03.04.2016 09:00 - 03.04.2016 10:00 (CET/CEST)","n/e","n/e","0"
"Montenegro (ME)","03.04.2016 10:00 - 03.04.2016 11:00 (CET/CEST)","n/e","n/e","0"
"Montenegro (ME)","03.04.2016 11:00 - 03.04.2016 12:00 (CET/CEST)","n/e","n/e","0"
"Montenegro (ME)","03.04.2016 12:00 - 03.04.2016 13:00 (CET/CEST)","n/e","n/e","0"
"Montenegro (ME)","03.04.2016 13:00 - 03.04.2016 14:00 (CET/CEST)","n/e","n/e","0"
"Montenegro (ME)","03.04.2016 14:00 - 03.04.2016 15:00 (CET/CEST)","n/e","n/e","0"
"Montenegro (ME)","03.04.2016 15:00 - 03.04.2016 16:00 (CET/CEST)","n/e","n/e","0"
"Montenegro (ME)","03.04.2016 16:00 - 03.04.2016 17:00 (CET/CEST)","n/e","n/e","0"
"Montenegro (ME)","03.04.2016 17:00 - 03.04.2016 18:00 (CET/CEST)","n/e","n/e","0"
"Montenegro (ME)","03.04.2016 18:00 - 03.04.2016 19:00 (CET/CEST)","n/e","n/e","0"
"Montenegro (ME)","03.04.2016 19:00 - 03.04.2016 20:00 (CET/CEST)","n/e","n/e","0"
"Montenegro (ME)","03.04.2016 20:00 - 03.04.2016 21:00 (CET/CEST)","n/e","n/e","0"
"Montenegro (ME)","03.04.2016 21:00 - 03.04.2016 22:00 (CET/CEST)","n/e","n/e","0"
"Montenegro (ME)","03.04.2016 22:00 - 03.04.2016 23:00 (CET/CEST)","n/e","n/e","0"
"Montenegro (ME)","03.04.2016 23:00 - 04.04.2016 00:00 (CET/CEST)","n/e","n/e","0"
"Montenegro (ME)","04.04.2016 00:00 - 04.04.2016 01:00 (CET/CEST)","n/e","n/e","0"
"Montenegro (ME)","04.04.2016 01:00 - 04.04.2016 02:00 (CET/CEST)","n/e","n/e","0"
"Montenegro (ME)","04.04.2016 02:00 - 04.04.2016 03:00 (CET/CEST)","n/e","n/e","0"
"Montenegro (ME)","04.04.2016 03:00 - 04.04.2016 04:00 (CET/CEST)","n/e","n/e","0"
"Montenegro (ME)","04.04.2016 04:00 - 04.04.2016 05:00 (CET/CEST)","n/e","n/e","0"
"Montenegro (ME)","04.04.2016 05:00 - 04.04.2016 06:00 (CET/CEST)","n/e","n/e","1"
"Montenegro (ME)","04.04.2016 06:00 - 04.04.2016 07:00 (CET/CEST)","n/e","n/e","83"
"Montenegro (ME)","04.04.2016 07:00 - 04.04.2016 08:00 (CET/CEST)","n/e","n/e","269"
"Montenegro (ME)","04.04.2016 08:00 - 04.04.2016 09:00 (CET/CEST)","n/e","n/e","301"
"Montenegro (ME)","04.04.2016 09:00 - 04.04.2016 10:00 (CET/CEST)","n/e","n/e","281"
"Montenegro (ME)","04.04.2016 10:00 - 04.04.2016 11:00 (CET/CEST)","n/e","n/e","329"
"Montenegro (ME)","04.04.2016 11:00 - 04.04.2016 12:00 (CET/CEST)","n/e","n/e","331"
"Montenegro (ME)","04.04.2016 12:00 - 04.04.2016 13:00 (CET/CEST)","n/e","n/e","82"
"Montenegro (ME)","04.04.2016 13:00 - 04.04.2016 14:00 (CET/CEST)","n/e","n/e","101"
"Montenegro (ME)","04.04.2016 14:00 - 04.04.2016 15:00 (CET/CEST)","n/e","n/e","101"
"Montenegro (ME)","04.04.2016 15:00 - 04.04.2016 16:00 (CET/CEST)","n/e","n/e","101"
"Montenegro (ME)","04.04.2016 16:00 - 04.04.2016 17:00 (CET/CEST)","n/e","n/e","101"
"Montenegro (ME)","04.04.2016 17:00 - 04.04.2016 18:00 (CET/CEST)","n/e","n/e","100"
"Montenegro (ME)","04.04.2016 18:00 - 04.04.2016 19:00 (CET/CEST)","n/e","n/e","329"
"Montenegro (ME)","04.04.2016 19:00 - 04.04.2016 20:00 (CET/CEST)","n/e","n/e","332"
"Montenegro (ME)","04.04.2016 20:00 - 04.04.2016 21:00 (CET/CEST)","n/e","n/e","329"
"Montenegro (ME)","04.04.2016 21:00 - 04.04.2016 22:00 (CET/CEST)","n/e","n/e","330"
"Montenegro (ME)","04.04.2016 22:00 - 04.04.2016 23:00 (CET/CEST)","n/e","n/e","1"
"Montenegro (ME)","04.04.2016 23:00 - 05.04.2016 00:00 (CET/CEST)","n/e","n/e","0"
"Montenegro (ME)","05.04.2016 00:00 - 05.04.2016 01:00 (CET/CEST)","n/e","n/e","0"
"Montenegro (ME)","05.04.2016 01:00 - 05.04.2016 02:00 (CET/CEST)","n/e","n/e","0"
"Montenegro (ME)","05.04.2016 02:00 - 05.04.2016 03:00 (CET/CEST)","n/e","n/e","0"
"Montenegro (ME)","05.04.2016 03:00 - 05.04.2016 04:00 (CET/CEST)","n/e","n/e","0"
"Montenegro (ME)","05.04.2016 04:00 - 05.04.2016 05:00 (CET/CEST)","n/e","n/e","0"
"Montenegro (ME)","05.04.2016 05:00 - 05.04.2016 06:00 (CET/CEST)","n/e","n/e","1"
"Montenegro (ME)","05.04.2016 06:00 - 05.04.2016 07:00 (CET/CEST)","n/e","n/e","300"
"Montenegro (ME)","05.04.2016 07:00 - 05.04.2016 08:00 (CET/CEST)","n/e","n/e","331"
"Montenegro (ME)","05.04.2016 08:00 - 05.04.2016 09:00 (CET/CEST)","n/e","n/e","331"
"Montenegro (ME)","05.04.2016 09:00 - 05.04.2016 10:00 (CET/CEST)","n/e","n/e","332"
"Montenegro (ME)","05.04.2016 10:00 - 05.04.2016 11:00 (CET/CEST)","n/e","n/e","331"
"Montenegro (ME)","05.04.2016 11:00 - 05.04.2016 12:00 (CET/CEST)","n/e","n/e","331"
"Montenegro (ME)","05.04.2016 12:00 - 05.04.2016 13:00 (CET/CEST)","n/e","n/e","181"
"Montenegro (ME)","05.04.2016 13:00 - 05.04.2016 14:00 (CET/CEST)","n/e","n/e","144"
"Montenegro (ME)","05.04.2016 14:00 - 05.04.2016 15:00 (CET/CEST)","n/e","n/e","170"
"Montenegro (ME)","05.04.2016 15:00 - 05.04.2016 16:00 (CET/CEST)","n/e","n/e","110"
"Montenegro (ME)","05.04.2016 16:00 - 05.04.2016 17:00 (CET/CEST)","n/e","n/e","81"
"Montenegro (ME)","05.04.2016 17:00 - 05.04.2016 18:00 (CET/CEST)","n/e","n/e","81"
"Montenegro (ME)","05.04.2016 18:00 - 05.04.2016 19:00 (CET/CEST)","n/e","n/e","303"
"Montenegro (ME)","05.04.2016 19:00 - 05.04.2016 20:00 (CET/CEST)","n/e","n/e","304"
"Montenegro (ME)","05.04.2016 20:00 - 05.04.2016 21:00 (CET/CEST)","n/e","n/e","302"
"Montenegro (ME)","05.04.2016 21:00 - 05.04.2016 22:00 (CET/CEST)","n/e","n/e","262"
"Montenegro (ME)","05.04.2016 22:00 - 05.04.2016 23:00 (CET/CEST)","n/e","n/e","0"
"Montenegro (ME)","05.04.2016 23:00 - 06.04.2016 00:00 (CET/CEST)","n/e","n/e","0"
"Montenegro (ME)","06.04.2016 00:00 - 06.04.2016 01:00 (CET/CEST)","n/e","n/e","0"
"Montenegro (ME)","06.04.2016 01:00 - 06.04.2016 02:00 (CET/CEST)","n/e","n/e","0"
"Montenegro (ME)","06.04.2016 02:00 - 06.04.2016 03:00 (CET/CEST)","n/e","n/e","0"
"Montenegro (ME)","06.04.2016 03:00 - 06.04.2016 04:00 (CET/CEST)","n/e","n/e","0"
"Montenegro (ME)","06.04.2016 04:00 - 06.04.2016 05:00 (CET/CEST)","n/e","n/e","0"
"Montenegro (ME)","06.04.2016 05:00 - 06.04.2016 06:00 (CET/CEST)","n/e","n/e","0"
"Montenegro (ME)","06.04.2016 06:00 - 06.04.2016 07:00 (CET/CEST)","n/e","n/e","299"
"Montenegro (ME)","06.04.2016 07:00 - 06.04.2016 08:00 (CET/CEST)","n/e","n/e","331"
"Montenegro (ME)","06.04.2016 08:00 - 06.04.2016 09:00 (CET/CEST)","n/e","n/e","331"
"Montenegro (ME)","06.04.2016 09:00 - 06.04.2016 10:00 (CET/CEST)","n/e","n/e","331"
"Montenegro (ME)","06.04.2016 10:00 - 06.04.2016 11:00 (CET/CEST)","n/e","n/e","329"
"Montenegro (ME)","06.04.2016 11:00 - 06.04.2016 12:00 (CET/CEST)","n/e","n/e","332"
"Montenegro (ME)","06.04.2016 12:00 - 06.04.2016 13:00 (CET/CEST)","n/e","n/e","81"
"Montenegro (ME)","06.04.2016 13:00 - 06.04.2016 14:00 (CET/CEST)","n/e","n/e","110"
"Montenegro (ME)","06.04.2016 14:00 - 06.04.2016 15:00 (CET/CEST)","n/e","n/e","110"
"Montenegro (ME)","06.04.2016 15:00 - 06.04.2016 16:00 (CET/CEST)","n/e","n/e","111"
"Montenegro (ME)","06.04.2016 16:00 - 06.04.2016 17:00 (CET/CEST)","n/e","n/e","111"
"Montenegro (ME)","06.04.2016 17:00 - 06.04.2016 18:00 (CET/CEST)","n/e","n/e","110"
"Montenegro (ME)","06.04.2016 18:00 - 06.04.2016 19:00 (CET/CEST)","n/e","n/e","72"
"Montenegro (ME)","06.04.2016 19:00 - 06.04.2016 20:00 (CET/CEST)","n/e","n/e","330"
"Montenegro (ME)","06.04.2016 20:00 - 06.04.2016 21:00 (CET/CEST)","n/e","n/e","330"
"Montenegro (ME)","06.04.2016 21:00 - 06.04.2016 22:00 (CET/CEST)","n/e","n/e","328"
"Montenegro (ME)","06.04.2016 22:00 - 06.04.2016 23:00 (CET/CEST)","n/e","n/e","0"
"Montenegro (ME)","06.04.2016 23:00 - 07.04.2016 00:00 (CET/CEST)","n/e","n/e","0"
"Montenegro (ME)","07.04.2016 00:00 - 07.04.2016 01:00 (CET/CEST)","n/e","n/e","0"
"Montenegro (ME)","07.04.2016 01:00 - 07.04.2016 02:00 (CET/CEST)","n/e","n/e","0"
"Montenegro (ME)","07.04.2016 02:00 - 07.04.2016 03:00 (CET/CEST)","n/e","n/e","0"
"Montenegro (ME)","07.04.2016 03:00 - 07.04.2016 04:00 (CET/CEST)","n/e","n/e","0"
"Montenegro (ME)","07.04.2016 04:00 - 07.04.2016 05:00 (CET/CEST)","n/e","n/e","0"
"Montenegro (ME)","07.04.2016 05:00 - 07.04.2016 06:00 (CET/CEST)","n/e","n/e","2"
"Montenegro (ME)","07.04.2016 06:00 - 07.04.2016 07:00 (CET/CEST)","n/e","n/e","329"
"Montenegro (ME)","07.04.2016 07:00 - 07.04.2016 08:00 (CET/CEST)","n/e","n/e","332"
"Montenegro (ME)","07.04.2016 08:00 - 07.04.2016 09:00 (CET/CEST)","n/e","n/e","331"
"Montenegro (ME)","07.04.2016 09:00 - 07.04.2016 10:00 (CET/CEST)","n/e","n/e","331"
"Montenegro (ME)","07.04.2016 10:00 - 07.04.2016 11:00 (CET/CEST)","n/e","n/e","331"
"Montenegro (ME)","07.04.2016 11:00 - 07.04.2016 12:00 (CET/CEST)","n/e","n/e","331"
"Montenegro (ME)","07.04.2016 12:00 - 07.04.2016 13:00 (CET/CEST)","n/e","n/e","103"
"Montenegro (ME)","07.04.2016 13:00 - 07.04.2016 14:00 (CET/CEST)","n/e","n/e","102"
"Montenegro (ME)","07.04.2016 14:00 - 07.04.2016 15:00 (CET/CEST)","n/e","n/e","102"
"Montenegro (ME)","07.04.2016 15:00 - 07.04.2016 16:00 (CET/CEST)","n/e","n/e","102"
"Montenegro (ME)","07.04.2016 16:00 - 07.04.2016 17:00 (CET/CEST)","n/e","n/e","102"
"Montenegro (ME)","07.04.2016 17:00 - 07.04.2016 18:00 (CET/CEST)","n/e","n/e","224"
"Montenegro (ME)","07.04.2016 18:00 - 07.04.2016 19:00 (CET/CEST)","n/e","n/e","226"
"Montenegro (ME)","07.04.2016 19:00 - 07.04.2016 20:00 (CET/CEST)","n/e","n/e","330"
"Montenegro (ME)","07.04.2016 20:00 - 07.04.2016 21:00 (CET/CEST)","n/e","n/e","331"
"Montenegro (ME)","07.04.2016 21:00 - 07.04.2016 22:00 (CET/CEST)","n/e","n/e","299"
"Montenegro (ME)","07.04.2016 22:00 - 07.04.2016 23:00 (CET/CEST)","n/e","n/e","1"
"Montenegro (ME)","07.04.2016 23:00 - 08.04.2016 00:00 (CET/CEST)","n/e","n/e","0"
"Montenegro (ME)","08.04.2016 00:00 - 08.04.2016 01:00 (CET/CEST)","n/e","n/e","0"
"Montenegro (ME)","08.04.2016 01:00 - 08.04.2016 02:00 (CET/CEST)","n/e","n/e","0"
"Montenegro (ME)","08.04.2016 02:00 - 08.04.2016 03:00 (CET/CEST)","n/e","n/e","0"
"Montenegro (ME)","08.04.2016 03:00 - 08.04.2016 04:00 (CET/CEST)","n/e","n/e","0"
"Montenegro (ME)","08.04.2016 04:00 - 08.04.2016 05:00 (CET/CEST)","n/e","n/e","0"
"Montenegro (ME)","08.04.2016 05:00 - 08.04.2016 06:00 (CET/CEST)","n/e","n/e","1"
"Montenegro (ME)","08.04.2016 06:00 - 08.04.2016 07:00 (CET/CEST)","n/e","n/e","221"
"Montenegro (ME)","08.04.2016 07:00 - 08.04.2016 08:00 (CET/CEST)","n/e","n/e","331"
"Montenegro (ME)","08.04.2016 08:00 - 08.04.2016 09:00 (CET/CEST)","n/e","n/e","332"
"Montenegro (ME)","08.04.2016 09:00 - 08.04.2016 10:00 (CET/CEST)","n/e","n/e","331"
"Montenegro (ME)","08.04.2016 10:00 - 08.04.2016 11:00 (CET/CEST)","n/e","n/e","330"
"Montenegro (ME)","08.04.2016 11:00 - 08.04.2016 12:00 (CET/CEST)","n/e","n/e","330"
"Montenegro (ME)","08.04.2016 12:00 - 08.04.2016 13:00 (CET/CEST)","n/e","n/e","101"
"Montenegro (ME)","08.04.2016 13:00 - 08.04.2016 14:00 (CET/CEST)","n/e","n/e","101"
"Montenegro (ME)","08.04.2016 14:00 - 08.04.2016 15:00 (CET/CEST)","n/e","n/e","101"
"Montenegro (ME)","08.04.2016 15:00 - 08.04.2016 16:00 (CET/CEST)","n/e","n/e","78"
"Montenegro (ME)","08.04.2016 16:00 - 08.04.2016 17:00 (CET/CEST)","n/e","n/e","0"
"Montenegro (ME)","08.04.2016 17:00 - 08.04.2016 18:00 (CET/CEST)","n/e","n/e","0"
"Montenegro (ME)","08.04.2016 18:00 - 08.04.2016 19:00 (CET/CEST)","n/e","n/e","0"
"Montenegro (ME)","08.04.2016 19:00 - 08.04.2016 20:00 (CET/CEST)","n/e","n/e","0"
"Montenegro (ME)","08.04.2016 20:00 - 08.04.2016 21:00 (CET/CEST)","n/e","n/e","0"
"Montenegro (ME)","08.04.2016 21:00 - 08.04.2016 22:00 (CET/CEST)","n/e","n/e","0"
"Montenegro (ME)","08.04.2016 22:00 - 08.04.2016 23:00 (CET/CEST)","n/e","n/e","0"
"Montenegro (ME)","08.04.2016 23:00 - 09.04.2016 00:00 (CET/CEST)","n/e","n/e","0"
"Montenegro (ME)","09.04.2016 00:00 - 09.04.2016 01:00 (CET/CEST)","n/e","n/e","0"
"Montenegro (ME)","09.04.2016 01:00 - 09.04.2016 02:00 (CET/CEST)","n/e","n/e","0"
"Montenegro (ME)","09.04.2016 02:00 - 09.04.2016 03:00 (CET/CEST)","n/e","n/e","0"
"Montenegro (ME)","09.04.2016 03:00 - 09.04.2016 04:00 (CET/CEST)","n/e","n/e","0"
"Montenegro (ME)","09.04.2016 04:00 - 09.04.2016 05:00 (CET/CEST)","n/e","n/e","0"
"Montenegro (ME)","09.04.2016 05:00 - 09.04.2016 06:00 (CET/CEST)","n/e","n/e","0"
"Montenegro (ME)","09.04.2016 06:00 - 09.04.2016 07:00 (CET/CEST)","n/e","n/e","0"
"Montenegro (ME)","09.04.2016 07:00 - 09.04.2016 08:00 (CET/CEST)","n/e","n/e","0"
"Montenegro (ME)","09.04.2016 08:00 - 09.04.2016 09:00 (CET/CEST)","n/e","n/e","0"
"Montenegro (ME)","09.04.2016 09:00 - 09.04.2016 10:00 (CET/CEST)","n/e","n/e","217"
"Montenegro (ME)","09.04.2016 10:00 - 09.04.2016 11:00 (CET/CEST)","n/e","n/e","73"
"Montenegro (ME)","09.04.2016 11:00 - 09.04.2016 12:00 (CET/CEST)","n/e","n/e","109"
"Montenegro (ME)","09.04.2016 12:00 - 09.04.2016 13:00 (CET/CEST)","n/e","n/e","0"
"Montenegro (ME)","09.04.2016 13:00 - 09.04.2016 14:00 (CET/CEST)","n/e","n/e","0"
"Montenegro (ME)","09.04.2016 14:00 - 09.04.2016 15:00 (CET/CEST)","n/e","n/e","0"
"Montenegro (ME)","09.04.2016 15:00 - 09.04.2016 16:00 (CET/CEST)","n/e","n/e","0"
"Montenegro (ME)","09.04.2016 16:00 - 09.04.2016 17:00 (CET/CEST)","n/e","n/e","0"
"Montenegro (ME)","09.04.2016 17:00 - 09.04.2016 18:00 (CET/CEST)","n/e","n/e","0"
"Montenegro (ME)","09.04.2016 18:00 - 09.04.2016 19:00 (CET/CEST)","n/e","n/e","3"
"Montenegro (ME)","09.04.2016 19:00 - 09.04.2016 20:00 (CET/CEST)","n/e","n/e","330"
"Montenegro (ME)","09.04.2016 20:00 - 09.04.2016 21:00 (CET/CEST)","n/e","n/e","337"
"Montenegro (ME)","09.04.2016 21:00 - 09.04.2016 22:00 (CET/CEST)","n/e","n/e","244"
"Montenegro (ME)","09.04.2016 22:00 - 09.04.2016 23:00 (CET/CEST)","n/e","n/e","0"
"Montenegro (ME)","09.04.2016 23:00 - 10.04.2016 00:00 (CET/CEST)","n/e","n/e","0"
"Montenegro (ME)","10.04.2016 00:00 - 10.04.2016 01:00 (CET/CEST)","n/e","n/e","0"
"Montenegro (ME)","10.04.2016 01:00 - 10.04.2016 02:00 (CET/CEST)","n/e","n/e","0"
"Montenegro (ME)","10.04.2016 02:00 - 10.04.2016 03:00 (CET/CEST)","n/e","n/e","0"
"Montenegro (ME)","10.04.2016 03:00 - 10.04.2016 04:00 (CET/CEST)","n/e","n/e","0"
"Montenegro (ME)","10.04.2016 04:00 - 10.04.2016 05:00 (CET/CEST)","n/e","n/e","0"
"Montenegro (ME)","10.04.2016 05:00 - 10.04.2016 06:00 (CET/CEST)","n/e","n/e","0"
"Montenegro (ME)","10.04.2016 06:00 - 10.04.2016 07:00 (CET/CEST)","n/e","n/e","0"
"Montenegro (ME)","10.04.2016 07:00 - 10.04.2016 08:00 (CET/CEST)","n/e","n/e","0"
"Montenegro (ME)","10.04.2016 08:00 - 10.04.2016 09:00 (CET/CEST)","n/e","n/e","0"
"Montenegro (ME)","10.04.2016 09:00 - 10.04.2016 10:00 (CET/CEST)","n/e","n/e","0"
"Montenegro (ME)","10.04.2016 10:00 - 10.04.2016 11:00 (CET/CEST)","n/e","n/e","0"
"Montenegro (ME)","10.04.2016 11:00 - 10.04.2016 12:00 (CET/CEST)","n/e","n/e","0"
"Montenegro (ME)","10.04.2016 12:00 - 10.04.2016 13:00 (CET/CEST)","n/e","n/e","0"
"Montenegro (ME)","10.04.2016 13:00 - 10.04.2016 14:00 (CET/CEST)","n/e","n/e","0"
"Montenegro (ME)","10.04.2016 14:00 - 10.04.2016 15:00 (CET/CEST)","n/e","n/e","0"
"Montenegro (ME)","10.04.2016 15:00 - 10.04.2016 16:00 (CET/CEST)","n/e","n/e","0"
"Montenegro (ME)","10.04.2016 16:00 - 10.04.2016 17:00 (CET/CEST)","n/e","n/e","0"
"Montenegro (ME)","10.04.2016 17:00 - 10.04.2016 18:00 (CET/CEST)","n/e","n/e","0"
"Montenegro (ME)","10.04.2016 18:00 - 10.04.2016 19:00 (CET/CEST)","n/e","n/e","1"
"Montenegro (ME)","10.04.2016 19:00 - 10.04.2016 20:00 (CET/CEST)","n/e","n/e","221"
"Montenegro (ME)","10.04.2016 20:00 - 10.04.2016 21:00 (CET/CEST)","n/e","n/e","221"
"Montenegro (ME)","10.04.2016 21:00 - 10.04.2016 22:00 (CET/CEST)","n/e","n/e","150"
"Montenegro (ME)","10.04.2016 22:00 - 10.04.2016 23:00 (CET/CEST)","n/e","n/e","0"
"Montenegro (ME)","10.04.2016 23:00 - 11.04.2016 00:00 (CET/CEST)","n/e","n/e","0"
"Montenegro (ME)","11.04.2016 00:00 - 11.04.2016 01:00 (CET/CEST)","n/e","n/e","0"
"Montenegro (ME)","11.04.2016 01:00 - 11.04.2016 02:00 (CET/CEST)","n/e","n/e","0"
"Montenegro (ME)","11.04.2016 02:00 - 11.04.2016 03:00 (CET/CEST)","n/e","n/e","0"
"Montenegro (ME)","11.04.2016 03:00 - 11.04.2016 04:00 (CET/CEST)","n/e","n/e","0"
"Montenegro (ME)","11.04.2016 04:00 - 11.04.2016 05:00 (CET/CEST)","n/e","n/e","0"
"Montenegro (ME)","11.04.2016 05:00 - 11.04.2016 06:00 (CET/CEST)","n/e","n/e","0"
"Montenegro (ME)","11.04.2016 06:00 - 11.04.2016 07:00 (CET/CEST)","n/e","n/e","1"
"Montenegro (ME)","11.04.2016 07:00 - 11.04.2016 08:00 (CET/CEST)","n/e","n/e","280"
"Montenegro (ME)","11.04.2016 08:00 - 11.04.2016 09:00 (CET/CEST)","n/e","n/e","311"
"Montenegro (ME)","11.04.2016 09:00 - 11.04.2016 10:00 (CET/CEST)","n/e","n/e","290"
"Montenegro (ME)","11.04.2016 10:00 - 11.04.2016 11:00 (CET/CEST)","n/e","n/e","261"
"Montenegro (ME)","11.04.2016 11:00 - 11.04.2016 12:00 (CET/CEST)","n/e","n/e","201"
"Montenegro (ME)","11.04.2016 12:00 - 11.04.2016 13:00 (CET/CEST)","n/e","n/e","111"
"Montenegro (ME)","11.04.2016 13:00 - 11.04.2016 14:00 (CET/CEST)","n/e","n/e","83"
"Montenegro (ME)","11.04.2016 14:00 - 11.04.2016 15:00 (CET/CEST)","n/e","n/e","71"
"Montenegro (ME)","11.04.2016 15:00 - 11.04.2016 16:00 (CET/CEST)","n/e","n/e","81"
"Montenegro (ME)","11.04.2016 16:00 - 11.04.2016 17:00 (CET/CEST)","n/e","n/e","0"
"Montenegro (ME)","11.04.2016 17:00 - 11.04.2016 18:00 (CET/CEST)","n/e","n/e","1"
"Montenegro (ME)","11.04.2016 18:00 - 11.04.2016 19:00 (CET/CEST)","n/e","n/e","222"
"Montenegro (ME)","11.04.2016 19:00 - 11.04.2016 20:00 (CET/CEST)","n/e","n/e","312"
"Montenegro (ME)","11.04.2016 20:00 - 11.04.2016 21:00 (CET/CEST)","n/e","n/e","331"
"Montenegro (ME)","11.04.2016 21:00 - 11.04.2016 22:00 (CET/CEST)","n/e","n/e","281"
"Montenegro (ME)","11.04.2016 22:00 - 11.04.2016 23:00 (CET/CEST)","n/e","n/e","0"
"Montenegro (ME)","11.04.2016 23:00 - 12.04.2016 00:00 (CET/CEST)","n/e","n/e","0"
"Montenegro (ME)","12.04.2016 00:00 - 12.04.2016 01:00 (CET/CEST)","n/e","n/e","0"
"Montenegro (ME)","12.04.2016 01:00 - 12.04.2016 02:00 (CET/CEST)","n/e","n/e","0"
"Montenegro (ME)","12.04.2016 02:00 - 12.04.2016 03:00 (CET/CEST)","n/e","n/e","0"
"Montenegro (ME)","12.04.2016 03:00 - 12.04.2016 04:00 (CET/CEST)","n/e","n/e","0"
"Montenegro (ME)","12.04.2016 04:00 - 12.04.2016 05:00 (CET/CEST)","n/e","n/e","0"
"Montenegro (ME)","12.04.2016 05:00 - 12.04.2016 06:00 (CET/CEST)","n/e","n/e","0"
"Montenegro (ME)","12.04.2016 06:00 - 12.04.2016 07:00 (CET/CEST)","n/e","n/e","201"
"Montenegro (ME)","12.04.2016 07:00 - 12.04.2016 08:00 (CET/CEST)","n/e","n/e","331"
"Montenegro (ME)","12.04.2016 08:00 - 12.04.2016 09:00 (CET/CEST)","n/e","n/e","331"
"Montenegro (ME)","12.04.2016 09:00 - 12.04.2016 10:00 (CET/CEST)","n/e","n/e","330"
"Montenegro (ME)","12.04.2016 10:00 - 12.04.2016 11:00 (CET/CEST)","n/e","n/e","330"
"Montenegro (ME)","12.04.2016 11:00 - 12.04.2016 12:00 (CET/CEST)","n/e","n/e","330"
"Montenegro (ME)","12.04.2016 12:00 - 12.04.2016 13:00 (CET/CEST)","n/e","n/e","81"
"Montenegro (ME)","12.04.2016 13:00 - 12.04.2016 14:00 (CET/CEST)","n/e","n/e","83"
"Montenegro (ME)","12.04.2016 14:00 - 12.04.2016 15:00 (CET/CEST)","n/e","n/e","84"
"Montenegro (ME)","12.04.2016 15:00 - 12.04.2016 16:00 (CET/CEST)","n/e","n/e","85"
"Montenegro (ME)","12.04.2016 16:00 - 12.04.2016 17:00 (CET/CEST)","n/e","n/e","85"
"Montenegro (ME)","12.04.2016 17:00 - 12.04.2016 18:00 (CET/CEST)","n/e","n/e","303"
"Montenegro (ME)","12.04.2016 18:00 - 12.04.2016 19:00 (CET/CEST)","n/e","n/e","332"
"Montenegro (ME)","12.04.2016 19:00 - 12.04.2016 20:00 (CET/CEST)","n/e","n/e","341"
"Montenegro (ME)","12.04.2016 20:00 - 12.04.2016 21:00 (CET/CEST)","n/e","n/e","339"
"Montenegro (ME)","12.04.2016 21:00 - 12.04.2016 22:00 (CET/CEST)","n/e","n/e","320"
"Montenegro (ME)","12.04.2016 22:00 - 12.04.2016 23:00 (CET/CEST)","n/e","n/e","273"
"Montenegro (ME)","12.04.2016 23:00 - 13.04.2016 00:00 (CET/CEST)","n/e","n/e","0"
"Montenegro (ME)","13.04.2016 00:00 - 13.04.2016 01:00 (CET/CEST)","n/e","n/e","0"
"Montenegro (ME)","13.04.2016 01:00 - 13.04.2016 02:00 (CET/CEST)","n/e","n/e","0"
"Montenegro (ME)","13.04.2016 02:00 - 13.04.2016 03:00 (CET/CEST)","n/e","n/e","0"
"Montenegro (ME)","13.04.2016 03:00 - 13.04.2016 04:00 (CET/CEST)","n/e","n/e","0"
"Montenegro (ME)","13.04.2016 04:00 - 13.04.2016 05:00 (CET/CEST)","n/e","n/e","0"
"Montenegro (ME)","13.04.2016 05:00 - 13.04.2016 06:00 (CET/CEST)","n/e","n/e","1"
"Montenegro (ME)","13.04.2016 06:00 - 13.04.2016 07:00 (CET/CEST)","n/e","n/e","280"
"Montenegro (ME)","13.04.2016 07:00 - 13.04.2016 08:00 (CET/CEST)","n/e","n/e","331"
"Montenegro (ME)","13.04.2016 08:00 - 13.04.2016 09:00 (CET/CEST)","n/e","n/e","331"
"Montenegro (ME)","13.04.2016 09:00 - 13.04.2016 10:00 (CET/CEST)","n/e","n/e","330"
"Montenegro (ME)","13.04.2016 10:00 - 13.04.2016 11:00 (CET/CEST)","n/e","n/e","331"
"Montenegro (ME)","13.04.2016 11:00 - 13.04.2016 12:00 (CET/CEST)","n/e","n/e","330"
"Montenegro (ME)","13.04.2016 12:00 - 13.04.2016 13:00 (CET/CEST)","n/e","n/e","330"
"Montenegro (ME)","13.04.2016 13:00 - 13.04.2016 14:00 (CET/CEST)","n/e","n/e","331"
"Montenegro (ME)","13.04.2016 14:00 - 13.04.2016 15:00 (CET/CEST)","n/e","n/e","332"
"Montenegro (ME)","13.04.2016 15:00 - 13.04.2016 16:00 (CET/CEST)","n/e","n/e","332"
"Montenegro (ME)","13.04.2016 16:00 - 13.04.2016 17:00 (CET/CEST)","n/e","n/e","331"
"Montenegro (ME)","13.04.2016 17:00 - 13.04.2016 18:00 (CET/CEST)","n/e","n/e","330"
"Montenegro (ME)","13.04.2016 18:00 - 13.04.2016 19:00 (CET/CEST)","n/e","n/e","330"
"Montenegro (ME)","13.04.2016 19:00 - 13.04.2016 20:00 (CET/CEST)","n/e","n/e","331"
"Montenegro (ME)","13.04.2016 20:00 - 13.04.2016 21:00 (CET/CEST)","n/e","n/e","330"
"Montenegro (ME)","13.04.2016 21:00 - 13.04.2016 22:00 (CET/CEST)","n/e","n/e","330"
"Montenegro (ME)","13.04.2016 22:00 - 13.04.2016 23:00 (CET/CEST)","n/e","n/e","181"
"Montenegro (ME)","13.04.2016 23:00 - 14.04.2016 00:00 (CET/CEST)","n/e","n/e","0"
"Montenegro (ME)","14.04.2016 00:00 - 14.04.2016 01:00 (CET/CEST)","n/e","n/e","0"
"Montenegro (ME)","14.04.2016 01:00 - 14.04.2016 02:00 (CET/CEST)","n/e","n/e","0"
"Montenegro (ME)","14.04.2016 02:00 - 14.04.2016 03:00 (CET/CEST)","n/e","n/e","0"
"Montenegro (ME)","14.04.2016 03:00 - 14.04.2016 04:00 (CET/CEST)","n/e","n/e","0"
"Montenegro (ME)","14.04.2016 04:00 - 14.04.2016 05:00 (CET/CEST)","n/e","n/e","0"
"Montenegro (ME)","14.04.2016 05:00 - 14.04.2016 06:00 (CET/CEST)","n/e","n/e","2"
"Montenegro (ME)","14.04.2016 06:00 - 14.04.2016 07:00 (CET/CEST)","n/e","n/e","327"
"Montenegro (ME)","14.04.2016 07:00 - 14.04.2016 08:00 (CET/CEST)","n/e","n/e","335"
"Montenegro (ME)","14.04.2016 08:00 - 14.04.2016 09:00 (CET/CEST)","n/e","n/e","335"
"Montenegro (ME)","14.04.2016 09:00 - 14.04.2016 10:00 (CET/CEST)","n/e","n/e","335"
"Montenegro (ME)","14.04.2016 10:00 - 14.04.2016 11:00 (CET/CEST)","n/e","n/e","335"
"Montenegro (ME)","14.04.2016 11:00 - 14.04.2016 12:00 (CET/CEST)","n/e","n/e","331"
"Montenegro (ME)","14.04.2016 12:00 - 14.04.2016 13:00 (CET/CEST)","n/e","n/e","331"
"Montenegro (ME)","14.04.2016 13:00 - 14.04.2016 14:00 (CET/CEST)","n/e","n/e","250"
"Montenegro (ME)","14.04.2016 14:00 - 14.04.2016 15:00 (CET/CEST)","n/e","n/e","221"
"Montenegro (ME)","14.04.2016 15:00 - 14.04.2016 16:00 (CET/CEST)","n/e","n/e","211"
"Montenegro (ME)","14.04.2016 16:00 - 14.04.2016 17:00 (CET/CEST)","n/e","n/e","212"
"Montenegro (ME)","14.04.2016 17:00 - 14.04.2016 18:00 (CET/CEST)","n/e","n/e","181"
"Montenegro (ME)","14.04.2016 18:00 - 14.04.2016 19:00 (CET/CEST)","n/e","n/e","161"
"Montenegro (ME)","14.04.2016 19:00 - 14.04.2016 20:00 (CET/CEST)","n/e","n/e","330"
"Montenegro (ME)","14.04.2016 20:00 - 14.04.2016 21:00 (CET/CEST)","n/e","n/e","331"
"Montenegro (ME)","14.04.2016 21:00 - 14.04.2016 22:00 (CET/CEST)","n/e","n/e","265"
"Montenegro (ME)","14.04.2016 22:00 - 14.04.2016 23:00 (CET/CEST)","n/e","n/e","0"
"Montenegro (ME)","14.04.2016 23:00 - 15.04.2016 00:00 (CET/CEST)","n/e","n/e","0"
"Montenegro (ME)","15.04.2016 00:00 - 15.04.2016 01:00 (CET/CEST)","n/e","n/e","0"
"Montenegro (ME)","15.04.2016 01:00 - 15.04.2016 02:00 (CET/CEST)","n/e","n/e","0"
"Montenegro (ME)","15.04.2016 02:00 - 15.04.2016 03:00 (CET/CEST)","n/e","n/e","0"
"Montenegro (ME)","15.04.2016 03:00 - 15.04.2016 04:00 (CET/CEST)","n/e","n/e","0"
"Montenegro (ME)","15.04.2016 04:00 - 15.04.2016 05:00 (CET/CEST)","n/e","n/e","0"
"Montenegro (ME)","15.04.2016 05:00 - 15.04.2016 06:00 (CET/CEST)","n/e","n/e","0"
"Montenegro (ME)","15.04.2016 06:00 - 15.04.2016 07:00 (CET/CEST)","n/e","n/e","1"
"Montenegro (ME)","15.04.2016 07:00 - 15.04.2016 08:00 (CET/CEST)","n/e","n/e","180"
"Montenegro (ME)","15.04.2016 08:00 - 15.04.2016 09:00 (CET/CEST)","n/e","n/e","220"
"Montenegro (ME)","15.04.2016 09:00 - 15.04.2016 10:00 (CET/CEST)","n/e","n/e","222"
"Montenegro (ME)","15.04.2016 10:00 - 15.04.2016 11:00 (CET/CEST)","n/e","n/e","214"
"Montenegro (ME)","15.04.2016 11:00 - 15.04.2016 12:00 (CET/CEST)","n/e","n/e","0"
"Montenegro (ME)","15.04.2016 12:00 - 15.04.2016 13:00 (CET/CEST)","n/e","n/e","0"
"Montenegro (ME)","15.04.2016 13:00 - 15.04.2016 14:00 (CET/CEST)","n/e","n/e","80"
"Montenegro (ME)","15.04.2016 14:00 - 15.04.2016 15:00 (CET/CEST)","n/e","n/e","80"
"Montenegro (ME)","15.04.2016 15:00 - 15.04.2016 16:00 (CET/CEST)","n/e","n/e","82"
"Montenegro (ME)","15.04.2016 16:00 - 15.04.2016 17:00 (CET/CEST)","n/e","n/e","82"
"Montenegro (ME)","15.04.2016 17:00 - 15.04.2016 18:00 (CET/CEST)","n/e","n/e","81"
"Montenegro (ME)","15.04.2016 18:00 - 15.04.2016 19:00 (CET/CEST)","n/e","n/e","82"
"Montenegro (ME)","15.04.2016 19:00 - 15.04.2016 20:00 (CET/CEST)","n/e","n/e","221"
"Montenegro (ME)","15.04.2016 20:00 - 15.04.2016 21:00 (CET/CEST)","n/e","n/e","223"
"Montenegro (ME)","15.04.2016 21:00 - 15.04.2016 22:00 (CET/CEST)","n/e","n/e","221"
"Montenegro (ME)","15.04.2016 22:00 - 15.04.2016 23:00 (CET/CEST)","n/e","n/e","5"
"Montenegro (ME)","15.04.2016 23:00 - 16.04.2016 00:00 (CET/CEST)","n/e","n/e","0"
"Montenegro (ME)","16.04.2016 00:00 - 16.04.2016 01:00 (CET/CEST)","n/e","n/e","0"
"Montenegro (ME)","16.04.2016 01:00 - 16.04.2016 02:00 (CET/CEST)","n/e","n/e","0"
"Montenegro (ME)","16.04.2016 02:00 - 16.04.2016 03:00 (CET/CEST)","n/e","n/e","0"
"Montenegro (ME)","16.04.2016 03:00 - 16.04.2016 04:00 (CET/CEST)","n/e","n/e","0"
"Montenegro (ME)","16.04.2016 04:00 - 16.04.2016 05:00 (CET/CEST)","n/e","n/e","0"
"Montenegro (ME)","16.04.2016 05:00 - 16.04.2016 06:00 (CET/CEST)","n/e","n/e","0"
"Montenegro (ME)","16.04.2016 06:00 - 16.04.2016 07:00 (CET/CEST)","n/e","n/e","0"
"Montenegro (ME)","16.04.2016 07:00 - 16.04.2016 08:00 (CET/CEST)","n/e","n/e","199"
"Montenegro (ME)","16.04.2016 08:00 - 16.04.2016 09:00 (CET/CEST)","n/e","n/e","221"
"Montenegro (ME)","16.04.2016 09:00 - 16.04.2016 10:00 (CET/CEST)","n/e","n/e","171"
"Montenegro (ME)","16.04.2016 10:00 - 16.04.2016 11:00 (CET/CEST)","n/e","n/e","0"
"Montenegro (ME)","16.04.2016 11:00 - 16.04.2016 12:00 (CET/CEST)","n/e","n/e","0"
"Montenegro (ME)","16.04.2016 12:00 - 16.04.2016 13:00 (CET/CEST)","n/e","n/e","110"
"Montenegro (ME)","16.04.2016 13:00 - 16.04.2016 14:00 (CET/CEST)","n/e","n/e","110"
"Montenegro (ME)","16.04.2016 14:00 - 16.04.2016 15:00 (CET/CEST)","n/e","n/e","111"
"Montenegro (ME)","16.04.2016 15:00 - 16.04.2016 16:00 (CET/CEST)","n/e","n/e","111"
"Montenegro (ME)","16.04.2016 16:00 - 16.04.2016 17:00 (CET/CEST)","n/e","n/e","111"
"Montenegro (ME)","16.04.2016 17:00 - 16.04.2016 18:00 (CET/CEST)","n/e","n/e","111"
"Montenegro (ME)","16.04.2016 18:00 - 16.04.2016 19:00 (CET/CEST)","n/e","n/e","111"
"Montenegro (ME)","16.04.2016 19:00 - 16.04.2016 20:00 (CET/CEST)","n/e","n/e","330"
"Montenegro (ME)","16.04.2016 20:00 - 16.04.2016 21:00 (CET/CEST)","n/e","n/e","335"
"Montenegro (ME)","16.04.2016 21:00 - 16.04.2016 22:00 (CET/CEST)","n/e","n/e","161"
"Montenegro (ME)","16.04.2016 22:00 - 16.04.2016 23:00 (CET/CEST)","n/e","n/e","176"
"Montenegro (ME)","16.04.2016 23:00 - 17.04.2016 00:00 (CET/CEST)","n/e","n/e","180"
"Montenegro (ME)","17.04.2016 00:00 - 17.04.2016 01:00 (CET/CEST)","n/e","n/e","0"
"Montenegro (ME)","17.04.2016 01:00 - 17.04.2016 02:00 (CET/CEST)","n/e","n/e","0"
"Montenegro (ME)","17.04.2016 02:00 - 17.04.2016 03:00 (CET/CEST)","n/e","n/e","0"
"Montenegro (ME)","17.04.2016 03:00 - 17.04.2016 04:00 (CET/CEST)","n/e","n/e","0"
"Montenegro (ME)","17.04.2016 04:00 - 17.04.2016 05:00 (CET/CEST)","n/e","n/e","0"
"Montenegro (ME)","17.04.2016 05:00 - 17.04.2016 06:00 (CET/CEST)","n/e","n/e","0"
"Montenegro (ME)","17.04.2016 06:00 - 17.04.2016 07:00 (CET/CEST)","n/e","n/e","0"
"Montenegro (ME)","17.04.2016 07:00 - 17.04.2016 08:00 (CET/CEST)","n/e","n/e","0"
"Montenegro (ME)","17.04.2016 08:00 - 17.04.2016 09:00 (CET/CEST)","n/e","n/e","0"
"Montenegro (ME)","17.04.2016 09:00 - 17.04.2016 10:00 (CET/CEST)","n/e","n/e","0"
"Montenegro (ME)","17.04.2016 10:00 - 17.04.2016 11:00 (CET/CEST)","n/e","n/e","0"
"Montenegro (ME)","17.04.2016 11:00 - 17.04.2016 12:00 (CET/CEST)","n/e","n/e","0"
"Montenegro (ME)","17.04.2016 12:00 - 17.04.2016 13:00 (CET/CEST)","n/e","n/e","0"
"Montenegro (ME)","17.04.2016 13:00 - 17.04.2016 14:00 (CET/CEST)","n/e","n/e","0"
"Montenegro (ME)","17.04.2016 14:00 - 17.04.2016 15:00 (CET/CEST)","n/e","n/e","0"
"Montenegro (ME)","17.04.2016 15:00 - 17.04.2016 16:00 (CET/CEST)","n/e","n/e","0"
"Montenegro (ME)","17.04.2016 16:00 - 17.04.2016 17:00 (CET/CEST)","n/e","n/e","0"
"Montenegro (ME)","17.04.2016 17:00 - 17.04.2016 18:00 (CET/CEST)","n/e","n/e","0"
"Montenegro (ME)","17.04.2016 18:00 - 17.04.2016 19:00 (CET/CEST)","n/e","n/e","96"
"Montenegro (ME)","17.04.2016 19:00 - 17.04.2016 20:00 (CET/CEST)","n/e","n/e","221"
"Montenegro (ME)","17.04.2016 20:00 - 17.04.2016 21:00 (CET/CEST)","n/e","n/e","221"
"Montenegro (ME)","17.04.2016 21:00 - 17.04.2016 22:00 (CET/CEST)","n/e","n/e","220"
"Montenegro (ME)","17.04.2016 22:00 - 17.04.2016 23:00 (CET/CEST)","n/e","n/e","71"
"Montenegro (ME)","17.04.2016 23:00 - 18.04.2016 00:00 (CET/CEST)","n/e","n/e","0"
"Montenegro (ME)","18.04.2016 00:00 - 18.04.2016 01:00 (CET/CEST)","n/e","n/e","0"
"Montenegro (ME)","18.04.2016 01:00 - 18.04.2016 02:00 (CET/CEST)","n/e","n/e","0"
"Montenegro (ME)","18.04.2016 02:00 - 18.04.2016 03:00 (CET/CEST)","n/e","n/e","0"
"Montenegro (ME)","18.04.2016 03:00 - 18.04.2016 04:00 (CET/CEST)","n/e","n/e","0"
"Montenegro (ME)","18.04.2016 04:00 - 18.04.2016 05:00 (CET/CEST)","n/e","n/e","0"
"Montenegro (ME)","18.04.2016 05:00 - 18.04.2016 06:00 (CET/CEST)","n/e","n/e","71"
"Montenegro (ME)","18.04.2016 06:00 - 18.04.2016 07:00 (CET/CEST)","n/e","n/e","259"
"Montenegro (ME)","18.04.2016 07:00 - 18.04.2016 08:00 (CET/CEST)","n/e","n/e","329"
"Montenegro (ME)","18.04.2016 08:00 - 18.04.2016 09:00 (CET/CEST)","n/e","n/e","331"
"Montenegro (ME)","18.04.2016 09:00 - 18.04.2016 10:00 (CET/CEST)","n/e","n/e","221"
"Montenegro (ME)","18.04.2016 10:00 - 18.04.2016 11:00 (CET/CEST)","n/e","n/e","221"
"Montenegro (ME)","18.04.2016 11:00 - 18.04.2016 12:00 (CET/CEST)","n/e","n/e","222"
"Montenegro (ME)","18.04.2016 12:00 - 18.04.2016 13:00 (CET/CEST)","n/e","n/e","221"
"Montenegro (ME)","18.04.2016 13:00 - 18.04.2016 14:00 (CET/CEST)","n/e","n/e","220"
"Montenegro (ME)","18.04.2016 14:00 - 18.04.2016 15:00 (CET/CEST)","n/e","n/e","143"
"Montenegro (ME)","18.04.2016 15:00 - 18.04.2016 16:00 (CET/CEST)","n/e","n/e","140"
"Montenegro (ME)","18.04.2016 16:00 - 18.04.2016 17:00 (CET/CEST)","n/e","n/e","220"
"Montenegro (ME)","18.04.2016 17:00 - 18.04.2016 18:00 (CET/CEST)","n/e","n/e","142"
"Montenegro (ME)","18.04.2016 18:00 - 18.04.2016 19:00 (CET/CEST)","n/e","n/e","141"
"Montenegro (ME)","18.04.2016 19:00 - 18.04.2016 20:00 (CET/CEST)","n/e","n/e","330"
"Montenegro (ME)","18.04.2016 20:00 - 18.04.2016 21:00 (CET/CEST)","n/e","n/e","331"
"Montenegro (ME)","18.04.2016 21:00 - 18.04.2016 22:00 (CET/CEST)","n/e","n/e","330"
"Montenegro (ME)","18.04.2016 22:00 - 18.04.2016 23:00 (CET/CEST)","n/e","n/e","0"
"Montenegro (ME)","18.04.2016 23:00 - 19.04.2016 00:00 (CET/CEST)","n/e","n/e","0"
"Montenegro (ME)","19.04.2016 00:00 - 19.04.2016 01:00 (CET/CEST)","n/e","n/e","0"
"Montenegro (ME)","19.04.2016 01:00 - 19.04.2016 02:00 (CET/CEST)","n/e","n/e","0"
"Montenegro (ME)","19.04.2016 02:00 - 19.04.2016 03:00 (CET/CEST)","n/e","n/e","0"
"Montenegro (ME)","19.04.2016 03:00 - 19.04.2016 04:00 (CET/CEST)","n/e","n/e","0"
"Montenegro (ME)","19.04.2016 04:00 - 19.04.2016 05:00 (CET/CEST)","n/e","n/e","0"
"Montenegro (ME)","19.04.2016 05:00 - 19.04.2016 06:00 (CET/CEST)","n/e","n/e","0"
"Montenegro (ME)","19.04.2016 06:00 - 19.04.2016 07:00 (CET/CEST)","n/e","n/e","99"
"Montenegro (ME)","19.04.2016 07:00 - 19.04.2016 08:00 (CET/CEST)","n/e","n/e","330"
"Montenegro (ME)","19.04.2016 08:00 - 19.04.2016 09:00 (CET/CEST)","n/e","n/e","331"
"Montenegro (ME)","19.04.2016 09:00 - 19.04.2016 10:00 (CET/CEST)","n/e","n/e","219"
"Montenegro (ME)","19.04.2016 10:00 - 19.04.2016 11:00 (CET/CEST)","n/e","n/e","222"
"Montenegro (ME)","19.04.2016 11:00 - 19.04.2016 12:00 (CET/CEST)","n/e","n/e","161"
"Montenegro (ME)","19.04.2016 12:00 - 19.04.2016 13:00 (CET/CEST)","n/e","n/e","72"
"Montenegro (ME)","19.04.2016 13:00 - 19.04.2016 14:00 (CET/CEST)","n/e","n/e","72"
"Montenegro (ME)","19.04.2016 14:00 - 19.04.2016 15:00 (CET/CEST)","n/e","n/e","107"
"Montenegro (ME)","19.04.2016 15:00 - 19.04.2016 16:00 (CET/CEST)","n/e","n/e","72"
"Montenegro (ME)","19.04.2016 16:00 - 19.04.2016 17:00 (CET/CEST)","n/e","n/e","73"
"Montenegro (ME)","19.04.2016 17:00 - 19.04.2016 18:00 (CET/CEST)","n/e","n/e","183"
"Montenegro (ME)","19.04.2016 18:00 - 19.04.2016 19:00 (CET/CEST)","n/e","n/e","202"
"Montenegro (ME)","19.04.2016 19:00 - 19.04.2016 20:00 (CET/CEST)","n/e","n/e","328"
"Montenegro (ME)","19.04.2016 20:00 - 19.04.2016 21:00 (CET/CEST)","n/e","n/e","330"
"Montenegro (ME)","19.04.2016 21:00 - 19.04.2016 22:00 (CET/CEST)","n/e","n/e","328"
"Montenegro (ME)","19.04.2016 22:00 - 19.04.2016 23:00 (CET/CEST)","n/e","n/e","163"
"Montenegro (ME)","19.04.2016 23:00 - 20.04.2016 00:00 (CET/CEST)","n/e","n/e","0"
"Montenegro (ME)","20.04.2016 00:00 - 20.04.2016 01:00 (CET/CEST)","n/e","n/e","0"
"Montenegro (ME)","20.04.2016 01:00 - 20.04.2016 02:00 (CET/CEST)","n/e","n/e","0"
"Montenegro (ME)","20.04.2016 02:00 - 20.04.2016 03:00 (CET/CEST)","n/e","n/e","0"
"Montenegro (ME)","20.04.2016 03:00 - 20.04.2016 04:00 (CET/CEST)","n/e","n/e","0"
"Montenegro (ME)","20.04.2016 04:00 - 20.04.2016 05:00 (CET/CEST)","n/e","n/e","0"
"Montenegro (ME)","20.04.2016 05:00 - 20.04.2016 06:00 (CET/CEST)","n/e","n/e","0"
"Montenegro (ME)","20.04.2016 06:00 - 20.04.2016 07:00 (CET/CEST)","n/e","n/e","3"
"Montenegro (ME)","20.04.2016 07:00 - 20.04.2016 08:00 (CET/CEST)","n/e","n/e","330"
"Montenegro (ME)","20.04.2016 08:00 - 20.04.2016 09:00 (CET/CEST)","n/e","n/e","331"
"Montenegro (ME)","20.04.2016 09:00 - 20.04.2016 10:00 (CET/CEST)","n/e","n/e","152"
"Montenegro (ME)","20.04.2016 10:00 - 20.04.2016 11:00 (CET/CEST)","n/e","n/e","71"
"Montenegro (ME)","20.04.2016 11:00 - 20.04.2016 12:00 (CET/CEST)","n/e","n/e","71"
"Montenegro (ME)","20.04.2016 12:00 - 20.04.2016 13:00 (CET/CEST)","n/e","n/e","71"
"Montenegro (ME)","20.04.2016 13:00 - 20.04.2016 14:00 (CET/CEST)","n/e","n/e","72"
"Montenegro (ME)","20.04.2016 14:00 - 20.04.2016 15:00 (CET/CEST)","n/e","n/e","80"
"Montenegro (ME)","20.04.2016 15:00 - 20.04.2016 16:00 (CET/CEST)","n/e","n/e","76"
"Montenegro (ME)","20.04.2016 16:00 - 20.04.2016 17:00 (CET/CEST)","n/e","n/e","72"
"Montenegro (ME)","20.04.2016 17:00 - 20.04.2016 18:00 (CET/CEST)","n/e","n/e","73"
"Montenegro (ME)","20.04.2016 18:00 - 20.04.2016 19:00 (CET/CEST)","n/e","n/e","183"
"Montenegro (ME)","20.04.2016 19:00 - 20.04.2016 20:00 (CET/CEST)","n/e","n/e","330"
"Montenegro (ME)","20.04.2016 20:00 - 20.04.2016 21:00 (CET/CEST)","n/e","n/e","330"
"Montenegro (ME)","20.04.2016 21:00 - 20.04.2016 22:00 (CET/CEST)","n/e","n/e","330"
"Montenegro (ME)","20.04.2016 22:00 - 20.04.2016 23:00 (CET/CEST)","n/e","n/e","220"
"Montenegro (ME)","20.04.2016 23:00 - 21.04.2016 00:00 (CET/CEST)","n/e","n/e","0"
"Montenegro (ME)","21.04.2016 00:00 - 21.04.2016 01:00 (CET/CEST)","n/e","n/e","0"
"Montenegro (ME)","21.04.2016 01:00 - 21.04.2016 02:00 (CET/CEST)","n/e","n/e","0"
"Montenegro (ME)","21.04.2016 02:00 - 21.04.2016 03:00 (CET/CEST)","n/e","n/e","0"
"Montenegro (ME)","21.04.2016 03:00 - 21.04.2016 04:00 (CET/CEST)","n/e","n/e","0"
"Montenegro (ME)","21.04.2016 04:00 - 21.04.2016 05:00 (CET/CEST)","n/e","n/e","0"
"Montenegro (ME)","21.04.2016 05:00 - 21.04.2016 06:00 (CET/CEST)","n/e","n/e","0"
"Montenegro (ME)","21.04.2016 06:00 - 21.04.2016 07:00 (CET/CEST)","n/e","n/e","1"
"Montenegro (ME)","21.04.2016 07:00 - 21.04.2016 08:00 (CET/CEST)","n/e","n/e","330"
"Montenegro (ME)","21.04.2016 08:00 - 21.04.2016 09:00 (CET/CEST)","n/e","n/e","330"
"Montenegro (ME)","21.04.2016 09:00 - 21.04.2016 10:00 (CET/CEST)","n/e","n/e","221"
"Montenegro (ME)","21.04.2016 10:00 - 21.04.2016 11:00 (CET/CEST)","n/e","n/e","220"
"Montenegro (ME)","21.04.2016 11:00 - 21.04.2016 12:00 (CET/CEST)","n/e","n/e","96"
"Montenegro (ME)","21.04.2016 12:00 - 21.04.2016 13:00 (CET/CEST)","n/e","n/e","90"
"Montenegro (ME)","21.04.2016 13:00 - 21.04.2016 14:00 (CET/CEST)","n/e","n/e","84"
"Montenegro (ME)","21.04.2016 14:00 - 21.04.2016 15:00 (CET/CEST)","n/e","n/e","80"
"Montenegro (ME)","21.04.2016 15:00 - 21.04.2016 16:00 (CET/CEST)","n/e","n/e","214"
"Montenegro (ME)","21.04.2016 16:00 - 21.04.2016 17:00 (CET/CEST)","n/e","n/e","222"
"Montenegro (ME)","21.04.2016 17:00 - 21.04.2016 18:00 (CET/CEST)","n/e","n/e","221"
"Montenegro (ME)","21.04.2016 18:00 - 21.04.2016 19:00 (CET/CEST)","n/e","n/e","221"
"Montenegro (ME)","21.04.2016 19:00 - 21.04.2016 20:00 (CET/CEST)","n/e","n/e","226"
"Montenegro (ME)","21.04.2016 20:00 - 21.04.2016 21:00 (CET/CEST)","n/e","n/e","226"
"Montenegro (ME)","21.04.2016 21:00 - 21.04.2016 22:00 (CET/CEST)","n/e","n/e","225"
"Montenegro (ME)","21.04.2016 22:00 - 21.04.2016 23:00 (CET/CEST)","n/e","n/e","162"
"Montenegro (ME)","21.04.2016 23:00 - 22.04.2016 00:00 (CET/CEST)","n/e","n/e","0"
"Montenegro (ME)","22.04.2016 00:00 - 22.04.2016 01:00 (CET/CEST)","n/e","n/e","0"
"Montenegro (ME)","22.04.2016 01:00 - 22.04.2016 02:00 (CET/CEST)","n/e","n/e","0"
"Montenegro (ME)","22.04.2016 02:00 - 22.04.2016 03:00 (CET/CEST)","n/e","n/e","0"
"Montenegro (ME)","22.04.2016 03:00 - 22.04.2016 04:00 (CET/CEST)","n/e","n/e","0"
"Montenegro (ME)","22.04.2016 04:00 - 22.04.2016 05:00 (CET/CEST)","n/e","n/e","0"
"Montenegro (ME)","22.04.2016 05:00 - 22.04.2016 06:00 (CET/CEST)","n/e","n/e","0"
"Montenegro (ME)","22.04.2016 06:00 - 22.04.2016 07:00 (CET/CEST)","n/e","n/e","239"
"Montenegro (ME)","22.04.2016 07:00 - 22.04.2016 08:00 (CET/CEST)","n/e","n/e","330"
"Montenegro (ME)","22.04.2016 08:00 - 22.04.2016 09:00 (CET/CEST)","n/e","n/e","330"
"Montenegro (ME)","22.04.2016 09:00 - 22.04.2016 10:00 (CET/CEST)","n/e","n/e","220"
"Montenegro (ME)","22.04.2016 10:00 - 22.04.2016 11:00 (CET/CEST)","n/e","n/e","156"
"Montenegro (ME)","22.04.2016 11:00 - 22.04.2016 12:00 (CET/CEST)","n/e","n/e","140"
"Montenegro (ME)","22.04.2016 12:00 - 22.04.2016 13:00 (CET/CEST)","n/e","n/e","92"
"Montenegro (ME)","22.04.2016 13:00 - 22.04.2016 14:00 (CET/CEST)","n/e","n/e","88"
"Montenegro (ME)","22.04.2016 14:00 - 22.04.2016 15:00 (CET/CEST)","n/e","n/e","82"
"Montenegro (ME)","22.04.2016 15:00 - 22.04.2016 16:00 (CET/CEST)","n/e","n/e","97"
"Montenegro (ME)","22.04.2016 16:00 - 22.04.2016 17:00 (CET/CEST)","n/e","n/e","111"
"Montenegro (ME)","22.04.2016 17:00 - 22.04.2016 18:00 (CET/CEST)","n/e","n/e","73"
"Montenegro (ME)","22.04.2016 18:00 - 22.04.2016 19:00 (CET/CEST)","n/e","n/e","159"
"Montenegro (ME)","22.04.2016 19:00 - 22.04.2016 20:00 (CET/CEST)","n/e","n/e","329"
"Montenegro (ME)","22.04.2016 20:00 - 22.04.2016 21:00 (CET/CEST)","n/e","n/e","330"
"Montenegro (ME)","22.04.2016 21:00 - 22.04.2016 22:00 (CET/CEST)","n/e","n/e","282"
"Montenegro (ME)","22.04.2016 22:00 - 22.04.2016 23:00 (CET/CEST)","n/e","n/e","0"
"Montenegro (ME)","22.04.2016 23:00 - 23.04.2016 00:00 (CET/CEST)","n/e","n/e","0"
"Montenegro (ME)","23.04.2016 00:00 - 23.04.2016 01:00 (CET/CEST)","n/e","n/e","0"
"Montenegro (ME)","23.04.2016 01:00 - 23.04.2016 02:00 (CET/CEST)","n/e","n/e","0"
"Montenegro (ME)","23.04.2016 02:00 - 23.04.2016 03:00 (CET/CEST)","n/e","n/e","0"
"Montenegro (ME)","23.04.2016 03:00 - 23.04.2016 04:00 (CET/CEST)","n/e","n/e","0"
"Montenegro (ME)","23.04.2016 04:00 - 23.04.2016 05:00 (CET/CEST)","n/e","n/e","0"
"Montenegro (ME)","23.04.2016 05:00 - 23.04.2016 06:00 (CET/CEST)","n/e","n/e","0"
"Montenegro (ME)","23.04.2016 06:00 - 23.04.2016 07:00 (CET/CEST)","n/e","n/e","2"
"Montenegro (ME)","23.04.2016 07:00 - 23.04.2016 08:00 (CET/CEST)","n/e","n/e","329"
"Montenegro (ME)","23.04.2016 08:00 - 23.04.2016 09:00 (CET/CEST)","n/e","n/e","331"
"Montenegro (ME)","23.04.2016 09:00 - 23.04.2016 10:00 (CET/CEST)","n/e","n/e","222"
"Montenegro (ME)","23.04.2016 10:00 - 23.04.2016 11:00 (CET/CEST)","n/e","n/e","221"
"Montenegro (ME)","23.04.2016 11:00 - 23.04.2016 12:00 (CET/CEST)","n/e","n/e","212"
"Montenegro (ME)","23.04.2016 12:00 - 23.04.2016 13:00 (CET/CEST)","n/e","n/e","220"
"Montenegro (ME)","23.04.2016 13:00 - 23.04.2016 14:00 (CET/CEST)","n/e","n/e","112"
"Montenegro (ME)","23.04.2016 14:00 - 23.04.2016 15:00 (CET/CEST)","n/e","n/e","111"
"Montenegro (ME)","23.04.2016 15:00 - 23.04.2016 16:00 (CET/CEST)","n/e","n/e","111"
"Montenegro (ME)","23.04.2016 16:00 - 23.04.2016 17:00 (CET/CEST)","n/e","n/e","72"
"Montenegro (ME)","23.04.2016 17:00 - 23.04.2016 18:00 (CET/CEST)","n/e","n/e","72"
"Montenegro (ME)","23.04.2016 18:00 - 23.04.2016 19:00 (CET/CEST)","n/e","n/e","72"
"Montenegro (ME)","23.04.2016 19:00 - 23.04.2016 20:00 (CET/CEST)","n/e","n/e","241"
"Montenegro (ME)","23.04.2016 20:00 - 23.04.2016 21:00 (CET/CEST)","n/e","n/e","280"
"Montenegro (ME)","23.04.2016 21:00 - 23.04.2016 22:00 (CET/CEST)","n/e","n/e","0"
"Montenegro (ME)","23.04.2016 22:00 - 23.04.2016 23:00 (CET/CEST)","n/e","n/e","0"
"Montenegro (ME)","23.04.2016 23:00 - 24.04.2016 00:00 (CET/CEST)","n/e","n/e","0"
"Montenegro (ME)","24.04.2016 00:00 - 24.04.2016 01:00 (CET/CEST)","n/e","n/e","0"
"Montenegro (ME)","24.04.2016 01:00 - 24.04.2016 02:00 (CET/CEST)","n/e","n/e","0"
"Montenegro (ME)","24.04.2016 02:00 - 24.04.2016 03:00 (CET/CEST)","n/e","n/e","0"
"Montenegro (ME)","24.04.2016 03:00 - 24.04.2016 04:00 (CET/CEST)","n/e","n/e","0"
"Montenegro (ME)","24.04.2016 04:00 - 24.04.2016 05:00 (CET/CEST)","n/e","n/e","0"
"Montenegro (ME)","24.04.2016 05:00 - 24.04.2016 06:00 (CET/CEST)","n/e","n/e","0"
"Montenegro (ME)","24.04.2016 06:00 - 24.04.2016 07:00 (CET/CEST)","n/e","n/e","0"
"Montenegro (ME)","24.04.2016 07:00 - 24.04.2016 08:00 (CET/CEST)","n/e","n/e","0"
"Montenegro (ME)","24.04.2016 08:00 - 24.04.2016 09:00 (CET/CEST)","n/e","n/e","0"
"Montenegro (ME)","24.04.2016 09:00 - 24.04.2016 10:00 (CET/CEST)","n/e","n/e","0"
"Montenegro (ME)","24.04.2016 10:00 - 24.04.2016 11:00 (CET/CEST)","n/e","n/e","0"
"Montenegro (ME)","24.04.2016 11:00 - 24.04.2016 12:00 (CET/CEST)","n/e","n/e","0"
"Montenegro (ME)","24.04.2016 12:00 - 24.04.2016 13:00 (CET/CEST)","n/e","n/e","31"
"Montenegro (ME)","24.04.2016 13:00 - 24.04.2016 14:00 (CET/CEST)","n/e","n/e","0"
"Montenegro (ME)","24.04.2016 14:00 - 24.04.2016 15:00 (CET/CEST)","n/e","n/e","0"
"Montenegro (ME)","24.04.2016 15:00 - 24.04.2016 16:00 (CET/CEST)","n/e","n/e","0"
"Montenegro (ME)","24.04.2016 16:00 - 24.04.2016 17:00 (CET/CEST)","n/e","n/e","0"
"Montenegro (ME)","24.04.2016 17:00 - 24.04.2016 18:00 (CET/CEST)","n/e","n/e","0"
"Montenegro (ME)","24.04.2016 18:00 - 24.04.2016 19:00 (CET/CEST)","n/e","n/e","91"
"Montenegro (ME)","24.04.2016 19:00 - 24.04.2016 20:00 (CET/CEST)","n/e","n/e","161"
"Montenegro (ME)","24.04.2016 20:00 - 24.04.2016 21:00 (CET/CEST)","n/e","n/e","221"
"Montenegro (ME)","24.04.2016 21:00 - 24.04.2016 22:00 (CET/CEST)","n/e","n/e","220"
"Montenegro (ME)","24.04.2016 22:00 - 24.04.2016 23:00 (CET/CEST)","n/e","n/e","142"
"Montenegro (ME)","24.04.2016 23:00 - 25.04.2016 00:00 (CET/CEST)","n/e","n/e","0"
"Montenegro (ME)","25.04.2016 00:00 - 25.04.2016 01:00 (CET/CEST)","n/e","n/e","0"
"Montenegro (ME)","25.04.2016 01:00 - 25.04.2016 02:00 (CET/CEST)","n/e","n/e","0"
"Montenegro (ME)","25.04.2016 02:00 - 25.04.2016 03:00 (CET/CEST)","n/e","n/e","0"
"Montenegro (ME)","25.04.2016 03:00 - 25.04.2016 04:00 (CET/CEST)","n/e","n/e","0"
"Montenegro (ME)","25.04.2016 04:00 - 25.04.2016 05:00 (CET/CEST)","n/e","n/e","0"
"Montenegro (ME)","25.04.2016 05:00 - 25.04.2016 06:00 (CET/CEST)","n/e","n/e","0"
"Montenegro (ME)","25.04.2016 06:00 - 25.04.2016 07:00 (CET/CEST)","n/e","n/e","252"
"Montenegro (ME)","25.04.2016 07:00 - 25.04.2016 08:00 (CET/CEST)","n/e","n/e","304"
"Montenegro (ME)","25.04.2016 08:00 - 25.04.2016 09:00 (CET/CEST)","n/e","n/e","332"
"Montenegro (ME)","25.04.2016 09:00 - 25.04.2016 10:00 (CET/CEST)","n/e","n/e","225"
"Montenegro (ME)","25.04.2016 10:00 - 25.04.2016 11:00 (CET/CEST)","n/e","n/e","225"
"Montenegro (ME)","25.04.2016 11:00 - 25.04.2016 12:00 (CET/CEST)","n/e","n/e","225"
"Montenegro (ME)","25.04.2016 12:00 - 25.04.2016 13:00 (CET/CEST)","n/e","n/e","226"
"Montenegro (ME)","25.04.2016 13:00 - 25.04.2016 14:00 (CET/CEST)","n/e","n/e","224"
"Montenegro (ME)","25.04.2016 14:00 - 25.04.2016 15:00 (CET/CEST)","n/e","n/e","226"
"Montenegro (ME)","25.04.2016 15:00 - 25.04.2016 16:00 (CET/CEST)","n/e","n/e","225"
"Montenegro (ME)","25.04.2016 16:00 - 25.04.2016 17:00 (CET/CEST)","n/e","n/e","225"
"Montenegro (ME)","25.04.2016 17:00 - 25.04.2016 18:00 (CET/CEST)","n/e","n/e","270"
"Montenegro (ME)","25.04.2016 18:00 - 25.04.2016 19:00 (CET/CEST)","n/e","n/e","276"
"Montenegro (ME)","25.04.2016 19:00 - 25.04.2016 20:00 (CET/CEST)","n/e","n/e","336"
"Montenegro (ME)","25.04.2016 20:00 - 25.04.2016 21:00 (CET/CEST)","n/e","n/e","335"
"Montenegro (ME)","25.04.2016 21:00 - 25.04.2016 22:00 (CET/CEST)","n/e","n/e","334"
"Montenegro (ME)","25.04.2016 22:00 - 25.04.2016 23:00 (CET/CEST)","n/e","n/e","331"
"Montenegro (ME)","25.04.2016 23:00 - 26.04.2016 00:00 (CET/CEST)","n/e","n/e","171"
"Montenegro (ME)","26.04.2016 00:00 - 26.04.2016 01:00 (CET/CEST)","n/e","n/e","0"
"Montenegro (ME)","26.04.2016 01:00 - 26.04.2016 02:00 (CET/CEST)","n/e","n/e","0"
"Montenegro (ME)","26.04.2016 02:00 - 26.04.2016 03:00 (CET/CEST)","n/e","n/e","0"
"Montenegro (ME)","26.04.2016 03:00 - 26.04.2016 04:00 (CET/CEST)","n/e","n/e","0"
"Montenegro (ME)","26.04.2016 04:00 - 26.04.2016 05:00 (CET/CEST)","n/e","n/e","1"
"Montenegro (ME)","26.04.2016 05:00 - 26.04.2016 06:00 (CET/CEST)","n/e","n/e","71"
"Montenegro (ME)","26.04.2016 06:00 - 26.04.2016 07:00 (CET/CEST)","n/e","n/e","251"
"Montenegro (ME)","26.04.2016 07:00 - 26.04.2016 08:00 (CET/CEST)","n/e","n/e","331"
"Montenegro (ME)","26.04.2016 08:00 - 26.04.2016 09:00 (CET/CEST)","n/e","n/e","330"
"Montenegro (ME)","26.04.2016 09:00 - 26.04.2016 10:00 (CET/CEST)","n/e","n/e","221"
"Montenegro (ME)","26.04.2016 10:00 - 26.04.2016 11:00 (CET/CEST)","n/e","n/e","221"
"Montenegro (ME)","26.04.2016 11:00 - 26.04.2016 12:00 (CET/CEST)","n/e","n/e","262"
"Montenegro (ME)","26.04.2016 12:00 - 26.04.2016 13:00 (CET/CEST)","n/e","n/e","222"
"Montenegro (ME)","26.04.2016 13:00 - 26.04.2016 14:00 (CET/CEST)","n/e","n/e","222"
"Montenegro (ME)","26.04.2016 14:00 - 26.04.2016 15:00 (CET/CEST)","n/e","n/e","222"
"Montenegro (ME)","26.04.2016 15:00 - 26.04.2016 16:00 (CET/CEST)","n/e","n/e","223"
"Montenegro (ME)","26.04.2016 16:00 - 26.04.2016 17:00 (CET/CEST)","n/e","n/e","143"
"Montenegro (ME)","26.04.2016 17:00 - 26.04.2016 18:00 (CET/CEST)","n/e","n/e","161"
"Montenegro (ME)","26.04.2016 18:00 - 26.04.2016 19:00 (CET/CEST)","n/e","n/e","224"
"Montenegro (ME)","26.04.2016 19:00 - 26.04.2016 20:00 (CET/CEST)","n/e","n/e","332"
"Montenegro (ME)","26.04.2016 20:00 - 26.04.2016 21:00 (CET/CEST)","n/e","n/e","333"
"Montenegro (ME)","26.04.2016 21:00 - 26.04.2016 22:00 (CET/CEST)","n/e","n/e","330"
"Montenegro (ME)","26.04.2016 22:00 - 26.04.2016 23:00 (CET/CEST)","n/e","n/e","254"
"Montenegro (ME)","26.04.2016 23:00 - 27.04.2016 00:00 (CET/CEST)","n/e","n/e","1"
"Montenegro (ME)","27.04.2016 00:00 - 27.04.2016 01:00 (CET/CEST)","n/e","n/e","0"
"Montenegro (ME)","27.04.2016 01:00 - 27.04.2016 02:00 (CET/CEST)","n/e","n/e","0"
"Montenegro (ME)","27.04.2016 02:00 - 27.04.2016 03:00 (CET/CEST)","n/e","n/e","0"
"Montenegro (ME)","27.04.2016 03:00 - 27.04.2016 04:00 (CET/CEST)","n/e","n/e","0"
"Montenegro (ME)","27.04.2016 04:00 - 27.04.2016 05:00 (CET/CEST)","n/e","n/e","0"
"Montenegro (ME)","27.04.2016 05:00 - 27.04.2016 06:00 (CET/CEST)","n/e","n/e","1"
"Montenegro (ME)","27.04.2016 06:00 - 27.04.2016 07:00 (CET/CEST)","n/e","n/e","220"
"Montenegro (ME)","27.04.2016 07:00 - 27.04.2016 08:00 (CET/CEST)","n/e","n/e","330"
"Montenegro (ME)","27.04.2016 08:00 - 27.04.2016 09:00 (CET/CEST)","n/e","n/e","330"
"Montenegro (ME)","27.04.2016 09:00 - 27.04.2016 10:00 (CET/CEST)","n/e","n/e","222"
"Montenegro (ME)","27.04.2016 10:00 - 27.04.2016 11:00 (CET/CEST)","n/e","n/e","220"
"Montenegro (ME)","27.04.2016 11:00 - 27.04.2016 12:00 (CET/CEST)","n/e","n/e","220"
"Montenegro (ME)","27.04.2016 12:00 - 27.04.2016 13:00 (CET/CEST)","n/e","n/e","222"
"Montenegro (ME)","27.04.2016 13:00 - 27.04.2016 14:00 (CET/CEST)","n/e","n/e","195"
"Montenegro (ME)","27.04.2016 14:00 - 27.04.2016 15:00 (CET/CEST)","n/e","n/e","172"
"Montenegro (ME)","27.04.2016 15:00 - 27.04.2016 16:00 (CET/CEST)","n/e","n/e","166"
"Montenegro (ME)","27.04.2016 16:00 - 27.04.2016 17:00 (CET/CEST)","n/e","n/e","219"
"Montenegro (ME)","27.04.2016 17:00 - 27.04.2016 18:00 (CET/CEST)","n/e","n/e","222"
"Montenegro (ME)","27.04.2016 18:00 - 27.04.2016 19:00 (CET/CEST)","n/e","n/e","218"
"Montenegro (ME)","27.04.2016 19:00 - 27.04.2016 20:00 (CET/CEST)","n/e","n/e","331"
"Montenegro (ME)","27.04.2016 20:00 - 27.04.2016 21:00 (CET/CEST)","n/e","n/e","333"
"Montenegro (ME)","27.04.2016 21:00 - 27.04.2016 22:00 (CET/CEST)","n/e","n/e","330"
"Montenegro (ME)","27.04.2016 22:00 - 27.04.2016 23:00 (CET/CEST)","n/e","n/e","329"
"Montenegro (ME)","27.04.2016 23:00 - 28.04.2016 00:00 (CET/CEST)","n/e","n/e","110"
"Montenegro (ME)","28.04.2016 00:00 - 28.04.2016 01:00 (CET/CEST)","n/e","n/e","109"
"Montenegro (ME)","28.04.2016 01:00 - 28.04.2016 02:00 (CET/CEST)","n/e","n/e","0"
"Montenegro (ME)","28.04.2016 02:00 - 28.04.2016 03:00 (CET/CEST)","n/e","n/e","0"
"Montenegro (ME)","28.04.2016 03:00 - 28.04.2016 04:00 (CET/CEST)","n/e","n/e","0"
"Montenegro (ME)","28.04.2016 04:00 - 28.04.2016 05:00 (CET/CEST)","n/e","n/e","1"
"Montenegro (ME)","28.04.2016 05:00 - 28.04.2016 06:00 (CET/CEST)","n/e","n/e","218"
"Montenegro (ME)","28.04.2016 06:00 - 28.04.2016 07:00 (CET/CEST)","n/e","n/e","330"
"Montenegro (ME)","28.04.2016 07:00 - 28.04.2016 08:00 (CET/CEST)","n/e","n/e","333"
"Montenegro (ME)","28.04.2016 08:00 - 28.04.2016 09:00 (CET/CEST)","n/e","n/e","331"
"Montenegro (ME)","28.04.2016 09:00 - 28.04.2016 10:00 (CET/CEST)","n/e","n/e","222"
"Montenegro (ME)","28.04.2016 10:00 - 28.04.2016 11:00 (CET/CEST)","n/e","n/e","221"
"Montenegro (ME)","28.04.2016 11:00 - 28.04.2016 12:00 (CET/CEST)","n/e","n/e","222"
"Montenegro (ME)","28.04.2016 12:00 - 28.04.2016 13:00 (CET/CEST)","n/e","n/e","279"
"Montenegro (ME)","28.04.2016 13:00 - 28.04.2016 14:00 (CET/CEST)","n/e","n/e","281"
"Montenegro (ME)","28.04.2016 14:00 - 28.04.2016 15:00 (CET/CEST)","n/e","n/e","236"
"Montenegro (ME)","28.04.2016 15:00 - 28.04.2016 16:00 (CET/CEST)","n/e","n/e","279"
"Montenegro (ME)","28.04.2016 16:00 - 28.04.2016 17:00 (CET/CEST)","n/e","n/e","270"
"Montenegro (ME)","28.04.2016 17:00 - 28.04.2016 18:00 (CET/CEST)","n/e","n/e","270"
"Montenegro (ME)","28.04.2016 18:00 - 28.04.2016 19:00 (CET/CEST)","n/e","n/e","270"
"Montenegro (ME)","28.04.2016 19:00 - 28.04.2016 20:00 (CET/CEST)","n/e","n/e","332"
"Montenegro (ME)","28.04.2016 20:00 - 28.04.2016 21:00 (CET/CEST)","n/e","n/e","332"
"Montenegro (ME)","28.04.2016 21:00 - 28.04.2016 22:00 (CET/CEST)","n/e","n/e","331"
"Montenegro (ME)","28.04.2016 22:00 - 28.04.2016 23:00 (CET/CEST)","n/e","n/e","222"
"Montenegro (ME)","28.04.2016 23:00 - 29.04.2016 00:00 (CET/CEST)","n/e","n/e","221"
"Montenegro (ME)","29.04.2016 00:00 - 29.04.2016 01:00 (CET/CEST)","n/e","n/e","0"
"Montenegro (ME)","29.04.2016 01:00 - 29.04.2016 02:00 (CET/CEST)","n/e","n/e","0"
"Montenegro (ME)","29.04.2016 02:00 - 29.04.2016 03:00 (CET/CEST)","n/e","n/e","0"
"Montenegro (ME)","29.04.2016 03:00 - 29.04.2016 04:00 (CET/CEST)","n/e","n/e","0"
"Montenegro (ME)","29.04.2016 04:00 - 29.04.2016 05:00 (CET/CEST)","n/e","n/e","0"
"Montenegro (ME)","29.04.2016 05:00 - 29.04.2016 06:00 (CET/CEST)","n/e","n/e","0"
"Montenegro (ME)","29.04.2016 06:00 - 29.04.2016 07:00 (CET/CEST)","n/e","n/e","0"
"Montenegro (ME)","29.04.2016 07:00 - 29.04.2016 08:00 (CET/CEST)","n/e","n/e","200"
"Montenegro (ME)","29.04.2016 08:00 - 29.04.2016 09:00 (CET/CEST)","n/e","n/e","206"
"Montenegro (ME)","29.04.2016 09:00 - 29.04.2016 10:00 (CET/CEST)","n/e","n/e","200"
"Montenegro (ME)","29.04.2016 10:00 - 29.04.2016 11:00 (CET/CEST)","n/e","n/e","329"
"Montenegro (ME)","29.04.2016 11:00 - 29.04.2016 12:00 (CET/CEST)","n/e","n/e","300"
"Montenegro (ME)","29.04.2016 12:00 - 29.04.2016 13:00 (CET/CEST)","n/e","n/e","71"
"Montenegro (ME)","29.04.2016 13:00 - 29.04.2016 14:00 (CET/CEST)","n/e","n/e","0"
"Montenegro (ME)","29.04.2016 14:00 - 29.04.2016 15:00 (CET/CEST)","n/e","n/e","0"
"Montenegro (ME)","29.04.2016 15:00 - 29.04.2016 16:00 (CET/CEST)","n/e","n/e","0"
"Montenegro (ME)","29.04.2016 16:00 - 29.04.2016 17:00 (CET/CEST)","n/e","n/e","0"
"Montenegro (ME)","29.04.2016 17:00 - 29.04.2016 18:00 (CET/CEST)","n/e","n/e","0"
"Montenegro (ME)","29.04.2016 18:00 - 29.04.2016 19:00 (CET/CEST)","n/e","n/e","0"
"Montenegro (ME)","29.04.2016 19:00 - 29.04.2016 20:00 (CET/CEST)","n/e","n/e","0"
"Montenegro (ME)","29.04.2016 20:00 - 29.04.2016 21:00 (CET/CEST)","n/e","n/e","110"
"Montenegro (ME)","29.04.2016 21:00 - 29.04.2016 22:00 (CET/CEST)","n/e","n/e","110"
"Montenegro (ME)","29.04.2016 22:00 - 29.04.2016 23:00 (CET/CEST)","n/e","n/e","0"
"Montenegro (ME)","29.04.2016 23:00 - 30.04.2016 00:00 (CET/CEST)","n/e","n/e","0"
"Montenegro (ME)","30.04.2016 00:00 - 30.04.2016 01:00 (CET/CEST)","n/e","n/e","0"
"Montenegro (ME)","30.04.2016 01:00 - 30.04.2016 02:00 (CET/CEST)","n/e","n/e","0"
"Montenegro (ME)","30.04.2016 02:00 - 30.04.2016 03:00 (CET/CEST)","n/e","n/e","0"
"Montenegro (ME)","30.04.2016 03:00 - 30.04.2016 04:00 (CET/CEST)","n/e","n/e","0"
"Montenegro (ME)","30.04.2016 04:00 - 30.04.2016 05:00 (CET/CEST)","n/e","n/e","0"
"Montenegro (ME)","30.04.2016 05:00 - 30.04.2016 06:00 (CET/CEST)","n/e","n/e","0"
"Montenegro (ME)","30.04.2016 06:00 - 30.04.2016 07:00 (CET/CEST)","n/e","n/e","0"
"Montenegro (ME)","30.04.2016 07:00 - 30.04.2016 08:00 (CET/CEST)","n/e","n/e","0"
"Montenegro (ME)","30.04.2016 08:00 - 30.04.2016 09:00 (CET/CEST)","n/e","n/e","111"
"Montenegro (ME)","30.04.2016 09:00 - 30.04.2016 10:00 (CET/CEST)","n/e","n/e","210"
"Montenegro (ME)","30.04.2016 10:00 - 30.04.2016 11:00 (CET/CEST)","n/e","n/e","111"
"Montenegro (ME)","30.04.2016 11:00 - 30.04.2016 12:00 (CET/CEST)","n/e","n/e","72"
"Montenegro (ME)","30.04.2016 12:00 - 30.04.2016 13:00 (CET/CEST)","n/e","n/e","0"
"Montenegro (ME)","30.04.2016 13:00 - 30.04.2016 14:00 (CET/CEST)","n/e","n/e","0"
"Montenegro (ME)","30.04.2016 14:00 - 30.04.2016 15:00 (CET/CEST)","n/e","n/e","0"
"Montenegro (ME)","30.04.2016 15:00 - 30.04.2016 16:00 (CET/CEST)","n/e","n/e","0"
"Montenegro (ME)","30.04.2016 16:00 - 30.04.2016 17:00 (CET/CEST)","n/e","n/e","0"
"Montenegro (ME)","30.04.2016 17:00 - 30.04.2016 18:00 (CET/CEST)","n/e","n/e","0"
"Montenegro (ME)","30.04.2016 18:00 - 30.04.2016 19:00 (CET/CEST)","n/e","n/e","0"
"Montenegro (ME)","30.04.2016 19:00 - 30.04.2016 20:00 (CET/CEST)","n/e","n/e","110"
"Montenegro (ME)","30.04.2016 20:00 - 30.04.2016 21:00 (CET/CEST)","n/e","n/e","329"
"Montenegro (ME)","30.04.2016 21:00 - 30.04.2016 22:00 (CET/CEST)","n/e","n/e","1"
"Montenegro (ME)","30.04.2016 22:00 - 30.04.2016 23:00 (CET/CEST)","n/e","n/e","0"
"Montenegro (ME)","30.04.2016 23:00 - 01.05.2016 00:00 (CET/CEST)","n/e","n/e","0"
"Montenegro (ME)","01.05.2016 00:00 - 01.05.2016 01:00 (CET/CEST)","n/e","n/e","0"
"Montenegro (ME)","01.05.2016 01:00 - 01.05.2016 02:00 (CET/CEST)","n/e","n/e","0"
"Montenegro (ME)","01.05.2016 02:00 - 01.05.2016 03:00 (CET/CEST)","n/e","n/e","0"
"Montenegro (ME)","01.05.2016 03:00 - 01.05.2016 04:00 (CET/CEST)","n/e","n/e","0"
"Montenegro (ME)","01.05.2016 04:00 - 01.05.2016 05:00 (CET/CEST)","n/e","n/e","0"
"Montenegro (ME)","01.05.2016 05:00 - 01.05.2016 06:00 (CET/CEST)","n/e","n/e","0"
"Montenegro (ME)","01.05.2016 06:00 - 01.05.2016 07:00 (CET/CEST)","n/e","n/e","0"
"Montenegro (ME)","01.05.2016 07:00 - 01.05.2016 08:00 (CET/CEST)","n/e","n/e","0"
"Montenegro (ME)","01.05.2016 08:00 - 01.05.2016 09:00 (CET/CEST)","n/e","n/e","0"
"Montenegro (ME)","01.05.2016 09:00 - 01.05.2016 10:00 (CET/CEST)","n/e","n/e","0"
"Montenegro (ME)","01.05.2016 10:00 - 01.05.2016 11:00 (CET/CEST)","n/e","n/e","0"
"Montenegro (ME)","01.05.2016 11:00 - 01.05.2016 12:00 (CET/CEST)","n/e","n/e","0"
"Montenegro (ME)","01.05.2016 12:00 - 01.05.2016 13:00 (CET/CEST)","n/e","n/e","0"
"Montenegro (ME)","01.05.2016 13:00 - 01.05.2016 14:00 (CET/CEST)","n/e","n/e","0"
"Montenegro (ME)","01.05.2016 14:00 - 01.05.2016 15:00 (CET/CEST)","n/e","n/e","0"
"Montenegro (ME)","01.05.2016 15:00 - 01.05.2016 16:00 (CET/CEST)","n/e","n/e","0"
"Montenegro (ME)","01.05.2016 16:00 - 01.05.2016 17:00 (CET/CEST)","n/e","n/e","0"
"Montenegro (ME)","01.05.2016 17:00 - 01.05.2016 18:00 (CET/CEST)","n/e","n/e","0"
"Montenegro (ME)","01.05.2016 18:00 - 01.05.2016 19:00 (CET/CEST)","n/e","n/e","0"
"Montenegro (ME)","01.05.2016 19:00 - 01.05.2016 20:00 (CET/CEST)","n/e","n/e","0"
"Montenegro (ME)","01.05.2016 20:00 - 01.05.2016 21:00 (CET/CEST)","n/e","n/e","0"
"Montenegro (ME)","01.05.2016 21:00 - 01.05.2016 22:00 (CET/CEST)","n/e","n/e","0"
"Montenegro (ME)","01.05.2016 22:00 - 01.05.2016 23:00 (CET/CEST)","n/e","n/e","0"
"Montenegro (ME)","01.05.2016 23:00 - 02.05.2016 00:00 (CET/CEST)","n/e","n/e","0"
"Montenegro (ME)","02.05.2016 00:00 - 02.05.2016 01:00 (CET/CEST)","n/e","n/e","0"
"Montenegro (ME)","02.05.2016 01:00 - 02.05.2016 02:00 (CET/CEST)","n/e","n/e","0"
"Montenegro (ME)","02.05.2016 02:00 - 02.05.2016 03:00 (CET/CEST)","n/e","n/e","0"
"Montenegro (ME)","02.05.2016 03:00 - 02.05.2016 04:00 (CET/CEST)","n/e","n/e","0"
"Montenegro (ME)","02.05.2016 04:00 - 02.05.2016 05:00 (CET/CEST)","n/e","n/e","0"
"Montenegro (ME)","02.05.2016 05:00 - 02.05.2016 06:00 (CET/CEST)","n/e","n/e","0"
"Montenegro (ME)","02.05.2016 06:00 - 02.05.2016 07:00 (CET/CEST)","n/e","n/e","0"
"Montenegro (ME)","02.05.2016 07:00 - 02.05.2016 08:00 (CET/CEST)","n/e","n/e","0"
"Montenegro (ME)","02.05.2016 08:00 - 02.05.2016 09:00 (CET/CEST)","n/e","n/e","0"
"Montenegro (ME)","02.05.2016 09:00 - 02.05.2016 10:00 (CET/CEST)","n/e","n/e","0"
"Montenegro (ME)","02.05.2016 10:00 - 02.05.2016 11:00 (CET/CEST)","n/e","n/e","91"
"Montenegro (ME)","02.05.2016 11:00 - 02.05.2016 12:00 (CET/CEST)","n/e","n/e","150"
"Montenegro (ME)","02.05.2016 12:00 - 02.05.2016 13:00 (CET/CEST)","n/e","n/e","0"
"Montenegro (ME)","02.05.2016 13:00 - 02.05.2016 14:00 (CET/CEST)","n/e","n/e","0"
"Montenegro (ME)","02.05.2016 14:00 - 02.05.2016 15:00 (CET/CEST)","n/e","n/e","0"
"Montenegro (ME)","02.05.2016 15:00 - 02.05.2016 16:00 (CET/CEST)","n/e","n/e","0"
"Montenegro (ME)","02.05.2016 16:00 - 02.05.2016 17:00 (CET/CEST)","n/e","n/e","0"
"Montenegro (ME)","02.05.2016 17:00 - 02.05.2016 18:00 (CET/CEST)","n/e","n/e","0"
"Montenegro (ME)","02.05.2016 18:00 - 02.05.2016 19:00 (CET/CEST)","n/e","n/e","1"
"Montenegro (ME)","02.05.2016 19:00 - 02.05.2016 20:00 (CET/CEST)","n/e","n/e","162"
"Montenegro (ME)","02.05.2016 20:00 - 02.05.2016 21:00 (CET/CEST)","n/e","n/e","161"
"Montenegro (ME)","02.05.2016 21:00 - 02.05.2016 22:00 (CET/CEST)","n/e","n/e","100"
"Montenegro (ME)","02.05.2016 22:00 - 02.05.2016 23:00 (CET/CEST)","n/e","n/e","0"
"Montenegro (ME)","02.05.2016 23:00 - 03.05.2016 00:00 (CET/CEST)","n/e","n/e","0"
"Montenegro (ME)","03.05.2016 00:00 - 03.05.2016 01:00 (CET/CEST)","n/e","n/e","0"
"Montenegro (ME)","03.05.2016 01:00 - 03.05.2016 02:00 (CET/CEST)","n/e","n/e","0"
"Montenegro (ME)","03.05.2016 02:00 - 03.05.2016 03:00 (CET/CEST)","n/e","n/e","0"
"Montenegro (ME)","03.05.2016 03:00 - 03.05.2016 04:00 (CET/CEST)","n/e","n/e","0"
"Montenegro (ME)","03.05.2016 04:00 - 03.05.2016 05:00 (CET/CEST)","n/e","n/e","0"
"Montenegro (ME)","03.05.2016 05:00 - 03.05.2016 06:00 (CET/CEST)","n/e","n/e","0"
"Montenegro (ME)","03.05.2016 06:00 - 03.05.2016 07:00 (CET/CEST)","n/e","n/e","0"
"Montenegro (ME)","03.05.2016 07:00 - 03.05.2016 08:00 (CET/CEST)","n/e","n/e","0"
"Montenegro (ME)","03.05.2016 08:00 - 03.05.2016 09:00 (CET/CEST)","n/e","n/e","0"
"Montenegro (ME)","03.05.2016 09:00 - 03.05.2016 10:00 (CET/CEST)","n/e","n/e","0"
"Montenegro (ME)","03.05.2016 10:00 - 03.05.2016 11:00 (CET/CEST)","n/e","n/e","0"
"Montenegro (ME)","03.05.2016 11:00 - 03.05.2016 12:00 (CET/CEST)","n/e","n/e","0"
"Montenegro (ME)","03.05.2016 12:00 - 03.05.2016 13:00 (CET/CEST)","n/e","n/e","0"
"Montenegro (ME)","03.05.2016 13:00 - 03.05.2016 14:00 (CET/CEST)","n/e","n/e","0"
"Montenegro (ME)","03.05.2016 14:00 - 03.05.2016 15:00 (CET/CEST)","n/e","n/e","0"
"Montenegro (ME)","03.05.2016 15:00 - 03.05.2016 16:00 (CET/CEST)","n/e","n/e","0"
"Montenegro (ME)","03.05.2016 16:00 - 03.05.2016 17:00 (CET/CEST)","n/e","n/e","0"
"Montenegro (ME)","03.05.2016 17:00 - 03.05.2016 18:00 (CET/CEST)","n/e","n/e","0"
"Montenegro (ME)","03.05.2016 18:00 - 03.05.2016 19:00 (CET/CEST)","n/e","n/e","0"
"Montenegro (ME)","03.05.2016 19:00 - 03.05.2016 20:00 (CET/CEST)","n/e","n/e","4"
"Montenegro (ME)","03.05.2016 20:00 - 03.05.2016 21:00 (CET/CEST)","n/e","n/e","331"
"Montenegro (ME)","03.05.2016 21:00 - 03.05.2016 22:00 (CET/CEST)","n/e","n/e","2"
"Montenegro (ME)","03.05.2016 22:00 - 03.05.2016 23:00 (CET/CEST)","n/e","n/e","0"
"Montenegro (ME)","03.05.2016 23:00 - 04.05.2016 00:00 (CET/CEST)","n/e","n/e","0"
"Montenegro (ME)","04.05.2016 00:00 - 04.05.2016 01:00 (CET/CEST)","n/e","n/e","0"
"Montenegro (ME)","04.05.2016 01:00 - 04.05.2016 02:00 (CET/CEST)","n/e","n/e","0"
"Montenegro (ME)","04.05.2016 02:00 - 04.05.2016 03:00 (CET/CEST)","n/e","n/e","0"
"Montenegro (ME)","04.05.2016 03:00 - 04.05.2016 04:00 (CET/CEST)","n/e","n/e","0"
"Montenegro (ME)","04.05.2016 04:00 - 04.05.2016 05:00 (CET/CEST)","n/e","n/e","0"
"Montenegro (ME)","04.05.2016 05:00 - 04.05.2016 06:00 (CET/CEST)","n/e","n/e","0"
"Montenegro (ME)","04.05.2016 06:00 - 04.05.2016 07:00 (CET/CEST)","n/e","n/e","0"
"Montenegro (ME)","04.05.2016 07:00 - 04.05.2016 08:00 (CET/CEST)","n/e","n/e","224"
"Montenegro (ME)","04.05.2016 08:00 - 04.05.2016 09:00 (CET/CEST)","n/e","n/e","227"
"Montenegro (ME)","04.05.2016 09:00 - 04.05.2016 10:00 (CET/CEST)","n/e","n/e","226"
"Montenegro (ME)","04.05.2016 10:00 - 04.05.2016 11:00 (CET/CEST)","n/e","n/e","221"
"Montenegro (ME)","04.05.2016 11:00 - 04.05.2016 12:00 (CET/CEST)","n/e","n/e","201"
"Montenegro (ME)","04.05.2016 12:00 - 04.05.2016 13:00 (CET/CEST)","n/e","n/e","0"
"Montenegro (ME)","04.05.2016 13:00 - 04.05.2016 14:00 (CET/CEST)","n/e","n/e","0"
"Montenegro (ME)","04.05.2016 14:00 - 04.05.2016 15:00 (CET/CEST)","n/e","n/e","0"
"Montenegro (ME)","04.05.2016 15:00 - 04.05.2016 16:00 (CET/CEST)","n/e","n/e","0"
"Montenegro (ME)","04.05.2016 16:00 - 04.05.2016 17:00 (CET/CEST)","n/e","n/e","0"
"Montenegro (ME)","04.05.2016 17:00 - 04.05.2016 18:00 (CET/CEST)","n/e","n/e","0"
"Montenegro (ME)","04.05.2016 18:00 - 04.05.2016 19:00 (CET/CEST)","n/e","n/e","1"
"Montenegro (ME)","04.05.2016 19:00 - 04.05.2016 20:00 (CET/CEST)","n/e","n/e","221"
"Montenegro (ME)","04.05.2016 20:00 - 04.05.2016 21:00 (CET/CEST)","n/e","n/e","330"
"Montenegro (ME)","04.05.2016 21:00 - 04.05.2016 22:00 (CET/CEST)","n/e","n/e","300"
"Montenegro (ME)","04.05.2016 22:00 - 04.05.2016 23:00 (CET/CEST)","n/e","n/e","101"
"Montenegro (ME)","04.05.2016 23:00 - 05.05.2016 00:00 (CET/CEST)","n/e","n/e","0"
"Montenegro (ME)","05.05.2016 00:00 - 05.05.2016 01:00 (CET/CEST)","n/e","n/e","0"
"Montenegro (ME)","05.05.2016 01:00 - 05.05.2016 02:00 (CET/CEST)","n/e","n/e","0"
"Montenegro (ME)","05.05.2016 02:00 - 05.05.2016 03:00 (CET/CEST)","n/e","n/e","0"
"Montenegro (ME)","05.05.2016 03:00 - 05.05.2016 04:00 (CET/CEST)","n/e","n/e","0"
"Montenegro (ME)","05.05.2016 04:00 - 05.05.2016 05:00 (CET/CEST)","n/e","n/e","0"
"Montenegro (ME)","05.05.2016 05:00 - 05.05.2016 06:00 (CET/CEST)","n/e","n/e","0"
"Montenegro (ME)","05.05.2016 06:00 - 05.05.2016 07:00 (CET/CEST)","n/e","n/e","0"
"Montenegro (ME)","05.05.2016 07:00 - 05.05.2016 08:00 (CET/CEST)","n/e","n/e","0"
"Montenegro (ME)","05.05.2016 08:00 - 05.05.2016 09:00 (CET/CEST)","n/e","n/e","92"
"Montenegro (ME)","05.05.2016 09:00 - 05.05.2016 10:00 (CET/CEST)","n/e","n/e","71"
"Montenegro (ME)","05.05.2016 10:00 - 05.05.2016 11:00 (CET/CEST)","n/e","n/e","91"
"Montenegro (ME)","05.05.2016 11:00 - 05.05.2016 12:00 (CET/CEST)","n/e","n/e","0"
"Montenegro (ME)","05.05.2016 12:00 - 05.05.2016 13:00 (CET/CEST)","n/e","n/e","0"
"Montenegro (ME)","05.05.2016 13:00 - 05.05.2016 14:00 (CET/CEST)","n/e","n/e","0"
"Montenegro (ME)","05.05.2016 14:00 - 05.05.2016 15:00 (CET/CEST)","n/e","n/e","0"
"Montenegro (ME)","05.05.2016 15:00 - 05.05.2016 16:00 (CET/CEST)","n/e","n/e","0"
"Montenegro (ME)","05.05.2016 16:00 - 05.05.2016 17:00 (CET/CEST)","n/e","n/e","0"
"Montenegro (ME)","05.05.2016 17:00 - 05.05.2016 18:00 (CET/CEST)","n/e","n/e","0"
"Montenegro (ME)","05.05.2016 18:00 - 05.05.2016 19:00 (CET/CEST)","n/e","n/e","0"
"Montenegro (ME)","05.05.2016 19:00 - 05.05.2016 20:00 (CET/CEST)","n/e","n/e","298"
"Montenegro (ME)","05.05.2016 20:00 - 05.05.2016 21:00 (CET/CEST)","n/e","n/e","337"
"Montenegro (ME)","05.05.2016 21:00 - 05.05.2016 22:00 (CET/CEST)","n/e","n/e","221"
"Montenegro (ME)","05.05.2016 22:00 - 05.05.2016 23:00 (CET/CEST)","n/e","n/e","1"
"Montenegro (ME)","05.05.2016 23:00 - 06.05.2016 00:00 (CET/CEST)","n/e","n/e","0"
"Montenegro (ME)","06.05.2016 00:00 - 06.05.2016 01:00 (CET/CEST)","n/e","n/e","0"
"Montenegro (ME)","06.05.2016 01:00 - 06.05.2016 02:00 (CET/CEST)","n/e","n/e","0"
"Montenegro (ME)","06.05.2016 02:00 - 06.05.2016 03:00 (CET/CEST)","n/e","n/e","0"
"Montenegro (ME)","06.05.2016 03:00 - 06.05.2016 04:00 (CET/CEST)","n/e","n/e","0"
"Montenegro (ME)","06.05.2016 04:00 - 06.05.2016 05:00 (CET/CEST)","n/e","n/e","0"
"Montenegro (ME)","06.05.2016 05:00 - 06.05.2016 06:00 (CET/CEST)","n/e","n/e","0"
"Montenegro (ME)","06.05.2016 06:00 - 06.05.2016 07:00 (CET/CEST)","n/e","n/e","0"
"Montenegro (ME)","06.05.2016 07:00 - 06.05.2016 08:00 (CET/CEST)","n/e","n/e","328"
"Montenegro (ME)","06.05.2016 08:00 - 06.05.2016 09:00 (CET/CEST)","n/e","n/e","272"
"Montenegro (ME)","06.05.2016 09:00 - 06.05.2016 10:00 (CET/CEST)","n/e","n/e","270"
"Montenegro (ME)","06.05.2016 10:00 - 06.05.2016 11:00 (CET/CEST)","n/e","n/e","111"
"Montenegro (ME)","06.05.2016 11:00 - 06.05.2016 12:00 (CET/CEST)","n/e","n/e","0"
"Montenegro (ME)","06.05.2016 12:00 - 06.05.2016 13:00 (CET/CEST)","n/e","n/e","0"
"Montenegro (ME)","06.05.2016 13:00 - 06.05.2016 14:00 (CET/CEST)","n/e","n/e","0"
"Montenegro (ME)","06.05.2016 14:00 - 06.05.2016 15:00 (CET/CEST)","n/e","n/e","0"
"Montenegro (ME)","06.05.2016 15:00 - 06.05.2016 16:00 (CET/CEST)","n/e","n/e","0"
"Montenegro (ME)","06.05.2016 16:00 - 06.05.2016 17:00 (CET/CEST)","n/e","n/e","1"
"Montenegro (ME)","06.05.2016 17:00 - 06.05.2016 18:00 (CET/CEST)","n/e","n/e","302"
"Montenegro (ME)","06.05.2016 18:00 - 06.05.2016 19:00 (CET/CEST)","n/e","n/e","336"
"Montenegro (ME)","06.05.2016 19:00 - 06.05.2016 20:00 (CET/CEST)","n/e","n/e","326"
"Montenegro (ME)","06.05.2016 20:00 - 06.05.2016 21:00 (CET/CEST)","n/e","n/e","311"
"Montenegro (ME)","06.05.2016 21:00 - 06.05.2016 22:00 (CET/CEST)","n/e","n/e","317"
"Montenegro (ME)","06.05.2016 22:00 - 06.05.2016 23:00 (CET/CEST)","n/e","n/e","335"
"Montenegro (ME)","06.05.2016 23:00 - 07.05.2016 00:00 (CET/CEST)","n/e","n/e","2"
"Montenegro (ME)","07.05.2016 00:00 - 07.05.2016 01:00 (CET/CEST)","n/e","n/e","0"
"Montenegro (ME)","07.05.2016 01:00 - 07.05.2016 02:00 (CET/CEST)","n/e","n/e","0"
"Montenegro (ME)","07.05.2016 02:00 - 07.05.2016 03:00 (CET/CEST)","n/e","n/e","0"
"Montenegro (ME)","07.05.2016 03:00 - 07.05.2016 04:00 (CET/CEST)","n/e","n/e","0"
"Montenegro (ME)","07.05.2016 04:00 - 07.05.2016 05:00 (CET/CEST)","n/e","n/e","0"
"Montenegro (ME)","07.05.2016 05:00 - 07.05.2016 06:00 (CET/CEST)","n/e","n/e","0"
"Montenegro (ME)","07.05.2016 06:00 - 07.05.2016 07:00 (CET/CEST)","n/e","n/e","1"
"Montenegro (ME)","07.05.2016 07:00 - 07.05.2016 08:00 (CET/CEST)","n/e","n/e","306"
"Montenegro (ME)","07.05.2016 08:00 - 07.05.2016 09:00 (CET/CEST)","n/e","n/e","331"
"Montenegro (ME)","07.05.2016 09:00 - 07.05.2016 10:00 (CET/CEST)","n/e","n/e","334"
"Montenegro (ME)","07.05.2016 10:00 - 07.05.2016 11:00 (CET/CEST)","n/e","n/e","336"
"Montenegro (ME)","07.05.2016 11:00 - 07.05.2016 12:00 (CET/CEST)","n/e","n/e","296"
"Montenegro (ME)","07.05.2016 12:00 - 07.05.2016 13:00 (CET/CEST)","n/e","n/e","225"
"Montenegro (ME)","07.05.2016 13:00 - 07.05.2016 14:00 (CET/CEST)","n/e","n/e","1"
"Montenegro (ME)","07.05.2016 14:00 - 07.05.2016 15:00 (CET/CEST)","n/e","n/e","0"
"Montenegro (ME)","07.05.2016 15:00 - 07.05.2016 16:00 (CET/CEST)","n/e","n/e","0"
"Montenegro (ME)","07.05.2016 16:00 - 07.05.2016 17:00 (CET/CEST)","n/e","n/e","0"
"Montenegro (ME)","07.05.2016 17:00 - 07.05.2016 18:00 (CET/CEST)","n/e","n/e","201"
"Montenegro (ME)","07.05.2016 18:00 - 07.05.2016 19:00 (CET/CEST)","n/e","n/e","321"
"Montenegro (ME)","07.05.2016 19:00 - 07.05.2016 20:00 (CET/CEST)","n/e","n/e","321"
"Montenegro (ME)","07.05.2016 20:00 - 07.05.2016 21:00 (CET/CEST)","n/e","n/e","335"
"Montenegro (ME)","07.05.2016 21:00 - 07.05.2016 22:00 (CET/CEST)","n/e","n/e","335"
"Montenegro (ME)","07.05.2016 22:00 - 07.05.2016 23:00 (CET/CEST)","n/e","n/e","259"
"Montenegro (ME)","07.05.2016 23:00 - 08.05.2016 00:00 (CET/CEST)","n/e","n/e","0"
"Montenegro (ME)","08.05.2016 00:00 - 08.05.2016 01:00 (CET/CEST)","n/e","n/e","0"
"Montenegro (ME)","08.05.2016 01:00 - 08.05.2016 02:00 (CET/CEST)","n/e","n/e","0"
"Montenegro (ME)","08.05.2016 02:00 - 08.05.2016 03:00 (CET/CEST)","n/e","n/e","0"
"Montenegro (ME)","08.05.2016 03:00 - 08.05.2016 04:00 (CET/CEST)","n/e","n/e","0"
"Montenegro (ME)","08.05.2016 04:00 - 08.05.2016 05:00 (CET/CEST)","n/e","n/e","0"
"Montenegro (ME)","08.05.2016 05:00 - 08.05.2016 06:00 (CET/CEST)","n/e","n/e","0"
"Montenegro (ME)","08.05.2016 06:00 - 08.05.2016 07:00 (CET/CEST)","n/e","n/e","0"
"Montenegro (ME)","08.05.2016 07:00 - 08.05.2016 08:00 (CET/CEST)","n/e","n/e","0"
"Montenegro (ME)","08.05.2016 08:00 - 08.05.2016 09:00 (CET/CEST)","n/e","n/e","0"
"Montenegro (ME)","08.05.2016 09:00 - 08.05.2016 10:00 (CET/CEST)","n/e","n/e","0"
"Montenegro (ME)","08.05.2016 10:00 - 08.05.2016 11:00 (CET/CEST)","n/e","n/e","0"
"Montenegro (ME)","08.05.2016 11:00 - 08.05.2016 12:00 (CET/CEST)","n/e","n/e","0"
"Montenegro (ME)","08.05.2016 12:00 - 08.05.2016 13:00 (CET/CEST)","n/e","n/e","0"
"Montenegro (ME)","08.05.2016 13:00 - 08.05.2016 14:00 (CET/CEST)","n/e","n/e","0"
"Montenegro (ME)","08.05.2016 14:00 - 08.05.2016 15:00 (CET/CEST)","n/e","n/e","0"
"Montenegro (ME)","08.05.2016 15:00 - 08.05.2016 16:00 (CET/CEST)","n/e","n/e","0"
"Montenegro (ME)","08.05.2016 16:00 - 08.05.2016 17:00 (CET/CEST)","n/e","n/e","0"
"Montenegro (ME)","08.05.2016 17:00 - 08.05.2016 18:00 (CET/CEST)","n/e","n/e","0"
"Montenegro (ME)","08.05.2016 18:00 - 08.05.2016 19:00 (CET/CEST)","n/e","n/e","104"
"Montenegro (ME)","08.05.2016 19:00 - 08.05.2016 20:00 (CET/CEST)","n/e","n/e","335"
"Montenegro (ME)","08.05.2016 20:00 - 08.05.2016 21:00 (CET/CEST)","n/e","n/e","333"
"Montenegro (ME)","08.05.2016 21:00 - 08.05.2016 22:00 (CET/CEST)","n/e","n/e","332"
"Montenegro (ME)","08.05.2016 22:00 - 08.05.2016 23:00 (CET/CEST)","n/e","n/e","186"
"Montenegro (ME)","08.05.2016 23:00 - 09.05.2016 00:00 (CET/CEST)","n/e","n/e","0"
"Montenegro (ME)","09.05.2016 00:00 - 09.05.2016 01:00 (CET/CEST)","n/e","n/e","0"
"Montenegro (ME)","09.05.2016 01:00 - 09.05.2016 02:00 (CET/CEST)","n/e","n/e","0"
"Montenegro (ME)","09.05.2016 02:00 - 09.05.2016 03:00 (CET/CEST)","n/e","n/e","0"
"Montenegro (ME)","09.05.2016 03:00 - 09.05.2016 04:00 (CET/CEST)","n/e","n/e","0"
"Montenegro (ME)","09.05.2016 04:00 - 09.05.2016 05:00 (CET/CEST)","n/e","n/e","0"
"Montenegro (ME)","09.05.2016 05:00 - 09.05.2016 06:00 (CET/CEST)","n/e","n/e","3"
"Montenegro (ME)","09.05.2016 06:00 - 09.05.2016 07:00 (CET/CEST)","n/e","n/e","335"
"Montenegro (ME)","09.05.2016 07:00 - 09.05.2016 08:00 (CET/CEST)","n/e","n/e","335"
"Montenegro (ME)","09.05.2016 08:00 - 09.05.2016 09:00 (CET/CEST)","n/e","n/e","335"
"Montenegro (ME)","09.05.2016 09:00 - 09.05.2016 10:00 (CET/CEST)","n/e","n/e","334"
"Montenegro (ME)","09.05.2016 10:00 - 09.05.2016 11:00 (CET/CEST)","n/e","n/e","336"
"Montenegro (ME)","09.05.2016 11:00 - 09.05.2016 12:00 (CET/CEST)","n/e","n/e","336"
"Montenegro (ME)","09.05.2016 12:00 - 09.05.2016 13:00 (CET/CEST)","n/e","n/e","322"
"Montenegro (ME)","09.05.2016 13:00 - 09.05.2016 14:00 (CET/CEST)","n/e","n/e","320"
"Montenegro (ME)","09.05.2016 14:00 - 09.05.2016 15:00 (CET/CEST)","n/e","n/e","335"
"Montenegro (ME)","09.05.2016 15:00 - 09.05.2016 16:00 (CET/CEST)","n/e","n/e","335"
"Montenegro (ME)","09.05.2016 16:00 - 09.05.2016 17:00 (CET/CEST)","n/e","n/e","336"
"Montenegro (ME)","09.05.2016 17:00 - 09.05.2016 18:00 (CET/CEST)","n/e","n/e","336"
"Montenegro (ME)","09.05.2016 18:00 - 09.05.2016 19:00 (CET/CEST)","n/e","n/e","335"
"Montenegro (ME)","09.05.2016 19:00 - 09.05.2016 20:00 (CET/CEST)","n/e","n/e","336"
"Montenegro (ME)","09.05.2016 20:00 - 09.05.2016 21:00 (CET/CEST)","n/e","n/e","335"
"Montenegro (ME)","09.05.2016 21:00 - 09.05.2016 22:00 (CET/CEST)","n/e","n/e","335"
"Montenegro (ME)","09.05.2016 22:00 - 09.05.2016 23:00 (CET/CEST)","n/e","n/e","335"
"Montenegro (ME)","09.05.2016 23:00 - 10.05.2016 00:00 (CET/CEST)","n/e","n/e","175"
"Montenegro (ME)","10.05.2016 00:00 - 10.05.2016 01:00 (CET/CEST)","n/e","n/e","2"
"Montenegro (ME)","10.05.2016 01:00 - 10.05.2016 02:00 (CET/CEST)","n/e","n/e","0"
"Montenegro (ME)","10.05.2016 02:00 - 10.05.2016 03:00 (CET/CEST)","n/e","n/e","0"
"Montenegro (ME)","10.05.2016 03:00 - 10.05.2016 04:00 (CET/CEST)","n/e","n/e","0"
"Montenegro (ME)","10.05.2016 04:00 - 10.05.2016 05:00 (CET/CEST)","n/e","n/e","0"
"Montenegro (ME)","10.05.2016 05:00 - 10.05.2016 06:00 (CET/CEST)","n/e","n/e","0"
"Montenegro (ME)","10.05.2016 06:00 - 10.05.2016 07:00 (CET/CEST)","n/e","n/e","223"
"Montenegro (ME)","10.05.2016 07:00 - 10.05.2016 08:00 (CET/CEST)","n/e","n/e","226"
"Montenegro (ME)","10.05.2016 08:00 - 10.05.2016 09:00 (CET/CEST)","n/e","n/e","236"
"Montenegro (ME)","10.05.2016 09:00 - 10.05.2016 10:00 (CET/CEST)","n/e","n/e","336"
"Montenegro (ME)","10.05.2016 10:00 - 10.05.2016 11:00 (CET/CEST)","n/e","n/e","335"
"Montenegro (ME)","10.05.2016 11:00 - 10.05.2016 12:00 (CET/CEST)","n/e","n/e","335"
"Montenegro (ME)","10.05.2016 12:00 - 10.05.2016 13:00 (CET/CEST)","n/e","n/e","334"
"Montenegro (ME)","10.05.2016 13:00 - 10.05.2016 14:00 (CET/CEST)","n/e","n/e","335"
"Montenegro (ME)","10.05.2016 14:00 - 10.05.2016 15:00 (CET/CEST)","n/e","n/e","335"
"Montenegro (ME)","10.05.2016 15:00 - 10.05.2016 16:00 (CET/CEST)","n/e","n/e","334"
"Montenegro (ME)","10.05.2016 16:00 - 10.05.2016 17:00 (CET/CEST)","n/e","n/e","335"
"Montenegro (ME)","10.05.2016 17:00 - 10.05.2016 18:00 (CET/CEST)","n/e","n/e","336"
"Montenegro (ME)","10.05.2016 18:00 - 10.05.2016 19:00 (CET/CEST)","n/e","n/e","336"
"Montenegro (ME)","10.05.2016 19:00 - 10.05.2016 20:00 (CET/CEST)","n/e","n/e","335"
"Montenegro (ME)","10.05.2016 20:00 - 10.05.2016 21:00 (CET/CEST)","n/e","n/e","336"
"Montenegro (ME)","10.05.2016 21:00 - 10.05.2016 22:00 (CET/CEST)","n/e","n/e","335"
"Montenegro (ME)","10.05.2016 22:00 - 10.05.2016 23:00 (CET/CEST)","n/e","n/e","331"
"Montenegro (ME)","10.05.2016 23:00 - 11.05.2016 00:00 (CET/CEST)","n/e","n/e","0"
"Montenegro (ME)","11.05.2016 00:00 - 11.05.2016 01:00 (CET/CEST)","n/e","n/e","0"
"Montenegro (ME)","11.05.2016 01:00 - 11.05.2016 02:00 (CET/CEST)","n/e","n/e","0"
"Montenegro (ME)","11.05.2016 02:00 - 11.05.2016 03:00 (CET/CEST)","n/e","n/e","0"
"Montenegro (ME)","11.05.2016 03:00 - 11.05.2016 04:00 (CET/CEST)","n/e","n/e","0"
"Montenegro (ME)","11.05.2016 04:00 - 11.05.2016 05:00 (CET/CEST)","n/e","n/e","0"
"Montenegro (ME)","11.05.2016 05:00 - 11.05.2016 06:00 (CET/CEST)","n/e","n/e","5"
"Montenegro (ME)","11.05.2016 06:00 - 11.05.2016 07:00 (CET/CEST)","n/e","n/e","252"
"Montenegro (ME)","11.05.2016 07:00 - 11.05.2016 08:00 (CET/CEST)","n/e","n/e","330"
"Montenegro (ME)","11.05.2016 08:00 - 11.05.2016 09:00 (CET/CEST)","n/e","n/e","329"
"Montenegro (ME)","11.05.2016 09:00 - 11.05.2016 10:00 (CET/CEST)","n/e","n/e","331"
"Montenegro (ME)","11.05.2016 10:00 - 11.05.2016 11:00 (CET/CEST)","n/e","n/e","281"
"Montenegro (ME)","11.05.2016 11:00 - 11.05.2016 12:00 (CET/CEST)","n/e","n/e","281"
"Montenegro (ME)","11.05.2016 12:00 - 11.05.2016 13:00 (CET/CEST)","n/e","n/e","280"
"Montenegro (ME)","11.05.2016 13:00 - 11.05.2016 14:00 (CET/CEST)","n/e","n/e","181"
"Montenegro (ME)","11.05.2016 14:00 - 11.05.2016 15:00 (CET/CEST)","n/e","n/e","181"
"Montenegro (ME)","11.05.2016 15:00 - 11.05.2016 16:00 (CET/CEST)","n/e","n/e","153"
"Montenegro (ME)","11.05.2016 16:00 - 11.05.2016 17:00 (CET/CEST)","n/e","n/e","150"
"Montenegro (ME)","11.05.2016 17:00 - 11.05.2016 18:00 (CET/CEST)","n/e","n/e","162"
"Montenegro (ME)","11.05.2016 18:00 - 11.05.2016 19:00 (CET/CEST)","n/e","n/e","242"
"Montenegro (ME)","11.05.2016 19:00 - 11.05.2016 20:00 (CET/CEST)","n/e","n/e","252"
"Montenegro (ME)","11.05.2016 20:00 - 11.05.2016 21:00 (CET/CEST)","n/e","n/e","331"
"Montenegro (ME)","11.05.2016 21:00 - 11.05.2016 22:00 (CET/CEST)","n/e","n/e","259"
"Montenegro (ME)","11.05.2016 22:00 - 11.05.2016 23:00 (CET/CEST)","n/e","n/e","248"
"Montenegro (ME)","11.05.2016 23:00 - 12.05.2016 00:00 (CET/CEST)","n/e","n/e","0"
"Montenegro (ME)","12.05.2016 00:00 - 12.05.2016 01:00 (CET/CEST)","n/e","n/e","0"
"Montenegro (ME)","12.05.2016 01:00 - 12.05.2016 02:00 (CET/CEST)","n/e","n/e","0"
"Montenegro (ME)","12.05.2016 02:00 - 12.05.2016 03:00 (CET/CEST)","n/e","n/e","0"
"Montenegro (ME)","12.05.2016 03:00 - 12.05.2016 04:00 (CET/CEST)","n/e","n/e","0"
"Montenegro (ME)","12.05.2016 04:00 - 12.05.2016 05:00 (CET/CEST)","n/e","n/e","0"
"Montenegro (ME)","12.05.2016 05:00 - 12.05.2016 06:00 (CET/CEST)","n/e","n/e","1"
"Montenegro (ME)","12.05.2016 06:00 - 12.05.2016 07:00 (CET/CEST)","n/e","n/e","111"
"Montenegro (ME)","12.05.2016 07:00 - 12.05.2016 08:00 (CET/CEST)","n/e","n/e","301"
"Montenegro (ME)","12.05.2016 08:00 - 12.05.2016 09:00 (CET/CEST)","n/e","n/e","331"
"Montenegro (ME)","12.05.2016 09:00 - 12.05.2016 10:00 (CET/CEST)","n/e","n/e","330"
"Montenegro (ME)","12.05.2016 10:00 - 12.05.2016 11:00 (CET/CEST)","n/e","n/e","332"
"Montenegro (ME)","12.05.2016 11:00 - 12.05.2016 12:00 (CET/CEST)","n/e","n/e","331"
"Montenegro (ME)","12.05.2016 12:00 - 12.05.2016 13:00 (CET/CEST)","n/e","n/e","302"
"Montenegro (ME)","12.05.2016 13:00 - 12.05.2016 14:00 (CET/CEST)","n/e","n/e","330"
"Montenegro (ME)","12.05.2016 14:00 - 12.05.2016 15:00 (CET/CEST)","n/e","n/e","331"
"Montenegro (ME)","12.05.2016 15:00 - 12.05.2016 16:00 (CET/CEST)","n/e","n/e","302"
"Montenegro (ME)","12.05.2016 16:00 - 12.05.2016 17:00 (CET/CEST)","n/e","n/e","331"
"Montenegro (ME)","12.05.2016 17:00 - 12.05.2016 18:00 (CET/CEST)","n/e","n/e","330"
"Montenegro (ME)","12.05.2016 18:00 - 12.05.2016 19:00 (CET/CEST)","n/e","n/e","282"
"Montenegro (ME)","12.05.2016 19:00 - 12.05.2016 20:00 (CET/CEST)","n/e","n/e","329"
"Montenegro (ME)","12.05.2016 20:00 - 12.05.2016 21:00 (CET/CEST)","n/e","n/e","330"
"Montenegro (ME)","12.05.2016 21:00 - 12.05.2016 22:00 (CET/CEST)","n/e","n/e","261"
"Montenegro (ME)","12.05.2016 22:00 - 12.05.2016 23:00 (CET/CEST)","n/e","n/e","150"
"Montenegro (ME)","12.05.2016 23:00 - 13.05.2016 00:00 (CET/CEST)","n/e","n/e","0"
"Montenegro (ME)","13.05.2016 00:00 - 13.05.2016 01:00 (CET/CEST)","n/e","n/e","0"
"Montenegro (ME)","13.05.2016 01:00 - 13.05.2016 02:00 (CET/CEST)","n/e","n/e","0"
"Montenegro (ME)","13.05.2016 02:00 - 13.05.2016 03:00 (CET/CEST)","n/e","n/e","0"
"Montenegro (ME)","13.05.2016 03:00 - 13.05.2016 04:00 (CET/CEST)","n/e","n/e","0"
"Montenegro (ME)","13.05.2016 04:00 - 13.05.2016 05:00 (CET/CEST)","n/e","n/e","0"
"Montenegro (ME)","13.05.2016 05:00 - 13.05.2016 06:00 (CET/CEST)","n/e","n/e","71"
"Montenegro (ME)","13.05.2016 06:00 - 13.05.2016 07:00 (CET/CEST)","n/e","n/e","210"
"Montenegro (ME)","13.05.2016 07:00 - 13.05.2016 08:00 (CET/CEST)","n/e","n/e","330"
"Montenegro (ME)","13.05.2016 08:00 - 13.05.2016 09:00 (CET/CEST)","n/e","n/e","332"
"Montenegro (ME)","13.05.2016 09:00 - 13.05.2016 10:00 (CET/CEST)","n/e","n/e","329"
"Montenegro (ME)","13.05.2016 10:00 - 13.05.2016 11:00 (CET/CEST)","n/e","n/e","331"
"Montenegro (ME)","13.05.2016 11:00 - 13.05.2016 12:00 (CET/CEST)","n/e","n/e","111"
"Montenegro (ME)","13.05.2016 12:00 - 13.05.2016 13:00 (CET/CEST)","n/e","n/e","91"
"Montenegro (ME)","13.05.2016 13:00 - 13.05.2016 14:00 (CET/CEST)","n/e","n/e","71"
"Montenegro (ME)","13.05.2016 14:00 - 13.05.2016 15:00 (CET/CEST)","n/e","n/e","71"
"Montenegro (ME)","13.05.2016 15:00 - 13.05.2016 16:00 (CET/CEST)","n/e","n/e","70"
"Montenegro (ME)","13.05.2016 16:00 - 13.05.2016 17:00 (CET/CEST)","n/e","n/e","71"
"Montenegro (ME)","13.05.2016 17:00 - 13.05.2016 18:00 (CET/CEST)","n/e","n/e","70"
"Montenegro (ME)","13.05.2016 18:00 - 13.05.2016 19:00 (CET/CEST)","n/e","n/e","72"
"Montenegro (ME)","13.05.2016 19:00 - 13.05.2016 20:00 (CET/CEST)","n/e","n/e","152"
"Montenegro (ME)","13.05.2016 20:00 - 13.05.2016 21:00 (CET/CEST)","n/e","n/e","329"
"Montenegro (ME)","13.05.2016 21:00 - 13.05.2016 22:00 (CET/CEST)","n/e","n/e","111"
"Montenegro (ME)","13.05.2016 22:00 - 13.05.2016 23:00 (CET/CEST)","n/e","n/e","111"
"Montenegro (ME)","13.05.2016 23:00 - 14.05.2016 00:00 (CET/CEST)","n/e","n/e","0"
"Montenegro (ME)","14.05.2016 00:00 - 14.05.2016 01:00 (CET/CEST)","n/e","n/e","0"
"Montenegro (ME)","14.05.2016 01:00 - 14.05.2016 02:00 (CET/CEST)","n/e","n/e","0"
"Montenegro (ME)","14.05.2016 02:00 - 14.05.2016 03:00 (CET/CEST)","n/e","n/e","0"
"Montenegro (ME)","14.05.2016 03:00 - 14.05.2016 04:00 (CET/CEST)","n/e","n/e","0"
"Montenegro (ME)","14.05.2016 04:00 - 14.05.2016 05:00 (CET/CEST)","n/e","n/e","0"
"Montenegro (ME)","14.05.2016 05:00 - 14.05.2016 06:00 (CET/CEST)","n/e","n/e","0"
"Montenegro (ME)","14.05.2016 06:00 - 14.05.2016 07:00 (CET/CEST)","n/e","n/e","0"
"Montenegro (ME)","14.05.2016 07:00 - 14.05.2016 08:00 (CET/CEST)","n/e","n/e","0"
"Montenegro (ME)","14.05.2016 08:00 - 14.05.2016 09:00 (CET/CEST)","n/e","n/e","0"
"Montenegro (ME)","14.05.2016 09:00 - 14.05.2016 10:00 (CET/CEST)","n/e","n/e","0"
"Montenegro (ME)","14.05.2016 10:00 - 14.05.2016 11:00 (CET/CEST)","n/e","n/e","0"
"Montenegro (ME)","14.05.2016 11:00 - 14.05.2016 12:00 (CET/CEST)","n/e","n/e","0"
"Montenegro (ME)","14.05.2016 12:00 - 14.05.2016 13:00 (CET/CEST)","n/e","n/e","0"
"Montenegro (ME)","14.05.2016 13:00 - 14.05.2016 14:00 (CET/CEST)","n/e","n/e","0"
"Montenegro (ME)","14.05.2016 14:00 - 14.05.2016 15:00 (CET/CEST)","n/e","n/e","0"
"Montenegro (ME)","14.05.2016 15:00 - 14.05.2016 16:00 (CET/CEST)","n/e","n/e","0"
"Montenegro (ME)","14.05.2016 16:00 - 14.05.2016 17:00 (CET/CEST)","n/e","n/e","0"
"Montenegro (ME)","14.05.2016 17:00 - 14.05.2016 18:00 (CET/CEST)","n/e","n/e","0"
"Montenegro (ME)","14.05.2016 18:00 - 14.05.2016 19:00 (CET/CEST)","n/e","n/e","0"
"Montenegro (ME)","14.05.2016 19:00 - 14.05.2016 20:00 (CET/CEST)","n/e","n/e","0"
"Montenegro (ME)","14.05.2016 20:00 - 14.05.2016 21:00 (CET/CEST)","n/e","n/e","0"
"Montenegro (ME)","14.05.2016 21:00 - 14.05.2016 22:00 (CET/CEST)","n/e","n/e","0"
"Montenegro (ME)","14.05.2016 22:00 - 14.05.2016 23:00 (CET/CEST)","n/e","n/e","0"
"Montenegro (ME)","14.05.2016 23:00 - 15.05.2016 00:00 (CET/CEST)","n/e","n/e","0"
"Montenegro (ME)","15.05.2016 00:00 - 15.05.2016 01:00 (CET/CEST)","n/e","n/e","0"
"Montenegro (ME)","15.05.2016 01:00 - 15.05.2016 02:00 (CET/CEST)","n/e","n/e","0"
"Montenegro (ME)","15.05.2016 02:00 - 15.05.2016 03:00 (CET/CEST)","n/e","n/e","0"
"Montenegro (ME)","15.05.2016 03:00 - 15.05.2016 04:00 (CET/CEST)","n/e","n/e","0"
"Montenegro (ME)","15.05.2016 04:00 - 15.05.2016 05:00 (CET/CEST)","n/e","n/e","0"
"Montenegro (ME)","15.05.2016 05:00 - 15.05.2016 06:00 (CET/CEST)","n/e","n/e","0"
"Montenegro (ME)","15.05.2016 06:00 - 15.05.2016 07:00 (CET/CEST)","n/e","n/e","0"
"Montenegro (ME)","15.05.2016 07:00 - 15.05.2016 08:00 (CET/CEST)","n/e","n/e","0"
"Montenegro (ME)","15.05.2016 08:00 - 15.05.2016 09:00 (CET/CEST)","n/e","n/e","0"
"Montenegro (ME)","15.05.2016 09:00 - 15.05.2016 10:00 (CET/CEST)","n/e","n/e","0"
"Montenegro (ME)","15.05.2016 10:00 - 15.05.2016 11:00 (CET/CEST)","n/e","n/e","0"
"Montenegro (ME)","15.05.2016 11:00 - 15.05.2016 12:00 (CET/CEST)","n/e","n/e","0"
"Montenegro (ME)","15.05.2016 12:00 - 15.05.2016 13:00 (CET/CEST)","n/e","n/e","0"
"Montenegro (ME)","15.05.2016 13:00 - 15.05.2016 14:00 (CET/CEST)","n/e","n/e","0"
"Montenegro (ME)","15.05.2016 14:00 - 15.05.2016 15:00 (CET/CEST)","n/e","n/e","0"
"Montenegro (ME)","15.05.2016 15:00 - 15.05.2016 16:00 (CET/CEST)","n/e","n/e","0"
"Montenegro (ME)","15.05.2016 16:00 - 15.05.2016 17:00 (CET/CEST)","n/e","n/e","0"
"Montenegro (ME)","15.05.2016 17:00 - 15.05.2016 18:00 (CET/CEST)","n/e","n/e","0"
"Montenegro (ME)","15.05.2016 18:00 - 15.05.2016 19:00 (CET/CEST)","n/e","n/e","0"
"Montenegro (ME)","15.05.2016 19:00 - 15.05.2016 20:00 (CET/CEST)","n/e","n/e","1"
"Montenegro (ME)","15.05.2016 20:00 - 15.05.2016 21:00 (CET/CEST)","n/e","n/e","186"
"Montenegro (ME)","15.05.2016 21:00 - 15.05.2016 22:00 (CET/CEST)","n/e","n/e","106"
"Montenegro (ME)","15.05.2016 22:00 - 15.05.2016 23:00 (CET/CEST)","n/e","n/e","0"
"Montenegro (ME)","15.05.2016 23:00 - 16.05.2016 00:00 (CET/CEST)","n/e","n/e","0"
"Montenegro (ME)","16.05.2016 00:00 - 16.05.2016 01:00 (CET/CEST)","n/e","n/e","0"
"Montenegro (ME)","16.05.2016 01:00 - 16.05.2016 02:00 (CET/CEST)","n/e","n/e","0"
"Montenegro (ME)","16.05.2016 02:00 - 16.05.2016 03:00 (CET/CEST)","n/e","n/e","0"
"Montenegro (ME)","16.05.2016 03:00 - 16.05.2016 04:00 (CET/CEST)","n/e","n/e","0"
"Montenegro (ME)","16.05.2016 04:00 - 16.05.2016 05:00 (CET/CEST)","n/e","n/e","0"
"Montenegro (ME)","16.05.2016 05:00 - 16.05.2016 06:00 (CET/CEST)","n/e","n/e","0"
"Montenegro (ME)","16.05.2016 06:00 - 16.05.2016 07:00 (CET/CEST)","n/e","n/e","0"
"Montenegro (ME)","16.05.2016 07:00 - 16.05.2016 08:00 (CET/CEST)","n/e","n/e","111"
"Montenegro (ME)","16.05.2016 08:00 - 16.05.2016 09:00 (CET/CEST)","n/e","n/e","331"
"Montenegro (ME)","16.05.2016 09:00 - 16.05.2016 10:00 (CET/CEST)","n/e","n/e","336"
"Montenegro (ME)","16.05.2016 10:00 - 16.05.2016 11:00 (CET/CEST)","n/e","n/e","331"
"Montenegro (ME)","16.05.2016 11:00 - 16.05.2016 12:00 (CET/CEST)","n/e","n/e","331"
"Montenegro (ME)","16.05.2016 12:00 - 16.05.2016 13:00 (CET/CEST)","n/e","n/e","331"
"Montenegro (ME)","16.05.2016 13:00 - 16.05.2016 14:00 (CET/CEST)","n/e","n/e","299"
"Montenegro (ME)","16.05.2016 14:00 - 16.05.2016 15:00 (CET/CEST)","n/e","n/e","331"
"Montenegro (ME)","16.05.2016 15:00 - 16.05.2016 16:00 (CET/CEST)","n/e","n/e","331"
"Montenegro (ME)","16.05.2016 16:00 - 16.05.2016 17:00 (CET/CEST)","n/e","n/e","332"
"Montenegro (ME)","16.05.2016 17:00 - 16.05.2016 18:00 (CET/CEST)","n/e","n/e","331"
"Montenegro (ME)","16.05.2016 18:00 - 16.05.2016 19:00 (CET/CEST)","n/e","n/e","333"
"Montenegro (ME)","16.05.2016 19:00 - 16.05.2016 20:00 (CET/CEST)","n/e","n/e","331"
"Montenegro (ME)","16.05.2016 20:00 - 16.05.2016 21:00 (CET/CEST)","n/e","n/e","330"
"Montenegro (ME)","16.05.2016 21:00 - 16.05.2016 22:00 (CET/CEST)","n/e","n/e","328"
"Montenegro (ME)","16.05.2016 22:00 - 16.05.2016 23:00 (CET/CEST)","n/e","n/e","288"
"Montenegro (ME)","16.05.2016 23:00 - 17.05.2016 00:00 (CET/CEST)","n/e","n/e","0"
"Montenegro (ME)","17.05.2016 00:00 - 17.05.2016 01:00 (CET/CEST)","n/e","n/e","0"
"Montenegro (ME)","17.05.2016 01:00 - 17.05.2016 02:00 (CET/CEST)","n/e","n/e","0"
"Montenegro (ME)","17.05.2016 02:00 - 17.05.2016 03:00 (CET/CEST)","n/e","n/e","0"
"Montenegro (ME)","17.05.2016 03:00 - 17.05.2016 04:00 (CET/CEST)","n/e","n/e","0"
"Montenegro (ME)","17.05.2016 04:00 - 17.05.2016 05:00 (CET/CEST)","n/e","n/e","0"
"Montenegro (ME)","17.05.2016 05:00 - 17.05.2016 06:00 (CET/CEST)","n/e","n/e","1"
"Montenegro (ME)","17.05.2016 06:00 - 17.05.2016 07:00 (CET/CEST)","n/e","n/e","218"
"Montenegro (ME)","17.05.2016 07:00 - 17.05.2016 08:00 (CET/CEST)","n/e","n/e","329"
"Montenegro (ME)","17.05.2016 08:00 - 17.05.2016 09:00 (CET/CEST)","n/e","n/e","332"
"Montenegro (ME)","17.05.2016 09:00 - 17.05.2016 10:00 (CET/CEST)","n/e","n/e","331"
"Montenegro (ME)","17.05.2016 10:00 - 17.05.2016 11:00 (CET/CEST)","n/e","n/e","332"
"Montenegro (ME)","17.05.2016 11:00 - 17.05.2016 12:00 (CET/CEST)","n/e","n/e","332"
"Montenegro (ME)","17.05.2016 12:00 - 17.05.2016 13:00 (CET/CEST)","n/e","n/e","331"
"Montenegro (ME)","17.05.2016 13:00 - 17.05.2016 14:00 (CET/CEST)","n/e","n/e","331"
"Montenegro (ME)","17.05.2016 14:00 - 17.05.2016 15:00 (CET/CEST)","n/e","n/e","331"
"Montenegro (ME)","17.05.2016 15:00 - 17.05.2016 16:00 (CET/CEST)","n/e","n/e","330"
"Montenegro (ME)","17.05.2016 16:00 - 17.05.2016 17:00 (CET/CEST)","n/e","n/e","315"
"Montenegro (ME)","17.05.2016 17:00 - 17.05.2016 18:00 (CET/CEST)","n/e","n/e","330"
"Montenegro (ME)","17.05.2016 18:00 - 17.05.2016 19:00 (CET/CEST)","n/e","n/e","336"
"Montenegro (ME)","17.05.2016 19:00 - 17.05.2016 20:00 (CET/CEST)","n/e","n/e","336"
"Montenegro (ME)","17.05.2016 20:00 - 17.05.2016 21:00 (CET/CEST)","n/e","n/e","336"
"Montenegro (ME)","17.05.2016 21:00 - 17.05.2016 22:00 (CET/CEST)","n/e","n/e","334"
"Montenegro (ME)","17.05.2016 22:00 - 17.05.2016 23:00 (CET/CEST)","n/e","n/e","327"
"Montenegro (ME)","17.05.2016 23:00 - 18.05.2016 00:00 (CET/CEST)","n/e","n/e","72"
"Montenegro (ME)","18.05.2016 00:00 - 18.05.2016 01:00 (CET/CEST)","n/e","n/e","0"
"Montenegro (ME)","18.05.2016 01:00 - 18.05.2016 02:00 (CET/CEST)","n/e","n/e","0"
"Montenegro (ME)","18.05.2016 02:00 - 18.05.2016 03:00 (CET/CEST)","n/e","n/e","0"
"Montenegro (ME)","18.05.2016 03:00 - 18.05.2016 04:00 (CET/CEST)","n/e","n/e","0"
"Montenegro (ME)","18.05.2016 04:00 - 18.05.2016 05:00 (CET/CEST)","n/e","n/e","0"
"Montenegro (ME)","18.05.2016 05:00 - 18.05.2016 06:00 (CET/CEST)","n/e","n/e","3"
"Montenegro (ME)","18.05.2016 06:00 - 18.05.2016 07:00 (CET/CEST)","n/e","n/e","286"
"Montenegro (ME)","18.05.2016 07:00 - 18.05.2016 08:00 (CET/CEST)","n/e","n/e","330"
"Montenegro (ME)","18.05.2016 08:00 - 18.05.2016 09:00 (CET/CEST)","n/e","n/e","332"
"Montenegro (ME)","18.05.2016 09:00 - 18.05.2016 10:00 (CET/CEST)","n/e","n/e","330"
"Montenegro (ME)","18.05.2016 10:00 - 18.05.2016 11:00 (CET/CEST)","n/e","n/e","332"
"Montenegro (ME)","18.05.2016 11:00 - 18.05.2016 12:00 (CET/CEST)","n/e","n/e","331"
"Montenegro (ME)","18.05.2016 12:00 - 18.05.2016 13:00 (CET/CEST)","n/e","n/e","332"
"Montenegro (ME)","18.05.2016 13:00 - 18.05.2016 14:00 (CET/CEST)","n/e","n/e","331"
"Montenegro (ME)","18.05.2016 14:00 - 18.05.2016 15:00 (CET/CEST)","n/e","n/e","301"
"Montenegro (ME)","18.05.2016 15:00 - 18.05.2016 16:00 (CET/CEST)","n/e","n/e","302"
"Montenegro (ME)","18.05.2016 16:00 - 18.05.2016 17:00 (CET/CEST)","n/e","n/e","303"
"Montenegro (ME)","18.05.2016 17:00 - 18.05.2016 18:00 (CET/CEST)","n/e","n/e","337"
"Montenegro (ME)","18.05.2016 18:00 - 18.05.2016 19:00 (CET/CEST)","n/e","n/e","332"
"Montenegro (ME)","18.05.2016 19:00 - 18.05.2016 20:00 (CET/CEST)","n/e","n/e","330"
"Montenegro (ME)","18.05.2016 20:00 - 18.05.2016 21:00 (CET/CEST)","n/e","n/e","331"
"Montenegro (ME)","18.05.2016 21:00 - 18.05.2016 22:00 (CET/CEST)","n/e","n/e","330"
"Montenegro (ME)","18.05.2016 22:00 - 18.05.2016 23:00 (CET/CEST)","n/e","n/e","309"
"Montenegro (ME)","18.05.2016 23:00 - 19.05.2016 00:00 (CET/CEST)","n/e","n/e","107"
"Montenegro (ME)","19.05.2016 00:00 - 19.05.2016 01:00 (CET/CEST)","n/e","n/e","0"
"Montenegro (ME)","19.05.2016 01:00 - 19.05.2016 02:00 (CET/CEST)","n/e","n/e","0"
"Montenegro (ME)","19.05.2016 02:00 - 19.05.2016 03:00 (CET/CEST)","n/e","n/e","0"
"Montenegro (ME)","19.05.2016 03:00 - 19.05.2016 04:00 (CET/CEST)","n/e","n/e","0"
"Montenegro (ME)","19.05.2016 04:00 - 19.05.2016 05:00 (CET/CEST)","n/e","n/e","0"
"Montenegro (ME)","19.05.2016 05:00 - 19.05.2016 06:00 (CET/CEST)","n/e","n/e","0"
"Montenegro (ME)","19.05.2016 06:00 - 19.05.2016 07:00 (CET/CEST)","n/e","n/e","298"
"Montenegro (ME)","19.05.2016 07:00 - 19.05.2016 08:00 (CET/CEST)","n/e","n/e","332"
"Montenegro (ME)","19.05.2016 08:00 - 19.05.2016 09:00 (CET/CEST)","n/e","n/e","331"
"Montenegro (ME)","19.05.2016 09:00 - 19.05.2016 10:00 (CET/CEST)","n/e","n/e","331"
"Montenegro (ME)","19.05.2016 10:00 - 19.05.2016 11:00 (CET/CEST)","n/e","n/e","331"
"Montenegro (ME)","19.05.2016 11:00 - 19.05.2016 12:00 (CET/CEST)","n/e","n/e","331"
"Montenegro (ME)","19.05.2016 12:00 - 19.05.2016 13:00 (CET/CEST)","n/e","n/e","331"
"Montenegro (ME)","19.05.2016 13:00 - 19.05.2016 14:00 (CET/CEST)","n/e","n/e","330"
"Montenegro (ME)","19.05.2016 14:00 - 19.05.2016 15:00 (CET/CEST)","n/e","n/e","300"
"Montenegro (ME)","19.05.2016 15:00 - 19.05.2016 16:00 (CET/CEST)","n/e","n/e","301"
"Montenegro (ME)","19.05.2016 16:00 - 19.05.2016 17:00 (CET/CEST)","n/e","n/e","301"
"Montenegro (ME)","19.05.2016 17:00 - 19.05.2016 18:00 (CET/CEST)","n/e","n/e","334"
"Montenegro (ME)","19.05.2016 18:00 - 19.05.2016 19:00 (CET/CEST)","n/e","n/e","331"
"Montenegro (ME)","19.05.2016 19:00 - 19.05.2016 20:00 (CET/CEST)","n/e","n/e","331"
"Montenegro (ME)","19.05.2016 20:00 - 19.05.2016 21:00 (CET/CEST)","n/e","n/e","331"
"Montenegro (ME)","19.05.2016 21:00 - 19.05.2016 22:00 (CET/CEST)","n/e","n/e","329"
"Montenegro (ME)","19.05.2016 22:00 - 19.05.2016 23:00 (CET/CEST)","n/e","n/e","310"
"Montenegro (ME)","19.05.2016 23:00 - 20.05.2016 00:00 (CET/CEST)","n/e","n/e","174"
"Montenegro (ME)","20.05.2016 00:00 - 20.05.2016 01:00 (CET/CEST)","n/e","n/e","0"
"Montenegro (ME)","20.05.2016 01:00 - 20.05.2016 02:00 (CET/CEST)","n/e","n/e","0"
"Montenegro (ME)","20.05.2016 02:00 - 20.05.2016 03:00 (CET/CEST)","n/e","n/e","0"
"Montenegro (ME)","20.05.2016 03:00 - 20.05.2016 04:00 (CET/CEST)","n/e","n/e","0"
"Montenegro (ME)","20.05.2016 04:00 - 20.05.2016 05:00 (CET/CEST)","n/e","n/e","0"
"Montenegro (ME)","20.05.2016 05:00 - 20.05.2016 06:00 (CET/CEST)","n/e","n/e","0"
"Montenegro (ME)","20.05.2016 06:00 - 20.05.2016 07:00 (CET/CEST)","n/e","n/e","0"
"Montenegro (ME)","20.05.2016 07:00 - 20.05.2016 08:00 (CET/CEST)","n/e","n/e","326"
"Montenegro (ME)","20.05.2016 08:00 - 20.05.2016 09:00 (CET/CEST)","n/e","n/e","331"
"Montenegro (ME)","20.05.2016 09:00 - 20.05.2016 10:00 (CET/CEST)","n/e","n/e","331"
"Montenegro (ME)","20.05.2016 10:00 - 20.05.2016 11:00 (CET/CEST)","n/e","n/e","251"
"Montenegro (ME)","20.05.2016 11:00 - 20.05.2016 12:00 (CET/CEST)","n/e","n/e","220"
"Montenegro (ME)","20.05.2016 12:00 - 20.05.2016 13:00 (CET/CEST)","n/e","n/e","71"
"Montenegro (ME)","20.05.2016 13:00 - 20.05.2016 14:00 (CET/CEST)","n/e","n/e","71"
"Montenegro (ME)","20.05.2016 14:00 - 20.05.2016 15:00 (CET/CEST)","n/e","n/e","71"
"Montenegro (ME)","20.05.2016 15:00 - 20.05.2016 16:00 (CET/CEST)","n/e","n/e","72"
"Montenegro (ME)","20.05.2016 16:00 - 20.05.2016 17:00 (CET/CEST)","n/e","n/e","72"
"Montenegro (ME)","20.05.2016 17:00 - 20.05.2016 18:00 (CET/CEST)","n/e","n/e","72"
"Montenegro (ME)","20.05.2016 18:00 - 20.05.2016 19:00 (CET/CEST)","n/e","n/e","152"
"Montenegro (ME)","20.05.2016 19:00 - 20.05.2016 20:00 (CET/CEST)","n/e","n/e","281"
"Montenegro (ME)","20.05.2016 20:00 - 20.05.2016 21:00 (CET/CEST)","n/e","n/e","280"
"Montenegro (ME)","20.05.2016 21:00 - 20.05.2016 22:00 (CET/CEST)","n/e","n/e","280"
"Montenegro (ME)","20.05.2016 22:00 - 20.05.2016 23:00 (CET/CEST)","n/e","n/e","279"
"Montenegro (ME)","20.05.2016 23:00 - 21.05.2016 00:00 (CET/CEST)","n/e","n/e","0"
"Montenegro (ME)","21.05.2016 00:00 - 21.05.2016 01:00 (CET/CEST)","n/e","n/e","0"
"Montenegro (ME)","21.05.2016 01:00 - 21.05.2016 02:00 (CET/CEST)","n/e","n/e","0"
"Montenegro (ME)","21.05.2016 02:00 - 21.05.2016 03:00 (CET/CEST)","n/e","n/e","0"
"Montenegro (ME)","21.05.2016 03:00 - 21.05.2016 04:00 (CET/CEST)","n/e","n/e","0"
"Montenegro (ME)","21.05.2016 04:00 - 21.05.2016 05:00 (CET/CEST)","n/e","n/e","0"
"Montenegro (ME)","21.05.2016 05:00 - 21.05.2016 06:00 (CET/CEST)","n/e","n/e","0"
"Montenegro (ME)","21.05.2016 06:00 - 21.05.2016 07:00 (CET/CEST)","n/e","n/e","0"
"Montenegro (ME)","21.05.2016 07:00 - 21.05.2016 08:00 (CET/CEST)","n/e","n/e","0"
"Montenegro (ME)","21.05.2016 08:00 - 21.05.2016 09:00 (CET/CEST)","n/e","n/e","152"
"Montenegro (ME)","21.05.2016 09:00 - 21.05.2016 10:00 (CET/CEST)","n/e","n/e","141"
"Montenegro (ME)","21.05.2016 10:00 - 21.05.2016 11:00 (CET/CEST)","n/e","n/e","141"
"Montenegro (ME)","21.05.2016 11:00 - 21.05.2016 12:00 (CET/CEST)","n/e","n/e","141"
"Montenegro (ME)","21.05.2016 12:00 - 21.05.2016 13:00 (CET/CEST)","n/e","n/e","0"
"Montenegro (ME)","21.05.2016 13:00 - 21.05.2016 14:00 (CET/CEST)","n/e","n/e","0"
"Montenegro (ME)","21.05.2016 14:00 - 21.05.2016 15:00 (CET/CEST)","n/e","n/e","0"
"Montenegro (ME)","21.05.2016 15:00 - 21.05.2016 16:00 (CET/CEST)","n/e","n/e","0"
"Montenegro (ME)","21.05.2016 16:00 - 21.05.2016 17:00 (CET/CEST)","n/e","n/e","0"
"Montenegro (ME)","21.05.2016 17:00 - 21.05.2016 18:00 (CET/CEST)","n/e","n/e","0"
"Montenegro (ME)","21.05.2016 18:00 - 21.05.2016 19:00 (CET/CEST)","n/e","n/e","72"
"Montenegro (ME)","21.05.2016 19:00 - 21.05.2016 20:00 (CET/CEST)","n/e","n/e","245"
"Montenegro (ME)","21.05.2016 20:00 - 21.05.2016 21:00 (CET/CEST)","n/e","n/e","270"
"Montenegro (ME)","21.05.2016 21:00 - 21.05.2016 22:00 (CET/CEST)","n/e","n/e","281"
"Montenegro (ME)","21.05.2016 22:00 - 21.05.2016 23:00 (CET/CEST)","n/e","n/e","259"
"Montenegro (ME)","21.05.2016 23:00 - 22.05.2016 00:00 (CET/CEST)","n/e","n/e","0"
"Montenegro (ME)","22.05.2016 00:00 - 22.05.2016 01:00 (CET/CEST)","n/e","n/e","0"
"Montenegro (ME)","22.05.2016 01:00 - 22.05.2016 02:00 (CET/CEST)","n/e","n/e","0"
"Montenegro (ME)","22.05.2016 02:00 - 22.05.2016 03:00 (CET/CEST)","n/e","n/e","0"
"Montenegro (ME)","22.05.2016 03:00 - 22.05.2016 04:00 (CET/CEST)","n/e","n/e","0"
"Montenegro (ME)","22.05.2016 04:00 - 22.05.2016 05:00 (CET/CEST)","n/e","n/e","0"
"Montenegro (ME)","22.05.2016 05:00 - 22.05.2016 06:00 (CET/CEST)","n/e","n/e","0"
"Montenegro (ME)","22.05.2016 06:00 - 22.05.2016 07:00 (CET/CEST)","n/e","n/e","0"
"Montenegro (ME)","22.05.2016 07:00 - 22.05.2016 08:00 (CET/CEST)","n/e","n/e","0"
"Montenegro (ME)","22.05.2016 08:00 - 22.05.2016 09:00 (CET/CEST)","n/e","n/e","0"
"Montenegro (ME)","22.05.2016 09:00 - 22.05.2016 10:00 (CET/CEST)","n/e","n/e","0"
"Montenegro (ME)","22.05.2016 10:00 - 22.05.2016 11:00 (CET/CEST)","n/e","n/e","0"
"Montenegro (ME)","22.05.2016 11:00 - 22.05.2016 12:00 (CET/CEST)","n/e","n/e","0"
"Montenegro (ME)","22.05.2016 12:00 - 22.05.2016 13:00 (CET/CEST)","n/e","n/e","0"
"Montenegro (ME)","22.05.2016 13:00 - 22.05.2016 14:00 (CET/CEST)","n/e","n/e","0"
"Montenegro (ME)","22.05.2016 14:00 - 22.05.2016 15:00 (CET/CEST)","n/e","n/e","0"
"Montenegro (ME)","22.05.2016 15:00 - 22.05.2016 16:00 (CET/CEST)","n/e","n/e","0"
"Montenegro (ME)","22.05.2016 16:00 - 22.05.2016 17:00 (CET/CEST)","n/e","n/e","0"
"Montenegro (ME)","22.05.2016 17:00 - 22.05.2016 18:00 (CET/CEST)","n/e","n/e","0"
"Montenegro (ME)","22.05.2016 18:00 - 22.05.2016 19:00 (CET/CEST)","n/e","n/e","1"
"Montenegro (ME)","22.05.2016 19:00 - 22.05.2016 20:00 (CET/CEST)","n/e","n/e","289"
"Montenegro (ME)","22.05.2016 20:00 - 22.05.2016 21:00 (CET/CEST)","n/e","n/e","292"
"Montenegro (ME)","22.05.2016 21:00 - 22.05.2016 22:00 (CET/CEST)","n/e","n/e","290"
"Montenegro (ME)","22.05.2016 22:00 - 22.05.2016 23:00 (CET/CEST)","n/e","n/e","289"
"Montenegro (ME)","22.05.2016 23:00 - 23.05.2016 00:00 (CET/CEST)","n/e","n/e","284"
"Montenegro (ME)","23.05.2016 00:00 - 23.05.2016 01:00 (CET/CEST)","n/e","n/e","0"
"Montenegro (ME)","23.05.2016 01:00 - 23.05.2016 02:00 (CET/CEST)","n/e","n/e","0"
"Montenegro (ME)","23.05.2016 02:00 - 23.05.2016 03:00 (CET/CEST)","n/e","n/e","0"
"Montenegro (ME)","23.05.2016 03:00 - 23.05.2016 04:00 (CET/CEST)","n/e","n/e","0"
"Montenegro (ME)","23.05.2016 04:00 - 23.05.2016 05:00 (CET/CEST)","n/e","n/e","0"
"Montenegro (ME)","23.05.2016 05:00 - 23.05.2016 06:00 (CET/CEST)","n/e","n/e","5"
"Montenegro (ME)","23.05.2016 06:00 - 23.05.2016 07:00 (CET/CEST)","n/e","n/e","275"
"Montenegro (ME)","23.05.2016 07:00 - 23.05.2016 08:00 (CET/CEST)","n/e","n/e","331"
"Montenegro (ME)","23.05.2016 08:00 - 23.05.2016 09:00 (CET/CEST)","n/e","n/e","330"
"Montenegro (ME)","23.05.2016 09:00 - 23.05.2016 10:00 (CET/CEST)","n/e","n/e","331"
"Montenegro (ME)","23.05.2016 10:00 - 23.05.2016 11:00 (CET/CEST)","n/e","n/e","332"
"Montenegro (ME)","23.05.2016 11:00 - 23.05.2016 12:00 (CET/CEST)","n/e","n/e","332"
"Montenegro (ME)","23.05.2016 12:00 - 23.05.2016 13:00 (CET/CEST)","n/e","n/e","338"
"Montenegro (ME)","23.05.2016 13:00 - 23.05.2016 14:00 (CET/CEST)","n/e","n/e","339"
"Montenegro (ME)","23.05.2016 14:00 - 23.05.2016 15:00 (CET/CEST)","n/e","n/e","339"
"Montenegro (ME)","23.05.2016 15:00 - 23.05.2016 16:00 (CET/CEST)","n/e","n/e","339"
"Montenegro (ME)","23.05.2016 16:00 - 23.05.2016 17:00 (CET/CEST)","n/e","n/e","340"
"Montenegro (ME)","23.05.2016 17:00 - 23.05.2016 18:00 (CET/CEST)","n/e","n/e","340"
"Montenegro (ME)","23.05.2016 18:00 - 23.05.2016 19:00 (CET/CEST)","n/e","n/e","340"
"Montenegro (ME)","23.05.2016 19:00 - 23.05.2016 20:00 (CET/CEST)","n/e","n/e","340"
"Montenegro (ME)","23.05.2016 20:00 - 23.05.2016 21:00 (CET/CEST)","n/e","n/e","339"
"Montenegro (ME)","23.05.2016 21:00 - 23.05.2016 22:00 (CET/CEST)","n/e","n/e","339"
"Montenegro (ME)","23.05.2016 22:00 - 23.05.2016 23:00 (CET/CEST)","n/e","n/e","339"
"Montenegro (ME)","23.05.2016 23:00 - 24.05.2016 00:00 (CET/CEST)","n/e","n/e","222"
"Montenegro (ME)","24.05.2016 00:00 - 24.05.2016 01:00 (CET/CEST)","n/e","n/e","0"
"Montenegro (ME)","24.05.2016 01:00 - 24.05.2016 02:00 (CET/CEST)","n/e","n/e","0"
"Montenegro (ME)","24.05.2016 02:00 - 24.05.2016 03:00 (CET/CEST)","n/e","n/e","0"
"Montenegro (ME)","24.05.2016 03:00 - 24.05.2016 04:00 (CET/CEST)","n/e","n/e","0"
"Montenegro (ME)","24.05.2016 04:00 - 24.05.2016 05:00 (CET/CEST)","n/e","n/e","0"
"Montenegro (ME)","24.05.2016 05:00 - 24.05.2016 06:00 (CET/CEST)","n/e","n/e","2"
"Montenegro (ME)","24.05.2016 06:00 - 24.05.2016 07:00 (CET/CEST)","n/e","n/e","220"
"Montenegro (ME)","24.05.2016 07:00 - 24.05.2016 08:00 (CET/CEST)","n/e","n/e","330"
"Montenegro (ME)","24.05.2016 08:00 - 24.05.2016 09:00 (CET/CEST)","n/e","n/e","331"
"Montenegro (ME)","24.05.2016 09:00 - 24.05.2016 10:00 (CET/CEST)","n/e","n/e","331"
"Montenegro (ME)","24.05.2016 10:00 - 24.05.2016 11:00 (CET/CEST)","n/e","n/e","331"
"Montenegro (ME)","24.05.2016 11:00 - 24.05.2016 12:00 (CET/CEST)","n/e","n/e","331"
"Montenegro (ME)","24.05.2016 12:00 - 24.05.2016 13:00 (CET/CEST)","n/e","n/e","331"
"Montenegro (ME)","24.05.2016 13:00 - 24.05.2016 14:00 (CET/CEST)","n/e","n/e","330"
"Montenegro (ME)","24.05.2016 14:00 - 24.05.2016 15:00 (CET/CEST)","n/e","n/e","301"
"Montenegro (ME)","24.05.2016 15:00 - 24.05.2016 16:00 (CET/CEST)","n/e","n/e","301"
"Montenegro (ME)","24.05.2016 16:00 - 24.05.2016 17:00 (CET/CEST)","n/e","n/e","301"
"Montenegro (ME)","24.05.2016 17:00 - 24.05.2016 18:00 (CET/CEST)","n/e","n/e","301"
"Montenegro (ME)","24.05.2016 18:00 - 24.05.2016 19:00 (CET/CEST)","n/e","n/e","331"
"Montenegro (ME)","24.05.2016 19:00 - 24.05.2016 20:00 (CET/CEST)","n/e","n/e","331"
"Montenegro (ME)","24.05.2016 20:00 - 24.05.2016 21:00 (CET/CEST)","n/e","n/e","331"
"Montenegro (ME)","24.05.2016 21:00 - 24.05.2016 22:00 (CET/CEST)","n/e","n/e","330"
"Montenegro (ME)","24.05.2016 22:00 - 24.05.2016 23:00 (CET/CEST)","n/e","n/e","328"
"Montenegro (ME)","24.05.2016 23:00 - 25.05.2016 00:00 (CET/CEST)","n/e","n/e","269"
"Montenegro (ME)","25.05.2016 00:00 - 25.05.2016 01:00 (CET/CEST)","n/e","n/e","0"
"Montenegro (ME)","25.05.2016 01:00 - 25.05.2016 02:00 (CET/CEST)","n/e","n/e","0"
"Montenegro (ME)","25.05.2016 02:00 - 25.05.2016 03:00 (CET/CEST)","n/e","n/e","0"
"Montenegro (ME)","25.05.2016 03:00 - 25.05.2016 04:00 (CET/CEST)","n/e","n/e","0"
"Montenegro (ME)","25.05.2016 04:00 - 25.05.2016 05:00 (CET/CEST)","n/e","n/e","0"
"Montenegro (ME)","25.05.2016 05:00 - 25.05.2016 06:00 (CET/CEST)","n/e","n/e","1"
"Montenegro (ME)","25.05.2016 06:00 - 25.05.2016 07:00 (CET/CEST)","n/e","n/e","221"
"Montenegro (ME)","25.05.2016 07:00 - 25.05.2016 08:00 (CET/CEST)","n/e","n/e","331"
"Montenegro (ME)","25.05.2016 08:00 - 25.05.2016 09:00 (CET/CEST)","n/e","n/e","331"
"Montenegro (ME)","25.05.2016 09:00 - 25.05.2016 10:00 (CET/CEST)","n/e","n/e","331"
"Montenegro (ME)","25.05.2016 10:00 - 25.05.2016 11:00 (CET/CEST)","n/e","n/e","330"
"Montenegro (ME)","25.05.2016 11:00 - 25.05.2016 12:00 (CET/CEST)","n/e","n/e","330"
"Montenegro (ME)","25.05.2016 12:00 - 25.05.2016 13:00 (CET/CEST)","n/e","n/e","330"
"Montenegro (ME)","25.05.2016 13:00 - 25.05.2016 14:00 (CET/CEST)","n/e","n/e","331"
"Montenegro (ME)","25.05.2016 14:00 - 25.05.2016 15:00 (CET/CEST)","n/e","n/e","331"
"Montenegro (ME)","25.05.2016 15:00 - 25.05.2016 16:00 (CET/CEST)","n/e","n/e","330"
"Montenegro (ME)","25.05.2016 16:00 - 25.05.2016 17:00 (CET/CEST)","n/e","n/e","330"
"Montenegro (ME)","25.05.2016 17:00 - 25.05.2016 18:00 (CET/CEST)","n/e","n/e","330"
"Montenegro (ME)","25.05.2016 18:00 - 25.05.2016 19:00 (CET/CEST)","n/e","n/e","332"
"Montenegro (ME)","25.05.2016 19:00 - 25.05.2016 20:00 (CET/CEST)","n/e","n/e","301"
"Montenegro (ME)","25.05.2016 20:00 - 25.05.2016 21:00 (CET/CEST)","n/e","n/e","338"
"Montenegro (ME)","25.05.2016 21:00 - 25.05.2016 22:00 (CET/CEST)","n/e","n/e","339"
"Montenegro (ME)","25.05.2016 22:00 - 25.05.2016 23:00 (CET/CEST)","n/e","n/e","220"
"Montenegro (ME)","25.05.2016 23:00 - 26.05.2016 00:00 (CET/CEST)","n/e","n/e","219"
"Montenegro (ME)","26.05.2016 00:00 - 26.05.2016 01:00 (CET/CEST)","n/e","n/e","0"
"Montenegro (ME)","26.05.2016 01:00 - 26.05.2016 02:00 (CET/CEST)","n/e","n/e","0"
"Montenegro (ME)","26.05.2016 02:00 - 26.05.2016 03:00 (CET/CEST)","n/e","n/e","0"
"Montenegro (ME)","26.05.2016 03:00 - 26.05.2016 04:00 (CET/CEST)","n/e","n/e","0"
"Montenegro (ME)","26.05.2016 04:00 - 26.05.2016 05:00 (CET/CEST)","n/e","n/e","0"
"Montenegro (ME)","26.05.2016 05:00 - 26.05.2016 06:00 (CET/CEST)","n/e","n/e","0"
"Montenegro (ME)","26.05.2016 06:00 - 26.05.2016 07:00 (CET/CEST)","n/e","n/e","111"
"Montenegro (ME)","26.05.2016 07:00 - 26.05.2016 08:00 (CET/CEST)","n/e","n/e","301"
"Montenegro (ME)","26.05.2016 08:00 - 26.05.2016 09:00 (CET/CEST)","n/e","n/e","335"
"Montenegro (ME)","26.05.2016 09:00 - 26.05.2016 10:00 (CET/CEST)","n/e","n/e","336"
"Montenegro (ME)","26.05.2016 10:00 - 26.05.2016 11:00 (CET/CEST)","n/e","n/e","335"
"Montenegro (ME)","26.05.2016 11:00 - 26.05.2016 12:00 (CET/CEST)","n/e","n/e","335"
"Montenegro (ME)","26.05.2016 12:00 - 26.05.2016 13:00 (CET/CEST)","n/e","n/e","335"
"Montenegro (ME)","26.05.2016 13:00 - 26.05.2016 14:00 (CET/CEST)","n/e","n/e","335"
"Montenegro (ME)","26.05.2016 14:00 - 26.05.2016 15:00 (CET/CEST)","n/e","n/e","335"
"Montenegro (ME)","26.05.2016 15:00 - 26.05.2016 16:00 (CET/CEST)","n/e","n/e","335"
"Montenegro (ME)","26.05.2016 16:00 - 26.05.2016 17:00 (CET/CEST)","n/e","n/e","320"
"Montenegro (ME)","26.05.2016 17:00 - 26.05.2016 18:00 (CET/CEST)","n/e","n/e","335"
"Montenegro (ME)","26.05.2016 18:00 - 26.05.2016 19:00 (CET/CEST)","n/e","n/e","335"
"Montenegro (ME)","26.05.2016 19:00 - 26.05.2016 20:00 (CET/CEST)","n/e","n/e","335"
"Montenegro (ME)","26.05.2016 20:00 - 26.05.2016 21:00 (CET/CEST)","n/e","n/e","335"
"Montenegro (ME)","26.05.2016 21:00 - 26.05.2016 22:00 (CET/CEST)","n/e","n/e","334"
"Montenegro (ME)","26.05.2016 22:00 - 26.05.2016 23:00 (CET/CEST)","n/e","n/e","273"
"Montenegro (ME)","26.05.2016 23:00 - 27.05.2016 00:00 (CET/CEST)","n/e","n/e","221"
"Montenegro (ME)","27.05.2016 00:00 - 27.05.2016 01:00 (CET/CEST)","n/e","n/e","0"
"Montenegro (ME)","27.05.2016 01:00 - 27.05.2016 02:00 (CET/CEST)","n/e","n/e","0"
"Montenegro (ME)","27.05.2016 02:00 - 27.05.2016 03:00 (CET/CEST)","n/e","n/e","0"
"Montenegro (ME)","27.05.2016 03:00 - 27.05.2016 04:00 (CET/CEST)","n/e","n/e","0"
"Montenegro (ME)","27.05.2016 04:00 - 27.05.2016 05:00 (CET/CEST)","n/e","n/e","0"
"Montenegro (ME)","27.05.2016 05:00 - 27.05.2016 06:00 (CET/CEST)","n/e","n/e","0"
"Montenegro (ME)","27.05.2016 06:00 - 27.05.2016 07:00 (CET/CEST)","n/e","n/e","71"
"Montenegro (ME)","27.05.2016 07:00 - 27.05.2016 08:00 (CET/CEST)","n/e","n/e","334"
"Montenegro (ME)","27.05.2016 08:00 - 27.05.2016 09:00 (CET/CEST)","n/e","n/e","335"
"Montenegro (ME)","27.05.2016 09:00 - 27.05.2016 10:00 (CET/CEST)","n/e","n/e","335"
"Montenegro (ME)","27.05.2016 10:00 - 27.05.2016 11:00 (CET/CEST)","n/e","n/e","335"
"Montenegro (ME)","27.05.2016 11:00 - 27.05.2016 12:00 (CET/CEST)","n/e","n/e","335"
"Montenegro (ME)","27.05.2016 12:00 - 27.05.2016 13:00 (CET/CEST)","n/e","n/e","300"
"Montenegro (ME)","27.05.2016 13:00 - 27.05.2016 14:00 (CET/CEST)","n/e","n/e","336"
"Montenegro (ME)","27.05.2016 14:00 - 27.05.2016 15:00 (CET/CEST)","n/e","n/e","251"
"Montenegro (ME)","27.05.2016 15:00 - 27.05.2016 16:00 (CET/CEST)","n/e","n/e","280"
"Montenegro (ME)","27.05.2016 16:00 - 27.05.2016 17:00 (CET/CEST)","n/e","n/e","280"
"Montenegro (ME)","27.05.2016 17:00 - 27.05.2016 18:00 (CET/CEST)","n/e","n/e","280"
"Montenegro (ME)","27.05.2016 18:00 - 27.05.2016 19:00 (CET/CEST)","n/e","n/e","335"
"Montenegro (ME)","27.05.2016 19:00 - 27.05.2016 20:00 (CET/CEST)","n/e","n/e","335"
"Montenegro (ME)","27.05.2016 20:00 - 27.05.2016 21:00 (CET/CEST)","n/e","n/e","336"
"Montenegro (ME)","27.05.2016 21:00 - 27.05.2016 22:00 (CET/CEST)","n/e","n/e","335"
"Montenegro (ME)","27.05.2016 22:00 - 27.05.2016 23:00 (CET/CEST)","n/e","n/e","335"
"Montenegro (ME)","27.05.2016 23:00 - 28.05.2016 00:00 (CET/CEST)","n/e","n/e","72"
"Montenegro (ME)","28.05.2016 00:00 - 28.05.2016 01:00 (CET/CEST)","n/e","n/e","0"
"Montenegro (ME)","28.05.2016 01:00 - 28.05.2016 02:00 (CET/CEST)","n/e","n/e","0"
"Montenegro (ME)","28.05.2016 02:00 - 28.05.2016 03:00 (CET/CEST)","n/e","n/e","0"
"Montenegro (ME)","28.05.2016 03:00 - 28.05.2016 04:00 (CET/CEST)","n/e","n/e","0"
"Montenegro (ME)","28.05.2016 04:00 - 28.05.2016 05:00 (CET/CEST)","n/e","n/e","0"
"Montenegro (ME)","28.05.2016 05:00 - 28.05.2016 06:00 (CET/CEST)","n/e","n/e","0"
"Montenegro (ME)","28.05.2016 06:00 - 28.05.2016 07:00 (CET/CEST)","n/e","n/e","0"
"Montenegro (ME)","28.05.2016 07:00 - 28.05.2016 08:00 (CET/CEST)","n/e","n/e","0"
"Montenegro (ME)","28.05.2016 08:00 - 28.05.2016 09:00 (CET/CEST)","n/e","n/e","0"
"Montenegro (ME)","28.05.2016 09:00 - 28.05.2016 10:00 (CET/CEST)","n/e","n/e","0"
"Montenegro (ME)","28.05.2016 10:00 - 28.05.2016 11:00 (CET/CEST)","n/e","n/e","0"
"Montenegro (ME)","28.05.2016 11:00 - 28.05.2016 12:00 (CET/CEST)","n/e","n/e","0"
"Montenegro (ME)","28.05.2016 12:00 - 28.05.2016 13:00 (CET/CEST)","n/e","n/e","0"
"Montenegro (ME)","28.05.2016 13:00 - 28.05.2016 14:00 (CET/CEST)","n/e","n/e","0"
"Montenegro (ME)","28.05.2016 14:00 - 28.05.2016 15:00 (CET/CEST)","n/e","n/e","0"
"Montenegro (ME)","28.05.2016 15:00 - 28.05.2016 16:00 (CET/CEST)","n/e","n/e","0"
"Montenegro (ME)","28.05.2016 16:00 - 28.05.2016 17:00 (CET/CEST)","n/e","n/e","0"
"Montenegro (ME)","28.05.2016 17:00 - 28.05.2016 18:00 (CET/CEST)","n/e","n/e","0"
"Montenegro (ME)","28.05.2016 18:00 - 28.05.2016 19:00 (CET/CEST)","n/e","n/e","0"
"Montenegro (ME)","28.05.2016 19:00 - 28.05.2016 20:00 (CET/CEST)","n/e","n/e","2"
"Montenegro (ME)","28.05.2016 20:00 - 28.05.2016 21:00 (CET/CEST)","n/e","n/e","110"
"Montenegro (ME)","28.05.2016 21:00 - 28.05.2016 22:00 (CET/CEST)","n/e","n/e","109"
"Montenegro (ME)","28.05.2016 22:00 - 28.05.2016 23:00 (CET/CEST)","n/e","n/e","0"
"Montenegro (ME)","28.05.2016 23:00 - 29.05.2016 00:00 (CET/CEST)","n/e","n/e","0"
"Montenegro (ME)","29.05.2016 00:00 - 29.05.2016 01:00 (CET/CEST)","n/e","n/e","0"
"Montenegro (ME)","29.05.2016 01:00 - 29.05.2016 02:00 (CET/CEST)","n/e","n/e","0"
"Montenegro (ME)","29.05.2016 02:00 - 29.05.2016 03:00 (CET/CEST)","n/e","n/e","0"
"Montenegro (ME)","29.05.2016 03:00 - 29.05.2016 04:00 (CET/CEST)","n/e","n/e","0"
"Montenegro (ME)","29.05.2016 04:00 - 29.05.2016 05:00 (CET/CEST)","n/e","n/e","0"
"Montenegro (ME)","29.05.2016 05:00 - 29.05.2016 06:00 (CET/CEST)","n/e","n/e","0"
"Montenegro (ME)","29.05.2016 06:00 - 29.05.2016 07:00 (CET/CEST)","n/e","n/e","0"
"Montenegro (ME)","29.05.2016 07:00 - 29.05.2016 08:00 (CET/CEST)","n/e","n/e","0"
"Montenegro (ME)","29.05.2016 08:00 - 29.05.2016 09:00 (CET/CEST)","n/e","n/e","0"
"Montenegro (ME)","29.05.2016 09:00 - 29.05.2016 10:00 (CET/CEST)","n/e","n/e","0"
"Montenegro (ME)","29.05.2016 10:00 - 29.05.2016 11:00 (CET/CEST)","n/e","n/e","0"
"Montenegro (ME)","29.05.2016 11:00 - 29.05.2016 12:00 (CET/CEST)","n/e","n/e","0"
"Montenegro (ME)","29.05.2016 12:00 - 29.05.2016 13:00 (CET/CEST)","n/e","n/e","0"
"Montenegro (ME)","29.05.2016 13:00 - 29.05.2016 14:00 (CET/CEST)","n/e","n/e","0"
"Montenegro (ME)","29.05.2016 14:00 - 29.05.2016 15:00 (CET/CEST)","n/e","n/e","0"
"Montenegro (ME)","29.05.2016 15:00 - 29.05.2016 16:00 (CET/CEST)","n/e","n/e","0"
"Montenegro (ME)","29.05.2016 16:00 - 29.05.2016 17:00 (CET/CEST)","n/e","n/e","0"
"Montenegro (ME)","29.05.2016 17:00 - 29.05.2016 18:00 (CET/CEST)","n/e","n/e","0"
"Montenegro (ME)","29.05.2016 18:00 - 29.05.2016 19:00 (CET/CEST)","n/e","n/e","0"
"Montenegro (ME)","29.05.2016 19:00 - 29.05.2016 20:00 (CET/CEST)","n/e","n/e","0"
"Montenegro (ME)","29.05.2016 20:00 - 29.05.2016 21:00 (CET/CEST)","n/e","n/e","112"
"Montenegro (ME)","29.05.2016 21:00 - 29.05.2016 22:00 (CET/CEST)","n/e","n/e","111"
"Montenegro (ME)","29.05.2016 22:00 - 29.05.2016 23:00 (CET/CEST)","n/e","n/e","0"
"Montenegro (ME)","29.05.2016 23:00 - 30.05.2016 00:00 (CET/CEST)","n/e","n/e","0"
"Montenegro (ME)","30.05.2016 00:00 - 30.05.2016 01:00 (CET/CEST)","n/e","n/e","0"
"Montenegro (ME)","30.05.2016 01:00 - 30.05.2016 02:00 (CET/CEST)","n/e","n/e","0"
"Montenegro (ME)","30.05.2016 02:00 - 30.05.2016 03:00 (CET/CEST)","n/e","n/e","0"
"Montenegro (ME)","30.05.2016 03:00 - 30.05.2016 04:00 (CET/CEST)","n/e","n/e","0"
"Montenegro (ME)","30.05.2016 04:00 - 30.05.2016 05:00 (CET/CEST)","n/e","n/e","0"
"Montenegro (ME)","30.05.2016 05:00 - 30.05.2016 06:00 (CET/CEST)","n/e","n/e","0"
"Montenegro (ME)","30.05.2016 06:00 - 30.05.2016 07:00 (CET/CEST)","n/e","n/e","77"
"Montenegro (ME)","30.05.2016 07:00 - 30.05.2016 08:00 (CET/CEST)","n/e","n/e","280"
"Montenegro (ME)","30.05.2016 08:00 - 30.05.2016 09:00 (CET/CEST)","n/e","n/e","330"
"Montenegro (ME)","30.05.2016 09:00 - 30.05.2016 10:00 (CET/CEST)","n/e","n/e","330"
"Montenegro (ME)","30.05.2016 10:00 - 30.05.2016 11:00 (CET/CEST)","n/e","n/e","330"
"Montenegro (ME)","30.05.2016 11:00 - 30.05.2016 12:00 (CET/CEST)","n/e","n/e","330"
"Montenegro (ME)","30.05.2016 12:00 - 30.05.2016 13:00 (CET/CEST)","n/e","n/e","330"
"Montenegro (ME)","30.05.2016 13:00 - 30.05.2016 14:00 (CET/CEST)","n/e","n/e","330"
"Montenegro (ME)","30.05.2016 14:00 - 30.05.2016 15:00 (CET/CEST)","n/e","n/e","290"
"Montenegro (ME)","30.05.2016 15:00 - 30.05.2016 16:00 (CET/CEST)","n/e","n/e","291"
"Montenegro (ME)","30.05.2016 16:00 - 30.05.2016 17:00 (CET/CEST)","n/e","n/e","331"
"Montenegro (ME)","30.05.2016 17:00 - 30.05.2016 18:00 (CET/CEST)","n/e","n/e","222"
"Montenegro (ME)","30.05.2016 18:00 - 30.05.2016 19:00 (CET/CEST)","n/e","n/e","221"
"Montenegro (ME)","30.05.2016 19:00 - 30.05.2016 20:00 (CET/CEST)","n/e","n/e","221"
"Montenegro (ME)","30.05.2016 20:00 - 30.05.2016 21:00 (CET/CEST)","n/e","n/e","221"
"Montenegro (ME)","30.05.2016 21:00 - 30.05.2016 22:00 (CET/CEST)","n/e","n/e","221"
"Montenegro (ME)","30.05.2016 22:00 - 30.05.2016 23:00 (CET/CEST)","n/e","n/e","221"
"Montenegro (ME)","30.05.2016 23:00 - 31.05.2016 00:00 (CET/CEST)","n/e","n/e","82"
"Montenegro (ME)","31.05.2016 00:00 - 31.05.2016 01:00 (CET/CEST)","n/e","n/e","0"
"Montenegro (ME)","31.05.2016 01:00 - 31.05.2016 02:00 (CET/CEST)","n/e","n/e","0"
"Montenegro (ME)","31.05.2016 02:00 - 31.05.2016 03:00 (CET/CEST)","n/e","n/e","0"
"Montenegro (ME)","31.05.2016 03:00 - 31.05.2016 04:00 (CET/CEST)","n/e","n/e","0"
"Montenegro (ME)","31.05.2016 04:00 - 31.05.2016 05:00 (CET/CEST)","n/e","n/e","0"
"Montenegro (ME)","31.05.2016 05:00 - 31.05.2016 06:00 (CET/CEST)","n/e","n/e","0"
"Montenegro (ME)","31.05.2016 06:00 - 31.05.2016 07:00 (CET/CEST)","n/e","n/e","0"
"Montenegro (ME)","31.05.2016 07:00 - 31.05.2016 08:00 (CET/CEST)","n/e","n/e","225"
"Montenegro (ME)","31.05.2016 08:00 - 31.05.2016 09:00 (CET/CEST)","n/e","n/e","227"
"Montenegro (ME)","31.05.2016 09:00 - 31.05.2016 10:00 (CET/CEST)","n/e","n/e","226"
"Montenegro (ME)","31.05.2016 10:00 - 31.05.2016 11:00 (CET/CEST)","n/e","n/e","301"
"Montenegro (ME)","31.05.2016 11:00 - 31.05.2016 12:00 (CET/CEST)","n/e","n/e","303"
"Montenegro (ME)","31.05.2016 12:00 - 31.05.2016 13:00 (CET/CEST)","n/e","n/e","331"
"Montenegro (ME)","31.05.2016 13:00 - 31.05.2016 14:00 (CET/CEST)","n/e","n/e","324"
"Montenegro (ME)","31.05.2016 14:00 - 31.05.2016 15:00 (CET/CEST)","n/e","n/e","316"
"Montenegro (ME)","31.05.2016 15:00 - 31.05.2016 16:00 (CET/CEST)","n/e","n/e","312"
"Montenegro (ME)","31.05.2016 16:00 - 31.05.2016 17:00 (CET/CEST)","n/e","n/e","301"
"Montenegro (ME)","31.05.2016 17:00 - 31.05.2016 18:00 (CET/CEST)","n/e","n/e","302"
"Montenegro (ME)","31.05.2016 18:00 - 31.05.2016 19:00 (CET/CEST)","n/e","n/e","322"
"Montenegro (ME)","31.05.2016 19:00 - 31.05.2016 20:00 (CET/CEST)","n/e","n/e","321"
"Montenegro (ME)","31.05.2016 20:00 - 31.05.2016 21:00 (CET/CEST)","n/e","n/e","331"
"Montenegro (ME)","31.05.2016 21:00 - 31.05.2016 22:00 (CET/CEST)","n/e","n/e","332"
"Montenegro (ME)","31.05.2016 22:00 - 31.05.2016 23:00 (CET/CEST)","n/e","n/e","218"
"Montenegro (ME)","31.05.2016 23:00 - 01.06.2016 00:00 (CET/CEST)","n/e","n/e","110"
"Montenegro (ME)","01.06.2016 00:00 - 01.06.2016 01:00 (CET/CEST)","n/e","n/e","0"
"Montenegro (ME)","01.06.2016 01:00 - 01.06.2016 02:00 (CET/CEST)","n/e","n/e","0"
"Montenegro (ME)","01.06.2016 02:00 - 01.06.2016 03:00 (CET/CEST)","n/e","n/e","0"
"Montenegro (ME)","01.06.2016 03:00 - 01.06.2016 04:00 (CET/CEST)","n/e","n/e","0"
"Montenegro (ME)","01.06.2016 04:00 - 01.06.2016 05:00 (CET/CEST)","n/e","n/e","0"
"Montenegro (ME)","01.06.2016 05:00 - 01.06.2016 06:00 (CET/CEST)","n/e","n/e","0"
"Montenegro (ME)","01.06.2016 06:00 - 01.06.2016 07:00 (CET/CEST)","n/e","n/e","1"
"Montenegro (ME)","01.06.2016 07:00 - 01.06.2016 08:00 (CET/CEST)","n/e","n/e","280"
"Montenegro (ME)","01.06.2016 08:00 - 01.06.2016 09:00 (CET/CEST)","n/e","n/e","283"
"Montenegro (ME)","01.06.2016 09:00 - 01.06.2016 10:00 (CET/CEST)","n/e","n/e","332"
"Montenegro (ME)","01.06.2016 10:00 - 01.06.2016 11:00 (CET/CEST)","n/e","n/e","332"
"Montenegro (ME)","01.06.2016 11:00 - 01.06.2016 12:00 (CET/CEST)","n/e","n/e","331"
"Montenegro (ME)","01.06.2016 12:00 - 01.06.2016 13:00 (CET/CEST)","n/e","n/e","311"
"Montenegro (ME)","01.06.2016 13:00 - 01.06.2016 14:00 (CET/CEST)","n/e","n/e","281"
"Montenegro (ME)","01.06.2016 14:00 - 01.06.2016 15:00 (CET/CEST)","n/e","n/e","310"
"Montenegro (ME)","01.06.2016 15:00 - 01.06.2016 16:00 (CET/CEST)","n/e","n/e","312"
"Montenegro (ME)","01.06.2016 16:00 - 01.06.2016 17:00 (CET/CEST)","n/e","n/e","332"
"Montenegro (ME)","01.06.2016 17:00 - 01.06.2016 18:00 (CET/CEST)","n/e","n/e","283"
"Montenegro (ME)","01.06.2016 18:00 - 01.06.2016 19:00 (CET/CEST)","n/e","n/e","202"
"Montenegro (ME)","01.06.2016 19:00 - 01.06.2016 20:00 (CET/CEST)","n/e","n/e","201"
"Montenegro (ME)","01.06.2016 20:00 - 01.06.2016 21:00 (CET/CEST)","n/e","n/e","208"
"Montenegro (ME)","01.06.2016 21:00 - 01.06.2016 22:00 (CET/CEST)","n/e","n/e","200"
"Montenegro (ME)","01.06.2016 22:00 - 01.06.2016 23:00 (CET/CEST)","n/e","n/e","146"
"Montenegro (ME)","01.06.2016 23:00 - 02.06.2016 00:00 (CET/CEST)","n/e","n/e","0"
"Montenegro (ME)","02.06.2016 00:00 - 02.06.2016 01:00 (CET/CEST)","n/e","n/e","0"
"Montenegro (ME)","02.06.2016 01:00 - 02.06.2016 02:00 (CET/CEST)","n/e","n/e","0"
"Montenegro (ME)","02.06.2016 02:00 - 02.06.2016 03:00 (CET/CEST)","n/e","n/e","0"
"Montenegro (ME)","02.06.2016 03:00 - 02.06.2016 04:00 (CET/CEST)","n/e","n/e","0"
"Montenegro (ME)","02.06.2016 04:00 - 02.06.2016 05:00 (CET/CEST)","n/e","n/e","0"
"Montenegro (ME)","02.06.2016 05:00 - 02.06.2016 06:00 (CET/CEST)","n/e","n/e","0"
"Montenegro (ME)","02.06.2016 06:00 - 02.06.2016 07:00 (CET/CEST)","n/e","n/e","3"
"Montenegro (ME)","02.06.2016 07:00 - 02.06.2016 08:00 (CET/CEST)","n/e","n/e","331"
"Montenegro (ME)","02.06.2016 08:00 - 02.06.2016 09:00 (CET/CEST)","n/e","n/e","331"
"Montenegro (ME)","02.06.2016 09:00 - 02.06.2016 10:00 (CET/CEST)","n/e","n/e","330"
"Montenegro (ME)","02.06.2016 10:00 - 02.06.2016 11:00 (CET/CEST)","n/e","n/e","331"
"Montenegro (ME)","02.06.2016 11:00 - 02.06.2016 12:00 (CET/CEST)","n/e","n/e","301"
"Montenegro (ME)","02.06.2016 12:00 - 02.06.2016 13:00 (CET/CEST)","n/e","n/e","330"
"Montenegro (ME)","02.06.2016 13:00 - 02.06.2016 14:00 (CET/CEST)","n/e","n/e","331"
"Montenegro (ME)","02.06.2016 14:00 - 02.06.2016 15:00 (CET/CEST)","n/e","n/e","331"
"Montenegro (ME)","02.06.2016 15:00 - 02.06.2016 16:00 (CET/CEST)","n/e","n/e","263"
"Montenegro (ME)","02.06.2016 16:00 - 02.06.2016 17:00 (CET/CEST)","n/e","n/e","262"
"Montenegro (ME)","02.06.2016 17:00 - 02.06.2016 18:00 (CET/CEST)","n/e","n/e","161"
"Montenegro (ME)","02.06.2016 18:00 - 02.06.2016 19:00 (CET/CEST)","n/e","n/e","141"
"Montenegro (ME)","02.06.2016 19:00 - 02.06.2016 20:00 (CET/CEST)","n/e","n/e","181"
"Montenegro (ME)","02.06.2016 20:00 - 02.06.2016 21:00 (CET/CEST)","n/e","n/e","220"
"Montenegro (ME)","02.06.2016 21:00 - 02.06.2016 22:00 (CET/CEST)","n/e","n/e","220"
"Montenegro (ME)","02.06.2016 22:00 - 02.06.2016 23:00 (CET/CEST)","n/e","n/e","221"
"Montenegro (ME)","02.06.2016 23:00 - 03.06.2016 00:00 (CET/CEST)","n/e","n/e","71"
"Montenegro (ME)","03.06.2016 00:00 - 03.06.2016 01:00 (CET/CEST)","n/e","n/e","0"
"Montenegro (ME)","03.06.2016 01:00 - 03.06.2016 02:00 (CET/CEST)","n/e","n/e","0"
"Montenegro (ME)","03.06.2016 02:00 - 03.06.2016 03:00 (CET/CEST)","n/e","n/e","0"
"Montenegro (ME)","03.06.2016 03:00 - 03.06.2016 04:00 (CET/CEST)","n/e","n/e","0"
"Montenegro (ME)","03.06.2016 04:00 - 03.06.2016 05:00 (CET/CEST)","n/e","n/e","0"
"Montenegro (ME)","03.06.2016 05:00 - 03.06.2016 06:00 (CET/CEST)","n/e","n/e","0"
"Montenegro (ME)","03.06.2016 06:00 - 03.06.2016 07:00 (CET/CEST)","n/e","n/e","1"
"Montenegro (ME)","03.06.2016 07:00 - 03.06.2016 08:00 (CET/CEST)","n/e","n/e","190"
"Montenegro (ME)","03.06.2016 08:00 - 03.06.2016 09:00 (CET/CEST)","n/e","n/e","300"
"Montenegro (ME)","03.06.2016 09:00 - 03.06.2016 10:00 (CET/CEST)","n/e","n/e","301"
"Montenegro (ME)","03.06.2016 10:00 - 03.06.2016 11:00 (CET/CEST)","n/e","n/e","300"
"Montenegro (ME)","03.06.2016 11:00 - 03.06.2016 12:00 (CET/CEST)","n/e","n/e","301"
"Montenegro (ME)","03.06.2016 12:00 - 03.06.2016 13:00 (CET/CEST)","n/e","n/e","272"
"Montenegro (ME)","03.06.2016 13:00 - 03.06.2016 14:00 (CET/CEST)","n/e","n/e","181"
"Montenegro (ME)","03.06.2016 14:00 - 03.06.2016 15:00 (CET/CEST)","n/e","n/e","161"
"Montenegro (ME)","03.06.2016 15:00 - 03.06.2016 16:00 (CET/CEST)","n/e","n/e","222"
"Montenegro (ME)","03.06.2016 16:00 - 03.06.2016 17:00 (CET/CEST)","n/e","n/e","112"
"Montenegro (ME)","03.06.2016 17:00 - 03.06.2016 18:00 (CET/CEST)","n/e","n/e","73"
"Montenegro (ME)","03.06.2016 18:00 - 03.06.2016 19:00 (CET/CEST)","n/e","n/e","71"
"Montenegro (ME)","03.06.2016 19:00 - 03.06.2016 20:00 (CET/CEST)","n/e","n/e","90"
"Montenegro (ME)","03.06.2016 20:00 - 03.06.2016 21:00 (CET/CEST)","n/e","n/e","100"
"Montenegro (ME)","03.06.2016 21:00 - 03.06.2016 22:00 (CET/CEST)","n/e","n/e","98"
"Montenegro (ME)","03.06.2016 22:00 - 03.06.2016 23:00 (CET/CEST)","n/e","n/e","0"
"Montenegro (ME)","03.06.2016 23:00 - 04.06.2016 00:00 (CET/CEST)","n/e","n/e","0"
"Montenegro (ME)","04.06.2016 00:00 - 04.06.2016 01:00 (CET/CEST)","n/e","n/e","0"
"Montenegro (ME)","04.06.2016 01:00 - 04.06.2016 02:00 (CET/CEST)","n/e","n/e","0"
"Montenegro (ME)","04.06.2016 02:00 - 04.06.2016 03:00 (CET/CEST)","n/e","n/e","0"
"Montenegro (ME)","04.06.2016 03:00 - 04.06.2016 04:00 (CET/CEST)","n/e","n/e","0"
"Montenegro (ME)","04.06.2016 04:00 - 04.06.2016 05:00 (CET/CEST)","n/e","n/e","0"
"Montenegro (ME)","04.06.2016 05:00 - 04.06.2016 06:00 (CET/CEST)","n/e","n/e","0"
"Montenegro (ME)","04.06.2016 06:00 - 04.06.2016 07:00 (CET/CEST)","n/e","n/e","0"
"Montenegro (ME)","04.06.2016 07:00 - 04.06.2016 08:00 (CET/CEST)","n/e","n/e","0"
"Montenegro (ME)","04.06.2016 08:00 - 04.06.2016 09:00 (CET/CEST)","n/e","n/e","0"
"Montenegro (ME)","04.06.2016 09:00 - 04.06.2016 10:00 (CET/CEST)","n/e","n/e","0"
"Montenegro (ME)","04.06.2016 10:00 - 04.06.2016 11:00 (CET/CEST)","n/e","n/e","0"
"Montenegro (ME)","04.06.2016 11:00 - 04.06.2016 12:00 (CET/CEST)","n/e","n/e","0"
"Montenegro (ME)","04.06.2016 12:00 - 04.06.2016 13:00 (CET/CEST)","n/e","n/e","0"
"Montenegro (ME)","04.06.2016 13:00 - 04.06.2016 14:00 (CET/CEST)","n/e","n/e","0"
"Montenegro (ME)","04.06.2016 14:00 - 04.06.2016 15:00 (CET/CEST)","n/e","n/e","0"
"Montenegro (ME)","04.06.2016 15:00 - 04.06.2016 16:00 (CET/CEST)","n/e","n/e","0"
"Montenegro (ME)","04.06.2016 16:00 - 04.06.2016 17:00 (CET/CEST)","n/e","n/e","0"
"Montenegro (ME)","04.06.2016 17:00 - 04.06.2016 18:00 (CET/CEST)","n/e","n/e","0"
"Montenegro (ME)","04.06.2016 18:00 - 04.06.2016 19:00 (CET/CEST)","n/e","n/e","0"
"Montenegro (ME)","04.06.2016 19:00 - 04.06.2016 20:00 (CET/CEST)","n/e","n/e","0"
"Montenegro (ME)","04.06.2016 20:00 - 04.06.2016 21:00 (CET/CEST)","n/e","n/e","0"
"Montenegro (ME)","04.06.2016 21:00 - 04.06.2016 22:00 (CET/CEST)","n/e","n/e","0"
"Montenegro (ME)","04.06.2016 22:00 - 04.06.2016 23:00 (CET/CEST)","n/e","n/e","0"
"Montenegro (ME)","04.06.2016 23:00 - 05.06.2016 00:00 (CET/CEST)","n/e","n/e","0"
"Montenegro (ME)","05.06.2016 00:00 - 05.06.2016 01:00 (CET/CEST)","n/e","n/e","0"
"Montenegro (ME)","05.06.2016 01:00 - 05.06.2016 02:00 (CET/CEST)","n/e","n/e","0"
"Montenegro (ME)","05.06.2016 02:00 - 05.06.2016 03:00 (CET/CEST)","n/e","n/e","0"
"Montenegro (ME)","05.06.2016 03:00 - 05.06.2016 04:00 (CET/CEST)","n/e","n/e","0"
"Montenegro (ME)","05.06.2016 04:00 - 05.06.2016 05:00 (CET/CEST)","n/e","n/e","0"
"Montenegro (ME)","05.06.2016 05:00 - 05.06.2016 06:00 (CET/CEST)","n/e","n/e","0"
"Montenegro (ME)","05.06.2016 06:00 - 05.06.2016 07:00 (CET/CEST)","n/e","n/e","0"
"Montenegro (ME)","05.06.2016 07:00 - 05.06.2016 08:00 (CET/CEST)","n/e","n/e","0"
"Montenegro (ME)","05.06.2016 08:00 - 05.06.2016 09:00 (CET/CEST)","n/e","n/e","0"
"Montenegro (ME)","05.06.2016 09:00 - 05.06.2016 10:00 (CET/CEST)","n/e","n/e","0"
"Montenegro (ME)","05.06.2016 10:00 - 05.06.2016 11:00 (CET/CEST)","n/e","n/e","0"
"Montenegro (ME)","05.06.2016 11:00 - 05.06.2016 12:00 (CET/CEST)","n/e","n/e","0"
"Montenegro (ME)","05.06.2016 12:00 - 05.06.2016 13:00 (CET/CEST)","n/e","n/e","0"
"Montenegro (ME)","05.06.2016 13:00 - 05.06.2016 14:00 (CET/CEST)","n/e","n/e","0"
"Montenegro (ME)","05.06.2016 14:00 - 05.06.2016 15:00 (CET/CEST)","n/e","n/e","0"
"Montenegro (ME)","05.06.2016 15:00 - 05.06.2016 16:00 (CET/CEST)","n/e","n/e","0"
"Montenegro (ME)","05.06.2016 16:00 - 05.06.2016 17:00 (CET/CEST)","n/e","n/e","0"
"Montenegro (ME)","05.06.2016 17:00 - 05.06.2016 18:00 (CET/CEST)","n/e","n/e","0"
"Montenegro (ME)","05.06.2016 18:00 - 05.06.2016 19:00 (CET/CEST)","n/e","n/e","0"
"Montenegro (ME)","05.06.2016 19:00 - 05.06.2016 20:00 (CET/CEST)","n/e","n/e","0"
"Montenegro (ME)","05.06.2016 20:00 - 05.06.2016 21:00 (CET/CEST)","n/e","n/e","0"
"Montenegro (ME)","05.06.2016 21:00 - 05.06.2016 22:00 (CET/CEST)","n/e","n/e","0"
"Montenegro (ME)","05.06.2016 22:00 - 05.06.2016 23:00 (CET/CEST)","n/e","n/e","0"
"Montenegro (ME)","05.06.2016 23:00 - 06.06.2016 00:00 (CET/CEST)","n/e","n/e","0"
"Montenegro (ME)","06.06.2016 00:00 - 06.06.2016 01:00 (CET/CEST)","n/e","n/e","0"
"Montenegro (ME)","06.06.2016 01:00 - 06.06.2016 02:00 (CET/CEST)","n/e","n/e","0"
"Montenegro (ME)","06.06.2016 02:00 - 06.06.2016 03:00 (CET/CEST)","n/e","n/e","0"
"Montenegro (ME)","06.06.2016 03:00 - 06.06.2016 04:00 (CET/CEST)","n/e","n/e","0"
"Montenegro (ME)","06.06.2016 04:00 - 06.06.2016 05:00 (CET/CEST)","n/e","n/e","0"
"Montenegro (ME)","06.06.2016 05:00 - 06.06.2016 06:00 (CET/CEST)","n/e","n/e","0"
"Montenegro (ME)","06.06.2016 06:00 - 06.06.2016 07:00 (CET/CEST)","n/e","n/e","1"
"Montenegro (ME)","06.06.2016 07:00 - 06.06.2016 08:00 (CET/CEST)","n/e","n/e","162"
"Montenegro (ME)","06.06.2016 08:00 - 06.06.2016 09:00 (CET/CEST)","n/e","n/e","221"
"Montenegro (ME)","06.06.2016 09:00 - 06.06.2016 10:00 (CET/CEST)","n/e","n/e","221"
"Montenegro (ME)","06.06.2016 10:00 - 06.06.2016 11:00 (CET/CEST)","n/e","n/e","82"
"Montenegro (ME)","06.06.2016 11:00 - 06.06.2016 12:00 (CET/CEST)","n/e","n/e","82"
"Montenegro (ME)","06.06.2016 12:00 - 06.06.2016 13:00 (CET/CEST)","n/e","n/e","101"
"Montenegro (ME)","06.06.2016 13:00 - 06.06.2016 14:00 (CET/CEST)","n/e","n/e","0"
"Montenegro (ME)","06.06.2016 14:00 - 06.06.2016 15:00 (CET/CEST)","n/e","n/e","0"
"Montenegro (ME)","06.06.2016 15:00 - 06.06.2016 16:00 (CET/CEST)","n/e","n/e","0"
"Montenegro (ME)","06.06.2016 16:00 - 06.06.2016 17:00 (CET/CEST)","n/e","n/e","80"
"Montenegro (ME)","06.06.2016 17:00 - 06.06.2016 18:00 (CET/CEST)","n/e","n/e","72"
"Montenegro (ME)","06.06.2016 18:00 - 06.06.2016 19:00 (CET/CEST)","n/e","n/e","83"
"Montenegro (ME)","06.06.2016 19:00 - 06.06.2016 20:00 (CET/CEST)","n/e","n/e","160"
"Montenegro (ME)","06.06.2016 20:00 - 06.06.2016 21:00 (CET/CEST)","n/e","n/e","181"
"Montenegro (ME)","06.06.2016 21:00 - 06.06.2016 22:00 (CET/CEST)","n/e","n/e","200"
"Montenegro (ME)","06.06.2016 22:00 - 06.06.2016 23:00 (CET/CEST)","n/e","n/e","0"
"Montenegro (ME)","06.06.2016 23:00 - 07.06.2016 00:00 (CET/CEST)","n/e","n/e","0"
"Montenegro (ME)","07.06.2016 00:00 - 07.06.2016 01:00 (CET/CEST)","n/e","n/e","0"
"Montenegro (ME)","07.06.2016 01:00 - 07.06.2016 02:00 (CET/CEST)","n/e","n/e","0"
"Montenegro (ME)","07.06.2016 02:00 - 07.06.2016 03:00 (CET/CEST)","n/e","n/e","0"
"Montenegro (ME)","07.06.2016 03:00 - 07.06.2016 04:00 (CET/CEST)","n/e","n/e","0"
"Montenegro (ME)","07.06.2016 04:00 - 07.06.2016 05:00 (CET/CEST)","n/e","n/e","0"
"Montenegro (ME)","07.06.2016 05:00 - 07.06.2016 06:00 (CET/CEST)","n/e","n/e","0"
"Montenegro (ME)","07.06.2016 06:00 - 07.06.2016 07:00 (CET/CEST)","n/e","n/e","1"
"Montenegro (ME)","07.06.2016 07:00 - 07.06.2016 08:00 (CET/CEST)","n/e","n/e","221"
"Montenegro (ME)","07.06.2016 08:00 - 07.06.2016 09:00 (CET/CEST)","n/e","n/e","221"
"Montenegro (ME)","07.06.2016 09:00 - 07.06.2016 10:00 (CET/CEST)","n/e","n/e","166"
"Montenegro (ME)","07.06.2016 10:00 - 07.06.2016 11:00 (CET/CEST)","n/e","n/e","72"
"Montenegro (ME)","07.06.2016 11:00 - 07.06.2016 12:00 (CET/CEST)","n/e","n/e","103"
"Montenegro (ME)","07.06.2016 12:00 - 07.06.2016 13:00 (CET/CEST)","n/e","n/e","102"
"Montenegro (ME)","07.06.2016 13:00 - 07.06.2016 14:00 (CET/CEST)","n/e","n/e","103"
"Montenegro (ME)","07.06.2016 14:00 - 07.06.2016 15:00 (CET/CEST)","n/e","n/e","103"
"Montenegro (ME)","07.06.2016 15:00 - 07.06.2016 16:00 (CET/CEST)","n/e","n/e","142"
"Montenegro (ME)","07.06.2016 16:00 - 07.06.2016 17:00 (CET/CEST)","n/e","n/e","149"
"Montenegro (ME)","07.06.2016 17:00 - 07.06.2016 18:00 (CET/CEST)","n/e","n/e","147"
"Montenegro (ME)","07.06.2016 18:00 - 07.06.2016 19:00 (CET/CEST)","n/e","n/e","203"
"Montenegro (ME)","07.06.2016 19:00 - 07.06.2016 20:00 (CET/CEST)","n/e","n/e","220"
"Montenegro (ME)","07.06.2016 20:00 - 07.06.2016 21:00 (CET/CEST)","n/e","n/e","221"
"Montenegro (ME)","07.06.2016 21:00 - 07.06.2016 22:00 (CET/CEST)","n/e","n/e","225"
"Montenegro (ME)","07.06.2016 22:00 - 07.06.2016 23:00 (CET/CEST)","n/e","n/e","161"
"Montenegro (ME)","07.06.2016 23:00 - 08.06.2016 00:00 (CET/CEST)","n/e","n/e","90"
"Montenegro (ME)","08.06.2016 00:00 - 08.06.2016 01:00 (CET/CEST)","n/e","n/e","0"
"Montenegro (ME)","08.06.2016 01:00 - 08.06.2016 02:00 (CET/CEST)","n/e","n/e","0"
"Montenegro (ME)","08.06.2016 02:00 - 08.06.2016 03:00 (CET/CEST)","n/e","n/e","0"
"Montenegro (ME)","08.06.2016 03:00 - 08.06.2016 04:00 (CET/CEST)","n/e","n/e","0"
"Montenegro (ME)","08.06.2016 04:00 - 08.06.2016 05:00 (CET/CEST)","n/e","n/e","0"
"Montenegro (ME)","08.06.2016 05:00 - 08.06.2016 06:00 (CET/CEST)","n/e","n/e","0"
"Montenegro (ME)","08.06.2016 06:00 - 08.06.2016 07:00 (CET/CEST)","n/e","n/e","72"
"Montenegro (ME)","08.06.2016 07:00 - 08.06.2016 08:00 (CET/CEST)","n/e","n/e","171"
"Montenegro (ME)","08.06.2016 08:00 - 08.06.2016 09:00 (CET/CEST)","n/e","n/e","220"
"Montenegro (ME)","08.06.2016 09:00 - 08.06.2016 10:00 (CET/CEST)","n/e","n/e","222"
"Montenegro (ME)","08.06.2016 10:00 - 08.06.2016 11:00 (CET/CEST)","n/e","n/e","221"
"Montenegro (ME)","08.06.2016 11:00 - 08.06.2016 12:00 (CET/CEST)","n/e","n/e","221"
"Montenegro (ME)","08.06.2016 12:00 - 08.06.2016 13:00 (CET/CEST)","n/e","n/e","220"
"Montenegro (ME)","08.06.2016 13:00 - 08.06.2016 14:00 (CET/CEST)","n/e","n/e","221"
"Montenegro (ME)","08.06.2016 14:00 - 08.06.2016 15:00 (CET/CEST)","n/e","n/e","221"
"Montenegro (ME)","08.06.2016 15:00 - 08.06.2016 16:00 (CET/CEST)","n/e","n/e","220"
"Montenegro (ME)","08.06.2016 16:00 - 08.06.2016 17:00 (CET/CEST)","n/e","n/e","221"
"Montenegro (ME)","08.06.2016 17:00 - 08.06.2016 18:00 (CET/CEST)","n/e","n/e","161"
"Montenegro (ME)","08.06.2016 18:00 - 08.06.2016 19:00 (CET/CEST)","n/e","n/e","141"
"Montenegro (ME)","08.06.2016 19:00 - 08.06.2016 20:00 (CET/CEST)","n/e","n/e","101"
"Montenegro (ME)","08.06.2016 20:00 - 08.06.2016 21:00 (CET/CEST)","n/e","n/e","101"
"Montenegro (ME)","08.06.2016 21:00 - 08.06.2016 22:00 (CET/CEST)","n/e","n/e","100"
"Montenegro (ME)","08.06.2016 22:00 - 08.06.2016 23:00 (CET/CEST)","n/e","n/e","0"
"Montenegro (ME)","08.06.2016 23:00 - 09.06.2016 00:00 (CET/CEST)","n/e","n/e","0"
"Montenegro (ME)","09.06.2016 00:00 - 09.06.2016 01:00 (CET/CEST)","n/e","n/e","0"
"Montenegro (ME)","09.06.2016 01:00 - 09.06.2016 02:00 (CET/CEST)","n/e","n/e","0"
"Montenegro (ME)","09.06.2016 02:00 - 09.06.2016 03:00 (CET/CEST)","n/e","n/e","0"
"Montenegro (ME)","09.06.2016 03:00 - 09.06.2016 04:00 (CET/CEST)","n/e","n/e","0"
"Montenegro (ME)","09.06.2016 04:00 - 09.06.2016 05:00 (CET/CEST)","n/e","n/e","0"
"Montenegro (ME)","09.06.2016 05:00 - 09.06.2016 06:00 (CET/CEST)","n/e","n/e","0"
"Montenegro (ME)","09.06.2016 06:00 - 09.06.2016 07:00 (CET/CEST)","n/e","n/e","0"
"Montenegro (ME)","09.06.2016 07:00 - 09.06.2016 08:00 (CET/CEST)","n/e","n/e","101"
"Montenegro (ME)","09.06.2016 08:00 - 09.06.2016 09:00 (CET/CEST)","n/e","n/e","182"
"Montenegro (ME)","09.06.2016 09:00 - 09.06.2016 10:00 (CET/CEST)","n/e","n/e","202"
"Montenegro (ME)","09.06.2016 10:00 - 09.06.2016 11:00 (CET/CEST)","n/e","n/e","201"
"Montenegro (ME)","09.06.2016 11:00 - 09.06.2016 12:00 (CET/CEST)","n/e","n/e","202"
"Montenegro (ME)","09.06.2016 12:00 - 09.06.2016 13:00 (CET/CEST)","n/e","n/e","161"
"Montenegro (ME)","09.06.2016 13:00 - 09.06.2016 14:00 (CET/CEST)","n/e","n/e","161"
"Montenegro (ME)","09.06.2016 14:00 - 09.06.2016 15:00 (CET/CEST)","n/e","n/e","151"
"Montenegro (ME)","09.06.2016 15:00 - 09.06.2016 16:00 (CET/CEST)","n/e","n/e","221"
"Montenegro (ME)","09.06.2016 16:00 - 09.06.2016 17:00 (CET/CEST)","n/e","n/e","222"
"Montenegro (ME)","09.06.2016 17:00 - 09.06.2016 18:00 (CET/CEST)","n/e","n/e","222"
"Montenegro (ME)","09.06.2016 18:00 - 09.06.2016 19:00 (CET/CEST)","n/e","n/e","222"
"Montenegro (ME)","09.06.2016 19:00 - 09.06.2016 20:00 (CET/CEST)","n/e","n/e","222"
"Montenegro (ME)","09.06.2016 20:00 - 09.06.2016 21:00 (CET/CEST)","n/e","n/e","222"
"Montenegro (ME)","09.06.2016 21:00 - 09.06.2016 22:00 (CET/CEST)","n/e","n/e","221"
"Montenegro (ME)","09.06.2016 22:00 - 09.06.2016 23:00 (CET/CEST)","n/e","n/e","201"
"Montenegro (ME)","09.06.2016 23:00 - 10.06.2016 00:00 (CET/CEST)","n/e","n/e","111"
"Montenegro (ME)","10.06.2016 00:00 - 10.06.2016 01:00 (CET/CEST)","n/e","n/e","0"
"Montenegro (ME)","10.06.2016 01:00 - 10.06.2016 02:00 (CET/CEST)","n/e","n/e","0"
"Montenegro (ME)","10.06.2016 02:00 - 10.06.2016 03:00 (CET/CEST)","n/e","n/e","0"
"Montenegro (ME)","10.06.2016 03:00 - 10.06.2016 04:00 (CET/CEST)","n/e","n/e","0"
"Montenegro (ME)","10.06.2016 04:00 - 10.06.2016 05:00 (CET/CEST)","n/e","n/e","0"
"Montenegro (ME)","10.06.2016 05:00 - 10.06.2016 06:00 (CET/CEST)","n/e","n/e","0"
"Montenegro (ME)","10.06.2016 06:00 - 10.06.2016 07:00 (CET/CEST)","n/e","n/e","0"
"Montenegro (ME)","10.06.2016 07:00 - 10.06.2016 08:00 (CET/CEST)","n/e","n/e","161"
"Montenegro (ME)","10.06.2016 08:00 - 10.06.2016 09:00 (CET/CEST)","n/e","n/e","171"
"Montenegro (ME)","10.06.2016 09:00 - 10.06.2016 10:00 (CET/CEST)","n/e","n/e","175"
"Montenegro (ME)","10.06.2016 10:00 - 10.06.2016 11:00 (CET/CEST)","n/e","n/e","177"
"Montenegro (ME)","10.06.2016 11:00 - 10.06.2016 12:00 (CET/CEST)","n/e","n/e","177"
"Montenegro (ME)","10.06.2016 12:00 - 10.06.2016 13:00 (CET/CEST)","n/e","n/e","215"
"Montenegro (ME)","10.06.2016 13:00 - 10.06.2016 14:00 (CET/CEST)","n/e","n/e","206"
"Montenegro (ME)","10.06.2016 14:00 - 10.06.2016 15:00 (CET/CEST)","n/e","n/e","198"
"Montenegro (ME)","10.06.2016 15:00 - 10.06.2016 16:00 (CET/CEST)","n/e","n/e","201"
"Montenegro (ME)","10.06.2016 16:00 - 10.06.2016 17:00 (CET/CEST)","n/e","n/e","141"
"Montenegro (ME)","10.06.2016 17:00 - 10.06.2016 18:00 (CET/CEST)","n/e","n/e","84"
"Montenegro (ME)","10.06.2016 18:00 - 10.06.2016 19:00 (CET/CEST)","n/e","n/e","0"
"Montenegro (ME)","10.06.2016 19:00 - 10.06.2016 20:00 (CET/CEST)","n/e","n/e","0"
"Montenegro (ME)","10.06.2016 20:00 - 10.06.2016 21:00 (CET/CEST)","n/e","n/e","0"
"Montenegro (ME)","10.06.2016 21:00 - 10.06.2016 22:00 (CET/CEST)","n/e","n/e","0"
"Montenegro (ME)","10.06.2016 22:00 - 10.06.2016 23:00 (CET/CEST)","n/e","n/e","0"
"Montenegro (ME)","10.06.2016 23:00 - 11.06.2016 00:00 (CET/CEST)","n/e","n/e","0"
"Montenegro (ME)","11.06.2016 00:00 - 11.06.2016 01:00 (CET/CEST)","n/e","n/e","0"
"Montenegro (ME)","11.06.2016 01:00 - 11.06.2016 02:00 (CET/CEST)","n/e","n/e","0"
"Montenegro (ME)","11.06.2016 02:00 - 11.06.2016 03:00 (CET/CEST)","n/e","n/e","0"
"Montenegro (ME)","11.06.2016 03:00 - 11.06.2016 04:00 (CET/CEST)","n/e","n/e","0"
"Montenegro (ME)","11.06.2016 04:00 - 11.06.2016 05:00 (CET/CEST)","n/e","n/e","0"
"Montenegro (ME)","11.06.2016 05:00 - 11.06.2016 06:00 (CET/CEST)","n/e","n/e","0"
"Montenegro (ME)","11.06.2016 06:00 - 11.06.2016 07:00 (CET/CEST)","n/e","n/e","0"
"Montenegro (ME)","11.06.2016 07:00 - 11.06.2016 08:00 (CET/CEST)","n/e","n/e","0"
"Montenegro (ME)","11.06.2016 08:00 - 11.06.2016 09:00 (CET/CEST)","n/e","n/e","0"
"Montenegro (ME)","11.06.2016 09:00 - 11.06.2016 10:00 (CET/CEST)","n/e","n/e","0"
"Montenegro (ME)","11.06.2016 10:00 - 11.06.2016 11:00 (CET/CEST)","n/e","n/e","0"
"Montenegro (ME)","11.06.2016 11:00 - 11.06.2016 12:00 (CET/CEST)","n/e","n/e","0"
"Montenegro (ME)","11.06.2016 12:00 - 11.06.2016 13:00 (CET/CEST)","n/e","n/e","0"
"Montenegro (ME)","11.06.2016 13:00 - 11.06.2016 14:00 (CET/CEST)","n/e","n/e","0"
"Montenegro (ME)","11.06.2016 14:00 - 11.06.2016 15:00 (CET/CEST)","n/e","n/e","0"
"Montenegro (ME)","11.06.2016 15:00 - 11.06.2016 16:00 (CET/CEST)","n/e","n/e","0"
"Montenegro (ME)","11.06.2016 16:00 - 11.06.2016 17:00 (CET/CEST)","n/e","n/e","0"
"Montenegro (ME)","11.06.2016 17:00 - 11.06.2016 18:00 (CET/CEST)","n/e","n/e","0"
"Montenegro (ME)","11.06.2016 18:00 - 11.06.2016 19:00 (CET/CEST)","n/e","n/e","0"
"Montenegro (ME)","11.06.2016 19:00 - 11.06.2016 20:00 (CET/CEST)","n/e","n/e","0"
"Montenegro (ME)","11.06.2016 20:00 - 11.06.2016 21:00 (CET/CEST)","n/e","n/e","0"
"Montenegro (ME)","11.06.2016 21:00 - 11.06.2016 22:00 (CET/CEST)","n/e","n/e","0"
"Montenegro (ME)","11.06.2016 22:00 - 11.06.2016 23:00 (CET/CEST)","n/e","n/e","0"
"Montenegro (ME)","11.06.2016 23:00 - 12.06.2016 00:00 (CET/CEST)","n/e","n/e","0"
"Montenegro (ME)","12.06.2016 00:00 - 12.06.2016 01:00 (CET/CEST)","n/e","n/e","0"
"Montenegro (ME)","12.06.2016 01:00 - 12.06.2016 02:00 (CET/CEST)","n/e","n/e","0"
"Montenegro (ME)","12.06.2016 02:00 - 12.06.2016 03:00 (CET/CEST)","n/e","n/e","0"
"Montenegro (ME)","12.06.2016 03:00 - 12.06.2016 04:00 (CET/CEST)","n/e","n/e","0"
"Montenegro (ME)","12.06.2016 04:00 - 12.06.2016 05:00 (CET/CEST)","n/e","n/e","0"
"Montenegro (ME)","12.06.2016 05:00 - 12.06.2016 06:00 (CET/CEST)","n/e","n/e","0"
"Montenegro (ME)","12.06.2016 06:00 - 12.06.2016 07:00 (CET/CEST)","n/e","n/e","0"
"Montenegro (ME)","12.06.2016 07:00 - 12.06.2016 08:00 (CET/CEST)","n/e","n/e","0"
"Montenegro (ME)","12.06.2016 08:00 - 12.06.2016 09:00 (CET/CEST)","n/e","n/e","0"
"Montenegro (ME)","12.06.2016 09:00 - 12.06.2016 10:00 (CET/CEST)","n/e","n/e","0"
"Montenegro (ME)","12.06.2016 10:00 - 12.06.2016 11:00 (CET/CEST)","n/e","n/e","0"
"Montenegro (ME)","12.06.2016 11:00 - 12.06.2016 12:00 (CET/CEST)","n/e","n/e","0"
"Montenegro (ME)","12.06.2016 12:00 - 12.06.2016 13:00 (CET/CEST)","n/e","n/e","0"
"Montenegro (ME)","12.06.2016 13:00 - 12.06.2016 14:00 (CET/CEST)","n/e","n/e","0"
"Montenegro (ME)","12.06.2016 14:00 - 12.06.2016 15:00 (CET/CEST)","n/e","n/e","0"
"Montenegro (ME)","12.06.2016 15:00 - 12.06.2016 16:00 (CET/CEST)","n/e","n/e","0"
"Montenegro (ME)","12.06.2016 16:00 - 12.06.2016 17:00 (CET/CEST)","n/e","n/e","0"
"Montenegro (ME)","12.06.2016 17:00 - 12.06.2016 18:00 (CET/CEST)","n/e","n/e","0"
"Montenegro (ME)","12.06.2016 18:00 - 12.06.2016 19:00 (CET/CEST)","n/e","n/e","0"
"Montenegro (ME)","12.06.2016 19:00 - 12.06.2016 20:00 (CET/CEST)","n/e","n/e","0"
"Montenegro (ME)","12.06.2016 20:00 - 12.06.2016 21:00 (CET/CEST)","n/e","n/e","0"
"Montenegro (ME)","12.06.2016 21:00 - 12.06.2016 22:00 (CET/CEST)","n/e","n/e","0"
"Montenegro (ME)","12.06.2016 22:00 - 12.06.2016 23:00 (CET/CEST)","n/e","n/e","0"
"Montenegro (ME)","12.06.2016 23:00 - 13.06.2016 00:00 (CET/CEST)","n/e","n/e","0"
"Montenegro (ME)","13.06.2016 00:00 - 13.06.2016 01:00 (CET/CEST)","n/e","n/e","0"
"Montenegro (ME)","13.06.2016 01:00 - 13.06.2016 02:00 (CET/CEST)","n/e","n/e","0"
"Montenegro (ME)","13.06.2016 02:00 - 13.06.2016 03:00 (CET/CEST)","n/e","n/e","0"
"Montenegro (ME)","13.06.2016 03:00 - 13.06.2016 04:00 (CET/CEST)","n/e","n/e","0"
"Montenegro (ME)","13.06.2016 04:00 - 13.06.2016 05:00 (CET/CEST)","n/e","n/e","0"
"Montenegro (ME)","13.06.2016 05:00 - 13.06.2016 06:00 (CET/CEST)","n/e","n/e","0"
"Montenegro (ME)","13.06.2016 06:00 - 13.06.2016 07:00 (CET/CEST)","n/e","n/e","0"
"Montenegro (ME)","13.06.2016 07:00 - 13.06.2016 08:00 (CET/CEST)","n/e","n/e","71"
"Montenegro (ME)","13.06.2016 08:00 - 13.06.2016 09:00 (CET/CEST)","n/e","n/e","186"
"Montenegro (ME)","13.06.2016 09:00 - 13.06.2016 10:00 (CET/CEST)","n/e","n/e","220"
"Montenegro (ME)","13.06.2016 10:00 - 13.06.2016 11:00 (CET/CEST)","n/e","n/e","221"
"Montenegro (ME)","13.06.2016 11:00 - 13.06.2016 12:00 (CET/CEST)","n/e","n/e","211"
"Montenegro (ME)","13.06.2016 12:00 - 13.06.2016 13:00 (CET/CEST)","n/e","n/e","206"
"Montenegro (ME)","13.06.2016 13:00 - 13.06.2016 14:00 (CET/CEST)","n/e","n/e","149"
"Montenegro (ME)","13.06.2016 14:00 - 13.06.2016 15:00 (CET/CEST)","n/e","n/e","143"
"Montenegro (ME)","13.06.2016 15:00 - 13.06.2016 16:00 (CET/CEST)","n/e","n/e","174"
"Montenegro (ME)","13.06.2016 16:00 - 13.06.2016 17:00 (CET/CEST)","n/e","n/e","107"
"Montenegro (ME)","13.06.2016 17:00 - 13.06.2016 18:00 (CET/CEST)","n/e","n/e","100"
"Montenegro (ME)","13.06.2016 18:00 - 13.06.2016 19:00 (CET/CEST)","n/e","n/e","111"
"Montenegro (ME)","13.06.2016 19:00 - 13.06.2016 20:00 (CET/CEST)","n/e","n/e","110"
"Montenegro (ME)","13.06.2016 20:00 - 13.06.2016 21:00 (CET/CEST)","n/e","n/e","0"
"Montenegro (ME)","13.06.2016 21:00 - 13.06.2016 22:00 (CET/CEST)","n/e","n/e","0"
"Montenegro (ME)","13.06.2016 22:00 - 13.06.2016 23:00 (CET/CEST)","n/e","n/e","0"
"Montenegro (ME)","13.06.2016 23:00 - 14.06.2016 00:00 (CET/CEST)","n/e","n/e","0"
"Montenegro (ME)","14.06.2016 00:00 - 14.06.2016 01:00 (CET/CEST)","n/e","n/e","0"
"Montenegro (ME)","14.06.2016 01:00 - 14.06.2016 02:00 (CET/CEST)","n/e","n/e","0"
"Montenegro (ME)","14.06.2016 02:00 - 14.06.2016 03:00 (CET/CEST)","n/e","n/e","0"
"Montenegro (ME)","14.06.2016 03:00 - 14.06.2016 04:00 (CET/CEST)","n/e","n/e","0"
"Montenegro (ME)","14.06.2016 04:00 - 14.06.2016 05:00 (CET/CEST)","n/e","n/e","0"
"Montenegro (ME)","14.06.2016 05:00 - 14.06.2016 06:00 (CET/CEST)","n/e","n/e","0"
"Montenegro (ME)","14.06.2016 06:00 - 14.06.2016 07:00 (CET/CEST)","n/e","n/e","0"
"Montenegro (ME)","14.06.2016 07:00 - 14.06.2016 08:00 (CET/CEST)","n/e","n/e","71"
"Montenegro (ME)","14.06.2016 08:00 - 14.06.2016 09:00 (CET/CEST)","n/e","n/e","142"
"Montenegro (ME)","14.06.2016 09:00 - 14.06.2016 10:00 (CET/CEST)","n/e","n/e","176"
"Montenegro (ME)","14.06.2016 10:00 - 14.06.2016 11:00 (CET/CEST)","n/e","n/e","206"
"Montenegro (ME)","14.06.2016 11:00 - 14.06.2016 12:00 (CET/CEST)","n/e","n/e","146"
"Montenegro (ME)","14.06.2016 12:00 - 14.06.2016 13:00 (CET/CEST)","n/e","n/e","140"
"Montenegro (ME)","14.06.2016 13:00 - 14.06.2016 14:00 (CET/CEST)","n/e","n/e","111"
"Montenegro (ME)","14.06.2016 14:00 - 14.06.2016 15:00 (CET/CEST)","n/e","n/e","106"
"Montenegro (ME)","14.06.2016 15:00 - 14.06.2016 16:00 (CET/CEST)","n/e","n/e","102"
"Montenegro (ME)","14.06.2016 16:00 - 14.06.2016 17:00 (CET/CEST)","n/e","n/e","92"
"Montenegro (ME)","14.06.2016 17:00 - 14.06.2016 18:00 (CET/CEST)","n/e","n/e","93"
"Montenegro (ME)","14.06.2016 18:00 - 14.06.2016 19:00 (CET/CEST)","n/e","n/e","83"
"Montenegro (ME)","14.06.2016 19:00 - 14.06.2016 20:00 (CET/CEST)","n/e","n/e","142"
"Montenegro (ME)","14.06.2016 20:00 - 14.06.2016 21:00 (CET/CEST)","n/e","n/e","143"
"Montenegro (ME)","14.06.2016 21:00 - 14.06.2016 22:00 (CET/CEST)","n/e","n/e","141"
"Montenegro (ME)","14.06.2016 22:00 - 14.06.2016 23:00 (CET/CEST)","n/e","n/e","71"
"Montenegro (ME)","14.06.2016 23:00 - 15.06.2016 00:00 (CET/CEST)","n/e","n/e","0"
"Montenegro (ME)","15.06.2016 00:00 - 15.06.2016 01:00 (CET/CEST)","n/e","n/e","0"
"Montenegro (ME)","15.06.2016 01:00 - 15.06.2016 02:00 (CET/CEST)","n/e","n/e","0"
"Montenegro (ME)","15.06.2016 02:00 - 15.06.2016 03:00 (CET/CEST)","n/e","n/e","0"
"Montenegro (ME)","15.06.2016 03:00 - 15.06.2016 04:00 (CET/CEST)","n/e","n/e","0"
"Montenegro (ME)","15.06.2016 04:00 - 15.06.2016 05:00 (CET/CEST)","n/e","n/e","0"
"Montenegro (ME)","15.06.2016 05:00 - 15.06.2016 06:00 (CET/CEST)","n/e","n/e","0"
"Montenegro (ME)","15.06.2016 06:00 - 15.06.2016 07:00 (CET/CEST)","n/e","n/e","0"
"Montenegro (ME)","15.06.2016 07:00 - 15.06.2016 08:00 (CET/CEST)","n/e","n/e","141"
"Montenegro (ME)","15.06.2016 08:00 - 15.06.2016 09:00 (CET/CEST)","n/e","n/e","142"
"Montenegro (ME)","15.06.2016 09:00 - 15.06.2016 10:00 (CET/CEST)","n/e","n/e","160"
"Montenegro (ME)","15.06.2016 10:00 - 15.06.2016 11:00 (CET/CEST)","n/e","n/e","150"
"Montenegro (ME)","15.06.2016 11:00 - 15.06.2016 12:00 (CET/CEST)","n/e","n/e","81"
"Montenegro (ME)","15.06.2016 12:00 - 15.06.2016 13:00 (CET/CEST)","n/e","n/e","109"
"Montenegro (ME)","15.06.2016 13:00 - 15.06.2016 14:00 (CET/CEST)","n/e","n/e","110"
"Montenegro (ME)","15.06.2016 14:00 - 15.06.2016 15:00 (CET/CEST)","n/e","n/e","71"
"Montenegro (ME)","15.06.2016 15:00 - 15.06.2016 16:00 (CET/CEST)","n/e","n/e","71"
"Montenegro (ME)","15.06.2016 16:00 - 15.06.2016 17:00 (CET/CEST)","n/e","n/e","71"
"Montenegro (ME)","15.06.2016 17:00 - 15.06.2016 18:00 (CET/CEST)","n/e","n/e","71"
"Montenegro (ME)","15.06.2016 18:00 - 15.06.2016 19:00 (CET/CEST)","n/e","n/e","141"
"Montenegro (ME)","15.06.2016 19:00 - 15.06.2016 20:00 (CET/CEST)","n/e","n/e","151"
"Montenegro (ME)","15.06.2016 20:00 - 15.06.2016 21:00 (CET/CEST)","n/e","n/e","191"
"Montenegro (ME)","15.06.2016 21:00 - 15.06.2016 22:00 (CET/CEST)","n/e","n/e","200"
"Montenegro (ME)","15.06.2016 22:00 - 15.06.2016 23:00 (CET/CEST)","n/e","n/e","0"
"Montenegro (ME)","15.06.2016 23:00 - 16.06.2016 00:00 (CET/CEST)","n/e","n/e","0"
"Montenegro (ME)","16.06.2016 00:00 - 16.06.2016 01:00 (CET/CEST)","n/e","n/e","0"
"Montenegro (ME)","16.06.2016 01:00 - 16.06.2016 02:00 (CET/CEST)","n/e","n/e","0"
"Montenegro (ME)","16.06.2016 02:00 - 16.06.2016 03:00 (CET/CEST)","n/e","n/e","0"
"Montenegro (ME)","16.06.2016 03:00 - 16.06.2016 04:00 (CET/CEST)","n/e","n/e","0"
"Montenegro (ME)","16.06.2016 04:00 - 16.06.2016 05:00 (CET/CEST)","n/e","n/e","0"
"Montenegro (ME)","16.06.2016 05:00 - 16.06.2016 06:00 (CET/CEST)","n/e","n/e","0"
"Montenegro (ME)","16.06.2016 06:00 - 16.06.2016 07:00 (CET/CEST)","n/e","n/e","0"
"Montenegro (ME)","16.06.2016 07:00 - 16.06.2016 08:00 (CET/CEST)","n/e","n/e","0"
"Montenegro (ME)","16.06.2016 08:00 - 16.06.2016 09:00 (CET/CEST)","n/e","n/e","0"
"Montenegro (ME)","16.06.2016 09:00 - 16.06.2016 10:00 (CET/CEST)","n/e","n/e","0"
"Montenegro (ME)","16.06.2016 10:00 - 16.06.2016 11:00 (CET/CEST)","n/e","n/e","0"
"Montenegro (ME)","16.06.2016 11:00 - 16.06.2016 12:00 (CET/CEST)","n/e","n/e","0"
"Montenegro (ME)","16.06.2016 12:00 - 16.06.2016 13:00 (CET/CEST)","n/e","n/e","0"
"Montenegro (ME)","16.06.2016 13:00 - 16.06.2016 14:00 (CET/CEST)","n/e","n/e","0"
"Montenegro (ME)","16.06.2016 14:00 - 16.06.2016 15:00 (CET/CEST)","n/e","n/e","0"
"Montenegro (ME)","16.06.2016 15:00 - 16.06.2016 16:00 (CET/CEST)","n/e","n/e","0"
"Montenegro (ME)","16.06.2016 16:00 - 16.06.2016 17:00 (CET/CEST)","n/e","n/e","0"
"Montenegro (ME)","16.06.2016 17:00 - 16.06.2016 18:00 (CET/CEST)","n/e","n/e","0"
"Montenegro (ME)","16.06.2016 18:00 - 16.06.2016 19:00 (CET/CEST)","n/e","n/e","0"
"Montenegro (ME)","16.06.2016 19:00 - 16.06.2016 20:00 (CET/CEST)","n/e","n/e","11"
"Montenegro (ME)","16.06.2016 20:00 - 16.06.2016 21:00 (CET/CEST)","n/e","n/e","71"
"Montenegro (ME)","16.06.2016 21:00 - 16.06.2016 22:00 (CET/CEST)","n/e","n/e","91"
"Montenegro (ME)","16.06.2016 22:00 - 16.06.2016 23:00 (CET/CEST)","n/e","n/e","0"
"Montenegro (ME)","16.06.2016 23:00 - 17.06.2016 00:00 (CET/CEST)","n/e","n/e","0"
"Montenegro (ME)","17.06.2016 00:00 - 17.06.2016 01:00 (CET/CEST)","n/e","n/e","0"
"Montenegro (ME)","17.06.2016 01:00 - 17.06.2016 02:00 (CET/CEST)","n/e","n/e","0"
"Montenegro (ME)","17.06.2016 02:00 - 17.06.2016 03:00 (CET/CEST)","n/e","n/e","0"
"Montenegro (ME)","17.06.2016 03:00 - 17.06.2016 04:00 (CET/CEST)","n/e","n/e","0"
"Montenegro (ME)","17.06.2016 04:00 - 17.06.2016 05:00 (CET/CEST)","n/e","n/e","0"
"Montenegro (ME)","17.06.2016 05:00 - 17.06.2016 06:00 (CET/CEST)","n/e","n/e","0"
"Montenegro (ME)","17.06.2016 06:00 - 17.06.2016 07:00 (CET/CEST)","n/e","n/e","0"
"Montenegro (ME)","17.06.2016 07:00 - 17.06.2016 08:00 (CET/CEST)","n/e","n/e","151"
"Montenegro (ME)","17.06.2016 08:00 - 17.06.2016 09:00 (CET/CEST)","n/e","n/e","191"
"Montenegro (ME)","17.06.2016 09:00 - 17.06.2016 10:00 (CET/CEST)","n/e","n/e","201"
"Montenegro (ME)","17.06.2016 10:00 - 17.06.2016 11:00 (CET/CEST)","n/e","n/e","171"
"Montenegro (ME)","17.06.2016 11:00 - 17.06.2016 12:00 (CET/CEST)","n/e","n/e","220"
"Montenegro (ME)","17.06.2016 12:00 - 17.06.2016 13:00 (CET/CEST)","n/e","n/e","72"
"Montenegro (ME)","17.06.2016 13:00 - 17.06.2016 14:00 (CET/CEST)","n/e","n/e","71"
"Montenegro (ME)","17.06.2016 14:00 - 17.06.2016 15:00 (CET/CEST)","n/e","n/e","71"
"Montenegro (ME)","17.06.2016 15:00 - 17.06.2016 16:00 (CET/CEST)","n/e","n/e","72"
"Montenegro (ME)","17.06.2016 16:00 - 17.06.2016 17:00 (CET/CEST)","n/e","n/e","71"
"Montenegro (ME)","17.06.2016 17:00 - 17.06.2016 18:00 (CET/CEST)","n/e","n/e","71"
"Montenegro (ME)","17.06.2016 18:00 - 17.06.2016 19:00 (CET/CEST)","n/e","n/e","71"
"Montenegro (ME)","17.06.2016 19:00 - 17.06.2016 20:00 (CET/CEST)","n/e","n/e","71"
"Montenegro (ME)","17.06.2016 20:00 - 17.06.2016 21:00 (CET/CEST)","n/e","n/e","72"
"Montenegro (ME)","17.06.2016 21:00 - 17.06.2016 22:00 (CET/CEST)","n/e","n/e","100"
"Montenegro (ME)","17.06.2016 22:00 - 17.06.2016 23:00 (CET/CEST)","n/e","n/e","0"
"Montenegro (ME)","17.06.2016 23:00 - 18.06.2016 00:00 (CET/CEST)","n/e","n/e","0"
"Montenegro (ME)","18.06.2016 00:00 - 18.06.2016 01:00 (CET/CEST)","n/e","n/e","0"
"Montenegro (ME)","18.06.2016 01:00 - 18.06.2016 02:00 (CET/CEST)","n/e","n/e","0"
"Montenegro (ME)","18.06.2016 02:00 - 18.06.2016 03:00 (CET/CEST)","n/e","n/e","0"
"Montenegro (ME)","18.06.2016 03:00 - 18.06.2016 04:00 (CET/CEST)","n/e","n/e","0"
"Montenegro (ME)","18.06.2016 04:00 - 18.06.2016 05:00 (CET/CEST)","n/e","n/e","0"
"Montenegro (ME)","18.06.2016 05:00 - 18.06.2016 06:00 (CET/CEST)","n/e","n/e","0"
"Montenegro (ME)","18.06.2016 06:00 - 18.06.2016 07:00 (CET/CEST)","n/e","n/e","0"
"Montenegro (ME)","18.06.2016 07:00 - 18.06.2016 08:00 (CET/CEST)","n/e","n/e","0"
"Montenegro (ME)","18.06.2016 08:00 - 18.06.2016 09:00 (CET/CEST)","n/e","n/e","0"
"Montenegro (ME)","18.06.2016 09:00 - 18.06.2016 10:00 (CET/CEST)","n/e","n/e","0"
"Montenegro (ME)","18.06.2016 10:00 - 18.06.2016 11:00 (CET/CEST)","n/e","n/e","0"
"Montenegro (ME)","18.06.2016 11:00 - 18.06.2016 12:00 (CET/CEST)","n/e","n/e","0"
"Montenegro (ME)","18.06.2016 12:00 - 18.06.2016 13:00 (CET/CEST)","n/e","n/e","0"
"Montenegro (ME)","18.06.2016 13:00 - 18.06.2016 14:00 (CET/CEST)","n/e","n/e","0"
"Montenegro (ME)","18.06.2016 14:00 - 18.06.2016 15:00 (CET/CEST)","n/e","n/e","0"
"Montenegro (ME)","18.06.2016 15:00 - 18.06.2016 16:00 (CET/CEST)","n/e","n/e","0"
"Montenegro (ME)","18.06.2016 16:00 - 18.06.2016 17:00 (CET/CEST)","n/e","n/e","0"
"Montenegro (ME)","18.06.2016 17:00 - 18.06.2016 18:00 (CET/CEST)","n/e","n/e","0"
"Montenegro (ME)","18.06.2016 18:00 - 18.06.2016 19:00 (CET/CEST)","n/e","n/e","0"
"Montenegro (ME)","18.06.2016 19:00 - 18.06.2016 20:00 (CET/CEST)","n/e","n/e","0"
"Montenegro (ME)","18.06.2016 20:00 - 18.06.2016 21:00 (CET/CEST)","n/e","n/e","0"
"Montenegro (ME)","18.06.2016 21:00 - 18.06.2016 22:00 (CET/CEST)","n/e","n/e","0"
"Montenegro (ME)","18.06.2016 22:00 - 18.06.2016 23:00 (CET/CEST)","n/e","n/e","0"
"Montenegro (ME)","18.06.2016 23:00 - 19.06.2016 00:00 (CET/CEST)","n/e","n/e","0"
"Montenegro (ME)","19.06.2016 00:00 - 19.06.2016 01:00 (CET/CEST)","n/e","n/e","0"
"Montenegro (ME)","19.06.2016 01:00 - 19.06.2016 02:00 (CET/CEST)","n/e","n/e","0"
"Montenegro (ME)","19.06.2016 02:00 - 19.06.2016 03:00 (CET/CEST)","n/e","n/e","0"
"Montenegro (ME)","19.06.2016 03:00 - 19.06.2016 04:00 (CET/CEST)","n/e","n/e","0"
"Montenegro (ME)","19.06.2016 04:00 - 19.06.2016 05:00 (CET/CEST)","n/e","n/e","0"
"Montenegro (ME)","19.06.2016 05:00 - 19.06.2016 06:00 (CET/CEST)","n/e","n/e","0"
"Montenegro (ME)","19.06.2016 06:00 - 19.06.2016 07:00 (CET/CEST)","n/e","n/e","0"
"Montenegro (ME)","19.06.2016 07:00 - 19.06.2016 08:00 (CET/CEST)","n/e","n/e","0"
"Montenegro (ME)","19.06.2016 08:00 - 19.06.2016 09:00 (CET/CEST)","n/e","n/e","0"
"Montenegro (ME)","19.06.2016 09:00 - 19.06.2016 10:00 (CET/CEST)","n/e","n/e","0"
"Montenegro (ME)","19.06.2016 10:00 - 19.06.2016 11:00 (CET/CEST)","n/e","n/e","0"
"Montenegro (ME)","19.06.2016 11:00 - 19.06.2016 12:00 (CET/CEST)","n/e","n/e","0"
"Montenegro (ME)","19.06.2016 12:00 - 19.06.2016 13:00 (CET/CEST)","n/e","n/e","0"
"Montenegro (ME)","19.06.2016 13:00 - 19.06.2016 14:00 (CET/CEST)","n/e","n/e","0"
"Montenegro (ME)","19.06.2016 14:00 - 19.06.2016 15:00 (CET/CEST)","n/e","n/e","0"
"Montenegro (ME)","19.06.2016 15:00 - 19.06.2016 16:00 (CET/CEST)","n/e","n/e","0"
"Montenegro (ME)","19.06.2016 16:00 - 19.06.2016 17:00 (CET/CEST)","n/e","n/e","0"
"Montenegro (ME)","19.06.2016 17:00 - 19.06.2016 18:00 (CET/CEST)","n/e","n/e","0"
"Montenegro (ME)","19.06.2016 18:00 - 19.06.2016 19:00 (CET/CEST)","n/e","n/e","0"
"Montenegro (ME)","19.06.2016 19:00 - 19.06.2016 20:00 (CET/CEST)","n/e","n/e","0"
"Montenegro (ME)","19.06.2016 20:00 - 19.06.2016 21:00 (CET/CEST)","n/e","n/e","0"
"Montenegro (ME)","19.06.2016 21:00 - 19.06.2016 22:00 (CET/CEST)","n/e","n/e","0"
"Montenegro (ME)","19.06.2016 22:00 - 19.06.2016 23:00 (CET/CEST)","n/e","n/e","0"
"Montenegro (ME)","19.06.2016 23:00 - 20.06.2016 00:00 (CET/CEST)","n/e","n/e","0"
"Montenegro (ME)","20.06.2016 00:00 - 20.06.2016 01:00 (CET/CEST)","n/e","n/e","0"
"Montenegro (ME)","20.06.2016 01:00 - 20.06.2016 02:00 (CET/CEST)","n/e","n/e","0"
"Montenegro (ME)","20.06.2016 02:00 - 20.06.2016 03:00 (CET/CEST)","n/e","n/e","0"
"Montenegro (ME)","20.06.2016 03:00 - 20.06.2016 04:00 (CET/CEST)","n/e","n/e","0"
"Montenegro (ME)","20.06.2016 04:00 - 20.06.2016 05:00 (CET/CEST)","n/e","n/e","0"
"Montenegro (ME)","20.06.2016 05:00 - 20.06.2016 06:00 (CET/CEST)","n/e","n/e","140"
"Montenegro (ME)","20.06.2016 06:00 - 20.06.2016 07:00 (CET/CEST)","n/e","n/e","151"
"Montenegro (ME)","20.06.2016 07:00 - 20.06.2016 08:00 (CET/CEST)","n/e","n/e","153"
"Montenegro (ME)","20.06.2016 08:00 - 20.06.2016 09:00 (CET/CEST)","n/e","n/e","312"
"Montenegro (ME)","20.06.2016 09:00 - 20.06.2016 10:00 (CET/CEST)","n/e","n/e","303"
"Montenegro (ME)","20.06.2016 10:00 - 20.06.2016 11:00 (CET/CEST)","n/e","n/e","222"
"Montenegro (ME)","20.06.2016 11:00 - 20.06.2016 12:00 (CET/CEST)","n/e","n/e","296"
"Montenegro (ME)","20.06.2016 12:00 - 20.06.2016 13:00 (CET/CEST)","n/e","n/e","112"
"Montenegro (ME)","20.06.2016 13:00 - 20.06.2016 14:00 (CET/CEST)","n/e","n/e","0"
"Montenegro (ME)","20.06.2016 14:00 - 20.06.2016 15:00 (CET/CEST)","n/e","n/e","0"
"Montenegro (ME)","20.06.2016 15:00 - 20.06.2016 16:00 (CET/CEST)","n/e","n/e","0"
"Montenegro (ME)","20.06.2016 16:00 - 20.06.2016 17:00 (CET/CEST)","n/e","n/e","0"
"Montenegro (ME)","20.06.2016 17:00 - 20.06.2016 18:00 (CET/CEST)","n/e","n/e","0"
"Montenegro (ME)","20.06.2016 18:00 - 20.06.2016 19:00 (CET/CEST)","n/e","n/e","0"
"Montenegro (ME)","20.06.2016 19:00 - 20.06.2016 20:00 (CET/CEST)","n/e","n/e","111"
"Montenegro (ME)","20.06.2016 20:00 - 20.06.2016 21:00 (CET/CEST)","n/e","n/e","197"
"Montenegro (ME)","20.06.2016 21:00 - 20.06.2016 22:00 (CET/CEST)","n/e","n/e","190"
"Montenegro (ME)","20.06.2016 22:00 - 20.06.2016 23:00 (CET/CEST)","n/e","n/e","166"
"Montenegro (ME)","20.06.2016 23:00 - 21.06.2016 00:00 (CET/CEST)","n/e","n/e","85"
"Montenegro (ME)","21.06.2016 00:00 - 21.06.2016 01:00 (CET/CEST)","n/e","n/e","0"
"Montenegro (ME)","21.06.2016 01:00 - 21.06.2016 02:00 (CET/CEST)","n/e","n/e","0"
"Montenegro (ME)","21.06.2016 02:00 - 21.06.2016 03:00 (CET/CEST)","n/e","n/e","0"
"Montenegro (ME)","21.06.2016 03:00 - 21.06.2016 04:00 (CET/CEST)","n/e","n/e","0"
"Montenegro (ME)","21.06.2016 04:00 - 21.06.2016 05:00 (CET/CEST)","n/e","n/e","0"
"Montenegro (ME)","21.06.2016 05:00 - 21.06.2016 06:00 (CET/CEST)","n/e","n/e","0"
"Montenegro (ME)","21.06.2016 06:00 - 21.06.2016 07:00 (CET/CEST)","n/e","n/e","0"
"Montenegro (ME)","21.06.2016 07:00 - 21.06.2016 08:00 (CET/CEST)","n/e","n/e","71"
"Montenegro (ME)","21.06.2016 08:00 - 21.06.2016 09:00 (CET/CEST)","n/e","n/e","219"
"Montenegro (ME)","21.06.2016 09:00 - 21.06.2016 10:00 (CET/CEST)","n/e","n/e","221"
"Montenegro (ME)","21.06.2016 10:00 - 21.06.2016 11:00 (CET/CEST)","n/e","n/e","224"
"Montenegro (ME)","21.06.2016 11:00 - 21.06.2016 12:00 (CET/CEST)","n/e","n/e","224"
"Montenegro (ME)","21.06.2016 12:00 - 21.06.2016 13:00 (CET/CEST)","n/e","n/e","2"
"Montenegro (ME)","21.06.2016 13:00 - 21.06.2016 14:00 (CET/CEST)","n/e","n/e","0"
"Montenegro (ME)","21.06.2016 14:00 - 21.06.2016 15:00 (CET/CEST)","n/e","n/e","0"
"Montenegro (ME)","21.06.2016 15:00 - 21.06.2016 16:00 (CET/CEST)","n/e","n/e","0"
"Montenegro (ME)","21.06.2016 16:00 - 21.06.2016 17:00 (CET/CEST)","n/e","n/e","72"
"Montenegro (ME)","21.06.2016 17:00 - 21.06.2016 18:00 (CET/CEST)","n/e","n/e","72"
"Montenegro (ME)","21.06.2016 18:00 - 21.06.2016 19:00 (CET/CEST)","n/e","n/e","72"
"Montenegro (ME)","21.06.2016 19:00 - 21.06.2016 20:00 (CET/CEST)","n/e","n/e","110"
"Montenegro (ME)","21.06.2016 20:00 - 21.06.2016 21:00 (CET/CEST)","n/e","n/e","110"
"Montenegro (ME)","21.06.2016 21:00 - 21.06.2016 22:00 (CET/CEST)","n/e","n/e","110"
"Montenegro (ME)","21.06.2016 22:00 - 21.06.2016 23:00 (CET/CEST)","n/e","n/e","91"
"Montenegro (ME)","21.06.2016 23:00 - 22.06.2016 00:00 (CET/CEST)","n/e","n/e","0"
"Montenegro (ME)","22.06.2016 00:00 - 22.06.2016 01:00 (CET/CEST)","n/e","n/e","0"
"Montenegro (ME)","22.06.2016 01:00 - 22.06.2016 02:00 (CET/CEST)","n/e","n/e","0"
"Montenegro (ME)","22.06.2016 02:00 - 22.06.2016 03:00 (CET/CEST)","n/e","n/e","0"
"Montenegro (ME)","22.06.2016 03:00 - 22.06.2016 04:00 (CET/CEST)","n/e","n/e","0"
"Montenegro (ME)","22.06.2016 04:00 - 22.06.2016 05:00 (CET/CEST)","n/e","n/e","0"
"Montenegro (ME)","22.06.2016 05:00 - 22.06.2016 06:00 (CET/CEST)","n/e","n/e","0"
"Montenegro (ME)","22.06.2016 06:00 - 22.06.2016 07:00 (CET/CEST)","n/e","n/e","1"
"Montenegro (ME)","22.06.2016 07:00 - 22.06.2016 08:00 (CET/CEST)","n/e","n/e","72"
"Montenegro (ME)","22.06.2016 08:00 - 22.06.2016 09:00 (CET/CEST)","n/e","n/e","219"
"Montenegro (ME)","22.06.2016 09:00 - 22.06.2016 10:00 (CET/CEST)","n/e","n/e","221"
"Montenegro (ME)","22.06.2016 10:00 - 22.06.2016 11:00 (CET/CEST)","n/e","n/e","146"
"Montenegro (ME)","22.06.2016 11:00 - 22.06.2016 12:00 (CET/CEST)","n/e","n/e","221"
"Montenegro (ME)","22.06.2016 12:00 - 22.06.2016 13:00 (CET/CEST)","n/e","n/e","221"
"Montenegro (ME)","22.06.2016 13:00 - 22.06.2016 14:00 (CET/CEST)","n/e","n/e","171"
"Montenegro (ME)","22.06.2016 14:00 - 22.06.2016 15:00 (CET/CEST)","n/e","n/e","203"
"Montenegro (ME)","22.06.2016 15:00 - 22.06.2016 16:00 (CET/CEST)","n/e","n/e","220"
"Montenegro (ME)","22.06.2016 16:00 - 22.06.2016 17:00 (CET/CEST)","n/e","n/e","207"
"Montenegro (ME)","22.06.2016 17:00 - 22.06.2016 18:00 (CET/CEST)","n/e","n/e","215"
"Montenegro (ME)","22.06.2016 18:00 - 22.06.2016 19:00 (CET/CEST)","n/e","n/e","225"
"Montenegro (ME)","22.06.2016 19:00 - 22.06.2016 20:00 (CET/CEST)","n/e","n/e","225"
"Montenegro (ME)","22.06.2016 20:00 - 22.06.2016 21:00 (CET/CEST)","n/e","n/e","221"
"Montenegro (ME)","22.06.2016 21:00 - 22.06.2016 22:00 (CET/CEST)","n/e","n/e","221"
"Montenegro (ME)","22.06.2016 22:00 - 22.06.2016 23:00 (CET/CEST)","n/e","n/e","224"
"Montenegro (ME)","22.06.2016 23:00 - 23.06.2016 00:00 (CET/CEST)","n/e","n/e","110"
"Montenegro (ME)","23.06.2016 00:00 - 23.06.2016 01:00 (CET/CEST)","n/e","n/e","0"
"Montenegro (ME)","23.06.2016 01:00 - 23.06.2016 02:00 (CET/CEST)","n/e","n/e","0"
"Montenegro (ME)","23.06.2016 02:00 - 23.06.2016 03:00 (CET/CEST)","n/e","n/e","0"
"Montenegro (ME)","23.06.2016 03:00 - 23.06.2016 04:00 (CET/CEST)","n/e","n/e","0"
"Montenegro (ME)","23.06.2016 04:00 - 23.06.2016 05:00 (CET/CEST)","n/e","n/e","0"
"Montenegro (ME)","23.06.2016 05:00 - 23.06.2016 06:00 (CET/CEST)","n/e","n/e","0"
"Montenegro (ME)","23.06.2016 06:00 - 23.06.2016 07:00 (CET/CEST)","n/e","n/e","0"
"Montenegro (ME)","23.06.2016 07:00 - 23.06.2016 08:00 (CET/CEST)","n/e","n/e","72"
"Montenegro (ME)","23.06.2016 08:00 - 23.06.2016 09:00 (CET/CEST)","n/e","n/e","110"
"Montenegro (ME)","23.06.2016 09:00 - 23.06.2016 10:00 (CET/CEST)","n/e","n/e","110"
"Montenegro (ME)","23.06.2016 10:00 - 23.06.2016 11:00 (CET/CEST)","n/e","n/e","72"
"Montenegro (ME)","23.06.2016 11:00 - 23.06.2016 12:00 (CET/CEST)","n/e","n/e","72"
"Montenegro (ME)","23.06.2016 12:00 - 23.06.2016 13:00 (CET/CEST)","n/e","n/e","225"
"Montenegro (ME)","23.06.2016 13:00 - 23.06.2016 14:00 (CET/CEST)","n/e","n/e","225"
"Montenegro (ME)","23.06.2016 14:00 - 23.06.2016 15:00 (CET/CEST)","n/e","n/e","226"
"Montenegro (ME)","23.06.2016 15:00 - 23.06.2016 16:00 (CET/CEST)","n/e","n/e","225"
"Montenegro (ME)","23.06.2016 16:00 - 23.06.2016 17:00 (CET/CEST)","n/e","n/e","226"
"Montenegro (ME)","23.06.2016 17:00 - 23.06.2016 18:00 (CET/CEST)","n/e","n/e","225"
"Montenegro (ME)","23.06.2016 18:00 - 23.06.2016 19:00 (CET/CEST)","n/e","n/e","226"
"Montenegro (ME)","23.06.2016 19:00 - 23.06.2016 20:00 (CET/CEST)","n/e","n/e","224"
"Montenegro (ME)","23.06.2016 20:00 - 23.06.2016 21:00 (CET/CEST)","n/e","n/e","225"
"Montenegro (ME)","23.06.2016 21:00 - 23.06.2016 22:00 (CET/CEST)","n/e","n/e","226"
"Montenegro (ME)","23.06.2016 22:00 - 23.06.2016 23:00 (CET/CEST)","n/e","n/e","209"
"Montenegro (ME)","23.06.2016 23:00 - 24.06.2016 00:00 (CET/CEST)","n/e","n/e","0"
"Montenegro (ME)","24.06.2016 00:00 - 24.06.2016 01:00 (CET/CEST)","n/e","n/e","0"
"Montenegro (ME)","24.06.2016 01:00 - 24.06.2016 02:00 (CET/CEST)","n/e","n/e","0"
"Montenegro (ME)","24.06.2016 02:00 - 24.06.2016 03:00 (CET/CEST)","n/e","n/e","0"
"Montenegro (ME)","24.06.2016 03:00 - 24.06.2016 04:00 (CET/CEST)","n/e","n/e","0"
"Montenegro (ME)","24.06.2016 04:00 - 24.06.2016 05:00 (CET/CEST)","n/e","n/e","0"
"Montenegro (ME)","24.06.2016 05:00 - 24.06.2016 06:00 (CET/CEST)","n/e","n/e","0"
"Montenegro (ME)","24.06.2016 06:00 - 24.06.2016 07:00 (CET/CEST)","n/e","n/e","0"
"Montenegro (ME)","24.06.2016 07:00 - 24.06.2016 08:00 (CET/CEST)","n/e","n/e","0"
"Montenegro (ME)","24.06.2016 08:00 - 24.06.2016 09:00 (CET/CEST)","n/e","n/e","111"
"Montenegro (ME)","24.06.2016 09:00 - 24.06.2016 10:00 (CET/CEST)","n/e","n/e","183"
"Montenegro (ME)","24.06.2016 10:00 - 24.06.2016 11:00 (CET/CEST)","n/e","n/e","201"
"Montenegro (ME)","24.06.2016 11:00 - 24.06.2016 12:00 (CET/CEST)","n/e","n/e","201"
"Montenegro (ME)","24.06.2016 12:00 - 24.06.2016 13:00 (CET/CEST)","n/e","n/e","224"
"Montenegro (ME)","24.06.2016 13:00 - 24.06.2016 14:00 (CET/CEST)","n/e","n/e","225"
"Montenegro (ME)","24.06.2016 14:00 - 24.06.2016 15:00 (CET/CEST)","n/e","n/e","226"
"Montenegro (ME)","24.06.2016 15:00 - 24.06.2016 16:00 (CET/CEST)","n/e","n/e","226"
"Montenegro (ME)","24.06.2016 16:00 - 24.06.2016 17:00 (CET/CEST)","n/e","n/e","227"
"Montenegro (ME)","24.06.2016 17:00 - 24.06.2016 18:00 (CET/CEST)","n/e","n/e","227"
"Montenegro (ME)","24.06.2016 18:00 - 24.06.2016 19:00 (CET/CEST)","n/e","n/e","227"
"Montenegro (ME)","24.06.2016 19:00 - 24.06.2016 20:00 (CET/CEST)","n/e","n/e","221"
"Montenegro (ME)","24.06.2016 20:00 - 24.06.2016 21:00 (CET/CEST)","n/e","n/e","221"
"Montenegro (ME)","24.06.2016 21:00 - 24.06.2016 22:00 (CET/CEST)","n/e","n/e","221"
"Montenegro (ME)","24.06.2016 22:00 - 24.06.2016 23:00 (CET/CEST)","n/e","n/e","221"
"Montenegro (ME)","24.06.2016 23:00 - 25.06.2016 00:00 (CET/CEST)","n/e","n/e","151"
"Montenegro (ME)","25.06.2016 00:00 - 25.06.2016 01:00 (CET/CEST)","n/e","n/e","0"
"Montenegro (ME)","25.06.2016 01:00 - 25.06.2016 02:00 (CET/CEST)","n/e","n/e","0"
"Montenegro (ME)","25.06.2016 02:00 - 25.06.2016 03:00 (CET/CEST)","n/e","n/e","0"
"Montenegro (ME)","25.06.2016 03:00 - 25.06.2016 04:00 (CET/CEST)","n/e","n/e","0"
"Montenegro (ME)","25.06.2016 04:00 - 25.06.2016 05:00 (CET/CEST)","n/e","n/e","0"
"Montenegro (ME)","25.06.2016 05:00 - 25.06.2016 06:00 (CET/CEST)","n/e","n/e","0"
"Montenegro (ME)","25.06.2016 06:00 - 25.06.2016 07:00 (CET/CEST)","n/e","n/e","0"
"Montenegro (ME)","25.06.2016 07:00 - 25.06.2016 08:00 (CET/CEST)","n/e","n/e","0"
"Montenegro (ME)","25.06.2016 08:00 - 25.06.2016 09:00 (CET/CEST)","n/e","n/e","0"
"Montenegro (ME)","25.06.2016 09:00 - 25.06.2016 10:00 (CET/CEST)","n/e","n/e","0"
"Montenegro (ME)","25.06.2016 10:00 - 25.06.2016 11:00 (CET/CEST)","n/e","n/e","0"
"Montenegro (ME)","25.06.2016 11:00 - 25.06.2016 12:00 (CET/CEST)","n/e","n/e","0"
"Montenegro (ME)","25.06.2016 12:00 - 25.06.2016 13:00 (CET/CEST)","n/e","n/e","219"
"Montenegro (ME)","25.06.2016 13:00 - 25.06.2016 14:00 (CET/CEST)","n/e","n/e","222"
"Montenegro (ME)","25.06.2016 14:00 - 25.06.2016 15:00 (CET/CEST)","n/e","n/e","223"
"Montenegro (ME)","25.06.2016 15:00 - 25.06.2016 16:00 (CET/CEST)","n/e","n/e","222"
"Montenegro (ME)","25.06.2016 16:00 - 25.06.2016 17:00 (CET/CEST)","n/e","n/e","202"
"Montenegro (ME)","25.06.2016 17:00 - 25.06.2016 18:00 (CET/CEST)","n/e","n/e","186"
"Montenegro (ME)","25.06.2016 18:00 - 25.06.2016 19:00 (CET/CEST)","n/e","n/e","222"
"Montenegro (ME)","25.06.2016 19:00 - 25.06.2016 20:00 (CET/CEST)","n/e","n/e","165"
"Montenegro (ME)","25.06.2016 20:00 - 25.06.2016 21:00 (CET/CEST)","n/e","n/e","222"
"Montenegro (ME)","25.06.2016 21:00 - 25.06.2016 22:00 (CET/CEST)","n/e","n/e","220"
"Montenegro (ME)","25.06.2016 22:00 - 25.06.2016 23:00 (CET/CEST)","n/e","n/e","151"
"Montenegro (ME)","25.06.2016 23:00 - 26.06.2016 00:00 (CET/CEST)","n/e","n/e","100"
"Montenegro (ME)","26.06.2016 00:00 - 26.06.2016 01:00 (CET/CEST)","n/e","n/e","101"
"Montenegro (ME)","26.06.2016 01:00 - 26.06.2016 02:00 (CET/CEST)","n/e","n/e","0"
"Montenegro (ME)","26.06.2016 02:00 - 26.06.2016 03:00 (CET/CEST)","n/e","n/e","0"
"Montenegro (ME)","26.06.2016 03:00 - 26.06.2016 04:00 (CET/CEST)","n/e","n/e","0"
"Montenegro (ME)","26.06.2016 04:00 - 26.06.2016 05:00 (CET/CEST)","n/e","n/e","0"
"Montenegro (ME)","26.06.2016 05:00 - 26.06.2016 06:00 (CET/CEST)","n/e","n/e","0"
"Montenegro (ME)","26.06.2016 06:00 - 26.06.2016 07:00 (CET/CEST)","n/e","n/e","0"
"Montenegro (ME)","26.06.2016 07:00 - 26.06.2016 08:00 (CET/CEST)","n/e","n/e","0"
"Montenegro (ME)","26.06.2016 08:00 - 26.06.2016 09:00 (CET/CEST)","n/e","n/e","0"
"Montenegro (ME)","26.06.2016 09:00 - 26.06.2016 10:00 (CET/CEST)","n/e","n/e","0"
"Montenegro (ME)","26.06.2016 10:00 - 26.06.2016 11:00 (CET/CEST)","n/e","n/e","0"
"Montenegro (ME)","26.06.2016 11:00 - 26.06.2016 12:00 (CET/CEST)","n/e","n/e","110"
"Montenegro (ME)","26.06.2016 12:00 - 26.06.2016 13:00 (CET/CEST)","n/e","n/e","71"
"Montenegro (ME)","26.06.2016 13:00 - 26.06.2016 14:00 (CET/CEST)","n/e","n/e","0"
"Montenegro (ME)","26.06.2016 14:00 - 26.06.2016 15:00 (CET/CEST)","n/e","n/e","0"
"Montenegro (ME)","26.06.2016 15:00 - 26.06.2016 16:00 (CET/CEST)","n/e","n/e","0"
"Montenegro (ME)","26.06.2016 16:00 - 26.06.2016 17:00 (CET/CEST)","n/e","n/e","72"
"Montenegro (ME)","26.06.2016 17:00 - 26.06.2016 18:00 (CET/CEST)","n/e","n/e","72"
"Montenegro (ME)","26.06.2016 18:00 - 26.06.2016 19:00 (CET/CEST)","n/e","n/e","71"
"Montenegro (ME)","26.06.2016 19:00 - 26.06.2016 20:00 (CET/CEST)","n/e","n/e","71"
"Montenegro (ME)","26.06.2016 20:00 - 26.06.2016 21:00 (CET/CEST)","n/e","n/e","72"
"Montenegro (ME)","26.06.2016 21:00 - 26.06.2016 22:00 (CET/CEST)","n/e","n/e","110"
"Montenegro (ME)","26.06.2016 22:00 - 26.06.2016 23:00 (CET/CEST)","n/e","n/e","0"
"Montenegro (ME)","26.06.2016 23:00 - 27.06.2016 00:00 (CET/CEST)","n/e","n/e","0"
"Montenegro (ME)","27.06.2016 00:00 - 27.06.2016 01:00 (CET/CEST)","n/e","n/e","0"
"Montenegro (ME)","27.06.2016 01:00 - 27.06.2016 02:00 (CET/CEST)","n/e","n/e","0"
"Montenegro (ME)","27.06.2016 02:00 - 27.06.2016 03:00 (CET/CEST)","n/e","n/e","0"
"Montenegro (ME)","27.06.2016 03:00 - 27.06.2016 04:00 (CET/CEST)","n/e","n/e","0"
"Montenegro (ME)","27.06.2016 04:00 - 27.06.2016 05:00 (CET/CEST)","n/e","n/e","0"
"Montenegro (ME)","27.06.2016 05:00 - 27.06.2016 06:00 (CET/CEST)","n/e","n/e","0"
"Montenegro (ME)","27.06.2016 06:00 - 27.06.2016 07:00 (CET/CEST)","n/e","n/e","0"
"Montenegro (ME)","27.06.2016 07:00 - 27.06.2016 08:00 (CET/CEST)","n/e","n/e","72"
"Montenegro (ME)","27.06.2016 08:00 - 27.06.2016 09:00 (CET/CEST)","n/e","n/e","223"
"Montenegro (ME)","27.06.2016 09:00 - 27.06.2016 10:00 (CET/CEST)","n/e","n/e","212"
"Montenegro (ME)","27.06.2016 10:00 - 27.06.2016 11:00 (CET/CEST)","n/e","n/e","71"
"Montenegro (ME)","27.06.2016 11:00 - 27.06.2016 12:00 (CET/CEST)","n/e","n/e","211"
"Montenegro (ME)","27.06.2016 12:00 - 27.06.2016 13:00 (CET/CEST)","n/e","n/e","188"
"Montenegro (ME)","27.06.2016 13:00 - 27.06.2016 14:00 (CET/CEST)","n/e","n/e","151"
"Montenegro (ME)","27.06.2016 14:00 - 27.06.2016 15:00 (CET/CEST)","n/e","n/e","204"
"Montenegro (ME)","27.06.2016 15:00 - 27.06.2016 16:00 (CET/CEST)","n/e","n/e","197"
"Montenegro (ME)","27.06.2016 16:00 - 27.06.2016 17:00 (CET/CEST)","n/e","n/e","80"
"Montenegro (ME)","27.06.2016 17:00 - 27.06.2016 18:00 (CET/CEST)","n/e","n/e","71"
"Montenegro (ME)","27.06.2016 18:00 - 27.06.2016 19:00 (CET/CEST)","n/e","n/e","72"
"Montenegro (ME)","27.06.2016 19:00 - 27.06.2016 20:00 (CET/CEST)","n/e","n/e","70"
"Montenegro (ME)","27.06.2016 20:00 - 27.06.2016 21:00 (CET/CEST)","n/e","n/e","70"
"Montenegro (ME)","27.06.2016 21:00 - 27.06.2016 22:00 (CET/CEST)","n/e","n/e","72"
"Montenegro (ME)","27.06.2016 22:00 - 27.06.2016 23:00 (CET/CEST)","n/e","n/e","225"
"Montenegro (ME)","27.06.2016 23:00 - 28.06.2016 00:00 (CET/CEST)","n/e","n/e","223"
"Montenegro (ME)","28.06.2016 00:00 - 28.06.2016 01:00 (CET/CEST)","n/e","n/e","151"
"Montenegro (ME)","28.06.2016 01:00 - 28.06.2016 02:00 (CET/CEST)","n/e","n/e","0"
"Montenegro (ME)","28.06.2016 02:00 - 28.06.2016 03:00 (CET/CEST)","n/e","n/e","0"
"Montenegro (ME)","28.06.2016 03:00 - 28.06.2016 04:00 (CET/CEST)","n/e","n/e","0"
"Montenegro (ME)","28.06.2016 04:00 - 28.06.2016 05:00 (CET/CEST)","n/e","n/e","0"
"Montenegro (ME)","28.06.2016 05:00 - 28.06.2016 06:00 (CET/CEST)","n/e","n/e","0"
"Montenegro (ME)","28.06.2016 06:00 - 28.06.2016 07:00 (CET/CEST)","n/e","n/e","0"
"Montenegro (ME)","28.06.2016 07:00 - 28.06.2016 08:00 (CET/CEST)","n/e","n/e","0"
"Montenegro (ME)","28.06.2016 08:00 - 28.06.2016 09:00 (CET/CEST)","n/e","n/e","0"
"Montenegro (ME)","28.06.2016 09:00 - 28.06.2016 10:00 (CET/CEST)","n/e","n/e","0"
"Montenegro (ME)","28.06.2016 10:00 - 28.06.2016 11:00 (CET/CEST)","n/e","n/e","0"
"Montenegro (ME)","28.06.2016 11:00 - 28.06.2016 12:00 (CET/CEST)","n/e","n/e","0"
"Montenegro (ME)","28.06.2016 12:00 - 28.06.2016 13:00 (CET/CEST)","n/e","n/e","0"
"Montenegro (ME)","28.06.2016 13:00 - 28.06.2016 14:00 (CET/CEST)","n/e","n/e","0"
"Montenegro (ME)","28.06.2016 14:00 - 28.06.2016 15:00 (CET/CEST)","n/e","n/e","0"
"Montenegro (ME)","28.06.2016 15:00 - 28.06.2016 16:00 (CET/CEST)","n/e","n/e","0"
"Montenegro (ME)","28.06.2016 16:00 - 28.06.2016 17:00 (CET/CEST)","n/e","n/e","0"
"Montenegro (ME)","28.06.2016 17:00 - 28.06.2016 18:00 (CET/CEST)","n/e","n/e","0"
"Montenegro (ME)","28.06.2016 18:00 - 28.06.2016 19:00 (CET/CEST)","n/e","n/e","0"
"Montenegro (ME)","28.06.2016 19:00 - 28.06.2016 20:00 (CET/CEST)","n/e","n/e","0"
"Montenegro (ME)","28.06.2016 20:00 - 28.06.2016 21:00 (CET/CEST)","n/e","n/e","0"
"Montenegro (ME)","28.06.2016 21:00 - 28.06.2016 22:00 (CET/CEST)","n/e","n/e","0"
"Montenegro (ME)","28.06.2016 22:00 - 28.06.2016 23:00 (CET/CEST)","n/e","n/e","0"
"Montenegro (ME)","28.06.2016 23:00 - 29.06.2016 00:00 (CET/CEST)","n/e","n/e","0"
"Montenegro (ME)","29.06.2016 00:00 - 29.06.2016 01:00 (CET/CEST)","n/e","n/e","0"
"Montenegro (ME)","29.06.2016 01:00 - 29.06.2016 02:00 (CET/CEST)","n/e","n/e","0"
"Montenegro (ME)","29.06.2016 02:00 - 29.06.2016 03:00 (CET/CEST)","n/e","n/e","0"
"Montenegro (ME)","29.06.2016 03:00 - 29.06.2016 04:00 (CET/CEST)","n/e","n/e","0"
"Montenegro (ME)","29.06.2016 04:00 - 29.06.2016 05:00 (CET/CEST)","n/e","n/e","0"
"Montenegro (ME)","29.06.2016 05:00 - 29.06.2016 06:00 (CET/CEST)","n/e","n/e","0"
"Montenegro (ME)","29.06.2016 06:00 - 29.06.2016 07:00 (CET/CEST)","n/e","n/e","0"
"Montenegro (ME)","29.06.2016 07:00 - 29.06.2016 08:00 (CET/CEST)","n/e","n/e","0"
"Montenegro (ME)","29.06.2016 08:00 - 29.06.2016 09:00 (CET/CEST)","n/e","n/e","0"
"Montenegro (ME)","29.06.2016 09:00 - 29.06.2016 10:00 (CET/CEST)","n/e","n/e","0"
"Montenegro (ME)","29.06.2016 10:00 - 29.06.2016 11:00 (CET/CEST)","n/e","n/e","0"
"Montenegro (ME)","29.06.2016 11:00 - 29.06.2016 12:00 (CET/CEST)","n/e","n/e","0"
"Montenegro (ME)","29.06.2016 12:00 - 29.06.2016 13:00 (CET/CEST)","n/e","n/e","0"
"Montenegro (ME)","29.06.2016 13:00 - 29.06.2016 14:00 (CET/CEST)","n/e","n/e","0"
"Montenegro (ME)","29.06.2016 14:00 - 29.06.2016 15:00 (CET/CEST)","n/e","n/e","0"
"Montenegro (ME)","29.06.2016 15:00 - 29.06.2016 16:00 (CET/CEST)","n/e","n/e","0"
"Montenegro (ME)","29.06.2016 16:00 - 29.06.2016 17:00 (CET/CEST)","n/e","n/e","0"
"Montenegro (ME)","29.06.2016 17:00 - 29.06.2016 18:00 (CET/CEST)","n/e","n/e","0"
"Montenegro (ME)","29.06.2016 18:00 - 29.06.2016 19:00 (CET/CEST)","n/e","n/e","0"
"Montenegro (ME)","29.06.2016 19:00 - 29.06.2016 20:00 (CET/CEST)","n/e","n/e","0"
"Montenegro (ME)","29.06.2016 20:00 - 29.06.2016 21:00 (CET/CEST)","n/e","n/e","200"
"Montenegro (ME)","29.06.2016 21:00 - 29.06.2016 22:00 (CET/CEST)","n/e","n/e","200"
"Montenegro (ME)","29.06.2016 22:00 - 29.06.2016 23:00 (CET/CEST)","n/e","n/e","176"
"Montenegro (ME)","29.06.2016 23:00 - 30.06.2016 00:00 (CET/CEST)","n/e","n/e","110"
"Montenegro (ME)","30.06.2016 00:00 - 30.06.2016 01:00 (CET/CEST)","n/e","n/e","0"
"Montenegro (ME)","30.06.2016 01:00 - 30.06.2016 02:00 (CET/CEST)","n/e","n/e","0"
"Montenegro (ME)","30.06.2016 02:00 - 30.06.2016 03:00 (CET/CEST)","n/e","n/e","0"
"Montenegro (ME)","30.06.2016 03:00 - 30.06.2016 04:00 (CET/CEST)","n/e","n/e","0"
"Montenegro (ME)","30.06.2016 04:00 - 30.06.2016 05:00 (CET/CEST)","n/e","n/e","0"
"Montenegro (ME)","30.06.2016 05:00 - 30.06.2016 06:00 (CET/CEST)","n/e","n/e","0"
"Montenegro (ME)","30.06.2016 06:00 - 30.06.2016 07:00 (CET/CEST)","n/e","n/e","0"
"Montenegro (ME)","30.06.2016 07:00 - 30.06.2016 08:00 (CET/CEST)","n/e","n/e","0"
"Montenegro (ME)","30.06.2016 08:00 - 30.06.2016 09:00 (CET/CEST)","n/e","n/e","70"
"Montenegro (ME)","30.06.2016 09:00 - 30.06.2016 10:00 (CET/CEST)","n/e","n/e","113"
"Montenegro (ME)","30.06.2016 10:00 - 30.06.2016 11:00 (CET/CEST)","n/e","n/e","72"
"Montenegro (ME)","30.06.2016 11:00 - 30.06.2016 12:00 (CET/CEST)","n/e","n/e","71"
"Montenegro (ME)","30.06.2016 12:00 - 30.06.2016 13:00 (CET/CEST)","n/e","n/e","0"
"Montenegro (ME)","30.06.2016 13:00 - 30.06.2016 14:00 (CET/CEST)","n/e","n/e","0"
"Montenegro (ME)","30.06.2016 14:00 - 30.06.2016 15:00 (CET/CEST)","n/e","n/e","72"
"Montenegro (ME)","30.06.2016 15:00 - 30.06.2016 16:00 (CET/CEST)","n/e","n/e","111"
"Montenegro (ME)","30.06.2016 16:00 - 30.06.2016 17:00 (CET/CEST)","n/e","n/e","220"
"Montenegro (ME)","30.06.2016 17:00 - 30.06.2016 18:00 (CET/CEST)","n/e","n/e","220"
"Montenegro (ME)","30.06.2016 18:00 - 30.06.2016 19:00 (CET/CEST)","n/e","n/e","93"
"Montenegro (ME)","30.06.2016 19:00 - 30.06.2016 20:00 (CET/CEST)","n/e","n/e","109"
"Montenegro (ME)","30.06.2016 20:00 - 30.06.2016 21:00 (CET/CEST)","n/e","n/e","111"
"Montenegro (ME)","30.06.2016 21:00 - 30.06.2016 22:00 (CET/CEST)","n/e","n/e","111"
"Montenegro (ME)","30.06.2016 22:00 - 30.06.2016 23:00 (CET/CEST)","n/e","n/e","111"
"Montenegro (ME)","30.06.2016 23:00 - 01.07.2016 00:00 (CET/CEST)","n/e","n/e","0"
"Montenegro (ME)","01.07.2016 00:00 - 01.07.2016 01:00 (CET/CEST)","n/e","n/e","0"
"Montenegro (ME)","01.07.2016 01:00 - 01.07.2016 02:00 (CET/CEST)","n/e","n/e","0"
"Montenegro (ME)","01.07.2016 02:00 - 01.07.2016 03:00 (CET/CEST)","n/e","n/e","0"
"Montenegro (ME)","01.07.2016 03:00 - 01.07.2016 04:00 (CET/CEST)","n/e","n/e","0"
"Montenegro (ME)","01.07.2016 04:00 - 01.07.2016 05:00 (CET/CEST)","n/e","n/e","0"
"Montenegro (ME)","01.07.2016 05:00 - 01.07.2016 06:00 (CET/CEST)","n/e","n/e","0"
"Montenegro (ME)","01.07.2016 06:00 - 01.07.2016 07:00 (CET/CEST)","n/e","n/e","0"
"Montenegro (ME)","01.07.2016 07:00 - 01.07.2016 08:00 (CET/CEST)","n/e","n/e","0"
"Montenegro (ME)","01.07.2016 08:00 - 01.07.2016 09:00 (CET/CEST)","n/e","n/e","72"
"Montenegro (ME)","01.07.2016 09:00 - 01.07.2016 10:00 (CET/CEST)","n/e","n/e","190"
"Montenegro (ME)","01.07.2016 10:00 - 01.07.2016 11:00 (CET/CEST)","n/e","n/e","142"
"Montenegro (ME)","01.07.2016 11:00 - 01.07.2016 12:00 (CET/CEST)","n/e","n/e","142"
"Montenegro (ME)","01.07.2016 12:00 - 01.07.2016 13:00 (CET/CEST)","n/e","n/e","219"
"Montenegro (ME)","01.07.2016 13:00 - 01.07.2016 14:00 (CET/CEST)","n/e","n/e","163"
"Montenegro (ME)","01.07.2016 14:00 - 01.07.2016 15:00 (CET/CEST)","n/e","n/e","100"
"Montenegro (ME)","01.07.2016 15:00 - 01.07.2016 16:00 (CET/CEST)","n/e","n/e","72"
"Montenegro (ME)","01.07.2016 16:00 - 01.07.2016 17:00 (CET/CEST)","n/e","n/e","111"
"Montenegro (ME)","01.07.2016 17:00 - 01.07.2016 18:00 (CET/CEST)","n/e","n/e","72"
"Montenegro (ME)","01.07.2016 18:00 - 01.07.2016 19:00 (CET/CEST)","n/e","n/e","72"
"Montenegro (ME)","01.07.2016 19:00 - 01.07.2016 20:00 (CET/CEST)","n/e","n/e","72"
"Montenegro (ME)","01.07.2016 20:00 - 01.07.2016 21:00 (CET/CEST)","n/e","n/e","221"
"Montenegro (ME)","01.07.2016 21:00 - 01.07.2016 22:00 (CET/CEST)","n/e","n/e","219"
"Montenegro (ME)","01.07.2016 22:00 - 01.07.2016 23:00 (CET/CEST)","n/e","n/e","220"
"Montenegro (ME)","01.07.2016 23:00 - 02.07.2016 00:00 (CET/CEST)","n/e","n/e","71"
"Montenegro (ME)","02.07.2016 00:00 - 02.07.2016 01:00 (CET/CEST)","n/e","n/e","0"
"Montenegro (ME)","02.07.2016 01:00 - 02.07.2016 02:00 (CET/CEST)","n/e","n/e","0"
"Montenegro (ME)","02.07.2016 02:00 - 02.07.2016 03:00 (CET/CEST)","n/e","n/e","0"
"Montenegro (ME)","02.07.2016 03:00 - 02.07.2016 04:00 (CET/CEST)","n/e","n/e","0"
"Montenegro (ME)","02.07.2016 04:00 - 02.07.2016 05:00 (CET/CEST)","n/e","n/e","0"
"Montenegro (ME)","02.07.2016 05:00 - 02.07.2016 06:00 (CET/CEST)","n/e","n/e","0"
"Montenegro (ME)","02.07.2016 06:00 - 02.07.2016 07:00 (CET/CEST)","n/e","n/e","0"
"Montenegro (ME)","02.07.2016 07:00 - 02.07.2016 08:00 (CET/CEST)","n/e","n/e","0"
"Montenegro (ME)","02.07.2016 08:00 - 02.07.2016 09:00 (CET/CEST)","n/e","n/e","112"
"Montenegro (ME)","02.07.2016 09:00 - 02.07.2016 10:00 (CET/CEST)","n/e","n/e","281"
"Montenegro (ME)","02.07.2016 10:00 - 02.07.2016 11:00 (CET/CEST)","n/e","n/e","251"
"Montenegro (ME)","02.07.2016 11:00 - 02.07.2016 12:00 (CET/CEST)","n/e","n/e","331"
"Montenegro (ME)","02.07.2016 12:00 - 02.07.2016 13:00 (CET/CEST)","n/e","n/e","332"
"Montenegro (ME)","02.07.2016 13:00 - 02.07.2016 14:00 (CET/CEST)","n/e","n/e","332"
"Montenegro (ME)","02.07.2016 14:00 - 02.07.2016 15:00 (CET/CEST)","n/e","n/e","331"
"Montenegro (ME)","02.07.2016 15:00 - 02.07.2016 16:00 (CET/CEST)","n/e","n/e","220"
"Montenegro (ME)","02.07.2016 16:00 - 02.07.2016 17:00 (CET/CEST)","n/e","n/e","144"
"Montenegro (ME)","02.07.2016 17:00 - 02.07.2016 18:00 (CET/CEST)","n/e","n/e","142"
"Montenegro (ME)","02.07.2016 18:00 - 02.07.2016 19:00 (CET/CEST)","n/e","n/e","201"
"Montenegro (ME)","02.07.2016 19:00 - 02.07.2016 20:00 (CET/CEST)","n/e","n/e","153"
"Montenegro (ME)","02.07.2016 20:00 - 02.07.2016 21:00 (CET/CEST)","n/e","n/e","280"
"Montenegro (ME)","02.07.2016 21:00 - 02.07.2016 22:00 (CET/CEST)","n/e","n/e","280"
"Montenegro (ME)","02.07.2016 22:00 - 02.07.2016 23:00 (CET/CEST)","n/e","n/e","280"
"Montenegro (ME)","02.07.2016 23:00 - 03.07.2016 00:00 (CET/CEST)","n/e","n/e","140"
"Montenegro (ME)","03.07.2016 00:00 - 03.07.2016 01:00 (CET/CEST)","n/e","n/e","0"
"Montenegro (ME)","03.07.2016 01:00 - 03.07.2016 02:00 (CET/CEST)","n/e","n/e","0"
"Montenegro (ME)","03.07.2016 02:00 - 03.07.2016 03:00 (CET/CEST)","n/e","n/e","0"
"Montenegro (ME)","03.07.2016 03:00 - 03.07.2016 04:00 (CET/CEST)","n/e","n/e","0"
"Montenegro (ME)","03.07.2016 04:00 - 03.07.2016 05:00 (CET/CEST)","n/e","n/e","0"
"Montenegro (ME)","03.07.2016 05:00 - 03.07.2016 06:00 (CET/CEST)","n/e","n/e","0"
"Montenegro (ME)","03.07.2016 06:00 - 03.07.2016 07:00 (CET/CEST)","n/e","n/e","0"
"Montenegro (ME)","03.07.2016 07:00 - 03.07.2016 08:00 (CET/CEST)","n/e","n/e","0"
"Montenegro (ME)","03.07.2016 08:00 - 03.07.2016 09:00 (CET/CEST)","n/e","n/e","0"
"Montenegro (ME)","03.07.2016 09:00 - 03.07.2016 10:00 (CET/CEST)","n/e","n/e","0"
"Montenegro (ME)","03.07.2016 10:00 - 03.07.2016 11:00 (CET/CEST)","n/e","n/e","0"
"Montenegro (ME)","03.07.2016 11:00 - 03.07.2016 12:00 (CET/CEST)","n/e","n/e","0"
"Montenegro (ME)","03.07.2016 12:00 - 03.07.2016 13:00 (CET/CEST)","n/e","n/e","0"
"Montenegro (ME)","03.07.2016 13:00 - 03.07.2016 14:00 (CET/CEST)","n/e","n/e","0"
"Montenegro (ME)","03.07.2016 14:00 - 03.07.2016 15:00 (CET/CEST)","n/e","n/e","0"
"Montenegro (ME)","03.07.2016 15:00 - 03.07.2016 16:00 (CET/CEST)","n/e","n/e","0"
"Montenegro (ME)","03.07.2016 16:00 - 03.07.2016 17:00 (CET/CEST)","n/e","n/e","0"
"Montenegro (ME)","03.07.2016 17:00 - 03.07.2016 18:00 (CET/CEST)","n/e","n/e","0"
"Montenegro (ME)","03.07.2016 18:00 - 03.07.2016 19:00 (CET/CEST)","n/e","n/e","0"
"Montenegro (ME)","03.07.2016 19:00 - 03.07.2016 20:00 (CET/CEST)","n/e","n/e","0"
"Montenegro (ME)","03.07.2016 20:00 - 03.07.2016 21:00 (CET/CEST)","n/e","n/e","0"
"Montenegro (ME)","03.07.2016 21:00 - 03.07.2016 22:00 (CET/CEST)","n/e","n/e","0"
"Montenegro (ME)","03.07.2016 22:00 - 03.07.2016 23:00 (CET/CEST)","n/e","n/e","0"
"Montenegro (ME)","03.07.2016 23:00 - 04.07.2016 00:00 (CET/CEST)","n/e","n/e","0"
"Montenegro (ME)","04.07.2016 00:00 - 04.07.2016 01:00 (CET/CEST)","n/e","n/e","0"
"Montenegro (ME)","04.07.2016 01:00 - 04.07.2016 02:00 (CET/CEST)","n/e","n/e","0"
"Montenegro (ME)","04.07.2016 02:00 - 04.07.2016 03:00 (CET/CEST)","n/e","n/e","0"
"Montenegro (ME)","04.07.2016 03:00 - 04.07.2016 04:00 (CET/CEST)","n/e","n/e","0"
"Montenegro (ME)","04.07.2016 04:00 - 04.07.2016 05:00 (CET/CEST)","n/e","n/e","0"
"Montenegro (ME)","04.07.2016 05:00 - 04.07.2016 06:00 (CET/CEST)","n/e","n/e","0"
"Montenegro (ME)","04.07.2016 06:00 - 04.07.2016 07:00 (CET/CEST)","n/e","n/e","0"
"Montenegro (ME)","04.07.2016 07:00 - 04.07.2016 08:00 (CET/CEST)","n/e","n/e","1"
"Montenegro (ME)","04.07.2016 08:00 - 04.07.2016 09:00 (CET/CEST)","n/e","n/e","110"
"Montenegro (ME)","04.07.2016 09:00 - 04.07.2016 10:00 (CET/CEST)","n/e","n/e","110"
"Montenegro (ME)","04.07.2016 10:00 - 04.07.2016 11:00 (CET/CEST)","n/e","n/e","110"
"Montenegro (ME)","04.07.2016 11:00 - 04.07.2016 12:00 (CET/CEST)","n/e","n/e","91"
"Montenegro (ME)","04.07.2016 12:00 - 04.07.2016 13:00 (CET/CEST)","n/e","n/e","70"
"Montenegro (ME)","04.07.2016 13:00 - 04.07.2016 14:00 (CET/CEST)","n/e","n/e","70"
"Montenegro (ME)","04.07.2016 14:00 - 04.07.2016 15:00 (CET/CEST)","n/e","n/e","90"
"Montenegro (ME)","04.07.2016 15:00 - 04.07.2016 16:00 (CET/CEST)","n/e","n/e","0"
"Montenegro (ME)","04.07.2016 16:00 - 04.07.2016 17:00 (CET/CEST)","n/e","n/e","0"
"Montenegro (ME)","04.07.2016 17:00 - 04.07.2016 18:00 (CET/CEST)","n/e","n/e","0"
"Montenegro (ME)","04.07.2016 18:00 - 04.07.2016 19:00 (CET/CEST)","n/e","n/e","0"
"Montenegro (ME)","04.07.2016 19:00 - 04.07.2016 20:00 (CET/CEST)","n/e","n/e","0"
"Montenegro (ME)","04.07.2016 20:00 - 04.07.2016 21:00 (CET/CEST)","n/e","n/e","0"
"Montenegro (ME)","04.07.2016 21:00 - 04.07.2016 22:00 (CET/CEST)","n/e","n/e","0"
"Montenegro (ME)","04.07.2016 22:00 - 04.07.2016 23:00 (CET/CEST)","n/e","n/e","0"
"Montenegro (ME)","04.07.2016 23:00 - 05.07.2016 00:00 (CET/CEST)","n/e","n/e","0"
"Montenegro (ME)","05.07.2016 00:00 - 05.07.2016 01:00 (CET/CEST)","n/e","n/e","0"
"Montenegro (ME)","05.07.2016 01:00 - 05.07.2016 02:00 (CET/CEST)","n/e","n/e","0"
"Montenegro (ME)","05.07.2016 02:00 - 05.07.2016 03:00 (CET/CEST)","n/e","n/e","0"
"Montenegro (ME)","05.07.2016 03:00 - 05.07.2016 04:00 (CET/CEST)","n/e","n/e","0"
"Montenegro (ME)","05.07.2016 04:00 - 05.07.2016 05:00 (CET/CEST)","n/e","n/e","0"
"Montenegro (ME)","05.07.2016 05:00 - 05.07.2016 06:00 (CET/CEST)","n/e","n/e","0"
"Montenegro (ME)","05.07.2016 06:00 - 05.07.2016 07:00 (CET/CEST)","n/e","n/e","0"
"Montenegro (ME)","05.07.2016 07:00 - 05.07.2016 08:00 (CET/CEST)","n/e","n/e","0"
"Montenegro (ME)","05.07.2016 08:00 - 05.07.2016 09:00 (CET/CEST)","n/e","n/e","0"
"Montenegro (ME)","05.07.2016 09:00 - 05.07.2016 10:00 (CET/CEST)","n/e","n/e","0"
"Montenegro (ME)","05.07.2016 10:00 - 05.07.2016 11:00 (CET/CEST)","n/e","n/e","0"
"Montenegro (ME)","05.07.2016 11:00 - 05.07.2016 12:00 (CET/CEST)","n/e","n/e","0"
"Montenegro (ME)","05.07.2016 12:00 - 05.07.2016 13:00 (CET/CEST)","n/e","n/e","0"
"Montenegro (ME)","05.07.2016 13:00 - 05.07.2016 14:00 (CET/CEST)","n/e","n/e","0"
"Montenegro (ME)","05.07.2016 14:00 - 05.07.2016 15:00 (CET/CEST)","n/e","n/e","0"
"Montenegro (ME)","05.07.2016 15:00 - 05.07.2016 16:00 (CET/CEST)","n/e","n/e","0"
"Montenegro (ME)","05.07.2016 16:00 - 05.07.2016 17:00 (CET/CEST)","n/e","n/e","0"
"Montenegro (ME)","05.07.2016 17:00 - 05.07.2016 18:00 (CET/CEST)","n/e","n/e","0"
"Montenegro (ME)","05.07.2016 18:00 - 05.07.2016 19:00 (CET/CEST)","n/e","n/e","0"
"Montenegro (ME)","05.07.2016 19:00 - 05.07.2016 20:00 (CET/CEST)","n/e","n/e","71"
"Montenegro (ME)","05.07.2016 20:00 - 05.07.2016 21:00 (CET/CEST)","n/e","n/e","110"
"Montenegro (ME)","05.07.2016 21:00 - 05.07.2016 22:00 (CET/CEST)","n/e","n/e","112"
"Montenegro (ME)","05.07.2016 22:00 - 05.07.2016 23:00 (CET/CEST)","n/e","n/e","111"
"Montenegro (ME)","05.07.2016 23:00 - 06.07.2016 00:00 (CET/CEST)","n/e","n/e","71"
"Montenegro (ME)","06.07.2016 00:00 - 06.07.2016 01:00 (CET/CEST)","n/e","n/e","0"
"Montenegro (ME)","06.07.2016 01:00 - 06.07.2016 02:00 (CET/CEST)","n/e","n/e","0"
"Montenegro (ME)","06.07.2016 02:00 - 06.07.2016 03:00 (CET/CEST)","n/e","n/e","0"
"Montenegro (ME)","06.07.2016 03:00 - 06.07.2016 04:00 (CET/CEST)","n/e","n/e","0"
"Montenegro (ME)","06.07.2016 04:00 - 06.07.2016 05:00 (CET/CEST)","n/e","n/e","0"
"Montenegro (ME)","06.07.2016 05:00 - 06.07.2016 06:00 (CET/CEST)","n/e","n/e","0"
"Montenegro (ME)","06.07.2016 06:00 - 06.07.2016 07:00 (CET/CEST)","n/e","n/e","0"
"Montenegro (ME)","06.07.2016 07:00 - 06.07.2016 08:00 (CET/CEST)","n/e","n/e","0"
"Montenegro (ME)","06.07.2016 08:00 - 06.07.2016 09:00 (CET/CEST)","n/e","n/e","0"
"Montenegro (ME)","06.07.2016 09:00 - 06.07.2016 10:00 (CET/CEST)","n/e","n/e","0"
"Montenegro (ME)","06.07.2016 10:00 - 06.07.2016 11:00 (CET/CEST)","n/e","n/e","0"
"Montenegro (ME)","06.07.2016 11:00 - 06.07.2016 12:00 (CET/CEST)","n/e","n/e","0"
"Montenegro (ME)","06.07.2016 12:00 - 06.07.2016 13:00 (CET/CEST)","n/e","n/e","0"
"Montenegro (ME)","06.07.2016 13:00 - 06.07.2016 14:00 (CET/CEST)","n/e","n/e","0"
"Montenegro (ME)","06.07.2016 14:00 - 06.07.2016 15:00 (CET/CEST)","n/e","n/e","0"
"Montenegro (ME)","06.07.2016 15:00 - 06.07.2016 16:00 (CET/CEST)","n/e","n/e","0"
"Montenegro (ME)","06.07.2016 16:00 - 06.07.2016 17:00 (CET/CEST)","n/e","n/e","0"
"Montenegro (ME)","06.07.2016 17:00 - 06.07.2016 18:00 (CET/CEST)","n/e","n/e","0"
"Montenegro (ME)","06.07.2016 18:00 - 06.07.2016 19:00 (CET/CEST)","n/e","n/e","0"
"Montenegro (ME)","06.07.2016 19:00 - 06.07.2016 20:00 (CET/CEST)","n/e","n/e","0"
"Montenegro (ME)","06.07.2016 20:00 - 06.07.2016 21:00 (CET/CEST)","n/e","n/e","84"
"Montenegro (ME)","06.07.2016 21:00 - 06.07.2016 22:00 (CET/CEST)","n/e","n/e","220"
"Montenegro (ME)","06.07.2016 22:00 - 06.07.2016 23:00 (CET/CEST)","n/e","n/e","220"
"Montenegro (ME)","06.07.2016 23:00 - 07.07.2016 00:00 (CET/CEST)","n/e","n/e","84"
"Montenegro (ME)","07.07.2016 00:00 - 07.07.2016 01:00 (CET/CEST)","n/e","n/e","0"
"Montenegro (ME)","07.07.2016 01:00 - 07.07.2016 02:00 (CET/CEST)","n/e","n/e","0"
"Montenegro (ME)","07.07.2016 02:00 - 07.07.2016 03:00 (CET/CEST)","n/e","n/e","0"
"Montenegro (ME)","07.07.2016 03:00 - 07.07.2016 04:00 (CET/CEST)","n/e","n/e","0"
"Montenegro (ME)","07.07.2016 04:00 - 07.07.2016 05:00 (CET/CEST)","n/e","n/e","0"
"Montenegro (ME)","07.07.2016 05:00 - 07.07.2016 06:00 (CET/CEST)","n/e","n/e","0"
"Montenegro (ME)","07.07.2016 06:00 - 07.07.2016 07:00 (CET/CEST)","n/e","n/e","0"
"Montenegro (ME)","07.07.2016 07:00 - 07.07.2016 08:00 (CET/CEST)","n/e","n/e","0"
"Montenegro (ME)","07.07.2016 08:00 - 07.07.2016 09:00 (CET/CEST)","n/e","n/e","0"
"Montenegro (ME)","07.07.2016 09:00 - 07.07.2016 10:00 (CET/CEST)","n/e","n/e","0"
"Montenegro (ME)","07.07.2016 10:00 - 07.07.2016 11:00 (CET/CEST)","n/e","n/e","0"
"Montenegro (ME)","07.07.2016 11:00 - 07.07.2016 12:00 (CET/CEST)","n/e","n/e","0"
"Montenegro (ME)","07.07.2016 12:00 - 07.07.2016 13:00 (CET/CEST)","n/e","n/e","0"
"Montenegro (ME)","07.07.2016 13:00 - 07.07.2016 14:00 (CET/CEST)","n/e","n/e","0"
"Montenegro (ME)","07.07.2016 14:00 - 07.07.2016 15:00 (CET/CEST)","n/e","n/e","109"
"Montenegro (ME)","07.07.2016 15:00 - 07.07.2016 16:00 (CET/CEST)","n/e","n/e","0"
"Montenegro (ME)","07.07.2016 16:00 - 07.07.2016 17:00 (CET/CEST)","n/e","n/e","0"
"Montenegro (ME)","07.07.2016 17:00 - 07.07.2016 18:00 (CET/CEST)","n/e","n/e","0"
"Montenegro (ME)","07.07.2016 18:00 - 07.07.2016 19:00 (CET/CEST)","n/e","n/e","0"
"Montenegro (ME)","07.07.2016 19:00 - 07.07.2016 20:00 (CET/CEST)","n/e","n/e","0"
"Montenegro (ME)","07.07.2016 20:00 - 07.07.2016 21:00 (CET/CEST)","n/e","n/e","0"
"Montenegro (ME)","07.07.2016 21:00 - 07.07.2016 22:00 (CET/CEST)","n/e","n/e","0"
"Montenegro (ME)","07.07.2016 22:00 - 07.07.2016 23:00 (CET/CEST)","n/e","n/e","0"
"Montenegro (ME)","07.07.2016 23:00 - 08.07.2016 00:00 (CET/CEST)","n/e","n/e","0"
"Montenegro (ME)","08.07.2016 00:00 - 08.07.2016 01:00 (CET/CEST)","n/e","n/e","0"
"Montenegro (ME)","08.07.2016 01:00 - 08.07.2016 02:00 (CET/CEST)","n/e","n/e","0"
"Montenegro (ME)","08.07.2016 02:00 - 08.07.2016 03:00 (CET/CEST)","n/e","n/e","0"
"Montenegro (ME)","08.07.2016 03:00 - 08.07.2016 04:00 (CET/CEST)","n/e","n/e","0"
"Montenegro (ME)","08.07.2016 04:00 - 08.07.2016 05:00 (CET/CEST)","n/e","n/e","0"
"Montenegro (ME)","08.07.2016 05:00 - 08.07.2016 06:00 (CET/CEST)","n/e","n/e","0"
"Montenegro (ME)","08.07.2016 06:00 - 08.07.2016 07:00 (CET/CEST)","n/e","n/e","0"
"Montenegro (ME)","08.07.2016 07:00 - 08.07.2016 08:00 (CET/CEST)","n/e","n/e","0"
"Montenegro (ME)","08.07.2016 08:00 - 08.07.2016 09:00 (CET/CEST)","n/e","n/e","0"
"Montenegro (ME)","08.07.2016 09:00 - 08.07.2016 10:00 (CET/CEST)","n/e","n/e","0"
"Montenegro (ME)","08.07.2016 10:00 - 08.07.2016 11:00 (CET/CEST)","n/e","n/e","71"
"Montenegro (ME)","08.07.2016 11:00 - 08.07.2016 12:00 (CET/CEST)","n/e","n/e","81"
"Montenegro (ME)","08.07.2016 12:00 - 08.07.2016 13:00 (CET/CEST)","n/e","n/e","220"
"Montenegro (ME)","08.07.2016 13:00 - 08.07.2016 14:00 (CET/CEST)","n/e","n/e","183"
"Montenegro (ME)","08.07.2016 14:00 - 08.07.2016 15:00 (CET/CEST)","n/e","n/e","74"
"Montenegro (ME)","08.07.2016 15:00 - 08.07.2016 16:00 (CET/CEST)","n/e","n/e","70"
"Montenegro (ME)","08.07.2016 16:00 - 08.07.2016 17:00 (CET/CEST)","n/e","n/e","74"
"Montenegro (ME)","08.07.2016 17:00 - 08.07.2016 18:00 (CET/CEST)","n/e","n/e","0"
"Montenegro (ME)","08.07.2016 18:00 - 08.07.2016 19:00 (CET/CEST)","n/e","n/e","0"
"Montenegro (ME)","08.07.2016 19:00 - 08.07.2016 20:00 (CET/CEST)","n/e","n/e","0"
"Montenegro (ME)","08.07.2016 20:00 - 08.07.2016 21:00 (CET/CEST)","n/e","n/e","0"
"Montenegro (ME)","08.07.2016 21:00 - 08.07.2016 22:00 (CET/CEST)","n/e","n/e","0"
"Montenegro (ME)","08.07.2016 22:00 - 08.07.2016 23:00 (CET/CEST)","n/e","n/e","0"
"Montenegro (ME)","08.07.2016 23:00 - 09.07.2016 00:00 (CET/CEST)","n/e","n/e","0"
"Montenegro (ME)","09.07.2016 00:00 - 09.07.2016 01:00 (CET/CEST)","n/e","n/e","0"
"Montenegro (ME)","09.07.2016 01:00 - 09.07.2016 02:00 (CET/CEST)","n/e","n/e","0"
"Montenegro (ME)","09.07.2016 02:00 - 09.07.2016 03:00 (CET/CEST)","n/e","n/e","0"
"Montenegro (ME)","09.07.2016 03:00 - 09.07.2016 04:00 (CET/CEST)","n/e","n/e","0"
"Montenegro (ME)","09.07.2016 04:00 - 09.07.2016 05:00 (CET/CEST)","n/e","n/e","0"
"Montenegro (ME)","09.07.2016 05:00 - 09.07.2016 06:00 (CET/CEST)","n/e","n/e","0"
"Montenegro (ME)","09.07.2016 06:00 - 09.07.2016 07:00 (CET/CEST)","n/e","n/e","0"
"Montenegro (ME)","09.07.2016 07:00 - 09.07.2016 08:00 (CET/CEST)","n/e","n/e","0"
"Montenegro (ME)","09.07.2016 08:00 - 09.07.2016 09:00 (CET/CEST)","n/e","n/e","0"
"Montenegro (ME)","09.07.2016 09:00 - 09.07.2016 10:00 (CET/CEST)","n/e","n/e","0"
"Montenegro (ME)","09.07.2016 10:00 - 09.07.2016 11:00 (CET/CEST)","n/e","n/e","0"
"Montenegro (ME)","09.07.2016 11:00 - 09.07.2016 12:00 (CET/CEST)","n/e","n/e","0"
"Montenegro (ME)","09.07.2016 12:00 - 09.07.2016 13:00 (CET/CEST)","n/e","n/e","0"
"Montenegro (ME)","09.07.2016 13:00 - 09.07.2016 14:00 (CET/CEST)","n/e","n/e","0"
"Montenegro (ME)","09.07.2016 14:00 - 09.07.2016 15:00 (CET/CEST)","n/e","n/e","0"
"Montenegro (ME)","09.07.2016 15:00 - 09.07.2016 16:00 (CET/CEST)","n/e","n/e","0"
"Montenegro (ME)","09.07.2016 16:00 - 09.07.2016 17:00 (CET/CEST)","n/e","n/e","0"
"Montenegro (ME)","09.07.2016 17:00 - 09.07.2016 18:00 (CET/CEST)","n/e","n/e","0"
"Montenegro (ME)","09.07.2016 18:00 - 09.07.2016 19:00 (CET/CEST)","n/e","n/e","0"
"Montenegro (ME)","09.07.2016 19:00 - 09.07.2016 20:00 (CET/CEST)","n/e","n/e","0"
"Montenegro (ME)","09.07.2016 20:00 - 09.07.2016 21:00 (CET/CEST)","n/e","n/e","0"
"Montenegro (ME)","09.07.2016 21:00 - 09.07.2016 22:00 (CET/CEST)","n/e","n/e","0"
"Montenegro (ME)","09.07.2016 22:00 - 09.07.2016 23:00 (CET/CEST)","n/e","n/e","0"
"Montenegro (ME)","09.07.2016 23:00 - 10.07.2016 00:00 (CET/CEST)","n/e","n/e","0"
"Montenegro (ME)","10.07.2016 00:00 - 10.07.2016 01:00 (CET/CEST)","n/e","n/e","0"
"Montenegro (ME)","10.07.2016 01:00 - 10.07.2016 02:00 (CET/CEST)","n/e","n/e","0"
"Montenegro (ME)","10.07.2016 02:00 - 10.07.2016 03:00 (CET/CEST)","n/e","n/e","0"
"Montenegro (ME)","10.07.2016 03:00 - 10.07.2016 04:00 (CET/CEST)","n/e","n/e","0"
"Montenegro (ME)","10.07.2016 04:00 - 10.07.2016 05:00 (CET/CEST)","n/e","n/e","0"
"Montenegro (ME)","10.07.2016 05:00 - 10.07.2016 06:00 (CET/CEST)","n/e","n/e","0"
"Montenegro (ME)","10.07.2016 06:00 - 10.07.2016 07:00 (CET/CEST)","n/e","n/e","0"
"Montenegro (ME)","10.07.2016 07:00 - 10.07.2016 08:00 (CET/CEST)","n/e","n/e","0"
"Montenegro (ME)","10.07.2016 08:00 - 10.07.2016 09:00 (CET/CEST)","n/e","n/e","0"
"Montenegro (ME)","10.07.2016 09:00 - 10.07.2016 10:00 (CET/CEST)","n/e","n/e","0"
"Montenegro (ME)","10.07.2016 10:00 - 10.07.2016 11:00 (CET/CEST)","n/e","n/e","0"
"Montenegro (ME)","10.07.2016 11:00 - 10.07.2016 12:00 (CET/CEST)","n/e","n/e","0"
"Montenegro (ME)","10.07.2016 12:00 - 10.07.2016 13:00 (CET/CEST)","n/e","n/e","0"
"Montenegro (ME)","10.07.2016 13:00 - 10.07.2016 14:00 (CET/CEST)","n/e","n/e","0"
"Montenegro (ME)","10.07.2016 14:00 - 10.07.2016 15:00 (CET/CEST)","n/e","n/e","0"
"Montenegro (ME)","10.07.2016 15:00 - 10.07.2016 16:00 (CET/CEST)","n/e","n/e","0"
"Montenegro (ME)","10.07.2016 16:00 - 10.07.2016 17:00 (CET/CEST)","n/e","n/e","0"
"Montenegro (ME)","10.07.2016 17:00 - 10.07.2016 18:00 (CET/CEST)","n/e","n/e","0"
"Montenegro (ME)","10.07.2016 18:00 - 10.07.2016 19:00 (CET/CEST)","n/e","n/e","0"
"Montenegro (ME)","10.07.2016 19:00 - 10.07.2016 20:00 (CET/CEST)","n/e","n/e","0"
"Montenegro (ME)","10.07.2016 20:00 - 10.07.2016 21:00 (CET/CEST)","n/e","n/e","0"
"Montenegro (ME)","10.07.2016 21:00 - 10.07.2016 22:00 (CET/CEST)","n/e","n/e","0"
"Montenegro (ME)","10.07.2016 22:00 - 10.07.2016 23:00 (CET/CEST)","n/e","n/e","0"
"Montenegro (ME)","10.07.2016 23:00 - 11.07.2016 00:00 (CET/CEST)","n/e","n/e","0"
"Montenegro (ME)","11.07.2016 00:00 - 11.07.2016 01:00 (CET/CEST)","n/e","n/e","0"
"Montenegro (ME)","11.07.2016 01:00 - 11.07.2016 02:00 (CET/CEST)","n/e","n/e","0"
"Montenegro (ME)","11.07.2016 02:00 - 11.07.2016 03:00 (CET/CEST)","n/e","n/e","0"
"Montenegro (ME)","11.07.2016 03:00 - 11.07.2016 04:00 (CET/CEST)","n/e","n/e","0"
"Montenegro (ME)","11.07.2016 04:00 - 11.07.2016 05:00 (CET/CEST)","n/e","n/e","0"
"Montenegro (ME)","11.07.2016 05:00 - 11.07.2016 06:00 (CET/CEST)","n/e","n/e","0"
"Montenegro (ME)","11.07.2016 06:00 - 11.07.2016 07:00 (CET/CEST)","n/e","n/e","0"
"Montenegro (ME)","11.07.2016 07:00 - 11.07.2016 08:00 (CET/CEST)","n/e","n/e","1"
"Montenegro (ME)","11.07.2016 08:00 - 11.07.2016 09:00 (CET/CEST)","n/e","n/e","100"
"Montenegro (ME)","11.07.2016 09:00 - 11.07.2016 10:00 (CET/CEST)","n/e","n/e","100"
"Montenegro (ME)","11.07.2016 10:00 - 11.07.2016 11:00 (CET/CEST)","n/e","n/e","101"
"Montenegro (ME)","11.07.2016 11:00 - 11.07.2016 12:00 (CET/CEST)","n/e","n/e","201"
"Montenegro (ME)","11.07.2016 12:00 - 11.07.2016 13:00 (CET/CEST)","n/e","n/e","201"
"Montenegro (ME)","11.07.2016 13:00 - 11.07.2016 14:00 (CET/CEST)","n/e","n/e","201"
"Montenegro (ME)","11.07.2016 14:00 - 11.07.2016 15:00 (CET/CEST)","n/e","n/e","201"
"Montenegro (ME)","11.07.2016 15:00 - 11.07.2016 16:00 (CET/CEST)","n/e","n/e","201"
"Montenegro (ME)","11.07.2016 16:00 - 11.07.2016 17:00 (CET/CEST)","n/e","n/e","200"
"Montenegro (ME)","11.07.2016 17:00 - 11.07.2016 18:00 (CET/CEST)","n/e","n/e","110"
"Montenegro (ME)","11.07.2016 18:00 - 11.07.2016 19:00 (CET/CEST)","n/e","n/e","110"
"Montenegro (ME)","11.07.2016 19:00 - 11.07.2016 20:00 (CET/CEST)","n/e","n/e","70"
"Montenegro (ME)","11.07.2016 20:00 - 11.07.2016 21:00 (CET/CEST)","n/e","n/e","103"
"Montenegro (ME)","11.07.2016 21:00 - 11.07.2016 22:00 (CET/CEST)","n/e","n/e","327"
"Montenegro (ME)","11.07.2016 22:00 - 11.07.2016 23:00 (CET/CEST)","n/e","n/e","300"
"Montenegro (ME)","11.07.2016 23:00 - 12.07.2016 00:00 (CET/CEST)","n/e","n/e","221"
"Montenegro (ME)","12.07.2016 00:00 - 12.07.2016 01:00 (CET/CEST)","n/e","n/e","101"
"Montenegro (ME)","12.07.2016 01:00 - 12.07.2016 02:00 (CET/CEST)","n/e","n/e","100"
"Montenegro (ME)","12.07.2016 02:00 - 12.07.2016 03:00 (CET/CEST)","n/e","n/e","0"
"Montenegro (ME)","12.07.2016 03:00 - 12.07.2016 04:00 (CET/CEST)","n/e","n/e","0"
"Montenegro (ME)","12.07.2016 04:00 - 12.07.2016 05:00 (CET/CEST)","n/e","n/e","0"
"Montenegro (ME)","12.07.2016 05:00 - 12.07.2016 06:00 (CET/CEST)","n/e","n/e","0"
"Montenegro (ME)","12.07.2016 06:00 - 12.07.2016 07:00 (CET/CEST)","n/e","n/e","2"
"Montenegro (ME)","12.07.2016 07:00 - 12.07.2016 08:00 (CET/CEST)","n/e","n/e","224"
"Montenegro (ME)","12.07.2016 08:00 - 12.07.2016 09:00 (CET/CEST)","n/e","n/e","162"
"Montenegro (ME)","12.07.2016 09:00 - 12.07.2016 10:00 (CET/CEST)","n/e","n/e","302"
"Montenegro (ME)","12.07.2016 10:00 - 12.07.2016 11:00 (CET/CEST)","n/e","n/e","301"
"Montenegro (ME)","12.07.2016 11:00 - 12.07.2016 12:00 (CET/CEST)","n/e","n/e","303"
"Montenegro (ME)","12.07.2016 12:00 - 12.07.2016 13:00 (CET/CEST)","n/e","n/e","339"
"Montenegro (ME)","12.07.2016 13:00 - 12.07.2016 14:00 (CET/CEST)","n/e","n/e","340"
"Montenegro (ME)","12.07.2016 14:00 - 12.07.2016 15:00 (CET/CEST)","n/e","n/e","340"
"Montenegro (ME)","12.07.2016 15:00 - 12.07.2016 16:00 (CET/CEST)","n/e","n/e","340"
"Montenegro (ME)","12.07.2016 16:00 - 12.07.2016 17:00 (CET/CEST)","n/e","n/e","340"
"Montenegro (ME)","12.07.2016 17:00 - 12.07.2016 18:00 (CET/CEST)","n/e","n/e","339"
"Montenegro (ME)","12.07.2016 18:00 - 12.07.2016 19:00 (CET/CEST)","n/e","n/e","311"
"Montenegro (ME)","12.07.2016 19:00 - 12.07.2016 20:00 (CET/CEST)","n/e","n/e","202"
"Montenegro (ME)","12.07.2016 20:00 - 12.07.2016 21:00 (CET/CEST)","n/e","n/e","142"
"Montenegro (ME)","12.07.2016 21:00 - 12.07.2016 22:00 (CET/CEST)","n/e","n/e","161"
"Montenegro (ME)","12.07.2016 22:00 - 12.07.2016 23:00 (CET/CEST)","n/e","n/e","161"
"Montenegro (ME)","12.07.2016 23:00 - 13.07.2016 00:00 (CET/CEST)","n/e","n/e","111"
"Montenegro (ME)","13.07.2016 00:00 - 13.07.2016 01:00 (CET/CEST)","n/e","n/e","0"
"Montenegro (ME)","13.07.2016 01:00 - 13.07.2016 02:00 (CET/CEST)","n/e","n/e","0"
"Montenegro (ME)","13.07.2016 02:00 - 13.07.2016 03:00 (CET/CEST)","n/e","n/e","0"
"Montenegro (ME)","13.07.2016 03:00 - 13.07.2016 04:00 (CET/CEST)","n/e","n/e","0"
"Montenegro (ME)","13.07.2016 04:00 - 13.07.2016 05:00 (CET/CEST)","n/e","n/e","0"
"Montenegro (ME)","13.07.2016 05:00 - 13.07.2016 06:00 (CET/CEST)","n/e","n/e","1"
"Montenegro (ME)","13.07.2016 06:00 - 13.07.2016 07:00 (CET/CEST)","n/e","n/e","111"
"Montenegro (ME)","13.07.2016 07:00 - 13.07.2016 08:00 (CET/CEST)","n/e","n/e","220"
"Montenegro (ME)","13.07.2016 08:00 - 13.07.2016 09:00 (CET/CEST)","n/e","n/e","161"
"Montenegro (ME)","13.07.2016 09:00 - 13.07.2016 10:00 (CET/CEST)","n/e","n/e","170"
"Montenegro (ME)","13.07.2016 10:00 - 13.07.2016 11:00 (CET/CEST)","n/e","n/e","176"
"Montenegro (ME)","13.07.2016 11:00 - 13.07.2016 12:00 (CET/CEST)","n/e","n/e","321"
"Montenegro (ME)","13.07.2016 12:00 - 13.07.2016 13:00 (CET/CEST)","n/e","n/e","335"
"Montenegro (ME)","13.07.2016 13:00 - 13.07.2016 14:00 (CET/CEST)","n/e","n/e","335"
"Montenegro (ME)","13.07.2016 14:00 - 13.07.2016 15:00 (CET/CEST)","n/e","n/e","335"
"Montenegro (ME)","13.07.2016 15:00 - 13.07.2016 16:00 (CET/CEST)","n/e","n/e","334"
"Montenegro (ME)","13.07.2016 16:00 - 13.07.2016 17:00 (CET/CEST)","n/e","n/e","0"
"Montenegro (ME)","13.07.2016 17:00 - 13.07.2016 18:00 (CET/CEST)","n/e","n/e","0"
"Montenegro (ME)","13.07.2016 18:00 - 13.07.2016 19:00 (CET/CEST)","n/e","n/e","0"
"Montenegro (ME)","13.07.2016 19:00 - 13.07.2016 20:00 (CET/CEST)","n/e","n/e","1"
"Montenegro (ME)","13.07.2016 20:00 - 13.07.2016 21:00 (CET/CEST)","n/e","n/e","182"
"Montenegro (ME)","13.07.2016 21:00 - 13.07.2016 22:00 (CET/CEST)","n/e","n/e","171"
"Montenegro (ME)","13.07.2016 22:00 - 13.07.2016 23:00 (CET/CEST)","n/e","n/e","172"
"Montenegro (ME)","13.07.2016 23:00 - 14.07.2016 00:00 (CET/CEST)","n/e","n/e","0"
"Montenegro (ME)","14.07.2016 00:00 - 14.07.2016 01:00 (CET/CEST)","n/e","n/e","0"
"Montenegro (ME)","14.07.2016 01:00 - 14.07.2016 02:00 (CET/CEST)","n/e","n/e","0"
"Montenegro (ME)","14.07.2016 02:00 - 14.07.2016 03:00 (CET/CEST)","n/e","n/e","0"
"Montenegro (ME)","14.07.2016 03:00 - 14.07.2016 04:00 (CET/CEST)","n/e","n/e","0"
"Montenegro (ME)","14.07.2016 04:00 - 14.07.2016 05:00 (CET/CEST)","n/e","n/e","0"
"Montenegro (ME)","14.07.2016 05:00 - 14.07.2016 06:00 (CET/CEST)","n/e","n/e","0"
"Montenegro (ME)","14.07.2016 06:00 - 14.07.2016 07:00 (CET/CEST)","n/e","n/e","0"
"Montenegro (ME)","14.07.2016 07:00 - 14.07.2016 08:00 (CET/CEST)","n/e","n/e","143"
"Montenegro (ME)","14.07.2016 08:00 - 14.07.2016 09:00 (CET/CEST)","n/e","n/e","201"
"Montenegro (ME)","14.07.2016 09:00 - 14.07.2016 10:00 (CET/CEST)","n/e","n/e","220"
"Montenegro (ME)","14.07.2016 10:00 - 14.07.2016 11:00 (CET/CEST)","n/e","n/e","220"
"Montenegro (ME)","14.07.2016 11:00 - 14.07.2016 12:00 (CET/CEST)","n/e","n/e","163"
"Montenegro (ME)","14.07.2016 12:00 - 14.07.2016 13:00 (CET/CEST)","n/e","n/e","337"
"Montenegro (ME)","14.07.2016 13:00 - 14.07.2016 14:00 (CET/CEST)","n/e","n/e","338"
"Montenegro (ME)","14.07.2016 14:00 - 14.07.2016 15:00 (CET/CEST)","n/e","n/e","331"
"Montenegro (ME)","14.07.2016 15:00 - 14.07.2016 16:00 (CET/CEST)","n/e","n/e","201"
"Montenegro (ME)","14.07.2016 16:00 - 14.07.2016 17:00 (CET/CEST)","n/e","n/e","81"
"Montenegro (ME)","14.07.2016 17:00 - 14.07.2016 18:00 (CET/CEST)","n/e","n/e","0"
"Montenegro (ME)","14.07.2016 18:00 - 14.07.2016 19:00 (CET/CEST)","n/e","n/e","102"
"Montenegro (ME)","14.07.2016 19:00 - 14.07.2016 20:00 (CET/CEST)","n/e","n/e","103"
"Montenegro (ME)","14.07.2016 20:00 - 14.07.2016 21:00 (CET/CEST)","n/e","n/e","301"
"Montenegro (ME)","14.07.2016 21:00 - 14.07.2016 22:00 (CET/CEST)","n/e","n/e","310"
"Montenegro (ME)","14.07.2016 22:00 - 14.07.2016 23:00 (CET/CEST)","n/e","n/e","271"
"Montenegro (ME)","14.07.2016 23:00 - 15.07.2016 00:00 (CET/CEST)","n/e","n/e","170"
"Montenegro (ME)","15.07.2016 00:00 - 15.07.2016 01:00 (CET/CEST)","n/e","n/e","0"
"Montenegro (ME)","15.07.2016 01:00 - 15.07.2016 02:00 (CET/CEST)","n/e","n/e","0"
"Montenegro (ME)","15.07.2016 02:00 - 15.07.2016 03:00 (CET/CEST)","n/e","n/e","0"
"Montenegro (ME)","15.07.2016 03:00 - 15.07.2016 04:00 (CET/CEST)","n/e","n/e","0"
"Montenegro (ME)","15.07.2016 04:00 - 15.07.2016 05:00 (CET/CEST)","n/e","n/e","0"
"Montenegro (ME)","15.07.2016 05:00 - 15.07.2016 06:00 (CET/CEST)","n/e","n/e","0"
"Montenegro (ME)","15.07.2016 06:00 - 15.07.2016 07:00 (CET/CEST)","n/e","n/e","0"
"Montenegro (ME)","15.07.2016 07:00 - 15.07.2016 08:00 (CET/CEST)","n/e","n/e","72"
"Montenegro (ME)","15.07.2016 08:00 - 15.07.2016 09:00 (CET/CEST)","n/e","n/e","111"
"Montenegro (ME)","15.07.2016 09:00 - 15.07.2016 10:00 (CET/CEST)","n/e","n/e","72"
"Montenegro (ME)","15.07.2016 10:00 - 15.07.2016 11:00 (CET/CEST)","n/e","n/e","0"
"Montenegro (ME)","15.07.2016 11:00 - 15.07.2016 12:00 (CET/CEST)","n/e","n/e","0"
"Montenegro (ME)","15.07.2016 12:00 - 15.07.2016 13:00 (CET/CEST)","n/e","n/e","0"
"Montenegro (ME)","15.07.2016 13:00 - 15.07.2016 14:00 (CET/CEST)","n/e","n/e","0"
"Montenegro (ME)","15.07.2016 14:00 - 15.07.2016 15:00 (CET/CEST)","n/e","n/e","0"
"Montenegro (ME)","15.07.2016 15:00 - 15.07.2016 16:00 (CET/CEST)","n/e","n/e","0"
"Montenegro (ME)","15.07.2016 16:00 - 15.07.2016 17:00 (CET/CEST)","n/e","n/e","0"
"Montenegro (ME)","15.07.2016 17:00 - 15.07.2016 18:00 (CET/CEST)","n/e","n/e","0"
"Montenegro (ME)","15.07.2016 18:00 - 15.07.2016 19:00 (CET/CEST)","n/e","n/e","0"
"Montenegro (ME)","15.07.2016 19:00 - 15.07.2016 20:00 (CET/CEST)","n/e","n/e","0"
"Montenegro (ME)","15.07.2016 20:00 - 15.07.2016 21:00 (CET/CEST)","n/e","n/e","0"
"Montenegro (ME)","15.07.2016 21:00 - 15.07.2016 22:00 (CET/CEST)","n/e","n/e","0"
"Montenegro (ME)","15.07.2016 22:00 - 15.07.2016 23:00 (CET/CEST)","n/e","n/e","0"
"Montenegro (ME)","15.07.2016 23:00 - 16.07.2016 00:00 (CET/CEST)","n/e","n/e","0"
"Montenegro (ME)","16.07.2016 00:00 - 16.07.2016 01:00 (CET/CEST)","n/e","n/e","0"
"Montenegro (ME)","16.07.2016 01:00 - 16.07.2016 02:00 (CET/CEST)","n/e","n/e","0"
"Montenegro (ME)","16.07.2016 02:00 - 16.07.2016 03:00 (CET/CEST)","n/e","n/e","0"
"Montenegro (ME)","16.07.2016 03:00 - 16.07.2016 04:00 (CET/CEST)","n/e","n/e","0"
"Montenegro (ME)","16.07.2016 04:00 - 16.07.2016 05:00 (CET/CEST)","n/e","n/e","0"
"Montenegro (ME)","16.07.2016 05:00 - 16.07.2016 06:00 (CET/CEST)","n/e","n/e","0"
"Montenegro (ME)","16.07.2016 06:00 - 16.07.2016 07:00 (CET/CEST)","n/e","n/e","0"
"Montenegro (ME)","16.07.2016 07:00 - 16.07.2016 08:00 (CET/CEST)","n/e","n/e","0"
"Montenegro (ME)","16.07.2016 08:00 - 16.07.2016 09:00 (CET/CEST)","n/e","n/e","0"
"Montenegro (ME)","16.07.2016 09:00 - 16.07.2016 10:00 (CET/CEST)","n/e","n/e","0"
"Montenegro (ME)","16.07.2016 10:00 - 16.07.2016 11:00 (CET/CEST)","n/e","n/e","0"
"Montenegro (ME)","16.07.2016 11:00 - 16.07.2016 12:00 (CET/CEST)","n/e","n/e","0"
"Montenegro (ME)","16.07.2016 12:00 - 16.07.2016 13:00 (CET/CEST)","n/e","n/e","0"
"Montenegro (ME)","16.07.2016 13:00 - 16.07.2016 14:00 (CET/CEST)","n/e","n/e","0"
"Montenegro (ME)","16.07.2016 14:00 - 16.07.2016 15:00 (CET/CEST)","n/e","n/e","0"
"Montenegro (ME)","16.07.2016 15:00 - 16.07.2016 16:00 (CET/CEST)","n/e","n/e","0"
"Montenegro (ME)","16.07.2016 16:00 - 16.07.2016 17:00 (CET/CEST)","n/e","n/e","0"
"Montenegro (ME)","16.07.2016 17:00 - 16.07.2016 18:00 (CET/CEST)","n/e","n/e","0"
"Montenegro (ME)","16.07.2016 18:00 - 16.07.2016 19:00 (CET/CEST)","n/e","n/e","0"
"Montenegro (ME)","16.07.2016 19:00 - 16.07.2016 20:00 (CET/CEST)","n/e","n/e","0"
"Montenegro (ME)","16.07.2016 20:00 - 16.07.2016 21:00 (CET/CEST)","n/e","n/e","109"
"Montenegro (ME)","16.07.2016 21:00 - 16.07.2016 22:00 (CET/CEST)","n/e","n/e","111"
"Montenegro (ME)","16.07.2016 22:00 - 16.07.2016 23:00 (CET/CEST)","n/e","n/e","0"
"Montenegro (ME)","16.07.2016 23:00 - 17.07.2016 00:00 (CET/CEST)","n/e","n/e","0"
"Montenegro (ME)","17.07.2016 00:00 - 17.07.2016 01:00 (CET/CEST)","n/e","n/e","0"
"Montenegro (ME)","17.07.2016 01:00 - 17.07.2016 02:00 (CET/CEST)","n/e","n/e","0"
"Montenegro (ME)","17.07.2016 02:00 - 17.07.2016 03:00 (CET/CEST)","n/e","n/e","0"
"Montenegro (ME)","17.07.2016 03:00 - 17.07.2016 04:00 (CET/CEST)","n/e","n/e","0"
"Montenegro (ME)","17.07.2016 04:00 - 17.07.2016 05:00 (CET/CEST)","n/e","n/e","0"
"Montenegro (ME)","17.07.2016 05:00 - 17.07.2016 06:00 (CET/CEST)","n/e","n/e","0"
"Montenegro (ME)","17.07.2016 06:00 - 17.07.2016 07:00 (CET/CEST)","n/e","n/e","0"
"Montenegro (ME)","17.07.2016 07:00 - 17.07.2016 08:00 (CET/CEST)","n/e","n/e","0"
"Montenegro (ME)","17.07.2016 08:00 - 17.07.2016 09:00 (CET/CEST)","n/e","n/e","0"
"Montenegro (ME)","17.07.2016 09:00 - 17.07.2016 10:00 (CET/CEST)","n/e","n/e","0"
"Montenegro (ME)","17.07.2016 10:00 - 17.07.2016 11:00 (CET/CEST)","n/e","n/e","0"
"Montenegro (ME)","17.07.2016 11:00 - 17.07.2016 12:00 (CET/CEST)","n/e","n/e","0"
"Montenegro (ME)","17.07.2016 12:00 - 17.07.2016 13:00 (CET/CEST)","n/e","n/e","0"
"Montenegro (ME)","17.07.2016 13:00 - 17.07.2016 14:00 (CET/CEST)","n/e","n/e","0"
"Montenegro (ME)","17.07.2016 14:00 - 17.07.2016 15:00 (CET/CEST)","n/e","n/e","0"
"Montenegro (ME)","17.07.2016 15:00 - 17.07.2016 16:00 (CET/CEST)","n/e","n/e","0"
"Montenegro (ME)","17.07.2016 16:00 - 17.07.2016 17:00 (CET/CEST)","n/e","n/e","0"
"Montenegro (ME)","17.07.2016 17:00 - 17.07.2016 18:00 (CET/CEST)","n/e","n/e","0"
"Montenegro (ME)","17.07.2016 18:00 - 17.07.2016 19:00 (CET/CEST)","n/e","n/e","0"
"Montenegro (ME)","17.07.2016 19:00 - 17.07.2016 20:00 (CET/CEST)","n/e","n/e","0"
"Montenegro (ME)","17.07.2016 20:00 - 17.07.2016 21:00 (CET/CEST)","n/e","n/e","0"
"Montenegro (ME)","17.07.2016 21:00 - 17.07.2016 22:00 (CET/CEST)","n/e","n/e","0"
"Montenegro (ME)","17.07.2016 22:00 - 17.07.2016 23:00 (CET/CEST)","n/e","n/e","0"
"Montenegro (ME)","17.07.2016 23:00 - 18.07.2016 00:00 (CET/CEST)","n/e","n/e","0"
"Montenegro (ME)","18.07.2016 00:00 - 18.07.2016 01:00 (CET/CEST)","n/e","n/e","0"
"Montenegro (ME)","18.07.2016 01:00 - 18.07.2016 02:00 (CET/CEST)","n/e","n/e","0"
"Montenegro (ME)","18.07.2016 02:00 - 18.07.2016 03:00 (CET/CEST)","n/e","n/e","0"
"Montenegro (ME)","18.07.2016 03:00 - 18.07.2016 04:00 (CET/CEST)","n/e","n/e","0"
"Montenegro (ME)","18.07.2016 04:00 - 18.07.2016 05:00 (CET/CEST)","n/e","n/e","0"
"Montenegro (ME)","18.07.2016 05:00 - 18.07.2016 06:00 (CET/CEST)","n/e","n/e","0"
"Montenegro (ME)","18.07.2016 06:00 - 18.07.2016 07:00 (CET/CEST)","n/e","n/e","0"
"Montenegro (ME)","18.07.2016 07:00 - 18.07.2016 08:00 (CET/CEST)","n/e","n/e","0"
"Montenegro (ME)","18.07.2016 08:00 - 18.07.2016 09:00 (CET/CEST)","n/e","n/e","0"
"Montenegro (ME)","18.07.2016 09:00 - 18.07.2016 10:00 (CET/CEST)","n/e","n/e","0"
"Montenegro (ME)","18.07.2016 10:00 - 18.07.2016 11:00 (CET/CEST)","n/e","n/e","0"
"Montenegro (ME)","18.07.2016 11:00 - 18.07.2016 12:00 (CET/CEST)","n/e","n/e","0"
"Montenegro (ME)","18.07.2016 12:00 - 18.07.2016 13:00 (CET/CEST)","n/e","n/e","0"
"Montenegro (ME)","18.07.2016 13:00 - 18.07.2016 14:00 (CET/CEST)","n/e","n/e","0"
"Montenegro (ME)","18.07.2016 14:00 - 18.07.2016 15:00 (CET/CEST)","n/e","n/e","0"
"Montenegro (ME)","18.07.2016 15:00 - 18.07.2016 16:00 (CET/CEST)","n/e","n/e","0"
"Montenegro (ME)","18.07.2016 16:00 - 18.07.2016 17:00 (CET/CEST)","n/e","n/e","0"
"Montenegro (ME)","18.07.2016 17:00 - 18.07.2016 18:00 (CET/CEST)","n/e","n/e","0"
"Montenegro (ME)","18.07.2016 18:00 - 18.07.2016 19:00 (CET/CEST)","n/e","n/e","0"
"Montenegro (ME)","18.07.2016 19:00 - 18.07.2016 20:00 (CET/CEST)","n/e","n/e","0"
"Montenegro (ME)","18.07.2016 20:00 - 18.07.2016 21:00 (CET/CEST)","n/e","n/e","0"
"Montenegro (ME)","18.07.2016 21:00 - 18.07.2016 22:00 (CET/CEST)","n/e","n/e","0"
"Montenegro (ME)","18.07.2016 22:00 - 18.07.2016 23:00 (CET/CEST)","n/e","n/e","0"
"Montenegro (ME)","18.07.2016 23:00 - 19.07.2016 00:00 (CET/CEST)","n/e","n/e","0"
"Montenegro (ME)","19.07.2016 00:00 - 19.07.2016 01:00 (CET/CEST)","n/e","n/e","0"
"Montenegro (ME)","19.07.2016 01:00 - 19.07.2016 02:00 (CET/CEST)","n/e","n/e","0"
"Montenegro (ME)","19.07.2016 02:00 - 19.07.2016 03:00 (CET/CEST)","n/e","n/e","0"
"Montenegro (ME)","19.07.2016 03:00 - 19.07.2016 04:00 (CET/CEST)","n/e","n/e","0"
"Montenegro (ME)","19.07.2016 04:00 - 19.07.2016 05:00 (CET/CEST)","n/e","n/e","0"
"Montenegro (ME)","19.07.2016 05:00 - 19.07.2016 06:00 (CET/CEST)","n/e","n/e","0"
"Montenegro (ME)","19.07.2016 06:00 - 19.07.2016 07:00 (CET/CEST)","n/e","n/e","0"
"Montenegro (ME)","19.07.2016 07:00 - 19.07.2016 08:00 (CET/CEST)","n/e","n/e","0"
"Montenegro (ME)","19.07.2016 08:00 - 19.07.2016 09:00 (CET/CEST)","n/e","n/e","0"
"Montenegro (ME)","19.07.2016 09:00 - 19.07.2016 10:00 (CET/CEST)","n/e","n/e","0"
"Montenegro (ME)","19.07.2016 10:00 - 19.07.2016 11:00 (CET/CEST)","n/e","n/e","0"
"Montenegro (ME)","19.07.2016 11:00 - 19.07.2016 12:00 (CET/CEST)","n/e","n/e","0"
"Montenegro (ME)","19.07.2016 12:00 - 19.07.2016 13:00 (CET/CEST)","n/e","n/e","0"
"Montenegro (ME)","19.07.2016 13:00 - 19.07.2016 14:00 (CET/CEST)","n/e","n/e","0"
"Montenegro (ME)","19.07.2016 14:00 - 19.07.2016 15:00 (CET/CEST)","n/e","n/e","0"
"Montenegro (ME)","19.07.2016 15:00 - 19.07.2016 16:00 (CET/CEST)","n/e","n/e","0"
"Montenegro (ME)","19.07.2016 16:00 - 19.07.2016 17:00 (CET/CEST)","n/e","n/e","0"
"Montenegro (ME)","19.07.2016 17:00 - 19.07.2016 18:00 (CET/CEST)","n/e","n/e","0"
"Montenegro (ME)","19.07.2016 18:00 - 19.07.2016 19:00 (CET/CEST)","n/e","n/e","0"
"Montenegro (ME)","19.07.2016 19:00 - 19.07.2016 20:00 (CET/CEST)","n/e","n/e","0"
"Montenegro (ME)","19.07.2016 20:00 - 19.07.2016 21:00 (CET/CEST)","n/e","n/e","0"
"Montenegro (ME)","19.07.2016 21:00 - 19.07.2016 22:00 (CET/CEST)","n/e","n/e","0"
"Montenegro (ME)","19.07.2016 22:00 - 19.07.2016 23:00 (CET/CEST)","n/e","n/e","0"
"Montenegro (ME)","19.07.2016 23:00 - 20.07.2016 00:00 (CET/CEST)","n/e","n/e","0"
"Montenegro (ME)","20.07.2016 00:00 - 20.07.2016 01:00 (CET/CEST)","n/e","n/e","0"
"Montenegro (ME)","20.07.2016 01:00 - 20.07.2016 02:00 (CET/CEST)","n/e","n/e","0"
"Montenegro (ME)","20.07.2016 02:00 - 20.07.2016 03:00 (CET/CEST)","n/e","n/e","0"
"Montenegro (ME)","20.07.2016 03:00 - 20.07.2016 04:00 (CET/CEST)","n/e","n/e","0"
"Montenegro (ME)","20.07.2016 04:00 - 20.07.2016 05:00 (CET/CEST)","n/e","n/e","0"
"Montenegro (ME)","20.07.2016 05:00 - 20.07.2016 06:00 (CET/CEST)","n/e","n/e","0"
"Montenegro (ME)","20.07.2016 06:00 - 20.07.2016 07:00 (CET/CEST)","n/e","n/e","0"
"Montenegro (ME)","20.07.2016 07:00 - 20.07.2016 08:00 (CET/CEST)","n/e","n/e","0"
"Montenegro (ME)","20.07.2016 08:00 - 20.07.2016 09:00 (CET/CEST)","n/e","n/e","0"
"Montenegro (ME)","20.07.2016 09:00 - 20.07.2016 10:00 (CET/CEST)","n/e","n/e","101"
"Montenegro (ME)","20.07.2016 10:00 - 20.07.2016 11:00 (CET/CEST)","n/e","n/e","72"
"Montenegro (ME)","20.07.2016 11:00 - 20.07.2016 12:00 (CET/CEST)","n/e","n/e","111"
"Montenegro (ME)","20.07.2016 12:00 - 20.07.2016 13:00 (CET/CEST)","n/e","n/e","110"
"Montenegro (ME)","20.07.2016 13:00 - 20.07.2016 14:00 (CET/CEST)","n/e","n/e","112"
"Montenegro (ME)","20.07.2016 14:00 - 20.07.2016 15:00 (CET/CEST)","n/e","n/e","112"
"Montenegro (ME)","20.07.2016 15:00 - 20.07.2016 16:00 (CET/CEST)","n/e","n/e","112"
"Montenegro (ME)","20.07.2016 16:00 - 20.07.2016 17:00 (CET/CEST)","n/e","n/e","82"
"Montenegro (ME)","20.07.2016 17:00 - 20.07.2016 18:00 (CET/CEST)","n/e","n/e","0"
"Montenegro (ME)","20.07.2016 18:00 - 20.07.2016 19:00 (CET/CEST)","n/e","n/e","0"
"Montenegro (ME)","20.07.2016 19:00 - 20.07.2016 20:00 (CET/CEST)","n/e","n/e","71"
"Montenegro (ME)","20.07.2016 20:00 - 20.07.2016 21:00 (CET/CEST)","n/e","n/e","111"
"Montenegro (ME)","20.07.2016 21:00 - 20.07.2016 22:00 (CET/CEST)","n/e","n/e","110"
"Montenegro (ME)","20.07.2016 22:00 - 20.07.2016 23:00 (CET/CEST)","n/e","n/e","71"
"Montenegro (ME)","20.07.2016 23:00 - 21.07.2016 00:00 (CET/CEST)","n/e","n/e","0"
"Montenegro (ME)","21.07.2016 00:00 - 21.07.2016 01:00 (CET/CEST)","n/e","n/e","0"
"Montenegro (ME)","21.07.2016 01:00 - 21.07.2016 02:00 (CET/CEST)","n/e","n/e","0"
"Montenegro (ME)","21.07.2016 02:00 - 21.07.2016 03:00 (CET/CEST)","n/e","n/e","0"
"Montenegro (ME)","21.07.2016 03:00 - 21.07.2016 04:00 (CET/CEST)","n/e","n/e","0"
"Montenegro (ME)","21.07.2016 04:00 - 21.07.2016 05:00 (CET/CEST)","n/e","n/e","0"
"Montenegro (ME)","21.07.2016 05:00 - 21.07.2016 06:00 (CET/CEST)","n/e","n/e","0"
"Montenegro (ME)","21.07.2016 06:00 - 21.07.2016 07:00 (CET/CEST)","n/e","n/e","0"
"Montenegro (ME)","21.07.2016 07:00 - 21.07.2016 08:00 (CET/CEST)","n/e","n/e","0"
"Montenegro (ME)","21.07.2016 08:00 - 21.07.2016 09:00 (CET/CEST)","n/e","n/e","0"
"Montenegro (ME)","21.07.2016 09:00 - 21.07.2016 10:00 (CET/CEST)","n/e","n/e","0"
"Montenegro (ME)","21.07.2016 10:00 - 21.07.2016 11:00 (CET/CEST)","n/e","n/e","0"
"Montenegro (ME)","21.07.2016 11:00 - 21.07.2016 12:00 (CET/CEST)","n/e","n/e","0"
"Montenegro (ME)","21.07.2016 12:00 - 21.07.2016 13:00 (CET/CEST)","n/e","n/e","0"
"Montenegro (ME)","21.07.2016 13:00 - 21.07.2016 14:00 (CET/CEST)","n/e","n/e","0"
"Montenegro (ME)","21.07.2016 14:00 - 21.07.2016 15:00 (CET/CEST)","n/e","n/e","0"
"Montenegro (ME)","21.07.2016 15:00 - 21.07.2016 16:00 (CET/CEST)","n/e","n/e","0"
"Montenegro (ME)","21.07.2016 16:00 - 21.07.2016 17:00 (CET/CEST)","n/e","n/e","0"
"Montenegro (ME)","21.07.2016 17:00 - 21.07.2016 18:00 (CET/CEST)","n/e","n/e","0"
"Montenegro (ME)","21.07.2016 18:00 - 21.07.2016 19:00 (CET/CEST)","n/e","n/e","0"
"Montenegro (ME)","21.07.2016 19:00 - 21.07.2016 20:00 (CET/CEST)","n/e","n/e","0"
"Montenegro (ME)","21.07.2016 20:00 - 21.07.2016 21:00 (CET/CEST)","n/e","n/e","0"
"Montenegro (ME)","21.07.2016 21:00 - 21.07.2016 22:00 (CET/CEST)","n/e","n/e","0"
"Montenegro (ME)","21.07.2016 22:00 - 21.07.2016 23:00 (CET/CEST)","n/e","n/e","0"
"Montenegro (ME)","21.07.2016 23:00 - 22.07.2016 00:00 (CET/CEST)","n/e","n/e","0"
"Montenegro (ME)","22.07.2016 00:00 - 22.07.2016 01:00 (CET/CEST)","n/e","n/e","0"
"Montenegro (ME)","22.07.2016 01:00 - 22.07.2016 02:00 (CET/CEST)","n/e","n/e","0"
"Montenegro (ME)","22.07.2016 02:00 - 22.07.2016 03:00 (CET/CEST)","n/e","n/e","0"
"Montenegro (ME)","22.07.2016 03:00 - 22.07.2016 04:00 (CET/CEST)","n/e","n/e","0"
"Montenegro (ME)","22.07.2016 04:00 - 22.07.2016 05:00 (CET/CEST)","n/e","n/e","0"
"Montenegro (ME)","22.07.2016 05:00 - 22.07.2016 06:00 (CET/CEST)","n/e","n/e","0"
"Montenegro (ME)","22.07.2016 06:00 - 22.07.2016 07:00 (CET/CEST)","n/e","n/e","0"
"Montenegro (ME)","22.07.2016 07:00 - 22.07.2016 08:00 (CET/CEST)","n/e","n/e","0"
"Montenegro (ME)","22.07.2016 08:00 - 22.07.2016 09:00 (CET/CEST)","n/e","n/e","104"
"Montenegro (ME)","22.07.2016 09:00 - 22.07.2016 10:00 (CET/CEST)","n/e","n/e","111"
"Montenegro (ME)","22.07.2016 10:00 - 22.07.2016 11:00 (CET/CEST)","n/e","n/e","75"
"Montenegro (ME)","22.07.2016 11:00 - 22.07.2016 12:00 (CET/CEST)","n/e","n/e","110"
"Montenegro (ME)","22.07.2016 12:00 - 22.07.2016 13:00 (CET/CEST)","n/e","n/e","111"
"Montenegro (ME)","22.07.2016 13:00 - 22.07.2016 14:00 (CET/CEST)","n/e","n/e","70"
"Montenegro (ME)","22.07.2016 14:00 - 22.07.2016 15:00 (CET/CEST)","n/e","n/e","0"
"Montenegro (ME)","22.07.2016 15:00 - 22.07.2016 16:00 (CET/CEST)","n/e","n/e","0"
"Montenegro (ME)","22.07.2016 16:00 - 22.07.2016 17:00 (CET/CEST)","n/e","n/e","0"
"Montenegro (ME)","22.07.2016 17:00 - 22.07.2016 18:00 (CET/CEST)","n/e","n/e","0"
"Montenegro (ME)","22.07.2016 18:00 - 22.07.2016 19:00 (CET/CEST)","n/e","n/e","0"
"Montenegro (ME)","22.07.2016 19:00 - 22.07.2016 20:00 (CET/CEST)","n/e","n/e","0"
"Montenegro (ME)","22.07.2016 20:00 - 22.07.2016 21:00 (CET/CEST)","n/e","n/e","0"
"Montenegro (ME)","22.07.2016 21:00 - 22.07.2016 22:00 (CET/CEST)","n/e","n/e","0"
"Montenegro (ME)","22.07.2016 22:00 - 22.07.2016 23:00 (CET/CEST)","n/e","n/e","0"
"Montenegro (ME)","22.07.2016 23:00 - 23.07.2016 00:00 (CET/CEST)","n/e","n/e","0"
"Montenegro (ME)","23.07.2016 00:00 - 23.07.2016 01:00 (CET/CEST)","n/e","n/e","0"
"Montenegro (ME)","23.07.2016 01:00 - 23.07.2016 02:00 (CET/CEST)","n/e","n/e","0"
"Montenegro (ME)","23.07.2016 02:00 - 23.07.2016 03:00 (CET/CEST)","n/e","n/e","0"
"Montenegro (ME)","23.07.2016 03:00 - 23.07.2016 04:00 (CET/CEST)","n/e","n/e","0"
"Montenegro (ME)","23.07.2016 04:00 - 23.07.2016 05:00 (CET/CEST)","n/e","n/e","0"
"Montenegro (ME)","23.07.2016 05:00 - 23.07.2016 06:00 (CET/CEST)","n/e","n/e","0"
"Montenegro (ME)","23.07.2016 06:00 - 23.07.2016 07:00 (CET/CEST)","n/e","n/e","0"
"Montenegro (ME)","23.07.2016 07:00 - 23.07.2016 08:00 (CET/CEST)","n/e","n/e","0"
"Montenegro (ME)","23.07.2016 08:00 - 23.07.2016 09:00 (CET/CEST)","n/e","n/e","0"
"Montenegro (ME)","23.07.2016 09:00 - 23.07.2016 10:00 (CET/CEST)","n/e","n/e","81"
"Montenegro (ME)","23.07.2016 10:00 - 23.07.2016 11:00 (CET/CEST)","n/e","n/e","71"
"Montenegro (ME)","23.07.2016 11:00 - 23.07.2016 12:00 (CET/CEST)","n/e","n/e","110"
"Montenegro (ME)","23.07.2016 12:00 - 23.07.2016 13:00 (CET/CEST)","n/e","n/e","0"
"Montenegro (ME)","23.07.2016 13:00 - 23.07.2016 14:00 (CET/CEST)","n/e","n/e","0"
"Montenegro (ME)","23.07.2016 14:00 - 23.07.2016 15:00 (CET/CEST)","n/e","n/e","0"
"Montenegro (ME)","23.07.2016 15:00 - 23.07.2016 16:00 (CET/CEST)","n/e","n/e","0"
"Montenegro (ME)","23.07.2016 16:00 - 23.07.2016 17:00 (CET/CEST)","n/e","n/e","0"
"Montenegro (ME)","23.07.2016 17:00 - 23.07.2016 18:00 (CET/CEST)","n/e","n/e","0"
"Montenegro (ME)","23.07.2016 18:00 - 23.07.2016 19:00 (CET/CEST)","n/e","n/e","81"
"Montenegro (ME)","23.07.2016 19:00 - 23.07.2016 20:00 (CET/CEST)","n/e","n/e","220"
"Montenegro (ME)","23.07.2016 20:00 - 23.07.2016 21:00 (CET/CEST)","n/e","n/e","151"
"Montenegro (ME)","23.07.2016 21:00 - 23.07.2016 22:00 (CET/CEST)","n/e","n/e","219"
"Montenegro (ME)","23.07.2016 22:00 - 23.07.2016 23:00 (CET/CEST)","n/e","n/e","80"
"Montenegro (ME)","23.07.2016 23:00 - 24.07.2016 00:00 (CET/CEST)","n/e","n/e","0"
"Montenegro (ME)","24.07.2016 00:00 - 24.07.2016 01:00 (CET/CEST)","n/e","n/e","0"
"Montenegro (ME)","24.07.2016 01:00 - 24.07.2016 02:00 (CET/CEST)","n/e","n/e","0"
"Montenegro (ME)","24.07.2016 02:00 - 24.07.2016 03:00 (CET/CEST)","n/e","n/e","0"
"Montenegro (ME)","24.07.2016 03:00 - 24.07.2016 04:00 (CET/CEST)","n/e","n/e","0"
"Montenegro (ME)","24.07.2016 04:00 - 24.07.2016 05:00 (CET/CEST)","n/e","n/e","0"
"Montenegro (ME)","24.07.2016 05:00 - 24.07.2016 06:00 (CET/CEST)","n/e","n/e","0"
"Montenegro (ME)","24.07.2016 06:00 - 24.07.2016 07:00 (CET/CEST)","n/e","n/e","0"
"Montenegro (ME)","24.07.2016 07:00 - 24.07.2016 08:00 (CET/CEST)","n/e","n/e","0"
"Montenegro (ME)","24.07.2016 08:00 - 24.07.2016 09:00 (CET/CEST)","n/e","n/e","0"
"Montenegro (ME)","24.07.2016 09:00 - 24.07.2016 10:00 (CET/CEST)","n/e","n/e","0"
"Montenegro (ME)","24.07.2016 10:00 - 24.07.2016 11:00 (CET/CEST)","n/e","n/e","0"
"Montenegro (ME)","24.07.2016 11:00 - 24.07.2016 12:00 (CET/CEST)","n/e","n/e","0"
"Montenegro (ME)","24.07.2016 12:00 - 24.07.2016 13:00 (CET/CEST)","n/e","n/e","0"
"Montenegro (ME)","24.07.2016 13:00 - 24.07.2016 14:00 (CET/CEST)","n/e","n/e","0"
"Montenegro (ME)","24.07.2016 14:00 - 24.07.2016 15:00 (CET/CEST)","n/e","n/e","0"
"Montenegro (ME)","24.07.2016 15:00 - 24.07.2016 16:00 (CET/CEST)","n/e","n/e","0"
"Montenegro (ME)","24.07.2016 16:00 - 24.07.2016 17:00 (CET/CEST)","n/e","n/e","0"
"Montenegro (ME)","24.07.2016 17:00 - 24.07.2016 18:00 (CET/CEST)","n/e","n/e","0"
"Montenegro (ME)","24.07.2016 18:00 - 24.07.2016 19:00 (CET/CEST)","n/e","n/e","0"
"Montenegro (ME)","24.07.2016 19:00 - 24.07.2016 20:00 (CET/CEST)","n/e","n/e","1"
"Montenegro (ME)","24.07.2016 20:00 - 24.07.2016 21:00 (CET/CEST)","n/e","n/e","72"
"Montenegro (ME)","24.07.2016 21:00 - 24.07.2016 22:00 (CET/CEST)","n/e","n/e","111"
"Montenegro (ME)","24.07.2016 22:00 - 24.07.2016 23:00 (CET/CEST)","n/e","n/e","110"
"Montenegro (ME)","24.07.2016 23:00 - 25.07.2016 00:00 (CET/CEST)","n/e","n/e","0"
"Montenegro (ME)","25.07.2016 00:00 - 25.07.2016 01:00 (CET/CEST)","n/e","n/e","0"
"Montenegro (ME)","25.07.2016 01:00 - 25.07.2016 02:00 (CET/CEST)","n/e","n/e","0"
"Montenegro (ME)","25.07.2016 02:00 - 25.07.2016 03:00 (CET/CEST)","n/e","n/e","0"
"Montenegro (ME)","25.07.2016 03:00 - 25.07.2016 04:00 (CET/CEST)","n/e","n/e","0"
"Montenegro (ME)","25.07.2016 04:00 - 25.07.2016 05:00 (CET/CEST)","n/e","n/e","0"
"Montenegro (ME)","25.07.2016 05:00 - 25.07.2016 06:00 (CET/CEST)","n/e","n/e","0"
"Montenegro (ME)","25.07.2016 06:00 - 25.07.2016 07:00 (CET/CEST)","n/e","n/e","0"
"Montenegro (ME)","25.07.2016 07:00 - 25.07.2016 08:00 (CET/CEST)","n/e","n/e","1"
"Montenegro (ME)","25.07.2016 08:00 - 25.07.2016 09:00 (CET/CEST)","n/e","n/e","227"
"Montenegro (ME)","25.07.2016 09:00 - 25.07.2016 10:00 (CET/CEST)","n/e","n/e","237"
"Montenegro (ME)","25.07.2016 10:00 - 25.07.2016 11:00 (CET/CEST)","n/e","n/e","231"
"Montenegro (ME)","25.07.2016 11:00 - 25.07.2016 12:00 (CET/CEST)","n/e","n/e","267"
"Montenegro (ME)","25.07.2016 12:00 - 25.07.2016 13:00 (CET/CEST)","n/e","n/e","295"
"Montenegro (ME)","25.07.2016 13:00 - 25.07.2016 14:00 (CET/CEST)","n/e","n/e","334"
"Montenegro (ME)","25.07.2016 14:00 - 25.07.2016 15:00 (CET/CEST)","n/e","n/e","335"
"Montenegro (ME)","25.07.2016 15:00 - 25.07.2016 16:00 (CET/CEST)","n/e","n/e","335"
"Montenegro (ME)","25.07.2016 16:00 - 25.07.2016 17:00 (CET/CEST)","n/e","n/e","308"
"Montenegro (ME)","25.07.2016 17:00 - 25.07.2016 18:00 (CET/CEST)","n/e","n/e","250"
"Montenegro (ME)","25.07.2016 18:00 - 25.07.2016 19:00 (CET/CEST)","n/e","n/e","315"
"Montenegro (ME)","25.07.2016 19:00 - 25.07.2016 20:00 (CET/CEST)","n/e","n/e","216"
"Montenegro (ME)","25.07.2016 20:00 - 25.07.2016 21:00 (CET/CEST)","n/e","n/e","332"
"Montenegro (ME)","25.07.2016 21:00 - 25.07.2016 22:00 (CET/CEST)","n/e","n/e","312"
"Montenegro (ME)","25.07.2016 22:00 - 25.07.2016 23:00 (CET/CEST)","n/e","n/e","0"
"Montenegro (ME)","25.07.2016 23:00 - 26.07.2016 00:00 (CET/CEST)","n/e","n/e","0"
"Montenegro (ME)","26.07.2016 00:00 - 26.07.2016 01:00 (CET/CEST)","n/e","n/e","0"
"Montenegro (ME)","26.07.2016 01:00 - 26.07.2016 02:00 (CET/CEST)","n/e","n/e","0"
"Montenegro (ME)","26.07.2016 02:00 - 26.07.2016 03:00 (CET/CEST)","n/e","n/e","0"
"Montenegro (ME)","26.07.2016 03:00 - 26.07.2016 04:00 (CET/CEST)","n/e","n/e","0"
"Montenegro (ME)","26.07.2016 04:00 - 26.07.2016 05:00 (CET/CEST)","n/e","n/e","0"
"Montenegro (ME)","26.07.2016 05:00 - 26.07.2016 06:00 (CET/CEST)","n/e","n/e","0"
"Montenegro (ME)","26.07.2016 06:00 - 26.07.2016 07:00 (CET/CEST)","n/e","n/e","0"
"Montenegro (ME)","26.07.2016 07:00 - 26.07.2016 08:00 (CET/CEST)","n/e","n/e","0"
"Montenegro (ME)","26.07.2016 08:00 - 26.07.2016 09:00 (CET/CEST)","n/e","n/e","101"
"Montenegro (ME)","26.07.2016 09:00 - 26.07.2016 10:00 (CET/CEST)","n/e","n/e","101"
"Montenegro (ME)","26.07.2016 10:00 - 26.07.2016 11:00 (CET/CEST)","n/e","n/e","219"
"Montenegro (ME)","26.07.2016 11:00 - 26.07.2016 12:00 (CET/CEST)","n/e","n/e","221"
"Montenegro (ME)","26.07.2016 12:00 - 26.07.2016 13:00 (CET/CEST)","n/e","n/e","235"
"Montenegro (ME)","26.07.2016 13:00 - 26.07.2016 14:00 (CET/CEST)","n/e","n/e","241"
"Montenegro (ME)","26.07.2016 14:00 - 26.07.2016 15:00 (CET/CEST)","n/e","n/e","280"
"Montenegro (ME)","26.07.2016 15:00 - 26.07.2016 16:00 (CET/CEST)","n/e","n/e","286"
"Montenegro (ME)","26.07.2016 16:00 - 26.07.2016 17:00 (CET/CEST)","n/e","n/e","102"
"Montenegro (ME)","26.07.2016 17:00 - 26.07.2016 18:00 (CET/CEST)","n/e","n/e","71"
"Montenegro (ME)","26.07.2016 18:00 - 26.07.2016 19:00 (CET/CEST)","n/e","n/e","72"
"Montenegro (ME)","26.07.2016 19:00 - 26.07.2016 20:00 (CET/CEST)","n/e","n/e","111"
"Montenegro (ME)","26.07.2016 20:00 - 26.07.2016 21:00 (CET/CEST)","n/e","n/e","110"
"Montenegro (ME)","26.07.2016 21:00 - 26.07.2016 22:00 (CET/CEST)","n/e","n/e","0"
"Montenegro (ME)","26.07.2016 22:00 - 26.07.2016 23:00 (CET/CEST)","n/e","n/e","0"
"Montenegro (ME)","26.07.2016 23:00 - 27.07.2016 00:00 (CET/CEST)","n/e","n/e","0"
"Montenegro (ME)","27.07.2016 00:00 - 27.07.2016 01:00 (CET/CEST)","n/e","n/e","0"
"Montenegro (ME)","27.07.2016 01:00 - 27.07.2016 02:00 (CET/CEST)","n/e","n/e","0"
"Montenegro (ME)","27.07.2016 02:00 - 27.07.2016 03:00 (CET/CEST)","n/e","n/e","0"
"Montenegro (ME)","27.07.2016 03:00 - 27.07.2016 04:00 (CET/CEST)","n/e","n/e","0"
"Montenegro (ME)","27.07.2016 04:00 - 27.07.2016 05:00 (CET/CEST)","n/e","n/e","0"
"Montenegro (ME)","27.07.2016 05:00 - 27.07.2016 06:00 (CET/CEST)","n/e","n/e","0"
"Montenegro (ME)","27.07.2016 06:00 - 27.07.2016 07:00 (CET/CEST)","n/e","n/e","0"
"Montenegro (ME)","27.07.2016 07:00 - 27.07.2016 08:00 (CET/CEST)","n/e","n/e","2"
"Montenegro (ME)","27.07.2016 08:00 - 27.07.2016 09:00 (CET/CEST)","n/e","n/e","113"
"Montenegro (ME)","27.07.2016 09:00 - 27.07.2016 10:00 (CET/CEST)","n/e","n/e","270"
"Montenegro (ME)","27.07.2016 10:00 - 27.07.2016 11:00 (CET/CEST)","n/e","n/e","265"
"Montenegro (ME)","27.07.2016 11:00 - 27.07.2016 12:00 (CET/CEST)","n/e","n/e","300"
"Montenegro (ME)","27.07.2016 12:00 - 27.07.2016 13:00 (CET/CEST)","n/e","n/e","156"
"Montenegro (ME)","27.07.2016 13:00 - 27.07.2016 14:00 (CET/CEST)","n/e","n/e","145"
"Montenegro (ME)","27.07.2016 14:00 - 27.07.2016 15:00 (CET/CEST)","n/e","n/e","141"
"Montenegro (ME)","27.07.2016 15:00 - 27.07.2016 16:00 (CET/CEST)","n/e","n/e","146"
"Montenegro (ME)","27.07.2016 16:00 - 27.07.2016 17:00 (CET/CEST)","n/e","n/e","270"
"Montenegro (ME)","27.07.2016 17:00 - 27.07.2016 18:00 (CET/CEST)","n/e","n/e","268"
"Montenegro (ME)","27.07.2016 18:00 - 27.07.2016 19:00 (CET/CEST)","n/e","n/e","197"
"Montenegro (ME)","27.07.2016 19:00 - 27.07.2016 20:00 (CET/CEST)","n/e","n/e","211"
"Montenegro (ME)","27.07.2016 20:00 - 27.07.2016 21:00 (CET/CEST)","n/e","n/e","211"
"Montenegro (ME)","27.07.2016 21:00 - 27.07.2016 22:00 (CET/CEST)","n/e","n/e","160"
"Montenegro (ME)","27.07.2016 22:00 - 27.07.2016 23:00 (CET/CEST)","n/e","n/e","100"
"Montenegro (ME)","27.07.2016 23:00 - 28.07.2016 00:00 (CET/CEST)","n/e","n/e","0"
"Montenegro (ME)","28.07.2016 00:00 - 28.07.2016 01:00 (CET/CEST)","n/e","n/e","0"
"Montenegro (ME)","28.07.2016 01:00 - 28.07.2016 02:00 (CET/CEST)","n/e","n/e","0"
"Montenegro (ME)","28.07.2016 02:00 - 28.07.2016 03:00 (CET/CEST)","n/e","n/e","0"
"Montenegro (ME)","28.07.2016 03:00 - 28.07.2016 04:00 (CET/CEST)","n/e","n/e","0"
"Montenegro (ME)","28.07.2016 04:00 - 28.07.2016 05:00 (CET/CEST)","n/e","n/e","0"
"Montenegro (ME)","28.07.2016 05:00 - 28.07.2016 06:00 (CET/CEST)","n/e","n/e","0"
"Montenegro (ME)","28.07.2016 06:00 - 28.07.2016 07:00 (CET/CEST)","n/e","n/e","0"
"Montenegro (ME)","28.07.2016 07:00 - 28.07.2016 08:00 (CET/CEST)","n/e","n/e","1"
"Montenegro (ME)","28.07.2016 08:00 - 28.07.2016 09:00 (CET/CEST)","n/e","n/e","181"
"Montenegro (ME)","28.07.2016 09:00 - 28.07.2016 10:00 (CET/CEST)","n/e","n/e","261"
"Montenegro (ME)","28.07.2016 10:00 - 28.07.2016 11:00 (CET/CEST)","n/e","n/e","210"
"Montenegro (ME)","28.07.2016 11:00 - 28.07.2016 12:00 (CET/CEST)","n/e","n/e","231"
"Montenegro (ME)","28.07.2016 12:00 - 28.07.2016 13:00 (CET/CEST)","n/e","n/e","221"
"Montenegro (ME)","28.07.2016 13:00 - 28.07.2016 14:00 (CET/CEST)","n/e","n/e","151"
"Montenegro (ME)","28.07.2016 14:00 - 28.07.2016 15:00 (CET/CEST)","n/e","n/e","170"
"Montenegro (ME)","28.07.2016 15:00 - 28.07.2016 16:00 (CET/CEST)","n/e","n/e","171"
"Montenegro (ME)","28.07.2016 16:00 - 28.07.2016 17:00 (CET/CEST)","n/e","n/e","161"
"Montenegro (ME)","28.07.2016 17:00 - 28.07.2016 18:00 (CET/CEST)","n/e","n/e","111"
"Montenegro (ME)","28.07.2016 18:00 - 28.07.2016 19:00 (CET/CEST)","n/e","n/e","72"
"Montenegro (ME)","28.07.2016 19:00 - 28.07.2016 20:00 (CET/CEST)","n/e","n/e","112"
"Montenegro (ME)","28.07.2016 20:00 - 28.07.2016 21:00 (CET/CEST)","n/e","n/e","219"
"Montenegro (ME)","28.07.2016 21:00 - 28.07.2016 22:00 (CET/CEST)","n/e","n/e","200"
"Montenegro (ME)","28.07.2016 22:00 - 28.07.2016 23:00 (CET/CEST)","n/e","n/e","71"
"Montenegro (ME)","28.07.2016 23:00 - 29.07.2016 00:00 (CET/CEST)","n/e","n/e","0"
"Montenegro (ME)","29.07.2016 00:00 - 29.07.2016 01:00 (CET/CEST)","n/e","n/e","0"
"Montenegro (ME)","29.07.2016 01:00 - 29.07.2016 02:00 (CET/CEST)","n/e","n/e","0"
"Montenegro (ME)","29.07.2016 02:00 - 29.07.2016 03:00 (CET/CEST)","n/e","n/e","0"
"Montenegro (ME)","29.07.2016 03:00 - 29.07.2016 04:00 (CET/CEST)","n/e","n/e","0"
"Montenegro (ME)","29.07.2016 04:00 - 29.07.2016 05:00 (CET/CEST)","n/e","n/e","0"
"Montenegro (ME)","29.07.2016 05:00 - 29.07.2016 06:00 (CET/CEST)","n/e","n/e","0"
"Montenegro (ME)","29.07.2016 06:00 - 29.07.2016 07:00 (CET/CEST)","n/e","n/e","0"
"Montenegro (ME)","29.07.2016 07:00 - 29.07.2016 08:00 (CET/CEST)","n/e","n/e","1"
"Montenegro (ME)","29.07.2016 08:00 - 29.07.2016 09:00 (CET/CEST)","n/e","n/e","231"
"Montenegro (ME)","29.07.2016 09:00 - 29.07.2016 10:00 (CET/CEST)","n/e","n/e","261"
"Montenegro (ME)","29.07.2016 10:00 - 29.07.2016 11:00 (CET/CEST)","n/e","n/e","211"
"Montenegro (ME)","29.07.2016 11:00 - 29.07.2016 12:00 (CET/CEST)","n/e","n/e","152"
"Montenegro (ME)","29.07.2016 12:00 - 29.07.2016 13:00 (CET/CEST)","n/e","n/e","164"
"Montenegro (ME)","29.07.2016 13:00 - 29.07.2016 14:00 (CET/CEST)","n/e","n/e","141"
"Montenegro (ME)","29.07.2016 14:00 - 29.07.2016 15:00 (CET/CEST)","n/e","n/e","143"
"Montenegro (ME)","29.07.2016 15:00 - 29.07.2016 16:00 (CET/CEST)","n/e","n/e","180"
"Montenegro (ME)","29.07.2016 16:00 - 29.07.2016 17:00 (CET/CEST)","n/e","n/e","0"
"Montenegro (ME)","29.07.2016 17:00 - 29.07.2016 18:00 (CET/CEST)","n/e","n/e","0"
"Montenegro (ME)","29.07.2016 18:00 - 29.07.2016 19:00 (CET/CEST)","n/e","n/e","0"
"Montenegro (ME)","29.07.2016 19:00 - 29.07.2016 20:00 (CET/CEST)","n/e","n/e","1"
"Montenegro (ME)","29.07.2016 20:00 - 29.07.2016 21:00 (CET/CEST)","n/e","n/e","111"
"Montenegro (ME)","29.07.2016 21:00 - 29.07.2016 22:00 (CET/CEST)","n/e","n/e","71"
"Montenegro (ME)","29.07.2016 22:00 - 29.07.2016 23:00 (CET/CEST)","n/e","n/e","0"
"Montenegro (ME)","29.07.2016 23:00 - 30.07.2016 00:00 (CET/CEST)","n/e","n/e","0"
"Montenegro (ME)","30.07.2016 00:00 - 30.07.2016 01:00 (CET/CEST)","n/e","n/e","0"
"Montenegro (ME)","30.07.2016 01:00 - 30.07.2016 02:00 (CET/CEST)","n/e","n/e","0"
"Montenegro (ME)","30.07.2016 02:00 - 30.07.2016 03:00 (CET/CEST)","n/e","n/e","0"
"Montenegro (ME)","30.07.2016 03:00 - 30.07.2016 04:00 (CET/CEST)","n/e","n/e","0"
"Montenegro (ME)","30.07.2016 04:00 - 30.07.2016 05:00 (CET/CEST)","n/e","n/e","0"
"Montenegro (ME)","30.07.2016 05:00 - 30.07.2016 06:00 (CET/CEST)","n/e","n/e","0"
"Montenegro (ME)","30.07.2016 06:00 - 30.07.2016 07:00 (CET/CEST)","n/e","n/e","0"
"Montenegro (ME)","30.07.2016 07:00 - 30.07.2016 08:00 (CET/CEST)","n/e","n/e","0"
"Montenegro (ME)","30.07.2016 08:00 - 30.07.2016 09:00 (CET/CEST)","n/e","n/e","0"
"Montenegro (ME)","30.07.2016 09:00 - 30.07.2016 10:00 (CET/CEST)","n/e","n/e","0"
"Montenegro (ME)","30.07.2016 10:00 - 30.07.2016 11:00 (CET/CEST)","n/e","n/e","0"
"Montenegro (ME)","30.07.2016 11:00 - 30.07.2016 12:00 (CET/CEST)","n/e","n/e","0"
"Montenegro (ME)","30.07.2016 12:00 - 30.07.2016 13:00 (CET/CEST)","n/e","n/e","0"
"Montenegro (ME)","30.07.2016 13:00 - 30.07.2016 14:00 (CET/CEST)","n/e","n/e","0"
"Montenegro (ME)","30.07.2016 14:00 - 30.07.2016 15:00 (CET/CEST)","n/e","n/e","0"
"Montenegro (ME)","30.07.2016 15:00 - 30.07.2016 16:00 (CET/CEST)","n/e","n/e","0"
"Montenegro (ME)","30.07.2016 16:00 - 30.07.2016 17:00 (CET/CEST)","n/e","n/e","0"
"Montenegro (ME)","30.07.2016 17:00 - 30.07.2016 18:00 (CET/CEST)","n/e","n/e","0"
"Montenegro (ME)","30.07.2016 18:00 - 30.07.2016 19:00 (CET/CEST)","n/e","n/e","0"
"Montenegro (ME)","30.07.2016 19:00 - 30.07.2016 20:00 (CET/CEST)","n/e","n/e","0"
"Montenegro (ME)","30.07.2016 20:00 - 30.07.2016 21:00 (CET/CEST)","n/e","n/e","0"
"Montenegro (ME)","30.07.2016 21:00 - 30.07.2016 22:00 (CET/CEST)","n/e","n/e","0"
"Montenegro (ME)","30.07.2016 22:00 - 30.07.2016 23:00 (CET/CEST)","n/e","n/e","0"
"Montenegro (ME)","30.07.2016 23:00 - 31.07.2016 00:00 (CET/CEST)","n/e","n/e","0"
"Montenegro (ME)","31.07.2016 00:00 - 31.07.2016 01:00 (CET/CEST)","n/e","n/e","0"
"Montenegro (ME)","31.07.2016 01:00 - 31.07.2016 02:00 (CET/CEST)","n/e","n/e","0"
"Montenegro (ME)","31.07.2016 02:00 - 31.07.2016 03:00 (CET/CEST)","n/e","n/e","0"
"Montenegro (ME)","31.07.2016 03:00 - 31.07.2016 04:00 (CET/CEST)","n/e","n/e","0"
"Montenegro (ME)","31.07.2016 04:00 - 31.07.2016 05:00 (CET/CEST)","n/e","n/e","0"
"Montenegro (ME)","31.07.2016 05:00 - 31.07.2016 06:00 (CET/CEST)","n/e","n/e","0"
"Montenegro (ME)","31.07.2016 06:00 - 31.07.2016 07:00 (CET/CEST)","n/e","n/e","0"
"Montenegro (ME)","31.07.2016 07:00 - 31.07.2016 08:00 (CET/CEST)","n/e","n/e","0"
"Montenegro (ME)","31.07.2016 08:00 - 31.07.2016 09:00 (CET/CEST)","n/e","n/e","0"
"Montenegro (ME)","31.07.2016 09:00 - 31.07.2016 10:00 (CET/CEST)","n/e","n/e","0"
"Montenegro (ME)","31.07.2016 10:00 - 31.07.2016 11:00 (CET/CEST)","n/e","n/e","0"
"Montenegro (ME)","31.07.2016 11:00 - 31.07.2016 12:00 (CET/CEST)","n/e","n/e","0"
"Montenegro (ME)","31.07.2016 12:00 - 31.07.2016 13:00 (CET/CEST)","n/e","n/e","0"
"Montenegro (ME)","31.07.2016 13:00 - 31.07.2016 14:00 (CET/CEST)","n/e","n/e","0"
"Montenegro (ME)","31.07.2016 14:00 - 31.07.2016 15:00 (CET/CEST)","n/e","n/e","0"
"Montenegro (ME)","31.07.2016 15:00 - 31.07.2016 16:00 (CET/CEST)","n/e","n/e","0"
"Montenegro (ME)","31.07.2016 16:00 - 31.07.2016 17:00 (CET/CEST)","n/e","n/e","0"
"Montenegro (ME)","31.07.2016 17:00 - 31.07.2016 18:00 (CET/CEST)","n/e","n/e","0"
"Montenegro (ME)","31.07.2016 18:00 - 31.07.2016 19:00 (CET/CEST)","n/e","n/e","0"
"Montenegro (ME)","31.07.2016 19:00 - 31.07.2016 20:00 (CET/CEST)","n/e","n/e","0"
"Montenegro (ME)","31.07.2016 20:00 - 31.07.2016 21:00 (CET/CEST)","n/e","n/e","0"
"Montenegro (ME)","31.07.2016 21:00 - 31.07.2016 22:00 (CET/CEST)","n/e","n/e","0"
"Montenegro (ME)","31.07.2016 22:00 - 31.07.2016 23:00 (CET/CEST)","n/e","n/e","0"
"Montenegro (ME)","31.07.2016 23:00 - 01.08.2016 00:00 (CET/CEST)","n/e","n/e","0"
"Montenegro (ME)","01.08.2016 00:00 - 01.08.2016 01:00 (CET/CEST)","n/e","n/e","0"
"Montenegro (ME)","01.08.2016 01:00 - 01.08.2016 02:00 (CET/CEST)","n/e","n/e","0"
"Montenegro (ME)","01.08.2016 02:00 - 01.08.2016 03:00 (CET/CEST)","n/e","n/e","0"
"Montenegro (ME)","01.08.2016 03:00 - 01.08.2016 04:00 (CET/CEST)","n/e","n/e","0"
"Montenegro (ME)","01.08.2016 04:00 - 01.08.2016 05:00 (CET/CEST)","n/e","n/e","0"
"Montenegro (ME)","01.08.2016 05:00 - 01.08.2016 06:00 (CET/CEST)","n/e","n/e","0"
"Montenegro (ME)","01.08.2016 06:00 - 01.08.2016 07:00 (CET/CEST)","n/e","n/e","0"
"Montenegro (ME)","01.08.2016 07:00 - 01.08.2016 08:00 (CET/CEST)","n/e","n/e","0"
"Montenegro (ME)","01.08.2016 08:00 - 01.08.2016 09:00 (CET/CEST)","n/e","n/e","111"
"Montenegro (ME)","01.08.2016 09:00 - 01.08.2016 10:00 (CET/CEST)","n/e","n/e","151"
"Montenegro (ME)","01.08.2016 10:00 - 01.08.2016 11:00 (CET/CEST)","n/e","n/e","180"
"Montenegro (ME)","01.08.2016 11:00 - 01.08.2016 12:00 (CET/CEST)","n/e","n/e","141"
"Montenegro (ME)","01.08.2016 12:00 - 01.08.2016 13:00 (CET/CEST)","n/e","n/e","199"
"Montenegro (ME)","01.08.2016 13:00 - 01.08.2016 14:00 (CET/CEST)","n/e","n/e","221"
"Montenegro (ME)","01.08.2016 14:00 - 01.08.2016 15:00 (CET/CEST)","n/e","n/e","220"
"Montenegro (ME)","01.08.2016 15:00 - 01.08.2016 16:00 (CET/CEST)","n/e","n/e","142"
"Montenegro (ME)","01.08.2016 16:00 - 01.08.2016 17:00 (CET/CEST)","n/e","n/e","141"
"Montenegro (ME)","01.08.2016 17:00 - 01.08.2016 18:00 (CET/CEST)","n/e","n/e","0"
"Montenegro (ME)","01.08.2016 18:00 - 01.08.2016 19:00 (CET/CEST)","n/e","n/e","0"
"Montenegro (ME)","01.08.2016 19:00 - 01.08.2016 20:00 (CET/CEST)","n/e","n/e","0"
"Montenegro (ME)","01.08.2016 20:00 - 01.08.2016 21:00 (CET/CEST)","n/e","n/e","141"
"Montenegro (ME)","01.08.2016 21:00 - 01.08.2016 22:00 (CET/CEST)","n/e","n/e","141"
"Montenegro (ME)","01.08.2016 22:00 - 01.08.2016 23:00 (CET/CEST)","n/e","n/e","141"
"Montenegro (ME)","01.08.2016 23:00 - 02.08.2016 00:00 (CET/CEST)","n/e","n/e","0"
"Montenegro (ME)","02.08.2016 00:00 - 02.08.2016 01:00 (CET/CEST)","n/e","n/e","0"
"Montenegro (ME)","02.08.2016 01:00 - 02.08.2016 02:00 (CET/CEST)","n/e","n/e","0"
"Montenegro (ME)","02.08.2016 02:00 - 02.08.2016 03:00 (CET/CEST)","n/e","n/e","0"
"Montenegro (ME)","02.08.2016 03:00 - 02.08.2016 04:00 (CET/CEST)","n/e","n/e","0"
"Montenegro (ME)","02.08.2016 04:00 - 02.08.2016 05:00 (CET/CEST)","n/e","n/e","0"
"Montenegro (ME)","02.08.2016 05:00 - 02.08.2016 06:00 (CET/CEST)","n/e","n/e","0"
"Montenegro (ME)","02.08.2016 06:00 - 02.08.2016 07:00 (CET/CEST)","n/e","n/e","0"
"Montenegro (ME)","02.08.2016 07:00 - 02.08.2016 08:00 (CET/CEST)","n/e","n/e","0"
"Montenegro (ME)","02.08.2016 08:00 - 02.08.2016 09:00 (CET/CEST)","n/e","n/e","195"
"Montenegro (ME)","02.08.2016 09:00 - 02.08.2016 10:00 (CET/CEST)","n/e","n/e","216"
"Montenegro (ME)","02.08.2016 10:00 - 02.08.2016 11:00 (CET/CEST)","n/e","n/e","211"
"Montenegro (ME)","02.08.2016 11:00 - 02.08.2016 12:00 (CET/CEST)","n/e","n/e","211"
"Montenegro (ME)","02.08.2016 12:00 - 02.08.2016 13:00 (CET/CEST)","n/e","n/e","93"
"Montenegro (ME)","02.08.2016 13:00 - 02.08.2016 14:00 (CET/CEST)","n/e","n/e","93"
"Montenegro (ME)","02.08.2016 14:00 - 02.08.2016 15:00 (CET/CEST)","n/e","n/e","95"
"Montenegro (ME)","02.08.2016 15:00 - 02.08.2016 16:00 (CET/CEST)","n/e","n/e","110"
"Montenegro (ME)","02.08.2016 16:00 - 02.08.2016 17:00 (CET/CEST)","n/e","n/e","160"
"Montenegro (ME)","02.08.2016 17:00 - 02.08.2016 18:00 (CET/CEST)","n/e","n/e","142"
"Montenegro (ME)","02.08.2016 18:00 - 02.08.2016 19:00 (CET/CEST)","n/e","n/e","181"
"Montenegro (ME)","02.08.2016 19:00 - 02.08.2016 20:00 (CET/CEST)","n/e","n/e","181"
"Montenegro (ME)","02.08.2016 20:00 - 02.08.2016 21:00 (CET/CEST)","n/e","n/e","219"
"Montenegro (ME)","02.08.2016 21:00 - 02.08.2016 22:00 (CET/CEST)","n/e","n/e","220"
"Montenegro (ME)","02.08.2016 22:00 - 02.08.2016 23:00 (CET/CEST)","n/e","n/e","72"
"Montenegro (ME)","02.08.2016 23:00 - 03.08.2016 00:00 (CET/CEST)","n/e","n/e","0"
"Montenegro (ME)","03.08.2016 00:00 - 03.08.2016 01:00 (CET/CEST)","n/e","n/e","0"
"Montenegro (ME)","03.08.2016 01:00 - 03.08.2016 02:00 (CET/CEST)","n/e","n/e","0"
"Montenegro (ME)","03.08.2016 02:00 - 03.08.2016 03:00 (CET/CEST)","n/e","n/e","0"
"Montenegro (ME)","03.08.2016 03:00 - 03.08.2016 04:00 (CET/CEST)","n/e","n/e","0"
"Montenegro (ME)","03.08.2016 04:00 - 03.08.2016 05:00 (CET/CEST)","n/e","n/e","0"
"Montenegro (ME)","03.08.2016 05:00 - 03.08.2016 06:00 (CET/CEST)","n/e","n/e","0"
"Montenegro (ME)","03.08.2016 06:00 - 03.08.2016 07:00 (CET/CEST)","n/e","n/e","0"
"Montenegro (ME)","03.08.2016 07:00 - 03.08.2016 08:00 (CET/CEST)","n/e","n/e","0"
"Montenegro (ME)","03.08.2016 08:00 - 03.08.2016 09:00 (CET/CEST)","n/e","n/e","0"
"Montenegro (ME)","03.08.2016 09:00 - 03.08.2016 10:00 (CET/CEST)","n/e","n/e","111"
"Montenegro (ME)","03.08.2016 10:00 - 03.08.2016 11:00 (CET/CEST)","n/e","n/e","0"
"Montenegro (ME)","03.08.2016 11:00 - 03.08.2016 12:00 (CET/CEST)","n/e","n/e","0"
"Montenegro (ME)","03.08.2016 12:00 - 03.08.2016 13:00 (CET/CEST)","n/e","n/e","0"
"Montenegro (ME)","03.08.2016 13:00 - 03.08.2016 14:00 (CET/CEST)","n/e","n/e","0"
"Montenegro (ME)","03.08.2016 14:00 - 03.08.2016 15:00 (CET/CEST)","n/e","n/e","0"
"Montenegro (ME)","03.08.2016 15:00 - 03.08.2016 16:00 (CET/CEST)","n/e","n/e","0"
"Montenegro (ME)","03.08.2016 16:00 - 03.08.2016 17:00 (CET/CEST)","n/e","n/e","0"
"Montenegro (ME)","03.08.2016 17:00 - 03.08.2016 18:00 (CET/CEST)","n/e","n/e","0"
"Montenegro (ME)","03.08.2016 18:00 - 03.08.2016 19:00 (CET/CEST)","n/e","n/e","0"
"Montenegro (ME)","03.08.2016 19:00 - 03.08.2016 20:00 (CET/CEST)","n/e","n/e","0"
"Montenegro (ME)","03.08.2016 20:00 - 03.08.2016 21:00 (CET/CEST)","n/e","n/e","0"
"Montenegro (ME)","03.08.2016 21:00 - 03.08.2016 22:00 (CET/CEST)","n/e","n/e","0"
"Montenegro (ME)","03.08.2016 22:00 - 03.08.2016 23:00 (CET/CEST)","n/e","n/e","0"
"Montenegro (ME)","03.08.2016 23:00 - 04.08.2016 00:00 (CET/CEST)","n/e","n/e","0"
"Montenegro (ME)","04.08.2016 00:00 - 04.08.2016 01:00 (CET/CEST)","n/e","n/e","0"
"Montenegro (ME)","04.08.2016 01:00 - 04.08.2016 02:00 (CET/CEST)","n/e","n/e","0"
"Montenegro (ME)","04.08.2016 02:00 - 04.08.2016 03:00 (CET/CEST)","n/e","n/e","0"
"Montenegro (ME)","04.08.2016 03:00 - 04.08.2016 04:00 (CET/CEST)","n/e","n/e","0"
"Montenegro (ME)","04.08.2016 04:00 - 04.08.2016 05:00 (CET/CEST)","n/e","n/e","0"
"Montenegro (ME)","04.08.2016 05:00 - 04.08.2016 06:00 (CET/CEST)","n/e","n/e","0"
"Montenegro (ME)","04.08.2016 06:00 - 04.08.2016 07:00 (CET/CEST)","n/e","n/e","0"
"Montenegro (ME)","04.08.2016 07:00 - 04.08.2016 08:00 (CET/CEST)","n/e","n/e","0"
"Montenegro (ME)","04.08.2016 08:00 - 04.08.2016 09:00 (CET/CEST)","n/e","n/e","72"
"Montenegro (ME)","04.08.2016 09:00 - 04.08.2016 10:00 (CET/CEST)","n/e","n/e","110"
"Montenegro (ME)","04.08.2016 10:00 - 04.08.2016 11:00 (CET/CEST)","n/e","n/e","111"
"Montenegro (ME)","04.08.2016 11:00 - 04.08.2016 12:00 (CET/CEST)","n/e","n/e","82"
"Montenegro (ME)","04.08.2016 12:00 - 04.08.2016 13:00 (CET/CEST)","n/e","n/e","0"
"Montenegro (ME)","04.08.2016 13:00 - 04.08.2016 14:00 (CET/CEST)","n/e","n/e","0"
"Montenegro (ME)","04.08.2016 14:00 - 04.08.2016 15:00 (CET/CEST)","n/e","n/e","70"
"Montenegro (ME)","04.08.2016 15:00 - 04.08.2016 16:00 (CET/CEST)","n/e","n/e","72"
"Montenegro (ME)","04.08.2016 16:00 - 04.08.2016 17:00 (CET/CEST)","n/e","n/e","190"
"Montenegro (ME)","04.08.2016 17:00 - 04.08.2016 18:00 (CET/CEST)","n/e","n/e","142"
"Montenegro (ME)","04.08.2016 18:00 - 04.08.2016 19:00 (CET/CEST)","n/e","n/e","192"
"Montenegro (ME)","04.08.2016 19:00 - 04.08.2016 20:00 (CET/CEST)","n/e","n/e","271"
"Montenegro (ME)","04.08.2016 20:00 - 04.08.2016 21:00 (CET/CEST)","n/e","n/e","291"
"Montenegro (ME)","04.08.2016 21:00 - 04.08.2016 22:00 (CET/CEST)","n/e","n/e","271"
"Montenegro (ME)","04.08.2016 22:00 - 04.08.2016 23:00 (CET/CEST)","n/e","n/e","81"
"Montenegro (ME)","04.08.2016 23:00 - 05.08.2016 00:00 (CET/CEST)","n/e","n/e","0"
"Montenegro (ME)","05.08.2016 00:00 - 05.08.2016 01:00 (CET/CEST)","n/e","n/e","0"
"Montenegro (ME)","05.08.2016 01:00 - 05.08.2016 02:00 (CET/CEST)","n/e","n/e","0"
"Montenegro (ME)","05.08.2016 02:00 - 05.08.2016 03:00 (CET/CEST)","n/e","n/e","0"
"Montenegro (ME)","05.08.2016 03:00 - 05.08.2016 04:00 (CET/CEST)","n/e","n/e","0"
"Montenegro (ME)","05.08.2016 04:00 - 05.08.2016 05:00 (CET/CEST)","n/e","n/e","0"
"Montenegro (ME)","05.08.2016 05:00 - 05.08.2016 06:00 (CET/CEST)","n/e","n/e","0"
"Montenegro (ME)","05.08.2016 06:00 - 05.08.2016 07:00 (CET/CEST)","n/e","n/e","0"
"Montenegro (ME)","05.08.2016 07:00 - 05.08.2016 08:00 (CET/CEST)","n/e","n/e","0"
"Montenegro (ME)","05.08.2016 08:00 - 05.08.2016 09:00 (CET/CEST)","n/e","n/e","201"
"Montenegro (ME)","05.08.2016 09:00 - 05.08.2016 10:00 (CET/CEST)","n/e","n/e","162"
"Montenegro (ME)","05.08.2016 10:00 - 05.08.2016 11:00 (CET/CEST)","n/e","n/e","221"
"Montenegro (ME)","05.08.2016 11:00 - 05.08.2016 12:00 (CET/CEST)","n/e","n/e","111"
"Montenegro (ME)","05.08.2016 12:00 - 05.08.2016 13:00 (CET/CEST)","n/e","n/e","0"
"Montenegro (ME)","05.08.2016 13:00 - 05.08.2016 14:00 (CET/CEST)","n/e","n/e","0"
"Montenegro (ME)","05.08.2016 14:00 - 05.08.2016 15:00 (CET/CEST)","n/e","n/e","0"
"Montenegro (ME)","05.08.2016 15:00 - 05.08.2016 16:00 (CET/CEST)","n/e","n/e","0"
"Montenegro (ME)","05.08.2016 16:00 - 05.08.2016 17:00 (CET/CEST)","n/e","n/e","0"
"Montenegro (ME)","05.08.2016 17:00 - 05.08.2016 18:00 (CET/CEST)","n/e","n/e","0"
"Montenegro (ME)","05.08.2016 18:00 - 05.08.2016 19:00 (CET/CEST)","n/e","n/e","0"
"Montenegro (ME)","05.08.2016 19:00 - 05.08.2016 20:00 (CET/CEST)","n/e","n/e","1"
"Montenegro (ME)","05.08.2016 20:00 - 05.08.2016 21:00 (CET/CEST)","n/e","n/e","221"
"Montenegro (ME)","05.08.2016 21:00 - 05.08.2016 22:00 (CET/CEST)","n/e","n/e","161"
"Montenegro (ME)","05.08.2016 22:00 - 05.08.2016 23:00 (CET/CEST)","n/e","n/e","0"
"Montenegro (ME)","05.08.2016 23:00 - 06.08.2016 00:00 (CET/CEST)","n/e","n/e","0"
"Montenegro (ME)","06.08.2016 00:00 - 06.08.2016 01:00 (CET/CEST)","n/e","n/e","0"
"Montenegro (ME)","06.08.2016 01:00 - 06.08.2016 02:00 (CET/CEST)","n/e","n/e","0"
"Montenegro (ME)","06.08.2016 02:00 - 06.08.2016 03:00 (CET/CEST)","n/e","n/e","0"
"Montenegro (ME)","06.08.2016 03:00 - 06.08.2016 04:00 (CET/CEST)","n/e","n/e","0"
"Montenegro (ME)","06.08.2016 04:00 - 06.08.2016 05:00 (CET/CEST)","n/e","n/e","0"
"Montenegro (ME)","06.08.2016 05:00 - 06.08.2016 06:00 (CET/CEST)","n/e","n/e","0"
"Montenegro (ME)","06.08.2016 06:00 - 06.08.2016 07:00 (CET/CEST)","n/e","n/e","0"
"Montenegro (ME)","06.08.2016 07:00 - 06.08.2016 08:00 (CET/CEST)","n/e","n/e","0"
"Montenegro (ME)","06.08.2016 08:00 - 06.08.2016 09:00 (CET/CEST)","n/e","n/e","0"
"Montenegro (ME)","06.08.2016 09:00 - 06.08.2016 10:00 (CET/CEST)","n/e","n/e","0"
"Montenegro (ME)","06.08.2016 10:00 - 06.08.2016 11:00 (CET/CEST)","n/e","n/e","0"
"Montenegro (ME)","06.08.2016 11:00 - 06.08.2016 12:00 (CET/CEST)","n/e","n/e","0"
"Montenegro (ME)","06.08.2016 12:00 - 06.08.2016 13:00 (CET/CEST)","n/e","n/e","0"
"Montenegro (ME)","06.08.2016 13:00 - 06.08.2016 14:00 (CET/CEST)","n/e","n/e","0"
"Montenegro (ME)","06.08.2016 14:00 - 06.08.2016 15:00 (CET/CEST)","n/e","n/e","0"
"Montenegro (ME)","06.08.2016 15:00 - 06.08.2016 16:00 (CET/CEST)","n/e","n/e","0"
"Montenegro (ME)","06.08.2016 16:00 - 06.08.2016 17:00 (CET/CEST)","n/e","n/e","0"
"Montenegro (ME)","06.08.2016 17:00 - 06.08.2016 18:00 (CET/CEST)","n/e","n/e","0"
"Montenegro (ME)","06.08.2016 18:00 - 06.08.2016 19:00 (CET/CEST)","n/e","n/e","0"
"Montenegro (ME)","06.08.2016 19:00 - 06.08.2016 20:00 (CET/CEST)","n/e","n/e","72"
"Montenegro (ME)","06.08.2016 20:00 - 06.08.2016 21:00 (CET/CEST)","n/e","n/e","226"
"Montenegro (ME)","06.08.2016 21:00 - 06.08.2016 22:00 (CET/CEST)","n/e","n/e","200"
"Montenegro (ME)","06.08.2016 22:00 - 06.08.2016 23:00 (CET/CEST)","n/e","n/e","0"
"Montenegro (ME)","06.08.2016 23:00 - 07.08.2016 00:00 (CET/CEST)","n/e","n/e","0"
"Montenegro (ME)","07.08.2016 00:00 - 07.08.2016 01:00 (CET/CEST)","n/e","n/e","0"
"Montenegro (ME)","07.08.2016 01:00 - 07.08.2016 02:00 (CET/CEST)","n/e","n/e","0"
"Montenegro (ME)","07.08.2016 02:00 - 07.08.2016 03:00 (CET/CEST)","n/e","n/e","0"
"Montenegro (ME)","07.08.2016 03:00 - 07.08.2016 04:00 (CET/CEST)","n/e","n/e","0"
"Montenegro (ME)","07.08.2016 04:00 - 07.08.2016 05:00 (CET/CEST)","n/e","n/e","0"
"Montenegro (ME)","07.08.2016 05:00 - 07.08.2016 06:00 (CET/CEST)","n/e","n/e","0"
"Montenegro (ME)","07.08.2016 06:00 - 07.08.2016 07:00 (CET/CEST)","n/e","n/e","0"
"Montenegro (ME)","07.08.2016 07:00 - 07.08.2016 08:00 (CET/CEST)","n/e","n/e","0"
"Montenegro (ME)","07.08.2016 08:00 - 07.08.2016 09:00 (CET/CEST)","n/e","n/e","0"
"Montenegro (ME)","07.08.2016 09:00 - 07.08.2016 10:00 (CET/CEST)","n/e","n/e","0"
"Montenegro (ME)","07.08.2016 10:00 - 07.08.2016 11:00 (CET/CEST)","n/e","n/e","0"
"Montenegro (ME)","07.08.2016 11:00 - 07.08.2016 12:00 (CET/CEST)","n/e","n/e","0"
"Montenegro (ME)","07.08.2016 12:00 - 07.08.2016 13:00 (CET/CEST)","n/e","n/e","0"
"Montenegro (ME)","07.08.2016 13:00 - 07.08.2016 14:00 (CET/CEST)","n/e","n/e","0"
"Montenegro (ME)","07.08.2016 14:00 - 07.08.2016 15:00 (CET/CEST)","n/e","n/e","0"
"Montenegro (ME)","07.08.2016 15:00 - 07.08.2016 16:00 (CET/CEST)","n/e","n/e","0"
"Montenegro (ME)","07.08.2016 16:00 - 07.08.2016 17:00 (CET/CEST)","n/e","n/e","0"
"Montenegro (ME)","07.08.2016 17:00 - 07.08.2016 18:00 (CET/CEST)","n/e","n/e","0"
"Montenegro (ME)","07.08.2016 18:00 - 07.08.2016 19:00 (CET/CEST)","n/e","n/e","0"
"Montenegro (ME)","07.08.2016 19:00 - 07.08.2016 20:00 (CET/CEST)","n/e","n/e","0"
"Montenegro (ME)","07.08.2016 20:00 - 07.08.2016 21:00 (CET/CEST)","n/e","n/e","0"
"Montenegro (ME)","07.08.2016 21:00 - 07.08.2016 22:00 (CET/CEST)","n/e","n/e","0"
"Montenegro (ME)","07.08.2016 22:00 - 07.08.2016 23:00 (CET/CEST)","n/e","n/e","0"
"Montenegro (ME)","07.08.2016 23:00 - 08.08.2016 00:00 (CET/CEST)","n/e","n/e","0"
"Montenegro (ME)","08.08.2016 00:00 - 08.08.2016 01:00 (CET/CEST)","n/e","n/e","0"
"Montenegro (ME)","08.08.2016 01:00 - 08.08.2016 02:00 (CET/CEST)","n/e","n/e","0"
"Montenegro (ME)","08.08.2016 02:00 - 08.08.2016 03:00 (CET/CEST)","n/e","n/e","0"
"Montenegro (ME)","08.08.2016 03:00 - 08.08.2016 04:00 (CET/CEST)","n/e","n/e","0"
"Montenegro (ME)","08.08.2016 04:00 - 08.08.2016 05:00 (CET/CEST)","n/e","n/e","0"
"Montenegro (ME)","08.08.2016 05:00 - 08.08.2016 06:00 (CET/CEST)","n/e","n/e","0"
"Montenegro (ME)","08.08.2016 06:00 - 08.08.2016 07:00 (CET/CEST)","n/e","n/e","0"
"Montenegro (ME)","08.08.2016 07:00 - 08.08.2016 08:00 (CET/CEST)","n/e","n/e","0"
"Montenegro (ME)","08.08.2016 08:00 - 08.08.2016 09:00 (CET/CEST)","n/e","n/e","72"
"Montenegro (ME)","08.08.2016 09:00 - 08.08.2016 10:00 (CET/CEST)","n/e","n/e","71"
"Montenegro (ME)","08.08.2016 10:00 - 08.08.2016 11:00 (CET/CEST)","n/e","n/e","72"
"Montenegro (ME)","08.08.2016 11:00 - 08.08.2016 12:00 (CET/CEST)","n/e","n/e","110"
"Montenegro (ME)","08.08.2016 12:00 - 08.08.2016 13:00 (CET/CEST)","n/e","n/e","111"
"Montenegro (ME)","08.08.2016 13:00 - 08.08.2016 14:00 (CET/CEST)","n/e","n/e","270"
"Montenegro (ME)","08.08.2016 14:00 - 08.08.2016 15:00 (CET/CEST)","n/e","n/e","263"
"Montenegro (ME)","08.08.2016 15:00 - 08.08.2016 16:00 (CET/CEST)","n/e","n/e","260"
"Montenegro (ME)","08.08.2016 16:00 - 08.08.2016 17:00 (CET/CEST)","n/e","n/e","72"
"Montenegro (ME)","08.08.2016 17:00 - 08.08.2016 18:00 (CET/CEST)","n/e","n/e","71"
"Montenegro (ME)","08.08.2016 18:00 - 08.08.2016 19:00 (CET/CEST)","n/e","n/e","72"
"Montenegro (ME)","08.08.2016 19:00 - 08.08.2016 20:00 (CET/CEST)","n/e","n/e","73"
"Montenegro (ME)","08.08.2016 20:00 - 08.08.2016 21:00 (CET/CEST)","n/e","n/e","98"
"Montenegro (ME)","08.08.2016 21:00 - 08.08.2016 22:00 (CET/CEST)","n/e","n/e","0"
"Montenegro (ME)","08.08.2016 22:00 - 08.08.2016 23:00 (CET/CEST)","n/e","n/e","0"
"Montenegro (ME)","08.08.2016 23:00 - 09.08.2016 00:00 (CET/CEST)","n/e","n/e","0"
"Montenegro (ME)","09.08.2016 00:00 - 09.08.2016 01:00 (CET/CEST)","n/e","n/e","0"
"Montenegro (ME)","09.08.2016 01:00 - 09.08.2016 02:00 (CET/CEST)","n/e","n/e","0"
"Montenegro (ME)","09.08.2016 02:00 - 09.08.2016 03:00 (CET/CEST)","n/e","n/e","0"
"Montenegro (ME)","09.08.2016 03:00 - 09.08.2016 04:00 (CET/CEST)","n/e","n/e","0"
"Montenegro (ME)","09.08.2016 04:00 - 09.08.2016 05:00 (CET/CEST)","n/e","n/e","0"
"Montenegro (ME)","09.08.2016 05:00 - 09.08.2016 06:00 (CET/CEST)","n/e","n/e","0"
"Montenegro (ME)","09.08.2016 06:00 - 09.08.2016 07:00 (CET/CEST)","n/e","n/e","0"
"Montenegro (ME)","09.08.2016 07:00 - 09.08.2016 08:00 (CET/CEST)","n/e","n/e","0"
"Montenegro (ME)","09.08.2016 08:00 - 09.08.2016 09:00 (CET/CEST)","n/e","n/e","81"
"Montenegro (ME)","09.08.2016 09:00 - 09.08.2016 10:00 (CET/CEST)","n/e","n/e","110"
"Montenegro (ME)","09.08.2016 10:00 - 09.08.2016 11:00 (CET/CEST)","n/e","n/e","82"
"Montenegro (ME)","09.08.2016 11:00 - 09.08.2016 12:00 (CET/CEST)","n/e","n/e","112"
"Montenegro (ME)","09.08.2016 12:00 - 09.08.2016 13:00 (CET/CEST)","n/e","n/e","225"
"Montenegro (ME)","09.08.2016 13:00 - 09.08.2016 14:00 (CET/CEST)","n/e","n/e","215"
"Montenegro (ME)","09.08.2016 14:00 - 09.08.2016 15:00 (CET/CEST)","n/e","n/e","173"
"Montenegro (ME)","09.08.2016 15:00 - 09.08.2016 16:00 (CET/CEST)","n/e","n/e","149"
"Montenegro (ME)","09.08.2016 16:00 - 09.08.2016 17:00 (CET/CEST)","n/e","n/e","94"
"Montenegro (ME)","09.08.2016 17:00 - 09.08.2016 18:00 (CET/CEST)","n/e","n/e","81"
"Montenegro (ME)","09.08.2016 18:00 - 09.08.2016 19:00 (CET/CEST)","n/e","n/e","95"
"Montenegro (ME)","09.08.2016 19:00 - 09.08.2016 20:00 (CET/CEST)","n/e","n/e","84"
"Montenegro (ME)","09.08.2016 20:00 - 09.08.2016 21:00 (CET/CEST)","n/e","n/e","220"
"Montenegro (ME)","09.08.2016 21:00 - 09.08.2016 22:00 (CET/CEST)","n/e","n/e","203"
"Montenegro (ME)","09.08.2016 22:00 - 09.08.2016 23:00 (CET/CEST)","n/e","n/e","110"
"Montenegro (ME)","09.08.2016 23:00 - 10.08.2016 00:00 (CET/CEST)","n/e","n/e","92"
"Montenegro (ME)","10.08.2016 00:00 - 10.08.2016 01:00 (CET/CEST)","n/e","n/e","0"
"Montenegro (ME)","10.08.2016 01:00 - 10.08.2016 02:00 (CET/CEST)","n/e","n/e","0"
"Montenegro (ME)","10.08.2016 02:00 - 10.08.2016 03:00 (CET/CEST)","n/e","n/e","0"
"Montenegro (ME)","10.08.2016 03:00 - 10.08.2016 04:00 (CET/CEST)","n/e","n/e","0"
"Montenegro (ME)","10.08.2016 04:00 - 10.08.2016 05:00 (CET/CEST)","n/e","n/e","0"
"Montenegro (ME)","10.08.2016 05:00 - 10.08.2016 06:00 (CET/CEST)","n/e","n/e","0"
"Montenegro (ME)","10.08.2016 06:00 - 10.08.2016 07:00 (CET/CEST)","n/e","n/e","0"
"Montenegro (ME)","10.08.2016 07:00 - 10.08.2016 08:00 (CET/CEST)","n/e","n/e","0"
"Montenegro (ME)","10.08.2016 08:00 - 10.08.2016 09:00 (CET/CEST)","n/e","n/e","76"
"Montenegro (ME)","10.08.2016 09:00 - 10.08.2016 10:00 (CET/CEST)","n/e","n/e","79"
"Montenegro (ME)","10.08.2016 10:00 - 10.08.2016 11:00 (CET/CEST)","n/e","n/e","74"
"Montenegro (ME)","10.08.2016 11:00 - 10.08.2016 12:00 (CET/CEST)","n/e","n/e","73"
"Montenegro (ME)","10.08.2016 12:00 - 10.08.2016 13:00 (CET/CEST)","n/e","n/e","73"
"Montenegro (ME)","10.08.2016 13:00 - 10.08.2016 14:00 (CET/CEST)","n/e","n/e","73"
"Montenegro (ME)","10.08.2016 14:00 - 10.08.2016 15:00 (CET/CEST)","n/e","n/e","74"
"Montenegro (ME)","10.08.2016 15:00 - 10.08.2016 16:00 (CET/CEST)","n/e","n/e","74"
"Montenegro (ME)","10.08.2016 16:00 - 10.08.2016 17:00 (CET/CEST)","n/e","n/e","72"
"Montenegro (ME)","10.08.2016 17:00 - 10.08.2016 18:00 (CET/CEST)","n/e","n/e","73"
"Montenegro (ME)","10.08.2016 18:00 - 10.08.2016 19:00 (CET/CEST)","n/e","n/e","73"
"Montenegro (ME)","10.08.2016 19:00 - 10.08.2016 20:00 (CET/CEST)","n/e","n/e","73"
"Montenegro (ME)","10.08.2016 20:00 - 10.08.2016 21:00 (CET/CEST)","n/e","n/e","111"
"Montenegro (ME)","10.08.2016 21:00 - 10.08.2016 22:00 (CET/CEST)","n/e","n/e","73"
"Montenegro (ME)","10.08.2016 22:00 - 10.08.2016 23:00 (CET/CEST)","n/e","n/e","73"
"Montenegro (ME)","10.08.2016 23:00 - 11.08.2016 00:00 (CET/CEST)","n/e","n/e","0"
"Montenegro (ME)","11.08.2016 00:00 - 11.08.2016 01:00 (CET/CEST)","n/e","n/e","0"
"Montenegro (ME)","11.08.2016 01:00 - 11.08.2016 02:00 (CET/CEST)","n/e","n/e","0"
"Montenegro (ME)","11.08.2016 02:00 - 11.08.2016 03:00 (CET/CEST)","n/e","n/e","0"
"Montenegro (ME)","11.08.2016 03:00 - 11.08.2016 04:00 (CET/CEST)","n/e","n/e","0"
"Montenegro (ME)","11.08.2016 04:00 - 11.08.2016 05:00 (CET/CEST)","n/e","n/e","0"
"Montenegro (ME)","11.08.2016 05:00 - 11.08.2016 06:00 (CET/CEST)","n/e","n/e","0"
"Montenegro (ME)","11.08.2016 06:00 - 11.08.2016 07:00 (CET/CEST)","n/e","n/e","0"
"Montenegro (ME)","11.08.2016 07:00 - 11.08.2016 08:00 (CET/CEST)","n/e","n/e","0"
"Montenegro (ME)","11.08.2016 08:00 - 11.08.2016 09:00 (CET/CEST)","n/e","n/e","86"
"Montenegro (ME)","11.08.2016 09:00 - 11.08.2016 10:00 (CET/CEST)","n/e","n/e","113"
"Montenegro (ME)","11.08.2016 10:00 - 11.08.2016 11:00 (CET/CEST)","n/e","n/e","90"
"Montenegro (ME)","11.08.2016 11:00 - 11.08.2016 12:00 (CET/CEST)","n/e","n/e","87"
"Montenegro (ME)","11.08.2016 12:00 - 11.08.2016 13:00 (CET/CEST)","n/e","n/e","92"
"Montenegro (ME)","11.08.2016 13:00 - 11.08.2016 14:00 (CET/CEST)","n/e","n/e","92"
"Montenegro (ME)","11.08.2016 14:00 - 11.08.2016 15:00 (CET/CEST)","n/e","n/e","280"
"Montenegro (ME)","11.08.2016 15:00 - 11.08.2016 16:00 (CET/CEST)","n/e","n/e","286"
"Montenegro (ME)","11.08.2016 16:00 - 11.08.2016 17:00 (CET/CEST)","n/e","n/e","252"
"Montenegro (ME)","11.08.2016 17:00 - 11.08.2016 18:00 (CET/CEST)","n/e","n/e","251"
"Montenegro (ME)","11.08.2016 18:00 - 11.08.2016 19:00 (CET/CEST)","n/e","n/e","251"
"Montenegro (ME)","11.08.2016 19:00 - 11.08.2016 20:00 (CET/CEST)","n/e","n/e","252"
"Montenegro (ME)","11.08.2016 20:00 - 11.08.2016 21:00 (CET/CEST)","n/e","n/e","312"
"Montenegro (ME)","11.08.2016 21:00 - 11.08.2016 22:00 (CET/CEST)","n/e","n/e","312"
"Montenegro (ME)","11.08.2016 22:00 - 11.08.2016 23:00 (CET/CEST)","n/e","n/e","240"
"Montenegro (ME)","11.08.2016 23:00 - 12.08.2016 00:00 (CET/CEST)","n/e","n/e","171"
"Montenegro (ME)","12.08.2016 00:00 - 12.08.2016 01:00 (CET/CEST)","n/e","n/e","0"
"Montenegro (ME)","12.08.2016 01:00 - 12.08.2016 02:00 (CET/CEST)","n/e","n/e","0"
"Montenegro (ME)","12.08.2016 02:00 - 12.08.2016 03:00 (CET/CEST)","n/e","n/e","0"
"Montenegro (ME)","12.08.2016 03:00 - 12.08.2016 04:00 (CET/CEST)","n/e","n/e","0"
"Montenegro (ME)","12.08.2016 04:00 - 12.08.2016 05:00 (CET/CEST)","n/e","n/e","0"
"Montenegro (ME)","12.08.2016 05:00 - 12.08.2016 06:00 (CET/CEST)","n/e","n/e","0"
"Montenegro (ME)","12.08.2016 06:00 - 12.08.2016 07:00 (CET/CEST)","n/e","n/e","0"
"Montenegro (ME)","12.08.2016 07:00 - 12.08.2016 08:00 (CET/CEST)","n/e","n/e","0"
"Montenegro (ME)","12.08.2016 08:00 - 12.08.2016 09:00 (CET/CEST)","n/e","n/e","0"
"Montenegro (ME)","12.08.2016 09:00 - 12.08.2016 10:00 (CET/CEST)","n/e","n/e","0"
"Montenegro (ME)","12.08.2016 10:00 - 12.08.2016 11:00 (CET/CEST)","n/e","n/e","70"
"Montenegro (ME)","12.08.2016 11:00 - 12.08.2016 12:00 (CET/CEST)","n/e","n/e","71"
"Montenegro (ME)","12.08.2016 12:00 - 12.08.2016 13:00 (CET/CEST)","n/e","n/e","221"
"Montenegro (ME)","12.08.2016 13:00 - 12.08.2016 14:00 (CET/CEST)","n/e","n/e","221"
"Montenegro (ME)","12.08.2016 14:00 - 12.08.2016 15:00 (CET/CEST)","n/e","n/e","221"
"Montenegro (ME)","12.08.2016 15:00 - 12.08.2016 16:00 (CET/CEST)","n/e","n/e","209"
"Montenegro (ME)","12.08.2016 16:00 - 12.08.2016 17:00 (CET/CEST)","n/e","n/e","172"
"Montenegro (ME)","12.08.2016 17:00 - 12.08.2016 18:00 (CET/CEST)","n/e","n/e","143"
"Montenegro (ME)","12.08.2016 18:00 - 12.08.2016 19:00 (CET/CEST)","n/e","n/e","103"
"Montenegro (ME)","12.08.2016 19:00 - 12.08.2016 20:00 (CET/CEST)","n/e","n/e","72"
"Montenegro (ME)","12.08.2016 20:00 - 12.08.2016 21:00 (CET/CEST)","n/e","n/e","157"
"Montenegro (ME)","12.08.2016 21:00 - 12.08.2016 22:00 (CET/CEST)","n/e","n/e","71"
"Montenegro (ME)","12.08.2016 22:00 - 12.08.2016 23:00 (CET/CEST)","n/e","n/e","30"
"Montenegro (ME)","12.08.2016 23:00 - 13.08.2016 00:00 (CET/CEST)","n/e","n/e","0"
"Montenegro (ME)","13.08.2016 00:00 - 13.08.2016 01:00 (CET/CEST)","n/e","n/e","0"
"Montenegro (ME)","13.08.2016 01:00 - 13.08.2016 02:00 (CET/CEST)","n/e","n/e","0"
"Montenegro (ME)","13.08.2016 02:00 - 13.08.2016 03:00 (CET/CEST)","n/e","n/e","0"
"Montenegro (ME)","13.08.2016 03:00 - 13.08.2016 04:00 (CET/CEST)","n/e","n/e","0"
"Montenegro (ME)","13.08.2016 04:00 - 13.08.2016 05:00 (CET/CEST)","n/e","n/e","0"
"Montenegro (ME)","13.08.2016 05:00 - 13.08.2016 06:00 (CET/CEST)","n/e","n/e","0"
"Montenegro (ME)","13.08.2016 06:00 - 13.08.2016 07:00 (CET/CEST)","n/e","n/e","0"
"Montenegro (ME)","13.08.2016 07:00 - 13.08.2016 08:00 (CET/CEST)","n/e","n/e","0"
"Montenegro (ME)","13.08.2016 08:00 - 13.08.2016 09:00 (CET/CEST)","n/e","n/e","0"
"Montenegro (ME)","13.08.2016 09:00 - 13.08.2016 10:00 (CET/CEST)","n/e","n/e","0"
"Montenegro (ME)","13.08.2016 10:00 - 13.08.2016 11:00 (CET/CEST)","n/e","n/e","0"
"Montenegro (ME)","13.08.2016 11:00 - 13.08.2016 12:00 (CET/CEST)","n/e","n/e","0"
"Montenegro (ME)","13.08.2016 12:00 - 13.08.2016 13:00 (CET/CEST)","n/e","n/e","0"
"Montenegro (ME)","13.08.2016 13:00 - 13.08.2016 14:00 (CET/CEST)","n/e","n/e","0"
"Montenegro (ME)","13.08.2016 14:00 - 13.08.2016 15:00 (CET/CEST)","n/e","n/e","0"
"Montenegro (ME)","13.08.2016 15:00 - 13.08.2016 16:00 (CET/CEST)","n/e","n/e","0"
"Montenegro (ME)","13.08.2016 16:00 - 13.08.2016 17:00 (CET/CEST)","n/e","n/e","0"
"Montenegro (ME)","13.08.2016 17:00 - 13.08.2016 18:00 (CET/CEST)","n/e","n/e","0"
"Montenegro (ME)","13.08.2016 18:00 - 13.08.2016 19:00 (CET/CEST)","n/e","n/e","0"
"Montenegro (ME)","13.08.2016 19:00 - 13.08.2016 20:00 (CET/CEST)","n/e","n/e","37"
"Montenegro (ME)","13.08.2016 20:00 - 13.08.2016 21:00 (CET/CEST)","n/e","n/e","146"
"Montenegro (ME)","13.08.2016 21:00 - 13.08.2016 22:00 (CET/CEST)","n/e","n/e","103"
"Montenegro (ME)","13.08.2016 22:00 - 13.08.2016 23:00 (CET/CEST)","n/e","n/e","41"
"Montenegro (ME)","13.08.2016 23:00 - 14.08.2016 00:00 (CET/CEST)","n/e","n/e","0"
"Montenegro (ME)","14.08.2016 00:00 - 14.08.2016 01:00 (CET/CEST)","n/e","n/e","0"
"Montenegro (ME)","14.08.2016 01:00 - 14.08.2016 02:00 (CET/CEST)","n/e","n/e","0"
"Montenegro (ME)","14.08.2016 02:00 - 14.08.2016 03:00 (CET/CEST)","n/e","n/e","0"
"Montenegro (ME)","14.08.2016 03:00 - 14.08.2016 04:00 (CET/CEST)","n/e","n/e","0"
"Montenegro (ME)","14.08.2016 04:00 - 14.08.2016 05:00 (CET/CEST)","n/e","n/e","0"
"Montenegro (ME)","14.08.2016 05:00 - 14.08.2016 06:00 (CET/CEST)","n/e","n/e","0"
"Montenegro (ME)","14.08.2016 06:00 - 14.08.2016 07:00 (CET/CEST)","n/e","n/e","0"
"Montenegro (ME)","14.08.2016 07:00 - 14.08.2016 08:00 (CET/CEST)","n/e","n/e","0"
"Montenegro (ME)","14.08.2016 08:00 - 14.08.2016 09:00 (CET/CEST)","n/e","n/e","0"
"Montenegro (ME)","14.08.2016 09:00 - 14.08.2016 10:00 (CET/CEST)","n/e","n/e","0"
"Montenegro (ME)","14.08.2016 10:00 - 14.08.2016 11:00 (CET/CEST)","n/e","n/e","0"
"Montenegro (ME)","14.08.2016 11:00 - 14.08.2016 12:00 (CET/CEST)","n/e","n/e","0"
"Montenegro (ME)","14.08.2016 12:00 - 14.08.2016 13:00 (CET/CEST)","n/e","n/e","0"
"Montenegro (ME)","14.08.2016 13:00 - 14.08.2016 14:00 (CET/CEST)","n/e","n/e","0"
"Montenegro (ME)","14.08.2016 14:00 - 14.08.2016 15:00 (CET/CEST)","n/e","n/e","0"
"Montenegro (ME)","14.08.2016 15:00 - 14.08.2016 16:00 (CET/CEST)","n/e","n/e","0"
"Montenegro (ME)","14.08.2016 16:00 - 14.08.2016 17:00 (CET/CEST)","n/e","n/e","0"
"Montenegro (ME)","14.08.2016 17:00 - 14.08.2016 18:00 (CET/CEST)","n/e","n/e","0"
"Montenegro (ME)","14.08.2016 18:00 - 14.08.2016 19:00 (CET/CEST)","n/e","n/e","0"
"Montenegro (ME)","14.08.2016 19:00 - 14.08.2016 20:00 (CET/CEST)","n/e","n/e","0"
"Montenegro (ME)","14.08.2016 20:00 - 14.08.2016 21:00 (CET/CEST)","n/e","n/e","212"
"Montenegro (ME)","14.08.2016 21:00 - 14.08.2016 22:00 (CET/CEST)","n/e","n/e","91"
"Montenegro (ME)","14.08.2016 22:00 - 14.08.2016 23:00 (CET/CEST)","n/e","n/e","0"
"Montenegro (ME)","14.08.2016 23:00 - 15.08.2016 00:00 (CET/CEST)","n/e","n/e","0"
"Montenegro (ME)","15.08.2016 00:00 - 15.08.2016 01:00 (CET/CEST)","n/e","n/e","0"
"Montenegro (ME)","15.08.2016 01:00 - 15.08.2016 02:00 (CET/CEST)","n/e","n/e","0"
"Montenegro (ME)","15.08.2016 02:00 - 15.08.2016 03:00 (CET/CEST)","n/e","n/e","0"
"Montenegro (ME)","15.08.2016 03:00 - 15.08.2016 04:00 (CET/CEST)","n/e","n/e","0"
"Montenegro (ME)","15.08.2016 04:00 - 15.08.2016 05:00 (CET/CEST)","n/e","n/e","0"
"Montenegro (ME)","15.08.2016 05:00 - 15.08.2016 06:00 (CET/CEST)","n/e","n/e","0"
"Montenegro (ME)","15.08.2016 06:00 - 15.08.2016 07:00 (CET/CEST)","n/e","n/e","0"
"Montenegro (ME)","15.08.2016 07:00 - 15.08.2016 08:00 (CET/CEST)","n/e","n/e","0"
"Montenegro (ME)","15.08.2016 08:00 - 15.08.2016 09:00 (CET/CEST)","n/e","n/e","74"
"Montenegro (ME)","15.08.2016 09:00 - 15.08.2016 10:00 (CET/CEST)","n/e","n/e","77"
"Montenegro (ME)","15.08.2016 10:00 - 15.08.2016 11:00 (CET/CEST)","n/e","n/e","71"
"Montenegro (ME)","15.08.2016 11:00 - 15.08.2016 12:00 (CET/CEST)","n/e","n/e","71"
"Montenegro (ME)","15.08.2016 12:00 - 15.08.2016 13:00 (CET/CEST)","n/e","n/e","71"
"Montenegro (ME)","15.08.2016 13:00 - 15.08.2016 14:00 (CET/CEST)","n/e","n/e","71"
"Montenegro (ME)","15.08.2016 14:00 - 15.08.2016 15:00 (CET/CEST)","n/e","n/e","72"
"Montenegro (ME)","15.08.2016 15:00 - 15.08.2016 16:00 (CET/CEST)","n/e","n/e","87"
"Montenegro (ME)","15.08.2016 16:00 - 15.08.2016 17:00 (CET/CEST)","n/e","n/e","91"
"Montenegro (ME)","15.08.2016 17:00 - 15.08.2016 18:00 (CET/CEST)","n/e","n/e","92"
"Montenegro (ME)","15.08.2016 18:00 - 15.08.2016 19:00 (CET/CEST)","n/e","n/e","92"
"Montenegro (ME)","15.08.2016 19:00 - 15.08.2016 20:00 (CET/CEST)","n/e","n/e","108"
"Montenegro (ME)","15.08.2016 20:00 - 15.08.2016 21:00 (CET/CEST)","n/e","n/e","330"
"Montenegro (ME)","15.08.2016 21:00 - 15.08.2016 22:00 (CET/CEST)","n/e","n/e","280"
"Montenegro (ME)","15.08.2016 22:00 - 15.08.2016 23:00 (CET/CEST)","n/e","n/e","142"
"Montenegro (ME)","15.08.2016 23:00 - 16.08.2016 00:00 (CET/CEST)","n/e","n/e","100"
"Montenegro (ME)","16.08.2016 00:00 - 16.08.2016 01:00 (CET/CEST)","n/e","n/e","0"
"Montenegro (ME)","16.08.2016 01:00 - 16.08.2016 02:00 (CET/CEST)","n/e","n/e","0"
"Montenegro (ME)","16.08.2016 02:00 - 16.08.2016 03:00 (CET/CEST)","n/e","n/e","0"
"Montenegro (ME)","16.08.2016 03:00 - 16.08.2016 04:00 (CET/CEST)","n/e","n/e","0"
"Montenegro (ME)","16.08.2016 04:00 - 16.08.2016 05:00 (CET/CEST)","n/e","n/e","0"
"Montenegro (ME)","16.08.2016 05:00 - 16.08.2016 06:00 (CET/CEST)","n/e","n/e","0"
"Montenegro (ME)","16.08.2016 06:00 - 16.08.2016 07:00 (CET/CEST)","n/e","n/e","0"
"Montenegro (ME)","16.08.2016 07:00 - 16.08.2016 08:00 (CET/CEST)","n/e","n/e","81"
"Montenegro (ME)","16.08.2016 08:00 - 16.08.2016 09:00 (CET/CEST)","n/e","n/e","110"
"Montenegro (ME)","16.08.2016 09:00 - 16.08.2016 10:00 (CET/CEST)","n/e","n/e","123"
"Montenegro (ME)","16.08.2016 10:00 - 16.08.2016 11:00 (CET/CEST)","n/e","n/e","129"
"Montenegro (ME)","16.08.2016 11:00 - 16.08.2016 12:00 (CET/CEST)","n/e","n/e","209"
"Montenegro (ME)","16.08.2016 12:00 - 16.08.2016 13:00 (CET/CEST)","n/e","n/e","226"
"Montenegro (ME)","16.08.2016 13:00 - 16.08.2016 14:00 (CET/CEST)","n/e","n/e","225"
"Montenegro (ME)","16.08.2016 14:00 - 16.08.2016 15:00 (CET/CEST)","n/e","n/e","246"
"Montenegro (ME)","16.08.2016 15:00 - 16.08.2016 16:00 (CET/CEST)","n/e","n/e","167"
"Montenegro (ME)","16.08.2016 16:00 - 16.08.2016 17:00 (CET/CEST)","n/e","n/e","149"
"Montenegro (ME)","16.08.2016 17:00 - 16.08.2016 18:00 (CET/CEST)","n/e","n/e","141"
"Montenegro (ME)","16.08.2016 18:00 - 16.08.2016 19:00 (CET/CEST)","n/e","n/e","151"
"Montenegro (ME)","16.08.2016 19:00 - 16.08.2016 20:00 (CET/CEST)","n/e","n/e","222"
"Montenegro (ME)","16.08.2016 20:00 - 16.08.2016 21:00 (CET/CEST)","n/e","n/e","290"
"Montenegro (ME)","16.08.2016 21:00 - 16.08.2016 22:00 (CET/CEST)","n/e","n/e","221"
"Montenegro (ME)","16.08.2016 22:00 - 16.08.2016 23:00 (CET/CEST)","n/e","n/e","143"
"Montenegro (ME)","16.08.2016 23:00 - 17.08.2016 00:00 (CET/CEST)","n/e","n/e","0"
"Montenegro (ME)","17.08.2016 00:00 - 17.08.2016 01:00 (CET/CEST)","n/e","n/e","0"
"Montenegro (ME)","17.08.2016 01:00 - 17.08.2016 02:00 (CET/CEST)","n/e","n/e","0"
"Montenegro (ME)","17.08.2016 02:00 - 17.08.2016 03:00 (CET/CEST)","n/e","n/e","0"
"Montenegro (ME)","17.08.2016 03:00 - 17.08.2016 04:00 (CET/CEST)","n/e","n/e","0"
"Montenegro (ME)","17.08.2016 04:00 - 17.08.2016 05:00 (CET/CEST)","n/e","n/e","0"
"Montenegro (ME)","17.08.2016 05:00 - 17.08.2016 06:00 (CET/CEST)","n/e","n/e","0"
"Montenegro (ME)","17.08.2016 06:00 - 17.08.2016 07:00 (CET/CEST)","n/e","n/e","0"
"Montenegro (ME)","17.08.2016 07:00 - 17.08.2016 08:00 (CET/CEST)","n/e","n/e","0"
"Montenegro (ME)","17.08.2016 08:00 - 17.08.2016 09:00 (CET/CEST)","n/e","n/e","90"
"Montenegro (ME)","17.08.2016 09:00 - 17.08.2016 10:00 (CET/CEST)","n/e","n/e","113"
"Montenegro (ME)","17.08.2016 10:00 - 17.08.2016 11:00 (CET/CEST)","n/e","n/e","113"
"Montenegro (ME)","17.08.2016 11:00 - 17.08.2016 12:00 (CET/CEST)","n/e","n/e","142"
"Montenegro (ME)","17.08.2016 12:00 - 17.08.2016 13:00 (CET/CEST)","n/e","n/e","142"
"Montenegro (ME)","17.08.2016 13:00 - 17.08.2016 14:00 (CET/CEST)","n/e","n/e","144"
"Montenegro (ME)","17.08.2016 14:00 - 17.08.2016 15:00 (CET/CEST)","n/e","n/e","147"
"Montenegro (ME)","17.08.2016 15:00 - 17.08.2016 16:00 (CET/CEST)","n/e","n/e","100"
"Montenegro (ME)","17.08.2016 16:00 - 17.08.2016 17:00 (CET/CEST)","n/e","n/e","113"
"Montenegro (ME)","17.08.2016 17:00 - 17.08.2016 18:00 (CET/CEST)","n/e","n/e","111"
"Montenegro (ME)","17.08.2016 18:00 - 17.08.2016 19:00 (CET/CEST)","n/e","n/e","145"
"Montenegro (ME)","17.08.2016 19:00 - 17.08.2016 20:00 (CET/CEST)","n/e","n/e","164"
"Montenegro (ME)","17.08.2016 20:00 - 17.08.2016 21:00 (CET/CEST)","n/e","n/e","192"
"Montenegro (ME)","17.08.2016 21:00 - 17.08.2016 22:00 (CET/CEST)","n/e","n/e","165"
"Montenegro (ME)","17.08.2016 22:00 - 17.08.2016 23:00 (CET/CEST)","n/e","n/e","70"
"Montenegro (ME)","17.08.2016 23:00 - 18.08.2016 00:00 (CET/CEST)","n/e","n/e","0"
"Montenegro (ME)","18.08.2016 00:00 - 18.08.2016 01:00 (CET/CEST)","n/e","n/e","0"
"Montenegro (ME)","18.08.2016 01:00 - 18.08.2016 02:00 (CET/CEST)","n/e","n/e","0"
"Montenegro (ME)","18.08.2016 02:00 - 18.08.2016 03:00 (CET/CEST)","n/e","n/e","0"
"Montenegro (ME)","18.08.2016 03:00 - 18.08.2016 04:00 (CET/CEST)","n/e","n/e","0"
"Montenegro (ME)","18.08.2016 04:00 - 18.08.2016 05:00 (CET/CEST)","n/e","n/e","0"
"Montenegro (ME)","18.08.2016 05:00 - 18.08.2016 06:00 (CET/CEST)","n/e","n/e","0"
"Montenegro (ME)","18.08.2016 06:00 - 18.08.2016 07:00 (CET/CEST)","n/e","n/e","0"
"Montenegro (ME)","18.08.2016 07:00 - 18.08.2016 08:00 (CET/CEST)","n/e","n/e","71"
"Montenegro (ME)","18.08.2016 08:00 - 18.08.2016 09:00 (CET/CEST)","n/e","n/e","93"
"Montenegro (ME)","18.08.2016 09:00 - 18.08.2016 10:00 (CET/CEST)","n/e","n/e","113"
"Montenegro (ME)","18.08.2016 10:00 - 18.08.2016 11:00 (CET/CEST)","n/e","n/e","113"
"Montenegro (ME)","18.08.2016 11:00 - 18.08.2016 12:00 (CET/CEST)","n/e","n/e","168"
"Montenegro (ME)","18.08.2016 12:00 - 18.08.2016 13:00 (CET/CEST)","n/e","n/e","167"
"Montenegro (ME)","18.08.2016 13:00 - 18.08.2016 14:00 (CET/CEST)","n/e","n/e","168"
"Montenegro (ME)","18.08.2016 14:00 - 18.08.2016 15:00 (CET/CEST)","n/e","n/e","170"
"Montenegro (ME)","18.08.2016 15:00 - 18.08.2016 16:00 (CET/CEST)","n/e","n/e","142"
"Montenegro (ME)","18.08.2016 16:00 - 18.08.2016 17:00 (CET/CEST)","n/e","n/e","141"
"Montenegro (ME)","18.08.2016 17:00 - 18.08.2016 18:00 (CET/CEST)","n/e","n/e","141"
"Montenegro (ME)","18.08.2016 18:00 - 18.08.2016 19:00 (CET/CEST)","n/e","n/e","142"
"Montenegro (ME)","18.08.2016 19:00 - 18.08.2016 20:00 (CET/CEST)","n/e","n/e","159"
"Montenegro (ME)","18.08.2016 20:00 - 18.08.2016 21:00 (CET/CEST)","n/e","n/e","187"
"Montenegro (ME)","18.08.2016 21:00 - 18.08.2016 22:00 (CET/CEST)","n/e","n/e","168"
"Montenegro (ME)","18.08.2016 22:00 - 18.08.2016 23:00 (CET/CEST)","n/e","n/e","104"
"Montenegro (ME)","18.08.2016 23:00 - 19.08.2016 00:00 (CET/CEST)","n/e","n/e","0"
"Montenegro (ME)","19.08.2016 00:00 - 19.08.2016 01:00 (CET/CEST)","n/e","n/e","0"
"Montenegro (ME)","19.08.2016 01:00 - 19.08.2016 02:00 (CET/CEST)","n/e","n/e","0"
"Montenegro (ME)","19.08.2016 02:00 - 19.08.2016 03:00 (CET/CEST)","n/e","n/e","0"
"Montenegro (ME)","19.08.2016 03:00 - 19.08.2016 04:00 (CET/CEST)","n/e","n/e","0"
"Montenegro (ME)","19.08.2016 04:00 - 19.08.2016 05:00 (CET/CEST)","n/e","n/e","0"
"Montenegro (ME)","19.08.2016 05:00 - 19.08.2016 06:00 (CET/CEST)","n/e","n/e","0"
"Montenegro (ME)","19.08.2016 06:00 - 19.08.2016 07:00 (CET/CEST)","n/e","n/e","0"
"Montenegro (ME)","19.08.2016 07:00 - 19.08.2016 08:00 (CET/CEST)","n/e","n/e","0"
"Montenegro (ME)","19.08.2016 08:00 - 19.08.2016 09:00 (CET/CEST)","n/e","n/e","182"
"Montenegro (ME)","19.08.2016 09:00 - 19.08.2016 10:00 (CET/CEST)","n/e","n/e","211"
"Montenegro (ME)","19.08.2016 10:00 - 19.08.2016 11:00 (CET/CEST)","n/e","n/e","184"
"Montenegro (ME)","19.08.2016 11:00 - 19.08.2016 12:00 (CET/CEST)","n/e","n/e","184"
"Montenegro (ME)","19.08.2016 12:00 - 19.08.2016 13:00 (CET/CEST)","n/e","n/e","212"
"Montenegro (ME)","19.08.2016 13:00 - 19.08.2016 14:00 (CET/CEST)","n/e","n/e","197"
"Montenegro (ME)","19.08.2016 14:00 - 19.08.2016 15:00 (CET/CEST)","n/e","n/e","114"
"Montenegro (ME)","19.08.2016 15:00 - 19.08.2016 16:00 (CET/CEST)","n/e","n/e","109"
"Montenegro (ME)","19.08.2016 16:00 - 19.08.2016 17:00 (CET/CEST)","n/e","n/e","114"
"Montenegro (ME)","19.08.2016 17:00 - 19.08.2016 18:00 (CET/CEST)","n/e","n/e","91"
"Montenegro (ME)","19.08.2016 18:00 - 19.08.2016 19:00 (CET/CEST)","n/e","n/e","142"
"Montenegro (ME)","19.08.2016 19:00 - 19.08.2016 20:00 (CET/CEST)","n/e","n/e","144"
"Montenegro (ME)","19.08.2016 20:00 - 19.08.2016 21:00 (CET/CEST)","n/e","n/e","195"
"Montenegro (ME)","19.08.2016 21:00 - 19.08.2016 22:00 (CET/CEST)","n/e","n/e","175"
"Montenegro (ME)","19.08.2016 22:00 - 19.08.2016 23:00 (CET/CEST)","n/e","n/e","100"
"Montenegro (ME)","19.08.2016 23:00 - 20.08.2016 00:00 (CET/CEST)","n/e","n/e","0"
"Montenegro (ME)","20.08.2016 00:00 - 20.08.2016 01:00 (CET/CEST)","n/e","n/e","0"
"Montenegro (ME)","20.08.2016 01:00 - 20.08.2016 02:00 (CET/CEST)","n/e","n/e","0"
"Montenegro (ME)","20.08.2016 02:00 - 20.08.2016 03:00 (CET/CEST)","n/e","n/e","0"
"Montenegro (ME)","20.08.2016 03:00 - 20.08.2016 04:00 (CET/CEST)","n/e","n/e","0"
"Montenegro (ME)","20.08.2016 04:00 - 20.08.2016 05:00 (CET/CEST)","n/e","n/e","0"
"Montenegro (ME)","20.08.2016 05:00 - 20.08.2016 06:00 (CET/CEST)","n/e","n/e","0"
"Montenegro (ME)","20.08.2016 06:00 - 20.08.2016 07:00 (CET/CEST)","n/e","n/e","0"
"Montenegro (ME)","20.08.2016 07:00 - 20.08.2016 08:00 (CET/CEST)","n/e","n/e","0"
"Montenegro (ME)","20.08.2016 08:00 - 20.08.2016 09:00 (CET/CEST)","n/e","n/e","0"
"Montenegro (ME)","20.08.2016 09:00 - 20.08.2016 10:00 (CET/CEST)","n/e","n/e","0"
"Montenegro (ME)","20.08.2016 10:00 - 20.08.2016 11:00 (CET/CEST)","n/e","n/e","0"
"Montenegro (ME)","20.08.2016 11:00 - 20.08.2016 12:00 (CET/CEST)","n/e","n/e","0"
"Montenegro (ME)","20.08.2016 12:00 - 20.08.2016 13:00 (CET/CEST)","n/e","n/e","0"
"Montenegro (ME)","20.08.2016 13:00 - 20.08.2016 14:00 (CET/CEST)","n/e","n/e","0"
"Montenegro (ME)","20.08.2016 14:00 - 20.08.2016 15:00 (CET/CEST)","n/e","n/e","0"
"Montenegro (ME)","20.08.2016 15:00 - 20.08.2016 16:00 (CET/CEST)","n/e","n/e","0"
"Montenegro (ME)","20.08.2016 16:00 - 20.08.2016 17:00 (CET/CEST)","n/e","n/e","0"
"Montenegro (ME)","20.08.2016 17:00 - 20.08.2016 18:00 (CET/CEST)","n/e","n/e","0"
"Montenegro (ME)","20.08.2016 18:00 - 20.08.2016 19:00 (CET/CEST)","n/e","n/e","72"
"Montenegro (ME)","20.08.2016 19:00 - 20.08.2016 20:00 (CET/CEST)","n/e","n/e","141"
"Montenegro (ME)","20.08.2016 20:00 - 20.08.2016 21:00 (CET/CEST)","n/e","n/e","203"
"Montenegro (ME)","20.08.2016 21:00 - 20.08.2016 22:00 (CET/CEST)","n/e","n/e","141"
"Montenegro (ME)","20.08.2016 22:00 - 20.08.2016 23:00 (CET/CEST)","n/e","n/e","0"
"Montenegro (ME)","20.08.2016 23:00 - 21.08.2016 00:00 (CET/CEST)","n/e","n/e","0"
"Montenegro (ME)","21.08.2016 00:00 - 21.08.2016 01:00 (CET/CEST)","n/e","n/e","0"
"Montenegro (ME)","21.08.2016 01:00 - 21.08.2016 02:00 (CET/CEST)","n/e","n/e","0"
"Montenegro (ME)","21.08.2016 02:00 - 21.08.2016 03:00 (CET/CEST)","n/e","n/e","0"
"Montenegro (ME)","21.08.2016 03:00 - 21.08.2016 04:00 (CET/CEST)","n/e","n/e","0"
"Montenegro (ME)","21.08.2016 04:00 - 21.08.2016 05:00 (CET/CEST)","n/e","n/e","0"
"Montenegro (ME)","21.08.2016 05:00 - 21.08.2016 06:00 (CET/CEST)","n/e","n/e","0"
"Montenegro (ME)","21.08.2016 06:00 - 21.08.2016 07:00 (CET/CEST)","n/e","n/e","0"
"Montenegro (ME)","21.08.2016 07:00 - 21.08.2016 08:00 (CET/CEST)","n/e","n/e","0"
"Montenegro (ME)","21.08.2016 08:00 - 21.08.2016 09:00 (CET/CEST)","n/e","n/e","0"
"Montenegro (ME)","21.08.2016 09:00 - 21.08.2016 10:00 (CET/CEST)","n/e","n/e","0"
"Montenegro (ME)","21.08.2016 10:00 - 21.08.2016 11:00 (CET/CEST)","n/e","n/e","0"
"Montenegro (ME)","21.08.2016 11:00 - 21.08.2016 12:00 (CET/CEST)","n/e","n/e","0"
"Montenegro (ME)","21.08.2016 12:00 - 21.08.2016 13:00 (CET/CEST)","n/e","n/e","0"
"Montenegro (ME)","21.08.2016 13:00 - 21.08.2016 14:00 (CET/CEST)","n/e","n/e","0"
"Montenegro (ME)","21.08.2016 14:00 - 21.08.2016 15:00 (CET/CEST)","n/e","n/e","0"
"Montenegro (ME)","21.08.2016 15:00 - 21.08.2016 16:00 (CET/CEST)","n/e","n/e","0"
"Montenegro (ME)","21.08.2016 16:00 - 21.08.2016 17:00 (CET/CEST)","n/e","n/e","0"
"Montenegro (ME)","21.08.2016 17:00 - 21.08.2016 18:00 (CET/CEST)","n/e","n/e","0"
"Montenegro (ME)","21.08.2016 18:00 - 21.08.2016 19:00 (CET/CEST)","n/e","n/e","0"
"Montenegro (ME)","21.08.2016 19:00 - 21.08.2016 20:00 (CET/CEST)","n/e","n/e","235"
"Montenegro (ME)","21.08.2016 20:00 - 21.08.2016 21:00 (CET/CEST)","n/e","n/e","336"
"Montenegro (ME)","21.08.2016 21:00 - 21.08.2016 22:00 (CET/CEST)","n/e","n/e","316"
"Montenegro (ME)","21.08.2016 22:00 - 21.08.2016 23:00 (CET/CEST)","n/e","n/e","0"
"Montenegro (ME)","21.08.2016 23:00 - 22.08.2016 00:00 (CET/CEST)","n/e","n/e","0"
"Montenegro (ME)","22.08.2016 00:00 - 22.08.2016 01:00 (CET/CEST)","n/e","n/e","0"
"Montenegro (ME)","22.08.2016 01:00 - 22.08.2016 02:00 (CET/CEST)","n/e","n/e","0"
"Montenegro (ME)","22.08.2016 02:00 - 22.08.2016 03:00 (CET/CEST)","n/e","n/e","0"
"Montenegro (ME)","22.08.2016 03:00 - 22.08.2016 04:00 (CET/CEST)","n/e","n/e","0"
"Montenegro (ME)","22.08.2016 04:00 - 22.08.2016 05:00 (CET/CEST)","n/e","n/e","0"
"Montenegro (ME)","22.08.2016 05:00 - 22.08.2016 06:00 (CET/CEST)","n/e","n/e","0"
"Montenegro (ME)","22.08.2016 06:00 - 22.08.2016 07:00 (CET/CEST)","n/e","n/e","0"
"Montenegro (ME)","22.08.2016 07:00 - 22.08.2016 08:00 (CET/CEST)","n/e","n/e","0"
"Montenegro (ME)","22.08.2016 08:00 - 22.08.2016 09:00 (CET/CEST)","n/e","n/e","71"
"Montenegro (ME)","22.08.2016 09:00 - 22.08.2016 10:00 (CET/CEST)","n/e","n/e","79"
"Montenegro (ME)","22.08.2016 10:00 - 22.08.2016 11:00 (CET/CEST)","n/e","n/e","86"
"Montenegro (ME)","22.08.2016 11:00 - 22.08.2016 12:00 (CET/CEST)","n/e","n/e","86"
"Montenegro (ME)","22.08.2016 12:00 - 22.08.2016 13:00 (CET/CEST)","n/e","n/e","81"
"Montenegro (ME)","22.08.2016 13:00 - 22.08.2016 14:00 (CET/CEST)","n/e","n/e","70"
"Montenegro (ME)","22.08.2016 14:00 - 22.08.2016 15:00 (CET/CEST)","n/e","n/e","70"
"Montenegro (ME)","22.08.2016 15:00 - 22.08.2016 16:00 (CET/CEST)","n/e","n/e","71"
"Montenegro (ME)","22.08.2016 16:00 - 22.08.2016 17:00 (CET/CEST)","n/e","n/e","71"
"Montenegro (ME)","22.08.2016 17:00 - 22.08.2016 18:00 (CET/CEST)","n/e","n/e","71"
"Montenegro (ME)","22.08.2016 18:00 - 22.08.2016 19:00 (CET/CEST)","n/e","n/e","71"
"Montenegro (ME)","22.08.2016 19:00 - 22.08.2016 20:00 (CET/CEST)","n/e","n/e","114"
"Montenegro (ME)","22.08.2016 20:00 - 22.08.2016 21:00 (CET/CEST)","n/e","n/e","142"
"Montenegro (ME)","22.08.2016 21:00 - 22.08.2016 22:00 (CET/CEST)","n/e","n/e","70"
"Montenegro (ME)","22.08.2016 22:00 - 22.08.2016 23:00 (CET/CEST)","n/e","n/e","0"
"Montenegro (ME)","22.08.2016 23:00 - 23.08.2016 00:00 (CET/CEST)","n/e","n/e","0"
"Montenegro (ME)","23.08.2016 00:00 - 23.08.2016 01:00 (CET/CEST)","n/e","n/e","0"
"Montenegro (ME)","23.08.2016 01:00 - 23.08.2016 02:00 (CET/CEST)","n/e","n/e","0"
"Montenegro (ME)","23.08.2016 02:00 - 23.08.2016 03:00 (CET/CEST)","n/e","n/e","0"
"Montenegro (ME)","23.08.2016 03:00 - 23.08.2016 04:00 (CET/CEST)","n/e","n/e","0"
"Montenegro (ME)","23.08.2016 04:00 - 23.08.2016 05:00 (CET/CEST)","n/e","n/e","0"
"Montenegro (ME)","23.08.2016 05:00 - 23.08.2016 06:00 (CET/CEST)","n/e","n/e","0"
"Montenegro (ME)","23.08.2016 06:00 - 23.08.2016 07:00 (CET/CEST)","n/e","n/e","0"
"Montenegro (ME)","23.08.2016 07:00 - 23.08.2016 08:00 (CET/CEST)","n/e","n/e","0"
"Montenegro (ME)","23.08.2016 08:00 - 23.08.2016 09:00 (CET/CEST)","n/e","n/e","92"
"Montenegro (ME)","23.08.2016 09:00 - 23.08.2016 10:00 (CET/CEST)","n/e","n/e","111"
"Montenegro (ME)","23.08.2016 10:00 - 23.08.2016 11:00 (CET/CEST)","n/e","n/e","100"
"Montenegro (ME)","23.08.2016 11:00 - 23.08.2016 12:00 (CET/CEST)","n/e","n/e","113"
"Montenegro (ME)","23.08.2016 12:00 - 23.08.2016 13:00 (CET/CEST)","n/e","n/e","112"
"Montenegro (ME)","23.08.2016 13:00 - 23.08.2016 14:00 (CET/CEST)","n/e","n/e","101"
"Montenegro (ME)","23.08.2016 14:00 - 23.08.2016 15:00 (CET/CEST)","n/e","n/e","84"
"Montenegro (ME)","23.08.2016 15:00 - 23.08.2016 16:00 (CET/CEST)","n/e","n/e","105"
"Montenegro (ME)","23.08.2016 16:00 - 23.08.2016 17:00 (CET/CEST)","n/e","n/e","86"
"Montenegro (ME)","23.08.2016 17:00 - 23.08.2016 18:00 (CET/CEST)","n/e","n/e","85"
"Montenegro (ME)","23.08.2016 18:00 - 23.08.2016 19:00 (CET/CEST)","n/e","n/e","144"
"Montenegro (ME)","23.08.2016 19:00 - 23.08.2016 20:00 (CET/CEST)","n/e","n/e","231"
"Montenegro (ME)","23.08.2016 20:00 - 23.08.2016 21:00 (CET/CEST)","n/e","n/e","254"
"Montenegro (ME)","23.08.2016 21:00 - 23.08.2016 22:00 (CET/CEST)","n/e","n/e","152"
"Montenegro (ME)","23.08.2016 22:00 - 23.08.2016 23:00 (CET/CEST)","n/e","n/e","82"
"Montenegro (ME)","23.08.2016 23:00 - 24.08.2016 00:00 (CET/CEST)","n/e","n/e","0"
"Montenegro (ME)","24.08.2016 00:00 - 24.08.2016 01:00 (CET/CEST)","n/e","n/e","0"
"Montenegro (ME)","24.08.2016 01:00 - 24.08.2016 02:00 (CET/CEST)","n/e","n/e","0"
"Montenegro (ME)","24.08.2016 02:00 - 24.08.2016 03:00 (CET/CEST)","n/e","n/e","0"
"Montenegro (ME)","24.08.2016 03:00 - 24.08.2016 04:00 (CET/CEST)","n/e","n/e","0"
"Montenegro (ME)","24.08.2016 04:00 - 24.08.2016 05:00 (CET/CEST)","n/e","n/e","0"
"Montenegro (ME)","24.08.2016 05:00 - 24.08.2016 06:00 (CET/CEST)","n/e","n/e","0"
"Montenegro (ME)","24.08.2016 06:00 - 24.08.2016 07:00 (CET/CEST)","n/e","n/e","0"
"Montenegro (ME)","24.08.2016 07:00 - 24.08.2016 08:00 (CET/CEST)","n/e","n/e","71"
"Montenegro (ME)","24.08.2016 08:00 - 24.08.2016 09:00 (CET/CEST)","n/e","n/e","84"
"Montenegro (ME)","24.08.2016 09:00 - 24.08.2016 10:00 (CET/CEST)","n/e","n/e","111"
"Montenegro (ME)","24.08.2016 10:00 - 24.08.2016 11:00 (CET/CEST)","n/e","n/e","143"
"Montenegro (ME)","24.08.2016 11:00 - 24.08.2016 12:00 (CET/CEST)","n/e","n/e","143"
"Montenegro (ME)","24.08.2016 12:00 - 24.08.2016 13:00 (CET/CEST)","n/e","n/e","141"
"Montenegro (ME)","24.08.2016 13:00 - 24.08.2016 14:00 (CET/CEST)","n/e","n/e","182"
"Montenegro (ME)","24.08.2016 14:00 - 24.08.2016 15:00 (CET/CEST)","n/e","n/e","174"
"Montenegro (ME)","24.08.2016 15:00 - 24.08.2016 16:00 (CET/CEST)","n/e","n/e","161"
"Montenegro (ME)","24.08.2016 16:00 - 24.08.2016 17:00 (CET/CEST)","n/e","n/e","141"
"Montenegro (ME)","24.08.2016 17:00 - 24.08.2016 18:00 (CET/CEST)","n/e","n/e","142"
"Montenegro (ME)","24.08.2016 18:00 - 24.08.2016 19:00 (CET/CEST)","n/e","n/e","142"
"Montenegro (ME)","24.08.2016 19:00 - 24.08.2016 20:00 (CET/CEST)","n/e","n/e","149"
"Montenegro (ME)","24.08.2016 20:00 - 24.08.2016 21:00 (CET/CEST)","n/e","n/e","209"
"Montenegro (ME)","24.08.2016 21:00 - 24.08.2016 22:00 (CET/CEST)","n/e","n/e","108"
"Montenegro (ME)","24.08.2016 22:00 - 24.08.2016 23:00 (CET/CEST)","n/e","n/e","91"
"Montenegro (ME)","24.08.2016 23:00 - 25.08.2016 00:00 (CET/CEST)","n/e","n/e","0"
"Montenegro (ME)","25.08.2016 00:00 - 25.08.2016 01:00 (CET/CEST)","n/e","n/e","0"
"Montenegro (ME)","25.08.2016 01:00 - 25.08.2016 02:00 (CET/CEST)","n/e","n/e","0"
"Montenegro (ME)","25.08.2016 02:00 - 25.08.2016 03:00 (CET/CEST)","n/e","n/e","0"
"Montenegro (ME)","25.08.2016 03:00 - 25.08.2016 04:00 (CET/CEST)","n/e","n/e","0"
"Montenegro (ME)","25.08.2016 04:00 - 25.08.2016 05:00 (CET/CEST)","n/e","n/e","0"
"Montenegro (ME)","25.08.2016 05:00 - 25.08.2016 06:00 (CET/CEST)","n/e","n/e","0"
"Montenegro (ME)","25.08.2016 06:00 - 25.08.2016 07:00 (CET/CEST)","n/e","n/e","0"
"Montenegro (ME)","25.08.2016 07:00 - 25.08.2016 08:00 (CET/CEST)","n/e","n/e","70"
"Montenegro (ME)","25.08.2016 08:00 - 25.08.2016 09:00 (CET/CEST)","n/e","n/e","81"
"Montenegro (ME)","25.08.2016 09:00 - 25.08.2016 10:00 (CET/CEST)","n/e","n/e","83"
"Montenegro (ME)","25.08.2016 10:00 - 25.08.2016 11:00 (CET/CEST)","n/e","n/e","82"
"Montenegro (ME)","25.08.2016 11:00 - 25.08.2016 12:00 (CET/CEST)","n/e","n/e","143"
"Montenegro (ME)","25.08.2016 12:00 - 25.08.2016 13:00 (CET/CEST)","n/e","n/e","260"
"Montenegro (ME)","25.08.2016 13:00 - 25.08.2016 14:00 (CET/CEST)","n/e","n/e","276"
"Montenegro (ME)","25.08.2016 14:00 - 25.08.2016 15:00 (CET/CEST)","n/e","n/e","291"
"Montenegro (ME)","25.08.2016 15:00 - 25.08.2016 16:00 (CET/CEST)","n/e","n/e","266"
"Montenegro (ME)","25.08.2016 16:00 - 25.08.2016 17:00 (CET/CEST)","n/e","n/e","244"
"Montenegro (ME)","25.08.2016 17:00 - 25.08.2016 18:00 (CET/CEST)","n/e","n/e","243"
"Montenegro (ME)","25.08.2016 18:00 - 25.08.2016 19:00 (CET/CEST)","n/e","n/e","262"
"Montenegro (ME)","25.08.2016 19:00 - 25.08.2016 20:00 (CET/CEST)","n/e","n/e","308"
"Montenegro (ME)","25.08.2016 20:00 - 25.08.2016 21:00 (CET/CEST)","n/e","n/e","331"
"Montenegro (ME)","25.08.2016 21:00 - 25.08.2016 22:00 (CET/CEST)","n/e","n/e","335"
"Montenegro (ME)","25.08.2016 22:00 - 25.08.2016 23:00 (CET/CEST)","n/e","n/e","322"
"Montenegro (ME)","25.08.2016 23:00 - 26.08.2016 00:00 (CET/CEST)","n/e","n/e","307"
"Montenegro (ME)","26.08.2016 00:00 - 26.08.2016 01:00 (CET/CEST)","n/e","n/e","2"
"Montenegro (ME)","26.08.2016 01:00 - 26.08.2016 02:00 (CET/CEST)","n/e","n/e","0"
"Montenegro (ME)","26.08.2016 02:00 - 26.08.2016 03:00 (CET/CEST)","n/e","n/e","0"
"Montenegro (ME)","26.08.2016 03:00 - 26.08.2016 04:00 (CET/CEST)","n/e","n/e","0"
"Montenegro (ME)","26.08.2016 04:00 - 26.08.2016 05:00 (CET/CEST)","n/e","n/e","0"
"Montenegro (ME)","26.08.2016 05:00 - 26.08.2016 06:00 (CET/CEST)","n/e","n/e","0"
"Montenegro (ME)","26.08.2016 06:00 - 26.08.2016 07:00 (CET/CEST)","n/e","n/e","0"
"Montenegro (ME)","26.08.2016 07:00 - 26.08.2016 08:00 (CET/CEST)","n/e","n/e","0"
"Montenegro (ME)","26.08.2016 08:00 - 26.08.2016 09:00 (CET/CEST)","n/e","n/e","85"
"Montenegro (ME)","26.08.2016 09:00 - 26.08.2016 10:00 (CET/CEST)","n/e","n/e","222"
"Montenegro (ME)","26.08.2016 10:00 - 26.08.2016 11:00 (CET/CEST)","n/e","n/e","221"
"Montenegro (ME)","26.08.2016 11:00 - 26.08.2016 12:00 (CET/CEST)","n/e","n/e","195"
"Montenegro (ME)","26.08.2016 12:00 - 26.08.2016 13:00 (CET/CEST)","n/e","n/e","196"
"Montenegro (ME)","26.08.2016 13:00 - 26.08.2016 14:00 (CET/CEST)","n/e","n/e","199"
"Montenegro (ME)","26.08.2016 14:00 - 26.08.2016 15:00 (CET/CEST)","n/e","n/e","159"
"Montenegro (ME)","26.08.2016 15:00 - 26.08.2016 16:00 (CET/CEST)","n/e","n/e","141"
"Montenegro (ME)","26.08.2016 16:00 - 26.08.2016 17:00 (CET/CEST)","n/e","n/e","96"
"Montenegro (ME)","26.08.2016 17:00 - 26.08.2016 18:00 (CET/CEST)","n/e","n/e","112"
"Montenegro (ME)","26.08.2016 18:00 - 26.08.2016 19:00 (CET/CEST)","n/e","n/e","192"
"Montenegro (ME)","26.08.2016 19:00 - 26.08.2016 20:00 (CET/CEST)","n/e","n/e","226"
"Montenegro (ME)","26.08.2016 20:00 - 26.08.2016 21:00 (CET/CEST)","n/e","n/e","225"
"Montenegro (ME)","26.08.2016 21:00 - 26.08.2016 22:00 (CET/CEST)","n/e","n/e","193"
"Montenegro (ME)","26.08.2016 22:00 - 26.08.2016 23:00 (CET/CEST)","n/e","n/e","180"
"Montenegro (ME)","26.08.2016 23:00 - 27.08.2016 00:00 (CET/CEST)","n/e","n/e","0"
"Montenegro (ME)","27.08.2016 00:00 - 27.08.2016 01:00 (CET/CEST)","n/e","n/e","0"
"Montenegro (ME)","27.08.2016 01:00 - 27.08.2016 02:00 (CET/CEST)","n/e","n/e","0"
"Montenegro (ME)","27.08.2016 02:00 - 27.08.2016 03:00 (CET/CEST)","n/e","n/e","0"
"Montenegro (ME)","27.08.2016 03:00 - 27.08.2016 04:00 (CET/CEST)","n/e","n/e","0"
"Montenegro (ME)","27.08.2016 04:00 - 27.08.2016 05:00 (CET/CEST)","n/e","n/e","0"
"Montenegro (ME)","27.08.2016 05:00 - 27.08.2016 06:00 (CET/CEST)","n/e","n/e","0"
"Montenegro (ME)","27.08.2016 06:00 - 27.08.2016 07:00 (CET/CEST)","n/e","n/e","0"
"Montenegro (ME)","27.08.2016 07:00 - 27.08.2016 08:00 (CET/CEST)","n/e","n/e","0"
"Montenegro (ME)","27.08.2016 08:00 - 27.08.2016 09:00 (CET/CEST)","n/e","n/e","72"
"Montenegro (ME)","27.08.2016 09:00 - 27.08.2016 10:00 (CET/CEST)","n/e","n/e","163"
"Montenegro (ME)","27.08.2016 10:00 - 27.08.2016 11:00 (CET/CEST)","n/e","n/e","230"
"Montenegro (ME)","27.08.2016 11:00 - 27.08.2016 12:00 (CET/CEST)","n/e","n/e","239"
"Montenegro (ME)","27.08.2016 12:00 - 27.08.2016 13:00 (CET/CEST)","n/e","n/e","245"
"Montenegro (ME)","27.08.2016 13:00 - 27.08.2016 14:00 (CET/CEST)","n/e","n/e","186"
"Montenegro (ME)","27.08.2016 14:00 - 27.08.2016 15:00 (CET/CEST)","n/e","n/e","92"
"Montenegro (ME)","27.08.2016 15:00 - 27.08.2016 16:00 (CET/CEST)","n/e","n/e","71"
"Montenegro (ME)","27.08.2016 16:00 - 27.08.2016 17:00 (CET/CEST)","n/e","n/e","113"
"Montenegro (ME)","27.08.2016 17:00 - 27.08.2016 18:00 (CET/CEST)","n/e","n/e","238"
"Montenegro (ME)","27.08.2016 18:00 - 27.08.2016 19:00 (CET/CEST)","n/e","n/e","298"
"Montenegro (ME)","27.08.2016 19:00 - 27.08.2016 20:00 (CET/CEST)","n/e","n/e","306"
"Montenegro (ME)","27.08.2016 20:00 - 27.08.2016 21:00 (CET/CEST)","n/e","n/e","339"
"Montenegro (ME)","27.08.2016 21:00 - 27.08.2016 22:00 (CET/CEST)","n/e","n/e","301"
"Montenegro (ME)","27.08.2016 22:00 - 27.08.2016 23:00 (CET/CEST)","n/e","n/e","299"
"Montenegro (ME)","27.08.2016 23:00 - 28.08.2016 00:00 (CET/CEST)","n/e","n/e","82"
"Montenegro (ME)","28.08.2016 00:00 - 28.08.2016 01:00 (CET/CEST)","n/e","n/e","105"
"Montenegro (ME)","28.08.2016 01:00 - 28.08.2016 02:00 (CET/CEST)","n/e","n/e","79"
"Montenegro (ME)","28.08.2016 02:00 - 28.08.2016 03:00 (CET/CEST)","n/e","n/e","70"
"Montenegro (ME)","28.08.2016 03:00 - 28.08.2016 04:00 (CET/CEST)","n/e","n/e","82"
"Montenegro (ME)","28.08.2016 04:00 - 28.08.2016 05:00 (CET/CEST)","n/e","n/e","89"
"Montenegro (ME)","28.08.2016 05:00 - 28.08.2016 06:00 (CET/CEST)","n/e","n/e","0"
"Montenegro (ME)","28.08.2016 06:00 - 28.08.2016 07:00 (CET/CEST)","n/e","n/e","0"
"Montenegro (ME)","28.08.2016 07:00 - 28.08.2016 08:00 (CET/CEST)","n/e","n/e","0"
"Montenegro (ME)","28.08.2016 08:00 - 28.08.2016 09:00 (CET/CEST)","n/e","n/e","0"
"Montenegro (ME)","28.08.2016 09:00 - 28.08.2016 10:00 (CET/CEST)","n/e","n/e","0"
"Montenegro (ME)","28.08.2016 10:00 - 28.08.2016 11:00 (CET/CEST)","n/e","n/e","88"
"Montenegro (ME)","28.08.2016 11:00 - 28.08.2016 12:00 (CET/CEST)","n/e","n/e","141"
"Montenegro (ME)","28.08.2016 12:00 - 28.08.2016 13:00 (CET/CEST)","n/e","n/e","141"
"Montenegro (ME)","28.08.2016 13:00 - 28.08.2016 14:00 (CET/CEST)","n/e","n/e","70"
"Montenegro (ME)","28.08.2016 14:00 - 28.08.2016 15:00 (CET/CEST)","n/e","n/e","0"
"Montenegro (ME)","28.08.2016 15:00 - 28.08.2016 16:00 (CET/CEST)","n/e","n/e","0"
"Montenegro (ME)","28.08.2016 16:00 - 28.08.2016 17:00 (CET/CEST)","n/e","n/e","70"
"Montenegro (ME)","28.08.2016 17:00 - 28.08.2016 18:00 (CET/CEST)","n/e","n/e","141"
"Montenegro (ME)","28.08.2016 18:00 - 28.08.2016 19:00 (CET/CEST)","n/e","n/e","146"
"Montenegro (ME)","28.08.2016 19:00 - 28.08.2016 20:00 (CET/CEST)","n/e","n/e","212"
"Montenegro (ME)","28.08.2016 20:00 - 28.08.2016 21:00 (CET/CEST)","n/e","n/e","225"
"Montenegro (ME)","28.08.2016 21:00 - 28.08.2016 22:00 (CET/CEST)","n/e","n/e","212"
"Montenegro (ME)","28.08.2016 22:00 - 28.08.2016 23:00 (CET/CEST)","n/e","n/e","180"
"Montenegro (ME)","28.08.2016 23:00 - 29.08.2016 00:00 (CET/CEST)","n/e","n/e","84"
"Montenegro (ME)","29.08.2016 00:00 - 29.08.2016 01:00 (CET/CEST)","n/e","n/e","28"
"Montenegro (ME)","29.08.2016 01:00 - 29.08.2016 02:00 (CET/CEST)","n/e","n/e","0"
"Montenegro (ME)","29.08.2016 02:00 - 29.08.2016 03:00 (CET/CEST)","n/e","n/e","0"
"Montenegro (ME)","29.08.2016 03:00 - 29.08.2016 04:00 (CET/CEST)","n/e","n/e","0"
"Montenegro (ME)","29.08.2016 04:00 - 29.08.2016 05:00 (CET/CEST)","n/e","n/e","0"
"Montenegro (ME)","29.08.2016 05:00 - 29.08.2016 06:00 (CET/CEST)","n/e","n/e","0"
"Montenegro (ME)","29.08.2016 06:00 - 29.08.2016 07:00 (CET/CEST)","n/e","n/e","101"
"Montenegro (ME)","29.08.2016 07:00 - 29.08.2016 08:00 (CET/CEST)","n/e","n/e","224"
"Montenegro (ME)","29.08.2016 08:00 - 29.08.2016 09:00 (CET/CEST)","n/e","n/e","334"
"Montenegro (ME)","29.08.2016 09:00 - 29.08.2016 10:00 (CET/CEST)","n/e","n/e","333"
"Montenegro (ME)","29.08.2016 10:00 - 29.08.2016 11:00 (CET/CEST)","n/e","n/e","266"
"Montenegro (ME)","29.08.2016 11:00 - 29.08.2016 12:00 (CET/CEST)","n/e","n/e","335"
"Montenegro (ME)","29.08.2016 12:00 - 29.08.2016 13:00 (CET/CEST)","n/e","n/e","333"
"Montenegro (ME)","29.08.2016 13:00 - 29.08.2016 14:00 (CET/CEST)","n/e","n/e","336"
"Montenegro (ME)","29.08.2016 14:00 - 29.08.2016 15:00 (CET/CEST)","n/e","n/e","337"
"Montenegro (ME)","29.08.2016 15:00 - 29.08.2016 16:00 (CET/CEST)","n/e","n/e","335"
"Montenegro (ME)","29.08.2016 16:00 - 29.08.2016 17:00 (CET/CEST)","n/e","n/e","337"
"Montenegro (ME)","29.08.2016 17:00 - 29.08.2016 18:00 (CET/CEST)","n/e","n/e","337"
"Montenegro (ME)","29.08.2016 18:00 - 29.08.2016 19:00 (CET/CEST)","n/e","n/e","336"
"Montenegro (ME)","29.08.2016 19:00 - 29.08.2016 20:00 (CET/CEST)","n/e","n/e","337"
"Montenegro (ME)","29.08.2016 20:00 - 29.08.2016 21:00 (CET/CEST)","n/e","n/e","335"
"Montenegro (ME)","29.08.2016 21:00 - 29.08.2016 22:00 (CET/CEST)","n/e","n/e","335"
"Montenegro (ME)","29.08.2016 22:00 - 29.08.2016 23:00 (CET/CEST)","n/e","n/e","263"
"Montenegro (ME)","29.08.2016 23:00 - 30.08.2016 00:00 (CET/CEST)","n/e","n/e","0"
"Montenegro (ME)","30.08.2016 00:00 - 30.08.2016 01:00 (CET/CEST)","n/e","n/e","0"
"Montenegro (ME)","30.08.2016 01:00 - 30.08.2016 02:00 (CET/CEST)","n/e","n/e","0"
"Montenegro (ME)","30.08.2016 02:00 - 30.08.2016 03:00 (CET/CEST)","n/e","n/e","0"
"Montenegro (ME)","30.08.2016 03:00 - 30.08.2016 04:00 (CET/CEST)","n/e","n/e","0"
"Montenegro (ME)","30.08.2016 04:00 - 30.08.2016 05:00 (CET/CEST)","n/e","n/e","0"
"Montenegro (ME)","30.08.2016 05:00 - 30.08.2016 06:00 (CET/CEST)","n/e","n/e","0"
"Montenegro (ME)","30.08.2016 06:00 - 30.08.2016 07:00 (CET/CEST)","n/e","n/e","3"
"Montenegro (ME)","30.08.2016 07:00 - 30.08.2016 08:00 (CET/CEST)","n/e","n/e","293"
"Montenegro (ME)","30.08.2016 08:00 - 30.08.2016 09:00 (CET/CEST)","n/e","n/e","325"
"Montenegro (ME)","30.08.2016 09:00 - 30.08.2016 10:00 (CET/CEST)","n/e","n/e","212"
"Montenegro (ME)","30.08.2016 10:00 - 30.08.2016 11:00 (CET/CEST)","n/e","n/e","226"
"Montenegro (ME)","30.08.2016 11:00 - 30.08.2016 12:00 (CET/CEST)","n/e","n/e","229"
"Montenegro (ME)","30.08.2016 12:00 - 30.08.2016 13:00 (CET/CEST)","n/e","n/e","321"
"Montenegro (ME)","30.08.2016 13:00 - 30.08.2016 14:00 (CET/CEST)","n/e","n/e","318"
"Montenegro (ME)","30.08.2016 14:00 - 30.08.2016 15:00 (CET/CEST)","n/e","n/e","330"
"Montenegro (ME)","30.08.2016 15:00 - 30.08.2016 16:00 (CET/CEST)","n/e","n/e","299"
"Montenegro (ME)","30.08.2016 16:00 - 30.08.2016 17:00 (CET/CEST)","n/e","n/e","318"
"Montenegro (ME)","30.08.2016 17:00 - 30.08.2016 18:00 (CET/CEST)","n/e","n/e","268"
"Montenegro (ME)","30.08.2016 18:00 - 30.08.2016 19:00 (CET/CEST)","n/e","n/e","337"
"Montenegro (ME)","30.08.2016 19:00 - 30.08.2016 20:00 (CET/CEST)","n/e","n/e","331"
"Montenegro (ME)","30.08.2016 20:00 - 30.08.2016 21:00 (CET/CEST)","n/e","n/e","334"
"Montenegro (ME)","30.08.2016 21:00 - 30.08.2016 22:00 (CET/CEST)","n/e","n/e","276"
"Montenegro (ME)","30.08.2016 22:00 - 30.08.2016 23:00 (CET/CEST)","n/e","n/e","139"
"Montenegro (ME)","30.08.2016 23:00 - 31.08.2016 00:00 (CET/CEST)","n/e","n/e","0"
"Montenegro (ME)","31.08.2016 00:00 - 31.08.2016 01:00 (CET/CEST)","n/e","n/e","0"
"Montenegro (ME)","31.08.2016 01:00 - 31.08.2016 02:00 (CET/CEST)","n/e","n/e","0"
"Montenegro (ME)","31.08.2016 02:00 - 31.08.2016 03:00 (CET/CEST)","n/e","n/e","0"
"Montenegro (ME)","31.08.2016 03:00 - 31.08.2016 04:00 (CET/CEST)","n/e","n/e","0"
"Montenegro (ME)","31.08.2016 04:00 - 31.08.2016 05:00 (CET/CEST)","n/e","n/e","0"
"Montenegro (ME)","31.08.2016 05:00 - 31.08.2016 06:00 (CET/CEST)","n/e","n/e","0"
"Montenegro (ME)","31.08.2016 06:00 - 31.08.2016 07:00 (CET/CEST)","n/e","n/e","1"
"Montenegro (ME)","31.08.2016 07:00 - 31.08.2016 08:00 (CET/CEST)","n/e","n/e","221"
"Montenegro (ME)","31.08.2016 08:00 - 31.08.2016 09:00 (CET/CEST)","n/e","n/e","217"
"Montenegro (ME)","31.08.2016 09:00 - 31.08.2016 10:00 (CET/CEST)","n/e","n/e","103"
"Montenegro (ME)","31.08.2016 10:00 - 31.08.2016 11:00 (CET/CEST)","n/e","n/e","104"
"Montenegro (ME)","31.08.2016 11:00 - 31.08.2016 12:00 (CET/CEST)","n/e","n/e","253"
"Montenegro (ME)","31.08.2016 12:00 - 31.08.2016 13:00 (CET/CEST)","n/e","n/e","335"
"Montenegro (ME)","31.08.2016 13:00 - 31.08.2016 14:00 (CET/CEST)","n/e","n/e","336"
"Montenegro (ME)","31.08.2016 14:00 - 31.08.2016 15:00 (CET/CEST)","n/e","n/e","335"
"Montenegro (ME)","31.08.2016 15:00 - 31.08.2016 16:00 (CET/CEST)","n/e","n/e","335"
"Montenegro (ME)","31.08.2016 16:00 - 31.08.2016 17:00 (CET/CEST)","n/e","n/e","260"
"Montenegro (ME)","31.08.2016 17:00 - 31.08.2016 18:00 (CET/CEST)","n/e","n/e","213"
"Montenegro (ME)","31.08.2016 18:00 - 31.08.2016 19:00 (CET/CEST)","n/e","n/e","327"
"Montenegro (ME)","31.08.2016 19:00 - 31.08.2016 20:00 (CET/CEST)","n/e","n/e","327"
"Montenegro (ME)","31.08.2016 20:00 - 31.08.2016 21:00 (CET/CEST)","n/e","n/e","335"
"Montenegro (ME)","31.08.2016 21:00 - 31.08.2016 22:00 (CET/CEST)","n/e","n/e","220"
"Montenegro (ME)","31.08.2016 22:00 - 31.08.2016 23:00 (CET/CEST)","n/e","n/e","109"
"Montenegro (ME)","31.08.2016 23:00 - 01.09.2016 00:00 (CET/CEST)","n/e","n/e","0"
"Montenegro (ME)","01.09.2016 00:00 - 01.09.2016 01:00 (CET/CEST)","n/e","n/e","0"
"Montenegro (ME)","01.09.2016 01:00 - 01.09.2016 02:00 (CET/CEST)","n/e","n/e","0"
"Montenegro (ME)","01.09.2016 02:00 - 01.09.2016 03:00 (CET/CEST)","n/e","n/e","0"
"Montenegro (ME)","01.09.2016 03:00 - 01.09.2016 04:00 (CET/CEST)","n/e","n/e","0"
"Montenegro (ME)","01.09.2016 04:00 - 01.09.2016 05:00 (CET/CEST)","n/e","n/e","0"
"Montenegro (ME)","01.09.2016 05:00 - 01.09.2016 06:00 (CET/CEST)","n/e","n/e","0"
"Montenegro (ME)","01.09.2016 06:00 - 01.09.2016 07:00 (CET/CEST)","n/e","n/e","1"
"Montenegro (ME)","01.09.2016 07:00 - 01.09.2016 08:00 (CET/CEST)","n/e","n/e","215"
"Montenegro (ME)","01.09.2016 08:00 - 01.09.2016 09:00 (CET/CEST)","n/e","n/e","281"
"Montenegro (ME)","01.09.2016 09:00 - 01.09.2016 10:00 (CET/CEST)","n/e","n/e","312"
"Montenegro (ME)","01.09.2016 10:00 - 01.09.2016 11:00 (CET/CEST)","n/e","n/e","267"
"Montenegro (ME)","01.09.2016 11:00 - 01.09.2016 12:00 (CET/CEST)","n/e","n/e","303"
"Montenegro (ME)","01.09.2016 12:00 - 01.09.2016 13:00 (CET/CEST)","n/e","n/e","303"
"Montenegro (ME)","01.09.2016 13:00 - 01.09.2016 14:00 (CET/CEST)","n/e","n/e","275"
"Montenegro (ME)","01.09.2016 14:00 - 01.09.2016 15:00 (CET/CEST)","n/e","n/e","326"
"Montenegro (ME)","01.09.2016 15:00 - 01.09.2016 16:00 (CET/CEST)","n/e","n/e","326"
"Montenegro (ME)","01.09.2016 16:00 - 01.09.2016 17:00 (CET/CEST)","n/e","n/e","326"
"Montenegro (ME)","01.09.2016 17:00 - 01.09.2016 18:00 (CET/CEST)","n/e","n/e","202"
"Montenegro (ME)","01.09.2016 18:00 - 01.09.2016 19:00 (CET/CEST)","n/e","n/e","231"
"Montenegro (ME)","01.09.2016 19:00 - 01.09.2016 20:00 (CET/CEST)","n/e","n/e","308"
"Montenegro (ME)","01.09.2016 20:00 - 01.09.2016 21:00 (CET/CEST)","n/e","n/e","331"
"Montenegro (ME)","01.09.2016 21:00 - 01.09.2016 22:00 (CET/CEST)","n/e","n/e","311"
"Montenegro (ME)","01.09.2016 22:00 - 01.09.2016 23:00 (CET/CEST)","n/e","n/e","294"
"Montenegro (ME)","01.09.2016 23:00 - 02.09.2016 00:00 (CET/CEST)","n/e","n/e","93"
"Montenegro (ME)","02.09.2016 00:00 - 02.09.2016 01:00 (CET/CEST)","n/e","n/e","66"
"Montenegro (ME)","02.09.2016 01:00 - 02.09.2016 02:00 (CET/CEST)","n/e","n/e","0"
"Montenegro (ME)","02.09.2016 02:00 - 02.09.2016 03:00 (CET/CEST)","n/e","n/e","0"
"Montenegro (ME)","02.09.2016 03:00 - 02.09.2016 04:00 (CET/CEST)","n/e","n/e","0"
"Montenegro (ME)","02.09.2016 04:00 - 02.09.2016 05:00 (CET/CEST)","n/e","n/e","0"
"Montenegro (ME)","02.09.2016 05:00 - 02.09.2016 06:00 (CET/CEST)","n/e","n/e","0"
"Montenegro (ME)","02.09.2016 06:00 - 02.09.2016 07:00 (CET/CEST)","n/e","n/e","1"
"Montenegro (ME)","02.09.2016 07:00 - 02.09.2016 08:00 (CET/CEST)","n/e","n/e","178"
"Montenegro (ME)","02.09.2016 08:00 - 02.09.2016 09:00 (CET/CEST)","n/e","n/e","288"
"Montenegro (ME)","02.09.2016 09:00 - 02.09.2016 10:00 (CET/CEST)","n/e","n/e","288"
"Montenegro (ME)","02.09.2016 10:00 - 02.09.2016 11:00 (CET/CEST)","n/e","n/e","243"
"Montenegro (ME)","02.09.2016 11:00 - 02.09.2016 12:00 (CET/CEST)","n/e","n/e","289"
"Montenegro (ME)","02.09.2016 12:00 - 02.09.2016 13:00 (CET/CEST)","n/e","n/e","236"
"Montenegro (ME)","02.09.2016 13:00 - 02.09.2016 14:00 (CET/CEST)","n/e","n/e","234"
"Montenegro (ME)","02.09.2016 14:00 - 02.09.2016 15:00 (CET/CEST)","n/e","n/e","200"
"Montenegro (ME)","02.09.2016 15:00 - 02.09.2016 16:00 (CET/CEST)","n/e","n/e","200"
"Montenegro (ME)","02.09.2016 16:00 - 02.09.2016 17:00 (CET/CEST)","n/e","n/e","74"
"Montenegro (ME)","02.09.2016 17:00 - 02.09.2016 18:00 (CET/CEST)","n/e","n/e","73"
"Montenegro (ME)","02.09.2016 18:00 - 02.09.2016 19:00 (CET/CEST)","n/e","n/e","91"
"Montenegro (ME)","02.09.2016 19:00 - 02.09.2016 20:00 (CET/CEST)","n/e","n/e","206"
"Montenegro (ME)","02.09.2016 20:00 - 02.09.2016 21:00 (CET/CEST)","n/e","n/e","226"
"Montenegro (ME)","02.09.2016 21:00 - 02.09.2016 22:00 (CET/CEST)","n/e","n/e","187"
"Montenegro (ME)","02.09.2016 22:00 - 02.09.2016 23:00 (CET/CEST)","n/e","n/e","147"
"Montenegro (ME)","02.09.2016 23:00 - 03.09.2016 00:00 (CET/CEST)","n/e","n/e","210"
"Montenegro (ME)","03.09.2016 00:00 - 03.09.2016 01:00 (CET/CEST)","n/e","n/e","1"
"Montenegro (ME)","03.09.2016 01:00 - 03.09.2016 02:00 (CET/CEST)","n/e","n/e","0"
"Montenegro (ME)","03.09.2016 02:00 - 03.09.2016 03:00 (CET/CEST)","n/e","n/e","0"
"Montenegro (ME)","03.09.2016 03:00 - 03.09.2016 04:00 (CET/CEST)","n/e","n/e","0"
"Montenegro (ME)","03.09.2016 04:00 - 03.09.2016 05:00 (CET/CEST)","n/e","n/e","0"
"Montenegro (ME)","03.09.2016 05:00 - 03.09.2016 06:00 (CET/CEST)","n/e","n/e","0"
"Montenegro (ME)","03.09.2016 06:00 - 03.09.2016 07:00 (CET/CEST)","n/e","n/e","0"
"Montenegro (ME)","03.09.2016 07:00 - 03.09.2016 08:00 (CET/CEST)","n/e","n/e","0"
"Montenegro (ME)","03.09.2016 08:00 - 03.09.2016 09:00 (CET/CEST)","n/e","n/e","1"
"Montenegro (ME)","03.09.2016 09:00 - 03.09.2016 10:00 (CET/CEST)","n/e","n/e","71"
"Montenegro (ME)","03.09.2016 10:00 - 03.09.2016 11:00 (CET/CEST)","n/e","n/e","100"
"Montenegro (ME)","03.09.2016 11:00 - 03.09.2016 12:00 (CET/CEST)","n/e","n/e","100"
"Montenegro (ME)","03.09.2016 12:00 - 03.09.2016 13:00 (CET/CEST)","n/e","n/e","87"
"Montenegro (ME)","03.09.2016 13:00 - 03.09.2016 14:00 (CET/CEST)","n/e","n/e","0"
"Montenegro (ME)","03.09.2016 14:00 - 03.09.2016 15:00 (CET/CEST)","n/e","n/e","0"
"Montenegro (ME)","03.09.2016 15:00 - 03.09.2016 16:00 (CET/CEST)","n/e","n/e","0"
"Montenegro (ME)","03.09.2016 16:00 - 03.09.2016 17:00 (CET/CEST)","n/e","n/e","0"
"Montenegro (ME)","03.09.2016 17:00 - 03.09.2016 18:00 (CET/CEST)","n/e","n/e","110"
"Montenegro (ME)","03.09.2016 18:00 - 03.09.2016 19:00 (CET/CEST)","n/e","n/e","104"
"Montenegro (ME)","03.09.2016 19:00 - 03.09.2016 20:00 (CET/CEST)","n/e","n/e","276"
"Montenegro (ME)","03.09.2016 20:00 - 03.09.2016 21:00 (CET/CEST)","n/e","n/e","296"
"Montenegro (ME)","03.09.2016 21:00 - 03.09.2016 22:00 (CET/CEST)","n/e","n/e","300"
"Montenegro (ME)","03.09.2016 22:00 - 03.09.2016 23:00 (CET/CEST)","n/e","n/e","100"
"Montenegro (ME)","03.09.2016 23:00 - 04.09.2016 00:00 (CET/CEST)","n/e","n/e","0"
"Montenegro (ME)","04.09.2016 00:00 - 04.09.2016 01:00 (CET/CEST)","n/e","n/e","0"
"Montenegro (ME)","04.09.2016 01:00 - 04.09.2016 02:00 (CET/CEST)","n/e","n/e","0"
"Montenegro (ME)","04.09.2016 02:00 - 04.09.2016 03:00 (CET/CEST)","n/e","n/e","0"
"Montenegro (ME)","04.09.2016 03:00 - 04.09.2016 04:00 (CET/CEST)","n/e","n/e","0"
"Montenegro (ME)","04.09.2016 04:00 - 04.09.2016 05:00 (CET/CEST)","n/e","n/e","0"
"Montenegro (ME)","04.09.2016 05:00 - 04.09.2016 06:00 (CET/CEST)","n/e","n/e","0"
"Montenegro (ME)","04.09.2016 06:00 - 04.09.2016 07:00 (CET/CEST)","n/e","n/e","0"
"Montenegro (ME)","04.09.2016 07:00 - 04.09.2016 08:00 (CET/CEST)","n/e","n/e","0"
"Montenegro (ME)","04.09.2016 08:00 - 04.09.2016 09:00 (CET/CEST)","n/e","n/e","0"
"Montenegro (ME)","04.09.2016 09:00 - 04.09.2016 10:00 (CET/CEST)","n/e","n/e","0"
"Montenegro (ME)","04.09.2016 10:00 - 04.09.2016 11:00 (CET/CEST)","n/e","n/e","0"
"Montenegro (ME)","04.09.2016 11:00 - 04.09.2016 12:00 (CET/CEST)","n/e","n/e","0"
"Montenegro (ME)","04.09.2016 12:00 - 04.09.2016 13:00 (CET/CEST)","n/e","n/e","0"
"Montenegro (ME)","04.09.2016 13:00 - 04.09.2016 14:00 (CET/CEST)","n/e","n/e","0"
"Montenegro (ME)","04.09.2016 14:00 - 04.09.2016 15:00 (CET/CEST)","n/e","n/e","0"
"Montenegro (ME)","04.09.2016 15:00 - 04.09.2016 16:00 (CET/CEST)","n/e","n/e","1"
"Montenegro (ME)","04.09.2016 16:00 - 04.09.2016 17:00 (CET/CEST)","n/e","n/e","106"
"Montenegro (ME)","04.09.2016 17:00 - 04.09.2016 18:00 (CET/CEST)","n/e","n/e","103"
"Montenegro (ME)","04.09.2016 18:00 - 04.09.2016 19:00 (CET/CEST)","n/e","n/e","207"
"Montenegro (ME)","04.09.2016 19:00 - 04.09.2016 20:00 (CET/CEST)","n/e","n/e","311"
"Montenegro (ME)","04.09.2016 20:00 - 04.09.2016 21:00 (CET/CEST)","n/e","n/e","257"
"Montenegro (ME)","04.09.2016 21:00 - 04.09.2016 22:00 (CET/CEST)","n/e","n/e","149"
"Montenegro (ME)","04.09.2016 22:00 - 04.09.2016 23:00 (CET/CEST)","n/e","n/e","111"
"Montenegro (ME)","04.09.2016 23:00 - 05.09.2016 00:00 (CET/CEST)","n/e","n/e","0"
"Montenegro (ME)","05.09.2016 00:00 - 05.09.2016 01:00 (CET/CEST)","n/e","n/e","0"
"Montenegro (ME)","05.09.2016 01:00 - 05.09.2016 02:00 (CET/CEST)","n/e","n/e","0"
"Montenegro (ME)","05.09.2016 02:00 - 05.09.2016 03:00 (CET/CEST)","n/e","n/e","0"
"Montenegro (ME)","05.09.2016 03:00 - 05.09.2016 04:00 (CET/CEST)","n/e","n/e","3"
"Montenegro (ME)","05.09.2016 04:00 - 05.09.2016 05:00 (CET/CEST)","n/e","n/e","171"
"Montenegro (ME)","05.09.2016 05:00 - 05.09.2016 06:00 (CET/CEST)","n/e","n/e","170"
"Montenegro (ME)","05.09.2016 06:00 - 05.09.2016 07:00 (CET/CEST)","n/e","n/e","97"
"Montenegro (ME)","05.09.2016 07:00 - 05.09.2016 08:00 (CET/CEST)","n/e","n/e","293"
"Montenegro (ME)","05.09.2016 08:00 - 05.09.2016 09:00 (CET/CEST)","n/e","n/e","336"
"Montenegro (ME)","05.09.2016 09:00 - 05.09.2016 10:00 (CET/CEST)","n/e","n/e","250"
"Montenegro (ME)","05.09.2016 10:00 - 05.09.2016 11:00 (CET/CEST)","n/e","n/e","335"
"Montenegro (ME)","05.09.2016 11:00 - 05.09.2016 12:00 (CET/CEST)","n/e","n/e","336"
"Montenegro (ME)","05.09.2016 12:00 - 05.09.2016 13:00 (CET/CEST)","n/e","n/e","335"
"Montenegro (ME)","05.09.2016 13:00 - 05.09.2016 14:00 (CET/CEST)","n/e","n/e","336"
"Montenegro (ME)","05.09.2016 14:00 - 05.09.2016 15:00 (CET/CEST)","n/e","n/e","338"
"Montenegro (ME)","05.09.2016 15:00 - 05.09.2016 16:00 (CET/CEST)","n/e","n/e","316"
"Montenegro (ME)","05.09.2016 16:00 - 05.09.2016 17:00 (CET/CEST)","n/e","n/e","144"
"Montenegro (ME)","05.09.2016 17:00 - 05.09.2016 18:00 (CET/CEST)","n/e","n/e","141"
"Montenegro (ME)","05.09.2016 18:00 - 05.09.2016 19:00 (CET/CEST)","n/e","n/e","145"
"Montenegro (ME)","05.09.2016 19:00 - 05.09.2016 20:00 (CET/CEST)","n/e","n/e","261"
"Montenegro (ME)","05.09.2016 20:00 - 05.09.2016 21:00 (CET/CEST)","n/e","n/e","289"
"Montenegro (ME)","05.09.2016 21:00 - 05.09.2016 22:00 (CET/CEST)","n/e","n/e","172"
"Montenegro (ME)","05.09.2016 22:00 - 05.09.2016 23:00 (CET/CEST)","n/e","n/e","73"
"Montenegro (ME)","05.09.2016 23:00 - 06.09.2016 00:00 (CET/CEST)","n/e","n/e","0"
"Montenegro (ME)","06.09.2016 00:00 - 06.09.2016 01:00 (CET/CEST)","n/e","n/e","0"
"Montenegro (ME)","06.09.2016 01:00 - 06.09.2016 02:00 (CET/CEST)","n/e","n/e","0"
"Montenegro (ME)","06.09.2016 02:00 - 06.09.2016 03:00 (CET/CEST)","n/e","n/e","0"
"Montenegro (ME)","06.09.2016 03:00 - 06.09.2016 04:00 (CET/CEST)","n/e","n/e","0"
"Montenegro (ME)","06.09.2016 04:00 - 06.09.2016 05:00 (CET/CEST)","n/e","n/e","0"
"Montenegro (ME)","06.09.2016 05:00 - 06.09.2016 06:00 (CET/CEST)","n/e","n/e","0"
"Montenegro (ME)","06.09.2016 06:00 - 06.09.2016 07:00 (CET/CEST)","n/e","n/e","2"
"Montenegro (ME)","06.09.2016 07:00 - 06.09.2016 08:00 (CET/CEST)","n/e","n/e","231"
"Montenegro (ME)","06.09.2016 08:00 - 06.09.2016 09:00 (CET/CEST)","n/e","n/e","265"
"Montenegro (ME)","06.09.2016 09:00 - 06.09.2016 10:00 (CET/CEST)","n/e","n/e","229"
"Montenegro (ME)","06.09.2016 10:00 - 06.09.2016 11:00 (CET/CEST)","n/e","n/e","96"
"Montenegro (ME)","06.09.2016 11:00 - 06.09.2016 12:00 (CET/CEST)","n/e","n/e","109"
"Montenegro (ME)","06.09.2016 12:00 - 06.09.2016 13:00 (CET/CEST)","n/e","n/e","101"
"Montenegro (ME)","06.09.2016 13:00 - 06.09.2016 14:00 (CET/CEST)","n/e","n/e","93"
"Montenegro (ME)","06.09.2016 14:00 - 06.09.2016 15:00 (CET/CEST)","n/e","n/e","94"
"Montenegro (ME)","06.09.2016 15:00 - 06.09.2016 16:00 (CET/CEST)","n/e","n/e","86"
"Montenegro (ME)","06.09.2016 16:00 - 06.09.2016 17:00 (CET/CEST)","n/e","n/e","84"
"Montenegro (ME)","06.09.2016 17:00 - 06.09.2016 18:00 (CET/CEST)","n/e","n/e","148"
"Montenegro (ME)","06.09.2016 18:00 - 06.09.2016 19:00 (CET/CEST)","n/e","n/e","294"
"Montenegro (ME)","06.09.2016 19:00 - 06.09.2016 20:00 (CET/CEST)","n/e","n/e","303"
"Montenegro (ME)","06.09.2016 20:00 - 06.09.2016 21:00 (CET/CEST)","n/e","n/e","306"
"Montenegro (ME)","06.09.2016 21:00 - 06.09.2016 22:00 (CET/CEST)","n/e","n/e","126"
"Montenegro (ME)","06.09.2016 22:00 - 06.09.2016 23:00 (CET/CEST)","n/e","n/e","55"
"Montenegro (ME)","06.09.2016 23:00 - 07.09.2016 00:00 (CET/CEST)","n/e","n/e","0"
"Montenegro (ME)","07.09.2016 00:00 - 07.09.2016 01:00 (CET/CEST)","n/e","n/e","0"
"Montenegro (ME)","07.09.2016 01:00 - 07.09.2016 02:00 (CET/CEST)","n/e","n/e","0"
"Montenegro (ME)","07.09.2016 02:00 - 07.09.2016 03:00 (CET/CEST)","n/e","n/e","0"
"Montenegro (ME)","07.09.2016 03:00 - 07.09.2016 04:00 (CET/CEST)","n/e","n/e","0"
"Montenegro (ME)","07.09.2016 04:00 - 07.09.2016 05:00 (CET/CEST)","n/e","n/e","0"
"Montenegro (ME)","07.09.2016 05:00 - 07.09.2016 06:00 (CET/CEST)","n/e","n/e","0"
"Montenegro (ME)","07.09.2016 06:00 - 07.09.2016 07:00 (CET/CEST)","n/e","n/e","4"
"Montenegro (ME)","07.09.2016 07:00 - 07.09.2016 08:00 (CET/CEST)","n/e","n/e","227"
"Montenegro (ME)","07.09.2016 08:00 - 07.09.2016 09:00 (CET/CEST)","n/e","n/e","199"
"Montenegro (ME)","07.09.2016 09:00 - 07.09.2016 10:00 (CET/CEST)","n/e","n/e","101"
"Montenegro (ME)","07.09.2016 10:00 - 07.09.2016 11:00 (CET/CEST)","n/e","n/e","100"
"Montenegro (ME)","07.09.2016 11:00 - 07.09.2016 12:00 (CET/CEST)","n/e","n/e","76"
"Montenegro (ME)","07.09.2016 12:00 - 07.09.2016 13:00 (CET/CEST)","n/e","n/e","88"
"Montenegro (ME)","07.09.2016 13:00 - 07.09.2016 14:00 (CET/CEST)","n/e","n/e","70"
"Montenegro (ME)","07.09.2016 14:00 - 07.09.2016 15:00 (CET/CEST)","n/e","n/e","82"
"Montenegro (ME)","07.09.2016 15:00 - 07.09.2016 16:00 (CET/CEST)","n/e","n/e","99"
"Montenegro (ME)","07.09.2016 16:00 - 07.09.2016 17:00 (CET/CEST)","n/e","n/e","155"
"Montenegro (ME)","07.09.2016 17:00 - 07.09.2016 18:00 (CET/CEST)","n/e","n/e","285"
"Montenegro (ME)","07.09.2016 18:00 - 07.09.2016 19:00 (CET/CEST)","n/e","n/e","278"
"Montenegro (ME)","07.09.2016 19:00 - 07.09.2016 20:00 (CET/CEST)","n/e","n/e","288"
"Montenegro (ME)","07.09.2016 20:00 - 07.09.2016 21:00 (CET/CEST)","n/e","n/e","324"
"Montenegro (ME)","07.09.2016 21:00 - 07.09.2016 22:00 (CET/CEST)","n/e","n/e","100"
"Montenegro (ME)","07.09.2016 22:00 - 07.09.2016 23:00 (CET/CEST)","n/e","n/e","0"
"Montenegro (ME)","07.09.2016 23:00 - 08.09.2016 00:00 (CET/CEST)","n/e","n/e","0"
"Montenegro (ME)","08.09.2016 00:00 - 08.09.2016 01:00 (CET/CEST)","n/e","n/e","0"
"Montenegro (ME)","08.09.2016 01:00 - 08.09.2016 02:00 (CET/CEST)","n/e","n/e","0"
"Montenegro (ME)","08.09.2016 02:00 - 08.09.2016 03:00 (CET/CEST)","n/e","n/e","0"
"Montenegro (ME)","08.09.2016 03:00 - 08.09.2016 04:00 (CET/CEST)","n/e","n/e","0"
"Montenegro (ME)","08.09.2016 04:00 - 08.09.2016 05:00 (CET/CEST)","n/e","n/e","0"
"Montenegro (ME)","08.09.2016 05:00 - 08.09.2016 06:00 (CET/CEST)","n/e","n/e","0"
"Montenegro (ME)","08.09.2016 06:00 - 08.09.2016 07:00 (CET/CEST)","n/e","n/e","0"
"Montenegro (ME)","08.09.2016 07:00 - 08.09.2016 08:00 (CET/CEST)","n/e","n/e","248"
"Montenegro (ME)","08.09.2016 08:00 - 08.09.2016 09:00 (CET/CEST)","n/e","n/e","319"
"Montenegro (ME)","08.09.2016 09:00 - 08.09.2016 10:00 (CET/CEST)","n/e","n/e","321"
"Montenegro (ME)","08.09.2016 10:00 - 08.09.2016 11:00 (CET/CEST)","n/e","n/e","244"
"Montenegro (ME)","08.09.2016 11:00 - 08.09.2016 12:00 (CET/CEST)","n/e","n/e","330"
"Montenegro (ME)","08.09.2016 12:00 - 08.09.2016 13:00 (CET/CEST)","n/e","n/e","301"
"Montenegro (ME)","08.09.2016 13:00 - 08.09.2016 14:00 (CET/CEST)","n/e","n/e","233"
"Montenegro (ME)","08.09.2016 14:00 - 08.09.2016 15:00 (CET/CEST)","n/e","n/e","311"
"Montenegro (ME)","08.09.2016 15:00 - 08.09.2016 16:00 (CET/CEST)","n/e","n/e","311"
"Montenegro (ME)","08.09.2016 16:00 - 08.09.2016 17:00 (CET/CEST)","n/e","n/e","201"
"Montenegro (ME)","08.09.2016 17:00 - 08.09.2016 18:00 (CET/CEST)","n/e","n/e","191"
"Montenegro (ME)","08.09.2016 18:00 - 08.09.2016 19:00 (CET/CEST)","n/e","n/e","211"
"Montenegro (ME)","08.09.2016 19:00 - 08.09.2016 20:00 (CET/CEST)","n/e","n/e","301"
"Montenegro (ME)","08.09.2016 20:00 - 08.09.2016 21:00 (CET/CEST)","n/e","n/e","300"
"Montenegro (ME)","08.09.2016 21:00 - 08.09.2016 22:00 (CET/CEST)","n/e","n/e","101"
"Montenegro (ME)","08.09.2016 22:00 - 08.09.2016 23:00 (CET/CEST)","n/e","n/e","0"
"Montenegro (ME)","08.09.2016 23:00 - 09.09.2016 00:00 (CET/CEST)","n/e","n/e","0"
"Montenegro (ME)","09.09.2016 00:00 - 09.09.2016 01:00 (CET/CEST)","n/e","n/e","0"
"Montenegro (ME)","09.09.2016 01:00 - 09.09.2016 02:00 (CET/CEST)","n/e","n/e","0"
"Montenegro (ME)","09.09.2016 02:00 - 09.09.2016 03:00 (CET/CEST)","n/e","n/e","0"
"Montenegro (ME)","09.09.2016 03:00 - 09.09.2016 04:00 (CET/CEST)","n/e","n/e","0"
"Montenegro (ME)","09.09.2016 04:00 - 09.09.2016 05:00 (CET/CEST)","n/e","n/e","0"
"Montenegro (ME)","09.09.2016 05:00 - 09.09.2016 06:00 (CET/CEST)","n/e","n/e","0"
"Montenegro (ME)","09.09.2016 06:00 - 09.09.2016 07:00 (CET/CEST)","n/e","n/e","0"
"Montenegro (ME)","09.09.2016 07:00 - 09.09.2016 08:00 (CET/CEST)","n/e","n/e","100"
"Montenegro (ME)","09.09.2016 08:00 - 09.09.2016 09:00 (CET/CEST)","n/e","n/e","100"
"Montenegro (ME)","09.09.2016 09:00 - 09.09.2016 10:00 (CET/CEST)","n/e","n/e","99"
"Montenegro (ME)","09.09.2016 10:00 - 09.09.2016 11:00 (CET/CEST)","n/e","n/e","71"
"Montenegro (ME)","09.09.2016 11:00 - 09.09.2016 12:00 (CET/CEST)","n/e","n/e","100"
"Montenegro (ME)","09.09.2016 12:00 - 09.09.2016 13:00 (CET/CEST)","n/e","n/e","111"
"Montenegro (ME)","09.09.2016 13:00 - 09.09.2016 14:00 (CET/CEST)","n/e","n/e","201"
"Montenegro (ME)","09.09.2016 14:00 - 09.09.2016 15:00 (CET/CEST)","n/e","n/e","151"
"Montenegro (ME)","09.09.2016 15:00 - 09.09.2016 16:00 (CET/CEST)","n/e","n/e","151"
"Montenegro (ME)","09.09.2016 16:00 - 09.09.2016 17:00 (CET/CEST)","n/e","n/e","150"
"Montenegro (ME)","09.09.2016 17:00 - 09.09.2016 18:00 (CET/CEST)","n/e","n/e","152"
"Montenegro (ME)","09.09.2016 18:00 - 09.09.2016 19:00 (CET/CEST)","n/e","n/e","250"
"Montenegro (ME)","09.09.2016 19:00 - 09.09.2016 20:00 (CET/CEST)","n/e","n/e","333"
"Montenegro (ME)","09.09.2016 20:00 - 09.09.2016 21:00 (CET/CEST)","n/e","n/e","333"
"Montenegro (ME)","09.09.2016 21:00 - 09.09.2016 22:00 (CET/CEST)","n/e","n/e","99"
"Montenegro (ME)","09.09.2016 22:00 - 09.09.2016 23:00 (CET/CEST)","n/e","n/e","0"
"Montenegro (ME)","09.09.2016 23:00 - 10.09.2016 00:00 (CET/CEST)","n/e","n/e","0"
"Montenegro (ME)","10.09.2016 00:00 - 10.09.2016 01:00 (CET/CEST)","n/e","n/e","171"
"Montenegro (ME)","10.09.2016 01:00 - 10.09.2016 02:00 (CET/CEST)","n/e","n/e","171"
"Montenegro (ME)","10.09.2016 02:00 - 10.09.2016 03:00 (CET/CEST)","n/e","n/e","181"
"Montenegro (ME)","10.09.2016 03:00 - 10.09.2016 04:00 (CET/CEST)","n/e","n/e","194"
"Montenegro (ME)","10.09.2016 04:00 - 10.09.2016 05:00 (CET/CEST)","n/e","n/e","188"
"Montenegro (ME)","10.09.2016 05:00 - 10.09.2016 06:00 (CET/CEST)","n/e","n/e","183"
"Montenegro (ME)","10.09.2016 06:00 - 10.09.2016 07:00 (CET/CEST)","n/e","n/e","155"
"Montenegro (ME)","10.09.2016 07:00 - 10.09.2016 08:00 (CET/CEST)","n/e","n/e","150"
"Montenegro (ME)","10.09.2016 08:00 - 10.09.2016 09:00 (CET/CEST)","n/e","n/e","153"
"Montenegro (ME)","10.09.2016 09:00 - 10.09.2016 10:00 (CET/CEST)","n/e","n/e","178"
"Montenegro (ME)","10.09.2016 10:00 - 10.09.2016 11:00 (CET/CEST)","n/e","n/e","196"
"Montenegro (ME)","10.09.2016 11:00 - 10.09.2016 12:00 (CET/CEST)","n/e","n/e","186"
"Montenegro (ME)","10.09.2016 12:00 - 10.09.2016 13:00 (CET/CEST)","n/e","n/e","166"
"Montenegro (ME)","10.09.2016 13:00 - 10.09.2016 14:00 (CET/CEST)","n/e","n/e","170"
"Montenegro (ME)","10.09.2016 14:00 - 10.09.2016 15:00 (CET/CEST)","n/e","n/e","178"
"Montenegro (ME)","10.09.2016 15:00 - 10.09.2016 16:00 (CET/CEST)","n/e","n/e","174"
"Montenegro (ME)","10.09.2016 16:00 - 10.09.2016 17:00 (CET/CEST)","n/e","n/e","179"
"Montenegro (ME)","10.09.2016 17:00 - 10.09.2016 18:00 (CET/CEST)","n/e","n/e","143"
"Montenegro (ME)","10.09.2016 18:00 - 10.09.2016 19:00 (CET/CEST)","n/e","n/e","336"
"Montenegro (ME)","10.09.2016 19:00 - 10.09.2016 20:00 (CET/CEST)","n/e","n/e","337"
"Montenegro (ME)","10.09.2016 20:00 - 10.09.2016 21:00 (CET/CEST)","n/e","n/e","336"
"Montenegro (ME)","10.09.2016 21:00 - 10.09.2016 22:00 (CET/CEST)","n/e","n/e","333"
"Montenegro (ME)","10.09.2016 22:00 - 10.09.2016 23:00 (CET/CEST)","n/e","n/e","114"
"Montenegro (ME)","10.09.2016 23:00 - 11.09.2016 00:00 (CET/CEST)","n/e","n/e","110"
"Montenegro (ME)","11.09.2016 00:00 - 11.09.2016 01:00 (CET/CEST)","n/e","n/e","0"
"Montenegro (ME)","11.09.2016 01:00 - 11.09.2016 02:00 (CET/CEST)","n/e","n/e","0"
"Montenegro (ME)","11.09.2016 02:00 - 11.09.2016 03:00 (CET/CEST)","n/e","n/e","0"
"Montenegro (ME)","11.09.2016 03:00 - 11.09.2016 04:00 (CET/CEST)","n/e","n/e","0"
"Montenegro (ME)","11.09.2016 04:00 - 11.09.2016 05:00 (CET/CEST)","n/e","n/e","0"
"Montenegro (ME)","11.09.2016 05:00 - 11.09.2016 06:00 (CET/CEST)","n/e","n/e","0"
"Montenegro (ME)","11.09.2016 06:00 - 11.09.2016 07:00 (CET/CEST)","n/e","n/e","0"
"Montenegro (ME)","11.09.2016 07:00 - 11.09.2016 08:00 (CET/CEST)","n/e","n/e","0"
"Montenegro (ME)","11.09.2016 08:00 - 11.09.2016 09:00 (CET/CEST)","n/e","n/e","0"
"Montenegro (ME)","11.09.2016 09:00 - 11.09.2016 10:00 (CET/CEST)","n/e","n/e","0"
"Montenegro (ME)","11.09.2016 10:00 - 11.09.2016 11:00 (CET/CEST)","n/e","n/e","0"
"Montenegro (ME)","11.09.2016 11:00 - 11.09.2016 12:00 (CET/CEST)","n/e","n/e","0"
"Montenegro (ME)","11.09.2016 12:00 - 11.09.2016 13:00 (CET/CEST)","n/e","n/e","0"
"Montenegro (ME)","11.09.2016 13:00 - 11.09.2016 14:00 (CET/CEST)","n/e","n/e","0"
"Montenegro (ME)","11.09.2016 14:00 - 11.09.2016 15:00 (CET/CEST)","n/e","n/e","0"
"Montenegro (ME)","11.09.2016 15:00 - 11.09.2016 16:00 (CET/CEST)","n/e","n/e","0"
"Montenegro (ME)","11.09.2016 16:00 - 11.09.2016 17:00 (CET/CEST)","n/e","n/e","0"
"Montenegro (ME)","11.09.2016 17:00 - 11.09.2016 18:00 (CET/CEST)","n/e","n/e","0"
"Montenegro (ME)","11.09.2016 18:00 - 11.09.2016 19:00 (CET/CEST)","n/e","n/e","2"
"Montenegro (ME)","11.09.2016 19:00 - 11.09.2016 20:00 (CET/CEST)","n/e","n/e","300"
"Montenegro (ME)","11.09.2016 20:00 - 11.09.2016 21:00 (CET/CEST)","n/e","n/e","298"
"Montenegro (ME)","11.09.2016 21:00 - 11.09.2016 22:00 (CET/CEST)","n/e","n/e","199"
"Montenegro (ME)","11.09.2016 22:00 - 11.09.2016 23:00 (CET/CEST)","n/e","n/e","0"
"Montenegro (ME)","11.09.2016 23:00 - 12.09.2016 00:00 (CET/CEST)","n/e","n/e","0"
"Montenegro (ME)","12.09.2016 00:00 - 12.09.2016 01:00 (CET/CEST)","n/e","n/e","0"
"Montenegro (ME)","12.09.2016 01:00 - 12.09.2016 02:00 (CET/CEST)","n/e","n/e","0"
"Montenegro (ME)","12.09.2016 02:00 - 12.09.2016 03:00 (CET/CEST)","n/e","n/e","0"
"Montenegro (ME)","12.09.2016 03:00 - 12.09.2016 04:00 (CET/CEST)","n/e","n/e","0"
"Montenegro (ME)","12.09.2016 04:00 - 12.09.2016 05:00 (CET/CEST)","n/e","n/e","0"
"Montenegro (ME)","12.09.2016 05:00 - 12.09.2016 06:00 (CET/CEST)","n/e","n/e","0"
"Montenegro (ME)","12.09.2016 06:00 - 12.09.2016 07:00 (CET/CEST)","n/e","n/e","1"
"Montenegro (ME)","12.09.2016 07:00 - 12.09.2016 08:00 (CET/CEST)","n/e","n/e","81"
"Montenegro (ME)","12.09.2016 08:00 - 12.09.2016 09:00 (CET/CEST)","n/e","n/e","81"
"Montenegro (ME)","12.09.2016 09:00 - 12.09.2016 10:00 (CET/CEST)","n/e","n/e","110"
"Montenegro (ME)","12.09.2016 10:00 - 12.09.2016 11:00 (CET/CEST)","n/e","n/e","92"
"Montenegro (ME)","12.09.2016 11:00 - 12.09.2016 12:00 (CET/CEST)","n/e","n/e","93"
"Montenegro (ME)","12.09.2016 12:00 - 12.09.2016 13:00 (CET/CEST)","n/e","n/e","99"
"Montenegro (ME)","12.09.2016 13:00 - 12.09.2016 14:00 (CET/CEST)","n/e","n/e","72"
"Montenegro (ME)","12.09.2016 14:00 - 12.09.2016 15:00 (CET/CEST)","n/e","n/e","110"
"Montenegro (ME)","12.09.2016 15:00 - 12.09.2016 16:00 (CET/CEST)","n/e","n/e","99"
"Montenegro (ME)","12.09.2016 16:00 - 12.09.2016 17:00 (CET/CEST)","n/e","n/e","82"
"Montenegro (ME)","12.09.2016 17:00 - 12.09.2016 18:00 (CET/CEST)","n/e","n/e","182"
"Montenegro (ME)","12.09.2016 18:00 - 12.09.2016 19:00 (CET/CEST)","n/e","n/e","205"
"Montenegro (ME)","12.09.2016 19:00 - 12.09.2016 20:00 (CET/CEST)","n/e","n/e","335"
"Montenegro (ME)","12.09.2016 20:00 - 12.09.2016 21:00 (CET/CEST)","n/e","n/e","321"
"Montenegro (ME)","12.09.2016 21:00 - 12.09.2016 22:00 (CET/CEST)","n/e","n/e","239"
"Montenegro (ME)","12.09.2016 22:00 - 12.09.2016 23:00 (CET/CEST)","n/e","n/e","188"
"Montenegro (ME)","12.09.2016 23:00 - 13.09.2016 00:00 (CET/CEST)","n/e","n/e","0"
"Montenegro (ME)","13.09.2016 00:00 - 13.09.2016 01:00 (CET/CEST)","n/e","n/e","0"
"Montenegro (ME)","13.09.2016 01:00 - 13.09.2016 02:00 (CET/CEST)","n/e","n/e","0"
"Montenegro (ME)","13.09.2016 02:00 - 13.09.2016 03:00 (CET/CEST)","n/e","n/e","0"
"Montenegro (ME)","13.09.2016 03:00 - 13.09.2016 04:00 (CET/CEST)","n/e","n/e","0"
"Montenegro (ME)","13.09.2016 04:00 - 13.09.2016 05:00 (CET/CEST)","n/e","n/e","0"
"Montenegro (ME)","13.09.2016 05:00 - 13.09.2016 06:00 (CET/CEST)","n/e","n/e","0"
"Montenegro (ME)","13.09.2016 06:00 - 13.09.2016 07:00 (CET/CEST)","n/e","n/e","0"
"Montenegro (ME)","13.09.2016 07:00 - 13.09.2016 08:00 (CET/CEST)","n/e","n/e","0"
"Montenegro (ME)","13.09.2016 08:00 - 13.09.2016 09:00 (CET/CEST)","n/e","n/e","0"
"Montenegro (ME)","13.09.2016 09:00 - 13.09.2016 10:00 (CET/CEST)","n/e","n/e","0"
"Montenegro (ME)","13.09.2016 10:00 - 13.09.2016 11:00 (CET/CEST)","n/e","n/e","98"
"Montenegro (ME)","13.09.2016 11:00 - 13.09.2016 12:00 (CET/CEST)","n/e","n/e","99"
"Montenegro (ME)","13.09.2016 12:00 - 13.09.2016 13:00 (CET/CEST)","n/e","n/e","98"
"Montenegro (ME)","13.09.2016 13:00 - 13.09.2016 14:00 (CET/CEST)","n/e","n/e","98"
"Montenegro (ME)","13.09.2016 14:00 - 13.09.2016 15:00 (CET/CEST)","n/e","n/e","74"
"Montenegro (ME)","13.09.2016 15:00 - 13.09.2016 16:00 (CET/CEST)","n/e","n/e","100"
"Montenegro (ME)","13.09.2016 16:00 - 13.09.2016 17:00 (CET/CEST)","n/e","n/e","266"
"Montenegro (ME)","13.09.2016 17:00 - 13.09.2016 18:00 (CET/CEST)","n/e","n/e","267"
"Montenegro (ME)","13.09.2016 18:00 - 13.09.2016 19:00 (CET/CEST)","n/e","n/e","335"
"Montenegro (ME)","13.09.2016 19:00 - 13.09.2016 20:00 (CET/CEST)","n/e","n/e","335"
"Montenegro (ME)","13.09.2016 20:00 - 13.09.2016 21:00 (CET/CEST)","n/e","n/e","335"
"Montenegro (ME)","13.09.2016 21:00 - 13.09.2016 22:00 (CET/CEST)","n/e","n/e","334"
"Montenegro (ME)","13.09.2016 22:00 - 13.09.2016 23:00 (CET/CEST)","n/e","n/e","99"
"Montenegro (ME)","13.09.2016 23:00 - 14.09.2016 00:00 (CET/CEST)","n/e","n/e","0"
"Montenegro (ME)","14.09.2016 00:00 - 14.09.2016 01:00 (CET/CEST)","n/e","n/e","0"
"Montenegro (ME)","14.09.2016 01:00 - 14.09.2016 02:00 (CET/CEST)","n/e","n/e","0"
"Montenegro (ME)","14.09.2016 02:00 - 14.09.2016 03:00 (CET/CEST)","n/e","n/e","0"
"Montenegro (ME)","14.09.2016 03:00 - 14.09.2016 04:00 (CET/CEST)","n/e","n/e","0"
"Montenegro (ME)","14.09.2016 04:00 - 14.09.2016 05:00 (CET/CEST)","n/e","n/e","0"
"Montenegro (ME)","14.09.2016 05:00 - 14.09.2016 06:00 (CET/CEST)","n/e","n/e","0"
"Montenegro (ME)","14.09.2016 06:00 - 14.09.2016 07:00 (CET/CEST)","n/e","n/e","0"
"Montenegro (ME)","14.09.2016 07:00 - 14.09.2016 08:00 (CET/CEST)","n/e","n/e","99"
"Montenegro (ME)","14.09.2016 08:00 - 14.09.2016 09:00 (CET/CEST)","n/e","n/e","195"
"Montenegro (ME)","14.09.2016 09:00 - 14.09.2016 10:00 (CET/CEST)","n/e","n/e","255"
"Montenegro (ME)","14.09.2016 10:00 - 14.09.2016 11:00 (CET/CEST)","n/e","n/e","256"
"Montenegro (ME)","14.09.2016 11:00 - 14.09.2016 12:00 (CET/CEST)","n/e","n/e","291"
"Montenegro (ME)","14.09.2016 12:00 - 14.09.2016 13:00 (CET/CEST)","n/e","n/e","260"
"Montenegro (ME)","14.09.2016 13:00 - 14.09.2016 14:00 (CET/CEST)","n/e","n/e","260"
"Montenegro (ME)","14.09.2016 14:00 - 14.09.2016 15:00 (CET/CEST)","n/e","n/e","261"
"Montenegro (ME)","14.09.2016 15:00 - 14.09.2016 16:00 (CET/CEST)","n/e","n/e","232"
"Montenegro (ME)","14.09.2016 16:00 - 14.09.2016 17:00 (CET/CEST)","n/e","n/e","271"
"Montenegro (ME)","14.09.2016 17:00 - 14.09.2016 18:00 (CET/CEST)","n/e","n/e","271"
"Montenegro (ME)","14.09.2016 18:00 - 14.09.2016 19:00 (CET/CEST)","n/e","n/e","292"
"Montenegro (ME)","14.09.2016 19:00 - 14.09.2016 20:00 (CET/CEST)","n/e","n/e","312"
"Montenegro (ME)","14.09.2016 20:00 - 14.09.2016 21:00 (CET/CEST)","n/e","n/e","334"
"Montenegro (ME)","14.09.2016 21:00 - 14.09.2016 22:00 (CET/CEST)","n/e","n/e","261"
"Montenegro (ME)","14.09.2016 22:00 - 14.09.2016 23:00 (CET/CEST)","n/e","n/e","99"
"Montenegro (ME)","14.09.2016 23:00 - 15.09.2016 00:00 (CET/CEST)","n/e","n/e","0"
"Montenegro (ME)","15.09.2016 00:00 - 15.09.2016 01:00 (CET/CEST)","n/e","n/e","0"
"Montenegro (ME)","15.09.2016 01:00 - 15.09.2016 02:00 (CET/CEST)","n/e","n/e","0"
"Montenegro (ME)","15.09.2016 02:00 - 15.09.2016 03:00 (CET/CEST)","n/e","n/e","0"
"Montenegro (ME)","15.09.2016 03:00 - 15.09.2016 04:00 (CET/CEST)","n/e","n/e","0"
"Montenegro (ME)","15.09.2016 04:00 - 15.09.2016 05:00 (CET/CEST)","n/e","n/e","0"
"Montenegro (ME)","15.09.2016 05:00 - 15.09.2016 06:00 (CET/CEST)","n/e","n/e","0"
"Montenegro (ME)","15.09.2016 06:00 - 15.09.2016 07:00 (CET/CEST)","n/e","n/e","0"
"Montenegro (ME)","15.09.2016 07:00 - 15.09.2016 08:00 (CET/CEST)","n/e","n/e","0"
"Montenegro (ME)","15.09.2016 08:00 - 15.09.2016 09:00 (CET/CEST)","n/e","n/e","0"
"Montenegro (ME)","15.09.2016 09:00 - 15.09.2016 10:00 (CET/CEST)","n/e","n/e","0"
"Montenegro (ME)","15.09.2016 10:00 - 15.09.2016 11:00 (CET/CEST)","n/e","n/e","141"
"Montenegro (ME)","15.09.2016 11:00 - 15.09.2016 12:00 (CET/CEST)","n/e","n/e","93"
"Montenegro (ME)","15.09.2016 12:00 - 15.09.2016 13:00 (CET/CEST)","n/e","n/e","96"
"Montenegro (ME)","15.09.2016 13:00 - 15.09.2016 14:00 (CET/CEST)","n/e","n/e","95"
"Montenegro (ME)","15.09.2016 14:00 - 15.09.2016 15:00 (CET/CEST)","n/e","n/e","70"
"Montenegro (ME)","15.09.2016 15:00 - 15.09.2016 16:00 (CET/CEST)","n/e","n/e","71"
"Montenegro (ME)","15.09.2016 16:00 - 15.09.2016 17:00 (CET/CEST)","n/e","n/e","192"
"Montenegro (ME)","15.09.2016 17:00 - 15.09.2016 18:00 (CET/CEST)","n/e","n/e","162"
"Montenegro (ME)","15.09.2016 18:00 - 15.09.2016 19:00 (CET/CEST)","n/e","n/e","193"
"Montenegro (ME)","15.09.2016 19:00 - 15.09.2016 20:00 (CET/CEST)","n/e","n/e","192"
"Montenegro (ME)","15.09.2016 20:00 - 15.09.2016 21:00 (CET/CEST)","n/e","n/e","220"
"Montenegro (ME)","15.09.2016 21:00 - 15.09.2016 22:00 (CET/CEST)","n/e","n/e","0"
"Montenegro (ME)","15.09.2016 22:00 - 15.09.2016 23:00 (CET/CEST)","n/e","n/e","0"
"Montenegro (ME)","15.09.2016 23:00 - 16.09.2016 00:00 (CET/CEST)","n/e","n/e","0"
"Montenegro (ME)","16.09.2016 00:00 - 16.09.2016 01:00 (CET/CEST)","n/e","n/e","0"
"Montenegro (ME)","16.09.2016 01:00 - 16.09.2016 02:00 (CET/CEST)","n/e","n/e","0"
"Montenegro (ME)","16.09.2016 02:00 - 16.09.2016 03:00 (CET/CEST)","n/e","n/e","0"
"Montenegro (ME)","16.09.2016 03:00 - 16.09.2016 04:00 (CET/CEST)","n/e","n/e","0"
"Montenegro (ME)","16.09.2016 04:00 - 16.09.2016 05:00 (CET/CEST)","n/e","n/e","0"
"Montenegro (ME)","16.09.2016 05:00 - 16.09.2016 06:00 (CET/CEST)","n/e","n/e","0"
"Montenegro (ME)","16.09.2016 06:00 - 16.09.2016 07:00 (CET/CEST)","n/e","n/e","0"
"Montenegro (ME)","16.09.2016 07:00 - 16.09.2016 08:00 (CET/CEST)","n/e","n/e","102"
"Montenegro (ME)","16.09.2016 08:00 - 16.09.2016 09:00 (CET/CEST)","n/e","n/e","221"
"Montenegro (ME)","16.09.2016 09:00 - 16.09.2016 10:00 (CET/CEST)","n/e","n/e","220"
"Montenegro (ME)","16.09.2016 10:00 - 16.09.2016 11:00 (CET/CEST)","n/e","n/e","72"
"Montenegro (ME)","16.09.2016 11:00 - 16.09.2016 12:00 (CET/CEST)","n/e","n/e","112"
"Montenegro (ME)","16.09.2016 12:00 - 16.09.2016 13:00 (CET/CEST)","n/e","n/e","329"
"Montenegro (ME)","16.09.2016 13:00 - 16.09.2016 14:00 (CET/CEST)","n/e","n/e","270"
"Montenegro (ME)","16.09.2016 14:00 - 16.09.2016 15:00 (CET/CEST)","n/e","n/e","259"
"Montenegro (ME)","16.09.2016 15:00 - 16.09.2016 16:00 (CET/CEST)","n/e","n/e","252"
"Montenegro (ME)","16.09.2016 16:00 - 16.09.2016 17:00 (CET/CEST)","n/e","n/e","330"
"Montenegro (ME)","16.09.2016 17:00 - 16.09.2016 18:00 (CET/CEST)","n/e","n/e","331"
"Montenegro (ME)","16.09.2016 18:00 - 16.09.2016 19:00 (CET/CEST)","n/e","n/e","332"
"Montenegro (ME)","16.09.2016 19:00 - 16.09.2016 20:00 (CET/CEST)","n/e","n/e","336"
"Montenegro (ME)","16.09.2016 20:00 - 16.09.2016 21:00 (CET/CEST)","n/e","n/e","336"
"Montenegro (ME)","16.09.2016 21:00 - 16.09.2016 22:00 (CET/CEST)","n/e","n/e","330"
"Montenegro (ME)","16.09.2016 22:00 - 16.09.2016 23:00 (CET/CEST)","n/e","n/e","329"
"Montenegro (ME)","16.09.2016 23:00 - 17.09.2016 00:00 (CET/CEST)","n/e","n/e","109"
"Montenegro (ME)","17.09.2016 00:00 - 17.09.2016 01:00 (CET/CEST)","n/e","n/e","0"
"Montenegro (ME)","17.09.2016 01:00 - 17.09.2016 02:00 (CET/CEST)","n/e","n/e","0"
"Montenegro (ME)","17.09.2016 02:00 - 17.09.2016 03:00 (CET/CEST)","n/e","n/e","0"
"Montenegro (ME)","17.09.2016 03:00 - 17.09.2016 04:00 (CET/CEST)","n/e","n/e","0"
"Montenegro (ME)","17.09.2016 04:00 - 17.09.2016 05:00 (CET/CEST)","n/e","n/e","0"
"Montenegro (ME)","17.09.2016 05:00 - 17.09.2016 06:00 (CET/CEST)","n/e","n/e","0"
"Montenegro (ME)","17.09.2016 06:00 - 17.09.2016 07:00 (CET/CEST)","n/e","n/e","0"
"Montenegro (ME)","17.09.2016 07:00 - 17.09.2016 08:00 (CET/CEST)","n/e","n/e","0"
"Montenegro (ME)","17.09.2016 08:00 - 17.09.2016 09:00 (CET/CEST)","n/e","n/e","0"
"Montenegro (ME)","17.09.2016 09:00 - 17.09.2016 10:00 (CET/CEST)","n/e","n/e","0"
"Montenegro (ME)","17.09.2016 10:00 - 17.09.2016 11:00 (CET/CEST)","n/e","n/e","0"
"Montenegro (ME)","17.09.2016 11:00 - 17.09.2016 12:00 (CET/CEST)","n/e","n/e","72"
"Montenegro (ME)","17.09.2016 12:00 - 17.09.2016 13:00 (CET/CEST)","n/e","n/e","72"
"Montenegro (ME)","17.09.2016 13:00 - 17.09.2016 14:00 (CET/CEST)","n/e","n/e","72"
"Montenegro (ME)","17.09.2016 14:00 - 17.09.2016 15:00 (CET/CEST)","n/e","n/e","0"
"Montenegro (ME)","17.09.2016 15:00 - 17.09.2016 16:00 (CET/CEST)","n/e","n/e","0"
"Montenegro (ME)","17.09.2016 16:00 - 17.09.2016 17:00 (CET/CEST)","n/e","n/e","0"
"Montenegro (ME)","17.09.2016 17:00 - 17.09.2016 18:00 (CET/CEST)","n/e","n/e","0"
"Montenegro (ME)","17.09.2016 18:00 - 17.09.2016 19:00 (CET/CEST)","n/e","n/e","74"
"Montenegro (ME)","17.09.2016 19:00 - 17.09.2016 20:00 (CET/CEST)","n/e","n/e","331"
"Montenegro (ME)","17.09.2016 20:00 - 17.09.2016 21:00 (CET/CEST)","n/e","n/e","290"
"Montenegro (ME)","17.09.2016 21:00 - 17.09.2016 22:00 (CET/CEST)","n/e","n/e","180"
"Montenegro (ME)","17.09.2016 22:00 - 17.09.2016 23:00 (CET/CEST)","n/e","n/e","0"
"Montenegro (ME)","17.09.2016 23:00 - 18.09.2016 00:00 (CET/CEST)","n/e","n/e","0"
"Montenegro (ME)","18.09.2016 00:00 - 18.09.2016 01:00 (CET/CEST)","n/e","n/e","0"
"Montenegro (ME)","18.09.2016 01:00 - 18.09.2016 02:00 (CET/CEST)","n/e","n/e","0"
"Montenegro (ME)","18.09.2016 02:00 - 18.09.2016 03:00 (CET/CEST)","n/e","n/e","0"
"Montenegro (ME)","18.09.2016 03:00 - 18.09.2016 04:00 (CET/CEST)","n/e","n/e","0"
"Montenegro (ME)","18.09.2016 04:00 - 18.09.2016 05:00 (CET/CEST)","n/e","n/e","0"
"Montenegro (ME)","18.09.2016 05:00 - 18.09.2016 06:00 (CET/CEST)","n/e","n/e","0"
"Montenegro (ME)","18.09.2016 06:00 - 18.09.2016 07:00 (CET/CEST)","n/e","n/e","0"
"Montenegro (ME)","18.09.2016 07:00 - 18.09.2016 08:00 (CET/CEST)","n/e","n/e","0"
"Montenegro (ME)","18.09.2016 08:00 - 18.09.2016 09:00 (CET/CEST)","n/e","n/e","0"
"Montenegro (ME)","18.09.2016 09:00 - 18.09.2016 10:00 (CET/CEST)","n/e","n/e","0"
"Montenegro (ME)","18.09.2016 10:00 - 18.09.2016 11:00 (CET/CEST)","n/e","n/e","0"
"Montenegro (ME)","18.09.2016 11:00 - 18.09.2016 12:00 (CET/CEST)","n/e","n/e","0"
"Montenegro (ME)","18.09.2016 12:00 - 18.09.2016 13:00 (CET/CEST)","n/e","n/e","0"
"Montenegro (ME)","18.09.2016 13:00 - 18.09.2016 14:00 (CET/CEST)","n/e","n/e","0"
"Montenegro (ME)","18.09.2016 14:00 - 18.09.2016 15:00 (CET/CEST)","n/e","n/e","0"
"Montenegro (ME)","18.09.2016 15:00 - 18.09.2016 16:00 (CET/CEST)","n/e","n/e","0"
"Montenegro (ME)","18.09.2016 16:00 - 18.09.2016 17:00 (CET/CEST)","n/e","n/e","0"
"Montenegro (ME)","18.09.2016 17:00 - 18.09.2016 18:00 (CET/CEST)","n/e","n/e","0"
"Montenegro (ME)","18.09.2016 18:00 - 18.09.2016 19:00 (CET/CEST)","n/e","n/e","1"
"Montenegro (ME)","18.09.2016 19:00 - 18.09.2016 20:00 (CET/CEST)","n/e","n/e","110"
"Montenegro (ME)","18.09.2016 20:00 - 18.09.2016 21:00 (CET/CEST)","n/e","n/e","109"
"Montenegro (ME)","18.09.2016 21:00 - 18.09.2016 22:00 (CET/CEST)","n/e","n/e","0"
"Montenegro (ME)","18.09.2016 22:00 - 18.09.2016 23:00 (CET/CEST)","n/e","n/e","0"
"Montenegro (ME)","18.09.2016 23:00 - 19.09.2016 00:00 (CET/CEST)","n/e","n/e","0"
"Montenegro (ME)","19.09.2016 00:00 - 19.09.2016 01:00 (CET/CEST)","n/e","n/e","0"
"Montenegro (ME)","19.09.2016 01:00 - 19.09.2016 02:00 (CET/CEST)","n/e","n/e","0"
"Montenegro (ME)","19.09.2016 02:00 - 19.09.2016 03:00 (CET/CEST)","n/e","n/e","0"
"Montenegro (ME)","19.09.2016 03:00 - 19.09.2016 04:00 (CET/CEST)","n/e","n/e","0"
"Montenegro (ME)","19.09.2016 04:00 - 19.09.2016 05:00 (CET/CEST)","n/e","n/e","0"
"Montenegro (ME)","19.09.2016 05:00 - 19.09.2016 06:00 (CET/CEST)","n/e","n/e","1"
"Montenegro (ME)","19.09.2016 06:00 - 19.09.2016 07:00 (CET/CEST)","n/e","n/e","98"
"Montenegro (ME)","19.09.2016 07:00 - 19.09.2016 08:00 (CET/CEST)","n/e","n/e","221"
"Montenegro (ME)","19.09.2016 08:00 - 19.09.2016 09:00 (CET/CEST)","n/e","n/e","221"
"Montenegro (ME)","19.09.2016 09:00 - 19.09.2016 10:00 (CET/CEST)","n/e","n/e","215"
"Montenegro (ME)","19.09.2016 10:00 - 19.09.2016 11:00 (CET/CEST)","n/e","n/e","216"
"Montenegro (ME)","19.09.2016 11:00 - 19.09.2016 12:00 (CET/CEST)","n/e","n/e","215"
"Montenegro (ME)","19.09.2016 12:00 - 19.09.2016 13:00 (CET/CEST)","n/e","n/e","221"
"Montenegro (ME)","19.09.2016 13:00 - 19.09.2016 14:00 (CET/CEST)","n/e","n/e","221"
"Montenegro (ME)","19.09.2016 14:00 - 19.09.2016 15:00 (CET/CEST)","n/e","n/e","192"
"Montenegro (ME)","19.09.2016 15:00 - 19.09.2016 16:00 (CET/CEST)","n/e","n/e","191"
"Montenegro (ME)","19.09.2016 16:00 - 19.09.2016 17:00 (CET/CEST)","n/e","n/e","142"
"Montenegro (ME)","19.09.2016 17:00 - 19.09.2016 18:00 (CET/CEST)","n/e","n/e","192"
"Montenegro (ME)","19.09.2016 18:00 - 19.09.2016 19:00 (CET/CEST)","n/e","n/e","191"
"Montenegro (ME)","19.09.2016 19:00 - 19.09.2016 20:00 (CET/CEST)","n/e","n/e","192"
"Montenegro (ME)","19.09.2016 20:00 - 19.09.2016 21:00 (CET/CEST)","n/e","n/e","221"
"Montenegro (ME)","19.09.2016 21:00 - 19.09.2016 22:00 (CET/CEST)","n/e","n/e","70"
"Montenegro (ME)","19.09.2016 22:00 - 19.09.2016 23:00 (CET/CEST)","n/e","n/e","0"
"Montenegro (ME)","19.09.2016 23:00 - 20.09.2016 00:00 (CET/CEST)","n/e","n/e","0"
"Montenegro (ME)","20.09.2016 00:00 - 20.09.2016 01:00 (CET/CEST)","n/e","n/e","0"
"Montenegro (ME)","20.09.2016 01:00 - 20.09.2016 02:00 (CET/CEST)","n/e","n/e","0"
"Montenegro (ME)","20.09.2016 02:00 - 20.09.2016 03:00 (CET/CEST)","n/e","n/e","0"
"Montenegro (ME)","20.09.2016 03:00 - 20.09.2016 04:00 (CET/CEST)","n/e","n/e","0"
"Montenegro (ME)","20.09.2016 04:00 - 20.09.2016 05:00 (CET/CEST)","n/e","n/e","0"
"Montenegro (ME)","20.09.2016 05:00 - 20.09.2016 06:00 (CET/CEST)","n/e","n/e","0"
"Montenegro (ME)","20.09.2016 06:00 - 20.09.2016 07:00 (CET/CEST)","n/e","n/e","1"
"Montenegro (ME)","20.09.2016 07:00 - 20.09.2016 08:00 (CET/CEST)","n/e","n/e","192"
"Montenegro (ME)","20.09.2016 08:00 - 20.09.2016 09:00 (CET/CEST)","n/e","n/e","221"
"Montenegro (ME)","20.09.2016 09:00 - 20.09.2016 10:00 (CET/CEST)","n/e","n/e","205"
"Montenegro (ME)","20.09.2016 10:00 - 20.09.2016 11:00 (CET/CEST)","n/e","n/e","97"
"Montenegro (ME)","20.09.2016 11:00 - 20.09.2016 12:00 (CET/CEST)","n/e","n/e","91"
"Montenegro (ME)","20.09.2016 12:00 - 20.09.2016 13:00 (CET/CEST)","n/e","n/e","110"
"Montenegro (ME)","20.09.2016 13:00 - 20.09.2016 14:00 (CET/CEST)","n/e","n/e","111"
"Montenegro (ME)","20.09.2016 14:00 - 20.09.2016 15:00 (CET/CEST)","n/e","n/e","111"
"Montenegro (ME)","20.09.2016 15:00 - 20.09.2016 16:00 (CET/CEST)","n/e","n/e","0"
"Montenegro (ME)","20.09.2016 16:00 - 20.09.2016 17:00 (CET/CEST)","n/e","n/e","0"
"Montenegro (ME)","20.09.2016 17:00 - 20.09.2016 18:00 (CET/CEST)","n/e","n/e","0"
"Montenegro (ME)","20.09.2016 18:00 - 20.09.2016 19:00 (CET/CEST)","n/e","n/e","98"
"Montenegro (ME)","20.09.2016 19:00 - 20.09.2016 20:00 (CET/CEST)","n/e","n/e","221"
"Montenegro (ME)","20.09.2016 20:00 - 20.09.2016 21:00 (CET/CEST)","n/e","n/e","190"
"Montenegro (ME)","20.09.2016 21:00 - 20.09.2016 22:00 (CET/CEST)","n/e","n/e","0"
"Montenegro (ME)","20.09.2016 22:00 - 20.09.2016 23:00 (CET/CEST)","n/e","n/e","0"
"Montenegro (ME)","20.09.2016 23:00 - 21.09.2016 00:00 (CET/CEST)","n/e","n/e","0"
"Montenegro (ME)","21.09.2016 00:00 - 21.09.2016 01:00 (CET/CEST)","n/e","n/e","0"
"Montenegro (ME)","21.09.2016 01:00 - 21.09.2016 02:00 (CET/CEST)","n/e","n/e","0"
"Montenegro (ME)","21.09.2016 02:00 - 21.09.2016 03:00 (CET/CEST)","n/e","n/e","0"
"Montenegro (ME)","21.09.2016 03:00 - 21.09.2016 04:00 (CET/CEST)","n/e","n/e","0"
"Montenegro (ME)","21.09.2016 04:00 - 21.09.2016 05:00 (CET/CEST)","n/e","n/e","0"
"Montenegro (ME)","21.09.2016 05:00 - 21.09.2016 06:00 (CET/CEST)","n/e","n/e","0"
"Montenegro (ME)","21.09.2016 06:00 - 21.09.2016 07:00 (CET/CEST)","n/e","n/e","111"
"Montenegro (ME)","21.09.2016 07:00 - 21.09.2016 08:00 (CET/CEST)","n/e","n/e","220"
"Montenegro (ME)","21.09.2016 08:00 - 21.09.2016 09:00 (CET/CEST)","n/e","n/e","220"
"Montenegro (ME)","21.09.2016 09:00 - 21.09.2016 10:00 (CET/CEST)","n/e","n/e","221"
"Montenegro (ME)","21.09.2016 10:00 - 21.09.2016 11:00 (CET/CEST)","n/e","n/e","211"
"Montenegro (ME)","21.09.2016 11:00 - 21.09.2016 12:00 (CET/CEST)","n/e","n/e","220"
"Montenegro (ME)","21.09.2016 12:00 - 21.09.2016 13:00 (CET/CEST)","n/e","n/e","221"
"Montenegro (ME)","21.09.2016 13:00 - 21.09.2016 14:00 (CET/CEST)","n/e","n/e","180"
"Montenegro (ME)","21.09.2016 14:00 - 21.09.2016 15:00 (CET/CEST)","n/e","n/e","0"
"Montenegro (ME)","21.09.2016 15:00 - 21.09.2016 16:00 (CET/CEST)","n/e","n/e","0"
"Montenegro (ME)","21.09.2016 16:00 - 21.09.2016 17:00 (CET/CEST)","n/e","n/e","100"
"Montenegro (ME)","21.09.2016 17:00 - 21.09.2016 18:00 (CET/CEST)","n/e","n/e","207"
"Montenegro (ME)","21.09.2016 18:00 - 21.09.2016 19:00 (CET/CEST)","n/e","n/e","221"
"Montenegro (ME)","21.09.2016 19:00 - 21.09.2016 20:00 (CET/CEST)","n/e","n/e","221"
"Montenegro (ME)","21.09.2016 20:00 - 21.09.2016 21:00 (CET/CEST)","n/e","n/e","220"
"Montenegro (ME)","21.09.2016 21:00 - 21.09.2016 22:00 (CET/CEST)","n/e","n/e","81"
"Montenegro (ME)","21.09.2016 22:00 - 21.09.2016 23:00 (CET/CEST)","n/e","n/e","112"
"Montenegro (ME)","21.09.2016 23:00 - 22.09.2016 00:00 (CET/CEST)","n/e","n/e","0"
"Montenegro (ME)","22.09.2016 00:00 - 22.09.2016 01:00 (CET/CEST)","n/e","n/e","0"
"Montenegro (ME)","22.09.2016 01:00 - 22.09.2016 02:00 (CET/CEST)","n/e","n/e","0"
"Montenegro (ME)","22.09.2016 02:00 - 22.09.2016 03:00 (CET/CEST)","n/e","n/e","0"
"Montenegro (ME)","22.09.2016 03:00 - 22.09.2016 04:00 (CET/CEST)","n/e","n/e","0"
"Montenegro (ME)","22.09.2016 04:00 - 22.09.2016 05:00 (CET/CEST)","n/e","n/e","0"
"Montenegro (ME)","22.09.2016 05:00 - 22.09.2016 06:00 (CET/CEST)","n/e","n/e","0"
"Montenegro (ME)","22.09.2016 06:00 - 22.09.2016 07:00 (CET/CEST)","n/e","n/e","1"
"Montenegro (ME)","22.09.2016 07:00 - 22.09.2016 08:00 (CET/CEST)","n/e","n/e","211"
"Montenegro (ME)","22.09.2016 08:00 - 22.09.2016 09:00 (CET/CEST)","n/e","n/e","192"
"Montenegro (ME)","22.09.2016 09:00 - 22.09.2016 10:00 (CET/CEST)","n/e","n/e","0"
"Montenegro (ME)","22.09.2016 10:00 - 22.09.2016 11:00 (CET/CEST)","n/e","n/e","0"
"Montenegro (ME)","22.09.2016 11:00 - 22.09.2016 12:00 (CET/CEST)","n/e","n/e","0"
"Montenegro (ME)","22.09.2016 12:00 - 22.09.2016 13:00 (CET/CEST)","n/e","n/e","0"
"Montenegro (ME)","22.09.2016 13:00 - 22.09.2016 14:00 (CET/CEST)","n/e","n/e","0"
"Montenegro (ME)","22.09.2016 14:00 - 22.09.2016 15:00 (CET/CEST)","n/e","n/e","0"
"Montenegro (ME)","22.09.2016 15:00 - 22.09.2016 16:00 (CET/CEST)","n/e","n/e","0"
"Montenegro (ME)","22.09.2016 16:00 - 22.09.2016 17:00 (CET/CEST)","n/e","n/e","0"
"Montenegro (ME)","22.09.2016 17:00 - 22.09.2016 18:00 (CET/CEST)","n/e","n/e","1"
"Montenegro (ME)","22.09.2016 18:00 - 22.09.2016 19:00 (CET/CEST)","n/e","n/e","193"
"Montenegro (ME)","22.09.2016 19:00 - 22.09.2016 20:00 (CET/CEST)","n/e","n/e","191"
"Montenegro (ME)","22.09.2016 20:00 - 22.09.2016 21:00 (CET/CEST)","n/e","n/e","210"
"Montenegro (ME)","22.09.2016 21:00 - 22.09.2016 22:00 (CET/CEST)","n/e","n/e","73"
"Montenegro (ME)","22.09.2016 22:00 - 22.09.2016 23:00 (CET/CEST)","n/e","n/e","0"
"Montenegro (ME)","22.09.2016 23:00 - 23.09.2016 00:00 (CET/CEST)","n/e","n/e","0"
"Montenegro (ME)","23.09.2016 00:00 - 23.09.2016 01:00 (CET/CEST)","n/e","n/e","0"
"Montenegro (ME)","23.09.2016 01:00 - 23.09.2016 02:00 (CET/CEST)","n/e","n/e","0"
"Montenegro (ME)","23.09.2016 02:00 - 23.09.2016 03:00 (CET/CEST)","n/e","n/e","0"
"Montenegro (ME)","23.09.2016 03:00 - 23.09.2016 04:00 (CET/CEST)","n/e","n/e","0"
"Montenegro (ME)","23.09.2016 04:00 - 23.09.2016 05:00 (CET/CEST)","n/e","n/e","0"
"Montenegro (ME)","23.09.2016 05:00 - 23.09.2016 06:00 (CET/CEST)","n/e","n/e","0"
"Montenegro (ME)","23.09.2016 06:00 - 23.09.2016 07:00 (CET/CEST)","n/e","n/e","0"
"Montenegro (ME)","23.09.2016 07:00 - 23.09.2016 08:00 (CET/CEST)","n/e","n/e","0"
"Montenegro (ME)","23.09.2016 08:00 - 23.09.2016 09:00 (CET/CEST)","n/e","n/e","0"
"Montenegro (ME)","23.09.2016 09:00 - 23.09.2016 10:00 (CET/CEST)","n/e","n/e","0"
"Montenegro (ME)","23.09.2016 10:00 - 23.09.2016 11:00 (CET/CEST)","n/e","n/e","0"
"Montenegro (ME)","23.09.2016 11:00 - 23.09.2016 12:00 (CET/CEST)","n/e","n/e","0"
"Montenegro (ME)","23.09.2016 12:00 - 23.09.2016 13:00 (CET/CEST)","n/e","n/e","0"
"Montenegro (ME)","23.09.2016 13:00 - 23.09.2016 14:00 (CET/CEST)","n/e","n/e","0"
"Montenegro (ME)","23.09.2016 14:00 - 23.09.2016 15:00 (CET/CEST)","n/e","n/e","0"
"Montenegro (ME)","23.09.2016 15:00 - 23.09.2016 16:00 (CET/CEST)","n/e","n/e","0"
"Montenegro (ME)","23.09.2016 16:00 - 23.09.2016 17:00 (CET/CEST)","n/e","n/e","0"
"Montenegro (ME)","23.09.2016 17:00 - 23.09.2016 18:00 (CET/CEST)","n/e","n/e","0"
"Montenegro (ME)","23.09.2016 18:00 - 23.09.2016 19:00 (CET/CEST)","n/e","n/e","0"
"Montenegro (ME)","23.09.2016 19:00 - 23.09.2016 20:00 (CET/CEST)","n/e","n/e","0"
"Montenegro (ME)","23.09.2016 20:00 - 23.09.2016 21:00 (CET/CEST)","n/e","n/e","0"
"Montenegro (ME)","23.09.2016 21:00 - 23.09.2016 22:00 (CET/CEST)","n/e","n/e","0"
"Montenegro (ME)","23.09.2016 22:00 - 23.09.2016 23:00 (CET/CEST)","n/e","n/e","0"
"Montenegro (ME)","23.09.2016 23:00 - 24.09.2016 00:00 (CET/CEST)","n/e","n/e","0"
"Montenegro (ME)","24.09.2016 00:00 - 24.09.2016 01:00 (CET/CEST)","n/e","n/e","0"
"Montenegro (ME)","24.09.2016 01:00 - 24.09.2016 02:00 (CET/CEST)","n/e","n/e","0"
"Montenegro (ME)","24.09.2016 02:00 - 24.09.2016 03:00 (CET/CEST)","n/e","n/e","0"
"Montenegro (ME)","24.09.2016 03:00 - 24.09.2016 04:00 (CET/CEST)","n/e","n/e","0"
"Montenegro (ME)","24.09.2016 04:00 - 24.09.2016 05:00 (CET/CEST)","n/e","n/e","0"
"Montenegro (ME)","24.09.2016 05:00 - 24.09.2016 06:00 (CET/CEST)","n/e","n/e","0"
"Montenegro (ME)","24.09.2016 06:00 - 24.09.2016 07:00 (CET/CEST)","n/e","n/e","0"
"Montenegro (ME)","24.09.2016 07:00 - 24.09.2016 08:00 (CET/CEST)","n/e","n/e","0"
"Montenegro (ME)","24.09.2016 08:00 - 24.09.2016 09:00 (CET/CEST)","n/e","n/e","0"
"Montenegro (ME)","24.09.2016 09:00 - 24.09.2016 10:00 (CET/CEST)","n/e","n/e","0"
"Montenegro (ME)","24.09.2016 10:00 - 24.09.2016 11:00 (CET/CEST)","n/e","n/e","0"
"Montenegro (ME)","24.09.2016 11:00 - 24.09.2016 12:00 (CET/CEST)","n/e","n/e","0"
"Montenegro (ME)","24.09.2016 12:00 - 24.09.2016 13:00 (CET/CEST)","n/e","n/e","0"
"Montenegro (ME)","24.09.2016 13:00 - 24.09.2016 14:00 (CET/CEST)","n/e","n/e","0"
"Montenegro (ME)","24.09.2016 14:00 - 24.09.2016 15:00 (CET/CEST)","n/e","n/e","0"
"Montenegro (ME)","24.09.2016 15:00 - 24.09.2016 16:00 (CET/CEST)","n/e","n/e","0"
"Montenegro (ME)","24.09.2016 16:00 - 24.09.2016 17:00 (CET/CEST)","n/e","n/e","0"
"Montenegro (ME)","24.09.2016 17:00 - 24.09.2016 18:00 (CET/CEST)","n/e","n/e","0"
"Montenegro (ME)","24.09.2016 18:00 - 24.09.2016 19:00 (CET/CEST)","n/e","n/e","0"
"Montenegro (ME)","24.09.2016 19:00 - 24.09.2016 20:00 (CET/CEST)","n/e","n/e","0"
"Montenegro (ME)","24.09.2016 20:00 - 24.09.2016 21:00 (CET/CEST)","n/e","n/e","0"
"Montenegro (ME)","24.09.2016 21:00 - 24.09.2016 22:00 (CET/CEST)","n/e","n/e","0"
"Montenegro (ME)","24.09.2016 22:00 - 24.09.2016 23:00 (CET/CEST)","n/e","n/e","0"
"Montenegro (ME)","24.09.2016 23:00 - 25.09.2016 00:00 (CET/CEST)","n/e","n/e","0"
"Montenegro (ME)","25.09.2016 00:00 - 25.09.2016 01:00 (CET/CEST)","n/e","n/e","0"
"Montenegro (ME)","25.09.2016 01:00 - 25.09.2016 02:00 (CET/CEST)","n/e","n/e","0"
"Montenegro (ME)","25.09.2016 02:00 - 25.09.2016 03:00 (CET/CEST)","n/e","n/e","0"
"Montenegro (ME)","25.09.2016 03:00 - 25.09.2016 04:00 (CET/CEST)","n/e","n/e","0"
"Montenegro (ME)","25.09.2016 04:00 - 25.09.2016 05:00 (CET/CEST)","n/e","n/e","0"
"Montenegro (ME)","25.09.2016 05:00 - 25.09.2016 06:00 (CET/CEST)","n/e","n/e","0"
"Montenegro (ME)","25.09.2016 06:00 - 25.09.2016 07:00 (CET/CEST)","n/e","n/e","0"
"Montenegro (ME)","25.09.2016 07:00 - 25.09.2016 08:00 (CET/CEST)","n/e","n/e","0"
"Montenegro (ME)","25.09.2016 08:00 - 25.09.2016 09:00 (CET/CEST)","n/e","n/e","0"
"Montenegro (ME)","25.09.2016 09:00 - 25.09.2016 10:00 (CET/CEST)","n/e","n/e","0"
"Montenegro (ME)","25.09.2016 10:00 - 25.09.2016 11:00 (CET/CEST)","n/e","n/e","0"
"Montenegro (ME)","25.09.2016 11:00 - 25.09.2016 12:00 (CET/CEST)","n/e","n/e","0"
"Montenegro (ME)","25.09.2016 12:00 - 25.09.2016 13:00 (CET/CEST)","n/e","n/e","0"
"Montenegro (ME)","25.09.2016 13:00 - 25.09.2016 14:00 (CET/CEST)","n/e","n/e","0"
"Montenegro (ME)","25.09.2016 14:00 - 25.09.2016 15:00 (CET/CEST)","n/e","n/e","0"
"Montenegro (ME)","25.09.2016 15:00 - 25.09.2016 16:00 (CET/CEST)","n/e","n/e","0"
"Montenegro (ME)","25.09.2016 16:00 - 25.09.2016 17:00 (CET/CEST)","n/e","n/e","0"
"Montenegro (ME)","25.09.2016 17:00 - 25.09.2016 18:00 (CET/CEST)","n/e","n/e","0"
"Montenegro (ME)","25.09.2016 18:00 - 25.09.2016 19:00 (CET/CEST)","n/e","n/e","0"
"Montenegro (ME)","25.09.2016 19:00 - 25.09.2016 20:00 (CET/CEST)","n/e","n/e","0"
"Montenegro (ME)","25.09.2016 20:00 - 25.09.2016 21:00 (CET/CEST)","n/e","n/e","0"
"Montenegro (ME)","25.09.2016 21:00 - 25.09.2016 22:00 (CET/CEST)","n/e","n/e","0"
"Montenegro (ME)","25.09.2016 22:00 - 25.09.2016 23:00 (CET/CEST)","n/e","n/e","0"
"Montenegro (ME)","25.09.2016 23:00 - 26.09.2016 00:00 (CET/CEST)","n/e","n/e","0"
"Montenegro (ME)","26.09.2016 00:00 - 26.09.2016 01:00 (CET/CEST)","n/e","n/e","0"
"Montenegro (ME)","26.09.2016 01:00 - 26.09.2016 02:00 (CET/CEST)","n/e","n/e","0"
"Montenegro (ME)","26.09.2016 02:00 - 26.09.2016 03:00 (CET/CEST)","n/e","n/e","0"
"Montenegro (ME)","26.09.2016 03:00 - 26.09.2016 04:00 (CET/CEST)","n/e","n/e","0"
"Montenegro (ME)","26.09.2016 04:00 - 26.09.2016 05:00 (CET/CEST)","n/e","n/e","0"
"Montenegro (ME)","26.09.2016 05:00 - 26.09.2016 06:00 (CET/CEST)","n/e","n/e","0"
"Montenegro (ME)","26.09.2016 06:00 - 26.09.2016 07:00 (CET/CEST)","n/e","n/e","0"
"Montenegro (ME)","26.09.2016 07:00 - 26.09.2016 08:00 (CET/CEST)","n/e","n/e","0"
"Montenegro (ME)","26.09.2016 08:00 - 26.09.2016 09:00 (CET/CEST)","n/e","n/e","0"
"Montenegro (ME)","26.09.2016 09:00 - 26.09.2016 10:00 (CET/CEST)","n/e","n/e","0"
"Montenegro (ME)","26.09.2016 10:00 - 26.09.2016 11:00 (CET/CEST)","n/e","n/e","0"
"Montenegro (ME)","26.09.2016 11:00 - 26.09.2016 12:00 (CET/CEST)","n/e","n/e","0"
"Montenegro (ME)","26.09.2016 12:00 - 26.09.2016 13:00 (CET/CEST)","n/e","n/e","0"
"Montenegro (ME)","26.09.2016 13:00 - 26.09.2016 14:00 (CET/CEST)","n/e","n/e","0"
"Montenegro (ME)","26.09.2016 14:00 - 26.09.2016 15:00 (CET/CEST)","n/e","n/e","0"
"Montenegro (ME)","26.09.2016 15:00 - 26.09.2016 16:00 (CET/CEST)","n/e","n/e","0"
"Montenegro (ME)","26.09.2016 16:00 - 26.09.2016 17:00 (CET/CEST)","n/e","n/e","0"
"Montenegro (ME)","26.09.2016 17:00 - 26.09.2016 18:00 (CET/CEST)","n/e","n/e","0"
"Montenegro (ME)","26.09.2016 18:00 - 26.09.2016 19:00 (CET/CEST)","n/e","n/e","0"
"Montenegro (ME)","26.09.2016 19:00 - 26.09.2016 20:00 (CET/CEST)","n/e","n/e","0"
"Montenegro (ME)","26.09.2016 20:00 - 26.09.2016 21:00 (CET/CEST)","n/e","n/e","0"
"Montenegro (ME)","26.09.2016 21:00 - 26.09.2016 22:00 (CET/CEST)","n/e","n/e","0"
"Montenegro (ME)","26.09.2016 22:00 - 26.09.2016 23:00 (CET/CEST)","n/e","n/e","0"
"Montenegro (ME)","26.09.2016 23:00 - 27.09.2016 00:00 (CET/CEST)","n/e","n/e","0"
"Montenegro (ME)","27.09.2016 00:00 - 27.09.2016 01:00 (CET/CEST)","n/e","n/e","0"
"Montenegro (ME)","27.09.2016 01:00 - 27.09.2016 02:00 (CET/CEST)","n/e","n/e","0"
"Montenegro (ME)","27.09.2016 02:00 - 27.09.2016 03:00 (CET/CEST)","n/e","n/e","0"
"Montenegro (ME)","27.09.2016 03:00 - 27.09.2016 04:00 (CET/CEST)","n/e","n/e","0"
"Montenegro (ME)","27.09.2016 04:00 - 27.09.2016 05:00 (CET/CEST)","n/e","n/e","0"
"Montenegro (ME)","27.09.2016 05:00 - 27.09.2016 06:00 (CET/CEST)","n/e","n/e","0"
"Montenegro (ME)","27.09.2016 06:00 - 27.09.2016 07:00 (CET/CEST)","n/e","n/e","0"
"Montenegro (ME)","27.09.2016 07:00 - 27.09.2016 08:00 (CET/CEST)","n/e","n/e","0"
"Montenegro (ME)","27.09.2016 08:00 - 27.09.2016 09:00 (CET/CEST)","n/e","n/e","0"
"Montenegro (ME)","27.09.2016 09:00 - 27.09.2016 10:00 (CET/CEST)","n/e","n/e","0"
"Montenegro (ME)","27.09.2016 10:00 - 27.09.2016 11:00 (CET/CEST)","n/e","n/e","0"
"Montenegro (ME)","27.09.2016 11:00 - 27.09.2016 12:00 (CET/CEST)","n/e","n/e","0"
"Montenegro (ME)","27.09.2016 12:00 - 27.09.2016 13:00 (CET/CEST)","n/e","n/e","0"
"Montenegro (ME)","27.09.2016 13:00 - 27.09.2016 14:00 (CET/CEST)","n/e","n/e","0"
"Montenegro (ME)","27.09.2016 14:00 - 27.09.2016 15:00 (CET/CEST)","n/e","n/e","0"
"Montenegro (ME)","27.09.2016 15:00 - 27.09.2016 16:00 (CET/CEST)","n/e","n/e","0"
"Montenegro (ME)","27.09.2016 16:00 - 27.09.2016 17:00 (CET/CEST)","n/e","n/e","0"
"Montenegro (ME)","27.09.2016 17:00 - 27.09.2016 18:00 (CET/CEST)","n/e","n/e","0"
"Montenegro (ME)","27.09.2016 18:00 - 27.09.2016 19:00 (CET/CEST)","n/e","n/e","0"
"Montenegro (ME)","27.09.2016 19:00 - 27.09.2016 20:00 (CET/CEST)","n/e","n/e","0"
"Montenegro (ME)","27.09.2016 20:00 - 27.09.2016 21:00 (CET/CEST)","n/e","n/e","0"
"Montenegro (ME)","27.09.2016 21:00 - 27.09.2016 22:00 (CET/CEST)","n/e","n/e","0"
"Montenegro (ME)","27.09.2016 22:00 - 27.09.2016 23:00 (CET/CEST)","n/e","n/e","0"
"Montenegro (ME)","27.09.2016 23:00 - 28.09.2016 00:00 (CET/CEST)","n/e","n/e","0"
"Montenegro (ME)","28.09.2016 00:00 - 28.09.2016 01:00 (CET/CEST)","n/e","n/e","0"
"Montenegro (ME)","28.09.2016 01:00 - 28.09.2016 02:00 (CET/CEST)","n/e","n/e","0"
"Montenegro (ME)","28.09.2016 02:00 - 28.09.2016 03:00 (CET/CEST)","n/e","n/e","0"
"Montenegro (ME)","28.09.2016 03:00 - 28.09.2016 04:00 (CET/CEST)","n/e","n/e","0"
"Montenegro (ME)","28.09.2016 04:00 - 28.09.2016 05:00 (CET/CEST)","n/e","n/e","0"
"Montenegro (ME)","28.09.2016 05:00 - 28.09.2016 06:00 (CET/CEST)","n/e","n/e","0"
"Montenegro (ME)","28.09.2016 06:00 - 28.09.2016 07:00 (CET/CEST)","n/e","n/e","0"
"Montenegro (ME)","28.09.2016 07:00 - 28.09.2016 08:00 (CET/CEST)","n/e","n/e","0"
"Montenegro (ME)","28.09.2016 08:00 - 28.09.2016 09:00 (CET/CEST)","n/e","n/e","0"
"Montenegro (ME)","28.09.2016 09:00 - 28.09.2016 10:00 (CET/CEST)","n/e","n/e","0"
"Montenegro (ME)","28.09.2016 10:00 - 28.09.2016 11:00 (CET/CEST)","n/e","n/e","0"
"Montenegro (ME)","28.09.2016 11:00 - 28.09.2016 12:00 (CET/CEST)","n/e","n/e","0"
"Montenegro (ME)","28.09.2016 12:00 - 28.09.2016 13:00 (CET/CEST)","n/e","n/e","0"
"Montenegro (ME)","28.09.2016 13:00 - 28.09.2016 14:00 (CET/CEST)","n/e","n/e","0"
"Montenegro (ME)","28.09.2016 14:00 - 28.09.2016 15:00 (CET/CEST)","n/e","n/e","0"
"Montenegro (ME)","28.09.2016 15:00 - 28.09.2016 16:00 (CET/CEST)","n/e","n/e","0"
"Montenegro (ME)","28.09.2016 16:00 - 28.09.2016 17:00 (CET/CEST)","n/e","n/e","0"
"Montenegro (ME)","28.09.2016 17:00 - 28.09.2016 18:00 (CET/CEST)","n/e","n/e","0"
"Montenegro (ME)","28.09.2016 18:00 - 28.09.2016 19:00 (CET/CEST)","n/e","n/e","0"
"Montenegro (ME)","28.09.2016 19:00 - 28.09.2016 20:00 (CET/CEST)","n/e","n/e","0"
"Montenegro (ME)","28.09.2016 20:00 - 28.09.2016 21:00 (CET/CEST)","n/e","n/e","0"
"Montenegro (ME)","28.09.2016 21:00 - 28.09.2016 22:00 (CET/CEST)","n/e","n/e","0"
"Montenegro (ME)","28.09.2016 22:00 - 28.09.2016 23:00 (CET/CEST)","n/e","n/e","0"
"Montenegro (ME)","28.09.2016 23:00 - 29.09.2016 00:00 (CET/CEST)","n/e","n/e","0"
"Montenegro (ME)","29.09.2016 00:00 - 29.09.2016 01:00 (CET/CEST)","n/e","n/e","0"
"Montenegro (ME)","29.09.2016 01:00 - 29.09.2016 02:00 (CET/CEST)","n/e","n/e","0"
"Montenegro (ME)","29.09.2016 02:00 - 29.09.2016 03:00 (CET/CEST)","n/e","n/e","0"
"Montenegro (ME)","29.09.2016 03:00 - 29.09.2016 04:00 (CET/CEST)","n/e","n/e","0"
"Montenegro (ME)","29.09.2016 04:00 - 29.09.2016 05:00 (CET/CEST)","n/e","n/e","0"
"Montenegro (ME)","29.09.2016 05:00 - 29.09.2016 06:00 (CET/CEST)","n/e","n/e","0"
"Montenegro (ME)","29.09.2016 06:00 - 29.09.2016 07:00 (CET/CEST)","n/e","n/e","0"
"Montenegro (ME)","29.09.2016 07:00 - 29.09.2016 08:00 (CET/CEST)","n/e","n/e","0"
"Montenegro (ME)","29.09.2016 08:00 - 29.09.2016 09:00 (CET/CEST)","n/e","n/e","0"
"Montenegro (ME)","29.09.2016 09:00 - 29.09.2016 10:00 (CET/CEST)","n/e","n/e","0"
"Montenegro (ME)","29.09.2016 10:00 - 29.09.2016 11:00 (CET/CEST)","n/e","n/e","0"
"Montenegro (ME)","29.09.2016 11:00 - 29.09.2016 12:00 (CET/CEST)","n/e","n/e","0"
"Montenegro (ME)","29.09.2016 12:00 - 29.09.2016 13:00 (CET/CEST)","n/e","n/e","0"
"Montenegro (ME)","29.09.2016 13:00 - 29.09.2016 14:00 (CET/CEST)","n/e","n/e","0"
"Montenegro (ME)","29.09.2016 14:00 - 29.09.2016 15:00 (CET/CEST)","n/e","n/e","0"
"Montenegro (ME)","29.09.2016 15:00 - 29.09.2016 16:00 (CET/CEST)","n/e","n/e","0"
"Montenegro (ME)","29.09.2016 16:00 - 29.09.2016 17:00 (CET/CEST)","n/e","n/e","0"
"Montenegro (ME)","29.09.2016 17:00 - 29.09.2016 18:00 (CET/CEST)","n/e","n/e","0"
"Montenegro (ME)","29.09.2016 18:00 - 29.09.2016 19:00 (CET/CEST)","n/e","n/e","0"
"Montenegro (ME)","29.09.2016 19:00 - 29.09.2016 20:00 (CET/CEST)","n/e","n/e","0"
"Montenegro (ME)","29.09.2016 20:00 - 29.09.2016 21:00 (CET/CEST)","n/e","n/e","0"
"Montenegro (ME)","29.09.2016 21:00 - 29.09.2016 22:00 (CET/CEST)","n/e","n/e","0"
"Montenegro (ME)","29.09.2016 22:00 - 29.09.2016 23:00 (CET/CEST)","n/e","n/e","0"
"Montenegro (ME)","29.09.2016 23:00 - 30.09.2016 00:00 (CET/CEST)","n/e","n/e","0"
"Montenegro (ME)","30.09.2016 00:00 - 30.09.2016 01:00 (CET/CEST)","n/e","n/e","0"
"Montenegro (ME)","30.09.2016 01:00 - 30.09.2016 02:00 (CET/CEST)","n/e","n/e","0"
"Montenegro (ME)","30.09.2016 02:00 - 30.09.2016 03:00 (CET/CEST)","n/e","n/e","0"
"Montenegro (ME)","30.09.2016 03:00 - 30.09.2016 04:00 (CET/CEST)","n/e","n/e","0"
"Montenegro (ME)","30.09.2016 04:00 - 30.09.2016 05:00 (CET/CEST)","n/e","n/e","0"
"Montenegro (ME)","30.09.2016 05:00 - 30.09.2016 06:00 (CET/CEST)","n/e","n/e","0"
"Montenegro (ME)","30.09.2016 06:00 - 30.09.2016 07:00 (CET/CEST)","n/e","n/e","0"
"Montenegro (ME)","30.09.2016 07:00 - 30.09.2016 08:00 (CET/CEST)","n/e","n/e","0"
"Montenegro (ME)","30.09.2016 08:00 - 30.09.2016 09:00 (CET/CEST)","n/e","n/e","0"
"Montenegro (ME)","30.09.2016 09:00 - 30.09.2016 10:00 (CET/CEST)","n/e","n/e","0"
"Montenegro (ME)","30.09.2016 10:00 - 30.09.2016 11:00 (CET/CEST)","n/e","n/e","0"
"Montenegro (ME)","30.09.2016 11:00 - 30.09.2016 12:00 (CET/CEST)","n/e","n/e","0"
"Montenegro (ME)","30.09.2016 12:00 - 30.09.2016 13:00 (CET/CEST)","n/e","n/e","0"
"Montenegro (ME)","30.09.2016 13:00 - 30.09.2016 14:00 (CET/CEST)","n/e","n/e","0"
"Montenegro (ME)","30.09.2016 14:00 - 30.09.2016 15:00 (CET/CEST)","n/e","n/e","0"
"Montenegro (ME)","30.09.2016 15:00 - 30.09.2016 16:00 (CET/CEST)","n/e","n/e","0"
"Montenegro (ME)","30.09.2016 16:00 - 30.09.2016 17:00 (CET/CEST)","n/e","n/e","0"
"Montenegro (ME)","30.09.2016 17:00 - 30.09.2016 18:00 (CET/CEST)","n/e","n/e","0"
"Montenegro (ME)","30.09.2016 18:00 - 30.09.2016 19:00 (CET/CEST)","n/e","n/e","0"
"Montenegro (ME)","30.09.2016 19:00 - 30.09.2016 20:00 (CET/CEST)","n/e","n/e","0"
"Montenegro (ME)","30.09.2016 20:00 - 30.09.2016 21:00 (CET/CEST)","n/e","n/e","0"
"Montenegro (ME)","30.09.2016 21:00 - 30.09.2016 22:00 (CET/CEST)","n/e","n/e","0"
"Montenegro (ME)","30.09.2016 22:00 - 30.09.2016 23:00 (CET/CEST)","n/e","n/e","0"
"Montenegro (ME)","30.09.2016 23:00 - 01.10.2016 00:00 (CET/CEST)","n/e","n/e","0"
"Montenegro (ME)","01.10.2016 00:00 - 01.10.2016 01:00 (CET/CEST)","n/e","n/e","0"
"Montenegro (ME)","01.10.2016 01:00 - 01.10.2016 02:00 (CET/CEST)","n/e","n/e","0"
"Montenegro (ME)","01.10.2016 02:00 - 01.10.2016 03:00 (CET/CEST)","n/e","n/e","0"
"Montenegro (ME)","01.10.2016 03:00 - 01.10.2016 04:00 (CET/CEST)","n/e","n/e","0"
"Montenegro (ME)","01.10.2016 04:00 - 01.10.2016 05:00 (CET/CEST)","n/e","n/e","0"
"Montenegro (ME)","01.10.2016 05:00 - 01.10.2016 06:00 (CET/CEST)","n/e","n/e","0"
"Montenegro (ME)","01.10.2016 06:00 - 01.10.2016 07:00 (CET/CEST)","n/e","n/e","0"
"Montenegro (ME)","01.10.2016 07:00 - 01.10.2016 08:00 (CET/CEST)","n/e","n/e","0"
"Montenegro (ME)","01.10.2016 08:00 - 01.10.2016 09:00 (CET/CEST)","n/e","n/e","0"
"Montenegro (ME)","01.10.2016 09:00 - 01.10.2016 10:00 (CET/CEST)","n/e","n/e","0"
"Montenegro (ME)","01.10.2016 10:00 - 01.10.2016 11:00 (CET/CEST)","n/e","n/e","0"
"Montenegro (ME)","01.10.2016 11:00 - 01.10.2016 12:00 (CET/CEST)","n/e","n/e","0"
"Montenegro (ME)","01.10.2016 12:00 - 01.10.2016 13:00 (CET/CEST)","n/e","n/e","0"
"Montenegro (ME)","01.10.2016 13:00 - 01.10.2016 14:00 (CET/CEST)","n/e","n/e","0"
"Montenegro (ME)","01.10.2016 14:00 - 01.10.2016 15:00 (CET/CEST)","n/e","n/e","0"
"Montenegro (ME)","01.10.2016 15:00 - 01.10.2016 16:00 (CET/CEST)","n/e","n/e","0"
"Montenegro (ME)","01.10.2016 16:00 - 01.10.2016 17:00 (CET/CEST)","n/e","n/e","0"
"Montenegro (ME)","01.10.2016 17:00 - 01.10.2016 18:00 (CET/CEST)","n/e","n/e","0"
"Montenegro (ME)","01.10.2016 18:00 - 01.10.2016 19:00 (CET/CEST)","n/e","n/e","0"
"Montenegro (ME)","01.10.2016 19:00 - 01.10.2016 20:00 (CET/CEST)","n/e","n/e","0"
"Montenegro (ME)","01.10.2016 20:00 - 01.10.2016 21:00 (CET/CEST)","n/e","n/e","0"
"Montenegro (ME)","01.10.2016 21:00 - 01.10.2016 22:00 (CET/CEST)","n/e","n/e","0"
"Montenegro (ME)","01.10.2016 22:00 - 01.10.2016 23:00 (CET/CEST)","n/e","n/e","0"
"Montenegro (ME)","01.10.2016 23:00 - 02.10.2016 00:00 (CET/CEST)","n/e","n/e","0"
"Montenegro (ME)","02.10.2016 00:00 - 02.10.2016 01:00 (CET/CEST)","n/e","n/e","0"
"Montenegro (ME)","02.10.2016 01:00 - 02.10.2016 02:00 (CET/CEST)","n/e","n/e","0"
"Montenegro (ME)","02.10.2016 02:00 - 02.10.2016 03:00 (CET/CEST)","n/e","n/e","0"
"Montenegro (ME)","02.10.2016 03:00 - 02.10.2016 04:00 (CET/CEST)","n/e","n/e","0"
"Montenegro (ME)","02.10.2016 04:00 - 02.10.2016 05:00 (CET/CEST)","n/e","n/e","0"
"Montenegro (ME)","02.10.2016 05:00 - 02.10.2016 06:00 (CET/CEST)","n/e","n/e","0"
"Montenegro (ME)","02.10.2016 06:00 - 02.10.2016 07:00 (CET/CEST)","n/e","n/e","0"
"Montenegro (ME)","02.10.2016 07:00 - 02.10.2016 08:00 (CET/CEST)","n/e","n/e","0"
"Montenegro (ME)","02.10.2016 08:00 - 02.10.2016 09:00 (CET/CEST)","n/e","n/e","0"
"Montenegro (ME)","02.10.2016 09:00 - 02.10.2016 10:00 (CET/CEST)","n/e","n/e","0"
"Montenegro (ME)","02.10.2016 10:00 - 02.10.2016 11:00 (CET/CEST)","n/e","n/e","0"
"Montenegro (ME)","02.10.2016 11:00 - 02.10.2016 12:00 (CET/CEST)","n/e","n/e","0"
"Montenegro (ME)","02.10.2016 12:00 - 02.10.2016 13:00 (CET/CEST)","n/e","n/e","0"
"Montenegro (ME)","02.10.2016 13:00 - 02.10.2016 14:00 (CET/CEST)","n/e","n/e","0"
"Montenegro (ME)","02.10.2016 14:00 - 02.10.2016 15:00 (CET/CEST)","n/e","n/e","0"
"Montenegro (ME)","02.10.2016 15:00 - 02.10.2016 16:00 (CET/CEST)","n/e","n/e","0"
"Montenegro (ME)","02.10.2016 16:00 - 02.10.2016 17:00 (CET/CEST)","n/e","n/e","0"
"Montenegro (ME)","02.10.2016 17:00 - 02.10.2016 18:00 (CET/CEST)","n/e","n/e","0"
"Montenegro (ME)","02.10.2016 18:00 - 02.10.2016 19:00 (CET/CEST)","n/e","n/e","0"
"Montenegro (ME)","02.10.2016 19:00 - 02.10.2016 20:00 (CET/CEST)","n/e","n/e","0"
"Montenegro (ME)","02.10.2016 20:00 - 02.10.2016 21:00 (CET/CEST)","n/e","n/e","0"
"Montenegro (ME)","02.10.2016 21:00 - 02.10.2016 22:00 (CET/CEST)","n/e","n/e","0"
"Montenegro (ME)","02.10.2016 22:00 - 02.10.2016 23:00 (CET/CEST)","n/e","n/e","0"
"Montenegro (ME)","02.10.2016 23:00 - 03.10.2016 00:00 (CET/CEST)","n/e","n/e","0"
"Montenegro (ME)","03.10.2016 00:00 - 03.10.2016 01:00 (CET/CEST)","n/e","n/e","0"
"Montenegro (ME)","03.10.2016 01:00 - 03.10.2016 02:00 (CET/CEST)","n/e","n/e","0"
"Montenegro (ME)","03.10.2016 02:00 - 03.10.2016 03:00 (CET/CEST)","n/e","n/e","0"
"Montenegro (ME)","03.10.2016 03:00 - 03.10.2016 04:00 (CET/CEST)","n/e","n/e","0"
"Montenegro (ME)","03.10.2016 04:00 - 03.10.2016 05:00 (CET/CEST)","n/e","n/e","0"
"Montenegro (ME)","03.10.2016 05:00 - 03.10.2016 06:00 (CET/CEST)","n/e","n/e","0"
"Montenegro (ME)","03.10.2016 06:00 - 03.10.2016 07:00 (CET/CEST)","n/e","n/e","0"
"Montenegro (ME)","03.10.2016 07:00 - 03.10.2016 08:00 (CET/CEST)","n/e","n/e","0"
"Montenegro (ME)","03.10.2016 08:00 - 03.10.2016 09:00 (CET/CEST)","n/e","n/e","0"
"Montenegro (ME)","03.10.2016 09:00 - 03.10.2016 10:00 (CET/CEST)","n/e","n/e","0"
"Montenegro (ME)","03.10.2016 10:00 - 03.10.2016 11:00 (CET/CEST)","n/e","n/e","0"
"Montenegro (ME)","03.10.2016 11:00 - 03.10.2016 12:00 (CET/CEST)","n/e","n/e","0"
"Montenegro (ME)","03.10.2016 12:00 - 03.10.2016 13:00 (CET/CEST)","n/e","n/e","0"
"Montenegro (ME)","03.10.2016 13:00 - 03.10.2016 14:00 (CET/CEST)","n/e","n/e","0"
"Montenegro (ME)","03.10.2016 14:00 - 03.10.2016 15:00 (CET/CEST)","n/e","n/e","0"
"Montenegro (ME)","03.10.2016 15:00 - 03.10.2016 16:00 (CET/CEST)","n/e","n/e","0"
"Montenegro (ME)","03.10.2016 16:00 - 03.10.2016 17:00 (CET/CEST)","n/e","n/e","0"
"Montenegro (ME)","03.10.2016 17:00 - 03.10.2016 18:00 (CET/CEST)","n/e","n/e","0"
"Montenegro (ME)","03.10.2016 18:00 - 03.10.2016 19:00 (CET/CEST)","n/e","n/e","0"
"Montenegro (ME)","03.10.2016 19:00 - 03.10.2016 20:00 (CET/CEST)","n/e","n/e","0"
"Montenegro (ME)","03.10.2016 20:00 - 03.10.2016 21:00 (CET/CEST)","n/e","n/e","0"
"Montenegro (ME)","03.10.2016 21:00 - 03.10.2016 22:00 (CET/CEST)","n/e","n/e","0"
"Montenegro (ME)","03.10.2016 22:00 - 03.10.2016 23:00 (CET/CEST)","n/e","n/e","0"
"Montenegro (ME)","03.10.2016 23:00 - 04.10.2016 00:00 (CET/CEST)","n/e","n/e","0"
"Montenegro (ME)","04.10.2016 00:00 - 04.10.2016 01:00 (CET/CEST)","n/e","n/e","0"
"Montenegro (ME)","04.10.2016 01:00 - 04.10.2016 02:00 (CET/CEST)","n/e","n/e","0"
"Montenegro (ME)","04.10.2016 02:00 - 04.10.2016 03:00 (CET/CEST)","n/e","n/e","0"
"Montenegro (ME)","04.10.2016 03:00 - 04.10.2016 04:00 (CET/CEST)","n/e","n/e","0"
"Montenegro (ME)","04.10.2016 04:00 - 04.10.2016 05:00 (CET/CEST)","n/e","n/e","0"
"Montenegro (ME)","04.10.2016 05:00 - 04.10.2016 06:00 (CET/CEST)","n/e","n/e","108"
"Montenegro (ME)","04.10.2016 06:00 - 04.10.2016 07:00 (CET/CEST)","n/e","n/e","109"
"Montenegro (ME)","04.10.2016 07:00 - 04.10.2016 08:00 (CET/CEST)","n/e","n/e","111"
"Montenegro (ME)","04.10.2016 08:00 - 04.10.2016 09:00 (CET/CEST)","n/e","n/e","110"
"Montenegro (ME)","04.10.2016 09:00 - 04.10.2016 10:00 (CET/CEST)","n/e","n/e","110"
"Montenegro (ME)","04.10.2016 10:00 - 04.10.2016 11:00 (CET/CEST)","n/e","n/e","111"
"Montenegro (ME)","04.10.2016 11:00 - 04.10.2016 12:00 (CET/CEST)","n/e","n/e","111"
"Montenegro (ME)","04.10.2016 12:00 - 04.10.2016 13:00 (CET/CEST)","n/e","n/e","111"
"Montenegro (ME)","04.10.2016 13:00 - 04.10.2016 14:00 (CET/CEST)","n/e","n/e","111"
"Montenegro (ME)","04.10.2016 14:00 - 04.10.2016 15:00 (CET/CEST)","n/e","n/e","111"
"Montenegro (ME)","04.10.2016 15:00 - 04.10.2016 16:00 (CET/CEST)","n/e","n/e","111"
"Montenegro (ME)","04.10.2016 16:00 - 04.10.2016 17:00 (CET/CEST)","n/e","n/e","111"
"Montenegro (ME)","04.10.2016 17:00 - 04.10.2016 18:00 (CET/CEST)","n/e","n/e","111"
"Montenegro (ME)","04.10.2016 18:00 - 04.10.2016 19:00 (CET/CEST)","n/e","n/e","111"
"Montenegro (ME)","04.10.2016 19:00 - 04.10.2016 20:00 (CET/CEST)","n/e","n/e","111"
"Montenegro (ME)","04.10.2016 20:00 - 04.10.2016 21:00 (CET/CEST)","n/e","n/e","110"
"Montenegro (ME)","04.10.2016 21:00 - 04.10.2016 22:00 (CET/CEST)","n/e","n/e","111"
"Montenegro (ME)","04.10.2016 22:00 - 04.10.2016 23:00 (CET/CEST)","n/e","n/e","112"
"Montenegro (ME)","04.10.2016 23:00 - 05.10.2016 00:00 (CET/CEST)","n/e","n/e","0"
"Montenegro (ME)","05.10.2016 00:00 - 05.10.2016 01:00 (CET/CEST)","n/e","n/e","0"
"Montenegro (ME)","05.10.2016 01:00 - 05.10.2016 02:00 (CET/CEST)","n/e","n/e","0"
"Montenegro (ME)","05.10.2016 02:00 - 05.10.2016 03:00 (CET/CEST)","n/e","n/e","0"
"Montenegro (ME)","05.10.2016 03:00 - 05.10.2016 04:00 (CET/CEST)","n/e","n/e","0"
"Montenegro (ME)","05.10.2016 04:00 - 05.10.2016 05:00 (CET/CEST)","n/e","n/e","0"
"Montenegro (ME)","05.10.2016 05:00 - 05.10.2016 06:00 (CET/CEST)","n/e","n/e","0"
"Montenegro (ME)","05.10.2016 06:00 - 05.10.2016 07:00 (CET/CEST)","n/e","n/e","72"
"Montenegro (ME)","05.10.2016 07:00 - 05.10.2016 08:00 (CET/CEST)","n/e","n/e","111"
"Montenegro (ME)","05.10.2016 08:00 - 05.10.2016 09:00 (CET/CEST)","n/e","n/e","111"
"Montenegro (ME)","05.10.2016 09:00 - 05.10.2016 10:00 (CET/CEST)","n/e","n/e","111"
"Montenegro (ME)","05.10.2016 10:00 - 05.10.2016 11:00 (CET/CEST)","n/e","n/e","112"
"Montenegro (ME)","05.10.2016 11:00 - 05.10.2016 12:00 (CET/CEST)","n/e","n/e","112"
"Montenegro (ME)","05.10.2016 12:00 - 05.10.2016 13:00 (CET/CEST)","n/e","n/e","110"
"Montenegro (ME)","05.10.2016 13:00 - 05.10.2016 14:00 (CET/CEST)","n/e","n/e","112"
"Montenegro (ME)","05.10.2016 14:00 - 05.10.2016 15:00 (CET/CEST)","n/e","n/e","112"
"Montenegro (ME)","05.10.2016 15:00 - 05.10.2016 16:00 (CET/CEST)","n/e","n/e","112"
"Montenegro (ME)","05.10.2016 16:00 - 05.10.2016 17:00 (CET/CEST)","n/e","n/e","169"
"Montenegro (ME)","05.10.2016 17:00 - 05.10.2016 18:00 (CET/CEST)","n/e","n/e","179"
"Montenegro (ME)","05.10.2016 18:00 - 05.10.2016 19:00 (CET/CEST)","n/e","n/e","203"
"Montenegro (ME)","05.10.2016 19:00 - 05.10.2016 20:00 (CET/CEST)","n/e","n/e","201"
"Montenegro (ME)","05.10.2016 20:00 - 05.10.2016 21:00 (CET/CEST)","n/e","n/e","200"
"Montenegro (ME)","05.10.2016 21:00 - 05.10.2016 22:00 (CET/CEST)","n/e","n/e","95"
"Montenegro (ME)","05.10.2016 22:00 - 05.10.2016 23:00 (CET/CEST)","n/e","n/e","0"
"Montenegro (ME)","05.10.2016 23:00 - 06.10.2016 00:00 (CET/CEST)","n/e","n/e","0"
"Montenegro (ME)","06.10.2016 00:00 - 06.10.2016 01:00 (CET/CEST)","n/e","n/e","0"
"Montenegro (ME)","06.10.2016 01:00 - 06.10.2016 02:00 (CET/CEST)","n/e","n/e","0"
"Montenegro (ME)","06.10.2016 02:00 - 06.10.2016 03:00 (CET/CEST)","n/e","n/e","0"
"Montenegro (ME)","06.10.2016 03:00 - 06.10.2016 04:00 (CET/CEST)","n/e","n/e","0"
"Montenegro (ME)","06.10.2016 04:00 - 06.10.2016 05:00 (CET/CEST)","n/e","n/e","0"
"Montenegro (ME)","06.10.2016 05:00 - 06.10.2016 06:00 (CET/CEST)","n/e","n/e","0"
"Montenegro (ME)","06.10.2016 06:00 - 06.10.2016 07:00 (CET/CEST)","n/e","n/e","96"
"Montenegro (ME)","06.10.2016 07:00 - 06.10.2016 08:00 (CET/CEST)","n/e","n/e","195"
"Montenegro (ME)","06.10.2016 08:00 - 06.10.2016 09:00 (CET/CEST)","n/e","n/e","198"
"Montenegro (ME)","06.10.2016 09:00 - 06.10.2016 10:00 (CET/CEST)","n/e","n/e","197"
"Montenegro (ME)","06.10.2016 10:00 - 06.10.2016 11:00 (CET/CEST)","n/e","n/e","197"
"Montenegro (ME)","06.10.2016 11:00 - 06.10.2016 12:00 (CET/CEST)","n/e","n/e","194"
"Montenegro (ME)","06.10.2016 12:00 - 06.10.2016 13:00 (CET/CEST)","n/e","n/e","196"
"Montenegro (ME)","06.10.2016 13:00 - 06.10.2016 14:00 (CET/CEST)","n/e","n/e","195"
"Montenegro (ME)","06.10.2016 14:00 - 06.10.2016 15:00 (CET/CEST)","n/e","n/e","210"
"Montenegro (ME)","06.10.2016 15:00 - 06.10.2016 16:00 (CET/CEST)","n/e","n/e","206"
"Montenegro (ME)","06.10.2016 16:00 - 06.10.2016 17:00 (CET/CEST)","n/e","n/e","221"
"Montenegro (ME)","06.10.2016 17:00 - 06.10.2016 18:00 (CET/CEST)","n/e","n/e","221"
"Montenegro (ME)","06.10.2016 18:00 - 06.10.2016 19:00 (CET/CEST)","n/e","n/e","221"
"Montenegro (ME)","06.10.2016 19:00 - 06.10.2016 20:00 (CET/CEST)","n/e","n/e","216"
"Montenegro (ME)","06.10.2016 20:00 - 06.10.2016 21:00 (CET/CEST)","n/e","n/e","206"
"Montenegro (ME)","06.10.2016 21:00 - 06.10.2016 22:00 (CET/CEST)","n/e","n/e","205"
"Montenegro (ME)","06.10.2016 22:00 - 06.10.2016 23:00 (CET/CEST)","n/e","n/e","190"
"Montenegro (ME)","06.10.2016 23:00 - 07.10.2016 00:00 (CET/CEST)","n/e","n/e","0"
"Montenegro (ME)","07.10.2016 00:00 - 07.10.2016 01:00 (CET/CEST)","n/e","n/e","0"
"Montenegro (ME)","07.10.2016 01:00 - 07.10.2016 02:00 (CET/CEST)","n/e","n/e","0"
"Montenegro (ME)","07.10.2016 02:00 - 07.10.2016 03:00 (CET/CEST)","n/e","n/e","0"
"Montenegro (ME)","07.10.2016 03:00 - 07.10.2016 04:00 (CET/CEST)","n/e","n/e","0"
"Montenegro (ME)","07.10.2016 04:00 - 07.10.2016 05:00 (CET/CEST)","n/e","n/e","0"
"Montenegro (ME)","07.10.2016 05:00 - 07.10.2016 06:00 (CET/CEST)","n/e","n/e","0"
"Montenegro (ME)","07.10.2016 06:00 - 07.10.2016 07:00 (CET/CEST)","n/e","n/e","0"
"Montenegro (ME)","07.10.2016 07:00 - 07.10.2016 08:00 (CET/CEST)","n/e","n/e","304"
"Montenegro (ME)","07.10.2016 08:00 - 07.10.2016 09:00 (CET/CEST)","n/e","n/e","311"
"Montenegro (ME)","07.10.2016 09:00 - 07.10.2016 10:00 (CET/CEST)","n/e","n/e","311"
"Montenegro (ME)","07.10.2016 10:00 - 07.10.2016 11:00 (CET/CEST)","n/e","n/e","301"
"Montenegro (ME)","07.10.2016 11:00 - 07.10.2016 12:00 (CET/CEST)","n/e","n/e","301"
"Montenegro (ME)","07.10.2016 12:00 - 07.10.2016 13:00 (CET/CEST)","n/e","n/e","310"
"Montenegro (ME)","07.10.2016 13:00 - 07.10.2016 14:00 (CET/CEST)","n/e","n/e","312"
"Montenegro (ME)","07.10.2016 14:00 - 07.10.2016 15:00 (CET/CEST)","n/e","n/e","311"
"Montenegro (ME)","07.10.2016 15:00 - 07.10.2016 16:00 (CET/CEST)","n/e","n/e","312"
"Montenegro (ME)","07.10.2016 16:00 - 07.10.2016 17:00 (CET/CEST)","n/e","n/e","242"
"Montenegro (ME)","07.10.2016 17:00 - 07.10.2016 18:00 (CET/CEST)","n/e","n/e","309"
"Montenegro (ME)","07.10.2016 18:00 - 07.10.2016 19:00 (CET/CEST)","n/e","n/e","308"
"Montenegro (ME)","07.10.2016 19:00 - 07.10.2016 20:00 (CET/CEST)","n/e","n/e","334"
"Montenegro (ME)","07.10.2016 20:00 - 07.10.2016 21:00 (CET/CEST)","n/e","n/e","334"
"Montenegro (ME)","07.10.2016 21:00 - 07.10.2016 22:00 (CET/CEST)","n/e","n/e","196"
"Montenegro (ME)","07.10.2016 22:00 - 07.10.2016 23:00 (CET/CEST)","n/e","n/e","196"
"Montenegro (ME)","07.10.2016 23:00 - 08.10.2016 00:00 (CET/CEST)","n/e","n/e","101"
"Montenegro (ME)","08.10.2016 00:00 - 08.10.2016 01:00 (CET/CEST)","n/e","n/e","0"
"Montenegro (ME)","08.10.2016 01:00 - 08.10.2016 02:00 (CET/CEST)","n/e","n/e","0"
"Montenegro (ME)","08.10.2016 02:00 - 08.10.2016 03:00 (CET/CEST)","n/e","n/e","0"
"Montenegro (ME)","08.10.2016 03:00 - 08.10.2016 04:00 (CET/CEST)","n/e","n/e","0"
"Montenegro (ME)","08.10.2016 04:00 - 08.10.2016 05:00 (CET/CEST)","n/e","n/e","0"
"Montenegro (ME)","08.10.2016 05:00 - 08.10.2016 06:00 (CET/CEST)","n/e","n/e","0"
"Montenegro (ME)","08.10.2016 06:00 - 08.10.2016 07:00 (CET/CEST)","n/e","n/e","0"
"Montenegro (ME)","08.10.2016 07:00 - 08.10.2016 08:00 (CET/CEST)","n/e","n/e","0"
"Montenegro (ME)","08.10.2016 08:00 - 08.10.2016 09:00 (CET/CEST)","n/e","n/e","0"
"Montenegro (ME)","08.10.2016 09:00 - 08.10.2016 10:00 (CET/CEST)","n/e","n/e","0"
"Montenegro (ME)","08.10.2016 10:00 - 08.10.2016 11:00 (CET/CEST)","n/e","n/e","0"
"Montenegro (ME)","08.10.2016 11:00 - 08.10.2016 12:00 (CET/CEST)","n/e","n/e","0"
"Montenegro (ME)","08.10.2016 12:00 - 08.10.2016 13:00 (CET/CEST)","n/e","n/e","0"
"Montenegro (ME)","08.10.2016 13:00 - 08.10.2016 14:00 (CET/CEST)","n/e","n/e","0"
"Montenegro (ME)","08.10.2016 14:00 - 08.10.2016 15:00 (CET/CEST)","n/e","n/e","0"
"Montenegro (ME)","08.10.2016 15:00 - 08.10.2016 16:00 (CET/CEST)","n/e","n/e","0"
"Montenegro (ME)","08.10.2016 16:00 - 08.10.2016 17:00 (CET/CEST)","n/e","n/e","0"
"Montenegro (ME)","08.10.2016 17:00 - 08.10.2016 18:00 (CET/CEST)","n/e","n/e","0"
"Montenegro (ME)","08.10.2016 18:00 - 08.10.2016 19:00 (CET/CEST)","n/e","n/e","72"
"Montenegro (ME)","08.10.2016 19:00 - 08.10.2016 20:00 (CET/CEST)","n/e","n/e","95"
"Montenegro (ME)","08.10.2016 20:00 - 08.10.2016 21:00 (CET/CEST)","n/e","n/e","72"
"Montenegro (ME)","08.10.2016 21:00 - 08.10.2016 22:00 (CET/CEST)","n/e","n/e","0"
"Montenegro (ME)","08.10.2016 22:00 - 08.10.2016 23:00 (CET/CEST)","n/e","n/e","0"
"Montenegro (ME)","08.10.2016 23:00 - 09.10.2016 00:00 (CET/CEST)","n/e","n/e","0"
"Montenegro (ME)","09.10.2016 00:00 - 09.10.2016 01:00 (CET/CEST)","n/e","n/e","0"
"Montenegro (ME)","09.10.2016 01:00 - 09.10.2016 02:00 (CET/CEST)","n/e","n/e","0"
"Montenegro (ME)","09.10.2016 02:00 - 09.10.2016 03:00 (CET/CEST)","n/e","n/e","0"
"Montenegro (ME)","09.10.2016 03:00 - 09.10.2016 04:00 (CET/CEST)","n/e","n/e","0"
"Montenegro (ME)","09.10.2016 04:00 - 09.10.2016 05:00 (CET/CEST)","n/e","n/e","0"
"Montenegro (ME)","09.10.2016 05:00 - 09.10.2016 06:00 (CET/CEST)","n/e","n/e","0"
"Montenegro (ME)","09.10.2016 06:00 - 09.10.2016 07:00 (CET/CEST)","n/e","n/e","0"
"Montenegro (ME)","09.10.2016 07:00 - 09.10.2016 08:00 (CET/CEST)","n/e","n/e","0"
"Montenegro (ME)","09.10.2016 08:00 - 09.10.2016 09:00 (CET/CEST)","n/e","n/e","0"
"Montenegro (ME)","09.10.2016 09:00 - 09.10.2016 10:00 (CET/CEST)","n/e","n/e","0"
"Montenegro (ME)","09.10.2016 10:00 - 09.10.2016 11:00 (CET/CEST)","n/e","n/e","0"
"Montenegro (ME)","09.10.2016 11:00 - 09.10.2016 12:00 (CET/CEST)","n/e","n/e","0"
"Montenegro (ME)","09.10.2016 12:00 - 09.10.2016 13:00 (CET/CEST)","n/e","n/e","0"
"Montenegro (ME)","09.10.2016 13:00 - 09.10.2016 14:00 (CET/CEST)","n/e","n/e","0"
"Montenegro (ME)","09.10.2016 14:00 - 09.10.2016 15:00 (CET/CEST)","n/e","n/e","0"
"Montenegro (ME)","09.10.2016 15:00 - 09.10.2016 16:00 (CET/CEST)","n/e","n/e","0"
"Montenegro (ME)","09.10.2016 16:00 - 09.10.2016 17:00 (CET/CEST)","n/e","n/e","0"
"Montenegro (ME)","09.10.2016 17:00 - 09.10.2016 18:00 (CET/CEST)","n/e","n/e","97"
"Montenegro (ME)","09.10.2016 18:00 - 09.10.2016 19:00 (CET/CEST)","n/e","n/e","191"
"Montenegro (ME)","09.10.2016 19:00 - 09.10.2016 20:00 (CET/CEST)","n/e","n/e","222"
"Montenegro (ME)","09.10.2016 20:00 - 09.10.2016 21:00 (CET/CEST)","n/e","n/e","221"
"Montenegro (ME)","09.10.2016 21:00 - 09.10.2016 22:00 (CET/CEST)","n/e","n/e","94"
"Montenegro (ME)","09.10.2016 22:00 - 09.10.2016 23:00 (CET/CEST)","n/e","n/e","0"
"Montenegro (ME)","09.10.2016 23:00 - 10.10.2016 00:00 (CET/CEST)","n/e","n/e","0"
"Montenegro (ME)","10.10.2016 00:00 - 10.10.2016 01:00 (CET/CEST)","n/e","n/e","0"
"Montenegro (ME)","10.10.2016 01:00 - 10.10.2016 02:00 (CET/CEST)","n/e","n/e","0"
"Montenegro (ME)","10.10.2016 02:00 - 10.10.2016 03:00 (CET/CEST)","n/e","n/e","0"
"Montenegro (ME)","10.10.2016 03:00 - 10.10.2016 04:00 (CET/CEST)","n/e","n/e","0"
"Montenegro (ME)","10.10.2016 04:00 - 10.10.2016 05:00 (CET/CEST)","n/e","n/e","0"
"Montenegro (ME)","10.10.2016 05:00 - 10.10.2016 06:00 (CET/CEST)","n/e","n/e","0"
"Montenegro (ME)","10.10.2016 06:00 - 10.10.2016 07:00 (CET/CEST)","n/e","n/e","89"
"Montenegro (ME)","10.10.2016 07:00 - 10.10.2016 08:00 (CET/CEST)","n/e","n/e","190"
"Montenegro (ME)","10.10.2016 08:00 - 10.10.2016 09:00 (CET/CEST)","n/e","n/e","191"
"Montenegro (ME)","10.10.2016 09:00 - 10.10.2016 10:00 (CET/CEST)","n/e","n/e","191"
"Montenegro (ME)","10.10.2016 10:00 - 10.10.2016 11:00 (CET/CEST)","n/e","n/e","220"
"Montenegro (ME)","10.10.2016 11:00 - 10.10.2016 12:00 (CET/CEST)","n/e","n/e","221"
"Montenegro (ME)","10.10.2016 12:00 - 10.10.2016 13:00 (CET/CEST)","n/e","n/e","221"
"Montenegro (ME)","10.10.2016 13:00 - 10.10.2016 14:00 (CET/CEST)","n/e","n/e","219"
"Montenegro (ME)","10.10.2016 14:00 - 10.10.2016 15:00 (CET/CEST)","n/e","n/e","220"
"Montenegro (ME)","10.10.2016 15:00 - 10.10.2016 16:00 (CET/CEST)","n/e","n/e","225"
"Montenegro (ME)","10.10.2016 16:00 - 10.10.2016 17:00 (CET/CEST)","n/e","n/e","284"
"Montenegro (ME)","10.10.2016 17:00 - 10.10.2016 18:00 (CET/CEST)","n/e","n/e","332"
"Montenegro (ME)","10.10.2016 18:00 - 10.10.2016 19:00 (CET/CEST)","n/e","n/e","331"
"Montenegro (ME)","10.10.2016 19:00 - 10.10.2016 20:00 (CET/CEST)","n/e","n/e","331"
"Montenegro (ME)","10.10.2016 20:00 - 10.10.2016 21:00 (CET/CEST)","n/e","n/e","267"
"Montenegro (ME)","10.10.2016 21:00 - 10.10.2016 22:00 (CET/CEST)","n/e","n/e","220"
"Montenegro (ME)","10.10.2016 22:00 - 10.10.2016 23:00 (CET/CEST)","n/e","n/e","1"
"Montenegro (ME)","10.10.2016 23:00 - 11.10.2016 00:00 (CET/CEST)","n/e","n/e","0"
"Montenegro (ME)","11.10.2016 00:00 - 11.10.2016 01:00 (CET/CEST)","n/e","n/e","0"
"Montenegro (ME)","11.10.2016 01:00 - 11.10.2016 02:00 (CET/CEST)","n/e","n/e","0"
"Montenegro (ME)","11.10.2016 02:00 - 11.10.2016 03:00 (CET/CEST)","n/e","n/e","0"
"Montenegro (ME)","11.10.2016 03:00 - 11.10.2016 04:00 (CET/CEST)","n/e","n/e","0"
"Montenegro (ME)","11.10.2016 04:00 - 11.10.2016 05:00 (CET/CEST)","n/e","n/e","0"
"Montenegro (ME)","11.10.2016 05:00 - 11.10.2016 06:00 (CET/CEST)","n/e","n/e","0"
"Montenegro (ME)","11.10.2016 06:00 - 11.10.2016 07:00 (CET/CEST)","n/e","n/e","141"
"Montenegro (ME)","11.10.2016 07:00 - 11.10.2016 08:00 (CET/CEST)","n/e","n/e","331"
"Montenegro (ME)","11.10.2016 08:00 - 11.10.2016 09:00 (CET/CEST)","n/e","n/e","332"
"Montenegro (ME)","11.10.2016 09:00 - 11.10.2016 10:00 (CET/CEST)","n/e","n/e","331"
"Montenegro (ME)","11.10.2016 10:00 - 11.10.2016 11:00 (CET/CEST)","n/e","n/e","330"
"Montenegro (ME)","11.10.2016 11:00 - 11.10.2016 12:00 (CET/CEST)","n/e","n/e","331"
"Montenegro (ME)","11.10.2016 12:00 - 11.10.2016 13:00 (CET/CEST)","n/e","n/e","332"
"Montenegro (ME)","11.10.2016 13:00 - 11.10.2016 14:00 (CET/CEST)","n/e","n/e","331"
"Montenegro (ME)","11.10.2016 14:00 - 11.10.2016 15:00 (CET/CEST)","n/e","n/e","331"
"Montenegro (ME)","11.10.2016 15:00 - 11.10.2016 16:00 (CET/CEST)","n/e","n/e","331"
"Montenegro (ME)","11.10.2016 16:00 - 11.10.2016 17:00 (CET/CEST)","n/e","n/e","331"
"Montenegro (ME)","11.10.2016 17:00 - 11.10.2016 18:00 (CET/CEST)","n/e","n/e","331"
"Montenegro (ME)","11.10.2016 18:00 - 11.10.2016 19:00 (CET/CEST)","n/e","n/e","331"
"Montenegro (ME)","11.10.2016 19:00 - 11.10.2016 20:00 (CET/CEST)","n/e","n/e","330"
"Montenegro (ME)","11.10.2016 20:00 - 11.10.2016 21:00 (CET/CEST)","n/e","n/e","329"
"Montenegro (ME)","11.10.2016 21:00 - 11.10.2016 22:00 (CET/CEST)","n/e","n/e","161"
"Montenegro (ME)","11.10.2016 22:00 - 11.10.2016 23:00 (CET/CEST)","n/e","n/e","0"
"Montenegro (ME)","11.10.2016 23:00 - 12.10.2016 00:00 (CET/CEST)","n/e","n/e","0"
"Montenegro (ME)","12.10.2016 00:00 - 12.10.2016 01:00 (CET/CEST)","n/e","n/e","0"
"Montenegro (ME)","12.10.2016 01:00 - 12.10.2016 02:00 (CET/CEST)","n/e","n/e","0"
"Montenegro (ME)","12.10.2016 02:00 - 12.10.2016 03:00 (CET/CEST)","n/e","n/e","0"
"Montenegro (ME)","12.10.2016 03:00 - 12.10.2016 04:00 (CET/CEST)","n/e","n/e","0"
"Montenegro (ME)","12.10.2016 04:00 - 12.10.2016 05:00 (CET/CEST)","n/e","n/e","0"
"Montenegro (ME)","12.10.2016 05:00 - 12.10.2016 06:00 (CET/CEST)","n/e","n/e","1"
"Montenegro (ME)","12.10.2016 06:00 - 12.10.2016 07:00 (CET/CEST)","n/e","n/e","86"
"Montenegro (ME)","12.10.2016 07:00 - 12.10.2016 08:00 (CET/CEST)","n/e","n/e","328"
"Montenegro (ME)","12.10.2016 08:00 - 12.10.2016 09:00 (CET/CEST)","n/e","n/e","332"
"Montenegro (ME)","12.10.2016 09:00 - 12.10.2016 10:00 (CET/CEST)","n/e","n/e","331"
"Montenegro (ME)","12.10.2016 10:00 - 12.10.2016 11:00 (CET/CEST)","n/e","n/e","332"
"Montenegro (ME)","12.10.2016 11:00 - 12.10.2016 12:00 (CET/CEST)","n/e","n/e","331"
"Montenegro (ME)","12.10.2016 12:00 - 12.10.2016 13:00 (CET/CEST)","n/e","n/e","331"
"Montenegro (ME)","12.10.2016 13:00 - 12.10.2016 14:00 (CET/CEST)","n/e","n/e","331"
"Montenegro (ME)","12.10.2016 14:00 - 12.10.2016 15:00 (CET/CEST)","n/e","n/e","331"
"Montenegro (ME)","12.10.2016 15:00 - 12.10.2016 16:00 (CET/CEST)","n/e","n/e","331"
"Montenegro (ME)","12.10.2016 16:00 - 12.10.2016 17:00 (CET/CEST)","n/e","n/e","330"
"Montenegro (ME)","12.10.2016 17:00 - 12.10.2016 18:00 (CET/CEST)","n/e","n/e","330"
"Montenegro (ME)","12.10.2016 18:00 - 12.10.2016 19:00 (CET/CEST)","n/e","n/e","330"
"Montenegro (ME)","12.10.2016 19:00 - 12.10.2016 20:00 (CET/CEST)","n/e","n/e","330"
"Montenegro (ME)","12.10.2016 20:00 - 12.10.2016 21:00 (CET/CEST)","n/e","n/e","330"
"Montenegro (ME)","12.10.2016 21:00 - 12.10.2016 22:00 (CET/CEST)","n/e","n/e","102"
"Montenegro (ME)","12.10.2016 22:00 - 12.10.2016 23:00 (CET/CEST)","n/e","n/e","109"
"Montenegro (ME)","12.10.2016 23:00 - 13.10.2016 00:00 (CET/CEST)","n/e","n/e","0"
"Montenegro (ME)","13.10.2016 00:00 - 13.10.2016 01:00 (CET/CEST)","n/e","n/e","0"
"Montenegro (ME)","13.10.2016 01:00 - 13.10.2016 02:00 (CET/CEST)","n/e","n/e","0"
"Montenegro (ME)","13.10.2016 02:00 - 13.10.2016 03:00 (CET/CEST)","n/e","n/e","0"
"Montenegro (ME)","13.10.2016 03:00 - 13.10.2016 04:00 (CET/CEST)","n/e","n/e","0"
"Montenegro (ME)","13.10.2016 04:00 - 13.10.2016 05:00 (CET/CEST)","n/e","n/e","0"
"Montenegro (ME)","13.10.2016 05:00 - 13.10.2016 06:00 (CET/CEST)","n/e","n/e","0"
"Montenegro (ME)","13.10.2016 06:00 - 13.10.2016 07:00 (CET/CEST)","n/e","n/e","90"
"Montenegro (ME)","13.10.2016 07:00 - 13.10.2016 08:00 (CET/CEST)","n/e","n/e","324"
"Montenegro (ME)","13.10.2016 08:00 - 13.10.2016 09:00 (CET/CEST)","n/e","n/e","331"
"Montenegro (ME)","13.10.2016 09:00 - 13.10.2016 10:00 (CET/CEST)","n/e","n/e","331"
"Montenegro (ME)","13.10.2016 10:00 - 13.10.2016 11:00 (CET/CEST)","n/e","n/e","330"
"Montenegro (ME)","13.10.2016 11:00 - 13.10.2016 12:00 (CET/CEST)","n/e","n/e","330"
"Montenegro (ME)","13.10.2016 12:00 - 13.10.2016 13:00 (CET/CEST)","n/e","n/e","330"
"Montenegro (ME)","13.10.2016 13:00 - 13.10.2016 14:00 (CET/CEST)","n/e","n/e","330"
"Montenegro (ME)","13.10.2016 14:00 - 13.10.2016 15:00 (CET/CEST)","n/e","n/e","314"
"Montenegro (ME)","13.10.2016 15:00 - 13.10.2016 16:00 (CET/CEST)","n/e","n/e","295"
"Montenegro (ME)","13.10.2016 16:00 - 13.10.2016 17:00 (CET/CEST)","n/e","n/e","302"
"Montenegro (ME)","13.10.2016 17:00 - 13.10.2016 18:00 (CET/CEST)","n/e","n/e","331"
"Montenegro (ME)","13.10.2016 18:00 - 13.10.2016 19:00 (CET/CEST)","n/e","n/e","331"
"Montenegro (ME)","13.10.2016 19:00 - 13.10.2016 20:00 (CET/CEST)","n/e","n/e","330"
"Montenegro (ME)","13.10.2016 20:00 - 13.10.2016 21:00 (CET/CEST)","n/e","n/e","328"
"Montenegro (ME)","13.10.2016 21:00 - 13.10.2016 22:00 (CET/CEST)","n/e","n/e","102"
"Montenegro (ME)","13.10.2016 22:00 - 13.10.2016 23:00 (CET/CEST)","n/e","n/e","111"
"Montenegro (ME)","13.10.2016 23:00 - 14.10.2016 00:00 (CET/CEST)","n/e","n/e","101"
"Montenegro (ME)","14.10.2016 00:00 - 14.10.2016 01:00 (CET/CEST)","n/e","n/e","0"
"Montenegro (ME)","14.10.2016 01:00 - 14.10.2016 02:00 (CET/CEST)","n/e","n/e","0"
"Montenegro (ME)","14.10.2016 02:00 - 14.10.2016 03:00 (CET/CEST)","n/e","n/e","0"
"Montenegro (ME)","14.10.2016 03:00 - 14.10.2016 04:00 (CET/CEST)","n/e","n/e","0"
"Montenegro (ME)","14.10.2016 04:00 - 14.10.2016 05:00 (CET/CEST)","n/e","n/e","0"
"Montenegro (ME)","14.10.2016 05:00 - 14.10.2016 06:00 (CET/CEST)","n/e","n/e","0"
"Montenegro (ME)","14.10.2016 06:00 - 14.10.2016 07:00 (CET/CEST)","n/e","n/e","174"
"Montenegro (ME)","14.10.2016 07:00 - 14.10.2016 08:00 (CET/CEST)","n/e","n/e","304"
"Montenegro (ME)","14.10.2016 08:00 - 14.10.2016 09:00 (CET/CEST)","n/e","n/e","306"
"Montenegro (ME)","14.10.2016 09:00 - 14.10.2016 10:00 (CET/CEST)","n/e","n/e","305"
"Montenegro (ME)","14.10.2016 10:00 - 14.10.2016 11:00 (CET/CEST)","n/e","n/e","272"
"Montenegro (ME)","14.10.2016 11:00 - 14.10.2016 12:00 (CET/CEST)","n/e","n/e","295"
"Montenegro (ME)","14.10.2016 12:00 - 14.10.2016 13:00 (CET/CEST)","n/e","n/e","159"
"Montenegro (ME)","14.10.2016 13:00 - 14.10.2016 14:00 (CET/CEST)","n/e","n/e","149"
"Montenegro (ME)","14.10.2016 14:00 - 14.10.2016 15:00 (CET/CEST)","n/e","n/e","144"
"Montenegro (ME)","14.10.2016 15:00 - 14.10.2016 16:00 (CET/CEST)","n/e","n/e","141"
"Montenegro (ME)","14.10.2016 16:00 - 14.10.2016 17:00 (CET/CEST)","n/e","n/e","210"
"Montenegro (ME)","14.10.2016 17:00 - 14.10.2016 18:00 (CET/CEST)","n/e","n/e","332"
"Montenegro (ME)","14.10.2016 18:00 - 14.10.2016 19:00 (CET/CEST)","n/e","n/e","331"
"Montenegro (ME)","14.10.2016 19:00 - 14.10.2016 20:00 (CET/CEST)","n/e","n/e","332"
"Montenegro (ME)","14.10.2016 20:00 - 14.10.2016 21:00 (CET/CEST)","n/e","n/e","331"
"Montenegro (ME)","14.10.2016 21:00 - 14.10.2016 22:00 (CET/CEST)","n/e","n/e","167"
"Montenegro (ME)","14.10.2016 22:00 - 14.10.2016 23:00 (CET/CEST)","n/e","n/e","168"
"Montenegro (ME)","14.10.2016 23:00 - 15.10.2016 00:00 (CET/CEST)","n/e","n/e","71"
"Montenegro (ME)","15.10.2016 00:00 - 15.10.2016 01:00 (CET/CEST)","n/e","n/e","0"
"Montenegro (ME)","15.10.2016 01:00 - 15.10.2016 02:00 (CET/CEST)","n/e","n/e","0"
"Montenegro (ME)","15.10.2016 02:00 - 15.10.2016 03:00 (CET/CEST)","n/e","n/e","0"
"Montenegro (ME)","15.10.2016 03:00 - 15.10.2016 04:00 (CET/CEST)","n/e","n/e","0"
"Montenegro (ME)","15.10.2016 04:00 - 15.10.2016 05:00 (CET/CEST)","n/e","n/e","0"
"Montenegro (ME)","15.10.2016 05:00 - 15.10.2016 06:00 (CET/CEST)","n/e","n/e","0"
"Montenegro (ME)","15.10.2016 06:00 - 15.10.2016 07:00 (CET/CEST)","n/e","n/e","0"
"Montenegro (ME)","15.10.2016 07:00 - 15.10.2016 08:00 (CET/CEST)","n/e","n/e","89"
"Montenegro (ME)","15.10.2016 08:00 - 15.10.2016 09:00 (CET/CEST)","n/e","n/e","112"
"Montenegro (ME)","15.10.2016 09:00 - 15.10.2016 10:00 (CET/CEST)","n/e","n/e","111"
"Montenegro (ME)","15.10.2016 10:00 - 15.10.2016 11:00 (CET/CEST)","n/e","n/e","111"
"Montenegro (ME)","15.10.2016 11:00 - 15.10.2016 12:00 (CET/CEST)","n/e","n/e","111"
"Montenegro (ME)","15.10.2016 12:00 - 15.10.2016 13:00 (CET/CEST)","n/e","n/e","0"
"Montenegro (ME)","15.10.2016 13:00 - 15.10.2016 14:00 (CET/CEST)","n/e","n/e","0"
"Montenegro (ME)","15.10.2016 14:00 - 15.10.2016 15:00 (CET/CEST)","n/e","n/e","0"
"Montenegro (ME)","15.10.2016 15:00 - 15.10.2016 16:00 (CET/CEST)","n/e","n/e","0"
"Montenegro (ME)","15.10.2016 16:00 - 15.10.2016 17:00 (CET/CEST)","n/e","n/e","0"
"Montenegro (ME)","15.10.2016 17:00 - 15.10.2016 18:00 (CET/CEST)","n/e","n/e","71"
"Montenegro (ME)","15.10.2016 18:00 - 15.10.2016 19:00 (CET/CEST)","n/e","n/e","200"
"Montenegro (ME)","15.10.2016 19:00 - 15.10.2016 20:00 (CET/CEST)","n/e","n/e","220"
"Montenegro (ME)","15.10.2016 20:00 - 15.10.2016 21:00 (CET/CEST)","n/e","n/e","170"
"Montenegro (ME)","15.10.2016 21:00 - 15.10.2016 22:00 (CET/CEST)","n/e","n/e","0"
"Montenegro (ME)","15.10.2016 22:00 - 15.10.2016 23:00 (CET/CEST)","n/e","n/e","0"
"Montenegro (ME)","15.10.2016 23:00 - 16.10.2016 00:00 (CET/CEST)","n/e","n/e","0"
"Montenegro (ME)","16.10.2016 00:00 - 16.10.2016 01:00 (CET/CEST)","n/e","n/e","0"
"Montenegro (ME)","16.10.2016 01:00 - 16.10.2016 02:00 (CET/CEST)","n/e","n/e","0"
"Montenegro (ME)","16.10.2016 02:00 - 16.10.2016 03:00 (CET/CEST)","n/e","n/e","0"
"Montenegro (ME)","16.10.2016 03:00 - 16.10.2016 04:00 (CET/CEST)","n/e","n/e","0"
"Montenegro (ME)","16.10.2016 04:00 - 16.10.2016 05:00 (CET/CEST)","n/e","n/e","0"
"Montenegro (ME)","16.10.2016 05:00 - 16.10.2016 06:00 (CET/CEST)","n/e","n/e","0"
"Montenegro (ME)","16.10.2016 06:00 - 16.10.2016 07:00 (CET/CEST)","n/e","n/e","0"
"Montenegro (ME)","16.10.2016 07:00 - 16.10.2016 08:00 (CET/CEST)","n/e","n/e","0"
"Montenegro (ME)","16.10.2016 08:00 - 16.10.2016 09:00 (CET/CEST)","n/e","n/e","0"
"Montenegro (ME)","16.10.2016 09:00 - 16.10.2016 10:00 (CET/CEST)","n/e","n/e","0"
"Montenegro (ME)","16.10.2016 10:00 - 16.10.2016 11:00 (CET/CEST)","n/e","n/e","0"
"Montenegro (ME)","16.10.2016 11:00 - 16.10.2016 12:00 (CET/CEST)","n/e","n/e","0"
"Montenegro (ME)","16.10.2016 12:00 - 16.10.2016 13:00 (CET/CEST)","n/e","n/e","0"
"Montenegro (ME)","16.10.2016 13:00 - 16.10.2016 14:00 (CET/CEST)","n/e","n/e","0"
"Montenegro (ME)","16.10.2016 14:00 - 16.10.2016 15:00 (CET/CEST)","n/e","n/e","0"
"Montenegro (ME)","16.10.2016 15:00 - 16.10.2016 16:00 (CET/CEST)","n/e","n/e","0"
"Montenegro (ME)","16.10.2016 16:00 - 16.10.2016 17:00 (CET/CEST)","n/e","n/e","0"
"Montenegro (ME)","16.10.2016 17:00 - 16.10.2016 18:00 (CET/CEST)","n/e","n/e","1"
"Montenegro (ME)","16.10.2016 18:00 - 16.10.2016 19:00 (CET/CEST)","n/e","n/e","172"
"Montenegro (ME)","16.10.2016 19:00 - 16.10.2016 20:00 (CET/CEST)","n/e","n/e","190"
"Montenegro (ME)","16.10.2016 20:00 - 16.10.2016 21:00 (CET/CEST)","n/e","n/e","71"
"Montenegro (ME)","16.10.2016 21:00 - 16.10.2016 22:00 (CET/CEST)","n/e","n/e","0"
"Montenegro (ME)","16.10.2016 22:00 - 16.10.2016 23:00 (CET/CEST)","n/e","n/e","0"
"Montenegro (ME)","16.10.2016 23:00 - 17.10.2016 00:00 (CET/CEST)","n/e","n/e","0"
"Montenegro (ME)","17.10.2016 00:00 - 17.10.2016 01:00 (CET/CEST)","n/e","n/e","0"
"Montenegro (ME)","17.10.2016 01:00 - 17.10.2016 02:00 (CET/CEST)","n/e","n/e","0"
"Montenegro (ME)","17.10.2016 02:00 - 17.10.2016 03:00 (CET/CEST)","n/e","n/e","0"
"Montenegro (ME)","17.10.2016 03:00 - 17.10.2016 04:00 (CET/CEST)","n/e","n/e","0"
"Montenegro (ME)","17.10.2016 04:00 - 17.10.2016 05:00 (CET/CEST)","n/e","n/e","0"
"Montenegro (ME)","17.10.2016 05:00 - 17.10.2016 06:00 (CET/CEST)","n/e","n/e","0"
"Montenegro (ME)","17.10.2016 06:00 - 17.10.2016 07:00 (CET/CEST)","n/e","n/e","0"
"Montenegro (ME)","17.10.2016 07:00 - 17.10.2016 08:00 (CET/CEST)","n/e","n/e","155"
"Montenegro (ME)","17.10.2016 08:00 - 17.10.2016 09:00 (CET/CEST)","n/e","n/e","236"
"Montenegro (ME)","17.10.2016 09:00 - 17.10.2016 10:00 (CET/CEST)","n/e","n/e","279"
"Montenegro (ME)","17.10.2016 10:00 - 17.10.2016 11:00 (CET/CEST)","n/e","n/e","300"
"Montenegro (ME)","17.10.2016 11:00 - 17.10.2016 12:00 (CET/CEST)","n/e","n/e","329"
"Montenegro (ME)","17.10.2016 12:00 - 17.10.2016 13:00 (CET/CEST)","n/e","n/e","193"
"Montenegro (ME)","17.10.2016 13:00 - 17.10.2016 14:00 (CET/CEST)","n/e","n/e","171"
"Montenegro (ME)","17.10.2016 14:00 - 17.10.2016 15:00 (CET/CEST)","n/e","n/e","171"
"Montenegro (ME)","17.10.2016 15:00 - 17.10.2016 16:00 (CET/CEST)","n/e","n/e","171"
"Montenegro (ME)","17.10.2016 16:00 - 17.10.2016 17:00 (CET/CEST)","n/e","n/e","170"
"Montenegro (ME)","17.10.2016 17:00 - 17.10.2016 18:00 (CET/CEST)","n/e","n/e","203"
"Montenegro (ME)","17.10.2016 18:00 - 17.10.2016 19:00 (CET/CEST)","n/e","n/e","329"
"Montenegro (ME)","17.10.2016 19:00 - 17.10.2016 20:00 (CET/CEST)","n/e","n/e","329"
"Montenegro (ME)","17.10.2016 20:00 - 17.10.2016 21:00 (CET/CEST)","n/e","n/e","271"
"Montenegro (ME)","17.10.2016 21:00 - 17.10.2016 22:00 (CET/CEST)","n/e","n/e","144"
"Montenegro (ME)","17.10.2016 22:00 - 17.10.2016 23:00 (CET/CEST)","n/e","n/e","0"
"Montenegro (ME)","17.10.2016 23:00 - 18.10.2016 00:00 (CET/CEST)","n/e","n/e","0"
"Montenegro (ME)","18.10.2016 00:00 - 18.10.2016 01:00 (CET/CEST)","n/e","n/e","0"
"Montenegro (ME)","18.10.2016 01:00 - 18.10.2016 02:00 (CET/CEST)","n/e","n/e","0"
"Montenegro (ME)","18.10.2016 02:00 - 18.10.2016 03:00 (CET/CEST)","n/e","n/e","0"
"Montenegro (ME)","18.10.2016 03:00 - 18.10.2016 04:00 (CET/CEST)","n/e","n/e","0"
"Montenegro (ME)","18.10.2016 04:00 - 18.10.2016 05:00 (CET/CEST)","n/e","n/e","0"
"Montenegro (ME)","18.10.2016 05:00 - 18.10.2016 06:00 (CET/CEST)","n/e","n/e","0"
"Montenegro (ME)","18.10.2016 06:00 - 18.10.2016 07:00 (CET/CEST)","n/e","n/e","0"
"Montenegro (ME)","18.10.2016 07:00 - 18.10.2016 08:00 (CET/CEST)","n/e","n/e","219"
"Montenegro (ME)","18.10.2016 08:00 - 18.10.2016 09:00 (CET/CEST)","n/e","n/e","270"
"Montenegro (ME)","18.10.2016 09:00 - 18.10.2016 10:00 (CET/CEST)","n/e","n/e","280"
"Montenegro (ME)","18.10.2016 10:00 - 18.10.2016 11:00 (CET/CEST)","n/e","n/e","321"
"Montenegro (ME)","18.10.2016 11:00 - 18.10.2016 12:00 (CET/CEST)","n/e","n/e","326"
"Montenegro (ME)","18.10.2016 12:00 - 18.10.2016 13:00 (CET/CEST)","n/e","n/e","325"
"Montenegro (ME)","18.10.2016 13:00 - 18.10.2016 14:00 (CET/CEST)","n/e","n/e","326"
"Montenegro (ME)","18.10.2016 14:00 - 18.10.2016 15:00 (CET/CEST)","n/e","n/e","325"
"Montenegro (ME)","18.10.2016 15:00 - 18.10.2016 16:00 (CET/CEST)","n/e","n/e","256"
"Montenegro (ME)","18.10.2016 16:00 - 18.10.2016 17:00 (CET/CEST)","n/e","n/e","259"
"Montenegro (ME)","18.10.2016 17:00 - 18.10.2016 18:00 (CET/CEST)","n/e","n/e","327"
"Montenegro (ME)","18.10.2016 18:00 - 18.10.2016 19:00 (CET/CEST)","n/e","n/e","331"
"Montenegro (ME)","18.10.2016 19:00 - 18.10.2016 20:00 (CET/CEST)","n/e","n/e","330"
"Montenegro (ME)","18.10.2016 20:00 - 18.10.2016 21:00 (CET/CEST)","n/e","n/e","220"
"Montenegro (ME)","18.10.2016 21:00 - 18.10.2016 22:00 (CET/CEST)","n/e","n/e","151"
"Montenegro (ME)","18.10.2016 22:00 - 18.10.2016 23:00 (CET/CEST)","n/e","n/e","200"
"Montenegro (ME)","18.10.2016 23:00 - 19.10.2016 00:00 (CET/CEST)","n/e","n/e","71"
"Montenegro (ME)","19.10.2016 00:00 - 19.10.2016 01:00 (CET/CEST)","n/e","n/e","110"
"Montenegro (ME)","19.10.2016 01:00 - 19.10.2016 02:00 (CET/CEST)","n/e","n/e","0"
"Montenegro (ME)","19.10.2016 02:00 - 19.10.2016 03:00 (CET/CEST)","n/e","n/e","0"
"Montenegro (ME)","19.10.2016 03:00 - 19.10.2016 04:00 (CET/CEST)","n/e","n/e","0"
"Montenegro (ME)","19.10.2016 04:00 - 19.10.2016 05:00 (CET/CEST)","n/e","n/e","0"
"Montenegro (ME)","19.10.2016 05:00 - 19.10.2016 06:00 (CET/CEST)","n/e","n/e","0"
"Montenegro (ME)","19.10.2016 06:00 - 19.10.2016 07:00 (CET/CEST)","n/e","n/e","110"
"Montenegro (ME)","19.10.2016 07:00 - 19.10.2016 08:00 (CET/CEST)","n/e","n/e","326"
"Montenegro (ME)","19.10.2016 08:00 - 19.10.2016 09:00 (CET/CEST)","n/e","n/e","329"
"Montenegro (ME)","19.10.2016 09:00 - 19.10.2016 10:00 (CET/CEST)","n/e","n/e","323"
"Montenegro (ME)","19.10.2016 10:00 - 19.10.2016 11:00 (CET/CEST)","n/e","n/e","326"
"Montenegro (ME)","19.10.2016 11:00 - 19.10.2016 12:00 (CET/CEST)","n/e","n/e","281"
"Montenegro (ME)","19.10.2016 12:00 - 19.10.2016 13:00 (CET/CEST)","n/e","n/e","290"
"Montenegro (ME)","19.10.2016 13:00 - 19.10.2016 14:00 (CET/CEST)","n/e","n/e","296"
"Montenegro (ME)","19.10.2016 14:00 - 19.10.2016 15:00 (CET/CEST)","n/e","n/e","303"
"Montenegro (ME)","19.10.2016 15:00 - 19.10.2016 16:00 (CET/CEST)","n/e","n/e","305"
"Montenegro (ME)","19.10.2016 16:00 - 19.10.2016 17:00 (CET/CEST)","n/e","n/e","306"
"Montenegro (ME)","19.10.2016 17:00 - 19.10.2016 18:00 (CET/CEST)","n/e","n/e","294"
"Montenegro (ME)","19.10.2016 18:00 - 19.10.2016 19:00 (CET/CEST)","n/e","n/e","327"
"Montenegro (ME)","19.10.2016 19:00 - 19.10.2016 20:00 (CET/CEST)","n/e","n/e","325"
"Montenegro (ME)","19.10.2016 20:00 - 19.10.2016 21:00 (CET/CEST)","n/e","n/e","325"
"Montenegro (ME)","19.10.2016 21:00 - 19.10.2016 22:00 (CET/CEST)","n/e","n/e","142"
"Montenegro (ME)","19.10.2016 22:00 - 19.10.2016 23:00 (CET/CEST)","n/e","n/e","109"
"Montenegro (ME)","19.10.2016 23:00 - 20.10.2016 00:00 (CET/CEST)","n/e","n/e","1"
"Montenegro (ME)","20.10.2016 00:00 - 20.10.2016 01:00 (CET/CEST)","n/e","n/e","0"
"Montenegro (ME)","20.10.2016 01:00 - 20.10.2016 02:00 (CET/CEST)","n/e","n/e","0"
"Montenegro (ME)","20.10.2016 02:00 - 20.10.2016 03:00 (CET/CEST)","n/e","n/e","0"
"Montenegro (ME)","20.10.2016 03:00 - 20.10.2016 04:00 (CET/CEST)","n/e","n/e","0"
"Montenegro (ME)","20.10.2016 04:00 - 20.10.2016 05:00 (CET/CEST)","n/e","n/e","0"
"Montenegro (ME)","20.10.2016 05:00 - 20.10.2016 06:00 (CET/CEST)","n/e","n/e","0"
"Montenegro (ME)","20.10.2016 06:00 - 20.10.2016 07:00 (CET/CEST)","n/e","n/e","100"
"Montenegro (ME)","20.10.2016 07:00 - 20.10.2016 08:00 (CET/CEST)","n/e","n/e","142"
"Montenegro (ME)","20.10.2016 08:00 - 20.10.2016 09:00 (CET/CEST)","n/e","n/e","219"
"Montenegro (ME)","20.10.2016 09:00 - 20.10.2016 10:00 (CET/CEST)","n/e","n/e","210"
"Montenegro (ME)","20.10.2016 10:00 - 20.10.2016 11:00 (CET/CEST)","n/e","n/e","208"
"Montenegro (ME)","20.10.2016 11:00 - 20.10.2016 12:00 (CET/CEST)","n/e","n/e","208"
"Montenegro (ME)","20.10.2016 12:00 - 20.10.2016 13:00 (CET/CEST)","n/e","n/e","208"
"Montenegro (ME)","20.10.2016 13:00 - 20.10.2016 14:00 (CET/CEST)","n/e","n/e","206"
"Montenegro (ME)","20.10.2016 14:00 - 20.10.2016 15:00 (CET/CEST)","n/e","n/e","141"
"Montenegro (ME)","20.10.2016 15:00 - 20.10.2016 16:00 (CET/CEST)","n/e","n/e","155"
"Montenegro (ME)","20.10.2016 16:00 - 20.10.2016 17:00 (CET/CEST)","n/e","n/e","186"
"Montenegro (ME)","20.10.2016 17:00 - 20.10.2016 18:00 (CET/CEST)","n/e","n/e","185"
"Montenegro (ME)","20.10.2016 18:00 - 20.10.2016 19:00 (CET/CEST)","n/e","n/e","186"
"Montenegro (ME)","20.10.2016 19:00 - 20.10.2016 20:00 (CET/CEST)","n/e","n/e","185"
"Montenegro (ME)","20.10.2016 20:00 - 20.10.2016 21:00 (CET/CEST)","n/e","n/e","96"
"Montenegro (ME)","20.10.2016 21:00 - 20.10.2016 22:00 (CET/CEST)","n/e","n/e","74"
"Montenegro (ME)","20.10.2016 22:00 - 20.10.2016 23:00 (CET/CEST)","n/e","n/e","0"
"Montenegro (ME)","20.10.2016 23:00 - 21.10.2016 00:00 (CET/CEST)","n/e","n/e","0"
"Montenegro (ME)","21.10.2016 00:00 - 21.10.2016 01:00 (CET/CEST)","n/e","n/e","0"
"Montenegro (ME)","21.10.2016 01:00 - 21.10.2016 02:00 (CET/CEST)","n/e","n/e","0"
"Montenegro (ME)","21.10.2016 02:00 - 21.10.2016 03:00 (CET/CEST)","n/e","n/e","0"
"Montenegro (ME)","21.10.2016 03:00 - 21.10.2016 04:00 (CET/CEST)","n/e","n/e","0"
"Montenegro (ME)","21.10.2016 04:00 - 21.10.2016 05:00 (CET/CEST)","n/e","n/e","0"
"Montenegro (ME)","21.10.2016 05:00 - 21.10.2016 06:00 (CET/CEST)","n/e","n/e","0"
"Montenegro (ME)","21.10.2016 06:00 - 21.10.2016 07:00 (CET/CEST)","n/e","n/e","0"
"Montenegro (ME)","21.10.2016 07:00 - 21.10.2016 08:00 (CET/CEST)","n/e","n/e","72"
"Montenegro (ME)","21.10.2016 08:00 - 21.10.2016 09:00 (CET/CEST)","n/e","n/e","184"
"Montenegro (ME)","21.10.2016 09:00 - 21.10.2016 10:00 (CET/CEST)","n/e","n/e","185"
"Montenegro (ME)","21.10.2016 10:00 - 21.10.2016 11:00 (CET/CEST)","n/e","n/e","185"
"Montenegro (ME)","21.10.2016 11:00 - 21.10.2016 12:00 (CET/CEST)","n/e","n/e","185"
"Montenegro (ME)","21.10.2016 12:00 - 21.10.2016 13:00 (CET/CEST)","n/e","n/e","92"
"Montenegro (ME)","21.10.2016 13:00 - 21.10.2016 14:00 (CET/CEST)","n/e","n/e","0"
"Montenegro (ME)","21.10.2016 14:00 - 21.10.2016 15:00 (CET/CEST)","n/e","n/e","0"
"Montenegro (ME)","21.10.2016 15:00 - 21.10.2016 16:00 (CET/CEST)","n/e","n/e","0"
"Montenegro (ME)","21.10.2016 16:00 - 21.10.2016 17:00 (CET/CEST)","n/e","n/e","0"
"Montenegro (ME)","21.10.2016 17:00 - 21.10.2016 18:00 (CET/CEST)","n/e","n/e","0"
"Montenegro (ME)","21.10.2016 18:00 - 21.10.2016 19:00 (CET/CEST)","n/e","n/e","175"
"Montenegro (ME)","21.10.2016 19:00 - 21.10.2016 20:00 (CET/CEST)","n/e","n/e","200"
"Montenegro (ME)","21.10.2016 20:00 - 21.10.2016 21:00 (CET/CEST)","n/e","n/e","70"
"Montenegro (ME)","21.10.2016 21:00 - 21.10.2016 22:00 (CET/CEST)","n/e","n/e","0"
"Montenegro (ME)","21.10.2016 22:00 - 21.10.2016 23:00 (CET/CEST)","n/e","n/e","0"
"Montenegro (ME)","21.10.2016 23:00 - 22.10.2016 00:00 (CET/CEST)","n/e","n/e","0"
"Montenegro (ME)","22.10.2016 00:00 - 22.10.2016 01:00 (CET/CEST)","n/e","n/e","0"
"Montenegro (ME)","22.10.2016 01:00 - 22.10.2016 02:00 (CET/CEST)","n/e","n/e","0"
"Montenegro (ME)","22.10.2016 02:00 - 22.10.2016 03:00 (CET/CEST)","n/e","n/e","0"
"Montenegro (ME)","22.10.2016 03:00 - 22.10.2016 04:00 (CET/CEST)","n/e","n/e","0"
"Montenegro (ME)","22.10.2016 04:00 - 22.10.2016 05:00 (CET/CEST)","n/e","n/e","0"
"Montenegro (ME)","22.10.2016 05:00 - 22.10.2016 06:00 (CET/CEST)","n/e","n/e","0"
"Montenegro (ME)","22.10.2016 06:00 - 22.10.2016 07:00 (CET/CEST)","n/e","n/e","0"
"Montenegro (ME)","22.10.2016 07:00 - 22.10.2016 08:00 (CET/CEST)","n/e","n/e","0"
"Montenegro (ME)","22.10.2016 08:00 - 22.10.2016 09:00 (CET/CEST)","n/e","n/e","0"
"Montenegro (ME)","22.10.2016 09:00 - 22.10.2016 10:00 (CET/CEST)","n/e","n/e","0"
"Montenegro (ME)","22.10.2016 10:00 - 22.10.2016 11:00 (CET/CEST)","n/e","n/e","0"
"Montenegro (ME)","22.10.2016 11:00 - 22.10.2016 12:00 (CET/CEST)","n/e","n/e","0"
"Montenegro (ME)","22.10.2016 12:00 - 22.10.2016 13:00 (CET/CEST)","n/e","n/e","0"
"Montenegro (ME)","22.10.2016 13:00 - 22.10.2016 14:00 (CET/CEST)","n/e","n/e","0"
"Montenegro (ME)","22.10.2016 14:00 - 22.10.2016 15:00 (CET/CEST)","n/e","n/e","0"
"Montenegro (ME)","22.10.2016 15:00 - 22.10.2016 16:00 (CET/CEST)","n/e","n/e","0"
"Montenegro (ME)","22.10.2016 16:00 - 22.10.2016 17:00 (CET/CEST)","n/e","n/e","0"
"Montenegro (ME)","22.10.2016 17:00 - 22.10.2016 18:00 (CET/CEST)","n/e","n/e","0"
"Montenegro (ME)","22.10.2016 18:00 - 22.10.2016 19:00 (CET/CEST)","n/e","n/e","0"
"Montenegro (ME)","22.10.2016 19:00 - 22.10.2016 20:00 (CET/CEST)","n/e","n/e","0"
"Montenegro (ME)","22.10.2016 20:00 - 22.10.2016 21:00 (CET/CEST)","n/e","n/e","0"
"Montenegro (ME)","22.10.2016 21:00 - 22.10.2016 22:00 (CET/CEST)","n/e","n/e","0"
"Montenegro (ME)","22.10.2016 22:00 - 22.10.2016 23:00 (CET/CEST)","n/e","n/e","0"
"Montenegro (ME)","22.10.2016 23:00 - 23.10.2016 00:00 (CET/CEST)","n/e","n/e","0"
"Montenegro (ME)","23.10.2016 00:00 - 23.10.2016 01:00 (CET/CEST)","n/e","n/e","0"
"Montenegro (ME)","23.10.2016 01:00 - 23.10.2016 02:00 (CET/CEST)","n/e","n/e","0"
"Montenegro (ME)","23.10.2016 02:00 - 23.10.2016 03:00 (CET/CEST)","n/e","n/e","0"
"Montenegro (ME)","23.10.2016 03:00 - 23.10.2016 04:00 (CET/CEST)","n/e","n/e","0"
"Montenegro (ME)","23.10.2016 04:00 - 23.10.2016 05:00 (CET/CEST)","n/e","n/e","0"
"Montenegro (ME)","23.10.2016 05:00 - 23.10.2016 06:00 (CET/CEST)","n/e","n/e","0"
"Montenegro (ME)","23.10.2016 06:00 - 23.10.2016 07:00 (CET/CEST)","n/e","n/e","0"
"Montenegro (ME)","23.10.2016 07:00 - 23.10.2016 08:00 (CET/CEST)","n/e","n/e","0"
"Montenegro (ME)","23.10.2016 08:00 - 23.10.2016 09:00 (CET/CEST)","n/e","n/e","0"
"Montenegro (ME)","23.10.2016 09:00 - 23.10.2016 10:00 (CET/CEST)","n/e","n/e","0"
"Montenegro (ME)","23.10.2016 10:00 - 23.10.2016 11:00 (CET/CEST)","n/e","n/e","0"
"Montenegro (ME)","23.10.2016 11:00 - 23.10.2016 12:00 (CET/CEST)","n/e","n/e","0"
"Montenegro (ME)","23.10.2016 12:00 - 23.10.2016 13:00 (CET/CEST)","n/e","n/e","0"
"Montenegro (ME)","23.10.2016 13:00 - 23.10.2016 14:00 (CET/CEST)","n/e","n/e","0"
"Montenegro (ME)","23.10.2016 14:00 - 23.10.2016 15:00 (CET/CEST)","n/e","n/e","0"
"Montenegro (ME)","23.10.2016 15:00 - 23.10.2016 16:00 (CET/CEST)","n/e","n/e","0"
"Montenegro (ME)","23.10.2016 16:00 - 23.10.2016 17:00 (CET/CEST)","n/e","n/e","0"
"Montenegro (ME)","23.10.2016 17:00 - 23.10.2016 18:00 (CET/CEST)","n/e","n/e","0"
"Montenegro (ME)","23.10.2016 18:00 - 23.10.2016 19:00 (CET/CEST)","n/e","n/e","0"
"Montenegro (ME)","23.10.2016 19:00 - 23.10.2016 20:00 (CET/CEST)","n/e","n/e","0"
"Montenegro (ME)","23.10.2016 20:00 - 23.10.2016 21:00 (CET/CEST)","n/e","n/e","0"
"Montenegro (ME)","23.10.2016 21:00 - 23.10.2016 22:00 (CET/CEST)","n/e","n/e","0"
"Montenegro (ME)","23.10.2016 22:00 - 23.10.2016 23:00 (CET/CEST)","n/e","n/e","0"
"Montenegro (ME)","23.10.2016 23:00 - 24.10.2016 00:00 (CET/CEST)","n/e","n/e","0"
"Montenegro (ME)","24.10.2016 00:00 - 24.10.2016 01:00 (CET/CEST)","n/e","n/e","0"
"Montenegro (ME)","24.10.2016 01:00 - 24.10.2016 02:00 (CET/CEST)","n/e","n/e","0"
"Montenegro (ME)","24.10.2016 02:00 - 24.10.2016 03:00 (CET/CEST)","n/e","n/e","0"
"Montenegro (ME)","24.10.2016 03:00 - 24.10.2016 04:00 (CET/CEST)","n/e","n/e","0"
"Montenegro (ME)","24.10.2016 04:00 - 24.10.2016 05:00 (CET/CEST)","n/e","n/e","0"
"Montenegro (ME)","24.10.2016 05:00 - 24.10.2016 06:00 (CET/CEST)","n/e","n/e","0"
"Montenegro (ME)","24.10.2016 06:00 - 24.10.2016 07:00 (CET/CEST)","n/e","n/e","0"
"Montenegro (ME)","24.10.2016 07:00 - 24.10.2016 08:00 (CET/CEST)","n/e","n/e","0"
"Montenegro (ME)","24.10.2016 08:00 - 24.10.2016 09:00 (CET/CEST)","n/e","n/e","0"
"Montenegro (ME)","24.10.2016 09:00 - 24.10.2016 10:00 (CET/CEST)","n/e","n/e","0"
"Montenegro (ME)","24.10.2016 10:00 - 24.10.2016 11:00 (CET/CEST)","n/e","n/e","0"
"Montenegro (ME)","24.10.2016 11:00 - 24.10.2016 12:00 (CET/CEST)","n/e","n/e","0"
"Montenegro (ME)","24.10.2016 12:00 - 24.10.2016 13:00 (CET/CEST)","n/e","n/e","91"
"Montenegro (ME)","24.10.2016 13:00 - 24.10.2016 14:00 (CET/CEST)","n/e","n/e","93"
"Montenegro (ME)","24.10.2016 14:00 - 24.10.2016 15:00 (CET/CEST)","n/e","n/e","92"
"Montenegro (ME)","24.10.2016 15:00 - 24.10.2016 16:00 (CET/CEST)","n/e","n/e","0"
"Montenegro (ME)","24.10.2016 16:00 - 24.10.2016 17:00 (CET/CEST)","n/e","n/e","0"
"Montenegro (ME)","24.10.2016 17:00 - 24.10.2016 18:00 (CET/CEST)","n/e","n/e","0"
"Montenegro (ME)","24.10.2016 18:00 - 24.10.2016 19:00 (CET/CEST)","n/e","n/e","184"
"Montenegro (ME)","24.10.2016 19:00 - 24.10.2016 20:00 (CET/CEST)","n/e","n/e","187"
"Montenegro (ME)","24.10.2016 20:00 - 24.10.2016 21:00 (CET/CEST)","n/e","n/e","80"
"Montenegro (ME)","24.10.2016 21:00 - 24.10.2016 22:00 (CET/CEST)","n/e","n/e","71"
"Montenegro (ME)","24.10.2016 22:00 - 24.10.2016 23:00 (CET/CEST)","n/e","n/e","109"
"Montenegro (ME)","24.10.2016 23:00 - 25.10.2016 00:00 (CET/CEST)","n/e","n/e","0"
"Montenegro (ME)","25.10.2016 00:00 - 25.10.2016 01:00 (CET/CEST)","n/e","n/e","0"
"Montenegro (ME)","25.10.2016 01:00 - 25.10.2016 02:00 (CET/CEST)","n/e","n/e","0"
"Montenegro (ME)","25.10.2016 02:00 - 25.10.2016 03:00 (CET/CEST)","n/e","n/e","0"
"Montenegro (ME)","25.10.2016 03:00 - 25.10.2016 04:00 (CET/CEST)","n/e","n/e","0"
"Montenegro (ME)","25.10.2016 04:00 - 25.10.2016 05:00 (CET/CEST)","n/e","n/e","0"
"Montenegro (ME)","25.10.2016 05:00 - 25.10.2016 06:00 (CET/CEST)","n/e","n/e","0"
"Montenegro (ME)","25.10.2016 06:00 - 25.10.2016 07:00 (CET/CEST)","n/e","n/e","0"
"Montenegro (ME)","25.10.2016 07:00 - 25.10.2016 08:00 (CET/CEST)","n/e","n/e","111"
"Montenegro (ME)","25.10.2016 08:00 - 25.10.2016 09:00 (CET/CEST)","n/e","n/e","187"
"Montenegro (ME)","25.10.2016 09:00 - 25.10.2016 10:00 (CET/CEST)","n/e","n/e","187"
"Montenegro (ME)","25.10.2016 10:00 - 25.10.2016 11:00 (CET/CEST)","n/e","n/e","197"
"Montenegro (ME)","25.10.2016 11:00 - 25.10.2016 12:00 (CET/CEST)","n/e","n/e","167"
"Montenegro (ME)","25.10.2016 12:00 - 25.10.2016 13:00 (CET/CEST)","n/e","n/e","220"
"Montenegro (ME)","25.10.2016 13:00 - 25.10.2016 14:00 (CET/CEST)","n/e","n/e","223"
"Montenegro (ME)","25.10.2016 14:00 - 25.10.2016 15:00 (CET/CEST)","n/e","n/e","221"
"Montenegro (ME)","25.10.2016 15:00 - 25.10.2016 16:00 (CET/CEST)","n/e","n/e","203"
"Montenegro (ME)","25.10.2016 16:00 - 25.10.2016 17:00 (CET/CEST)","n/e","n/e","192"
"Montenegro (ME)","25.10.2016 17:00 - 25.10.2016 18:00 (CET/CEST)","n/e","n/e","243"
"Montenegro (ME)","25.10.2016 18:00 - 25.10.2016 19:00 (CET/CEST)","n/e","n/e","332"
"Montenegro (ME)","25.10.2016 19:00 - 25.10.2016 20:00 (CET/CEST)","n/e","n/e","330"
"Montenegro (ME)","25.10.2016 20:00 - 25.10.2016 21:00 (CET/CEST)","n/e","n/e","271"
"Montenegro (ME)","25.10.2016 21:00 - 25.10.2016 22:00 (CET/CEST)","n/e","n/e","160"
"Montenegro (ME)","25.10.2016 22:00 - 25.10.2016 23:00 (CET/CEST)","n/e","n/e","0"
"Montenegro (ME)","25.10.2016 23:00 - 26.10.2016 00:00 (CET/CEST)","n/e","n/e","0"
"Montenegro (ME)","26.10.2016 00:00 - 26.10.2016 01:00 (CET/CEST)","n/e","n/e","0"
"Montenegro (ME)","26.10.2016 01:00 - 26.10.2016 02:00 (CET/CEST)","n/e","n/e","0"
"Montenegro (ME)","26.10.2016 02:00 - 26.10.2016 03:00 (CET/CEST)","n/e","n/e","0"
"Montenegro (ME)","26.10.2016 03:00 - 26.10.2016 04:00 (CET/CEST)","n/e","n/e","0"
"Montenegro (ME)","26.10.2016 04:00 - 26.10.2016 05:00 (CET/CEST)","n/e","n/e","0"
"Montenegro (ME)","26.10.2016 05:00 - 26.10.2016 06:00 (CET/CEST)","n/e","n/e","0"
"Montenegro (ME)","26.10.2016 06:00 - 26.10.2016 07:00 (CET/CEST)","n/e","n/e","0"
"Montenegro (ME)","26.10.2016 07:00 - 26.10.2016 08:00 (CET/CEST)","n/e","n/e","110"
"Montenegro (ME)","26.10.2016 08:00 - 26.10.2016 09:00 (CET/CEST)","n/e","n/e","111"
"Montenegro (ME)","26.10.2016 09:00 - 26.10.2016 10:00 (CET/CEST)","n/e","n/e","111"
"Montenegro (ME)","26.10.2016 10:00 - 26.10.2016 11:00 (CET/CEST)","n/e","n/e","111"
"Montenegro (ME)","26.10.2016 11:00 - 26.10.2016 12:00 (CET/CEST)","n/e","n/e","142"
"Montenegro (ME)","26.10.2016 12:00 - 26.10.2016 13:00 (CET/CEST)","n/e","n/e","220"
"Montenegro (ME)","26.10.2016 13:00 - 26.10.2016 14:00 (CET/CEST)","n/e","n/e","181"
"Montenegro (ME)","26.10.2016 14:00 - 26.10.2016 15:00 (CET/CEST)","n/e","n/e","141"
"Montenegro (ME)","26.10.2016 15:00 - 26.10.2016 16:00 (CET/CEST)","n/e","n/e","71"
"Montenegro (ME)","26.10.2016 16:00 - 26.10.2016 17:00 (CET/CEST)","n/e","n/e","72"
"Montenegro (ME)","26.10.2016 17:00 - 26.10.2016 18:00 (CET/CEST)","n/e","n/e","153"
"Montenegro (ME)","26.10.2016 18:00 - 26.10.2016 19:00 (CET/CEST)","n/e","n/e","219"
"Montenegro (ME)","26.10.2016 19:00 - 26.10.2016 20:00 (CET/CEST)","n/e","n/e","219"
"Montenegro (ME)","26.10.2016 20:00 - 26.10.2016 21:00 (CET/CEST)","n/e","n/e","101"
"Montenegro (ME)","26.10.2016 21:00 - 26.10.2016 22:00 (CET/CEST)","n/e","n/e","0"
"Montenegro (ME)","26.10.2016 22:00 - 26.10.2016 23:00 (CET/CEST)","n/e","n/e","0"
"Montenegro (ME)","26.10.2016 23:00 - 27.10.2016 00:00 (CET/CEST)","n/e","n/e","0"
"Montenegro (ME)","27.10.2016 00:00 - 27.10.2016 01:00 (CET/CEST)","n/e","n/e","0"
"Montenegro (ME)","27.10.2016 01:00 - 27.10.2016 02:00 (CET/CEST)","n/e","n/e","0"
"Montenegro (ME)","27.10.2016 02:00 - 27.10.2016 03:00 (CET/CEST)","n/e","n/e","0"
"Montenegro (ME)","27.10.2016 03:00 - 27.10.2016 04:00 (CET/CEST)","n/e","n/e","0"
"Montenegro (ME)","27.10.2016 04:00 - 27.10.2016 05:00 (CET/CEST)","n/e","n/e","0"
"Montenegro (ME)","27.10.2016 05:00 - 27.10.2016 06:00 (CET/CEST)","n/e","n/e","0"
"Montenegro (ME)","27.10.2016 06:00 - 27.10.2016 07:00 (CET/CEST)","n/e","n/e","0"
"Montenegro (ME)","27.10.2016 07:00 - 27.10.2016 08:00 (CET/CEST)","n/e","n/e","91"
"Montenegro (ME)","27.10.2016 08:00 - 27.10.2016 09:00 (CET/CEST)","n/e","n/e","185"
"Montenegro (ME)","27.10.2016 09:00 - 27.10.2016 10:00 (CET/CEST)","n/e","n/e","185"
"Montenegro (ME)","27.10.2016 10:00 - 27.10.2016 11:00 (CET/CEST)","n/e","n/e","93"
"Montenegro (ME)","27.10.2016 11:00 - 27.10.2016 12:00 (CET/CEST)","n/e","n/e","94"
"Montenegro (ME)","27.10.2016 12:00 - 27.10.2016 13:00 (CET/CEST)","n/e","n/e","94"
"Montenegro (ME)","27.10.2016 13:00 - 27.10.2016 14:00 (CET/CEST)","n/e","n/e","86"
"Montenegro (ME)","27.10.2016 14:00 - 27.10.2016 15:00 (CET/CEST)","n/e","n/e","80"
"Montenegro (ME)","27.10.2016 15:00 - 27.10.2016 16:00 (CET/CEST)","n/e","n/e","9"
"Montenegro (ME)","27.10.2016 16:00 - 27.10.2016 17:00 (CET/CEST)","n/e","n/e","0"
"Montenegro (ME)","27.10.2016 17:00 - 27.10.2016 18:00 (CET/CEST)","n/e","n/e","94"
"Montenegro (ME)","27.10.2016 18:00 - 27.10.2016 19:00 (CET/CEST)","n/e","n/e","184"
"Montenegro (ME)","27.10.2016 19:00 - 27.10.2016 20:00 (CET/CEST)","n/e","n/e","186"
"Montenegro (ME)","27.10.2016 20:00 - 27.10.2016 21:00 (CET/CEST)","n/e","n/e","185"
"Montenegro (ME)","27.10.2016 21:00 - 27.10.2016 22:00 (CET/CEST)","n/e","n/e","0"
"Montenegro (ME)","27.10.2016 22:00 - 27.10.2016 23:00 (CET/CEST)","n/e","n/e","0"
"Montenegro (ME)","27.10.2016 23:00 - 28.10.2016 00:00 (CET/CEST)","n/e","n/e","0"
"Montenegro (ME)","28.10.2016 00:00 - 28.10.2016 01:00 (CET/CEST)","n/e","n/e","0"
"Montenegro (ME)","28.10.2016 01:00 - 28.10.2016 02:00 (CET/CEST)","n/e","n/e","0"
"Montenegro (ME)","28.10.2016 02:00 - 28.10.2016 03:00 (CET/CEST)","n/e","n/e","0"
"Montenegro (ME)","28.10.2016 03:00 - 28.10.2016 04:00 (CET/CEST)","n/e","n/e","0"
"Montenegro (ME)","28.10.2016 04:00 - 28.10.2016 05:00 (CET/CEST)","n/e","n/e","0"
"Montenegro (ME)","28.10.2016 05:00 - 28.10.2016 06:00 (CET/CEST)","n/e","n/e","0"
"Montenegro (ME)","28.10.2016 06:00 - 28.10.2016 07:00 (CET/CEST)","n/e","n/e","0"
"Montenegro (ME)","28.10.2016 07:00 - 28.10.2016 08:00 (CET/CEST)","n/e","n/e","81"
"Montenegro (ME)","28.10.2016 08:00 - 28.10.2016 09:00 (CET/CEST)","n/e","n/e","94"
"Montenegro (ME)","28.10.2016 09:00 - 28.10.2016 10:00 (CET/CEST)","n/e","n/e","93"
"Montenegro (ME)","28.10.2016 10:00 - 28.10.2016 11:00 (CET/CEST)","n/e","n/e","95"
"Montenegro (ME)","28.10.2016 11:00 - 28.10.2016 12:00 (CET/CEST)","n/e","n/e","71"
"Montenegro (ME)","28.10.2016 12:00 - 28.10.2016 13:00 (CET/CEST)","n/e","n/e","110"
"Montenegro (ME)","28.10.2016 13:00 - 28.10.2016 14:00 (CET/CEST)","n/e","n/e","0"
"Montenegro (ME)","28.10.2016 14:00 - 28.10.2016 15:00 (CET/CEST)","n/e","n/e","0"
"Montenegro (ME)","28.10.2016 15:00 - 28.10.2016 16:00 (CET/CEST)","n/e","n/e","0"
"Montenegro (ME)","28.10.2016 16:00 - 28.10.2016 17:00 (CET/CEST)","n/e","n/e","0"
"Montenegro (ME)","28.10.2016 17:00 - 28.10.2016 18:00 (CET/CEST)","n/e","n/e","161"
"Montenegro (ME)","28.10.2016 18:00 - 28.10.2016 19:00 (CET/CEST)","n/e","n/e","184"
"Montenegro (ME)","28.10.2016 19:00 - 28.10.2016 20:00 (CET/CEST)","n/e","n/e","184"
"Montenegro (ME)","28.10.2016 20:00 - 28.10.2016 21:00 (CET/CEST)","n/e","n/e","94"
"Montenegro (ME)","28.10.2016 21:00 - 28.10.2016 22:00 (CET/CEST)","n/e","n/e","71"
"Montenegro (ME)","28.10.2016 22:00 - 28.10.2016 23:00 (CET/CEST)","n/e","n/e","90"
"Montenegro (ME)","28.10.2016 23:00 - 29.10.2016 00:00 (CET/CEST)","n/e","n/e","0"
"Montenegro (ME)","29.10.2016 00:00 - 29.10.2016 01:00 (CET/CEST)","n/e","n/e","0"
"Montenegro (ME)","29.10.2016 01:00 - 29.10.2016 02:00 (CET/CEST)","n/e","n/e","0"
"Montenegro (ME)","29.10.2016 02:00 - 29.10.2016 03:00 (CET/CEST)","n/e","n/e","0"
"Montenegro (ME)","29.10.2016 03:00 - 29.10.2016 04:00 (CET/CEST)","n/e","n/e","0"
"Montenegro (ME)","29.10.2016 04:00 - 29.10.2016 05:00 (CET/CEST)","n/e","n/e","0"
"Montenegro (ME)","29.10.2016 05:00 - 29.10.2016 06:00 (CET/CEST)","n/e","n/e","0"
"Montenegro (ME)","29.10.2016 06:00 - 29.10.2016 07:00 (CET/CEST)","n/e","n/e","0"
"Montenegro (ME)","29.10.2016 07:00 - 29.10.2016 08:00 (CET/CEST)","n/e","n/e","0"
"Montenegro (ME)","29.10.2016 08:00 - 29.10.2016 09:00 (CET/CEST)","n/e","n/e","0"
"Montenegro (ME)","29.10.2016 09:00 - 29.10.2016 10:00 (CET/CEST)","n/e","n/e","0"
"Montenegro (ME)","29.10.2016 10:00 - 29.10.2016 11:00 (CET/CEST)","n/e","n/e","0"
"Montenegro (ME)","29.10.2016 11:00 - 29.10.2016 12:00 (CET/CEST)","n/e","n/e","0"
"Montenegro (ME)","29.10.2016 12:00 - 29.10.2016 13:00 (CET/CEST)","n/e","n/e","0"
"Montenegro (ME)","29.10.2016 13:00 - 29.10.2016 14:00 (CET/CEST)","n/e","n/e","0"
"Montenegro (ME)","29.10.2016 14:00 - 29.10.2016 15:00 (CET/CEST)","n/e","n/e","0"
"Montenegro (ME)","29.10.2016 15:00 - 29.10.2016 16:00 (CET/CEST)","n/e","n/e","0"
"Montenegro (ME)","29.10.2016 16:00 - 29.10.2016 17:00 (CET/CEST)","n/e","n/e","0"
"Montenegro (ME)","29.10.2016 17:00 - 29.10.2016 18:00 (CET/CEST)","n/e","n/e","0"
"Montenegro (ME)","29.10.2016 18:00 - 29.10.2016 19:00 (CET/CEST)","n/e","n/e","93"
"Montenegro (ME)","29.10.2016 19:00 - 29.10.2016 20:00 (CET/CEST)","n/e","n/e","93"
"Montenegro (ME)","29.10.2016 20:00 - 29.10.2016 21:00 (CET/CEST)","n/e","n/e","1"
"Montenegro (ME)","29.10.2016 21:00 - 29.10.2016 22:00 (CET/CEST)","n/e","n/e","0"
"Montenegro (ME)","29.10.2016 22:00 - 29.10.2016 23:00 (CET/CEST)","n/e","n/e","0"
"Montenegro (ME)","29.10.2016 23:00 - 30.10.2016 00:00 (CET/CEST)","n/e","n/e","0"
"Montenegro (ME)","30.10.2016 00:00 - 30.10.2016 01:00 (CET/CEST)","n/e","n/e","0"
"Montenegro (ME)","30.10.2016 01:00 - 30.10.2016 02:00 (CET/CEST)","n/e","n/e","0"
"Montenegro (ME)","30.10.2016 02:00 - 30.10.2016 03:00 (CET/CEST)","n/e","n/e","0"
"Montenegro (ME)","30.10.2016 02:00 - 30.10.2016 03:00 (CET/CEST)","n/e","n/e","0"
"Montenegro (ME)","30.10.2016 03:00 - 30.10.2016 04:00 (CET/CEST)","n/e","n/e","0"
"Montenegro (ME)","30.10.2016 04:00 - 30.10.2016 05:00 (CET/CEST)","n/e","n/e","0"
"Montenegro (ME)","30.10.2016 05:00 - 30.10.2016 06:00 (CET/CEST)","n/e","n/e","0"
"Montenegro (ME)","30.10.2016 06:00 - 30.10.2016 07:00 (CET/CEST)","n/e","n/e","0"
"Montenegro (ME)","30.10.2016 07:00 - 30.10.2016 08:00 (CET/CEST)","n/e","n/e","0"
"Montenegro (ME)","30.10.2016 08:00 - 30.10.2016 09:00 (CET/CEST)","n/e","n/e","0"
"Montenegro (ME)","30.10.2016 09:00 - 30.10.2016 10:00 (CET/CEST)","n/e","n/e","0"
"Montenegro (ME)","30.10.2016 10:00 - 30.10.2016 11:00 (CET/CEST)","n/e","n/e","0"
"Montenegro (ME)","30.10.2016 11:00 - 30.10.2016 12:00 (CET/CEST)","n/e","n/e","0"
"Montenegro (ME)","30.10.2016 12:00 - 30.10.2016 13:00 (CET/CEST)","n/e","n/e","0"
"Montenegro (ME)","30.10.2016 13:00 - 30.10.2016 14:00 (CET/CEST)","n/e","n/e","0"
"Montenegro (ME)","30.10.2016 14:00 - 30.10.2016 15:00 (CET/CEST)","n/e","n/e","0"
"Montenegro (ME)","30.10.2016 15:00 - 30.10.2016 16:00 (CET/CEST)","n/e","n/e","0"
"Montenegro (ME)","30.10.2016 16:00 - 30.10.2016 17:00 (CET/CEST)","n/e","n/e","0"
"Montenegro (ME)","30.10.2016 17:00 - 30.10.2016 18:00 (CET/CEST)","n/e","n/e","106"
"Montenegro (ME)","30.10.2016 18:00 - 30.10.2016 19:00 (CET/CEST)","n/e","n/e","105"
"Montenegro (ME)","30.10.2016 19:00 - 30.10.2016 20:00 (CET/CEST)","n/e","n/e","106"
"Montenegro (ME)","30.10.2016 20:00 - 30.10.2016 21:00 (CET/CEST)","n/e","n/e","107"
"Montenegro (ME)","30.10.2016 21:00 - 30.10.2016 22:00 (CET/CEST)","n/e","n/e","82"
"Montenegro (ME)","30.10.2016 22:00 - 30.10.2016 23:00 (CET/CEST)","n/e","n/e","0"
"Montenegro (ME)","30.10.2016 23:00 - 31.10.2016 00:00 (CET/CEST)","n/e","n/e","0"
"Montenegro (ME)","31.10.2016 00:00 - 31.10.2016 01:00 (CET/CEST)","n/e","n/e","0"
"Montenegro (ME)","31.10.2016 01:00 - 31.10.2016 02:00 (CET/CEST)","n/e","n/e","0"
"Montenegro (ME)","31.10.2016 02:00 - 31.10.2016 03:00 (CET/CEST)","n/e","n/e","0"
"Montenegro (ME)","31.10.2016 03:00 - 31.10.2016 04:00 (CET/CEST)","n/e","n/e","0"
"Montenegro (ME)","31.10.2016 04:00 - 31.10.2016 05:00 (CET/CEST)","n/e","n/e","0"
"Montenegro (ME)","31.10.2016 05:00 - 31.10.2016 06:00 (CET/CEST)","n/e","n/e","0"
"Montenegro (ME)","31.10.2016 06:00 - 31.10.2016 07:00 (CET/CEST)","n/e","n/e","0"
"Montenegro (ME)","31.10.2016 07:00 - 31.10.2016 08:00 (CET/CEST)","n/e","n/e","105"
"Montenegro (ME)","31.10.2016 08:00 - 31.10.2016 09:00 (CET/CEST)","n/e","n/e","110"
"Montenegro (ME)","31.10.2016 09:00 - 31.10.2016 10:00 (CET/CEST)","n/e","n/e","106"
"Montenegro (ME)","31.10.2016 10:00 - 31.10.2016 11:00 (CET/CEST)","n/e","n/e","106"
"Montenegro (ME)","31.10.2016 11:00 - 31.10.2016 12:00 (CET/CEST)","n/e","n/e","106"
"Montenegro (ME)","31.10.2016 12:00 - 31.10.2016 13:00 (CET/CEST)","n/e","n/e","0"
"Montenegro (ME)","31.10.2016 13:00 - 31.10.2016 14:00 (CET/CEST)","n/e","n/e","0"
"Montenegro (ME)","31.10.2016 14:00 - 31.10.2016 15:00 (CET/CEST)","n/e","n/e","0"
"Montenegro (ME)","31.10.2016 15:00 - 31.10.2016 16:00 (CET/CEST)","n/e","n/e","105"
"Montenegro (ME)","31.10.2016 16:00 - 31.10.2016 17:00 (CET/CEST)","n/e","n/e","143"
"Montenegro (ME)","31.10.2016 17:00 - 31.10.2016 18:00 (CET/CEST)","n/e","n/e","309"
"Montenegro (ME)","31.10.2016 18:00 - 31.10.2016 19:00 (CET/CEST)","n/e","n/e","316"
"Montenegro (ME)","31.10.2016 19:00 - 31.10.2016 20:00 (CET/CEST)","n/e","n/e","315"
"Montenegro (ME)","31.10.2016 20:00 - 31.10.2016 21:00 (CET/CEST)","n/e","n/e","154"
"Montenegro (ME)","31.10.2016 21:00 - 31.10.2016 22:00 (CET/CEST)","n/e","n/e","0"
"Montenegro (ME)","31.10.2016 22:00 - 31.10.2016 23:00 (CET/CEST)","n/e","n/e","0"
"Montenegro (ME)","31.10.2016 23:00 - 01.11.2016 00:00 (CET/CEST)","n/e","n/e","0"
"Montenegro (ME)","01.11.2016 00:00 - 01.11.2016 01:00 (CET/CEST)","n/e","n/e","0"
"Montenegro (ME)","01.11.2016 01:00 - 01.11.2016 02:00 (CET/CEST)","n/e","n/e","0"
"Montenegro (ME)","01.11.2016 02:00 - 01.11.2016 03:00 (CET/CEST)","n/e","n/e","0"
"Montenegro (ME)","01.11.2016 03:00 - 01.11.2016 04:00 (CET/CEST)","n/e","n/e","0"
"Montenegro (ME)","01.11.2016 04:00 - 01.11.2016 05:00 (CET/CEST)","n/e","n/e","0"
"Montenegro (ME)","01.11.2016 05:00 - 01.11.2016 06:00 (CET/CEST)","n/e","n/e","0"
"Montenegro (ME)","01.11.2016 06:00 - 01.11.2016 07:00 (CET/CEST)","n/e","n/e","0"
"Montenegro (ME)","01.11.2016 07:00 - 01.11.2016 08:00 (CET/CEST)","n/e","n/e","0"
"Montenegro (ME)","01.11.2016 08:00 - 01.11.2016 09:00 (CET/CEST)","n/e","n/e","0"
"Montenegro (ME)","01.11.2016 09:00 - 01.11.2016 10:00 (CET/CEST)","n/e","n/e","0"
"Montenegro (ME)","01.11.2016 10:00 - 01.11.2016 11:00 (CET/CEST)","n/e","n/e","0"
"Montenegro (ME)","01.11.2016 11:00 - 01.11.2016 12:00 (CET/CEST)","n/e","n/e","0"
"Montenegro (ME)","01.11.2016 12:00 - 01.11.2016 13:00 (CET/CEST)","n/e","n/e","0"
"Montenegro (ME)","01.11.2016 13:00 - 01.11.2016 14:00 (CET/CEST)","n/e","n/e","0"
"Montenegro (ME)","01.11.2016 14:00 - 01.11.2016 15:00 (CET/CEST)","n/e","n/e","0"
"Montenegro (ME)","01.11.2016 15:00 - 01.11.2016 16:00 (CET/CEST)","n/e","n/e","0"
"Montenegro (ME)","01.11.2016 16:00 - 01.11.2016 17:00 (CET/CEST)","n/e","n/e","0"
"Montenegro (ME)","01.11.2016 17:00 - 01.11.2016 18:00 (CET/CEST)","n/e","n/e","93"
"Montenegro (ME)","01.11.2016 18:00 - 01.11.2016 19:00 (CET/CEST)","n/e","n/e","111"
"Montenegro (ME)","01.11.2016 19:00 - 01.11.2016 20:00 (CET/CEST)","n/e","n/e","93"
"Montenegro (ME)","01.11.2016 20:00 - 01.11.2016 21:00 (CET/CEST)","n/e","n/e","93"
"Montenegro (ME)","01.11.2016 21:00 - 01.11.2016 22:00 (CET/CEST)","n/e","n/e","1"
"Montenegro (ME)","01.11.2016 22:00 - 01.11.2016 23:00 (CET/CEST)","n/e","n/e","0"
"Montenegro (ME)","01.11.2016 23:00 - 02.11.2016 00:00 (CET/CEST)","n/e","n/e","0"
"Montenegro (ME)","02.11.2016 00:00 - 02.11.2016 01:00 (CET/CEST)","n/e","n/e","0"
"Montenegro (ME)","02.11.2016 01:00 - 02.11.2016 02:00 (CET/CEST)","n/e","n/e","0"
"Montenegro (ME)","02.11.2016 02:00 - 02.11.2016 03:00 (CET/CEST)","n/e","n/e","0"
"Montenegro (ME)","02.11.2016 03:00 - 02.11.2016 04:00 (CET/CEST)","n/e","n/e","0"
"Montenegro (ME)","02.11.2016 04:00 - 02.11.2016 05:00 (CET/CEST)","n/e","n/e","0"
"Montenegro (ME)","02.11.2016 05:00 - 02.11.2016 06:00 (CET/CEST)","n/e","n/e","0"
"Montenegro (ME)","02.11.2016 06:00 - 02.11.2016 07:00 (CET/CEST)","n/e","n/e","2"
"Montenegro (ME)","02.11.2016 07:00 - 02.11.2016 08:00 (CET/CEST)","n/e","n/e","184"
"Montenegro (ME)","02.11.2016 08:00 - 02.11.2016 09:00 (CET/CEST)","n/e","n/e","211"
"Montenegro (ME)","02.11.2016 09:00 - 02.11.2016 10:00 (CET/CEST)","n/e","n/e","186"
"Montenegro (ME)","02.11.2016 10:00 - 02.11.2016 11:00 (CET/CEST)","n/e","n/e","0"
"Montenegro (ME)","02.11.2016 11:00 - 02.11.2016 12:00 (CET/CEST)","n/e","n/e","0"
"Montenegro (ME)","02.11.2016 12:00 - 02.11.2016 13:00 (CET/CEST)","n/e","n/e","110"
"Montenegro (ME)","02.11.2016 13:00 - 02.11.2016 14:00 (CET/CEST)","n/e","n/e","93"
"Montenegro (ME)","02.11.2016 14:00 - 02.11.2016 15:00 (CET/CEST)","n/e","n/e","71"
"Montenegro (ME)","02.11.2016 15:00 - 02.11.2016 16:00 (CET/CEST)","n/e","n/e","220"
"Montenegro (ME)","02.11.2016 16:00 - 02.11.2016 17:00 (CET/CEST)","n/e","n/e","277"
"Montenegro (ME)","02.11.2016 17:00 - 02.11.2016 18:00 (CET/CEST)","n/e","n/e","324"
"Montenegro (ME)","02.11.2016 18:00 - 02.11.2016 19:00 (CET/CEST)","n/e","n/e","331"
"Montenegro (ME)","02.11.2016 19:00 - 02.11.2016 20:00 (CET/CEST)","n/e","n/e","276"
"Montenegro (ME)","02.11.2016 20:00 - 02.11.2016 21:00 (CET/CEST)","n/e","n/e","201"
"Montenegro (ME)","02.11.2016 21:00 - 02.11.2016 22:00 (CET/CEST)","n/e","n/e","0"
"Montenegro (ME)","02.11.2016 22:00 - 02.11.2016 23:00 (CET/CEST)","n/e","n/e","0"
"Montenegro (ME)","02.11.2016 23:00 - 03.11.2016 00:00 (CET/CEST)","n/e","n/e","0"
"Montenegro (ME)","03.11.2016 00:00 - 03.11.2016 01:00 (CET/CEST)","n/e","n/e","0"
"Montenegro (ME)","03.11.2016 01:00 - 03.11.2016 02:00 (CET/CEST)","n/e","n/e","0"
"Montenegro (ME)","03.11.2016 02:00 - 03.11.2016 03:00 (CET/CEST)","n/e","n/e","0"
"Montenegro (ME)","03.11.2016 03:00 - 03.11.2016 04:00 (CET/CEST)","n/e","n/e","0"
"Montenegro (ME)","03.11.2016 04:00 - 03.11.2016 05:00 (CET/CEST)","n/e","n/e","0"
"Montenegro (ME)","03.11.2016 05:00 - 03.11.2016 06:00 (CET/CEST)","n/e","n/e","3"
"Montenegro (ME)","03.11.2016 06:00 - 03.11.2016 07:00 (CET/CEST)","n/e","n/e","327"
"Montenegro (ME)","03.11.2016 07:00 - 03.11.2016 08:00 (CET/CEST)","n/e","n/e","282"
"Montenegro (ME)","03.11.2016 08:00 - 03.11.2016 09:00 (CET/CEST)","n/e","n/e","331"
"Montenegro (ME)","03.11.2016 09:00 - 03.11.2016 10:00 (CET/CEST)","n/e","n/e","330"
"Montenegro (ME)","03.11.2016 10:00 - 03.11.2016 11:00 (CET/CEST)","n/e","n/e","331"
"Montenegro (ME)","03.11.2016 11:00 - 03.11.2016 12:00 (CET/CEST)","n/e","n/e","331"
"Montenegro (ME)","03.11.2016 12:00 - 03.11.2016 13:00 (CET/CEST)","n/e","n/e","331"
"Montenegro (ME)","03.11.2016 13:00 - 03.11.2016 14:00 (CET/CEST)","n/e","n/e","332"
"Montenegro (ME)","03.11.2016 14:00 - 03.11.2016 15:00 (CET/CEST)","n/e","n/e","302"
"Montenegro (ME)","03.11.2016 15:00 - 03.11.2016 16:00 (CET/CEST)","n/e","n/e","331"
"Montenegro (ME)","03.11.2016 16:00 - 03.11.2016 17:00 (CET/CEST)","n/e","n/e","330"
"Montenegro (ME)","03.11.2016 17:00 - 03.11.2016 18:00 (CET/CEST)","n/e","n/e","330"
"Montenegro (ME)","03.11.2016 18:00 - 03.11.2016 19:00 (CET/CEST)","n/e","n/e","330"
"Montenegro (ME)","03.11.2016 19:00 - 03.11.2016 20:00 (CET/CEST)","n/e","n/e","330"
"Montenegro (ME)","03.11.2016 20:00 - 03.11.2016 21:00 (CET/CEST)","n/e","n/e","330"
"Montenegro (ME)","03.11.2016 21:00 - 03.11.2016 22:00 (CET/CEST)","n/e","n/e","212"
"Montenegro (ME)","03.11.2016 22:00 - 03.11.2016 23:00 (CET/CEST)","n/e","n/e","328"
"Montenegro (ME)","03.11.2016 23:00 - 04.11.2016 00:00 (CET/CEST)","n/e","n/e","1"
"Montenegro (ME)","04.11.2016 00:00 - 04.11.2016 01:00 (CET/CEST)","n/e","n/e","0"
"Montenegro (ME)","04.11.2016 01:00 - 04.11.2016 02:00 (CET/CEST)","n/e","n/e","0"
"Montenegro (ME)","04.11.2016 02:00 - 04.11.2016 03:00 (CET/CEST)","n/e","n/e","0"
"Montenegro (ME)","04.11.2016 03:00 - 04.11.2016 04:00 (CET/CEST)","n/e","n/e","0"
"Montenegro (ME)","04.11.2016 04:00 - 04.11.2016 05:00 (CET/CEST)","n/e","n/e","0"
"Montenegro (ME)","04.11.2016 05:00 - 04.11.2016 06:00 (CET/CEST)","n/e","n/e","0"
"Montenegro (ME)","04.11.2016 06:00 - 04.11.2016 07:00 (CET/CEST)","n/e","n/e","1"
"Montenegro (ME)","04.11.2016 07:00 - 04.11.2016 08:00 (CET/CEST)","n/e","n/e","301"
"Montenegro (ME)","04.11.2016 08:00 - 04.11.2016 09:00 (CET/CEST)","n/e","n/e","300"
"Montenegro (ME)","04.11.2016 09:00 - 04.11.2016 10:00 (CET/CEST)","n/e","n/e","329"
"Montenegro (ME)","04.11.2016 10:00 - 04.11.2016 11:00 (CET/CEST)","n/e","n/e","253"
"Montenegro (ME)","04.11.2016 11:00 - 04.11.2016 12:00 (CET/CEST)","n/e","n/e","280"
"Montenegro (ME)","04.11.2016 12:00 - 04.11.2016 13:00 (CET/CEST)","n/e","n/e","328"
"Montenegro (ME)","04.11.2016 13:00 - 04.11.2016 14:00 (CET/CEST)","n/e","n/e","270"
"Montenegro (ME)","04.11.2016 14:00 - 04.11.2016 15:00 (CET/CEST)","n/e","n/e","269"
"Montenegro (ME)","04.11.2016 15:00 - 04.11.2016 16:00 (CET/CEST)","n/e","n/e","269"
"Montenegro (ME)","04.11.2016 16:00 - 04.11.2016 17:00 (CET/CEST)","n/e","n/e","330"
"Montenegro (ME)","04.11.2016 17:00 - 04.11.2016 18:00 (CET/CEST)","n/e","n/e","330"
"Montenegro (ME)","04.11.2016 18:00 - 04.11.2016 19:00 (CET/CEST)","n/e","n/e","330"
"Montenegro (ME)","04.11.2016 19:00 - 04.11.2016 20:00 (CET/CEST)","n/e","n/e","330"
"Montenegro (ME)","04.11.2016 20:00 - 04.11.2016 21:00 (CET/CEST)","n/e","n/e","261"
"Montenegro (ME)","04.11.2016 21:00 - 04.11.2016 22:00 (CET/CEST)","n/e","n/e","71"
"Montenegro (ME)","04.11.2016 22:00 - 04.11.2016 23:00 (CET/CEST)","n/e","n/e","210"
"Montenegro (ME)","04.11.2016 23:00 - 05.11.2016 00:00 (CET/CEST)","n/e","n/e","1"
"Montenegro (ME)","05.11.2016 00:00 - 05.11.2016 01:00 (CET/CEST)","n/e","n/e","0"
"Montenegro (ME)","05.11.2016 01:00 - 05.11.2016 02:00 (CET/CEST)","n/e","n/e","0"
"Montenegro (ME)","05.11.2016 02:00 - 05.11.2016 03:00 (CET/CEST)","n/e","n/e","0"
"Montenegro (ME)","05.11.2016 03:00 - 05.11.2016 04:00 (CET/CEST)","n/e","n/e","0"
"Montenegro (ME)","05.11.2016 04:00 - 05.11.2016 05:00 (CET/CEST)","n/e","n/e","0"
"Montenegro (ME)","05.11.2016 05:00 - 05.11.2016 06:00 (CET/CEST)","n/e","n/e","0"
"Montenegro (ME)","05.11.2016 06:00 - 05.11.2016 07:00 (CET/CEST)","n/e","n/e","0"
"Montenegro (ME)","05.11.2016 07:00 - 05.11.2016 08:00 (CET/CEST)","n/e","n/e","0"
"Montenegro (ME)","05.11.2016 08:00 - 05.11.2016 09:00 (CET/CEST)","n/e","n/e","86"
"Montenegro (ME)","05.11.2016 09:00 - 05.11.2016 10:00 (CET/CEST)","n/e","n/e","86"
"Montenegro (ME)","05.11.2016 10:00 - 05.11.2016 11:00 (CET/CEST)","n/e","n/e","86"
"Montenegro (ME)","05.11.2016 11:00 - 05.11.2016 12:00 (CET/CEST)","n/e","n/e","93"
"Montenegro (ME)","05.11.2016 12:00 - 05.11.2016 13:00 (CET/CEST)","n/e","n/e","93"
"Montenegro (ME)","05.11.2016 13:00 - 05.11.2016 14:00 (CET/CEST)","n/e","n/e","71"
"Montenegro (ME)","05.11.2016 14:00 - 05.11.2016 15:00 (CET/CEST)","n/e","n/e","71"
"Montenegro (ME)","05.11.2016 15:00 - 05.11.2016 16:00 (CET/CEST)","n/e","n/e","86"
"Montenegro (ME)","05.11.2016 16:00 - 05.11.2016 17:00 (CET/CEST)","n/e","n/e","94"
"Montenegro (ME)","05.11.2016 17:00 - 05.11.2016 18:00 (CET/CEST)","n/e","n/e","93"
"Montenegro (ME)","05.11.2016 18:00 - 05.11.2016 19:00 (CET/CEST)","n/e","n/e","93"
"Montenegro (ME)","05.11.2016 19:00 - 05.11.2016 20:00 (CET/CEST)","n/e","n/e","81"
"Montenegro (ME)","05.11.2016 20:00 - 05.11.2016 21:00 (CET/CEST)","n/e","n/e","71"
"Montenegro (ME)","05.11.2016 21:00 - 05.11.2016 22:00 (CET/CEST)","n/e","n/e","0"
"Montenegro (ME)","05.11.2016 22:00 - 05.11.2016 23:00 (CET/CEST)","n/e","n/e","0"
"Montenegro (ME)","05.11.2016 23:00 - 06.11.2016 00:00 (CET/CEST)","n/e","n/e","0"
"Montenegro (ME)","06.11.2016 00:00 - 06.11.2016 01:00 (CET/CEST)","n/e","n/e","0"
"Montenegro (ME)","06.11.2016 01:00 - 06.11.2016 02:00 (CET/CEST)","n/e","n/e","0"
"Montenegro (ME)","06.11.2016 02:00 - 06.11.2016 03:00 (CET/CEST)","n/e","n/e","0"
"Montenegro (ME)","06.11.2016 03:00 - 06.11.2016 04:00 (CET/CEST)","n/e","n/e","0"
"Montenegro (ME)","06.11.2016 04:00 - 06.11.2016 05:00 (CET/CEST)","n/e","n/e","0"
"Montenegro (ME)","06.11.2016 05:00 - 06.11.2016 06:00 (CET/CEST)","n/e","n/e","0"
"Montenegro (ME)","06.11.2016 06:00 - 06.11.2016 07:00 (CET/CEST)","n/e","n/e","0"
"Montenegro (ME)","06.11.2016 07:00 - 06.11.2016 08:00 (CET/CEST)","n/e","n/e","0"
"Montenegro (ME)","06.11.2016 08:00 - 06.11.2016 09:00 (CET/CEST)","n/e","n/e","0"
"Montenegro (ME)","06.11.2016 09:00 - 06.11.2016 10:00 (CET/CEST)","n/e","n/e","0"
"Montenegro (ME)","06.11.2016 10:00 - 06.11.2016 11:00 (CET/CEST)","n/e","n/e","0"
"Montenegro (ME)","06.11.2016 11:00 - 06.11.2016 12:00 (CET/CEST)","n/e","n/e","0"
"Montenegro (ME)","06.11.2016 12:00 - 06.11.2016 13:00 (CET/CEST)","n/e","n/e","0"
"Montenegro (ME)","06.11.2016 13:00 - 06.11.2016 14:00 (CET/CEST)","n/e","n/e","0"
"Montenegro (ME)","06.11.2016 14:00 - 06.11.2016 15:00 (CET/CEST)","n/e","n/e","0"
"Montenegro (ME)","06.11.2016 15:00 - 06.11.2016 16:00 (CET/CEST)","n/e","n/e","0"
"Montenegro (ME)","06.11.2016 16:00 - 06.11.2016 17:00 (CET/CEST)","n/e","n/e","2"
"Montenegro (ME)","06.11.2016 17:00 - 06.11.2016 18:00 (CET/CEST)","n/e","n/e","181"
"Montenegro (ME)","06.11.2016 18:00 - 06.11.2016 19:00 (CET/CEST)","n/e","n/e","183"
"Montenegro (ME)","06.11.2016 19:00 - 06.11.2016 20:00 (CET/CEST)","n/e","n/e","181"
"Montenegro (ME)","06.11.2016 20:00 - 06.11.2016 21:00 (CET/CEST)","n/e","n/e","70"
"Montenegro (ME)","06.11.2016 21:00 - 06.11.2016 22:00 (CET/CEST)","n/e","n/e","0"
"Montenegro (ME)","06.11.2016 22:00 - 06.11.2016 23:00 (CET/CEST)","n/e","n/e","0"
"Montenegro (ME)","06.11.2016 23:00 - 07.11.2016 00:00 (CET/CEST)","n/e","n/e","0"
"Montenegro (ME)","07.11.2016 00:00 - 07.11.2016 01:00 (CET/CEST)","n/e","n/e","0"
"Montenegro (ME)","07.11.2016 01:00 - 07.11.2016 02:00 (CET/CEST)","n/e","n/e","0"
"Montenegro (ME)","07.11.2016 02:00 - 07.11.2016 03:00 (CET/CEST)","n/e","n/e","0"
"Montenegro (ME)","07.11.2016 03:00 - 07.11.2016 04:00 (CET/CEST)","n/e","n/e","0"
"Montenegro (ME)","07.11.2016 04:00 - 07.11.2016 05:00 (CET/CEST)","n/e","n/e","0"
"Montenegro (ME)","07.11.2016 05:00 - 07.11.2016 06:00 (CET/CEST)","n/e","n/e","0"
"Montenegro (ME)","07.11.2016 06:00 - 07.11.2016 07:00 (CET/CEST)","n/e","n/e","0"
"Montenegro (ME)","07.11.2016 07:00 - 07.11.2016 08:00 (CET/CEST)","n/e","n/e","71"
"Montenegro (ME)","07.11.2016 08:00 - 07.11.2016 09:00 (CET/CEST)","n/e","n/e","70"
"Montenegro (ME)","07.11.2016 09:00 - 07.11.2016 10:00 (CET/CEST)","n/e","n/e","98"
"Montenegro (ME)","07.11.2016 10:00 - 07.11.2016 11:00 (CET/CEST)","n/e","n/e","94"
"Montenegro (ME)","07.11.2016 11:00 - 07.11.2016 12:00 (CET/CEST)","n/e","n/e","97"
"Montenegro (ME)","07.11.2016 12:00 - 07.11.2016 13:00 (CET/CEST)","n/e","n/e","109"
"Montenegro (ME)","07.11.2016 13:00 - 07.11.2016 14:00 (CET/CEST)","n/e","n/e","184"
"Montenegro (ME)","07.11.2016 14:00 - 07.11.2016 15:00 (CET/CEST)","n/e","n/e","218"
"Montenegro (ME)","07.11.2016 15:00 - 07.11.2016 16:00 (CET/CEST)","n/e","n/e","250"
"Montenegro (ME)","07.11.2016 16:00 - 07.11.2016 17:00 (CET/CEST)","n/e","n/e","320"
"Montenegro (ME)","07.11.2016 17:00 - 07.11.2016 18:00 (CET/CEST)","n/e","n/e","322"
"Montenegro (ME)","07.11.2016 18:00 - 07.11.2016 19:00 (CET/CEST)","n/e","n/e","324"
"Montenegro (ME)","07.11.2016 19:00 - 07.11.2016 20:00 (CET/CEST)","n/e","n/e","325"
"Montenegro (ME)","07.11.2016 20:00 - 07.11.2016 21:00 (CET/CEST)","n/e","n/e","240"
"Montenegro (ME)","07.11.2016 21:00 - 07.11.2016 22:00 (CET/CEST)","n/e","n/e","0"
"Montenegro (ME)","07.11.2016 22:00 - 07.11.2016 23:00 (CET/CEST)","n/e","n/e","0"
"Montenegro (ME)","07.11.2016 23:00 - 08.11.2016 00:00 (CET/CEST)","n/e","n/e","0"
"Montenegro (ME)","08.11.2016 00:00 - 08.11.2016 01:00 (CET/CEST)","n/e","n/e","0"
"Montenegro (ME)","08.11.2016 01:00 - 08.11.2016 02:00 (CET/CEST)","n/e","n/e","0"
"Montenegro (ME)","08.11.2016 02:00 - 08.11.2016 03:00 (CET/CEST)","n/e","n/e","0"
"Montenegro (ME)","08.11.2016 03:00 - 08.11.2016 04:00 (CET/CEST)","n/e","n/e","0"
"Montenegro (ME)","08.11.2016 04:00 - 08.11.2016 05:00 (CET/CEST)","n/e","n/e","0"
"Montenegro (ME)","08.11.2016 05:00 - 08.11.2016 06:00 (CET/CEST)","n/e","n/e","1"
"Montenegro (ME)","08.11.2016 06:00 - 08.11.2016 07:00 (CET/CEST)","n/e","n/e","153"
"Montenegro (ME)","08.11.2016 07:00 - 08.11.2016 08:00 (CET/CEST)","n/e","n/e","251"
"Montenegro (ME)","08.11.2016 08:00 - 08.11.2016 09:00 (CET/CEST)","n/e","n/e","294"
"Montenegro (ME)","08.11.2016 09:00 - 08.11.2016 10:00 (CET/CEST)","n/e","n/e","294"
"Montenegro (ME)","08.11.2016 10:00 - 08.11.2016 11:00 (CET/CEST)","n/e","n/e","300"
"Montenegro (ME)","08.11.2016 11:00 - 08.11.2016 12:00 (CET/CEST)","n/e","n/e","299"
"Montenegro (ME)","08.11.2016 12:00 - 08.11.2016 13:00 (CET/CEST)","n/e","n/e","299"
"Montenegro (ME)","08.11.2016 13:00 - 08.11.2016 14:00 (CET/CEST)","n/e","n/e","299"
"Montenegro (ME)","08.11.2016 14:00 - 08.11.2016 15:00 (CET/CEST)","n/e","n/e","329"
"Montenegro (ME)","08.11.2016 15:00 - 08.11.2016 16:00 (CET/CEST)","n/e","n/e","300"
"Montenegro (ME)","08.11.2016 16:00 - 08.11.2016 17:00 (CET/CEST)","n/e","n/e","303"
"Montenegro (ME)","08.11.2016 17:00 - 08.11.2016 18:00 (CET/CEST)","n/e","n/e","300"
"Montenegro (ME)","08.11.2016 18:00 - 08.11.2016 19:00 (CET/CEST)","n/e","n/e","300"
"Montenegro (ME)","08.11.2016 19:00 - 08.11.2016 20:00 (CET/CEST)","n/e","n/e","300"
"Montenegro (ME)","08.11.2016 20:00 - 08.11.2016 21:00 (CET/CEST)","n/e","n/e","234"
"Montenegro (ME)","08.11.2016 21:00 - 08.11.2016 22:00 (CET/CEST)","n/e","n/e","148"
"Montenegro (ME)","08.11.2016 22:00 - 08.11.2016 23:00 (CET/CEST)","n/e","n/e","140"
"Montenegro (ME)","08.11.2016 23:00 - 09.11.2016 00:00 (CET/CEST)","n/e","n/e","72"
"Montenegro (ME)","09.11.2016 00:00 - 09.11.2016 01:00 (CET/CEST)","n/e","n/e","0"
"Montenegro (ME)","09.11.2016 01:00 - 09.11.2016 02:00 (CET/CEST)","n/e","n/e","0"
"Montenegro (ME)","09.11.2016 02:00 - 09.11.2016 03:00 (CET/CEST)","n/e","n/e","0"
"Montenegro (ME)","09.11.2016 03:00 - 09.11.2016 04:00 (CET/CEST)","n/e","n/e","0"
"Montenegro (ME)","09.11.2016 04:00 - 09.11.2016 05:00 (CET/CEST)","n/e","n/e","0"
"Montenegro (ME)","09.11.2016 05:00 - 09.11.2016 06:00 (CET/CEST)","n/e","n/e","0"
"Montenegro (ME)","09.11.2016 06:00 - 09.11.2016 07:00 (CET/CEST)","n/e","n/e","71"
"Montenegro (ME)","09.11.2016 07:00 - 09.11.2016 08:00 (CET/CEST)","n/e","n/e","233"
"Montenegro (ME)","09.11.2016 08:00 - 09.11.2016 09:00 (CET/CEST)","n/e","n/e","301"
"Montenegro (ME)","09.11.2016 09:00 - 09.11.2016 10:00 (CET/CEST)","n/e","n/e","305"
"Montenegro (ME)","09.11.2016 10:00 - 09.11.2016 11:00 (CET/CEST)","n/e","n/e","302"
"Montenegro (ME)","09.11.2016 11:00 - 09.11.2016 12:00 (CET/CEST)","n/e","n/e","303"
"Montenegro (ME)","09.11.2016 12:00 - 09.11.2016 13:00 (CET/CEST)","n/e","n/e","280"
"Montenegro (ME)","09.11.2016 13:00 - 09.11.2016 14:00 (CET/CEST)","n/e","n/e","302"
"Montenegro (ME)","09.11.2016 14:00 - 09.11.2016 15:00 (CET/CEST)","n/e","n/e","302"
"Montenegro (ME)","09.11.2016 15:00 - 09.11.2016 16:00 (CET/CEST)","n/e","n/e","301"
"Montenegro (ME)","09.11.2016 16:00 - 09.11.2016 17:00 (CET/CEST)","n/e","n/e","302"
"Montenegro (ME)","09.11.2016 17:00 - 09.11.2016 18:00 (CET/CEST)","n/e","n/e","301"
"Montenegro (ME)","09.11.2016 18:00 - 09.11.2016 19:00 (CET/CEST)","n/e","n/e","301"
"Montenegro (ME)","09.11.2016 19:00 - 09.11.2016 20:00 (CET/CEST)","n/e","n/e","286"
"Montenegro (ME)","09.11.2016 20:00 - 09.11.2016 21:00 (CET/CEST)","n/e","n/e","168"
"Montenegro (ME)","09.11.2016 21:00 - 09.11.2016 22:00 (CET/CEST)","n/e","n/e","145"
"Montenegro (ME)","09.11.2016 22:00 - 09.11.2016 23:00 (CET/CEST)","n/e","n/e","72"
"Montenegro (ME)","09.11.2016 23:00 - 10.11.2016 00:00 (CET/CEST)","n/e","n/e","0"
"Montenegro (ME)","10.11.2016 00:00 - 10.11.2016 01:00 (CET/CEST)","n/e","n/e","0"
"Montenegro (ME)","10.11.2016 01:00 - 10.11.2016 02:00 (CET/CEST)","n/e","n/e","0"
"Montenegro (ME)","10.11.2016 02:00 - 10.11.2016 03:00 (CET/CEST)","n/e","n/e","0"
"Montenegro (ME)","10.11.2016 03:00 - 10.11.2016 04:00 (CET/CEST)","n/e","n/e","0"
"Montenegro (ME)","10.11.2016 04:00 - 10.11.2016 05:00 (CET/CEST)","n/e","n/e","0"
"Montenegro (ME)","10.11.2016 05:00 - 10.11.2016 06:00 (CET/CEST)","n/e","n/e","0"
"Montenegro (ME)","10.11.2016 06:00 - 10.11.2016 07:00 (CET/CEST)","n/e","n/e","71"
"Montenegro (ME)","10.11.2016 07:00 - 10.11.2016 08:00 (CET/CEST)","n/e","n/e","237"
"Montenegro (ME)","10.11.2016 08:00 - 10.11.2016 09:00 (CET/CEST)","n/e","n/e","292"
"Montenegro (ME)","10.11.2016 09:00 - 10.11.2016 10:00 (CET/CEST)","n/e","n/e","297"
"Montenegro (ME)","10.11.2016 10:00 - 10.11.2016 11:00 (CET/CEST)","n/e","n/e","301"
"Montenegro (ME)","10.11.2016 11:00 - 10.11.2016 12:00 (CET/CEST)","n/e","n/e","292"
"Montenegro (ME)","10.11.2016 12:00 - 10.11.2016 13:00 (CET/CEST)","n/e","n/e","318"
"Montenegro (ME)","10.11.2016 13:00 - 10.11.2016 14:00 (CET/CEST)","n/e","n/e","311"
"Montenegro (ME)","10.11.2016 14:00 - 10.11.2016 15:00 (CET/CEST)","n/e","n/e","314"
"Montenegro (ME)","10.11.2016 15:00 - 10.11.2016 16:00 (CET/CEST)","n/e","n/e","314"
"Montenegro (ME)","10.11.2016 16:00 - 10.11.2016 17:00 (CET/CEST)","n/e","n/e","313"
"Montenegro (ME)","10.11.2016 17:00 - 10.11.2016 18:00 (CET/CEST)","n/e","n/e","328"
"Montenegro (ME)","10.11.2016 18:00 - 10.11.2016 19:00 (CET/CEST)","n/e","n/e","311"
"Montenegro (ME)","10.11.2016 19:00 - 10.11.2016 20:00 (CET/CEST)","n/e","n/e","302"
"Montenegro (ME)","10.11.2016 20:00 - 10.11.2016 21:00 (CET/CEST)","n/e","n/e","284"
"Montenegro (ME)","10.11.2016 21:00 - 10.11.2016 22:00 (CET/CEST)","n/e","n/e","155"
"Montenegro (ME)","10.11.2016 22:00 - 10.11.2016 23:00 (CET/CEST)","n/e","n/e","70"
"Montenegro (ME)","10.11.2016 23:00 - 11.11.2016 00:00 (CET/CEST)","n/e","n/e","0"
"Montenegro (ME)","11.11.2016 00:00 - 11.11.2016 01:00 (CET/CEST)","n/e","n/e","0"
"Montenegro (ME)","11.11.2016 01:00 - 11.11.2016 02:00 (CET/CEST)","n/e","n/e","0"
"Montenegro (ME)","11.11.2016 02:00 - 11.11.2016 03:00 (CET/CEST)","n/e","n/e","0"
"Montenegro (ME)","11.11.2016 03:00 - 11.11.2016 04:00 (CET/CEST)","n/e","n/e","0"
"Montenegro (ME)","11.11.2016 04:00 - 11.11.2016 05:00 (CET/CEST)","n/e","n/e","0"
"Montenegro (ME)","11.11.2016 05:00 - 11.11.2016 06:00 (CET/CEST)","n/e","n/e","0"
"Montenegro (ME)","11.11.2016 06:00 - 11.11.2016 07:00 (CET/CEST)","n/e","n/e","0"
"Montenegro (ME)","11.11.2016 07:00 - 11.11.2016 08:00 (CET/CEST)","n/e","n/e","150"
"Montenegro (ME)","11.11.2016 08:00 - 11.11.2016 09:00 (CET/CEST)","n/e","n/e","236"
"Montenegro (ME)","11.11.2016 09:00 - 11.11.2016 10:00 (CET/CEST)","n/e","n/e","246"
"Montenegro (ME)","11.11.2016 10:00 - 11.11.2016 11:00 (CET/CEST)","n/e","n/e","247"
"Montenegro (ME)","11.11.2016 11:00 - 11.11.2016 12:00 (CET/CEST)","n/e","n/e","249"
"Montenegro (ME)","11.11.2016 12:00 - 11.11.2016 13:00 (CET/CEST)","n/e","n/e","239"
"Montenegro (ME)","11.11.2016 13:00 - 11.11.2016 14:00 (CET/CEST)","n/e","n/e","273"
"Montenegro (ME)","11.11.2016 14:00 - 11.11.2016 15:00 (CET/CEST)","n/e","n/e","268"
"Montenegro (ME)","11.11.2016 15:00 - 11.11.2016 16:00 (CET/CEST)","n/e","n/e","272"
"Montenegro (ME)","11.11.2016 16:00 - 11.11.2016 17:00 (CET/CEST)","n/e","n/e","330"
"Montenegro (ME)","11.11.2016 17:00 - 11.11.2016 18:00 (CET/CEST)","n/e","n/e","331"
"Montenegro (ME)","11.11.2016 18:00 - 11.11.2016 19:00 (CET/CEST)","n/e","n/e","324"
"Montenegro (ME)","11.11.2016 19:00 - 11.11.2016 20:00 (CET/CEST)","n/e","n/e","314"
"Montenegro (ME)","11.11.2016 20:00 - 11.11.2016 21:00 (CET/CEST)","n/e","n/e","275"
"Montenegro (ME)","11.11.2016 21:00 - 11.11.2016 22:00 (CET/CEST)","n/e","n/e","213"
"Montenegro (ME)","11.11.2016 22:00 - 11.11.2016 23:00 (CET/CEST)","n/e","n/e","190"
"Montenegro (ME)","11.11.2016 23:00 - 12.11.2016 00:00 (CET/CEST)","n/e","n/e","70"
"Montenegro (ME)","12.11.2016 00:00 - 12.11.2016 01:00 (CET/CEST)","n/e","n/e","71"
"Montenegro (ME)","12.11.2016 01:00 - 12.11.2016 02:00 (CET/CEST)","n/e","n/e","0"
"Montenegro (ME)","12.11.2016 02:00 - 12.11.2016 03:00 (CET/CEST)","n/e","n/e","0"
"Montenegro (ME)","12.11.2016 03:00 - 12.11.2016 04:00 (CET/CEST)","n/e","n/e","0"
"Montenegro (ME)","12.11.2016 04:00 - 12.11.2016 05:00 (CET/CEST)","n/e","n/e","0"
"Montenegro (ME)","12.11.2016 05:00 - 12.11.2016 06:00 (CET/CEST)","n/e","n/e","0"
"Montenegro (ME)","12.11.2016 06:00 - 12.11.2016 07:00 (CET/CEST)","n/e","n/e","0"
"Montenegro (ME)","12.11.2016 07:00 - 12.11.2016 08:00 (CET/CEST)","n/e","n/e","0"
"Montenegro (ME)","12.11.2016 08:00 - 12.11.2016 09:00 (CET/CEST)","n/e","n/e","42"
"Montenegro (ME)","12.11.2016 09:00 - 12.11.2016 10:00 (CET/CEST)","n/e","n/e","74"
"Montenegro (ME)","12.11.2016 10:00 - 12.11.2016 11:00 (CET/CEST)","n/e","n/e","82"
"Montenegro (ME)","12.11.2016 11:00 - 12.11.2016 12:00 (CET/CEST)","n/e","n/e","89"
"Montenegro (ME)","12.11.2016 12:00 - 12.11.2016 13:00 (CET/CEST)","n/e","n/e","90"
"Montenegro (ME)","12.11.2016 13:00 - 12.11.2016 14:00 (CET/CEST)","n/e","n/e","85"
"Montenegro (ME)","12.11.2016 14:00 - 12.11.2016 15:00 (CET/CEST)","n/e","n/e","82"
"Montenegro (ME)","12.11.2016 15:00 - 12.11.2016 16:00 (CET/CEST)","n/e","n/e","86"
"Montenegro (ME)","12.11.2016 16:00 - 12.11.2016 17:00 (CET/CEST)","n/e","n/e","111"
"Montenegro (ME)","12.11.2016 17:00 - 12.11.2016 18:00 (CET/CEST)","n/e","n/e","201"
"Montenegro (ME)","12.11.2016 18:00 - 12.11.2016 19:00 (CET/CEST)","n/e","n/e","144"
"Montenegro (ME)","12.11.2016 19:00 - 12.11.2016 20:00 (CET/CEST)","n/e","n/e","142"
"Montenegro (ME)","12.11.2016 20:00 - 12.11.2016 21:00 (CET/CEST)","n/e","n/e","71"
"Montenegro (ME)","12.11.2016 21:00 - 12.11.2016 22:00 (CET/CEST)","n/e","n/e","0"
"Montenegro (ME)","12.11.2016 22:00 - 12.11.2016 23:00 (CET/CEST)","n/e","n/e","0"
"Montenegro (ME)","12.11.2016 23:00 - 13.11.2016 00:00 (CET/CEST)","n/e","n/e","0"
"Montenegro (ME)","13.11.2016 00:00 - 13.11.2016 01:00 (CET/CEST)","n/e","n/e","0"
"Montenegro (ME)","13.11.2016 01:00 - 13.11.2016 02:00 (CET/CEST)","n/e","n/e","0"
"Montenegro (ME)","13.11.2016 02:00 - 13.11.2016 03:00 (CET/CEST)","n/e","n/e","0"
"Montenegro (ME)","13.11.2016 03:00 - 13.11.2016 04:00 (CET/CEST)","n/e","n/e","0"
"Montenegro (ME)","13.11.2016 04:00 - 13.11.2016 05:00 (CET/CEST)","n/e","n/e","0"
"Montenegro (ME)","13.11.2016 05:00 - 13.11.2016 06:00 (CET/CEST)","n/e","n/e","0"
"Montenegro (ME)","13.11.2016 06:00 - 13.11.2016 07:00 (CET/CEST)","n/e","n/e","0"
"Montenegro (ME)","13.11.2016 07:00 - 13.11.2016 08:00 (CET/CEST)","n/e","n/e","0"
"Montenegro (ME)","13.11.2016 08:00 - 13.11.2016 09:00 (CET/CEST)","n/e","n/e","1"
"Montenegro (ME)","13.11.2016 09:00 - 13.11.2016 10:00 (CET/CEST)","n/e","n/e","75"
"Montenegro (ME)","13.11.2016 10:00 - 13.11.2016 11:00 (CET/CEST)","n/e","n/e","86"
"Montenegro (ME)","13.11.2016 11:00 - 13.11.2016 12:00 (CET/CEST)","n/e","n/e","93"
"Montenegro (ME)","13.11.2016 12:00 - 13.11.2016 13:00 (CET/CEST)","n/e","n/e","86"
"Montenegro (ME)","13.11.2016 13:00 - 13.11.2016 14:00 (CET/CEST)","n/e","n/e","80"
"Montenegro (ME)","13.11.2016 14:00 - 13.11.2016 15:00 (CET/CEST)","n/e","n/e","78"
"Montenegro (ME)","13.11.2016 15:00 - 13.11.2016 16:00 (CET/CEST)","n/e","n/e","71"
"Montenegro (ME)","13.11.2016 16:00 - 13.11.2016 17:00 (CET/CEST)","n/e","n/e","106"
"Montenegro (ME)","13.11.2016 17:00 - 13.11.2016 18:00 (CET/CEST)","n/e","n/e","121"
"Montenegro (ME)","13.11.2016 18:00 - 13.11.2016 19:00 (CET/CEST)","n/e","n/e","147"
"Montenegro (ME)","13.11.2016 19:00 - 13.11.2016 20:00 (CET/CEST)","n/e","n/e","141"
"Montenegro (ME)","13.11.2016 20:00 - 13.11.2016 21:00 (CET/CEST)","n/e","n/e","104"
"Montenegro (ME)","13.11.2016 21:00 - 13.11.2016 22:00 (CET/CEST)","n/e","n/e","89"
"Montenegro (ME)","13.11.2016 22:00 - 13.11.2016 23:00 (CET/CEST)","n/e","n/e","0"
"Montenegro (ME)","13.11.2016 23:00 - 14.11.2016 00:00 (CET/CEST)","n/e","n/e","0"
"Montenegro (ME)","14.11.2016 00:00 - 14.11.2016 01:00 (CET/CEST)","n/e","n/e","0"
"Montenegro (ME)","14.11.2016 01:00 - 14.11.2016 02:00 (CET/CEST)","n/e","n/e","0"
"Montenegro (ME)","14.11.2016 02:00 - 14.11.2016 03:00 (CET/CEST)","n/e","n/e","0"
"Montenegro (ME)","14.11.2016 03:00 - 14.11.2016 04:00 (CET/CEST)","n/e","n/e","0"
"Montenegro (ME)","14.11.2016 04:00 - 14.11.2016 05:00 (CET/CEST)","n/e","n/e","0"
"Montenegro (ME)","14.11.2016 05:00 - 14.11.2016 06:00 (CET/CEST)","n/e","n/e","0"
"Montenegro (ME)","14.11.2016 06:00 - 14.11.2016 07:00 (CET/CEST)","n/e","n/e","0"
"Montenegro (ME)","14.11.2016 07:00 - 14.11.2016 08:00 (CET/CEST)","n/e","n/e","1"
"Montenegro (ME)","14.11.2016 08:00 - 14.11.2016 09:00 (CET/CEST)","n/e","n/e","104"
"Montenegro (ME)","14.11.2016 09:00 - 14.11.2016 10:00 (CET/CEST)","n/e","n/e","85"
"Montenegro (ME)","14.11.2016 10:00 - 14.11.2016 11:00 (CET/CEST)","n/e","n/e","84"
"Montenegro (ME)","14.11.2016 11:00 - 14.11.2016 12:00 (CET/CEST)","n/e","n/e","88"
"Montenegro (ME)","14.11.2016 12:00 - 14.11.2016 13:00 (CET/CEST)","n/e","n/e","84"
"Montenegro (ME)","14.11.2016 13:00 - 14.11.2016 14:00 (CET/CEST)","n/e","n/e","72"
"Montenegro (ME)","14.11.2016 14:00 - 14.11.2016 15:00 (CET/CEST)","n/e","n/e","77"
"Montenegro (ME)","14.11.2016 15:00 - 14.11.2016 16:00 (CET/CEST)","n/e","n/e","156"
"Montenegro (ME)","14.11.2016 16:00 - 14.11.2016 17:00 (CET/CEST)","n/e","n/e","226"
"Montenegro (ME)","14.11.2016 17:00 - 14.11.2016 18:00 (CET/CEST)","n/e","n/e","249"
"Montenegro (ME)","14.11.2016 18:00 - 14.11.2016 19:00 (CET/CEST)","n/e","n/e","169"
"Montenegro (ME)","14.11.2016 19:00 - 14.11.2016 20:00 (CET/CEST)","n/e","n/e","196"
"Montenegro (ME)","14.11.2016 20:00 - 14.11.2016 21:00 (CET/CEST)","n/e","n/e","80"
"Montenegro (ME)","14.11.2016 21:00 - 14.11.2016 22:00 (CET/CEST)","n/e","n/e","70"
"Montenegro (ME)","14.11.2016 22:00 - 14.11.2016 23:00 (CET/CEST)","n/e","n/e","0"
"Montenegro (ME)","14.11.2016 23:00 - 15.11.2016 00:00 (CET/CEST)","n/e","n/e","0"
"Montenegro (ME)","15.11.2016 00:00 - 15.11.2016 01:00 (CET/CEST)","n/e","n/e","0"
"Montenegro (ME)","15.11.2016 01:00 - 15.11.2016 02:00 (CET/CEST)","n/e","n/e","0"
"Montenegro (ME)","15.11.2016 02:00 - 15.11.2016 03:00 (CET/CEST)","n/e","n/e","0"
"Montenegro (ME)","15.11.2016 03:00 - 15.11.2016 04:00 (CET/CEST)","n/e","n/e","0"
"Montenegro (ME)","15.11.2016 04:00 - 15.11.2016 05:00 (CET/CEST)","n/e","n/e","0"
"Montenegro (ME)","15.11.2016 05:00 - 15.11.2016 06:00 (CET/CEST)","n/e","n/e","0"
"Montenegro (ME)","15.11.2016 06:00 - 15.11.2016 07:00 (CET/CEST)","n/e","n/e","37"
"Montenegro (ME)","15.11.2016 07:00 - 15.11.2016 08:00 (CET/CEST)","n/e","n/e","112"
"Montenegro (ME)","15.11.2016 08:00 - 15.11.2016 09:00 (CET/CEST)","n/e","n/e","176"
"Montenegro (ME)","15.11.2016 09:00 - 15.11.2016 10:00 (CET/CEST)","n/e","n/e","151"
"Montenegro (ME)","15.11.2016 10:00 - 15.11.2016 11:00 (CET/CEST)","n/e","n/e","155"
"Montenegro (ME)","15.11.2016 11:00 - 15.11.2016 12:00 (CET/CEST)","n/e","n/e","156"
"Montenegro (ME)","15.11.2016 12:00 - 15.11.2016 13:00 (CET/CEST)","n/e","n/e","151"
"Montenegro (ME)","15.11.2016 13:00 - 15.11.2016 14:00 (CET/CEST)","n/e","n/e","152"
"Montenegro (ME)","15.11.2016 14:00 - 15.11.2016 15:00 (CET/CEST)","n/e","n/e","151"
"Montenegro (ME)","15.11.2016 15:00 - 15.11.2016 16:00 (CET/CEST)","n/e","n/e","152"
"Montenegro (ME)","15.11.2016 16:00 - 15.11.2016 17:00 (CET/CEST)","n/e","n/e","259"
"Montenegro (ME)","15.11.2016 17:00 - 15.11.2016 18:00 (CET/CEST)","n/e","n/e","329"
"Montenegro (ME)","15.11.2016 18:00 - 15.11.2016 19:00 (CET/CEST)","n/e","n/e","300"
"Montenegro (ME)","15.11.2016 19:00 - 15.11.2016 20:00 (CET/CEST)","n/e","n/e","330"
"Montenegro (ME)","15.11.2016 20:00 - 15.11.2016 21:00 (CET/CEST)","n/e","n/e","181"
"Montenegro (ME)","15.11.2016 21:00 - 15.11.2016 22:00 (CET/CEST)","n/e","n/e","81"
"Montenegro (ME)","15.11.2016 22:00 - 15.11.2016 23:00 (CET/CEST)","n/e","n/e","81"
"Montenegro (ME)","15.11.2016 23:00 - 16.11.2016 00:00 (CET/CEST)","n/e","n/e","80"
"Montenegro (ME)","16.11.2016 00:00 - 16.11.2016 01:00 (CET/CEST)","n/e","n/e","0"
"Montenegro (ME)","16.11.2016 01:00 - 16.11.2016 02:00 (CET/CEST)","n/e","n/e","0"
"Montenegro (ME)","16.11.2016 02:00 - 16.11.2016 03:00 (CET/CEST)","n/e","n/e","0"
"Montenegro (ME)","16.11.2016 03:00 - 16.11.2016 04:00 (CET/CEST)","n/e","n/e","0"
"Montenegro (ME)","16.11.2016 04:00 - 16.11.2016 05:00 (CET/CEST)","n/e","n/e","0"
"Montenegro (ME)","16.11.2016 05:00 - 16.11.2016 06:00 (CET/CEST)","n/e","n/e","0"
"Montenegro (ME)","16.11.2016 06:00 - 16.11.2016 07:00 (CET/CEST)","n/e","n/e","0"
"Montenegro (ME)","16.11.2016 07:00 - 16.11.2016 08:00 (CET/CEST)","n/e","n/e","104"
"Montenegro (ME)","16.11.2016 08:00 - 16.11.2016 09:00 (CET/CEST)","n/e","n/e","187"
"Montenegro (ME)","16.11.2016 09:00 - 16.11.2016 10:00 (CET/CEST)","n/e","n/e","188"
"Montenegro (ME)","16.11.2016 10:00 - 16.11.2016 11:00 (CET/CEST)","n/e","n/e","213"
"Montenegro (ME)","16.11.2016 11:00 - 16.11.2016 12:00 (CET/CEST)","n/e","n/e","213"
"Montenegro (ME)","16.11.2016 12:00 - 16.11.2016 13:00 (CET/CEST)","n/e","n/e","197"
"Montenegro (ME)","16.11.2016 13:00 - 16.11.2016 14:00 (CET/CEST)","n/e","n/e","212"
"Montenegro (ME)","16.11.2016 14:00 - 16.11.2016 15:00 (CET/CEST)","n/e","n/e","214"
"Montenegro (ME)","16.11.2016 15:00 - 16.11.2016 16:00 (CET/CEST)","n/e","n/e","214"
"Montenegro (ME)","16.11.2016 16:00 - 16.11.2016 17:00 (CET/CEST)","n/e","n/e","331"
"Montenegro (ME)","16.11.2016 17:00 - 16.11.2016 18:00 (CET/CEST)","n/e","n/e","331"
"Montenegro (ME)","16.11.2016 18:00 - 16.11.2016 19:00 (CET/CEST)","n/e","n/e","332"
"Montenegro (ME)","16.11.2016 19:00 - 16.11.2016 20:00 (CET/CEST)","n/e","n/e","329"
"Montenegro (ME)","16.11.2016 20:00 - 16.11.2016 21:00 (CET/CEST)","n/e","n/e","331"
"Montenegro (ME)","16.11.2016 21:00 - 16.11.2016 22:00 (CET/CEST)","n/e","n/e","82"
"Montenegro (ME)","16.11.2016 22:00 - 16.11.2016 23:00 (CET/CEST)","n/e","n/e","111"
"Montenegro (ME)","16.11.2016 23:00 - 17.11.2016 00:00 (CET/CEST)","n/e","n/e","0"
"Montenegro (ME)","17.11.2016 00:00 - 17.11.2016 01:00 (CET/CEST)","n/e","n/e","0"
"Montenegro (ME)","17.11.2016 01:00 - 17.11.2016 02:00 (CET/CEST)","n/e","n/e","0"
"Montenegro (ME)","17.11.2016 02:00 - 17.11.2016 03:00 (CET/CEST)","n/e","n/e","0"
"Montenegro (ME)","17.11.2016 03:00 - 17.11.2016 04:00 (CET/CEST)","n/e","n/e","0"
"Montenegro (ME)","17.11.2016 04:00 - 17.11.2016 05:00 (CET/CEST)","n/e","n/e","0"
"Montenegro (ME)","17.11.2016 05:00 - 17.11.2016 06:00 (CET/CEST)","n/e","n/e","0"
"Montenegro (ME)","17.11.2016 06:00 - 17.11.2016 07:00 (CET/CEST)","n/e","n/e","0"
"Montenegro (ME)","17.11.2016 07:00 - 17.11.2016 08:00 (CET/CEST)","n/e","n/e","151"
"Montenegro (ME)","17.11.2016 08:00 - 17.11.2016 09:00 (CET/CEST)","n/e","n/e","221"
"Montenegro (ME)","17.11.2016 09:00 - 17.11.2016 10:00 (CET/CEST)","n/e","n/e","220"
"Montenegro (ME)","17.11.2016 10:00 - 17.11.2016 11:00 (CET/CEST)","n/e","n/e","188"
"Montenegro (ME)","17.11.2016 11:00 - 17.11.2016 12:00 (CET/CEST)","n/e","n/e","161"
"Montenegro (ME)","17.11.2016 12:00 - 17.11.2016 13:00 (CET/CEST)","n/e","n/e","189"
"Montenegro (ME)","17.11.2016 13:00 - 17.11.2016 14:00 (CET/CEST)","n/e","n/e","189"
"Montenegro (ME)","17.11.2016 14:00 - 17.11.2016 15:00 (CET/CEST)","n/e","n/e","189"
"Montenegro (ME)","17.11.2016 15:00 - 17.11.2016 16:00 (CET/CEST)","n/e","n/e","281"
"Montenegro (ME)","17.11.2016 16:00 - 17.11.2016 17:00 (CET/CEST)","n/e","n/e","282"
"Montenegro (ME)","17.11.2016 17:00 - 17.11.2016 18:00 (CET/CEST)","n/e","n/e","280"
"Montenegro (ME)","17.11.2016 18:00 - 17.11.2016 19:00 (CET/CEST)","n/e","n/e","221"
"Montenegro (ME)","17.11.2016 19:00 - 17.11.2016 20:00 (CET/CEST)","n/e","n/e","220"
"Montenegro (ME)","17.11.2016 20:00 - 17.11.2016 21:00 (CET/CEST)","n/e","n/e","188"
"Montenegro (ME)","17.11.2016 21:00 - 17.11.2016 22:00 (CET/CEST)","n/e","n/e","0"
"Montenegro (ME)","17.11.2016 22:00 - 17.11.2016 23:00 (CET/CEST)","n/e","n/e","0"
"Montenegro (ME)","17.11.2016 23:00 - 18.11.2016 00:00 (CET/CEST)","n/e","n/e","0"
"Montenegro (ME)","18.11.2016 00:00 - 18.11.2016 01:00 (CET/CEST)","n/e","n/e","0"
"Montenegro (ME)","18.11.2016 01:00 - 18.11.2016 02:00 (CET/CEST)","n/e","n/e","0"
"Montenegro (ME)","18.11.2016 02:00 - 18.11.2016 03:00 (CET/CEST)","n/e","n/e","0"
"Montenegro (ME)","18.11.2016 03:00 - 18.11.2016 04:00 (CET/CEST)","n/e","n/e","0"
"Montenegro (ME)","18.11.2016 04:00 - 18.11.2016 05:00 (CET/CEST)","n/e","n/e","0"
"Montenegro (ME)","18.11.2016 05:00 - 18.11.2016 06:00 (CET/CEST)","n/e","n/e","0"
"Montenegro (ME)","18.11.2016 06:00 - 18.11.2016 07:00 (CET/CEST)","n/e","n/e","71"
"Montenegro (ME)","18.11.2016 07:00 - 18.11.2016 08:00 (CET/CEST)","n/e","n/e","72"
"Montenegro (ME)","18.11.2016 08:00 - 18.11.2016 09:00 (CET/CEST)","n/e","n/e","95"
"Montenegro (ME)","18.11.2016 09:00 - 18.11.2016 10:00 (CET/CEST)","n/e","n/e","96"
"Montenegro (ME)","18.11.2016 10:00 - 18.11.2016 11:00 (CET/CEST)","n/e","n/e","95"
"Montenegro (ME)","18.11.2016 11:00 - 18.11.2016 12:00 (CET/CEST)","n/e","n/e","95"
"Montenegro (ME)","18.11.2016 12:00 - 18.11.2016 13:00 (CET/CEST)","n/e","n/e","76"
"Montenegro (ME)","18.11.2016 13:00 - 18.11.2016 14:00 (CET/CEST)","n/e","n/e","71"
"Montenegro (ME)","18.11.2016 14:00 - 18.11.2016 15:00 (CET/CEST)","n/e","n/e","73"
"Montenegro (ME)","18.11.2016 15:00 - 18.11.2016 16:00 (CET/CEST)","n/e","n/e","73"
"Montenegro (ME)","18.11.2016 16:00 - 18.11.2016 17:00 (CET/CEST)","n/e","n/e","164"
"Montenegro (ME)","18.11.2016 17:00 - 18.11.2016 18:00 (CET/CEST)","n/e","n/e","176"
"Montenegro (ME)","18.11.2016 18:00 - 18.11.2016 19:00 (CET/CEST)","n/e","n/e","178"
"Montenegro (ME)","18.11.2016 19:00 - 18.11.2016 20:00 (CET/CEST)","n/e","n/e","177"
"Montenegro (ME)","18.11.2016 20:00 - 18.11.2016 21:00 (CET/CEST)","n/e","n/e","93"
"Montenegro (ME)","18.11.2016 21:00 - 18.11.2016 22:00 (CET/CEST)","n/e","n/e","0"
"Montenegro (ME)","18.11.2016 22:00 - 18.11.2016 23:00 (CET/CEST)","n/e","n/e","0"
"Montenegro (ME)","18.11.2016 23:00 - 19.11.2016 00:00 (CET/CEST)","n/e","n/e","0"
"Montenegro (ME)","19.11.2016 00:00 - 19.11.2016 01:00 (CET/CEST)","n/e","n/e","0"
"Montenegro (ME)","19.11.2016 01:00 - 19.11.2016 02:00 (CET/CEST)","n/e","n/e","0"
"Montenegro (ME)","19.11.2016 02:00 - 19.11.2016 03:00 (CET/CEST)","n/e","n/e","0"
"Montenegro (ME)","19.11.2016 03:00 - 19.11.2016 04:00 (CET/CEST)","n/e","n/e","0"
"Montenegro (ME)","19.11.2016 04:00 - 19.11.2016 05:00 (CET/CEST)","n/e","n/e","0"
"Montenegro (ME)","19.11.2016 05:00 - 19.11.2016 06:00 (CET/CEST)","n/e","n/e","0"
"Montenegro (ME)","19.11.2016 06:00 - 19.11.2016 07:00 (CET/CEST)","n/e","n/e","0"
"Montenegro (ME)","19.11.2016 07:00 - 19.11.2016 08:00 (CET/CEST)","n/e","n/e","0"
"Montenegro (ME)","19.11.2016 08:00 - 19.11.2016 09:00 (CET/CEST)","n/e","n/e","0"
"Montenegro (ME)","19.11.2016 09:00 - 19.11.2016 10:00 (CET/CEST)","n/e","n/e","0"
"Montenegro (ME)","19.11.2016 10:00 - 19.11.2016 11:00 (CET/CEST)","n/e","n/e","0"
"Montenegro (ME)","19.11.2016 11:00 - 19.11.2016 12:00 (CET/CEST)","n/e","n/e","0"
"Montenegro (ME)","19.11.2016 12:00 - 19.11.2016 13:00 (CET/CEST)","n/e","n/e","0"
"Montenegro (ME)","19.11.2016 13:00 - 19.11.2016 14:00 (CET/CEST)","n/e","n/e","0"
"Montenegro (ME)","19.11.2016 14:00 - 19.11.2016 15:00 (CET/CEST)","n/e","n/e","0"
"Montenegro (ME)","19.11.2016 15:00 - 19.11.2016 16:00 (CET/CEST)","n/e","n/e","0"
"Montenegro (ME)","19.11.2016 16:00 - 19.11.2016 17:00 (CET/CEST)","n/e","n/e","1"
"Montenegro (ME)","19.11.2016 17:00 - 19.11.2016 18:00 (CET/CEST)","n/e","n/e","94"
"Montenegro (ME)","19.11.2016 18:00 - 19.11.2016 19:00 (CET/CEST)","n/e","n/e","93"
"Montenegro (ME)","19.11.2016 19:00 - 19.11.2016 20:00 (CET/CEST)","n/e","n/e","0"
"Montenegro (ME)","19.11.2016 20:00 - 19.11.2016 21:00 (CET/CEST)","n/e","n/e","0"
"Montenegro (ME)","19.11.2016 21:00 - 19.11.2016 22:00 (CET/CEST)","n/e","n/e","0"
"Montenegro (ME)","19.11.2016 22:00 - 19.11.2016 23:00 (CET/CEST)","n/e","n/e","0"
"Montenegro (ME)","19.11.2016 23:00 - 20.11.2016 00:00 (CET/CEST)","n/e","n/e","0"
"Montenegro (ME)","20.11.2016 00:00 - 20.11.2016 01:00 (CET/CEST)","n/e","n/e","0"
"Montenegro (ME)","20.11.2016 01:00 - 20.11.2016 02:00 (CET/CEST)","n/e","n/e","0"
"Montenegro (ME)","20.11.2016 02:00 - 20.11.2016 03:00 (CET/CEST)","n/e","n/e","0"
"Montenegro (ME)","20.11.2016 03:00 - 20.11.2016 04:00 (CET/CEST)","n/e","n/e","0"
"Montenegro (ME)","20.11.2016 04:00 - 20.11.2016 05:00 (CET/CEST)","n/e","n/e","0"
"Montenegro (ME)","20.11.2016 05:00 - 20.11.2016 06:00 (CET/CEST)","n/e","n/e","0"
"Montenegro (ME)","20.11.2016 06:00 - 20.11.2016 07:00 (CET/CEST)","n/e","n/e","0"
"Montenegro (ME)","20.11.2016 07:00 - 20.11.2016 08:00 (CET/CEST)","n/e","n/e","0"
"Montenegro (ME)","20.11.2016 08:00 - 20.11.2016 09:00 (CET/CEST)","n/e","n/e","0"
"Montenegro (ME)","20.11.2016 09:00 - 20.11.2016 10:00 (CET/CEST)","n/e","n/e","0"
"Montenegro (ME)","20.11.2016 10:00 - 20.11.2016 11:00 (CET/CEST)","n/e","n/e","0"
"Montenegro (ME)","20.11.2016 11:00 - 20.11.2016 12:00 (CET/CEST)","n/e","n/e","0"
"Montenegro (ME)","20.11.2016 12:00 - 20.11.2016 13:00 (CET/CEST)","n/e","n/e","0"
"Montenegro (ME)","20.11.2016 13:00 - 20.11.2016 14:00 (CET/CEST)","n/e","n/e","0"
"Montenegro (ME)","20.11.2016 14:00 - 20.11.2016 15:00 (CET/CEST)","n/e","n/e","0"
"Montenegro (ME)","20.11.2016 15:00 - 20.11.2016 16:00 (CET/CEST)","n/e","n/e","0"
"Montenegro (ME)","20.11.2016 16:00 - 20.11.2016 17:00 (CET/CEST)","n/e","n/e","0"
"Montenegro (ME)","20.11.2016 17:00 - 20.11.2016 18:00 (CET/CEST)","n/e","n/e","0"
"Montenegro (ME)","20.11.2016 18:00 - 20.11.2016 19:00 (CET/CEST)","n/e","n/e","0"
"Montenegro (ME)","20.11.2016 19:00 - 20.11.2016 20:00 (CET/CEST)","n/e","n/e","0"
"Montenegro (ME)","20.11.2016 20:00 - 20.11.2016 21:00 (CET/CEST)","n/e","n/e","0"
"Montenegro (ME)","20.11.2016 21:00 - 20.11.2016 22:00 (CET/CEST)","n/e","n/e","0"
"Montenegro (ME)","20.11.2016 22:00 - 20.11.2016 23:00 (CET/CEST)","n/e","n/e","0"
"Montenegro (ME)","20.11.2016 23:00 - 21.11.2016 00:00 (CET/CEST)","n/e","n/e","0"
"Montenegro (ME)","21.11.2016 00:00 - 21.11.2016 01:00 (CET/CEST)","n/e","n/e","0"
"Montenegro (ME)","21.11.2016 01:00 - 21.11.2016 02:00 (CET/CEST)","n/e","n/e","0"
"Montenegro (ME)","21.11.2016 02:00 - 21.11.2016 03:00 (CET/CEST)","n/e","n/e","0"
"Montenegro (ME)","21.11.2016 03:00 - 21.11.2016 04:00 (CET/CEST)","n/e","n/e","0"
"Montenegro (ME)","21.11.2016 04:00 - 21.11.2016 05:00 (CET/CEST)","n/e","n/e","0"
"Montenegro (ME)","21.11.2016 05:00 - 21.11.2016 06:00 (CET/CEST)","n/e","n/e","0"
"Montenegro (ME)","21.11.2016 06:00 - 21.11.2016 07:00 (CET/CEST)","n/e","n/e","0"
"Montenegro (ME)","21.11.2016 07:00 - 21.11.2016 08:00 (CET/CEST)","n/e","n/e","141"
"Montenegro (ME)","21.11.2016 08:00 - 21.11.2016 09:00 (CET/CEST)","n/e","n/e","190"
"Montenegro (ME)","21.11.2016 09:00 - 21.11.2016 10:00 (CET/CEST)","n/e","n/e","142"
"Montenegro (ME)","21.11.2016 10:00 - 21.11.2016 11:00 (CET/CEST)","n/e","n/e","103"
"Montenegro (ME)","21.11.2016 11:00 - 21.11.2016 12:00 (CET/CEST)","n/e","n/e","100"
"Montenegro (ME)","21.11.2016 12:00 - 21.11.2016 13:00 (CET/CEST)","n/e","n/e","91"
"Montenegro (ME)","21.11.2016 13:00 - 21.11.2016 14:00 (CET/CEST)","n/e","n/e","91"
"Montenegro (ME)","21.11.2016 14:00 - 21.11.2016 15:00 (CET/CEST)","n/e","n/e","91"
"Montenegro (ME)","21.11.2016 15:00 - 21.11.2016 16:00 (CET/CEST)","n/e","n/e","91"
"Montenegro (ME)","21.11.2016 16:00 - 21.11.2016 17:00 (CET/CEST)","n/e","n/e","92"
"Montenegro (ME)","21.11.2016 17:00 - 21.11.2016 18:00 (CET/CEST)","n/e","n/e","106"
"Montenegro (ME)","21.11.2016 18:00 - 21.11.2016 19:00 (CET/CEST)","n/e","n/e","106"
"Montenegro (ME)","21.11.2016 19:00 - 21.11.2016 20:00 (CET/CEST)","n/e","n/e","104"
"Montenegro (ME)","21.11.2016 20:00 - 21.11.2016 21:00 (CET/CEST)","n/e","n/e","0"
"Montenegro (ME)","21.11.2016 21:00 - 21.11.2016 22:00 (CET/CEST)","n/e","n/e","0"
"Montenegro (ME)","21.11.2016 22:00 - 21.11.2016 23:00 (CET/CEST)","n/e","n/e","0"
"Montenegro (ME)","21.11.2016 23:00 - 22.11.2016 00:00 (CET/CEST)","n/e","n/e","0"
"Montenegro (ME)","22.11.2016 00:00 - 22.11.2016 01:00 (CET/CEST)","n/e","n/e","0"
"Montenegro (ME)","22.11.2016 01:00 - 22.11.2016 02:00 (CET/CEST)","n/e","n/e","0"
"Montenegro (ME)","22.11.2016 02:00 - 22.11.2016 03:00 (CET/CEST)","n/e","n/e","0"
"Montenegro (ME)","22.11.2016 03:00 - 22.11.2016 04:00 (CET/CEST)","n/e","n/e","0"
"Montenegro (ME)","22.11.2016 04:00 - 22.11.2016 05:00 (CET/CEST)","n/e","n/e","0"
"Montenegro (ME)","22.11.2016 05:00 - 22.11.2016 06:00 (CET/CEST)","n/e","n/e","0"
"Montenegro (ME)","22.11.2016 06:00 - 22.11.2016 07:00 (CET/CEST)","n/e","n/e","0"
"Montenegro (ME)","22.11.2016 07:00 - 22.11.2016 08:00 (CET/CEST)","n/e","n/e","96"
"Montenegro (ME)","22.11.2016 08:00 - 22.11.2016 09:00 (CET/CEST)","n/e","n/e","96"
"Montenegro (ME)","22.11.2016 09:00 - 22.11.2016 10:00 (CET/CEST)","n/e","n/e","95"
"Montenegro (ME)","22.11.2016 10:00 - 22.11.2016 11:00 (CET/CEST)","n/e","n/e","96"
"Montenegro (ME)","22.11.2016 11:00 - 22.11.2016 12:00 (CET/CEST)","n/e","n/e","96"
"Montenegro (ME)","22.11.2016 12:00 - 22.11.2016 13:00 (CET/CEST)","n/e","n/e","95"
"Montenegro (ME)","22.11.2016 13:00 - 22.11.2016 14:00 (CET/CEST)","n/e","n/e","96"
"Montenegro (ME)","22.11.2016 14:00 - 22.11.2016 15:00 (CET/CEST)","n/e","n/e","151"
"Montenegro (ME)","22.11.2016 15:00 - 22.11.2016 16:00 (CET/CEST)","n/e","n/e","218"
"Montenegro (ME)","22.11.2016 16:00 - 22.11.2016 17:00 (CET/CEST)","n/e","n/e","219"
"Montenegro (ME)","22.11.2016 17:00 - 22.11.2016 18:00 (CET/CEST)","n/e","n/e","330"
"Montenegro (ME)","22.11.2016 18:00 - 22.11.2016 19:00 (CET/CEST)","n/e","n/e","311"
"Montenegro (ME)","22.11.2016 19:00 - 22.11.2016 20:00 (CET/CEST)","n/e","n/e","291"
"Montenegro (ME)","22.11.2016 20:00 - 22.11.2016 21:00 (CET/CEST)","n/e","n/e","189"
"Montenegro (ME)","22.11.2016 21:00 - 22.11.2016 22:00 (CET/CEST)","n/e","n/e","95"
"Montenegro (ME)","22.11.2016 22:00 - 22.11.2016 23:00 (CET/CEST)","n/e","n/e","0"
"Montenegro (ME)","22.11.2016 23:00 - 23.11.2016 00:00 (CET/CEST)","n/e","n/e","0"
"Montenegro (ME)","23.11.2016 00:00 - 23.11.2016 01:00 (CET/CEST)","n/e","n/e","0"
"Montenegro (ME)","23.11.2016 01:00 - 23.11.2016 02:00 (CET/CEST)","n/e","n/e","0"
"Montenegro (ME)","23.11.2016 02:00 - 23.11.2016 03:00 (CET/CEST)","n/e","n/e","0"
"Montenegro (ME)","23.11.2016 03:00 - 23.11.2016 04:00 (CET/CEST)","n/e","n/e","0"
"Montenegro (ME)","23.11.2016 04:00 - 23.11.2016 05:00 (CET/CEST)","n/e","n/e","0"
"Montenegro (ME)","23.11.2016 05:00 - 23.11.2016 06:00 (CET/CEST)","n/e","n/e","0"
"Montenegro (ME)","23.11.2016 06:00 - 23.11.2016 07:00 (CET/CEST)","n/e","n/e","96"
"Montenegro (ME)","23.11.2016 07:00 - 23.11.2016 08:00 (CET/CEST)","n/e","n/e","281"
"Montenegro (ME)","23.11.2016 08:00 - 23.11.2016 09:00 (CET/CEST)","n/e","n/e","300"
"Montenegro (ME)","23.11.2016 09:00 - 23.11.2016 10:00 (CET/CEST)","n/e","n/e","300"
"Montenegro (ME)","23.11.2016 10:00 - 23.11.2016 11:00 (CET/CEST)","n/e","n/e","301"
"Montenegro (ME)","23.11.2016 11:00 - 23.11.2016 12:00 (CET/CEST)","n/e","n/e","299"
"Montenegro (ME)","23.11.2016 12:00 - 23.11.2016 13:00 (CET/CEST)","n/e","n/e","143"
"Montenegro (ME)","23.11.2016 13:00 - 23.11.2016 14:00 (CET/CEST)","n/e","n/e","252"
"Montenegro (ME)","23.11.2016 14:00 - 23.11.2016 15:00 (CET/CEST)","n/e","n/e","332"
"Montenegro (ME)","23.11.2016 15:00 - 23.11.2016 16:00 (CET/CEST)","n/e","n/e","330"
"Montenegro (ME)","23.11.2016 16:00 - 23.11.2016 17:00 (CET/CEST)","n/e","n/e","331"
"Montenegro (ME)","23.11.2016 17:00 - 23.11.2016 18:00 (CET/CEST)","n/e","n/e","328"
"Montenegro (ME)","23.11.2016 18:00 - 23.11.2016 19:00 (CET/CEST)","n/e","n/e","330"
"Montenegro (ME)","23.11.2016 19:00 - 23.11.2016 20:00 (CET/CEST)","n/e","n/e","331"
"Montenegro (ME)","23.11.2016 20:00 - 23.11.2016 21:00 (CET/CEST)","n/e","n/e","330"
"Montenegro (ME)","23.11.2016 21:00 - 23.11.2016 22:00 (CET/CEST)","n/e","n/e","205"
"Montenegro (ME)","23.11.2016 22:00 - 23.11.2016 23:00 (CET/CEST)","n/e","n/e","207"
"Montenegro (ME)","23.11.2016 23:00 - 24.11.2016 00:00 (CET/CEST)","n/e","n/e","206"
"Montenegro (ME)","24.11.2016 00:00 - 24.11.2016 01:00 (CET/CEST)","n/e","n/e","0"
"Montenegro (ME)","24.11.2016 01:00 - 24.11.2016 02:00 (CET/CEST)","n/e","n/e","0"
"Montenegro (ME)","24.11.2016 02:00 - 24.11.2016 03:00 (CET/CEST)","n/e","n/e","0"
"Montenegro (ME)","24.11.2016 03:00 - 24.11.2016 04:00 (CET/CEST)","n/e","n/e","0"
"Montenegro (ME)","24.11.2016 04:00 - 24.11.2016 05:00 (CET/CEST)","n/e","n/e","0"
"Montenegro (ME)","24.11.2016 05:00 - 24.11.2016 06:00 (CET/CEST)","n/e","n/e","0"
"Montenegro (ME)","24.11.2016 06:00 - 24.11.2016 07:00 (CET/CEST)","n/e","n/e","2"
"Montenegro (ME)","24.11.2016 07:00 - 24.11.2016 08:00 (CET/CEST)","n/e","n/e","331"
"Montenegro (ME)","24.11.2016 08:00 - 24.11.2016 09:00 (CET/CEST)","n/e","n/e","331"
"Montenegro (ME)","24.11.2016 09:00 - 24.11.2016 10:00 (CET/CEST)","n/e","n/e","331"
"Montenegro (ME)","24.11.2016 10:00 - 24.11.2016 11:00 (CET/CEST)","n/e","n/e","330"
"Montenegro (ME)","24.11.2016 11:00 - 24.11.2016 12:00 (CET/CEST)","n/e","n/e","331"
"Montenegro (ME)","24.11.2016 12:00 - 24.11.2016 13:00 (CET/CEST)","n/e","n/e","331"
"Montenegro (ME)","24.11.2016 13:00 - 24.11.2016 14:00 (CET/CEST)","n/e","n/e","334"
"Montenegro (ME)","24.11.2016 14:00 - 24.11.2016 15:00 (CET/CEST)","n/e","n/e","333"
"Montenegro (ME)","24.11.2016 15:00 - 24.11.2016 16:00 (CET/CEST)","n/e","n/e","332"
"Montenegro (ME)","24.11.2016 16:00 - 24.11.2016 17:00 (CET/CEST)","n/e","n/e","332"
"Montenegro (ME)","24.11.2016 17:00 - 24.11.2016 18:00 (CET/CEST)","n/e","n/e","330"
"Montenegro (ME)","24.11.2016 18:00 - 24.11.2016 19:00 (CET/CEST)","n/e","n/e","331"
"Montenegro (ME)","24.11.2016 19:00 - 24.11.2016 20:00 (CET/CEST)","n/e","n/e","330"
"Montenegro (ME)","24.11.2016 20:00 - 24.11.2016 21:00 (CET/CEST)","n/e","n/e","328"
"Montenegro (ME)","24.11.2016 21:00 - 24.11.2016 22:00 (CET/CEST)","n/e","n/e","0"
"Montenegro (ME)","24.11.2016 22:00 - 24.11.2016 23:00 (CET/CEST)","n/e","n/e","0"
"Montenegro (ME)","24.11.2016 23:00 - 25.11.2016 00:00 (CET/CEST)","n/e","n/e","0"
"Montenegro (ME)","25.11.2016 00:00 - 25.11.2016 01:00 (CET/CEST)","n/e","n/e","0"
"Montenegro (ME)","25.11.2016 01:00 - 25.11.2016 02:00 (CET/CEST)","n/e","n/e","0"
"Montenegro (ME)","25.11.2016 02:00 - 25.11.2016 03:00 (CET/CEST)","n/e","n/e","0"
"Montenegro (ME)","25.11.2016 03:00 - 25.11.2016 04:00 (CET/CEST)","n/e","n/e","0"
"Montenegro (ME)","25.11.2016 04:00 - 25.11.2016 05:00 (CET/CEST)","n/e","n/e","0"
"Montenegro (ME)","25.11.2016 05:00 - 25.11.2016 06:00 (CET/CEST)","n/e","n/e","0"
"Montenegro (ME)","25.11.2016 06:00 - 25.11.2016 07:00 (CET/CEST)","n/e","n/e","1"
"Montenegro (ME)","25.11.2016 07:00 - 25.11.2016 08:00 (CET/CEST)","n/e","n/e","97"
"Montenegro (ME)","25.11.2016 08:00 - 25.11.2016 09:00 (CET/CEST)","n/e","n/e","281"
"Montenegro (ME)","25.11.2016 09:00 - 25.11.2016 10:00 (CET/CEST)","n/e","n/e","281"
"Montenegro (ME)","25.11.2016 10:00 - 25.11.2016 11:00 (CET/CEST)","n/e","n/e","281"
"Montenegro (ME)","25.11.2016 11:00 - 25.11.2016 12:00 (CET/CEST)","n/e","n/e","281"
"Montenegro (ME)","25.11.2016 12:00 - 25.11.2016 13:00 (CET/CEST)","n/e","n/e","282"
"Montenegro (ME)","25.11.2016 13:00 - 25.11.2016 14:00 (CET/CEST)","n/e","n/e","282"
"Montenegro (ME)","25.11.2016 14:00 - 25.11.2016 15:00 (CET/CEST)","n/e","n/e","282"
"Montenegro (ME)","25.11.2016 15:00 - 25.11.2016 16:00 (CET/CEST)","n/e","n/e","282"
"Montenegro (ME)","25.11.2016 16:00 - 25.11.2016 17:00 (CET/CEST)","n/e","n/e","333"
"Montenegro (ME)","25.11.2016 17:00 - 25.11.2016 18:00 (CET/CEST)","n/e","n/e","330"
"Montenegro (ME)","25.11.2016 18:00 - 25.11.2016 19:00 (CET/CEST)","n/e","n/e","331"
"Montenegro (ME)","25.11.2016 19:00 - 25.11.2016 20:00 (CET/CEST)","n/e","n/e","330"
"Montenegro (ME)","25.11.2016 20:00 - 25.11.2016 21:00 (CET/CEST)","n/e","n/e","94"
"Montenegro (ME)","25.11.2016 21:00 - 25.11.2016 22:00 (CET/CEST)","n/e","n/e","0"
"Montenegro (ME)","25.11.2016 22:00 - 25.11.2016 23:00 (CET/CEST)","n/e","n/e","0"
"Montenegro (ME)","25.11.2016 23:00 - 26.11.2016 00:00 (CET/CEST)","n/e","n/e","0"
"Montenegro (ME)","26.11.2016 00:00 - 26.11.2016 01:00 (CET/CEST)","n/e","n/e","0"
"Montenegro (ME)","26.11.2016 01:00 - 26.11.2016 02:00 (CET/CEST)","n/e","n/e","0"
"Montenegro (ME)","26.11.2016 02:00 - 26.11.2016 03:00 (CET/CEST)","n/e","n/e","0"
"Montenegro (ME)","26.11.2016 03:00 - 26.11.2016 04:00 (CET/CEST)","n/e","n/e","0"
"Montenegro (ME)","26.11.2016 04:00 - 26.11.2016 05:00 (CET/CEST)","n/e","n/e","0"
"Montenegro (ME)","26.11.2016 05:00 - 26.11.2016 06:00 (CET/CEST)","n/e","n/e","0"
"Montenegro (ME)","26.11.2016 06:00 - 26.11.2016 07:00 (CET/CEST)","n/e","n/e","0"
"Montenegro (ME)","26.11.2016 07:00 - 26.11.2016 08:00 (CET/CEST)","n/e","n/e","0"
"Montenegro (ME)","26.11.2016 08:00 - 26.11.2016 09:00 (CET/CEST)","n/e","n/e","0"
"Montenegro (ME)","26.11.2016 09:00 - 26.11.2016 10:00 (CET/CEST)","n/e","n/e","0"
"Montenegro (ME)","26.11.2016 10:00 - 26.11.2016 11:00 (CET/CEST)","n/e","n/e","0"
"Montenegro (ME)","26.11.2016 11:00 - 26.11.2016 12:00 (CET/CEST)","n/e","n/e","0"
"Montenegro (ME)","26.11.2016 12:00 - 26.11.2016 13:00 (CET/CEST)","n/e","n/e","0"
"Montenegro (ME)","26.11.2016 13:00 - 26.11.2016 14:00 (CET/CEST)","n/e","n/e","0"
"Montenegro (ME)","26.11.2016 14:00 - 26.11.2016 15:00 (CET/CEST)","n/e","n/e","0"
"Montenegro (ME)","26.11.2016 15:00 - 26.11.2016 16:00 (CET/CEST)","n/e","n/e","0"
"Montenegro (ME)","26.11.2016 16:00 - 26.11.2016 17:00 (CET/CEST)","n/e","n/e","95"
"Montenegro (ME)","26.11.2016 17:00 - 26.11.2016 18:00 (CET/CEST)","n/e","n/e","94"
"Montenegro (ME)","26.11.2016 18:00 - 26.11.2016 19:00 (CET/CEST)","n/e","n/e","95"
"Montenegro (ME)","26.11.2016 19:00 - 26.11.2016 20:00 (CET/CEST)","n/e","n/e","0"
"Montenegro (ME)","26.11.2016 20:00 - 26.11.2016 21:00 (CET/CEST)","n/e","n/e","0"
"Montenegro (ME)","26.11.2016 21:00 - 26.11.2016 22:00 (CET/CEST)","n/e","n/e","0"
"Montenegro (ME)","26.11.2016 22:00 - 26.11.2016 23:00 (CET/CEST)","n/e","n/e","0"
"Montenegro (ME)","26.11.2016 23:00 - 27.11.2016 00:00 (CET/CEST)","n/e","n/e","0"
"Montenegro (ME)","27.11.2016 00:00 - 27.11.2016 01:00 (CET/CEST)","n/e","n/e","0"
"Montenegro (ME)","27.11.2016 01:00 - 27.11.2016 02:00 (CET/CEST)","n/e","n/e","0"
"Montenegro (ME)","27.11.2016 02:00 - 27.11.2016 03:00 (CET/CEST)","n/e","n/e","0"
"Montenegro (ME)","27.11.2016 03:00 - 27.11.2016 04:00 (CET/CEST)","n/e","n/e","0"
"Montenegro (ME)","27.11.2016 04:00 - 27.11.2016 05:00 (CET/CEST)","n/e","n/e","0"
"Montenegro (ME)","27.11.2016 05:00 - 27.11.2016 06:00 (CET/CEST)","n/e","n/e","0"
"Montenegro (ME)","27.11.2016 06:00 - 27.11.2016 07:00 (CET/CEST)","n/e","n/e","0"
"Montenegro (ME)","27.11.2016 07:00 - 27.11.2016 08:00 (CET/CEST)","n/e","n/e","0"
"Montenegro (ME)","27.11.2016 08:00 - 27.11.2016 09:00 (CET/CEST)","n/e","n/e","0"
"Montenegro (ME)","27.11.2016 09:00 - 27.11.2016 10:00 (CET/CEST)","n/e","n/e","0"
"Montenegro (ME)","27.11.2016 10:00 - 27.11.2016 11:00 (CET/CEST)","n/e","n/e","0"
"Montenegro (ME)","27.11.2016 11:00 - 27.11.2016 12:00 (CET/CEST)","n/e","n/e","0"
"Montenegro (ME)","27.11.2016 12:00 - 27.11.2016 13:00 (CET/CEST)","n/e","n/e","0"
"Montenegro (ME)","27.11.2016 13:00 - 27.11.2016 14:00 (CET/CEST)","n/e","n/e","0"
"Montenegro (ME)","27.11.2016 14:00 - 27.11.2016 15:00 (CET/CEST)","n/e","n/e","0"
"Montenegro (ME)","27.11.2016 15:00 - 27.11.2016 16:00 (CET/CEST)","n/e","n/e","0"
"Montenegro (ME)","27.11.2016 16:00 - 27.11.2016 17:00 (CET/CEST)","n/e","n/e","0"
"Montenegro (ME)","27.11.2016 17:00 - 27.11.2016 18:00 (CET/CEST)","n/e","n/e","0"
"Montenegro (ME)","27.11.2016 18:00 - 27.11.2016 19:00 (CET/CEST)","n/e","n/e","0"
"Montenegro (ME)","27.11.2016 19:00 - 27.11.2016 20:00 (CET/CEST)","n/e","n/e","0"
"Montenegro (ME)","27.11.2016 20:00 - 27.11.2016 21:00 (CET/CEST)","n/e","n/e","0"
"Montenegro (ME)","27.11.2016 21:00 - 27.11.2016 22:00 (CET/CEST)","n/e","n/e","0"
"Montenegro (ME)","27.11.2016 22:00 - 27.11.2016 23:00 (CET/CEST)","n/e","n/e","0"
"Montenegro (ME)","27.11.2016 23:00 - 28.11.2016 00:00 (CET/CEST)","n/e","n/e","0"
"Montenegro (ME)","28.11.2016 00:00 - 28.11.2016 01:00 (CET/CEST)","n/e","n/e","0"
"Montenegro (ME)","28.11.2016 01:00 - 28.11.2016 02:00 (CET/CEST)","n/e","n/e","0"
"Montenegro (ME)","28.11.2016 02:00 - 28.11.2016 03:00 (CET/CEST)","n/e","n/e","0"
"Montenegro (ME)","28.11.2016 03:00 - 28.11.2016 04:00 (CET/CEST)","n/e","n/e","0"
"Montenegro (ME)","28.11.2016 04:00 - 28.11.2016 05:00 (CET/CEST)","n/e","n/e","0"
"Montenegro (ME)","28.11.2016 05:00 - 28.11.2016 06:00 (CET/CEST)","n/e","n/e","0"
"Montenegro (ME)","28.11.2016 06:00 - 28.11.2016 07:00 (CET/CEST)","n/e","n/e","0"
"Montenegro (ME)","28.11.2016 07:00 - 28.11.2016 08:00 (CET/CEST)","n/e","n/e","171"
"Montenegro (ME)","28.11.2016 08:00 - 28.11.2016 09:00 (CET/CEST)","n/e","n/e","219"
"Montenegro (ME)","28.11.2016 09:00 - 28.11.2016 10:00 (CET/CEST)","n/e","n/e","96"
"Montenegro (ME)","28.11.2016 10:00 - 28.11.2016 11:00 (CET/CEST)","n/e","n/e","95"
"Montenegro (ME)","28.11.2016 11:00 - 28.11.2016 12:00 (CET/CEST)","n/e","n/e","95"
"Montenegro (ME)","28.11.2016 12:00 - 28.11.2016 13:00 (CET/CEST)","n/e","n/e","94"
"Montenegro (ME)","28.11.2016 13:00 - 28.11.2016 14:00 (CET/CEST)","n/e","n/e","95"
"Montenegro (ME)","28.11.2016 14:00 - 28.11.2016 15:00 (CET/CEST)","n/e","n/e","188"
"Montenegro (ME)","28.11.2016 15:00 - 28.11.2016 16:00 (CET/CEST)","n/e","n/e","330"
"Montenegro (ME)","28.11.2016 16:00 - 28.11.2016 17:00 (CET/CEST)","n/e","n/e","332"
"Montenegro (ME)","28.11.2016 17:00 - 28.11.2016 18:00 (CET/CEST)","n/e","n/e","331"
"Montenegro (ME)","28.11.2016 18:00 - 28.11.2016 19:00 (CET/CEST)","n/e","n/e","331"
"Montenegro (ME)","28.11.2016 19:00 - 28.11.2016 20:00 (CET/CEST)","n/e","n/e","330"
"Montenegro (ME)","28.11.2016 20:00 - 28.11.2016 21:00 (CET/CEST)","n/e","n/e","181"
"Montenegro (ME)","28.11.2016 21:00 - 28.11.2016 22:00 (CET/CEST)","n/e","n/e","0"
"Montenegro (ME)","28.11.2016 22:00 - 28.11.2016 23:00 (CET/CEST)","n/e","n/e","0"
"Montenegro (ME)","28.11.2016 23:00 - 29.11.2016 00:00 (CET/CEST)","n/e","n/e","0"
"Montenegro (ME)","29.11.2016 00:00 - 29.11.2016 01:00 (CET/CEST)","n/e","n/e","0"
"Montenegro (ME)","29.11.2016 01:00 - 29.11.2016 02:00 (CET/CEST)","n/e","n/e","0"
"Montenegro (ME)","29.11.2016 02:00 - 29.11.2016 03:00 (CET/CEST)","n/e","n/e","0"
"Montenegro (ME)","29.11.2016 03:00 - 29.11.2016 04:00 (CET/CEST)","n/e","n/e","0"
"Montenegro (ME)","29.11.2016 04:00 - 29.11.2016 05:00 (CET/CEST)","n/e","n/e","0"
"Montenegro (ME)","29.11.2016 05:00 - 29.11.2016 06:00 (CET/CEST)","n/e","n/e","0"
"Montenegro (ME)","29.11.2016 06:00 - 29.11.2016 07:00 (CET/CEST)","n/e","n/e","96"
"Montenegro (ME)","29.11.2016 07:00 - 29.11.2016 08:00 (CET/CEST)","n/e","n/e","280"
"Montenegro (ME)","29.11.2016 08:00 - 29.11.2016 09:00 (CET/CEST)","n/e","n/e","301"
"Montenegro (ME)","29.11.2016 09:00 - 29.11.2016 10:00 (CET/CEST)","n/e","n/e","280"
"Montenegro (ME)","29.11.2016 10:00 - 29.11.2016 11:00 (CET/CEST)","n/e","n/e","279"
"Montenegro (ME)","29.11.2016 11:00 - 29.11.2016 12:00 (CET/CEST)","n/e","n/e","263"
"Montenegro (ME)","29.11.2016 12:00 - 29.11.2016 13:00 (CET/CEST)","n/e","n/e","261"
"Montenegro (ME)","29.11.2016 13:00 - 29.11.2016 14:00 (CET/CEST)","n/e","n/e","258"
"Montenegro (ME)","29.11.2016 14:00 - 29.11.2016 15:00 (CET/CEST)","n/e","n/e","257"
"Montenegro (ME)","29.11.2016 15:00 - 29.11.2016 16:00 (CET/CEST)","n/e","n/e","302"
"Montenegro (ME)","29.11.2016 16:00 - 29.11.2016 17:00 (CET/CEST)","n/e","n/e","322"
"Montenegro (ME)","29.11.2016 17:00 - 29.11.2016 18:00 (CET/CEST)","n/e","n/e","321"
"Montenegro (ME)","29.11.2016 18:00 - 29.11.2016 19:00 (CET/CEST)","n/e","n/e","321"
"Montenegro (ME)","29.11.2016 19:00 - 29.11.2016 20:00 (CET/CEST)","n/e","n/e","320"
"Montenegro (ME)","29.11.2016 20:00 - 29.11.2016 21:00 (CET/CEST)","n/e","n/e","187"
"Montenegro (ME)","29.11.2016 21:00 - 29.11.2016 22:00 (CET/CEST)","n/e","n/e","0"
"Montenegro (ME)","29.11.2016 22:00 - 29.11.2016 23:00 (CET/CEST)","n/e","n/e","0"
"Montenegro (ME)","29.11.2016 23:00 - 30.11.2016 00:00 (CET/CEST)","n/e","n/e","0"
"Montenegro (ME)","30.11.2016 00:00 - 30.11.2016 01:00 (CET/CEST)","n/e","n/e","0"
"Montenegro (ME)","30.11.2016 01:00 - 30.11.2016 02:00 (CET/CEST)","n/e","n/e","0"
"Montenegro (ME)","30.11.2016 02:00 - 30.11.2016 03:00 (CET/CEST)","n/e","n/e","0"
"Montenegro (ME)","30.11.2016 03:00 - 30.11.2016 04:00 (CET/CEST)","n/e","n/e","0"
"Montenegro (ME)","30.11.2016 04:00 - 30.11.2016 05:00 (CET/CEST)","n/e","n/e","0"
"Montenegro (ME)","30.11.2016 05:00 - 30.11.2016 06:00 (CET/CEST)","n/e","n/e","0"
"Montenegro (ME)","30.11.2016 06:00 - 30.11.2016 07:00 (CET/CEST)","n/e","n/e","1"
"Montenegro (ME)","30.11.2016 07:00 - 30.11.2016 08:00 (CET/CEST)","n/e","n/e","164"
"Montenegro (ME)","30.11.2016 08:00 - 30.11.2016 09:00 (CET/CEST)","n/e","n/e","188"
"Montenegro (ME)","30.11.2016 09:00 - 30.11.2016 10:00 (CET/CEST)","n/e","n/e","188"
"Montenegro (ME)","30.11.2016 10:00 - 30.11.2016 11:00 (CET/CEST)","n/e","n/e","188"
"Montenegro (ME)","30.11.2016 11:00 - 30.11.2016 12:00 (CET/CEST)","n/e","n/e","188"
"Montenegro (ME)","30.11.2016 12:00 - 30.11.2016 13:00 (CET/CEST)","n/e","n/e","267"
"Montenegro (ME)","30.11.2016 13:00 - 30.11.2016 14:00 (CET/CEST)","n/e","n/e","266"
"Montenegro (ME)","30.11.2016 14:00 - 30.11.2016 15:00 (CET/CEST)","n/e","n/e","268"
"Montenegro (ME)","30.11.2016 15:00 - 30.11.2016 16:00 (CET/CEST)","n/e","n/e","268"
"Montenegro (ME)","30.11.2016 16:00 - 30.11.2016 17:00 (CET/CEST)","n/e","n/e","280"
"Montenegro (ME)","30.11.2016 17:00 - 30.11.2016 18:00 (CET/CEST)","n/e","n/e","279"
"Montenegro (ME)","30.11.2016 18:00 - 30.11.2016 19:00 (CET/CEST)","n/e","n/e","279"
"Montenegro (ME)","30.11.2016 19:00 - 30.11.2016 20:00 (CET/CEST)","n/e","n/e","275"
"Montenegro (ME)","30.11.2016 20:00 - 30.11.2016 21:00 (CET/CEST)","n/e","n/e","0"
"Montenegro (ME)","30.11.2016 21:00 - 30.11.2016 22:00 (CET/CEST)","n/e","n/e","0"
"Montenegro (ME)","30.11.2016 22:00 - 30.11.2016 23:00 (CET/CEST)","n/e","n/e","0"
"Montenegro (ME)","30.11.2016 23:00 - 01.12.2016 00:00 (CET/CEST)","n/e","n/e","0"
"Montenegro (ME)","01.12.2016 00:00 - 01.12.2016 01:00 (CET/CEST)","n/e","n/e","0"
"Montenegro (ME)","01.12.2016 01:00 - 01.12.2016 02:00 (CET/CEST)","n/e","n/e","0"
"Montenegro (ME)","01.12.2016 02:00 - 01.12.2016 03:00 (CET/CEST)","n/e","n/e","0"
"Montenegro (ME)","01.12.2016 03:00 - 01.12.2016 04:00 (CET/CEST)","n/e","n/e","0"
"Montenegro (ME)","01.12.2016 04:00 - 01.12.2016 05:00 (CET/CEST)","n/e","n/e","0"
"Montenegro (ME)","01.12.2016 05:00 - 01.12.2016 06:00 (CET/CEST)","n/e","n/e","0"
"Montenegro (ME)","01.12.2016 06:00 - 01.12.2016 07:00 (CET/CEST)","n/e","n/e","0"
"Montenegro (ME)","01.12.2016 07:00 - 01.12.2016 08:00 (CET/CEST)","n/e","n/e","185"
"Montenegro (ME)","01.12.2016 08:00 - 01.12.2016 09:00 (CET/CEST)","n/e","n/e","271"
"Montenegro (ME)","01.12.2016 09:00 - 01.12.2016 10:00 (CET/CEST)","n/e","n/e","277"
"Montenegro (ME)","01.12.2016 10:00 - 01.12.2016 11:00 (CET/CEST)","n/e","n/e","278"
"Montenegro (ME)","01.12.2016 11:00 - 01.12.2016 12:00 (CET/CEST)","n/e","n/e","277"
"Montenegro (ME)","01.12.2016 12:00 - 01.12.2016 13:00 (CET/CEST)","n/e","n/e","300"
"Montenegro (ME)","01.12.2016 13:00 - 01.12.2016 14:00 (CET/CEST)","n/e","n/e","292"
"Montenegro (ME)","01.12.2016 14:00 - 01.12.2016 15:00 (CET/CEST)","n/e","n/e","283"
"Montenegro (ME)","01.12.2016 15:00 - 01.12.2016 16:00 (CET/CEST)","n/e","n/e","278"
"Montenegro (ME)","01.12.2016 16:00 - 01.12.2016 17:00 (CET/CEST)","n/e","n/e","332"
"Montenegro (ME)","01.12.2016 17:00 - 01.12.2016 18:00 (CET/CEST)","n/e","n/e","332"
"Montenegro (ME)","01.12.2016 18:00 - 01.12.2016 19:00 (CET/CEST)","n/e","n/e","331"
"Montenegro (ME)","01.12.2016 19:00 - 01.12.2016 20:00 (CET/CEST)","n/e","n/e","222"
"Montenegro (ME)","01.12.2016 20:00 - 01.12.2016 21:00 (CET/CEST)","n/e","n/e","72"
"Montenegro (ME)","01.12.2016 21:00 - 01.12.2016 22:00 (CET/CEST)","n/e","n/e","71"
"Montenegro (ME)","01.12.2016 22:00 - 01.12.2016 23:00 (CET/CEST)","n/e","n/e","0"
"Montenegro (ME)","01.12.2016 23:00 - 02.12.2016 00:00 (CET/CEST)","n/e","n/e","0"
"Montenegro (ME)","02.12.2016 00:00 - 02.12.2016 01:00 (CET/CEST)","n/e","n/e","0"
"Montenegro (ME)","02.12.2016 01:00 - 02.12.2016 02:00 (CET/CEST)","n/e","n/e","0"
"Montenegro (ME)","02.12.2016 02:00 - 02.12.2016 03:00 (CET/CEST)","n/e","n/e","0"
"Montenegro (ME)","02.12.2016 03:00 - 02.12.2016 04:00 (CET/CEST)","n/e","n/e","0"
"Montenegro (ME)","02.12.2016 04:00 - 02.12.2016 05:00 (CET/CEST)","n/e","n/e","0"
"Montenegro (ME)","02.12.2016 05:00 - 02.12.2016 06:00 (CET/CEST)","n/e","n/e","0"
"Montenegro (ME)","02.12.2016 06:00 - 02.12.2016 07:00 (CET/CEST)","n/e","n/e","0"
"Montenegro (ME)","02.12.2016 07:00 - 02.12.2016 08:00 (CET/CEST)","n/e","n/e","186"
"Montenegro (ME)","02.12.2016 08:00 - 02.12.2016 09:00 (CET/CEST)","n/e","n/e","187"
"Montenegro (ME)","02.12.2016 09:00 - 02.12.2016 10:00 (CET/CEST)","n/e","n/e","186"
"Montenegro (ME)","02.12.2016 10:00 - 02.12.2016 11:00 (CET/CEST)","n/e","n/e","187"
"Montenegro (ME)","02.12.2016 11:00 - 02.12.2016 12:00 (CET/CEST)","n/e","n/e","186"
"Montenegro (ME)","02.12.2016 12:00 - 02.12.2016 13:00 (CET/CEST)","n/e","n/e","187"
"Montenegro (ME)","02.12.2016 13:00 - 02.12.2016 14:00 (CET/CEST)","n/e","n/e","276"
"Montenegro (ME)","02.12.2016 14:00 - 02.12.2016 15:00 (CET/CEST)","n/e","n/e","277"
"Montenegro (ME)","02.12.2016 15:00 - 02.12.2016 16:00 (CET/CEST)","n/e","n/e","277"
"Montenegro (ME)","02.12.2016 16:00 - 02.12.2016 17:00 (CET/CEST)","n/e","n/e","303"
"Montenegro (ME)","02.12.2016 17:00 - 02.12.2016 18:00 (CET/CEST)","n/e","n/e","331"
"Montenegro (ME)","02.12.2016 18:00 - 02.12.2016 19:00 (CET/CEST)","n/e","n/e","332"
"Montenegro (ME)","02.12.2016 19:00 - 02.12.2016 20:00 (CET/CEST)","n/e","n/e","300"
"Montenegro (ME)","02.12.2016 20:00 - 02.12.2016 21:00 (CET/CEST)","n/e","n/e","203"
"Montenegro (ME)","02.12.2016 21:00 - 02.12.2016 22:00 (CET/CEST)","n/e","n/e","93"
"Montenegro (ME)","02.12.2016 22:00 - 02.12.2016 23:00 (CET/CEST)","n/e","n/e","0"
"Montenegro (ME)","02.12.2016 23:00 - 03.12.2016 00:00 (CET/CEST)","n/e","n/e","0"
"Montenegro (ME)","03.12.2016 00:00 - 03.12.2016 01:00 (CET/CEST)","n/e","n/e","0"
"Montenegro (ME)","03.12.2016 01:00 - 03.12.2016 02:00 (CET/CEST)","n/e","n/e","0"
"Montenegro (ME)","03.12.2016 02:00 - 03.12.2016 03:00 (CET/CEST)","n/e","n/e","0"
"Montenegro (ME)","03.12.2016 03:00 - 03.12.2016 04:00 (CET/CEST)","n/e","n/e","0"
"Montenegro (ME)","03.12.2016 04:00 - 03.12.2016 05:00 (CET/CEST)","n/e","n/e","0"
"Montenegro (ME)","03.12.2016 05:00 - 03.12.2016 06:00 (CET/CEST)","n/e","n/e","0"
"Montenegro (ME)","03.12.2016 06:00 - 03.12.2016 07:00 (CET/CEST)","n/e","n/e","1"
"Montenegro (ME)","03.12.2016 07:00 - 03.12.2016 08:00 (CET/CEST)","n/e","n/e","92"
"Montenegro (ME)","03.12.2016 08:00 - 03.12.2016 09:00 (CET/CEST)","n/e","n/e","95"
"Montenegro (ME)","03.12.2016 09:00 - 03.12.2016 10:00 (CET/CEST)","n/e","n/e","110"
"Montenegro (ME)","03.12.2016 10:00 - 03.12.2016 11:00 (CET/CEST)","n/e","n/e","94"
"Montenegro (ME)","03.12.2016 11:00 - 03.12.2016 12:00 (CET/CEST)","n/e","n/e","94"
"Montenegro (ME)","03.12.2016 12:00 - 03.12.2016 13:00 (CET/CEST)","n/e","n/e","71"
"Montenegro (ME)","03.12.2016 13:00 - 03.12.2016 14:00 (CET/CEST)","n/e","n/e","73"
"Montenegro (ME)","03.12.2016 14:00 - 03.12.2016 15:00 (CET/CEST)","n/e","n/e","73"
"Montenegro (ME)","03.12.2016 15:00 - 03.12.2016 16:00 (CET/CEST)","n/e","n/e","185"
"Montenegro (ME)","03.12.2016 16:00 - 03.12.2016 17:00 (CET/CEST)","n/e","n/e","277"
"Montenegro (ME)","03.12.2016 17:00 - 03.12.2016 18:00 (CET/CEST)","n/e","n/e","275"
"Montenegro (ME)","03.12.2016 18:00 - 03.12.2016 19:00 (CET/CEST)","n/e","n/e","276"
"Montenegro (ME)","03.12.2016 19:00 - 03.12.2016 20:00 (CET/CEST)","n/e","n/e","276"
"Montenegro (ME)","03.12.2016 20:00 - 03.12.2016 21:00 (CET/CEST)","n/e","n/e","185"
"Montenegro (ME)","03.12.2016 21:00 - 03.12.2016 22:00 (CET/CEST)","n/e","n/e","0"
"Montenegro (ME)","03.12.2016 22:00 - 03.12.2016 23:00 (CET/CEST)","n/e","n/e","0"
"Montenegro (ME)","03.12.2016 23:00 - 04.12.2016 00:00 (CET/CEST)","n/e","n/e","0"
"Montenegro (ME)","04.12.2016 00:00 - 04.12.2016 01:00 (CET/CEST)","n/e","n/e","0"
"Montenegro (ME)","04.12.2016 01:00 - 04.12.2016 02:00 (CET/CEST)","n/e","n/e","0"
"Montenegro (ME)","04.12.2016 02:00 - 04.12.2016 03:00 (CET/CEST)","n/e","n/e","0"
"Montenegro (ME)","04.12.2016 03:00 - 04.12.2016 04:00 (CET/CEST)","n/e","n/e","0"
"Montenegro (ME)","04.12.2016 04:00 - 04.12.2016 05:00 (CET/CEST)","n/e","n/e","0"
"Montenegro (ME)","04.12.2016 05:00 - 04.12.2016 06:00 (CET/CEST)","n/e","n/e","0"
"Montenegro (ME)","04.12.2016 06:00 - 04.12.2016 07:00 (CET/CEST)","n/e","n/e","0"
"Montenegro (ME)","04.12.2016 07:00 - 04.12.2016 08:00 (CET/CEST)","n/e","n/e","0"
"Montenegro (ME)","04.12.2016 08:00 - 04.12.2016 09:00 (CET/CEST)","n/e","n/e","0"
"Montenegro (ME)","04.12.2016 09:00 - 04.12.2016 10:00 (CET/CEST)","n/e","n/e","0"
"Montenegro (ME)","04.12.2016 10:00 - 04.12.2016 11:00 (CET/CEST)","n/e","n/e","0"
"Montenegro (ME)","04.12.2016 11:00 - 04.12.2016 12:00 (CET/CEST)","n/e","n/e","0"
"Montenegro (ME)","04.12.2016 12:00 - 04.12.2016 13:00 (CET/CEST)","n/e","n/e","0"
"Montenegro (ME)","04.12.2016 13:00 - 04.12.2016 14:00 (CET/CEST)","n/e","n/e","0"
"Montenegro (ME)","04.12.2016 14:00 - 04.12.2016 15:00 (CET/CEST)","n/e","n/e","0"
"Montenegro (ME)","04.12.2016 15:00 - 04.12.2016 16:00 (CET/CEST)","n/e","n/e","1"
"Montenegro (ME)","04.12.2016 16:00 - 04.12.2016 17:00 (CET/CEST)","n/e","n/e","220"
"Montenegro (ME)","04.12.2016 17:00 - 04.12.2016 18:00 (CET/CEST)","n/e","n/e","279"
"Montenegro (ME)","04.12.2016 18:00 - 04.12.2016 19:00 (CET/CEST)","n/e","n/e","318"
"Montenegro (ME)","04.12.2016 19:00 - 04.12.2016 20:00 (CET/CEST)","n/e","n/e","315"
"Montenegro (ME)","04.12.2016 20:00 - 04.12.2016 21:00 (CET/CEST)","n/e","n/e","304"
"Montenegro (ME)","04.12.2016 21:00 - 04.12.2016 22:00 (CET/CEST)","n/e","n/e","220"
"Montenegro (ME)","04.12.2016 22:00 - 04.12.2016 23:00 (CET/CEST)","n/e","n/e","0"
"Montenegro (ME)","04.12.2016 23:00 - 05.12.2016 00:00 (CET/CEST)","n/e","n/e","0"
"Montenegro (ME)","05.12.2016 00:00 - 05.12.2016 01:00 (CET/CEST)","n/e","n/e","0"
"Montenegro (ME)","05.12.2016 01:00 - 05.12.2016 02:00 (CET/CEST)","n/e","n/e","0"
"Montenegro (ME)","05.12.2016 02:00 - 05.12.2016 03:00 (CET/CEST)","n/e","n/e","0"
"Montenegro (ME)","05.12.2016 03:00 - 05.12.2016 04:00 (CET/CEST)","n/e","n/e","0"
"Montenegro (ME)","05.12.2016 04:00 - 05.12.2016 05:00 (CET/CEST)","n/e","n/e","0"
"Montenegro (ME)","05.12.2016 05:00 - 05.12.2016 06:00 (CET/CEST)","n/e","n/e","0"
"Montenegro (ME)","05.12.2016 06:00 - 05.12.2016 07:00 (CET/CEST)","n/e","n/e","209"
"Montenegro (ME)","05.12.2016 07:00 - 05.12.2016 08:00 (CET/CEST)","n/e","n/e","300"
"Montenegro (ME)","05.12.2016 08:00 - 05.12.2016 09:00 (CET/CEST)","n/e","n/e","331"
"Montenegro (ME)","05.12.2016 09:00 - 05.12.2016 10:00 (CET/CEST)","n/e","n/e","330"
"Montenegro (ME)","05.12.2016 10:00 - 05.12.2016 11:00 (CET/CEST)","n/e","n/e","222"
"Montenegro (ME)","05.12.2016 11:00 - 05.12.2016 12:00 (CET/CEST)","n/e","n/e","220"
"Montenegro (ME)","05.12.2016 12:00 - 05.12.2016 13:00 (CET/CEST)","n/e","n/e","211"
"Montenegro (ME)","05.12.2016 13:00 - 05.12.2016 14:00 (CET/CEST)","n/e","n/e","329"
"Montenegro (ME)","05.12.2016 14:00 - 05.12.2016 15:00 (CET/CEST)","n/e","n/e","329"
"Montenegro (ME)","05.12.2016 15:00 - 05.12.2016 16:00 (CET/CEST)","n/e","n/e","332"
"Montenegro (ME)","05.12.2016 16:00 - 05.12.2016 17:00 (CET/CEST)","n/e","n/e","332"
"Montenegro (ME)","05.12.2016 17:00 - 05.12.2016 18:00 (CET/CEST)","n/e","n/e","330"
"Montenegro (ME)","05.12.2016 18:00 - 05.12.2016 19:00 (CET/CEST)","n/e","n/e","330"
"Montenegro (ME)","05.12.2016 19:00 - 05.12.2016 20:00 (CET/CEST)","n/e","n/e","330"
"Montenegro (ME)","05.12.2016 20:00 - 05.12.2016 21:00 (CET/CEST)","n/e","n/e","274"
"Montenegro (ME)","05.12.2016 21:00 - 05.12.2016 22:00 (CET/CEST)","n/e","n/e","94"
"Montenegro (ME)","05.12.2016 22:00 - 05.12.2016 23:00 (CET/CEST)","n/e","n/e","75"
"Montenegro (ME)","05.12.2016 23:00 - 06.12.2016 00:00 (CET/CEST)","n/e","n/e","0"
"Montenegro (ME)","06.12.2016 00:00 - 06.12.2016 01:00 (CET/CEST)","n/e","n/e","100"
"Montenegro (ME)","06.12.2016 01:00 - 06.12.2016 02:00 (CET/CEST)","n/e","n/e","0"
"Montenegro (ME)","06.12.2016 02:00 - 06.12.2016 03:00 (CET/CEST)","n/e","n/e","0"
"Montenegro (ME)","06.12.2016 03:00 - 06.12.2016 04:00 (CET/CEST)","n/e","n/e","0"
"Montenegro (ME)","06.12.2016 04:00 - 06.12.2016 05:00 (CET/CEST)","n/e","n/e","0"
"Montenegro (ME)","06.12.2016 05:00 - 06.12.2016 06:00 (CET/CEST)","n/e","n/e","81"
"Montenegro (ME)","06.12.2016 06:00 - 06.12.2016 07:00 (CET/CEST)","n/e","n/e","184"
"Montenegro (ME)","06.12.2016 07:00 - 06.12.2016 08:00 (CET/CEST)","n/e","n/e","331"
"Montenegro (ME)","06.12.2016 08:00 - 06.12.2016 09:00 (CET/CEST)","n/e","n/e","330"
"Montenegro (ME)","06.12.2016 09:00 - 06.12.2016 10:00 (CET/CEST)","n/e","n/e","330"
"Montenegro (ME)","06.12.2016 10:00 - 06.12.2016 11:00 (CET/CEST)","n/e","n/e","331"
"Montenegro (ME)","06.12.2016 11:00 - 06.12.2016 12:00 (CET/CEST)","n/e","n/e","330"
"Montenegro (ME)","06.12.2016 12:00 - 06.12.2016 13:00 (CET/CEST)","n/e","n/e","275"
"Montenegro (ME)","06.12.2016 13:00 - 06.12.2016 14:00 (CET/CEST)","n/e","n/e","329"
"Montenegro (ME)","06.12.2016 14:00 - 06.12.2016 15:00 (CET/CEST)","n/e","n/e","330"
"Montenegro (ME)","06.12.2016 15:00 - 06.12.2016 16:00 (CET/CEST)","n/e","n/e","329"
"Montenegro (ME)","06.12.2016 16:00 - 06.12.2016 17:00 (CET/CEST)","n/e","n/e","330"
"Montenegro (ME)","06.12.2016 17:00 - 06.12.2016 18:00 (CET/CEST)","n/e","n/e","329"
"Montenegro (ME)","06.12.2016 18:00 - 06.12.2016 19:00 (CET/CEST)","n/e","n/e","329"
"Montenegro (ME)","06.12.2016 19:00 - 06.12.2016 20:00 (CET/CEST)","n/e","n/e","329"
"Montenegro (ME)","06.12.2016 20:00 - 06.12.2016 21:00 (CET/CEST)","n/e","n/e","329"
"Montenegro (ME)","06.12.2016 21:00 - 06.12.2016 22:00 (CET/CEST)","n/e","n/e","201"
"Montenegro (ME)","06.12.2016 22:00 - 06.12.2016 23:00 (CET/CEST)","n/e","n/e","91"
"Montenegro (ME)","06.12.2016 23:00 - 07.12.2016 00:00 (CET/CEST)","n/e","n/e","0"
"Montenegro (ME)","07.12.2016 00:00 - 07.12.2016 01:00 (CET/CEST)","n/e","n/e","0"
"Montenegro (ME)","07.12.2016 01:00 - 07.12.2016 02:00 (CET/CEST)","n/e","n/e","0"
"Montenegro (ME)","07.12.2016 02:00 - 07.12.2016 03:00 (CET/CEST)","n/e","n/e","0"
"Montenegro (ME)","07.12.2016 03:00 - 07.12.2016 04:00 (CET/CEST)","n/e","n/e","0"
"Montenegro (ME)","07.12.2016 04:00 - 07.12.2016 05:00 (CET/CEST)","n/e","n/e","0"
"Montenegro (ME)","07.12.2016 05:00 - 07.12.2016 06:00 (CET/CEST)","n/e","n/e","0"
"Montenegro (ME)","07.12.2016 06:00 - 07.12.2016 07:00 (CET/CEST)","n/e","n/e","7"
"Montenegro (ME)","07.12.2016 07:00 - 07.12.2016 08:00 (CET/CEST)","n/e","n/e","273"
"Montenegro (ME)","07.12.2016 08:00 - 07.12.2016 09:00 (CET/CEST)","n/e","n/e","301"
"Montenegro (ME)","07.12.2016 09:00 - 07.12.2016 10:00 (CET/CEST)","n/e","n/e","303"
"Montenegro (ME)","07.12.2016 10:00 - 07.12.2016 11:00 (CET/CEST)","n/e","n/e","274"
"Montenegro (ME)","07.12.2016 11:00 - 07.12.2016 12:00 (CET/CEST)","n/e","n/e","272"
"Montenegro (ME)","07.12.2016 12:00 - 07.12.2016 13:00 (CET/CEST)","n/e","n/e","273"
"Montenegro (ME)","07.12.2016 13:00 - 07.12.2016 14:00 (CET/CEST)","n/e","n/e","273"
"Montenegro (ME)","07.12.2016 14:00 - 07.12.2016 15:00 (CET/CEST)","n/e","n/e","301"
"Montenegro (ME)","07.12.2016 15:00 - 07.12.2016 16:00 (CET/CEST)","n/e","n/e","300"
"Montenegro (ME)","07.12.2016 16:00 - 07.12.2016 17:00 (CET/CEST)","n/e","n/e","306"
"Montenegro (ME)","07.12.2016 17:00 - 07.12.2016 18:00 (CET/CEST)","n/e","n/e","300"
"Montenegro (ME)","07.12.2016 18:00 - 07.12.2016 19:00 (CET/CEST)","n/e","n/e","327"
"Montenegro (ME)","07.12.2016 19:00 - 07.12.2016 20:00 (CET/CEST)","n/e","n/e","328"
"Montenegro (ME)","07.12.2016 20:00 - 07.12.2016 21:00 (CET/CEST)","n/e","n/e","328"
"Montenegro (ME)","07.12.2016 21:00 - 07.12.2016 22:00 (CET/CEST)","n/e","n/e","328"
"Montenegro (ME)","07.12.2016 22:00 - 07.12.2016 23:00 (CET/CEST)","n/e","n/e","327"
"Montenegro (ME)","07.12.2016 23:00 - 08.12.2016 00:00 (CET/CEST)","n/e","n/e","93"
"Montenegro (ME)","08.12.2016 00:00 - 08.12.2016 01:00 (CET/CEST)","n/e","n/e","0"
"Montenegro (ME)","08.12.2016 01:00 - 08.12.2016 02:00 (CET/CEST)","n/e","n/e","0"
"Montenegro (ME)","08.12.2016 02:00 - 08.12.2016 03:00 (CET/CEST)","n/e","n/e","0"
"Montenegro (ME)","08.12.2016 03:00 - 08.12.2016 04:00 (CET/CEST)","n/e","n/e","0"
"Montenegro (ME)","08.12.2016 04:00 - 08.12.2016 05:00 (CET/CEST)","n/e","n/e","0"
"Montenegro (ME)","08.12.2016 05:00 - 08.12.2016 06:00 (CET/CEST)","n/e","n/e","0"
"Montenegro (ME)","08.12.2016 06:00 - 08.12.2016 07:00 (CET/CEST)","n/e","n/e","0"
"Montenegro (ME)","08.12.2016 07:00 - 08.12.2016 08:00 (CET/CEST)","n/e","n/e","183"
"Montenegro (ME)","08.12.2016 08:00 - 08.12.2016 09:00 (CET/CEST)","n/e","n/e","183"
"Montenegro (ME)","08.12.2016 09:00 - 08.12.2016 10:00 (CET/CEST)","n/e","n/e","219"
"Montenegro (ME)","08.12.2016 10:00 - 08.12.2016 11:00 (CET/CEST)","n/e","n/e","183"
"Montenegro (ME)","08.12.2016 11:00 - 08.12.2016 12:00 (CET/CEST)","n/e","n/e","182"
"Montenegro (ME)","08.12.2016 12:00 - 08.12.2016 13:00 (CET/CEST)","n/e","n/e","183"
"Montenegro (ME)","08.12.2016 13:00 - 08.12.2016 14:00 (CET/CEST)","n/e","n/e","217"
"Montenegro (ME)","08.12.2016 14:00 - 08.12.2016 15:00 (CET/CEST)","n/e","n/e","183"
"Montenegro (ME)","08.12.2016 15:00 - 08.12.2016 16:00 (CET/CEST)","n/e","n/e","183"
"Montenegro (ME)","08.12.2016 16:00 - 08.12.2016 17:00 (CET/CEST)","n/e","n/e","183"
"Montenegro (ME)","08.12.2016 17:00 - 08.12.2016 18:00 (CET/CEST)","n/e","n/e","217"
"Montenegro (ME)","08.12.2016 18:00 - 08.12.2016 19:00 (CET/CEST)","n/e","n/e","185"
"Montenegro (ME)","08.12.2016 19:00 - 08.12.2016 20:00 (CET/CEST)","n/e","n/e","183"
"Montenegro (ME)","08.12.2016 20:00 - 08.12.2016 21:00 (CET/CEST)","n/e","n/e","183"
"Montenegro (ME)","08.12.2016 21:00 - 08.12.2016 22:00 (CET/CEST)","n/e","n/e","91"
"Montenegro (ME)","08.12.2016 22:00 - 08.12.2016 23:00 (CET/CEST)","n/e","n/e","89"
"Montenegro (ME)","08.12.2016 23:00 - 09.12.2016 00:00 (CET/CEST)","n/e","n/e","0"
"Montenegro (ME)","09.12.2016 00:00 - 09.12.2016 01:00 (CET/CEST)","n/e","n/e","0"
"Montenegro (ME)","09.12.2016 01:00 - 09.12.2016 02:00 (CET/CEST)","n/e","n/e","0"
"Montenegro (ME)","09.12.2016 02:00 - 09.12.2016 03:00 (CET/CEST)","n/e","n/e","0"
"Montenegro (ME)","09.12.2016 03:00 - 09.12.2016 04:00 (CET/CEST)","n/e","n/e","0"
"Montenegro (ME)","09.12.2016 04:00 - 09.12.2016 05:00 (CET/CEST)","n/e","n/e","0"
"Montenegro (ME)","09.12.2016 05:00 - 09.12.2016 06:00 (CET/CEST)","n/e","n/e","0"
"Montenegro (ME)","09.12.2016 06:00 - 09.12.2016 07:00 (CET/CEST)","n/e","n/e","1"
"Montenegro (ME)","09.12.2016 07:00 - 09.12.2016 08:00 (CET/CEST)","n/e","n/e","181"
"Montenegro (ME)","09.12.2016 08:00 - 09.12.2016 09:00 (CET/CEST)","n/e","n/e","268"
"Montenegro (ME)","09.12.2016 09:00 - 09.12.2016 10:00 (CET/CEST)","n/e","n/e","268"
"Montenegro (ME)","09.12.2016 10:00 - 09.12.2016 11:00 (CET/CEST)","n/e","n/e","269"
"Montenegro (ME)","09.12.2016 11:00 - 09.12.2016 12:00 (CET/CEST)","n/e","n/e","270"
"Montenegro (ME)","09.12.2016 12:00 - 09.12.2016 13:00 (CET/CEST)","n/e","n/e","295"
"Montenegro (ME)","09.12.2016 13:00 - 09.12.2016 14:00 (CET/CEST)","n/e","n/e","301"
"Montenegro (ME)","09.12.2016 14:00 - 09.12.2016 15:00 (CET/CEST)","n/e","n/e","222"
"Montenegro (ME)","09.12.2016 15:00 - 09.12.2016 16:00 (CET/CEST)","n/e","n/e","213"
"Montenegro (ME)","09.12.2016 16:00 - 09.12.2016 17:00 (CET/CEST)","n/e","n/e","315"
"Montenegro (ME)","09.12.2016 17:00 - 09.12.2016 18:00 (CET/CEST)","n/e","n/e","256"
"Montenegro (ME)","09.12.2016 18:00 - 09.12.2016 19:00 (CET/CEST)","n/e","n/e","316"
"Montenegro (ME)","09.12.2016 19:00 - 09.12.2016 20:00 (CET/CEST)","n/e","n/e","282"
"Montenegro (ME)","09.12.2016 20:00 - 09.12.2016 21:00 (CET/CEST)","n/e","n/e","105"
"Montenegro (ME)","09.12.2016 21:00 - 09.12.2016 22:00 (CET/CEST)","n/e","n/e","0"
"Montenegro (ME)","09.12.2016 22:00 - 09.12.2016 23:00 (CET/CEST)","n/e","n/e","0"
"Montenegro (ME)","09.12.2016 23:00 - 10.12.2016 00:00 (CET/CEST)","n/e","n/e","0"
"Montenegro (ME)","10.12.2016 00:00 - 10.12.2016 01:00 (CET/CEST)","n/e","n/e","0"
"Montenegro (ME)","10.12.2016 01:00 - 10.12.2016 02:00 (CET/CEST)","n/e","n/e","0"
"Montenegro (ME)","10.12.2016 02:00 - 10.12.2016 03:00 (CET/CEST)","n/e","n/e","0"
"Montenegro (ME)","10.12.2016 03:00 - 10.12.2016 04:00 (CET/CEST)","n/e","n/e","0"
"Montenegro (ME)","10.12.2016 04:00 - 10.12.2016 05:00 (CET/CEST)","n/e","n/e","0"
"Montenegro (ME)","10.12.2016 05:00 - 10.12.2016 06:00 (CET/CEST)","n/e","n/e","0"
"Montenegro (ME)","10.12.2016 06:00 - 10.12.2016 07:00 (CET/CEST)","n/e","n/e","0"
"Montenegro (ME)","10.12.2016 07:00 - 10.12.2016 08:00 (CET/CEST)","n/e","n/e","90"
"Montenegro (ME)","10.12.2016 08:00 - 10.12.2016 09:00 (CET/CEST)","n/e","n/e","180"
"Montenegro (ME)","10.12.2016 09:00 - 10.12.2016 10:00 (CET/CEST)","n/e","n/e","182"
"Montenegro (ME)","10.12.2016 10:00 - 10.12.2016 11:00 (CET/CEST)","n/e","n/e","182"
"Montenegro (ME)","10.12.2016 11:00 - 10.12.2016 12:00 (CET/CEST)","n/e","n/e","181"
"Montenegro (ME)","10.12.2016 12:00 - 10.12.2016 13:00 (CET/CEST)","n/e","n/e","171"
"Montenegro (ME)","10.12.2016 13:00 - 10.12.2016 14:00 (CET/CEST)","n/e","n/e","162"
"Montenegro (ME)","10.12.2016 14:00 - 10.12.2016 15:00 (CET/CEST)","n/e","n/e","143"
"Montenegro (ME)","10.12.2016 15:00 - 10.12.2016 16:00 (CET/CEST)","n/e","n/e","142"
"Montenegro (ME)","10.12.2016 16:00 - 10.12.2016 17:00 (CET/CEST)","n/e","n/e","182"
"Montenegro (ME)","10.12.2016 17:00 - 10.12.2016 18:00 (CET/CEST)","n/e","n/e","209"
"Montenegro (ME)","10.12.2016 18:00 - 10.12.2016 19:00 (CET/CEST)","n/e","n/e","172"
"Montenegro (ME)","10.12.2016 19:00 - 10.12.2016 20:00 (CET/CEST)","n/e","n/e","90"
"Montenegro (ME)","10.12.2016 20:00 - 10.12.2016 21:00 (CET/CEST)","n/e","n/e","0"
"Montenegro (ME)","10.12.2016 21:00 - 10.12.2016 22:00 (CET/CEST)","n/e","n/e","0"
"Montenegro (ME)","10.12.2016 22:00 - 10.12.2016 23:00 (CET/CEST)","n/e","n/e","0"
"Montenegro (ME)","10.12.2016 23:00 - 11.12.2016 00:00 (CET/CEST)","n/e","n/e","0"
"Montenegro (ME)","11.12.2016 00:00 - 11.12.2016 01:00 (CET/CEST)","n/e","n/e","0"
"Montenegro (ME)","11.12.2016 01:00 - 11.12.2016 02:00 (CET/CEST)","n/e","n/e","0"
"Montenegro (ME)","11.12.2016 02:00 - 11.12.2016 03:00 (CET/CEST)","n/e","n/e","0"
"Montenegro (ME)","11.12.2016 03:00 - 11.12.2016 04:00 (CET/CEST)","n/e","n/e","0"
"Montenegro (ME)","11.12.2016 04:00 - 11.12.2016 05:00 (CET/CEST)","n/e","n/e","0"
"Montenegro (ME)","11.12.2016 05:00 - 11.12.2016 06:00 (CET/CEST)","n/e","n/e","0"
"Montenegro (ME)","11.12.2016 06:00 - 11.12.2016 07:00 (CET/CEST)","n/e","n/e","0"
"Montenegro (ME)","11.12.2016 07:00 - 11.12.2016 08:00 (CET/CEST)","n/e","n/e","0"
"Montenegro (ME)","11.12.2016 08:00 - 11.12.2016 09:00 (CET/CEST)","n/e","n/e","0"
"Montenegro (ME)","11.12.2016 09:00 - 11.12.2016 10:00 (CET/CEST)","n/e","n/e","0"
"Montenegro (ME)","11.12.2016 10:00 - 11.12.2016 11:00 (CET/CEST)","n/e","n/e","0"
"Montenegro (ME)","11.12.2016 11:00 - 11.12.2016 12:00 (CET/CEST)","n/e","n/e","0"
"Montenegro (ME)","11.12.2016 12:00 - 11.12.2016 13:00 (CET/CEST)","n/e","n/e","0"
"Montenegro (ME)","11.12.2016 13:00 - 11.12.2016 14:00 (CET/CEST)","n/e","n/e","0"
"Montenegro (ME)","11.12.2016 14:00 - 11.12.2016 15:00 (CET/CEST)","n/e","n/e","0"
"Montenegro (ME)","11.12.2016 15:00 - 11.12.2016 16:00 (CET/CEST)","n/e","n/e","0"
"Montenegro (ME)","11.12.2016 16:00 - 11.12.2016 17:00 (CET/CEST)","n/e","n/e","0"
"Montenegro (ME)","11.12.2016 17:00 - 11.12.2016 18:00 (CET/CEST)","n/e","n/e","104"
"Montenegro (ME)","11.12.2016 18:00 - 11.12.2016 19:00 (CET/CEST)","n/e","n/e","96"
"Montenegro (ME)","11.12.2016 19:00 - 11.12.2016 20:00 (CET/CEST)","n/e","n/e","0"
"Montenegro (ME)","11.12.2016 20:00 - 11.12.2016 21:00 (CET/CEST)","n/e","n/e","0"
"Montenegro (ME)","11.12.2016 21:00 - 11.12.2016 22:00 (CET/CEST)","n/e","n/e","0"
"Montenegro (ME)","11.12.2016 22:00 - 11.12.2016 23:00 (CET/CEST)","n/e","n/e","0"
"Montenegro (ME)","11.12.2016 23:00 - 12.12.2016 00:00 (CET/CEST)","n/e","n/e","0"
"Montenegro (ME)","12.12.2016 00:00 - 12.12.2016 01:00 (CET/CEST)","n/e","n/e","0"
"Montenegro (ME)","12.12.2016 01:00 - 12.12.2016 02:00 (CET/CEST)","n/e","n/e","0"
"Montenegro (ME)","12.12.2016 02:00 - 12.12.2016 03:00 (CET/CEST)","n/e","n/e","0"
"Montenegro (ME)","12.12.2016 03:00 - 12.12.2016 04:00 (CET/CEST)","n/e","n/e","0"
"Montenegro (ME)","12.12.2016 04:00 - 12.12.2016 05:00 (CET/CEST)","n/e","n/e","0"
"Montenegro (ME)","12.12.2016 05:00 - 12.12.2016 06:00 (CET/CEST)","n/e","n/e","0"
"Montenegro (ME)","12.12.2016 06:00 - 12.12.2016 07:00 (CET/CEST)","n/e","n/e","106"
"Montenegro (ME)","12.12.2016 07:00 - 12.12.2016 08:00 (CET/CEST)","n/e","n/e","301"
"Montenegro (ME)","12.12.2016 08:00 - 12.12.2016 09:00 (CET/CEST)","n/e","n/e","301"
"Montenegro (ME)","12.12.2016 09:00 - 12.12.2016 10:00 (CET/CEST)","n/e","n/e","299"
"Montenegro (ME)","12.12.2016 10:00 - 12.12.2016 11:00 (CET/CEST)","n/e","n/e","299"
"Montenegro (ME)","12.12.2016 11:00 - 12.12.2016 12:00 (CET/CEST)","n/e","n/e","300"
"Montenegro (ME)","12.12.2016 12:00 - 12.12.2016 13:00 (CET/CEST)","n/e","n/e","301"
"Montenegro (ME)","12.12.2016 13:00 - 12.12.2016 14:00 (CET/CEST)","n/e","n/e","301"
"Montenegro (ME)","12.12.2016 14:00 - 12.12.2016 15:00 (CET/CEST)","n/e","n/e","301"
"Montenegro (ME)","12.12.2016 15:00 - 12.12.2016 16:00 (CET/CEST)","n/e","n/e","302"
"Montenegro (ME)","12.12.2016 16:00 - 12.12.2016 17:00 (CET/CEST)","n/e","n/e","317"
"Montenegro (ME)","12.12.2016 17:00 - 12.12.2016 18:00 (CET/CEST)","n/e","n/e","316"
"Montenegro (ME)","12.12.2016 18:00 - 12.12.2016 19:00 (CET/CEST)","n/e","n/e","316"
"Montenegro (ME)","12.12.2016 19:00 - 12.12.2016 20:00 (CET/CEST)","n/e","n/e","316"
"Montenegro (ME)","12.12.2016 20:00 - 12.12.2016 21:00 (CET/CEST)","n/e","n/e","312"
"Montenegro (ME)","12.12.2016 21:00 - 12.12.2016 22:00 (CET/CEST)","n/e","n/e","0"
"Montenegro (ME)","12.12.2016 22:00 - 12.12.2016 23:00 (CET/CEST)","n/e","n/e","0"
"Montenegro (ME)","12.12.2016 23:00 - 13.12.2016 00:00 (CET/CEST)","n/e","n/e","0"
"Montenegro (ME)","13.12.2016 00:00 - 13.12.2016 01:00 (CET/CEST)","n/e","n/e","0"
"Montenegro (ME)","13.12.2016 01:00 - 13.12.2016 02:00 (CET/CEST)","n/e","n/e","0"
"Montenegro (ME)","13.12.2016 02:00 - 13.12.2016 03:00 (CET/CEST)","n/e","n/e","0"
"Montenegro (ME)","13.12.2016 03:00 - 13.12.2016 04:00 (CET/CEST)","n/e","n/e","0"
"Montenegro (ME)","13.12.2016 04:00 - 13.12.2016 05:00 (CET/CEST)","n/e","n/e","0"
"Montenegro (ME)","13.12.2016 05:00 - 13.12.2016 06:00 (CET/CEST)","n/e","n/e","1"
"Montenegro (ME)","13.12.2016 06:00 - 13.12.2016 07:00 (CET/CEST)","n/e","n/e","92"
"Montenegro (ME)","13.12.2016 07:00 - 13.12.2016 08:00 (CET/CEST)","n/e","n/e","263"
"Montenegro (ME)","13.12.2016 08:00 - 13.12.2016 09:00 (CET/CEST)","n/e","n/e","316"
"Montenegro (ME)","13.12.2016 09:00 - 13.12.2016 10:00 (CET/CEST)","n/e","n/e","315"
"Montenegro (ME)","13.12.2016 10:00 - 13.12.2016 11:00 (CET/CEST)","n/e","n/e","315"
"Montenegro (ME)","13.12.2016 11:00 - 13.12.2016 12:00 (CET/CEST)","n/e","n/e","315"
"Montenegro (ME)","13.12.2016 12:00 - 13.12.2016 13:00 (CET/CEST)","n/e","n/e","316"
"Montenegro (ME)","13.12.2016 13:00 - 13.12.2016 14:00 (CET/CEST)","n/e","n/e","315"
"Montenegro (ME)","13.12.2016 14:00 - 13.12.2016 15:00 (CET/CEST)","n/e","n/e","315"
"Montenegro (ME)","13.12.2016 15:00 - 13.12.2016 16:00 (CET/CEST)","n/e","n/e","315"
"Montenegro (ME)","13.12.2016 16:00 - 13.12.2016 17:00 (CET/CEST)","n/e","n/e","316"
"Montenegro (ME)","13.12.2016 17:00 - 13.12.2016 18:00 (CET/CEST)","n/e","n/e","315"
"Montenegro (ME)","13.12.2016 18:00 - 13.12.2016 19:00 (CET/CEST)","n/e","n/e","316"
"Montenegro (ME)","13.12.2016 19:00 - 13.12.2016 20:00 (CET/CEST)","n/e","n/e","316"
"Montenegro (ME)","13.12.2016 20:00 - 13.12.2016 21:00 (CET/CEST)","n/e","n/e","238"
"Montenegro (ME)","13.12.2016 21:00 - 13.12.2016 22:00 (CET/CEST)","n/e","n/e","70"
"Montenegro (ME)","13.12.2016 22:00 - 13.12.2016 23:00 (CET/CEST)","n/e","n/e","104"
"Montenegro (ME)","13.12.2016 23:00 - 14.12.2016 00:00 (CET/CEST)","n/e","n/e","0"
"Montenegro (ME)","14.12.2016 00:00 - 14.12.2016 01:00 (CET/CEST)","n/e","n/e","0"
"Montenegro (ME)","14.12.2016 01:00 - 14.12.2016 02:00 (CET/CEST)","n/e","n/e","0"
"Montenegro (ME)","14.12.2016 02:00 - 14.12.2016 03:00 (CET/CEST)","n/e","n/e","0"
"Montenegro (ME)","14.12.2016 03:00 - 14.12.2016 04:00 (CET/CEST)","n/e","n/e","0"
"Montenegro (ME)","14.12.2016 04:00 - 14.12.2016 05:00 (CET/CEST)","n/e","n/e","0"
"Montenegro (ME)","14.12.2016 05:00 - 14.12.2016 06:00 (CET/CEST)","n/e","n/e","2"
"Montenegro (ME)","14.12.2016 06:00 - 14.12.2016 07:00 (CET/CEST)","n/e","n/e","181"
"Montenegro (ME)","14.12.2016 07:00 - 14.12.2016 08:00 (CET/CEST)","n/e","n/e","316"
"Montenegro (ME)","14.12.2016 08:00 - 14.12.2016 09:00 (CET/CEST)","n/e","n/e","316"
"Montenegro (ME)","14.12.2016 09:00 - 14.12.2016 10:00 (CET/CEST)","n/e","n/e","316"
"Montenegro (ME)","14.12.2016 10:00 - 14.12.2016 11:00 (CET/CEST)","n/e","n/e","316"
"Montenegro (ME)","14.12.2016 11:00 - 14.12.2016 12:00 (CET/CEST)","n/e","n/e","315"
"Montenegro (ME)","14.12.2016 12:00 - 14.12.2016 13:00 (CET/CEST)","n/e","n/e","315"
"Montenegro (ME)","14.12.2016 13:00 - 14.12.2016 14:00 (CET/CEST)","n/e","n/e","315"
"Montenegro (ME)","14.12.2016 14:00 - 14.12.2016 15:00 (CET/CEST)","n/e","n/e","315"
"Montenegro (ME)","14.12.2016 15:00 - 14.12.2016 16:00 (CET/CEST)","n/e","n/e","314"
"Montenegro (ME)","14.12.2016 16:00 - 14.12.2016 17:00 (CET/CEST)","n/e","n/e","314"
"Montenegro (ME)","14.12.2016 17:00 - 14.12.2016 18:00 (CET/CEST)","n/e","n/e","314"
"Montenegro (ME)","14.12.2016 18:00 - 14.12.2016 19:00 (CET/CEST)","n/e","n/e","314"
"Montenegro (ME)","14.12.2016 19:00 - 14.12.2016 20:00 (CET/CEST)","n/e","n/e","313"
"Montenegro (ME)","14.12.2016 20:00 - 14.12.2016 21:00 (CET/CEST)","n/e","n/e","313"
"Montenegro (ME)","14.12.2016 21:00 - 14.12.2016 22:00 (CET/CEST)","n/e","n/e","266"
"Montenegro (ME)","14.12.2016 22:00 - 14.12.2016 23:00 (CET/CEST)","n/e","n/e","1"
"Montenegro (ME)","14.12.2016 23:00 - 15.12.2016 00:00 (CET/CEST)","n/e","n/e","0"
"Montenegro (ME)","15.12.2016 00:00 - 15.12.2016 01:00 (CET/CEST)","n/e","n/e","0"
"Montenegro (ME)","15.12.2016 01:00 - 15.12.2016 02:00 (CET/CEST)","n/e","n/e","0"
"Montenegro (ME)","15.12.2016 02:00 - 15.12.2016 03:00 (CET/CEST)","n/e","n/e","0"
"Montenegro (ME)","15.12.2016 03:00 - 15.12.2016 04:00 (CET/CEST)","n/e","n/e","0"
"Montenegro (ME)","15.12.2016 04:00 - 15.12.2016 05:00 (CET/CEST)","n/e","n/e","0"
"Montenegro (ME)","15.12.2016 05:00 - 15.12.2016 06:00 (CET/CEST)","n/e","n/e","1"
"Montenegro (ME)","15.12.2016 06:00 - 15.12.2016 07:00 (CET/CEST)","n/e","n/e","201"
"Montenegro (ME)","15.12.2016 07:00 - 15.12.2016 08:00 (CET/CEST)","n/e","n/e","312"
"Montenegro (ME)","15.12.2016 08:00 - 15.12.2016 09:00 (CET/CEST)","n/e","n/e","313"
"Montenegro (ME)","15.12.2016 09:00 - 15.12.2016 10:00 (CET/CEST)","n/e","n/e","305"
"Montenegro (ME)","15.12.2016 10:00 - 15.12.2016 11:00 (CET/CEST)","n/e","n/e","305"
"Montenegro (ME)","15.12.2016 11:00 - 15.12.2016 12:00 (CET/CEST)","n/e","n/e","305"
"Montenegro (ME)","15.12.2016 12:00 - 15.12.2016 13:00 (CET/CEST)","n/e","n/e","304"
"Montenegro (ME)","15.12.2016 13:00 - 15.12.2016 14:00 (CET/CEST)","n/e","n/e","268"
"Montenegro (ME)","15.12.2016 14:00 - 15.12.2016 15:00 (CET/CEST)","n/e","n/e","266"
"Montenegro (ME)","15.12.2016 15:00 - 15.12.2016 16:00 (CET/CEST)","n/e","n/e","306"
"Montenegro (ME)","15.12.2016 16:00 - 15.12.2016 17:00 (CET/CEST)","n/e","n/e","308"
"Montenegro (ME)","15.12.2016 17:00 - 15.12.2016 18:00 (CET/CEST)","n/e","n/e","306"
"Montenegro (ME)","15.12.2016 18:00 - 15.12.2016 19:00 (CET/CEST)","n/e","n/e","306"
"Montenegro (ME)","15.12.2016 19:00 - 15.12.2016 20:00 (CET/CEST)","n/e","n/e","308"
"Montenegro (ME)","15.12.2016 20:00 - 15.12.2016 21:00 (CET/CEST)","n/e","n/e","307"
"Montenegro (ME)","15.12.2016 21:00 - 15.12.2016 22:00 (CET/CEST)","n/e","n/e","181"
"Montenegro (ME)","15.12.2016 22:00 - 15.12.2016 23:00 (CET/CEST)","n/e","n/e","181"
"Montenegro (ME)","15.12.2016 23:00 - 16.12.2016 00:00 (CET/CEST)","n/e","n/e","71"
"Montenegro (ME)","16.12.2016 00:00 - 16.12.2016 01:00 (CET/CEST)","n/e","n/e","0"
"Montenegro (ME)","16.12.2016 01:00 - 16.12.2016 02:00 (CET/CEST)","n/e","n/e","0"
"Montenegro (ME)","16.12.2016 02:00 - 16.12.2016 03:00 (CET/CEST)","n/e","n/e","0"
"Montenegro (ME)","16.12.2016 03:00 - 16.12.2016 04:00 (CET/CEST)","n/e","n/e","0"
"Montenegro (ME)","16.12.2016 04:00 - 16.12.2016 05:00 (CET/CEST)","n/e","n/e","0"
"Montenegro (ME)","16.12.2016 05:00 - 16.12.2016 06:00 (CET/CEST)","n/e","n/e","1"
"Montenegro (ME)","16.12.2016 06:00 - 16.12.2016 07:00 (CET/CEST)","n/e","n/e","188"
"Montenegro (ME)","16.12.2016 07:00 - 16.12.2016 08:00 (CET/CEST)","n/e","n/e","188"
"Montenegro (ME)","16.12.2016 08:00 - 16.12.2016 09:00 (CET/CEST)","n/e","n/e","278"
"Montenegro (ME)","16.12.2016 09:00 - 16.12.2016 10:00 (CET/CEST)","n/e","n/e","276"
"Montenegro (ME)","16.12.2016 10:00 - 16.12.2016 11:00 (CET/CEST)","n/e","n/e","276"
"Montenegro (ME)","16.12.2016 11:00 - 16.12.2016 12:00 (CET/CEST)","n/e","n/e","276"
"Montenegro (ME)","16.12.2016 12:00 - 16.12.2016 13:00 (CET/CEST)","n/e","n/e","278"
"Montenegro (ME)","16.12.2016 13:00 - 16.12.2016 14:00 (CET/CEST)","n/e","n/e","276"
"Montenegro (ME)","16.12.2016 14:00 - 16.12.2016 15:00 (CET/CEST)","n/e","n/e","277"
"Montenegro (ME)","16.12.2016 15:00 - 16.12.2016 16:00 (CET/CEST)","n/e","n/e","277"
"Montenegro (ME)","16.12.2016 16:00 - 16.12.2016 17:00 (CET/CEST)","n/e","n/e","277"
"Montenegro (ME)","16.12.2016 17:00 - 16.12.2016 18:00 (CET/CEST)","n/e","n/e","277"
"Montenegro (ME)","16.12.2016 18:00 - 16.12.2016 19:00 (CET/CEST)","n/e","n/e","276"
"Montenegro (ME)","16.12.2016 19:00 - 16.12.2016 20:00 (CET/CEST)","n/e","n/e","276"
"Montenegro (ME)","16.12.2016 20:00 - 16.12.2016 21:00 (CET/CEST)","n/e","n/e","279"
"Montenegro (ME)","16.12.2016 21:00 - 16.12.2016 22:00 (CET/CEST)","n/e","n/e","277"
"Montenegro (ME)","16.12.2016 22:00 - 16.12.2016 23:00 (CET/CEST)","n/e","n/e","276"
"Montenegro (ME)","16.12.2016 23:00 - 17.12.2016 00:00 (CET/CEST)","n/e","n/e","78"
"Montenegro (ME)","17.12.2016 00:00 - 17.12.2016 01:00 (CET/CEST)","n/e","n/e","99"
"Montenegro (ME)","17.12.2016 01:00 - 17.12.2016 02:00 (CET/CEST)","n/e","n/e","94"
"Montenegro (ME)","17.12.2016 02:00 - 17.12.2016 03:00 (CET/CEST)","n/e","n/e","0"
"Montenegro (ME)","17.12.2016 03:00 - 17.12.2016 04:00 (CET/CEST)","n/e","n/e","0"
"Montenegro (ME)","17.12.2016 04:00 - 17.12.2016 05:00 (CET/CEST)","n/e","n/e","0"
"Montenegro (ME)","17.12.2016 05:00 - 17.12.2016 06:00 (CET/CEST)","n/e","n/e","0"
"Montenegro (ME)","17.12.2016 06:00 - 17.12.2016 07:00 (CET/CEST)","n/e","n/e","0"
"Montenegro (ME)","17.12.2016 07:00 - 17.12.2016 08:00 (CET/CEST)","n/e","n/e","0"
"Montenegro (ME)","17.12.2016 08:00 - 17.12.2016 09:00 (CET/CEST)","n/e","n/e","172"
"Montenegro (ME)","17.12.2016 09:00 - 17.12.2016 10:00 (CET/CEST)","n/e","n/e","186"
"Montenegro (ME)","17.12.2016 10:00 - 17.12.2016 11:00 (CET/CEST)","n/e","n/e","186"
"Montenegro (ME)","17.12.2016 11:00 - 17.12.2016 12:00 (CET/CEST)","n/e","n/e","187"
"Montenegro (ME)","17.12.2016 12:00 - 17.12.2016 13:00 (CET/CEST)","n/e","n/e","186"
"Montenegro (ME)","17.12.2016 13:00 - 17.12.2016 14:00 (CET/CEST)","n/e","n/e","186"
"Montenegro (ME)","17.12.2016 14:00 - 17.12.2016 15:00 (CET/CEST)","n/e","n/e","142"
"Montenegro (ME)","17.12.2016 15:00 - 17.12.2016 16:00 (CET/CEST)","n/e","n/e","142"
"Montenegro (ME)","17.12.2016 16:00 - 17.12.2016 17:00 (CET/CEST)","n/e","n/e","185"
"Montenegro (ME)","17.12.2016 17:00 - 17.12.2016 18:00 (CET/CEST)","n/e","n/e","184"
"Montenegro (ME)","17.12.2016 18:00 - 17.12.2016 19:00 (CET/CEST)","n/e","n/e","187"
"Montenegro (ME)","17.12.2016 19:00 - 17.12.2016 20:00 (CET/CEST)","n/e","n/e","183"
"Montenegro (ME)","17.12.2016 20:00 - 17.12.2016 21:00 (CET/CEST)","n/e","n/e","188"
"Montenegro (ME)","17.12.2016 21:00 - 17.12.2016 22:00 (CET/CEST)","n/e","n/e","188"
"Montenegro (ME)","17.12.2016 22:00 - 17.12.2016 23:00 (CET/CEST)","n/e","n/e","188"
"Montenegro (ME)","17.12.2016 23:00 - 18.12.2016 00:00 (CET/CEST)","n/e","n/e","168"
"Montenegro (ME)","18.12.2016 00:00 - 18.12.2016 01:00 (CET/CEST)","n/e","n/e","102"
"Montenegro (ME)","18.12.2016 01:00 - 18.12.2016 02:00 (CET/CEST)","n/e","n/e","74"
"Montenegro (ME)","18.12.2016 02:00 - 18.12.2016 03:00 (CET/CEST)","n/e","n/e","0"
"Montenegro (ME)","18.12.2016 03:00 - 18.12.2016 04:00 (CET/CEST)","n/e","n/e","0"
"Montenegro (ME)","18.12.2016 04:00 - 18.12.2016 05:00 (CET/CEST)","n/e","n/e","0"
"Montenegro (ME)","18.12.2016 05:00 - 18.12.2016 06:00 (CET/CEST)","n/e","n/e","0"
"Montenegro (ME)","18.12.2016 06:00 - 18.12.2016 07:00 (CET/CEST)","n/e","n/e","0"
"Montenegro (ME)","18.12.2016 07:00 - 18.12.2016 08:00 (CET/CEST)","n/e","n/e","0"
"Montenegro (ME)","18.12.2016 08:00 - 18.12.2016 09:00 (CET/CEST)","n/e","n/e","0"
"Montenegro (ME)","18.12.2016 09:00 - 18.12.2016 10:00 (CET/CEST)","n/e","n/e","0"
"Montenegro (ME)","18.12.2016 10:00 - 18.12.2016 11:00 (CET/CEST)","n/e","n/e","0"
"Montenegro (ME)","18.12.2016 11:00 - 18.12.2016 12:00 (CET/CEST)","n/e","n/e","0"
"Montenegro (ME)","18.12.2016 12:00 - 18.12.2016 13:00 (CET/CEST)","n/e","n/e","0"
"Montenegro (ME)","18.12.2016 13:00 - 18.12.2016 14:00 (CET/CEST)","n/e","n/e","0"
"Montenegro (ME)","18.12.2016 14:00 - 18.12.2016 15:00 (CET/CEST)","n/e","n/e","0"
"Montenegro (ME)","18.12.2016 15:00 - 18.12.2016 16:00 (CET/CEST)","n/e","n/e","82"
"Montenegro (ME)","18.12.2016 16:00 - 18.12.2016 17:00 (CET/CEST)","n/e","n/e","172"
"Montenegro (ME)","18.12.2016 17:00 - 18.12.2016 18:00 (CET/CEST)","n/e","n/e","173"
"Montenegro (ME)","18.12.2016 18:00 - 18.12.2016 19:00 (CET/CEST)","n/e","n/e","172"
"Montenegro (ME)","18.12.2016 19:00 - 18.12.2016 20:00 (CET/CEST)","n/e","n/e","172"
"Montenegro (ME)","18.12.2016 20:00 - 18.12.2016 21:00 (CET/CEST)","n/e","n/e","171"
"Montenegro (ME)","18.12.2016 21:00 - 18.12.2016 22:00 (CET/CEST)","n/e","n/e","171"
"Montenegro (ME)","18.12.2016 22:00 - 18.12.2016 23:00 (CET/CEST)","n/e","n/e","169"
"Montenegro (ME)","18.12.2016 23:00 - 19.12.2016 00:00 (CET/CEST)","n/e","n/e","78"
"Montenegro (ME)","19.12.2016 00:00 - 19.12.2016 01:00 (CET/CEST)","n/e","n/e","0"
"Montenegro (ME)","19.12.2016 01:00 - 19.12.2016 02:00 (CET/CEST)","n/e","n/e","0"
"Montenegro (ME)","19.12.2016 02:00 - 19.12.2016 03:00 (CET/CEST)","n/e","n/e","0"
"Montenegro (ME)","19.12.2016 03:00 - 19.12.2016 04:00 (CET/CEST)","n/e","n/e","0"
"Montenegro (ME)","19.12.2016 04:00 - 19.12.2016 05:00 (CET/CEST)","n/e","n/e","0"
"Montenegro (ME)","19.12.2016 05:00 - 19.12.2016 06:00 (CET/CEST)","n/e","n/e","0"
"Montenegro (ME)","19.12.2016 06:00 - 19.12.2016 07:00 (CET/CEST)","n/e","n/e","83"
"Montenegro (ME)","19.12.2016 07:00 - 19.12.2016 08:00 (CET/CEST)","n/e","n/e","240"
"Montenegro (ME)","19.12.2016 08:00 - 19.12.2016 09:00 (CET/CEST)","n/e","n/e","271"
"Montenegro (ME)","19.12.2016 09:00 - 19.12.2016 10:00 (CET/CEST)","n/e","n/e","281"
"Montenegro (ME)","19.12.2016 10:00 - 19.12.2016 11:00 (CET/CEST)","n/e","n/e","279"
"Montenegro (ME)","19.12.2016 11:00 - 19.12.2016 12:00 (CET/CEST)","n/e","n/e","271"
"Montenegro (ME)","19.12.2016 12:00 - 19.12.2016 13:00 (CET/CEST)","n/e","n/e","261"
"Montenegro (ME)","19.12.2016 13:00 - 19.12.2016 14:00 (CET/CEST)","n/e","n/e","261"
"Montenegro (ME)","19.12.2016 14:00 - 19.12.2016 15:00 (CET/CEST)","n/e","n/e","261"
"Montenegro (ME)","19.12.2016 15:00 - 19.12.2016 16:00 (CET/CEST)","n/e","n/e","261"
"Montenegro (ME)","19.12.2016 16:00 - 19.12.2016 17:00 (CET/CEST)","n/e","n/e","261"
"Montenegro (ME)","19.12.2016 17:00 - 19.12.2016 18:00 (CET/CEST)","n/e","n/e","258"
"Montenegro (ME)","19.12.2016 18:00 - 19.12.2016 19:00 (CET/CEST)","n/e","n/e","261"
"Montenegro (ME)","19.12.2016 19:00 - 19.12.2016 20:00 (CET/CEST)","n/e","n/e","261"
"Montenegro (ME)","19.12.2016 20:00 - 19.12.2016 21:00 (CET/CEST)","n/e","n/e","150"
"Montenegro (ME)","19.12.2016 21:00 - 19.12.2016 22:00 (CET/CEST)","n/e","n/e","152"
"Montenegro (ME)","19.12.2016 22:00 - 19.12.2016 23:00 (CET/CEST)","n/e","n/e","140"
"Montenegro (ME)","19.12.2016 23:00 - 20.12.2016 00:00 (CET/CEST)","n/e","n/e","0"
"Montenegro (ME)","20.12.2016 00:00 - 20.12.2016 01:00 (CET/CEST)","n/e","n/e","0"
"Montenegro (ME)","20.12.2016 01:00 - 20.12.2016 02:00 (CET/CEST)","n/e","n/e","0"
"Montenegro (ME)","20.12.2016 02:00 - 20.12.2016 03:00 (CET/CEST)","n/e","n/e","0"
"Montenegro (ME)","20.12.2016 03:00 - 20.12.2016 04:00 (CET/CEST)","n/e","n/e","0"
"Montenegro (ME)","20.12.2016 04:00 - 20.12.2016 05:00 (CET/CEST)","n/e","n/e","0"
"Montenegro (ME)","20.12.2016 05:00 - 20.12.2016 06:00 (CET/CEST)","n/e","n/e","0"
"Montenegro (ME)","20.12.2016 06:00 - 20.12.2016 07:00 (CET/CEST)","n/e","n/e","0"
"Montenegro (ME)","20.12.2016 07:00 - 20.12.2016 08:00 (CET/CEST)","n/e","n/e","156"
"Montenegro (ME)","20.12.2016 08:00 - 20.12.2016 09:00 (CET/CEST)","n/e","n/e","155"
"Montenegro (ME)","20.12.2016 09:00 - 20.12.2016 10:00 (CET/CEST)","n/e","n/e","156"
"Montenegro (ME)","20.12.2016 10:00 - 20.12.2016 11:00 (CET/CEST)","n/e","n/e","157"
"Montenegro (ME)","20.12.2016 11:00 - 20.12.2016 12:00 (CET/CEST)","n/e","n/e","156"
"Montenegro (ME)","20.12.2016 12:00 - 20.12.2016 13:00 (CET/CEST)","n/e","n/e","157"
"Montenegro (ME)","20.12.2016 13:00 - 20.12.2016 14:00 (CET/CEST)","n/e","n/e","156"
"Montenegro (ME)","20.12.2016 14:00 - 20.12.2016 15:00 (CET/CEST)","n/e","n/e","158"
"Montenegro (ME)","20.12.2016 15:00 - 20.12.2016 16:00 (CET/CEST)","n/e","n/e","157"
"Montenegro (ME)","20.12.2016 16:00 - 20.12.2016 17:00 (CET/CEST)","n/e","n/e","156"
"Montenegro (ME)","20.12.2016 17:00 - 20.12.2016 18:00 (CET/CEST)","n/e","n/e","156"
"Montenegro (ME)","20.12.2016 18:00 - 20.12.2016 19:00 (CET/CEST)","n/e","n/e","156"
"Montenegro (ME)","20.12.2016 19:00 - 20.12.2016 20:00 (CET/CEST)","n/e","n/e","156"
"Montenegro (ME)","20.12.2016 20:00 - 20.12.2016 21:00 (CET/CEST)","n/e","n/e","162"
"Montenegro (ME)","20.12.2016 21:00 - 20.12.2016 22:00 (CET/CEST)","n/e","n/e","0"
"Montenegro (ME)","20.12.2016 22:00 - 20.12.2016 23:00 (CET/CEST)","n/e","n/e","0"
"Montenegro (ME)","20.12.2016 23:00 - 21.12.2016 00:00 (CET/CEST)","n/e","n/e","0"
"Montenegro (ME)","21.12.2016 00:00 - 21.12.2016 01:00 (CET/CEST)","n/e","n/e","0"
"Montenegro (ME)","21.12.2016 01:00 - 21.12.2016 02:00 (CET/CEST)","n/e","n/e","0"
"Montenegro (ME)","21.12.2016 02:00 - 21.12.2016 03:00 (CET/CEST)","n/e","n/e","0"
"Montenegro (ME)","21.12.2016 03:00 - 21.12.2016 04:00 (CET/CEST)","n/e","n/e","0"
"Montenegro (ME)","21.12.2016 04:00 - 21.12.2016 05:00 (CET/CEST)","n/e","n/e","0"
"Montenegro (ME)","21.12.2016 05:00 - 21.12.2016 06:00 (CET/CEST)","n/e","n/e","0"
"Montenegro (ME)","21.12.2016 06:00 - 21.12.2016 07:00 (CET/CEST)","n/e","n/e","79"
"Montenegro (ME)","21.12.2016 07:00 - 21.12.2016 08:00 (CET/CEST)","n/e","n/e","79"
"Montenegro (ME)","21.12.2016 08:00 - 21.12.2016 09:00 (CET/CEST)","n/e","n/e","158"
"Montenegro (ME)","21.12.2016 09:00 - 21.12.2016 10:00 (CET/CEST)","n/e","n/e","157"
"Montenegro (ME)","21.12.2016 10:00 - 21.12.2016 11:00 (CET/CEST)","n/e","n/e","157"
"Montenegro (ME)","21.12.2016 11:00 - 21.12.2016 12:00 (CET/CEST)","n/e","n/e","159"
"Montenegro (ME)","21.12.2016 12:00 - 21.12.2016 13:00 (CET/CEST)","n/e","n/e","145"
"Montenegro (ME)","21.12.2016 13:00 - 21.12.2016 14:00 (CET/CEST)","n/e","n/e","146"
"Montenegro (ME)","21.12.2016 14:00 - 21.12.2016 15:00 (CET/CEST)","n/e","n/e","242"
"Montenegro (ME)","21.12.2016 15:00 - 21.12.2016 16:00 (CET/CEST)","n/e","n/e","246"
"Montenegro (ME)","21.12.2016 16:00 - 21.12.2016 17:00 (CET/CEST)","n/e","n/e","258"
"Montenegro (ME)","21.12.2016 17:00 - 21.12.2016 18:00 (CET/CEST)","n/e","n/e","256"
"Montenegro (ME)","21.12.2016 18:00 - 21.12.2016 19:00 (CET/CEST)","n/e","n/e","257"
"Montenegro (ME)","21.12.2016 19:00 - 21.12.2016 20:00 (CET/CEST)","n/e","n/e","255"
"Montenegro (ME)","21.12.2016 20:00 - 21.12.2016 21:00 (CET/CEST)","n/e","n/e","256"
"Montenegro (ME)","21.12.2016 21:00 - 21.12.2016 22:00 (CET/CEST)","n/e","n/e","179"
"Montenegro (ME)","21.12.2016 22:00 - 21.12.2016 23:00 (CET/CEST)","n/e","n/e","181"
"Montenegro (ME)","21.12.2016 23:00 - 22.12.2016 00:00 (CET/CEST)","n/e","n/e","179"
"Montenegro (ME)","22.12.2016 00:00 - 22.12.2016 01:00 (CET/CEST)","n/e","n/e","78"
"Montenegro (ME)","22.12.2016 01:00 - 22.12.2016 02:00 (CET/CEST)","n/e","n/e","0"
"Montenegro (ME)","22.12.2016 02:00 - 22.12.2016 03:00 (CET/CEST)","n/e","n/e","0"
"Montenegro (ME)","22.12.2016 03:00 - 22.12.2016 04:00 (CET/CEST)","n/e","n/e","0"
"Montenegro (ME)","22.12.2016 04:00 - 22.12.2016 05:00 (CET/CEST)","n/e","n/e","0"
"Montenegro (ME)","22.12.2016 05:00 - 22.12.2016 06:00 (CET/CEST)","n/e","n/e","0"
"Montenegro (ME)","22.12.2016 06:00 - 22.12.2016 07:00 (CET/CEST)","n/e","n/e","161"
"Montenegro (ME)","22.12.2016 07:00 - 22.12.2016 08:00 (CET/CEST)","n/e","n/e","230"
"Montenegro (ME)","22.12.2016 08:00 - 22.12.2016 09:00 (CET/CEST)","n/e","n/e","272"
"Montenegro (ME)","22.12.2016 09:00 - 22.12.2016 10:00 (CET/CEST)","n/e","n/e","281"
"Montenegro (ME)","22.12.2016 10:00 - 22.12.2016 11:00 (CET/CEST)","n/e","n/e","231"
"Montenegro (ME)","22.12.2016 11:00 - 22.12.2016 12:00 (CET/CEST)","n/e","n/e","232"
"Montenegro (ME)","22.12.2016 12:00 - 22.12.2016 13:00 (CET/CEST)","n/e","n/e","79"
"Montenegro (ME)","22.12.2016 13:00 - 22.12.2016 14:00 (CET/CEST)","n/e","n/e","80"
"Montenegro (ME)","22.12.2016 14:00 - 22.12.2016 15:00 (CET/CEST)","n/e","n/e","78"
"Montenegro (ME)","22.12.2016 15:00 - 22.12.2016 16:00 (CET/CEST)","n/e","n/e","79"
"Montenegro (ME)","22.12.2016 16:00 - 22.12.2016 17:00 (CET/CEST)","n/e","n/e","157"
"Montenegro (ME)","22.12.2016 17:00 - 22.12.2016 18:00 (CET/CEST)","n/e","n/e","155"
"Montenegro (ME)","22.12.2016 18:00 - 22.12.2016 19:00 (CET/CEST)","n/e","n/e","156"
"Montenegro (ME)","22.12.2016 19:00 - 22.12.2016 20:00 (CET/CEST)","n/e","n/e","156"
"Montenegro (ME)","22.12.2016 20:00 - 22.12.2016 21:00 (CET/CEST)","n/e","n/e","102"
"Montenegro (ME)","22.12.2016 21:00 - 22.12.2016 22:00 (CET/CEST)","n/e","n/e","78"
"Montenegro (ME)","22.12.2016 22:00 - 22.12.2016 23:00 (CET/CEST)","n/e","n/e","78"
"Montenegro (ME)","22.12.2016 23:00 - 23.12.2016 00:00 (CET/CEST)","n/e","n/e","78"
"Montenegro (ME)","23.12.2016 00:00 - 23.12.2016 01:00 (CET/CEST)","n/e","n/e","77"
"Montenegro (ME)","23.12.2016 01:00 - 23.12.2016 02:00 (CET/CEST)","n/e","n/e","0"
"Montenegro (ME)","23.12.2016 02:00 - 23.12.2016 03:00 (CET/CEST)","n/e","n/e","0"
"Montenegro (ME)","23.12.2016 03:00 - 23.12.2016 04:00 (CET/CEST)","n/e","n/e","0"
"Montenegro (ME)","23.12.2016 04:00 - 23.12.2016 05:00 (CET/CEST)","n/e","n/e","0"
"Montenegro (ME)","23.12.2016 05:00 - 23.12.2016 06:00 (CET/CEST)","n/e","n/e","0"
"Montenegro (ME)","23.12.2016 06:00 - 23.12.2016 07:00 (CET/CEST)","n/e","n/e","77"
"Montenegro (ME)","23.12.2016 07:00 - 23.12.2016 08:00 (CET/CEST)","n/e","n/e","79"
"Montenegro (ME)","23.12.2016 08:00 - 23.12.2016 09:00 (CET/CEST)","n/e","n/e","154"
"Montenegro (ME)","23.12.2016 09:00 - 23.12.2016 10:00 (CET/CEST)","n/e","n/e","155"
"Montenegro (ME)","23.12.2016 10:00 - 23.12.2016 11:00 (CET/CEST)","n/e","n/e","155"
"Montenegro (ME)","23.12.2016 11:00 - 23.12.2016 12:00 (CET/CEST)","n/e","n/e","78"
"Montenegro (ME)","23.12.2016 12:00 - 23.12.2016 13:00 (CET/CEST)","n/e","n/e","78"
"Montenegro (ME)","23.12.2016 13:00 - 23.12.2016 14:00 (CET/CEST)","n/e","n/e","78"
"Montenegro (ME)","23.12.2016 14:00 - 23.12.2016 15:00 (CET/CEST)","n/e","n/e","79"
"Montenegro (ME)","23.12.2016 15:00 - 23.12.2016 16:00 (CET/CEST)","n/e","n/e","79"
"Montenegro (ME)","23.12.2016 16:00 - 23.12.2016 17:00 (CET/CEST)","n/e","n/e","154"
"Montenegro (ME)","23.12.2016 17:00 - 23.12.2016 18:00 (CET/CEST)","n/e","n/e","156"
"Montenegro (ME)","23.12.2016 18:00 - 23.12.2016 19:00 (CET/CEST)","n/e","n/e","155"
"Montenegro (ME)","23.12.2016 19:00 - 23.12.2016 20:00 (CET/CEST)","n/e","n/e","154"
"Montenegro (ME)","23.12.2016 20:00 - 23.12.2016 21:00 (CET/CEST)","n/e","n/e","77"
"Montenegro (ME)","23.12.2016 21:00 - 23.12.2016 22:00 (CET/CEST)","n/e","n/e","78"
"Montenegro (ME)","23.12.2016 22:00 - 23.12.2016 23:00 (CET/CEST)","n/e","n/e","77"
"Montenegro (ME)","23.12.2016 23:00 - 24.12.2016 00:00 (CET/CEST)","n/e","n/e","0"
"Montenegro (ME)","24.12.2016 00:00 - 24.12.2016 01:00 (CET/CEST)","n/e","n/e","0"
"Montenegro (ME)","24.12.2016 01:00 - 24.12.2016 02:00 (CET/CEST)","n/e","n/e","0"
"Montenegro (ME)","24.12.2016 02:00 - 24.12.2016 03:00 (CET/CEST)","n/e","n/e","0"
"Montenegro (ME)","24.12.2016 03:00 - 24.12.2016 04:00 (CET/CEST)","n/e","n/e","0"
"Montenegro (ME)","24.12.2016 04:00 - 24.12.2016 05:00 (CET/CEST)","n/e","n/e","0"
"Montenegro (ME)","24.12.2016 05:00 - 24.12.2016 06:00 (CET/CEST)","n/e","n/e","0"
"Montenegro (ME)","24.12.2016 06:00 - 24.12.2016 07:00 (CET/CEST)","n/e","n/e","0"
"Montenegro (ME)","24.12.2016 07:00 - 24.12.2016 08:00 (CET/CEST)","n/e","n/e","0"
"Montenegro (ME)","24.12.2016 08:00 - 24.12.2016 09:00 (CET/CEST)","n/e","n/e","0"
"Montenegro (ME)","24.12.2016 09:00 - 24.12.2016 10:00 (CET/CEST)","n/e","n/e","0"
"Montenegro (ME)","24.12.2016 10:00 - 24.12.2016 11:00 (CET/CEST)","n/e","n/e","0"
"Montenegro (ME)","24.12.2016 11:00 - 24.12.2016 12:00 (CET/CEST)","n/e","n/e","0"
"Montenegro (ME)","24.12.2016 12:00 - 24.12.2016 13:00 (CET/CEST)","n/e","n/e","0"
"Montenegro (ME)","24.12.2016 13:00 - 24.12.2016 14:00 (CET/CEST)","n/e","n/e","0"
"Montenegro (ME)","24.12.2016 14:00 - 24.12.2016 15:00 (CET/CEST)","n/e","n/e","0"
"Montenegro (ME)","24.12.2016 15:00 - 24.12.2016 16:00 (CET/CEST)","n/e","n/e","0"
"Montenegro (ME)","24.12.2016 16:00 - 24.12.2016 17:00 (CET/CEST)","n/e","n/e","0"
"Montenegro (ME)","24.12.2016 17:00 - 24.12.2016 18:00 (CET/CEST)","n/e","n/e","0"
"Montenegro (ME)","24.12.2016 18:00 - 24.12.2016 19:00 (CET/CEST)","n/e","n/e","0"
"Montenegro (ME)","24.12.2016 19:00 - 24.12.2016 20:00 (CET/CEST)","n/e","n/e","0"
"Montenegro (ME)","24.12.2016 20:00 - 24.12.2016 21:00 (CET/CEST)","n/e","n/e","0"
"Montenegro (ME)","24.12.2016 21:00 - 24.12.2016 22:00 (CET/CEST)","n/e","n/e","0"
"Montenegro (ME)","24.12.2016 22:00 - 24.12.2016 23:00 (CET/CEST)","n/e","n/e","0"
"Montenegro (ME)","24.12.2016 23:00 - 25.12.2016 00:00 (CET/CEST)","n/e","n/e","0"
"Montenegro (ME)","25.12.2016 00:00 - 25.12.2016 01:00 (CET/CEST)","n/e","n/e","0"
"Montenegro (ME)","25.12.2016 01:00 - 25.12.2016 02:00 (CET/CEST)","n/e","n/e","0"
"Montenegro (ME)","25.12.2016 02:00 - 25.12.2016 03:00 (CET/CEST)","n/e","n/e","0"
"Montenegro (ME)","25.12.2016 03:00 - 25.12.2016 04:00 (CET/CEST)","n/e","n/e","0"
"Montenegro (ME)","25.12.2016 04:00 - 25.12.2016 05:00 (CET/CEST)","n/e","n/e","0"
"Montenegro (ME)","25.12.2016 05:00 - 25.12.2016 06:00 (CET/CEST)","n/e","n/e","0"
"Montenegro (ME)","25.12.2016 06:00 - 25.12.2016 07:00 (CET/CEST)","n/e","n/e","0"
"Montenegro (ME)","25.12.2016 07:00 - 25.12.2016 08:00 (CET/CEST)","n/e","n/e","0"
"Montenegro (ME)","25.12.2016 08:00 - 25.12.2016 09:00 (CET/CEST)","n/e","n/e","0"
"Montenegro (ME)","25.12.2016 09:00 - 25.12.2016 10:00 (CET/CEST)","n/e","n/e","0"
"Montenegro (ME)","25.12.2016 10:00 - 25.12.2016 11:00 (CET/CEST)","n/e","n/e","0"
"Montenegro (ME)","25.12.2016 11:00 - 25.12.2016 12:00 (CET/CEST)","n/e","n/e","0"
"Montenegro (ME)","25.12.2016 12:00 - 25.12.2016 13:00 (CET/CEST)","n/e","n/e","0"
"Montenegro (ME)","25.12.2016 13:00 - 25.12.2016 14:00 (CET/CEST)","n/e","n/e","0"
"Montenegro (ME)","25.12.2016 14:00 - 25.12.2016 15:00 (CET/CEST)","n/e","n/e","0"
"Montenegro (ME)","25.12.2016 15:00 - 25.12.2016 16:00 (CET/CEST)","n/e","n/e","0"
"Montenegro (ME)","25.12.2016 16:00 - 25.12.2016 17:00 (CET/CEST)","n/e","n/e","0"
"Montenegro (ME)","25.12.2016 17:00 - 25.12.2016 18:00 (CET/CEST)","n/e","n/e","0"
"Montenegro (ME)","25.12.2016 18:00 - 25.12.2016 19:00 (CET/CEST)","n/e","n/e","0"
"Montenegro (ME)","25.12.2016 19:00 - 25.12.2016 20:00 (CET/CEST)","n/e","n/e","78"
"Montenegro (ME)","25.12.2016 20:00 - 25.12.2016 21:00 (CET/CEST)","n/e","n/e","79"
"Montenegro (ME)","25.12.2016 21:00 - 25.12.2016 22:00 (CET/CEST)","n/e","n/e","79"
"Montenegro (ME)","25.12.2016 22:00 - 25.12.2016 23:00 (CET/CEST)","n/e","n/e","79"
"Montenegro (ME)","25.12.2016 23:00 - 26.12.2016 00:00 (CET/CEST)","n/e","n/e","70"
"Montenegro (ME)","26.12.2016 00:00 - 26.12.2016 01:00 (CET/CEST)","n/e","n/e","0"
"Montenegro (ME)","26.12.2016 01:00 - 26.12.2016 02:00 (CET/CEST)","n/e","n/e","0"
"Montenegro (ME)","26.12.2016 02:00 - 26.12.2016 03:00 (CET/CEST)","n/e","n/e","0"
"Montenegro (ME)","26.12.2016 03:00 - 26.12.2016 04:00 (CET/CEST)","n/e","n/e","0"
"Montenegro (ME)","26.12.2016 04:00 - 26.12.2016 05:00 (CET/CEST)","n/e","n/e","0"
"Montenegro (ME)","26.12.2016 05:00 - 26.12.2016 06:00 (CET/CEST)","n/e","n/e","0"
"Montenegro (ME)","26.12.2016 06:00 - 26.12.2016 07:00 (CET/CEST)","n/e","n/e","0"
"Montenegro (ME)","26.12.2016 07:00 - 26.12.2016 08:00 (CET/CEST)","n/e","n/e","0"
"Montenegro (ME)","26.12.2016 08:00 - 26.12.2016 09:00 (CET/CEST)","n/e","n/e","0"
"Montenegro (ME)","26.12.2016 09:00 - 26.12.2016 10:00 (CET/CEST)","n/e","n/e","0"
"Montenegro (ME)","26.12.2016 10:00 - 26.12.2016 11:00 (CET/CEST)","n/e","n/e","0"
"Montenegro (ME)","26.12.2016 11:00 - 26.12.2016 12:00 (CET/CEST)","n/e","n/e","0"
"Montenegro (ME)","26.12.2016 12:00 - 26.12.2016 13:00 (CET/CEST)","n/e","n/e","0"
"Montenegro (ME)","26.12.2016 13:00 - 26.12.2016 14:00 (CET/CEST)","n/e","n/e","0"
"Montenegro (ME)","26.12.2016 14:00 - 26.12.2016 15:00 (CET/CEST)","n/e","n/e","0"
"Montenegro (ME)","26.12.2016 15:00 - 26.12.2016 16:00 (CET/CEST)","n/e","n/e","0"
"Montenegro (ME)","26.12.2016 16:00 - 26.12.2016 17:00 (CET/CEST)","n/e","n/e","0"
"Montenegro (ME)","26.12.2016 17:00 - 26.12.2016 18:00 (CET/CEST)","n/e","n/e","77"
"Montenegro (ME)","26.12.2016 18:00 - 26.12.2016 19:00 (CET/CEST)","n/e","n/e","78"
"Montenegro (ME)","26.12.2016 19:00 - 26.12.2016 20:00 (CET/CEST)","n/e","n/e","0"
"Montenegro (ME)","26.12.2016 20:00 - 26.12.2016 21:00 (CET/CEST)","n/e","n/e","0"
"Montenegro (ME)","26.12.2016 21:00 - 26.12.2016 22:00 (CET/CEST)","n/e","n/e","0"
"Montenegro (ME)","26.12.2016 22:00 - 26.12.2016 23:00 (CET/CEST)","n/e","n/e","0"
"Montenegro (ME)","26.12.2016 23:00 - 27.12.2016 00:00 (CET/CEST)","n/e","n/e","0"
"Montenegro (ME)","27.12.2016 00:00 - 27.12.2016 01:00 (CET/CEST)","n/e","n/e","0"
"Montenegro (ME)","27.12.2016 01:00 - 27.12.2016 02:00 (CET/CEST)","n/e","n/e","0"
"Montenegro (ME)","27.12.2016 02:00 - 27.12.2016 03:00 (CET/CEST)","n/e","n/e","0"
"Montenegro (ME)","27.12.2016 03:00 - 27.12.2016 04:00 (CET/CEST)","n/e","n/e","0"
"Montenegro (ME)","27.12.2016 04:00 - 27.12.2016 05:00 (CET/CEST)","n/e","n/e","0"
"Montenegro (ME)","27.12.2016 05:00 - 27.12.2016 06:00 (CET/CEST)","n/e","n/e","0"
"Montenegro (ME)","27.12.2016 06:00 - 27.12.2016 07:00 (CET/CEST)","n/e","n/e","0"
"Montenegro (ME)","27.12.2016 07:00 - 27.12.2016 08:00 (CET/CEST)","n/e","n/e","0"
"Montenegro (ME)","27.12.2016 08:00 - 27.12.2016 09:00 (CET/CEST)","n/e","n/e","0"
"Montenegro (ME)","27.12.2016 09:00 - 27.12.2016 10:00 (CET/CEST)","n/e","n/e","0"
"Montenegro (ME)","27.12.2016 10:00 - 27.12.2016 11:00 (CET/CEST)","n/e","n/e","0"
"Montenegro (ME)","27.12.2016 11:00 - 27.12.2016 12:00 (CET/CEST)","n/e","n/e","0"
"Montenegro (ME)","27.12.2016 12:00 - 27.12.2016 13:00 (CET/CEST)","n/e","n/e","77"
"Montenegro (ME)","27.12.2016 13:00 - 27.12.2016 14:00 (CET/CEST)","n/e","n/e","78"
"Montenegro (ME)","27.12.2016 14:00 - 27.12.2016 15:00 (CET/CEST)","n/e","n/e","78"
"Montenegro (ME)","27.12.2016 15:00 - 27.12.2016 16:00 (CET/CEST)","n/e","n/e","79"
"Montenegro (ME)","27.12.2016 16:00 - 27.12.2016 17:00 (CET/CEST)","n/e","n/e","78"
"Montenegro (ME)","27.12.2016 17:00 - 27.12.2016 18:00 (CET/CEST)","n/e","n/e","100"
"Montenegro (ME)","27.12.2016 18:00 - 27.12.2016 19:00 (CET/CEST)","n/e","n/e","100"
"Montenegro (ME)","27.12.2016 19:00 - 27.12.2016 20:00 (CET/CEST)","n/e","n/e","100"
"Montenegro (ME)","27.12.2016 20:00 - 27.12.2016 21:00 (CET/CEST)","n/e","n/e","0"
"Montenegro (ME)","27.12.2016 21:00 - 27.12.2016 22:00 (CET/CEST)","n/e","n/e","0"
"Montenegro (ME)","27.12.2016 22:00 - 27.12.2016 23:00 (CET/CEST)","n/e","n/e","0"
"Montenegro (ME)","27.12.2016 23:00 - 28.12.2016 00:00 (CET/CEST)","n/e","n/e","0"
"Montenegro (ME)","28.12.2016 00:00 - 28.12.2016 01:00 (CET/CEST)","n/e","n/e","0"
"Montenegro (ME)","28.12.2016 01:00 - 28.12.2016 02:00 (CET/CEST)","n/e","n/e","0"
"Montenegro (ME)","28.12.2016 02:00 - 28.12.2016 03:00 (CET/CEST)","n/e","n/e","0"
"Montenegro (ME)","28.12.2016 03:00 - 28.12.2016 04:00 (CET/CEST)","n/e","n/e","0"
"Montenegro (ME)","28.12.2016 04:00 - 28.12.2016 05:00 (CET/CEST)","n/e","n/e","0"
"Montenegro (ME)","28.12.2016 05:00 - 28.12.2016 06:00 (CET/CEST)","n/e","n/e","0"
"Montenegro (ME)","28.12.2016 06:00 - 28.12.2016 07:00 (CET/CEST)","n/e","n/e","0"
"Montenegro (ME)","28.12.2016 07:00 - 28.12.2016 08:00 (CET/CEST)","n/e","n/e","0"
"Montenegro (ME)","28.12.2016 08:00 - 28.12.2016 09:00 (CET/CEST)","n/e","n/e","0"
"Montenegro (ME)","28.12.2016 09:00 - 28.12.2016 10:00 (CET/CEST)","n/e","n/e","0"
"Montenegro (ME)","28.12.2016 10:00 - 28.12.2016 11:00 (CET/CEST)","n/e","n/e","0"
"Montenegro (ME)","28.12.2016 11:00 - 28.12.2016 12:00 (CET/CEST)","n/e","n/e","0"
"Montenegro (ME)","28.12.2016 12:00 - 28.12.2016 13:00 (CET/CEST)","n/e","n/e","0"
"Montenegro (ME)","28.12.2016 13:00 - 28.12.2016 14:00 (CET/CEST)","n/e","n/e","0"
"Montenegro (ME)","28.12.2016 14:00 - 28.12.2016 15:00 (CET/CEST)","n/e","n/e","0"
"Montenegro (ME)","28.12.2016 15:00 - 28.12.2016 16:00 (CET/CEST)","n/e","n/e","0"
"Montenegro (ME)","28.12.2016 16:00 - 28.12.2016 17:00 (CET/CEST)","n/e","n/e","0"
"Montenegro (ME)","28.12.2016 17:00 - 28.12.2016 18:00 (CET/CEST)","n/e","n/e","83"
"Montenegro (ME)","28.12.2016 18:00 - 28.12.2016 19:00 (CET/CEST)","n/e","n/e","82"
"Montenegro (ME)","28.12.2016 19:00 - 28.12.2016 20:00 (CET/CEST)","n/e","n/e","80"
"Montenegro (ME)","28.12.2016 20:00 - 28.12.2016 21:00 (CET/CEST)","n/e","n/e","0"
"Montenegro (ME)","28.12.2016 21:00 - 28.12.2016 22:00 (CET/CEST)","n/e","n/e","0"
"Montenegro (ME)","28.12.2016 22:00 - 28.12.2016 23:00 (CET/CEST)","n/e","n/e","0"
"Montenegro (ME)","28.12.2016 23:00 - 29.12.2016 00:00 (CET/CEST)","n/e","n/e","0"
"Montenegro (ME)","29.12.2016 00:00 - 29.12.2016 01:00 (CET/CEST)","n/e","n/e","0"
"Montenegro (ME)","29.12.2016 01:00 - 29.12.2016 02:00 (CET/CEST)","n/e","n/e","0"
"Montenegro (ME)","29.12.2016 02:00 - 29.12.2016 03:00 (CET/CEST)","n/e","n/e","0"
"Montenegro (ME)","29.12.2016 03:00 - 29.12.2016 04:00 (CET/CEST)","n/e","n/e","0"
"Montenegro (ME)","29.12.2016 04:00 - 29.12.2016 05:00 (CET/CEST)","n/e","n/e","0"
"Montenegro (ME)","29.12.2016 05:00 - 29.12.2016 06:00 (CET/CEST)","n/e","n/e","0"
"Montenegro (ME)","29.12.2016 06:00 - 29.12.2016 07:00 (CET/CEST)","n/e","n/e","0"
"Montenegro (ME)","29.12.2016 07:00 - 29.12.2016 08:00 (CET/CEST)","n/e","n/e","0"
"Montenegro (ME)","29.12.2016 08:00 - 29.12.2016 09:00 (CET/CEST)","n/e","n/e","0"
"Montenegro (ME)","29.12.2016 09:00 - 29.12.2016 10:00 (CET/CEST)","n/e","n/e","0"
"Montenegro (ME)","29.12.2016 10:00 - 29.12.2016 11:00 (CET/CEST)","n/e","n/e","0"
"Montenegro (ME)","29.12.2016 11:00 - 29.12.2016 12:00 (CET/CEST)","n/e","n/e","0"
"Montenegro (ME)","29.12.2016 12:00 - 29.12.2016 13:00 (CET/CEST)","n/e","n/e","0"
"Montenegro (ME)","29.12.2016 13:00 - 29.12.2016 14:00 (CET/CEST)","n/e","n/e","0"
"Montenegro (ME)","29.12.2016 14:00 - 29.12.2016 15:00 (CET/CEST)","n/e","n/e","0"
"Montenegro (ME)","29.12.2016 15:00 - 29.12.2016 16:00 (CET/CEST)","n/e","n/e","0"
"Montenegro (ME)","29.12.2016 16:00 - 29.12.2016 17:00 (CET/CEST)","n/e","n/e","0"
"Montenegro (ME)","29.12.2016 17:00 - 29.12.2016 18:00 (CET/CEST)","n/e","n/e","0"
"Montenegro (ME)","29.12.2016 18:00 - 29.12.2016 19:00 (CET/CEST)","n/e","n/e","0"
"Montenegro (ME)","29.12.2016 19:00 - 29.12.2016 20:00 (CET/CEST)","n/e","n/e","0"
"Montenegro (ME)","29.12.2016 20:00 - 29.12.2016 21:00 (CET/CEST)","n/e","n/e","93"
"Montenegro (ME)","29.12.2016 21:00 - 29.12.2016 22:00 (CET/CEST)","n/e","n/e","0"
"Montenegro (ME)","29.12.2016 22:00 - 29.12.2016 23:00 (CET/CEST)","n/e","n/e","0"
"Montenegro (ME)","29.12.2016 23:00 - 30.12.2016 00:00 (CET/CEST)","n/e","n/e","0"
"Montenegro (ME)","30.12.2016 00:00 - 30.12.2016 01:00 (CET/CEST)","n/e","n/e","0"
"Montenegro (ME)","30.12.2016 01:00 - 30.12.2016 02:00 (CET/CEST)","n/e","n/e","0"
"Montenegro (ME)","30.12.2016 02:00 - 30.12.2016 03:00 (CET/CEST)","n/e","n/e","0"
"Montenegro (ME)","30.12.2016 03:00 - 30.12.2016 04:00 (CET/CEST)","n/e","n/e","0"
"Montenegro (ME)","30.12.2016 04:00 - 30.12.2016 05:00 (CET/CEST)","n/e","n/e","0"
"Montenegro (ME)","30.12.2016 05:00 - 30.12.2016 06:00 (CET/CEST)","n/e","n/e","0"
"Montenegro (ME)","30.12.2016 06:00 - 30.12.2016 07:00 (CET/CEST)","n/e","n/e","0"
"Montenegro (ME)","30.12.2016 07:00 - 30.12.2016 08:00 (CET/CEST)","n/e","n/e","0"
"Montenegro (ME)","30.12.2016 08:00 - 30.12.2016 09:00 (CET/CEST)","n/e","n/e","0"
"Montenegro (ME)","30.12.2016 09:00 - 30.12.2016 10:00 (CET/CEST)","n/e","n/e","0"
"Montenegro (ME)","30.12.2016 10:00 - 30.12.2016 11:00 (CET/CEST)","n/e","n/e","0"
"Montenegro (ME)","30.12.2016 11:00 - 30.12.2016 12:00 (CET/CEST)","n/e","n/e","0"
"Montenegro (ME)","30.12.2016 12:00 - 30.12.2016 13:00 (CET/CEST)","n/e","n/e","0"
"Montenegro (ME)","30.12.2016 13:00 - 30.12.2016 14:00 (CET/CEST)","n/e","n/e","0"
"Montenegro (ME)","30.12.2016 14:00 - 30.12.2016 15:00 (CET/CEST)","n/e","n/e","0"
"Montenegro (ME)","30.12.2016 15:00 - 30.12.2016 16:00 (CET/CEST)","n/e","n/e","0"
"Montenegro (ME)","30.12.2016 16:00 - 30.12.2016 17:00 (CET/CEST)","n/e","n/e","0"
"Montenegro (ME)","30.12.2016 17:00 - 30.12.2016 18:00 (CET/CEST)","n/e","n/e","0"
"Montenegro (ME)","30.12.2016 18:00 - 30.12.2016 19:00 (CET/CEST)","n/e","n/e","0"
"Montenegro (ME)","30.12.2016 19:00 - 30.12.2016 20:00 (CET/CEST)","n/e","n/e","0"
"Montenegro (ME)","30.12.2016 20:00 - 30.12.2016 21:00 (CET/CEST)","n/e","n/e","0"
"Montenegro (ME)","30.12.2016 21:00 - 30.12.2016 22:00 (CET/CEST)","n/e","n/e","0"
"Montenegro (ME)","30.12.2016 22:00 - 30.12.2016 23:00 (CET/CEST)","n/e","n/e","0"
"Montenegro (ME)","30.12.2016 23:00 - 31.12.2016 00:00 (CET/CEST)","n/e","n/e","0"
"Montenegro (ME)","31.12.2016 00:00 - 31.12.2016 01:00 (CET/CEST)","n/e","n/e","0"
"Montenegro (ME)","31.12.2016 01:00 - 31.12.2016 02:00 (CET/CEST)","n/e","n/e","0"
"Montenegro (ME)","31.12.2016 02:00 - 31.12.2016 03:00 (CET/CEST)","n/e","n/e","0"
"Montenegro (ME)","31.12.2016 03:00 - 31.12.2016 04:00 (CET/CEST)","n/e","n/e","0"
"Montenegro (ME)","31.12.2016 04:00 - 31.12.2016 05:00 (CET/CEST)","n/e","n/e","0"
"Montenegro (ME)","31.12.2016 05:00 - 31.12.2016 06:00 (CET/CEST)","n/e","n/e","0"
"Montenegro (ME)","31.12.2016 06:00 - 31.12.2016 07:00 (CET/CEST)","n/e","n/e","0"
"Montenegro (ME)","31.12.2016 07:00 - 31.12.2016 08:00 (CET/CEST)","n/e","n/e","0"
"Montenegro (ME)","31.12.2016 08:00 - 31.12.2016 09:00 (CET/CEST)","n/e","n/e","0"
"Montenegro (ME)","31.12.2016 09:00 - 31.12.2016 10:00 (CET/CEST)","n/e","n/e","0"
"Montenegro (ME)","31.12.2016 10:00 - 31.12.2016 11:00 (CET/CEST)","n/e","n/e","0"
"Montenegro (ME)","31.12.2016 11:00 - 31.12.2016 12:00 (CET/CEST)","n/e","n/e","0"
"Montenegro (ME)","31.12.2016 12:00 - 31.12.2016 13:00 (CET/CEST)","n/e","n/e","0"
"Montenegro (ME)","31.12.2016 13:00 - 31.12.2016 14:00 (CET/CEST)","n/e","n/e","0"
"Montenegro (ME)","31.12.2016 14:00 - 31.12.2016 15:00 (CET/CEST)","n/e","n/e","0"
"Montenegro (ME)","31.12.2016 15:00 - 31.12.2016 16:00 (CET/CEST)","n/e","n/e","0"
"Montenegro (ME)","31.12.2016 16:00 - 31.12.2016 17:00 (CET/CEST)","n/e","n/e","0"
"Montenegro (ME)","31.12.2016 17:00 - 31.12.2016 18:00 (CET/CEST)","n/e","n/e","0"
"Montenegro (ME)","31.12.2016 18:00 - 31.12.2016 19:00 (CET/CEST)","n/e","n/e","0"
"Montenegro (ME)","31.12.2016 19:00 - 31.12.2016 20:00 (CET/CEST)","n/e","n/e","0"
"Montenegro (ME)","31.12.2016 20:00 - 31.12.2016 21:00 (CET/CEST)","n/e","n/e","78"
"Montenegro (ME)","31.12.2016 21:00 - 31.12.2016 22:00 (CET/CEST)","n/e","n/e","78"
"Montenegro (ME)","31.12.2016 22:00 - 31.12.2016 23:00 (CET/CEST)","n/e","n/e","79"
"Montenegro (ME)","31.12.2016 23:00 - 01.01.2017 00:00 (CET/CEST)","n/e","n/e","20"
