"Area","MTU","Hydro Pumped Storage  - Actual Aggregated [MW]","Hydro Pumped Storage  - Actual Consumption [MW]","Hydro Water Reservoir  - Actual Aggregated [MW]"
"Switzerland (CH)","01.01.2020 00:00 - 01.01.2020 01:00 (CET/CEST)","149","","737"
"Switzerland (CH)","01.01.2020 01:00 - 01.01.2020 02:00 (CET/CEST)","179","","668"
"Switzerland (CH)","01.01.2020 02:00 - 01.01.2020 03:00 (CET/CEST)","180","","689"
"Switzerland (CH)","01.01.2020 03:00 - 01.01.2020 04:00 (CET/CEST)","81","","642"
"Switzerland (CH)","01.01.2020 04:00 - 01.01.2020 05:00 (CET/CEST)","97","","596"
"Switzerland (CH)","01.01.2020 05:00 - 01.01.2020 06:00 (CET/CEST)","97","","601"
"Switzerland (CH)","01.01.2020 06:00 - 01.01.2020 07:00 (CET/CEST)","105","","586"
"Switzerland (CH)","01.01.2020 07:00 - 01.01.2020 08:00 (CET/CEST)","103","","598"
"Switzerland (CH)","01.01.2020 08:00 - 01.01.2020 09:00 (CET/CEST)","98","","588"
"Switzerland (CH)","01.01.2020 09:00 - 01.01.2020 10:00 (CET/CEST)","129","","669"
"Switzerland (CH)","01.01.2020 10:00 - 01.01.2020 11:00 (CET/CEST)","111","","565"
"Switzerland (CH)","01.01.2020 11:00 - 01.01.2020 12:00 (CET/CEST)","83","","557"
"Switzerland (CH)","01.01.2020 12:00 - 01.01.2020 13:00 (CET/CEST)","154","","671"
"Switzerland (CH)","01.01.2020 13:00 - 01.01.2020 14:00 (CET/CEST)","140","","619"
"Switzerland (CH)","01.01.2020 14:00 - 01.01.2020 15:00 (CET/CEST)","138","","578"
"Switzerland (CH)","01.01.2020 15:00 - 01.01.2020 16:00 (CET/CEST)","197","","599"
"Switzerland (CH)","01.01.2020 16:00 - 01.01.2020 17:00 (CET/CEST)","210","","951"
"Switzerland (CH)","01.01.2020 17:00 - 01.01.2020 18:00 (CET/CEST)","714","","1375"
"Switzerland (CH)","01.01.2020 18:00 - 01.01.2020 19:00 (CET/CEST)","665","","1528"
"Switzerland (CH)","01.01.2020 19:00 - 01.01.2020 20:00 (CET/CEST)","532","","1361"
"Switzerland (CH)","01.01.2020 20:00 - 01.01.2020 21:00 (CET/CEST)","489","","1164"
"Switzerland (CH)","01.01.2020 21:00 - 01.01.2020 22:00 (CET/CEST)","257","","791"
"Switzerland (CH)","01.01.2020 22:00 - 01.01.2020 23:00 (CET/CEST)","132","","791"
"Switzerland (CH)","01.01.2020 23:00 - 02.01.2020 00:00 (CET/CEST)","136","","673"
"Switzerland (CH)","02.01.2020 00:00 - 02.01.2020 01:00 (CET/CEST)","111","","579"
"Switzerland (CH)","02.01.2020 01:00 - 02.01.2020 02:00 (CET/CEST)","29","","501"
"Switzerland (CH)","02.01.2020 02:00 - 02.01.2020 03:00 (CET/CEST)","61","","555"
"Switzerland (CH)","02.01.2020 03:00 - 02.01.2020 04:00 (CET/CEST)","58","","545"
"Switzerland (CH)","02.01.2020 04:00 - 02.01.2020 05:00 (CET/CEST)","69","","565"
"Switzerland (CH)","02.01.2020 05:00 - 02.01.2020 06:00 (CET/CEST)","51","","545"
"Switzerland (CH)","02.01.2020 06:00 - 02.01.2020 07:00 (CET/CEST)","67","","632"
"Switzerland (CH)","02.01.2020 07:00 - 02.01.2020 08:00 (CET/CEST)","208","","1145"
"Switzerland (CH)","02.01.2020 08:00 - 02.01.2020 09:00 (CET/CEST)","749","","1445"
"Switzerland (CH)","02.01.2020 09:00 - 02.01.2020 10:00 (CET/CEST)","1014","","1880"
"Switzerland (CH)","02.01.2020 10:00 - 02.01.2020 11:00 (CET/CEST)","843","","1803"
"Switzerland (CH)","02.01.2020 11:00 - 02.01.2020 12:00 (CET/CEST)","933","","1529"
"Switzerland (CH)","02.01.2020 12:00 - 02.01.2020 13:00 (CET/CEST)","959","","1689"
"Switzerland (CH)","02.01.2020 13:00 - 02.01.2020 14:00 (CET/CEST)","956","","1740"
"Switzerland (CH)","02.01.2020 14:00 - 02.01.2020 15:00 (CET/CEST)","1168","","1753"
"Switzerland (CH)","02.01.2020 15:00 - 02.01.2020 16:00 (CET/CEST)","1290","","2026"
"Switzerland (CH)","02.01.2020 16:00 - 02.01.2020 17:00 (CET/CEST)","1810","","2398"
"Switzerland (CH)","02.01.2020 17:00 - 02.01.2020 18:00 (CET/CEST)","1740","","2753"
"Switzerland (CH)","02.01.2020 18:00 - 02.01.2020 19:00 (CET/CEST)","1566","","2691"
"Switzerland (CH)","02.01.2020 19:00 - 02.01.2020 20:00 (CET/CEST)","1185","","2452"
"Switzerland (CH)","02.01.2020 20:00 - 02.01.2020 21:00 (CET/CEST)","636","","1215"
"Switzerland (CH)","02.01.2020 21:00 - 02.01.2020 22:00 (CET/CEST)","202","","853"
"Switzerland (CH)","02.01.2020 22:00 - 02.01.2020 23:00 (CET/CEST)","132","","796"
"Switzerland (CH)","02.01.2020 23:00 - 03.01.2020 00:00 (CET/CEST)","139","","672"
"Switzerland (CH)","03.01.2020 00:00 - 03.01.2020 01:00 (CET/CEST)","67","","550"
"Switzerland (CH)","03.01.2020 01:00 - 03.01.2020 02:00 (CET/CEST)","30","","526"
"Switzerland (CH)","03.01.2020 02:00 - 03.01.2020 03:00 (CET/CEST)","28","","490"
"Switzerland (CH)","03.01.2020 03:00 - 03.01.2020 04:00 (CET/CEST)","27","","480"
"Switzerland (CH)","03.01.2020 04:00 - 03.01.2020 05:00 (CET/CEST)","38","","476"
"Switzerland (CH)","03.01.2020 05:00 - 03.01.2020 06:00 (CET/CEST)","144","","559"
"Switzerland (CH)","03.01.2020 06:00 - 03.01.2020 07:00 (CET/CEST)","214","","698"
"Switzerland (CH)","03.01.2020 07:00 - 03.01.2020 08:00 (CET/CEST)","300","","1338"
"Switzerland (CH)","03.01.2020 08:00 - 03.01.2020 09:00 (CET/CEST)","51","","1267"
"Switzerland (CH)","03.01.2020 09:00 - 03.01.2020 10:00 (CET/CEST)","242","","1666"
"Switzerland (CH)","03.01.2020 10:00 - 03.01.2020 11:00 (CET/CEST)","247","","1628"
"Switzerland (CH)","03.01.2020 11:00 - 03.01.2020 12:00 (CET/CEST)","229","","1121"
"Switzerland (CH)","03.01.2020 12:00 - 03.01.2020 13:00 (CET/CEST)","186","","1050"
"Switzerland (CH)","03.01.2020 13:00 - 03.01.2020 14:00 (CET/CEST)","240","","970"
"Switzerland (CH)","03.01.2020 14:00 - 03.01.2020 15:00 (CET/CEST)","197","","1003"
"Switzerland (CH)","03.01.2020 15:00 - 03.01.2020 16:00 (CET/CEST)","212","","1074"
"Switzerland (CH)","03.01.2020 16:00 - 03.01.2020 17:00 (CET/CEST)","199","","1189"
"Switzerland (CH)","03.01.2020 17:00 - 03.01.2020 18:00 (CET/CEST)","420","","1449"
"Switzerland (CH)","03.01.2020 18:00 - 03.01.2020 19:00 (CET/CEST)","477","","1651"
"Switzerland (CH)","03.01.2020 19:00 - 03.01.2020 20:00 (CET/CEST)","300","","1491"
"Switzerland (CH)","03.01.2020 20:00 - 03.01.2020 21:00 (CET/CEST)","308","","945"
"Switzerland (CH)","03.01.2020 21:00 - 03.01.2020 22:00 (CET/CEST)","115","","786"
"Switzerland (CH)","03.01.2020 22:00 - 03.01.2020 23:00 (CET/CEST)","140","","751"
"Switzerland (CH)","03.01.2020 23:00 - 04.01.2020 00:00 (CET/CEST)","150","","647"
"Switzerland (CH)","04.01.2020 00:00 - 04.01.2020 01:00 (CET/CEST)","169","","586"
"Switzerland (CH)","04.01.2020 01:00 - 04.01.2020 02:00 (CET/CEST)","58","","539"
"Switzerland (CH)","04.01.2020 02:00 - 04.01.2020 03:00 (CET/CEST)","45","","546"
"Switzerland (CH)","04.01.2020 03:00 - 04.01.2020 04:00 (CET/CEST)","48","","526"
"Switzerland (CH)","04.01.2020 04:00 - 04.01.2020 05:00 (CET/CEST)","49","","544"
"Switzerland (CH)","04.01.2020 05:00 - 04.01.2020 06:00 (CET/CEST)","62","","551"
"Switzerland (CH)","04.01.2020 06:00 - 04.01.2020 07:00 (CET/CEST)","76","","608"
"Switzerland (CH)","04.01.2020 07:00 - 04.01.2020 08:00 (CET/CEST)","83","","647"
"Switzerland (CH)","04.01.2020 08:00 - 04.01.2020 09:00 (CET/CEST)","165","","628"
"Switzerland (CH)","04.01.2020 09:00 - 04.01.2020 10:00 (CET/CEST)","204","","861"
"Switzerland (CH)","04.01.2020 10:00 - 04.01.2020 11:00 (CET/CEST)","168","","684"
"Switzerland (CH)","04.01.2020 11:00 - 04.01.2020 12:00 (CET/CEST)","185","","704"
"Switzerland (CH)","04.01.2020 12:00 - 04.01.2020 13:00 (CET/CEST)","160","","645"
"Switzerland (CH)","04.01.2020 13:00 - 04.01.2020 14:00 (CET/CEST)","174","","664"
"Switzerland (CH)","04.01.2020 14:00 - 04.01.2020 15:00 (CET/CEST)","239","","659"
"Switzerland (CH)","04.01.2020 15:00 - 04.01.2020 16:00 (CET/CEST)","296","","698"
"Switzerland (CH)","04.01.2020 16:00 - 04.01.2020 17:00 (CET/CEST)","231","","760"
"Switzerland (CH)","04.01.2020 17:00 - 04.01.2020 18:00 (CET/CEST)","283","","1187"
"Switzerland (CH)","04.01.2020 18:00 - 04.01.2020 19:00 (CET/CEST)","373","","1396"
"Switzerland (CH)","04.01.2020 19:00 - 04.01.2020 20:00 (CET/CEST)","134","","1147"
"Switzerland (CH)","04.01.2020 20:00 - 04.01.2020 21:00 (CET/CEST)","91","","833"
"Switzerland (CH)","04.01.2020 21:00 - 04.01.2020 22:00 (CET/CEST)","186","","774"
"Switzerland (CH)","04.01.2020 22:00 - 04.01.2020 23:00 (CET/CEST)","189","","794"
"Switzerland (CH)","04.01.2020 23:00 - 05.01.2020 00:00 (CET/CEST)","108","","690"
"Switzerland (CH)","05.01.2020 00:00 - 05.01.2020 01:00 (CET/CEST)","45","","496"
"Switzerland (CH)","05.01.2020 01:00 - 05.01.2020 02:00 (CET/CEST)","43","","494"
"Switzerland (CH)","05.01.2020 02:00 - 05.01.2020 03:00 (CET/CEST)","60","","525"
"Switzerland (CH)","05.01.2020 03:00 - 05.01.2020 04:00 (CET/CEST)","86","","511"
"Switzerland (CH)","05.01.2020 04:00 - 05.01.2020 05:00 (CET/CEST)","66","","503"
"Switzerland (CH)","05.01.2020 05:00 - 05.01.2020 06:00 (CET/CEST)","67","","543"
"Switzerland (CH)","05.01.2020 06:00 - 05.01.2020 07:00 (CET/CEST)","60","","618"
"Switzerland (CH)","05.01.2020 07:00 - 05.01.2020 08:00 (CET/CEST)","80","","615"
"Switzerland (CH)","05.01.2020 08:00 - 05.01.2020 09:00 (CET/CEST)","83","","617"
"Switzerland (CH)","05.01.2020 09:00 - 05.01.2020 10:00 (CET/CEST)","81","","595"
"Switzerland (CH)","05.01.2020 10:00 - 05.01.2020 11:00 (CET/CEST)","105","","596"
"Switzerland (CH)","05.01.2020 11:00 - 05.01.2020 12:00 (CET/CEST)","103","","628"
"Switzerland (CH)","05.01.2020 12:00 - 05.01.2020 13:00 (CET/CEST)","85","","579"
"Switzerland (CH)","05.01.2020 13:00 - 05.01.2020 14:00 (CET/CEST)","93","","545"
"Switzerland (CH)","05.01.2020 14:00 - 05.01.2020 15:00 (CET/CEST)","92","","543"
"Switzerland (CH)","05.01.2020 15:00 - 05.01.2020 16:00 (CET/CEST)","103","","572"
"Switzerland (CH)","05.01.2020 16:00 - 05.01.2020 17:00 (CET/CEST)","109","","709"
"Switzerland (CH)","05.01.2020 17:00 - 05.01.2020 18:00 (CET/CEST)","255","","1440"
"Switzerland (CH)","05.01.2020 18:00 - 05.01.2020 19:00 (CET/CEST)","566","","1946"
"Switzerland (CH)","05.01.2020 19:00 - 05.01.2020 20:00 (CET/CEST)","581","","1541"
"Switzerland (CH)","05.01.2020 20:00 - 05.01.2020 21:00 (CET/CEST)","337","","1064"
"Switzerland (CH)","05.01.2020 21:00 - 05.01.2020 22:00 (CET/CEST)","167","","764"
"Switzerland (CH)","05.01.2020 22:00 - 05.01.2020 23:00 (CET/CEST)","133","","675"
"Switzerland (CH)","05.01.2020 23:00 - 06.01.2020 00:00 (CET/CEST)","71","","576"
"Switzerland (CH)","06.01.2020 00:00 - 06.01.2020 01:00 (CET/CEST)","122","","531"
"Switzerland (CH)","06.01.2020 01:00 - 06.01.2020 02:00 (CET/CEST)","183","","512"
"Switzerland (CH)","06.01.2020 02:00 - 06.01.2020 03:00 (CET/CEST)","160","","522"
"Switzerland (CH)","06.01.2020 03:00 - 06.01.2020 04:00 (CET/CEST)","125","","518"
"Switzerland (CH)","06.01.2020 04:00 - 06.01.2020 05:00 (CET/CEST)","147","","507"
"Switzerland (CH)","06.01.2020 05:00 - 06.01.2020 06:00 (CET/CEST)","192","","603"
"Switzerland (CH)","06.01.2020 06:00 - 06.01.2020 07:00 (CET/CEST)","242","","652"
"Switzerland (CH)","06.01.2020 07:00 - 06.01.2020 08:00 (CET/CEST)","440","","1182"
"Switzerland (CH)","06.01.2020 08:00 - 06.01.2020 09:00 (CET/CEST)","653","","1770"
"Switzerland (CH)","06.01.2020 09:00 - 06.01.2020 10:00 (CET/CEST)","571","","1281"
"Switzerland (CH)","06.01.2020 10:00 - 06.01.2020 11:00 (CET/CEST)","372","","1148"
"Switzerland (CH)","06.01.2020 11:00 - 06.01.2020 12:00 (CET/CEST)","341","","818"
"Switzerland (CH)","06.01.2020 12:00 - 06.01.2020 13:00 (CET/CEST)","266","","520"
"Switzerland (CH)","06.01.2020 13:00 - 06.01.2020 14:00 (CET/CEST)","301","","428"
"Switzerland (CH)","06.01.2020 14:00 - 06.01.2020 15:00 (CET/CEST)","277","","470"
"Switzerland (CH)","06.01.2020 15:00 - 06.01.2020 16:00 (CET/CEST)","350","","544"
"Switzerland (CH)","06.01.2020 16:00 - 06.01.2020 17:00 (CET/CEST)","596","","1134"
"Switzerland (CH)","06.01.2020 17:00 - 06.01.2020 18:00 (CET/CEST)","1642","","2014"
"Switzerland (CH)","06.01.2020 18:00 - 06.01.2020 19:00 (CET/CEST)","1456","","2156"
"Switzerland (CH)","06.01.2020 19:00 - 06.01.2020 20:00 (CET/CEST)","1230","","2115"
"Switzerland (CH)","06.01.2020 20:00 - 06.01.2020 21:00 (CET/CEST)","540","","1493"
"Switzerland (CH)","06.01.2020 21:00 - 06.01.2020 22:00 (CET/CEST)","262","","747"
"Switzerland (CH)","06.01.2020 22:00 - 06.01.2020 23:00 (CET/CEST)","174","","534"
"Switzerland (CH)","06.01.2020 23:00 - 07.01.2020 00:00 (CET/CEST)","247","","493"
"Switzerland (CH)","07.01.2020 00:00 - 07.01.2020 01:00 (CET/CEST)","161","","433"
"Switzerland (CH)","07.01.2020 01:00 - 07.01.2020 02:00 (CET/CEST)","64","","429"
"Switzerland (CH)","07.01.2020 02:00 - 07.01.2020 03:00 (CET/CEST)","56","","438"
"Switzerland (CH)","07.01.2020 03:00 - 07.01.2020 04:00 (CET/CEST)","57","","395"
"Switzerland (CH)","07.01.2020 04:00 - 07.01.2020 05:00 (CET/CEST)","65","","398"
"Switzerland (CH)","07.01.2020 05:00 - 07.01.2020 06:00 (CET/CEST)","171","","709"
"Switzerland (CH)","07.01.2020 06:00 - 07.01.2020 07:00 (CET/CEST)","993","","2080"
"Switzerland (CH)","07.01.2020 07:00 - 07.01.2020 08:00 (CET/CEST)","1902","","2597"
"Switzerland (CH)","07.01.2020 08:00 - 07.01.2020 09:00 (CET/CEST)","2146","","2581"
"Switzerland (CH)","07.01.2020 09:00 - 07.01.2020 10:00 (CET/CEST)","1916","","2839"
"Switzerland (CH)","07.01.2020 10:00 - 07.01.2020 11:00 (CET/CEST)","1965","","2952"
"Switzerland (CH)","07.01.2020 11:00 - 07.01.2020 12:00 (CET/CEST)","1778","","2889"
"Switzerland (CH)","07.01.2020 12:00 - 07.01.2020 13:00 (CET/CEST)","1588","","2750"
"Switzerland (CH)","07.01.2020 13:00 - 07.01.2020 14:00 (CET/CEST)","1812","","2097"
"Switzerland (CH)","07.01.2020 14:00 - 07.01.2020 15:00 (CET/CEST)","1893","","2078"
"Switzerland (CH)","07.01.2020 15:00 - 07.01.2020 16:00 (CET/CEST)","1945","","2114"
"Switzerland (CH)","07.01.2020 16:00 - 07.01.2020 17:00 (CET/CEST)","1872","","2304"
"Switzerland (CH)","07.01.2020 17:00 - 07.01.2020 18:00 (CET/CEST)","1957","","2964"
"Switzerland (CH)","07.01.2020 18:00 - 07.01.2020 19:00 (CET/CEST)","1826","","3018"
"Switzerland (CH)","07.01.2020 19:00 - 07.01.2020 20:00 (CET/CEST)","1794","","3079"
"Switzerland (CH)","07.01.2020 20:00 - 07.01.2020 21:00 (CET/CEST)","831","","2355"
"Switzerland (CH)","07.01.2020 21:00 - 07.01.2020 22:00 (CET/CEST)","676","","2322"
"Switzerland (CH)","07.01.2020 22:00 - 07.01.2020 23:00 (CET/CEST)","663","","1648"
"Switzerland (CH)","07.01.2020 23:00 - 08.01.2020 00:00 (CET/CEST)","342","","955"
"Switzerland (CH)","08.01.2020 00:00 - 08.01.2020 01:00 (CET/CEST)","247","","802"
"Switzerland (CH)","08.01.2020 01:00 - 08.01.2020 02:00 (CET/CEST)","90","","600"
"Switzerland (CH)","08.01.2020 02:00 - 08.01.2020 03:00 (CET/CEST)","44","","510"
"Switzerland (CH)","08.01.2020 03:00 - 08.01.2020 04:00 (CET/CEST)","22","","521"
"Switzerland (CH)","08.01.2020 04:00 - 08.01.2020 05:00 (CET/CEST)","80","","508"
"Switzerland (CH)","08.01.2020 05:00 - 08.01.2020 06:00 (CET/CEST)","228","","921"
"Switzerland (CH)","08.01.2020 06:00 - 08.01.2020 07:00 (CET/CEST)","669","","2327"
"Switzerland (CH)","08.01.2020 07:00 - 08.01.2020 08:00 (CET/CEST)","1464","","2802"
"Switzerland (CH)","08.01.2020 08:00 - 08.01.2020 09:00 (CET/CEST)","1429","","2790"
"Switzerland (CH)","08.01.2020 09:00 - 08.01.2020 10:00 (CET/CEST)","1237","","2565"
"Switzerland (CH)","08.01.2020 10:00 - 08.01.2020 11:00 (CET/CEST)","1062","","2342"
"Switzerland (CH)","08.01.2020 11:00 - 08.01.2020 12:00 (CET/CEST)","764","","2453"
"Switzerland (CH)","08.01.2020 12:00 - 08.01.2020 13:00 (CET/CEST)","683","","1990"
"Switzerland (CH)","08.01.2020 13:00 - 08.01.2020 14:00 (CET/CEST)","671","","1772"
"Switzerland (CH)","08.01.2020 14:00 - 08.01.2020 15:00 (CET/CEST)","772","","2222"
"Switzerland (CH)","08.01.2020 15:00 - 08.01.2020 16:00 (CET/CEST)","1003","","2053"
"Switzerland (CH)","08.01.2020 16:00 - 08.01.2020 17:00 (CET/CEST)","1395","","2800"
"Switzerland (CH)","08.01.2020 17:00 - 08.01.2020 18:00 (CET/CEST)","2797","","3593"
"Switzerland (CH)","08.01.2020 18:00 - 08.01.2020 19:00 (CET/CEST)","2948","","3723"
"Switzerland (CH)","08.01.2020 19:00 - 08.01.2020 20:00 (CET/CEST)","2626","","3544"
"Switzerland (CH)","08.01.2020 20:00 - 08.01.2020 21:00 (CET/CEST)","1429","","2606"
"Switzerland (CH)","08.01.2020 21:00 - 08.01.2020 22:00 (CET/CEST)","763","","1779"
"Switzerland (CH)","08.01.2020 22:00 - 08.01.2020 23:00 (CET/CEST)","521","","1654"
"Switzerland (CH)","08.01.2020 23:00 - 09.01.2020 00:00 (CET/CEST)","400","","1395"
"Switzerland (CH)","09.01.2020 00:00 - 09.01.2020 01:00 (CET/CEST)","532","","1420"
"Switzerland (CH)","09.01.2020 01:00 - 09.01.2020 02:00 (CET/CEST)","374","","745"
"Switzerland (CH)","09.01.2020 02:00 - 09.01.2020 03:00 (CET/CEST)","149","","540"
"Switzerland (CH)","09.01.2020 03:00 - 09.01.2020 04:00 (CET/CEST)","82","","616"
"Switzerland (CH)","09.01.2020 04:00 - 09.01.2020 05:00 (CET/CEST)","117","","658"
"Switzerland (CH)","09.01.2020 05:00 - 09.01.2020 06:00 (CET/CEST)","425","","984"
"Switzerland (CH)","09.01.2020 06:00 - 09.01.2020 07:00 (CET/CEST)","1561","","2466"
"Switzerland (CH)","09.01.2020 07:00 - 09.01.2020 08:00 (CET/CEST)","1700","","2892"
"Switzerland (CH)","09.01.2020 08:00 - 09.01.2020 09:00 (CET/CEST)","1509","","3156"
"Switzerland (CH)","09.01.2020 09:00 - 09.01.2020 10:00 (CET/CEST)","1931","","3365"
"Switzerland (CH)","09.01.2020 10:00 - 09.01.2020 11:00 (CET/CEST)","2218","","3380"
"Switzerland (CH)","09.01.2020 11:00 - 09.01.2020 12:00 (CET/CEST)","2153","","3333"
"Switzerland (CH)","09.01.2020 12:00 - 09.01.2020 13:00 (CET/CEST)","2105","","3182"
"Switzerland (CH)","09.01.2020 13:00 - 09.01.2020 14:00 (CET/CEST)","1172","","2936"
"Switzerland (CH)","09.01.2020 14:00 - 09.01.2020 15:00 (CET/CEST)","1173","","2677"
"Switzerland (CH)","09.01.2020 15:00 - 09.01.2020 16:00 (CET/CEST)","1746","","3016"
"Switzerland (CH)","09.01.2020 16:00 - 09.01.2020 17:00 (CET/CEST)","2046","","2967"
"Switzerland (CH)","09.01.2020 17:00 - 09.01.2020 18:00 (CET/CEST)","2591","","3366"
"Switzerland (CH)","09.01.2020 18:00 - 09.01.2020 19:00 (CET/CEST)","2675","","3491"
"Switzerland (CH)","09.01.2020 19:00 - 09.01.2020 20:00 (CET/CEST)","2620","","3275"
"Switzerland (CH)","09.01.2020 20:00 - 09.01.2020 21:00 (CET/CEST)","2284","","2833"
"Switzerland (CH)","09.01.2020 21:00 - 09.01.2020 22:00 (CET/CEST)","2231","","2901"
"Switzerland (CH)","09.01.2020 22:00 - 09.01.2020 23:00 (CET/CEST)","945","","2305"
"Switzerland (CH)","09.01.2020 23:00 - 10.01.2020 00:00 (CET/CEST)","321","","1110"
"Switzerland (CH)","10.01.2020 00:00 - 10.01.2020 01:00 (CET/CEST)","165","","607"
"Switzerland (CH)","10.01.2020 01:00 - 10.01.2020 02:00 (CET/CEST)","142","","642"
"Switzerland (CH)","10.01.2020 02:00 - 10.01.2020 03:00 (CET/CEST)","97","","489"
"Switzerland (CH)","10.01.2020 03:00 - 10.01.2020 04:00 (CET/CEST)","78","","534"
"Switzerland (CH)","10.01.2020 04:00 - 10.01.2020 05:00 (CET/CEST)","71","","588"
"Switzerland (CH)","10.01.2020 05:00 - 10.01.2020 06:00 (CET/CEST)","147","","741"
"Switzerland (CH)","10.01.2020 06:00 - 10.01.2020 07:00 (CET/CEST)","1538","","2164"
"Switzerland (CH)","10.01.2020 07:00 - 10.01.2020 08:00 (CET/CEST)","2330","","3306"
"Switzerland (CH)","10.01.2020 08:00 - 10.01.2020 09:00 (CET/CEST)","2425","","3551"
"Switzerland (CH)","10.01.2020 09:00 - 10.01.2020 10:00 (CET/CEST)","1952","","3361"
"Switzerland (CH)","10.01.2020 10:00 - 10.01.2020 11:00 (CET/CEST)","1300","","3215"
"Switzerland (CH)","10.01.2020 11:00 - 10.01.2020 12:00 (CET/CEST)","761","","2803"
"Switzerland (CH)","10.01.2020 12:00 - 10.01.2020 13:00 (CET/CEST)","725","","2002"
"Switzerland (CH)","10.01.2020 13:00 - 10.01.2020 14:00 (CET/CEST)","662","","1850"
"Switzerland (CH)","10.01.2020 14:00 - 10.01.2020 15:00 (CET/CEST)","729","","2107"
"Switzerland (CH)","10.01.2020 15:00 - 10.01.2020 16:00 (CET/CEST)","884","","2317"
"Switzerland (CH)","10.01.2020 16:00 - 10.01.2020 17:00 (CET/CEST)","1400","","2777"
"Switzerland (CH)","10.01.2020 17:00 - 10.01.2020 18:00 (CET/CEST)","2629","","3355"
"Switzerland (CH)","10.01.2020 18:00 - 10.01.2020 19:00 (CET/CEST)","2662","","3414"
"Switzerland (CH)","10.01.2020 19:00 - 10.01.2020 20:00 (CET/CEST)","2223","","3213"
"Switzerland (CH)","10.01.2020 20:00 - 10.01.2020 21:00 (CET/CEST)","1364","","2631"
"Switzerland (CH)","10.01.2020 21:00 - 10.01.2020 22:00 (CET/CEST)","896","","2054"
"Switzerland (CH)","10.01.2020 22:00 - 10.01.2020 23:00 (CET/CEST)","287","","1173"
"Switzerland (CH)","10.01.2020 23:00 - 11.01.2020 00:00 (CET/CEST)","201","","803"
"Switzerland (CH)","11.01.2020 00:00 - 11.01.2020 01:00 (CET/CEST)","205","","779"
"Switzerland (CH)","11.01.2020 01:00 - 11.01.2020 02:00 (CET/CEST)","110","","614"
"Switzerland (CH)","11.01.2020 02:00 - 11.01.2020 03:00 (CET/CEST)","98","","494"
"Switzerland (CH)","11.01.2020 03:00 - 11.01.2020 04:00 (CET/CEST)","127","","427"
"Switzerland (CH)","11.01.2020 04:00 - 11.01.2020 05:00 (CET/CEST)","75","","423"
"Switzerland (CH)","11.01.2020 05:00 - 11.01.2020 06:00 (CET/CEST)","141","","513"
"Switzerland (CH)","11.01.2020 06:00 - 11.01.2020 07:00 (CET/CEST)","274","","797"
"Switzerland (CH)","11.01.2020 07:00 - 11.01.2020 08:00 (CET/CEST)","332","","984"
"Switzerland (CH)","11.01.2020 08:00 - 11.01.2020 09:00 (CET/CEST)","306","","1269"
"Switzerland (CH)","11.01.2020 09:00 - 11.01.2020 10:00 (CET/CEST)","430","","1697"
"Switzerland (CH)","11.01.2020 10:00 - 11.01.2020 11:00 (CET/CEST)","460","","1395"
"Switzerland (CH)","11.01.2020 11:00 - 11.01.2020 12:00 (CET/CEST)","381","","957"
"Switzerland (CH)","11.01.2020 12:00 - 11.01.2020 13:00 (CET/CEST)","187","","875"
"Switzerland (CH)","11.01.2020 13:00 - 11.01.2020 14:00 (CET/CEST)","126","","556"
"Switzerland (CH)","11.01.2020 14:00 - 11.01.2020 15:00 (CET/CEST)","223","","626"
"Switzerland (CH)","11.01.2020 15:00 - 11.01.2020 16:00 (CET/CEST)","393","","870"
"Switzerland (CH)","11.01.2020 16:00 - 11.01.2020 17:00 (CET/CEST)","318","","1345"
"Switzerland (CH)","11.01.2020 17:00 - 11.01.2020 18:00 (CET/CEST)","513","","1790"
"Switzerland (CH)","11.01.2020 18:00 - 11.01.2020 19:00 (CET/CEST)","501","","1666"
"Switzerland (CH)","11.01.2020 19:00 - 11.01.2020 20:00 (CET/CEST)","422","","1616"
"Switzerland (CH)","11.01.2020 20:00 - 11.01.2020 21:00 (CET/CEST)","312","","1325"
"Switzerland (CH)","11.01.2020 21:00 - 11.01.2020 22:00 (CET/CEST)","234","","1017"
"Switzerland (CH)","11.01.2020 22:00 - 11.01.2020 23:00 (CET/CEST)","219","","789"
"Switzerland (CH)","11.01.2020 23:00 - 12.01.2020 00:00 (CET/CEST)","123","","715"
"Switzerland (CH)","12.01.2020 00:00 - 12.01.2020 01:00 (CET/CEST)","33","","602"
"Switzerland (CH)","12.01.2020 01:00 - 12.01.2020 02:00 (CET/CEST)","13","","467"
"Switzerland (CH)","12.01.2020 02:00 - 12.01.2020 03:00 (CET/CEST)","10","","460"
"Switzerland (CH)","12.01.2020 03:00 - 12.01.2020 04:00 (CET/CEST)","13","","414"
"Switzerland (CH)","12.01.2020 04:00 - 12.01.2020 05:00 (CET/CEST)","23","","357"
"Switzerland (CH)","12.01.2020 05:00 - 12.01.2020 06:00 (CET/CEST)","26","","422"
"Switzerland (CH)","12.01.2020 06:00 - 12.01.2020 07:00 (CET/CEST)","82","","497"
"Switzerland (CH)","12.01.2020 07:00 - 12.01.2020 08:00 (CET/CEST)","87","","549"
"Switzerland (CH)","12.01.2020 08:00 - 12.01.2020 09:00 (CET/CEST)","108","","663"
"Switzerland (CH)","12.01.2020 09:00 - 12.01.2020 10:00 (CET/CEST)","182","","604"
"Switzerland (CH)","12.01.2020 10:00 - 12.01.2020 11:00 (CET/CEST)","174","","576"
"Switzerland (CH)","12.01.2020 11:00 - 12.01.2020 12:00 (CET/CEST)","78","","504"
"Switzerland (CH)","12.01.2020 12:00 - 12.01.2020 13:00 (CET/CEST)","60","","462"
"Switzerland (CH)","12.01.2020 13:00 - 12.01.2020 14:00 (CET/CEST)","43","","417"
"Switzerland (CH)","12.01.2020 14:00 - 12.01.2020 15:00 (CET/CEST)","33","","429"
"Switzerland (CH)","12.01.2020 15:00 - 12.01.2020 16:00 (CET/CEST)","47","","559"
"Switzerland (CH)","12.01.2020 16:00 - 12.01.2020 17:00 (CET/CEST)","180","","766"
"Switzerland (CH)","12.01.2020 17:00 - 12.01.2020 18:00 (CET/CEST)","380","","1393"
"Switzerland (CH)","12.01.2020 18:00 - 12.01.2020 19:00 (CET/CEST)","481","","1576"
"Switzerland (CH)","12.01.2020 19:00 - 12.01.2020 20:00 (CET/CEST)","439","","1604"
"Switzerland (CH)","12.01.2020 20:00 - 12.01.2020 21:00 (CET/CEST)","333","","1341"
"Switzerland (CH)","12.01.2020 21:00 - 12.01.2020 22:00 (CET/CEST)","217","","1203"
"Switzerland (CH)","12.01.2020 22:00 - 12.01.2020 23:00 (CET/CEST)","209","","1217"
"Switzerland (CH)","12.01.2020 23:00 - 13.01.2020 00:00 (CET/CEST)","166","","817"
"Switzerland (CH)","13.01.2020 00:00 - 13.01.2020 01:00 (CET/CEST)","124","","687"
"Switzerland (CH)","13.01.2020 01:00 - 13.01.2020 02:00 (CET/CEST)","54","","525"
"Switzerland (CH)","13.01.2020 02:00 - 13.01.2020 03:00 (CET/CEST)","34","","500"
"Switzerland (CH)","13.01.2020 03:00 - 13.01.2020 04:00 (CET/CEST)","37","","510"
"Switzerland (CH)","13.01.2020 04:00 - 13.01.2020 05:00 (CET/CEST)","59","","506"
"Switzerland (CH)","13.01.2020 05:00 - 13.01.2020 06:00 (CET/CEST)","202","","752"
"Switzerland (CH)","13.01.2020 06:00 - 13.01.2020 07:00 (CET/CEST)","880","","2490"
"Switzerland (CH)","13.01.2020 07:00 - 13.01.2020 08:00 (CET/CEST)","1511","","3290"
"Switzerland (CH)","13.01.2020 08:00 - 13.01.2020 09:00 (CET/CEST)","2497","","3620"
"Switzerland (CH)","13.01.2020 09:00 - 13.01.2020 10:00 (CET/CEST)","2095","","3360"
"Switzerland (CH)","13.01.2020 10:00 - 13.01.2020 11:00 (CET/CEST)","1607","","3188"
"Switzerland (CH)","13.01.2020 11:00 - 13.01.2020 12:00 (CET/CEST)","1282","","3062"
"Switzerland (CH)","13.01.2020 12:00 - 13.01.2020 13:00 (CET/CEST)","814","","2726"
"Switzerland (CH)","13.01.2020 13:00 - 13.01.2020 14:00 (CET/CEST)","769","","2573"
"Switzerland (CH)","13.01.2020 14:00 - 13.01.2020 15:00 (CET/CEST)","746","","2247"
"Switzerland (CH)","13.01.2020 15:00 - 13.01.2020 16:00 (CET/CEST)","752","","2613"
"Switzerland (CH)","13.01.2020 16:00 - 13.01.2020 17:00 (CET/CEST)","1087","","2942"
"Switzerland (CH)","13.01.2020 17:00 - 13.01.2020 18:00 (CET/CEST)","1625","","2984"
"Switzerland (CH)","13.01.2020 18:00 - 13.01.2020 19:00 (CET/CEST)","1142","","2597"
"Switzerland (CH)","13.01.2020 19:00 - 13.01.2020 20:00 (CET/CEST)","859","","1924"
"Switzerland (CH)","13.01.2020 20:00 - 13.01.2020 21:00 (CET/CEST)","450","","1660"
"Switzerland (CH)","13.01.2020 21:00 - 13.01.2020 22:00 (CET/CEST)","258","","1335"
"Switzerland (CH)","13.01.2020 22:00 - 13.01.2020 23:00 (CET/CEST)","263","","1495"
"Switzerland (CH)","13.01.2020 23:00 - 14.01.2020 00:00 (CET/CEST)","333","","1064"
"Switzerland (CH)","14.01.2020 00:00 - 14.01.2020 01:00 (CET/CEST)","232","","949"
"Switzerland (CH)","14.01.2020 01:00 - 14.01.2020 02:00 (CET/CEST)","143","","701"
"Switzerland (CH)","14.01.2020 02:00 - 14.01.2020 03:00 (CET/CEST)","192","","637"
"Switzerland (CH)","14.01.2020 03:00 - 14.01.2020 04:00 (CET/CEST)","183","","589"
"Switzerland (CH)","14.01.2020 04:00 - 14.01.2020 05:00 (CET/CEST)","182","","659"
"Switzerland (CH)","14.01.2020 05:00 - 14.01.2020 06:00 (CET/CEST)","255","","1050"
"Switzerland (CH)","14.01.2020 06:00 - 14.01.2020 07:00 (CET/CEST)","832","","2754"
"Switzerland (CH)","14.01.2020 07:00 - 14.01.2020 08:00 (CET/CEST)","2118","","3166"
"Switzerland (CH)","14.01.2020 08:00 - 14.01.2020 09:00 (CET/CEST)","2576","","3274"
"Switzerland (CH)","14.01.2020 09:00 - 14.01.2020 10:00 (CET/CEST)","2586","","3202"
"Switzerland (CH)","14.01.2020 10:00 - 14.01.2020 11:00 (CET/CEST)","2029","","3080"
"Switzerland (CH)","14.01.2020 11:00 - 14.01.2020 12:00 (CET/CEST)","1077","","2646"
"Switzerland (CH)","14.01.2020 12:00 - 14.01.2020 13:00 (CET/CEST)","672","","2339"
"Switzerland (CH)","14.01.2020 13:00 - 14.01.2020 14:00 (CET/CEST)","617","","2545"
"Switzerland (CH)","14.01.2020 14:00 - 14.01.2020 15:00 (CET/CEST)","637","","2540"
"Switzerland (CH)","14.01.2020 15:00 - 14.01.2020 16:00 (CET/CEST)","799","","2735"
"Switzerland (CH)","14.01.2020 16:00 - 14.01.2020 17:00 (CET/CEST)","1371","","2951"
"Switzerland (CH)","14.01.2020 17:00 - 14.01.2020 18:00 (CET/CEST)","2397","","3454"
"Switzerland (CH)","14.01.2020 18:00 - 14.01.2020 19:00 (CET/CEST)","2104","","3108"
"Switzerland (CH)","14.01.2020 19:00 - 14.01.2020 20:00 (CET/CEST)","1230","","2293"
"Switzerland (CH)","14.01.2020 20:00 - 14.01.2020 21:00 (CET/CEST)","749","","1708"
"Switzerland (CH)","14.01.2020 21:00 - 14.01.2020 22:00 (CET/CEST)","321","","1010"
"Switzerland (CH)","14.01.2020 22:00 - 14.01.2020 23:00 (CET/CEST)","351","","1475"
"Switzerland (CH)","14.01.2020 23:00 - 15.01.2020 00:00 (CET/CEST)","303","","776"
"Switzerland (CH)","15.01.2020 00:00 - 15.01.2020 01:00 (CET/CEST)","236","","840"
"Switzerland (CH)","15.01.2020 01:00 - 15.01.2020 02:00 (CET/CEST)","189","","728"
"Switzerland (CH)","15.01.2020 02:00 - 15.01.2020 03:00 (CET/CEST)","103","","667"
"Switzerland (CH)","15.01.2020 03:00 - 15.01.2020 04:00 (CET/CEST)","142","","646"
"Switzerland (CH)","15.01.2020 04:00 - 15.01.2020 05:00 (CET/CEST)","147","","626"
"Switzerland (CH)","15.01.2020 05:00 - 15.01.2020 06:00 (CET/CEST)","278","","778"
"Switzerland (CH)","15.01.2020 06:00 - 15.01.2020 07:00 (CET/CEST)","604","","1659"
"Switzerland (CH)","15.01.2020 07:00 - 15.01.2020 08:00 (CET/CEST)","850","","3012"
"Switzerland (CH)","15.01.2020 08:00 - 15.01.2020 09:00 (CET/CEST)","1864","","3367"
"Switzerland (CH)","15.01.2020 09:00 - 15.01.2020 10:00 (CET/CEST)","1444","","2665"
"Switzerland (CH)","15.01.2020 10:00 - 15.01.2020 11:00 (CET/CEST)","973","","2227"
"Switzerland (CH)","15.01.2020 11:00 - 15.01.2020 12:00 (CET/CEST)","787","","2574"
"Switzerland (CH)","15.01.2020 12:00 - 15.01.2020 13:00 (CET/CEST)","717","","2273"
"Switzerland (CH)","15.01.2020 13:00 - 15.01.2020 14:00 (CET/CEST)","608","","1951"
"Switzerland (CH)","15.01.2020 14:00 - 15.01.2020 15:00 (CET/CEST)","730","","2410"
"Switzerland (CH)","15.01.2020 15:00 - 15.01.2020 16:00 (CET/CEST)","794","","2467"
"Switzerland (CH)","15.01.2020 16:00 - 15.01.2020 17:00 (CET/CEST)","828","","2656"
"Switzerland (CH)","15.01.2020 17:00 - 15.01.2020 18:00 (CET/CEST)","2234","","3168"
"Switzerland (CH)","15.01.2020 18:00 - 15.01.2020 19:00 (CET/CEST)","2880","","3597"
"Switzerland (CH)","15.01.2020 19:00 - 15.01.2020 20:00 (CET/CEST)","2014","","3362"
"Switzerland (CH)","15.01.2020 20:00 - 15.01.2020 21:00 (CET/CEST)","1867","","2686"
"Switzerland (CH)","15.01.2020 21:00 - 15.01.2020 22:00 (CET/CEST)","1518","","1635"
"Switzerland (CH)","15.01.2020 22:00 - 15.01.2020 23:00 (CET/CEST)","1726","","2729"
"Switzerland (CH)","15.01.2020 23:00 - 16.01.2020 00:00 (CET/CEST)","368","","1508"
"Switzerland (CH)","16.01.2020 00:00 - 16.01.2020 01:00 (CET/CEST)","311","","1599"
"Switzerland (CH)","16.01.2020 01:00 - 16.01.2020 02:00 (CET/CEST)","124","","550"
"Switzerland (CH)","16.01.2020 02:00 - 16.01.2020 03:00 (CET/CEST)","60","","704"
"Switzerland (CH)","16.01.2020 03:00 - 16.01.2020 04:00 (CET/CEST)","30","","540"
"Switzerland (CH)","16.01.2020 04:00 - 16.01.2020 05:00 (CET/CEST)","85","","790"
"Switzerland (CH)","16.01.2020 05:00 - 16.01.2020 06:00 (CET/CEST)","233","","1542"
"Switzerland (CH)","16.01.2020 06:00 - 16.01.2020 07:00 (CET/CEST)","2089","","2756"
"Switzerland (CH)","16.01.2020 07:00 - 16.01.2020 08:00 (CET/CEST)","2506","","3449"
"Switzerland (CH)","16.01.2020 08:00 - 16.01.2020 09:00 (CET/CEST)","2614","","3181"
"Switzerland (CH)","16.01.2020 09:00 - 16.01.2020 10:00 (CET/CEST)","2254","","3376"
"Switzerland (CH)","16.01.2020 10:00 - 16.01.2020 11:00 (CET/CEST)","2217","","3101"
"Switzerland (CH)","16.01.2020 11:00 - 16.01.2020 12:00 (CET/CEST)","2065","","2890"
"Switzerland (CH)","16.01.2020 12:00 - 16.01.2020 13:00 (CET/CEST)","1521","","2319"
"Switzerland (CH)","16.01.2020 13:00 - 16.01.2020 14:00 (CET/CEST)","1300","","2092"
"Switzerland (CH)","16.01.2020 14:00 - 16.01.2020 15:00 (CET/CEST)","918","","2646"
"Switzerland (CH)","16.01.2020 15:00 - 16.01.2020 16:00 (CET/CEST)","1771","","3062"
"Switzerland (CH)","16.01.2020 16:00 - 16.01.2020 17:00 (CET/CEST)","2079","","3316"
"Switzerland (CH)","16.01.2020 17:00 - 16.01.2020 18:00 (CET/CEST)","2442","","3557"
"Switzerland (CH)","16.01.2020 18:00 - 16.01.2020 19:00 (CET/CEST)","2774","","3434"
"Switzerland (CH)","16.01.2020 19:00 - 16.01.2020 20:00 (CET/CEST)","1958","","3014"
"Switzerland (CH)","16.01.2020 20:00 - 16.01.2020 21:00 (CET/CEST)","1360","","2335"
"Switzerland (CH)","16.01.2020 21:00 - 16.01.2020 22:00 (CET/CEST)","788","","1915"
"Switzerland (CH)","16.01.2020 22:00 - 16.01.2020 23:00 (CET/CEST)","596","","2248"
"Switzerland (CH)","16.01.2020 23:00 - 17.01.2020 00:00 (CET/CEST)","503","","1035"
"Switzerland (CH)","17.01.2020 00:00 - 17.01.2020 01:00 (CET/CEST)","833","","1445"
"Switzerland (CH)","17.01.2020 01:00 - 17.01.2020 02:00 (CET/CEST)","691","","1056"
"Switzerland (CH)","17.01.2020 02:00 - 17.01.2020 03:00 (CET/CEST)","137","","1083"
"Switzerland (CH)","17.01.2020 03:00 - 17.01.2020 04:00 (CET/CEST)","97","","647"
"Switzerland (CH)","17.01.2020 04:00 - 17.01.2020 05:00 (CET/CEST)","78","","639"
"Switzerland (CH)","17.01.2020 05:00 - 17.01.2020 06:00 (CET/CEST)","273","","1251"
"Switzerland (CH)","17.01.2020 06:00 - 17.01.2020 07:00 (CET/CEST)","886","","2508"
"Switzerland (CH)","17.01.2020 07:00 - 17.01.2020 08:00 (CET/CEST)","1269","","3191"
"Switzerland (CH)","17.01.2020 08:00 - 17.01.2020 09:00 (CET/CEST)","1239","","3238"
"Switzerland (CH)","17.01.2020 09:00 - 17.01.2020 10:00 (CET/CEST)","1075","","2928"
"Switzerland (CH)","17.01.2020 10:00 - 17.01.2020 11:00 (CET/CEST)","1139","","2845"
"Switzerland (CH)","17.01.2020 11:00 - 17.01.2020 12:00 (CET/CEST)","907","","2618"
"Switzerland (CH)","17.01.2020 12:00 - 17.01.2020 13:00 (CET/CEST)","796","","2077"
"Switzerland (CH)","17.01.2020 13:00 - 17.01.2020 14:00 (CET/CEST)","916","","1967"
"Switzerland (CH)","17.01.2020 14:00 - 17.01.2020 15:00 (CET/CEST)","900","","2455"
"Switzerland (CH)","17.01.2020 15:00 - 17.01.2020 16:00 (CET/CEST)","986","","2571"
"Switzerland (CH)","17.01.2020 16:00 - 17.01.2020 17:00 (CET/CEST)","924","","2543"
"Switzerland (CH)","17.01.2020 17:00 - 17.01.2020 18:00 (CET/CEST)","1773","","3256"
"Switzerland (CH)","17.01.2020 18:00 - 17.01.2020 19:00 (CET/CEST)","1576","","2747"
"Switzerland (CH)","17.01.2020 19:00 - 17.01.2020 20:00 (CET/CEST)","1334","","2495"
"Switzerland (CH)","17.01.2020 20:00 - 17.01.2020 21:00 (CET/CEST)","595","","1830"
"Switzerland (CH)","17.01.2020 21:00 - 17.01.2020 22:00 (CET/CEST)","460","","1698"
"Switzerland (CH)","17.01.2020 22:00 - 17.01.2020 23:00 (CET/CEST)","573","","1797"
"Switzerland (CH)","17.01.2020 23:00 - 18.01.2020 00:00 (CET/CEST)","355","","1138"
"Switzerland (CH)","18.01.2020 00:00 - 18.01.2020 01:00 (CET/CEST)","226","","1370"
"Switzerland (CH)","18.01.2020 01:00 - 18.01.2020 02:00 (CET/CEST)","166","","968"
"Switzerland (CH)","18.01.2020 02:00 - 18.01.2020 03:00 (CET/CEST)","160","","1196"
"Switzerland (CH)","18.01.2020 03:00 - 18.01.2020 04:00 (CET/CEST)","56","","765"
"Switzerland (CH)","18.01.2020 04:00 - 18.01.2020 05:00 (CET/CEST)","53","","765"
"Switzerland (CH)","18.01.2020 05:00 - 18.01.2020 06:00 (CET/CEST)","74","","1058"
"Switzerland (CH)","18.01.2020 06:00 - 18.01.2020 07:00 (CET/CEST)","217","","1686"
"Switzerland (CH)","18.01.2020 07:00 - 18.01.2020 08:00 (CET/CEST)","360","","1955"
"Switzerland (CH)","18.01.2020 08:00 - 18.01.2020 09:00 (CET/CEST)","503","","2379"
"Switzerland (CH)","18.01.2020 09:00 - 18.01.2020 10:00 (CET/CEST)","548","","2130"
"Switzerland (CH)","18.01.2020 10:00 - 18.01.2020 11:00 (CET/CEST)","386","","1697"
"Switzerland (CH)","18.01.2020 11:00 - 18.01.2020 12:00 (CET/CEST)","572","","2301"
"Switzerland (CH)","18.01.2020 12:00 - 18.01.2020 13:00 (CET/CEST)","413","","1290"
"Switzerland (CH)","18.01.2020 13:00 - 18.01.2020 14:00 (CET/CEST)","206","","1298"
"Switzerland (CH)","18.01.2020 14:00 - 18.01.2020 15:00 (CET/CEST)","201","","1450"
"Switzerland (CH)","18.01.2020 15:00 - 18.01.2020 16:00 (CET/CEST)","226","","1575"
"Switzerland (CH)","18.01.2020 16:00 - 18.01.2020 17:00 (CET/CEST)","501","","2059"
"Switzerland (CH)","18.01.2020 17:00 - 18.01.2020 18:00 (CET/CEST)","838","","2502"
"Switzerland (CH)","18.01.2020 18:00 - 18.01.2020 19:00 (CET/CEST)","1265","","2463"
"Switzerland (CH)","18.01.2020 19:00 - 18.01.2020 20:00 (CET/CEST)","1179","","2498"
"Switzerland (CH)","18.01.2020 20:00 - 18.01.2020 21:00 (CET/CEST)","686","","1601"
"Switzerland (CH)","18.01.2020 21:00 - 18.01.2020 22:00 (CET/CEST)","455","","1506"
"Switzerland (CH)","18.01.2020 22:00 - 18.01.2020 23:00 (CET/CEST)","358","","1478"
"Switzerland (CH)","18.01.2020 23:00 - 19.01.2020 00:00 (CET/CEST)","369","","1069"
"Switzerland (CH)","19.01.2020 00:00 - 19.01.2020 01:00 (CET/CEST)","230","","861"
"Switzerland (CH)","19.01.2020 01:00 - 19.01.2020 02:00 (CET/CEST)","134","","865"
"Switzerland (CH)","19.01.2020 02:00 - 19.01.2020 03:00 (CET/CEST)","107","","707"
"Switzerland (CH)","19.01.2020 03:00 - 19.01.2020 04:00 (CET/CEST)","53","","634"
"Switzerland (CH)","19.01.2020 04:00 - 19.01.2020 05:00 (CET/CEST)","62","","681"
"Switzerland (CH)","19.01.2020 05:00 - 19.01.2020 06:00 (CET/CEST)","139","","690"
"Switzerland (CH)","19.01.2020 06:00 - 19.01.2020 07:00 (CET/CEST)","145","","898"
"Switzerland (CH)","19.01.2020 07:00 - 19.01.2020 08:00 (CET/CEST)","137","","1261"
"Switzerland (CH)","19.01.2020 08:00 - 19.01.2020 09:00 (CET/CEST)","140","","1281"
"Switzerland (CH)","19.01.2020 09:00 - 19.01.2020 10:00 (CET/CEST)","183","","1184"
"Switzerland (CH)","19.01.2020 10:00 - 19.01.2020 11:00 (CET/CEST)","219","","1243"
"Switzerland (CH)","19.01.2020 11:00 - 19.01.2020 12:00 (CET/CEST)","193","","1103"
"Switzerland (CH)","19.01.2020 12:00 - 19.01.2020 13:00 (CET/CEST)","143","","954"
"Switzerland (CH)","19.01.2020 13:00 - 19.01.2020 14:00 (CET/CEST)","162","","915"
"Switzerland (CH)","19.01.2020 14:00 - 19.01.2020 15:00 (CET/CEST)","175","","978"
"Switzerland (CH)","19.01.2020 15:00 - 19.01.2020 16:00 (CET/CEST)","180","","1160"
"Switzerland (CH)","19.01.2020 16:00 - 19.01.2020 17:00 (CET/CEST)","263","","1452"
"Switzerland (CH)","19.01.2020 17:00 - 19.01.2020 18:00 (CET/CEST)","770","","2316"
"Switzerland (CH)","19.01.2020 18:00 - 19.01.2020 19:00 (CET/CEST)","1020","","3158"
"Switzerland (CH)","19.01.2020 19:00 - 19.01.2020 20:00 (CET/CEST)","1010","","2869"
"Switzerland (CH)","19.01.2020 20:00 - 19.01.2020 21:00 (CET/CEST)","422","","2116"
"Switzerland (CH)","19.01.2020 21:00 - 19.01.2020 22:00 (CET/CEST)","197","","1623"
"Switzerland (CH)","19.01.2020 22:00 - 19.01.2020 23:00 (CET/CEST)","169","","1496"
"Switzerland (CH)","19.01.2020 23:00 - 20.01.2020 00:00 (CET/CEST)","109","","881"
"Switzerland (CH)","20.01.2020 00:00 - 20.01.2020 01:00 (CET/CEST)","54","","650"
"Switzerland (CH)","20.01.2020 01:00 - 20.01.2020 02:00 (CET/CEST)","34","","668"
"Switzerland (CH)","20.01.2020 02:00 - 20.01.2020 03:00 (CET/CEST)","33","","618"
"Switzerland (CH)","20.01.2020 03:00 - 20.01.2020 04:00 (CET/CEST)","38","","616"
"Switzerland (CH)","20.01.2020 04:00 - 20.01.2020 05:00 (CET/CEST)","52","","533"
"Switzerland (CH)","20.01.2020 05:00 - 20.01.2020 06:00 (CET/CEST)","165","","766"
"Switzerland (CH)","20.01.2020 06:00 - 20.01.2020 07:00 (CET/CEST)","959","","2767"
"Switzerland (CH)","20.01.2020 07:00 - 20.01.2020 08:00 (CET/CEST)","1904","","3660"
"Switzerland (CH)","20.01.2020 08:00 - 20.01.2020 09:00 (CET/CEST)","2756","","3851"
"Switzerland (CH)","20.01.2020 09:00 - 20.01.2020 10:00 (CET/CEST)","2519","","3690"
"Switzerland (CH)","20.01.2020 10:00 - 20.01.2020 11:00 (CET/CEST)","2140","","3717"
"Switzerland (CH)","20.01.2020 11:00 - 20.01.2020 12:00 (CET/CEST)","1960","","3554"
"Switzerland (CH)","20.01.2020 12:00 - 20.01.2020 13:00 (CET/CEST)","1439","","3006"
"Switzerland (CH)","20.01.2020 13:00 - 20.01.2020 14:00 (CET/CEST)","1614","","3037"
"Switzerland (CH)","20.01.2020 14:00 - 20.01.2020 15:00 (CET/CEST)","1380","","2840"
"Switzerland (CH)","20.01.2020 15:00 - 20.01.2020 16:00 (CET/CEST)","1271","","2727"
"Switzerland (CH)","20.01.2020 16:00 - 20.01.2020 17:00 (CET/CEST)","1541","","2810"
"Switzerland (CH)","20.01.2020 17:00 - 20.01.2020 18:00 (CET/CEST)","2325","","3651"
"Switzerland (CH)","20.01.2020 18:00 - 20.01.2020 19:00 (CET/CEST)","2496","","3781"
"Switzerland (CH)","20.01.2020 19:00 - 20.01.2020 20:00 (CET/CEST)","2261","","3696"
"Switzerland (CH)","20.01.2020 20:00 - 20.01.2020 21:00 (CET/CEST)","1546","","3180"
"Switzerland (CH)","20.01.2020 21:00 - 20.01.2020 22:00 (CET/CEST)","673","","2457"
"Switzerland (CH)","20.01.2020 22:00 - 20.01.2020 23:00 (CET/CEST)","565","","2016"
"Switzerland (CH)","20.01.2020 23:00 - 21.01.2020 00:00 (CET/CEST)","202","","1215"
"Switzerland (CH)","21.01.2020 00:00 - 21.01.2020 01:00 (CET/CEST)","116","","852"
"Switzerland (CH)","21.01.2020 01:00 - 21.01.2020 02:00 (CET/CEST)","83","","608"
"Switzerland (CH)","21.01.2020 02:00 - 21.01.2020 03:00 (CET/CEST)","64","","907"
"Switzerland (CH)","21.01.2020 03:00 - 21.01.2020 04:00 (CET/CEST)","66","","552"
"Switzerland (CH)","21.01.2020 04:00 - 21.01.2020 05:00 (CET/CEST)","96","","564"
"Switzerland (CH)","21.01.2020 05:00 - 21.01.2020 06:00 (CET/CEST)","190","","910"
"Switzerland (CH)","21.01.2020 06:00 - 21.01.2020 07:00 (CET/CEST)","1596","","2481"
"Switzerland (CH)","21.01.2020 07:00 - 21.01.2020 08:00 (CET/CEST)","2170","","3663"
"Switzerland (CH)","21.01.2020 08:00 - 21.01.2020 09:00 (CET/CEST)","2729","","3824"
"Switzerland (CH)","21.01.2020 09:00 - 21.01.2020 10:00 (CET/CEST)","2405","","3899"
"Switzerland (CH)","21.01.2020 10:00 - 21.01.2020 11:00 (CET/CEST)","1923","","3553"
"Switzerland (CH)","21.01.2020 11:00 - 21.01.2020 12:00 (CET/CEST)","1965","","3444"
"Switzerland (CH)","21.01.2020 12:00 - 21.01.2020 13:00 (CET/CEST)","1454","","3046"
"Switzerland (CH)","21.01.2020 13:00 - 21.01.2020 14:00 (CET/CEST)","1425","","2946"
"Switzerland (CH)","21.01.2020 14:00 - 21.01.2020 15:00 (CET/CEST)","1690","","3194"
"Switzerland (CH)","21.01.2020 15:00 - 21.01.2020 16:00 (CET/CEST)","2145","","3231"
"Switzerland (CH)","21.01.2020 16:00 - 21.01.2020 17:00 (CET/CEST)","2043","","3236"
"Switzerland (CH)","21.01.2020 17:00 - 21.01.2020 18:00 (CET/CEST)","2259","","3565"
"Switzerland (CH)","21.01.2020 18:00 - 21.01.2020 19:00 (CET/CEST)","2376","","3767"
"Switzerland (CH)","21.01.2020 19:00 - 21.01.2020 20:00 (CET/CEST)","2284","","3706"
"Switzerland (CH)","21.01.2020 20:00 - 21.01.2020 21:00 (CET/CEST)","1418","","3214"
"Switzerland (CH)","21.01.2020 21:00 - 21.01.2020 22:00 (CET/CEST)","1011","","2678"
"Switzerland (CH)","21.01.2020 22:00 - 21.01.2020 23:00 (CET/CEST)","667","","1995"
"Switzerland (CH)","21.01.2020 23:00 - 22.01.2020 00:00 (CET/CEST)","172","","1258"
"Switzerland (CH)","22.01.2020 00:00 - 22.01.2020 01:00 (CET/CEST)","159","","1228"
"Switzerland (CH)","22.01.2020 01:00 - 22.01.2020 02:00 (CET/CEST)","150","","992"
"Switzerland (CH)","22.01.2020 02:00 - 22.01.2020 03:00 (CET/CEST)","117","","1023"
"Switzerland (CH)","22.01.2020 03:00 - 22.01.2020 04:00 (CET/CEST)","99","","1352"
"Switzerland (CH)","22.01.2020 04:00 - 22.01.2020 05:00 (CET/CEST)","118","","1452"
"Switzerland (CH)","22.01.2020 05:00 - 22.01.2020 06:00 (CET/CEST)","389","","2058"
"Switzerland (CH)","22.01.2020 06:00 - 22.01.2020 07:00 (CET/CEST)","1933","","3075"
"Switzerland (CH)","22.01.2020 07:00 - 22.01.2020 08:00 (CET/CEST)","2554","","3650"
"Switzerland (CH)","22.01.2020 08:00 - 22.01.2020 09:00 (CET/CEST)","2791","","3953"
"Switzerland (CH)","22.01.2020 09:00 - 22.01.2020 10:00 (CET/CEST)","2827","","3903"
"Switzerland (CH)","22.01.2020 10:00 - 22.01.2020 11:00 (CET/CEST)","2766","","3911"
"Switzerland (CH)","22.01.2020 11:00 - 22.01.2020 12:00 (CET/CEST)","2881","","3865"
"Switzerland (CH)","22.01.2020 12:00 - 22.01.2020 13:00 (CET/CEST)","2821","","3769"
"Switzerland (CH)","22.01.2020 13:00 - 22.01.2020 14:00 (CET/CEST)","2299","","3527"
"Switzerland (CH)","22.01.2020 14:00 - 22.01.2020 15:00 (CET/CEST)","2454","","3322"
"Switzerland (CH)","22.01.2020 15:00 - 22.01.2020 16:00 (CET/CEST)","2490","","3343"
"Switzerland (CH)","22.01.2020 16:00 - 22.01.2020 17:00 (CET/CEST)","2650","","3547"
"Switzerland (CH)","22.01.2020 17:00 - 22.01.2020 18:00 (CET/CEST)","3052","","3799"
"Switzerland (CH)","22.01.2020 18:00 - 22.01.2020 19:00 (CET/CEST)","3063","","3832"
"Switzerland (CH)","22.01.2020 19:00 - 22.01.2020 20:00 (CET/CEST)","2799","","3732"
"Switzerland (CH)","22.01.2020 20:00 - 22.01.2020 21:00 (CET/CEST)","2107","","3493"
"Switzerland (CH)","22.01.2020 21:00 - 22.01.2020 22:00 (CET/CEST)","1561","","3197"
"Switzerland (CH)","22.01.2020 22:00 - 22.01.2020 23:00 (CET/CEST)","942","","3057"
"Switzerland (CH)","22.01.2020 23:00 - 23.01.2020 00:00 (CET/CEST)","637","","1889"
"Switzerland (CH)","23.01.2020 00:00 - 23.01.2020 01:00 (CET/CEST)","381","","1304"
"Switzerland (CH)","23.01.2020 01:00 - 23.01.2020 02:00 (CET/CEST)","350","","1880"
"Switzerland (CH)","23.01.2020 02:00 - 23.01.2020 03:00 (CET/CEST)","357","","1145"
"Switzerland (CH)","23.01.2020 03:00 - 23.01.2020 04:00 (CET/CEST)","274","","1083"
"Switzerland (CH)","23.01.2020 04:00 - 23.01.2020 05:00 (CET/CEST)","299","","1052"
"Switzerland (CH)","23.01.2020 05:00 - 23.01.2020 06:00 (CET/CEST)","606","","2100"
"Switzerland (CH)","23.01.2020 06:00 - 23.01.2020 07:00 (CET/CEST)","1894","","3169"
"Switzerland (CH)","23.01.2020 07:00 - 23.01.2020 08:00 (CET/CEST)","2659","","3685"
"Switzerland (CH)","23.01.2020 08:00 - 23.01.2020 09:00 (CET/CEST)","2826","","4034"
"Switzerland (CH)","23.01.2020 09:00 - 23.01.2020 10:00 (CET/CEST)","2923","","3856"
"Switzerland (CH)","23.01.2020 10:00 - 23.01.2020 11:00 (CET/CEST)","2859","","3843"
"Switzerland (CH)","23.01.2020 11:00 - 23.01.2020 12:00 (CET/CEST)","2797","","3700"
"Switzerland (CH)","23.01.2020 12:00 - 23.01.2020 13:00 (CET/CEST)","2702","","3505"
"Switzerland (CH)","23.01.2020 13:00 - 23.01.2020 14:00 (CET/CEST)","2104","","3359"
"Switzerland (CH)","23.01.2020 14:00 - 23.01.2020 15:00 (CET/CEST)","1797","","3235"
"Switzerland (CH)","23.01.2020 15:00 - 23.01.2020 16:00 (CET/CEST)","2223","","3480"
"Switzerland (CH)","23.01.2020 16:00 - 23.01.2020 17:00 (CET/CEST)","2760","","3719"
"Switzerland (CH)","23.01.2020 17:00 - 23.01.2020 18:00 (CET/CEST)","2716","","3742"
"Switzerland (CH)","23.01.2020 18:00 - 23.01.2020 19:00 (CET/CEST)","2790","","3783"
"Switzerland (CH)","23.01.2020 19:00 - 23.01.2020 20:00 (CET/CEST)","2504","","3742"
"Switzerland (CH)","23.01.2020 20:00 - 23.01.2020 21:00 (CET/CEST)","2453","","3544"
"Switzerland (CH)","23.01.2020 21:00 - 23.01.2020 22:00 (CET/CEST)","1827","","3218"
"Switzerland (CH)","23.01.2020 22:00 - 23.01.2020 23:00 (CET/CEST)","1562","","3065"
"Switzerland (CH)","23.01.2020 23:00 - 24.01.2020 00:00 (CET/CEST)","607","","2251"
"Switzerland (CH)","24.01.2020 00:00 - 24.01.2020 01:00 (CET/CEST)","407","","2373"
"Switzerland (CH)","24.01.2020 01:00 - 24.01.2020 02:00 (CET/CEST)","382","","2225"
"Switzerland (CH)","24.01.2020 02:00 - 24.01.2020 03:00 (CET/CEST)","773","","2396"
"Switzerland (CH)","24.01.2020 03:00 - 24.01.2020 04:00 (CET/CEST)","743","","2342"
"Switzerland (CH)","24.01.2020 04:00 - 24.01.2020 05:00 (CET/CEST)","479","","2152"
"Switzerland (CH)","24.01.2020 05:00 - 24.01.2020 06:00 (CET/CEST)","1427","","2791"
"Switzerland (CH)","24.01.2020 06:00 - 24.01.2020 07:00 (CET/CEST)","2294","","3172"
"Switzerland (CH)","24.01.2020 07:00 - 24.01.2020 08:00 (CET/CEST)","2707","","3518"
"Switzerland (CH)","24.01.2020 08:00 - 24.01.2020 09:00 (CET/CEST)","2759","","3686"
"Switzerland (CH)","24.01.2020 09:00 - 24.01.2020 10:00 (CET/CEST)","2801","","3614"
"Switzerland (CH)","24.01.2020 10:00 - 24.01.2020 11:00 (CET/CEST)","2243","","3360"
"Switzerland (CH)","24.01.2020 11:00 - 24.01.2020 12:00 (CET/CEST)","2261","","3374"
"Switzerland (CH)","24.01.2020 12:00 - 24.01.2020 13:00 (CET/CEST)","2162","","3120"
"Switzerland (CH)","24.01.2020 13:00 - 24.01.2020 14:00 (CET/CEST)","2041","","3011"
"Switzerland (CH)","24.01.2020 14:00 - 24.01.2020 15:00 (CET/CEST)","2101","","3083"
"Switzerland (CH)","24.01.2020 15:00 - 24.01.2020 16:00 (CET/CEST)","2172","","3196"
"Switzerland (CH)","24.01.2020 16:00 - 24.01.2020 17:00 (CET/CEST)","2330","","3108"
"Switzerland (CH)","24.01.2020 17:00 - 24.01.2020 18:00 (CET/CEST)","2531","","3404"
"Switzerland (CH)","24.01.2020 18:00 - 24.01.2020 19:00 (CET/CEST)","2525","","3264"
"Switzerland (CH)","24.01.2020 19:00 - 24.01.2020 20:00 (CET/CEST)","2302","","3273"
"Switzerland (CH)","24.01.2020 20:00 - 24.01.2020 21:00 (CET/CEST)","2078","","3170"
"Switzerland (CH)","24.01.2020 21:00 - 24.01.2020 22:00 (CET/CEST)","1848","","3017"
"Switzerland (CH)","24.01.2020 22:00 - 24.01.2020 23:00 (CET/CEST)","1415","","2771"
"Switzerland (CH)","24.01.2020 23:00 - 25.01.2020 00:00 (CET/CEST)","1057","","2333"
"Switzerland (CH)","25.01.2020 00:00 - 25.01.2020 01:00 (CET/CEST)","611","","1991"
"Switzerland (CH)","25.01.2020 01:00 - 25.01.2020 02:00 (CET/CEST)","351","","1449"
"Switzerland (CH)","25.01.2020 02:00 - 25.01.2020 03:00 (CET/CEST)","90","","832"
"Switzerland (CH)","25.01.2020 03:00 - 25.01.2020 04:00 (CET/CEST)","75","","1110"
"Switzerland (CH)","25.01.2020 04:00 - 25.01.2020 05:00 (CET/CEST)","69","","1077"
"Switzerland (CH)","25.01.2020 05:00 - 25.01.2020 06:00 (CET/CEST)","115","","1883"
"Switzerland (CH)","25.01.2020 06:00 - 25.01.2020 07:00 (CET/CEST)","287","","2570"
"Switzerland (CH)","25.01.2020 07:00 - 25.01.2020 08:00 (CET/CEST)","937","","2672"
"Switzerland (CH)","25.01.2020 08:00 - 25.01.2020 09:00 (CET/CEST)","1239","","3019"
"Switzerland (CH)","25.01.2020 09:00 - 25.01.2020 10:00 (CET/CEST)","2159","","3455"
"Switzerland (CH)","25.01.2020 10:00 - 25.01.2020 11:00 (CET/CEST)","2243","","3385"
"Switzerland (CH)","25.01.2020 11:00 - 25.01.2020 12:00 (CET/CEST)","2147","","3376"
"Switzerland (CH)","25.01.2020 12:00 - 25.01.2020 13:00 (CET/CEST)","1705","","3251"
"Switzerland (CH)","25.01.2020 13:00 - 25.01.2020 14:00 (CET/CEST)","774","","2523"
"Switzerland (CH)","25.01.2020 14:00 - 25.01.2020 15:00 (CET/CEST)","605","","2428"
"Switzerland (CH)","25.01.2020 15:00 - 25.01.2020 16:00 (CET/CEST)","600","","2364"
"Switzerland (CH)","25.01.2020 16:00 - 25.01.2020 17:00 (CET/CEST)","1044","","3037"
"Switzerland (CH)","25.01.2020 17:00 - 25.01.2020 18:00 (CET/CEST)","2390","","3282"
"Switzerland (CH)","25.01.2020 18:00 - 25.01.2020 19:00 (CET/CEST)","2805","","3541"
"Switzerland (CH)","25.01.2020 19:00 - 25.01.2020 20:00 (CET/CEST)","2236","","3327"
"Switzerland (CH)","25.01.2020 20:00 - 25.01.2020 21:00 (CET/CEST)","1533","","2887"
"Switzerland (CH)","25.01.2020 21:00 - 25.01.2020 22:00 (CET/CEST)","705","","2641"
"Switzerland (CH)","25.01.2020 22:00 - 25.01.2020 23:00 (CET/CEST)","916","","2680"
"Switzerland (CH)","25.01.2020 23:00 - 26.01.2020 00:00 (CET/CEST)","284","","1407"
"Switzerland (CH)","26.01.2020 00:00 - 26.01.2020 01:00 (CET/CEST)","186","","1693"
"Switzerland (CH)","26.01.2020 01:00 - 26.01.2020 02:00 (CET/CEST)","45","","659"
"Switzerland (CH)","26.01.2020 02:00 - 26.01.2020 03:00 (CET/CEST)","40","","492"
"Switzerland (CH)","26.01.2020 03:00 - 26.01.2020 04:00 (CET/CEST)","24","","437"
"Switzerland (CH)","26.01.2020 04:00 - 26.01.2020 05:00 (CET/CEST)","8","","484"
"Switzerland (CH)","26.01.2020 05:00 - 26.01.2020 06:00 (CET/CEST)","48","","536"
"Switzerland (CH)","26.01.2020 06:00 - 26.01.2020 07:00 (CET/CEST)","103","","813"
"Switzerland (CH)","26.01.2020 07:00 - 26.01.2020 08:00 (CET/CEST)","105","","1054"
"Switzerland (CH)","26.01.2020 08:00 - 26.01.2020 09:00 (CET/CEST)","201","","1297"
"Switzerland (CH)","26.01.2020 09:00 - 26.01.2020 10:00 (CET/CEST)","190","","1498"
"Switzerland (CH)","26.01.2020 10:00 - 26.01.2020 11:00 (CET/CEST)","198","","1778"
"Switzerland (CH)","26.01.2020 11:00 - 26.01.2020 12:00 (CET/CEST)","199","","1733"
"Switzerland (CH)","26.01.2020 12:00 - 26.01.2020 13:00 (CET/CEST)","209","","1858"
"Switzerland (CH)","26.01.2020 13:00 - 26.01.2020 14:00 (CET/CEST)","146","","938"
"Switzerland (CH)","26.01.2020 14:00 - 26.01.2020 15:00 (CET/CEST)","176","","984"
"Switzerland (CH)","26.01.2020 15:00 - 26.01.2020 16:00 (CET/CEST)","223","","1132"
"Switzerland (CH)","26.01.2020 16:00 - 26.01.2020 17:00 (CET/CEST)","249","","1677"
"Switzerland (CH)","26.01.2020 17:00 - 26.01.2020 18:00 (CET/CEST)","725","","2013"
"Switzerland (CH)","26.01.2020 18:00 - 26.01.2020 19:00 (CET/CEST)","696","","2743"
"Switzerland (CH)","26.01.2020 19:00 - 26.01.2020 20:00 (CET/CEST)","713","","2547"
"Switzerland (CH)","26.01.2020 20:00 - 26.01.2020 21:00 (CET/CEST)","514","","1738"
"Switzerland (CH)","26.01.2020 21:00 - 26.01.2020 22:00 (CET/CEST)","302","","1516"
"Switzerland (CH)","26.01.2020 22:00 - 26.01.2020 23:00 (CET/CEST)","292","","2217"
"Switzerland (CH)","26.01.2020 23:00 - 27.01.2020 00:00 (CET/CEST)","156","","1139"
"Switzerland (CH)","27.01.2020 00:00 - 27.01.2020 01:00 (CET/CEST)","99","","426"
"Switzerland (CH)","27.01.2020 01:00 - 27.01.2020 02:00 (CET/CEST)","90","","381"
"Switzerland (CH)","27.01.2020 02:00 - 27.01.2020 03:00 (CET/CEST)","96","","369"
"Switzerland (CH)","27.01.2020 03:00 - 27.01.2020 04:00 (CET/CEST)","88","","345"
"Switzerland (CH)","27.01.2020 04:00 - 27.01.2020 05:00 (CET/CEST)","121","","554"
"Switzerland (CH)","27.01.2020 05:00 - 27.01.2020 06:00 (CET/CEST)","139","","1029"
"Switzerland (CH)","27.01.2020 06:00 - 27.01.2020 07:00 (CET/CEST)","768","","2280"
"Switzerland (CH)","27.01.2020 07:00 - 27.01.2020 08:00 (CET/CEST)","940","","3155"
"Switzerland (CH)","27.01.2020 08:00 - 27.01.2020 09:00 (CET/CEST)","1256","","3242"
"Switzerland (CH)","27.01.2020 09:00 - 27.01.2020 10:00 (CET/CEST)","1697","","3376"
"Switzerland (CH)","27.01.2020 10:00 - 27.01.2020 11:00 (CET/CEST)","1463","","2982"
"Switzerland (CH)","27.01.2020 11:00 - 27.01.2020 12:00 (CET/CEST)","909","","2692"
"Switzerland (CH)","27.01.2020 12:00 - 27.01.2020 13:00 (CET/CEST)","753","","2488"
"Switzerland (CH)","27.01.2020 13:00 - 27.01.2020 14:00 (CET/CEST)","721","","2371"
"Switzerland (CH)","27.01.2020 14:00 - 27.01.2020 15:00 (CET/CEST)","835","","2660"
"Switzerland (CH)","27.01.2020 15:00 - 27.01.2020 16:00 (CET/CEST)","1333","","2523"
"Switzerland (CH)","27.01.2020 16:00 - 27.01.2020 17:00 (CET/CEST)","1244","","2733"
"Switzerland (CH)","27.01.2020 17:00 - 27.01.2020 18:00 (CET/CEST)","1837","","3202"
"Switzerland (CH)","27.01.2020 18:00 - 27.01.2020 19:00 (CET/CEST)","2372","","3525"
"Switzerland (CH)","27.01.2020 19:00 - 27.01.2020 20:00 (CET/CEST)","1323","","2876"
"Switzerland (CH)","27.01.2020 20:00 - 27.01.2020 21:00 (CET/CEST)","664","","2097"
"Switzerland (CH)","27.01.2020 21:00 - 27.01.2020 22:00 (CET/CEST)","566","","1822"
"Switzerland (CH)","27.01.2020 22:00 - 27.01.2020 23:00 (CET/CEST)","448","","1505"
"Switzerland (CH)","27.01.2020 23:00 - 28.01.2020 00:00 (CET/CEST)","165","","737"
"Switzerland (CH)","28.01.2020 00:00 - 28.01.2020 01:00 (CET/CEST)","120","","727"
"Switzerland (CH)","28.01.2020 01:00 - 28.01.2020 02:00 (CET/CEST)","68","","433"
"Switzerland (CH)","28.01.2020 02:00 - 28.01.2020 03:00 (CET/CEST)","59","","399"
"Switzerland (CH)","28.01.2020 03:00 - 28.01.2020 04:00 (CET/CEST)","75","","434"
"Switzerland (CH)","28.01.2020 04:00 - 28.01.2020 05:00 (CET/CEST)","71","","372"
"Switzerland (CH)","28.01.2020 05:00 - 28.01.2020 06:00 (CET/CEST)","144","","495"
"Switzerland (CH)","28.01.2020 06:00 - 28.01.2020 07:00 (CET/CEST)","605","","1907"
"Switzerland (CH)","28.01.2020 07:00 - 28.01.2020 08:00 (CET/CEST)","940","","2813"
"Switzerland (CH)","28.01.2020 08:00 - 28.01.2020 09:00 (CET/CEST)","1055","","3265"
"Switzerland (CH)","28.01.2020 09:00 - 28.01.2020 10:00 (CET/CEST)","1026","","3172"
"Switzerland (CH)","28.01.2020 10:00 - 28.01.2020 11:00 (CET/CEST)","1236","","3227"
"Switzerland (CH)","28.01.2020 11:00 - 28.01.2020 12:00 (CET/CEST)","1863","","3309"
"Switzerland (CH)","28.01.2020 12:00 - 28.01.2020 13:00 (CET/CEST)","1141","","2835"
"Switzerland (CH)","28.01.2020 13:00 - 28.01.2020 14:00 (CET/CEST)","761","","2426"
"Switzerland (CH)","28.01.2020 14:00 - 28.01.2020 15:00 (CET/CEST)","805","","2759"
"Switzerland (CH)","28.01.2020 15:00 - 28.01.2020 16:00 (CET/CEST)","892","","2943"
"Switzerland (CH)","28.01.2020 16:00 - 28.01.2020 17:00 (CET/CEST)","815","","2914"
"Switzerland (CH)","28.01.2020 17:00 - 28.01.2020 18:00 (CET/CEST)","1072","","2854"
"Switzerland (CH)","28.01.2020 18:00 - 28.01.2020 19:00 (CET/CEST)","1105","","3321"
"Switzerland (CH)","28.01.2020 19:00 - 28.01.2020 20:00 (CET/CEST)","695","","2578"
"Switzerland (CH)","28.01.2020 20:00 - 28.01.2020 21:00 (CET/CEST)","503","","2161"
"Switzerland (CH)","28.01.2020 21:00 - 28.01.2020 22:00 (CET/CEST)","582","","1957"
"Switzerland (CH)","28.01.2020 22:00 - 28.01.2020 23:00 (CET/CEST)","338","","1446"
"Switzerland (CH)","28.01.2020 23:00 - 29.01.2020 00:00 (CET/CEST)","490","","1359"
"Switzerland (CH)","29.01.2020 00:00 - 29.01.2020 01:00 (CET/CEST)","123","","1094"
"Switzerland (CH)","29.01.2020 01:00 - 29.01.2020 02:00 (CET/CEST)","94","","786"
"Switzerland (CH)","29.01.2020 02:00 - 29.01.2020 03:00 (CET/CEST)","78","","663"
"Switzerland (CH)","29.01.2020 03:00 - 29.01.2020 04:00 (CET/CEST)","63","","619"
"Switzerland (CH)","29.01.2020 04:00 - 29.01.2020 05:00 (CET/CEST)","133","","1004"
"Switzerland (CH)","29.01.2020 05:00 - 29.01.2020 06:00 (CET/CEST)","683","","1611"
"Switzerland (CH)","29.01.2020 06:00 - 29.01.2020 07:00 (CET/CEST)","2110","","2682"
"Switzerland (CH)","29.01.2020 07:00 - 29.01.2020 08:00 (CET/CEST)","2585","","3133"
"Switzerland (CH)","29.01.2020 08:00 - 29.01.2020 09:00 (CET/CEST)","2882","","3409"
"Switzerland (CH)","29.01.2020 09:00 - 29.01.2020 10:00 (CET/CEST)","2730","","3504"
"Switzerland (CH)","29.01.2020 10:00 - 29.01.2020 11:00 (CET/CEST)","2696","","3439"
"Switzerland (CH)","29.01.2020 11:00 - 29.01.2020 12:00 (CET/CEST)","1678","","2863"
"Switzerland (CH)","29.01.2020 12:00 - 29.01.2020 13:00 (CET/CEST)","940","","1887"
"Switzerland (CH)","29.01.2020 13:00 - 29.01.2020 14:00 (CET/CEST)","929","","2189"
"Switzerland (CH)","29.01.2020 14:00 - 29.01.2020 15:00 (CET/CEST)","1399","","2816"
"Switzerland (CH)","29.01.2020 15:00 - 29.01.2020 16:00 (CET/CEST)","1274","","2590"
"Switzerland (CH)","29.01.2020 16:00 - 29.01.2020 17:00 (CET/CEST)","1349","","3052"
"Switzerland (CH)","29.01.2020 17:00 - 29.01.2020 18:00 (CET/CEST)","1731","","3320"
"Switzerland (CH)","29.01.2020 18:00 - 29.01.2020 19:00 (CET/CEST)","2084","","3450"
"Switzerland (CH)","29.01.2020 19:00 - 29.01.2020 20:00 (CET/CEST)","1896","","3278"
"Switzerland (CH)","29.01.2020 20:00 - 29.01.2020 21:00 (CET/CEST)","1903","","3117"
"Switzerland (CH)","29.01.2020 21:00 - 29.01.2020 22:00 (CET/CEST)","1705","","2326"
"Switzerland (CH)","29.01.2020 22:00 - 29.01.2020 23:00 (CET/CEST)","1404","","1971"
"Switzerland (CH)","29.01.2020 23:00 - 30.01.2020 00:00 (CET/CEST)","283","","619"
"Switzerland (CH)","30.01.2020 00:00 - 30.01.2020 01:00 (CET/CEST)","197","","528"
"Switzerland (CH)","30.01.2020 01:00 - 30.01.2020 02:00 (CET/CEST)","106","","428"
"Switzerland (CH)","30.01.2020 02:00 - 30.01.2020 03:00 (CET/CEST)","112","","408"
"Switzerland (CH)","30.01.2020 03:00 - 30.01.2020 04:00 (CET/CEST)","171","","434"
"Switzerland (CH)","30.01.2020 04:00 - 30.01.2020 05:00 (CET/CEST)","241","","457"
"Switzerland (CH)","30.01.2020 05:00 - 30.01.2020 06:00 (CET/CEST)","294","","545"
"Switzerland (CH)","30.01.2020 06:00 - 30.01.2020 07:00 (CET/CEST)","472","","2067"
"Switzerland (CH)","30.01.2020 07:00 - 30.01.2020 08:00 (CET/CEST)","568","","2911"
"Switzerland (CH)","30.01.2020 08:00 - 30.01.2020 09:00 (CET/CEST)","533","","2818"
"Switzerland (CH)","30.01.2020 09:00 - 30.01.2020 10:00 (CET/CEST)","638","","2822"
"Switzerland (CH)","30.01.2020 10:00 - 30.01.2020 11:00 (CET/CEST)","673","","2165"
"Switzerland (CH)","30.01.2020 11:00 - 30.01.2020 12:00 (CET/CEST)","348","","1944"
"Switzerland (CH)","30.01.2020 12:00 - 30.01.2020 13:00 (CET/CEST)","344","","1221"
"Switzerland (CH)","30.01.2020 13:00 - 30.01.2020 14:00 (CET/CEST)","207","","1230"
"Switzerland (CH)","30.01.2020 14:00 - 30.01.2020 15:00 (CET/CEST)","214","","1755"
"Switzerland (CH)","30.01.2020 15:00 - 30.01.2020 16:00 (CET/CEST)","335","","2281"
"Switzerland (CH)","30.01.2020 16:00 - 30.01.2020 17:00 (CET/CEST)","579","","2560"
"Switzerland (CH)","30.01.2020 17:00 - 30.01.2020 18:00 (CET/CEST)","663","","3003"
"Switzerland (CH)","30.01.2020 18:00 - 30.01.2020 19:00 (CET/CEST)","888","","3060"
"Switzerland (CH)","30.01.2020 19:00 - 30.01.2020 20:00 (CET/CEST)","663","","2425"
"Switzerland (CH)","30.01.2020 20:00 - 30.01.2020 21:00 (CET/CEST)","569","","2178"
"Switzerland (CH)","30.01.2020 21:00 - 30.01.2020 22:00 (CET/CEST)","353","","1598"
"Switzerland (CH)","30.01.2020 22:00 - 30.01.2020 23:00 (CET/CEST)","310","","964"
"Switzerland (CH)","30.01.2020 23:00 - 31.01.2020 00:00 (CET/CEST)","137","","519"
"Switzerland (CH)","31.01.2020 00:00 - 31.01.2020 01:00 (CET/CEST)","164","","501"
"Switzerland (CH)","31.01.2020 01:00 - 31.01.2020 02:00 (CET/CEST)","142","","424"
"Switzerland (CH)","31.01.2020 02:00 - 31.01.2020 03:00 (CET/CEST)","20","","328"
"Switzerland (CH)","31.01.2020 03:00 - 31.01.2020 04:00 (CET/CEST)","26","","291"
"Switzerland (CH)","31.01.2020 04:00 - 31.01.2020 05:00 (CET/CEST)","39","","332"
"Switzerland (CH)","31.01.2020 05:00 - 31.01.2020 06:00 (CET/CEST)","188","","533"
"Switzerland (CH)","31.01.2020 06:00 - 31.01.2020 07:00 (CET/CEST)","460","","1804"
"Switzerland (CH)","31.01.2020 07:00 - 31.01.2020 08:00 (CET/CEST)","598","","2782"
"Switzerland (CH)","31.01.2020 08:00 - 31.01.2020 09:00 (CET/CEST)","796","","2721"
"Switzerland (CH)","31.01.2020 09:00 - 31.01.2020 10:00 (CET/CEST)","832","","2900"
"Switzerland (CH)","31.01.2020 10:00 - 31.01.2020 11:00 (CET/CEST)","732","","2386"
"Switzerland (CH)","31.01.2020 11:00 - 31.01.2020 12:00 (CET/CEST)","699","","2342"
"Switzerland (CH)","31.01.2020 12:00 - 31.01.2020 13:00 (CET/CEST)","537","","1652"
"Switzerland (CH)","31.01.2020 13:00 - 31.01.2020 14:00 (CET/CEST)","389","","1431"
"Switzerland (CH)","31.01.2020 14:00 - 31.01.2020 15:00 (CET/CEST)","371","","1640"
"Switzerland (CH)","31.01.2020 15:00 - 31.01.2020 16:00 (CET/CEST)","464","","1627"
"Switzerland (CH)","31.01.2020 16:00 - 31.01.2020 17:00 (CET/CEST)","772","","2017"
"Switzerland (CH)","31.01.2020 17:00 - 31.01.2020 18:00 (CET/CEST)","824","","1885"
"Switzerland (CH)","31.01.2020 18:00 - 31.01.2020 19:00 (CET/CEST)","1070","","2039"
"Switzerland (CH)","31.01.2020 19:00 - 31.01.2020 20:00 (CET/CEST)","740","","1719"
"Switzerland (CH)","31.01.2020 20:00 - 31.01.2020 21:00 (CET/CEST)","476","","1669"
"Switzerland (CH)","31.01.2020 21:00 - 31.01.2020 22:00 (CET/CEST)","421","","1188"
"Switzerland (CH)","31.01.2020 22:00 - 31.01.2020 23:00 (CET/CEST)","337","","747"
"Switzerland (CH)","31.01.2020 23:00 - 01.02.2020 00:00 (CET/CEST)","171","","512"
"Switzerland (CH)","01.02.2020 00:00 - 01.02.2020 01:00 (CET/CEST)","183","","523"
"Switzerland (CH)","01.02.2020 01:00 - 01.02.2020 02:00 (CET/CEST)","141","","414"
"Switzerland (CH)","01.02.2020 02:00 - 01.02.2020 03:00 (CET/CEST)","85","","433"
"Switzerland (CH)","01.02.2020 03:00 - 01.02.2020 04:00 (CET/CEST)","68","","446"
"Switzerland (CH)","01.02.2020 04:00 - 01.02.2020 05:00 (CET/CEST)","53","","389"
"Switzerland (CH)","01.02.2020 05:00 - 01.02.2020 06:00 (CET/CEST)","80","","443"
"Switzerland (CH)","01.02.2020 06:00 - 01.02.2020 07:00 (CET/CEST)","115","","596"
"Switzerland (CH)","01.02.2020 07:00 - 01.02.2020 08:00 (CET/CEST)","552","","1019"
"Switzerland (CH)","01.02.2020 08:00 - 01.02.2020 09:00 (CET/CEST)","590","","1345"
"Switzerland (CH)","01.02.2020 09:00 - 01.02.2020 10:00 (CET/CEST)","412","","1638"
"Switzerland (CH)","01.02.2020 10:00 - 01.02.2020 11:00 (CET/CEST)","286","","1646"
"Switzerland (CH)","01.02.2020 11:00 - 01.02.2020 12:00 (CET/CEST)","316","","916"
"Switzerland (CH)","01.02.2020 12:00 - 01.02.2020 13:00 (CET/CEST)","217","","710"
"Switzerland (CH)","01.02.2020 13:00 - 01.02.2020 14:00 (CET/CEST)","205","","678"
"Switzerland (CH)","01.02.2020 14:00 - 01.02.2020 15:00 (CET/CEST)","185","","744"
"Switzerland (CH)","01.02.2020 15:00 - 01.02.2020 16:00 (CET/CEST)","294","","913"
"Switzerland (CH)","01.02.2020 16:00 - 01.02.2020 17:00 (CET/CEST)","340","","1314"
"Switzerland (CH)","01.02.2020 17:00 - 01.02.2020 18:00 (CET/CEST)","405","","1453"
"Switzerland (CH)","01.02.2020 18:00 - 01.02.2020 19:00 (CET/CEST)","723","","1766"
"Switzerland (CH)","01.02.2020 19:00 - 01.02.2020 20:00 (CET/CEST)","540","","1329"
"Switzerland (CH)","01.02.2020 20:00 - 01.02.2020 21:00 (CET/CEST)","357","","905"
"Switzerland (CH)","01.02.2020 21:00 - 01.02.2020 22:00 (CET/CEST)","216","","559"
"Switzerland (CH)","01.02.2020 22:00 - 01.02.2020 23:00 (CET/CEST)","105","","470"
"Switzerland (CH)","01.02.2020 23:00 - 02.02.2020 00:00 (CET/CEST)","40","","352"
"Switzerland (CH)","02.02.2020 00:00 - 02.02.2020 01:00 (CET/CEST)","46","","356"
"Switzerland (CH)","02.02.2020 01:00 - 02.02.2020 02:00 (CET/CEST)","50","","280"
"Switzerland (CH)","02.02.2020 02:00 - 02.02.2020 03:00 (CET/CEST)","49","","287"
"Switzerland (CH)","02.02.2020 03:00 - 02.02.2020 04:00 (CET/CEST)","28","","256"
"Switzerland (CH)","02.02.2020 04:00 - 02.02.2020 05:00 (CET/CEST)","41","","267"
"Switzerland (CH)","02.02.2020 05:00 - 02.02.2020 06:00 (CET/CEST)","70","","318"
"Switzerland (CH)","02.02.2020 06:00 - 02.02.2020 07:00 (CET/CEST)","65","","329"
"Switzerland (CH)","02.02.2020 07:00 - 02.02.2020 08:00 (CET/CEST)","74","","389"
"Switzerland (CH)","02.02.2020 08:00 - 02.02.2020 09:00 (CET/CEST)","60","","367"
"Switzerland (CH)","02.02.2020 09:00 - 02.02.2020 10:00 (CET/CEST)","102","","413"
"Switzerland (CH)","02.02.2020 10:00 - 02.02.2020 11:00 (CET/CEST)","117","","403"
"Switzerland (CH)","02.02.2020 11:00 - 02.02.2020 12:00 (CET/CEST)","92","","476"
"Switzerland (CH)","02.02.2020 12:00 - 02.02.2020 13:00 (CET/CEST)","115","","498"
"Switzerland (CH)","02.02.2020 13:00 - 02.02.2020 14:00 (CET/CEST)","177","","500"
"Switzerland (CH)","02.02.2020 14:00 - 02.02.2020 15:00 (CET/CEST)","177","","417"
"Switzerland (CH)","02.02.2020 15:00 - 02.02.2020 16:00 (CET/CEST)","171","","477"
"Switzerland (CH)","02.02.2020 16:00 - 02.02.2020 17:00 (CET/CEST)","204","","1238"
"Switzerland (CH)","02.02.2020 17:00 - 02.02.2020 18:00 (CET/CEST)","494","","1907"
"Switzerland (CH)","02.02.2020 18:00 - 02.02.2020 19:00 (CET/CEST)","507","","1918"
"Switzerland (CH)","02.02.2020 19:00 - 02.02.2020 20:00 (CET/CEST)","473","","1361"
"Switzerland (CH)","02.02.2020 20:00 - 02.02.2020 21:00 (CET/CEST)","189","","744"
"Switzerland (CH)","02.02.2020 21:00 - 02.02.2020 22:00 (CET/CEST)","159","","564"
"Switzerland (CH)","02.02.2020 22:00 - 02.02.2020 23:00 (CET/CEST)","138","","475"
"Switzerland (CH)","02.02.2020 23:00 - 03.02.2020 00:00 (CET/CEST)","39","","351"
"Switzerland (CH)","03.02.2020 00:00 - 03.02.2020 01:00 (CET/CEST)","41","","299"
"Switzerland (CH)","03.02.2020 01:00 - 03.02.2020 02:00 (CET/CEST)","30","","263"
"Switzerland (CH)","03.02.2020 02:00 - 03.02.2020 03:00 (CET/CEST)","32","","257"
"Switzerland (CH)","03.02.2020 03:00 - 03.02.2020 04:00 (CET/CEST)","36","","338"
"Switzerland (CH)","03.02.2020 04:00 - 03.02.2020 05:00 (CET/CEST)","106","","325"
"Switzerland (CH)","03.02.2020 05:00 - 03.02.2020 06:00 (CET/CEST)","144","","348"
"Switzerland (CH)","03.02.2020 06:00 - 03.02.2020 07:00 (CET/CEST)","206","","636"
"Switzerland (CH)","03.02.2020 07:00 - 03.02.2020 08:00 (CET/CEST)","363","","1100"
"Switzerland (CH)","03.02.2020 08:00 - 03.02.2020 09:00 (CET/CEST)","452","","1308"
"Switzerland (CH)","03.02.2020 09:00 - 03.02.2020 10:00 (CET/CEST)","436","","1173"
"Switzerland (CH)","03.02.2020 10:00 - 03.02.2020 11:00 (CET/CEST)","299","","1137"
"Switzerland (CH)","03.02.2020 11:00 - 03.02.2020 12:00 (CET/CEST)","282","","988"
"Switzerland (CH)","03.02.2020 12:00 - 03.02.2020 13:00 (CET/CEST)","215","","718"
"Switzerland (CH)","03.02.2020 13:00 - 03.02.2020 14:00 (CET/CEST)","217","","681"
"Switzerland (CH)","03.02.2020 14:00 - 03.02.2020 15:00 (CET/CEST)","359","","933"
"Switzerland (CH)","03.02.2020 15:00 - 03.02.2020 16:00 (CET/CEST)","538","","1270"
"Switzerland (CH)","03.02.2020 16:00 - 03.02.2020 17:00 (CET/CEST)","446","","1276"
"Switzerland (CH)","03.02.2020 17:00 - 03.02.2020 18:00 (CET/CEST)","479","","2004"
"Switzerland (CH)","03.02.2020 18:00 - 03.02.2020 19:00 (CET/CEST)","511","","2141"
"Switzerland (CH)","03.02.2020 19:00 - 03.02.2020 20:00 (CET/CEST)","542","","1239"
"Switzerland (CH)","03.02.2020 20:00 - 03.02.2020 21:00 (CET/CEST)","167","","1010"
"Switzerland (CH)","03.02.2020 21:00 - 03.02.2020 22:00 (CET/CEST)","97","","795"
"Switzerland (CH)","03.02.2020 22:00 - 03.02.2020 23:00 (CET/CEST)","103","","877"
"Switzerland (CH)","03.02.2020 23:00 - 04.02.2020 00:00 (CET/CEST)","106","","744"
"Switzerland (CH)","04.02.2020 00:00 - 04.02.2020 01:00 (CET/CEST)","123","","433"
"Switzerland (CH)","04.02.2020 01:00 - 04.02.2020 02:00 (CET/CEST)","109","","390"
"Switzerland (CH)","04.02.2020 02:00 - 04.02.2020 03:00 (CET/CEST)","149","","407"
"Switzerland (CH)","04.02.2020 03:00 - 04.02.2020 04:00 (CET/CEST)","142","","399"
"Switzerland (CH)","04.02.2020 04:00 - 04.02.2020 05:00 (CET/CEST)","146","","429"
"Switzerland (CH)","04.02.2020 05:00 - 04.02.2020 06:00 (CET/CEST)","194","","557"
"Switzerland (CH)","04.02.2020 06:00 - 04.02.2020 07:00 (CET/CEST)","317","","1212"
"Switzerland (CH)","04.02.2020 07:00 - 04.02.2020 08:00 (CET/CEST)","490","","1681"
"Switzerland (CH)","04.02.2020 08:00 - 04.02.2020 09:00 (CET/CEST)","796","","1769"
"Switzerland (CH)","04.02.2020 09:00 - 04.02.2020 10:00 (CET/CEST)","658","","1182"
"Switzerland (CH)","04.02.2020 10:00 - 04.02.2020 11:00 (CET/CEST)","567","","1196"
"Switzerland (CH)","04.02.2020 11:00 - 04.02.2020 12:00 (CET/CEST)","580","","1112"
"Switzerland (CH)","04.02.2020 12:00 - 04.02.2020 13:00 (CET/CEST)","295","","981"
"Switzerland (CH)","04.02.2020 13:00 - 04.02.2020 14:00 (CET/CEST)","227","","963"
"Switzerland (CH)","04.02.2020 14:00 - 04.02.2020 15:00 (CET/CEST)","281","","1392"
"Switzerland (CH)","04.02.2020 15:00 - 04.02.2020 16:00 (CET/CEST)","366","","1320"
"Switzerland (CH)","04.02.2020 16:00 - 04.02.2020 17:00 (CET/CEST)","355","","1340"
"Switzerland (CH)","04.02.2020 17:00 - 04.02.2020 18:00 (CET/CEST)","338","","1603"
"Switzerland (CH)","04.02.2020 18:00 - 04.02.2020 19:00 (CET/CEST)","553","","1974"
"Switzerland (CH)","04.02.2020 19:00 - 04.02.2020 20:00 (CET/CEST)","519","","1913"
"Switzerland (CH)","04.02.2020 20:00 - 04.02.2020 21:00 (CET/CEST)","321","","1170"
"Switzerland (CH)","04.02.2020 21:00 - 04.02.2020 22:00 (CET/CEST)","217","","901"
"Switzerland (CH)","04.02.2020 22:00 - 04.02.2020 23:00 (CET/CEST)","178","","723"
"Switzerland (CH)","04.02.2020 23:00 - 05.02.2020 00:00 (CET/CEST)","185","","624"
"Switzerland (CH)","05.02.2020 00:00 - 05.02.2020 01:00 (CET/CEST)","140","","663"
"Switzerland (CH)","05.02.2020 01:00 - 05.02.2020 02:00 (CET/CEST)","48","","544"
"Switzerland (CH)","05.02.2020 02:00 - 05.02.2020 03:00 (CET/CEST)","54","","507"
"Switzerland (CH)","05.02.2020 03:00 - 05.02.2020 04:00 (CET/CEST)","51","","546"
"Switzerland (CH)","05.02.2020 04:00 - 05.02.2020 05:00 (CET/CEST)","64","","512"
"Switzerland (CH)","05.02.2020 05:00 - 05.02.2020 06:00 (CET/CEST)","115","","645"
"Switzerland (CH)","05.02.2020 06:00 - 05.02.2020 07:00 (CET/CEST)","588","","1020"
"Switzerland (CH)","05.02.2020 07:00 - 05.02.2020 08:00 (CET/CEST)","1751","","2866"
"Switzerland (CH)","05.02.2020 08:00 - 05.02.2020 09:00 (CET/CEST)","2644","","3409"
"Switzerland (CH)","05.02.2020 09:00 - 05.02.2020 10:00 (CET/CEST)","2579","","3405"
"Switzerland (CH)","05.02.2020 10:00 - 05.02.2020 11:00 (CET/CEST)","2075","","3054"
"Switzerland (CH)","05.02.2020 11:00 - 05.02.2020 12:00 (CET/CEST)","1383","","2618"
"Switzerland (CH)","05.02.2020 12:00 - 05.02.2020 13:00 (CET/CEST)","589","","1232"
"Switzerland (CH)","05.02.2020 13:00 - 05.02.2020 14:00 (CET/CEST)","265","","1098"
"Switzerland (CH)","05.02.2020 14:00 - 05.02.2020 15:00 (CET/CEST)","278","","1147"
"Switzerland (CH)","05.02.2020 15:00 - 05.02.2020 16:00 (CET/CEST)","313","","1111"
"Switzerland (CH)","05.02.2020 16:00 - 05.02.2020 17:00 (CET/CEST)","589","","1586"
"Switzerland (CH)","05.02.2020 17:00 - 05.02.2020 18:00 (CET/CEST)","1516","","2788"
"Switzerland (CH)","05.02.2020 18:00 - 05.02.2020 19:00 (CET/CEST)","2045","","3388"
"Switzerland (CH)","05.02.2020 19:00 - 05.02.2020 20:00 (CET/CEST)","1946","","3207"
"Switzerland (CH)","05.02.2020 20:00 - 05.02.2020 21:00 (CET/CEST)","1159","","2375"
"Switzerland (CH)","05.02.2020 21:00 - 05.02.2020 22:00 (CET/CEST)","539","","1494"
"Switzerland (CH)","05.02.2020 22:00 - 05.02.2020 23:00 (CET/CEST)","144","","946"
"Switzerland (CH)","05.02.2020 23:00 - 06.02.2020 00:00 (CET/CEST)","119","","725"
"Switzerland (CH)","06.02.2020 00:00 - 06.02.2020 01:00 (CET/CEST)","90","","595"
"Switzerland (CH)","06.02.2020 01:00 - 06.02.2020 02:00 (CET/CEST)","57","","459"
"Switzerland (CH)","06.02.2020 02:00 - 06.02.2020 03:00 (CET/CEST)","61","","427"
"Switzerland (CH)","06.02.2020 03:00 - 06.02.2020 04:00 (CET/CEST)","65","","367"
"Switzerland (CH)","06.02.2020 04:00 - 06.02.2020 05:00 (CET/CEST)","88","","381"
"Switzerland (CH)","06.02.2020 05:00 - 06.02.2020 06:00 (CET/CEST)","199","","1060"
"Switzerland (CH)","06.02.2020 06:00 - 06.02.2020 07:00 (CET/CEST)","906","","1866"
"Switzerland (CH)","06.02.2020 07:00 - 06.02.2020 08:00 (CET/CEST)","1845","","2923"
"Switzerland (CH)","06.02.2020 08:00 - 06.02.2020 09:00 (CET/CEST)","2096","","3427"
"Switzerland (CH)","06.02.2020 09:00 - 06.02.2020 10:00 (CET/CEST)","2091","","3503"
"Switzerland (CH)","06.02.2020 10:00 - 06.02.2020 11:00 (CET/CEST)","1401","","2901"
"Switzerland (CH)","06.02.2020 11:00 - 06.02.2020 12:00 (CET/CEST)","1072","","2209"
"Switzerland (CH)","06.02.2020 12:00 - 06.02.2020 13:00 (CET/CEST)","557","","1226"
"Switzerland (CH)","06.02.2020 13:00 - 06.02.2020 14:00 (CET/CEST)","205","","829"
"Switzerland (CH)","06.02.2020 14:00 - 06.02.2020 15:00 (CET/CEST)","412","","1175"
"Switzerland (CH)","06.02.2020 15:00 - 06.02.2020 16:00 (CET/CEST)","472","","1355"
"Switzerland (CH)","06.02.2020 16:00 - 06.02.2020 17:00 (CET/CEST)","751","","2166"
"Switzerland (CH)","06.02.2020 17:00 - 06.02.2020 18:00 (CET/CEST)","2025","","3400"
"Switzerland (CH)","06.02.2020 18:00 - 06.02.2020 19:00 (CET/CEST)","2648","","3541"
"Switzerland (CH)","06.02.2020 19:00 - 06.02.2020 20:00 (CET/CEST)","2351","","3228"
"Switzerland (CH)","06.02.2020 20:00 - 06.02.2020 21:00 (CET/CEST)","2017","","2811"
"Switzerland (CH)","06.02.2020 21:00 - 06.02.2020 22:00 (CET/CEST)","1433","","1831"
"Switzerland (CH)","06.02.2020 22:00 - 06.02.2020 23:00 (CET/CEST)","1213","","1442"
"Switzerland (CH)","06.02.2020 23:00 - 07.02.2020 00:00 (CET/CEST)","353","","716"
"Switzerland (CH)","07.02.2020 00:00 - 07.02.2020 01:00 (CET/CEST)","175","","768"
"Switzerland (CH)","07.02.2020 01:00 - 07.02.2020 02:00 (CET/CEST)","135","","674"
"Switzerland (CH)","07.02.2020 02:00 - 07.02.2020 03:00 (CET/CEST)","126","","566"
"Switzerland (CH)","07.02.2020 03:00 - 07.02.2020 04:00 (CET/CEST)","131","","521"
"Switzerland (CH)","07.02.2020 04:00 - 07.02.2020 05:00 (CET/CEST)","152","","532"
"Switzerland (CH)","07.02.2020 05:00 - 07.02.2020 06:00 (CET/CEST)","355","","1115"
"Switzerland (CH)","07.02.2020 06:00 - 07.02.2020 07:00 (CET/CEST)","1702","","2892"
"Switzerland (CH)","07.02.2020 07:00 - 07.02.2020 08:00 (CET/CEST)","2807","","3677"
"Switzerland (CH)","07.02.2020 08:00 - 07.02.2020 09:00 (CET/CEST)","2972","","3802"
"Switzerland (CH)","07.02.2020 09:00 - 07.02.2020 10:00 (CET/CEST)","2491","","3538"
"Switzerland (CH)","07.02.2020 10:00 - 07.02.2020 11:00 (CET/CEST)","1998","","3095"
"Switzerland (CH)","07.02.2020 11:00 - 07.02.2020 12:00 (CET/CEST)","932","","2344"
"Switzerland (CH)","07.02.2020 12:00 - 07.02.2020 13:00 (CET/CEST)","293","","1274"
"Switzerland (CH)","07.02.2020 13:00 - 07.02.2020 14:00 (CET/CEST)","260","","980"
"Switzerland (CH)","07.02.2020 14:00 - 07.02.2020 15:00 (CET/CEST)","253","","985"
"Switzerland (CH)","07.02.2020 15:00 - 07.02.2020 16:00 (CET/CEST)","280","","1185"
"Switzerland (CH)","07.02.2020 16:00 - 07.02.2020 17:00 (CET/CEST)","480","","1555"
"Switzerland (CH)","07.02.2020 17:00 - 07.02.2020 18:00 (CET/CEST)","766","","2074"
"Switzerland (CH)","07.02.2020 18:00 - 07.02.2020 19:00 (CET/CEST)","1550","","3139"
"Switzerland (CH)","07.02.2020 19:00 - 07.02.2020 20:00 (CET/CEST)","1147","","2157"
"Switzerland (CH)","07.02.2020 20:00 - 07.02.2020 21:00 (CET/CEST)","558","","1244"
"Switzerland (CH)","07.02.2020 21:00 - 07.02.2020 22:00 (CET/CEST)","392","","1107"
"Switzerland (CH)","07.02.2020 22:00 - 07.02.2020 23:00 (CET/CEST)","348","","1244"
"Switzerland (CH)","07.02.2020 23:00 - 08.02.2020 00:00 (CET/CEST)","332","","970"
"Switzerland (CH)","08.02.2020 00:00 - 08.02.2020 01:00 (CET/CEST)","161","","1086"
"Switzerland (CH)","08.02.2020 01:00 - 08.02.2020 02:00 (CET/CEST)","90","","853"
"Switzerland (CH)","08.02.2020 02:00 - 08.02.2020 03:00 (CET/CEST)","81","","751"
"Switzerland (CH)","08.02.2020 03:00 - 08.02.2020 04:00 (CET/CEST)","76","","656"
"Switzerland (CH)","08.02.2020 04:00 - 08.02.2020 05:00 (CET/CEST)","118","","730"
"Switzerland (CH)","08.02.2020 05:00 - 08.02.2020 06:00 (CET/CEST)","109","","751"
"Switzerland (CH)","08.02.2020 06:00 - 08.02.2020 07:00 (CET/CEST)","135","","800"
"Switzerland (CH)","08.02.2020 07:00 - 08.02.2020 08:00 (CET/CEST)","229","","971"
"Switzerland (CH)","08.02.2020 08:00 - 08.02.2020 09:00 (CET/CEST)","365","","936"
"Switzerland (CH)","08.02.2020 09:00 - 08.02.2020 10:00 (CET/CEST)","477","","871"
"Switzerland (CH)","08.02.2020 10:00 - 08.02.2020 11:00 (CET/CEST)","125","","987"
"Switzerland (CH)","08.02.2020 11:00 - 08.02.2020 12:00 (CET/CEST)","111","","815"
"Switzerland (CH)","08.02.2020 12:00 - 08.02.2020 13:00 (CET/CEST)","102","","628"
"Switzerland (CH)","08.02.2020 13:00 - 08.02.2020 14:00 (CET/CEST)","115","","499"
"Switzerland (CH)","08.02.2020 14:00 - 08.02.2020 15:00 (CET/CEST)","111","","565"
"Switzerland (CH)","08.02.2020 15:00 - 08.02.2020 16:00 (CET/CEST)","96","","756"
"Switzerland (CH)","08.02.2020 16:00 - 08.02.2020 17:00 (CET/CEST)","110","","1089"
"Switzerland (CH)","08.02.2020 17:00 - 08.02.2020 18:00 (CET/CEST)","441","","2004"
"Switzerland (CH)","08.02.2020 18:00 - 08.02.2020 19:00 (CET/CEST)","782","","2749"
"Switzerland (CH)","08.02.2020 19:00 - 08.02.2020 20:00 (CET/CEST)","553","","1642"
"Switzerland (CH)","08.02.2020 20:00 - 08.02.2020 21:00 (CET/CEST)","316","","1226"
"Switzerland (CH)","08.02.2020 21:00 - 08.02.2020 22:00 (CET/CEST)","277","","1009"
"Switzerland (CH)","08.02.2020 22:00 - 08.02.2020 23:00 (CET/CEST)","230","","1054"
"Switzerland (CH)","08.02.2020 23:00 - 09.02.2020 00:00 (CET/CEST)","146","","683"
"Switzerland (CH)","09.02.2020 00:00 - 09.02.2020 01:00 (CET/CEST)","125","","679"
"Switzerland (CH)","09.02.2020 01:00 - 09.02.2020 02:00 (CET/CEST)","57","","583"
"Switzerland (CH)","09.02.2020 02:00 - 09.02.2020 03:00 (CET/CEST)","89","","593"
"Switzerland (CH)","09.02.2020 03:00 - 09.02.2020 04:00 (CET/CEST)","84","","577"
"Switzerland (CH)","09.02.2020 04:00 - 09.02.2020 05:00 (CET/CEST)","67","","541"
"Switzerland (CH)","09.02.2020 05:00 - 09.02.2020 06:00 (CET/CEST)","57","","549"
"Switzerland (CH)","09.02.2020 06:00 - 09.02.2020 07:00 (CET/CEST)","141","","641"
"Switzerland (CH)","09.02.2020 07:00 - 09.02.2020 08:00 (CET/CEST)","189","","686"
"Switzerland (CH)","09.02.2020 08:00 - 09.02.2020 09:00 (CET/CEST)","140","","799"
"Switzerland (CH)","09.02.2020 09:00 - 09.02.2020 10:00 (CET/CEST)","139","","743"
"Switzerland (CH)","09.02.2020 10:00 - 09.02.2020 11:00 (CET/CEST)","127","","568"
"Switzerland (CH)","09.02.2020 11:00 - 09.02.2020 12:00 (CET/CEST)","89","","561"
"Switzerland (CH)","09.02.2020 12:00 - 09.02.2020 13:00 (CET/CEST)","87","","566"
"Switzerland (CH)","09.02.2020 13:00 - 09.02.2020 14:00 (CET/CEST)","91","","512"
"Switzerland (CH)","09.02.2020 14:00 - 09.02.2020 15:00 (CET/CEST)","137","","574"
"Switzerland (CH)","09.02.2020 15:00 - 09.02.2020 16:00 (CET/CEST)","155","","668"
"Switzerland (CH)","09.02.2020 16:00 - 09.02.2020 17:00 (CET/CEST)","172","","754"
"Switzerland (CH)","09.02.2020 17:00 - 09.02.2020 18:00 (CET/CEST)","214","","1333"
"Switzerland (CH)","09.02.2020 18:00 - 09.02.2020 19:00 (CET/CEST)","420","","1921"
"Switzerland (CH)","09.02.2020 19:00 - 09.02.2020 20:00 (CET/CEST)","260","","1020"
"Switzerland (CH)","09.02.2020 20:00 - 09.02.2020 21:00 (CET/CEST)","152","","832"
"Switzerland (CH)","09.02.2020 21:00 - 09.02.2020 22:00 (CET/CEST)","80","","620"
"Switzerland (CH)","09.02.2020 22:00 - 09.02.2020 23:00 (CET/CEST)","58","","640"
"Switzerland (CH)","09.02.2020 23:00 - 10.02.2020 00:00 (CET/CEST)","116","","466"
"Switzerland (CH)","10.02.2020 00:00 - 10.02.2020 01:00 (CET/CEST)","37","","377"
"Switzerland (CH)","10.02.2020 01:00 - 10.02.2020 02:00 (CET/CEST)","29","","411"
"Switzerland (CH)","10.02.2020 02:00 - 10.02.2020 03:00 (CET/CEST)","34","","398"
"Switzerland (CH)","10.02.2020 03:00 - 10.02.2020 04:00 (CET/CEST)","30","","382"
"Switzerland (CH)","10.02.2020 04:00 - 10.02.2020 05:00 (CET/CEST)","29","","406"
"Switzerland (CH)","10.02.2020 05:00 - 10.02.2020 06:00 (CET/CEST)","88","","449"
"Switzerland (CH)","10.02.2020 06:00 - 10.02.2020 07:00 (CET/CEST)","247","","1099"
"Switzerland (CH)","10.02.2020 07:00 - 10.02.2020 08:00 (CET/CEST)","477","","1523"
"Switzerland (CH)","10.02.2020 08:00 - 10.02.2020 09:00 (CET/CEST)","757","","1989"
"Switzerland (CH)","10.02.2020 09:00 - 10.02.2020 10:00 (CET/CEST)","936","","1834"
"Switzerland (CH)","10.02.2020 10:00 - 10.02.2020 11:00 (CET/CEST)","925","","1662"
"Switzerland (CH)","10.02.2020 11:00 - 10.02.2020 12:00 (CET/CEST)","907","","1630"
"Switzerland (CH)","10.02.2020 12:00 - 10.02.2020 13:00 (CET/CEST)","903","","1563"
"Switzerland (CH)","10.02.2020 13:00 - 10.02.2020 14:00 (CET/CEST)","872","","1454"
"Switzerland (CH)","10.02.2020 14:00 - 10.02.2020 15:00 (CET/CEST)","641","","1228"
"Switzerland (CH)","10.02.2020 15:00 - 10.02.2020 16:00 (CET/CEST)","438","","1019"
"Switzerland (CH)","10.02.2020 16:00 - 10.02.2020 17:00 (CET/CEST)","312","","1345"
"Switzerland (CH)","10.02.2020 17:00 - 10.02.2020 18:00 (CET/CEST)","332","","1599"
"Switzerland (CH)","10.02.2020 18:00 - 10.02.2020 19:00 (CET/CEST)","353","","1956"
"Switzerland (CH)","10.02.2020 19:00 - 10.02.2020 20:00 (CET/CEST)","457","","1186"
"Switzerland (CH)","10.02.2020 20:00 - 10.02.2020 21:00 (CET/CEST)","233","","727"
"Switzerland (CH)","10.02.2020 21:00 - 10.02.2020 22:00 (CET/CEST)","102","","604"
"Switzerland (CH)","10.02.2020 22:00 - 10.02.2020 23:00 (CET/CEST)","89","","669"
"Switzerland (CH)","10.02.2020 23:00 - 11.02.2020 00:00 (CET/CEST)","127","","867"
"Switzerland (CH)","11.02.2020 00:00 - 11.02.2020 01:00 (CET/CEST)","121","","552"
"Switzerland (CH)","11.02.2020 01:00 - 11.02.2020 02:00 (CET/CEST)","56","","519"
"Switzerland (CH)","11.02.2020 02:00 - 11.02.2020 03:00 (CET/CEST)","34","","446"
"Switzerland (CH)","11.02.2020 03:00 - 11.02.2020 04:00 (CET/CEST)","59","","567"
"Switzerland (CH)","11.02.2020 04:00 - 11.02.2020 05:00 (CET/CEST)","90","","543"
"Switzerland (CH)","11.02.2020 05:00 - 11.02.2020 06:00 (CET/CEST)","166","","609"
"Switzerland (CH)","11.02.2020 06:00 - 11.02.2020 07:00 (CET/CEST)","183","","1404"
"Switzerland (CH)","11.02.2020 07:00 - 11.02.2020 08:00 (CET/CEST)","544","","1367"
"Switzerland (CH)","11.02.2020 08:00 - 11.02.2020 09:00 (CET/CEST)","919","","1264"
"Switzerland (CH)","11.02.2020 09:00 - 11.02.2020 10:00 (CET/CEST)","936","","1385"
"Switzerland (CH)","11.02.2020 10:00 - 11.02.2020 11:00 (CET/CEST)","887","","1092"
"Switzerland (CH)","11.02.2020 11:00 - 11.02.2020 12:00 (CET/CEST)","910","","1220"
"Switzerland (CH)","11.02.2020 12:00 - 11.02.2020 13:00 (CET/CEST)","570","","1104"
"Switzerland (CH)","11.02.2020 13:00 - 11.02.2020 14:00 (CET/CEST)","579","","1294"
"Switzerland (CH)","11.02.2020 14:00 - 11.02.2020 15:00 (CET/CEST)","553","","1396"
"Switzerland (CH)","11.02.2020 15:00 - 11.02.2020 16:00 (CET/CEST)","619","","1357"
"Switzerland (CH)","11.02.2020 16:00 - 11.02.2020 17:00 (CET/CEST)","671","","1407"
"Switzerland (CH)","11.02.2020 17:00 - 11.02.2020 18:00 (CET/CEST)","589","","1660"
"Switzerland (CH)","11.02.2020 18:00 - 11.02.2020 19:00 (CET/CEST)","1111","","2462"
"Switzerland (CH)","11.02.2020 19:00 - 11.02.2020 20:00 (CET/CEST)","1314","","2017"
"Switzerland (CH)","11.02.2020 20:00 - 11.02.2020 21:00 (CET/CEST)","332","","1111"
"Switzerland (CH)","11.02.2020 21:00 - 11.02.2020 22:00 (CET/CEST)","282","","856"
"Switzerland (CH)","11.02.2020 22:00 - 11.02.2020 23:00 (CET/CEST)","535","","1524"
"Switzerland (CH)","11.02.2020 23:00 - 12.02.2020 00:00 (CET/CEST)","401","","1292"
"Switzerland (CH)","12.02.2020 00:00 - 12.02.2020 01:00 (CET/CEST)","159","","529"
"Switzerland (CH)","12.02.2020 01:00 - 12.02.2020 02:00 (CET/CEST)","48","","472"
"Switzerland (CH)","12.02.2020 02:00 - 12.02.2020 03:00 (CET/CEST)","19","","504"
"Switzerland (CH)","12.02.2020 03:00 - 12.02.2020 04:00 (CET/CEST)","52","","497"
"Switzerland (CH)","12.02.2020 04:00 - 12.02.2020 05:00 (CET/CEST)","76","","491"
"Switzerland (CH)","12.02.2020 05:00 - 12.02.2020 06:00 (CET/CEST)","123","","687"
"Switzerland (CH)","12.02.2020 06:00 - 12.02.2020 07:00 (CET/CEST)","370","","1428"
"Switzerland (CH)","12.02.2020 07:00 - 12.02.2020 08:00 (CET/CEST)","972","","1943"
"Switzerland (CH)","12.02.2020 08:00 - 12.02.2020 09:00 (CET/CEST)","1713","","2811"
"Switzerland (CH)","12.02.2020 09:00 - 12.02.2020 10:00 (CET/CEST)","1240","","2362"
"Switzerland (CH)","12.02.2020 10:00 - 12.02.2020 11:00 (CET/CEST)","1074","","1914"
"Switzerland (CH)","12.02.2020 11:00 - 12.02.2020 12:00 (CET/CEST)","657","","1253"
"Switzerland (CH)","12.02.2020 12:00 - 12.02.2020 13:00 (CET/CEST)","432","","901"
"Switzerland (CH)","12.02.2020 13:00 - 12.02.2020 14:00 (CET/CEST)","483","","883"
"Switzerland (CH)","12.02.2020 14:00 - 12.02.2020 15:00 (CET/CEST)","612","","924"
"Switzerland (CH)","12.02.2020 15:00 - 12.02.2020 16:00 (CET/CEST)","660","","856"
"Switzerland (CH)","12.02.2020 16:00 - 12.02.2020 17:00 (CET/CEST)","646","","954"
"Switzerland (CH)","12.02.2020 17:00 - 12.02.2020 18:00 (CET/CEST)","1102","","1418"
"Switzerland (CH)","12.02.2020 18:00 - 12.02.2020 19:00 (CET/CEST)","1678","","2956"
"Switzerland (CH)","12.02.2020 19:00 - 12.02.2020 20:00 (CET/CEST)","1774","","2896"
"Switzerland (CH)","12.02.2020 20:00 - 12.02.2020 21:00 (CET/CEST)","766","","2021"
"Switzerland (CH)","12.02.2020 21:00 - 12.02.2020 22:00 (CET/CEST)","406","","746"
"Switzerland (CH)","12.02.2020 22:00 - 12.02.2020 23:00 (CET/CEST)","485","","1218"
"Switzerland (CH)","12.02.2020 23:00 - 13.02.2020 00:00 (CET/CEST)","189","","868"
"Switzerland (CH)","13.02.2020 00:00 - 13.02.2020 01:00 (CET/CEST)","194","","711"
"Switzerland (CH)","13.02.2020 01:00 - 13.02.2020 02:00 (CET/CEST)","114","","656"
"Switzerland (CH)","13.02.2020 02:00 - 13.02.2020 03:00 (CET/CEST)","165","","592"
"Switzerland (CH)","13.02.2020 03:00 - 13.02.2020 04:00 (CET/CEST)","244","","568"
"Switzerland (CH)","13.02.2020 04:00 - 13.02.2020 05:00 (CET/CEST)","262","","615"
"Switzerland (CH)","13.02.2020 05:00 - 13.02.2020 06:00 (CET/CEST)","235","","846"
"Switzerland (CH)","13.02.2020 06:00 - 13.02.2020 07:00 (CET/CEST)","637","","1339"
"Switzerland (CH)","13.02.2020 07:00 - 13.02.2020 08:00 (CET/CEST)","994","","1472"
"Switzerland (CH)","13.02.2020 08:00 - 13.02.2020 09:00 (CET/CEST)","1365","","2020"
"Switzerland (CH)","13.02.2020 09:00 - 13.02.2020 10:00 (CET/CEST)","1085","","1649"
"Switzerland (CH)","13.02.2020 10:00 - 13.02.2020 11:00 (CET/CEST)","925","","1450"
"Switzerland (CH)","13.02.2020 11:00 - 13.02.2020 12:00 (CET/CEST)","1027","","1947"
"Switzerland (CH)","13.02.2020 12:00 - 13.02.2020 13:00 (CET/CEST)","431","","1163"
"Switzerland (CH)","13.02.2020 13:00 - 13.02.2020 14:00 (CET/CEST)","379","","1267"
"Switzerland (CH)","13.02.2020 14:00 - 13.02.2020 15:00 (CET/CEST)","358","","1337"
"Switzerland (CH)","13.02.2020 15:00 - 13.02.2020 16:00 (CET/CEST)","447","","1456"
"Switzerland (CH)","13.02.2020 16:00 - 13.02.2020 17:00 (CET/CEST)","626","","1445"
"Switzerland (CH)","13.02.2020 17:00 - 13.02.2020 18:00 (CET/CEST)","1276","","2141"
"Switzerland (CH)","13.02.2020 18:00 - 13.02.2020 19:00 (CET/CEST)","2664","","3186"
"Switzerland (CH)","13.02.2020 19:00 - 13.02.2020 20:00 (CET/CEST)","2408","","3060"
"Switzerland (CH)","13.02.2020 20:00 - 13.02.2020 21:00 (CET/CEST)","1461","","2020"
"Switzerland (CH)","13.02.2020 21:00 - 13.02.2020 22:00 (CET/CEST)","1009","","1837"
"Switzerland (CH)","13.02.2020 22:00 - 13.02.2020 23:00 (CET/CEST)","653","","1377"
"Switzerland (CH)","13.02.2020 23:00 - 14.02.2020 00:00 (CET/CEST)","221","","713"
"Switzerland (CH)","14.02.2020 00:00 - 14.02.2020 01:00 (CET/CEST)","170","","806"
"Switzerland (CH)","14.02.2020 01:00 - 14.02.2020 02:00 (CET/CEST)","38","","584"
"Switzerland (CH)","14.02.2020 02:00 - 14.02.2020 03:00 (CET/CEST)","39","","560"
"Switzerland (CH)","14.02.2020 03:00 - 14.02.2020 04:00 (CET/CEST)","37","","560"
"Switzerland (CH)","14.02.2020 04:00 - 14.02.2020 05:00 (CET/CEST)","68","","545"
"Switzerland (CH)","14.02.2020 05:00 - 14.02.2020 06:00 (CET/CEST)","177","","829"
"Switzerland (CH)","14.02.2020 06:00 - 14.02.2020 07:00 (CET/CEST)","1585","","2463"
"Switzerland (CH)","14.02.2020 07:00 - 14.02.2020 08:00 (CET/CEST)","2457","","3144"
"Switzerland (CH)","14.02.2020 08:00 - 14.02.2020 09:00 (CET/CEST)","2589","","3425"
"Switzerland (CH)","14.02.2020 09:00 - 14.02.2020 10:00 (CET/CEST)","2689","","3523"
"Switzerland (CH)","14.02.2020 10:00 - 14.02.2020 11:00 (CET/CEST)","2740","","3277"
"Switzerland (CH)","14.02.2020 11:00 - 14.02.2020 12:00 (CET/CEST)","2238","","3026"
"Switzerland (CH)","14.02.2020 12:00 - 14.02.2020 13:00 (CET/CEST)","1678","","2446"
"Switzerland (CH)","14.02.2020 13:00 - 14.02.2020 14:00 (CET/CEST)","1527","","2194"
"Switzerland (CH)","14.02.2020 14:00 - 14.02.2020 15:00 (CET/CEST)","1687","","2328"
"Switzerland (CH)","14.02.2020 15:00 - 14.02.2020 16:00 (CET/CEST)","2026","","2467"
"Switzerland (CH)","14.02.2020 16:00 - 14.02.2020 17:00 (CET/CEST)","2204","","2914"
"Switzerland (CH)","14.02.2020 17:00 - 14.02.2020 18:00 (CET/CEST)","2455","","3354"
"Switzerland (CH)","14.02.2020 18:00 - 14.02.2020 19:00 (CET/CEST)","2534","","3379"
"Switzerland (CH)","14.02.2020 19:00 - 14.02.2020 20:00 (CET/CEST)","2376","","3108"
"Switzerland (CH)","14.02.2020 20:00 - 14.02.2020 21:00 (CET/CEST)","1416","","2266"
"Switzerland (CH)","14.02.2020 21:00 - 14.02.2020 22:00 (CET/CEST)","397","","1177"
"Switzerland (CH)","14.02.2020 22:00 - 14.02.2020 23:00 (CET/CEST)","277","","1006"
"Switzerland (CH)","14.02.2020 23:00 - 15.02.2020 00:00 (CET/CEST)","218","","705"
"Switzerland (CH)","15.02.2020 00:00 - 15.02.2020 01:00 (CET/CEST)","184","","902"
"Switzerland (CH)","15.02.2020 01:00 - 15.02.2020 02:00 (CET/CEST)","118","","565"
"Switzerland (CH)","15.02.2020 02:00 - 15.02.2020 03:00 (CET/CEST)","109","","504"
"Switzerland (CH)","15.02.2020 03:00 - 15.02.2020 04:00 (CET/CEST)","93","","921"
"Switzerland (CH)","15.02.2020 04:00 - 15.02.2020 05:00 (CET/CEST)","88","","1090"
"Switzerland (CH)","15.02.2020 05:00 - 15.02.2020 06:00 (CET/CEST)","172","","787"
"Switzerland (CH)","15.02.2020 06:00 - 15.02.2020 07:00 (CET/CEST)","606","","1368"
"Switzerland (CH)","15.02.2020 07:00 - 15.02.2020 08:00 (CET/CEST)","187","","929"
"Switzerland (CH)","15.02.2020 08:00 - 15.02.2020 09:00 (CET/CEST)","417","","1588"
"Switzerland (CH)","15.02.2020 09:00 - 15.02.2020 10:00 (CET/CEST)","483","","1399"
"Switzerland (CH)","15.02.2020 10:00 - 15.02.2020 11:00 (CET/CEST)","309","","1066"
"Switzerland (CH)","15.02.2020 11:00 - 15.02.2020 12:00 (CET/CEST)","168","","813"
"Switzerland (CH)","15.02.2020 12:00 - 15.02.2020 13:00 (CET/CEST)","156","","484"
"Switzerland (CH)","15.02.2020 13:00 - 15.02.2020 14:00 (CET/CEST)","160","","351"
"Switzerland (CH)","15.02.2020 14:00 - 15.02.2020 15:00 (CET/CEST)","128","","422"
"Switzerland (CH)","15.02.2020 15:00 - 15.02.2020 16:00 (CET/CEST)","126","","565"
"Switzerland (CH)","15.02.2020 16:00 - 15.02.2020 17:00 (CET/CEST)","108","","1149"
"Switzerland (CH)","15.02.2020 17:00 - 15.02.2020 18:00 (CET/CEST)","318","","2078"
"Switzerland (CH)","15.02.2020 18:00 - 15.02.2020 19:00 (CET/CEST)","1013","","1827"
"Switzerland (CH)","15.02.2020 19:00 - 15.02.2020 20:00 (CET/CEST)","1021","","1105"
"Switzerland (CH)","15.02.2020 20:00 - 15.02.2020 21:00 (CET/CEST)","368","","1004"
"Switzerland (CH)","15.02.2020 21:00 - 15.02.2020 22:00 (CET/CEST)","275","","787"
"Switzerland (CH)","15.02.2020 22:00 - 15.02.2020 23:00 (CET/CEST)","212","","830"
"Switzerland (CH)","15.02.2020 23:00 - 16.02.2020 00:00 (CET/CEST)","171","","482"
"Switzerland (CH)","16.02.2020 00:00 - 16.02.2020 01:00 (CET/CEST)","73","","752"
"Switzerland (CH)","16.02.2020 01:00 - 16.02.2020 02:00 (CET/CEST)","69","","624"
"Switzerland (CH)","16.02.2020 02:00 - 16.02.2020 03:00 (CET/CEST)","91","","529"
"Switzerland (CH)","16.02.2020 03:00 - 16.02.2020 04:00 (CET/CEST)","89","","437"
"Switzerland (CH)","16.02.2020 04:00 - 16.02.2020 05:00 (CET/CEST)","60","","440"
"Switzerland (CH)","16.02.2020 05:00 - 16.02.2020 06:00 (CET/CEST)","121","","711"
"Switzerland (CH)","16.02.2020 06:00 - 16.02.2020 07:00 (CET/CEST)","102","","514"
"Switzerland (CH)","16.02.2020 07:00 - 16.02.2020 08:00 (CET/CEST)","117","","447"
"Switzerland (CH)","16.02.2020 08:00 - 16.02.2020 09:00 (CET/CEST)","139","","425"
"Switzerland (CH)","16.02.2020 09:00 - 16.02.2020 10:00 (CET/CEST)","131","","466"
"Switzerland (CH)","16.02.2020 10:00 - 16.02.2020 11:00 (CET/CEST)","183","","451"
"Switzerland (CH)","16.02.2020 11:00 - 16.02.2020 12:00 (CET/CEST)","157","","474"
"Switzerland (CH)","16.02.2020 12:00 - 16.02.2020 13:00 (CET/CEST)","174","","436"
"Switzerland (CH)","16.02.2020 13:00 - 16.02.2020 14:00 (CET/CEST)","98","","343"
"Switzerland (CH)","16.02.2020 14:00 - 16.02.2020 15:00 (CET/CEST)","109","","331"
"Switzerland (CH)","16.02.2020 15:00 - 16.02.2020 16:00 (CET/CEST)","94","","561"
"Switzerland (CH)","16.02.2020 16:00 - 16.02.2020 17:00 (CET/CEST)","187","","567"
"Switzerland (CH)","16.02.2020 17:00 - 16.02.2020 18:00 (CET/CEST)","195","","762"
"Switzerland (CH)","16.02.2020 18:00 - 16.02.2020 19:00 (CET/CEST)","213","","1116"
"Switzerland (CH)","16.02.2020 19:00 - 16.02.2020 20:00 (CET/CEST)","228","","960"
"Switzerland (CH)","16.02.2020 20:00 - 16.02.2020 21:00 (CET/CEST)","199","","691"
"Switzerland (CH)","16.02.2020 21:00 - 16.02.2020 22:00 (CET/CEST)","151","","531"
"Switzerland (CH)","16.02.2020 22:00 - 16.02.2020 23:00 (CET/CEST)","127","","623"
"Switzerland (CH)","16.02.2020 23:00 - 17.02.2020 00:00 (CET/CEST)","115","","484"
"Switzerland (CH)","17.02.2020 00:00 - 17.02.2020 01:00 (CET/CEST)","77","","459"
"Switzerland (CH)","17.02.2020 01:00 - 17.02.2020 02:00 (CET/CEST)","34","","444"
"Switzerland (CH)","17.02.2020 02:00 - 17.02.2020 03:00 (CET/CEST)","26","","394"
"Switzerland (CH)","17.02.2020 03:00 - 17.02.2020 04:00 (CET/CEST)","35","","343"
"Switzerland (CH)","17.02.2020 04:00 - 17.02.2020 05:00 (CET/CEST)","68","","348"
"Switzerland (CH)","17.02.2020 05:00 - 17.02.2020 06:00 (CET/CEST)","105","","564"
"Switzerland (CH)","17.02.2020 06:00 - 17.02.2020 07:00 (CET/CEST)","1186","","2057"
"Switzerland (CH)","17.02.2020 07:00 - 17.02.2020 08:00 (CET/CEST)","1473","","2024"
"Switzerland (CH)","17.02.2020 08:00 - 17.02.2020 09:00 (CET/CEST)","1331","","2286"
"Switzerland (CH)","17.02.2020 09:00 - 17.02.2020 10:00 (CET/CEST)","1265","","2342"
"Switzerland (CH)","17.02.2020 10:00 - 17.02.2020 11:00 (CET/CEST)","881","","1956"
"Switzerland (CH)","17.02.2020 11:00 - 17.02.2020 12:00 (CET/CEST)","929","","1856"
"Switzerland (CH)","17.02.2020 12:00 - 17.02.2020 13:00 (CET/CEST)","760","","1726"
"Switzerland (CH)","17.02.2020 13:00 - 17.02.2020 14:00 (CET/CEST)","902","","1881"
"Switzerland (CH)","17.02.2020 14:00 - 17.02.2020 15:00 (CET/CEST)","1086","","2212"
"Switzerland (CH)","17.02.2020 15:00 - 17.02.2020 16:00 (CET/CEST)","1075","","2223"
"Switzerland (CH)","17.02.2020 16:00 - 17.02.2020 17:00 (CET/CEST)","1638","","2244"
"Switzerland (CH)","17.02.2020 17:00 - 17.02.2020 18:00 (CET/CEST)","1896","","2800"
"Switzerland (CH)","17.02.2020 18:00 - 17.02.2020 19:00 (CET/CEST)","2342","","3185"
"Switzerland (CH)","17.02.2020 19:00 - 17.02.2020 20:00 (CET/CEST)","1425","","1985"
"Switzerland (CH)","17.02.2020 20:00 - 17.02.2020 21:00 (CET/CEST)","680","","1416"
"Switzerland (CH)","17.02.2020 21:00 - 17.02.2020 22:00 (CET/CEST)","314","","836"
"Switzerland (CH)","17.02.2020 22:00 - 17.02.2020 23:00 (CET/CEST)","279","","1194"
"Switzerland (CH)","17.02.2020 23:00 - 18.02.2020 00:00 (CET/CEST)","194","","595"
"Switzerland (CH)","18.02.2020 00:00 - 18.02.2020 01:00 (CET/CEST)","143","","908"
"Switzerland (CH)","18.02.2020 01:00 - 18.02.2020 02:00 (CET/CEST)","81","","558"
"Switzerland (CH)","18.02.2020 02:00 - 18.02.2020 03:00 (CET/CEST)","76","","425"
"Switzerland (CH)","18.02.2020 03:00 - 18.02.2020 04:00 (CET/CEST)","68","","431"
"Switzerland (CH)","18.02.2020 04:00 - 18.02.2020 05:00 (CET/CEST)","107","","474"
"Switzerland (CH)","18.02.2020 05:00 - 18.02.2020 06:00 (CET/CEST)","226","","647"
"Switzerland (CH)","18.02.2020 06:00 - 18.02.2020 07:00 (CET/CEST)","555","","1503"
"Switzerland (CH)","18.02.2020 07:00 - 18.02.2020 08:00 (CET/CEST)","1402","","2345"
"Switzerland (CH)","18.02.2020 08:00 - 18.02.2020 09:00 (CET/CEST)","1577","","2473"
"Switzerland (CH)","18.02.2020 09:00 - 18.02.2020 10:00 (CET/CEST)","891","","1538"
"Switzerland (CH)","18.02.2020 10:00 - 18.02.2020 11:00 (CET/CEST)","430","","1159"
"Switzerland (CH)","18.02.2020 11:00 - 18.02.2020 12:00 (CET/CEST)","364","","1076"
"Switzerland (CH)","18.02.2020 12:00 - 18.02.2020 13:00 (CET/CEST)","313","","811"
"Switzerland (CH)","18.02.2020 13:00 - 18.02.2020 14:00 (CET/CEST)","340","","889"
"Switzerland (CH)","18.02.2020 14:00 - 18.02.2020 15:00 (CET/CEST)","269","","989"
"Switzerland (CH)","18.02.2020 15:00 - 18.02.2020 16:00 (CET/CEST)","314","","971"
"Switzerland (CH)","18.02.2020 16:00 - 18.02.2020 17:00 (CET/CEST)","636","","1362"
"Switzerland (CH)","18.02.2020 17:00 - 18.02.2020 18:00 (CET/CEST)","1090","","1704"
"Switzerland (CH)","18.02.2020 18:00 - 18.02.2020 19:00 (CET/CEST)","1745","","2530"
"Switzerland (CH)","18.02.2020 19:00 - 18.02.2020 20:00 (CET/CEST)","1599","","2016"
"Switzerland (CH)","18.02.2020 20:00 - 18.02.2020 21:00 (CET/CEST)","643","","1167"
"Switzerland (CH)","18.02.2020 21:00 - 18.02.2020 22:00 (CET/CEST)","253","","718"
"Switzerland (CH)","18.02.2020 22:00 - 18.02.2020 23:00 (CET/CEST)","168","","979"
"Switzerland (CH)","18.02.2020 23:00 - 19.02.2020 00:00 (CET/CEST)","146","","618"
"Switzerland (CH)","19.02.2020 00:00 - 19.02.2020 01:00 (CET/CEST)","80","","774"
"Switzerland (CH)","19.02.2020 01:00 - 19.02.2020 02:00 (CET/CEST)","53","","533"
"Switzerland (CH)","19.02.2020 02:00 - 19.02.2020 03:00 (CET/CEST)","50","","520"
"Switzerland (CH)","19.02.2020 03:00 - 19.02.2020 04:00 (CET/CEST)","50","","487"
"Switzerland (CH)","19.02.2020 04:00 - 19.02.2020 05:00 (CET/CEST)","112","","565"
"Switzerland (CH)","19.02.2020 05:00 - 19.02.2020 06:00 (CET/CEST)","132","","715"
"Switzerland (CH)","19.02.2020 06:00 - 19.02.2020 07:00 (CET/CEST)","263","","1196"
"Switzerland (CH)","19.02.2020 07:00 - 19.02.2020 08:00 (CET/CEST)","1390","","2099"
"Switzerland (CH)","19.02.2020 08:00 - 19.02.2020 09:00 (CET/CEST)","1872","","2426"
"Switzerland (CH)","19.02.2020 09:00 - 19.02.2020 10:00 (CET/CEST)","1547","","2455"
"Switzerland (CH)","19.02.2020 10:00 - 19.02.2020 11:00 (CET/CEST)","1167","","1803"
"Switzerland (CH)","19.02.2020 11:00 - 19.02.2020 12:00 (CET/CEST)","1216","","1722"
"Switzerland (CH)","19.02.2020 12:00 - 19.02.2020 13:00 (CET/CEST)","1123","","1367"
"Switzerland (CH)","19.02.2020 13:00 - 19.02.2020 14:00 (CET/CEST)","961","","1394"
"Switzerland (CH)","19.02.2020 14:00 - 19.02.2020 15:00 (CET/CEST)","753","","1246"
"Switzerland (CH)","19.02.2020 15:00 - 19.02.2020 16:00 (CET/CEST)","528","","1251"
"Switzerland (CH)","19.02.2020 16:00 - 19.02.2020 17:00 (CET/CEST)","587","","1409"
"Switzerland (CH)","19.02.2020 17:00 - 19.02.2020 18:00 (CET/CEST)","1549","","1993"
"Switzerland (CH)","19.02.2020 18:00 - 19.02.2020 19:00 (CET/CEST)","2447","","3127"
"Switzerland (CH)","19.02.2020 19:00 - 19.02.2020 20:00 (CET/CEST)","2351","","2920"
"Switzerland (CH)","19.02.2020 20:00 - 19.02.2020 21:00 (CET/CEST)","1405","","1874"
"Switzerland (CH)","19.02.2020 21:00 - 19.02.2020 22:00 (CET/CEST)","561","","1122"
"Switzerland (CH)","19.02.2020 22:00 - 19.02.2020 23:00 (CET/CEST)","429","","1066"
"Switzerland (CH)","19.02.2020 23:00 - 20.02.2020 00:00 (CET/CEST)","279","","673"
"Switzerland (CH)","20.02.2020 00:00 - 20.02.2020 01:00 (CET/CEST)","309","","1337"
"Switzerland (CH)","20.02.2020 01:00 - 20.02.2020 02:00 (CET/CEST)","225","","1333"
"Switzerland (CH)","20.02.2020 02:00 - 20.02.2020 03:00 (CET/CEST)","67","","530"
"Switzerland (CH)","20.02.2020 03:00 - 20.02.2020 04:00 (CET/CEST)","85","","381"
"Switzerland (CH)","20.02.2020 04:00 - 20.02.2020 05:00 (CET/CEST)","115","","480"
"Switzerland (CH)","20.02.2020 05:00 - 20.02.2020 06:00 (CET/CEST)","262","","720"
"Switzerland (CH)","20.02.2020 06:00 - 20.02.2020 07:00 (CET/CEST)","1046","","1431"
"Switzerland (CH)","20.02.2020 07:00 - 20.02.2020 08:00 (CET/CEST)","1409","","2165"
"Switzerland (CH)","20.02.2020 08:00 - 20.02.2020 09:00 (CET/CEST)","1717","","2975"
"Switzerland (CH)","20.02.2020 09:00 - 20.02.2020 10:00 (CET/CEST)","1964","","2897"
"Switzerland (CH)","20.02.2020 10:00 - 20.02.2020 11:00 (CET/CEST)","1856","","2278"
"Switzerland (CH)","20.02.2020 11:00 - 20.02.2020 12:00 (CET/CEST)","1848","","2472"
"Switzerland (CH)","20.02.2020 12:00 - 20.02.2020 13:00 (CET/CEST)","567","","922"
"Switzerland (CH)","20.02.2020 13:00 - 20.02.2020 14:00 (CET/CEST)","487","","1181"
"Switzerland (CH)","20.02.2020 14:00 - 20.02.2020 15:00 (CET/CEST)","402","","683"
"Switzerland (CH)","20.02.2020 15:00 - 20.02.2020 16:00 (CET/CEST)","463","","973"
"Switzerland (CH)","20.02.2020 16:00 - 20.02.2020 17:00 (CET/CEST)","797","","1654"
"Switzerland (CH)","20.02.2020 17:00 - 20.02.2020 18:00 (CET/CEST)","694","","1247"
"Switzerland (CH)","20.02.2020 18:00 - 20.02.2020 19:00 (CET/CEST)","1648","","2359"
"Switzerland (CH)","20.02.2020 19:00 - 20.02.2020 20:00 (CET/CEST)","1313","","1582"
"Switzerland (CH)","20.02.2020 20:00 - 20.02.2020 21:00 (CET/CEST)","800","","1017"
"Switzerland (CH)","20.02.2020 21:00 - 20.02.2020 22:00 (CET/CEST)","751","","1011"
"Switzerland (CH)","20.02.2020 22:00 - 20.02.2020 23:00 (CET/CEST)","507","","1237"
"Switzerland (CH)","20.02.2020 23:00 - 21.02.2020 00:00 (CET/CEST)","351","","821"
"Switzerland (CH)","21.02.2020 00:00 - 21.02.2020 01:00 (CET/CEST)","81","","740"
"Switzerland (CH)","21.02.2020 01:00 - 21.02.2020 02:00 (CET/CEST)","16","","665"
"Switzerland (CH)","21.02.2020 02:00 - 21.02.2020 03:00 (CET/CEST)","25","","494"
"Switzerland (CH)","21.02.2020 03:00 - 21.02.2020 04:00 (CET/CEST)","62","","500"
"Switzerland (CH)","21.02.2020 04:00 - 21.02.2020 05:00 (CET/CEST)","64","","653"
"Switzerland (CH)","21.02.2020 05:00 - 21.02.2020 06:00 (CET/CEST)","139","","752"
"Switzerland (CH)","21.02.2020 06:00 - 21.02.2020 07:00 (CET/CEST)","552","","1426"
"Switzerland (CH)","21.02.2020 07:00 - 21.02.2020 08:00 (CET/CEST)","1577","","2309"
"Switzerland (CH)","21.02.2020 08:00 - 21.02.2020 09:00 (CET/CEST)","2010","","2766"
"Switzerland (CH)","21.02.2020 09:00 - 21.02.2020 10:00 (CET/CEST)","1581","","2037"
"Switzerland (CH)","21.02.2020 10:00 - 21.02.2020 11:00 (CET/CEST)","872","","1382"
"Switzerland (CH)","21.02.2020 11:00 - 21.02.2020 12:00 (CET/CEST)","470","","978"
"Switzerland (CH)","21.02.2020 12:00 - 21.02.2020 13:00 (CET/CEST)","300","","559"
"Switzerland (CH)","21.02.2020 13:00 - 21.02.2020 14:00 (CET/CEST)","134","","440"
"Switzerland (CH)","21.02.2020 14:00 - 21.02.2020 15:00 (CET/CEST)","154","","508"
"Switzerland (CH)","21.02.2020 15:00 - 21.02.2020 16:00 (CET/CEST)","175","","603"
"Switzerland (CH)","21.02.2020 16:00 - 21.02.2020 17:00 (CET/CEST)","376","","693"
"Switzerland (CH)","21.02.2020 17:00 - 21.02.2020 18:00 (CET/CEST)","615","","986"
"Switzerland (CH)","21.02.2020 18:00 - 21.02.2020 19:00 (CET/CEST)","1546","","2850"
"Switzerland (CH)","21.02.2020 19:00 - 21.02.2020 20:00 (CET/CEST)","1643","","2341"
"Switzerland (CH)","21.02.2020 20:00 - 21.02.2020 21:00 (CET/CEST)","888","","1506"
"Switzerland (CH)","21.02.2020 21:00 - 21.02.2020 22:00 (CET/CEST)","440","","876"
"Switzerland (CH)","21.02.2020 22:00 - 21.02.2020 23:00 (CET/CEST)","216","","1149"
"Switzerland (CH)","21.02.2020 23:00 - 22.02.2020 00:00 (CET/CEST)","210","","965"
"Switzerland (CH)","22.02.2020 00:00 - 22.02.2020 01:00 (CET/CEST)","238","","779"
"Switzerland (CH)","22.02.2020 01:00 - 22.02.2020 02:00 (CET/CEST)","198","","776"
"Switzerland (CH)","22.02.2020 02:00 - 22.02.2020 03:00 (CET/CEST)","188","","590"
"Switzerland (CH)","22.02.2020 03:00 - 22.02.2020 04:00 (CET/CEST)","114","","568"
"Switzerland (CH)","22.02.2020 04:00 - 22.02.2020 05:00 (CET/CEST)","77","","551"
"Switzerland (CH)","22.02.2020 05:00 - 22.02.2020 06:00 (CET/CEST)","113","","576"
"Switzerland (CH)","22.02.2020 06:00 - 22.02.2020 07:00 (CET/CEST)","130","","628"
"Switzerland (CH)","22.02.2020 07:00 - 22.02.2020 08:00 (CET/CEST)","225","","658"
"Switzerland (CH)","22.02.2020 08:00 - 22.02.2020 09:00 (CET/CEST)","280","","720"
"Switzerland (CH)","22.02.2020 09:00 - 22.02.2020 10:00 (CET/CEST)","411","","1250"
"Switzerland (CH)","22.02.2020 10:00 - 22.02.2020 11:00 (CET/CEST)","312","","652"
"Switzerland (CH)","22.02.2020 11:00 - 22.02.2020 12:00 (CET/CEST)","142","","554"
"Switzerland (CH)","22.02.2020 12:00 - 22.02.2020 13:00 (CET/CEST)","142","","462"
"Switzerland (CH)","22.02.2020 13:00 - 22.02.2020 14:00 (CET/CEST)","112","","461"
"Switzerland (CH)","22.02.2020 14:00 - 22.02.2020 15:00 (CET/CEST)","117","","471"
"Switzerland (CH)","22.02.2020 15:00 - 22.02.2020 16:00 (CET/CEST)","145","","609"
"Switzerland (CH)","22.02.2020 16:00 - 22.02.2020 17:00 (CET/CEST)","202","","700"
"Switzerland (CH)","22.02.2020 17:00 - 22.02.2020 18:00 (CET/CEST)","198","","1004"
"Switzerland (CH)","22.02.2020 18:00 - 22.02.2020 19:00 (CET/CEST)","247","","1001"
"Switzerland (CH)","22.02.2020 19:00 - 22.02.2020 20:00 (CET/CEST)","240","","991"
"Switzerland (CH)","22.02.2020 20:00 - 22.02.2020 21:00 (CET/CEST)","223","","791"
"Switzerland (CH)","22.02.2020 21:00 - 22.02.2020 22:00 (CET/CEST)","148","","607"
"Switzerland (CH)","22.02.2020 22:00 - 22.02.2020 23:00 (CET/CEST)","157","","622"
"Switzerland (CH)","22.02.2020 23:00 - 23.02.2020 00:00 (CET/CEST)","68","","503"
"Switzerland (CH)","23.02.2020 00:00 - 23.02.2020 01:00 (CET/CEST)","131","","499"
"Switzerland (CH)","23.02.2020 01:00 - 23.02.2020 02:00 (CET/CEST)","86","","395"
"Switzerland (CH)","23.02.2020 02:00 - 23.02.2020 03:00 (CET/CEST)","77","","351"
"Switzerland (CH)","23.02.2020 03:00 - 23.02.2020 04:00 (CET/CEST)","94","","338"
"Switzerland (CH)","23.02.2020 04:00 - 23.02.2020 05:00 (CET/CEST)","78","","342"
"Switzerland (CH)","23.02.2020 05:00 - 23.02.2020 06:00 (CET/CEST)","73","","378"
"Switzerland (CH)","23.02.2020 06:00 - 23.02.2020 07:00 (CET/CEST)","152","","431"
"Switzerland (CH)","23.02.2020 07:00 - 23.02.2020 08:00 (CET/CEST)","148","","358"
"Switzerland (CH)","23.02.2020 08:00 - 23.02.2020 09:00 (CET/CEST)","182","","370"
"Switzerland (CH)","23.02.2020 09:00 - 23.02.2020 10:00 (CET/CEST)","201","","447"
"Switzerland (CH)","23.02.2020 10:00 - 23.02.2020 11:00 (CET/CEST)","218","","355"
"Switzerland (CH)","23.02.2020 11:00 - 23.02.2020 12:00 (CET/CEST)","216","","360"
"Switzerland (CH)","23.02.2020 12:00 - 23.02.2020 13:00 (CET/CEST)","166","","388"
"Switzerland (CH)","23.02.2020 13:00 - 23.02.2020 14:00 (CET/CEST)","130","","342"
"Switzerland (CH)","23.02.2020 14:00 - 23.02.2020 15:00 (CET/CEST)","142","","320"
"Switzerland (CH)","23.02.2020 15:00 - 23.02.2020 16:00 (CET/CEST)","153","","323"
"Switzerland (CH)","23.02.2020 16:00 - 23.02.2020 17:00 (CET/CEST)","157","","448"
"Switzerland (CH)","23.02.2020 17:00 - 23.02.2020 18:00 (CET/CEST)","129","","481"
"Switzerland (CH)","23.02.2020 18:00 - 23.02.2020 19:00 (CET/CEST)","231","","855"
"Switzerland (CH)","23.02.2020 19:00 - 23.02.2020 20:00 (CET/CEST)","190","","803"
"Switzerland (CH)","23.02.2020 20:00 - 23.02.2020 21:00 (CET/CEST)","103","","722"
"Switzerland (CH)","23.02.2020 21:00 - 23.02.2020 22:00 (CET/CEST)","89","","502"
"Switzerland (CH)","23.02.2020 22:00 - 23.02.2020 23:00 (CET/CEST)","62","","558"
"Switzerland (CH)","23.02.2020 23:00 - 24.02.2020 00:00 (CET/CEST)","55","","395"
"Switzerland (CH)","24.02.2020 00:00 - 24.02.2020 01:00 (CET/CEST)","66","","333"
"Switzerland (CH)","24.02.2020 01:00 - 24.02.2020 02:00 (CET/CEST)","65","","323"
"Switzerland (CH)","24.02.2020 02:00 - 24.02.2020 03:00 (CET/CEST)","62","","328"
"Switzerland (CH)","24.02.2020 03:00 - 24.02.2020 04:00 (CET/CEST)","56","","346"
"Switzerland (CH)","24.02.2020 04:00 - 24.02.2020 05:00 (CET/CEST)","90","","357"
"Switzerland (CH)","24.02.2020 05:00 - 24.02.2020 06:00 (CET/CEST)","158","","481"
"Switzerland (CH)","24.02.2020 06:00 - 24.02.2020 07:00 (CET/CEST)","631","","1202"
"Switzerland (CH)","24.02.2020 07:00 - 24.02.2020 08:00 (CET/CEST)","2023","","2357"
"Switzerland (CH)","24.02.2020 08:00 - 24.02.2020 09:00 (CET/CEST)","2241","","2991"
"Switzerland (CH)","24.02.2020 09:00 - 24.02.2020 10:00 (CET/CEST)","1850","","2595"
"Switzerland (CH)","24.02.2020 10:00 - 24.02.2020 11:00 (CET/CEST)","1482","","2105"
"Switzerland (CH)","24.02.2020 11:00 - 24.02.2020 12:00 (CET/CEST)","1003","","1912"
"Switzerland (CH)","24.02.2020 12:00 - 24.02.2020 13:00 (CET/CEST)","219","","1286"
"Switzerland (CH)","24.02.2020 13:00 - 24.02.2020 14:00 (CET/CEST)","136","","952"
"Switzerland (CH)","24.02.2020 14:00 - 24.02.2020 15:00 (CET/CEST)","211","","1114"
"Switzerland (CH)","24.02.2020 15:00 - 24.02.2020 16:00 (CET/CEST)","229","","976"
"Switzerland (CH)","24.02.2020 16:00 - 24.02.2020 17:00 (CET/CEST)","341","","1058"
"Switzerland (CH)","24.02.2020 17:00 - 24.02.2020 18:00 (CET/CEST)","857","","1609"
"Switzerland (CH)","24.02.2020 18:00 - 24.02.2020 19:00 (CET/CEST)","1324","","2475"
"Switzerland (CH)","24.02.2020 19:00 - 24.02.2020 20:00 (CET/CEST)","864","","1558"
"Switzerland (CH)","24.02.2020 20:00 - 24.02.2020 21:00 (CET/CEST)","481","","1325"
"Switzerland (CH)","24.02.2020 21:00 - 24.02.2020 22:00 (CET/CEST)","291","","591"
"Switzerland (CH)","24.02.2020 22:00 - 24.02.2020 23:00 (CET/CEST)","160","","839"
"Switzerland (CH)","24.02.2020 23:00 - 25.02.2020 00:00 (CET/CEST)","108","","508"
"Switzerland (CH)","25.02.2020 00:00 - 25.02.2020 01:00 (CET/CEST)","114","","384"
"Switzerland (CH)","25.02.2020 01:00 - 25.02.2020 02:00 (CET/CEST)","116","","412"
"Switzerland (CH)","25.02.2020 02:00 - 25.02.2020 03:00 (CET/CEST)","88","","366"
"Switzerland (CH)","25.02.2020 03:00 - 25.02.2020 04:00 (CET/CEST)","104","","355"
"Switzerland (CH)","25.02.2020 04:00 - 25.02.2020 05:00 (CET/CEST)","154","","428"
"Switzerland (CH)","25.02.2020 05:00 - 25.02.2020 06:00 (CET/CEST)","212","","542"
"Switzerland (CH)","25.02.2020 06:00 - 25.02.2020 07:00 (CET/CEST)","265","","892"
"Switzerland (CH)","25.02.2020 07:00 - 25.02.2020 08:00 (CET/CEST)","883","","1705"
"Switzerland (CH)","25.02.2020 08:00 - 25.02.2020 09:00 (CET/CEST)","980","","1962"
"Switzerland (CH)","25.02.2020 09:00 - 25.02.2020 10:00 (CET/CEST)","750","","1514"
"Switzerland (CH)","25.02.2020 10:00 - 25.02.2020 11:00 (CET/CEST)","493","","1470"
"Switzerland (CH)","25.02.2020 11:00 - 25.02.2020 12:00 (CET/CEST)","676","","1483"
"Switzerland (CH)","25.02.2020 12:00 - 25.02.2020 13:00 (CET/CEST)","723","","1211"
"Switzerland (CH)","25.02.2020 13:00 - 25.02.2020 14:00 (CET/CEST)","758","","1257"
"Switzerland (CH)","25.02.2020 14:00 - 25.02.2020 15:00 (CET/CEST)","525","","1133"
"Switzerland (CH)","25.02.2020 15:00 - 25.02.2020 16:00 (CET/CEST)","371","","1152"
"Switzerland (CH)","25.02.2020 16:00 - 25.02.2020 17:00 (CET/CEST)","321","","1381"
"Switzerland (CH)","25.02.2020 17:00 - 25.02.2020 18:00 (CET/CEST)","1051","","1698"
"Switzerland (CH)","25.02.2020 18:00 - 25.02.2020 19:00 (CET/CEST)","1945","","2797"
"Switzerland (CH)","25.02.2020 19:00 - 25.02.2020 20:00 (CET/CEST)","2146","","2540"
"Switzerland (CH)","25.02.2020 20:00 - 25.02.2020 21:00 (CET/CEST)","1206","","2269"
"Switzerland (CH)","25.02.2020 21:00 - 25.02.2020 22:00 (CET/CEST)","735","","1550"
"Switzerland (CH)","25.02.2020 22:00 - 25.02.2020 23:00 (CET/CEST)","532","","966"
"Switzerland (CH)","25.02.2020 23:00 - 26.02.2020 00:00 (CET/CEST)","202","","465"
"Switzerland (CH)","26.02.2020 00:00 - 26.02.2020 01:00 (CET/CEST)","136","","409"
"Switzerland (CH)","26.02.2020 01:00 - 26.02.2020 02:00 (CET/CEST)","124","","409"
"Switzerland (CH)","26.02.2020 02:00 - 26.02.2020 03:00 (CET/CEST)","98","","377"
"Switzerland (CH)","26.02.2020 03:00 - 26.02.2020 04:00 (CET/CEST)","126","","381"
"Switzerland (CH)","26.02.2020 04:00 - 26.02.2020 05:00 (CET/CEST)","123","","424"
"Switzerland (CH)","26.02.2020 05:00 - 26.02.2020 06:00 (CET/CEST)","179","","450"
"Switzerland (CH)","26.02.2020 06:00 - 26.02.2020 07:00 (CET/CEST)","778","","1437"
"Switzerland (CH)","26.02.2020 07:00 - 26.02.2020 08:00 (CET/CEST)","1779","","2771"
"Switzerland (CH)","26.02.2020 08:00 - 26.02.2020 09:00 (CET/CEST)","2332","","2939"
"Switzerland (CH)","26.02.2020 09:00 - 26.02.2020 10:00 (CET/CEST)","2054","","2596"
"Switzerland (CH)","26.02.2020 10:00 - 26.02.2020 11:00 (CET/CEST)","1797","","1957"
"Switzerland (CH)","26.02.2020 11:00 - 26.02.2020 12:00 (CET/CEST)","1502","","1711"
"Switzerland (CH)","26.02.2020 12:00 - 26.02.2020 13:00 (CET/CEST)","776","","1319"
"Switzerland (CH)","26.02.2020 13:00 - 26.02.2020 14:00 (CET/CEST)","726","","1369"
"Switzerland (CH)","26.02.2020 14:00 - 26.02.2020 15:00 (CET/CEST)","1242","","1393"
"Switzerland (CH)","26.02.2020 15:00 - 26.02.2020 16:00 (CET/CEST)","1572","","1568"
"Switzerland (CH)","26.02.2020 16:00 - 26.02.2020 17:00 (CET/CEST)","1752","","1986"
"Switzerland (CH)","26.02.2020 17:00 - 26.02.2020 18:00 (CET/CEST)","2311","","3001"
"Switzerland (CH)","26.02.2020 18:00 - 26.02.2020 19:00 (CET/CEST)","2666","","3449"
"Switzerland (CH)","26.02.2020 19:00 - 26.02.2020 20:00 (CET/CEST)","2591","","3392"
"Switzerland (CH)","26.02.2020 20:00 - 26.02.2020 21:00 (CET/CEST)","2154","","2877"
"Switzerland (CH)","26.02.2020 21:00 - 26.02.2020 22:00 (CET/CEST)","1336","","1928"
"Switzerland (CH)","26.02.2020 22:00 - 26.02.2020 23:00 (CET/CEST)","638","","1711"
"Switzerland (CH)","26.02.2020 23:00 - 27.02.2020 00:00 (CET/CEST)","575","","1039"
"Switzerland (CH)","27.02.2020 00:00 - 27.02.2020 01:00 (CET/CEST)","382","","784"
"Switzerland (CH)","27.02.2020 01:00 - 27.02.2020 02:00 (CET/CEST)","81","","368"
"Switzerland (CH)","27.02.2020 02:00 - 27.02.2020 03:00 (CET/CEST)","86","","377"
"Switzerland (CH)","27.02.2020 03:00 - 27.02.2020 04:00 (CET/CEST)","75","","357"
"Switzerland (CH)","27.02.2020 04:00 - 27.02.2020 05:00 (CET/CEST)","137","","371"
"Switzerland (CH)","27.02.2020 05:00 - 27.02.2020 06:00 (CET/CEST)","188","","996"
"Switzerland (CH)","27.02.2020 06:00 - 27.02.2020 07:00 (CET/CEST)","1140","","2449"
"Switzerland (CH)","27.02.2020 07:00 - 27.02.2020 08:00 (CET/CEST)","2463","","3180"
"Switzerland (CH)","27.02.2020 08:00 - 27.02.2020 09:00 (CET/CEST)","2471","","3211"
"Switzerland (CH)","27.02.2020 09:00 - 27.02.2020 10:00 (CET/CEST)","2250","","3061"
"Switzerland (CH)","27.02.2020 10:00 - 27.02.2020 11:00 (CET/CEST)","1995","","2833"
"Switzerland (CH)","27.02.2020 11:00 - 27.02.2020 12:00 (CET/CEST)","1992","","3039"
"Switzerland (CH)","27.02.2020 12:00 - 27.02.2020 13:00 (CET/CEST)","1931","","2817"
"Switzerland (CH)","27.02.2020 13:00 - 27.02.2020 14:00 (CET/CEST)","2018","","2741"
"Switzerland (CH)","27.02.2020 14:00 - 27.02.2020 15:00 (CET/CEST)","2322","","3048"
"Switzerland (CH)","27.02.2020 15:00 - 27.02.2020 16:00 (CET/CEST)","2550","","2966"
"Switzerland (CH)","27.02.2020 16:00 - 27.02.2020 17:00 (CET/CEST)","2529","","3067"
"Switzerland (CH)","27.02.2020 17:00 - 27.02.2020 18:00 (CET/CEST)","2500","","3267"
"Switzerland (CH)","27.02.2020 18:00 - 27.02.2020 19:00 (CET/CEST)","2584","","3409"
"Switzerland (CH)","27.02.2020 19:00 - 27.02.2020 20:00 (CET/CEST)","2564","","3364"
"Switzerland (CH)","27.02.2020 20:00 - 27.02.2020 21:00 (CET/CEST)","2431","","2923"
"Switzerland (CH)","27.02.2020 21:00 - 27.02.2020 22:00 (CET/CEST)","1586","","1949"
"Switzerland (CH)","27.02.2020 22:00 - 27.02.2020 23:00 (CET/CEST)","756","","1240"
"Switzerland (CH)","27.02.2020 23:00 - 28.02.2020 00:00 (CET/CEST)","544","","1060"
"Switzerland (CH)","28.02.2020 00:00 - 28.02.2020 01:00 (CET/CEST)","269","","814"
"Switzerland (CH)","28.02.2020 01:00 - 28.02.2020 02:00 (CET/CEST)","126","","522"
"Switzerland (CH)","28.02.2020 02:00 - 28.02.2020 03:00 (CET/CEST)","60","","431"
"Switzerland (CH)","28.02.2020 03:00 - 28.02.2020 04:00 (CET/CEST)","50","","456"
"Switzerland (CH)","28.02.2020 04:00 - 28.02.2020 05:00 (CET/CEST)","85","","562"
"Switzerland (CH)","28.02.2020 05:00 - 28.02.2020 06:00 (CET/CEST)","474","","1415"
"Switzerland (CH)","28.02.2020 06:00 - 28.02.2020 07:00 (CET/CEST)","1591","","2443"
"Switzerland (CH)","28.02.2020 07:00 - 28.02.2020 08:00 (CET/CEST)","2175","","3135"
"Switzerland (CH)","28.02.2020 08:00 - 28.02.2020 09:00 (CET/CEST)","2238","","3076"
"Switzerland (CH)","28.02.2020 09:00 - 28.02.2020 10:00 (CET/CEST)","1818","","2425"
"Switzerland (CH)","28.02.2020 10:00 - 28.02.2020 11:00 (CET/CEST)","1440","","2236"
"Switzerland (CH)","28.02.2020 11:00 - 28.02.2020 12:00 (CET/CEST)","521","","1328"
"Switzerland (CH)","28.02.2020 12:00 - 28.02.2020 13:00 (CET/CEST)","217","","946"
"Switzerland (CH)","28.02.2020 13:00 - 28.02.2020 14:00 (CET/CEST)","107","","695"
"Switzerland (CH)","28.02.2020 14:00 - 28.02.2020 15:00 (CET/CEST)","157","","835"
"Switzerland (CH)","28.02.2020 15:00 - 28.02.2020 16:00 (CET/CEST)","155","","666"
"Switzerland (CH)","28.02.2020 16:00 - 28.02.2020 17:00 (CET/CEST)","256","","1001"
"Switzerland (CH)","28.02.2020 17:00 - 28.02.2020 18:00 (CET/CEST)","490","","1655"
"Switzerland (CH)","28.02.2020 18:00 - 28.02.2020 19:00 (CET/CEST)","1396","","2036"
"Switzerland (CH)","28.02.2020 19:00 - 28.02.2020 20:00 (CET/CEST)","993","","1473"
"Switzerland (CH)","28.02.2020 20:00 - 28.02.2020 21:00 (CET/CEST)","380","","870"
"Switzerland (CH)","28.02.2020 21:00 - 28.02.2020 22:00 (CET/CEST)","301","","1009"
"Switzerland (CH)","28.02.2020 22:00 - 28.02.2020 23:00 (CET/CEST)","388","","1275"
"Switzerland (CH)","28.02.2020 23:00 - 29.02.2020 00:00 (CET/CEST)","307","","1137"
"Switzerland (CH)","29.02.2020 00:00 - 29.02.2020 01:00 (CET/CEST)","238","","722"
"Switzerland (CH)","29.02.2020 01:00 - 29.02.2020 02:00 (CET/CEST)","131","","586"
"Switzerland (CH)","29.02.2020 02:00 - 29.02.2020 03:00 (CET/CEST)","90","","486"
"Switzerland (CH)","29.02.2020 03:00 - 29.02.2020 04:00 (CET/CEST)","58","","500"
"Switzerland (CH)","29.02.2020 04:00 - 29.02.2020 05:00 (CET/CEST)","71","","418"
"Switzerland (CH)","29.02.2020 05:00 - 29.02.2020 06:00 (CET/CEST)","79","","500"
"Switzerland (CH)","29.02.2020 06:00 - 29.02.2020 07:00 (CET/CEST)","84","","599"
"Switzerland (CH)","29.02.2020 07:00 - 29.02.2020 08:00 (CET/CEST)","89","","759"
"Switzerland (CH)","29.02.2020 08:00 - 29.02.2020 09:00 (CET/CEST)","112","","713"
"Switzerland (CH)","29.02.2020 09:00 - 29.02.2020 10:00 (CET/CEST)","265","","832"
"Switzerland (CH)","29.02.2020 10:00 - 29.02.2020 11:00 (CET/CEST)","280","","796"
"Switzerland (CH)","29.02.2020 11:00 - 29.02.2020 12:00 (CET/CEST)","282","","819"
"Switzerland (CH)","29.02.2020 12:00 - 29.02.2020 13:00 (CET/CEST)","261","","716"
"Switzerland (CH)","29.02.2020 13:00 - 29.02.2020 14:00 (CET/CEST)","100","","561"
"Switzerland (CH)","29.02.2020 14:00 - 29.02.2020 15:00 (CET/CEST)","121","","574"
"Switzerland (CH)","29.02.2020 15:00 - 29.02.2020 16:00 (CET/CEST)","120","","754"
"Switzerland (CH)","29.02.2020 16:00 - 29.02.2020 17:00 (CET/CEST)","187","","933"
"Switzerland (CH)","29.02.2020 17:00 - 29.02.2020 18:00 (CET/CEST)","246","","1176"
"Switzerland (CH)","29.02.2020 18:00 - 29.02.2020 19:00 (CET/CEST)","355","","1371"
"Switzerland (CH)","29.02.2020 19:00 - 29.02.2020 20:00 (CET/CEST)","327","","1326"
"Switzerland (CH)","29.02.2020 20:00 - 29.02.2020 21:00 (CET/CEST)","260","","1080"
"Switzerland (CH)","29.02.2020 21:00 - 29.02.2020 22:00 (CET/CEST)","221","","871"
"Switzerland (CH)","29.02.2020 22:00 - 29.02.2020 23:00 (CET/CEST)","140","","806"
"Switzerland (CH)","29.02.2020 23:00 - 01.03.2020 00:00 (CET/CEST)","107","","529"
"Switzerland (CH)","01.03.2020 00:00 - 01.03.2020 01:00 (CET/CEST)","145","","264"
"Switzerland (CH)","01.03.2020 01:00 - 01.03.2020 02:00 (CET/CEST)","179","","299"
"Switzerland (CH)","01.03.2020 02:00 - 01.03.2020 03:00 (CET/CEST)","128","","263"
"Switzerland (CH)","01.03.2020 03:00 - 01.03.2020 04:00 (CET/CEST)","153","","240"
"Switzerland (CH)","01.03.2020 04:00 - 01.03.2020 05:00 (CET/CEST)","139","","314"
"Switzerland (CH)","01.03.2020 05:00 - 01.03.2020 06:00 (CET/CEST)","159","","304"
"Switzerland (CH)","01.03.2020 06:00 - 01.03.2020 07:00 (CET/CEST)","177","","334"
"Switzerland (CH)","01.03.2020 07:00 - 01.03.2020 08:00 (CET/CEST)","146","","312"
"Switzerland (CH)","01.03.2020 08:00 - 01.03.2020 09:00 (CET/CEST)","189","","374"
"Switzerland (CH)","01.03.2020 09:00 - 01.03.2020 10:00 (CET/CEST)","161","","293"
"Switzerland (CH)","01.03.2020 10:00 - 01.03.2020 11:00 (CET/CEST)","171","","286"
"Switzerland (CH)","01.03.2020 11:00 - 01.03.2020 12:00 (CET/CEST)","164","","327"
"Switzerland (CH)","01.03.2020 12:00 - 01.03.2020 13:00 (CET/CEST)","179","","373"
"Switzerland (CH)","01.03.2020 13:00 - 01.03.2020 14:00 (CET/CEST)","137","","310"
"Switzerland (CH)","01.03.2020 14:00 - 01.03.2020 15:00 (CET/CEST)","165","","336"
"Switzerland (CH)","01.03.2020 15:00 - 01.03.2020 16:00 (CET/CEST)","201","","381"
"Switzerland (CH)","01.03.2020 16:00 - 01.03.2020 17:00 (CET/CEST)","245","","1128"
"Switzerland (CH)","01.03.2020 17:00 - 01.03.2020 18:00 (CET/CEST)","563","","1479"
"Switzerland (CH)","01.03.2020 18:00 - 01.03.2020 19:00 (CET/CEST)","2017","","2289"
"Switzerland (CH)","01.03.2020 19:00 - 01.03.2020 20:00 (CET/CEST)","2042","","2136"
"Switzerland (CH)","01.03.2020 20:00 - 01.03.2020 21:00 (CET/CEST)","416","","934"
"Switzerland (CH)","01.03.2020 21:00 - 01.03.2020 22:00 (CET/CEST)","191","","620"
"Switzerland (CH)","01.03.2020 22:00 - 01.03.2020 23:00 (CET/CEST)","200","","523"
"Switzerland (CH)","01.03.2020 23:00 - 02.03.2020 00:00 (CET/CEST)","150","","369"
"Switzerland (CH)","02.03.2020 00:00 - 02.03.2020 01:00 (CET/CEST)","118","","271"
"Switzerland (CH)","02.03.2020 01:00 - 02.03.2020 02:00 (CET/CEST)","116","","260"
"Switzerland (CH)","02.03.2020 02:00 - 02.03.2020 03:00 (CET/CEST)","124","","257"
"Switzerland (CH)","02.03.2020 03:00 - 02.03.2020 04:00 (CET/CEST)","138","","280"
"Switzerland (CH)","02.03.2020 04:00 - 02.03.2020 05:00 (CET/CEST)","120","","261"
"Switzerland (CH)","02.03.2020 05:00 - 02.03.2020 06:00 (CET/CEST)","174","","364"
"Switzerland (CH)","02.03.2020 06:00 - 02.03.2020 07:00 (CET/CEST)","509","","895"
"Switzerland (CH)","02.03.2020 07:00 - 02.03.2020 08:00 (CET/CEST)","1298","","2342"
"Switzerland (CH)","02.03.2020 08:00 - 02.03.2020 09:00 (CET/CEST)","2080","","2657"
"Switzerland (CH)","02.03.2020 09:00 - 02.03.2020 10:00 (CET/CEST)","1566","","2175"
"Switzerland (CH)","02.03.2020 10:00 - 02.03.2020 11:00 (CET/CEST)","1461","","1886"
"Switzerland (CH)","02.03.2020 11:00 - 02.03.2020 12:00 (CET/CEST)","1556","","2151"
"Switzerland (CH)","02.03.2020 12:00 - 02.03.2020 13:00 (CET/CEST)","1164","","1506"
"Switzerland (CH)","02.03.2020 13:00 - 02.03.2020 14:00 (CET/CEST)","1221","","1637"
"Switzerland (CH)","02.03.2020 14:00 - 02.03.2020 15:00 (CET/CEST)","1434","","1686"
"Switzerland (CH)","02.03.2020 15:00 - 02.03.2020 16:00 (CET/CEST)","1758","","2186"
"Switzerland (CH)","02.03.2020 16:00 - 02.03.2020 17:00 (CET/CEST)","1881","","2383"
"Switzerland (CH)","02.03.2020 17:00 - 02.03.2020 18:00 (CET/CEST)","2034","","2741"
"Switzerland (CH)","02.03.2020 18:00 - 02.03.2020 19:00 (CET/CEST)","2153","","2846"
"Switzerland (CH)","02.03.2020 19:00 - 02.03.2020 20:00 (CET/CEST)","2137","","2771"
"Switzerland (CH)","02.03.2020 20:00 - 02.03.2020 21:00 (CET/CEST)","1540","","2437"
"Switzerland (CH)","02.03.2020 21:00 - 02.03.2020 22:00 (CET/CEST)","638","","1511"
"Switzerland (CH)","02.03.2020 22:00 - 02.03.2020 23:00 (CET/CEST)","496","","1057"
"Switzerland (CH)","02.03.2020 23:00 - 03.03.2020 00:00 (CET/CEST)","164","","642"
"Switzerland (CH)","03.03.2020 00:00 - 03.03.2020 01:00 (CET/CEST)","71","","532"
"Switzerland (CH)","03.03.2020 01:00 - 03.03.2020 02:00 (CET/CEST)","51","","458"
"Switzerland (CH)","03.03.2020 02:00 - 03.03.2020 03:00 (CET/CEST)","58","","463"
"Switzerland (CH)","03.03.2020 03:00 - 03.03.2020 04:00 (CET/CEST)","66","","452"
"Switzerland (CH)","03.03.2020 04:00 - 03.03.2020 05:00 (CET/CEST)","89","","437"
"Switzerland (CH)","03.03.2020 05:00 - 03.03.2020 06:00 (CET/CEST)","163","","1189"
"Switzerland (CH)","03.03.2020 06:00 - 03.03.2020 07:00 (CET/CEST)","1523","","2072"
"Switzerland (CH)","03.03.2020 07:00 - 03.03.2020 08:00 (CET/CEST)","2257","","2511"
"Switzerland (CH)","03.03.2020 08:00 - 03.03.2020 09:00 (CET/CEST)","2461","","2633"
"Switzerland (CH)","03.03.2020 09:00 - 03.03.2020 10:00 (CET/CEST)","2439","","2699"
"Switzerland (CH)","03.03.2020 10:00 - 03.03.2020 11:00 (CET/CEST)","2232","","2543"
"Switzerland (CH)","03.03.2020 11:00 - 03.03.2020 12:00 (CET/CEST)","2057","","2372"
"Switzerland (CH)","03.03.2020 12:00 - 03.03.2020 13:00 (CET/CEST)","1795","","1988"
"Switzerland (CH)","03.03.2020 13:00 - 03.03.2020 14:00 (CET/CEST)","1846","","2000"
"Switzerland (CH)","03.03.2020 14:00 - 03.03.2020 15:00 (CET/CEST)","1748","","1923"
"Switzerland (CH)","03.03.2020 15:00 - 03.03.2020 16:00 (CET/CEST)","1792","","2018"
"Switzerland (CH)","03.03.2020 16:00 - 03.03.2020 17:00 (CET/CEST)","1952","","2152"
"Switzerland (CH)","03.03.2020 17:00 - 03.03.2020 18:00 (CET/CEST)","2014","","2348"
"Switzerland (CH)","03.03.2020 18:00 - 03.03.2020 19:00 (CET/CEST)","2518","","2900"
"Switzerland (CH)","03.03.2020 19:00 - 03.03.2020 20:00 (CET/CEST)","2528","","2930"
"Switzerland (CH)","03.03.2020 20:00 - 03.03.2020 21:00 (CET/CEST)","2329","","2635"
"Switzerland (CH)","03.03.2020 21:00 - 03.03.2020 22:00 (CET/CEST)","1499","","2395"
"Switzerland (CH)","03.03.2020 22:00 - 03.03.2020 23:00 (CET/CEST)","1103","","1396"
"Switzerland (CH)","03.03.2020 23:00 - 04.03.2020 00:00 (CET/CEST)","243","","847"
"Switzerland (CH)","04.03.2020 00:00 - 04.03.2020 01:00 (CET/CEST)","99","","761"
"Switzerland (CH)","04.03.2020 01:00 - 04.03.2020 02:00 (CET/CEST)","22","","519"
"Switzerland (CH)","04.03.2020 02:00 - 04.03.2020 03:00 (CET/CEST)","37","","353"
"Switzerland (CH)","04.03.2020 03:00 - 04.03.2020 04:00 (CET/CEST)","42","","332"
"Switzerland (CH)","04.03.2020 04:00 - 04.03.2020 05:00 (CET/CEST)","122","","364"
"Switzerland (CH)","04.03.2020 05:00 - 04.03.2020 06:00 (CET/CEST)","538","","763"
"Switzerland (CH)","04.03.2020 06:00 - 04.03.2020 07:00 (CET/CEST)","1311","","2286"
"Switzerland (CH)","04.03.2020 07:00 - 04.03.2020 08:00 (CET/CEST)","1701","","2628"
"Switzerland (CH)","04.03.2020 08:00 - 04.03.2020 09:00 (CET/CEST)","2286","","2847"
"Switzerland (CH)","04.03.2020 09:00 - 04.03.2020 10:00 (CET/CEST)","1932","","2686"
"Switzerland (CH)","04.03.2020 10:00 - 04.03.2020 11:00 (CET/CEST)","1693","","2418"
"Switzerland (CH)","04.03.2020 11:00 - 04.03.2020 12:00 (CET/CEST)","1361","","2351"
"Switzerland (CH)","04.03.2020 12:00 - 04.03.2020 13:00 (CET/CEST)","1001","","2154"
"Switzerland (CH)","04.03.2020 13:00 - 04.03.2020 14:00 (CET/CEST)","886","","1855"
"Switzerland (CH)","04.03.2020 14:00 - 04.03.2020 15:00 (CET/CEST)","933","","1933"
"Switzerland (CH)","04.03.2020 15:00 - 04.03.2020 16:00 (CET/CEST)","1297","","2051"
"Switzerland (CH)","04.03.2020 16:00 - 04.03.2020 17:00 (CET/CEST)","1836","","2540"
"Switzerland (CH)","04.03.2020 17:00 - 04.03.2020 18:00 (CET/CEST)","2424","","2598"
"Switzerland (CH)","04.03.2020 18:00 - 04.03.2020 19:00 (CET/CEST)","2670","","3158"
"Switzerland (CH)","04.03.2020 19:00 - 04.03.2020 20:00 (CET/CEST)","2665","","3201"
"Switzerland (CH)","04.03.2020 20:00 - 04.03.2020 21:00 (CET/CEST)","2656","","3067"
"Switzerland (CH)","04.03.2020 21:00 - 04.03.2020 22:00 (CET/CEST)","1857","","2497"
"Switzerland (CH)","04.03.2020 22:00 - 04.03.2020 23:00 (CET/CEST)","1685","","1736"
"Switzerland (CH)","04.03.2020 23:00 - 05.03.2020 00:00 (CET/CEST)","937","","1636"
"Switzerland (CH)","05.03.2020 00:00 - 05.03.2020 01:00 (CET/CEST)","450","","1237"
"Switzerland (CH)","05.03.2020 01:00 - 05.03.2020 02:00 (CET/CEST)","197","","727"
"Switzerland (CH)","05.03.2020 02:00 - 05.03.2020 03:00 (CET/CEST)","85","","402"
"Switzerland (CH)","05.03.2020 03:00 - 05.03.2020 04:00 (CET/CEST)","89","","424"
"Switzerland (CH)","05.03.2020 04:00 - 05.03.2020 05:00 (CET/CEST)","121","","529"
"Switzerland (CH)","05.03.2020 05:00 - 05.03.2020 06:00 (CET/CEST)","239","","775"
"Switzerland (CH)","05.03.2020 06:00 - 05.03.2020 07:00 (CET/CEST)","1321","","2210"
"Switzerland (CH)","05.03.2020 07:00 - 05.03.2020 08:00 (CET/CEST)","1884","","2953"
"Switzerland (CH)","05.03.2020 08:00 - 05.03.2020 09:00 (CET/CEST)","2284","","3164"
"Switzerland (CH)","05.03.2020 09:00 - 05.03.2020 10:00 (CET/CEST)","2106","","3174"
"Switzerland (CH)","05.03.2020 10:00 - 05.03.2020 11:00 (CET/CEST)","1792","","2744"
"Switzerland (CH)","05.03.2020 11:00 - 05.03.2020 12:00 (CET/CEST)","1873","","2667"
"Switzerland (CH)","05.03.2020 12:00 - 05.03.2020 13:00 (CET/CEST)","1868","","2789"
"Switzerland (CH)","05.03.2020 13:00 - 05.03.2020 14:00 (CET/CEST)","1661","","2512"
"Switzerland (CH)","05.03.2020 14:00 - 05.03.2020 15:00 (CET/CEST)","1418","","2409"
"Switzerland (CH)","05.03.2020 15:00 - 05.03.2020 16:00 (CET/CEST)","1246","","2032"
"Switzerland (CH)","05.03.2020 16:00 - 05.03.2020 17:00 (CET/CEST)","1359","","1942"
"Switzerland (CH)","05.03.2020 17:00 - 05.03.2020 18:00 (CET/CEST)","1449","","2214"
"Switzerland (CH)","05.03.2020 18:00 - 05.03.2020 19:00 (CET/CEST)","1735","","2882"
"Switzerland (CH)","05.03.2020 19:00 - 05.03.2020 20:00 (CET/CEST)","1192","","2501"
"Switzerland (CH)","05.03.2020 20:00 - 05.03.2020 21:00 (CET/CEST)","672","","1246"
"Switzerland (CH)","05.03.2020 21:00 - 05.03.2020 22:00 (CET/CEST)","671","","947"
"Switzerland (CH)","05.03.2020 22:00 - 05.03.2020 23:00 (CET/CEST)","567","","1487"
"Switzerland (CH)","05.03.2020 23:00 - 06.03.2020 00:00 (CET/CEST)","222","","645"
"Switzerland (CH)","06.03.2020 00:00 - 06.03.2020 01:00 (CET/CEST)","92","","519"
"Switzerland (CH)","06.03.2020 01:00 - 06.03.2020 02:00 (CET/CEST)","55","","491"
"Switzerland (CH)","06.03.2020 02:00 - 06.03.2020 03:00 (CET/CEST)","32","","475"
"Switzerland (CH)","06.03.2020 03:00 - 06.03.2020 04:00 (CET/CEST)","33","","409"
"Switzerland (CH)","06.03.2020 04:00 - 06.03.2020 05:00 (CET/CEST)","42","","425"
"Switzerland (CH)","06.03.2020 05:00 - 06.03.2020 06:00 (CET/CEST)","109","","502"
"Switzerland (CH)","06.03.2020 06:00 - 06.03.2020 07:00 (CET/CEST)","470","","1848"
"Switzerland (CH)","06.03.2020 07:00 - 06.03.2020 08:00 (CET/CEST)","1112","","2309"
"Switzerland (CH)","06.03.2020 08:00 - 06.03.2020 09:00 (CET/CEST)","1550","","2563"
"Switzerland (CH)","06.03.2020 09:00 - 06.03.2020 10:00 (CET/CEST)","1634","","2343"
"Switzerland (CH)","06.03.2020 10:00 - 06.03.2020 11:00 (CET/CEST)","1903","","2874"
"Switzerland (CH)","06.03.2020 11:00 - 06.03.2020 12:00 (CET/CEST)","1664","","2211"
"Switzerland (CH)","06.03.2020 12:00 - 06.03.2020 13:00 (CET/CEST)","1813","","2654"
"Switzerland (CH)","06.03.2020 13:00 - 06.03.2020 14:00 (CET/CEST)","1655","","2321"
"Switzerland (CH)","06.03.2020 14:00 - 06.03.2020 15:00 (CET/CEST)","1463","","2443"
"Switzerland (CH)","06.03.2020 15:00 - 06.03.2020 16:00 (CET/CEST)","1503","","2587"
"Switzerland (CH)","06.03.2020 16:00 - 06.03.2020 17:00 (CET/CEST)","1782","","2508"
"Switzerland (CH)","06.03.2020 17:00 - 06.03.2020 18:00 (CET/CEST)","1826","","2378"
"Switzerland (CH)","06.03.2020 18:00 - 06.03.2020 19:00 (CET/CEST)","2500","","3063"
"Switzerland (CH)","06.03.2020 19:00 - 06.03.2020 20:00 (CET/CEST)","2400","","2746"
"Switzerland (CH)","06.03.2020 20:00 - 06.03.2020 21:00 (CET/CEST)","1708","","1965"
"Switzerland (CH)","06.03.2020 21:00 - 06.03.2020 22:00 (CET/CEST)","867","","1364"
"Switzerland (CH)","06.03.2020 22:00 - 06.03.2020 23:00 (CET/CEST)","537","","1192"
"Switzerland (CH)","06.03.2020 23:00 - 07.03.2020 00:00 (CET/CEST)","450","","874"
"Switzerland (CH)","07.03.2020 00:00 - 07.03.2020 01:00 (CET/CEST)","276","","575"
"Switzerland (CH)","07.03.2020 01:00 - 07.03.2020 02:00 (CET/CEST)","274","","941"
"Switzerland (CH)","07.03.2020 02:00 - 07.03.2020 03:00 (CET/CEST)","180","","536"
"Switzerland (CH)","07.03.2020 03:00 - 07.03.2020 04:00 (CET/CEST)","226","","612"
"Switzerland (CH)","07.03.2020 04:00 - 07.03.2020 05:00 (CET/CEST)","156","","482"
"Switzerland (CH)","07.03.2020 05:00 - 07.03.2020 06:00 (CET/CEST)","279","","845"
"Switzerland (CH)","07.03.2020 06:00 - 07.03.2020 07:00 (CET/CEST)","250","","631"
"Switzerland (CH)","07.03.2020 07:00 - 07.03.2020 08:00 (CET/CEST)","279","","729"
"Switzerland (CH)","07.03.2020 08:00 - 07.03.2020 09:00 (CET/CEST)","810","","2030"
"Switzerland (CH)","07.03.2020 09:00 - 07.03.2020 10:00 (CET/CEST)","1179","","1865"
"Switzerland (CH)","07.03.2020 10:00 - 07.03.2020 11:00 (CET/CEST)","274","","917"
"Switzerland (CH)","07.03.2020 11:00 - 07.03.2020 12:00 (CET/CEST)","141","","647"
"Switzerland (CH)","07.03.2020 12:00 - 07.03.2020 13:00 (CET/CEST)","199","","475"
"Switzerland (CH)","07.03.2020 13:00 - 07.03.2020 14:00 (CET/CEST)","197","","430"
"Switzerland (CH)","07.03.2020 14:00 - 07.03.2020 15:00 (CET/CEST)","174","","458"
"Switzerland (CH)","07.03.2020 15:00 - 07.03.2020 16:00 (CET/CEST)","200","","491"
"Switzerland (CH)","07.03.2020 16:00 - 07.03.2020 17:00 (CET/CEST)","304","","638"
"Switzerland (CH)","07.03.2020 17:00 - 07.03.2020 18:00 (CET/CEST)","1035","","1279"
"Switzerland (CH)","07.03.2020 18:00 - 07.03.2020 19:00 (CET/CEST)","1619","","1752"
"Switzerland (CH)","07.03.2020 19:00 - 07.03.2020 20:00 (CET/CEST)","1815","","2188"
"Switzerland (CH)","07.03.2020 20:00 - 07.03.2020 21:00 (CET/CEST)","1198","","1464"
"Switzerland (CH)","07.03.2020 21:00 - 07.03.2020 22:00 (CET/CEST)","327","","761"
"Switzerland (CH)","07.03.2020 22:00 - 07.03.2020 23:00 (CET/CEST)","213","","793"
"Switzerland (CH)","07.03.2020 23:00 - 08.03.2020 00:00 (CET/CEST)","142","","536"
"Switzerland (CH)","08.03.2020 00:00 - 08.03.2020 01:00 (CET/CEST)","173","","462"
"Switzerland (CH)","08.03.2020 01:00 - 08.03.2020 02:00 (CET/CEST)","85","","372"
"Switzerland (CH)","08.03.2020 02:00 - 08.03.2020 03:00 (CET/CEST)","95","","366"
"Switzerland (CH)","08.03.2020 03:00 - 08.03.2020 04:00 (CET/CEST)","73","","353"
"Switzerland (CH)","08.03.2020 04:00 - 08.03.2020 05:00 (CET/CEST)","60","","382"
"Switzerland (CH)","08.03.2020 05:00 - 08.03.2020 06:00 (CET/CEST)","127","","441"
"Switzerland (CH)","08.03.2020 06:00 - 08.03.2020 07:00 (CET/CEST)","141","","450"
"Switzerland (CH)","08.03.2020 07:00 - 08.03.2020 08:00 (CET/CEST)","153","","462"
"Switzerland (CH)","08.03.2020 08:00 - 08.03.2020 09:00 (CET/CEST)","150","","445"
"Switzerland (CH)","08.03.2020 09:00 - 08.03.2020 10:00 (CET/CEST)","166","","360"
"Switzerland (CH)","08.03.2020 10:00 - 08.03.2020 11:00 (CET/CEST)","140","","314"
"Switzerland (CH)","08.03.2020 11:00 - 08.03.2020 12:00 (CET/CEST)","159","","600"
"Switzerland (CH)","08.03.2020 12:00 - 08.03.2020 13:00 (CET/CEST)","140","","499"
"Switzerland (CH)","08.03.2020 13:00 - 08.03.2020 14:00 (CET/CEST)","134","","311"
"Switzerland (CH)","08.03.2020 14:00 - 08.03.2020 15:00 (CET/CEST)","159","","317"
"Switzerland (CH)","08.03.2020 15:00 - 08.03.2020 16:00 (CET/CEST)","191","","361"
"Switzerland (CH)","08.03.2020 16:00 - 08.03.2020 17:00 (CET/CEST)","204","","443"
"Switzerland (CH)","08.03.2020 17:00 - 08.03.2020 18:00 (CET/CEST)","356","","1284"
"Switzerland (CH)","08.03.2020 18:00 - 08.03.2020 19:00 (CET/CEST)","570","","1707"
"Switzerland (CH)","08.03.2020 19:00 - 08.03.2020 20:00 (CET/CEST)","964","","1318"
"Switzerland (CH)","08.03.2020 20:00 - 08.03.2020 21:00 (CET/CEST)","925","","1075"
"Switzerland (CH)","08.03.2020 21:00 - 08.03.2020 22:00 (CET/CEST)","499","","711"
"Switzerland (CH)","08.03.2020 22:00 - 08.03.2020 23:00 (CET/CEST)","326","","601"
"Switzerland (CH)","08.03.2020 23:00 - 09.03.2020 00:00 (CET/CEST)","187","","471"
"Switzerland (CH)","09.03.2020 00:00 - 09.03.2020 01:00 (CET/CEST)","76","","436"
"Switzerland (CH)","09.03.2020 01:00 - 09.03.2020 02:00 (CET/CEST)","12","","424"
"Switzerland (CH)","09.03.2020 02:00 - 09.03.2020 03:00 (CET/CEST)","18","","398"
"Switzerland (CH)","09.03.2020 03:00 - 09.03.2020 04:00 (CET/CEST)","26","","406"
"Switzerland (CH)","09.03.2020 04:00 - 09.03.2020 05:00 (CET/CEST)","51","","428"
"Switzerland (CH)","09.03.2020 05:00 - 09.03.2020 06:00 (CET/CEST)","104","","676"
"Switzerland (CH)","09.03.2020 06:00 - 09.03.2020 07:00 (CET/CEST)","1111","","2238"
"Switzerland (CH)","09.03.2020 07:00 - 09.03.2020 08:00 (CET/CEST)","2506","","2744"
"Switzerland (CH)","09.03.2020 08:00 - 09.03.2020 09:00 (CET/CEST)","2587","","2843"
"Switzerland (CH)","09.03.2020 09:00 - 09.03.2020 10:00 (CET/CEST)","2558","","2804"
"Switzerland (CH)","09.03.2020 10:00 - 09.03.2020 11:00 (CET/CEST)","2453","","2572"
"Switzerland (CH)","09.03.2020 11:00 - 09.03.2020 12:00 (CET/CEST)","2061","","2408"
"Switzerland (CH)","09.03.2020 12:00 - 09.03.2020 13:00 (CET/CEST)","1079","","1684"
"Switzerland (CH)","09.03.2020 13:00 - 09.03.2020 14:00 (CET/CEST)","1117","","1718"
"Switzerland (CH)","09.03.2020 14:00 - 09.03.2020 15:00 (CET/CEST)","1260","","1499"
"Switzerland (CH)","09.03.2020 15:00 - 09.03.2020 16:00 (CET/CEST)","1611","","1301"
"Switzerland (CH)","09.03.2020 16:00 - 09.03.2020 17:00 (CET/CEST)","2068","","2166"
"Switzerland (CH)","09.03.2020 17:00 - 09.03.2020 18:00 (CET/CEST)","2424","","2608"
"Switzerland (CH)","09.03.2020 18:00 - 09.03.2020 19:00 (CET/CEST)","2681","","2857"
"Switzerland (CH)","09.03.2020 19:00 - 09.03.2020 20:00 (CET/CEST)","2668","","2776"
"Switzerland (CH)","09.03.2020 20:00 - 09.03.2020 21:00 (CET/CEST)","2045","","2493"
"Switzerland (CH)","09.03.2020 21:00 - 09.03.2020 22:00 (CET/CEST)","1179","","1907"
"Switzerland (CH)","09.03.2020 22:00 - 09.03.2020 23:00 (CET/CEST)","1048","","867"
"Switzerland (CH)","09.03.2020 23:00 - 10.03.2020 00:00 (CET/CEST)","281","","464"
"Switzerland (CH)","10.03.2020 00:00 - 10.03.2020 01:00 (CET/CEST)","118","","559"
"Switzerland (CH)","10.03.2020 01:00 - 10.03.2020 02:00 (CET/CEST)","112","","551"
"Switzerland (CH)","10.03.2020 02:00 - 10.03.2020 03:00 (CET/CEST)","123","","415"
"Switzerland (CH)","10.03.2020 03:00 - 10.03.2020 04:00 (CET/CEST)","92","","376"
"Switzerland (CH)","10.03.2020 04:00 - 10.03.2020 05:00 (CET/CEST)","63","","441"
"Switzerland (CH)","10.03.2020 05:00 - 10.03.2020 06:00 (CET/CEST)","95","","585"
"Switzerland (CH)","10.03.2020 06:00 - 10.03.2020 07:00 (CET/CEST)","486","","935"
"Switzerland (CH)","10.03.2020 07:00 - 10.03.2020 08:00 (CET/CEST)","969","","1379"
"Switzerland (CH)","10.03.2020 08:00 - 10.03.2020 09:00 (CET/CEST)","926","","1508"
"Switzerland (CH)","10.03.2020 09:00 - 10.03.2020 10:00 (CET/CEST)","832","","1233"
"Switzerland (CH)","10.03.2020 10:00 - 10.03.2020 11:00 (CET/CEST)","836","","1194"
"Switzerland (CH)","10.03.2020 11:00 - 10.03.2020 12:00 (CET/CEST)","842","","1268"
"Switzerland (CH)","10.03.2020 12:00 - 10.03.2020 13:00 (CET/CEST)","783","","1118"
"Switzerland (CH)","10.03.2020 13:00 - 10.03.2020 14:00 (CET/CEST)","741","","1137"
"Switzerland (CH)","10.03.2020 14:00 - 10.03.2020 15:00 (CET/CEST)","833","","1099"
"Switzerland (CH)","10.03.2020 15:00 - 10.03.2020 16:00 (CET/CEST)","840","","1207"
"Switzerland (CH)","10.03.2020 16:00 - 10.03.2020 17:00 (CET/CEST)","854","","1092"
"Switzerland (CH)","10.03.2020 17:00 - 10.03.2020 18:00 (CET/CEST)","896","","1601"
"Switzerland (CH)","10.03.2020 18:00 - 10.03.2020 19:00 (CET/CEST)","1392","","2135"
"Switzerland (CH)","10.03.2020 19:00 - 10.03.2020 20:00 (CET/CEST)","1468","","1321"
"Switzerland (CH)","10.03.2020 20:00 - 10.03.2020 21:00 (CET/CEST)","318","","705"
"Switzerland (CH)","10.03.2020 21:00 - 10.03.2020 22:00 (CET/CEST)","265","","656"
"Switzerland (CH)","10.03.2020 22:00 - 10.03.2020 23:00 (CET/CEST)","211","","625"
"Switzerland (CH)","10.03.2020 23:00 - 11.03.2020 00:00 (CET/CEST)","202","","392"
"Switzerland (CH)","11.03.2020 00:00 - 11.03.2020 01:00 (CET/CEST)","129","","711"
"Switzerland (CH)","11.03.2020 01:00 - 11.03.2020 02:00 (CET/CEST)","55","","499"
"Switzerland (CH)","11.03.2020 02:00 - 11.03.2020 03:00 (CET/CEST)","62","","458"
"Switzerland (CH)","11.03.2020 03:00 - 11.03.2020 04:00 (CET/CEST)","81","","458"
"Switzerland (CH)","11.03.2020 04:00 - 11.03.2020 05:00 (CET/CEST)","89","","433"
"Switzerland (CH)","11.03.2020 05:00 - 11.03.2020 06:00 (CET/CEST)","140","","527"
"Switzerland (CH)","11.03.2020 06:00 - 11.03.2020 07:00 (CET/CEST)","394","","857"
"Switzerland (CH)","11.03.2020 07:00 - 11.03.2020 08:00 (CET/CEST)","988","","1759"
"Switzerland (CH)","11.03.2020 08:00 - 11.03.2020 09:00 (CET/CEST)","1740","","2216"
"Switzerland (CH)","11.03.2020 09:00 - 11.03.2020 10:00 (CET/CEST)","1126","","1314"
"Switzerland (CH)","11.03.2020 10:00 - 11.03.2020 11:00 (CET/CEST)","569","","1001"
"Switzerland (CH)","11.03.2020 11:00 - 11.03.2020 12:00 (CET/CEST)","390","","844"
"Switzerland (CH)","11.03.2020 12:00 - 11.03.2020 13:00 (CET/CEST)","329","","564"
"Switzerland (CH)","11.03.2020 13:00 - 11.03.2020 14:00 (CET/CEST)","296","","575"
"Switzerland (CH)","11.03.2020 14:00 - 11.03.2020 15:00 (CET/CEST)","339","","665"
"Switzerland (CH)","11.03.2020 15:00 - 11.03.2020 16:00 (CET/CEST)","282","","598"
"Switzerland (CH)","11.03.2020 16:00 - 11.03.2020 17:00 (CET/CEST)","443","","763"
"Switzerland (CH)","11.03.2020 17:00 - 11.03.2020 18:00 (CET/CEST)","1250","","1877"
"Switzerland (CH)","11.03.2020 18:00 - 11.03.2020 19:00 (CET/CEST)","1975","","2598"
"Switzerland (CH)","11.03.2020 19:00 - 11.03.2020 20:00 (CET/CEST)","2064","","2315"
"Switzerland (CH)","11.03.2020 20:00 - 11.03.2020 21:00 (CET/CEST)","609","","1213"
"Switzerland (CH)","11.03.2020 21:00 - 11.03.2020 22:00 (CET/CEST)","239","","668"
"Switzerland (CH)","11.03.2020 22:00 - 11.03.2020 23:00 (CET/CEST)","182","","571"
"Switzerland (CH)","11.03.2020 23:00 - 12.03.2020 00:00 (CET/CEST)","117","","553"
"Switzerland (CH)","12.03.2020 00:00 - 12.03.2020 01:00 (CET/CEST)","95","","469"
"Switzerland (CH)","12.03.2020 01:00 - 12.03.2020 02:00 (CET/CEST)","58","","399"
"Switzerland (CH)","12.03.2020 02:00 - 12.03.2020 03:00 (CET/CEST)","48","","362"
"Switzerland (CH)","12.03.2020 03:00 - 12.03.2020 04:00 (CET/CEST)","49","","352"
"Switzerland (CH)","12.03.2020 04:00 - 12.03.2020 05:00 (CET/CEST)","100","","389"
"Switzerland (CH)","12.03.2020 05:00 - 12.03.2020 06:00 (CET/CEST)","109","","500"
"Switzerland (CH)","12.03.2020 06:00 - 12.03.2020 07:00 (CET/CEST)","226","","791"
"Switzerland (CH)","12.03.2020 07:00 - 12.03.2020 08:00 (CET/CEST)","560","","1288"
"Switzerland (CH)","12.03.2020 08:00 - 12.03.2020 09:00 (CET/CEST)","723","","1339"
"Switzerland (CH)","12.03.2020 09:00 - 12.03.2020 10:00 (CET/CEST)","747","","1045"
"Switzerland (CH)","12.03.2020 10:00 - 12.03.2020 11:00 (CET/CEST)","953","","1545"
"Switzerland (CH)","12.03.2020 11:00 - 12.03.2020 12:00 (CET/CEST)","1280","","1448"
"Switzerland (CH)","12.03.2020 12:00 - 12.03.2020 13:00 (CET/CEST)","742","","732"
"Switzerland (CH)","12.03.2020 13:00 - 12.03.2020 14:00 (CET/CEST)","343","","613"
"Switzerland (CH)","12.03.2020 14:00 - 12.03.2020 15:00 (CET/CEST)","384","","796"
"Switzerland (CH)","12.03.2020 15:00 - 12.03.2020 16:00 (CET/CEST)","321","","716"
"Switzerland (CH)","12.03.2020 16:00 - 12.03.2020 17:00 (CET/CEST)","346","","727"
"Switzerland (CH)","12.03.2020 17:00 - 12.03.2020 18:00 (CET/CEST)","934","","1704"
"Switzerland (CH)","12.03.2020 18:00 - 12.03.2020 19:00 (CET/CEST)","2232","","2633"
"Switzerland (CH)","12.03.2020 19:00 - 12.03.2020 20:00 (CET/CEST)","2376","","2650"
"Switzerland (CH)","12.03.2020 20:00 - 12.03.2020 21:00 (CET/CEST)","1012","","1548"
"Switzerland (CH)","12.03.2020 21:00 - 12.03.2020 22:00 (CET/CEST)","271","","671"
"Switzerland (CH)","12.03.2020 22:00 - 12.03.2020 23:00 (CET/CEST)","64","","709"
"Switzerland (CH)","12.03.2020 23:00 - 13.03.2020 00:00 (CET/CEST)","56","","535"
"Switzerland (CH)","13.03.2020 00:00 - 13.03.2020 01:00 (CET/CEST)","72","","373"
"Switzerland (CH)","13.03.2020 01:00 - 13.03.2020 02:00 (CET/CEST)","23","","261"
"Switzerland (CH)","13.03.2020 02:00 - 13.03.2020 03:00 (CET/CEST)","19","","264"
"Switzerland (CH)","13.03.2020 03:00 - 13.03.2020 04:00 (CET/CEST)","30","","315"
"Switzerland (CH)","13.03.2020 04:00 - 13.03.2020 05:00 (CET/CEST)","93","","343"
"Switzerland (CH)","13.03.2020 05:00 - 13.03.2020 06:00 (CET/CEST)","183","","529"
"Switzerland (CH)","13.03.2020 06:00 - 13.03.2020 07:00 (CET/CEST)","300","","616"
"Switzerland (CH)","13.03.2020 07:00 - 13.03.2020 08:00 (CET/CEST)","556","","950"
"Switzerland (CH)","13.03.2020 08:00 - 13.03.2020 09:00 (CET/CEST)","870","","1245"
"Switzerland (CH)","13.03.2020 09:00 - 13.03.2020 10:00 (CET/CEST)","905","","1071"
"Switzerland (CH)","13.03.2020 10:00 - 13.03.2020 11:00 (CET/CEST)","696","","625"
"Switzerland (CH)","13.03.2020 11:00 - 13.03.2020 12:00 (CET/CEST)","543","","691"
"Switzerland (CH)","13.03.2020 12:00 - 13.03.2020 13:00 (CET/CEST)","338","","576"
"Switzerland (CH)","13.03.2020 13:00 - 13.03.2020 14:00 (CET/CEST)","185","","419"
"Switzerland (CH)","13.03.2020 14:00 - 13.03.2020 15:00 (CET/CEST)","259","","396"
"Switzerland (CH)","13.03.2020 15:00 - 13.03.2020 16:00 (CET/CEST)","284","","371"
"Switzerland (CH)","13.03.2020 16:00 - 13.03.2020 17:00 (CET/CEST)","188","","535"
"Switzerland (CH)","13.03.2020 17:00 - 13.03.2020 18:00 (CET/CEST)","544","","1297"
"Switzerland (CH)","13.03.2020 18:00 - 13.03.2020 19:00 (CET/CEST)","1631","","2085"
"Switzerland (CH)","13.03.2020 19:00 - 13.03.2020 20:00 (CET/CEST)","1998","","2333"
"Switzerland (CH)","13.03.2020 20:00 - 13.03.2020 21:00 (CET/CEST)","1007","","1370"
"Switzerland (CH)","13.03.2020 21:00 - 13.03.2020 22:00 (CET/CEST)","878","","1134"
"Switzerland (CH)","13.03.2020 22:00 - 13.03.2020 23:00 (CET/CEST)","914","","1467"
"Switzerland (CH)","13.03.2020 23:00 - 14.03.2020 00:00 (CET/CEST)","1051","","1246"
"Switzerland (CH)","14.03.2020 00:00 - 14.03.2020 01:00 (CET/CEST)","958","","1059"
"Switzerland (CH)","14.03.2020 01:00 - 14.03.2020 02:00 (CET/CEST)","420","","657"
"Switzerland (CH)","14.03.2020 02:00 - 14.03.2020 03:00 (CET/CEST)","212","","651"
"Switzerland (CH)","14.03.2020 03:00 - 14.03.2020 04:00 (CET/CEST)","124","","450"
"Switzerland (CH)","14.03.2020 04:00 - 14.03.2020 05:00 (CET/CEST)","157","","449"
"Switzerland (CH)","14.03.2020 05:00 - 14.03.2020 06:00 (CET/CEST)","236","","503"
"Switzerland (CH)","14.03.2020 06:00 - 14.03.2020 07:00 (CET/CEST)","430","","880"
"Switzerland (CH)","14.03.2020 07:00 - 14.03.2020 08:00 (CET/CEST)","837","","910"
"Switzerland (CH)","14.03.2020 08:00 - 14.03.2020 09:00 (CET/CEST)","1248","","957"
"Switzerland (CH)","14.03.2020 09:00 - 14.03.2020 10:00 (CET/CEST)","717","","694"
"Switzerland (CH)","14.03.2020 10:00 - 14.03.2020 11:00 (CET/CEST)","244","","507"
"Switzerland (CH)","14.03.2020 11:00 - 14.03.2020 12:00 (CET/CEST)","152","","427"
"Switzerland (CH)","14.03.2020 12:00 - 14.03.2020 13:00 (CET/CEST)","116","","380"
"Switzerland (CH)","14.03.2020 13:00 - 14.03.2020 14:00 (CET/CEST)","130","","383"
"Switzerland (CH)","14.03.2020 14:00 - 14.03.2020 15:00 (CET/CEST)","131","","395"
"Switzerland (CH)","14.03.2020 15:00 - 14.03.2020 16:00 (CET/CEST)","127","","365"
"Switzerland (CH)","14.03.2020 16:00 - 14.03.2020 17:00 (CET/CEST)","161","","408"
"Switzerland (CH)","14.03.2020 17:00 - 14.03.2020 18:00 (CET/CEST)","462","","876"
"Switzerland (CH)","14.03.2020 18:00 - 14.03.2020 19:00 (CET/CEST)","1391","","1695"
"Switzerland (CH)","14.03.2020 19:00 - 14.03.2020 20:00 (CET/CEST)","1547","","1841"
"Switzerland (CH)","14.03.2020 20:00 - 14.03.2020 21:00 (CET/CEST)","429","","1001"
"Switzerland (CH)","14.03.2020 21:00 - 14.03.2020 22:00 (CET/CEST)","194","","420"
"Switzerland (CH)","14.03.2020 22:00 - 14.03.2020 23:00 (CET/CEST)","202","","375"
"Switzerland (CH)","14.03.2020 23:00 - 15.03.2020 00:00 (CET/CEST)","174","","366"
"Switzerland (CH)","15.03.2020 00:00 - 15.03.2020 01:00 (CET/CEST)","195","","407"
"Switzerland (CH)","15.03.2020 01:00 - 15.03.2020 02:00 (CET/CEST)","110","","349"
"Switzerland (CH)","15.03.2020 02:00 - 15.03.2020 03:00 (CET/CEST)","84","","282"
"Switzerland (CH)","15.03.2020 03:00 - 15.03.2020 04:00 (CET/CEST)","95","","303"
"Switzerland (CH)","15.03.2020 04:00 - 15.03.2020 05:00 (CET/CEST)","77","","287"
"Switzerland (CH)","15.03.2020 05:00 - 15.03.2020 06:00 (CET/CEST)","138","","309"
"Switzerland (CH)","15.03.2020 06:00 - 15.03.2020 07:00 (CET/CEST)","134","","407"
"Switzerland (CH)","15.03.2020 07:00 - 15.03.2020 08:00 (CET/CEST)","146","","429"
"Switzerland (CH)","15.03.2020 08:00 - 15.03.2020 09:00 (CET/CEST)","134","","322"
"Switzerland (CH)","15.03.2020 09:00 - 15.03.2020 10:00 (CET/CEST)","132","","316"
"Switzerland (CH)","15.03.2020 10:00 - 15.03.2020 11:00 (CET/CEST)","120","","328"
"Switzerland (CH)","15.03.2020 11:00 - 15.03.2020 12:00 (CET/CEST)","111","","357"
"Switzerland (CH)","15.03.2020 12:00 - 15.03.2020 13:00 (CET/CEST)","101","","331"
"Switzerland (CH)","15.03.2020 13:00 - 15.03.2020 14:00 (CET/CEST)","84","","248"
"Switzerland (CH)","15.03.2020 14:00 - 15.03.2020 15:00 (CET/CEST)","123","","282"
"Switzerland (CH)","15.03.2020 15:00 - 15.03.2020 16:00 (CET/CEST)","149","","293"
"Switzerland (CH)","15.03.2020 16:00 - 15.03.2020 17:00 (CET/CEST)","143","","380"
"Switzerland (CH)","15.03.2020 17:00 - 15.03.2020 18:00 (CET/CEST)","159","","898"
"Switzerland (CH)","15.03.2020 18:00 - 15.03.2020 19:00 (CET/CEST)","197","","558"
"Switzerland (CH)","15.03.2020 19:00 - 15.03.2020 20:00 (CET/CEST)","421","","1002"
"Switzerland (CH)","15.03.2020 20:00 - 15.03.2020 21:00 (CET/CEST)","313","","746"
"Switzerland (CH)","15.03.2020 21:00 - 15.03.2020 22:00 (CET/CEST)","136","","488"
"Switzerland (CH)","15.03.2020 22:00 - 15.03.2020 23:00 (CET/CEST)","200","","490"
"Switzerland (CH)","15.03.2020 23:00 - 16.03.2020 00:00 (CET/CEST)","313","","391"
"Switzerland (CH)","16.03.2020 00:00 - 16.03.2020 01:00 (CET/CEST)","67","","302"
"Switzerland (CH)","16.03.2020 01:00 - 16.03.2020 02:00 (CET/CEST)","46","","283"
"Switzerland (CH)","16.03.2020 02:00 - 16.03.2020 03:00 (CET/CEST)","57","","272"
"Switzerland (CH)","16.03.2020 03:00 - 16.03.2020 04:00 (CET/CEST)","71","","275"
"Switzerland (CH)","16.03.2020 04:00 - 16.03.2020 05:00 (CET/CEST)","72","","310"
"Switzerland (CH)","16.03.2020 05:00 - 16.03.2020 06:00 (CET/CEST)","171","","392"
"Switzerland (CH)","16.03.2020 06:00 - 16.03.2020 07:00 (CET/CEST)","730","","1333"
"Switzerland (CH)","16.03.2020 07:00 - 16.03.2020 08:00 (CET/CEST)","1598","","1936"
"Switzerland (CH)","16.03.2020 08:00 - 16.03.2020 09:00 (CET/CEST)","1208","","1139"
"Switzerland (CH)","16.03.2020 09:00 - 16.03.2020 10:00 (CET/CEST)","477","","690"
"Switzerland (CH)","16.03.2020 10:00 - 16.03.2020 11:00 (CET/CEST)","258","","500"
"Switzerland (CH)","16.03.2020 11:00 - 16.03.2020 12:00 (CET/CEST)","262","","398"
"Switzerland (CH)","16.03.2020 12:00 - 16.03.2020 13:00 (CET/CEST)","246","","348"
"Switzerland (CH)","16.03.2020 13:00 - 16.03.2020 14:00 (CET/CEST)","300","","314"
"Switzerland (CH)","16.03.2020 14:00 - 16.03.2020 15:00 (CET/CEST)","354","","409"
"Switzerland (CH)","16.03.2020 15:00 - 16.03.2020 16:00 (CET/CEST)","471","","582"
"Switzerland (CH)","16.03.2020 16:00 - 16.03.2020 17:00 (CET/CEST)","1039","","1069"
"Switzerland (CH)","16.03.2020 17:00 - 16.03.2020 18:00 (CET/CEST)","1700","","1978"
"Switzerland (CH)","16.03.2020 18:00 - 16.03.2020 19:00 (CET/CEST)","2758","","2574"
"Switzerland (CH)","16.03.2020 19:00 - 16.03.2020 20:00 (CET/CEST)","2846","","2610"
"Switzerland (CH)","16.03.2020 20:00 - 16.03.2020 21:00 (CET/CEST)","2378","","2361"
"Switzerland (CH)","16.03.2020 21:00 - 16.03.2020 22:00 (CET/CEST)","1640","","1568"
"Switzerland (CH)","16.03.2020 22:00 - 16.03.2020 23:00 (CET/CEST)","1329","","1220"
"Switzerland (CH)","16.03.2020 23:00 - 17.03.2020 00:00 (CET/CEST)","541","","685"
"Switzerland (CH)","17.03.2020 00:00 - 17.03.2020 01:00 (CET/CEST)","313","","452"
"Switzerland (CH)","17.03.2020 01:00 - 17.03.2020 02:00 (CET/CEST)","67","","331"
"Switzerland (CH)","17.03.2020 02:00 - 17.03.2020 03:00 (CET/CEST)","40","","346"
"Switzerland (CH)","17.03.2020 03:00 - 17.03.2020 04:00 (CET/CEST)","43","","334"
"Switzerland (CH)","17.03.2020 04:00 - 17.03.2020 05:00 (CET/CEST)","84","","325"
"Switzerland (CH)","17.03.2020 05:00 - 17.03.2020 06:00 (CET/CEST)","112","","484"
"Switzerland (CH)","17.03.2020 06:00 - 17.03.2020 07:00 (CET/CEST)","670","","1108"
"Switzerland (CH)","17.03.2020 07:00 - 17.03.2020 08:00 (CET/CEST)","1035","","1383"
"Switzerland (CH)","17.03.2020 08:00 - 17.03.2020 09:00 (CET/CEST)","694","","1279"
"Switzerland (CH)","17.03.2020 09:00 - 17.03.2020 10:00 (CET/CEST)","401","","852"
"Switzerland (CH)","17.03.2020 10:00 - 17.03.2020 11:00 (CET/CEST)","260","","387"
"Switzerland (CH)","17.03.2020 11:00 - 17.03.2020 12:00 (CET/CEST)","239","","442"
"Switzerland (CH)","17.03.2020 12:00 - 17.03.2020 13:00 (CET/CEST)","246","","388"
"Switzerland (CH)","17.03.2020 13:00 - 17.03.2020 14:00 (CET/CEST)","239","","331"
"Switzerland (CH)","17.03.2020 14:00 - 17.03.2020 15:00 (CET/CEST)","220","","370"
"Switzerland (CH)","17.03.2020 15:00 - 17.03.2020 16:00 (CET/CEST)","265","","343"
"Switzerland (CH)","17.03.2020 16:00 - 17.03.2020 17:00 (CET/CEST)","265","","564"
"Switzerland (CH)","17.03.2020 17:00 - 17.03.2020 18:00 (CET/CEST)","358","","854"
"Switzerland (CH)","17.03.2020 18:00 - 17.03.2020 19:00 (CET/CEST)","1565","","1869"
"Switzerland (CH)","17.03.2020 19:00 - 17.03.2020 20:00 (CET/CEST)","2005","","1839"
"Switzerland (CH)","17.03.2020 20:00 - 17.03.2020 21:00 (CET/CEST)","1716","","1543"
"Switzerland (CH)","17.03.2020 21:00 - 17.03.2020 22:00 (CET/CEST)","660","","808"
"Switzerland (CH)","17.03.2020 22:00 - 17.03.2020 23:00 (CET/CEST)","284","","566"
"Switzerland (CH)","17.03.2020 23:00 - 18.03.2020 00:00 (CET/CEST)","346","","520"
"Switzerland (CH)","18.03.2020 00:00 - 18.03.2020 01:00 (CET/CEST)","250","","351"
"Switzerland (CH)","18.03.2020 01:00 - 18.03.2020 02:00 (CET/CEST)","114","","312"
"Switzerland (CH)","18.03.2020 02:00 - 18.03.2020 03:00 (CET/CEST)","55","","291"
"Switzerland (CH)","18.03.2020 03:00 - 18.03.2020 04:00 (CET/CEST)","56","","293"
"Switzerland (CH)","18.03.2020 04:00 - 18.03.2020 05:00 (CET/CEST)","115","","315"
"Switzerland (CH)","18.03.2020 05:00 - 18.03.2020 06:00 (CET/CEST)","160","","649"
"Switzerland (CH)","18.03.2020 06:00 - 18.03.2020 07:00 (CET/CEST)","273","","466"
"Switzerland (CH)","18.03.2020 07:00 - 18.03.2020 08:00 (CET/CEST)","1201","","979"
"Switzerland (CH)","18.03.2020 08:00 - 18.03.2020 09:00 (CET/CEST)","1224","","914"
"Switzerland (CH)","18.03.2020 09:00 - 18.03.2020 10:00 (CET/CEST)","600","","490"
"Switzerland (CH)","18.03.2020 10:00 - 18.03.2020 11:00 (CET/CEST)","391","","572"
"Switzerland (CH)","18.03.2020 11:00 - 18.03.2020 12:00 (CET/CEST)","227","","416"
"Switzerland (CH)","18.03.2020 12:00 - 18.03.2020 13:00 (CET/CEST)","172","","352"
"Switzerland (CH)","18.03.2020 13:00 - 18.03.2020 14:00 (CET/CEST)","234","","316"
"Switzerland (CH)","18.03.2020 14:00 - 18.03.2020 15:00 (CET/CEST)","343","","427"
"Switzerland (CH)","18.03.2020 15:00 - 18.03.2020 16:00 (CET/CEST)","376","","608"
"Switzerland (CH)","18.03.2020 16:00 - 18.03.2020 17:00 (CET/CEST)","898","","570"
"Switzerland (CH)","18.03.2020 17:00 - 18.03.2020 18:00 (CET/CEST)","1084","","1155"
"Switzerland (CH)","18.03.2020 18:00 - 18.03.2020 19:00 (CET/CEST)","2550","","2376"
"Switzerland (CH)","18.03.2020 19:00 - 18.03.2020 20:00 (CET/CEST)","2697","","2659"
"Switzerland (CH)","18.03.2020 20:00 - 18.03.2020 21:00 (CET/CEST)","2302","","2413"
"Switzerland (CH)","18.03.2020 21:00 - 18.03.2020 22:00 (CET/CEST)","1941","","1483"
"Switzerland (CH)","18.03.2020 22:00 - 18.03.2020 23:00 (CET/CEST)","1459","","1012"
"Switzerland (CH)","18.03.2020 23:00 - 19.03.2020 00:00 (CET/CEST)","779","","919"
"Switzerland (CH)","19.03.2020 00:00 - 19.03.2020 01:00 (CET/CEST)","463","","737"
"Switzerland (CH)","19.03.2020 01:00 - 19.03.2020 02:00 (CET/CEST)","278","","470"
"Switzerland (CH)","19.03.2020 02:00 - 19.03.2020 03:00 (CET/CEST)","228","","457"
"Switzerland (CH)","19.03.2020 03:00 - 19.03.2020 04:00 (CET/CEST)","247","","398"
"Switzerland (CH)","19.03.2020 04:00 - 19.03.2020 05:00 (CET/CEST)","273","","423"
"Switzerland (CH)","19.03.2020 05:00 - 19.03.2020 06:00 (CET/CEST)","556","","818"
"Switzerland (CH)","19.03.2020 06:00 - 19.03.2020 07:00 (CET/CEST)","1288","","1736"
"Switzerland (CH)","19.03.2020 07:00 - 19.03.2020 08:00 (CET/CEST)","1927","","1795"
"Switzerland (CH)","19.03.2020 08:00 - 19.03.2020 09:00 (CET/CEST)","1329","","1420"
"Switzerland (CH)","19.03.2020 09:00 - 19.03.2020 10:00 (CET/CEST)","719","","1084"
"Switzerland (CH)","19.03.2020 10:00 - 19.03.2020 11:00 (CET/CEST)","279","","491"
"Switzerland (CH)","19.03.2020 11:00 - 19.03.2020 12:00 (CET/CEST)","296","","552"
"Switzerland (CH)","19.03.2020 12:00 - 19.03.2020 13:00 (CET/CEST)","449","","556"
"Switzerland (CH)","19.03.2020 13:00 - 19.03.2020 14:00 (CET/CEST)","442","","711"
"Switzerland (CH)","19.03.2020 14:00 - 19.03.2020 15:00 (CET/CEST)","456","","879"
"Switzerland (CH)","19.03.2020 15:00 - 19.03.2020 16:00 (CET/CEST)","627","","850"
"Switzerland (CH)","19.03.2020 16:00 - 19.03.2020 17:00 (CET/CEST)","1491","","1137"
"Switzerland (CH)","19.03.2020 17:00 - 19.03.2020 18:00 (CET/CEST)","2216","","1717"
"Switzerland (CH)","19.03.2020 18:00 - 19.03.2020 19:00 (CET/CEST)","2658","","2405"
"Switzerland (CH)","19.03.2020 19:00 - 19.03.2020 20:00 (CET/CEST)","2619","","2698"
"Switzerland (CH)","19.03.2020 20:00 - 19.03.2020 21:00 (CET/CEST)","2483","","2264"
"Switzerland (CH)","19.03.2020 21:00 - 19.03.2020 22:00 (CET/CEST)","1609","","1265"
"Switzerland (CH)","19.03.2020 22:00 - 19.03.2020 23:00 (CET/CEST)","1404","","870"
"Switzerland (CH)","19.03.2020 23:00 - 20.03.2020 00:00 (CET/CEST)","1107","","661"
"Switzerland (CH)","20.03.2020 00:00 - 20.03.2020 01:00 (CET/CEST)","770","","756"
"Switzerland (CH)","20.03.2020 01:00 - 20.03.2020 02:00 (CET/CEST)","268","","504"
"Switzerland (CH)","20.03.2020 02:00 - 20.03.2020 03:00 (CET/CEST)","320","","559"
"Switzerland (CH)","20.03.2020 03:00 - 20.03.2020 04:00 (CET/CEST)","435","","571"
"Switzerland (CH)","20.03.2020 04:00 - 20.03.2020 05:00 (CET/CEST)","729","","815"
"Switzerland (CH)","20.03.2020 05:00 - 20.03.2020 06:00 (CET/CEST)","927","","1119"
"Switzerland (CH)","20.03.2020 06:00 - 20.03.2020 07:00 (CET/CEST)","1270","","1313"
"Switzerland (CH)","20.03.2020 07:00 - 20.03.2020 08:00 (CET/CEST)","1982","","1666"
"Switzerland (CH)","20.03.2020 08:00 - 20.03.2020 09:00 (CET/CEST)","2242","","1635"
"Switzerland (CH)","20.03.2020 09:00 - 20.03.2020 10:00 (CET/CEST)","1626","","1059"
"Switzerland (CH)","20.03.2020 10:00 - 20.03.2020 11:00 (CET/CEST)","779","","734"
"Switzerland (CH)","20.03.2020 11:00 - 20.03.2020 12:00 (CET/CEST)","730","","742"
"Switzerland (CH)","20.03.2020 12:00 - 20.03.2020 13:00 (CET/CEST)","407","","502"
"Switzerland (CH)","20.03.2020 13:00 - 20.03.2020 14:00 (CET/CEST)","456","","643"
"Switzerland (CH)","20.03.2020 14:00 - 20.03.2020 15:00 (CET/CEST)","435","","567"
"Switzerland (CH)","20.03.2020 15:00 - 20.03.2020 16:00 (CET/CEST)","605","","735"
"Switzerland (CH)","20.03.2020 16:00 - 20.03.2020 17:00 (CET/CEST)","774","","739"
"Switzerland (CH)","20.03.2020 17:00 - 20.03.2020 18:00 (CET/CEST)","1676","","1345"
"Switzerland (CH)","20.03.2020 18:00 - 20.03.2020 19:00 (CET/CEST)","2242","","1748"
"Switzerland (CH)","20.03.2020 19:00 - 20.03.2020 20:00 (CET/CEST)","2116","","1575"
"Switzerland (CH)","20.03.2020 20:00 - 20.03.2020 21:00 (CET/CEST)","1051","","856"
"Switzerland (CH)","20.03.2020 21:00 - 20.03.2020 22:00 (CET/CEST)","418","","517"
"Switzerland (CH)","20.03.2020 22:00 - 20.03.2020 23:00 (CET/CEST)","401","","516"
"Switzerland (CH)","20.03.2020 23:00 - 21.03.2020 00:00 (CET/CEST)","369","","446"
"Switzerland (CH)","21.03.2020 00:00 - 21.03.2020 01:00 (CET/CEST)","151","","463"
"Switzerland (CH)","21.03.2020 01:00 - 21.03.2020 02:00 (CET/CEST)","142","","375"
"Switzerland (CH)","21.03.2020 02:00 - 21.03.2020 03:00 (CET/CEST)","125","","270"
"Switzerland (CH)","21.03.2020 03:00 - 21.03.2020 04:00 (CET/CEST)","85","","250"
"Switzerland (CH)","21.03.2020 04:00 - 21.03.2020 05:00 (CET/CEST)","42","","231"
"Switzerland (CH)","21.03.2020 05:00 - 21.03.2020 06:00 (CET/CEST)","67","","228"
"Switzerland (CH)","21.03.2020 06:00 - 21.03.2020 07:00 (CET/CEST)","124","","287"
"Switzerland (CH)","21.03.2020 07:00 - 21.03.2020 08:00 (CET/CEST)","115","","316"
"Switzerland (CH)","21.03.2020 08:00 - 21.03.2020 09:00 (CET/CEST)","87","","322"
"Switzerland (CH)","21.03.2020 09:00 - 21.03.2020 10:00 (CET/CEST)","131","","331"
"Switzerland (CH)","21.03.2020 10:00 - 21.03.2020 11:00 (CET/CEST)","161","","298"
"Switzerland (CH)","21.03.2020 11:00 - 21.03.2020 12:00 (CET/CEST)","183","","335"
"Switzerland (CH)","21.03.2020 12:00 - 21.03.2020 13:00 (CET/CEST)","175","","354"
"Switzerland (CH)","21.03.2020 13:00 - 21.03.2020 14:00 (CET/CEST)","138","","316"
"Switzerland (CH)","21.03.2020 14:00 - 21.03.2020 15:00 (CET/CEST)","143","","294"
"Switzerland (CH)","21.03.2020 15:00 - 21.03.2020 16:00 (CET/CEST)","129","","314"
"Switzerland (CH)","21.03.2020 16:00 - 21.03.2020 17:00 (CET/CEST)","152","","358"
"Switzerland (CH)","21.03.2020 17:00 - 21.03.2020 18:00 (CET/CEST)","214","","615"
"Switzerland (CH)","21.03.2020 18:00 - 21.03.2020 19:00 (CET/CEST)","979","","1928"
"Switzerland (CH)","21.03.2020 19:00 - 21.03.2020 20:00 (CET/CEST)","1235","","1297"
"Switzerland (CH)","21.03.2020 20:00 - 21.03.2020 21:00 (CET/CEST)","860","","1527"
"Switzerland (CH)","21.03.2020 21:00 - 21.03.2020 22:00 (CET/CEST)","577","","901"
"Switzerland (CH)","21.03.2020 22:00 - 21.03.2020 23:00 (CET/CEST)","406","","599"
"Switzerland (CH)","21.03.2020 23:00 - 22.03.2020 00:00 (CET/CEST)","270","","639"
"Switzerland (CH)","22.03.2020 00:00 - 22.03.2020 01:00 (CET/CEST)","100","","278"
"Switzerland (CH)","22.03.2020 01:00 - 22.03.2020 02:00 (CET/CEST)","83","","285"
"Switzerland (CH)","22.03.2020 02:00 - 22.03.2020 03:00 (CET/CEST)","59","","210"
"Switzerland (CH)","22.03.2020 03:00 - 22.03.2020 04:00 (CET/CEST)","44","","391"
"Switzerland (CH)","22.03.2020 04:00 - 22.03.2020 05:00 (CET/CEST)","52","","733"
"Switzerland (CH)","22.03.2020 05:00 - 22.03.2020 06:00 (CET/CEST)","87","","678"
"Switzerland (CH)","22.03.2020 06:00 - 22.03.2020 07:00 (CET/CEST)","116","","799"
"Switzerland (CH)","22.03.2020 07:00 - 22.03.2020 08:00 (CET/CEST)","133","","957"
"Switzerland (CH)","22.03.2020 08:00 - 22.03.2020 09:00 (CET/CEST)","93","","442"
"Switzerland (CH)","22.03.2020 09:00 - 22.03.2020 10:00 (CET/CEST)","105","","542"
"Switzerland (CH)","22.03.2020 10:00 - 22.03.2020 11:00 (CET/CEST)","103","","543"
"Switzerland (CH)","22.03.2020 11:00 - 22.03.2020 12:00 (CET/CEST)","114","","660"
"Switzerland (CH)","22.03.2020 12:00 - 22.03.2020 13:00 (CET/CEST)","120","","619"
"Switzerland (CH)","22.03.2020 13:00 - 22.03.2020 14:00 (CET/CEST)","77","","554"
"Switzerland (CH)","22.03.2020 14:00 - 22.03.2020 15:00 (CET/CEST)","83","","418"
"Switzerland (CH)","22.03.2020 15:00 - 22.03.2020 16:00 (CET/CEST)","86","","390"
"Switzerland (CH)","22.03.2020 16:00 - 22.03.2020 17:00 (CET/CEST)","65","","346"
"Switzerland (CH)","22.03.2020 17:00 - 22.03.2020 18:00 (CET/CEST)","777","","891"
"Switzerland (CH)","22.03.2020 18:00 - 22.03.2020 19:00 (CET/CEST)","885","","1398"
"Switzerland (CH)","22.03.2020 19:00 - 22.03.2020 20:00 (CET/CEST)","1005","","1065"
"Switzerland (CH)","22.03.2020 20:00 - 22.03.2020 21:00 (CET/CEST)","697","","698"
"Switzerland (CH)","22.03.2020 21:00 - 22.03.2020 22:00 (CET/CEST)","404","","498"
"Switzerland (CH)","22.03.2020 22:00 - 22.03.2020 23:00 (CET/CEST)","187","","424"
"Switzerland (CH)","22.03.2020 23:00 - 23.03.2020 00:00 (CET/CEST)","179","","381"
"Switzerland (CH)","23.03.2020 00:00 - 23.03.2020 01:00 (CET/CEST)","279","","320"
"Switzerland (CH)","23.03.2020 01:00 - 23.03.2020 02:00 (CET/CEST)","180","","302"
"Switzerland (CH)","23.03.2020 02:00 - 23.03.2020 03:00 (CET/CEST)","240","","443"
"Switzerland (CH)","23.03.2020 03:00 - 23.03.2020 04:00 (CET/CEST)","235","","298"
"Switzerland (CH)","23.03.2020 04:00 - 23.03.2020 05:00 (CET/CEST)","233","","276"
"Switzerland (CH)","23.03.2020 05:00 - 23.03.2020 06:00 (CET/CEST)","225","","305"
"Switzerland (CH)","23.03.2020 06:00 - 23.03.2020 07:00 (CET/CEST)","456","","583"
"Switzerland (CH)","23.03.2020 07:00 - 23.03.2020 08:00 (CET/CEST)","774","","716"
"Switzerland (CH)","23.03.2020 08:00 - 23.03.2020 09:00 (CET/CEST)","414","","600"
"Switzerland (CH)","23.03.2020 09:00 - 23.03.2020 10:00 (CET/CEST)","258","","499"
"Switzerland (CH)","23.03.2020 10:00 - 23.03.2020 11:00 (CET/CEST)","224","","536"
"Switzerland (CH)","23.03.2020 11:00 - 23.03.2020 12:00 (CET/CEST)","216","","402"
"Switzerland (CH)","23.03.2020 12:00 - 23.03.2020 13:00 (CET/CEST)","157","","347"
"Switzerland (CH)","23.03.2020 13:00 - 23.03.2020 14:00 (CET/CEST)","133","","381"
"Switzerland (CH)","23.03.2020 14:00 - 23.03.2020 15:00 (CET/CEST)","133","","373"
"Switzerland (CH)","23.03.2020 15:00 - 23.03.2020 16:00 (CET/CEST)","235","","381"
"Switzerland (CH)","23.03.2020 16:00 - 23.03.2020 17:00 (CET/CEST)","607","","793"
"Switzerland (CH)","23.03.2020 17:00 - 23.03.2020 18:00 (CET/CEST)","2044","","1502"
"Switzerland (CH)","23.03.2020 18:00 - 23.03.2020 19:00 (CET/CEST)","2904","","2808"
"Switzerland (CH)","23.03.2020 19:00 - 23.03.2020 20:00 (CET/CEST)","2837","","2591"
"Switzerland (CH)","23.03.2020 20:00 - 23.03.2020 21:00 (CET/CEST)","2632","","1849"
"Switzerland (CH)","23.03.2020 21:00 - 23.03.2020 22:00 (CET/CEST)","1116","","1111"
"Switzerland (CH)","23.03.2020 22:00 - 23.03.2020 23:00 (CET/CEST)","787","","628"
"Switzerland (CH)","23.03.2020 23:00 - 24.03.2020 00:00 (CET/CEST)","527","","378"
"Switzerland (CH)","24.03.2020 00:00 - 24.03.2020 01:00 (CET/CEST)","415","","579"
"Switzerland (CH)","24.03.2020 01:00 - 24.03.2020 02:00 (CET/CEST)","354","","544"
"Switzerland (CH)","24.03.2020 02:00 - 24.03.2020 03:00 (CET/CEST)","327","","531"
"Switzerland (CH)","24.03.2020 03:00 - 24.03.2020 04:00 (CET/CEST)","354","","478"
"Switzerland (CH)","24.03.2020 04:00 - 24.03.2020 05:00 (CET/CEST)","440","","556"
"Switzerland (CH)","24.03.2020 05:00 - 24.03.2020 06:00 (CET/CEST)","637","","528"
"Switzerland (CH)","24.03.2020 06:00 - 24.03.2020 07:00 (CET/CEST)","1411","","825"
"Switzerland (CH)","24.03.2020 07:00 - 24.03.2020 08:00 (CET/CEST)","2004","","1227"
"Switzerland (CH)","24.03.2020 08:00 - 24.03.2020 09:00 (CET/CEST)","1634","","763"
"Switzerland (CH)","24.03.2020 09:00 - 24.03.2020 10:00 (CET/CEST)","420","","503"
"Switzerland (CH)","24.03.2020 10:00 - 24.03.2020 11:00 (CET/CEST)","274","","492"
"Switzerland (CH)","24.03.2020 11:00 - 24.03.2020 12:00 (CET/CEST)","324","","458"
"Switzerland (CH)","24.03.2020 12:00 - 24.03.2020 13:00 (CET/CEST)","344","","720"
"Switzerland (CH)","24.03.2020 13:00 - 24.03.2020 14:00 (CET/CEST)","258","","492"
"Switzerland (CH)","24.03.2020 14:00 - 24.03.2020 15:00 (CET/CEST)","282","","515"
"Switzerland (CH)","24.03.2020 15:00 - 24.03.2020 16:00 (CET/CEST)","336","","569"
"Switzerland (CH)","24.03.2020 16:00 - 24.03.2020 17:00 (CET/CEST)","1091","","823"
"Switzerland (CH)","24.03.2020 17:00 - 24.03.2020 18:00 (CET/CEST)","2118","","1716"
"Switzerland (CH)","24.03.2020 18:00 - 24.03.2020 19:00 (CET/CEST)","2690","","2144"
"Switzerland (CH)","24.03.2020 19:00 - 24.03.2020 20:00 (CET/CEST)","2944","","2865"
"Switzerland (CH)","24.03.2020 20:00 - 24.03.2020 21:00 (CET/CEST)","2622","","2448"
"Switzerland (CH)","24.03.2020 21:00 - 24.03.2020 22:00 (CET/CEST)","1596","","1073"
"Switzerland (CH)","24.03.2020 22:00 - 24.03.2020 23:00 (CET/CEST)","1401","","1008"
"Switzerland (CH)","24.03.2020 23:00 - 25.03.2020 00:00 (CET/CEST)","1400","","658"
"Switzerland (CH)","25.03.2020 00:00 - 25.03.2020 01:00 (CET/CEST)","403","","612"
"Switzerland (CH)","25.03.2020 01:00 - 25.03.2020 02:00 (CET/CEST)","230","","520"
"Switzerland (CH)","25.03.2020 02:00 - 25.03.2020 03:00 (CET/CEST)","233","","497"
"Switzerland (CH)","25.03.2020 03:00 - 25.03.2020 04:00 (CET/CEST)","288","","496"
"Switzerland (CH)","25.03.2020 04:00 - 25.03.2020 05:00 (CET/CEST)","320","","460"
"Switzerland (CH)","25.03.2020 05:00 - 25.03.2020 06:00 (CET/CEST)","1012","","640"
"Switzerland (CH)","25.03.2020 06:00 - 25.03.2020 07:00 (CET/CEST)","2173","","1419"
"Switzerland (CH)","25.03.2020 07:00 - 25.03.2020 08:00 (CET/CEST)","2356","","2157"
"Switzerland (CH)","25.03.2020 08:00 - 25.03.2020 09:00 (CET/CEST)","2269","","2074"
"Switzerland (CH)","25.03.2020 09:00 - 25.03.2020 10:00 (CET/CEST)","868","","892"
"Switzerland (CH)","25.03.2020 10:00 - 25.03.2020 11:00 (CET/CEST)","349","","636"
"Switzerland (CH)","25.03.2020 11:00 - 25.03.2020 12:00 (CET/CEST)","278","","492"
"Switzerland (CH)","25.03.2020 12:00 - 25.03.2020 13:00 (CET/CEST)","363","","754"
"Switzerland (CH)","25.03.2020 13:00 - 25.03.2020 14:00 (CET/CEST)","290","","606"
"Switzerland (CH)","25.03.2020 14:00 - 25.03.2020 15:00 (CET/CEST)","314","","453"
"Switzerland (CH)","25.03.2020 15:00 - 25.03.2020 16:00 (CET/CEST)","292","","440"
"Switzerland (CH)","25.03.2020 16:00 - 25.03.2020 17:00 (CET/CEST)","360","","715"
"Switzerland (CH)","25.03.2020 17:00 - 25.03.2020 18:00 (CET/CEST)","2031","","2092"
"Switzerland (CH)","25.03.2020 18:00 - 25.03.2020 19:00 (CET/CEST)","2429","","2747"
"Switzerland (CH)","25.03.2020 19:00 - 25.03.2020 20:00 (CET/CEST)","2639","","3003"
"Switzerland (CH)","25.03.2020 20:00 - 25.03.2020 21:00 (CET/CEST)","1540","","1964"
"Switzerland (CH)","25.03.2020 21:00 - 25.03.2020 22:00 (CET/CEST)","752","","953"
"Switzerland (CH)","25.03.2020 22:00 - 25.03.2020 23:00 (CET/CEST)","736","","771"
"Switzerland (CH)","25.03.2020 23:00 - 26.03.2020 00:00 (CET/CEST)","608","","617"
"Switzerland (CH)","26.03.2020 00:00 - 26.03.2020 01:00 (CET/CEST)","268","","619"
"Switzerland (CH)","26.03.2020 01:00 - 26.03.2020 02:00 (CET/CEST)","240","","610"
"Switzerland (CH)","26.03.2020 02:00 - 26.03.2020 03:00 (CET/CEST)","257","","555"
"Switzerland (CH)","26.03.2020 03:00 - 26.03.2020 04:00 (CET/CEST)","256","","524"
"Switzerland (CH)","26.03.2020 04:00 - 26.03.2020 05:00 (CET/CEST)","241","","472"
"Switzerland (CH)","26.03.2020 05:00 - 26.03.2020 06:00 (CET/CEST)","292","","646"
"Switzerland (CH)","26.03.2020 06:00 - 26.03.2020 07:00 (CET/CEST)","658","","892"
"Switzerland (CH)","26.03.2020 07:00 - 26.03.2020 08:00 (CET/CEST)","1183","","1350"
"Switzerland (CH)","26.03.2020 08:00 - 26.03.2020 09:00 (CET/CEST)","1265","","1269"
"Switzerland (CH)","26.03.2020 09:00 - 26.03.2020 10:00 (CET/CEST)","602","","678"
"Switzerland (CH)","26.03.2020 10:00 - 26.03.2020 11:00 (CET/CEST)","393","","628"
"Switzerland (CH)","26.03.2020 11:00 - 26.03.2020 12:00 (CET/CEST)","405","","641"
"Switzerland (CH)","26.03.2020 12:00 - 26.03.2020 13:00 (CET/CEST)","317","","528"
"Switzerland (CH)","26.03.2020 13:00 - 26.03.2020 14:00 (CET/CEST)","308","","429"
"Switzerland (CH)","26.03.2020 14:00 - 26.03.2020 15:00 (CET/CEST)","388","","496"
"Switzerland (CH)","26.03.2020 15:00 - 26.03.2020 16:00 (CET/CEST)","321","","539"
"Switzerland (CH)","26.03.2020 16:00 - 26.03.2020 17:00 (CET/CEST)","396","","612"
"Switzerland (CH)","26.03.2020 17:00 - 26.03.2020 18:00 (CET/CEST)","1149","","1318"
"Switzerland (CH)","26.03.2020 18:00 - 26.03.2020 19:00 (CET/CEST)","2484","","2491"
"Switzerland (CH)","26.03.2020 19:00 - 26.03.2020 20:00 (CET/CEST)","2697","","2357"
"Switzerland (CH)","26.03.2020 20:00 - 26.03.2020 21:00 (CET/CEST)","2170","","1865"
"Switzerland (CH)","26.03.2020 21:00 - 26.03.2020 22:00 (CET/CEST)","1443","","1463"
"Switzerland (CH)","26.03.2020 22:00 - 26.03.2020 23:00 (CET/CEST)","1077","","877"
"Switzerland (CH)","26.03.2020 23:00 - 27.03.2020 00:00 (CET/CEST)","996","","748"
"Switzerland (CH)","27.03.2020 00:00 - 27.03.2020 01:00 (CET/CEST)","842","","657"
"Switzerland (CH)","27.03.2020 01:00 - 27.03.2020 02:00 (CET/CEST)","511","","565"
"Switzerland (CH)","27.03.2020 02:00 - 27.03.2020 03:00 (CET/CEST)","401","","499"
"Switzerland (CH)","27.03.2020 03:00 - 27.03.2020 04:00 (CET/CEST)","385","","414"
"Switzerland (CH)","27.03.2020 04:00 - 27.03.2020 05:00 (CET/CEST)","404","","503"
"Switzerland (CH)","27.03.2020 05:00 - 27.03.2020 06:00 (CET/CEST)","1045","","596"
"Switzerland (CH)","27.03.2020 06:00 - 27.03.2020 07:00 (CET/CEST)","1628","","1294"
"Switzerland (CH)","27.03.2020 07:00 - 27.03.2020 08:00 (CET/CEST)","1945","","1759"
"Switzerland (CH)","27.03.2020 08:00 - 27.03.2020 09:00 (CET/CEST)","1741","","1427"
"Switzerland (CH)","27.03.2020 09:00 - 27.03.2020 10:00 (CET/CEST)","1327","","773"
"Switzerland (CH)","27.03.2020 10:00 - 27.03.2020 11:00 (CET/CEST)","816","","538"
"Switzerland (CH)","27.03.2020 11:00 - 27.03.2020 12:00 (CET/CEST)","424","","480"
"Switzerland (CH)","27.03.2020 12:00 - 27.03.2020 13:00 (CET/CEST)","334","","390"
"Switzerland (CH)","27.03.2020 13:00 - 27.03.2020 14:00 (CET/CEST)","249","","597"
"Switzerland (CH)","27.03.2020 14:00 - 27.03.2020 15:00 (CET/CEST)","271","","609"
"Switzerland (CH)","27.03.2020 15:00 - 27.03.2020 16:00 (CET/CEST)","395","","1269"
"Switzerland (CH)","27.03.2020 16:00 - 27.03.2020 17:00 (CET/CEST)","493","","602"
"Switzerland (CH)","27.03.2020 17:00 - 27.03.2020 18:00 (CET/CEST)","1200","","1079"
"Switzerland (CH)","27.03.2020 18:00 - 27.03.2020 19:00 (CET/CEST)","1832","","1805"
"Switzerland (CH)","27.03.2020 19:00 - 27.03.2020 20:00 (CET/CEST)","2459","","2662"
"Switzerland (CH)","27.03.2020 20:00 - 27.03.2020 21:00 (CET/CEST)","2081","","1282"
"Switzerland (CH)","27.03.2020 21:00 - 27.03.2020 22:00 (CET/CEST)","1472","","854"
"Switzerland (CH)","27.03.2020 22:00 - 27.03.2020 23:00 (CET/CEST)","1638","","815"
"Switzerland (CH)","27.03.2020 23:00 - 28.03.2020 00:00 (CET/CEST)","1648","","875"
"Switzerland (CH)","28.03.2020 00:00 - 28.03.2020 01:00 (CET/CEST)","644","","656"
"Switzerland (CH)","28.03.2020 01:00 - 28.03.2020 02:00 (CET/CEST)","506","","644"
"Switzerland (CH)","28.03.2020 02:00 - 28.03.2020 03:00 (CET/CEST)","468","","547"
"Switzerland (CH)","28.03.2020 03:00 - 28.03.2020 04:00 (CET/CEST)","430","","558"
"Switzerland (CH)","28.03.2020 04:00 - 28.03.2020 05:00 (CET/CEST)","404","","494"
"Switzerland (CH)","28.03.2020 05:00 - 28.03.2020 06:00 (CET/CEST)","392","","526"
"Switzerland (CH)","28.03.2020 06:00 - 28.03.2020 07:00 (CET/CEST)","555","","532"
"Switzerland (CH)","28.03.2020 07:00 - 28.03.2020 08:00 (CET/CEST)","417","","528"
"Switzerland (CH)","28.03.2020 08:00 - 28.03.2020 09:00 (CET/CEST)","254","","498"
"Switzerland (CH)","28.03.2020 09:00 - 28.03.2020 10:00 (CET/CEST)","116","","281"
"Switzerland (CH)","28.03.2020 10:00 - 28.03.2020 11:00 (CET/CEST)","104","","269"
"Switzerland (CH)","28.03.2020 11:00 - 28.03.2020 12:00 (CET/CEST)","104","","247"
"Switzerland (CH)","28.03.2020 12:00 - 28.03.2020 13:00 (CET/CEST)","81","","235"
"Switzerland (CH)","28.03.2020 13:00 - 28.03.2020 14:00 (CET/CEST)","78","","237"
"Switzerland (CH)","28.03.2020 14:00 - 28.03.2020 15:00 (CET/CEST)","82","","236"
"Switzerland (CH)","28.03.2020 15:00 - 28.03.2020 16:00 (CET/CEST)","80","","241"
"Switzerland (CH)","28.03.2020 16:00 - 28.03.2020 17:00 (CET/CEST)","86","","298"
"Switzerland (CH)","28.03.2020 17:00 - 28.03.2020 18:00 (CET/CEST)","122","","418"
"Switzerland (CH)","28.03.2020 18:00 - 28.03.2020 19:00 (CET/CEST)","634","","1034"
"Switzerland (CH)","28.03.2020 19:00 - 28.03.2020 20:00 (CET/CEST)","781","","1188"
"Switzerland (CH)","28.03.2020 20:00 - 28.03.2020 21:00 (CET/CEST)","526","","518"
"Switzerland (CH)","28.03.2020 21:00 - 28.03.2020 22:00 (CET/CEST)","170","","343"
"Switzerland (CH)","28.03.2020 22:00 - 28.03.2020 23:00 (CET/CEST)","155","","354"
"Switzerland (CH)","28.03.2020 23:00 - 29.03.2020 00:00 (CET/CEST)","173","","335"
"Switzerland (CH)","29.03.2020 00:00 - 29.03.2020 01:00 (CET/CEST)","105","","239"
"Switzerland (CH)","29.03.2020 01:00 - 29.03.2020 02:00 (CET/CEST)","105","","246"
"Switzerland (CH)","29.03.2020 02:00 - 29.03.2020 03:00 (CET/CEST)","","",""
"Switzerland (CH)","29.03.2020 03:00 - 29.03.2020 04:00 (CET/CEST)","114","","312"
"Switzerland (CH)","29.03.2020 04:00 - 29.03.2020 05:00 (CET/CEST)","100","","283"
"Switzerland (CH)","29.03.2020 05:00 - 29.03.2020 06:00 (CET/CEST)","83","","243"
"Switzerland (CH)","29.03.2020 06:00 - 29.03.2020 07:00 (CET/CEST)","118","","256"
"Switzerland (CH)","29.03.2020 07:00 - 29.03.2020 08:00 (CET/CEST)","99","","256"
"Switzerland (CH)","29.03.2020 08:00 - 29.03.2020 09:00 (CET/CEST)","92","","252"
"Switzerland (CH)","29.03.2020 09:00 - 29.03.2020 10:00 (CET/CEST)","112","","255"
"Switzerland (CH)","29.03.2020 10:00 - 29.03.2020 11:00 (CET/CEST)","130","","304"
"Switzerland (CH)","29.03.2020 11:00 - 29.03.2020 12:00 (CET/CEST)","127","","359"
"Switzerland (CH)","29.03.2020 12:00 - 29.03.2020 13:00 (CET/CEST)","170","","269"
"Switzerland (CH)","29.03.2020 13:00 - 29.03.2020 14:00 (CET/CEST)","162","","287"
"Switzerland (CH)","29.03.2020 14:00 - 29.03.2020 15:00 (CET/CEST)","151","","247"
"Switzerland (CH)","29.03.2020 15:00 - 29.03.2020 16:00 (CET/CEST)","152","","261"
"Switzerland (CH)","29.03.2020 16:00 - 29.03.2020 17:00 (CET/CEST)","176","","350"
"Switzerland (CH)","29.03.2020 17:00 - 29.03.2020 18:00 (CET/CEST)","140","","446"
"Switzerland (CH)","29.03.2020 18:00 - 29.03.2020 19:00 (CET/CEST)","528","","667"
"Switzerland (CH)","29.03.2020 19:00 - 29.03.2020 20:00 (CET/CEST)","1024","","1194"
"Switzerland (CH)","29.03.2020 20:00 - 29.03.2020 21:00 (CET/CEST)","808","","765"
"Switzerland (CH)","29.03.2020 21:00 - 29.03.2020 22:00 (CET/CEST)","403","","592"
"Switzerland (CH)","29.03.2020 22:00 - 29.03.2020 23:00 (CET/CEST)","381","","624"
"Switzerland (CH)","29.03.2020 23:00 - 30.03.2020 00:00 (CET/CEST)","345","","624"
"Switzerland (CH)","30.03.2020 00:00 - 30.03.2020 01:00 (CET/CEST)","363","","286"
"Switzerland (CH)","30.03.2020 01:00 - 30.03.2020 02:00 (CET/CEST)","351","","224"
"Switzerland (CH)","30.03.2020 02:00 - 30.03.2020 03:00 (CET/CEST)","376","","234"
"Switzerland (CH)","30.03.2020 03:00 - 30.03.2020 04:00 (CET/CEST)","317","","190"
"Switzerland (CH)","30.03.2020 04:00 - 30.03.2020 05:00 (CET/CEST)","332","","264"
"Switzerland (CH)","30.03.2020 05:00 - 30.03.2020 06:00 (CET/CEST)","540","","390"
"Switzerland (CH)","30.03.2020 06:00 - 30.03.2020 07:00 (CET/CEST)","1226","","853"
"Switzerland (CH)","30.03.2020 07:00 - 30.03.2020 08:00 (CET/CEST)","2432","","1752"
"Switzerland (CH)","30.03.2020 08:00 - 30.03.2020 09:00 (CET/CEST)","2475","","2023"
"Switzerland (CH)","30.03.2020 09:00 - 30.03.2020 10:00 (CET/CEST)","1689","","784"
"Switzerland (CH)","30.03.2020 10:00 - 30.03.2020 11:00 (CET/CEST)","871","","458"
"Switzerland (CH)","30.03.2020 11:00 - 30.03.2020 12:00 (CET/CEST)","823","","422"
"Switzerland (CH)","30.03.2020 12:00 - 30.03.2020 13:00 (CET/CEST)","833","","443"
"Switzerland (CH)","30.03.2020 13:00 - 30.03.2020 14:00 (CET/CEST)","714","","497"
"Switzerland (CH)","30.03.2020 14:00 - 30.03.2020 15:00 (CET/CEST)","587","","395"
"Switzerland (CH)","30.03.2020 15:00 - 30.03.2020 16:00 (CET/CEST)","872","","452"
"Switzerland (CH)","30.03.2020 16:00 - 30.03.2020 17:00 (CET/CEST)","693","","329"
"Switzerland (CH)","30.03.2020 17:00 - 30.03.2020 18:00 (CET/CEST)","1240","","593"
"Switzerland (CH)","30.03.2020 18:00 - 30.03.2020 19:00 (CET/CEST)","2434","","1690"
"Switzerland (CH)","30.03.2020 19:00 - 30.03.2020 20:00 (CET/CEST)","2650","","2386"
"Switzerland (CH)","30.03.2020 20:00 - 30.03.2020 21:00 (CET/CEST)","2555","","2513"
"Switzerland (CH)","30.03.2020 21:00 - 30.03.2020 22:00 (CET/CEST)","2309","","2236"
"Switzerland (CH)","30.03.2020 22:00 - 30.03.2020 23:00 (CET/CEST)","1773","","1904"
"Switzerland (CH)","30.03.2020 23:00 - 31.03.2020 00:00 (CET/CEST)","1537","","781"
"Switzerland (CH)","31.03.2020 00:00 - 31.03.2020 01:00 (CET/CEST)","1177","","395"
"Switzerland (CH)","31.03.2020 01:00 - 31.03.2020 02:00 (CET/CEST)","689","","263"
"Switzerland (CH)","31.03.2020 02:00 - 31.03.2020 03:00 (CET/CEST)","640","","255"
"Switzerland (CH)","31.03.2020 03:00 - 31.03.2020 04:00 (CET/CEST)","515","","218"
"Switzerland (CH)","31.03.2020 04:00 - 31.03.2020 05:00 (CET/CEST)","519","","178"
"Switzerland (CH)","31.03.2020 05:00 - 31.03.2020 06:00 (CET/CEST)","738","","491"
"Switzerland (CH)","31.03.2020 06:00 - 31.03.2020 07:00 (CET/CEST)","2048","","982"
"Switzerland (CH)","31.03.2020 07:00 - 31.03.2020 08:00 (CET/CEST)","2402","","1883"
"Switzerland (CH)","31.03.2020 08:00 - 31.03.2020 09:00 (CET/CEST)","2272","","1703"
"Switzerland (CH)","31.03.2020 09:00 - 31.03.2020 10:00 (CET/CEST)","1246","","748"
"Switzerland (CH)","31.03.2020 10:00 - 31.03.2020 11:00 (CET/CEST)","1103","","566"
"Switzerland (CH)","31.03.2020 11:00 - 31.03.2020 12:00 (CET/CEST)","726","","361"
"Switzerland (CH)","31.03.2020 12:00 - 31.03.2020 13:00 (CET/CEST)","589","","292"
"Switzerland (CH)","31.03.2020 13:00 - 31.03.2020 14:00 (CET/CEST)","508","","251"
"Switzerland (CH)","31.03.2020 14:00 - 31.03.2020 15:00 (CET/CEST)","480","","214"
"Switzerland (CH)","31.03.2020 15:00 - 31.03.2020 16:00 (CET/CEST)","472","","217"
"Switzerland (CH)","31.03.2020 16:00 - 31.03.2020 17:00 (CET/CEST)","526","","231"
"Switzerland (CH)","31.03.2020 17:00 - 31.03.2020 18:00 (CET/CEST)","827","","555"
"Switzerland (CH)","31.03.2020 18:00 - 31.03.2020 19:00 (CET/CEST)","2022","","2047"
"Switzerland (CH)","31.03.2020 19:00 - 31.03.2020 20:00 (CET/CEST)","2346","","2161"
"Switzerland (CH)","31.03.2020 20:00 - 31.03.2020 21:00 (CET/CEST)","2442","","1970"
"Switzerland (CH)","31.03.2020 21:00 - 31.03.2020 22:00 (CET/CEST)","2038","","1422"
"Switzerland (CH)","31.03.2020 22:00 - 31.03.2020 23:00 (CET/CEST)","1525","","1351"
"Switzerland (CH)","31.03.2020 23:00 - 01.04.2020 00:00 (CET/CEST)","939","","593"
"Switzerland (CH)","01.04.2020 00:00 - 01.04.2020 01:00 (CET/CEST)","412","","365"
"Switzerland (CH)","01.04.2020 01:00 - 01.04.2020 02:00 (CET/CEST)","412","","313"
"Switzerland (CH)","01.04.2020 02:00 - 01.04.2020 03:00 (CET/CEST)","382","","349"
"Switzerland (CH)","01.04.2020 03:00 - 01.04.2020 04:00 (CET/CEST)","351","","174"
"Switzerland (CH)","01.04.2020 04:00 - 01.04.2020 05:00 (CET/CEST)","363","","161"
"Switzerland (CH)","01.04.2020 05:00 - 01.04.2020 06:00 (CET/CEST)","379","","645"
"Switzerland (CH)","01.04.2020 06:00 - 01.04.2020 07:00 (CET/CEST)","1332","","1043"
"Switzerland (CH)","01.04.2020 07:00 - 01.04.2020 08:00 (CET/CEST)","1737","","1725"
"Switzerland (CH)","01.04.2020 08:00 - 01.04.2020 09:00 (CET/CEST)","1484","","1556"
"Switzerland (CH)","01.04.2020 09:00 - 01.04.2020 10:00 (CET/CEST)","927","","1139"
"Switzerland (CH)","01.04.2020 10:00 - 01.04.2020 11:00 (CET/CEST)","533","","414"
"Switzerland (CH)","01.04.2020 11:00 - 01.04.2020 12:00 (CET/CEST)","387","","372"
"Switzerland (CH)","01.04.2020 12:00 - 01.04.2020 13:00 (CET/CEST)","310","","288"
"Switzerland (CH)","01.04.2020 13:00 - 01.04.2020 14:00 (CET/CEST)","108","","290"
"Switzerland (CH)","01.04.2020 14:00 - 01.04.2020 15:00 (CET/CEST)","123","","265"
"Switzerland (CH)","01.04.2020 15:00 - 01.04.2020 16:00 (CET/CEST)","134","","243"
"Switzerland (CH)","01.04.2020 16:00 - 01.04.2020 17:00 (CET/CEST)","169","","300"
"Switzerland (CH)","01.04.2020 17:00 - 01.04.2020 18:00 (CET/CEST)","367","","441"
"Switzerland (CH)","01.04.2020 18:00 - 01.04.2020 19:00 (CET/CEST)","1102","","931"
"Switzerland (CH)","01.04.2020 19:00 - 01.04.2020 20:00 (CET/CEST)","2169","","1861"
"Switzerland (CH)","01.04.2020 20:00 - 01.04.2020 21:00 (CET/CEST)","2352","","2389"
"Switzerland (CH)","01.04.2020 21:00 - 01.04.2020 22:00 (CET/CEST)","2152","","1737"
"Switzerland (CH)","01.04.2020 22:00 - 01.04.2020 23:00 (CET/CEST)","1982","","1694"
"Switzerland (CH)","01.04.2020 23:00 - 02.04.2020 00:00 (CET/CEST)","1327","","720"
"Switzerland (CH)","02.04.2020 00:00 - 02.04.2020 01:00 (CET/CEST)","874","","450"
"Switzerland (CH)","02.04.2020 01:00 - 02.04.2020 02:00 (CET/CEST)","632","","284"
"Switzerland (CH)","02.04.2020 02:00 - 02.04.2020 03:00 (CET/CEST)","636","","280"
"Switzerland (CH)","02.04.2020 03:00 - 02.04.2020 04:00 (CET/CEST)","459","","217"
"Switzerland (CH)","02.04.2020 04:00 - 02.04.2020 05:00 (CET/CEST)","558","","403"
"Switzerland (CH)","02.04.2020 05:00 - 02.04.2020 06:00 (CET/CEST)","883","","1180"
"Switzerland (CH)","02.04.2020 06:00 - 02.04.2020 07:00 (CET/CEST)","1222","","1119"
"Switzerland (CH)","02.04.2020 07:00 - 02.04.2020 08:00 (CET/CEST)","1687","","1755"
"Switzerland (CH)","02.04.2020 08:00 - 02.04.2020 09:00 (CET/CEST)","1803","","1997"
"Switzerland (CH)","02.04.2020 09:00 - 02.04.2020 10:00 (CET/CEST)","932","","1385"
"Switzerland (CH)","02.04.2020 10:00 - 02.04.2020 11:00 (CET/CEST)","595","","412"
"Switzerland (CH)","02.04.2020 11:00 - 02.04.2020 12:00 (CET/CEST)","466","","337"
"Switzerland (CH)","02.04.2020 12:00 - 02.04.2020 13:00 (CET/CEST)","217","","465"
"Switzerland (CH)","02.04.2020 13:00 - 02.04.2020 14:00 (CET/CEST)","192","","295"
"Switzerland (CH)","02.04.2020 14:00 - 02.04.2020 15:00 (CET/CEST)","170","","275"
"Switzerland (CH)","02.04.2020 15:00 - 02.04.2020 16:00 (CET/CEST)","191","","336"
"Switzerland (CH)","02.04.2020 16:00 - 02.04.2020 17:00 (CET/CEST)","389","","216"
"Switzerland (CH)","02.04.2020 17:00 - 02.04.2020 18:00 (CET/CEST)","496","","279"
"Switzerland (CH)","02.04.2020 18:00 - 02.04.2020 19:00 (CET/CEST)","1058","","729"
"Switzerland (CH)","02.04.2020 19:00 - 02.04.2020 20:00 (CET/CEST)","1846","","1626"
"Switzerland (CH)","02.04.2020 20:00 - 02.04.2020 21:00 (CET/CEST)","2008","","2234"
"Switzerland (CH)","02.04.2020 21:00 - 02.04.2020 22:00 (CET/CEST)","1393","","1754"
"Switzerland (CH)","02.04.2020 22:00 - 02.04.2020 23:00 (CET/CEST)","1367","","1464"
"Switzerland (CH)","02.04.2020 23:00 - 03.04.2020 00:00 (CET/CEST)","786","","493"
"Switzerland (CH)","03.04.2020 00:00 - 03.04.2020 01:00 (CET/CEST)","420","","306"
"Switzerland (CH)","03.04.2020 01:00 - 03.04.2020 02:00 (CET/CEST)","426","","201"
"Switzerland (CH)","03.04.2020 02:00 - 03.04.2020 03:00 (CET/CEST)","325","","182"
"Switzerland (CH)","03.04.2020 03:00 - 03.04.2020 04:00 (CET/CEST)","341","","212"
"Switzerland (CH)","03.04.2020 04:00 - 03.04.2020 05:00 (CET/CEST)","373","","241"
"Switzerland (CH)","03.04.2020 05:00 - 03.04.2020 06:00 (CET/CEST)","396","","397"
"Switzerland (CH)","03.04.2020 06:00 - 03.04.2020 07:00 (CET/CEST)","1113","","1062"
"Switzerland (CH)","03.04.2020 07:00 - 03.04.2020 08:00 (CET/CEST)","2247","","1567"
"Switzerland (CH)","03.04.2020 08:00 - 03.04.2020 09:00 (CET/CEST)","2544","","1879"
"Switzerland (CH)","03.04.2020 09:00 - 03.04.2020 10:00 (CET/CEST)","1794","","1408"
"Switzerland (CH)","03.04.2020 10:00 - 03.04.2020 11:00 (CET/CEST)","643","","715"
"Switzerland (CH)","03.04.2020 11:00 - 03.04.2020 12:00 (CET/CEST)","665","","401"
"Switzerland (CH)","03.04.2020 12:00 - 03.04.2020 13:00 (CET/CEST)","591","","269"
"Switzerland (CH)","03.04.2020 13:00 - 03.04.2020 14:00 (CET/CEST)","440","","275"
"Switzerland (CH)","03.04.2020 14:00 - 03.04.2020 15:00 (CET/CEST)","367","","306"
"Switzerland (CH)","03.04.2020 15:00 - 03.04.2020 16:00 (CET/CEST)","339","","315"
"Switzerland (CH)","03.04.2020 16:00 - 03.04.2020 17:00 (CET/CEST)","365","","330"
"Switzerland (CH)","03.04.2020 17:00 - 03.04.2020 18:00 (CET/CEST)","856","","682"
"Switzerland (CH)","03.04.2020 18:00 - 03.04.2020 19:00 (CET/CEST)","2059","","1557"
"Switzerland (CH)","03.04.2020 19:00 - 03.04.2020 20:00 (CET/CEST)","2031","","2370"
"Switzerland (CH)","03.04.2020 20:00 - 03.04.2020 21:00 (CET/CEST)","2151","","2548"
"Switzerland (CH)","03.04.2020 21:00 - 03.04.2020 22:00 (CET/CEST)","2543","","2778"
"Switzerland (CH)","03.04.2020 22:00 - 03.04.2020 23:00 (CET/CEST)","2485","","2591"
"Switzerland (CH)","03.04.2020 23:00 - 04.04.2020 00:00 (CET/CEST)","2591","","1872"
"Switzerland (CH)","04.04.2020 00:00 - 04.04.2020 01:00 (CET/CEST)","1092","","1239"
"Switzerland (CH)","04.04.2020 01:00 - 04.04.2020 02:00 (CET/CEST)","677","","629"
"Switzerland (CH)","04.04.2020 02:00 - 04.04.2020 03:00 (CET/CEST)","551","","334"
"Switzerland (CH)","04.04.2020 03:00 - 04.04.2020 04:00 (CET/CEST)","461","","294"
"Switzerland (CH)","04.04.2020 04:00 - 04.04.2020 05:00 (CET/CEST)","354","","228"
"Switzerland (CH)","04.04.2020 05:00 - 04.04.2020 06:00 (CET/CEST)","324","","248"
"Switzerland (CH)","04.04.2020 06:00 - 04.04.2020 07:00 (CET/CEST)","532","","431"
"Switzerland (CH)","04.04.2020 07:00 - 04.04.2020 08:00 (CET/CEST)","558","","582"
"Switzerland (CH)","04.04.2020 08:00 - 04.04.2020 09:00 (CET/CEST)","491","","510"
"Switzerland (CH)","04.04.2020 09:00 - 04.04.2020 10:00 (CET/CEST)","177","","600"
"Switzerland (CH)","04.04.2020 10:00 - 04.04.2020 11:00 (CET/CEST)","98","","273"
"Switzerland (CH)","04.04.2020 11:00 - 04.04.2020 12:00 (CET/CEST)","71","","221"
"Switzerland (CH)","04.04.2020 12:00 - 04.04.2020 13:00 (CET/CEST)","47","","240"
"Switzerland (CH)","04.04.2020 13:00 - 04.04.2020 14:00 (CET/CEST)","39","","186"
"Switzerland (CH)","04.04.2020 14:00 - 04.04.2020 15:00 (CET/CEST)","20","","203"
"Switzerland (CH)","04.04.2020 15:00 - 04.04.2020 16:00 (CET/CEST)","41","","203"
"Switzerland (CH)","04.04.2020 16:00 - 04.04.2020 17:00 (CET/CEST)","28","","261"
"Switzerland (CH)","04.04.2020 17:00 - 04.04.2020 18:00 (CET/CEST)","253","","705"
"Switzerland (CH)","04.04.2020 18:00 - 04.04.2020 19:00 (CET/CEST)","1168","","1043"
"Switzerland (CH)","04.04.2020 19:00 - 04.04.2020 20:00 (CET/CEST)","1641","","1705"
"Switzerland (CH)","04.04.2020 20:00 - 04.04.2020 21:00 (CET/CEST)","1903","","1557"
"Switzerland (CH)","04.04.2020 21:00 - 04.04.2020 22:00 (CET/CEST)","1317","","1202"
"Switzerland (CH)","04.04.2020 22:00 - 04.04.2020 23:00 (CET/CEST)","998","","945"
"Switzerland (CH)","04.04.2020 23:00 - 05.04.2020 00:00 (CET/CEST)","807","","870"
"Switzerland (CH)","05.04.2020 00:00 - 05.04.2020 01:00 (CET/CEST)","168","","489"
"Switzerland (CH)","05.04.2020 01:00 - 05.04.2020 02:00 (CET/CEST)","56","","226"
"Switzerland (CH)","05.04.2020 02:00 - 05.04.2020 03:00 (CET/CEST)","57","","192"
"Switzerland (CH)","05.04.2020 03:00 - 05.04.2020 04:00 (CET/CEST)","56","","154"
"Switzerland (CH)","05.04.2020 04:00 - 05.04.2020 05:00 (CET/CEST)","53","","152"
"Switzerland (CH)","05.04.2020 05:00 - 05.04.2020 06:00 (CET/CEST)","58","","170"
"Switzerland (CH)","05.04.2020 06:00 - 05.04.2020 07:00 (CET/CEST)","63","","177"
"Switzerland (CH)","05.04.2020 07:00 - 05.04.2020 08:00 (CET/CEST)","71","","168"
"Switzerland (CH)","05.04.2020 08:00 - 05.04.2020 09:00 (CET/CEST)","101","","174"
"Switzerland (CH)","05.04.2020 09:00 - 05.04.2020 10:00 (CET/CEST)","85","","181"
"Switzerland (CH)","05.04.2020 10:00 - 05.04.2020 11:00 (CET/CEST)","60","","149"
"Switzerland (CH)","05.04.2020 11:00 - 05.04.2020 12:00 (CET/CEST)","68","","134"
"Switzerland (CH)","05.04.2020 12:00 - 05.04.2020 13:00 (CET/CEST)","66","","143"
"Switzerland (CH)","05.04.2020 13:00 - 05.04.2020 14:00 (CET/CEST)","49","","152"
"Switzerland (CH)","05.04.2020 14:00 - 05.04.2020 15:00 (CET/CEST)","61","","150"
"Switzerland (CH)","05.04.2020 15:00 - 05.04.2020 16:00 (CET/CEST)","66","","132"
"Switzerland (CH)","05.04.2020 16:00 - 05.04.2020 17:00 (CET/CEST)","64","","142"
"Switzerland (CH)","05.04.2020 17:00 - 05.04.2020 18:00 (CET/CEST)","86","","248"
"Switzerland (CH)","05.04.2020 18:00 - 05.04.2020 19:00 (CET/CEST)","134","","466"
"Switzerland (CH)","05.04.2020 19:00 - 05.04.2020 20:00 (CET/CEST)","538","","480"
"Switzerland (CH)","05.04.2020 20:00 - 05.04.2020 21:00 (CET/CEST)","624","","568"
"Switzerland (CH)","05.04.2020 21:00 - 05.04.2020 22:00 (CET/CEST)","239","","292"
"Switzerland (CH)","05.04.2020 22:00 - 05.04.2020 23:00 (CET/CEST)","64","","258"
"Switzerland (CH)","05.04.2020 23:00 - 06.04.2020 00:00 (CET/CEST)","80","","203"
"Switzerland (CH)","06.04.2020 00:00 - 06.04.2020 01:00 (CET/CEST)","199","","206"
"Switzerland (CH)","06.04.2020 01:00 - 06.04.2020 02:00 (CET/CEST)","198","","169"
"Switzerland (CH)","06.04.2020 02:00 - 06.04.2020 03:00 (CET/CEST)","239","","182"
"Switzerland (CH)","06.04.2020 03:00 - 06.04.2020 04:00 (CET/CEST)","242","","222"
"Switzerland (CH)","06.04.2020 04:00 - 06.04.2020 05:00 (CET/CEST)","224","","177"
"Switzerland (CH)","06.04.2020 05:00 - 06.04.2020 06:00 (CET/CEST)","237","","234"
"Switzerland (CH)","06.04.2020 06:00 - 06.04.2020 07:00 (CET/CEST)","247","","1050"
"Switzerland (CH)","06.04.2020 07:00 - 06.04.2020 08:00 (CET/CEST)","1033","","1126"
"Switzerland (CH)","06.04.2020 08:00 - 06.04.2020 09:00 (CET/CEST)","730","","657"
"Switzerland (CH)","06.04.2020 09:00 - 06.04.2020 10:00 (CET/CEST)","266","","437"
"Switzerland (CH)","06.04.2020 10:00 - 06.04.2020 11:00 (CET/CEST)","93","","396"
"Switzerland (CH)","06.04.2020 11:00 - 06.04.2020 12:00 (CET/CEST)","109","","218"
"Switzerland (CH)","06.04.2020 12:00 - 06.04.2020 13:00 (CET/CEST)","108","","180"
"Switzerland (CH)","06.04.2020 13:00 - 06.04.2020 14:00 (CET/CEST)","170","","200"
"Switzerland (CH)","06.04.2020 14:00 - 06.04.2020 15:00 (CET/CEST)","227","","220"
"Switzerland (CH)","06.04.2020 15:00 - 06.04.2020 16:00 (CET/CEST)","223","","227"
"Switzerland (CH)","06.04.2020 16:00 - 06.04.2020 17:00 (CET/CEST)","154","","219"
"Switzerland (CH)","06.04.2020 17:00 - 06.04.2020 18:00 (CET/CEST)","361","","692"
"Switzerland (CH)","06.04.2020 18:00 - 06.04.2020 19:00 (CET/CEST)","1735","","944"
"Switzerland (CH)","06.04.2020 19:00 - 06.04.2020 20:00 (CET/CEST)","2537","","1713"
"Switzerland (CH)","06.04.2020 20:00 - 06.04.2020 21:00 (CET/CEST)","2790","","2234"
"Switzerland (CH)","06.04.2020 21:00 - 06.04.2020 22:00 (CET/CEST)","2598","","1944"
"Switzerland (CH)","06.04.2020 22:00 - 06.04.2020 23:00 (CET/CEST)","2148","","1187"
"Switzerland (CH)","06.04.2020 23:00 - 07.04.2020 00:00 (CET/CEST)","1158","","625"
"Switzerland (CH)","07.04.2020 00:00 - 07.04.2020 01:00 (CET/CEST)","623","","287"
"Switzerland (CH)","07.04.2020 01:00 - 07.04.2020 02:00 (CET/CEST)","542","","265"
"Switzerland (CH)","07.04.2020 02:00 - 07.04.2020 03:00 (CET/CEST)","574","","284"
"Switzerland (CH)","07.04.2020 03:00 - 07.04.2020 04:00 (CET/CEST)","516","","266"
"Switzerland (CH)","07.04.2020 04:00 - 07.04.2020 05:00 (CET/CEST)","545","","299"
"Switzerland (CH)","07.04.2020 05:00 - 07.04.2020 06:00 (CET/CEST)","755","","508"
"Switzerland (CH)","07.04.2020 06:00 - 07.04.2020 07:00 (CET/CEST)","1622","","1475"
"Switzerland (CH)","07.04.2020 07:00 - 07.04.2020 08:00 (CET/CEST)","2350","","1925"
"Switzerland (CH)","07.04.2020 08:00 - 07.04.2020 09:00 (CET/CEST)","2334","","1551"
"Switzerland (CH)","07.04.2020 09:00 - 07.04.2020 10:00 (CET/CEST)","1165","","717"
"Switzerland (CH)","07.04.2020 10:00 - 07.04.2020 11:00 (CET/CEST)","613","","478"
"Switzerland (CH)","07.04.2020 11:00 - 07.04.2020 12:00 (CET/CEST)","363","","452"
"Switzerland (CH)","07.04.2020 12:00 - 07.04.2020 13:00 (CET/CEST)","245","","522"
"Switzerland (CH)","07.04.2020 13:00 - 07.04.2020 14:00 (CET/CEST)","201","","251"
"Switzerland (CH)","07.04.2020 14:00 - 07.04.2020 15:00 (CET/CEST)","264","","243"
"Switzerland (CH)","07.04.2020 15:00 - 07.04.2020 16:00 (CET/CEST)","304","","241"
"Switzerland (CH)","07.04.2020 16:00 - 07.04.2020 17:00 (CET/CEST)","227","","646"
"Switzerland (CH)","07.04.2020 17:00 - 07.04.2020 18:00 (CET/CEST)","715","","954"
"Switzerland (CH)","07.04.2020 18:00 - 07.04.2020 19:00 (CET/CEST)","2008","","1637"
"Switzerland (CH)","07.04.2020 19:00 - 07.04.2020 20:00 (CET/CEST)","2351","","1621"
"Switzerland (CH)","07.04.2020 20:00 - 07.04.2020 21:00 (CET/CEST)","2337","","1713"
"Switzerland (CH)","07.04.2020 21:00 - 07.04.2020 22:00 (CET/CEST)","2003","","1120"
"Switzerland (CH)","07.04.2020 22:00 - 07.04.2020 23:00 (CET/CEST)","1137","","805"
"Switzerland (CH)","07.04.2020 23:00 - 08.04.2020 00:00 (CET/CEST)","722","","461"
"Switzerland (CH)","08.04.2020 00:00 - 08.04.2020 01:00 (CET/CEST)","487","","586"
"Switzerland (CH)","08.04.2020 01:00 - 08.04.2020 02:00 (CET/CEST)","355","","583"
"Switzerland (CH)","08.04.2020 02:00 - 08.04.2020 03:00 (CET/CEST)","359","","533"
"Switzerland (CH)","08.04.2020 03:00 - 08.04.2020 04:00 (CET/CEST)","319","","506"
"Switzerland (CH)","08.04.2020 04:00 - 08.04.2020 05:00 (CET/CEST)","319","","504"
"Switzerland (CH)","08.04.2020 05:00 - 08.04.2020 06:00 (CET/CEST)","794","","647"
"Switzerland (CH)","08.04.2020 06:00 - 08.04.2020 07:00 (CET/CEST)","1895","","1200"
"Switzerland (CH)","08.04.2020 07:00 - 08.04.2020 08:00 (CET/CEST)","2366","","1910"
"Switzerland (CH)","08.04.2020 08:00 - 08.04.2020 09:00 (CET/CEST)","2428","","1837"
"Switzerland (CH)","08.04.2020 09:00 - 08.04.2020 10:00 (CET/CEST)","1584","","989"
"Switzerland (CH)","08.04.2020 10:00 - 08.04.2020 11:00 (CET/CEST)","635","","644"
"Switzerland (CH)","08.04.2020 11:00 - 08.04.2020 12:00 (CET/CEST)","694","","714"
"Switzerland (CH)","08.04.2020 12:00 - 08.04.2020 13:00 (CET/CEST)","467","","553"
"Switzerland (CH)","08.04.2020 13:00 - 08.04.2020 14:00 (CET/CEST)","475","","469"
"Switzerland (CH)","08.04.2020 14:00 - 08.04.2020 15:00 (CET/CEST)","365","","377"
"Switzerland (CH)","08.04.2020 15:00 - 08.04.2020 16:00 (CET/CEST)","506","","447"
"Switzerland (CH)","08.04.2020 16:00 - 08.04.2020 17:00 (CET/CEST)","489","","535"
"Switzerland (CH)","08.04.2020 17:00 - 08.04.2020 18:00 (CET/CEST)","1210","","876"
"Switzerland (CH)","08.04.2020 18:00 - 08.04.2020 19:00 (CET/CEST)","2122","","1705"
"Switzerland (CH)","08.04.2020 19:00 - 08.04.2020 20:00 (CET/CEST)","2310","","1947"
"Switzerland (CH)","08.04.2020 20:00 - 08.04.2020 21:00 (CET/CEST)","2309","","2084"
"Switzerland (CH)","08.04.2020 21:00 - 08.04.2020 22:00 (CET/CEST)","2152","","2026"
"Switzerland (CH)","08.04.2020 22:00 - 08.04.2020 23:00 (CET/CEST)","2077","","1907"
"Switzerland (CH)","08.04.2020 23:00 - 09.04.2020 00:00 (CET/CEST)","1955","","1246"
"Switzerland (CH)","09.04.2020 00:00 - 09.04.2020 01:00 (CET/CEST)","678","","611"
"Switzerland (CH)","09.04.2020 01:00 - 09.04.2020 02:00 (CET/CEST)","650","","479"
"Switzerland (CH)","09.04.2020 02:00 - 09.04.2020 03:00 (CET/CEST)","299","","518"
"Switzerland (CH)","09.04.2020 03:00 - 09.04.2020 04:00 (CET/CEST)","272","","445"
"Switzerland (CH)","09.04.2020 04:00 - 09.04.2020 05:00 (CET/CEST)","315","","453"
"Switzerland (CH)","09.04.2020 05:00 - 09.04.2020 06:00 (CET/CEST)","741","","692"
"Switzerland (CH)","09.04.2020 06:00 - 09.04.2020 07:00 (CET/CEST)","1822","","1300"
"Switzerland (CH)","09.04.2020 07:00 - 09.04.2020 08:00 (CET/CEST)","2243","","1665"
"Switzerland (CH)","09.04.2020 08:00 - 09.04.2020 09:00 (CET/CEST)","2230","","1588"
"Switzerland (CH)","09.04.2020 09:00 - 09.04.2020 10:00 (CET/CEST)","1667","","1405"
"Switzerland (CH)","09.04.2020 10:00 - 09.04.2020 11:00 (CET/CEST)","836","","574"
"Switzerland (CH)","09.04.2020 11:00 - 09.04.2020 12:00 (CET/CEST)","635","","437"
"Switzerland (CH)","09.04.2020 12:00 - 09.04.2020 13:00 (CET/CEST)","450","","348"
"Switzerland (CH)","09.04.2020 13:00 - 09.04.2020 14:00 (CET/CEST)","202","","415"
"Switzerland (CH)","09.04.2020 14:00 - 09.04.2020 15:00 (CET/CEST)","170","","302"
"Switzerland (CH)","09.04.2020 15:00 - 09.04.2020 16:00 (CET/CEST)","135","","308"
"Switzerland (CH)","09.04.2020 16:00 - 09.04.2020 17:00 (CET/CEST)","130","","417"
"Switzerland (CH)","09.04.2020 17:00 - 09.04.2020 18:00 (CET/CEST)","565","","752"
"Switzerland (CH)","09.04.2020 18:00 - 09.04.2020 19:00 (CET/CEST)","1764","","1359"
"Switzerland (CH)","09.04.2020 19:00 - 09.04.2020 20:00 (CET/CEST)","2063","","1971"
"Switzerland (CH)","09.04.2020 20:00 - 09.04.2020 21:00 (CET/CEST)","2106","","2206"
"Switzerland (CH)","09.04.2020 21:00 - 09.04.2020 22:00 (CET/CEST)","1945","","2015"
"Switzerland (CH)","09.04.2020 22:00 - 09.04.2020 23:00 (CET/CEST)","1606","","1621"
"Switzerland (CH)","09.04.2020 23:00 - 10.04.2020 00:00 (CET/CEST)","905","","846"
"Switzerland (CH)","10.04.2020 00:00 - 10.04.2020 01:00 (CET/CEST)","584","","540"
"Switzerland (CH)","10.04.2020 01:00 - 10.04.2020 02:00 (CET/CEST)","486","","480"
"Switzerland (CH)","10.04.2020 02:00 - 10.04.2020 03:00 (CET/CEST)","282","","422"
"Switzerland (CH)","10.04.2020 03:00 - 10.04.2020 04:00 (CET/CEST)","274","","350"
"Switzerland (CH)","10.04.2020 04:00 - 10.04.2020 05:00 (CET/CEST)","380","","478"
"Switzerland (CH)","10.04.2020 05:00 - 10.04.2020 06:00 (CET/CEST)","425","","624"
"Switzerland (CH)","10.04.2020 06:00 - 10.04.2020 07:00 (CET/CEST)","623","","874"
"Switzerland (CH)","10.04.2020 07:00 - 10.04.2020 08:00 (CET/CEST)","588","","761"
"Switzerland (CH)","10.04.2020 08:00 - 10.04.2020 09:00 (CET/CEST)","513","","738"
"Switzerland (CH)","10.04.2020 09:00 - 10.04.2020 10:00 (CET/CEST)","199","","580"
"Switzerland (CH)","10.04.2020 10:00 - 10.04.2020 11:00 (CET/CEST)","104","","372"
"Switzerland (CH)","10.04.2020 11:00 - 10.04.2020 12:00 (CET/CEST)","74","","290"
"Switzerland (CH)","10.04.2020 12:00 - 10.04.2020 13:00 (CET/CEST)","139","","327"
"Switzerland (CH)","10.04.2020 13:00 - 10.04.2020 14:00 (CET/CEST)","83","","290"
"Switzerland (CH)","10.04.2020 14:00 - 10.04.2020 15:00 (CET/CEST)","85","","289"
"Switzerland (CH)","10.04.2020 15:00 - 10.04.2020 16:00 (CET/CEST)","112","","290"
"Switzerland (CH)","10.04.2020 16:00 - 10.04.2020 17:00 (CET/CEST)","110","","363"
"Switzerland (CH)","10.04.2020 17:00 - 10.04.2020 18:00 (CET/CEST)","238","","774"
"Switzerland (CH)","10.04.2020 18:00 - 10.04.2020 19:00 (CET/CEST)","1026","","1155"
"Switzerland (CH)","10.04.2020 19:00 - 10.04.2020 20:00 (CET/CEST)","1872","","1336"
"Switzerland (CH)","10.04.2020 20:00 - 10.04.2020 21:00 (CET/CEST)","2006","","1590"
"Switzerland (CH)","10.04.2020 21:00 - 10.04.2020 22:00 (CET/CEST)","1659","","1372"
"Switzerland (CH)","10.04.2020 22:00 - 10.04.2020 23:00 (CET/CEST)","1190","","1102"
"Switzerland (CH)","10.04.2020 23:00 - 11.04.2020 00:00 (CET/CEST)","821","","754"
"Switzerland (CH)","11.04.2020 00:00 - 11.04.2020 01:00 (CET/CEST)","211","","736"
"Switzerland (CH)","11.04.2020 01:00 - 11.04.2020 02:00 (CET/CEST)","164","","625"
"Switzerland (CH)","11.04.2020 02:00 - 11.04.2020 03:00 (CET/CEST)","135","","417"
"Switzerland (CH)","11.04.2020 03:00 - 11.04.2020 04:00 (CET/CEST)","126","","434"
"Switzerland (CH)","11.04.2020 04:00 - 11.04.2020 05:00 (CET/CEST)","153","","479"
"Switzerland (CH)","11.04.2020 05:00 - 11.04.2020 06:00 (CET/CEST)","129","","528"
"Switzerland (CH)","11.04.2020 06:00 - 11.04.2020 07:00 (CET/CEST)","163","","551"
"Switzerland (CH)","11.04.2020 07:00 - 11.04.2020 08:00 (CET/CEST)","170","","454"
"Switzerland (CH)","11.04.2020 08:00 - 11.04.2020 09:00 (CET/CEST)","168","","472"
"Switzerland (CH)","11.04.2020 09:00 - 11.04.2020 10:00 (CET/CEST)","150","","377"
"Switzerland (CH)","11.04.2020 10:00 - 11.04.2020 11:00 (CET/CEST)","114","","318"
"Switzerland (CH)","11.04.2020 11:00 - 11.04.2020 12:00 (CET/CEST)","137","","321"
"Switzerland (CH)","11.04.2020 12:00 - 11.04.2020 13:00 (CET/CEST)","122","","341"
"Switzerland (CH)","11.04.2020 13:00 - 11.04.2020 14:00 (CET/CEST)","141","","358"
"Switzerland (CH)","11.04.2020 14:00 - 11.04.2020 15:00 (CET/CEST)","161","","331"
"Switzerland (CH)","11.04.2020 15:00 - 11.04.2020 16:00 (CET/CEST)","144","","350"
"Switzerland (CH)","11.04.2020 16:00 - 11.04.2020 17:00 (CET/CEST)","186","","342"
"Switzerland (CH)","11.04.2020 17:00 - 11.04.2020 18:00 (CET/CEST)","194","","560"
"Switzerland (CH)","11.04.2020 18:00 - 11.04.2020 19:00 (CET/CEST)","311","","1140"
"Switzerland (CH)","11.04.2020 19:00 - 11.04.2020 20:00 (CET/CEST)","579","","1099"
"Switzerland (CH)","11.04.2020 20:00 - 11.04.2020 21:00 (CET/CEST)","800","","1277"
"Switzerland (CH)","11.04.2020 21:00 - 11.04.2020 22:00 (CET/CEST)","694","","1092"
"Switzerland (CH)","11.04.2020 22:00 - 11.04.2020 23:00 (CET/CEST)","423","","1323"
"Switzerland (CH)","11.04.2020 23:00 - 12.04.2020 00:00 (CET/CEST)","473","","787"
"Switzerland (CH)","12.04.2020 00:00 - 12.04.2020 01:00 (CET/CEST)","205","","655"
"Switzerland (CH)","12.04.2020 01:00 - 12.04.2020 02:00 (CET/CEST)","153","","432"
"Switzerland (CH)","12.04.2020 02:00 - 12.04.2020 03:00 (CET/CEST)","126","","398"
"Switzerland (CH)","12.04.2020 03:00 - 12.04.2020 04:00 (CET/CEST)","135","","289"
"Switzerland (CH)","12.04.2020 04:00 - 12.04.2020 05:00 (CET/CEST)","156","","292"
"Switzerland (CH)","12.04.2020 05:00 - 12.04.2020 06:00 (CET/CEST)","135","","304"
"Switzerland (CH)","12.04.2020 06:00 - 12.04.2020 07:00 (CET/CEST)","148","","334"
"Switzerland (CH)","12.04.2020 07:00 - 12.04.2020 08:00 (CET/CEST)","151","","365"
"Switzerland (CH)","12.04.2020 08:00 - 12.04.2020 09:00 (CET/CEST)","140","","369"
"Switzerland (CH)","12.04.2020 09:00 - 12.04.2020 10:00 (CET/CEST)","93","","328"
"Switzerland (CH)","12.04.2020 10:00 - 12.04.2020 11:00 (CET/CEST)","103","","343"
"Switzerland (CH)","12.04.2020 11:00 - 12.04.2020 12:00 (CET/CEST)","100","","334"
"Switzerland (CH)","12.04.2020 12:00 - 12.04.2020 13:00 (CET/CEST)","119","","536"
"Switzerland (CH)","12.04.2020 13:00 - 12.04.2020 14:00 (CET/CEST)","104","","259"
"Switzerland (CH)","12.04.2020 14:00 - 12.04.2020 15:00 (CET/CEST)","88","","239"
"Switzerland (CH)","12.04.2020 15:00 - 12.04.2020 16:00 (CET/CEST)","96","","252"
"Switzerland (CH)","12.04.2020 16:00 - 12.04.2020 17:00 (CET/CEST)","114","","319"
"Switzerland (CH)","12.04.2020 17:00 - 12.04.2020 18:00 (CET/CEST)","186","","459"
"Switzerland (CH)","12.04.2020 18:00 - 12.04.2020 19:00 (CET/CEST)","299","","744"
"Switzerland (CH)","12.04.2020 19:00 - 12.04.2020 20:00 (CET/CEST)","747","","653"
"Switzerland (CH)","12.04.2020 20:00 - 12.04.2020 21:00 (CET/CEST)","938","","746"
"Switzerland (CH)","12.04.2020 21:00 - 12.04.2020 22:00 (CET/CEST)","358","","735"
"Switzerland (CH)","12.04.2020 22:00 - 12.04.2020 23:00 (CET/CEST)","278","","575"
"Switzerland (CH)","12.04.2020 23:00 - 13.04.2020 00:00 (CET/CEST)","189","","395"
"Switzerland (CH)","13.04.2020 00:00 - 13.04.2020 01:00 (CET/CEST)","115","","451"
"Switzerland (CH)","13.04.2020 01:00 - 13.04.2020 02:00 (CET/CEST)","97","","430"
"Switzerland (CH)","13.04.2020 02:00 - 13.04.2020 03:00 (CET/CEST)","109","","431"
"Switzerland (CH)","13.04.2020 03:00 - 13.04.2020 04:00 (CET/CEST)","126","","392"
"Switzerland (CH)","13.04.2020 04:00 - 13.04.2020 05:00 (CET/CEST)","100","","357"
"Switzerland (CH)","13.04.2020 05:00 - 13.04.2020 06:00 (CET/CEST)","124","","342"
"Switzerland (CH)","13.04.2020 06:00 - 13.04.2020 07:00 (CET/CEST)","184","","346"
"Switzerland (CH)","13.04.2020 07:00 - 13.04.2020 08:00 (CET/CEST)","116","","310"
"Switzerland (CH)","13.04.2020 08:00 - 13.04.2020 09:00 (CET/CEST)","129","","338"
"Switzerland (CH)","13.04.2020 09:00 - 13.04.2020 10:00 (CET/CEST)","84","","322"
"Switzerland (CH)","13.04.2020 10:00 - 13.04.2020 11:00 (CET/CEST)","93","","243"
"Switzerland (CH)","13.04.2020 11:00 - 13.04.2020 12:00 (CET/CEST)","132","","267"
"Switzerland (CH)","13.04.2020 12:00 - 13.04.2020 13:00 (CET/CEST)","109","","273"
"Switzerland (CH)","13.04.2020 13:00 - 13.04.2020 14:00 (CET/CEST)","136","","248"
"Switzerland (CH)","13.04.2020 14:00 - 13.04.2020 15:00 (CET/CEST)","143","","271"
"Switzerland (CH)","13.04.2020 15:00 - 13.04.2020 16:00 (CET/CEST)","133","","286"
"Switzerland (CH)","13.04.2020 16:00 - 13.04.2020 17:00 (CET/CEST)","115","","259"
"Switzerland (CH)","13.04.2020 17:00 - 13.04.2020 18:00 (CET/CEST)","135","","292"
"Switzerland (CH)","13.04.2020 18:00 - 13.04.2020 19:00 (CET/CEST)","201","","296"
"Switzerland (CH)","13.04.2020 19:00 - 13.04.2020 20:00 (CET/CEST)","123","","425"
"Switzerland (CH)","13.04.2020 20:00 - 13.04.2020 21:00 (CET/CEST)","229","","871"
"Switzerland (CH)","13.04.2020 21:00 - 13.04.2020 22:00 (CET/CEST)","118","","777"
"Switzerland (CH)","13.04.2020 22:00 - 13.04.2020 23:00 (CET/CEST)","157","","568"
"Switzerland (CH)","13.04.2020 23:00 - 14.04.2020 00:00 (CET/CEST)","151","","438"
"Switzerland (CH)","14.04.2020 00:00 - 14.04.2020 01:00 (CET/CEST)","124","","343"
"Switzerland (CH)","14.04.2020 01:00 - 14.04.2020 02:00 (CET/CEST)","136","","334"
"Switzerland (CH)","14.04.2020 02:00 - 14.04.2020 03:00 (CET/CEST)","109","","317"
"Switzerland (CH)","14.04.2020 03:00 - 14.04.2020 04:00 (CET/CEST)","125","","340"
"Switzerland (CH)","14.04.2020 04:00 - 14.04.2020 05:00 (CET/CEST)","132","","315"
"Switzerland (CH)","14.04.2020 05:00 - 14.04.2020 06:00 (CET/CEST)","161","","425"
"Switzerland (CH)","14.04.2020 06:00 - 14.04.2020 07:00 (CET/CEST)","701","","835"
"Switzerland (CH)","14.04.2020 07:00 - 14.04.2020 08:00 (CET/CEST)","1059","","983"
"Switzerland (CH)","14.04.2020 08:00 - 14.04.2020 09:00 (CET/CEST)","1026","","1039"
"Switzerland (CH)","14.04.2020 09:00 - 14.04.2020 10:00 (CET/CEST)","889","","938"
"Switzerland (CH)","14.04.2020 10:00 - 14.04.2020 11:00 (CET/CEST)","677","","785"
"Switzerland (CH)","14.04.2020 11:00 - 14.04.2020 12:00 (CET/CEST)","388","","650"
"Switzerland (CH)","14.04.2020 12:00 - 14.04.2020 13:00 (CET/CEST)","731","","524"
"Switzerland (CH)","14.04.2020 13:00 - 14.04.2020 14:00 (CET/CEST)","1229","","500"
"Switzerland (CH)","14.04.2020 14:00 - 14.04.2020 15:00 (CET/CEST)","576","","428"
"Switzerland (CH)","14.04.2020 15:00 - 14.04.2020 16:00 (CET/CEST)","368","","422"
"Switzerland (CH)","14.04.2020 16:00 - 14.04.2020 17:00 (CET/CEST)","356","","500"
"Switzerland (CH)","14.04.2020 17:00 - 14.04.2020 18:00 (CET/CEST)","713","","660"
"Switzerland (CH)","14.04.2020 18:00 - 14.04.2020 19:00 (CET/CEST)","1378","","1438"
"Switzerland (CH)","14.04.2020 19:00 - 14.04.2020 20:00 (CET/CEST)","1742","","1432"
"Switzerland (CH)","14.04.2020 20:00 - 14.04.2020 21:00 (CET/CEST)","2027","","1468"
"Switzerland (CH)","14.04.2020 21:00 - 14.04.2020 22:00 (CET/CEST)","1684","","1118"
"Switzerland (CH)","14.04.2020 22:00 - 14.04.2020 23:00 (CET/CEST)","1335","","981"
"Switzerland (CH)","14.04.2020 23:00 - 15.04.2020 00:00 (CET/CEST)","903","","804"
"Switzerland (CH)","15.04.2020 00:00 - 15.04.2020 01:00 (CET/CEST)","296","","379"
"Switzerland (CH)","15.04.2020 01:00 - 15.04.2020 02:00 (CET/CEST)","129","","313"
"Switzerland (CH)","15.04.2020 02:00 - 15.04.2020 03:00 (CET/CEST)","97","","298"
"Switzerland (CH)","15.04.2020 03:00 - 15.04.2020 04:00 (CET/CEST)","131","","368"
"Switzerland (CH)","15.04.2020 04:00 - 15.04.2020 05:00 (CET/CEST)","151","","320"
"Switzerland (CH)","15.04.2020 05:00 - 15.04.2020 06:00 (CET/CEST)","232","","447"
"Switzerland (CH)","15.04.2020 06:00 - 15.04.2020 07:00 (CET/CEST)","808","","938"
"Switzerland (CH)","15.04.2020 07:00 - 15.04.2020 08:00 (CET/CEST)","1400","","1491"
"Switzerland (CH)","15.04.2020 08:00 - 15.04.2020 09:00 (CET/CEST)","1142","","1352"
"Switzerland (CH)","15.04.2020 09:00 - 15.04.2020 10:00 (CET/CEST)","568","","890"
"Switzerland (CH)","15.04.2020 10:00 - 15.04.2020 11:00 (CET/CEST)","214","","603"
"Switzerland (CH)","15.04.2020 11:00 - 15.04.2020 12:00 (CET/CEST)","153","","321"
"Switzerland (CH)","15.04.2020 12:00 - 15.04.2020 13:00 (CET/CEST)","167","","309"
"Switzerland (CH)","15.04.2020 13:00 - 15.04.2020 14:00 (CET/CEST)","161","","302"
"Switzerland (CH)","15.04.2020 14:00 - 15.04.2020 15:00 (CET/CEST)","142","","294"
"Switzerland (CH)","15.04.2020 15:00 - 15.04.2020 16:00 (CET/CEST)","172","","342"
"Switzerland (CH)","15.04.2020 16:00 - 15.04.2020 17:00 (CET/CEST)","277","","827"
"Switzerland (CH)","15.04.2020 17:00 - 15.04.2020 18:00 (CET/CEST)","853","","877"
"Switzerland (CH)","15.04.2020 18:00 - 15.04.2020 19:00 (CET/CEST)","1370","","1289"
"Switzerland (CH)","15.04.2020 19:00 - 15.04.2020 20:00 (CET/CEST)","1527","","1543"
"Switzerland (CH)","15.04.2020 20:00 - 15.04.2020 21:00 (CET/CEST)","1843","","2012"
"Switzerland (CH)","15.04.2020 21:00 - 15.04.2020 22:00 (CET/CEST)","1704","","1351"
"Switzerland (CH)","15.04.2020 22:00 - 15.04.2020 23:00 (CET/CEST)","1431","","1192"
"Switzerland (CH)","15.04.2020 23:00 - 16.04.2020 00:00 (CET/CEST)","969","","790"
"Switzerland (CH)","16.04.2020 00:00 - 16.04.2020 01:00 (CET/CEST)","396","","534"
"Switzerland (CH)","16.04.2020 01:00 - 16.04.2020 02:00 (CET/CEST)","311","","470"
"Switzerland (CH)","16.04.2020 02:00 - 16.04.2020 03:00 (CET/CEST)","287","","422"
"Switzerland (CH)","16.04.2020 03:00 - 16.04.2020 04:00 (CET/CEST)","294","","464"
"Switzerland (CH)","16.04.2020 04:00 - 16.04.2020 05:00 (CET/CEST)","343","","437"
"Switzerland (CH)","16.04.2020 05:00 - 16.04.2020 06:00 (CET/CEST)","640","","634"
"Switzerland (CH)","16.04.2020 06:00 - 16.04.2020 07:00 (CET/CEST)","1321","","1432"
"Switzerland (CH)","16.04.2020 07:00 - 16.04.2020 08:00 (CET/CEST)","1825","","1356"
"Switzerland (CH)","16.04.2020 08:00 - 16.04.2020 09:00 (CET/CEST)","1746","","1360"
"Switzerland (CH)","16.04.2020 09:00 - 16.04.2020 10:00 (CET/CEST)","558","","1208"
"Switzerland (CH)","16.04.2020 10:00 - 16.04.2020 11:00 (CET/CEST)","236","","817"
"Switzerland (CH)","16.04.2020 11:00 - 16.04.2020 12:00 (CET/CEST)","283","","611"
"Switzerland (CH)","16.04.2020 12:00 - 16.04.2020 13:00 (CET/CEST)","209","","338"
"Switzerland (CH)","16.04.2020 13:00 - 16.04.2020 14:00 (CET/CEST)","213","","379"
"Switzerland (CH)","16.04.2020 14:00 - 16.04.2020 15:00 (CET/CEST)","191","","334"
"Switzerland (CH)","16.04.2020 15:00 - 16.04.2020 16:00 (CET/CEST)","221","","334"
"Switzerland (CH)","16.04.2020 16:00 - 16.04.2020 17:00 (CET/CEST)","451","","813"
"Switzerland (CH)","16.04.2020 17:00 - 16.04.2020 18:00 (CET/CEST)","1182","","966"
"Switzerland (CH)","16.04.2020 18:00 - 16.04.2020 19:00 (CET/CEST)","1494","","1180"
"Switzerland (CH)","16.04.2020 19:00 - 16.04.2020 20:00 (CET/CEST)","1694","","1876"
"Switzerland (CH)","16.04.2020 20:00 - 16.04.2020 21:00 (CET/CEST)","1920","","1738"
"Switzerland (CH)","16.04.2020 21:00 - 16.04.2020 22:00 (CET/CEST)","1860","","1793"
"Switzerland (CH)","16.04.2020 22:00 - 16.04.2020 23:00 (CET/CEST)","1059","","1627"
"Switzerland (CH)","16.04.2020 23:00 - 17.04.2020 00:00 (CET/CEST)","1057","","1340"
"Switzerland (CH)","17.04.2020 00:00 - 17.04.2020 01:00 (CET/CEST)","414","","733"
"Switzerland (CH)","17.04.2020 01:00 - 17.04.2020 02:00 (CET/CEST)","431","","598"
"Switzerland (CH)","17.04.2020 02:00 - 17.04.2020 03:00 (CET/CEST)","412","","417"
"Switzerland (CH)","17.04.2020 03:00 - 17.04.2020 04:00 (CET/CEST)","451","","421"
"Switzerland (CH)","17.04.2020 04:00 - 17.04.2020 05:00 (CET/CEST)","642","","639"
"Switzerland (CH)","17.04.2020 05:00 - 17.04.2020 06:00 (CET/CEST)","1026","","920"
"Switzerland (CH)","17.04.2020 06:00 - 17.04.2020 07:00 (CET/CEST)","2185","","1752"
"Switzerland (CH)","17.04.2020 07:00 - 17.04.2020 08:00 (CET/CEST)","1592","","1443"
"Switzerland (CH)","17.04.2020 08:00 - 17.04.2020 09:00 (CET/CEST)","1544","","1481"
"Switzerland (CH)","17.04.2020 09:00 - 17.04.2020 10:00 (CET/CEST)","1332","","1225"
"Switzerland (CH)","17.04.2020 10:00 - 17.04.2020 11:00 (CET/CEST)","838","","713"
"Switzerland (CH)","17.04.2020 11:00 - 17.04.2020 12:00 (CET/CEST)","375","","493"
"Switzerland (CH)","17.04.2020 12:00 - 17.04.2020 13:00 (CET/CEST)","379","","446"
"Switzerland (CH)","17.04.2020 13:00 - 17.04.2020 14:00 (CET/CEST)","406","","405"
"Switzerland (CH)","17.04.2020 14:00 - 17.04.2020 15:00 (CET/CEST)","360","","388"
"Switzerland (CH)","17.04.2020 15:00 - 17.04.2020 16:00 (CET/CEST)","418","","347"
"Switzerland (CH)","17.04.2020 16:00 - 17.04.2020 17:00 (CET/CEST)","486","","436"
"Switzerland (CH)","17.04.2020 17:00 - 17.04.2020 18:00 (CET/CEST)","923","","1147"
"Switzerland (CH)","17.04.2020 18:00 - 17.04.2020 19:00 (CET/CEST)","1839","","1487"
"Switzerland (CH)","17.04.2020 19:00 - 17.04.2020 20:00 (CET/CEST)","2007","","1724"
"Switzerland (CH)","17.04.2020 20:00 - 17.04.2020 21:00 (CET/CEST)","2124","","1896"
"Switzerland (CH)","17.04.2020 21:00 - 17.04.2020 22:00 (CET/CEST)","2017","","1801"
"Switzerland (CH)","17.04.2020 22:00 - 17.04.2020 23:00 (CET/CEST)","1132","","1084"
"Switzerland (CH)","17.04.2020 23:00 - 18.04.2020 00:00 (CET/CEST)","752","","714"
"Switzerland (CH)","18.04.2020 00:00 - 18.04.2020 01:00 (CET/CEST)","413","","671"
"Switzerland (CH)","18.04.2020 01:00 - 18.04.2020 02:00 (CET/CEST)","282","","435"
"Switzerland (CH)","18.04.2020 02:00 - 18.04.2020 03:00 (CET/CEST)","260","","351"
"Switzerland (CH)","18.04.2020 03:00 - 18.04.2020 04:00 (CET/CEST)","278","","345"
"Switzerland (CH)","18.04.2020 04:00 - 18.04.2020 05:00 (CET/CEST)","276","","359"
"Switzerland (CH)","18.04.2020 05:00 - 18.04.2020 06:00 (CET/CEST)","309","","420"
"Switzerland (CH)","18.04.2020 06:00 - 18.04.2020 07:00 (CET/CEST)","346","","503"
"Switzerland (CH)","18.04.2020 07:00 - 18.04.2020 08:00 (CET/CEST)","371","","575"
"Switzerland (CH)","18.04.2020 08:00 - 18.04.2020 09:00 (CET/CEST)","357","","572"
"Switzerland (CH)","18.04.2020 09:00 - 18.04.2020 10:00 (CET/CEST)","158","","693"
"Switzerland (CH)","18.04.2020 10:00 - 18.04.2020 11:00 (CET/CEST)","105","","473"
"Switzerland (CH)","18.04.2020 11:00 - 18.04.2020 12:00 (CET/CEST)","108","","464"
"Switzerland (CH)","18.04.2020 12:00 - 18.04.2020 13:00 (CET/CEST)","130","","465"
"Switzerland (CH)","18.04.2020 13:00 - 18.04.2020 14:00 (CET/CEST)","115","","373"
"Switzerland (CH)","18.04.2020 14:00 - 18.04.2020 15:00 (CET/CEST)","120","","396"
"Switzerland (CH)","18.04.2020 15:00 - 18.04.2020 16:00 (CET/CEST)","113","","415"
"Switzerland (CH)","18.04.2020 16:00 - 18.04.2020 17:00 (CET/CEST)","113","","444"
"Switzerland (CH)","18.04.2020 17:00 - 18.04.2020 18:00 (CET/CEST)","170","","657"
"Switzerland (CH)","18.04.2020 18:00 - 18.04.2020 19:00 (CET/CEST)","730","","737"
"Switzerland (CH)","18.04.2020 19:00 - 18.04.2020 20:00 (CET/CEST)","1065","","1205"
"Switzerland (CH)","18.04.2020 20:00 - 18.04.2020 21:00 (CET/CEST)","1178","","1301"
"Switzerland (CH)","18.04.2020 21:00 - 18.04.2020 22:00 (CET/CEST)","1000","","1226"
"Switzerland (CH)","18.04.2020 22:00 - 18.04.2020 23:00 (CET/CEST)","1027","","757"
"Switzerland (CH)","18.04.2020 23:00 - 19.04.2020 00:00 (CET/CEST)","640","","648"
"Switzerland (CH)","19.04.2020 00:00 - 19.04.2020 01:00 (CET/CEST)","127","","420"
"Switzerland (CH)","19.04.2020 01:00 - 19.04.2020 02:00 (CET/CEST)","147","","435"
"Switzerland (CH)","19.04.2020 02:00 - 19.04.2020 03:00 (CET/CEST)","112","","443"
"Switzerland (CH)","19.04.2020 03:00 - 19.04.2020 04:00 (CET/CEST)","91","","412"
"Switzerland (CH)","19.04.2020 04:00 - 19.04.2020 05:00 (CET/CEST)","90","","407"
"Switzerland (CH)","19.04.2020 05:00 - 19.04.2020 06:00 (CET/CEST)","105","","445"
"Switzerland (CH)","19.04.2020 06:00 - 19.04.2020 07:00 (CET/CEST)","103","","451"
"Switzerland (CH)","19.04.2020 07:00 - 19.04.2020 08:00 (CET/CEST)","108","","467"
"Switzerland (CH)","19.04.2020 08:00 - 19.04.2020 09:00 (CET/CEST)","128","","483"
"Switzerland (CH)","19.04.2020 09:00 - 19.04.2020 10:00 (CET/CEST)","120","","451"
"Switzerland (CH)","19.04.2020 10:00 - 19.04.2020 11:00 (CET/CEST)","116","","429"
"Switzerland (CH)","19.04.2020 11:00 - 19.04.2020 12:00 (CET/CEST)","120","","475"
"Switzerland (CH)","19.04.2020 12:00 - 19.04.2020 13:00 (CET/CEST)","134","","530"
"Switzerland (CH)","19.04.2020 13:00 - 19.04.2020 14:00 (CET/CEST)","121","","410"
"Switzerland (CH)","19.04.2020 14:00 - 19.04.2020 15:00 (CET/CEST)","79","","359"
"Switzerland (CH)","19.04.2020 15:00 - 19.04.2020 16:00 (CET/CEST)","114","","789"
"Switzerland (CH)","19.04.2020 16:00 - 19.04.2020 17:00 (CET/CEST)","86","","883"
"Switzerland (CH)","19.04.2020 17:00 - 19.04.2020 18:00 (CET/CEST)","78","","511"
"Switzerland (CH)","19.04.2020 18:00 - 19.04.2020 19:00 (CET/CEST)","120","","529"
"Switzerland (CH)","19.04.2020 19:00 - 19.04.2020 20:00 (CET/CEST)","214","","611"
"Switzerland (CH)","19.04.2020 20:00 - 19.04.2020 21:00 (CET/CEST)","144","","650"
"Switzerland (CH)","19.04.2020 21:00 - 19.04.2020 22:00 (CET/CEST)","114","","492"
"Switzerland (CH)","19.04.2020 22:00 - 19.04.2020 23:00 (CET/CEST)","88","","494"
"Switzerland (CH)","19.04.2020 23:00 - 20.04.2020 00:00 (CET/CEST)","80","","517"
"Switzerland (CH)","20.04.2020 00:00 - 20.04.2020 01:00 (CET/CEST)","97","","484"
"Switzerland (CH)","20.04.2020 01:00 - 20.04.2020 02:00 (CET/CEST)","95","","456"
"Switzerland (CH)","20.04.2020 02:00 - 20.04.2020 03:00 (CET/CEST)","73","","708"
"Switzerland (CH)","20.04.2020 03:00 - 20.04.2020 04:00 (CET/CEST)","83","","431"
"Switzerland (CH)","20.04.2020 04:00 - 20.04.2020 05:00 (CET/CEST)","69","","395"
"Switzerland (CH)","20.04.2020 05:00 - 20.04.2020 06:00 (CET/CEST)","29","","390"
"Switzerland (CH)","20.04.2020 06:00 - 20.04.2020 07:00 (CET/CEST)","70","","805"
"Switzerland (CH)","20.04.2020 07:00 - 20.04.2020 08:00 (CET/CEST)","1114","","1455"
"Switzerland (CH)","20.04.2020 08:00 - 20.04.2020 09:00 (CET/CEST)","970","","1080"
"Switzerland (CH)","20.04.2020 09:00 - 20.04.2020 10:00 (CET/CEST)","147","","576"
"Switzerland (CH)","20.04.2020 10:00 - 20.04.2020 11:00 (CET/CEST)","78","","578"
"Switzerland (CH)","20.04.2020 11:00 - 20.04.2020 12:00 (CET/CEST)","59","","526"
"Switzerland (CH)","20.04.2020 12:00 - 20.04.2020 13:00 (CET/CEST)","34","","489"
"Switzerland (CH)","20.04.2020 13:00 - 20.04.2020 14:00 (CET/CEST)","38","","462"
"Switzerland (CH)","20.04.2020 14:00 - 20.04.2020 15:00 (CET/CEST)","33","","412"
"Switzerland (CH)","20.04.2020 15:00 - 20.04.2020 16:00 (CET/CEST)","48","","402"
"Switzerland (CH)","20.04.2020 16:00 - 20.04.2020 17:00 (CET/CEST)","55","","409"
"Switzerland (CH)","20.04.2020 17:00 - 20.04.2020 18:00 (CET/CEST)","71","","533"
"Switzerland (CH)","20.04.2020 18:00 - 20.04.2020 19:00 (CET/CEST)","129","","822"
"Switzerland (CH)","20.04.2020 19:00 - 20.04.2020 20:00 (CET/CEST)","121","","899"
"Switzerland (CH)","20.04.2020 20:00 - 20.04.2020 21:00 (CET/CEST)","136","","954"
"Switzerland (CH)","20.04.2020 21:00 - 20.04.2020 22:00 (CET/CEST)","91","","798"
"Switzerland (CH)","20.04.2020 22:00 - 20.04.2020 23:00 (CET/CEST)","74","","631"
"Switzerland (CH)","20.04.2020 23:00 - 21.04.2020 00:00 (CET/CEST)","300","","617"
"Switzerland (CH)","21.04.2020 00:00 - 21.04.2020 01:00 (CET/CEST)","83","","462"
"Switzerland (CH)","21.04.2020 01:00 - 21.04.2020 02:00 (CET/CEST)","90","","431"
"Switzerland (CH)","21.04.2020 02:00 - 21.04.2020 03:00 (CET/CEST)","94","","489"
"Switzerland (CH)","21.04.2020 03:00 - 21.04.2020 04:00 (CET/CEST)","79","","503"
"Switzerland (CH)","21.04.2020 04:00 - 21.04.2020 05:00 (CET/CEST)","73","","516"
"Switzerland (CH)","21.04.2020 05:00 - 21.04.2020 06:00 (CET/CEST)","138","","634"
"Switzerland (CH)","21.04.2020 06:00 - 21.04.2020 07:00 (CET/CEST)","162","","747"
"Switzerland (CH)","21.04.2020 07:00 - 21.04.2020 08:00 (CET/CEST)","291","","1106"
"Switzerland (CH)","21.04.2020 08:00 - 21.04.2020 09:00 (CET/CEST)","264","","1033"
"Switzerland (CH)","21.04.2020 09:00 - 21.04.2020 10:00 (CET/CEST)","155","","687"
"Switzerland (CH)","21.04.2020 10:00 - 21.04.2020 11:00 (CET/CEST)","109","","695"
"Switzerland (CH)","21.04.2020 11:00 - 21.04.2020 12:00 (CET/CEST)","277","","718"
"Switzerland (CH)","21.04.2020 12:00 - 21.04.2020 13:00 (CET/CEST)","155","","617"
"Switzerland (CH)","21.04.2020 13:00 - 21.04.2020 14:00 (CET/CEST)","146","","578"
"Switzerland (CH)","21.04.2020 14:00 - 21.04.2020 15:00 (CET/CEST)","161","","519"
"Switzerland (CH)","21.04.2020 15:00 - 21.04.2020 16:00 (CET/CEST)","226","","560"
"Switzerland (CH)","21.04.2020 16:00 - 21.04.2020 17:00 (CET/CEST)","110","","494"
"Switzerland (CH)","21.04.2020 17:00 - 21.04.2020 18:00 (CET/CEST)","119","","616"
"Switzerland (CH)","21.04.2020 18:00 - 21.04.2020 19:00 (CET/CEST)","135","","841"
"Switzerland (CH)","21.04.2020 19:00 - 21.04.2020 20:00 (CET/CEST)","177","","944"
"Switzerland (CH)","21.04.2020 20:00 - 21.04.2020 21:00 (CET/CEST)","181","","953"
"Switzerland (CH)","21.04.2020 21:00 - 21.04.2020 22:00 (CET/CEST)","222","","921"
"Switzerland (CH)","21.04.2020 22:00 - 21.04.2020 23:00 (CET/CEST)","107","","725"
"Switzerland (CH)","21.04.2020 23:00 - 22.04.2020 00:00 (CET/CEST)","250","","565"
"Switzerland (CH)","22.04.2020 00:00 - 22.04.2020 01:00 (CET/CEST)","127","","546"
"Switzerland (CH)","22.04.2020 01:00 - 22.04.2020 02:00 (CET/CEST)","53","","564"
"Switzerland (CH)","22.04.2020 02:00 - 22.04.2020 03:00 (CET/CEST)","49","","507"
"Switzerland (CH)","22.04.2020 03:00 - 22.04.2020 04:00 (CET/CEST)","61","","486"
"Switzerland (CH)","22.04.2020 04:00 - 22.04.2020 05:00 (CET/CEST)","50","","532"
"Switzerland (CH)","22.04.2020 05:00 - 22.04.2020 06:00 (CET/CEST)","81","","564"
"Switzerland (CH)","22.04.2020 06:00 - 22.04.2020 07:00 (CET/CEST)","481","","646"
"Switzerland (CH)","22.04.2020 07:00 - 22.04.2020 08:00 (CET/CEST)","1346","","1047"
"Switzerland (CH)","22.04.2020 08:00 - 22.04.2020 09:00 (CET/CEST)","1240","","930"
"Switzerland (CH)","22.04.2020 09:00 - 22.04.2020 10:00 (CET/CEST)","595","","809"
"Switzerland (CH)","22.04.2020 10:00 - 22.04.2020 11:00 (CET/CEST)","189","","542"
"Switzerland (CH)","22.04.2020 11:00 - 22.04.2020 12:00 (CET/CEST)","135","","531"
"Switzerland (CH)","22.04.2020 12:00 - 22.04.2020 13:00 (CET/CEST)","123","","456"
"Switzerland (CH)","22.04.2020 13:00 - 22.04.2020 14:00 (CET/CEST)","85","","504"
"Switzerland (CH)","22.04.2020 14:00 - 22.04.2020 15:00 (CET/CEST)","99","","474"
"Switzerland (CH)","22.04.2020 15:00 - 22.04.2020 16:00 (CET/CEST)","99","","520"
"Switzerland (CH)","22.04.2020 16:00 - 22.04.2020 17:00 (CET/CEST)","146","","581"
"Switzerland (CH)","22.04.2020 17:00 - 22.04.2020 18:00 (CET/CEST)","214","","706"
"Switzerland (CH)","22.04.2020 18:00 - 22.04.2020 19:00 (CET/CEST)","1277","","1340"
"Switzerland (CH)","22.04.2020 19:00 - 22.04.2020 20:00 (CET/CEST)","2247","","1653"
"Switzerland (CH)","22.04.2020 20:00 - 22.04.2020 21:00 (CET/CEST)","2099","","1778"
"Switzerland (CH)","22.04.2020 21:00 - 22.04.2020 22:00 (CET/CEST)","1884","","1287"
"Switzerland (CH)","22.04.2020 22:00 - 22.04.2020 23:00 (CET/CEST)","1457","","983"
"Switzerland (CH)","22.04.2020 23:00 - 23.04.2020 00:00 (CET/CEST)","636","","683"
"Switzerland (CH)","23.04.2020 00:00 - 23.04.2020 01:00 (CET/CEST)","307","","630"
"Switzerland (CH)","23.04.2020 01:00 - 23.04.2020 02:00 (CET/CEST)","295","","461"
"Switzerland (CH)","23.04.2020 02:00 - 23.04.2020 03:00 (CET/CEST)","208","","475"
"Switzerland (CH)","23.04.2020 03:00 - 23.04.2020 04:00 (CET/CEST)","245","","480"
"Switzerland (CH)","23.04.2020 04:00 - 23.04.2020 05:00 (CET/CEST)","238","","492"
"Switzerland (CH)","23.04.2020 05:00 - 23.04.2020 06:00 (CET/CEST)","318","","680"
"Switzerland (CH)","23.04.2020 06:00 - 23.04.2020 07:00 (CET/CEST)","1247","","1048"
"Switzerland (CH)","23.04.2020 07:00 - 23.04.2020 08:00 (CET/CEST)","1701","","1305"
"Switzerland (CH)","23.04.2020 08:00 - 23.04.2020 09:00 (CET/CEST)","1764","","1076"
"Switzerland (CH)","23.04.2020 09:00 - 23.04.2020 10:00 (CET/CEST)","856","","713"
"Switzerland (CH)","23.04.2020 10:00 - 23.04.2020 11:00 (CET/CEST)","249","","605"
"Switzerland (CH)","23.04.2020 11:00 - 23.04.2020 12:00 (CET/CEST)","245","","553"
"Switzerland (CH)","23.04.2020 12:00 - 23.04.2020 13:00 (CET/CEST)","168","","498"
"Switzerland (CH)","23.04.2020 13:00 - 23.04.2020 14:00 (CET/CEST)","156","","498"
"Switzerland (CH)","23.04.2020 14:00 - 23.04.2020 15:00 (CET/CEST)","271","","497"
"Switzerland (CH)","23.04.2020 15:00 - 23.04.2020 16:00 (CET/CEST)","275","","510"
"Switzerland (CH)","23.04.2020 16:00 - 23.04.2020 17:00 (CET/CEST)","298","","574"
"Switzerland (CH)","23.04.2020 17:00 - 23.04.2020 18:00 (CET/CEST)","1274","","855"
"Switzerland (CH)","23.04.2020 18:00 - 23.04.2020 19:00 (CET/CEST)","1914","","1444"
"Switzerland (CH)","23.04.2020 19:00 - 23.04.2020 20:00 (CET/CEST)","1972","","1867"
"Switzerland (CH)","23.04.2020 20:00 - 23.04.2020 21:00 (CET/CEST)","2027","","2110"
"Switzerland (CH)","23.04.2020 21:00 - 23.04.2020 22:00 (CET/CEST)","1936","","1844"
"Switzerland (CH)","23.04.2020 22:00 - 23.04.2020 23:00 (CET/CEST)","1819","","1522"
"Switzerland (CH)","23.04.2020 23:00 - 24.04.2020 00:00 (CET/CEST)","1670","","1052"
"Switzerland (CH)","24.04.2020 00:00 - 24.04.2020 01:00 (CET/CEST)","1034","","820"
"Switzerland (CH)","24.04.2020 01:00 - 24.04.2020 02:00 (CET/CEST)","1031","","730"
"Switzerland (CH)","24.04.2020 02:00 - 24.04.2020 03:00 (CET/CEST)","656","","638"
"Switzerland (CH)","24.04.2020 03:00 - 24.04.2020 04:00 (CET/CEST)","728","","653"
"Switzerland (CH)","24.04.2020 04:00 - 24.04.2020 05:00 (CET/CEST)","714","","607"
"Switzerland (CH)","24.04.2020 05:00 - 24.04.2020 06:00 (CET/CEST)","864","","810"
"Switzerland (CH)","24.04.2020 06:00 - 24.04.2020 07:00 (CET/CEST)","1503","","1432"
"Switzerland (CH)","24.04.2020 07:00 - 24.04.2020 08:00 (CET/CEST)","1595","","1376"
"Switzerland (CH)","24.04.2020 08:00 - 24.04.2020 09:00 (CET/CEST)","1603","","1383"
"Switzerland (CH)","24.04.2020 09:00 - 24.04.2020 10:00 (CET/CEST)","687","","987"
"Switzerland (CH)","24.04.2020 10:00 - 24.04.2020 11:00 (CET/CEST)","321","","912"
"Switzerland (CH)","24.04.2020 11:00 - 24.04.2020 12:00 (CET/CEST)","128","","627"
"Switzerland (CH)","24.04.2020 12:00 - 24.04.2020 13:00 (CET/CEST)","94","","566"
"Switzerland (CH)","24.04.2020 13:00 - 24.04.2020 14:00 (CET/CEST)","87","","583"
"Switzerland (CH)","24.04.2020 14:00 - 24.04.2020 15:00 (CET/CEST)","95","","526"
"Switzerland (CH)","24.04.2020 15:00 - 24.04.2020 16:00 (CET/CEST)","53","","459"
"Switzerland (CH)","24.04.2020 16:00 - 24.04.2020 17:00 (CET/CEST)","90","","519"
"Switzerland (CH)","24.04.2020 17:00 - 24.04.2020 18:00 (CET/CEST)","106","","580"
"Switzerland (CH)","24.04.2020 18:00 - 24.04.2020 19:00 (CET/CEST)","768","","961"
"Switzerland (CH)","24.04.2020 19:00 - 24.04.2020 20:00 (CET/CEST)","1245","","1067"
"Switzerland (CH)","24.04.2020 20:00 - 24.04.2020 21:00 (CET/CEST)","1386","","1177"
"Switzerland (CH)","24.04.2020 21:00 - 24.04.2020 22:00 (CET/CEST)","1383","","1198"
"Switzerland (CH)","24.04.2020 22:00 - 24.04.2020 23:00 (CET/CEST)","1099","","929"
"Switzerland (CH)","24.04.2020 23:00 - 25.04.2020 00:00 (CET/CEST)","855","","739"
"Switzerland (CH)","25.04.2020 00:00 - 25.04.2020 01:00 (CET/CEST)","84","","537"
"Switzerland (CH)","25.04.2020 01:00 - 25.04.2020 02:00 (CET/CEST)","82","","428"
"Switzerland (CH)","25.04.2020 02:00 - 25.04.2020 03:00 (CET/CEST)","57","","492"
"Switzerland (CH)","25.04.2020 03:00 - 25.04.2020 04:00 (CET/CEST)","76","","474"
"Switzerland (CH)","25.04.2020 04:00 - 25.04.2020 05:00 (CET/CEST)","72","","452"
"Switzerland (CH)","25.04.2020 05:00 - 25.04.2020 06:00 (CET/CEST)","82","","506"
"Switzerland (CH)","25.04.2020 06:00 - 25.04.2020 07:00 (CET/CEST)","91","","536"
"Switzerland (CH)","25.04.2020 07:00 - 25.04.2020 08:00 (CET/CEST)","236","","609"
"Switzerland (CH)","25.04.2020 08:00 - 25.04.2020 09:00 (CET/CEST)","157","","548"
"Switzerland (CH)","25.04.2020 09:00 - 25.04.2020 10:00 (CET/CEST)","111","","589"
"Switzerland (CH)","25.04.2020 10:00 - 25.04.2020 11:00 (CET/CEST)","70","","579"
"Switzerland (CH)","25.04.2020 11:00 - 25.04.2020 12:00 (CET/CEST)","115","","531"
"Switzerland (CH)","25.04.2020 12:00 - 25.04.2020 13:00 (CET/CEST)","111","","503"
"Switzerland (CH)","25.04.2020 13:00 - 25.04.2020 14:00 (CET/CEST)","80","","479"
"Switzerland (CH)","25.04.2020 14:00 - 25.04.2020 15:00 (CET/CEST)","29","","457"
"Switzerland (CH)","25.04.2020 15:00 - 25.04.2020 16:00 (CET/CEST)","34","","460"
"Switzerland (CH)","25.04.2020 16:00 - 25.04.2020 17:00 (CET/CEST)","46","","462"
"Switzerland (CH)","25.04.2020 17:00 - 25.04.2020 18:00 (CET/CEST)","75","","532"
"Switzerland (CH)","25.04.2020 18:00 - 25.04.2020 19:00 (CET/CEST)","245","","761"
"Switzerland (CH)","25.04.2020 19:00 - 25.04.2020 20:00 (CET/CEST)","783","","1099"
"Switzerland (CH)","25.04.2020 20:00 - 25.04.2020 21:00 (CET/CEST)","1133","","1057"
"Switzerland (CH)","25.04.2020 21:00 - 25.04.2020 22:00 (CET/CEST)","1076","","824"
"Switzerland (CH)","25.04.2020 22:00 - 25.04.2020 23:00 (CET/CEST)","1031","","825"
"Switzerland (CH)","25.04.2020 23:00 - 26.04.2020 00:00 (CET/CEST)","578","","771"
"Switzerland (CH)","26.04.2020 00:00 - 26.04.2020 01:00 (CET/CEST)","204","","597"
"Switzerland (CH)","26.04.2020 01:00 - 26.04.2020 02:00 (CET/CEST)","103","","567"
"Switzerland (CH)","26.04.2020 02:00 - 26.04.2020 03:00 (CET/CEST)","61","","569"
"Switzerland (CH)","26.04.2020 03:00 - 26.04.2020 04:00 (CET/CEST)","47","","591"
"Switzerland (CH)","26.04.2020 04:00 - 26.04.2020 05:00 (CET/CEST)","59","","577"
"Switzerland (CH)","26.04.2020 05:00 - 26.04.2020 06:00 (CET/CEST)","84","","556"
"Switzerland (CH)","26.04.2020 06:00 - 26.04.2020 07:00 (CET/CEST)","34","","577"
"Switzerland (CH)","26.04.2020 07:00 - 26.04.2020 08:00 (CET/CEST)","3","","542"
"Switzerland (CH)","26.04.2020 08:00 - 26.04.2020 09:00 (CET/CEST)","9","","556"
"Switzerland (CH)","26.04.2020 09:00 - 26.04.2020 10:00 (CET/CEST)","18","","490"
"Switzerland (CH)","26.04.2020 10:00 - 26.04.2020 11:00 (CET/CEST)","60","","435"
"Switzerland (CH)","26.04.2020 11:00 - 26.04.2020 12:00 (CET/CEST)","57","","490"
"Switzerland (CH)","26.04.2020 12:00 - 26.04.2020 13:00 (CET/CEST)","76","","451"
"Switzerland (CH)","26.04.2020 13:00 - 26.04.2020 14:00 (CET/CEST)","77","","405"
"Switzerland (CH)","26.04.2020 14:00 - 26.04.2020 15:00 (CET/CEST)","53","","390"
"Switzerland (CH)","26.04.2020 15:00 - 26.04.2020 16:00 (CET/CEST)","59","","436"
"Switzerland (CH)","26.04.2020 16:00 - 26.04.2020 17:00 (CET/CEST)","120","","536"
"Switzerland (CH)","26.04.2020 17:00 - 26.04.2020 18:00 (CET/CEST)","101","","602"
"Switzerland (CH)","26.04.2020 18:00 - 26.04.2020 19:00 (CET/CEST)","407","","976"
"Switzerland (CH)","26.04.2020 19:00 - 26.04.2020 20:00 (CET/CEST)","645","","1183"
"Switzerland (CH)","26.04.2020 20:00 - 26.04.2020 21:00 (CET/CEST)","1088","","1310"
"Switzerland (CH)","26.04.2020 21:00 - 26.04.2020 22:00 (CET/CEST)","846","","1010"
"Switzerland (CH)","26.04.2020 22:00 - 26.04.2020 23:00 (CET/CEST)","781","","903"
"Switzerland (CH)","26.04.2020 23:00 - 27.04.2020 00:00 (CET/CEST)","250","","864"
"Switzerland (CH)","27.04.2020 00:00 - 27.04.2020 01:00 (CET/CEST)","122","","524"
"Switzerland (CH)","27.04.2020 01:00 - 27.04.2020 02:00 (CET/CEST)","108","","526"
"Switzerland (CH)","27.04.2020 02:00 - 27.04.2020 03:00 (CET/CEST)","100","","494"
"Switzerland (CH)","27.04.2020 03:00 - 27.04.2020 04:00 (CET/CEST)","81","","494"
"Switzerland (CH)","27.04.2020 04:00 - 27.04.2020 05:00 (CET/CEST)","97","","502"
"Switzerland (CH)","27.04.2020 05:00 - 27.04.2020 06:00 (CET/CEST)","106","","550"
"Switzerland (CH)","27.04.2020 06:00 - 27.04.2020 07:00 (CET/CEST)","436","","900"
"Switzerland (CH)","27.04.2020 07:00 - 27.04.2020 08:00 (CET/CEST)","760","","1151"
"Switzerland (CH)","27.04.2020 08:00 - 27.04.2020 09:00 (CET/CEST)","1266","","1086"
"Switzerland (CH)","27.04.2020 09:00 - 27.04.2020 10:00 (CET/CEST)","551","","740"
"Switzerland (CH)","27.04.2020 10:00 - 27.04.2020 11:00 (CET/CEST)","230","","651"
"Switzerland (CH)","27.04.2020 11:00 - 27.04.2020 12:00 (CET/CEST)","167","","620"
"Switzerland (CH)","27.04.2020 12:00 - 27.04.2020 13:00 (CET/CEST)","140","","656"
"Switzerland (CH)","27.04.2020 13:00 - 27.04.2020 14:00 (CET/CEST)","75","","585"
"Switzerland (CH)","27.04.2020 14:00 - 27.04.2020 15:00 (CET/CEST)","94","","568"
"Switzerland (CH)","27.04.2020 15:00 - 27.04.2020 16:00 (CET/CEST)","77","","590"
"Switzerland (CH)","27.04.2020 16:00 - 27.04.2020 17:00 (CET/CEST)","86","","603"
"Switzerland (CH)","27.04.2020 17:00 - 27.04.2020 18:00 (CET/CEST)","369","","922"
"Switzerland (CH)","27.04.2020 18:00 - 27.04.2020 19:00 (CET/CEST)","1731","","1332"
"Switzerland (CH)","27.04.2020 19:00 - 27.04.2020 20:00 (CET/CEST)","2001","","1518"
"Switzerland (CH)","27.04.2020 20:00 - 27.04.2020 21:00 (CET/CEST)","2219","","1976"
"Switzerland (CH)","27.04.2020 21:00 - 27.04.2020 22:00 (CET/CEST)","2655","","1937"
"Switzerland (CH)","27.04.2020 22:00 - 27.04.2020 23:00 (CET/CEST)","1971","","1339"
"Switzerland (CH)","27.04.2020 23:00 - 28.04.2020 00:00 (CET/CEST)","732","","910"
"Switzerland (CH)","28.04.2020 00:00 - 28.04.2020 01:00 (CET/CEST)","167","","1021"
"Switzerland (CH)","28.04.2020 01:00 - 28.04.2020 02:00 (CET/CEST)","194","","965"
"Switzerland (CH)","28.04.2020 02:00 - 28.04.2020 03:00 (CET/CEST)","195","","572"
"Switzerland (CH)","28.04.2020 03:00 - 28.04.2020 04:00 (CET/CEST)","372","","696"
"Switzerland (CH)","28.04.2020 04:00 - 28.04.2020 05:00 (CET/CEST)","332","","716"
"Switzerland (CH)","28.04.2020 05:00 - 28.04.2020 06:00 (CET/CEST)","225","","670"
"Switzerland (CH)","28.04.2020 06:00 - 28.04.2020 07:00 (CET/CEST)","1319","","1135"
"Switzerland (CH)","28.04.2020 07:00 - 28.04.2020 08:00 (CET/CEST)","1799","","1738"
"Switzerland (CH)","28.04.2020 08:00 - 28.04.2020 09:00 (CET/CEST)","1605","","1756"
"Switzerland (CH)","28.04.2020 09:00 - 28.04.2020 10:00 (CET/CEST)","1228","","1426"
"Switzerland (CH)","28.04.2020 10:00 - 28.04.2020 11:00 (CET/CEST)","1126","","1069"
"Switzerland (CH)","28.04.2020 11:00 - 28.04.2020 12:00 (CET/CEST)","985","","1106"
"Switzerland (CH)","28.04.2020 12:00 - 28.04.2020 13:00 (CET/CEST)","798","","985"
"Switzerland (CH)","28.04.2020 13:00 - 28.04.2020 14:00 (CET/CEST)","369","","667"
"Switzerland (CH)","28.04.2020 14:00 - 28.04.2020 15:00 (CET/CEST)","560","","744"
"Switzerland (CH)","28.04.2020 15:00 - 28.04.2020 16:00 (CET/CEST)","518","","741"
"Switzerland (CH)","28.04.2020 16:00 - 28.04.2020 17:00 (CET/CEST)","348","","959"
"Switzerland (CH)","28.04.2020 17:00 - 28.04.2020 18:00 (CET/CEST)","927","","1253"
"Switzerland (CH)","28.04.2020 18:00 - 28.04.2020 19:00 (CET/CEST)","1649","","1468"
"Switzerland (CH)","28.04.2020 19:00 - 28.04.2020 20:00 (CET/CEST)","1895","","2098"
"Switzerland (CH)","28.04.2020 20:00 - 28.04.2020 21:00 (CET/CEST)","2132","","2071"
"Switzerland (CH)","28.04.2020 21:00 - 28.04.2020 22:00 (CET/CEST)","1895","","1691"
"Switzerland (CH)","28.04.2020 22:00 - 28.04.2020 23:00 (CET/CEST)","1799","","1412"
"Switzerland (CH)","28.04.2020 23:00 - 29.04.2020 00:00 (CET/CEST)","567","","630"
"Switzerland (CH)","29.04.2020 00:00 - 29.04.2020 01:00 (CET/CEST)","170","","920"
"Switzerland (CH)","29.04.2020 01:00 - 29.04.2020 02:00 (CET/CEST)","154","","585"
"Switzerland (CH)","29.04.2020 02:00 - 29.04.2020 03:00 (CET/CEST)","115","","584"
"Switzerland (CH)","29.04.2020 03:00 - 29.04.2020 04:00 (CET/CEST)","109","","595"
"Switzerland (CH)","29.04.2020 04:00 - 29.04.2020 05:00 (CET/CEST)","145","","631"
"Switzerland (CH)","29.04.2020 05:00 - 29.04.2020 06:00 (CET/CEST)","158","","724"
"Switzerland (CH)","29.04.2020 06:00 - 29.04.2020 07:00 (CET/CEST)","1074","","1229"
"Switzerland (CH)","29.04.2020 07:00 - 29.04.2020 08:00 (CET/CEST)","1411","","1440"
"Switzerland (CH)","29.04.2020 08:00 - 29.04.2020 09:00 (CET/CEST)","1656","","1332"
"Switzerland (CH)","29.04.2020 09:00 - 29.04.2020 10:00 (CET/CEST)","1594","","1360"
"Switzerland (CH)","29.04.2020 10:00 - 29.04.2020 11:00 (CET/CEST)","1608","","1189"
"Switzerland (CH)","29.04.2020 11:00 - 29.04.2020 12:00 (CET/CEST)","1580","","1054"
"Switzerland (CH)","29.04.2020 12:00 - 29.04.2020 13:00 (CET/CEST)","1116","","790"
"Switzerland (CH)","29.04.2020 13:00 - 29.04.2020 14:00 (CET/CEST)","670","","846"
"Switzerland (CH)","29.04.2020 14:00 - 29.04.2020 15:00 (CET/CEST)","238","","709"
"Switzerland (CH)","29.04.2020 15:00 - 29.04.2020 16:00 (CET/CEST)","286","","811"
"Switzerland (CH)","29.04.2020 16:00 - 29.04.2020 17:00 (CET/CEST)","117","","781"
"Switzerland (CH)","29.04.2020 17:00 - 29.04.2020 18:00 (CET/CEST)","733","","868"
"Switzerland (CH)","29.04.2020 18:00 - 29.04.2020 19:00 (CET/CEST)","1502","","1146"
"Switzerland (CH)","29.04.2020 19:00 - 29.04.2020 20:00 (CET/CEST)","1490","","1565"
"Switzerland (CH)","29.04.2020 20:00 - 29.04.2020 21:00 (CET/CEST)","1649","","2010"
"Switzerland (CH)","29.04.2020 21:00 - 29.04.2020 22:00 (CET/CEST)","1471","","1520"
"Switzerland (CH)","29.04.2020 22:00 - 29.04.2020 23:00 (CET/CEST)","675","","1065"
"Switzerland (CH)","29.04.2020 23:00 - 30.04.2020 00:00 (CET/CEST)","117","","863"
"Switzerland (CH)","30.04.2020 00:00 - 30.04.2020 01:00 (CET/CEST)","144","","588"
"Switzerland (CH)","30.04.2020 01:00 - 30.04.2020 02:00 (CET/CEST)","129","","536"
"Switzerland (CH)","30.04.2020 02:00 - 30.04.2020 03:00 (CET/CEST)","85","","526"
"Switzerland (CH)","30.04.2020 03:00 - 30.04.2020 04:00 (CET/CEST)","63","","516"
"Switzerland (CH)","30.04.2020 04:00 - 30.04.2020 05:00 (CET/CEST)","73","","503"
"Switzerland (CH)","30.04.2020 05:00 - 30.04.2020 06:00 (CET/CEST)","132","","633"
"Switzerland (CH)","30.04.2020 06:00 - 30.04.2020 07:00 (CET/CEST)","330","","780"
"Switzerland (CH)","30.04.2020 07:00 - 30.04.2020 08:00 (CET/CEST)","1144","","1087"
"Switzerland (CH)","30.04.2020 08:00 - 30.04.2020 09:00 (CET/CEST)","537","","1035"
"Switzerland (CH)","30.04.2020 09:00 - 30.04.2020 10:00 (CET/CEST)","497","","895"
"Switzerland (CH)","30.04.2020 10:00 - 30.04.2020 11:00 (CET/CEST)","356","","645"
"Switzerland (CH)","30.04.2020 11:00 - 30.04.2020 12:00 (CET/CEST)","159","","625"
"Switzerland (CH)","30.04.2020 12:00 - 30.04.2020 13:00 (CET/CEST)","107","","627"
"Switzerland (CH)","30.04.2020 13:00 - 30.04.2020 14:00 (CET/CEST)","123","","628"
"Switzerland (CH)","30.04.2020 14:00 - 30.04.2020 15:00 (CET/CEST)","179","","591"
"Switzerland (CH)","30.04.2020 15:00 - 30.04.2020 16:00 (CET/CEST)","129","","700"
"Switzerland (CH)","30.04.2020 16:00 - 30.04.2020 17:00 (CET/CEST)","147","","836"
"Switzerland (CH)","30.04.2020 17:00 - 30.04.2020 18:00 (CET/CEST)","606","","968"
"Switzerland (CH)","30.04.2020 18:00 - 30.04.2020 19:00 (CET/CEST)","1335","","1228"
"Switzerland (CH)","30.04.2020 19:00 - 30.04.2020 20:00 (CET/CEST)","1859","","1621"
"Switzerland (CH)","30.04.2020 20:00 - 30.04.2020 21:00 (CET/CEST)","1706","","1719"
"Switzerland (CH)","30.04.2020 21:00 - 30.04.2020 22:00 (CET/CEST)","1104","","1187"
"Switzerland (CH)","30.04.2020 22:00 - 30.04.2020 23:00 (CET/CEST)","358","","804"
"Switzerland (CH)","30.04.2020 23:00 - 01.05.2020 00:00 (CET/CEST)","125","","1087"
"Switzerland (CH)","01.05.2020 00:00 - 01.05.2020 01:00 (CET/CEST)","121","","577"
"Switzerland (CH)","01.05.2020 01:00 - 01.05.2020 02:00 (CET/CEST)","110","","537"
"Switzerland (CH)","01.05.2020 02:00 - 01.05.2020 03:00 (CET/CEST)","76","","507"
"Switzerland (CH)","01.05.2020 03:00 - 01.05.2020 04:00 (CET/CEST)","63","","506"
"Switzerland (CH)","01.05.2020 04:00 - 01.05.2020 05:00 (CET/CEST)","94","","455"
"Switzerland (CH)","01.05.2020 05:00 - 01.05.2020 06:00 (CET/CEST)","88","","480"
"Switzerland (CH)","01.05.2020 06:00 - 01.05.2020 07:00 (CET/CEST)","150","","472"
"Switzerland (CH)","01.05.2020 07:00 - 01.05.2020 08:00 (CET/CEST)","189","","450"
"Switzerland (CH)","01.05.2020 08:00 - 01.05.2020 09:00 (CET/CEST)","117","","560"
"Switzerland (CH)","01.05.2020 09:00 - 01.05.2020 10:00 (CET/CEST)","109","","531"
"Switzerland (CH)","01.05.2020 10:00 - 01.05.2020 11:00 (CET/CEST)","124","","400"
"Switzerland (CH)","01.05.2020 11:00 - 01.05.2020 12:00 (CET/CEST)","202","","412"
"Switzerland (CH)","01.05.2020 12:00 - 01.05.2020 13:00 (CET/CEST)","239","","458"
"Switzerland (CH)","01.05.2020 13:00 - 01.05.2020 14:00 (CET/CEST)","166","","432"
"Switzerland (CH)","01.05.2020 14:00 - 01.05.2020 15:00 (CET/CEST)","148","","500"
"Switzerland (CH)","01.05.2020 15:00 - 01.05.2020 16:00 (CET/CEST)","134","","507"
"Switzerland (CH)","01.05.2020 16:00 - 01.05.2020 17:00 (CET/CEST)","133","","547"
"Switzerland (CH)","01.05.2020 17:00 - 01.05.2020 18:00 (CET/CEST)","255","","545"
"Switzerland (CH)","01.05.2020 18:00 - 01.05.2020 19:00 (CET/CEST)","354","","941"
"Switzerland (CH)","01.05.2020 19:00 - 01.05.2020 20:00 (CET/CEST)","743","","927"
"Switzerland (CH)","01.05.2020 20:00 - 01.05.2020 21:00 (CET/CEST)","1164","","1033"
"Switzerland (CH)","01.05.2020 21:00 - 01.05.2020 22:00 (CET/CEST)","848","","951"
"Switzerland (CH)","01.05.2020 22:00 - 01.05.2020 23:00 (CET/CEST)","457","","572"
"Switzerland (CH)","01.05.2020 23:00 - 02.05.2020 00:00 (CET/CEST)","98","","560"
"Switzerland (CH)","02.05.2020 00:00 - 02.05.2020 01:00 (CET/CEST)","87","","427"
"Switzerland (CH)","02.05.2020 01:00 - 02.05.2020 02:00 (CET/CEST)","97","","405"
"Switzerland (CH)","02.05.2020 02:00 - 02.05.2020 03:00 (CET/CEST)","112","","419"
"Switzerland (CH)","02.05.2020 03:00 - 02.05.2020 04:00 (CET/CEST)","90","","450"
"Switzerland (CH)","02.05.2020 04:00 - 02.05.2020 05:00 (CET/CEST)","117","","453"
"Switzerland (CH)","02.05.2020 05:00 - 02.05.2020 06:00 (CET/CEST)","89","","438"
"Switzerland (CH)","02.05.2020 06:00 - 02.05.2020 07:00 (CET/CEST)","65","","440"
"Switzerland (CH)","02.05.2020 07:00 - 02.05.2020 08:00 (CET/CEST)","74","","454"
"Switzerland (CH)","02.05.2020 08:00 - 02.05.2020 09:00 (CET/CEST)","107","","487"
"Switzerland (CH)","02.05.2020 09:00 - 02.05.2020 10:00 (CET/CEST)","92","","469"
"Switzerland (CH)","02.05.2020 10:00 - 02.05.2020 11:00 (CET/CEST)","53","","441"
"Switzerland (CH)","02.05.2020 11:00 - 02.05.2020 12:00 (CET/CEST)","69","","467"
"Switzerland (CH)","02.05.2020 12:00 - 02.05.2020 13:00 (CET/CEST)","90","","472"
"Switzerland (CH)","02.05.2020 13:00 - 02.05.2020 14:00 (CET/CEST)","78","","433"
"Switzerland (CH)","02.05.2020 14:00 - 02.05.2020 15:00 (CET/CEST)","71","","424"
"Switzerland (CH)","02.05.2020 15:00 - 02.05.2020 16:00 (CET/CEST)","79","","431"
"Switzerland (CH)","02.05.2020 16:00 - 02.05.2020 17:00 (CET/CEST)","100","","556"
"Switzerland (CH)","02.05.2020 17:00 - 02.05.2020 18:00 (CET/CEST)","133","","661"
"Switzerland (CH)","02.05.2020 18:00 - 02.05.2020 19:00 (CET/CEST)","265","","740"
"Switzerland (CH)","02.05.2020 19:00 - 02.05.2020 20:00 (CET/CEST)","621","","808"
"Switzerland (CH)","02.05.2020 20:00 - 02.05.2020 21:00 (CET/CEST)","992","","1190"
"Switzerland (CH)","02.05.2020 21:00 - 02.05.2020 22:00 (CET/CEST)","1393","","1493"
"Switzerland (CH)","02.05.2020 22:00 - 02.05.2020 23:00 (CET/CEST)","1178","","947"
"Switzerland (CH)","02.05.2020 23:00 - 03.05.2020 00:00 (CET/CEST)","504","","684"
"Switzerland (CH)","03.05.2020 00:00 - 03.05.2020 01:00 (CET/CEST)","100","","555"
"Switzerland (CH)","03.05.2020 01:00 - 03.05.2020 02:00 (CET/CEST)","92","","486"
"Switzerland (CH)","03.05.2020 02:00 - 03.05.2020 03:00 (CET/CEST)","110","","532"
"Switzerland (CH)","03.05.2020 03:00 - 03.05.2020 04:00 (CET/CEST)","121","","541"
"Switzerland (CH)","03.05.2020 04:00 - 03.05.2020 05:00 (CET/CEST)","92","","495"
"Switzerland (CH)","03.05.2020 05:00 - 03.05.2020 06:00 (CET/CEST)","82","","485"
"Switzerland (CH)","03.05.2020 06:00 - 03.05.2020 07:00 (CET/CEST)","78","","500"
"Switzerland (CH)","03.05.2020 07:00 - 03.05.2020 08:00 (CET/CEST)","94","","531"
"Switzerland (CH)","03.05.2020 08:00 - 03.05.2020 09:00 (CET/CEST)","74","","457"
"Switzerland (CH)","03.05.2020 09:00 - 03.05.2020 10:00 (CET/CEST)","55","","369"
"Switzerland (CH)","03.05.2020 10:00 - 03.05.2020 11:00 (CET/CEST)","57","","370"
"Switzerland (CH)","03.05.2020 11:00 - 03.05.2020 12:00 (CET/CEST)","62","","390"
"Switzerland (CH)","03.05.2020 12:00 - 03.05.2020 13:00 (CET/CEST)","81","","406"
"Switzerland (CH)","03.05.2020 13:00 - 03.05.2020 14:00 (CET/CEST)","77","","421"
"Switzerland (CH)","03.05.2020 14:00 - 03.05.2020 15:00 (CET/CEST)","52","","355"
"Switzerland (CH)","03.05.2020 15:00 - 03.05.2020 16:00 (CET/CEST)","48","","345"
"Switzerland (CH)","03.05.2020 16:00 - 03.05.2020 17:00 (CET/CEST)","108","","428"
"Switzerland (CH)","03.05.2020 17:00 - 03.05.2020 18:00 (CET/CEST)","167","","575"
"Switzerland (CH)","03.05.2020 18:00 - 03.05.2020 19:00 (CET/CEST)","448","","784"
"Switzerland (CH)","03.05.2020 19:00 - 03.05.2020 20:00 (CET/CEST)","524","","741"
"Switzerland (CH)","03.05.2020 20:00 - 03.05.2020 21:00 (CET/CEST)","1035","","1405"
"Switzerland (CH)","03.05.2020 21:00 - 03.05.2020 22:00 (CET/CEST)","747","","808"
"Switzerland (CH)","03.05.2020 22:00 - 03.05.2020 23:00 (CET/CEST)","891","","1004"
"Switzerland (CH)","03.05.2020 23:00 - 04.05.2020 00:00 (CET/CEST)","762","","655"
"Switzerland (CH)","04.05.2020 00:00 - 04.05.2020 01:00 (CET/CEST)","445","","601"
"Switzerland (CH)","04.05.2020 01:00 - 04.05.2020 02:00 (CET/CEST)","460","","865"
"Switzerland (CH)","04.05.2020 02:00 - 04.05.2020 03:00 (CET/CEST)","393","","812"
"Switzerland (CH)","04.05.2020 03:00 - 04.05.2020 04:00 (CET/CEST)","377","","511"
"Switzerland (CH)","04.05.2020 04:00 - 04.05.2020 05:00 (CET/CEST)","313","","518"
"Switzerland (CH)","04.05.2020 05:00 - 04.05.2020 06:00 (CET/CEST)","160","","610"
"Switzerland (CH)","04.05.2020 06:00 - 04.05.2020 07:00 (CET/CEST)","1474","","836"
"Switzerland (CH)","04.05.2020 07:00 - 04.05.2020 08:00 (CET/CEST)","1713","","934"
"Switzerland (CH)","04.05.2020 08:00 - 04.05.2020 09:00 (CET/CEST)","1617","","986"
"Switzerland (CH)","04.05.2020 09:00 - 04.05.2020 10:00 (CET/CEST)","1423","","914"
"Switzerland (CH)","04.05.2020 10:00 - 04.05.2020 11:00 (CET/CEST)","1568","","1009"
"Switzerland (CH)","04.05.2020 11:00 - 04.05.2020 12:00 (CET/CEST)","1884","","1381"
"Switzerland (CH)","04.05.2020 12:00 - 04.05.2020 13:00 (CET/CEST)","1435","","958"
"Switzerland (CH)","04.05.2020 13:00 - 04.05.2020 14:00 (CET/CEST)","1025","","708"
"Switzerland (CH)","04.05.2020 14:00 - 04.05.2020 15:00 (CET/CEST)","249","","484"
"Switzerland (CH)","04.05.2020 15:00 - 04.05.2020 16:00 (CET/CEST)","110","","426"
"Switzerland (CH)","04.05.2020 16:00 - 04.05.2020 17:00 (CET/CEST)","100","","494"
"Switzerland (CH)","04.05.2020 17:00 - 04.05.2020 18:00 (CET/CEST)","174","","556"
"Switzerland (CH)","04.05.2020 18:00 - 04.05.2020 19:00 (CET/CEST)","810","","988"
"Switzerland (CH)","04.05.2020 19:00 - 04.05.2020 20:00 (CET/CEST)","1706","","1220"
"Switzerland (CH)","04.05.2020 20:00 - 04.05.2020 21:00 (CET/CEST)","1747","","1563"
"Switzerland (CH)","04.05.2020 21:00 - 04.05.2020 22:00 (CET/CEST)","1529","","1156"
"Switzerland (CH)","04.05.2020 22:00 - 04.05.2020 23:00 (CET/CEST)","468","","793"
"Switzerland (CH)","04.05.2020 23:00 - 05.05.2020 00:00 (CET/CEST)","469","","507"
"Switzerland (CH)","05.05.2020 00:00 - 05.05.2020 01:00 (CET/CEST)","490","","530"
"Switzerland (CH)","05.05.2020 01:00 - 05.05.2020 02:00 (CET/CEST)","108","","607"
"Switzerland (CH)","05.05.2020 02:00 - 05.05.2020 03:00 (CET/CEST)","25","","559"
"Switzerland (CH)","05.05.2020 03:00 - 05.05.2020 04:00 (CET/CEST)","28","","568"
"Switzerland (CH)","05.05.2020 04:00 - 05.05.2020 05:00 (CET/CEST)","55","","581"
"Switzerland (CH)","05.05.2020 05:00 - 05.05.2020 06:00 (CET/CEST)","312","","669"
"Switzerland (CH)","05.05.2020 06:00 - 05.05.2020 07:00 (CET/CEST)","980","","927"
"Switzerland (CH)","05.05.2020 07:00 - 05.05.2020 08:00 (CET/CEST)","1966","","1395"
"Switzerland (CH)","05.05.2020 08:00 - 05.05.2020 09:00 (CET/CEST)","1926","","1416"
"Switzerland (CH)","05.05.2020 09:00 - 05.05.2020 10:00 (CET/CEST)","1078","","824"
"Switzerland (CH)","05.05.2020 10:00 - 05.05.2020 11:00 (CET/CEST)","267","","888"
"Switzerland (CH)","05.05.2020 11:00 - 05.05.2020 12:00 (CET/CEST)","368","","958"
"Switzerland (CH)","05.05.2020 12:00 - 05.05.2020 13:00 (CET/CEST)","1003","","1042"
"Switzerland (CH)","05.05.2020 13:00 - 05.05.2020 14:00 (CET/CEST)","444","","977"
"Switzerland (CH)","05.05.2020 14:00 - 05.05.2020 15:00 (CET/CEST)","412","","847"
"Switzerland (CH)","05.05.2020 15:00 - 05.05.2020 16:00 (CET/CEST)","333","","679"
"Switzerland (CH)","05.05.2020 16:00 - 05.05.2020 17:00 (CET/CEST)","194","","661"
"Switzerland (CH)","05.05.2020 17:00 - 05.05.2020 18:00 (CET/CEST)","205","","689"
"Switzerland (CH)","05.05.2020 18:00 - 05.05.2020 19:00 (CET/CEST)","897","","943"
"Switzerland (CH)","05.05.2020 19:00 - 05.05.2020 20:00 (CET/CEST)","2012","","1306"
"Switzerland (CH)","05.05.2020 20:00 - 05.05.2020 21:00 (CET/CEST)","2123","","1756"
"Switzerland (CH)","05.05.2020 21:00 - 05.05.2020 22:00 (CET/CEST)","1868","","1731"
"Switzerland (CH)","05.05.2020 22:00 - 05.05.2020 23:00 (CET/CEST)","1250","","1098"
"Switzerland (CH)","05.05.2020 23:00 - 06.05.2020 00:00 (CET/CEST)","362","","714"
"Switzerland (CH)","06.05.2020 00:00 - 06.05.2020 01:00 (CET/CEST)","256","","644"
"Switzerland (CH)","06.05.2020 01:00 - 06.05.2020 02:00 (CET/CEST)","191","","622"
"Switzerland (CH)","06.05.2020 02:00 - 06.05.2020 03:00 (CET/CEST)","158","","647"
"Switzerland (CH)","06.05.2020 03:00 - 06.05.2020 04:00 (CET/CEST)","124","","640"
"Switzerland (CH)","06.05.2020 04:00 - 06.05.2020 05:00 (CET/CEST)","101","","645"
"Switzerland (CH)","06.05.2020 05:00 - 06.05.2020 06:00 (CET/CEST)","216","","698"
"Switzerland (CH)","06.05.2020 06:00 - 06.05.2020 07:00 (CET/CEST)","1083","","1125"
"Switzerland (CH)","06.05.2020 07:00 - 06.05.2020 08:00 (CET/CEST)","1888","","1762"
"Switzerland (CH)","06.05.2020 08:00 - 06.05.2020 09:00 (CET/CEST)","1348","","1515"
"Switzerland (CH)","06.05.2020 09:00 - 06.05.2020 10:00 (CET/CEST)","891","","983"
"Switzerland (CH)","06.05.2020 10:00 - 06.05.2020 11:00 (CET/CEST)","817","","830"
"Switzerland (CH)","06.05.2020 11:00 - 06.05.2020 12:00 (CET/CEST)","252","","673"
"Switzerland (CH)","06.05.2020 12:00 - 06.05.2020 13:00 (CET/CEST)","158","","641"
"Switzerland (CH)","06.05.2020 13:00 - 06.05.2020 14:00 (CET/CEST)","70","","557"
"Switzerland (CH)","06.05.2020 14:00 - 06.05.2020 15:00 (CET/CEST)","72","","494"
"Switzerland (CH)","06.05.2020 15:00 - 06.05.2020 16:00 (CET/CEST)","94","","485"
"Switzerland (CH)","06.05.2020 16:00 - 06.05.2020 17:00 (CET/CEST)","75","","462"
"Switzerland (CH)","06.05.2020 17:00 - 06.05.2020 18:00 (CET/CEST)","214","","677"
"Switzerland (CH)","06.05.2020 18:00 - 06.05.2020 19:00 (CET/CEST)","723","","997"
"Switzerland (CH)","06.05.2020 19:00 - 06.05.2020 20:00 (CET/CEST)","914","","1318"
"Switzerland (CH)","06.05.2020 20:00 - 06.05.2020 21:00 (CET/CEST)","1089","","1766"
"Switzerland (CH)","06.05.2020 21:00 - 06.05.2020 22:00 (CET/CEST)","1105","","1448"
"Switzerland (CH)","06.05.2020 22:00 - 06.05.2020 23:00 (CET/CEST)","1080","","1330"
"Switzerland (CH)","06.05.2020 23:00 - 07.05.2020 00:00 (CET/CEST)","664","","1075"
"Switzerland (CH)","07.05.2020 00:00 - 07.05.2020 01:00 (CET/CEST)","102","","591"
"Switzerland (CH)","07.05.2020 01:00 - 07.05.2020 02:00 (CET/CEST)","73","","515"
"Switzerland (CH)","07.05.2020 02:00 - 07.05.2020 03:00 (CET/CEST)","82","","574"
"Switzerland (CH)","07.05.2020 03:00 - 07.05.2020 04:00 (CET/CEST)","40","","551"
"Switzerland (CH)","07.05.2020 04:00 - 07.05.2020 05:00 (CET/CEST)","39","","568"
"Switzerland (CH)","07.05.2020 05:00 - 07.05.2020 06:00 (CET/CEST)","86","","627"
"Switzerland (CH)","07.05.2020 06:00 - 07.05.2020 07:00 (CET/CEST)","587","","1332"
"Switzerland (CH)","07.05.2020 07:00 - 07.05.2020 08:00 (CET/CEST)","1140","","1655"
"Switzerland (CH)","07.05.2020 08:00 - 07.05.2020 09:00 (CET/CEST)","927","","1518"
"Switzerland (CH)","07.05.2020 09:00 - 07.05.2020 10:00 (CET/CEST)","392","","929"
"Switzerland (CH)","07.05.2020 10:00 - 07.05.2020 11:00 (CET/CEST)","166","","818"
"Switzerland (CH)","07.05.2020 11:00 - 07.05.2020 12:00 (CET/CEST)","85","","564"
"Switzerland (CH)","07.05.2020 12:00 - 07.05.2020 13:00 (CET/CEST)","91","","461"
"Switzerland (CH)","07.05.2020 13:00 - 07.05.2020 14:00 (CET/CEST)","57","","426"
"Switzerland (CH)","07.05.2020 14:00 - 07.05.2020 15:00 (CET/CEST)","52","","482"
"Switzerland (CH)","07.05.2020 15:00 - 07.05.2020 16:00 (CET/CEST)","70","","521"
"Switzerland (CH)","07.05.2020 16:00 - 07.05.2020 17:00 (CET/CEST)","129","","587"
"Switzerland (CH)","07.05.2020 17:00 - 07.05.2020 18:00 (CET/CEST)","199","","809"
"Switzerland (CH)","07.05.2020 18:00 - 07.05.2020 19:00 (CET/CEST)","530","","1169"
"Switzerland (CH)","07.05.2020 19:00 - 07.05.2020 20:00 (CET/CEST)","1211","","1939"
"Switzerland (CH)","07.05.2020 20:00 - 07.05.2020 21:00 (CET/CEST)","1866","","2354"
"Switzerland (CH)","07.05.2020 21:00 - 07.05.2020 22:00 (CET/CEST)","1735","","2426"
"Switzerland (CH)","07.05.2020 22:00 - 07.05.2020 23:00 (CET/CEST)","1468","","1833"
"Switzerland (CH)","07.05.2020 23:00 - 08.05.2020 00:00 (CET/CEST)","1608","","1443"
"Switzerland (CH)","08.05.2020 00:00 - 08.05.2020 01:00 (CET/CEST)","563","","863"
"Switzerland (CH)","08.05.2020 01:00 - 08.05.2020 02:00 (CET/CEST)","367","","798"
"Switzerland (CH)","08.05.2020 02:00 - 08.05.2020 03:00 (CET/CEST)","298","","552"
"Switzerland (CH)","08.05.2020 03:00 - 08.05.2020 04:00 (CET/CEST)","314","","540"
"Switzerland (CH)","08.05.2020 04:00 - 08.05.2020 05:00 (CET/CEST)","213","","488"
"Switzerland (CH)","08.05.2020 05:00 - 08.05.2020 06:00 (CET/CEST)","252","","609"
"Switzerland (CH)","08.05.2020 06:00 - 08.05.2020 07:00 (CET/CEST)","1118","","1326"
"Switzerland (CH)","08.05.2020 07:00 - 08.05.2020 08:00 (CET/CEST)","1547","","1729"
"Switzerland (CH)","08.05.2020 08:00 - 08.05.2020 09:00 (CET/CEST)","1545","","1642"
"Switzerland (CH)","08.05.2020 09:00 - 08.05.2020 10:00 (CET/CEST)","594","","947"
"Switzerland (CH)","08.05.2020 10:00 - 08.05.2020 11:00 (CET/CEST)","165","","651"
"Switzerland (CH)","08.05.2020 11:00 - 08.05.2020 12:00 (CET/CEST)","111","","575"
"Switzerland (CH)","08.05.2020 12:00 - 08.05.2020 13:00 (CET/CEST)","104","","526"
"Switzerland (CH)","08.05.2020 13:00 - 08.05.2020 14:00 (CET/CEST)","51","","459"
"Switzerland (CH)","08.05.2020 14:00 - 08.05.2020 15:00 (CET/CEST)","48","","443"
"Switzerland (CH)","08.05.2020 15:00 - 08.05.2020 16:00 (CET/CEST)","119","","472"
"Switzerland (CH)","08.05.2020 16:00 - 08.05.2020 17:00 (CET/CEST)","216","","526"
"Switzerland (CH)","08.05.2020 17:00 - 08.05.2020 18:00 (CET/CEST)","450","","609"
"Switzerland (CH)","08.05.2020 18:00 - 08.05.2020 19:00 (CET/CEST)","1564","","1256"
"Switzerland (CH)","08.05.2020 19:00 - 08.05.2020 20:00 (CET/CEST)","1684","","1821"
"Switzerland (CH)","08.05.2020 20:00 - 08.05.2020 21:00 (CET/CEST)","1763","","2171"
"Switzerland (CH)","08.05.2020 21:00 - 08.05.2020 22:00 (CET/CEST)","1536","","1793"
"Switzerland (CH)","08.05.2020 22:00 - 08.05.2020 23:00 (CET/CEST)","1043","","1308"
"Switzerland (CH)","08.05.2020 23:00 - 09.05.2020 00:00 (CET/CEST)","736","","862"
"Switzerland (CH)","09.05.2020 00:00 - 09.05.2020 01:00 (CET/CEST)","223","","506"
"Switzerland (CH)","09.05.2020 01:00 - 09.05.2020 02:00 (CET/CEST)","125","","464"
"Switzerland (CH)","09.05.2020 02:00 - 09.05.2020 03:00 (CET/CEST)","121","","510"
"Switzerland (CH)","09.05.2020 03:00 - 09.05.2020 04:00 (CET/CEST)","129","","522"
"Switzerland (CH)","09.05.2020 04:00 - 09.05.2020 05:00 (CET/CEST)","144","","500"
"Switzerland (CH)","09.05.2020 05:00 - 09.05.2020 06:00 (CET/CEST)","136","","560"
"Switzerland (CH)","09.05.2020 06:00 - 09.05.2020 07:00 (CET/CEST)","398","","552"
"Switzerland (CH)","09.05.2020 07:00 - 09.05.2020 08:00 (CET/CEST)","409","","633"
"Switzerland (CH)","09.05.2020 08:00 - 09.05.2020 09:00 (CET/CEST)","232","","664"
"Switzerland (CH)","09.05.2020 09:00 - 09.05.2020 10:00 (CET/CEST)","141","","549"
"Switzerland (CH)","09.05.2020 10:00 - 09.05.2020 11:00 (CET/CEST)","123","","464"
"Switzerland (CH)","09.05.2020 11:00 - 09.05.2020 12:00 (CET/CEST)","79","","486"
"Switzerland (CH)","09.05.2020 12:00 - 09.05.2020 13:00 (CET/CEST)","154","","477"
"Switzerland (CH)","09.05.2020 13:00 - 09.05.2020 14:00 (CET/CEST)","161","","455"
"Switzerland (CH)","09.05.2020 14:00 - 09.05.2020 15:00 (CET/CEST)","104","","462"
"Switzerland (CH)","09.05.2020 15:00 - 09.05.2020 16:00 (CET/CEST)","110","","474"
"Switzerland (CH)","09.05.2020 16:00 - 09.05.2020 17:00 (CET/CEST)","74","","539"
"Switzerland (CH)","09.05.2020 17:00 - 09.05.2020 18:00 (CET/CEST)","154","","688"
"Switzerland (CH)","09.05.2020 18:00 - 09.05.2020 19:00 (CET/CEST)","1193","","1011"
"Switzerland (CH)","09.05.2020 19:00 - 09.05.2020 20:00 (CET/CEST)","1507","","1620"
"Switzerland (CH)","09.05.2020 20:00 - 09.05.2020 21:00 (CET/CEST)","1525","","1919"
"Switzerland (CH)","09.05.2020 21:00 - 09.05.2020 22:00 (CET/CEST)","1262","","1489"
"Switzerland (CH)","09.05.2020 22:00 - 09.05.2020 23:00 (CET/CEST)","1026","","1121"
"Switzerland (CH)","09.05.2020 23:00 - 10.05.2020 00:00 (CET/CEST)","866","","995"
"Switzerland (CH)","10.05.2020 00:00 - 10.05.2020 01:00 (CET/CEST)","131","","751"
"Switzerland (CH)","10.05.2020 01:00 - 10.05.2020 02:00 (CET/CEST)","95","","586"
"Switzerland (CH)","10.05.2020 02:00 - 10.05.2020 03:00 (CET/CEST)","72","","515"
"Switzerland (CH)","10.05.2020 03:00 - 10.05.2020 04:00 (CET/CEST)","101","","573"
"Switzerland (CH)","10.05.2020 04:00 - 10.05.2020 05:00 (CET/CEST)","85","","518"
"Switzerland (CH)","10.05.2020 05:00 - 10.05.2020 06:00 (CET/CEST)","97","","557"
"Switzerland (CH)","10.05.2020 06:00 - 10.05.2020 07:00 (CET/CEST)","110","","598"
"Switzerland (CH)","10.05.2020 07:00 - 10.05.2020 08:00 (CET/CEST)","112","","650"
"Switzerland (CH)","10.05.2020 08:00 - 10.05.2020 09:00 (CET/CEST)","120","","684"
"Switzerland (CH)","10.05.2020 09:00 - 10.05.2020 10:00 (CET/CEST)","166","","686"
"Switzerland (CH)","10.05.2020 10:00 - 10.05.2020 11:00 (CET/CEST)","179","","583"
"Switzerland (CH)","10.05.2020 11:00 - 10.05.2020 12:00 (CET/CEST)","553","","610"
"Switzerland (CH)","10.05.2020 12:00 - 10.05.2020 13:00 (CET/CEST)","544","","666"
"Switzerland (CH)","10.05.2020 13:00 - 10.05.2020 14:00 (CET/CEST)","118","","559"
"Switzerland (CH)","10.05.2020 14:00 - 10.05.2020 15:00 (CET/CEST)","57","","508"
"Switzerland (CH)","10.05.2020 15:00 - 10.05.2020 16:00 (CET/CEST)","57","","580"
"Switzerland (CH)","10.05.2020 16:00 - 10.05.2020 17:00 (CET/CEST)","57","","614"
"Switzerland (CH)","10.05.2020 17:00 - 10.05.2020 18:00 (CET/CEST)","90","","674"
"Switzerland (CH)","10.05.2020 18:00 - 10.05.2020 19:00 (CET/CEST)","153","","760"
"Switzerland (CH)","10.05.2020 19:00 - 10.05.2020 20:00 (CET/CEST)","594","","1172"
"Switzerland (CH)","10.05.2020 20:00 - 10.05.2020 21:00 (CET/CEST)","714","","1146"
"Switzerland (CH)","10.05.2020 21:00 - 10.05.2020 22:00 (CET/CEST)","560","","956"
"Switzerland (CH)","10.05.2020 22:00 - 10.05.2020 23:00 (CET/CEST)","559","","927"
"Switzerland (CH)","10.05.2020 23:00 - 11.05.2020 00:00 (CET/CEST)","248","","661"
"Switzerland (CH)","11.05.2020 00:00 - 11.05.2020 01:00 (CET/CEST)","148","","590"
"Switzerland (CH)","11.05.2020 01:00 - 11.05.2020 02:00 (CET/CEST)","148","","585"
"Switzerland (CH)","11.05.2020 02:00 - 11.05.2020 03:00 (CET/CEST)","126","","599"
"Switzerland (CH)","11.05.2020 03:00 - 11.05.2020 04:00 (CET/CEST)","88","","614"
"Switzerland (CH)","11.05.2020 04:00 - 11.05.2020 05:00 (CET/CEST)","72","","667"
"Switzerland (CH)","11.05.2020 05:00 - 11.05.2020 06:00 (CET/CEST)","132","","644"
"Switzerland (CH)","11.05.2020 06:00 - 11.05.2020 07:00 (CET/CEST)","348","","809"
"Switzerland (CH)","11.05.2020 07:00 - 11.05.2020 08:00 (CET/CEST)","577","","1187"
"Switzerland (CH)","11.05.2020 08:00 - 11.05.2020 09:00 (CET/CEST)","751","","1430"
"Switzerland (CH)","11.05.2020 09:00 - 11.05.2020 10:00 (CET/CEST)","771","","1725"
"Switzerland (CH)","11.05.2020 10:00 - 11.05.2020 11:00 (CET/CEST)","711","","1497"
"Switzerland (CH)","11.05.2020 11:00 - 11.05.2020 12:00 (CET/CEST)","601","","1529"
"Switzerland (CH)","11.05.2020 12:00 - 11.05.2020 13:00 (CET/CEST)","548","","1375"
"Switzerland (CH)","11.05.2020 13:00 - 11.05.2020 14:00 (CET/CEST)","552","","1218"
"Switzerland (CH)","11.05.2020 14:00 - 11.05.2020 15:00 (CET/CEST)","383","","901"
"Switzerland (CH)","11.05.2020 15:00 - 11.05.2020 16:00 (CET/CEST)","276","","804"
"Switzerland (CH)","11.05.2020 16:00 - 11.05.2020 17:00 (CET/CEST)","333","","871"
"Switzerland (CH)","11.05.2020 17:00 - 11.05.2020 18:00 (CET/CEST)","469","","1005"
"Switzerland (CH)","11.05.2020 18:00 - 11.05.2020 19:00 (CET/CEST)","548","","1294"
"Switzerland (CH)","11.05.2020 19:00 - 11.05.2020 20:00 (CET/CEST)","813","","1577"
"Switzerland (CH)","11.05.2020 20:00 - 11.05.2020 21:00 (CET/CEST)","949","","1807"
"Switzerland (CH)","11.05.2020 21:00 - 11.05.2020 22:00 (CET/CEST)","1195","","1541"
"Switzerland (CH)","11.05.2020 22:00 - 11.05.2020 23:00 (CET/CEST)","895","","1558"
"Switzerland (CH)","11.05.2020 23:00 - 12.05.2020 00:00 (CET/CEST)","866","","1547"
"Switzerland (CH)","12.05.2020 00:00 - 12.05.2020 01:00 (CET/CEST)","621","","1037"
"Switzerland (CH)","12.05.2020 01:00 - 12.05.2020 02:00 (CET/CEST)","422","","793"
"Switzerland (CH)","12.05.2020 02:00 - 12.05.2020 03:00 (CET/CEST)","435","","810"
"Switzerland (CH)","12.05.2020 03:00 - 12.05.2020 04:00 (CET/CEST)","325","","776"
"Switzerland (CH)","12.05.2020 04:00 - 12.05.2020 05:00 (CET/CEST)","184","","764"
"Switzerland (CH)","12.05.2020 05:00 - 12.05.2020 06:00 (CET/CEST)","470","","943"
"Switzerland (CH)","12.05.2020 06:00 - 12.05.2020 07:00 (CET/CEST)","1238","","1744"
"Switzerland (CH)","12.05.2020 07:00 - 12.05.2020 08:00 (CET/CEST)","1796","","2088"
"Switzerland (CH)","12.05.2020 08:00 - 12.05.2020 09:00 (CET/CEST)","1556","","1936"
"Switzerland (CH)","12.05.2020 09:00 - 12.05.2020 10:00 (CET/CEST)","1527","","1561"
"Switzerland (CH)","12.05.2020 10:00 - 12.05.2020 11:00 (CET/CEST)","1026","","1185"
"Switzerland (CH)","12.05.2020 11:00 - 12.05.2020 12:00 (CET/CEST)","1172","","1179"
"Switzerland (CH)","12.05.2020 12:00 - 12.05.2020 13:00 (CET/CEST)","757","","1100"
"Switzerland (CH)","12.05.2020 13:00 - 12.05.2020 14:00 (CET/CEST)","583","","924"
"Switzerland (CH)","12.05.2020 14:00 - 12.05.2020 15:00 (CET/CEST)","419","","991"
"Switzerland (CH)","12.05.2020 15:00 - 12.05.2020 16:00 (CET/CEST)","385","","908"
"Switzerland (CH)","12.05.2020 16:00 - 12.05.2020 17:00 (CET/CEST)","407","","1131"
"Switzerland (CH)","12.05.2020 17:00 - 12.05.2020 18:00 (CET/CEST)","784","","1287"
"Switzerland (CH)","12.05.2020 18:00 - 12.05.2020 19:00 (CET/CEST)","1914","","1818"
"Switzerland (CH)","12.05.2020 19:00 - 12.05.2020 20:00 (CET/CEST)","2232","","2056"
"Switzerland (CH)","12.05.2020 20:00 - 12.05.2020 21:00 (CET/CEST)","2229","","2177"
"Switzerland (CH)","12.05.2020 21:00 - 12.05.2020 22:00 (CET/CEST)","2215","","2239"
"Switzerland (CH)","12.05.2020 22:00 - 12.05.2020 23:00 (CET/CEST)","1987","","1867"
"Switzerland (CH)","12.05.2020 23:00 - 13.05.2020 00:00 (CET/CEST)","1956","","1413"
"Switzerland (CH)","13.05.2020 00:00 - 13.05.2020 01:00 (CET/CEST)","953","","905"
"Switzerland (CH)","13.05.2020 01:00 - 13.05.2020 02:00 (CET/CEST)","508","","656"
"Switzerland (CH)","13.05.2020 02:00 - 13.05.2020 03:00 (CET/CEST)","405","","648"
"Switzerland (CH)","13.05.2020 03:00 - 13.05.2020 04:00 (CET/CEST)","380","","649"
"Switzerland (CH)","13.05.2020 04:00 - 13.05.2020 05:00 (CET/CEST)","398","","634"
"Switzerland (CH)","13.05.2020 05:00 - 13.05.2020 06:00 (CET/CEST)","471","","778"
"Switzerland (CH)","13.05.2020 06:00 - 13.05.2020 07:00 (CET/CEST)","961","","1256"
"Switzerland (CH)","13.05.2020 07:00 - 13.05.2020 08:00 (CET/CEST)","1958","","2110"
"Switzerland (CH)","13.05.2020 08:00 - 13.05.2020 09:00 (CET/CEST)","1930","","2167"
"Switzerland (CH)","13.05.2020 09:00 - 13.05.2020 10:00 (CET/CEST)","1729","","2227"
"Switzerland (CH)","13.05.2020 10:00 - 13.05.2020 11:00 (CET/CEST)","1065","","1885"
"Switzerland (CH)","13.05.2020 11:00 - 13.05.2020 12:00 (CET/CEST)","1373","","2055"
"Switzerland (CH)","13.05.2020 12:00 - 13.05.2020 13:00 (CET/CEST)","1293","","2101"
"Switzerland (CH)","13.05.2020 13:00 - 13.05.2020 14:00 (CET/CEST)","1555","","1989"
"Switzerland (CH)","13.05.2020 14:00 - 13.05.2020 15:00 (CET/CEST)","1669","","2053"
"Switzerland (CH)","13.05.2020 15:00 - 13.05.2020 16:00 (CET/CEST)","1352","","1849"
"Switzerland (CH)","13.05.2020 16:00 - 13.05.2020 17:00 (CET/CEST)","1201","","1810"
"Switzerland (CH)","13.05.2020 17:00 - 13.05.2020 18:00 (CET/CEST)","1511","","1931"
"Switzerland (CH)","13.05.2020 18:00 - 13.05.2020 19:00 (CET/CEST)","1593","","1805"
"Switzerland (CH)","13.05.2020 19:00 - 13.05.2020 20:00 (CET/CEST)","1777","","2431"
"Switzerland (CH)","13.05.2020 20:00 - 13.05.2020 21:00 (CET/CEST)","1731","","2312"
"Switzerland (CH)","13.05.2020 21:00 - 13.05.2020 22:00 (CET/CEST)","1743","","1924"
"Switzerland (CH)","13.05.2020 22:00 - 13.05.2020 23:00 (CET/CEST)","1046","","1341"
"Switzerland (CH)","13.05.2020 23:00 - 14.05.2020 00:00 (CET/CEST)","612","","1173"
"Switzerland (CH)","14.05.2020 00:00 - 14.05.2020 01:00 (CET/CEST)","535","","762"
"Switzerland (CH)","14.05.2020 01:00 - 14.05.2020 02:00 (CET/CEST)","331","","760"
"Switzerland (CH)","14.05.2020 02:00 - 14.05.2020 03:00 (CET/CEST)","319","","751"
"Switzerland (CH)","14.05.2020 03:00 - 14.05.2020 04:00 (CET/CEST)","231","","734"
"Switzerland (CH)","14.05.2020 04:00 - 14.05.2020 05:00 (CET/CEST)","358","","864"
"Switzerland (CH)","14.05.2020 05:00 - 14.05.2020 06:00 (CET/CEST)","528","","964"
"Switzerland (CH)","14.05.2020 06:00 - 14.05.2020 07:00 (CET/CEST)","813","","1307"
"Switzerland (CH)","14.05.2020 07:00 - 14.05.2020 08:00 (CET/CEST)","1357","","2361"
"Switzerland (CH)","14.05.2020 08:00 - 14.05.2020 09:00 (CET/CEST)","1825","","2252"
"Switzerland (CH)","14.05.2020 09:00 - 14.05.2020 10:00 (CET/CEST)","1593","","1870"
"Switzerland (CH)","14.05.2020 10:00 - 14.05.2020 11:00 (CET/CEST)","1116","","1367"
"Switzerland (CH)","14.05.2020 11:00 - 14.05.2020 12:00 (CET/CEST)","955","","1428"
"Switzerland (CH)","14.05.2020 12:00 - 14.05.2020 13:00 (CET/CEST)","934","","1126"
"Switzerland (CH)","14.05.2020 13:00 - 14.05.2020 14:00 (CET/CEST)","892","","1084"
"Switzerland (CH)","14.05.2020 14:00 - 14.05.2020 15:00 (CET/CEST)","806","","960"
"Switzerland (CH)","14.05.2020 15:00 - 14.05.2020 16:00 (CET/CEST)","777","","938"
"Switzerland (CH)","14.05.2020 16:00 - 14.05.2020 17:00 (CET/CEST)","808","","972"
"Switzerland (CH)","14.05.2020 17:00 - 14.05.2020 18:00 (CET/CEST)","1105","","1219"
"Switzerland (CH)","14.05.2020 18:00 - 14.05.2020 19:00 (CET/CEST)","1582","","1883"
"Switzerland (CH)","14.05.2020 19:00 - 14.05.2020 20:00 (CET/CEST)","1806","","2184"
"Switzerland (CH)","14.05.2020 20:00 - 14.05.2020 21:00 (CET/CEST)","1723","","2139"
"Switzerland (CH)","14.05.2020 21:00 - 14.05.2020 22:00 (CET/CEST)","1531","","1817"
"Switzerland (CH)","14.05.2020 22:00 - 14.05.2020 23:00 (CET/CEST)","1295","","1437"
"Switzerland (CH)","14.05.2020 23:00 - 15.05.2020 00:00 (CET/CEST)","924","","922"
"Switzerland (CH)","15.05.2020 00:00 - 15.05.2020 01:00 (CET/CEST)","688","","766"
"Switzerland (CH)","15.05.2020 01:00 - 15.05.2020 02:00 (CET/CEST)","444","","730"
"Switzerland (CH)","15.05.2020 02:00 - 15.05.2020 03:00 (CET/CEST)","453","","749"
"Switzerland (CH)","15.05.2020 03:00 - 15.05.2020 04:00 (CET/CEST)","370","","731"
"Switzerland (CH)","15.05.2020 04:00 - 15.05.2020 05:00 (CET/CEST)","337","","706"
"Switzerland (CH)","15.05.2020 05:00 - 15.05.2020 06:00 (CET/CEST)","582","","841"
"Switzerland (CH)","15.05.2020 06:00 - 15.05.2020 07:00 (CET/CEST)","1376","","1625"
"Switzerland (CH)","15.05.2020 07:00 - 15.05.2020 08:00 (CET/CEST)","2080","","2258"
"Switzerland (CH)","15.05.2020 08:00 - 15.05.2020 09:00 (CET/CEST)","2068","","2430"
"Switzerland (CH)","15.05.2020 09:00 - 15.05.2020 10:00 (CET/CEST)","1394","","1843"
"Switzerland (CH)","15.05.2020 10:00 - 15.05.2020 11:00 (CET/CEST)","1324","","1733"
"Switzerland (CH)","15.05.2020 11:00 - 15.05.2020 12:00 (CET/CEST)","1195","","1352"
"Switzerland (CH)","15.05.2020 12:00 - 15.05.2020 13:00 (CET/CEST)","1000","","1119"
"Switzerland (CH)","15.05.2020 13:00 - 15.05.2020 14:00 (CET/CEST)","592","","728"
"Switzerland (CH)","15.05.2020 14:00 - 15.05.2020 15:00 (CET/CEST)","275","","731"
"Switzerland (CH)","15.05.2020 15:00 - 15.05.2020 16:00 (CET/CEST)","269","","760"
"Switzerland (CH)","15.05.2020 16:00 - 15.05.2020 17:00 (CET/CEST)","396","","774"
"Switzerland (CH)","15.05.2020 17:00 - 15.05.2020 18:00 (CET/CEST)","661","","992"
"Switzerland (CH)","15.05.2020 18:00 - 15.05.2020 19:00 (CET/CEST)","896","","1281"
"Switzerland (CH)","15.05.2020 19:00 - 15.05.2020 20:00 (CET/CEST)","1124","","1657"
"Switzerland (CH)","15.05.2020 20:00 - 15.05.2020 21:00 (CET/CEST)","1252","","1767"
"Switzerland (CH)","15.05.2020 21:00 - 15.05.2020 22:00 (CET/CEST)","1033","","1657"
"Switzerland (CH)","15.05.2020 22:00 - 15.05.2020 23:00 (CET/CEST)","737","","1209"
"Switzerland (CH)","15.05.2020 23:00 - 16.05.2020 00:00 (CET/CEST)","786","","862"
"Switzerland (CH)","16.05.2020 00:00 - 16.05.2020 01:00 (CET/CEST)","629","","948"
"Switzerland (CH)","16.05.2020 01:00 - 16.05.2020 02:00 (CET/CEST)","371","","756"
"Switzerland (CH)","16.05.2020 02:00 - 16.05.2020 03:00 (CET/CEST)","146","","692"
"Switzerland (CH)","16.05.2020 03:00 - 16.05.2020 04:00 (CET/CEST)","139","","679"
"Switzerland (CH)","16.05.2020 04:00 - 16.05.2020 05:00 (CET/CEST)","134","","656"
"Switzerland (CH)","16.05.2020 05:00 - 16.05.2020 06:00 (CET/CEST)","139","","650"
"Switzerland (CH)","16.05.2020 06:00 - 16.05.2020 07:00 (CET/CEST)","136","","747"
"Switzerland (CH)","16.05.2020 07:00 - 16.05.2020 08:00 (CET/CEST)","159","","809"
"Switzerland (CH)","16.05.2020 08:00 - 16.05.2020 09:00 (CET/CEST)","175","","810"
"Switzerland (CH)","16.05.2020 09:00 - 16.05.2020 10:00 (CET/CEST)","153","","790"
"Switzerland (CH)","16.05.2020 10:00 - 16.05.2020 11:00 (CET/CEST)","145","","693"
"Switzerland (CH)","16.05.2020 11:00 - 16.05.2020 12:00 (CET/CEST)","153","","682"
"Switzerland (CH)","16.05.2020 12:00 - 16.05.2020 13:00 (CET/CEST)","137","","652"
"Switzerland (CH)","16.05.2020 13:00 - 16.05.2020 14:00 (CET/CEST)","114","","585"
"Switzerland (CH)","16.05.2020 14:00 - 16.05.2020 15:00 (CET/CEST)","97","","573"
"Switzerland (CH)","16.05.2020 15:00 - 16.05.2020 16:00 (CET/CEST)","125","","603"
"Switzerland (CH)","16.05.2020 16:00 - 16.05.2020 17:00 (CET/CEST)","145","","635"
"Switzerland (CH)","16.05.2020 17:00 - 16.05.2020 18:00 (CET/CEST)","134","","822"
"Switzerland (CH)","16.05.2020 18:00 - 16.05.2020 19:00 (CET/CEST)","602","","1070"
"Switzerland (CH)","16.05.2020 19:00 - 16.05.2020 20:00 (CET/CEST)","896","","1509"
"Switzerland (CH)","16.05.2020 20:00 - 16.05.2020 21:00 (CET/CEST)","939","","1505"
"Switzerland (CH)","16.05.2020 21:00 - 16.05.2020 22:00 (CET/CEST)","971","","1656"
"Switzerland (CH)","16.05.2020 22:00 - 16.05.2020 23:00 (CET/CEST)","898","","1720"
"Switzerland (CH)","16.05.2020 23:00 - 17.05.2020 00:00 (CET/CEST)","887","","1294"
"Switzerland (CH)","17.05.2020 00:00 - 17.05.2020 01:00 (CET/CEST)","362","","751"
"Switzerland (CH)","17.05.2020 01:00 - 17.05.2020 02:00 (CET/CEST)","85","","541"
"Switzerland (CH)","17.05.2020 02:00 - 17.05.2020 03:00 (CET/CEST)","83","","513"
"Switzerland (CH)","17.05.2020 03:00 - 17.05.2020 04:00 (CET/CEST)","91","","536"
"Switzerland (CH)","17.05.2020 04:00 - 17.05.2020 05:00 (CET/CEST)","50","","540"
"Switzerland (CH)","17.05.2020 05:00 - 17.05.2020 06:00 (CET/CEST)","91","","543"
"Switzerland (CH)","17.05.2020 06:00 - 17.05.2020 07:00 (CET/CEST)","111","","551"
"Switzerland (CH)","17.05.2020 07:00 - 17.05.2020 08:00 (CET/CEST)","106","","590"
"Switzerland (CH)","17.05.2020 08:00 - 17.05.2020 09:00 (CET/CEST)","84","","556"
"Switzerland (CH)","17.05.2020 09:00 - 17.05.2020 10:00 (CET/CEST)","129","","623"
"Switzerland (CH)","17.05.2020 10:00 - 17.05.2020 11:00 (CET/CEST)","97","","649"
"Switzerland (CH)","17.05.2020 11:00 - 17.05.2020 12:00 (CET/CEST)","94","","658"
"Switzerland (CH)","17.05.2020 12:00 - 17.05.2020 13:00 (CET/CEST)","123","","633"
"Switzerland (CH)","17.05.2020 13:00 - 17.05.2020 14:00 (CET/CEST)","113","","453"
"Switzerland (CH)","17.05.2020 14:00 - 17.05.2020 15:00 (CET/CEST)","105","","425"
"Switzerland (CH)","17.05.2020 15:00 - 17.05.2020 16:00 (CET/CEST)","148","","459"
"Switzerland (CH)","17.05.2020 16:00 - 17.05.2020 17:00 (CET/CEST)","124","","493"
"Switzerland (CH)","17.05.2020 17:00 - 17.05.2020 18:00 (CET/CEST)","123","","652"
"Switzerland (CH)","17.05.2020 18:00 - 17.05.2020 19:00 (CET/CEST)","185","","908"
"Switzerland (CH)","17.05.2020 19:00 - 17.05.2020 20:00 (CET/CEST)","859","","1126"
"Switzerland (CH)","17.05.2020 20:00 - 17.05.2020 21:00 (CET/CEST)","858","","1439"
"Switzerland (CH)","17.05.2020 21:00 - 17.05.2020 22:00 (CET/CEST)","1164","","1673"
"Switzerland (CH)","17.05.2020 22:00 - 17.05.2020 23:00 (CET/CEST)","998","","1574"
"Switzerland (CH)","17.05.2020 23:00 - 18.05.2020 00:00 (CET/CEST)","956","","1064"
"Switzerland (CH)","18.05.2020 00:00 - 18.05.2020 01:00 (CET/CEST)","241","","786"
"Switzerland (CH)","18.05.2020 01:00 - 18.05.2020 02:00 (CET/CEST)","41","","655"
"Switzerland (CH)","18.05.2020 02:00 - 18.05.2020 03:00 (CET/CEST)","39","","680"
"Switzerland (CH)","18.05.2020 03:00 - 18.05.2020 04:00 (CET/CEST)","39","","678"
"Switzerland (CH)","18.05.2020 04:00 - 18.05.2020 05:00 (CET/CEST)","50","","645"
"Switzerland (CH)","18.05.2020 05:00 - 18.05.2020 06:00 (CET/CEST)","74","","883"
"Switzerland (CH)","18.05.2020 06:00 - 18.05.2020 07:00 (CET/CEST)","729","","1363"
"Switzerland (CH)","18.05.2020 07:00 - 18.05.2020 08:00 (CET/CEST)","898","","1434"
"Switzerland (CH)","18.05.2020 08:00 - 18.05.2020 09:00 (CET/CEST)","1368","","1698"
"Switzerland (CH)","18.05.2020 09:00 - 18.05.2020 10:00 (CET/CEST)","993","","1632"
"Switzerland (CH)","18.05.2020 10:00 - 18.05.2020 11:00 (CET/CEST)","288","","898"
"Switzerland (CH)","18.05.2020 11:00 - 18.05.2020 12:00 (CET/CEST)","141","","797"
"Switzerland (CH)","18.05.2020 12:00 - 18.05.2020 13:00 (CET/CEST)","106","","675"
"Switzerland (CH)","18.05.2020 13:00 - 18.05.2020 14:00 (CET/CEST)","147","","653"
"Switzerland (CH)","18.05.2020 14:00 - 18.05.2020 15:00 (CET/CEST)","168","","732"
"Switzerland (CH)","18.05.2020 15:00 - 18.05.2020 16:00 (CET/CEST)","165","","758"
"Switzerland (CH)","18.05.2020 16:00 - 18.05.2020 17:00 (CET/CEST)","216","","964"
"Switzerland (CH)","18.05.2020 17:00 - 18.05.2020 18:00 (CET/CEST)","331","","1198"
"Switzerland (CH)","18.05.2020 18:00 - 18.05.2020 19:00 (CET/CEST)","1140","","1624"
"Switzerland (CH)","18.05.2020 19:00 - 18.05.2020 20:00 (CET/CEST)","1467","","1950"
"Switzerland (CH)","18.05.2020 20:00 - 18.05.2020 21:00 (CET/CEST)","1606","","1942"
"Switzerland (CH)","18.05.2020 21:00 - 18.05.2020 22:00 (CET/CEST)","1415","","1830"
"Switzerland (CH)","18.05.2020 22:00 - 18.05.2020 23:00 (CET/CEST)","1372","","1793"
"Switzerland (CH)","18.05.2020 23:00 - 19.05.2020 00:00 (CET/CEST)","921","","1513"
"Switzerland (CH)","19.05.2020 00:00 - 19.05.2020 01:00 (CET/CEST)","272","","983"
"Switzerland (CH)","19.05.2020 01:00 - 19.05.2020 02:00 (CET/CEST)","201","","781"
"Switzerland (CH)","19.05.2020 02:00 - 19.05.2020 03:00 (CET/CEST)","215","","774"
"Switzerland (CH)","19.05.2020 03:00 - 19.05.2020 04:00 (CET/CEST)","186","","748"
"Switzerland (CH)","19.05.2020 04:00 - 19.05.2020 05:00 (CET/CEST)","299","","730"
"Switzerland (CH)","19.05.2020 05:00 - 19.05.2020 06:00 (CET/CEST)","361","","811"
"Switzerland (CH)","19.05.2020 06:00 - 19.05.2020 07:00 (CET/CEST)","728","","1296"
"Switzerland (CH)","19.05.2020 07:00 - 19.05.2020 08:00 (CET/CEST)","1622","","1886"
"Switzerland (CH)","19.05.2020 08:00 - 19.05.2020 09:00 (CET/CEST)","1747","","1769"
"Switzerland (CH)","19.05.2020 09:00 - 19.05.2020 10:00 (CET/CEST)","1171","","1220"
"Switzerland (CH)","19.05.2020 10:00 - 19.05.2020 11:00 (CET/CEST)","352","","904"
"Switzerland (CH)","19.05.2020 11:00 - 19.05.2020 12:00 (CET/CEST)","259","","867"
"Switzerland (CH)","19.05.2020 12:00 - 19.05.2020 13:00 (CET/CEST)","255","","662"
"Switzerland (CH)","19.05.2020 13:00 - 19.05.2020 14:00 (CET/CEST)","247","","714"
"Switzerland (CH)","19.05.2020 14:00 - 19.05.2020 15:00 (CET/CEST)","249","","708"
"Switzerland (CH)","19.05.2020 15:00 - 19.05.2020 16:00 (CET/CEST)","292","","771"
"Switzerland (CH)","19.05.2020 16:00 - 19.05.2020 17:00 (CET/CEST)","336","","881"
"Switzerland (CH)","19.05.2020 17:00 - 19.05.2020 18:00 (CET/CEST)","1086","","1211"
"Switzerland (CH)","19.05.2020 18:00 - 19.05.2020 19:00 (CET/CEST)","2137","","1838"
"Switzerland (CH)","19.05.2020 19:00 - 19.05.2020 20:00 (CET/CEST)","2221","","2131"
"Switzerland (CH)","19.05.2020 20:00 - 19.05.2020 21:00 (CET/CEST)","2251","","2177"
"Switzerland (CH)","19.05.2020 21:00 - 19.05.2020 22:00 (CET/CEST)","2163","","2203"
"Switzerland (CH)","19.05.2020 22:00 - 19.05.2020 23:00 (CET/CEST)","1695","","1832"
"Switzerland (CH)","19.05.2020 23:00 - 20.05.2020 00:00 (CET/CEST)","1683","","1602"
"Switzerland (CH)","20.05.2020 00:00 - 20.05.2020 01:00 (CET/CEST)","590","","1139"
"Switzerland (CH)","20.05.2020 01:00 - 20.05.2020 02:00 (CET/CEST)","486","","1142"
"Switzerland (CH)","20.05.2020 02:00 - 20.05.2020 03:00 (CET/CEST)","466","","978"
"Switzerland (CH)","20.05.2020 03:00 - 20.05.2020 04:00 (CET/CEST)","383","","856"
"Switzerland (CH)","20.05.2020 04:00 - 20.05.2020 05:00 (CET/CEST)","376","","839"
"Switzerland (CH)","20.05.2020 05:00 - 20.05.2020 06:00 (CET/CEST)","440","","1075"
"Switzerland (CH)","20.05.2020 06:00 - 20.05.2020 07:00 (CET/CEST)","731","","1332"
"Switzerland (CH)","20.05.2020 07:00 - 20.05.2020 08:00 (CET/CEST)","2374","","1663"
"Switzerland (CH)","20.05.2020 08:00 - 20.05.2020 09:00 (CET/CEST)","2555","","2217"
"Switzerland (CH)","20.05.2020 09:00 - 20.05.2020 10:00 (CET/CEST)","2211","","2023"
"Switzerland (CH)","20.05.2020 10:00 - 20.05.2020 11:00 (CET/CEST)","1748","","1631"
"Switzerland (CH)","20.05.2020 11:00 - 20.05.2020 12:00 (CET/CEST)","1681","","1568"
"Switzerland (CH)","20.05.2020 12:00 - 20.05.2020 13:00 (CET/CEST)","1270","","1341"
"Switzerland (CH)","20.05.2020 13:00 - 20.05.2020 14:00 (CET/CEST)","819","","1092"
"Switzerland (CH)","20.05.2020 14:00 - 20.05.2020 15:00 (CET/CEST)","996","","1161"
"Switzerland (CH)","20.05.2020 15:00 - 20.05.2020 16:00 (CET/CEST)","1212","","1499"
"Switzerland (CH)","20.05.2020 16:00 - 20.05.2020 17:00 (CET/CEST)","1479","","1330"
"Switzerland (CH)","20.05.2020 17:00 - 20.05.2020 18:00 (CET/CEST)","1635","","1449"
"Switzerland (CH)","20.05.2020 18:00 - 20.05.2020 19:00 (CET/CEST)","1609","","1741"
"Switzerland (CH)","20.05.2020 19:00 - 20.05.2020 20:00 (CET/CEST)","1919","","1946"
"Switzerland (CH)","20.05.2020 20:00 - 20.05.2020 21:00 (CET/CEST)","1877","","1822"
"Switzerland (CH)","20.05.2020 21:00 - 20.05.2020 22:00 (CET/CEST)","1745","","1996"
"Switzerland (CH)","20.05.2020 22:00 - 20.05.2020 23:00 (CET/CEST)","1400","","1700"
"Switzerland (CH)","20.05.2020 23:00 - 21.05.2020 00:00 (CET/CEST)","1194","","1541"
"Switzerland (CH)","21.05.2020 00:00 - 21.05.2020 01:00 (CET/CEST)","806","","1229"
"Switzerland (CH)","21.05.2020 01:00 - 21.05.2020 02:00 (CET/CEST)","449","","1137"
"Switzerland (CH)","21.05.2020 02:00 - 21.05.2020 03:00 (CET/CEST)","411","","777"
"Switzerland (CH)","21.05.2020 03:00 - 21.05.2020 04:00 (CET/CEST)","360","","755"
"Switzerland (CH)","21.05.2020 04:00 - 21.05.2020 05:00 (CET/CEST)","202","","712"
"Switzerland (CH)","21.05.2020 05:00 - 21.05.2020 06:00 (CET/CEST)","148","","685"
"Switzerland (CH)","21.05.2020 06:00 - 21.05.2020 07:00 (CET/CEST)","188","","889"
"Switzerland (CH)","21.05.2020 07:00 - 21.05.2020 08:00 (CET/CEST)","360","","999"
"Switzerland (CH)","21.05.2020 08:00 - 21.05.2020 09:00 (CET/CEST)","341","","1136"
"Switzerland (CH)","21.05.2020 09:00 - 21.05.2020 10:00 (CET/CEST)","154","","817"
"Switzerland (CH)","21.05.2020 10:00 - 21.05.2020 11:00 (CET/CEST)","116","","766"
"Switzerland (CH)","21.05.2020 11:00 - 21.05.2020 12:00 (CET/CEST)","123","","752"
"Switzerland (CH)","21.05.2020 12:00 - 21.05.2020 13:00 (CET/CEST)","128","","738"
"Switzerland (CH)","21.05.2020 13:00 - 21.05.2020 14:00 (CET/CEST)","114","","740"
"Switzerland (CH)","21.05.2020 14:00 - 21.05.2020 15:00 (CET/CEST)","97","","702"
"Switzerland (CH)","21.05.2020 15:00 - 21.05.2020 16:00 (CET/CEST)","114","","744"
"Switzerland (CH)","21.05.2020 16:00 - 21.05.2020 17:00 (CET/CEST)","109","","785"
"Switzerland (CH)","21.05.2020 17:00 - 21.05.2020 18:00 (CET/CEST)","141","","1134"
"Switzerland (CH)","21.05.2020 18:00 - 21.05.2020 19:00 (CET/CEST)","591","","1522"
"Switzerland (CH)","21.05.2020 19:00 - 21.05.2020 20:00 (CET/CEST)","1561","","2037"
"Switzerland (CH)","21.05.2020 20:00 - 21.05.2020 21:00 (CET/CEST)","1562","","2098"
"Switzerland (CH)","21.05.2020 21:00 - 21.05.2020 22:00 (CET/CEST)","1678","","2063"
"Switzerland (CH)","21.05.2020 22:00 - 21.05.2020 23:00 (CET/CEST)","1632","","1631"
"Switzerland (CH)","21.05.2020 23:00 - 22.05.2020 00:00 (CET/CEST)","1118","","1361"
"Switzerland (CH)","22.05.2020 00:00 - 22.05.2020 01:00 (CET/CEST)","683","","1215"
"Switzerland (CH)","22.05.2020 01:00 - 22.05.2020 02:00 (CET/CEST)","171","","867"
"Switzerland (CH)","22.05.2020 02:00 - 22.05.2020 03:00 (CET/CEST)","163","","929"
"Switzerland (CH)","22.05.2020 03:00 - 22.05.2020 04:00 (CET/CEST)","90","","753"
"Switzerland (CH)","22.05.2020 04:00 - 22.05.2020 05:00 (CET/CEST)","108","","736"
"Switzerland (CH)","22.05.2020 05:00 - 22.05.2020 06:00 (CET/CEST)","114","","800"
"Switzerland (CH)","22.05.2020 06:00 - 22.05.2020 07:00 (CET/CEST)","674","","1112"
"Switzerland (CH)","22.05.2020 07:00 - 22.05.2020 08:00 (CET/CEST)","687","","1480"
"Switzerland (CH)","22.05.2020 08:00 - 22.05.2020 09:00 (CET/CEST)","591","","1714"
"Switzerland (CH)","22.05.2020 09:00 - 22.05.2020 10:00 (CET/CEST)","471","","1486"
"Switzerland (CH)","22.05.2020 10:00 - 22.05.2020 11:00 (CET/CEST)","154","","950"
"Switzerland (CH)","22.05.2020 11:00 - 22.05.2020 12:00 (CET/CEST)","177","","830"
"Switzerland (CH)","22.05.2020 12:00 - 22.05.2020 13:00 (CET/CEST)","444","","885"
"Switzerland (CH)","22.05.2020 13:00 - 22.05.2020 14:00 (CET/CEST)","378","","847"
"Switzerland (CH)","22.05.2020 14:00 - 22.05.2020 15:00 (CET/CEST)","321","","701"
"Switzerland (CH)","22.05.2020 15:00 - 22.05.2020 16:00 (CET/CEST)","139","","787"
"Switzerland (CH)","22.05.2020 16:00 - 22.05.2020 17:00 (CET/CEST)","173","","944"
"Switzerland (CH)","22.05.2020 17:00 - 22.05.2020 18:00 (CET/CEST)","900","","1419"
"Switzerland (CH)","22.05.2020 18:00 - 22.05.2020 19:00 (CET/CEST)","987","","1281"
"Switzerland (CH)","22.05.2020 19:00 - 22.05.2020 20:00 (CET/CEST)","1171","","1363"
"Switzerland (CH)","22.05.2020 20:00 - 22.05.2020 21:00 (CET/CEST)","1027","","1234"
"Switzerland (CH)","22.05.2020 21:00 - 22.05.2020 22:00 (CET/CEST)","1022","","1301"
"Switzerland (CH)","22.05.2020 22:00 - 22.05.2020 23:00 (CET/CEST)","985","","1453"
"Switzerland (CH)","22.05.2020 23:00 - 23.05.2020 00:00 (CET/CEST)","608","","1171"
"Switzerland (CH)","23.05.2020 00:00 - 23.05.2020 01:00 (CET/CEST)","170","","996"
"Switzerland (CH)","23.05.2020 01:00 - 23.05.2020 02:00 (CET/CEST)","129","","724"
"Switzerland (CH)","23.05.2020 02:00 - 23.05.2020 03:00 (CET/CEST)","132","","669"
"Switzerland (CH)","23.05.2020 03:00 - 23.05.2020 04:00 (CET/CEST)","118","","665"
"Switzerland (CH)","23.05.2020 04:00 - 23.05.2020 05:00 (CET/CEST)","103","","660"
"Switzerland (CH)","23.05.2020 05:00 - 23.05.2020 06:00 (CET/CEST)","89","","626"
"Switzerland (CH)","23.05.2020 06:00 - 23.05.2020 07:00 (CET/CEST)","114","","661"
"Switzerland (CH)","23.05.2020 07:00 - 23.05.2020 08:00 (CET/CEST)","149","","965"
"Switzerland (CH)","23.05.2020 08:00 - 23.05.2020 09:00 (CET/CEST)","161","","1123"
"Switzerland (CH)","23.05.2020 09:00 - 23.05.2020 10:00 (CET/CEST)","643","","1245"
"Switzerland (CH)","23.05.2020 10:00 - 23.05.2020 11:00 (CET/CEST)","630","","908"
"Switzerland (CH)","23.05.2020 11:00 - 23.05.2020 12:00 (CET/CEST)","82","","690"
"Switzerland (CH)","23.05.2020 12:00 - 23.05.2020 13:00 (CET/CEST)","127","","848"
"Switzerland (CH)","23.05.2020 13:00 - 23.05.2020 14:00 (CET/CEST)","127","","725"
"Switzerland (CH)","23.05.2020 14:00 - 23.05.2020 15:00 (CET/CEST)","98","","633"
"Switzerland (CH)","23.05.2020 15:00 - 23.05.2020 16:00 (CET/CEST)","67","","684"
"Switzerland (CH)","23.05.2020 16:00 - 23.05.2020 17:00 (CET/CEST)","79","","667"
"Switzerland (CH)","23.05.2020 17:00 - 23.05.2020 18:00 (CET/CEST)","85","","995"
"Switzerland (CH)","23.05.2020 18:00 - 23.05.2020 19:00 (CET/CEST)","104","","1158"
"Switzerland (CH)","23.05.2020 19:00 - 23.05.2020 20:00 (CET/CEST)","371","","1263"
"Switzerland (CH)","23.05.2020 20:00 - 23.05.2020 21:00 (CET/CEST)","678","","1400"
"Switzerland (CH)","23.05.2020 21:00 - 23.05.2020 22:00 (CET/CEST)","649","","1325"
"Switzerland (CH)","23.05.2020 22:00 - 23.05.2020 23:00 (CET/CEST)","644","","1367"
"Switzerland (CH)","23.05.2020 23:00 - 24.05.2020 00:00 (CET/CEST)","606","","1186"
"Switzerland (CH)","24.05.2020 00:00 - 24.05.2020 01:00 (CET/CEST)","113","","942"
"Switzerland (CH)","24.05.2020 01:00 - 24.05.2020 02:00 (CET/CEST)","84","","761"
"Switzerland (CH)","24.05.2020 02:00 - 24.05.2020 03:00 (CET/CEST)","91","","545"
"Switzerland (CH)","24.05.2020 03:00 - 24.05.2020 04:00 (CET/CEST)","95","","509"
"Switzerland (CH)","24.05.2020 04:00 - 24.05.2020 05:00 (CET/CEST)","114","","445"
"Switzerland (CH)","24.05.2020 05:00 - 24.05.2020 06:00 (CET/CEST)","103","","434"
"Switzerland (CH)","24.05.2020 06:00 - 24.05.2020 07:00 (CET/CEST)","64","","447"
"Switzerland (CH)","24.05.2020 07:00 - 24.05.2020 08:00 (CET/CEST)","93","","473"
"Switzerland (CH)","24.05.2020 08:00 - 24.05.2020 09:00 (CET/CEST)","106","","514"
"Switzerland (CH)","24.05.2020 09:00 - 24.05.2020 10:00 (CET/CEST)","73","","431"
"Switzerland (CH)","24.05.2020 10:00 - 24.05.2020 11:00 (CET/CEST)","111","","413"
"Switzerland (CH)","24.05.2020 11:00 - 24.05.2020 12:00 (CET/CEST)","125","","377"
"Switzerland (CH)","24.05.2020 12:00 - 24.05.2020 13:00 (CET/CEST)","160","","389"
"Switzerland (CH)","24.05.2020 13:00 - 24.05.2020 14:00 (CET/CEST)","160","","389"
"Switzerland (CH)","24.05.2020 14:00 - 24.05.2020 15:00 (CET/CEST)","139","","407"
"Switzerland (CH)","24.05.2020 15:00 - 24.05.2020 16:00 (CET/CEST)","90","","410"
"Switzerland (CH)","24.05.2020 16:00 - 24.05.2020 17:00 (CET/CEST)","99","","411"
"Switzerland (CH)","24.05.2020 17:00 - 24.05.2020 18:00 (CET/CEST)","131","","534"
"Switzerland (CH)","24.05.2020 18:00 - 24.05.2020 19:00 (CET/CEST)","127","","815"
"Switzerland (CH)","24.05.2020 19:00 - 24.05.2020 20:00 (CET/CEST)","172","","848"
"Switzerland (CH)","24.05.2020 20:00 - 24.05.2020 21:00 (CET/CEST)","669","","1137"
"Switzerland (CH)","24.05.2020 21:00 - 24.05.2020 22:00 (CET/CEST)","778","","1208"
"Switzerland (CH)","24.05.2020 22:00 - 24.05.2020 23:00 (CET/CEST)","785","","1224"
"Switzerland (CH)","24.05.2020 23:00 - 25.05.2020 00:00 (CET/CEST)","178","","789"
"Switzerland (CH)","25.05.2020 00:00 - 25.05.2020 01:00 (CET/CEST)","130","","624"
"Switzerland (CH)","25.05.2020 01:00 - 25.05.2020 02:00 (CET/CEST)","89","","578"
"Switzerland (CH)","25.05.2020 02:00 - 25.05.2020 03:00 (CET/CEST)","119","","566"
"Switzerland (CH)","25.05.2020 03:00 - 25.05.2020 04:00 (CET/CEST)","127","","599"
"Switzerland (CH)","25.05.2020 04:00 - 25.05.2020 05:00 (CET/CEST)","124","","583"
"Switzerland (CH)","25.05.2020 05:00 - 25.05.2020 06:00 (CET/CEST)","129","","604"
"Switzerland (CH)","25.05.2020 06:00 - 25.05.2020 07:00 (CET/CEST)","203","","731"
"Switzerland (CH)","25.05.2020 07:00 - 25.05.2020 08:00 (CET/CEST)","274","","1229"
"Switzerland (CH)","25.05.2020 08:00 - 25.05.2020 09:00 (CET/CEST)","1021","","1420"
"Switzerland (CH)","25.05.2020 09:00 - 25.05.2020 10:00 (CET/CEST)","1141","","1338"
"Switzerland (CH)","25.05.2020 10:00 - 25.05.2020 11:00 (CET/CEST)","1034","","1179"
"Switzerland (CH)","25.05.2020 11:00 - 25.05.2020 12:00 (CET/CEST)","868","","1018"
"Switzerland (CH)","25.05.2020 12:00 - 25.05.2020 13:00 (CET/CEST)","425","","734"
"Switzerland (CH)","25.05.2020 13:00 - 25.05.2020 14:00 (CET/CEST)","264","","691"
"Switzerland (CH)","25.05.2020 14:00 - 25.05.2020 15:00 (CET/CEST)","276","","1147"
"Switzerland (CH)","25.05.2020 15:00 - 25.05.2020 16:00 (CET/CEST)","305","","1205"
"Switzerland (CH)","25.05.2020 16:00 - 25.05.2020 17:00 (CET/CEST)","606","","1083"
"Switzerland (CH)","25.05.2020 17:00 - 25.05.2020 18:00 (CET/CEST)","752","","911"
"Switzerland (CH)","25.05.2020 18:00 - 25.05.2020 19:00 (CET/CEST)","1368","","1320"
"Switzerland (CH)","25.05.2020 19:00 - 25.05.2020 20:00 (CET/CEST)","2075","","1939"
"Switzerland (CH)","25.05.2020 20:00 - 25.05.2020 21:00 (CET/CEST)","1950","","1955"
"Switzerland (CH)","25.05.2020 21:00 - 25.05.2020 22:00 (CET/CEST)","1901","","2004"
"Switzerland (CH)","25.05.2020 22:00 - 25.05.2020 23:00 (CET/CEST)","1634","","1666"
"Switzerland (CH)","25.05.2020 23:00 - 26.05.2020 00:00 (CET/CEST)","1251","","1063"
"Switzerland (CH)","26.05.2020 00:00 - 26.05.2020 01:00 (CET/CEST)","815","","721"
"Switzerland (CH)","26.05.2020 01:00 - 26.05.2020 02:00 (CET/CEST)","440","","638"
"Switzerland (CH)","26.05.2020 02:00 - 26.05.2020 03:00 (CET/CEST)","354","","569"
"Switzerland (CH)","26.05.2020 03:00 - 26.05.2020 04:00 (CET/CEST)","275","","555"
"Switzerland (CH)","26.05.2020 04:00 - 26.05.2020 05:00 (CET/CEST)","317","","636"
"Switzerland (CH)","26.05.2020 05:00 - 26.05.2020 06:00 (CET/CEST)","395","","805"
"Switzerland (CH)","26.05.2020 06:00 - 26.05.2020 07:00 (CET/CEST)","1639","","1364"
"Switzerland (CH)","26.05.2020 07:00 - 26.05.2020 08:00 (CET/CEST)","2018","","2026"
"Switzerland (CH)","26.05.2020 08:00 - 26.05.2020 09:00 (CET/CEST)","2136","","2287"
"Switzerland (CH)","26.05.2020 09:00 - 26.05.2020 10:00 (CET/CEST)","1454","","1675"
"Switzerland (CH)","26.05.2020 10:00 - 26.05.2020 11:00 (CET/CEST)","1423","","1866"
"Switzerland (CH)","26.05.2020 11:00 - 26.05.2020 12:00 (CET/CEST)","1403","","1531"
"Switzerland (CH)","26.05.2020 12:00 - 26.05.2020 13:00 (CET/CEST)","916","","837"
"Switzerland (CH)","26.05.2020 13:00 - 26.05.2020 14:00 (CET/CEST)","1066","","871"
"Switzerland (CH)","26.05.2020 14:00 - 26.05.2020 15:00 (CET/CEST)","1147","","959"
"Switzerland (CH)","26.05.2020 15:00 - 26.05.2020 16:00 (CET/CEST)","1163","","873"
"Switzerland (CH)","26.05.2020 16:00 - 26.05.2020 17:00 (CET/CEST)","1205","","784"
"Switzerland (CH)","26.05.2020 17:00 - 26.05.2020 18:00 (CET/CEST)","1173","","1141"
"Switzerland (CH)","26.05.2020 18:00 - 26.05.2020 19:00 (CET/CEST)","1533","","1499"
"Switzerland (CH)","26.05.2020 19:00 - 26.05.2020 20:00 (CET/CEST)","2461","","2020"
"Switzerland (CH)","26.05.2020 20:00 - 26.05.2020 21:00 (CET/CEST)","2484","","2111"
"Switzerland (CH)","26.05.2020 21:00 - 26.05.2020 22:00 (CET/CEST)","2466","","2196"
"Switzerland (CH)","26.05.2020 22:00 - 26.05.2020 23:00 (CET/CEST)","1981","","1612"
"Switzerland (CH)","26.05.2020 23:00 - 27.05.2020 00:00 (CET/CEST)","1345","","1250"
"Switzerland (CH)","27.05.2020 00:00 - 27.05.2020 01:00 (CET/CEST)","978","","906"
"Switzerland (CH)","27.05.2020 01:00 - 27.05.2020 02:00 (CET/CEST)","658","","622"
"Switzerland (CH)","27.05.2020 02:00 - 27.05.2020 03:00 (CET/CEST)","697","","577"
"Switzerland (CH)","27.05.2020 03:00 - 27.05.2020 04:00 (CET/CEST)","492","","583"
"Switzerland (CH)","27.05.2020 04:00 - 27.05.2020 05:00 (CET/CEST)","478","","594"
"Switzerland (CH)","27.05.2020 05:00 - 27.05.2020 06:00 (CET/CEST)","649","","658"
"Switzerland (CH)","27.05.2020 06:00 - 27.05.2020 07:00 (CET/CEST)","760","","1388"
"Switzerland (CH)","27.05.2020 07:00 - 27.05.2020 08:00 (CET/CEST)","1591","","1596"
"Switzerland (CH)","27.05.2020 08:00 - 27.05.2020 09:00 (CET/CEST)","1668","","1617"
"Switzerland (CH)","27.05.2020 09:00 - 27.05.2020 10:00 (CET/CEST)","1349","","1248"
"Switzerland (CH)","27.05.2020 10:00 - 27.05.2020 11:00 (CET/CEST)","1245","","881"
"Switzerland (CH)","27.05.2020 11:00 - 27.05.2020 12:00 (CET/CEST)","1283","","724"
"Switzerland (CH)","27.05.2020 12:00 - 27.05.2020 13:00 (CET/CEST)","1284","","789"
"Switzerland (CH)","27.05.2020 13:00 - 27.05.2020 14:00 (CET/CEST)","657","","737"
"Switzerland (CH)","27.05.2020 14:00 - 27.05.2020 15:00 (CET/CEST)","359","","618"
"Switzerland (CH)","27.05.2020 15:00 - 27.05.2020 16:00 (CET/CEST)","312","","617"
"Switzerland (CH)","27.05.2020 16:00 - 27.05.2020 17:00 (CET/CEST)","416","","646"
"Switzerland (CH)","27.05.2020 17:00 - 27.05.2020 18:00 (CET/CEST)","641","","774"
"Switzerland (CH)","27.05.2020 18:00 - 27.05.2020 19:00 (CET/CEST)","1388","","1136"
"Switzerland (CH)","27.05.2020 19:00 - 27.05.2020 20:00 (CET/CEST)","1803","","1770"
"Switzerland (CH)","27.05.2020 20:00 - 27.05.2020 21:00 (CET/CEST)","1919","","1801"
"Switzerland (CH)","27.05.2020 21:00 - 27.05.2020 22:00 (CET/CEST)","1898","","1712"
"Switzerland (CH)","27.05.2020 22:00 - 27.05.2020 23:00 (CET/CEST)","1754","","1831"
"Switzerland (CH)","27.05.2020 23:00 - 28.05.2020 00:00 (CET/CEST)","1230","","741"
"Switzerland (CH)","28.05.2020 00:00 - 28.05.2020 01:00 (CET/CEST)","335","","619"
"Switzerland (CH)","28.05.2020 01:00 - 28.05.2020 02:00 (CET/CEST)","109","","419"
"Switzerland (CH)","28.05.2020 02:00 - 28.05.2020 03:00 (CET/CEST)","114","","401"
"Switzerland (CH)","28.05.2020 03:00 - 28.05.2020 04:00 (CET/CEST)","113","","425"
"Switzerland (CH)","28.05.2020 04:00 - 28.05.2020 05:00 (CET/CEST)","125","","522"
"Switzerland (CH)","28.05.2020 05:00 - 28.05.2020 06:00 (CET/CEST)","196","","633"
"Switzerland (CH)","28.05.2020 06:00 - 28.05.2020 07:00 (CET/CEST)","1031","","1136"
"Switzerland (CH)","28.05.2020 07:00 - 28.05.2020 08:00 (CET/CEST)","1708","","1824"
"Switzerland (CH)","28.05.2020 08:00 - 28.05.2020 09:00 (CET/CEST)","1885","","1977"
"Switzerland (CH)","28.05.2020 09:00 - 28.05.2020 10:00 (CET/CEST)","1520","","1689"
"Switzerland (CH)","28.05.2020 10:00 - 28.05.2020 11:00 (CET/CEST)","961","","1206"
"Switzerland (CH)","28.05.2020 11:00 - 28.05.2020 12:00 (CET/CEST)","1184","","1315"
"Switzerland (CH)","28.05.2020 12:00 - 28.05.2020 13:00 (CET/CEST)","731","","750"
"Switzerland (CH)","28.05.2020 13:00 - 28.05.2020 14:00 (CET/CEST)","385","","777"
"Switzerland (CH)","28.05.2020 14:00 - 28.05.2020 15:00 (CET/CEST)","170","","668"
"Switzerland (CH)","28.05.2020 15:00 - 28.05.2020 16:00 (CET/CEST)","193","","624"
"Switzerland (CH)","28.05.2020 16:00 - 28.05.2020 17:00 (CET/CEST)","229","","600"
"Switzerland (CH)","28.05.2020 17:00 - 28.05.2020 18:00 (CET/CEST)","951","","902"
"Switzerland (CH)","28.05.2020 18:00 - 28.05.2020 19:00 (CET/CEST)","1724","","1459"
"Switzerland (CH)","28.05.2020 19:00 - 28.05.2020 20:00 (CET/CEST)","2145","","1819"
"Switzerland (CH)","28.05.2020 20:00 - 28.05.2020 21:00 (CET/CEST)","2105","","1862"
"Switzerland (CH)","28.05.2020 21:00 - 28.05.2020 22:00 (CET/CEST)","2125","","2026"
"Switzerland (CH)","28.05.2020 22:00 - 28.05.2020 23:00 (CET/CEST)","2212","","2270"
"Switzerland (CH)","28.05.2020 23:00 - 29.05.2020 00:00 (CET/CEST)","1574","","1208"
"Switzerland (CH)","29.05.2020 00:00 - 29.05.2020 01:00 (CET/CEST)","297","","578"
"Switzerland (CH)","29.05.2020 01:00 - 29.05.2020 02:00 (CET/CEST)","182","","506"
"Switzerland (CH)","29.05.2020 02:00 - 29.05.2020 03:00 (CET/CEST)","211","","510"
"Switzerland (CH)","29.05.2020 03:00 - 29.05.2020 04:00 (CET/CEST)","213","","536"
"Switzerland (CH)","29.05.2020 04:00 - 29.05.2020 05:00 (CET/CEST)","177","","575"
"Switzerland (CH)","29.05.2020 05:00 - 29.05.2020 06:00 (CET/CEST)","311","","737"
"Switzerland (CH)","29.05.2020 06:00 - 29.05.2020 07:00 (CET/CEST)","1146","","1537"
"Switzerland (CH)","29.05.2020 07:00 - 29.05.2020 08:00 (CET/CEST)","1897","","2150"
"Switzerland (CH)","29.05.2020 08:00 - 29.05.2020 09:00 (CET/CEST)","2308","","2221"
"Switzerland (CH)","29.05.2020 09:00 - 29.05.2020 10:00 (CET/CEST)","2334","","1743"
"Switzerland (CH)","29.05.2020 10:00 - 29.05.2020 11:00 (CET/CEST)","1787","","1113"
"Switzerland (CH)","29.05.2020 11:00 - 29.05.2020 12:00 (CET/CEST)","1075","","870"
"Switzerland (CH)","29.05.2020 12:00 - 29.05.2020 13:00 (CET/CEST)","476","","749"
"Switzerland (CH)","29.05.2020 13:00 - 29.05.2020 14:00 (CET/CEST)","232","","707"
"Switzerland (CH)","29.05.2020 14:00 - 29.05.2020 15:00 (CET/CEST)","235","","714"
"Switzerland (CH)","29.05.2020 15:00 - 29.05.2020 16:00 (CET/CEST)","152","","679"
"Switzerland (CH)","29.05.2020 16:00 - 29.05.2020 17:00 (CET/CEST)","153","","690"
"Switzerland (CH)","29.05.2020 17:00 - 29.05.2020 18:00 (CET/CEST)","1088","","968"
"Switzerland (CH)","29.05.2020 18:00 - 29.05.2020 19:00 (CET/CEST)","1352","","1593"
"Switzerland (CH)","29.05.2020 19:00 - 29.05.2020 20:00 (CET/CEST)","2227","","2078"
"Switzerland (CH)","29.05.2020 20:00 - 29.05.2020 21:00 (CET/CEST)","2044","","2062"
"Switzerland (CH)","29.05.2020 21:00 - 29.05.2020 22:00 (CET/CEST)","1340","","1622"
"Switzerland (CH)","29.05.2020 22:00 - 29.05.2020 23:00 (CET/CEST)","1540","","1382"
"Switzerland (CH)","29.05.2020 23:00 - 30.05.2020 00:00 (CET/CEST)","1062","","881"
"Switzerland (CH)","30.05.2020 00:00 - 30.05.2020 01:00 (CET/CEST)","165","","908"
"Switzerland (CH)","30.05.2020 01:00 - 30.05.2020 02:00 (CET/CEST)","135","","635"
"Switzerland (CH)","30.05.2020 02:00 - 30.05.2020 03:00 (CET/CEST)","140","","567"
"Switzerland (CH)","30.05.2020 03:00 - 30.05.2020 04:00 (CET/CEST)","140","","560"
"Switzerland (CH)","30.05.2020 04:00 - 30.05.2020 05:00 (CET/CEST)","117","","567"
"Switzerland (CH)","30.05.2020 05:00 - 30.05.2020 06:00 (CET/CEST)","121","","580"
"Switzerland (CH)","30.05.2020 06:00 - 30.05.2020 07:00 (CET/CEST)","102","","613"
"Switzerland (CH)","30.05.2020 07:00 - 30.05.2020 08:00 (CET/CEST)","107","","695"
"Switzerland (CH)","30.05.2020 08:00 - 30.05.2020 09:00 (CET/CEST)","120","","756"
"Switzerland (CH)","30.05.2020 09:00 - 30.05.2020 10:00 (CET/CEST)","77","","772"
"Switzerland (CH)","30.05.2020 10:00 - 30.05.2020 11:00 (CET/CEST)","48","","453"
"Switzerland (CH)","30.05.2020 11:00 - 30.05.2020 12:00 (CET/CEST)","41","","439"
"Switzerland (CH)","30.05.2020 12:00 - 30.05.2020 13:00 (CET/CEST)","67","","428"
"Switzerland (CH)","30.05.2020 13:00 - 30.05.2020 14:00 (CET/CEST)","134","","513"
"Switzerland (CH)","30.05.2020 14:00 - 30.05.2020 15:00 (CET/CEST)","81","","473"
"Switzerland (CH)","30.05.2020 15:00 - 30.05.2020 16:00 (CET/CEST)","79","","465"
"Switzerland (CH)","30.05.2020 16:00 - 30.05.2020 17:00 (CET/CEST)","66","","486"
"Switzerland (CH)","30.05.2020 17:00 - 30.05.2020 18:00 (CET/CEST)","62","","532"
"Switzerland (CH)","30.05.2020 18:00 - 30.05.2020 19:00 (CET/CEST)","65","","747"
"Switzerland (CH)","30.05.2020 19:00 - 30.05.2020 20:00 (CET/CEST)","269","","1125"
"Switzerland (CH)","30.05.2020 20:00 - 30.05.2020 21:00 (CET/CEST)","331","","1275"
"Switzerland (CH)","30.05.2020 21:00 - 30.05.2020 22:00 (CET/CEST)","392","","1332"
"Switzerland (CH)","30.05.2020 22:00 - 30.05.2020 23:00 (CET/CEST)","538","","1466"
"Switzerland (CH)","30.05.2020 23:00 - 31.05.2020 00:00 (CET/CEST)","306","","784"
"Switzerland (CH)","31.05.2020 00:00 - 31.05.2020 01:00 (CET/CEST)","109","","760"
"Switzerland (CH)","31.05.2020 01:00 - 31.05.2020 02:00 (CET/CEST)","14","","518"
"Switzerland (CH)","31.05.2020 02:00 - 31.05.2020 03:00 (CET/CEST)","33","","486"
"Switzerland (CH)","31.05.2020 03:00 - 31.05.2020 04:00 (CET/CEST)","48","","452"
"Switzerland (CH)","31.05.2020 04:00 - 31.05.2020 05:00 (CET/CEST)","116","","473"
"Switzerland (CH)","31.05.2020 05:00 - 31.05.2020 06:00 (CET/CEST)","114","","520"
"Switzerland (CH)","31.05.2020 06:00 - 31.05.2020 07:00 (CET/CEST)","98","","490"
"Switzerland (CH)","31.05.2020 07:00 - 31.05.2020 08:00 (CET/CEST)","81","","497"
"Switzerland (CH)","31.05.2020 08:00 - 31.05.2020 09:00 (CET/CEST)","112","","516"
"Switzerland (CH)","31.05.2020 09:00 - 31.05.2020 10:00 (CET/CEST)","116","","484"
"Switzerland (CH)","31.05.2020 10:00 - 31.05.2020 11:00 (CET/CEST)","143","","395"
"Switzerland (CH)","31.05.2020 11:00 - 31.05.2020 12:00 (CET/CEST)","119","","394"
"Switzerland (CH)","31.05.2020 12:00 - 31.05.2020 13:00 (CET/CEST)","121","","368"
"Switzerland (CH)","31.05.2020 13:00 - 31.05.2020 14:00 (CET/CEST)","153","","324"
"Switzerland (CH)","31.05.2020 14:00 - 31.05.2020 15:00 (CET/CEST)","138","","296"
"Switzerland (CH)","31.05.2020 15:00 - 31.05.2020 16:00 (CET/CEST)","133","","329"
"Switzerland (CH)","31.05.2020 16:00 - 31.05.2020 17:00 (CET/CEST)","130","","386"
"Switzerland (CH)","31.05.2020 17:00 - 31.05.2020 18:00 (CET/CEST)","103","","456"
"Switzerland (CH)","31.05.2020 18:00 - 31.05.2020 19:00 (CET/CEST)","62","","534"
"Switzerland (CH)","31.05.2020 19:00 - 31.05.2020 20:00 (CET/CEST)","72","","897"
"Switzerland (CH)","31.05.2020 20:00 - 31.05.2020 21:00 (CET/CEST)","137","","936"
"Switzerland (CH)","31.05.2020 21:00 - 31.05.2020 22:00 (CET/CEST)","119","","984"
"Switzerland (CH)","31.05.2020 22:00 - 31.05.2020 23:00 (CET/CEST)","158","","1074"
"Switzerland (CH)","31.05.2020 23:00 - 01.06.2020 00:00 (CET/CEST)","91","","707"
"Switzerland (CH)","01.06.2020 00:00 - 01.06.2020 01:00 (CET/CEST)","117","","651"
"Switzerland (CH)","01.06.2020 01:00 - 01.06.2020 02:00 (CET/CEST)","69","","490"
"Switzerland (CH)","01.06.2020 02:00 - 01.06.2020 03:00 (CET/CEST)","72","","488"
"Switzerland (CH)","01.06.2020 03:00 - 01.06.2020 04:00 (CET/CEST)","100","","530"
"Switzerland (CH)","01.06.2020 04:00 - 01.06.2020 05:00 (CET/CEST)","131","","562"
"Switzerland (CH)","01.06.2020 05:00 - 01.06.2020 06:00 (CET/CEST)","58","","546"
"Switzerland (CH)","01.06.2020 06:00 - 01.06.2020 07:00 (CET/CEST)","76","","535"
"Switzerland (CH)","01.06.2020 07:00 - 01.06.2020 08:00 (CET/CEST)","57","","536"
"Switzerland (CH)","01.06.2020 08:00 - 01.06.2020 09:00 (CET/CEST)","70","","530"
"Switzerland (CH)","01.06.2020 09:00 - 01.06.2020 10:00 (CET/CEST)","65","","565"
"Switzerland (CH)","01.06.2020 10:00 - 01.06.2020 11:00 (CET/CEST)","117","","549"
"Switzerland (CH)","01.06.2020 11:00 - 01.06.2020 12:00 (CET/CEST)","89","","431"
"Switzerland (CH)","01.06.2020 12:00 - 01.06.2020 13:00 (CET/CEST)","105","","404"
"Switzerland (CH)","01.06.2020 13:00 - 01.06.2020 14:00 (CET/CEST)","114","","417"
"Switzerland (CH)","01.06.2020 14:00 - 01.06.2020 15:00 (CET/CEST)","71","","366"
"Switzerland (CH)","01.06.2020 15:00 - 01.06.2020 16:00 (CET/CEST)","33","","399"
"Switzerland (CH)","01.06.2020 16:00 - 01.06.2020 17:00 (CET/CEST)","64","","435"
"Switzerland (CH)","01.06.2020 17:00 - 01.06.2020 18:00 (CET/CEST)","90","","586"
"Switzerland (CH)","01.06.2020 18:00 - 01.06.2020 19:00 (CET/CEST)","366","","1058"
"Switzerland (CH)","01.06.2020 19:00 - 01.06.2020 20:00 (CET/CEST)","1690","","1162"
"Switzerland (CH)","01.06.2020 20:00 - 01.06.2020 21:00 (CET/CEST)","1748","","1360"
"Switzerland (CH)","01.06.2020 21:00 - 01.06.2020 22:00 (CET/CEST)","1704","","1162"
"Switzerland (CH)","01.06.2020 22:00 - 01.06.2020 23:00 (CET/CEST)","1912","","1499"
"Switzerland (CH)","01.06.2020 23:00 - 02.06.2020 00:00 (CET/CEST)","1273","","750"
"Switzerland (CH)","02.06.2020 00:00 - 02.06.2020 01:00 (CET/CEST)","531","","525"
"Switzerland (CH)","02.06.2020 01:00 - 02.06.2020 02:00 (CET/CEST)","174","","344"
"Switzerland (CH)","02.06.2020 02:00 - 02.06.2020 03:00 (CET/CEST)","155","","301"
"Switzerland (CH)","02.06.2020 03:00 - 02.06.2020 04:00 (CET/CEST)","154","","317"
"Switzerland (CH)","02.06.2020 04:00 - 02.06.2020 05:00 (CET/CEST)","156","","330"
"Switzerland (CH)","02.06.2020 05:00 - 02.06.2020 06:00 (CET/CEST)","180","","354"
"Switzerland (CH)","02.06.2020 06:00 - 02.06.2020 07:00 (CET/CEST)","598","","743"
"Switzerland (CH)","02.06.2020 07:00 - 02.06.2020 08:00 (CET/CEST)","839","","1237"
"Switzerland (CH)","02.06.2020 08:00 - 02.06.2020 09:00 (CET/CEST)","1369","","1499"
"Switzerland (CH)","02.06.2020 09:00 - 02.06.2020 10:00 (CET/CEST)","1297","","1590"
"Switzerland (CH)","02.06.2020 10:00 - 02.06.2020 11:00 (CET/CEST)","973","","828"
"Switzerland (CH)","02.06.2020 11:00 - 02.06.2020 12:00 (CET/CEST)","1044","","820"
"Switzerland (CH)","02.06.2020 12:00 - 02.06.2020 13:00 (CET/CEST)","1054","","617"
"Switzerland (CH)","02.06.2020 13:00 - 02.06.2020 14:00 (CET/CEST)","1124","","816"
"Switzerland (CH)","02.06.2020 14:00 - 02.06.2020 15:00 (CET/CEST)","780","","678"
"Switzerland (CH)","02.06.2020 15:00 - 02.06.2020 16:00 (CET/CEST)","935","","744"
"Switzerland (CH)","02.06.2020 16:00 - 02.06.2020 17:00 (CET/CEST)","1118","","806"
"Switzerland (CH)","02.06.2020 17:00 - 02.06.2020 18:00 (CET/CEST)","1718","","1112"
"Switzerland (CH)","02.06.2020 18:00 - 02.06.2020 19:00 (CET/CEST)","2329","","2529"
"Switzerland (CH)","02.06.2020 19:00 - 02.06.2020 20:00 (CET/CEST)","2570","","2822"
"Switzerland (CH)","02.06.2020 20:00 - 02.06.2020 21:00 (CET/CEST)","2508","","2326"
"Switzerland (CH)","02.06.2020 21:00 - 02.06.2020 22:00 (CET/CEST)","2388","","2497"
"Switzerland (CH)","02.06.2020 22:00 - 02.06.2020 23:00 (CET/CEST)","2553","","2900"
"Switzerland (CH)","02.06.2020 23:00 - 03.06.2020 00:00 (CET/CEST)","2524","","2539"
"Switzerland (CH)","03.06.2020 00:00 - 03.06.2020 01:00 (CET/CEST)","1711","","1450"
"Switzerland (CH)","03.06.2020 01:00 - 03.06.2020 02:00 (CET/CEST)","1301","","937"
"Switzerland (CH)","03.06.2020 02:00 - 03.06.2020 03:00 (CET/CEST)","805","","679"
"Switzerland (CH)","03.06.2020 03:00 - 03.06.2020 04:00 (CET/CEST)","512","","831"
"Switzerland (CH)","03.06.2020 04:00 - 03.06.2020 05:00 (CET/CEST)","544","","782"
"Switzerland (CH)","03.06.2020 05:00 - 03.06.2020 06:00 (CET/CEST)","742","","754"
"Switzerland (CH)","03.06.2020 06:00 - 03.06.2020 07:00 (CET/CEST)","1650","","1483"
"Switzerland (CH)","03.06.2020 07:00 - 03.06.2020 08:00 (CET/CEST)","2636","","2478"
"Switzerland (CH)","03.06.2020 08:00 - 03.06.2020 09:00 (CET/CEST)","2894","","2542"
"Switzerland (CH)","03.06.2020 09:00 - 03.06.2020 10:00 (CET/CEST)","2230","","2586"
"Switzerland (CH)","03.06.2020 10:00 - 03.06.2020 11:00 (CET/CEST)","2218","","2551"
"Switzerland (CH)","03.06.2020 11:00 - 03.06.2020 12:00 (CET/CEST)","1864","","2581"
"Switzerland (CH)","03.06.2020 12:00 - 03.06.2020 13:00 (CET/CEST)","1657","","2205"
"Switzerland (CH)","03.06.2020 13:00 - 03.06.2020 14:00 (CET/CEST)","1401","","2007"
"Switzerland (CH)","03.06.2020 14:00 - 03.06.2020 15:00 (CET/CEST)","1244","","1958"
"Switzerland (CH)","03.06.2020 15:00 - 03.06.2020 16:00 (CET/CEST)","1799","","2260"
"Switzerland (CH)","03.06.2020 16:00 - 03.06.2020 17:00 (CET/CEST)","1915","","2217"
"Switzerland (CH)","03.06.2020 17:00 - 03.06.2020 18:00 (CET/CEST)","1996","","2033"
"Switzerland (CH)","03.06.2020 18:00 - 03.06.2020 19:00 (CET/CEST)","1590","","2192"
"Switzerland (CH)","03.06.2020 19:00 - 03.06.2020 20:00 (CET/CEST)","2424","","2518"
"Switzerland (CH)","03.06.2020 20:00 - 03.06.2020 21:00 (CET/CEST)","2388","","2623"
"Switzerland (CH)","03.06.2020 21:00 - 03.06.2020 22:00 (CET/CEST)","2233","","2383"
"Switzerland (CH)","03.06.2020 22:00 - 03.06.2020 23:00 (CET/CEST)","1928","","2088"
"Switzerland (CH)","03.06.2020 23:00 - 04.06.2020 00:00 (CET/CEST)","1207","","1371"
"Switzerland (CH)","04.06.2020 00:00 - 04.06.2020 01:00 (CET/CEST)","707","","902"
"Switzerland (CH)","04.06.2020 01:00 - 04.06.2020 02:00 (CET/CEST)","532","","860"
"Switzerland (CH)","04.06.2020 02:00 - 04.06.2020 03:00 (CET/CEST)","562","","989"
"Switzerland (CH)","04.06.2020 03:00 - 04.06.2020 04:00 (CET/CEST)","564","","1396"
"Switzerland (CH)","04.06.2020 04:00 - 04.06.2020 05:00 (CET/CEST)","608","","827"
"Switzerland (CH)","04.06.2020 05:00 - 04.06.2020 06:00 (CET/CEST)","704","","892"
"Switzerland (CH)","04.06.2020 06:00 - 04.06.2020 07:00 (CET/CEST)","1307","","1766"
"Switzerland (CH)","04.06.2020 07:00 - 04.06.2020 08:00 (CET/CEST)","1775","","2241"
"Switzerland (CH)","04.06.2020 08:00 - 04.06.2020 09:00 (CET/CEST)","2134","","2652"
"Switzerland (CH)","04.06.2020 09:00 - 04.06.2020 10:00 (CET/CEST)","2466","","2807"
"Switzerland (CH)","04.06.2020 10:00 - 04.06.2020 11:00 (CET/CEST)","2276","","2694"
"Switzerland (CH)","04.06.2020 11:00 - 04.06.2020 12:00 (CET/CEST)","2185","","2751"
"Switzerland (CH)","04.06.2020 12:00 - 04.06.2020 13:00 (CET/CEST)","1910","","2713"
"Switzerland (CH)","04.06.2020 13:00 - 04.06.2020 14:00 (CET/CEST)","2073","","2651"
"Switzerland (CH)","04.06.2020 14:00 - 04.06.2020 15:00 (CET/CEST)","2382","","2678"
"Switzerland (CH)","04.06.2020 15:00 - 04.06.2020 16:00 (CET/CEST)","2002","","2648"
"Switzerland (CH)","04.06.2020 16:00 - 04.06.2020 17:00 (CET/CEST)","1882","","2580"
"Switzerland (CH)","04.06.2020 17:00 - 04.06.2020 18:00 (CET/CEST)","1974","","2084"
"Switzerland (CH)","04.06.2020 18:00 - 04.06.2020 19:00 (CET/CEST)","1847","","2309"
"Switzerland (CH)","04.06.2020 19:00 - 04.06.2020 20:00 (CET/CEST)","1943","","2350"
"Switzerland (CH)","04.06.2020 20:00 - 04.06.2020 21:00 (CET/CEST)","1716","","2200"
"Switzerland (CH)","04.06.2020 21:00 - 04.06.2020 22:00 (CET/CEST)","1533","","1763"
"Switzerland (CH)","04.06.2020 22:00 - 04.06.2020 23:00 (CET/CEST)","1051","","1710"
"Switzerland (CH)","04.06.2020 23:00 - 05.06.2020 00:00 (CET/CEST)","494","","1137"
"Switzerland (CH)","05.06.2020 00:00 - 05.06.2020 01:00 (CET/CEST)","165","","1117"
"Switzerland (CH)","05.06.2020 01:00 - 05.06.2020 02:00 (CET/CEST)","97","","881"
"Switzerland (CH)","05.06.2020 02:00 - 05.06.2020 03:00 (CET/CEST)","34","","790"
"Switzerland (CH)","05.06.2020 03:00 - 05.06.2020 04:00 (CET/CEST)","33","","833"
"Switzerland (CH)","05.06.2020 04:00 - 05.06.2020 05:00 (CET/CEST)","70","","856"
"Switzerland (CH)","05.06.2020 05:00 - 05.06.2020 06:00 (CET/CEST)","143","","914"
"Switzerland (CH)","05.06.2020 06:00 - 05.06.2020 07:00 (CET/CEST)","430","","1092"
"Switzerland (CH)","05.06.2020 07:00 - 05.06.2020 08:00 (CET/CEST)","867","","1653"
"Switzerland (CH)","05.06.2020 08:00 - 05.06.2020 09:00 (CET/CEST)","1645","","2115"
"Switzerland (CH)","05.06.2020 09:00 - 05.06.2020 10:00 (CET/CEST)","1439","","2157"
"Switzerland (CH)","05.06.2020 10:00 - 05.06.2020 11:00 (CET/CEST)","803","","1625"
"Switzerland (CH)","05.06.2020 11:00 - 05.06.2020 12:00 (CET/CEST)","1010","","1641"
"Switzerland (CH)","05.06.2020 12:00 - 05.06.2020 13:00 (CET/CEST)","408","","1321"
"Switzerland (CH)","05.06.2020 13:00 - 05.06.2020 14:00 (CET/CEST)","213","","885"
"Switzerland (CH)","05.06.2020 14:00 - 05.06.2020 15:00 (CET/CEST)","150","","792"
"Switzerland (CH)","05.06.2020 15:00 - 05.06.2020 16:00 (CET/CEST)","157","","753"
"Switzerland (CH)","05.06.2020 16:00 - 05.06.2020 17:00 (CET/CEST)","152","","834"
"Switzerland (CH)","05.06.2020 17:00 - 05.06.2020 18:00 (CET/CEST)","178","","989"
"Switzerland (CH)","05.06.2020 18:00 - 05.06.2020 19:00 (CET/CEST)","203","","1321"
"Switzerland (CH)","05.06.2020 19:00 - 05.06.2020 20:00 (CET/CEST)","254","","1462"
"Switzerland (CH)","05.06.2020 20:00 - 05.06.2020 21:00 (CET/CEST)","229","","1193"
"Switzerland (CH)","05.06.2020 21:00 - 05.06.2020 22:00 (CET/CEST)","164","","1070"
"Switzerland (CH)","05.06.2020 22:00 - 05.06.2020 23:00 (CET/CEST)","89","","1023"
"Switzerland (CH)","05.06.2020 23:00 - 06.06.2020 00:00 (CET/CEST)","125","","839"
"Switzerland (CH)","06.06.2020 00:00 - 06.06.2020 01:00 (CET/CEST)","165","","876"
"Switzerland (CH)","06.06.2020 01:00 - 06.06.2020 02:00 (CET/CEST)","132","","830"
"Switzerland (CH)","06.06.2020 02:00 - 06.06.2020 03:00 (CET/CEST)","116","","747"
"Switzerland (CH)","06.06.2020 03:00 - 06.06.2020 04:00 (CET/CEST)","152","","790"
"Switzerland (CH)","06.06.2020 04:00 - 06.06.2020 05:00 (CET/CEST)","117","","813"
"Switzerland (CH)","06.06.2020 05:00 - 06.06.2020 06:00 (CET/CEST)","74","","688"
"Switzerland (CH)","06.06.2020 06:00 - 06.06.2020 07:00 (CET/CEST)","129","","676"
"Switzerland (CH)","06.06.2020 07:00 - 06.06.2020 08:00 (CET/CEST)","131","","640"
"Switzerland (CH)","06.06.2020 08:00 - 06.06.2020 09:00 (CET/CEST)","152","","645"
"Switzerland (CH)","06.06.2020 09:00 - 06.06.2020 10:00 (CET/CEST)","132","","607"
"Switzerland (CH)","06.06.2020 10:00 - 06.06.2020 11:00 (CET/CEST)","57","","677"
"Switzerland (CH)","06.06.2020 11:00 - 06.06.2020 12:00 (CET/CEST)","143","","574"
"Switzerland (CH)","06.06.2020 12:00 - 06.06.2020 13:00 (CET/CEST)","183","","574"
"Switzerland (CH)","06.06.2020 13:00 - 06.06.2020 14:00 (CET/CEST)","133","","436"
"Switzerland (CH)","06.06.2020 14:00 - 06.06.2020 15:00 (CET/CEST)","157","","423"
"Switzerland (CH)","06.06.2020 15:00 - 06.06.2020 16:00 (CET/CEST)","150","","466"
"Switzerland (CH)","06.06.2020 16:00 - 06.06.2020 17:00 (CET/CEST)","136","","460"
"Switzerland (CH)","06.06.2020 17:00 - 06.06.2020 18:00 (CET/CEST)","151","","547"
"Switzerland (CH)","06.06.2020 18:00 - 06.06.2020 19:00 (CET/CEST)","146","","757"
"Switzerland (CH)","06.06.2020 19:00 - 06.06.2020 20:00 (CET/CEST)","286","","1171"
"Switzerland (CH)","06.06.2020 20:00 - 06.06.2020 21:00 (CET/CEST)","688","","1586"
"Switzerland (CH)","06.06.2020 21:00 - 06.06.2020 22:00 (CET/CEST)","619","","1647"
"Switzerland (CH)","06.06.2020 22:00 - 06.06.2020 23:00 (CET/CEST)","573","","1666"
"Switzerland (CH)","06.06.2020 23:00 - 07.06.2020 00:00 (CET/CEST)","483","","1112"
"Switzerland (CH)","07.06.2020 00:00 - 07.06.2020 01:00 (CET/CEST)","203","","1050"
"Switzerland (CH)","07.06.2020 01:00 - 07.06.2020 02:00 (CET/CEST)","193","","797"
"Switzerland (CH)","07.06.2020 02:00 - 07.06.2020 03:00 (CET/CEST)","126","","758"
"Switzerland (CH)","07.06.2020 03:00 - 07.06.2020 04:00 (CET/CEST)","87","","675"
"Switzerland (CH)","07.06.2020 04:00 - 07.06.2020 05:00 (CET/CEST)","87","","722"
"Switzerland (CH)","07.06.2020 05:00 - 07.06.2020 06:00 (CET/CEST)","97","","723"
"Switzerland (CH)","07.06.2020 06:00 - 07.06.2020 07:00 (CET/CEST)","91","","766"
"Switzerland (CH)","07.06.2020 07:00 - 07.06.2020 08:00 (CET/CEST)","84","","865"
"Switzerland (CH)","07.06.2020 08:00 - 07.06.2020 09:00 (CET/CEST)","105","","906"
"Switzerland (CH)","07.06.2020 09:00 - 07.06.2020 10:00 (CET/CEST)","126","","999"
"Switzerland (CH)","07.06.2020 10:00 - 07.06.2020 11:00 (CET/CEST)","163","","1130"
"Switzerland (CH)","07.06.2020 11:00 - 07.06.2020 12:00 (CET/CEST)","119","","1426"
"Switzerland (CH)","07.06.2020 12:00 - 07.06.2020 13:00 (CET/CEST)","109","","1727"
"Switzerland (CH)","07.06.2020 13:00 - 07.06.2020 14:00 (CET/CEST)","153","","1593"
"Switzerland (CH)","07.06.2020 14:00 - 07.06.2020 15:00 (CET/CEST)","147","","1643"
"Switzerland (CH)","07.06.2020 15:00 - 07.06.2020 16:00 (CET/CEST)","396","","1505"
"Switzerland (CH)","07.06.2020 16:00 - 07.06.2020 17:00 (CET/CEST)","269","","1292"
"Switzerland (CH)","07.06.2020 17:00 - 07.06.2020 18:00 (CET/CEST)","401","","1358"
"Switzerland (CH)","07.06.2020 18:00 - 07.06.2020 19:00 (CET/CEST)","1060","","1488"
"Switzerland (CH)","07.06.2020 19:00 - 07.06.2020 20:00 (CET/CEST)","964","","1611"
"Switzerland (CH)","07.06.2020 20:00 - 07.06.2020 21:00 (CET/CEST)","1045","","1619"
"Switzerland (CH)","07.06.2020 21:00 - 07.06.2020 22:00 (CET/CEST)","996","","1678"
"Switzerland (CH)","07.06.2020 22:00 - 07.06.2020 23:00 (CET/CEST)","873","","1923"
"Switzerland (CH)","07.06.2020 23:00 - 08.06.2020 00:00 (CET/CEST)","758","","1597"
"Switzerland (CH)","08.06.2020 00:00 - 08.06.2020 01:00 (CET/CEST)","755","","1345"
"Switzerland (CH)","08.06.2020 01:00 - 08.06.2020 02:00 (CET/CEST)","685","","1214"
"Switzerland (CH)","08.06.2020 02:00 - 08.06.2020 03:00 (CET/CEST)","651","","1181"
"Switzerland (CH)","08.06.2020 03:00 - 08.06.2020 04:00 (CET/CEST)","438","","1210"
"Switzerland (CH)","08.06.2020 04:00 - 08.06.2020 05:00 (CET/CEST)","438","","1086"
"Switzerland (CH)","08.06.2020 05:00 - 08.06.2020 06:00 (CET/CEST)","559","","1163"
"Switzerland (CH)","08.06.2020 06:00 - 08.06.2020 07:00 (CET/CEST)","897","","1529"
"Switzerland (CH)","08.06.2020 07:00 - 08.06.2020 08:00 (CET/CEST)","1832","","2179"
"Switzerland (CH)","08.06.2020 08:00 - 08.06.2020 09:00 (CET/CEST)","2050","","2518"
"Switzerland (CH)","08.06.2020 09:00 - 08.06.2020 10:00 (CET/CEST)","1957","","2544"
"Switzerland (CH)","08.06.2020 10:00 - 08.06.2020 11:00 (CET/CEST)","1755","","2342"
"Switzerland (CH)","08.06.2020 11:00 - 08.06.2020 12:00 (CET/CEST)","1882","","2421"
"Switzerland (CH)","08.06.2020 12:00 - 08.06.2020 13:00 (CET/CEST)","1798","","2273"
"Switzerland (CH)","08.06.2020 13:00 - 08.06.2020 14:00 (CET/CEST)","1552","","2272"
"Switzerland (CH)","08.06.2020 14:00 - 08.06.2020 15:00 (CET/CEST)","1402","","2262"
"Switzerland (CH)","08.06.2020 15:00 - 08.06.2020 16:00 (CET/CEST)","1485","","2057"
"Switzerland (CH)","08.06.2020 16:00 - 08.06.2020 17:00 (CET/CEST)","1263","","1662"
"Switzerland (CH)","08.06.2020 17:00 - 08.06.2020 18:00 (CET/CEST)","1244","","1877"
"Switzerland (CH)","08.06.2020 18:00 - 08.06.2020 19:00 (CET/CEST)","1294","","2236"
"Switzerland (CH)","08.06.2020 19:00 - 08.06.2020 20:00 (CET/CEST)","2273","","2653"
"Switzerland (CH)","08.06.2020 20:00 - 08.06.2020 21:00 (CET/CEST)","1328","","2137"
"Switzerland (CH)","08.06.2020 21:00 - 08.06.2020 22:00 (CET/CEST)","1219","","1912"
"Switzerland (CH)","08.06.2020 22:00 - 08.06.2020 23:00 (CET/CEST)","1133","","1834"
"Switzerland (CH)","08.06.2020 23:00 - 09.06.2020 00:00 (CET/CEST)","842","","1166"
"Switzerland (CH)","09.06.2020 00:00 - 09.06.2020 01:00 (CET/CEST)","473","","1036"
"Switzerland (CH)","09.06.2020 01:00 - 09.06.2020 02:00 (CET/CEST)","244","","900"
"Switzerland (CH)","09.06.2020 02:00 - 09.06.2020 03:00 (CET/CEST)","234","","939"
"Switzerland (CH)","09.06.2020 03:00 - 09.06.2020 04:00 (CET/CEST)","212","","910"
"Switzerland (CH)","09.06.2020 04:00 - 09.06.2020 05:00 (CET/CEST)","203","","930"
"Switzerland (CH)","09.06.2020 05:00 - 09.06.2020 06:00 (CET/CEST)","260","","913"
"Switzerland (CH)","09.06.2020 06:00 - 09.06.2020 07:00 (CET/CEST)","841","","1808"
"Switzerland (CH)","09.06.2020 07:00 - 09.06.2020 08:00 (CET/CEST)","1853","","2569"
"Switzerland (CH)","09.06.2020 08:00 - 09.06.2020 09:00 (CET/CEST)","2160","","2686"
"Switzerland (CH)","09.06.2020 09:00 - 09.06.2020 10:00 (CET/CEST)","2353","","2705"
"Switzerland (CH)","09.06.2020 10:00 - 09.06.2020 11:00 (CET/CEST)","2438","","2688"
"Switzerland (CH)","09.06.2020 11:00 - 09.06.2020 12:00 (CET/CEST)","2429","","2663"
"Switzerland (CH)","09.06.2020 12:00 - 09.06.2020 13:00 (CET/CEST)","2212","","2546"
"Switzerland (CH)","09.06.2020 13:00 - 09.06.2020 14:00 (CET/CEST)","1832","","2257"
"Switzerland (CH)","09.06.2020 14:00 - 09.06.2020 15:00 (CET/CEST)","1278","","1887"
"Switzerland (CH)","09.06.2020 15:00 - 09.06.2020 16:00 (CET/CEST)","1010","","1559"
"Switzerland (CH)","09.06.2020 16:00 - 09.06.2020 17:00 (CET/CEST)","1069","","1612"
"Switzerland (CH)","09.06.2020 17:00 - 09.06.2020 18:00 (CET/CEST)","1269","","2154"
"Switzerland (CH)","09.06.2020 18:00 - 09.06.2020 19:00 (CET/CEST)","1737","","2502"
"Switzerland (CH)","09.06.2020 19:00 - 09.06.2020 20:00 (CET/CEST)","2378","","2600"
"Switzerland (CH)","09.06.2020 20:00 - 09.06.2020 21:00 (CET/CEST)","1987","","2492"
"Switzerland (CH)","09.06.2020 21:00 - 09.06.2020 22:00 (CET/CEST)","1940","","2220"
"Switzerland (CH)","09.06.2020 22:00 - 09.06.2020 23:00 (CET/CEST)","1874","","2022"
"Switzerland (CH)","09.06.2020 23:00 - 10.06.2020 00:00 (CET/CEST)","791","","1131"
"Switzerland (CH)","10.06.2020 00:00 - 10.06.2020 01:00 (CET/CEST)","214","","832"
"Switzerland (CH)","10.06.2020 01:00 - 10.06.2020 02:00 (CET/CEST)","169","","851"
"Switzerland (CH)","10.06.2020 02:00 - 10.06.2020 03:00 (CET/CEST)","141","","822"
"Switzerland (CH)","10.06.2020 03:00 - 10.06.2020 04:00 (CET/CEST)","113","","766"
"Switzerland (CH)","10.06.2020 04:00 - 10.06.2020 05:00 (CET/CEST)","148","","793"
"Switzerland (CH)","10.06.2020 05:00 - 10.06.2020 06:00 (CET/CEST)","200","","922"
"Switzerland (CH)","10.06.2020 06:00 - 10.06.2020 07:00 (CET/CEST)","772","","1397"
"Switzerland (CH)","10.06.2020 07:00 - 10.06.2020 08:00 (CET/CEST)","1796","","2301"
"Switzerland (CH)","10.06.2020 08:00 - 10.06.2020 09:00 (CET/CEST)","2306","","2683"
"Switzerland (CH)","10.06.2020 09:00 - 10.06.2020 10:00 (CET/CEST)","2437","","2708"
"Switzerland (CH)","10.06.2020 10:00 - 10.06.2020 11:00 (CET/CEST)","2214","","2714"
"Switzerland (CH)","10.06.2020 11:00 - 10.06.2020 12:00 (CET/CEST)","2019","","2736"
"Switzerland (CH)","10.06.2020 12:00 - 10.06.2020 13:00 (CET/CEST)","1887","","2794"
"Switzerland (CH)","10.06.2020 13:00 - 10.06.2020 14:00 (CET/CEST)","1842","","2557"
"Switzerland (CH)","10.06.2020 14:00 - 10.06.2020 15:00 (CET/CEST)","1763","","2541"
"Switzerland (CH)","10.06.2020 15:00 - 10.06.2020 16:00 (CET/CEST)","1598","","1860"
"Switzerland (CH)","10.06.2020 16:00 - 10.06.2020 17:00 (CET/CEST)","1463","","1577"
"Switzerland (CH)","10.06.2020 17:00 - 10.06.2020 18:00 (CET/CEST)","1616","","1954"
"Switzerland (CH)","10.06.2020 18:00 - 10.06.2020 19:00 (CET/CEST)","1966","","2595"
"Switzerland (CH)","10.06.2020 19:00 - 10.06.2020 20:00 (CET/CEST)","2127","","2490"
"Switzerland (CH)","10.06.2020 20:00 - 10.06.2020 21:00 (CET/CEST)","1971","","2579"
"Switzerland (CH)","10.06.2020 21:00 - 10.06.2020 22:00 (CET/CEST)","1845","","2142"
"Switzerland (CH)","10.06.2020 22:00 - 10.06.2020 23:00 (CET/CEST)","1794","","2196"
"Switzerland (CH)","10.06.2020 23:00 - 11.06.2020 00:00 (CET/CEST)","1130","","1508"
"Switzerland (CH)","11.06.2020 00:00 - 11.06.2020 01:00 (CET/CEST)","640","","968"
"Switzerland (CH)","11.06.2020 01:00 - 11.06.2020 02:00 (CET/CEST)","173","","860"
"Switzerland (CH)","11.06.2020 02:00 - 11.06.2020 03:00 (CET/CEST)","135","","880"
"Switzerland (CH)","11.06.2020 03:00 - 11.06.2020 04:00 (CET/CEST)","162","","906"
"Switzerland (CH)","11.06.2020 04:00 - 11.06.2020 05:00 (CET/CEST)","157","","850"
"Switzerland (CH)","11.06.2020 05:00 - 11.06.2020 06:00 (CET/CEST)","142","","843"
"Switzerland (CH)","11.06.2020 06:00 - 11.06.2020 07:00 (CET/CEST)","344","","919"
"Switzerland (CH)","11.06.2020 07:00 - 11.06.2020 08:00 (CET/CEST)","585","","1150"
"Switzerland (CH)","11.06.2020 08:00 - 11.06.2020 09:00 (CET/CEST)","868","","1863"
"Switzerland (CH)","11.06.2020 09:00 - 11.06.2020 10:00 (CET/CEST)","907","","1833"
"Switzerland (CH)","11.06.2020 10:00 - 11.06.2020 11:00 (CET/CEST)","707","","1243"
"Switzerland (CH)","11.06.2020 11:00 - 11.06.2020 12:00 (CET/CEST)","674","","1072"
"Switzerland (CH)","11.06.2020 12:00 - 11.06.2020 13:00 (CET/CEST)","652","","969"
"Switzerland (CH)","11.06.2020 13:00 - 11.06.2020 14:00 (CET/CEST)","189","","856"
"Switzerland (CH)","11.06.2020 14:00 - 11.06.2020 15:00 (CET/CEST)","118","","822"
"Switzerland (CH)","11.06.2020 15:00 - 11.06.2020 16:00 (CET/CEST)","131","","866"
"Switzerland (CH)","11.06.2020 16:00 - 11.06.2020 17:00 (CET/CEST)","113","","900"
"Switzerland (CH)","11.06.2020 17:00 - 11.06.2020 18:00 (CET/CEST)","274","","946"
"Switzerland (CH)","11.06.2020 18:00 - 11.06.2020 19:00 (CET/CEST)","378","","1203"
"Switzerland (CH)","11.06.2020 19:00 - 11.06.2020 20:00 (CET/CEST)","1033","","1852"
"Switzerland (CH)","11.06.2020 20:00 - 11.06.2020 21:00 (CET/CEST)","999","","1595"
"Switzerland (CH)","11.06.2020 21:00 - 11.06.2020 22:00 (CET/CEST)","735","","1435"
"Switzerland (CH)","11.06.2020 22:00 - 11.06.2020 23:00 (CET/CEST)","752","","1420"
"Switzerland (CH)","11.06.2020 23:00 - 12.06.2020 00:00 (CET/CEST)","584","","888"
"Switzerland (CH)","12.06.2020 00:00 - 12.06.2020 01:00 (CET/CEST)","152","","557"
"Switzerland (CH)","12.06.2020 01:00 - 12.06.2020 02:00 (CET/CEST)","86","","564"
"Switzerland (CH)","12.06.2020 02:00 - 12.06.2020 03:00 (CET/CEST)","78","","579"
"Switzerland (CH)","12.06.2020 03:00 - 12.06.2020 04:00 (CET/CEST)","75","","780"
"Switzerland (CH)","12.06.2020 04:00 - 12.06.2020 05:00 (CET/CEST)","64","","569"
"Switzerland (CH)","12.06.2020 05:00 - 12.06.2020 06:00 (CET/CEST)","49","","588"
"Switzerland (CH)","12.06.2020 06:00 - 12.06.2020 07:00 (CET/CEST)","148","","1046"
"Switzerland (CH)","12.06.2020 07:00 - 12.06.2020 08:00 (CET/CEST)","655","","1353"
"Switzerland (CH)","12.06.2020 08:00 - 12.06.2020 09:00 (CET/CEST)","712","","1777"
"Switzerland (CH)","12.06.2020 09:00 - 12.06.2020 10:00 (CET/CEST)","720","","1294"
"Switzerland (CH)","12.06.2020 10:00 - 12.06.2020 11:00 (CET/CEST)","661","","1129"
"Switzerland (CH)","12.06.2020 11:00 - 12.06.2020 12:00 (CET/CEST)","595","","1099"
"Switzerland (CH)","12.06.2020 12:00 - 12.06.2020 13:00 (CET/CEST)","516","","821"
"Switzerland (CH)","12.06.2020 13:00 - 12.06.2020 14:00 (CET/CEST)","137","","794"
"Switzerland (CH)","12.06.2020 14:00 - 12.06.2020 15:00 (CET/CEST)","106","","760"
"Switzerland (CH)","12.06.2020 15:00 - 12.06.2020 16:00 (CET/CEST)","107","","734"
"Switzerland (CH)","12.06.2020 16:00 - 12.06.2020 17:00 (CET/CEST)","152","","697"
"Switzerland (CH)","12.06.2020 17:00 - 12.06.2020 18:00 (CET/CEST)","491","","918"
"Switzerland (CH)","12.06.2020 18:00 - 12.06.2020 19:00 (CET/CEST)","746","","1606"
"Switzerland (CH)","12.06.2020 19:00 - 12.06.2020 20:00 (CET/CEST)","945","","1981"
"Switzerland (CH)","12.06.2020 20:00 - 12.06.2020 21:00 (CET/CEST)","841","","1758"
"Switzerland (CH)","12.06.2020 21:00 - 12.06.2020 22:00 (CET/CEST)","800","","1617"
"Switzerland (CH)","12.06.2020 22:00 - 12.06.2020 23:00 (CET/CEST)","873","","1519"
"Switzerland (CH)","12.06.2020 23:00 - 13.06.2020 00:00 (CET/CEST)","578","","940"
"Switzerland (CH)","13.06.2020 00:00 - 13.06.2020 01:00 (CET/CEST)","592","","882"
"Switzerland (CH)","13.06.2020 01:00 - 13.06.2020 02:00 (CET/CEST)","113","","710"
"Switzerland (CH)","13.06.2020 02:00 - 13.06.2020 03:00 (CET/CEST)","88","","607"
"Switzerland (CH)","13.06.2020 03:00 - 13.06.2020 04:00 (CET/CEST)","81","","599"
"Switzerland (CH)","13.06.2020 04:00 - 13.06.2020 05:00 (CET/CEST)","104","","601"
"Switzerland (CH)","13.06.2020 05:00 - 13.06.2020 06:00 (CET/CEST)","97","","592"
"Switzerland (CH)","13.06.2020 06:00 - 13.06.2020 07:00 (CET/CEST)","123","","711"
"Switzerland (CH)","13.06.2020 07:00 - 13.06.2020 08:00 (CET/CEST)","152","","717"
"Switzerland (CH)","13.06.2020 08:00 - 13.06.2020 09:00 (CET/CEST)","361","","770"
"Switzerland (CH)","13.06.2020 09:00 - 13.06.2020 10:00 (CET/CEST)","479","","698"
"Switzerland (CH)","13.06.2020 10:00 - 13.06.2020 11:00 (CET/CEST)","416","","651"
"Switzerland (CH)","13.06.2020 11:00 - 13.06.2020 12:00 (CET/CEST)","252","","586"
"Switzerland (CH)","13.06.2020 12:00 - 13.06.2020 13:00 (CET/CEST)","494","","627"
"Switzerland (CH)","13.06.2020 13:00 - 13.06.2020 14:00 (CET/CEST)","359","","644"
"Switzerland (CH)","13.06.2020 14:00 - 13.06.2020 15:00 (CET/CEST)","91","","632"
"Switzerland (CH)","13.06.2020 15:00 - 13.06.2020 16:00 (CET/CEST)","134","","617"
"Switzerland (CH)","13.06.2020 16:00 - 13.06.2020 17:00 (CET/CEST)","492","","651"
"Switzerland (CH)","13.06.2020 17:00 - 13.06.2020 18:00 (CET/CEST)","496","","631"
"Switzerland (CH)","13.06.2020 18:00 - 13.06.2020 19:00 (CET/CEST)","663","","837"
"Switzerland (CH)","13.06.2020 19:00 - 13.06.2020 20:00 (CET/CEST)","833","","1292"
"Switzerland (CH)","13.06.2020 20:00 - 13.06.2020 21:00 (CET/CEST)","854","","1360"
"Switzerland (CH)","13.06.2020 21:00 - 13.06.2020 22:00 (CET/CEST)","847","","1257"
"Switzerland (CH)","13.06.2020 22:00 - 13.06.2020 23:00 (CET/CEST)","709","","1179"
"Switzerland (CH)","13.06.2020 23:00 - 14.06.2020 00:00 (CET/CEST)","661","","1148"
"Switzerland (CH)","14.06.2020 00:00 - 14.06.2020 01:00 (CET/CEST)","612","","738"
"Switzerland (CH)","14.06.2020 01:00 - 14.06.2020 02:00 (CET/CEST)","382","","648"
"Switzerland (CH)","14.06.2020 02:00 - 14.06.2020 03:00 (CET/CEST)","135","","607"
"Switzerland (CH)","14.06.2020 03:00 - 14.06.2020 04:00 (CET/CEST)","125","","574"
"Switzerland (CH)","14.06.2020 04:00 - 14.06.2020 05:00 (CET/CEST)","115","","566"
"Switzerland (CH)","14.06.2020 05:00 - 14.06.2020 06:00 (CET/CEST)","119","","851"
"Switzerland (CH)","14.06.2020 06:00 - 14.06.2020 07:00 (CET/CEST)","144","","653"
"Switzerland (CH)","14.06.2020 07:00 - 14.06.2020 08:00 (CET/CEST)","152","","613"
"Switzerland (CH)","14.06.2020 08:00 - 14.06.2020 09:00 (CET/CEST)","154","","640"
"Switzerland (CH)","14.06.2020 09:00 - 14.06.2020 10:00 (CET/CEST)","347","","724"
"Switzerland (CH)","14.06.2020 10:00 - 14.06.2020 11:00 (CET/CEST)","724","","944"
"Switzerland (CH)","14.06.2020 11:00 - 14.06.2020 12:00 (CET/CEST)","909","","1146"
"Switzerland (CH)","14.06.2020 12:00 - 14.06.2020 13:00 (CET/CEST)","953","","1087"
"Switzerland (CH)","14.06.2020 13:00 - 14.06.2020 14:00 (CET/CEST)","242","","712"
"Switzerland (CH)","14.06.2020 14:00 - 14.06.2020 15:00 (CET/CEST)","201","","557"
"Switzerland (CH)","14.06.2020 15:00 - 14.06.2020 16:00 (CET/CEST)","168","","649"
"Switzerland (CH)","14.06.2020 16:00 - 14.06.2020 17:00 (CET/CEST)","123","","603"
"Switzerland (CH)","14.06.2020 17:00 - 14.06.2020 18:00 (CET/CEST)","189","","622"
"Switzerland (CH)","14.06.2020 18:00 - 14.06.2020 19:00 (CET/CEST)","619","","1075"
"Switzerland (CH)","14.06.2020 19:00 - 14.06.2020 20:00 (CET/CEST)","1117","","1131"
"Switzerland (CH)","14.06.2020 20:00 - 14.06.2020 21:00 (CET/CEST)","1298","","1425"
"Switzerland (CH)","14.06.2020 21:00 - 14.06.2020 22:00 (CET/CEST)","1060","","1233"
"Switzerland (CH)","14.06.2020 22:00 - 14.06.2020 23:00 (CET/CEST)","1290","","1877"
"Switzerland (CH)","14.06.2020 23:00 - 15.06.2020 00:00 (CET/CEST)","1147","","1327"
"Switzerland (CH)","15.06.2020 00:00 - 15.06.2020 01:00 (CET/CEST)","381","","1190"
"Switzerland (CH)","15.06.2020 01:00 - 15.06.2020 02:00 (CET/CEST)","130","","609"
"Switzerland (CH)","15.06.2020 02:00 - 15.06.2020 03:00 (CET/CEST)","126","","532"
"Switzerland (CH)","15.06.2020 03:00 - 15.06.2020 04:00 (CET/CEST)","107","","510"
"Switzerland (CH)","15.06.2020 04:00 - 15.06.2020 05:00 (CET/CEST)","116","","555"
"Switzerland (CH)","15.06.2020 05:00 - 15.06.2020 06:00 (CET/CEST)","399","","782"
"Switzerland (CH)","15.06.2020 06:00 - 15.06.2020 07:00 (CET/CEST)","988","","1642"
"Switzerland (CH)","15.06.2020 07:00 - 15.06.2020 08:00 (CET/CEST)","2340","","2506"
"Switzerland (CH)","15.06.2020 08:00 - 15.06.2020 09:00 (CET/CEST)","2677","","2575"
"Switzerland (CH)","15.06.2020 09:00 - 15.06.2020 10:00 (CET/CEST)","2723","","2601"
"Switzerland (CH)","15.06.2020 10:00 - 15.06.2020 11:00 (CET/CEST)","2693","","2549"
"Switzerland (CH)","15.06.2020 11:00 - 15.06.2020 12:00 (CET/CEST)","2478","","2442"
"Switzerland (CH)","15.06.2020 12:00 - 15.06.2020 13:00 (CET/CEST)","2616","","2298"
"Switzerland (CH)","15.06.2020 13:00 - 15.06.2020 14:00 (CET/CEST)","2299","","2254"
"Switzerland (CH)","15.06.2020 14:00 - 15.06.2020 15:00 (CET/CEST)","2093","","2237"
"Switzerland (CH)","15.06.2020 15:00 - 15.06.2020 16:00 (CET/CEST)","1863","","1963"
"Switzerland (CH)","15.06.2020 16:00 - 15.06.2020 17:00 (CET/CEST)","1690","","1818"
"Switzerland (CH)","15.06.2020 17:00 - 15.06.2020 18:00 (CET/CEST)","2368","","2117"
"Switzerland (CH)","15.06.2020 18:00 - 15.06.2020 19:00 (CET/CEST)","2744","","2544"
"Switzerland (CH)","15.06.2020 19:00 - 15.06.2020 20:00 (CET/CEST)","2731","","2675"
"Switzerland (CH)","15.06.2020 20:00 - 15.06.2020 21:00 (CET/CEST)","2709","","2643"
"Switzerland (CH)","15.06.2020 21:00 - 15.06.2020 22:00 (CET/CEST)","2447","","2540"
"Switzerland (CH)","15.06.2020 22:00 - 15.06.2020 23:00 (CET/CEST)","2304","","2514"
"Switzerland (CH)","15.06.2020 23:00 - 16.06.2020 00:00 (CET/CEST)","2376","","2358"
"Switzerland (CH)","16.06.2020 00:00 - 16.06.2020 01:00 (CET/CEST)","1017","","1586"
"Switzerland (CH)","16.06.2020 01:00 - 16.06.2020 02:00 (CET/CEST)","808","","1598"
"Switzerland (CH)","16.06.2020 02:00 - 16.06.2020 03:00 (CET/CEST)","635","","911"
"Switzerland (CH)","16.06.2020 03:00 - 16.06.2020 04:00 (CET/CEST)","348","","892"
"Switzerland (CH)","16.06.2020 04:00 - 16.06.2020 05:00 (CET/CEST)","289","","592"
"Switzerland (CH)","16.06.2020 05:00 - 16.06.2020 06:00 (CET/CEST)","544","","1106"
"Switzerland (CH)","16.06.2020 06:00 - 16.06.2020 07:00 (CET/CEST)","1716","","1977"
"Switzerland (CH)","16.06.2020 07:00 - 16.06.2020 08:00 (CET/CEST)","2734","","2686"
"Switzerland (CH)","16.06.2020 08:00 - 16.06.2020 09:00 (CET/CEST)","2905","","2655"
"Switzerland (CH)","16.06.2020 09:00 - 16.06.2020 10:00 (CET/CEST)","2877","","2551"
"Switzerland (CH)","16.06.2020 10:00 - 16.06.2020 11:00 (CET/CEST)","2853","","2529"
"Switzerland (CH)","16.06.2020 11:00 - 16.06.2020 12:00 (CET/CEST)","2810","","2628"
"Switzerland (CH)","16.06.2020 12:00 - 16.06.2020 13:00 (CET/CEST)","2631","","2251"
"Switzerland (CH)","16.06.2020 13:00 - 16.06.2020 14:00 (CET/CEST)","2021","","2111"
"Switzerland (CH)","16.06.2020 14:00 - 16.06.2020 15:00 (CET/CEST)","1871","","2025"
"Switzerland (CH)","16.06.2020 15:00 - 16.06.2020 16:00 (CET/CEST)","1162","","2003"
"Switzerland (CH)","16.06.2020 16:00 - 16.06.2020 17:00 (CET/CEST)","846","","1945"
"Switzerland (CH)","16.06.2020 17:00 - 16.06.2020 18:00 (CET/CEST)","1688","","2261"
"Switzerland (CH)","16.06.2020 18:00 - 16.06.2020 19:00 (CET/CEST)","2618","","2605"
"Switzerland (CH)","16.06.2020 19:00 - 16.06.2020 20:00 (CET/CEST)","2860","","2669"
"Switzerland (CH)","16.06.2020 20:00 - 16.06.2020 21:00 (CET/CEST)","2671","","2581"
"Switzerland (CH)","16.06.2020 21:00 - 16.06.2020 22:00 (CET/CEST)","2311","","2416"
"Switzerland (CH)","16.06.2020 22:00 - 16.06.2020 23:00 (CET/CEST)","1957","","2466"
"Switzerland (CH)","16.06.2020 23:00 - 17.06.2020 00:00 (CET/CEST)","863","","2191"
"Switzerland (CH)","17.06.2020 00:00 - 17.06.2020 01:00 (CET/CEST)","787","","1768"
"Switzerland (CH)","17.06.2020 01:00 - 17.06.2020 02:00 (CET/CEST)","545","","1188"
"Switzerland (CH)","17.06.2020 02:00 - 17.06.2020 03:00 (CET/CEST)","210","","869"
"Switzerland (CH)","17.06.2020 03:00 - 17.06.2020 04:00 (CET/CEST)","174","","746"
"Switzerland (CH)","17.06.2020 04:00 - 17.06.2020 05:00 (CET/CEST)","167","","760"
"Switzerland (CH)","17.06.2020 05:00 - 17.06.2020 06:00 (CET/CEST)","411","","880"
"Switzerland (CH)","17.06.2020 06:00 - 17.06.2020 07:00 (CET/CEST)","778","","1638"
"Switzerland (CH)","17.06.2020 07:00 - 17.06.2020 08:00 (CET/CEST)","2034","","2498"
"Switzerland (CH)","17.06.2020 08:00 - 17.06.2020 09:00 (CET/CEST)","2398","","2662"
"Switzerland (CH)","17.06.2020 09:00 - 17.06.2020 10:00 (CET/CEST)","2762","","2674"
"Switzerland (CH)","17.06.2020 10:00 - 17.06.2020 11:00 (CET/CEST)","2234","","2395"
"Switzerland (CH)","17.06.2020 11:00 - 17.06.2020 12:00 (CET/CEST)","1768","","2316"
"Switzerland (CH)","17.06.2020 12:00 - 17.06.2020 13:00 (CET/CEST)","1158","","2033"
"Switzerland (CH)","17.06.2020 13:00 - 17.06.2020 14:00 (CET/CEST)","1209","","1890"
"Switzerland (CH)","17.06.2020 14:00 - 17.06.2020 15:00 (CET/CEST)","1146","","1705"
"Switzerland (CH)","17.06.2020 15:00 - 17.06.2020 16:00 (CET/CEST)","770","","1553"
"Switzerland (CH)","17.06.2020 16:00 - 17.06.2020 17:00 (CET/CEST)","685","","1811"
"Switzerland (CH)","17.06.2020 17:00 - 17.06.2020 18:00 (CET/CEST)","881","","1887"
"Switzerland (CH)","17.06.2020 18:00 - 17.06.2020 19:00 (CET/CEST)","1315","","2144"
"Switzerland (CH)","17.06.2020 19:00 - 17.06.2020 20:00 (CET/CEST)","1880","","2258"
"Switzerland (CH)","17.06.2020 20:00 - 17.06.2020 21:00 (CET/CEST)","1725","","2282"
"Switzerland (CH)","17.06.2020 21:00 - 17.06.2020 22:00 (CET/CEST)","1529","","2407"
"Switzerland (CH)","17.06.2020 22:00 - 17.06.2020 23:00 (CET/CEST)","1164","","2139"
"Switzerland (CH)","17.06.2020 23:00 - 18.06.2020 00:00 (CET/CEST)","450","","1456"
"Switzerland (CH)","18.06.2020 00:00 - 18.06.2020 01:00 (CET/CEST)","235","","760"
"Switzerland (CH)","18.06.2020 01:00 - 18.06.2020 02:00 (CET/CEST)","221","","630"
"Switzerland (CH)","18.06.2020 02:00 - 18.06.2020 03:00 (CET/CEST)","130","","608"
"Switzerland (CH)","18.06.2020 03:00 - 18.06.2020 04:00 (CET/CEST)","107","","594"
"Switzerland (CH)","18.06.2020 04:00 - 18.06.2020 05:00 (CET/CEST)","115","","608"
"Switzerland (CH)","18.06.2020 05:00 - 18.06.2020 06:00 (CET/CEST)","144","","628"
"Switzerland (CH)","18.06.2020 06:00 - 18.06.2020 07:00 (CET/CEST)","347","","988"
"Switzerland (CH)","18.06.2020 07:00 - 18.06.2020 08:00 (CET/CEST)","1286","","2235"
"Switzerland (CH)","18.06.2020 08:00 - 18.06.2020 09:00 (CET/CEST)","2090","","2521"
"Switzerland (CH)","18.06.2020 09:00 - 18.06.2020 10:00 (CET/CEST)","1879","","2420"
"Switzerland (CH)","18.06.2020 10:00 - 18.06.2020 11:00 (CET/CEST)","1410","","2205"
"Switzerland (CH)","18.06.2020 11:00 - 18.06.2020 12:00 (CET/CEST)","1258","","2021"
"Switzerland (CH)","18.06.2020 12:00 - 18.06.2020 13:00 (CET/CEST)","734","","1821"
"Switzerland (CH)","18.06.2020 13:00 - 18.06.2020 14:00 (CET/CEST)","473","","1494"
"Switzerland (CH)","18.06.2020 14:00 - 18.06.2020 15:00 (CET/CEST)","468","","1342"
"Switzerland (CH)","18.06.2020 15:00 - 18.06.2020 16:00 (CET/CEST)","380","","1071"
"Switzerland (CH)","18.06.2020 16:00 - 18.06.2020 17:00 (CET/CEST)","598","","1216"
"Switzerland (CH)","18.06.2020 17:00 - 18.06.2020 18:00 (CET/CEST)","964","","2019"
"Switzerland (CH)","18.06.2020 18:00 - 18.06.2020 19:00 (CET/CEST)","1853","","2566"
"Switzerland (CH)","18.06.2020 19:00 - 18.06.2020 20:00 (CET/CEST)","2308","","2812"
"Switzerland (CH)","18.06.2020 20:00 - 18.06.2020 21:00 (CET/CEST)","2250","","2767"
"Switzerland (CH)","18.06.2020 21:00 - 18.06.2020 22:00 (CET/CEST)","1969","","2765"
"Switzerland (CH)","18.06.2020 22:00 - 18.06.2020 23:00 (CET/CEST)","1726","","2475"
"Switzerland (CH)","18.06.2020 23:00 - 19.06.2020 00:00 (CET/CEST)","1266","","1874"
"Switzerland (CH)","19.06.2020 00:00 - 19.06.2020 01:00 (CET/CEST)","641","","1394"
"Switzerland (CH)","19.06.2020 01:00 - 19.06.2020 02:00 (CET/CEST)","326","","780"
"Switzerland (CH)","19.06.2020 02:00 - 19.06.2020 03:00 (CET/CEST)","291","","690"
"Switzerland (CH)","19.06.2020 03:00 - 19.06.2020 04:00 (CET/CEST)","171","","661"
"Switzerland (CH)","19.06.2020 04:00 - 19.06.2020 05:00 (CET/CEST)","167","","647"
"Switzerland (CH)","19.06.2020 05:00 - 19.06.2020 06:00 (CET/CEST)","331","","697"
"Switzerland (CH)","19.06.2020 06:00 - 19.06.2020 07:00 (CET/CEST)","757","","1666"
"Switzerland (CH)","19.06.2020 07:00 - 19.06.2020 08:00 (CET/CEST)","1994","","2616"
"Switzerland (CH)","19.06.2020 08:00 - 19.06.2020 09:00 (CET/CEST)","2897","","2831"
"Switzerland (CH)","19.06.2020 09:00 - 19.06.2020 10:00 (CET/CEST)","2835","","2815"
"Switzerland (CH)","19.06.2020 10:00 - 19.06.2020 11:00 (CET/CEST)","2756","","2703"
"Switzerland (CH)","19.06.2020 11:00 - 19.06.2020 12:00 (CET/CEST)","2628","","2735"
"Switzerland (CH)","19.06.2020 12:00 - 19.06.2020 13:00 (CET/CEST)","1864","","2629"
"Switzerland (CH)","19.06.2020 13:00 - 19.06.2020 14:00 (CET/CEST)","1415","","2353"
"Switzerland (CH)","19.06.2020 14:00 - 19.06.2020 15:00 (CET/CEST)","866","","2073"
"Switzerland (CH)","19.06.2020 15:00 - 19.06.2020 16:00 (CET/CEST)","498","","1799"
"Switzerland (CH)","19.06.2020 16:00 - 19.06.2020 17:00 (CET/CEST)","407","","947"
"Switzerland (CH)","19.06.2020 17:00 - 19.06.2020 18:00 (CET/CEST)","492","","1346"
"Switzerland (CH)","19.06.2020 18:00 - 19.06.2020 19:00 (CET/CEST)","1651","","2283"
"Switzerland (CH)","19.06.2020 19:00 - 19.06.2020 20:00 (CET/CEST)","1773","","2675"
"Switzerland (CH)","19.06.2020 20:00 - 19.06.2020 21:00 (CET/CEST)","1891","","2566"
"Switzerland (CH)","19.06.2020 21:00 - 19.06.2020 22:00 (CET/CEST)","1426","","2613"
"Switzerland (CH)","19.06.2020 22:00 - 19.06.2020 23:00 (CET/CEST)","1188","","2290"
"Switzerland (CH)","19.06.2020 23:00 - 20.06.2020 00:00 (CET/CEST)","958","","1705"
"Switzerland (CH)","20.06.2020 00:00 - 20.06.2020 01:00 (CET/CEST)","263","","1239"
"Switzerland (CH)","20.06.2020 01:00 - 20.06.2020 02:00 (CET/CEST)","163","","773"
"Switzerland (CH)","20.06.2020 02:00 - 20.06.2020 03:00 (CET/CEST)","131","","633"
"Switzerland (CH)","20.06.2020 03:00 - 20.06.2020 04:00 (CET/CEST)","138","","565"
"Switzerland (CH)","20.06.2020 04:00 - 20.06.2020 05:00 (CET/CEST)","147","","486"
"Switzerland (CH)","20.06.2020 05:00 - 20.06.2020 06:00 (CET/CEST)","140","","483"
"Switzerland (CH)","20.06.2020 06:00 - 20.06.2020 07:00 (CET/CEST)","174","","598"
"Switzerland (CH)","20.06.2020 07:00 - 20.06.2020 08:00 (CET/CEST)","129","","794"
"Switzerland (CH)","20.06.2020 08:00 - 20.06.2020 09:00 (CET/CEST)","149","","1166"
"Switzerland (CH)","20.06.2020 09:00 - 20.06.2020 10:00 (CET/CEST)","138","","1434"
"Switzerland (CH)","20.06.2020 10:00 - 20.06.2020 11:00 (CET/CEST)","162","","785"
"Switzerland (CH)","20.06.2020 11:00 - 20.06.2020 12:00 (CET/CEST)","161","","887"
"Switzerland (CH)","20.06.2020 12:00 - 20.06.2020 13:00 (CET/CEST)","103","","1202"
"Switzerland (CH)","20.06.2020 13:00 - 20.06.2020 14:00 (CET/CEST)","139","","745"
"Switzerland (CH)","20.06.2020 14:00 - 20.06.2020 15:00 (CET/CEST)","147","","605"
"Switzerland (CH)","20.06.2020 15:00 - 20.06.2020 16:00 (CET/CEST)","184","","614"
"Switzerland (CH)","20.06.2020 16:00 - 20.06.2020 17:00 (CET/CEST)","121","","651"
"Switzerland (CH)","20.06.2020 17:00 - 20.06.2020 18:00 (CET/CEST)","211","","603"
"Switzerland (CH)","20.06.2020 18:00 - 20.06.2020 19:00 (CET/CEST)","778","","1501"
"Switzerland (CH)","20.06.2020 19:00 - 20.06.2020 20:00 (CET/CEST)","738","","1375"
"Switzerland (CH)","20.06.2020 20:00 - 20.06.2020 21:00 (CET/CEST)","1048","","1757"
"Switzerland (CH)","20.06.2020 21:00 - 20.06.2020 22:00 (CET/CEST)","1088","","2297"
"Switzerland (CH)","20.06.2020 22:00 - 20.06.2020 23:00 (CET/CEST)","1243","","2560"
"Switzerland (CH)","20.06.2020 23:00 - 21.06.2020 00:00 (CET/CEST)","1130","","1906"
"Switzerland (CH)","21.06.2020 00:00 - 21.06.2020 01:00 (CET/CEST)","176","","1082"
"Switzerland (CH)","21.06.2020 01:00 - 21.06.2020 02:00 (CET/CEST)","118","","563"
"Switzerland (CH)","21.06.2020 02:00 - 21.06.2020 03:00 (CET/CEST)","138","","483"
"Switzerland (CH)","21.06.2020 03:00 - 21.06.2020 04:00 (CET/CEST)","140","","442"
"Switzerland (CH)","21.06.2020 04:00 - 21.06.2020 05:00 (CET/CEST)","135","","491"
"Switzerland (CH)","21.06.2020 05:00 - 21.06.2020 06:00 (CET/CEST)","100","","448"
"Switzerland (CH)","21.06.2020 06:00 - 21.06.2020 07:00 (CET/CEST)","115","","458"
"Switzerland (CH)","21.06.2020 07:00 - 21.06.2020 08:00 (CET/CEST)","133","","472"
"Switzerland (CH)","21.06.2020 08:00 - 21.06.2020 09:00 (CET/CEST)","128","","495"
"Switzerland (CH)","21.06.2020 09:00 - 21.06.2020 10:00 (CET/CEST)","122","","442"
"Switzerland (CH)","21.06.2020 10:00 - 21.06.2020 11:00 (CET/CEST)","133","","460"
"Switzerland (CH)","21.06.2020 11:00 - 21.06.2020 12:00 (CET/CEST)","127","","527"
"Switzerland (CH)","21.06.2020 12:00 - 21.06.2020 13:00 (CET/CEST)","108","","513"
"Switzerland (CH)","21.06.2020 13:00 - 21.06.2020 14:00 (CET/CEST)","103","","503"
"Switzerland (CH)","21.06.2020 14:00 - 21.06.2020 15:00 (CET/CEST)","112","","510"
"Switzerland (CH)","21.06.2020 15:00 - 21.06.2020 16:00 (CET/CEST)","127","","514"
"Switzerland (CH)","21.06.2020 16:00 - 21.06.2020 17:00 (CET/CEST)","156","","508"
"Switzerland (CH)","21.06.2020 17:00 - 21.06.2020 18:00 (CET/CEST)","126","","526"
"Switzerland (CH)","21.06.2020 18:00 - 21.06.2020 19:00 (CET/CEST)","171","","783"
"Switzerland (CH)","21.06.2020 19:00 - 21.06.2020 20:00 (CET/CEST)","338","","1279"
"Switzerland (CH)","21.06.2020 20:00 - 21.06.2020 21:00 (CET/CEST)","431","","1326"
"Switzerland (CH)","21.06.2020 21:00 - 21.06.2020 22:00 (CET/CEST)","566","","1451"
"Switzerland (CH)","21.06.2020 22:00 - 21.06.2020 23:00 (CET/CEST)","740","","1922"
"Switzerland (CH)","21.06.2020 23:00 - 22.06.2020 00:00 (CET/CEST)","468","","1327"
"Switzerland (CH)","22.06.2020 00:00 - 22.06.2020 01:00 (CET/CEST)","140","","682"
"Switzerland (CH)","22.06.2020 01:00 - 22.06.2020 02:00 (CET/CEST)","152","","606"
"Switzerland (CH)","22.06.2020 02:00 - 22.06.2020 03:00 (CET/CEST)","150","","592"
"Switzerland (CH)","22.06.2020 03:00 - 22.06.2020 04:00 (CET/CEST)","131","","546"
"Switzerland (CH)","22.06.2020 04:00 - 22.06.2020 05:00 (CET/CEST)","84","","538"
"Switzerland (CH)","22.06.2020 05:00 - 22.06.2020 06:00 (CET/CEST)","136","","637"
"Switzerland (CH)","22.06.2020 06:00 - 22.06.2020 07:00 (CET/CEST)","416","","1492"
"Switzerland (CH)","22.06.2020 07:00 - 22.06.2020 08:00 (CET/CEST)","1994","","2684"
"Switzerland (CH)","22.06.2020 08:00 - 22.06.2020 09:00 (CET/CEST)","2486","","2878"
"Switzerland (CH)","22.06.2020 09:00 - 22.06.2020 10:00 (CET/CEST)","2146","","2479"
"Switzerland (CH)","22.06.2020 10:00 - 22.06.2020 11:00 (CET/CEST)","1617","","1962"
"Switzerland (CH)","22.06.2020 11:00 - 22.06.2020 12:00 (CET/CEST)","1100","","1699"
"Switzerland (CH)","22.06.2020 12:00 - 22.06.2020 13:00 (CET/CEST)","695","","1369"
"Switzerland (CH)","22.06.2020 13:00 - 22.06.2020 14:00 (CET/CEST)","553","","1710"
"Switzerland (CH)","22.06.2020 14:00 - 22.06.2020 15:00 (CET/CEST)","660","","1758"
"Switzerland (CH)","22.06.2020 15:00 - 22.06.2020 16:00 (CET/CEST)","709","","1877"
"Switzerland (CH)","22.06.2020 16:00 - 22.06.2020 17:00 (CET/CEST)","860","","1659"
"Switzerland (CH)","22.06.2020 17:00 - 22.06.2020 18:00 (CET/CEST)","1758","","2102"
"Switzerland (CH)","22.06.2020 18:00 - 22.06.2020 19:00 (CET/CEST)","2053","","2506"
"Switzerland (CH)","22.06.2020 19:00 - 22.06.2020 20:00 (CET/CEST)","2529","","2812"
"Switzerland (CH)","22.06.2020 20:00 - 22.06.2020 21:00 (CET/CEST)","2561","","2869"
"Switzerland (CH)","22.06.2020 21:00 - 22.06.2020 22:00 (CET/CEST)","2588","","2893"
"Switzerland (CH)","22.06.2020 22:00 - 22.06.2020 23:00 (CET/CEST)","2214","","2758"
"Switzerland (CH)","22.06.2020 23:00 - 23.06.2020 00:00 (CET/CEST)","1852","","2423"
"Switzerland (CH)","23.06.2020 00:00 - 23.06.2020 01:00 (CET/CEST)","785","","1462"
"Switzerland (CH)","23.06.2020 01:00 - 23.06.2020 02:00 (CET/CEST)","199","","1136"
"Switzerland (CH)","23.06.2020 02:00 - 23.06.2020 03:00 (CET/CEST)","146","","799"
"Switzerland (CH)","23.06.2020 03:00 - 23.06.2020 04:00 (CET/CEST)","105","","719"
"Switzerland (CH)","23.06.2020 04:00 - 23.06.2020 05:00 (CET/CEST)","111","","692"
"Switzerland (CH)","23.06.2020 05:00 - 23.06.2020 06:00 (CET/CEST)","269","","1010"
"Switzerland (CH)","23.06.2020 06:00 - 23.06.2020 07:00 (CET/CEST)","1195","","2006"
"Switzerland (CH)","23.06.2020 07:00 - 23.06.2020 08:00 (CET/CEST)","2082","","2804"
"Switzerland (CH)","23.06.2020 08:00 - 23.06.2020 09:00 (CET/CEST)","2242","","2710"
"Switzerland (CH)","23.06.2020 09:00 - 23.06.2020 10:00 (CET/CEST)","2241","","2337"
"Switzerland (CH)","23.06.2020 10:00 - 23.06.2020 11:00 (CET/CEST)","1536","","1681"
"Switzerland (CH)","23.06.2020 11:00 - 23.06.2020 12:00 (CET/CEST)","1221","","1914"
"Switzerland (CH)","23.06.2020 12:00 - 23.06.2020 13:00 (CET/CEST)","988","","1645"
"Switzerland (CH)","23.06.2020 13:00 - 23.06.2020 14:00 (CET/CEST)","1002","","1706"
"Switzerland (CH)","23.06.2020 14:00 - 23.06.2020 15:00 (CET/CEST)","406","","1184"
"Switzerland (CH)","23.06.2020 15:00 - 23.06.2020 16:00 (CET/CEST)","415","","1153"
"Switzerland (CH)","23.06.2020 16:00 - 23.06.2020 17:00 (CET/CEST)","969","","1555"
"Switzerland (CH)","23.06.2020 17:00 - 23.06.2020 18:00 (CET/CEST)","1241","","1773"
"Switzerland (CH)","23.06.2020 18:00 - 23.06.2020 19:00 (CET/CEST)","2384","","2293"
"Switzerland (CH)","23.06.2020 19:00 - 23.06.2020 20:00 (CET/CEST)","2693","","2675"
"Switzerland (CH)","23.06.2020 20:00 - 23.06.2020 21:00 (CET/CEST)","2613","","2755"
"Switzerland (CH)","23.06.2020 21:00 - 23.06.2020 22:00 (CET/CEST)","2527","","2662"
"Switzerland (CH)","23.06.2020 22:00 - 23.06.2020 23:00 (CET/CEST)","2581","","2668"
"Switzerland (CH)","23.06.2020 23:00 - 24.06.2020 00:00 (CET/CEST)","2082","","2244"
"Switzerland (CH)","24.06.2020 00:00 - 24.06.2020 01:00 (CET/CEST)","812","","1571"
"Switzerland (CH)","24.06.2020 01:00 - 24.06.2020 02:00 (CET/CEST)","182","","913"
"Switzerland (CH)","24.06.2020 02:00 - 24.06.2020 03:00 (CET/CEST)","144","","751"
"Switzerland (CH)","24.06.2020 03:00 - 24.06.2020 04:00 (CET/CEST)","146","","697"
"Switzerland (CH)","24.06.2020 04:00 - 24.06.2020 05:00 (CET/CEST)","136","","538"
"Switzerland (CH)","24.06.2020 05:00 - 24.06.2020 06:00 (CET/CEST)","199","","761"
"Switzerland (CH)","24.06.2020 06:00 - 24.06.2020 07:00 (CET/CEST)","864","","1996"
"Switzerland (CH)","24.06.2020 07:00 - 24.06.2020 08:00 (CET/CEST)","1741","","2526"
"Switzerland (CH)","24.06.2020 08:00 - 24.06.2020 09:00 (CET/CEST)","1634","","2260"
"Switzerland (CH)","24.06.2020 09:00 - 24.06.2020 10:00 (CET/CEST)","1559","","2207"
"Switzerland (CH)","24.06.2020 10:00 - 24.06.2020 11:00 (CET/CEST)","1293","","1952"
"Switzerland (CH)","24.06.2020 11:00 - 24.06.2020 12:00 (CET/CEST)","794","","1897"
"Switzerland (CH)","24.06.2020 12:00 - 24.06.2020 13:00 (CET/CEST)","692","","1476"
"Switzerland (CH)","24.06.2020 13:00 - 24.06.2020 14:00 (CET/CEST)","776","","1360"
"Switzerland (CH)","24.06.2020 14:00 - 24.06.2020 15:00 (CET/CEST)","835","","1524"
"Switzerland (CH)","24.06.2020 15:00 - 24.06.2020 16:00 (CET/CEST)","908","","1592"
"Switzerland (CH)","24.06.2020 16:00 - 24.06.2020 17:00 (CET/CEST)","1401","","1998"
"Switzerland (CH)","24.06.2020 17:00 - 24.06.2020 18:00 (CET/CEST)","2228","","2237"
"Switzerland (CH)","24.06.2020 18:00 - 24.06.2020 19:00 (CET/CEST)","2079","","2344"
"Switzerland (CH)","24.06.2020 19:00 - 24.06.2020 20:00 (CET/CEST)","2722","","2556"
"Switzerland (CH)","24.06.2020 20:00 - 24.06.2020 21:00 (CET/CEST)","2459","","2499"
"Switzerland (CH)","24.06.2020 21:00 - 24.06.2020 22:00 (CET/CEST)","2238","","2421"
"Switzerland (CH)","24.06.2020 22:00 - 24.06.2020 23:00 (CET/CEST)","2272","","2403"
"Switzerland (CH)","24.06.2020 23:00 - 25.06.2020 00:00 (CET/CEST)","1322","","1794"
"Switzerland (CH)","25.06.2020 00:00 - 25.06.2020 01:00 (CET/CEST)","317","","1218"
"Switzerland (CH)","25.06.2020 01:00 - 25.06.2020 02:00 (CET/CEST)","214","","759"
"Switzerland (CH)","25.06.2020 02:00 - 25.06.2020 03:00 (CET/CEST)","74","","634"
"Switzerland (CH)","25.06.2020 03:00 - 25.06.2020 04:00 (CET/CEST)","58","","467"
"Switzerland (CH)","25.06.2020 04:00 - 25.06.2020 05:00 (CET/CEST)","74","","472"
"Switzerland (CH)","25.06.2020 05:00 - 25.06.2020 06:00 (CET/CEST)","145","","591"
"Switzerland (CH)","25.06.2020 06:00 - 25.06.2020 07:00 (CET/CEST)","896","","1514"
"Switzerland (CH)","25.06.2020 07:00 - 25.06.2020 08:00 (CET/CEST)","2398","","2513"
"Switzerland (CH)","25.06.2020 08:00 - 25.06.2020 09:00 (CET/CEST)","828","","2318"
"Switzerland (CH)","25.06.2020 09:00 - 25.06.2020 10:00 (CET/CEST)","837","","2333"
"Switzerland (CH)","25.06.2020 10:00 - 25.06.2020 11:00 (CET/CEST)","729","","2246"
"Switzerland (CH)","25.06.2020 11:00 - 25.06.2020 12:00 (CET/CEST)","595","","1825"
"Switzerland (CH)","25.06.2020 12:00 - 25.06.2020 13:00 (CET/CEST)","1129","","1861"
"Switzerland (CH)","25.06.2020 13:00 - 25.06.2020 14:00 (CET/CEST)","909","","1602"
"Switzerland (CH)","25.06.2020 14:00 - 25.06.2020 15:00 (CET/CEST)","674","","1250"
"Switzerland (CH)","25.06.2020 15:00 - 25.06.2020 16:00 (CET/CEST)","529","","1195"
"Switzerland (CH)","25.06.2020 16:00 - 25.06.2020 17:00 (CET/CEST)","871","","1406"
"Switzerland (CH)","25.06.2020 17:00 - 25.06.2020 18:00 (CET/CEST)","1775","","2277"
"Switzerland (CH)","25.06.2020 18:00 - 25.06.2020 19:00 (CET/CEST)","2097","","2735"
"Switzerland (CH)","25.06.2020 19:00 - 25.06.2020 20:00 (CET/CEST)","2258","","2700"
"Switzerland (CH)","25.06.2020 20:00 - 25.06.2020 21:00 (CET/CEST)","2112","","2695"
"Switzerland (CH)","25.06.2020 21:00 - 25.06.2020 22:00 (CET/CEST)","2285","","2720"
"Switzerland (CH)","25.06.2020 22:00 - 25.06.2020 23:00 (CET/CEST)","1978","","2371"
"Switzerland (CH)","25.06.2020 23:00 - 26.06.2020 00:00 (CET/CEST)","1365","","1906"
"Switzerland (CH)","26.06.2020 00:00 - 26.06.2020 01:00 (CET/CEST)","686","","964"
"Switzerland (CH)","26.06.2020 01:00 - 26.06.2020 02:00 (CET/CEST)","142","","723"
"Switzerland (CH)","26.06.2020 02:00 - 26.06.2020 03:00 (CET/CEST)","93","","541"
"Switzerland (CH)","26.06.2020 03:00 - 26.06.2020 04:00 (CET/CEST)","92","","589"
"Switzerland (CH)","26.06.2020 04:00 - 26.06.2020 05:00 (CET/CEST)","93","","565"
"Switzerland (CH)","26.06.2020 05:00 - 26.06.2020 06:00 (CET/CEST)","162","","648"
"Switzerland (CH)","26.06.2020 06:00 - 26.06.2020 07:00 (CET/CEST)","1019","","1665"
"Switzerland (CH)","26.06.2020 07:00 - 26.06.2020 08:00 (CET/CEST)","2172","","2600"
"Switzerland (CH)","26.06.2020 08:00 - 26.06.2020 09:00 (CET/CEST)","2179","","2432"
"Switzerland (CH)","26.06.2020 09:00 - 26.06.2020 10:00 (CET/CEST)","1860","","2378"
"Switzerland (CH)","26.06.2020 10:00 - 26.06.2020 11:00 (CET/CEST)","1590","","1887"
"Switzerland (CH)","26.06.2020 11:00 - 26.06.2020 12:00 (CET/CEST)","1305","","1640"
"Switzerland (CH)","26.06.2020 12:00 - 26.06.2020 13:00 (CET/CEST)","1031","","1546"
"Switzerland (CH)","26.06.2020 13:00 - 26.06.2020 14:00 (CET/CEST)","919","","1497"
"Switzerland (CH)","26.06.2020 14:00 - 26.06.2020 15:00 (CET/CEST)","824","","1761"
"Switzerland (CH)","26.06.2020 15:00 - 26.06.2020 16:00 (CET/CEST)","813","","1549"
"Switzerland (CH)","26.06.2020 16:00 - 26.06.2020 17:00 (CET/CEST)","1081","","1935"
"Switzerland (CH)","26.06.2020 17:00 - 26.06.2020 18:00 (CET/CEST)","1618","","2307"
"Switzerland (CH)","26.06.2020 18:00 - 26.06.2020 19:00 (CET/CEST)","2503","","2369"
"Switzerland (CH)","26.06.2020 19:00 - 26.06.2020 20:00 (CET/CEST)","2717","","2624"
"Switzerland (CH)","26.06.2020 20:00 - 26.06.2020 21:00 (CET/CEST)","2287","","2631"
"Switzerland (CH)","26.06.2020 21:00 - 26.06.2020 22:00 (CET/CEST)","2152","","2686"
"Switzerland (CH)","26.06.2020 22:00 - 26.06.2020 23:00 (CET/CEST)","1751","","2513"
"Switzerland (CH)","26.06.2020 23:00 - 27.06.2020 00:00 (CET/CEST)","954","","1914"
"Switzerland (CH)","27.06.2020 00:00 - 27.06.2020 01:00 (CET/CEST)","976","","2099"
"Switzerland (CH)","27.06.2020 01:00 - 27.06.2020 02:00 (CET/CEST)","852","","1320"
"Switzerland (CH)","27.06.2020 02:00 - 27.06.2020 03:00 (CET/CEST)","406","","936"
"Switzerland (CH)","27.06.2020 03:00 - 27.06.2020 04:00 (CET/CEST)","106","","540"
"Switzerland (CH)","27.06.2020 04:00 - 27.06.2020 05:00 (CET/CEST)","108","","515"
"Switzerland (CH)","27.06.2020 05:00 - 27.06.2020 06:00 (CET/CEST)","141","","514"
"Switzerland (CH)","27.06.2020 06:00 - 27.06.2020 07:00 (CET/CEST)","227","","492"
"Switzerland (CH)","27.06.2020 07:00 - 27.06.2020 08:00 (CET/CEST)","490","","935"
"Switzerland (CH)","27.06.2020 08:00 - 27.06.2020 09:00 (CET/CEST)","459","","947"
"Switzerland (CH)","27.06.2020 09:00 - 27.06.2020 10:00 (CET/CEST)","468","","928"
"Switzerland (CH)","27.06.2020 10:00 - 27.06.2020 11:00 (CET/CEST)","249","","649"
"Switzerland (CH)","27.06.2020 11:00 - 27.06.2020 12:00 (CET/CEST)","146","","463"
"Switzerland (CH)","27.06.2020 12:00 - 27.06.2020 13:00 (CET/CEST)","154","","431"
"Switzerland (CH)","27.06.2020 13:00 - 27.06.2020 14:00 (CET/CEST)","153","","443"
"Switzerland (CH)","27.06.2020 14:00 - 27.06.2020 15:00 (CET/CEST)","162","","459"
"Switzerland (CH)","27.06.2020 15:00 - 27.06.2020 16:00 (CET/CEST)","172","","491"
"Switzerland (CH)","27.06.2020 16:00 - 27.06.2020 17:00 (CET/CEST)","170","","448"
"Switzerland (CH)","27.06.2020 17:00 - 27.06.2020 18:00 (CET/CEST)","191","","567"
"Switzerland (CH)","27.06.2020 18:00 - 27.06.2020 19:00 (CET/CEST)","368","","1086"
"Switzerland (CH)","27.06.2020 19:00 - 27.06.2020 20:00 (CET/CEST)","1009","","1736"
"Switzerland (CH)","27.06.2020 20:00 - 27.06.2020 21:00 (CET/CEST)","865","","1484"
"Switzerland (CH)","27.06.2020 21:00 - 27.06.2020 22:00 (CET/CEST)","919","","1670"
"Switzerland (CH)","27.06.2020 22:00 - 27.06.2020 23:00 (CET/CEST)","873","","1965"
"Switzerland (CH)","27.06.2020 23:00 - 28.06.2020 00:00 (CET/CEST)","610","","1506"
"Switzerland (CH)","28.06.2020 00:00 - 28.06.2020 01:00 (CET/CEST)","175","","817"
"Switzerland (CH)","28.06.2020 01:00 - 28.06.2020 02:00 (CET/CEST)","126","","522"
"Switzerland (CH)","28.06.2020 02:00 - 28.06.2020 03:00 (CET/CEST)","153","","482"
"Switzerland (CH)","28.06.2020 03:00 - 28.06.2020 04:00 (CET/CEST)","120","","463"
"Switzerland (CH)","28.06.2020 04:00 - 28.06.2020 05:00 (CET/CEST)","157","","481"
"Switzerland (CH)","28.06.2020 05:00 - 28.06.2020 06:00 (CET/CEST)","116","","388"
"Switzerland (CH)","28.06.2020 06:00 - 28.06.2020 07:00 (CET/CEST)","80","","426"
"Switzerland (CH)","28.06.2020 07:00 - 28.06.2020 08:00 (CET/CEST)","120","","437"
"Switzerland (CH)","28.06.2020 08:00 - 28.06.2020 09:00 (CET/CEST)","154","","484"
"Switzerland (CH)","28.06.2020 09:00 - 28.06.2020 10:00 (CET/CEST)","269","","487"
"Switzerland (CH)","28.06.2020 10:00 - 28.06.2020 11:00 (CET/CEST)","262","","522"
"Switzerland (CH)","28.06.2020 11:00 - 28.06.2020 12:00 (CET/CEST)","274","","455"
"Switzerland (CH)","28.06.2020 12:00 - 28.06.2020 13:00 (CET/CEST)","306","","510"
"Switzerland (CH)","28.06.2020 13:00 - 28.06.2020 14:00 (CET/CEST)","222","","739"
"Switzerland (CH)","28.06.2020 14:00 - 28.06.2020 15:00 (CET/CEST)","215","","442"
"Switzerland (CH)","28.06.2020 15:00 - 28.06.2020 16:00 (CET/CEST)","208","","389"
"Switzerland (CH)","28.06.2020 16:00 - 28.06.2020 17:00 (CET/CEST)","227","","427"
"Switzerland (CH)","28.06.2020 17:00 - 28.06.2020 18:00 (CET/CEST)","257","","413"
"Switzerland (CH)","28.06.2020 18:00 - 28.06.2020 19:00 (CET/CEST)","317","","922"
"Switzerland (CH)","28.06.2020 19:00 - 28.06.2020 20:00 (CET/CEST)","667","","1590"
"Switzerland (CH)","28.06.2020 20:00 - 28.06.2020 21:00 (CET/CEST)","1088","","1941"
"Switzerland (CH)","28.06.2020 21:00 - 28.06.2020 22:00 (CET/CEST)","1286","","2138"
"Switzerland (CH)","28.06.2020 22:00 - 28.06.2020 23:00 (CET/CEST)","1591","","2677"
"Switzerland (CH)","28.06.2020 23:00 - 29.06.2020 00:00 (CET/CEST)","1069","","1971"
"Switzerland (CH)","29.06.2020 00:00 - 29.06.2020 01:00 (CET/CEST)","257","","692"
"Switzerland (CH)","29.06.2020 01:00 - 29.06.2020 02:00 (CET/CEST)","245","","786"
"Switzerland (CH)","29.06.2020 02:00 - 29.06.2020 03:00 (CET/CEST)","186","","570"
"Switzerland (CH)","29.06.2020 03:00 - 29.06.2020 04:00 (CET/CEST)","142","","479"
"Switzerland (CH)","29.06.2020 04:00 - 29.06.2020 05:00 (CET/CEST)","174","","520"
"Switzerland (CH)","29.06.2020 05:00 - 29.06.2020 06:00 (CET/CEST)","220","","578"
"Switzerland (CH)","29.06.2020 06:00 - 29.06.2020 07:00 (CET/CEST)","415","","1548"
"Switzerland (CH)","29.06.2020 07:00 - 29.06.2020 08:00 (CET/CEST)","1793","","2829"
"Switzerland (CH)","29.06.2020 08:00 - 29.06.2020 09:00 (CET/CEST)","2347","","2984"
"Switzerland (CH)","29.06.2020 09:00 - 29.06.2020 10:00 (CET/CEST)","1727","","2943"
"Switzerland (CH)","29.06.2020 10:00 - 29.06.2020 11:00 (CET/CEST)","1527","","2654"
"Switzerland (CH)","29.06.2020 11:00 - 29.06.2020 12:00 (CET/CEST)","1759","","2434"
"Switzerland (CH)","29.06.2020 12:00 - 29.06.2020 13:00 (CET/CEST)","1228","","2159"
"Switzerland (CH)","29.06.2020 13:00 - 29.06.2020 14:00 (CET/CEST)","824","","1777"
"Switzerland (CH)","29.06.2020 14:00 - 29.06.2020 15:00 (CET/CEST)","1056","","1575"
"Switzerland (CH)","29.06.2020 15:00 - 29.06.2020 16:00 (CET/CEST)","951","","1542"
"Switzerland (CH)","29.06.2020 16:00 - 29.06.2020 17:00 (CET/CEST)","695","","1561"
"Switzerland (CH)","29.06.2020 17:00 - 29.06.2020 18:00 (CET/CEST)","636","","1409"
"Switzerland (CH)","29.06.2020 18:00 - 29.06.2020 19:00 (CET/CEST)","1071","","2445"
"Switzerland (CH)","29.06.2020 19:00 - 29.06.2020 20:00 (CET/CEST)","991","","2685"
"Switzerland (CH)","29.06.2020 20:00 - 29.06.2020 21:00 (CET/CEST)","1456","","2773"
"Switzerland (CH)","29.06.2020 21:00 - 29.06.2020 22:00 (CET/CEST)","1200","","2562"
"Switzerland (CH)","29.06.2020 22:00 - 29.06.2020 23:00 (CET/CEST)","1118","","2360"
"Switzerland (CH)","29.06.2020 23:00 - 30.06.2020 00:00 (CET/CEST)","889","","1481"
"Switzerland (CH)","30.06.2020 00:00 - 30.06.2020 01:00 (CET/CEST)","451","","1110"
"Switzerland (CH)","30.06.2020 01:00 - 30.06.2020 02:00 (CET/CEST)","230","","777"
"Switzerland (CH)","30.06.2020 02:00 - 30.06.2020 03:00 (CET/CEST)","155","","743"
"Switzerland (CH)","30.06.2020 03:00 - 30.06.2020 04:00 (CET/CEST)","117","","587"
"Switzerland (CH)","30.06.2020 04:00 - 30.06.2020 05:00 (CET/CEST)","108","","515"
"Switzerland (CH)","30.06.2020 05:00 - 30.06.2020 06:00 (CET/CEST)","199","","492"
"Switzerland (CH)","30.06.2020 06:00 - 30.06.2020 07:00 (CET/CEST)","922","","1181"
"Switzerland (CH)","30.06.2020 07:00 - 30.06.2020 08:00 (CET/CEST)","1422","","2065"
"Switzerland (CH)","30.06.2020 08:00 - 30.06.2020 09:00 (CET/CEST)","1951","","2281"
"Switzerland (CH)","30.06.2020 09:00 - 30.06.2020 10:00 (CET/CEST)","960","","1861"
"Switzerland (CH)","30.06.2020 10:00 - 30.06.2020 11:00 (CET/CEST)","961","","1871"
"Switzerland (CH)","30.06.2020 11:00 - 30.06.2020 12:00 (CET/CEST)","1420","","2251"
"Switzerland (CH)","30.06.2020 12:00 - 30.06.2020 13:00 (CET/CEST)","910","","1784"
"Switzerland (CH)","30.06.2020 13:00 - 30.06.2020 14:00 (CET/CEST)","1032","","1574"
"Switzerland (CH)","30.06.2020 14:00 - 30.06.2020 15:00 (CET/CEST)","1072","","1451"
"Switzerland (CH)","30.06.2020 15:00 - 30.06.2020 16:00 (CET/CEST)","864","","1653"
"Switzerland (CH)","30.06.2020 16:00 - 30.06.2020 17:00 (CET/CEST)","950","","1672"
"Switzerland (CH)","30.06.2020 17:00 - 30.06.2020 18:00 (CET/CEST)","1156","","2187"
"Switzerland (CH)","30.06.2020 18:00 - 30.06.2020 19:00 (CET/CEST)","1275","","2374"
"Switzerland (CH)","30.06.2020 19:00 - 30.06.2020 20:00 (CET/CEST)","2547","","2617"
"Switzerland (CH)","30.06.2020 20:00 - 30.06.2020 21:00 (CET/CEST)","3020","","2596"
"Switzerland (CH)","30.06.2020 21:00 - 30.06.2020 22:00 (CET/CEST)","2897","","2713"
"Switzerland (CH)","30.06.2020 22:00 - 30.06.2020 23:00 (CET/CEST)","2743","","2694"
"Switzerland (CH)","30.06.2020 23:00 - 01.07.2020 00:00 (CET/CEST)","1933","","2257"
"Switzerland (CH)","01.07.2020 00:00 - 01.07.2020 01:00 (CET/CEST)","609","","1427"
"Switzerland (CH)","01.07.2020 01:00 - 01.07.2020 02:00 (CET/CEST)","230","","999"
"Switzerland (CH)","01.07.2020 02:00 - 01.07.2020 03:00 (CET/CEST)","102","","837"
"Switzerland (CH)","01.07.2020 03:00 - 01.07.2020 04:00 (CET/CEST)","81","","898"
"Switzerland (CH)","01.07.2020 04:00 - 01.07.2020 05:00 (CET/CEST)","95","","1004"
"Switzerland (CH)","01.07.2020 05:00 - 01.07.2020 06:00 (CET/CEST)","172","","956"
"Switzerland (CH)","01.07.2020 06:00 - 01.07.2020 07:00 (CET/CEST)","1157","","2118"
"Switzerland (CH)","01.07.2020 07:00 - 01.07.2020 08:00 (CET/CEST)","2921","","2822"
"Switzerland (CH)","01.07.2020 08:00 - 01.07.2020 09:00 (CET/CEST)","2989","","2906"
"Switzerland (CH)","01.07.2020 09:00 - 01.07.2020 10:00 (CET/CEST)","2922","","2896"
"Switzerland (CH)","01.07.2020 10:00 - 01.07.2020 11:00 (CET/CEST)","2763","","2982"
"Switzerland (CH)","01.07.2020 11:00 - 01.07.2020 12:00 (CET/CEST)","2640","","2971"
"Switzerland (CH)","01.07.2020 12:00 - 01.07.2020 13:00 (CET/CEST)","1588","","2749"
"Switzerland (CH)","01.07.2020 13:00 - 01.07.2020 14:00 (CET/CEST)","1325","","2598"
"Switzerland (CH)","01.07.2020 14:00 - 01.07.2020 15:00 (CET/CEST)","1157","","2430"
"Switzerland (CH)","01.07.2020 15:00 - 01.07.2020 16:00 (CET/CEST)","1002","","2120"
"Switzerland (CH)","01.07.2020 16:00 - 01.07.2020 17:00 (CET/CEST)","1121","","2499"
"Switzerland (CH)","01.07.2020 17:00 - 01.07.2020 18:00 (CET/CEST)","1980","","2871"
"Switzerland (CH)","01.07.2020 18:00 - 01.07.2020 19:00 (CET/CEST)","2620","","2911"
"Switzerland (CH)","01.07.2020 19:00 - 01.07.2020 20:00 (CET/CEST)","2834","","2956"
"Switzerland (CH)","01.07.2020 20:00 - 01.07.2020 21:00 (CET/CEST)","2636","","3014"
"Switzerland (CH)","01.07.2020 21:00 - 01.07.2020 22:00 (CET/CEST)","2392","","2905"
"Switzerland (CH)","01.07.2020 22:00 - 01.07.2020 23:00 (CET/CEST)","2219","","2762"
"Switzerland (CH)","01.07.2020 23:00 - 02.07.2020 00:00 (CET/CEST)","1787","","2460"
"Switzerland (CH)","02.07.2020 00:00 - 02.07.2020 01:00 (CET/CEST)","854","","2246"
"Switzerland (CH)","02.07.2020 01:00 - 02.07.2020 02:00 (CET/CEST)","467","","1454"
"Switzerland (CH)","02.07.2020 02:00 - 02.07.2020 03:00 (CET/CEST)","248","","1364"
"Switzerland (CH)","02.07.2020 03:00 - 02.07.2020 04:00 (CET/CEST)","125","","1329"
"Switzerland (CH)","02.07.2020 04:00 - 02.07.2020 05:00 (CET/CEST)","248","","1631"
"Switzerland (CH)","02.07.2020 05:00 - 02.07.2020 06:00 (CET/CEST)","810","","1516"
"Switzerland (CH)","02.07.2020 06:00 - 02.07.2020 07:00 (CET/CEST)","1746","","2459"
"Switzerland (CH)","02.07.2020 07:00 - 02.07.2020 08:00 (CET/CEST)","2815","","2838"
"Switzerland (CH)","02.07.2020 08:00 - 02.07.2020 09:00 (CET/CEST)","2921","","2847"
"Switzerland (CH)","02.07.2020 09:00 - 02.07.2020 10:00 (CET/CEST)","1400","","2464"
"Switzerland (CH)","02.07.2020 10:00 - 02.07.2020 11:00 (CET/CEST)","1508","","2492"
"Switzerland (CH)","02.07.2020 11:00 - 02.07.2020 12:00 (CET/CEST)","2614","","2594"
"Switzerland (CH)","02.07.2020 12:00 - 02.07.2020 13:00 (CET/CEST)","2172","","2758"
"Switzerland (CH)","02.07.2020 13:00 - 02.07.2020 14:00 (CET/CEST)","1960","","2833"
"Switzerland (CH)","02.07.2020 14:00 - 02.07.2020 15:00 (CET/CEST)","1660","","2765"
"Switzerland (CH)","02.07.2020 15:00 - 02.07.2020 16:00 (CET/CEST)","1676","","2512"
"Switzerland (CH)","02.07.2020 16:00 - 02.07.2020 17:00 (CET/CEST)","1468","","2386"
"Switzerland (CH)","02.07.2020 17:00 - 02.07.2020 18:00 (CET/CEST)","2416","","2621"
"Switzerland (CH)","02.07.2020 18:00 - 02.07.2020 19:00 (CET/CEST)","2993","","3065"
"Switzerland (CH)","02.07.2020 19:00 - 02.07.2020 20:00 (CET/CEST)","3176","","3065"
"Switzerland (CH)","02.07.2020 20:00 - 02.07.2020 21:00 (CET/CEST)","3161","","3108"
"Switzerland (CH)","02.07.2020 21:00 - 02.07.2020 22:00 (CET/CEST)","3020","","3025"
"Switzerland (CH)","02.07.2020 22:00 - 02.07.2020 23:00 (CET/CEST)","3043","","2963"
"Switzerland (CH)","02.07.2020 23:00 - 03.07.2020 00:00 (CET/CEST)","2410","","2726"
"Switzerland (CH)","03.07.2020 00:00 - 03.07.2020 01:00 (CET/CEST)","1268","","2548"
"Switzerland (CH)","03.07.2020 01:00 - 03.07.2020 02:00 (CET/CEST)","716","","1782"
"Switzerland (CH)","03.07.2020 02:00 - 03.07.2020 03:00 (CET/CEST)","216","","1273"
"Switzerland (CH)","03.07.2020 03:00 - 03.07.2020 04:00 (CET/CEST)","217","","1293"
"Switzerland (CH)","03.07.2020 04:00 - 03.07.2020 05:00 (CET/CEST)","278","","1000"
"Switzerland (CH)","03.07.2020 05:00 - 03.07.2020 06:00 (CET/CEST)","351","","1257"
"Switzerland (CH)","03.07.2020 06:00 - 03.07.2020 07:00 (CET/CEST)","1369","","2386"
"Switzerland (CH)","03.07.2020 07:00 - 03.07.2020 08:00 (CET/CEST)","1987","","2732"
"Switzerland (CH)","03.07.2020 08:00 - 03.07.2020 09:00 (CET/CEST)","1891","","2728"
"Switzerland (CH)","03.07.2020 09:00 - 03.07.2020 10:00 (CET/CEST)","2030","","2617"
"Switzerland (CH)","03.07.2020 10:00 - 03.07.2020 11:00 (CET/CEST)","1090","","2085"
"Switzerland (CH)","03.07.2020 11:00 - 03.07.2020 12:00 (CET/CEST)","958","","1867"
"Switzerland (CH)","03.07.2020 12:00 - 03.07.2020 13:00 (CET/CEST)","768","","1648"
"Switzerland (CH)","03.07.2020 13:00 - 03.07.2020 14:00 (CET/CEST)","591","","1648"
"Switzerland (CH)","03.07.2020 14:00 - 03.07.2020 15:00 (CET/CEST)","525","","1347"
"Switzerland (CH)","03.07.2020 15:00 - 03.07.2020 16:00 (CET/CEST)","474","","1411"
"Switzerland (CH)","03.07.2020 16:00 - 03.07.2020 17:00 (CET/CEST)","522","","1424"
"Switzerland (CH)","03.07.2020 17:00 - 03.07.2020 18:00 (CET/CEST)","612","","1519"
"Switzerland (CH)","03.07.2020 18:00 - 03.07.2020 19:00 (CET/CEST)","930","","1983"
"Switzerland (CH)","03.07.2020 19:00 - 03.07.2020 20:00 (CET/CEST)","1019","","2016"
"Switzerland (CH)","03.07.2020 20:00 - 03.07.2020 21:00 (CET/CEST)","998","","2020"
"Switzerland (CH)","03.07.2020 21:00 - 03.07.2020 22:00 (CET/CEST)","680","","2038"
"Switzerland (CH)","03.07.2020 22:00 - 03.07.2020 23:00 (CET/CEST)","802","","2030"
"Switzerland (CH)","03.07.2020 23:00 - 04.07.2020 00:00 (CET/CEST)","519","","1527"
"Switzerland (CH)","04.07.2020 00:00 - 04.07.2020 01:00 (CET/CEST)","390","","1835"
"Switzerland (CH)","04.07.2020 01:00 - 04.07.2020 02:00 (CET/CEST)","235","","971"
"Switzerland (CH)","04.07.2020 02:00 - 04.07.2020 03:00 (CET/CEST)","93","","835"
"Switzerland (CH)","04.07.2020 03:00 - 04.07.2020 04:00 (CET/CEST)","85","","803"
"Switzerland (CH)","04.07.2020 04:00 - 04.07.2020 05:00 (CET/CEST)","86","","874"
"Switzerland (CH)","04.07.2020 05:00 - 04.07.2020 06:00 (CET/CEST)","87","","903"
"Switzerland (CH)","04.07.2020 06:00 - 04.07.2020 07:00 (CET/CEST)","116","","888"
"Switzerland (CH)","04.07.2020 07:00 - 04.07.2020 08:00 (CET/CEST)","150","","885"
"Switzerland (CH)","04.07.2020 08:00 - 04.07.2020 09:00 (CET/CEST)","145","","1076"
"Switzerland (CH)","04.07.2020 09:00 - 04.07.2020 10:00 (CET/CEST)","444","","974"
"Switzerland (CH)","04.07.2020 10:00 - 04.07.2020 11:00 (CET/CEST)","288","","926"
"Switzerland (CH)","04.07.2020 11:00 - 04.07.2020 12:00 (CET/CEST)","331","","911"
"Switzerland (CH)","04.07.2020 12:00 - 04.07.2020 13:00 (CET/CEST)","195","","1054"
"Switzerland (CH)","04.07.2020 13:00 - 04.07.2020 14:00 (CET/CEST)","148","","769"
"Switzerland (CH)","04.07.2020 14:00 - 04.07.2020 15:00 (CET/CEST)","101","","678"
"Switzerland (CH)","04.07.2020 15:00 - 04.07.2020 16:00 (CET/CEST)","149","","828"
"Switzerland (CH)","04.07.2020 16:00 - 04.07.2020 17:00 (CET/CEST)","145","","810"
"Switzerland (CH)","04.07.2020 17:00 - 04.07.2020 18:00 (CET/CEST)","171","","894"
"Switzerland (CH)","04.07.2020 18:00 - 04.07.2020 19:00 (CET/CEST)","263","","945"
"Switzerland (CH)","04.07.2020 19:00 - 04.07.2020 20:00 (CET/CEST)","480","","1386"
"Switzerland (CH)","04.07.2020 20:00 - 04.07.2020 21:00 (CET/CEST)","704","","1366"
"Switzerland (CH)","04.07.2020 21:00 - 04.07.2020 22:00 (CET/CEST)","203","","1173"
"Switzerland (CH)","04.07.2020 22:00 - 04.07.2020 23:00 (CET/CEST)","174","","1473"
"Switzerland (CH)","04.07.2020 23:00 - 05.07.2020 00:00 (CET/CEST)","153","","1115"
"Switzerland (CH)","05.07.2020 00:00 - 05.07.2020 01:00 (CET/CEST)","127","","1112"
"Switzerland (CH)","05.07.2020 01:00 - 05.07.2020 02:00 (CET/CEST)","112","","884"
"Switzerland (CH)","05.07.2020 02:00 - 05.07.2020 03:00 (CET/CEST)","88","","780"
"Switzerland (CH)","05.07.2020 03:00 - 05.07.2020 04:00 (CET/CEST)","92","","715"
"Switzerland (CH)","05.07.2020 04:00 - 05.07.2020 05:00 (CET/CEST)","81","","762"
"Switzerland (CH)","05.07.2020 05:00 - 05.07.2020 06:00 (CET/CEST)","55","","768"
"Switzerland (CH)","05.07.2020 06:00 - 05.07.2020 07:00 (CET/CEST)","73","","757"
"Switzerland (CH)","05.07.2020 07:00 - 05.07.2020 08:00 (CET/CEST)","77","","954"
"Switzerland (CH)","05.07.2020 08:00 - 05.07.2020 09:00 (CET/CEST)","95","","1000"
"Switzerland (CH)","05.07.2020 09:00 - 05.07.2020 10:00 (CET/CEST)","102","","845"
"Switzerland (CH)","05.07.2020 10:00 - 05.07.2020 11:00 (CET/CEST)","87","","666"
"Switzerland (CH)","05.07.2020 11:00 - 05.07.2020 12:00 (CET/CEST)","70","","811"
"Switzerland (CH)","05.07.2020 12:00 - 05.07.2020 13:00 (CET/CEST)","121","","714"
"Switzerland (CH)","05.07.2020 13:00 - 05.07.2020 14:00 (CET/CEST)","129","","532"
"Switzerland (CH)","05.07.2020 14:00 - 05.07.2020 15:00 (CET/CEST)","117","","582"
"Switzerland (CH)","05.07.2020 15:00 - 05.07.2020 16:00 (CET/CEST)","92","","630"
"Switzerland (CH)","05.07.2020 16:00 - 05.07.2020 17:00 (CET/CEST)","132","","660"
"Switzerland (CH)","05.07.2020 17:00 - 05.07.2020 18:00 (CET/CEST)","192","","746"
"Switzerland (CH)","05.07.2020 18:00 - 05.07.2020 19:00 (CET/CEST)","231","","872"
"Switzerland (CH)","05.07.2020 19:00 - 05.07.2020 20:00 (CET/CEST)","337","","1093"
"Switzerland (CH)","05.07.2020 20:00 - 05.07.2020 21:00 (CET/CEST)","314","","1182"
"Switzerland (CH)","05.07.2020 21:00 - 05.07.2020 22:00 (CET/CEST)","399","","1496"
"Switzerland (CH)","05.07.2020 22:00 - 05.07.2020 23:00 (CET/CEST)","701","","1835"
"Switzerland (CH)","05.07.2020 23:00 - 06.07.2020 00:00 (CET/CEST)","703","","1493"
"Switzerland (CH)","06.07.2020 00:00 - 06.07.2020 01:00 (CET/CEST)","197","","794"
"Switzerland (CH)","06.07.2020 01:00 - 06.07.2020 02:00 (CET/CEST)","147","","736"
"Switzerland (CH)","06.07.2020 02:00 - 06.07.2020 03:00 (CET/CEST)","121","","731"
"Switzerland (CH)","06.07.2020 03:00 - 06.07.2020 04:00 (CET/CEST)","86","","707"
"Switzerland (CH)","06.07.2020 04:00 - 06.07.2020 05:00 (CET/CEST)","96","","737"
"Switzerland (CH)","06.07.2020 05:00 - 06.07.2020 06:00 (CET/CEST)","134","","852"
"Switzerland (CH)","06.07.2020 06:00 - 06.07.2020 07:00 (CET/CEST)","228","","976"
"Switzerland (CH)","06.07.2020 07:00 - 06.07.2020 08:00 (CET/CEST)","284","","1233"
"Switzerland (CH)","06.07.2020 08:00 - 06.07.2020 09:00 (CET/CEST)","783","","1966"
"Switzerland (CH)","06.07.2020 09:00 - 06.07.2020 10:00 (CET/CEST)","729","","2141"
"Switzerland (CH)","06.07.2020 10:00 - 06.07.2020 11:00 (CET/CEST)","733","","2084"
"Switzerland (CH)","06.07.2020 11:00 - 06.07.2020 12:00 (CET/CEST)","542","","2078"
"Switzerland (CH)","06.07.2020 12:00 - 06.07.2020 13:00 (CET/CEST)","467","","2123"
"Switzerland (CH)","06.07.2020 13:00 - 06.07.2020 14:00 (CET/CEST)","481","","2137"
"Switzerland (CH)","06.07.2020 14:00 - 06.07.2020 15:00 (CET/CEST)","677","","2007"
"Switzerland (CH)","06.07.2020 15:00 - 06.07.2020 16:00 (CET/CEST)","390","","1315"
"Switzerland (CH)","06.07.2020 16:00 - 06.07.2020 17:00 (CET/CEST)","234","","898"
"Switzerland (CH)","06.07.2020 17:00 - 06.07.2020 18:00 (CET/CEST)","400","","1517"
"Switzerland (CH)","06.07.2020 18:00 - 06.07.2020 19:00 (CET/CEST)","691","","1845"
"Switzerland (CH)","06.07.2020 19:00 - 06.07.2020 20:00 (CET/CEST)","1171","","2748"
"Switzerland (CH)","06.07.2020 20:00 - 06.07.2020 21:00 (CET/CEST)","1523","","2832"
"Switzerland (CH)","06.07.2020 21:00 - 06.07.2020 22:00 (CET/CEST)","1551","","2956"
"Switzerland (CH)","06.07.2020 22:00 - 06.07.2020 23:00 (CET/CEST)","1361","","2903"
"Switzerland (CH)","06.07.2020 23:00 - 07.07.2020 00:00 (CET/CEST)","606","","1981"
"Switzerland (CH)","07.07.2020 00:00 - 07.07.2020 01:00 (CET/CEST)","315","","1410"
"Switzerland (CH)","07.07.2020 01:00 - 07.07.2020 02:00 (CET/CEST)","256","","1209"
"Switzerland (CH)","07.07.2020 02:00 - 07.07.2020 03:00 (CET/CEST)","231","","906"
"Switzerland (CH)","07.07.2020 03:00 - 07.07.2020 04:00 (CET/CEST)","117","","946"
"Switzerland (CH)","07.07.2020 04:00 - 07.07.2020 05:00 (CET/CEST)","92","","1072"
"Switzerland (CH)","07.07.2020 05:00 - 07.07.2020 06:00 (CET/CEST)","237","","1284"
"Switzerland (CH)","07.07.2020 06:00 - 07.07.2020 07:00 (CET/CEST)","842","","2273"
"Switzerland (CH)","07.07.2020 07:00 - 07.07.2020 08:00 (CET/CEST)","1692","","2905"
"Switzerland (CH)","07.07.2020 08:00 - 07.07.2020 09:00 (CET/CEST)","1460","","3004"
"Switzerland (CH)","07.07.2020 09:00 - 07.07.2020 10:00 (CET/CEST)","864","","2271"
"Switzerland (CH)","07.07.2020 10:00 - 07.07.2020 11:00 (CET/CEST)","555","","2079"
"Switzerland (CH)","07.07.2020 11:00 - 07.07.2020 12:00 (CET/CEST)","484","","2279"
"Switzerland (CH)","07.07.2020 12:00 - 07.07.2020 13:00 (CET/CEST)","351","","1956"
"Switzerland (CH)","07.07.2020 13:00 - 07.07.2020 14:00 (CET/CEST)","393","","1928"
"Switzerland (CH)","07.07.2020 14:00 - 07.07.2020 15:00 (CET/CEST)","423","","1603"
"Switzerland (CH)","07.07.2020 15:00 - 07.07.2020 16:00 (CET/CEST)","386","","1598"
"Switzerland (CH)","07.07.2020 16:00 - 07.07.2020 17:00 (CET/CEST)","440","","1588"
"Switzerland (CH)","07.07.2020 17:00 - 07.07.2020 18:00 (CET/CEST)","947","","2110"
"Switzerland (CH)","07.07.2020 18:00 - 07.07.2020 19:00 (CET/CEST)","2025","","2626"
"Switzerland (CH)","07.07.2020 19:00 - 07.07.2020 20:00 (CET/CEST)","2020","","2970"
"Switzerland (CH)","07.07.2020 20:00 - 07.07.2020 21:00 (CET/CEST)","2202","","3165"
"Switzerland (CH)","07.07.2020 21:00 - 07.07.2020 22:00 (CET/CEST)","2151","","3035"
"Switzerland (CH)","07.07.2020 22:00 - 07.07.2020 23:00 (CET/CEST)","2022","","2814"
"Switzerland (CH)","07.07.2020 23:00 - 08.07.2020 00:00 (CET/CEST)","1534","","2401"
"Switzerland (CH)","08.07.2020 00:00 - 08.07.2020 01:00 (CET/CEST)","441","","1932"
"Switzerland (CH)","08.07.2020 01:00 - 08.07.2020 02:00 (CET/CEST)","246","","1230"
"Switzerland (CH)","08.07.2020 02:00 - 08.07.2020 03:00 (CET/CEST)","193","","936"
"Switzerland (CH)","08.07.2020 03:00 - 08.07.2020 04:00 (CET/CEST)","168","","969"
"Switzerland (CH)","08.07.2020 04:00 - 08.07.2020 05:00 (CET/CEST)","194","","922"
"Switzerland (CH)","08.07.2020 05:00 - 08.07.2020 06:00 (CET/CEST)","269","","964"
"Switzerland (CH)","08.07.2020 06:00 - 08.07.2020 07:00 (CET/CEST)","540","","1858"
"Switzerland (CH)","08.07.2020 07:00 - 08.07.2020 08:00 (CET/CEST)","1820","","2584"
"Switzerland (CH)","08.07.2020 08:00 - 08.07.2020 09:00 (CET/CEST)","2255","","2864"
"Switzerland (CH)","08.07.2020 09:00 - 08.07.2020 10:00 (CET/CEST)","2339","","2724"
"Switzerland (CH)","08.07.2020 10:00 - 08.07.2020 11:00 (CET/CEST)","2141","","2638"
"Switzerland (CH)","08.07.2020 11:00 - 08.07.2020 12:00 (CET/CEST)","2079","","2742"
"Switzerland (CH)","08.07.2020 12:00 - 08.07.2020 13:00 (CET/CEST)","1743","","2506"
"Switzerland (CH)","08.07.2020 13:00 - 08.07.2020 14:00 (CET/CEST)","1581","","2404"
"Switzerland (CH)","08.07.2020 14:00 - 08.07.2020 15:00 (CET/CEST)","1347","","2348"
"Switzerland (CH)","08.07.2020 15:00 - 08.07.2020 16:00 (CET/CEST)","1386","","2403"
"Switzerland (CH)","08.07.2020 16:00 - 08.07.2020 17:00 (CET/CEST)","1876","","2555"
"Switzerland (CH)","08.07.2020 17:00 - 08.07.2020 18:00 (CET/CEST)","2467","","2986"
"Switzerland (CH)","08.07.2020 18:00 - 08.07.2020 19:00 (CET/CEST)","2855","","3259"
"Switzerland (CH)","08.07.2020 19:00 - 08.07.2020 20:00 (CET/CEST)","2834","","3421"
"Switzerland (CH)","08.07.2020 20:00 - 08.07.2020 21:00 (CET/CEST)","2774","","3237"
"Switzerland (CH)","08.07.2020 21:00 - 08.07.2020 22:00 (CET/CEST)","2772","","3177"
"Switzerland (CH)","08.07.2020 22:00 - 08.07.2020 23:00 (CET/CEST)","2677","","3067"
"Switzerland (CH)","08.07.2020 23:00 - 09.07.2020 00:00 (CET/CEST)","2493","","2830"
"Switzerland (CH)","09.07.2020 00:00 - 09.07.2020 01:00 (CET/CEST)","1633","","2403"
"Switzerland (CH)","09.07.2020 01:00 - 09.07.2020 02:00 (CET/CEST)","391","","1865"
"Switzerland (CH)","09.07.2020 02:00 - 09.07.2020 03:00 (CET/CEST)","325","","1629"
"Switzerland (CH)","09.07.2020 03:00 - 09.07.2020 04:00 (CET/CEST)","288","","856"
"Switzerland (CH)","09.07.2020 04:00 - 09.07.2020 05:00 (CET/CEST)","289","","830"
"Switzerland (CH)","09.07.2020 05:00 - 09.07.2020 06:00 (CET/CEST)","362","","1553"
"Switzerland (CH)","09.07.2020 06:00 - 09.07.2020 07:00 (CET/CEST)","1372","","2398"
"Switzerland (CH)","09.07.2020 07:00 - 09.07.2020 08:00 (CET/CEST)","2727","","2974"
"Switzerland (CH)","09.07.2020 08:00 - 09.07.2020 09:00 (CET/CEST)","2802","","3249"
"Switzerland (CH)","09.07.2020 09:00 - 09.07.2020 10:00 (CET/CEST)","2629","","3192"
"Switzerland (CH)","09.07.2020 10:00 - 09.07.2020 11:00 (CET/CEST)","2248","","2896"
"Switzerland (CH)","09.07.2020 11:00 - 09.07.2020 12:00 (CET/CEST)","1860","","2649"
"Switzerland (CH)","09.07.2020 12:00 - 09.07.2020 13:00 (CET/CEST)","1068","","1950"
"Switzerland (CH)","09.07.2020 13:00 - 09.07.2020 14:00 (CET/CEST)","1128","","2088"
"Switzerland (CH)","09.07.2020 14:00 - 09.07.2020 15:00 (CET/CEST)","941","","2078"
"Switzerland (CH)","09.07.2020 15:00 - 09.07.2020 16:00 (CET/CEST)","535","","2023"
"Switzerland (CH)","09.07.2020 16:00 - 09.07.2020 17:00 (CET/CEST)","574","","2248"
"Switzerland (CH)","09.07.2020 17:00 - 09.07.2020 18:00 (CET/CEST)","1235","","2240"
"Switzerland (CH)","09.07.2020 18:00 - 09.07.2020 19:00 (CET/CEST)","2051","","2824"
"Switzerland (CH)","09.07.2020 19:00 - 09.07.2020 20:00 (CET/CEST)","2228","","2803"
"Switzerland (CH)","09.07.2020 20:00 - 09.07.2020 21:00 (CET/CEST)","2361","","3110"
"Switzerland (CH)","09.07.2020 21:00 - 09.07.2020 22:00 (CET/CEST)","2671","","3089"
"Switzerland (CH)","09.07.2020 22:00 - 09.07.2020 23:00 (CET/CEST)","2387","","2755"
"Switzerland (CH)","09.07.2020 23:00 - 10.07.2020 00:00 (CET/CEST)","1898","","2091"
"Switzerland (CH)","10.07.2020 00:00 - 10.07.2020 01:00 (CET/CEST)","1076","","2485"
"Switzerland (CH)","10.07.2020 01:00 - 10.07.2020 02:00 (CET/CEST)","904","","2336"
"Switzerland (CH)","10.07.2020 02:00 - 10.07.2020 03:00 (CET/CEST)","412","","1088"
"Switzerland (CH)","10.07.2020 03:00 - 10.07.2020 04:00 (CET/CEST)","328","","798"
"Switzerland (CH)","10.07.2020 04:00 - 10.07.2020 05:00 (CET/CEST)","307","","738"
"Switzerland (CH)","10.07.2020 05:00 - 10.07.2020 06:00 (CET/CEST)","337","","736"
"Switzerland (CH)","10.07.2020 06:00 - 10.07.2020 07:00 (CET/CEST)","569","","1660"
"Switzerland (CH)","10.07.2020 07:00 - 10.07.2020 08:00 (CET/CEST)","987","","2860"
"Switzerland (CH)","10.07.2020 08:00 - 10.07.2020 09:00 (CET/CEST)","1071","","2995"
"Switzerland (CH)","10.07.2020 09:00 - 10.07.2020 10:00 (CET/CEST)","1029","","2767"
"Switzerland (CH)","10.07.2020 10:00 - 10.07.2020 11:00 (CET/CEST)","754","","2577"
"Switzerland (CH)","10.07.2020 11:00 - 10.07.2020 12:00 (CET/CEST)","788","","2481"
"Switzerland (CH)","10.07.2020 12:00 - 10.07.2020 13:00 (CET/CEST)","687","","2481"
"Switzerland (CH)","10.07.2020 13:00 - 10.07.2020 14:00 (CET/CEST)","741","","2109"
"Switzerland (CH)","10.07.2020 14:00 - 10.07.2020 15:00 (CET/CEST)","572","","2144"
"Switzerland (CH)","10.07.2020 15:00 - 10.07.2020 16:00 (CET/CEST)","453","","1824"
"Switzerland (CH)","10.07.2020 16:00 - 10.07.2020 17:00 (CET/CEST)","518","","1744"
"Switzerland (CH)","10.07.2020 17:00 - 10.07.2020 18:00 (CET/CEST)","689","","2266"
"Switzerland (CH)","10.07.2020 18:00 - 10.07.2020 19:00 (CET/CEST)","906","","2699"
"Switzerland (CH)","10.07.2020 19:00 - 10.07.2020 20:00 (CET/CEST)","664","","2571"
"Switzerland (CH)","10.07.2020 20:00 - 10.07.2020 21:00 (CET/CEST)","649","","2574"
"Switzerland (CH)","10.07.2020 21:00 - 10.07.2020 22:00 (CET/CEST)","786","","2296"
"Switzerland (CH)","10.07.2020 22:00 - 10.07.2020 23:00 (CET/CEST)","1244","","2355"
"Switzerland (CH)","10.07.2020 23:00 - 11.07.2020 00:00 (CET/CEST)","1273","","1978"
"Switzerland (CH)","11.07.2020 00:00 - 11.07.2020 01:00 (CET/CEST)","472","","2103"
"Switzerland (CH)","11.07.2020 01:00 - 11.07.2020 02:00 (CET/CEST)","308","","1503"
"Switzerland (CH)","11.07.2020 02:00 - 11.07.2020 03:00 (CET/CEST)","130","","739"
"Switzerland (CH)","11.07.2020 03:00 - 11.07.2020 04:00 (CET/CEST)","142","","430"
"Switzerland (CH)","11.07.2020 04:00 - 11.07.2020 05:00 (CET/CEST)","155","","352"
"Switzerland (CH)","11.07.2020 05:00 - 11.07.2020 06:00 (CET/CEST)","155","","398"
"Switzerland (CH)","11.07.2020 06:00 - 11.07.2020 07:00 (CET/CEST)","183","","503"
"Switzerland (CH)","11.07.2020 07:00 - 11.07.2020 08:00 (CET/CEST)","279","","776"
"Switzerland (CH)","11.07.2020 08:00 - 11.07.2020 09:00 (CET/CEST)","287","","1258"
"Switzerland (CH)","11.07.2020 09:00 - 11.07.2020 10:00 (CET/CEST)","274","","844"
"Switzerland (CH)","11.07.2020 10:00 - 11.07.2020 11:00 (CET/CEST)","249","","839"
"Switzerland (CH)","11.07.2020 11:00 - 11.07.2020 12:00 (CET/CEST)","247","","708"
"Switzerland (CH)","11.07.2020 12:00 - 11.07.2020 13:00 (CET/CEST)","227","","780"
"Switzerland (CH)","11.07.2020 13:00 - 11.07.2020 14:00 (CET/CEST)","188","","792"
"Switzerland (CH)","11.07.2020 14:00 - 11.07.2020 15:00 (CET/CEST)","110","","751"
"Switzerland (CH)","11.07.2020 15:00 - 11.07.2020 16:00 (CET/CEST)","124","","785"
"Switzerland (CH)","11.07.2020 16:00 - 11.07.2020 17:00 (CET/CEST)","133","","765"
"Switzerland (CH)","11.07.2020 17:00 - 11.07.2020 18:00 (CET/CEST)","170","","868"
"Switzerland (CH)","11.07.2020 18:00 - 11.07.2020 19:00 (CET/CEST)","423","","1871"
"Switzerland (CH)","11.07.2020 19:00 - 11.07.2020 20:00 (CET/CEST)","459","","1690"
"Switzerland (CH)","11.07.2020 20:00 - 11.07.2020 21:00 (CET/CEST)","431","","2076"
"Switzerland (CH)","11.07.2020 21:00 - 11.07.2020 22:00 (CET/CEST)","581","","2275"
"Switzerland (CH)","11.07.2020 22:00 - 11.07.2020 23:00 (CET/CEST)","673","","2413"
"Switzerland (CH)","11.07.2020 23:00 - 12.07.2020 00:00 (CET/CEST)","495","","1497"
"Switzerland (CH)","12.07.2020 00:00 - 12.07.2020 01:00 (CET/CEST)","285","","1082"
"Switzerland (CH)","12.07.2020 01:00 - 12.07.2020 02:00 (CET/CEST)","200","","780"
"Switzerland (CH)","12.07.2020 02:00 - 12.07.2020 03:00 (CET/CEST)","190","","697"
"Switzerland (CH)","12.07.2020 03:00 - 12.07.2020 04:00 (CET/CEST)","170","","459"
"Switzerland (CH)","12.07.2020 04:00 - 12.07.2020 05:00 (CET/CEST)","132","","444"
"Switzerland (CH)","12.07.2020 05:00 - 12.07.2020 06:00 (CET/CEST)","122","","428"
"Switzerland (CH)","12.07.2020 06:00 - 12.07.2020 07:00 (CET/CEST)","189","","456"
"Switzerland (CH)","12.07.2020 07:00 - 12.07.2020 08:00 (CET/CEST)","228","","652"
"Switzerland (CH)","12.07.2020 08:00 - 12.07.2020 09:00 (CET/CEST)","175","","539"
"Switzerland (CH)","12.07.2020 09:00 - 12.07.2020 10:00 (CET/CEST)","134","","717"
"Switzerland (CH)","12.07.2020 10:00 - 12.07.2020 11:00 (CET/CEST)","101","","308"
"Switzerland (CH)","12.07.2020 11:00 - 12.07.2020 12:00 (CET/CEST)","102","","301"
"Switzerland (CH)","12.07.2020 12:00 - 12.07.2020 13:00 (CET/CEST)","112","","310"
"Switzerland (CH)","12.07.2020 13:00 - 12.07.2020 14:00 (CET/CEST)","87","","313"
"Switzerland (CH)","12.07.2020 14:00 - 12.07.2020 15:00 (CET/CEST)","121","","412"
"Switzerland (CH)","12.07.2020 15:00 - 12.07.2020 16:00 (CET/CEST)","153","","394"
"Switzerland (CH)","12.07.2020 16:00 - 12.07.2020 17:00 (CET/CEST)","140","","404"
"Switzerland (CH)","12.07.2020 17:00 - 12.07.2020 18:00 (CET/CEST)","131","","445"
"Switzerland (CH)","12.07.2020 18:00 - 12.07.2020 19:00 (CET/CEST)","211","","544"
"Switzerland (CH)","12.07.2020 19:00 - 12.07.2020 20:00 (CET/CEST)","351","","984"
"Switzerland (CH)","12.07.2020 20:00 - 12.07.2020 21:00 (CET/CEST)","444","","1451"
"Switzerland (CH)","12.07.2020 21:00 - 12.07.2020 22:00 (CET/CEST)","439","","1509"
"Switzerland (CH)","12.07.2020 22:00 - 12.07.2020 23:00 (CET/CEST)","602","","1864"
"Switzerland (CH)","12.07.2020 23:00 - 13.07.2020 00:00 (CET/CEST)","442","","1214"
"Switzerland (CH)","13.07.2020 00:00 - 13.07.2020 01:00 (CET/CEST)","213","","750"
"Switzerland (CH)","13.07.2020 01:00 - 13.07.2020 02:00 (CET/CEST)","82","","537"
"Switzerland (CH)","13.07.2020 02:00 - 13.07.2020 03:00 (CET/CEST)","90","","540"
"Switzerland (CH)","13.07.2020 03:00 - 13.07.2020 04:00 (CET/CEST)","75","","519"
"Switzerland (CH)","13.07.2020 04:00 - 13.07.2020 05:00 (CET/CEST)","50","","506"
"Switzerland (CH)","13.07.2020 05:00 - 13.07.2020 06:00 (CET/CEST)","155","","647"
"Switzerland (CH)","13.07.2020 06:00 - 13.07.2020 07:00 (CET/CEST)","363","","1725"
"Switzerland (CH)","13.07.2020 07:00 - 13.07.2020 08:00 (CET/CEST)","682","","2629"
"Switzerland (CH)","13.07.2020 08:00 - 13.07.2020 09:00 (CET/CEST)","570","","2525"
"Switzerland (CH)","13.07.2020 09:00 - 13.07.2020 10:00 (CET/CEST)","487","","2215"
"Switzerland (CH)","13.07.2020 10:00 - 13.07.2020 11:00 (CET/CEST)","410","","1226"
"Switzerland (CH)","13.07.2020 11:00 - 13.07.2020 12:00 (CET/CEST)","434","","999"
"Switzerland (CH)","13.07.2020 12:00 - 13.07.2020 13:00 (CET/CEST)","401","","1035"
"Switzerland (CH)","13.07.2020 13:00 - 13.07.2020 14:00 (CET/CEST)","383","","1089"
"Switzerland (CH)","13.07.2020 14:00 - 13.07.2020 15:00 (CET/CEST)","313","","1114"
"Switzerland (CH)","13.07.2020 15:00 - 13.07.2020 16:00 (CET/CEST)","380","","1232"
"Switzerland (CH)","13.07.2020 16:00 - 13.07.2020 17:00 (CET/CEST)","435","","1181"
"Switzerland (CH)","13.07.2020 17:00 - 13.07.2020 18:00 (CET/CEST)","624","","1611"
"Switzerland (CH)","13.07.2020 18:00 - 13.07.2020 19:00 (CET/CEST)","1675","","2529"
"Switzerland (CH)","13.07.2020 19:00 - 13.07.2020 20:00 (CET/CEST)","2430","","3203"
"Switzerland (CH)","13.07.2020 20:00 - 13.07.2020 21:00 (CET/CEST)","2172","","3107"
"Switzerland (CH)","13.07.2020 21:00 - 13.07.2020 22:00 (CET/CEST)","1727","","2736"
"Switzerland (CH)","13.07.2020 22:00 - 13.07.2020 23:00 (CET/CEST)","1489","","2686"
"Switzerland (CH)","13.07.2020 23:00 - 14.07.2020 00:00 (CET/CEST)","1042","","2179"
"Switzerland (CH)","14.07.2020 00:00 - 14.07.2020 01:00 (CET/CEST)","369","","1462"
"Switzerland (CH)","14.07.2020 01:00 - 14.07.2020 02:00 (CET/CEST)","216","","900"
"Switzerland (CH)","14.07.2020 02:00 - 14.07.2020 03:00 (CET/CEST)","153","","592"
"Switzerland (CH)","14.07.2020 03:00 - 14.07.2020 04:00 (CET/CEST)","111","","541"
"Switzerland (CH)","14.07.2020 04:00 - 14.07.2020 05:00 (CET/CEST)","107","","533"
"Switzerland (CH)","14.07.2020 05:00 - 14.07.2020 06:00 (CET/CEST)","200","","723"
"Switzerland (CH)","14.07.2020 06:00 - 14.07.2020 07:00 (CET/CEST)","458","","1504"
"Switzerland (CH)","14.07.2020 07:00 - 14.07.2020 08:00 (CET/CEST)","847","","2030"
"Switzerland (CH)","14.07.2020 08:00 - 14.07.2020 09:00 (CET/CEST)","1409","","2013"
"Switzerland (CH)","14.07.2020 09:00 - 14.07.2020 10:00 (CET/CEST)","1375","","1961"
"Switzerland (CH)","14.07.2020 10:00 - 14.07.2020 11:00 (CET/CEST)","1548","","2412"
"Switzerland (CH)","14.07.2020 11:00 - 14.07.2020 12:00 (CET/CEST)","1811","","2485"
"Switzerland (CH)","14.07.2020 12:00 - 14.07.2020 13:00 (CET/CEST)","1621","","2250"
"Switzerland (CH)","14.07.2020 13:00 - 14.07.2020 14:00 (CET/CEST)","1081","","2066"
"Switzerland (CH)","14.07.2020 14:00 - 14.07.2020 15:00 (CET/CEST)","646","","1914"
"Switzerland (CH)","14.07.2020 15:00 - 14.07.2020 16:00 (CET/CEST)","574","","1798"
"Switzerland (CH)","14.07.2020 16:00 - 14.07.2020 17:00 (CET/CEST)","1153","","1913"
"Switzerland (CH)","14.07.2020 17:00 - 14.07.2020 18:00 (CET/CEST)","1711","","2275"
"Switzerland (CH)","14.07.2020 18:00 - 14.07.2020 19:00 (CET/CEST)","2316","","2827"
"Switzerland (CH)","14.07.2020 19:00 - 14.07.2020 20:00 (CET/CEST)","2802","","3149"
"Switzerland (CH)","14.07.2020 20:00 - 14.07.2020 21:00 (CET/CEST)","2763","","2952"
"Switzerland (CH)","14.07.2020 21:00 - 14.07.2020 22:00 (CET/CEST)","2490","","2601"
"Switzerland (CH)","14.07.2020 22:00 - 14.07.2020 23:00 (CET/CEST)","2299","","2561"
"Switzerland (CH)","14.07.2020 23:00 - 15.07.2020 00:00 (CET/CEST)","1065","","2099"
"Switzerland (CH)","15.07.2020 00:00 - 15.07.2020 01:00 (CET/CEST)","441","","1531"
"Switzerland (CH)","15.07.2020 01:00 - 15.07.2020 02:00 (CET/CEST)","322","","817"
"Switzerland (CH)","15.07.2020 02:00 - 15.07.2020 03:00 (CET/CEST)","334","","663"
"Switzerland (CH)","15.07.2020 03:00 - 15.07.2020 04:00 (CET/CEST)","194","","648"
"Switzerland (CH)","15.07.2020 04:00 - 15.07.2020 05:00 (CET/CEST)","204","","752"
"Switzerland (CH)","15.07.2020 05:00 - 15.07.2020 06:00 (CET/CEST)","398","","977"
"Switzerland (CH)","15.07.2020 06:00 - 15.07.2020 07:00 (CET/CEST)","948","","2345"
"Switzerland (CH)","15.07.2020 07:00 - 15.07.2020 08:00 (CET/CEST)","1688","","2666"
"Switzerland (CH)","15.07.2020 08:00 - 15.07.2020 09:00 (CET/CEST)","2778","","2927"
"Switzerland (CH)","15.07.2020 09:00 - 15.07.2020 10:00 (CET/CEST)","2859","","3081"
"Switzerland (CH)","15.07.2020 10:00 - 15.07.2020 11:00 (CET/CEST)","2883","","3052"
"Switzerland (CH)","15.07.2020 11:00 - 15.07.2020 12:00 (CET/CEST)","2957","","3254"
"Switzerland (CH)","15.07.2020 12:00 - 15.07.2020 13:00 (CET/CEST)","2793","","2802"
"Switzerland (CH)","15.07.2020 13:00 - 15.07.2020 14:00 (CET/CEST)","2504","","2593"
"Switzerland (CH)","15.07.2020 14:00 - 15.07.2020 15:00 (CET/CEST)","2239","","2509"
"Switzerland (CH)","15.07.2020 15:00 - 15.07.2020 16:00 (CET/CEST)","2120","","2438"
"Switzerland (CH)","15.07.2020 16:00 - 15.07.2020 17:00 (CET/CEST)","1747","","2281"
"Switzerland (CH)","15.07.2020 17:00 - 15.07.2020 18:00 (CET/CEST)","2152","","2828"
"Switzerland (CH)","15.07.2020 18:00 - 15.07.2020 19:00 (CET/CEST)","2613","","3158"
"Switzerland (CH)","15.07.2020 19:00 - 15.07.2020 20:00 (CET/CEST)","2599","","3264"
"Switzerland (CH)","15.07.2020 20:00 - 15.07.2020 21:00 (CET/CEST)","2597","","3056"
"Switzerland (CH)","15.07.2020 21:00 - 15.07.2020 22:00 (CET/CEST)","2515","","2864"
"Switzerland (CH)","15.07.2020 22:00 - 15.07.2020 23:00 (CET/CEST)","2522","","2850"
"Switzerland (CH)","15.07.2020 23:00 - 16.07.2020 00:00 (CET/CEST)","2108","","2265"
"Switzerland (CH)","16.07.2020 00:00 - 16.07.2020 01:00 (CET/CEST)","367","","1786"
"Switzerland (CH)","16.07.2020 01:00 - 16.07.2020 02:00 (CET/CEST)","296","","1457"
"Switzerland (CH)","16.07.2020 02:00 - 16.07.2020 03:00 (CET/CEST)","210","","1199"
"Switzerland (CH)","16.07.2020 03:00 - 16.07.2020 04:00 (CET/CEST)","178","","811"
"Switzerland (CH)","16.07.2020 04:00 - 16.07.2020 05:00 (CET/CEST)","186","","694"
"Switzerland (CH)","16.07.2020 05:00 - 16.07.2020 06:00 (CET/CEST)","400","","980"
"Switzerland (CH)","16.07.2020 06:00 - 16.07.2020 07:00 (CET/CEST)","1410","","1956"
"Switzerland (CH)","16.07.2020 07:00 - 16.07.2020 08:00 (CET/CEST)","1978","","2666"
"Switzerland (CH)","16.07.2020 08:00 - 16.07.2020 09:00 (CET/CEST)","2668","","3143"
"Switzerland (CH)","16.07.2020 09:00 - 16.07.2020 10:00 (CET/CEST)","2823","","3118"
"Switzerland (CH)","16.07.2020 10:00 - 16.07.2020 11:00 (CET/CEST)","2790","","3079"
"Switzerland (CH)","16.07.2020 11:00 - 16.07.2020 12:00 (CET/CEST)","2859","","3126"
"Switzerland (CH)","16.07.2020 12:00 - 16.07.2020 13:00 (CET/CEST)","2760","","3081"
"Switzerland (CH)","16.07.2020 13:00 - 16.07.2020 14:00 (CET/CEST)","2665","","2737"
"Switzerland (CH)","16.07.2020 14:00 - 16.07.2020 15:00 (CET/CEST)","2669","","2529"
"Switzerland (CH)","16.07.2020 15:00 - 16.07.2020 16:00 (CET/CEST)","2626","","2259"
"Switzerland (CH)","16.07.2020 16:00 - 16.07.2020 17:00 (CET/CEST)","2529","","2314"
"Switzerland (CH)","16.07.2020 17:00 - 16.07.2020 18:00 (CET/CEST)","2728","","2429"
"Switzerland (CH)","16.07.2020 18:00 - 16.07.2020 19:00 (CET/CEST)","2787","","2740"
"Switzerland (CH)","16.07.2020 19:00 - 16.07.2020 20:00 (CET/CEST)","2874","","2887"
"Switzerland (CH)","16.07.2020 20:00 - 16.07.2020 21:00 (CET/CEST)","2779","","2591"
"Switzerland (CH)","16.07.2020 21:00 - 16.07.2020 22:00 (CET/CEST)","2509","","2283"
"Switzerland (CH)","16.07.2020 22:00 - 16.07.2020 23:00 (CET/CEST)","2239","","2209"
"Switzerland (CH)","16.07.2020 23:00 - 17.07.2020 00:00 (CET/CEST)","1350","","1719"
"Switzerland (CH)","17.07.2020 00:00 - 17.07.2020 01:00 (CET/CEST)","856","","1533"
"Switzerland (CH)","17.07.2020 01:00 - 17.07.2020 02:00 (CET/CEST)","343","","935"
"Switzerland (CH)","17.07.2020 02:00 - 17.07.2020 03:00 (CET/CEST)","223","","539"
"Switzerland (CH)","17.07.2020 03:00 - 17.07.2020 04:00 (CET/CEST)","206","","563"
"Switzerland (CH)","17.07.2020 04:00 - 17.07.2020 05:00 (CET/CEST)","153","","487"
"Switzerland (CH)","17.07.2020 05:00 - 17.07.2020 06:00 (CET/CEST)","301","","801"
"Switzerland (CH)","17.07.2020 06:00 - 17.07.2020 07:00 (CET/CEST)","1007","","1883"
"Switzerland (CH)","17.07.2020 07:00 - 17.07.2020 08:00 (CET/CEST)","1752","","2358"
"Switzerland (CH)","17.07.2020 08:00 - 17.07.2020 09:00 (CET/CEST)","1910","","2622"
"Switzerland (CH)","17.07.2020 09:00 - 17.07.2020 10:00 (CET/CEST)","1602","","2544"
"Switzerland (CH)","17.07.2020 10:00 - 17.07.2020 11:00 (CET/CEST)","1256","","2287"
"Switzerland (CH)","17.07.2020 11:00 - 17.07.2020 12:00 (CET/CEST)","1163","","2121"
"Switzerland (CH)","17.07.2020 12:00 - 17.07.2020 13:00 (CET/CEST)","859","","1846"
"Switzerland (CH)","17.07.2020 13:00 - 17.07.2020 14:00 (CET/CEST)","603","","1789"
"Switzerland (CH)","17.07.2020 14:00 - 17.07.2020 15:00 (CET/CEST)","495","","1848"
"Switzerland (CH)","17.07.2020 15:00 - 17.07.2020 16:00 (CET/CEST)","468","","1685"
"Switzerland (CH)","17.07.2020 16:00 - 17.07.2020 17:00 (CET/CEST)","715","","1627"
"Switzerland (CH)","17.07.2020 17:00 - 17.07.2020 18:00 (CET/CEST)","1073","","1780"
"Switzerland (CH)","17.07.2020 18:00 - 17.07.2020 19:00 (CET/CEST)","1392","","2414"
"Switzerland (CH)","17.07.2020 19:00 - 17.07.2020 20:00 (CET/CEST)","1322","","2580"
"Switzerland (CH)","17.07.2020 20:00 - 17.07.2020 21:00 (CET/CEST)","998","","2686"
"Switzerland (CH)","17.07.2020 21:00 - 17.07.2020 22:00 (CET/CEST)","959","","2561"
"Switzerland (CH)","17.07.2020 22:00 - 17.07.2020 23:00 (CET/CEST)","999","","2544"
"Switzerland (CH)","17.07.2020 23:00 - 18.07.2020 00:00 (CET/CEST)","741","","1514"
"Switzerland (CH)","18.07.2020 00:00 - 18.07.2020 01:00 (CET/CEST)","497","","1406"
"Switzerland (CH)","18.07.2020 01:00 - 18.07.2020 02:00 (CET/CEST)","319","","1159"
"Switzerland (CH)","18.07.2020 02:00 - 18.07.2020 03:00 (CET/CEST)","218","","965"
"Switzerland (CH)","18.07.2020 03:00 - 18.07.2020 04:00 (CET/CEST)","194","","766"
"Switzerland (CH)","18.07.2020 04:00 - 18.07.2020 05:00 (CET/CEST)","175","","719"
"Switzerland (CH)","18.07.2020 05:00 - 18.07.2020 06:00 (CET/CEST)","287","","1125"
"Switzerland (CH)","18.07.2020 06:00 - 18.07.2020 07:00 (CET/CEST)","162","","622"
"Switzerland (CH)","18.07.2020 07:00 - 18.07.2020 08:00 (CET/CEST)","158","","843"
"Switzerland (CH)","18.07.2020 08:00 - 18.07.2020 09:00 (CET/CEST)","182","","1182"
"Switzerland (CH)","18.07.2020 09:00 - 18.07.2020 10:00 (CET/CEST)","172","","858"
"Switzerland (CH)","18.07.2020 10:00 - 18.07.2020 11:00 (CET/CEST)","102","","812"
"Switzerland (CH)","18.07.2020 11:00 - 18.07.2020 12:00 (CET/CEST)","154","","657"
"Switzerland (CH)","18.07.2020 12:00 - 18.07.2020 13:00 (CET/CEST)","172","","664"
"Switzerland (CH)","18.07.2020 13:00 - 18.07.2020 14:00 (CET/CEST)","147","","633"
"Switzerland (CH)","18.07.2020 14:00 - 18.07.2020 15:00 (CET/CEST)","100","","577"
"Switzerland (CH)","18.07.2020 15:00 - 18.07.2020 16:00 (CET/CEST)","65","","529"
"Switzerland (CH)","18.07.2020 16:00 - 18.07.2020 17:00 (CET/CEST)","87","","535"
"Switzerland (CH)","18.07.2020 17:00 - 18.07.2020 18:00 (CET/CEST)","197","","873"
"Switzerland (CH)","18.07.2020 18:00 - 18.07.2020 19:00 (CET/CEST)","579","","2069"
"Switzerland (CH)","18.07.2020 19:00 - 18.07.2020 20:00 (CET/CEST)","1324","","2639"
"Switzerland (CH)","18.07.2020 20:00 - 18.07.2020 21:00 (CET/CEST)","1439","","2633"
"Switzerland (CH)","18.07.2020 21:00 - 18.07.2020 22:00 (CET/CEST)","1370","","2670"
"Switzerland (CH)","18.07.2020 22:00 - 18.07.2020 23:00 (CET/CEST)","1538","","2517"
"Switzerland (CH)","18.07.2020 23:00 - 19.07.2020 00:00 (CET/CEST)","819","","2070"
"Switzerland (CH)","19.07.2020 00:00 - 19.07.2020 01:00 (CET/CEST)","424","","1465"
"Switzerland (CH)","19.07.2020 01:00 - 19.07.2020 02:00 (CET/CEST)","351","","713"
"Switzerland (CH)","19.07.2020 02:00 - 19.07.2020 03:00 (CET/CEST)","282","","491"
"Switzerland (CH)","19.07.2020 03:00 - 19.07.2020 04:00 (CET/CEST)","189","","316"
"Switzerland (CH)","19.07.2020 04:00 - 19.07.2020 05:00 (CET/CEST)","240","","244"
"Switzerland (CH)","19.07.2020 05:00 - 19.07.2020 06:00 (CET/CEST)","261","","286"
"Switzerland (CH)","19.07.2020 06:00 - 19.07.2020 07:00 (CET/CEST)","339","","313"
"Switzerland (CH)","19.07.2020 07:00 - 19.07.2020 08:00 (CET/CEST)","323","","359"
"Switzerland (CH)","19.07.2020 08:00 - 19.07.2020 09:00 (CET/CEST)","321","","366"
"Switzerland (CH)","19.07.2020 09:00 - 19.07.2020 10:00 (CET/CEST)","266","","365"
"Switzerland (CH)","19.07.2020 10:00 - 19.07.2020 11:00 (CET/CEST)","307","","384"
"Switzerland (CH)","19.07.2020 11:00 - 19.07.2020 12:00 (CET/CEST)","312","","279"
"Switzerland (CH)","19.07.2020 12:00 - 19.07.2020 13:00 (CET/CEST)","329","","288"
"Switzerland (CH)","19.07.2020 13:00 - 19.07.2020 14:00 (CET/CEST)","357","","269"
"Switzerland (CH)","19.07.2020 14:00 - 19.07.2020 15:00 (CET/CEST)","385","","277"
"Switzerland (CH)","19.07.2020 15:00 - 19.07.2020 16:00 (CET/CEST)","356","","355"
"Switzerland (CH)","19.07.2020 16:00 - 19.07.2020 17:00 (CET/CEST)","271","","400"
"Switzerland (CH)","19.07.2020 17:00 - 19.07.2020 18:00 (CET/CEST)","362","","658"
"Switzerland (CH)","19.07.2020 18:00 - 19.07.2020 19:00 (CET/CEST)","510","","736"
"Switzerland (CH)","19.07.2020 19:00 - 19.07.2020 20:00 (CET/CEST)","921","","1799"
"Switzerland (CH)","19.07.2020 20:00 - 19.07.2020 21:00 (CET/CEST)","1416","","2352"
"Switzerland (CH)","19.07.2020 21:00 - 19.07.2020 22:00 (CET/CEST)","1131","","2175"
"Switzerland (CH)","19.07.2020 22:00 - 19.07.2020 23:00 (CET/CEST)","1619","","2648"
"Switzerland (CH)","19.07.2020 23:00 - 20.07.2020 00:00 (CET/CEST)","811","","1782"
"Switzerland (CH)","20.07.2020 00:00 - 20.07.2020 01:00 (CET/CEST)","326","","794"
"Switzerland (CH)","20.07.2020 01:00 - 20.07.2020 02:00 (CET/CEST)","221","","633"
"Switzerland (CH)","20.07.2020 02:00 - 20.07.2020 03:00 (CET/CEST)","129","","546"
"Switzerland (CH)","20.07.2020 03:00 - 20.07.2020 04:00 (CET/CEST)","126","","565"
"Switzerland (CH)","20.07.2020 04:00 - 20.07.2020 05:00 (CET/CEST)","128","","541"
"Switzerland (CH)","20.07.2020 05:00 - 20.07.2020 06:00 (CET/CEST)","252","","624"
"Switzerland (CH)","20.07.2020 06:00 - 20.07.2020 07:00 (CET/CEST)","601","","1952"
"Switzerland (CH)","20.07.2020 07:00 - 20.07.2020 08:00 (CET/CEST)","997","","2605"
"Switzerland (CH)","20.07.2020 08:00 - 20.07.2020 09:00 (CET/CEST)","852","","2711"
"Switzerland (CH)","20.07.2020 09:00 - 20.07.2020 10:00 (CET/CEST)","921","","2480"
"Switzerland (CH)","20.07.2020 10:00 - 20.07.2020 11:00 (CET/CEST)","593","","1956"
"Switzerland (CH)","20.07.2020 11:00 - 20.07.2020 12:00 (CET/CEST)","540","","2167"
"Switzerland (CH)","20.07.2020 12:00 - 20.07.2020 13:00 (CET/CEST)","491","","1701"
"Switzerland (CH)","20.07.2020 13:00 - 20.07.2020 14:00 (CET/CEST)","422","","1491"
"Switzerland (CH)","20.07.2020 14:00 - 20.07.2020 15:00 (CET/CEST)","408","","1427"
"Switzerland (CH)","20.07.2020 15:00 - 20.07.2020 16:00 (CET/CEST)","504","","1891"
"Switzerland (CH)","20.07.2020 16:00 - 20.07.2020 17:00 (CET/CEST)","505","","1803"
"Switzerland (CH)","20.07.2020 17:00 - 20.07.2020 18:00 (CET/CEST)","661","","1980"
"Switzerland (CH)","20.07.2020 18:00 - 20.07.2020 19:00 (CET/CEST)","1695","","2699"
"Switzerland (CH)","20.07.2020 19:00 - 20.07.2020 20:00 (CET/CEST)","2378","","3248"
"Switzerland (CH)","20.07.2020 20:00 - 20.07.2020 21:00 (CET/CEST)","2162","","3372"
"Switzerland (CH)","20.07.2020 21:00 - 20.07.2020 22:00 (CET/CEST)","1669","","2972"
"Switzerland (CH)","20.07.2020 22:00 - 20.07.2020 23:00 (CET/CEST)","1668","","2797"
"Switzerland (CH)","20.07.2020 23:00 - 21.07.2020 00:00 (CET/CEST)","788","","2090"
"Switzerland (CH)","21.07.2020 00:00 - 21.07.2020 01:00 (CET/CEST)","437","","938"
"Switzerland (CH)","21.07.2020 01:00 - 21.07.2020 02:00 (CET/CEST)","182","","612"
"Switzerland (CH)","21.07.2020 02:00 - 21.07.2020 03:00 (CET/CEST)","167","","609"
"Switzerland (CH)","21.07.2020 03:00 - 21.07.2020 04:00 (CET/CEST)","116","","597"
"Switzerland (CH)","21.07.2020 04:00 - 21.07.2020 05:00 (CET/CEST)","115","","594"
"Switzerland (CH)","21.07.2020 05:00 - 21.07.2020 06:00 (CET/CEST)","225","","634"
"Switzerland (CH)","21.07.2020 06:00 - 21.07.2020 07:00 (CET/CEST)","494","","1780"
"Switzerland (CH)","21.07.2020 07:00 - 21.07.2020 08:00 (CET/CEST)","957","","2534"
"Switzerland (CH)","21.07.2020 08:00 - 21.07.2020 09:00 (CET/CEST)","957","","2616"
"Switzerland (CH)","21.07.2020 09:00 - 21.07.2020 10:00 (CET/CEST)","471","","2020"
"Switzerland (CH)","21.07.2020 10:00 - 21.07.2020 11:00 (CET/CEST)","507","","2097"
"Switzerland (CH)","21.07.2020 11:00 - 21.07.2020 12:00 (CET/CEST)","608","","2234"
"Switzerland (CH)","21.07.2020 12:00 - 21.07.2020 13:00 (CET/CEST)","766","","2178"
"Switzerland (CH)","21.07.2020 13:00 - 21.07.2020 14:00 (CET/CEST)","856","","2130"
"Switzerland (CH)","21.07.2020 14:00 - 21.07.2020 15:00 (CET/CEST)","813","","2029"
"Switzerland (CH)","21.07.2020 15:00 - 21.07.2020 16:00 (CET/CEST)","827","","2094"
"Switzerland (CH)","21.07.2020 16:00 - 21.07.2020 17:00 (CET/CEST)","931","","2232"
"Switzerland (CH)","21.07.2020 17:00 - 21.07.2020 18:00 (CET/CEST)","1195","","2367"
"Switzerland (CH)","21.07.2020 18:00 - 21.07.2020 19:00 (CET/CEST)","1473","","2452"
"Switzerland (CH)","21.07.2020 19:00 - 21.07.2020 20:00 (CET/CEST)","1958","","3215"
"Switzerland (CH)","21.07.2020 20:00 - 21.07.2020 21:00 (CET/CEST)","1724","","3183"
"Switzerland (CH)","21.07.2020 21:00 - 21.07.2020 22:00 (CET/CEST)","1574","","3044"
"Switzerland (CH)","21.07.2020 22:00 - 21.07.2020 23:00 (CET/CEST)","1416","","2710"
"Switzerland (CH)","21.07.2020 23:00 - 22.07.2020 00:00 (CET/CEST)","951","","2059"
"Switzerland (CH)","22.07.2020 00:00 - 22.07.2020 01:00 (CET/CEST)","462","","969"
"Switzerland (CH)","22.07.2020 01:00 - 22.07.2020 02:00 (CET/CEST)","250","","734"
"Switzerland (CH)","22.07.2020 02:00 - 22.07.2020 03:00 (CET/CEST)","152","","708"
"Switzerland (CH)","22.07.2020 03:00 - 22.07.2020 04:00 (CET/CEST)","170","","697"
"Switzerland (CH)","22.07.2020 04:00 - 22.07.2020 05:00 (CET/CEST)","169","","685"
"Switzerland (CH)","22.07.2020 05:00 - 22.07.2020 06:00 (CET/CEST)","315","","740"
"Switzerland (CH)","22.07.2020 06:00 - 22.07.2020 07:00 (CET/CEST)","790","","1928"
"Switzerland (CH)","22.07.2020 07:00 - 22.07.2020 08:00 (CET/CEST)","1929","","2785"
"Switzerland (CH)","22.07.2020 08:00 - 22.07.2020 09:00 (CET/CEST)","2043","","2869"
"Switzerland (CH)","22.07.2020 09:00 - 22.07.2020 10:00 (CET/CEST)","1784","","2607"
"Switzerland (CH)","22.07.2020 10:00 - 22.07.2020 11:00 (CET/CEST)","1029","","2479"
"Switzerland (CH)","22.07.2020 11:00 - 22.07.2020 12:00 (CET/CEST)","1199","","2475"
"Switzerland (CH)","22.07.2020 12:00 - 22.07.2020 13:00 (CET/CEST)","888","","1890"
"Switzerland (CH)","22.07.2020 13:00 - 22.07.2020 14:00 (CET/CEST)","789","","1956"
"Switzerland (CH)","22.07.2020 14:00 - 22.07.2020 15:00 (CET/CEST)","761","","1994"
"Switzerland (CH)","22.07.2020 15:00 - 22.07.2020 16:00 (CET/CEST)","855","","2016"
"Switzerland (CH)","22.07.2020 16:00 - 22.07.2020 17:00 (CET/CEST)","841","","2212"
"Switzerland (CH)","22.07.2020 17:00 - 22.07.2020 18:00 (CET/CEST)","1594","","2631"
"Switzerland (CH)","22.07.2020 18:00 - 22.07.2020 19:00 (CET/CEST)","2500","","3032"
"Switzerland (CH)","22.07.2020 19:00 - 22.07.2020 20:00 (CET/CEST)","2615","","3403"
"Switzerland (CH)","22.07.2020 20:00 - 22.07.2020 21:00 (CET/CEST)","2618","","3385"
"Switzerland (CH)","22.07.2020 21:00 - 22.07.2020 22:00 (CET/CEST)","2389","","3109"
"Switzerland (CH)","22.07.2020 22:00 - 22.07.2020 23:00 (CET/CEST)","2324","","3082"
"Switzerland (CH)","22.07.2020 23:00 - 23.07.2020 00:00 (CET/CEST)","1690","","2345"
"Switzerland (CH)","23.07.2020 00:00 - 23.07.2020 01:00 (CET/CEST)","905","","2110"
"Switzerland (CH)","23.07.2020 01:00 - 23.07.2020 02:00 (CET/CEST)","479","","1136"
"Switzerland (CH)","23.07.2020 02:00 - 23.07.2020 03:00 (CET/CEST)","351","","715"
"Switzerland (CH)","23.07.2020 03:00 - 23.07.2020 04:00 (CET/CEST)","205","","723"
"Switzerland (CH)","23.07.2020 04:00 - 23.07.2020 05:00 (CET/CEST)","175","","740"
"Switzerland (CH)","23.07.2020 05:00 - 23.07.2020 06:00 (CET/CEST)","318","","978"
"Switzerland (CH)","23.07.2020 06:00 - 23.07.2020 07:00 (CET/CEST)","1298","","2321"
"Switzerland (CH)","23.07.2020 07:00 - 23.07.2020 08:00 (CET/CEST)","2293","","3027"
"Switzerland (CH)","23.07.2020 08:00 - 23.07.2020 09:00 (CET/CEST)","2122","","2738"
"Switzerland (CH)","23.07.2020 09:00 - 23.07.2020 10:00 (CET/CEST)","1571","","2379"
"Switzerland (CH)","23.07.2020 10:00 - 23.07.2020 11:00 (CET/CEST)","1076","","1991"
"Switzerland (CH)","23.07.2020 11:00 - 23.07.2020 12:00 (CET/CEST)","839","","2001"
"Switzerland (CH)","23.07.2020 12:00 - 23.07.2020 13:00 (CET/CEST)","778","","2119"
"Switzerland (CH)","23.07.2020 13:00 - 23.07.2020 14:00 (CET/CEST)","735","","2092"
"Switzerland (CH)","23.07.2020 14:00 - 23.07.2020 15:00 (CET/CEST)","724","","2098"
"Switzerland (CH)","23.07.2020 15:00 - 23.07.2020 16:00 (CET/CEST)","737","","2147"
"Switzerland (CH)","23.07.2020 16:00 - 23.07.2020 17:00 (CET/CEST)","807","","2069"
"Switzerland (CH)","23.07.2020 17:00 - 23.07.2020 18:00 (CET/CEST)","1195","","2345"
"Switzerland (CH)","23.07.2020 18:00 - 23.07.2020 19:00 (CET/CEST)","1808","","2777"
"Switzerland (CH)","23.07.2020 19:00 - 23.07.2020 20:00 (CET/CEST)","2255","","3292"
"Switzerland (CH)","23.07.2020 20:00 - 23.07.2020 21:00 (CET/CEST)","2089","","3236"
"Switzerland (CH)","23.07.2020 21:00 - 23.07.2020 22:00 (CET/CEST)","1733","","3086"
"Switzerland (CH)","23.07.2020 22:00 - 23.07.2020 23:00 (CET/CEST)","1560","","2958"
"Switzerland (CH)","23.07.2020 23:00 - 24.07.2020 00:00 (CET/CEST)","890","","2324"
"Switzerland (CH)","24.07.2020 00:00 - 24.07.2020 01:00 (CET/CEST)","451","","1892"
"Switzerland (CH)","24.07.2020 01:00 - 24.07.2020 02:00 (CET/CEST)","385","","1021"
"Switzerland (CH)","24.07.2020 02:00 - 24.07.2020 03:00 (CET/CEST)","368","","903"
"Switzerland (CH)","24.07.2020 03:00 - 24.07.2020 04:00 (CET/CEST)","289","","732"
"Switzerland (CH)","24.07.2020 04:00 - 24.07.2020 05:00 (CET/CEST)","278","","751"
"Switzerland (CH)","24.07.2020 05:00 - 24.07.2020 06:00 (CET/CEST)","389","","828"
"Switzerland (CH)","24.07.2020 06:00 - 24.07.2020 07:00 (CET/CEST)","556","","1422"
"Switzerland (CH)","24.07.2020 07:00 - 24.07.2020 08:00 (CET/CEST)","1144","","2577"
"Switzerland (CH)","24.07.2020 08:00 - 24.07.2020 09:00 (CET/CEST)","2229","","2907"
"Switzerland (CH)","24.07.2020 09:00 - 24.07.2020 10:00 (CET/CEST)","2231","","2819"
"Switzerland (CH)","24.07.2020 10:00 - 24.07.2020 11:00 (CET/CEST)","1689","","2585"
"Switzerland (CH)","24.07.2020 11:00 - 24.07.2020 12:00 (CET/CEST)","1134","","2497"
"Switzerland (CH)","24.07.2020 12:00 - 24.07.2020 13:00 (CET/CEST)","894","","2361"
"Switzerland (CH)","24.07.2020 13:00 - 24.07.2020 14:00 (CET/CEST)","769","","2196"
"Switzerland (CH)","24.07.2020 14:00 - 24.07.2020 15:00 (CET/CEST)","758","","2225"
"Switzerland (CH)","24.07.2020 15:00 - 24.07.2020 16:00 (CET/CEST)","629","","2134"
"Switzerland (CH)","24.07.2020 16:00 - 24.07.2020 17:00 (CET/CEST)","691","","1756"
"Switzerland (CH)","24.07.2020 17:00 - 24.07.2020 18:00 (CET/CEST)","797","","1992"
"Switzerland (CH)","24.07.2020 18:00 - 24.07.2020 19:00 (CET/CEST)","704","","1930"
"Switzerland (CH)","24.07.2020 19:00 - 24.07.2020 20:00 (CET/CEST)","1310","","2713"
"Switzerland (CH)","24.07.2020 20:00 - 24.07.2020 21:00 (CET/CEST)","1169","","2763"
"Switzerland (CH)","24.07.2020 21:00 - 24.07.2020 22:00 (CET/CEST)","1127","","2596"
"Switzerland (CH)","24.07.2020 22:00 - 24.07.2020 23:00 (CET/CEST)","1057","","2212"
"Switzerland (CH)","24.07.2020 23:00 - 25.07.2020 00:00 (CET/CEST)","776","","1758"
"Switzerland (CH)","25.07.2020 00:00 - 25.07.2020 01:00 (CET/CEST)","517","","1946"
"Switzerland (CH)","25.07.2020 01:00 - 25.07.2020 02:00 (CET/CEST)","446","","845"
"Switzerland (CH)","25.07.2020 02:00 - 25.07.2020 03:00 (CET/CEST)","309","","768"
"Switzerland (CH)","25.07.2020 03:00 - 25.07.2020 04:00 (CET/CEST)","287","","606"
"Switzerland (CH)","25.07.2020 04:00 - 25.07.2020 05:00 (CET/CEST)","282","","584"
"Switzerland (CH)","25.07.2020 05:00 - 25.07.2020 06:00 (CET/CEST)","304","","601"
"Switzerland (CH)","25.07.2020 06:00 - 25.07.2020 07:00 (CET/CEST)","293","","581"
"Switzerland (CH)","25.07.2020 07:00 - 25.07.2020 08:00 (CET/CEST)","307","","806"
"Switzerland (CH)","25.07.2020 08:00 - 25.07.2020 09:00 (CET/CEST)","377","","1100"
"Switzerland (CH)","25.07.2020 09:00 - 25.07.2020 10:00 (CET/CEST)","385","","914"
"Switzerland (CH)","25.07.2020 10:00 - 25.07.2020 11:00 (CET/CEST)","385","","1197"
"Switzerland (CH)","25.07.2020 11:00 - 25.07.2020 12:00 (CET/CEST)","270","","949"
"Switzerland (CH)","25.07.2020 12:00 - 25.07.2020 13:00 (CET/CEST)","274","","600"
"Switzerland (CH)","25.07.2020 13:00 - 25.07.2020 14:00 (CET/CEST)","287","","618"
"Switzerland (CH)","25.07.2020 14:00 - 25.07.2020 15:00 (CET/CEST)","298","","527"
"Switzerland (CH)","25.07.2020 15:00 - 25.07.2020 16:00 (CET/CEST)","319","","539"
"Switzerland (CH)","25.07.2020 16:00 - 25.07.2020 17:00 (CET/CEST)","309","","759"
"Switzerland (CH)","25.07.2020 17:00 - 25.07.2020 18:00 (CET/CEST)","354","","706"
"Switzerland (CH)","25.07.2020 18:00 - 25.07.2020 19:00 (CET/CEST)","423","","1376"
"Switzerland (CH)","25.07.2020 19:00 - 25.07.2020 20:00 (CET/CEST)","653","","1842"
"Switzerland (CH)","25.07.2020 20:00 - 25.07.2020 21:00 (CET/CEST)","644","","2072"
"Switzerland (CH)","25.07.2020 21:00 - 25.07.2020 22:00 (CET/CEST)","529","","1427"
"Switzerland (CH)","25.07.2020 22:00 - 25.07.2020 23:00 (CET/CEST)","475","","1757"
"Switzerland (CH)","25.07.2020 23:00 - 26.07.2020 00:00 (CET/CEST)","265","","1354"
"Switzerland (CH)","26.07.2020 00:00 - 26.07.2020 01:00 (CET/CEST)","398","","694"
"Switzerland (CH)","26.07.2020 01:00 - 26.07.2020 02:00 (CET/CEST)","329","","664"
"Switzerland (CH)","26.07.2020 02:00 - 26.07.2020 03:00 (CET/CEST)","312","","631"
"Switzerland (CH)","26.07.2020 03:00 - 26.07.2020 04:00 (CET/CEST)","287","","525"
"Switzerland (CH)","26.07.2020 04:00 - 26.07.2020 05:00 (CET/CEST)","315","","488"
"Switzerland (CH)","26.07.2020 05:00 - 26.07.2020 06:00 (CET/CEST)","284","","530"
"Switzerland (CH)","26.07.2020 06:00 - 26.07.2020 07:00 (CET/CEST)","242","","558"
"Switzerland (CH)","26.07.2020 07:00 - 26.07.2020 08:00 (CET/CEST)","286","","622"
"Switzerland (CH)","26.07.2020 08:00 - 26.07.2020 09:00 (CET/CEST)","197","","625"
"Switzerland (CH)","26.07.2020 09:00 - 26.07.2020 10:00 (CET/CEST)","233","","1144"
"Switzerland (CH)","26.07.2020 10:00 - 26.07.2020 11:00 (CET/CEST)","298","","947"
"Switzerland (CH)","26.07.2020 11:00 - 26.07.2020 12:00 (CET/CEST)","251","","1271"
"Switzerland (CH)","26.07.2020 12:00 - 26.07.2020 13:00 (CET/CEST)","334","","948"
"Switzerland (CH)","26.07.2020 13:00 - 26.07.2020 14:00 (CET/CEST)","259","","563"
"Switzerland (CH)","26.07.2020 14:00 - 26.07.2020 15:00 (CET/CEST)","219","","307"
"Switzerland (CH)","26.07.2020 15:00 - 26.07.2020 16:00 (CET/CEST)","207","","342"
"Switzerland (CH)","26.07.2020 16:00 - 26.07.2020 17:00 (CET/CEST)","229","","401"
"Switzerland (CH)","26.07.2020 17:00 - 26.07.2020 18:00 (CET/CEST)","280","","468"
"Switzerland (CH)","26.07.2020 18:00 - 26.07.2020 19:00 (CET/CEST)","441","","1492"
"Switzerland (CH)","26.07.2020 19:00 - 26.07.2020 20:00 (CET/CEST)","563","","1890"
"Switzerland (CH)","26.07.2020 20:00 - 26.07.2020 21:00 (CET/CEST)","1017","","2206"
"Switzerland (CH)","26.07.2020 21:00 - 26.07.2020 22:00 (CET/CEST)","1655","","2345"
"Switzerland (CH)","26.07.2020 22:00 - 26.07.2020 23:00 (CET/CEST)","2008","","2458"
"Switzerland (CH)","26.07.2020 23:00 - 27.07.2020 00:00 (CET/CEST)","751","","2114"
"Switzerland (CH)","27.07.2020 00:00 - 27.07.2020 01:00 (CET/CEST)","466","","1514"
"Switzerland (CH)","27.07.2020 01:00 - 27.07.2020 02:00 (CET/CEST)","253","","834"
"Switzerland (CH)","27.07.2020 02:00 - 27.07.2020 03:00 (CET/CEST)","234","","623"
"Switzerland (CH)","27.07.2020 03:00 - 27.07.2020 04:00 (CET/CEST)","215","","491"
"Switzerland (CH)","27.07.2020 04:00 - 27.07.2020 05:00 (CET/CEST)","322","","1135"
"Switzerland (CH)","27.07.2020 05:00 - 27.07.2020 06:00 (CET/CEST)","401","","1070"
"Switzerland (CH)","27.07.2020 06:00 - 27.07.2020 07:00 (CET/CEST)","818","","2001"
"Switzerland (CH)","27.07.2020 07:00 - 27.07.2020 08:00 (CET/CEST)","1974","","2856"
"Switzerland (CH)","27.07.2020 08:00 - 27.07.2020 09:00 (CET/CEST)","2036","","2900"
"Switzerland (CH)","27.07.2020 09:00 - 27.07.2020 10:00 (CET/CEST)","1568","","2541"
"Switzerland (CH)","27.07.2020 10:00 - 27.07.2020 11:00 (CET/CEST)","1113","","2373"
"Switzerland (CH)","27.07.2020 11:00 - 27.07.2020 12:00 (CET/CEST)","806","","2244"
"Switzerland (CH)","27.07.2020 12:00 - 27.07.2020 13:00 (CET/CEST)","711","","2107"
"Switzerland (CH)","27.07.2020 13:00 - 27.07.2020 14:00 (CET/CEST)","1093","","1832"
"Switzerland (CH)","27.07.2020 14:00 - 27.07.2020 15:00 (CET/CEST)","697","","1542"
"Switzerland (CH)","27.07.2020 15:00 - 27.07.2020 16:00 (CET/CEST)","675","","1341"
"Switzerland (CH)","27.07.2020 16:00 - 27.07.2020 17:00 (CET/CEST)","753","","1752"
"Switzerland (CH)","27.07.2020 17:00 - 27.07.2020 18:00 (CET/CEST)","1014","","1978"
"Switzerland (CH)","27.07.2020 18:00 - 27.07.2020 19:00 (CET/CEST)","1682","","2199"
"Switzerland (CH)","27.07.2020 19:00 - 27.07.2020 20:00 (CET/CEST)","1771","","2472"
"Switzerland (CH)","27.07.2020 20:00 - 27.07.2020 21:00 (CET/CEST)","1708","","2251"
"Switzerland (CH)","27.07.2020 21:00 - 27.07.2020 22:00 (CET/CEST)","795","","2076"
"Switzerland (CH)","27.07.2020 22:00 - 27.07.2020 23:00 (CET/CEST)","557","","2109"
"Switzerland (CH)","27.07.2020 23:00 - 28.07.2020 00:00 (CET/CEST)","424","","1438"
"Switzerland (CH)","28.07.2020 00:00 - 28.07.2020 01:00 (CET/CEST)","364","","828"
"Switzerland (CH)","28.07.2020 01:00 - 28.07.2020 02:00 (CET/CEST)","368","","1169"
"Switzerland (CH)","28.07.2020 02:00 - 28.07.2020 03:00 (CET/CEST)","298","","1013"
"Switzerland (CH)","28.07.2020 03:00 - 28.07.2020 04:00 (CET/CEST)","321","","619"
"Switzerland (CH)","28.07.2020 04:00 - 28.07.2020 05:00 (CET/CEST)","341","","645"
"Switzerland (CH)","28.07.2020 05:00 - 28.07.2020 06:00 (CET/CEST)","439","","778"
"Switzerland (CH)","28.07.2020 06:00 - 28.07.2020 07:00 (CET/CEST)","448","","1450"
"Switzerland (CH)","28.07.2020 07:00 - 28.07.2020 08:00 (CET/CEST)","979","","2336"
"Switzerland (CH)","28.07.2020 08:00 - 28.07.2020 09:00 (CET/CEST)","1417","","2550"
"Switzerland (CH)","28.07.2020 09:00 - 28.07.2020 10:00 (CET/CEST)","1497","","2635"
"Switzerland (CH)","28.07.2020 10:00 - 28.07.2020 11:00 (CET/CEST)","1348","","2626"
"Switzerland (CH)","28.07.2020 11:00 - 28.07.2020 12:00 (CET/CEST)","1418","","2618"
"Switzerland (CH)","28.07.2020 12:00 - 28.07.2020 13:00 (CET/CEST)","1152","","2466"
"Switzerland (CH)","28.07.2020 13:00 - 28.07.2020 14:00 (CET/CEST)","1213","","2502"
"Switzerland (CH)","28.07.2020 14:00 - 28.07.2020 15:00 (CET/CEST)","1251","","2469"
"Switzerland (CH)","28.07.2020 15:00 - 28.07.2020 16:00 (CET/CEST)","1310","","2147"
"Switzerland (CH)","28.07.2020 16:00 - 28.07.2020 17:00 (CET/CEST)","876","","1885"
"Switzerland (CH)","28.07.2020 17:00 - 28.07.2020 18:00 (CET/CEST)","995","","2064"
"Switzerland (CH)","28.07.2020 18:00 - 28.07.2020 19:00 (CET/CEST)","1353","","2575"
"Switzerland (CH)","28.07.2020 19:00 - 28.07.2020 20:00 (CET/CEST)","1750","","2717"
"Switzerland (CH)","28.07.2020 20:00 - 28.07.2020 21:00 (CET/CEST)","1675","","2756"
"Switzerland (CH)","28.07.2020 21:00 - 28.07.2020 22:00 (CET/CEST)","1135","","2728"
"Switzerland (CH)","28.07.2020 22:00 - 28.07.2020 23:00 (CET/CEST)","1051","","2633"
"Switzerland (CH)","28.07.2020 23:00 - 29.07.2020 00:00 (CET/CEST)","831","","1775"
"Switzerland (CH)","29.07.2020 00:00 - 29.07.2020 01:00 (CET/CEST)","446","","1304"
"Switzerland (CH)","29.07.2020 01:00 - 29.07.2020 02:00 (CET/CEST)","337","","815"
"Switzerland (CH)","29.07.2020 02:00 - 29.07.2020 03:00 (CET/CEST)","259","","769"
"Switzerland (CH)","29.07.2020 03:00 - 29.07.2020 04:00 (CET/CEST)","212","","748"
"Switzerland (CH)","29.07.2020 04:00 - 29.07.2020 05:00 (CET/CEST)","215","","702"
"Switzerland (CH)","29.07.2020 05:00 - 29.07.2020 06:00 (CET/CEST)","326","","842"
"Switzerland (CH)","29.07.2020 06:00 - 29.07.2020 07:00 (CET/CEST)","909","","1495"
"Switzerland (CH)","29.07.2020 07:00 - 29.07.2020 08:00 (CET/CEST)","1699","","2441"
"Switzerland (CH)","29.07.2020 08:00 - 29.07.2020 09:00 (CET/CEST)","1556","","2500"
"Switzerland (CH)","29.07.2020 09:00 - 29.07.2020 10:00 (CET/CEST)","1496","","2497"
"Switzerland (CH)","29.07.2020 10:00 - 29.07.2020 11:00 (CET/CEST)","1354","","2578"
"Switzerland (CH)","29.07.2020 11:00 - 29.07.2020 12:00 (CET/CEST)","1421","","2587"
"Switzerland (CH)","29.07.2020 12:00 - 29.07.2020 13:00 (CET/CEST)","1480","","2254"
"Switzerland (CH)","29.07.2020 13:00 - 29.07.2020 14:00 (CET/CEST)","1342","","2303"
"Switzerland (CH)","29.07.2020 14:00 - 29.07.2020 15:00 (CET/CEST)","1406","","2250"
"Switzerland (CH)","29.07.2020 15:00 - 29.07.2020 16:00 (CET/CEST)","1478","","2256"
"Switzerland (CH)","29.07.2020 16:00 - 29.07.2020 17:00 (CET/CEST)","1471","","2361"
"Switzerland (CH)","29.07.2020 17:00 - 29.07.2020 18:00 (CET/CEST)","1586","","2508"
"Switzerland (CH)","29.07.2020 18:00 - 29.07.2020 19:00 (CET/CEST)","2500","","2657"
"Switzerland (CH)","29.07.2020 19:00 - 29.07.2020 20:00 (CET/CEST)","3047","","3016"
"Switzerland (CH)","29.07.2020 20:00 - 29.07.2020 21:00 (CET/CEST)","2822","","3002"
"Switzerland (CH)","29.07.2020 21:00 - 29.07.2020 22:00 (CET/CEST)","2970","","3173"
"Switzerland (CH)","29.07.2020 22:00 - 29.07.2020 23:00 (CET/CEST)","2712","","2931"
"Switzerland (CH)","29.07.2020 23:00 - 30.07.2020 00:00 (CET/CEST)","1515","","2399"
"Switzerland (CH)","30.07.2020 00:00 - 30.07.2020 01:00 (CET/CEST)","988","","2064"
"Switzerland (CH)","30.07.2020 01:00 - 30.07.2020 02:00 (CET/CEST)","397","","1313"
"Switzerland (CH)","30.07.2020 02:00 - 30.07.2020 03:00 (CET/CEST)","394","","828"
"Switzerland (CH)","30.07.2020 03:00 - 30.07.2020 04:00 (CET/CEST)","261","","783"
"Switzerland (CH)","30.07.2020 04:00 - 30.07.2020 05:00 (CET/CEST)","271","","821"
"Switzerland (CH)","30.07.2020 05:00 - 30.07.2020 06:00 (CET/CEST)","435","","899"
"Switzerland (CH)","30.07.2020 06:00 - 30.07.2020 07:00 (CET/CEST)","1306","","2047"
"Switzerland (CH)","30.07.2020 07:00 - 30.07.2020 08:00 (CET/CEST)","1934","","2465"
"Switzerland (CH)","30.07.2020 08:00 - 30.07.2020 09:00 (CET/CEST)","2126","","2669"
"Switzerland (CH)","30.07.2020 09:00 - 30.07.2020 10:00 (CET/CEST)","879","","2249"
"Switzerland (CH)","30.07.2020 10:00 - 30.07.2020 11:00 (CET/CEST)","632","","2042"
"Switzerland (CH)","30.07.2020 11:00 - 30.07.2020 12:00 (CET/CEST)","633","","2068"
"Switzerland (CH)","30.07.2020 12:00 - 30.07.2020 13:00 (CET/CEST)","663","","1984"
"Switzerland (CH)","30.07.2020 13:00 - 30.07.2020 14:00 (CET/CEST)","712","","1994"
"Switzerland (CH)","30.07.2020 14:00 - 30.07.2020 15:00 (CET/CEST)","728","","2028"
"Switzerland (CH)","30.07.2020 15:00 - 30.07.2020 16:00 (CET/CEST)","770","","1972"
"Switzerland (CH)","30.07.2020 16:00 - 30.07.2020 17:00 (CET/CEST)","909","","2177"
"Switzerland (CH)","30.07.2020 17:00 - 30.07.2020 18:00 (CET/CEST)","1864","","2714"
"Switzerland (CH)","30.07.2020 18:00 - 30.07.2020 19:00 (CET/CEST)","2860","","3248"
"Switzerland (CH)","30.07.2020 19:00 - 30.07.2020 20:00 (CET/CEST)","3223","","3326"
"Switzerland (CH)","30.07.2020 20:00 - 30.07.2020 21:00 (CET/CEST)","3228","","3334"
"Switzerland (CH)","30.07.2020 21:00 - 30.07.2020 22:00 (CET/CEST)","3132","","3400"
"Switzerland (CH)","30.07.2020 22:00 - 30.07.2020 23:00 (CET/CEST)","2723","","3002"
"Switzerland (CH)","30.07.2020 23:00 - 31.07.2020 00:00 (CET/CEST)","1902","","2432"
"Switzerland (CH)","31.07.2020 00:00 - 31.07.2020 01:00 (CET/CEST)","1394","","2255"
"Switzerland (CH)","31.07.2020 01:00 - 31.07.2020 02:00 (CET/CEST)","453","","1309"
"Switzerland (CH)","31.07.2020 02:00 - 31.07.2020 03:00 (CET/CEST)","418","","985"
"Switzerland (CH)","31.07.2020 03:00 - 31.07.2020 04:00 (CET/CEST)","432","","1003"
"Switzerland (CH)","31.07.2020 04:00 - 31.07.2020 05:00 (CET/CEST)","487","","963"
"Switzerland (CH)","31.07.2020 05:00 - 31.07.2020 06:00 (CET/CEST)","547","","1451"
"Switzerland (CH)","31.07.2020 06:00 - 31.07.2020 07:00 (CET/CEST)","1971","","2432"
"Switzerland (CH)","31.07.2020 07:00 - 31.07.2020 08:00 (CET/CEST)","2812","","2763"
"Switzerland (CH)","31.07.2020 08:00 - 31.07.2020 09:00 (CET/CEST)","2623","","2795"
"Switzerland (CH)","31.07.2020 09:00 - 31.07.2020 10:00 (CET/CEST)","1955","","2558"
"Switzerland (CH)","31.07.2020 10:00 - 31.07.2020 11:00 (CET/CEST)","980","","2218"
"Switzerland (CH)","31.07.2020 11:00 - 31.07.2020 12:00 (CET/CEST)","655","","2133"
"Switzerland (CH)","31.07.2020 12:00 - 31.07.2020 13:00 (CET/CEST)","679","","1745"
"Switzerland (CH)","31.07.2020 13:00 - 31.07.2020 14:00 (CET/CEST)","651","","1732"
"Switzerland (CH)","31.07.2020 14:00 - 31.07.2020 15:00 (CET/CEST)","665","","1815"
"Switzerland (CH)","31.07.2020 15:00 - 31.07.2020 16:00 (CET/CEST)","706","","1887"
"Switzerland (CH)","31.07.2020 16:00 - 31.07.2020 17:00 (CET/CEST)","757","","2021"
"Switzerland (CH)","31.07.2020 17:00 - 31.07.2020 18:00 (CET/CEST)","2232","","2518"
"Switzerland (CH)","31.07.2020 18:00 - 31.07.2020 19:00 (CET/CEST)","3104","","3207"
"Switzerland (CH)","31.07.2020 19:00 - 31.07.2020 20:00 (CET/CEST)","3241","","3610"
"Switzerland (CH)","31.07.2020 20:00 - 31.07.2020 21:00 (CET/CEST)","3034","","3539"
"Switzerland (CH)","31.07.2020 21:00 - 31.07.2020 22:00 (CET/CEST)","2901","","3485"
"Switzerland (CH)","31.07.2020 22:00 - 31.07.2020 23:00 (CET/CEST)","2630","","3099"
"Switzerland (CH)","31.07.2020 23:00 - 01.08.2020 00:00 (CET/CEST)","1629","","2515"
"Switzerland (CH)","01.08.2020 00:00 - 01.08.2020 01:00 (CET/CEST)","688","","1674"
"Switzerland (CH)","01.08.2020 01:00 - 01.08.2020 02:00 (CET/CEST)","560","","1133"
"Switzerland (CH)","01.08.2020 02:00 - 01.08.2020 03:00 (CET/CEST)","465","","991"
"Switzerland (CH)","01.08.2020 03:00 - 01.08.2020 04:00 (CET/CEST)","488","","896"
"Switzerland (CH)","01.08.2020 04:00 - 01.08.2020 05:00 (CET/CEST)","444","","835"
"Switzerland (CH)","01.08.2020 05:00 - 01.08.2020 06:00 (CET/CEST)","432","","831"
"Switzerland (CH)","01.08.2020 06:00 - 01.08.2020 07:00 (CET/CEST)","483","","794"
"Switzerland (CH)","01.08.2020 07:00 - 01.08.2020 08:00 (CET/CEST)","488","","849"
"Switzerland (CH)","01.08.2020 08:00 - 01.08.2020 09:00 (CET/CEST)","531","","1287"
"Switzerland (CH)","01.08.2020 09:00 - 01.08.2020 10:00 (CET/CEST)","537","","950"
"Switzerland (CH)","01.08.2020 10:00 - 01.08.2020 11:00 (CET/CEST)","557","","885"
"Switzerland (CH)","01.08.2020 11:00 - 01.08.2020 12:00 (CET/CEST)","574","","966"
"Switzerland (CH)","01.08.2020 12:00 - 01.08.2020 13:00 (CET/CEST)","546","","1107"
"Switzerland (CH)","01.08.2020 13:00 - 01.08.2020 14:00 (CET/CEST)","506","","1087"
"Switzerland (CH)","01.08.2020 14:00 - 01.08.2020 15:00 (CET/CEST)","502","","879"
"Switzerland (CH)","01.08.2020 15:00 - 01.08.2020 16:00 (CET/CEST)","453","","833"
"Switzerland (CH)","01.08.2020 16:00 - 01.08.2020 17:00 (CET/CEST)","492","","850"
"Switzerland (CH)","01.08.2020 17:00 - 01.08.2020 18:00 (CET/CEST)","564","","1012"
"Switzerland (CH)","01.08.2020 18:00 - 01.08.2020 19:00 (CET/CEST)","581","","1863"
"Switzerland (CH)","01.08.2020 19:00 - 01.08.2020 20:00 (CET/CEST)","657","","1827"
"Switzerland (CH)","01.08.2020 20:00 - 01.08.2020 21:00 (CET/CEST)","712","","1930"
"Switzerland (CH)","01.08.2020 21:00 - 01.08.2020 22:00 (CET/CEST)","676","","2001"
"Switzerland (CH)","01.08.2020 22:00 - 01.08.2020 23:00 (CET/CEST)","653","","2008"
"Switzerland (CH)","01.08.2020 23:00 - 02.08.2020 00:00 (CET/CEST)","450","","1186"
"Switzerland (CH)","02.08.2020 00:00 - 02.08.2020 01:00 (CET/CEST)","509","","926"
"Switzerland (CH)","02.08.2020 01:00 - 02.08.2020 02:00 (CET/CEST)","231","","760"
"Switzerland (CH)","02.08.2020 02:00 - 02.08.2020 03:00 (CET/CEST)","133","","690"
"Switzerland (CH)","02.08.2020 03:00 - 02.08.2020 04:00 (CET/CEST)","115","","687"
"Switzerland (CH)","02.08.2020 04:00 - 02.08.2020 05:00 (CET/CEST)","135","","648"
"Switzerland (CH)","02.08.2020 05:00 - 02.08.2020 06:00 (CET/CEST)","129","","675"
"Switzerland (CH)","02.08.2020 06:00 - 02.08.2020 07:00 (CET/CEST)","125","","689"
"Switzerland (CH)","02.08.2020 07:00 - 02.08.2020 08:00 (CET/CEST)","148","","706"
"Switzerland (CH)","02.08.2020 08:00 - 02.08.2020 09:00 (CET/CEST)","176","","669"
"Switzerland (CH)","02.08.2020 09:00 - 02.08.2020 10:00 (CET/CEST)","194","","669"
"Switzerland (CH)","02.08.2020 10:00 - 02.08.2020 11:00 (CET/CEST)","205","","760"
"Switzerland (CH)","02.08.2020 11:00 - 02.08.2020 12:00 (CET/CEST)","187","","764"
"Switzerland (CH)","02.08.2020 12:00 - 02.08.2020 13:00 (CET/CEST)","229","","756"
"Switzerland (CH)","02.08.2020 13:00 - 02.08.2020 14:00 (CET/CEST)","236","","669"
"Switzerland (CH)","02.08.2020 14:00 - 02.08.2020 15:00 (CET/CEST)","242","","748"
"Switzerland (CH)","02.08.2020 15:00 - 02.08.2020 16:00 (CET/CEST)","246","","685"
"Switzerland (CH)","02.08.2020 16:00 - 02.08.2020 17:00 (CET/CEST)","320","","783"
"Switzerland (CH)","02.08.2020 17:00 - 02.08.2020 18:00 (CET/CEST)","313","","814"
"Switzerland (CH)","02.08.2020 18:00 - 02.08.2020 19:00 (CET/CEST)","402","","1027"
"Switzerland (CH)","02.08.2020 19:00 - 02.08.2020 20:00 (CET/CEST)","637","","1878"
"Switzerland (CH)","02.08.2020 20:00 - 02.08.2020 21:00 (CET/CEST)","649","","2375"
"Switzerland (CH)","02.08.2020 21:00 - 02.08.2020 22:00 (CET/CEST)","554","","2681"
"Switzerland (CH)","02.08.2020 22:00 - 02.08.2020 23:00 (CET/CEST)","566","","2677"
"Switzerland (CH)","02.08.2020 23:00 - 03.08.2020 00:00 (CET/CEST)","438","","1897"
"Switzerland (CH)","03.08.2020 00:00 - 03.08.2020 01:00 (CET/CEST)","185","","1054"
"Switzerland (CH)","03.08.2020 01:00 - 03.08.2020 02:00 (CET/CEST)","168","","891"
"Switzerland (CH)","03.08.2020 02:00 - 03.08.2020 03:00 (CET/CEST)","143","","928"
"Switzerland (CH)","03.08.2020 03:00 - 03.08.2020 04:00 (CET/CEST)","118","","945"
"Switzerland (CH)","03.08.2020 04:00 - 03.08.2020 05:00 (CET/CEST)","116","","947"
"Switzerland (CH)","03.08.2020 05:00 - 03.08.2020 06:00 (CET/CEST)","165","","954"
"Switzerland (CH)","03.08.2020 06:00 - 03.08.2020 07:00 (CET/CEST)","562","","1701"
"Switzerland (CH)","03.08.2020 07:00 - 03.08.2020 08:00 (CET/CEST)","1560","","2641"
"Switzerland (CH)","03.08.2020 08:00 - 03.08.2020 09:00 (CET/CEST)","2226","","2896"
"Switzerland (CH)","03.08.2020 09:00 - 03.08.2020 10:00 (CET/CEST)","2491","","3002"
"Switzerland (CH)","03.08.2020 10:00 - 03.08.2020 11:00 (CET/CEST)","2390","","2940"
"Switzerland (CH)","03.08.2020 11:00 - 03.08.2020 12:00 (CET/CEST)","2512","","2777"
"Switzerland (CH)","03.08.2020 12:00 - 03.08.2020 13:00 (CET/CEST)","1761","","2590"
"Switzerland (CH)","03.08.2020 13:00 - 03.08.2020 14:00 (CET/CEST)","1286","","2528"
"Switzerland (CH)","03.08.2020 14:00 - 03.08.2020 15:00 (CET/CEST)","782","","2041"
"Switzerland (CH)","03.08.2020 15:00 - 03.08.2020 16:00 (CET/CEST)","681","","1692"
"Switzerland (CH)","03.08.2020 16:00 - 03.08.2020 17:00 (CET/CEST)","693","","1913"
"Switzerland (CH)","03.08.2020 17:00 - 03.08.2020 18:00 (CET/CEST)","1309","","2475"
"Switzerland (CH)","03.08.2020 18:00 - 03.08.2020 19:00 (CET/CEST)","1490","","2697"
"Switzerland (CH)","03.08.2020 19:00 - 03.08.2020 20:00 (CET/CEST)","1562","","2878"
"Switzerland (CH)","03.08.2020 20:00 - 03.08.2020 21:00 (CET/CEST)","1269","","2482"
"Switzerland (CH)","03.08.2020 21:00 - 03.08.2020 22:00 (CET/CEST)","1184","","2585"
"Switzerland (CH)","03.08.2020 22:00 - 03.08.2020 23:00 (CET/CEST)","1074","","2460"
"Switzerland (CH)","03.08.2020 23:00 - 04.08.2020 00:00 (CET/CEST)","515","","1426"
"Switzerland (CH)","04.08.2020 00:00 - 04.08.2020 01:00 (CET/CEST)","371","","1045"
"Switzerland (CH)","04.08.2020 01:00 - 04.08.2020 02:00 (CET/CEST)","221","","916"
"Switzerland (CH)","04.08.2020 02:00 - 04.08.2020 03:00 (CET/CEST)","112","","936"
"Switzerland (CH)","04.08.2020 03:00 - 04.08.2020 04:00 (CET/CEST)","101","","922"
"Switzerland (CH)","04.08.2020 04:00 - 04.08.2020 05:00 (CET/CEST)","100","","930"
"Switzerland (CH)","04.08.2020 05:00 - 04.08.2020 06:00 (CET/CEST)","199","","919"
"Switzerland (CH)","04.08.2020 06:00 - 04.08.2020 07:00 (CET/CEST)","382","","1676"
"Switzerland (CH)","04.08.2020 07:00 - 04.08.2020 08:00 (CET/CEST)","834","","2302"
"Switzerland (CH)","04.08.2020 08:00 - 04.08.2020 09:00 (CET/CEST)","1479","","2813"
"Switzerland (CH)","04.08.2020 09:00 - 04.08.2020 10:00 (CET/CEST)","1829","","2511"
"Switzerland (CH)","04.08.2020 10:00 - 04.08.2020 11:00 (CET/CEST)","1711","","2635"
"Switzerland (CH)","04.08.2020 11:00 - 04.08.2020 12:00 (CET/CEST)","1357","","2319"
"Switzerland (CH)","04.08.2020 12:00 - 04.08.2020 13:00 (CET/CEST)","735","","2127"
"Switzerland (CH)","04.08.2020 13:00 - 04.08.2020 14:00 (CET/CEST)","518","","1044"
"Switzerland (CH)","04.08.2020 14:00 - 04.08.2020 15:00 (CET/CEST)","380","","806"
"Switzerland (CH)","04.08.2020 15:00 - 04.08.2020 16:00 (CET/CEST)","352","","799"
"Switzerland (CH)","04.08.2020 16:00 - 04.08.2020 17:00 (CET/CEST)","351","","970"
"Switzerland (CH)","04.08.2020 17:00 - 04.08.2020 18:00 (CET/CEST)","568","","1400"
"Switzerland (CH)","04.08.2020 18:00 - 04.08.2020 19:00 (CET/CEST)","766","","2512"
"Switzerland (CH)","04.08.2020 19:00 - 04.08.2020 20:00 (CET/CEST)","1145","","2683"
"Switzerland (CH)","04.08.2020 20:00 - 04.08.2020 21:00 (CET/CEST)","1527","","2890"
"Switzerland (CH)","04.08.2020 21:00 - 04.08.2020 22:00 (CET/CEST)","1667","","2877"
"Switzerland (CH)","04.08.2020 22:00 - 04.08.2020 23:00 (CET/CEST)","1228","","2578"
"Switzerland (CH)","04.08.2020 23:00 - 05.08.2020 00:00 (CET/CEST)","381","","1504"
"Switzerland (CH)","05.08.2020 00:00 - 05.08.2020 01:00 (CET/CEST)","202","","835"
"Switzerland (CH)","05.08.2020 01:00 - 05.08.2020 02:00 (CET/CEST)","93","","672"
"Switzerland (CH)","05.08.2020 02:00 - 05.08.2020 03:00 (CET/CEST)","65","","597"
"Switzerland (CH)","05.08.2020 03:00 - 05.08.2020 04:00 (CET/CEST)","79","","556"
"Switzerland (CH)","05.08.2020 04:00 - 05.08.2020 05:00 (CET/CEST)","84","","510"
"Switzerland (CH)","05.08.2020 05:00 - 05.08.2020 06:00 (CET/CEST)","152","","1068"
"Switzerland (CH)","05.08.2020 06:00 - 05.08.2020 07:00 (CET/CEST)","201","","885"
"Switzerland (CH)","05.08.2020 07:00 - 05.08.2020 08:00 (CET/CEST)","464","","1706"
"Switzerland (CH)","05.08.2020 08:00 - 05.08.2020 09:00 (CET/CEST)","470","","1189"
"Switzerland (CH)","05.08.2020 09:00 - 05.08.2020 10:00 (CET/CEST)","419","","1207"
"Switzerland (CH)","05.08.2020 10:00 - 05.08.2020 11:00 (CET/CEST)","337","","1367"
"Switzerland (CH)","05.08.2020 11:00 - 05.08.2020 12:00 (CET/CEST)","362","","1326"
"Switzerland (CH)","05.08.2020 12:00 - 05.08.2020 13:00 (CET/CEST)","282","","1166"
"Switzerland (CH)","05.08.2020 13:00 - 05.08.2020 14:00 (CET/CEST)","282","","1136"
"Switzerland (CH)","05.08.2020 14:00 - 05.08.2020 15:00 (CET/CEST)","292","","1188"
"Switzerland (CH)","05.08.2020 15:00 - 05.08.2020 16:00 (CET/CEST)","214","","843"
"Switzerland (CH)","05.08.2020 16:00 - 05.08.2020 17:00 (CET/CEST)","191","","902"
"Switzerland (CH)","05.08.2020 17:00 - 05.08.2020 18:00 (CET/CEST)","252","","1082"
"Switzerland (CH)","05.08.2020 18:00 - 05.08.2020 19:00 (CET/CEST)","955","","2291"
"Switzerland (CH)","05.08.2020 19:00 - 05.08.2020 20:00 (CET/CEST)","2175","","2902"
"Switzerland (CH)","05.08.2020 20:00 - 05.08.2020 21:00 (CET/CEST)","2404","","2932"
"Switzerland (CH)","05.08.2020 21:00 - 05.08.2020 22:00 (CET/CEST)","2306","","2939"
"Switzerland (CH)","05.08.2020 22:00 - 05.08.2020 23:00 (CET/CEST)","1129","","2661"
"Switzerland (CH)","05.08.2020 23:00 - 06.08.2020 00:00 (CET/CEST)","503","","1826"
"Switzerland (CH)","06.08.2020 00:00 - 06.08.2020 01:00 (CET/CEST)","304","","910"
"Switzerland (CH)","06.08.2020 01:00 - 06.08.2020 02:00 (CET/CEST)","114","","544"
"Switzerland (CH)","06.08.2020 02:00 - 06.08.2020 03:00 (CET/CEST)","63","","670"
"Switzerland (CH)","06.08.2020 03:00 - 06.08.2020 04:00 (CET/CEST)","45","","678"
"Switzerland (CH)","06.08.2020 04:00 - 06.08.2020 05:00 (CET/CEST)","69","","602"
"Switzerland (CH)","06.08.2020 05:00 - 06.08.2020 06:00 (CET/CEST)","116","","769"
"Switzerland (CH)","06.08.2020 06:00 - 06.08.2020 07:00 (CET/CEST)","361","","1554"
"Switzerland (CH)","06.08.2020 07:00 - 06.08.2020 08:00 (CET/CEST)","430","","1929"
"Switzerland (CH)","06.08.2020 08:00 - 06.08.2020 09:00 (CET/CEST)","432","","1477"
"Switzerland (CH)","06.08.2020 09:00 - 06.08.2020 10:00 (CET/CEST)","507","","1373"
"Switzerland (CH)","06.08.2020 10:00 - 06.08.2020 11:00 (CET/CEST)","376","","1343"
"Switzerland (CH)","06.08.2020 11:00 - 06.08.2020 12:00 (CET/CEST)","367","","1008"
"Switzerland (CH)","06.08.2020 12:00 - 06.08.2020 13:00 (CET/CEST)","277","","1087"
"Switzerland (CH)","06.08.2020 13:00 - 06.08.2020 14:00 (CET/CEST)","265","","876"
"Switzerland (CH)","06.08.2020 14:00 - 06.08.2020 15:00 (CET/CEST)","227","","925"
"Switzerland (CH)","06.08.2020 15:00 - 06.08.2020 16:00 (CET/CEST)","364","","1084"
"Switzerland (CH)","06.08.2020 16:00 - 06.08.2020 17:00 (CET/CEST)","468","","1477"
"Switzerland (CH)","06.08.2020 17:00 - 06.08.2020 18:00 (CET/CEST)","1279","","2208"
"Switzerland (CH)","06.08.2020 18:00 - 06.08.2020 19:00 (CET/CEST)","2278","","2800"
"Switzerland (CH)","06.08.2020 19:00 - 06.08.2020 20:00 (CET/CEST)","2701","","3221"
"Switzerland (CH)","06.08.2020 20:00 - 06.08.2020 21:00 (CET/CEST)","2450","","3196"
"Switzerland (CH)","06.08.2020 21:00 - 06.08.2020 22:00 (CET/CEST)","2623","","2996"
"Switzerland (CH)","06.08.2020 22:00 - 06.08.2020 23:00 (CET/CEST)","2051","","2551"
"Switzerland (CH)","06.08.2020 23:00 - 07.08.2020 00:00 (CET/CEST)","685","","1653"
"Switzerland (CH)","07.08.2020 00:00 - 07.08.2020 01:00 (CET/CEST)","306","","1090"
"Switzerland (CH)","07.08.2020 01:00 - 07.08.2020 02:00 (CET/CEST)","166","","943"
"Switzerland (CH)","07.08.2020 02:00 - 07.08.2020 03:00 (CET/CEST)","151","","833"
"Switzerland (CH)","07.08.2020 03:00 - 07.08.2020 04:00 (CET/CEST)","92","","643"
"Switzerland (CH)","07.08.2020 04:00 - 07.08.2020 05:00 (CET/CEST)","57","","737"
"Switzerland (CH)","07.08.2020 05:00 - 07.08.2020 06:00 (CET/CEST)","172","","854"
"Switzerland (CH)","07.08.2020 06:00 - 07.08.2020 07:00 (CET/CEST)","457","","1642"
"Switzerland (CH)","07.08.2020 07:00 - 07.08.2020 08:00 (CET/CEST)","1250","","2439"
"Switzerland (CH)","07.08.2020 08:00 - 07.08.2020 09:00 (CET/CEST)","1589","","2476"
"Switzerland (CH)","07.08.2020 09:00 - 07.08.2020 10:00 (CET/CEST)","1562","","1979"
"Switzerland (CH)","07.08.2020 10:00 - 07.08.2020 11:00 (CET/CEST)","1087","","1865"
"Switzerland (CH)","07.08.2020 11:00 - 07.08.2020 12:00 (CET/CEST)","777","","1652"
"Switzerland (CH)","07.08.2020 12:00 - 07.08.2020 13:00 (CET/CEST)","559","","1458"
"Switzerland (CH)","07.08.2020 13:00 - 07.08.2020 14:00 (CET/CEST)","441","","1240"
"Switzerland (CH)","07.08.2020 14:00 - 07.08.2020 15:00 (CET/CEST)","446","","991"
"Switzerland (CH)","07.08.2020 15:00 - 07.08.2020 16:00 (CET/CEST)","511","","1323"
"Switzerland (CH)","07.08.2020 16:00 - 07.08.2020 17:00 (CET/CEST)","653","","1561"
"Switzerland (CH)","07.08.2020 17:00 - 07.08.2020 18:00 (CET/CEST)","2235","","2425"
"Switzerland (CH)","07.08.2020 18:00 - 07.08.2020 19:00 (CET/CEST)","3014","","2914"
"Switzerland (CH)","07.08.2020 19:00 - 07.08.2020 20:00 (CET/CEST)","3186","","3211"
"Switzerland (CH)","07.08.2020 20:00 - 07.08.2020 21:00 (CET/CEST)","3077","","3202"
"Switzerland (CH)","07.08.2020 21:00 - 07.08.2020 22:00 (CET/CEST)","2700","","3033"
"Switzerland (CH)","07.08.2020 22:00 - 07.08.2020 23:00 (CET/CEST)","2562","","2787"
"Switzerland (CH)","07.08.2020 23:00 - 08.08.2020 00:00 (CET/CEST)","1371","","2094"
"Switzerland (CH)","08.08.2020 00:00 - 08.08.2020 01:00 (CET/CEST)","514","","1898"
"Switzerland (CH)","08.08.2020 01:00 - 08.08.2020 02:00 (CET/CEST)","442","","1269"
"Switzerland (CH)","08.08.2020 02:00 - 08.08.2020 03:00 (CET/CEST)","234","","918"
"Switzerland (CH)","08.08.2020 03:00 - 08.08.2020 04:00 (CET/CEST)","83","","791"
"Switzerland (CH)","08.08.2020 04:00 - 08.08.2020 05:00 (CET/CEST)","103","","552"
"Switzerland (CH)","08.08.2020 05:00 - 08.08.2020 06:00 (CET/CEST)","107","","501"
"Switzerland (CH)","08.08.2020 06:00 - 08.08.2020 07:00 (CET/CEST)","101","","741"
"Switzerland (CH)","08.08.2020 07:00 - 08.08.2020 08:00 (CET/CEST)","370","","1409"
"Switzerland (CH)","08.08.2020 08:00 - 08.08.2020 09:00 (CET/CEST)","604","","1268"
"Switzerland (CH)","08.08.2020 09:00 - 08.08.2020 10:00 (CET/CEST)","466","","1418"
"Switzerland (CH)","08.08.2020 10:00 - 08.08.2020 11:00 (CET/CEST)","245","","1134"
"Switzerland (CH)","08.08.2020 11:00 - 08.08.2020 12:00 (CET/CEST)","254","","1051"
"Switzerland (CH)","08.08.2020 12:00 - 08.08.2020 13:00 (CET/CEST)","247","","954"
"Switzerland (CH)","08.08.2020 13:00 - 08.08.2020 14:00 (CET/CEST)","227","","917"
"Switzerland (CH)","08.08.2020 14:00 - 08.08.2020 15:00 (CET/CEST)","205","","850"
"Switzerland (CH)","08.08.2020 15:00 - 08.08.2020 16:00 (CET/CEST)","196","","870"
"Switzerland (CH)","08.08.2020 16:00 - 08.08.2020 17:00 (CET/CEST)","251","","1208"
"Switzerland (CH)","08.08.2020 17:00 - 08.08.2020 18:00 (CET/CEST)","672","","1551"
"Switzerland (CH)","08.08.2020 18:00 - 08.08.2020 19:00 (CET/CEST)","1074","","2265"
"Switzerland (CH)","08.08.2020 19:00 - 08.08.2020 20:00 (CET/CEST)","2335","","2691"
"Switzerland (CH)","08.08.2020 20:00 - 08.08.2020 21:00 (CET/CEST)","2485","","2733"
"Switzerland (CH)","08.08.2020 21:00 - 08.08.2020 22:00 (CET/CEST)","2172","","2648"
"Switzerland (CH)","08.08.2020 22:00 - 08.08.2020 23:00 (CET/CEST)","1554","","2480"
"Switzerland (CH)","08.08.2020 23:00 - 09.08.2020 00:00 (CET/CEST)","781","","1837"
"Switzerland (CH)","09.08.2020 00:00 - 09.08.2020 01:00 (CET/CEST)","437","","1180"
"Switzerland (CH)","09.08.2020 01:00 - 09.08.2020 02:00 (CET/CEST)","212","","624"
"Switzerland (CH)","09.08.2020 02:00 - 09.08.2020 03:00 (CET/CEST)","188","","500"
"Switzerland (CH)","09.08.2020 03:00 - 09.08.2020 04:00 (CET/CEST)","118","","486"
"Switzerland (CH)","09.08.2020 04:00 - 09.08.2020 05:00 (CET/CEST)","126","","489"
"Switzerland (CH)","09.08.2020 05:00 - 09.08.2020 06:00 (CET/CEST)","207","","482"
"Switzerland (CH)","09.08.2020 06:00 - 09.08.2020 07:00 (CET/CEST)","243","","502"
"Switzerland (CH)","09.08.2020 07:00 - 09.08.2020 08:00 (CET/CEST)","260","","448"
"Switzerland (CH)","09.08.2020 08:00 - 09.08.2020 09:00 (CET/CEST)","180","","528"
"Switzerland (CH)","09.08.2020 09:00 - 09.08.2020 10:00 (CET/CEST)","150","","601"
"Switzerland (CH)","09.08.2020 10:00 - 09.08.2020 11:00 (CET/CEST)","198","","597"
"Switzerland (CH)","09.08.2020 11:00 - 09.08.2020 12:00 (CET/CEST)","244","","576"
"Switzerland (CH)","09.08.2020 12:00 - 09.08.2020 13:00 (CET/CEST)","278","","694"
"Switzerland (CH)","09.08.2020 13:00 - 09.08.2020 14:00 (CET/CEST)","222","","552"
"Switzerland (CH)","09.08.2020 14:00 - 09.08.2020 15:00 (CET/CEST)","167","","514"
"Switzerland (CH)","09.08.2020 15:00 - 09.08.2020 16:00 (CET/CEST)","194","","467"
"Switzerland (CH)","09.08.2020 16:00 - 09.08.2020 17:00 (CET/CEST)","224","","571"
"Switzerland (CH)","09.08.2020 17:00 - 09.08.2020 18:00 (CET/CEST)","302","","1065"
"Switzerland (CH)","09.08.2020 18:00 - 09.08.2020 19:00 (CET/CEST)","692","","1497"
"Switzerland (CH)","09.08.2020 19:00 - 09.08.2020 20:00 (CET/CEST)","1255","","2408"
"Switzerland (CH)","09.08.2020 20:00 - 09.08.2020 21:00 (CET/CEST)","1416","","2430"
"Switzerland (CH)","09.08.2020 21:00 - 09.08.2020 22:00 (CET/CEST)","985","","2344"
"Switzerland (CH)","09.08.2020 22:00 - 09.08.2020 23:00 (CET/CEST)","681","","2136"
"Switzerland (CH)","09.08.2020 23:00 - 10.08.2020 00:00 (CET/CEST)","756","","1287"
"Switzerland (CH)","10.08.2020 00:00 - 10.08.2020 01:00 (CET/CEST)","330","","1051"
"Switzerland (CH)","10.08.2020 01:00 - 10.08.2020 02:00 (CET/CEST)","140","","879"
"Switzerland (CH)","10.08.2020 02:00 - 10.08.2020 03:00 (CET/CEST)","128","","789"
"Switzerland (CH)","10.08.2020 03:00 - 10.08.2020 04:00 (CET/CEST)","107","","879"
"Switzerland (CH)","10.08.2020 04:00 - 10.08.2020 05:00 (CET/CEST)","122","","948"
"Switzerland (CH)","10.08.2020 05:00 - 10.08.2020 06:00 (CET/CEST)","176","","1436"
"Switzerland (CH)","10.08.2020 06:00 - 10.08.2020 07:00 (CET/CEST)","814","","2213"
"Switzerland (CH)","10.08.2020 07:00 - 10.08.2020 08:00 (CET/CEST)","1434","","2808"
"Switzerland (CH)","10.08.2020 08:00 - 10.08.2020 09:00 (CET/CEST)","1318","","2728"
"Switzerland (CH)","10.08.2020 09:00 - 10.08.2020 10:00 (CET/CEST)","1222","","2691"
"Switzerland (CH)","10.08.2020 10:00 - 10.08.2020 11:00 (CET/CEST)","1386","","2586"
"Switzerland (CH)","10.08.2020 11:00 - 10.08.2020 12:00 (CET/CEST)","1226","","2145"
"Switzerland (CH)","10.08.2020 12:00 - 10.08.2020 13:00 (CET/CEST)","931","","2049"
"Switzerland (CH)","10.08.2020 13:00 - 10.08.2020 14:00 (CET/CEST)","1092","","2206"
"Switzerland (CH)","10.08.2020 14:00 - 10.08.2020 15:00 (CET/CEST)","1114","","1964"
"Switzerland (CH)","10.08.2020 15:00 - 10.08.2020 16:00 (CET/CEST)","1099","","2252"
"Switzerland (CH)","10.08.2020 16:00 - 10.08.2020 17:00 (CET/CEST)","1717","","2590"
"Switzerland (CH)","10.08.2020 17:00 - 10.08.2020 18:00 (CET/CEST)","2509","","2921"
"Switzerland (CH)","10.08.2020 18:00 - 10.08.2020 19:00 (CET/CEST)","2628","","3227"
"Switzerland (CH)","10.08.2020 19:00 - 10.08.2020 20:00 (CET/CEST)","2736","","3398"
"Switzerland (CH)","10.08.2020 20:00 - 10.08.2020 21:00 (CET/CEST)","2550","","3276"
"Switzerland (CH)","10.08.2020 21:00 - 10.08.2020 22:00 (CET/CEST)","2403","","2964"
"Switzerland (CH)","10.08.2020 22:00 - 10.08.2020 23:00 (CET/CEST)","1686","","2609"
"Switzerland (CH)","10.08.2020 23:00 - 11.08.2020 00:00 (CET/CEST)","849","","1132"
"Switzerland (CH)","11.08.2020 00:00 - 11.08.2020 01:00 (CET/CEST)","607","","1112"
"Switzerland (CH)","11.08.2020 01:00 - 11.08.2020 02:00 (CET/CEST)","561","","780"
"Switzerland (CH)","11.08.2020 02:00 - 11.08.2020 03:00 (CET/CEST)","489","","588"
"Switzerland (CH)","11.08.2020 03:00 - 11.08.2020 04:00 (CET/CEST)","305","","558"
"Switzerland (CH)","11.08.2020 04:00 - 11.08.2020 05:00 (CET/CEST)","271","","555"
"Switzerland (CH)","11.08.2020 05:00 - 11.08.2020 06:00 (CET/CEST)","511","","571"
"Switzerland (CH)","11.08.2020 06:00 - 11.08.2020 07:00 (CET/CEST)","529","","1349"
"Switzerland (CH)","11.08.2020 07:00 - 11.08.2020 08:00 (CET/CEST)","1010","","2357"
"Switzerland (CH)","11.08.2020 08:00 - 11.08.2020 09:00 (CET/CEST)","1968","","2823"
"Switzerland (CH)","11.08.2020 09:00 - 11.08.2020 10:00 (CET/CEST)","1753","","2829"
"Switzerland (CH)","11.08.2020 10:00 - 11.08.2020 11:00 (CET/CEST)","1050","","2064"
"Switzerland (CH)","11.08.2020 11:00 - 11.08.2020 12:00 (CET/CEST)","623","","1944"
"Switzerland (CH)","11.08.2020 12:00 - 11.08.2020 13:00 (CET/CEST)","570","","1499"
"Switzerland (CH)","11.08.2020 13:00 - 11.08.2020 14:00 (CET/CEST)","549","","1271"
"Switzerland (CH)","11.08.2020 14:00 - 11.08.2020 15:00 (CET/CEST)","542","","1209"
"Switzerland (CH)","11.08.2020 15:00 - 11.08.2020 16:00 (CET/CEST)","572","","1636"
"Switzerland (CH)","11.08.2020 16:00 - 11.08.2020 17:00 (CET/CEST)","1077","","2102"
"Switzerland (CH)","11.08.2020 17:00 - 11.08.2020 18:00 (CET/CEST)","1731","","2786"
"Switzerland (CH)","11.08.2020 18:00 - 11.08.2020 19:00 (CET/CEST)","2242","","3115"
"Switzerland (CH)","11.08.2020 19:00 - 11.08.2020 20:00 (CET/CEST)","2559","","3262"
"Switzerland (CH)","11.08.2020 20:00 - 11.08.2020 21:00 (CET/CEST)","2422","","3051"
"Switzerland (CH)","11.08.2020 21:00 - 11.08.2020 22:00 (CET/CEST)","1577","","2678"
"Switzerland (CH)","11.08.2020 22:00 - 11.08.2020 23:00 (CET/CEST)","901","","2085"
"Switzerland (CH)","11.08.2020 23:00 - 12.08.2020 00:00 (CET/CEST)","478","","1113"
"Switzerland (CH)","12.08.2020 00:00 - 12.08.2020 01:00 (CET/CEST)","476","","832"
"Switzerland (CH)","12.08.2020 01:00 - 12.08.2020 02:00 (CET/CEST)","551","","889"
"Switzerland (CH)","12.08.2020 02:00 - 12.08.2020 03:00 (CET/CEST)","315","","571"
"Switzerland (CH)","12.08.2020 03:00 - 12.08.2020 04:00 (CET/CEST)","180","","455"
"Switzerland (CH)","12.08.2020 04:00 - 12.08.2020 05:00 (CET/CEST)","149","","477"
"Switzerland (CH)","12.08.2020 05:00 - 12.08.2020 06:00 (CET/CEST)","223","","616"
"Switzerland (CH)","12.08.2020 06:00 - 12.08.2020 07:00 (CET/CEST)","309","","1384"
"Switzerland (CH)","12.08.2020 07:00 - 12.08.2020 08:00 (CET/CEST)","974","","2631"
"Switzerland (CH)","12.08.2020 08:00 - 12.08.2020 09:00 (CET/CEST)","1925","","2955"
"Switzerland (CH)","12.08.2020 09:00 - 12.08.2020 10:00 (CET/CEST)","1589","","2803"
"Switzerland (CH)","12.08.2020 10:00 - 12.08.2020 11:00 (CET/CEST)","864","","2274"
"Switzerland (CH)","12.08.2020 11:00 - 12.08.2020 12:00 (CET/CEST)","635","","1746"
"Switzerland (CH)","12.08.2020 12:00 - 12.08.2020 13:00 (CET/CEST)","608","","1700"
"Switzerland (CH)","12.08.2020 13:00 - 12.08.2020 14:00 (CET/CEST)","567","","1655"
"Switzerland (CH)","12.08.2020 14:00 - 12.08.2020 15:00 (CET/CEST)","533","","1664"
"Switzerland (CH)","12.08.2020 15:00 - 12.08.2020 16:00 (CET/CEST)","562","","1909"
"Switzerland (CH)","12.08.2020 16:00 - 12.08.2020 17:00 (CET/CEST)","890","","2183"
"Switzerland (CH)","12.08.2020 17:00 - 12.08.2020 18:00 (CET/CEST)","1774","","2849"
"Switzerland (CH)","12.08.2020 18:00 - 12.08.2020 19:00 (CET/CEST)","2291","","3146"
"Switzerland (CH)","12.08.2020 19:00 - 12.08.2020 20:00 (CET/CEST)","2307","","3103"
"Switzerland (CH)","12.08.2020 20:00 - 12.08.2020 21:00 (CET/CEST)","1842","","2953"
"Switzerland (CH)","12.08.2020 21:00 - 12.08.2020 22:00 (CET/CEST)","1467","","2662"
"Switzerland (CH)","12.08.2020 22:00 - 12.08.2020 23:00 (CET/CEST)","748","","2370"
"Switzerland (CH)","12.08.2020 23:00 - 13.08.2020 00:00 (CET/CEST)","565","","1482"
"Switzerland (CH)","13.08.2020 00:00 - 13.08.2020 01:00 (CET/CEST)","372","","1191"
"Switzerland (CH)","13.08.2020 01:00 - 13.08.2020 02:00 (CET/CEST)","336","","728"
"Switzerland (CH)","13.08.2020 02:00 - 13.08.2020 03:00 (CET/CEST)","129","","690"
"Switzerland (CH)","13.08.2020 03:00 - 13.08.2020 04:00 (CET/CEST)","119","","502"
"Switzerland (CH)","13.08.2020 04:00 - 13.08.2020 05:00 (CET/CEST)","144","","501"
"Switzerland (CH)","13.08.2020 05:00 - 13.08.2020 06:00 (CET/CEST)","372","","678"
"Switzerland (CH)","13.08.2020 06:00 - 13.08.2020 07:00 (CET/CEST)","754","","1895"
"Switzerland (CH)","13.08.2020 07:00 - 13.08.2020 08:00 (CET/CEST)","1855","","2889"
"Switzerland (CH)","13.08.2020 08:00 - 13.08.2020 09:00 (CET/CEST)","1962","","2983"
"Switzerland (CH)","13.08.2020 09:00 - 13.08.2020 10:00 (CET/CEST)","2006","","2878"
"Switzerland (CH)","13.08.2020 10:00 - 13.08.2020 11:00 (CET/CEST)","1920","","2625"
"Switzerland (CH)","13.08.2020 11:00 - 13.08.2020 12:00 (CET/CEST)","1832","","2500"
"Switzerland (CH)","13.08.2020 12:00 - 13.08.2020 13:00 (CET/CEST)","1313","","2684"
"Switzerland (CH)","13.08.2020 13:00 - 13.08.2020 14:00 (CET/CEST)","1396","","2498"
"Switzerland (CH)","13.08.2020 14:00 - 13.08.2020 15:00 (CET/CEST)","1485","","2420"
"Switzerland (CH)","13.08.2020 15:00 - 13.08.2020 16:00 (CET/CEST)","1663","","2422"
"Switzerland (CH)","13.08.2020 16:00 - 13.08.2020 17:00 (CET/CEST)","1527","","2720"
"Switzerland (CH)","13.08.2020 17:00 - 13.08.2020 18:00 (CET/CEST)","2089","","2997"
"Switzerland (CH)","13.08.2020 18:00 - 13.08.2020 19:00 (CET/CEST)","2248","","3244"
"Switzerland (CH)","13.08.2020 19:00 - 13.08.2020 20:00 (CET/CEST)","2015","","3281"
"Switzerland (CH)","13.08.2020 20:00 - 13.08.2020 21:00 (CET/CEST)","2423","","3101"
"Switzerland (CH)","13.08.2020 21:00 - 13.08.2020 22:00 (CET/CEST)","2215","","3066"
"Switzerland (CH)","13.08.2020 22:00 - 13.08.2020 23:00 (CET/CEST)","1893","","2738"
"Switzerland (CH)","13.08.2020 23:00 - 14.08.2020 00:00 (CET/CEST)","772","","2078"
"Switzerland (CH)","14.08.2020 00:00 - 14.08.2020 01:00 (CET/CEST)","488","","1846"
"Switzerland (CH)","14.08.2020 01:00 - 14.08.2020 02:00 (CET/CEST)","366","","1440"
"Switzerland (CH)","14.08.2020 02:00 - 14.08.2020 03:00 (CET/CEST)","361","","1398"
"Switzerland (CH)","14.08.2020 03:00 - 14.08.2020 04:00 (CET/CEST)","374","","1027"
"Switzerland (CH)","14.08.2020 04:00 - 14.08.2020 05:00 (CET/CEST)","260","","973"
"Switzerland (CH)","14.08.2020 05:00 - 14.08.2020 06:00 (CET/CEST)","436","","1304"
"Switzerland (CH)","14.08.2020 06:00 - 14.08.2020 07:00 (CET/CEST)","696","","2131"
"Switzerland (CH)","14.08.2020 07:00 - 14.08.2020 08:00 (CET/CEST)","1101","","2557"
"Switzerland (CH)","14.08.2020 08:00 - 14.08.2020 09:00 (CET/CEST)","1835","","2805"
"Switzerland (CH)","14.08.2020 09:00 - 14.08.2020 10:00 (CET/CEST)","1713","","2711"
"Switzerland (CH)","14.08.2020 10:00 - 14.08.2020 11:00 (CET/CEST)","1881","","2690"
"Switzerland (CH)","14.08.2020 11:00 - 14.08.2020 12:00 (CET/CEST)","2137","","2634"
"Switzerland (CH)","14.08.2020 12:00 - 14.08.2020 13:00 (CET/CEST)","1748","","2502"
"Switzerland (CH)","14.08.2020 13:00 - 14.08.2020 14:00 (CET/CEST)","1699","","2308"
"Switzerland (CH)","14.08.2020 14:00 - 14.08.2020 15:00 (CET/CEST)","1180","","1929"
"Switzerland (CH)","14.08.2020 15:00 - 14.08.2020 16:00 (CET/CEST)","692","","1679"
"Switzerland (CH)","14.08.2020 16:00 - 14.08.2020 17:00 (CET/CEST)","685","","1895"
"Switzerland (CH)","14.08.2020 17:00 - 14.08.2020 18:00 (CET/CEST)","1125","","2260"
"Switzerland (CH)","14.08.2020 18:00 - 14.08.2020 19:00 (CET/CEST)","1924","","2587"
"Switzerland (CH)","14.08.2020 19:00 - 14.08.2020 20:00 (CET/CEST)","2380","","3036"
"Switzerland (CH)","14.08.2020 20:00 - 14.08.2020 21:00 (CET/CEST)","2197","","3177"
"Switzerland (CH)","14.08.2020 21:00 - 14.08.2020 22:00 (CET/CEST)","1861","","2923"
"Switzerland (CH)","14.08.2020 22:00 - 14.08.2020 23:00 (CET/CEST)","1562","","2810"
"Switzerland (CH)","14.08.2020 23:00 - 15.08.2020 00:00 (CET/CEST)","640","","2065"
"Switzerland (CH)","15.08.2020 00:00 - 15.08.2020 01:00 (CET/CEST)","1109","","2443"
"Switzerland (CH)","15.08.2020 01:00 - 15.08.2020 02:00 (CET/CEST)","763","","2124"
"Switzerland (CH)","15.08.2020 02:00 - 15.08.2020 03:00 (CET/CEST)","347","","1137"
"Switzerland (CH)","15.08.2020 03:00 - 15.08.2020 04:00 (CET/CEST)","222","","765"
"Switzerland (CH)","15.08.2020 04:00 - 15.08.2020 05:00 (CET/CEST)","113","","539"
"Switzerland (CH)","15.08.2020 05:00 - 15.08.2020 06:00 (CET/CEST)","130","","775"
"Switzerland (CH)","15.08.2020 06:00 - 15.08.2020 07:00 (CET/CEST)","162","","874"
"Switzerland (CH)","15.08.2020 07:00 - 15.08.2020 08:00 (CET/CEST)","191","","1521"
"Switzerland (CH)","15.08.2020 08:00 - 15.08.2020 09:00 (CET/CEST)","247","","1195"
"Switzerland (CH)","15.08.2020 09:00 - 15.08.2020 10:00 (CET/CEST)","222","","1154"
"Switzerland (CH)","15.08.2020 10:00 - 15.08.2020 11:00 (CET/CEST)","213","","704"
"Switzerland (CH)","15.08.2020 11:00 - 15.08.2020 12:00 (CET/CEST)","199","","642"
"Switzerland (CH)","15.08.2020 12:00 - 15.08.2020 13:00 (CET/CEST)","151","","564"
"Switzerland (CH)","15.08.2020 13:00 - 15.08.2020 14:00 (CET/CEST)","158","","595"
"Switzerland (CH)","15.08.2020 14:00 - 15.08.2020 15:00 (CET/CEST)","136","","632"
"Switzerland (CH)","15.08.2020 15:00 - 15.08.2020 16:00 (CET/CEST)","177","","636"
"Switzerland (CH)","15.08.2020 16:00 - 15.08.2020 17:00 (CET/CEST)","155","","673"
"Switzerland (CH)","15.08.2020 17:00 - 15.08.2020 18:00 (CET/CEST)","231","","959"
"Switzerland (CH)","15.08.2020 18:00 - 15.08.2020 19:00 (CET/CEST)","661","","2449"
"Switzerland (CH)","15.08.2020 19:00 - 15.08.2020 20:00 (CET/CEST)","1376","","2645"
"Switzerland (CH)","15.08.2020 20:00 - 15.08.2020 21:00 (CET/CEST)","1781","","2947"
"Switzerland (CH)","15.08.2020 21:00 - 15.08.2020 22:00 (CET/CEST)","1820","","2992"
"Switzerland (CH)","15.08.2020 22:00 - 15.08.2020 23:00 (CET/CEST)","1248","","2782"
"Switzerland (CH)","15.08.2020 23:00 - 16.08.2020 00:00 (CET/CEST)","572","","1898"
"Switzerland (CH)","16.08.2020 00:00 - 16.08.2020 01:00 (CET/CEST)","204","","1459"
"Switzerland (CH)","16.08.2020 01:00 - 16.08.2020 02:00 (CET/CEST)","123","","561"
"Switzerland (CH)","16.08.2020 02:00 - 16.08.2020 03:00 (CET/CEST)","121","","486"
"Switzerland (CH)","16.08.2020 03:00 - 16.08.2020 04:00 (CET/CEST)","104","","435"
"Switzerland (CH)","16.08.2020 04:00 - 16.08.2020 05:00 (CET/CEST)","138","","449"
"Switzerland (CH)","16.08.2020 05:00 - 16.08.2020 06:00 (CET/CEST)","127","","389"
"Switzerland (CH)","16.08.2020 06:00 - 16.08.2020 07:00 (CET/CEST)","167","","392"
"Switzerland (CH)","16.08.2020 07:00 - 16.08.2020 08:00 (CET/CEST)","149","","397"
"Switzerland (CH)","16.08.2020 08:00 - 16.08.2020 09:00 (CET/CEST)","210","","430"
"Switzerland (CH)","16.08.2020 09:00 - 16.08.2020 10:00 (CET/CEST)","242","","445"
"Switzerland (CH)","16.08.2020 10:00 - 16.08.2020 11:00 (CET/CEST)","222","","383"
"Switzerland (CH)","16.08.2020 11:00 - 16.08.2020 12:00 (CET/CEST)","256","","359"
"Switzerland (CH)","16.08.2020 12:00 - 16.08.2020 13:00 (CET/CEST)","232","","372"
"Switzerland (CH)","16.08.2020 13:00 - 16.08.2020 14:00 (CET/CEST)","225","","394"
"Switzerland (CH)","16.08.2020 14:00 - 16.08.2020 15:00 (CET/CEST)","228","","370"
"Switzerland (CH)","16.08.2020 15:00 - 16.08.2020 16:00 (CET/CEST)","281","","395"
"Switzerland (CH)","16.08.2020 16:00 - 16.08.2020 17:00 (CET/CEST)","253","","540"
"Switzerland (CH)","16.08.2020 17:00 - 16.08.2020 18:00 (CET/CEST)","336","","701"
"Switzerland (CH)","16.08.2020 18:00 - 16.08.2020 19:00 (CET/CEST)","981","","2043"
"Switzerland (CH)","16.08.2020 19:00 - 16.08.2020 20:00 (CET/CEST)","1006","","2485"
"Switzerland (CH)","16.08.2020 20:00 - 16.08.2020 21:00 (CET/CEST)","1391","","2745"
"Switzerland (CH)","16.08.2020 21:00 - 16.08.2020 22:00 (CET/CEST)","1705","","2714"
"Switzerland (CH)","16.08.2020 22:00 - 16.08.2020 23:00 (CET/CEST)","1523","","2302"
"Switzerland (CH)","16.08.2020 23:00 - 17.08.2020 00:00 (CET/CEST)","720","","1313"
"Switzerland (CH)","17.08.2020 00:00 - 17.08.2020 01:00 (CET/CEST)","236","","628"
"Switzerland (CH)","17.08.2020 01:00 - 17.08.2020 02:00 (CET/CEST)","207","","598"
"Switzerland (CH)","17.08.2020 02:00 - 17.08.2020 03:00 (CET/CEST)","202","","609"
"Switzerland (CH)","17.08.2020 03:00 - 17.08.2020 04:00 (CET/CEST)","198","","629"
"Switzerland (CH)","17.08.2020 04:00 - 17.08.2020 05:00 (CET/CEST)","192","","631"
"Switzerland (CH)","17.08.2020 05:00 - 17.08.2020 06:00 (CET/CEST)","280","","746"
"Switzerland (CH)","17.08.2020 06:00 - 17.08.2020 07:00 (CET/CEST)","943","","1803"
"Switzerland (CH)","17.08.2020 07:00 - 17.08.2020 08:00 (CET/CEST)","1561","","2405"
"Switzerland (CH)","17.08.2020 08:00 - 17.08.2020 09:00 (CET/CEST)","2080","","2864"
"Switzerland (CH)","17.08.2020 09:00 - 17.08.2020 10:00 (CET/CEST)","2383","","2894"
"Switzerland (CH)","17.08.2020 10:00 - 17.08.2020 11:00 (CET/CEST)","2222","","2787"
"Switzerland (CH)","17.08.2020 11:00 - 17.08.2020 12:00 (CET/CEST)","2526","","2566"
"Switzerland (CH)","17.08.2020 12:00 - 17.08.2020 13:00 (CET/CEST)","1932","","2442"
"Switzerland (CH)","17.08.2020 13:00 - 17.08.2020 14:00 (CET/CEST)","1273","","2189"
"Switzerland (CH)","17.08.2020 14:00 - 17.08.2020 15:00 (CET/CEST)","1229","","2306"
"Switzerland (CH)","17.08.2020 15:00 - 17.08.2020 16:00 (CET/CEST)","1516","","2231"
"Switzerland (CH)","17.08.2020 16:00 - 17.08.2020 17:00 (CET/CEST)","1638","","2351"
"Switzerland (CH)","17.08.2020 17:00 - 17.08.2020 18:00 (CET/CEST)","1823","","2863"
"Switzerland (CH)","17.08.2020 18:00 - 17.08.2020 19:00 (CET/CEST)","2436","","3197"
"Switzerland (CH)","17.08.2020 19:00 - 17.08.2020 20:00 (CET/CEST)","2668","","3222"
"Switzerland (CH)","17.08.2020 20:00 - 17.08.2020 21:00 (CET/CEST)","2644","","3207"
"Switzerland (CH)","17.08.2020 21:00 - 17.08.2020 22:00 (CET/CEST)","2687","","3095"
"Switzerland (CH)","17.08.2020 22:00 - 17.08.2020 23:00 (CET/CEST)","2622","","2808"
"Switzerland (CH)","17.08.2020 23:00 - 18.08.2020 00:00 (CET/CEST)","1181","","2399"
"Switzerland (CH)","18.08.2020 00:00 - 18.08.2020 01:00 (CET/CEST)","706","","2020"
"Switzerland (CH)","18.08.2020 01:00 - 18.08.2020 02:00 (CET/CEST)","652","","1795"
"Switzerland (CH)","18.08.2020 02:00 - 18.08.2020 03:00 (CET/CEST)","385","","1124"
"Switzerland (CH)","18.08.2020 03:00 - 18.08.2020 04:00 (CET/CEST)","353","","690"
"Switzerland (CH)","18.08.2020 04:00 - 18.08.2020 05:00 (CET/CEST)","395","","614"
"Switzerland (CH)","18.08.2020 05:00 - 18.08.2020 06:00 (CET/CEST)","488","","1481"
"Switzerland (CH)","18.08.2020 06:00 - 18.08.2020 07:00 (CET/CEST)","695","","1878"
"Switzerland (CH)","18.08.2020 07:00 - 18.08.2020 08:00 (CET/CEST)","1276","","2653"
"Switzerland (CH)","18.08.2020 08:00 - 18.08.2020 09:00 (CET/CEST)","1860","","2628"
"Switzerland (CH)","18.08.2020 09:00 - 18.08.2020 10:00 (CET/CEST)","1835","","2526"
"Switzerland (CH)","18.08.2020 10:00 - 18.08.2020 11:00 (CET/CEST)","1654","","2388"
"Switzerland (CH)","18.08.2020 11:00 - 18.08.2020 12:00 (CET/CEST)","1134","","2383"
"Switzerland (CH)","18.08.2020 12:00 - 18.08.2020 13:00 (CET/CEST)","1024","","2319"
"Switzerland (CH)","18.08.2020 13:00 - 18.08.2020 14:00 (CET/CEST)","1225","","1965"
"Switzerland (CH)","18.08.2020 14:00 - 18.08.2020 15:00 (CET/CEST)","936","","1629"
"Switzerland (CH)","18.08.2020 15:00 - 18.08.2020 16:00 (CET/CEST)","797","","1615"
"Switzerland (CH)","18.08.2020 16:00 - 18.08.2020 17:00 (CET/CEST)","871","","2045"
"Switzerland (CH)","18.08.2020 17:00 - 18.08.2020 18:00 (CET/CEST)","1810","","2724"
"Switzerland (CH)","18.08.2020 18:00 - 18.08.2020 19:00 (CET/CEST)","2267","","3076"
"Switzerland (CH)","18.08.2020 19:00 - 18.08.2020 20:00 (CET/CEST)","2551","","3212"
"Switzerland (CH)","18.08.2020 20:00 - 18.08.2020 21:00 (CET/CEST)","2440","","3171"
"Switzerland (CH)","18.08.2020 21:00 - 18.08.2020 22:00 (CET/CEST)","2075","","3080"
"Switzerland (CH)","18.08.2020 22:00 - 18.08.2020 23:00 (CET/CEST)","1897","","3020"
"Switzerland (CH)","18.08.2020 23:00 - 19.08.2020 00:00 (CET/CEST)","1077","","2522"
"Switzerland (CH)","19.08.2020 00:00 - 19.08.2020 01:00 (CET/CEST)","793","","1927"
"Switzerland (CH)","19.08.2020 01:00 - 19.08.2020 02:00 (CET/CEST)","615","","1262"
"Switzerland (CH)","19.08.2020 02:00 - 19.08.2020 03:00 (CET/CEST)","602","","1227"
"Switzerland (CH)","19.08.2020 03:00 - 19.08.2020 04:00 (CET/CEST)","545","","570"
"Switzerland (CH)","19.08.2020 04:00 - 19.08.2020 05:00 (CET/CEST)","535","","604"
"Switzerland (CH)","19.08.2020 05:00 - 19.08.2020 06:00 (CET/CEST)","654","","1464"
"Switzerland (CH)","19.08.2020 06:00 - 19.08.2020 07:00 (CET/CEST)","909","","2165"
"Switzerland (CH)","19.08.2020 07:00 - 19.08.2020 08:00 (CET/CEST)","985","","2185"
"Switzerland (CH)","19.08.2020 08:00 - 19.08.2020 09:00 (CET/CEST)","1694","","2421"
"Switzerland (CH)","19.08.2020 09:00 - 19.08.2020 10:00 (CET/CEST)","1232","","2262"
"Switzerland (CH)","19.08.2020 10:00 - 19.08.2020 11:00 (CET/CEST)","633","","1340"
"Switzerland (CH)","19.08.2020 11:00 - 19.08.2020 12:00 (CET/CEST)","600","","1204"
"Switzerland (CH)","19.08.2020 12:00 - 19.08.2020 13:00 (CET/CEST)","639","","1182"
"Switzerland (CH)","19.08.2020 13:00 - 19.08.2020 14:00 (CET/CEST)","654","","987"
"Switzerland (CH)","19.08.2020 14:00 - 19.08.2020 15:00 (CET/CEST)","513","","759"
"Switzerland (CH)","19.08.2020 15:00 - 19.08.2020 16:00 (CET/CEST)","577","","971"
"Switzerland (CH)","19.08.2020 16:00 - 19.08.2020 17:00 (CET/CEST)","864","","1219"
"Switzerland (CH)","19.08.2020 17:00 - 19.08.2020 18:00 (CET/CEST)","1338","","2109"
"Switzerland (CH)","19.08.2020 18:00 - 19.08.2020 19:00 (CET/CEST)","1635","","2332"
"Switzerland (CH)","19.08.2020 19:00 - 19.08.2020 20:00 (CET/CEST)","2285","","2637"
"Switzerland (CH)","19.08.2020 20:00 - 19.08.2020 21:00 (CET/CEST)","2441","","2617"
"Switzerland (CH)","19.08.2020 21:00 - 19.08.2020 22:00 (CET/CEST)","1466","","2262"
"Switzerland (CH)","19.08.2020 22:00 - 19.08.2020 23:00 (CET/CEST)","887","","1801"
"Switzerland (CH)","19.08.2020 23:00 - 20.08.2020 00:00 (CET/CEST)","509","","722"
"Switzerland (CH)","20.08.2020 00:00 - 20.08.2020 01:00 (CET/CEST)","560","","1061"
"Switzerland (CH)","20.08.2020 01:00 - 20.08.2020 02:00 (CET/CEST)","368","","482"
"Switzerland (CH)","20.08.2020 02:00 - 20.08.2020 03:00 (CET/CEST)","255","","260"
"Switzerland (CH)","20.08.2020 03:00 - 20.08.2020 04:00 (CET/CEST)","223","","237"
"Switzerland (CH)","20.08.2020 04:00 - 20.08.2020 05:00 (CET/CEST)","196","","269"
"Switzerland (CH)","20.08.2020 05:00 - 20.08.2020 06:00 (CET/CEST)","297","","438"
"Switzerland (CH)","20.08.2020 06:00 - 20.08.2020 07:00 (CET/CEST)","521","","1019"
"Switzerland (CH)","20.08.2020 07:00 - 20.08.2020 08:00 (CET/CEST)","1186","","1988"
"Switzerland (CH)","20.08.2020 08:00 - 20.08.2020 09:00 (CET/CEST)","1191","","2405"
"Switzerland (CH)","20.08.2020 09:00 - 20.08.2020 10:00 (CET/CEST)","1683","","2392"
"Switzerland (CH)","20.08.2020 10:00 - 20.08.2020 11:00 (CET/CEST)","1618","","2211"
"Switzerland (CH)","20.08.2020 11:00 - 20.08.2020 12:00 (CET/CEST)","1042","","1745"
"Switzerland (CH)","20.08.2020 12:00 - 20.08.2020 13:00 (CET/CEST)","533","","1205"
"Switzerland (CH)","20.08.2020 13:00 - 20.08.2020 14:00 (CET/CEST)","401","","1013"
"Switzerland (CH)","20.08.2020 14:00 - 20.08.2020 15:00 (CET/CEST)","418","","983"
"Switzerland (CH)","20.08.2020 15:00 - 20.08.2020 16:00 (CET/CEST)","550","","1332"
"Switzerland (CH)","20.08.2020 16:00 - 20.08.2020 17:00 (CET/CEST)","688","","1631"
"Switzerland (CH)","20.08.2020 17:00 - 20.08.2020 18:00 (CET/CEST)","2212","","2598"
"Switzerland (CH)","20.08.2020 18:00 - 20.08.2020 19:00 (CET/CEST)","2887","","2819"
"Switzerland (CH)","20.08.2020 19:00 - 20.08.2020 20:00 (CET/CEST)","3099","","2931"
"Switzerland (CH)","20.08.2020 20:00 - 20.08.2020 21:00 (CET/CEST)","3075","","2915"
"Switzerland (CH)","20.08.2020 21:00 - 20.08.2020 22:00 (CET/CEST)","2969","","2742"
"Switzerland (CH)","20.08.2020 22:00 - 20.08.2020 23:00 (CET/CEST)","2610","","2404"
"Switzerland (CH)","20.08.2020 23:00 - 21.08.2020 00:00 (CET/CEST)","989","","1689"
"Switzerland (CH)","21.08.2020 00:00 - 21.08.2020 01:00 (CET/CEST)","447","","1656"
"Switzerland (CH)","21.08.2020 01:00 - 21.08.2020 02:00 (CET/CEST)","243","","579"
"Switzerland (CH)","21.08.2020 02:00 - 21.08.2020 03:00 (CET/CEST)","172","","385"
"Switzerland (CH)","21.08.2020 03:00 - 21.08.2020 04:00 (CET/CEST)","155","","363"
"Switzerland (CH)","21.08.2020 04:00 - 21.08.2020 05:00 (CET/CEST)","148","","303"
"Switzerland (CH)","21.08.2020 05:00 - 21.08.2020 06:00 (CET/CEST)","160","","391"
"Switzerland (CH)","21.08.2020 06:00 - 21.08.2020 07:00 (CET/CEST)","385","","638"
"Switzerland (CH)","21.08.2020 07:00 - 21.08.2020 08:00 (CET/CEST)","555","","1682"
"Switzerland (CH)","21.08.2020 08:00 - 21.08.2020 09:00 (CET/CEST)","588","","1780"
"Switzerland (CH)","21.08.2020 09:00 - 21.08.2020 10:00 (CET/CEST)","589","","1726"
"Switzerland (CH)","21.08.2020 10:00 - 21.08.2020 11:00 (CET/CEST)","586","","1502"
"Switzerland (CH)","21.08.2020 11:00 - 21.08.2020 12:00 (CET/CEST)","551","","1396"
"Switzerland (CH)","21.08.2020 12:00 - 21.08.2020 13:00 (CET/CEST)","465","","886"
"Switzerland (CH)","21.08.2020 13:00 - 21.08.2020 14:00 (CET/CEST)","444","","842"
"Switzerland (CH)","21.08.2020 14:00 - 21.08.2020 15:00 (CET/CEST)","370","","832"
"Switzerland (CH)","21.08.2020 15:00 - 21.08.2020 16:00 (CET/CEST)","318","","753"
"Switzerland (CH)","21.08.2020 16:00 - 21.08.2020 17:00 (CET/CEST)","501","","821"
"Switzerland (CH)","21.08.2020 17:00 - 21.08.2020 18:00 (CET/CEST)","659","","1232"
"Switzerland (CH)","21.08.2020 18:00 - 21.08.2020 19:00 (CET/CEST)","1092","","2485"
"Switzerland (CH)","21.08.2020 19:00 - 21.08.2020 20:00 (CET/CEST)","1683","","2945"
"Switzerland (CH)","21.08.2020 20:00 - 21.08.2020 21:00 (CET/CEST)","1419","","2941"
"Switzerland (CH)","21.08.2020 21:00 - 21.08.2020 22:00 (CET/CEST)","1123","","2813"
"Switzerland (CH)","21.08.2020 22:00 - 21.08.2020 23:00 (CET/CEST)","788","","2587"
"Switzerland (CH)","21.08.2020 23:00 - 22.08.2020 00:00 (CET/CEST)","761","","1894"
"Switzerland (CH)","22.08.2020 00:00 - 22.08.2020 01:00 (CET/CEST)","465","","639"
"Switzerland (CH)","22.08.2020 01:00 - 22.08.2020 02:00 (CET/CEST)","408","","445"
"Switzerland (CH)","22.08.2020 02:00 - 22.08.2020 03:00 (CET/CEST)","375","","423"
"Switzerland (CH)","22.08.2020 03:00 - 22.08.2020 04:00 (CET/CEST)","262","","405"
"Switzerland (CH)","22.08.2020 04:00 - 22.08.2020 05:00 (CET/CEST)","300","","416"
"Switzerland (CH)","22.08.2020 05:00 - 22.08.2020 06:00 (CET/CEST)","274","","453"
"Switzerland (CH)","22.08.2020 06:00 - 22.08.2020 07:00 (CET/CEST)","574","","438"
"Switzerland (CH)","22.08.2020 07:00 - 22.08.2020 08:00 (CET/CEST)","593","","531"
"Switzerland (CH)","22.08.2020 08:00 - 22.08.2020 09:00 (CET/CEST)","838","","618"
"Switzerland (CH)","22.08.2020 09:00 - 22.08.2020 10:00 (CET/CEST)","777","","980"
"Switzerland (CH)","22.08.2020 10:00 - 22.08.2020 11:00 (CET/CEST)","631","","845"
"Switzerland (CH)","22.08.2020 11:00 - 22.08.2020 12:00 (CET/CEST)","670","","579"
"Switzerland (CH)","22.08.2020 12:00 - 22.08.2020 13:00 (CET/CEST)","557","","564"
"Switzerland (CH)","22.08.2020 13:00 - 22.08.2020 14:00 (CET/CEST)","527","","490"
"Switzerland (CH)","22.08.2020 14:00 - 22.08.2020 15:00 (CET/CEST)","454","","369"
"Switzerland (CH)","22.08.2020 15:00 - 22.08.2020 16:00 (CET/CEST)","448","","314"
"Switzerland (CH)","22.08.2020 16:00 - 22.08.2020 17:00 (CET/CEST)","456","","360"
"Switzerland (CH)","22.08.2020 17:00 - 22.08.2020 18:00 (CET/CEST)","607","","1050"
"Switzerland (CH)","22.08.2020 18:00 - 22.08.2020 19:00 (CET/CEST)","694","","1414"
"Switzerland (CH)","22.08.2020 19:00 - 22.08.2020 20:00 (CET/CEST)","850","","1520"
"Switzerland (CH)","22.08.2020 20:00 - 22.08.2020 21:00 (CET/CEST)","877","","2048"
"Switzerland (CH)","22.08.2020 21:00 - 22.08.2020 22:00 (CET/CEST)","1084","","2069"
"Switzerland (CH)","22.08.2020 22:00 - 22.08.2020 23:00 (CET/CEST)","835","","1550"
"Switzerland (CH)","22.08.2020 23:00 - 23.08.2020 00:00 (CET/CEST)","380","","802"
"Switzerland (CH)","23.08.2020 00:00 - 23.08.2020 01:00 (CET/CEST)","621","","417"
"Switzerland (CH)","23.08.2020 01:00 - 23.08.2020 02:00 (CET/CEST)","487","","415"
"Switzerland (CH)","23.08.2020 02:00 - 23.08.2020 03:00 (CET/CEST)","435","","380"
"Switzerland (CH)","23.08.2020 03:00 - 23.08.2020 04:00 (CET/CEST)","354","","278"
"Switzerland (CH)","23.08.2020 04:00 - 23.08.2020 05:00 (CET/CEST)","310","","235"
"Switzerland (CH)","23.08.2020 05:00 - 23.08.2020 06:00 (CET/CEST)","321","","255"
"Switzerland (CH)","23.08.2020 06:00 - 23.08.2020 07:00 (CET/CEST)","128","","284"
"Switzerland (CH)","23.08.2020 07:00 - 23.08.2020 08:00 (CET/CEST)","160","","273"
"Switzerland (CH)","23.08.2020 08:00 - 23.08.2020 09:00 (CET/CEST)","259","","325"
"Switzerland (CH)","23.08.2020 09:00 - 23.08.2020 10:00 (CET/CEST)","208","","402"
"Switzerland (CH)","23.08.2020 10:00 - 23.08.2020 11:00 (CET/CEST)","182","","411"
"Switzerland (CH)","23.08.2020 11:00 - 23.08.2020 12:00 (CET/CEST)","188","","395"
"Switzerland (CH)","23.08.2020 12:00 - 23.08.2020 13:00 (CET/CEST)","150","","718"
"Switzerland (CH)","23.08.2020 13:00 - 23.08.2020 14:00 (CET/CEST)","129","","479"
"Switzerland (CH)","23.08.2020 14:00 - 23.08.2020 15:00 (CET/CEST)","199","","288"
"Switzerland (CH)","23.08.2020 15:00 - 23.08.2020 16:00 (CET/CEST)","159","","241"
"Switzerland (CH)","23.08.2020 16:00 - 23.08.2020 17:00 (CET/CEST)","179","","237"
"Switzerland (CH)","23.08.2020 17:00 - 23.08.2020 18:00 (CET/CEST)","180","","310"
"Switzerland (CH)","23.08.2020 18:00 - 23.08.2020 19:00 (CET/CEST)","324","","362"
"Switzerland (CH)","23.08.2020 19:00 - 23.08.2020 20:00 (CET/CEST)","495","","1519"
"Switzerland (CH)","23.08.2020 20:00 - 23.08.2020 21:00 (CET/CEST)","749","","2225"
"Switzerland (CH)","23.08.2020 21:00 - 23.08.2020 22:00 (CET/CEST)","761","","2154"
"Switzerland (CH)","23.08.2020 22:00 - 23.08.2020 23:00 (CET/CEST)","529","","1915"
"Switzerland (CH)","23.08.2020 23:00 - 24.08.2020 00:00 (CET/CEST)","390","","947"
"Switzerland (CH)","24.08.2020 00:00 - 24.08.2020 01:00 (CET/CEST)","360","","336"
"Switzerland (CH)","24.08.2020 01:00 - 24.08.2020 02:00 (CET/CEST)","156","","357"
"Switzerland (CH)","24.08.2020 02:00 - 24.08.2020 03:00 (CET/CEST)","90","","242"
"Switzerland (CH)","24.08.2020 03:00 - 24.08.2020 04:00 (CET/CEST)","69","","247"
"Switzerland (CH)","24.08.2020 04:00 - 24.08.2020 05:00 (CET/CEST)","46","","254"
"Switzerland (CH)","24.08.2020 05:00 - 24.08.2020 06:00 (CET/CEST)","220","","374"
"Switzerland (CH)","24.08.2020 06:00 - 24.08.2020 07:00 (CET/CEST)","948","","1910"
"Switzerland (CH)","24.08.2020 07:00 - 24.08.2020 08:00 (CET/CEST)","2128","","2810"
"Switzerland (CH)","24.08.2020 08:00 - 24.08.2020 09:00 (CET/CEST)","2622","","3119"
"Switzerland (CH)","24.08.2020 09:00 - 24.08.2020 10:00 (CET/CEST)","2420","","2987"
"Switzerland (CH)","24.08.2020 10:00 - 24.08.2020 11:00 (CET/CEST)","2573","","2599"
"Switzerland (CH)","24.08.2020 11:00 - 24.08.2020 12:00 (CET/CEST)","2447","","2433"
"Switzerland (CH)","24.08.2020 12:00 - 24.08.2020 13:00 (CET/CEST)","1300","","2272"
"Switzerland (CH)","24.08.2020 13:00 - 24.08.2020 14:00 (CET/CEST)","1052","","1938"
"Switzerland (CH)","24.08.2020 14:00 - 24.08.2020 15:00 (CET/CEST)","1034","","2028"
"Switzerland (CH)","24.08.2020 15:00 - 24.08.2020 16:00 (CET/CEST)","1075","","1972"
"Switzerland (CH)","24.08.2020 16:00 - 24.08.2020 17:00 (CET/CEST)","827","","1835"
"Switzerland (CH)","24.08.2020 17:00 - 24.08.2020 18:00 (CET/CEST)","993","","2237"
"Switzerland (CH)","24.08.2020 18:00 - 24.08.2020 19:00 (CET/CEST)","2468","","2997"
"Switzerland (CH)","24.08.2020 19:00 - 24.08.2020 20:00 (CET/CEST)","2498","","3242"
"Switzerland (CH)","24.08.2020 20:00 - 24.08.2020 21:00 (CET/CEST)","2527","","3368"
"Switzerland (CH)","24.08.2020 21:00 - 24.08.2020 22:00 (CET/CEST)","2668","","3258"
"Switzerland (CH)","24.08.2020 22:00 - 24.08.2020 23:00 (CET/CEST)","2077","","2873"
"Switzerland (CH)","24.08.2020 23:00 - 25.08.2020 00:00 (CET/CEST)","1327","","2308"
"Switzerland (CH)","25.08.2020 00:00 - 25.08.2020 01:00 (CET/CEST)","710","","2206"
"Switzerland (CH)","25.08.2020 01:00 - 25.08.2020 02:00 (CET/CEST)","374","","1925"
"Switzerland (CH)","25.08.2020 02:00 - 25.08.2020 03:00 (CET/CEST)","293","","1138"
"Switzerland (CH)","25.08.2020 03:00 - 25.08.2020 04:00 (CET/CEST)","271","","974"
"Switzerland (CH)","25.08.2020 04:00 - 25.08.2020 05:00 (CET/CEST)","235","","819"
"Switzerland (CH)","25.08.2020 05:00 - 25.08.2020 06:00 (CET/CEST)","556","","1490"
"Switzerland (CH)","25.08.2020 06:00 - 25.08.2020 07:00 (CET/CEST)","1912","","2349"
"Switzerland (CH)","25.08.2020 07:00 - 25.08.2020 08:00 (CET/CEST)","2808","","2828"
"Switzerland (CH)","25.08.2020 08:00 - 25.08.2020 09:00 (CET/CEST)","2845","","2937"
"Switzerland (CH)","25.08.2020 09:00 - 25.08.2020 10:00 (CET/CEST)","1831","","2341"
"Switzerland (CH)","25.08.2020 10:00 - 25.08.2020 11:00 (CET/CEST)","1073","","2173"
"Switzerland (CH)","25.08.2020 11:00 - 25.08.2020 12:00 (CET/CEST)","908","","2192"
"Switzerland (CH)","25.08.2020 12:00 - 25.08.2020 13:00 (CET/CEST)","768","","1846"
"Switzerland (CH)","25.08.2020 13:00 - 25.08.2020 14:00 (CET/CEST)","719","","1574"
"Switzerland (CH)","25.08.2020 14:00 - 25.08.2020 15:00 (CET/CEST)","547","","1253"
"Switzerland (CH)","25.08.2020 15:00 - 25.08.2020 16:00 (CET/CEST)","509","","1518"
"Switzerland (CH)","25.08.2020 16:00 - 25.08.2020 17:00 (CET/CEST)","754","","2019"
"Switzerland (CH)","25.08.2020 17:00 - 25.08.2020 18:00 (CET/CEST)","797","","1721"
"Switzerland (CH)","25.08.2020 18:00 - 25.08.2020 19:00 (CET/CEST)","908","","2117"
"Switzerland (CH)","25.08.2020 19:00 - 25.08.2020 20:00 (CET/CEST)","1172","","2194"
"Switzerland (CH)","25.08.2020 20:00 - 25.08.2020 21:00 (CET/CEST)","1476","","2380"
"Switzerland (CH)","25.08.2020 21:00 - 25.08.2020 22:00 (CET/CEST)","1613","","2162"
"Switzerland (CH)","25.08.2020 22:00 - 25.08.2020 23:00 (CET/CEST)","1133","","1770"
"Switzerland (CH)","25.08.2020 23:00 - 26.08.2020 00:00 (CET/CEST)","384","","961"
"Switzerland (CH)","26.08.2020 00:00 - 26.08.2020 01:00 (CET/CEST)","443","","339"
"Switzerland (CH)","26.08.2020 01:00 - 26.08.2020 02:00 (CET/CEST)","343","","738"
"Switzerland (CH)","26.08.2020 02:00 - 26.08.2020 03:00 (CET/CEST)","233","","285"
"Switzerland (CH)","26.08.2020 03:00 - 26.08.2020 04:00 (CET/CEST)","213","","289"
"Switzerland (CH)","26.08.2020 04:00 - 26.08.2020 05:00 (CET/CEST)","176","","303"
"Switzerland (CH)","26.08.2020 05:00 - 26.08.2020 06:00 (CET/CEST)","215","","416"
"Switzerland (CH)","26.08.2020 06:00 - 26.08.2020 07:00 (CET/CEST)","311","","436"
"Switzerland (CH)","26.08.2020 07:00 - 26.08.2020 08:00 (CET/CEST)","771","","2147"
"Switzerland (CH)","26.08.2020 08:00 - 26.08.2020 09:00 (CET/CEST)","1000","","2336"
"Switzerland (CH)","26.08.2020 09:00 - 26.08.2020 10:00 (CET/CEST)","630","","1818"
"Switzerland (CH)","26.08.2020 10:00 - 26.08.2020 11:00 (CET/CEST)","468","","1944"
"Switzerland (CH)","26.08.2020 11:00 - 26.08.2020 12:00 (CET/CEST)","448","","2061"
"Switzerland (CH)","26.08.2020 12:00 - 26.08.2020 13:00 (CET/CEST)","495","","1356"
"Switzerland (CH)","26.08.2020 13:00 - 26.08.2020 14:00 (CET/CEST)","509","","1301"
"Switzerland (CH)","26.08.2020 14:00 - 26.08.2020 15:00 (CET/CEST)","476","","1203"
"Switzerland (CH)","26.08.2020 15:00 - 26.08.2020 16:00 (CET/CEST)","495","","1385"
"Switzerland (CH)","26.08.2020 16:00 - 26.08.2020 17:00 (CET/CEST)","660","","1514"
"Switzerland (CH)","26.08.2020 17:00 - 26.08.2020 18:00 (CET/CEST)","704","","1495"
"Switzerland (CH)","26.08.2020 18:00 - 26.08.2020 19:00 (CET/CEST)","707","","1726"
"Switzerland (CH)","26.08.2020 19:00 - 26.08.2020 20:00 (CET/CEST)","657","","1770"
"Switzerland (CH)","26.08.2020 20:00 - 26.08.2020 21:00 (CET/CEST)","656","","1863"
"Switzerland (CH)","26.08.2020 21:00 - 26.08.2020 22:00 (CET/CEST)","563","","1598"
"Switzerland (CH)","26.08.2020 22:00 - 26.08.2020 23:00 (CET/CEST)","425","","1220"
"Switzerland (CH)","26.08.2020 23:00 - 27.08.2020 00:00 (CET/CEST)","335","","765"
"Switzerland (CH)","27.08.2020 00:00 - 27.08.2020 01:00 (CET/CEST)","359","","763"
"Switzerland (CH)","27.08.2020 01:00 - 27.08.2020 02:00 (CET/CEST)","321","","795"
"Switzerland (CH)","27.08.2020 02:00 - 27.08.2020 03:00 (CET/CEST)","399","","782"
"Switzerland (CH)","27.08.2020 03:00 - 27.08.2020 04:00 (CET/CEST)","315","","349"
"Switzerland (CH)","27.08.2020 04:00 - 27.08.2020 05:00 (CET/CEST)","285","","417"
"Switzerland (CH)","27.08.2020 05:00 - 27.08.2020 06:00 (CET/CEST)","417","","746"
"Switzerland (CH)","27.08.2020 06:00 - 27.08.2020 07:00 (CET/CEST)","770","","1853"
"Switzerland (CH)","27.08.2020 07:00 - 27.08.2020 08:00 (CET/CEST)","2636","","2620"
"Switzerland (CH)","27.08.2020 08:00 - 27.08.2020 09:00 (CET/CEST)","2468","","2688"
"Switzerland (CH)","27.08.2020 09:00 - 27.08.2020 10:00 (CET/CEST)","1145","","1957"
"Switzerland (CH)","27.08.2020 10:00 - 27.08.2020 11:00 (CET/CEST)","889","","2223"
"Switzerland (CH)","27.08.2020 11:00 - 27.08.2020 12:00 (CET/CEST)","831","","1999"
"Switzerland (CH)","27.08.2020 12:00 - 27.08.2020 13:00 (CET/CEST)","1115","","2141"
"Switzerland (CH)","27.08.2020 13:00 - 27.08.2020 14:00 (CET/CEST)","1401","","2412"
"Switzerland (CH)","27.08.2020 14:00 - 27.08.2020 15:00 (CET/CEST)","1812","","2502"
"Switzerland (CH)","27.08.2020 15:00 - 27.08.2020 16:00 (CET/CEST)","1874","","2437"
"Switzerland (CH)","27.08.2020 16:00 - 27.08.2020 17:00 (CET/CEST)","1798","","2571"
"Switzerland (CH)","27.08.2020 17:00 - 27.08.2020 18:00 (CET/CEST)","1824","","2307"
"Switzerland (CH)","27.08.2020 18:00 - 27.08.2020 19:00 (CET/CEST)","1781","","2684"
"Switzerland (CH)","27.08.2020 19:00 - 27.08.2020 20:00 (CET/CEST)","2111","","3325"
"Switzerland (CH)","27.08.2020 20:00 - 27.08.2020 21:00 (CET/CEST)","1906","","3231"
"Switzerland (CH)","27.08.2020 21:00 - 27.08.2020 22:00 (CET/CEST)","1569","","2996"
"Switzerland (CH)","27.08.2020 22:00 - 27.08.2020 23:00 (CET/CEST)","673","","1852"
"Switzerland (CH)","27.08.2020 23:00 - 28.08.2020 00:00 (CET/CEST)","290","","1164"
"Switzerland (CH)","28.08.2020 00:00 - 28.08.2020 01:00 (CET/CEST)","439","","690"
"Switzerland (CH)","28.08.2020 01:00 - 28.08.2020 02:00 (CET/CEST)","222","","255"
"Switzerland (CH)","28.08.2020 02:00 - 28.08.2020 03:00 (CET/CEST)","48","","294"
"Switzerland (CH)","28.08.2020 03:00 - 28.08.2020 04:00 (CET/CEST)","60","","325"
"Switzerland (CH)","28.08.2020 04:00 - 28.08.2020 05:00 (CET/CEST)","65","","300"
"Switzerland (CH)","28.08.2020 05:00 - 28.08.2020 06:00 (CET/CEST)","122","","557"
"Switzerland (CH)","28.08.2020 06:00 - 28.08.2020 07:00 (CET/CEST)","451","","927"
"Switzerland (CH)","28.08.2020 07:00 - 28.08.2020 08:00 (CET/CEST)","1069","","2120"
"Switzerland (CH)","28.08.2020 08:00 - 28.08.2020 09:00 (CET/CEST)","1674","","2794"
"Switzerland (CH)","28.08.2020 09:00 - 28.08.2020 10:00 (CET/CEST)","1675","","2751"
"Switzerland (CH)","28.08.2020 10:00 - 28.08.2020 11:00 (CET/CEST)","922","","2192"
"Switzerland (CH)","28.08.2020 11:00 - 28.08.2020 12:00 (CET/CEST)","633","","1910"
"Switzerland (CH)","28.08.2020 12:00 - 28.08.2020 13:00 (CET/CEST)","587","","1612"
"Switzerland (CH)","28.08.2020 13:00 - 28.08.2020 14:00 (CET/CEST)","615","","1737"
"Switzerland (CH)","28.08.2020 14:00 - 28.08.2020 15:00 (CET/CEST)","472","","1537"
"Switzerland (CH)","28.08.2020 15:00 - 28.08.2020 16:00 (CET/CEST)","415","","1801"
"Switzerland (CH)","28.08.2020 16:00 - 28.08.2020 17:00 (CET/CEST)","481","","1598"
"Switzerland (CH)","28.08.2020 17:00 - 28.08.2020 18:00 (CET/CEST)","1822","","2400"
"Switzerland (CH)","28.08.2020 18:00 - 28.08.2020 19:00 (CET/CEST)","1830","","2864"
"Switzerland (CH)","28.08.2020 19:00 - 28.08.2020 20:00 (CET/CEST)","2409","","3284"
"Switzerland (CH)","28.08.2020 20:00 - 28.08.2020 21:00 (CET/CEST)","1688","","3182"
"Switzerland (CH)","28.08.2020 21:00 - 28.08.2020 22:00 (CET/CEST)","1453","","2682"
"Switzerland (CH)","28.08.2020 22:00 - 28.08.2020 23:00 (CET/CEST)","685","","1971"
"Switzerland (CH)","28.08.2020 23:00 - 29.08.2020 00:00 (CET/CEST)","431","","1207"
"Switzerland (CH)","29.08.2020 00:00 - 29.08.2020 01:00 (CET/CEST)","406","","902"
"Switzerland (CH)","29.08.2020 01:00 - 29.08.2020 02:00 (CET/CEST)","192","","750"
"Switzerland (CH)","29.08.2020 02:00 - 29.08.2020 03:00 (CET/CEST)","150","","628"
"Switzerland (CH)","29.08.2020 03:00 - 29.08.2020 04:00 (CET/CEST)","152","","630"
"Switzerland (CH)","29.08.2020 04:00 - 29.08.2020 05:00 (CET/CEST)","127","","620"
"Switzerland (CH)","29.08.2020 05:00 - 29.08.2020 06:00 (CET/CEST)","207","","759"
"Switzerland (CH)","29.08.2020 06:00 - 29.08.2020 07:00 (CET/CEST)","314","","903"
"Switzerland (CH)","29.08.2020 07:00 - 29.08.2020 08:00 (CET/CEST)","437","","837"
"Switzerland (CH)","29.08.2020 08:00 - 29.08.2020 09:00 (CET/CEST)","739","","1175"
"Switzerland (CH)","29.08.2020 09:00 - 29.08.2020 10:00 (CET/CEST)","722","","1273"
"Switzerland (CH)","29.08.2020 10:00 - 29.08.2020 11:00 (CET/CEST)","717","","1096"
"Switzerland (CH)","29.08.2020 11:00 - 29.08.2020 12:00 (CET/CEST)","616","","929"
"Switzerland (CH)","29.08.2020 12:00 - 29.08.2020 13:00 (CET/CEST)","300","","1033"
"Switzerland (CH)","29.08.2020 13:00 - 29.08.2020 14:00 (CET/CEST)","266","","961"
"Switzerland (CH)","29.08.2020 14:00 - 29.08.2020 15:00 (CET/CEST)","267","","931"
"Switzerland (CH)","29.08.2020 15:00 - 29.08.2020 16:00 (CET/CEST)","267","","1111"
"Switzerland (CH)","29.08.2020 16:00 - 29.08.2020 17:00 (CET/CEST)","297","","1067"
"Switzerland (CH)","29.08.2020 17:00 - 29.08.2020 18:00 (CET/CEST)","482","","1179"
"Switzerland (CH)","29.08.2020 18:00 - 29.08.2020 19:00 (CET/CEST)","773","","2193"
"Switzerland (CH)","29.08.2020 19:00 - 29.08.2020 20:00 (CET/CEST)","801","","2529"
"Switzerland (CH)","29.08.2020 20:00 - 29.08.2020 21:00 (CET/CEST)","757","","2660"
"Switzerland (CH)","29.08.2020 21:00 - 29.08.2020 22:00 (CET/CEST)","581","","2401"
"Switzerland (CH)","29.08.2020 22:00 - 29.08.2020 23:00 (CET/CEST)","553","","1851"
"Switzerland (CH)","29.08.2020 23:00 - 30.08.2020 00:00 (CET/CEST)","807","","1265"
"Switzerland (CH)","30.08.2020 00:00 - 30.08.2020 01:00 (CET/CEST)","452","","1100"
"Switzerland (CH)","30.08.2020 01:00 - 30.08.2020 02:00 (CET/CEST)","377","","1029"
"Switzerland (CH)","30.08.2020 02:00 - 30.08.2020 03:00 (CET/CEST)","332","","1022"
"Switzerland (CH)","30.08.2020 03:00 - 30.08.2020 04:00 (CET/CEST)","337","","1032"
"Switzerland (CH)","30.08.2020 04:00 - 30.08.2020 05:00 (CET/CEST)","337","","1055"
"Switzerland (CH)","30.08.2020 05:00 - 30.08.2020 06:00 (CET/CEST)","348","","1039"
"Switzerland (CH)","30.08.2020 06:00 - 30.08.2020 07:00 (CET/CEST)","369","","1011"
"Switzerland (CH)","30.08.2020 07:00 - 30.08.2020 08:00 (CET/CEST)","330","","1179"
"Switzerland (CH)","30.08.2020 08:00 - 30.08.2020 09:00 (CET/CEST)","331","","1182"
"Switzerland (CH)","30.08.2020 09:00 - 30.08.2020 10:00 (CET/CEST)","365","","1314"
"Switzerland (CH)","30.08.2020 10:00 - 30.08.2020 11:00 (CET/CEST)","410","","1268"
"Switzerland (CH)","30.08.2020 11:00 - 30.08.2020 12:00 (CET/CEST)","435","","1410"
"Switzerland (CH)","30.08.2020 12:00 - 30.08.2020 13:00 (CET/CEST)","423","","1166"
"Switzerland (CH)","30.08.2020 13:00 - 30.08.2020 14:00 (CET/CEST)","377","","1098"
"Switzerland (CH)","30.08.2020 14:00 - 30.08.2020 15:00 (CET/CEST)","382","","1210"
"Switzerland (CH)","30.08.2020 15:00 - 30.08.2020 16:00 (CET/CEST)","370","","1138"
"Switzerland (CH)","30.08.2020 16:00 - 30.08.2020 17:00 (CET/CEST)","451","","1155"
"Switzerland (CH)","30.08.2020 17:00 - 30.08.2020 18:00 (CET/CEST)","466","","1116"
"Switzerland (CH)","30.08.2020 18:00 - 30.08.2020 19:00 (CET/CEST)","479","","1129"
"Switzerland (CH)","30.08.2020 19:00 - 30.08.2020 20:00 (CET/CEST)","489","","1285"
"Switzerland (CH)","30.08.2020 20:00 - 30.08.2020 21:00 (CET/CEST)","599","","1772"
"Switzerland (CH)","30.08.2020 21:00 - 30.08.2020 22:00 (CET/CEST)","666","","1720"
"Switzerland (CH)","30.08.2020 22:00 - 30.08.2020 23:00 (CET/CEST)","652","","1512"
"Switzerland (CH)","30.08.2020 23:00 - 31.08.2020 00:00 (CET/CEST)","576","","1250"
"Switzerland (CH)","31.08.2020 00:00 - 31.08.2020 01:00 (CET/CEST)","494","","1203"
"Switzerland (CH)","31.08.2020 01:00 - 31.08.2020 02:00 (CET/CEST)","475","","1168"
"Switzerland (CH)","31.08.2020 02:00 - 31.08.2020 03:00 (CET/CEST)","473","","1159"
"Switzerland (CH)","31.08.2020 03:00 - 31.08.2020 04:00 (CET/CEST)","466","","1159"
"Switzerland (CH)","31.08.2020 04:00 - 31.08.2020 05:00 (CET/CEST)","465","","1141"
"Switzerland (CH)","31.08.2020 05:00 - 31.08.2020 06:00 (CET/CEST)","500","","1059"
"Switzerland (CH)","31.08.2020 06:00 - 31.08.2020 07:00 (CET/CEST)","914","","1965"
"Switzerland (CH)","31.08.2020 07:00 - 31.08.2020 08:00 (CET/CEST)","1990","","3154"
"Switzerland (CH)","31.08.2020 08:00 - 31.08.2020 09:00 (CET/CEST)","2343","","3327"
"Switzerland (CH)","31.08.2020 09:00 - 31.08.2020 10:00 (CET/CEST)","2443","","3238"
"Switzerland (CH)","31.08.2020 10:00 - 31.08.2020 11:00 (CET/CEST)","2414","","3224"
"Switzerland (CH)","31.08.2020 11:00 - 31.08.2020 12:00 (CET/CEST)","2483","","3032"
"Switzerland (CH)","31.08.2020 12:00 - 31.08.2020 13:00 (CET/CEST)","1735","","2821"
"Switzerland (CH)","31.08.2020 13:00 - 31.08.2020 14:00 (CET/CEST)","1426","","2425"
"Switzerland (CH)","31.08.2020 14:00 - 31.08.2020 15:00 (CET/CEST)","1283","","2026"
"Switzerland (CH)","31.08.2020 15:00 - 31.08.2020 16:00 (CET/CEST)","1088","","2057"
"Switzerland (CH)","31.08.2020 16:00 - 31.08.2020 17:00 (CET/CEST)","1674","","2720"
"Switzerland (CH)","31.08.2020 17:00 - 31.08.2020 18:00 (CET/CEST)","2658","","3066"
"Switzerland (CH)","31.08.2020 18:00 - 31.08.2020 19:00 (CET/CEST)","2709","","3249"
"Switzerland (CH)","31.08.2020 19:00 - 31.08.2020 20:00 (CET/CEST)","2817","","3211"
"Switzerland (CH)","31.08.2020 20:00 - 31.08.2020 21:00 (CET/CEST)","2717","","3192"
"Switzerland (CH)","31.08.2020 21:00 - 31.08.2020 22:00 (CET/CEST)","2741","","3150"
"Switzerland (CH)","31.08.2020 22:00 - 31.08.2020 23:00 (CET/CEST)","1957","","2901"
"Switzerland (CH)","31.08.2020 23:00 - 01.09.2020 00:00 (CET/CEST)","1073","","1647"
"Switzerland (CH)","01.09.2020 00:00 - 01.09.2020 01:00 (CET/CEST)","426","","1300"
"Switzerland (CH)","01.09.2020 01:00 - 01.09.2020 02:00 (CET/CEST)","306","","1030"
"Switzerland (CH)","01.09.2020 02:00 - 01.09.2020 03:00 (CET/CEST)","227","","869"
"Switzerland (CH)","01.09.2020 03:00 - 01.09.2020 04:00 (CET/CEST)","93","","957"
"Switzerland (CH)","01.09.2020 04:00 - 01.09.2020 05:00 (CET/CEST)","139","","869"
"Switzerland (CH)","01.09.2020 05:00 - 01.09.2020 06:00 (CET/CEST)","380","","1330"
"Switzerland (CH)","01.09.2020 06:00 - 01.09.2020 07:00 (CET/CEST)","1295","","2530"
"Switzerland (CH)","01.09.2020 07:00 - 01.09.2020 08:00 (CET/CEST)","2527","","3007"
"Switzerland (CH)","01.09.2020 08:00 - 01.09.2020 09:00 (CET/CEST)","2521","","2898"
"Switzerland (CH)","01.09.2020 09:00 - 01.09.2020 10:00 (CET/CEST)","2449","","2835"
"Switzerland (CH)","01.09.2020 10:00 - 01.09.2020 11:00 (CET/CEST)","2348","","2734"
"Switzerland (CH)","01.09.2020 11:00 - 01.09.2020 12:00 (CET/CEST)","2104","","2546"
"Switzerland (CH)","01.09.2020 12:00 - 01.09.2020 13:00 (CET/CEST)","1796","","1821"
"Switzerland (CH)","01.09.2020 13:00 - 01.09.2020 14:00 (CET/CEST)","1104","","1694"
"Switzerland (CH)","01.09.2020 14:00 - 01.09.2020 15:00 (CET/CEST)","854","","1632"
"Switzerland (CH)","01.09.2020 15:00 - 01.09.2020 16:00 (CET/CEST)","802","","1781"
"Switzerland (CH)","01.09.2020 16:00 - 01.09.2020 17:00 (CET/CEST)","842","","1534"
"Switzerland (CH)","01.09.2020 17:00 - 01.09.2020 18:00 (CET/CEST)","1188","","2531"
"Switzerland (CH)","01.09.2020 18:00 - 01.09.2020 19:00 (CET/CEST)","2050","","3269"
"Switzerland (CH)","01.09.2020 19:00 - 01.09.2020 20:00 (CET/CEST)","2228","","3365"
"Switzerland (CH)","01.09.2020 20:00 - 01.09.2020 21:00 (CET/CEST)","2351","","3369"
"Switzerland (CH)","01.09.2020 21:00 - 01.09.2020 22:00 (CET/CEST)","2104","","2928"
"Switzerland (CH)","01.09.2020 22:00 - 01.09.2020 23:00 (CET/CEST)","686","","2258"
"Switzerland (CH)","01.09.2020 23:00 - 02.09.2020 00:00 (CET/CEST)","222","","1089"
"Switzerland (CH)","02.09.2020 00:00 - 02.09.2020 01:00 (CET/CEST)","323","","1384"
"Switzerland (CH)","02.09.2020 01:00 - 02.09.2020 02:00 (CET/CEST)","230","","672"
"Switzerland (CH)","02.09.2020 02:00 - 02.09.2020 03:00 (CET/CEST)","163","","618"
"Switzerland (CH)","02.09.2020 03:00 - 02.09.2020 04:00 (CET/CEST)","117","","604"
"Switzerland (CH)","02.09.2020 04:00 - 02.09.2020 05:00 (CET/CEST)","131","","637"
"Switzerland (CH)","02.09.2020 05:00 - 02.09.2020 06:00 (CET/CEST)","285","","899"
"Switzerland (CH)","02.09.2020 06:00 - 02.09.2020 07:00 (CET/CEST)","1672","","2894"
"Switzerland (CH)","02.09.2020 07:00 - 02.09.2020 08:00 (CET/CEST)","2449","","3349"
"Switzerland (CH)","02.09.2020 08:00 - 02.09.2020 09:00 (CET/CEST)","2545","","3375"
"Switzerland (CH)","02.09.2020 09:00 - 02.09.2020 10:00 (CET/CEST)","2614","","3288"
"Switzerland (CH)","02.09.2020 10:00 - 02.09.2020 11:00 (CET/CEST)","2472","","3261"
"Switzerland (CH)","02.09.2020 11:00 - 02.09.2020 12:00 (CET/CEST)","1645","","2834"
"Switzerland (CH)","02.09.2020 12:00 - 02.09.2020 13:00 (CET/CEST)","788","","2286"
"Switzerland (CH)","02.09.2020 13:00 - 02.09.2020 14:00 (CET/CEST)","744","","1993"
"Switzerland (CH)","02.09.2020 14:00 - 02.09.2020 15:00 (CET/CEST)","419","","1325"
"Switzerland (CH)","02.09.2020 15:00 - 02.09.2020 16:00 (CET/CEST)","447","","1412"
"Switzerland (CH)","02.09.2020 16:00 - 02.09.2020 17:00 (CET/CEST)","884","","2169"
"Switzerland (CH)","02.09.2020 17:00 - 02.09.2020 18:00 (CET/CEST)","2010","","3172"
"Switzerland (CH)","02.09.2020 18:00 - 02.09.2020 19:00 (CET/CEST)","2467","","3491"
"Switzerland (CH)","02.09.2020 19:00 - 02.09.2020 20:00 (CET/CEST)","2671","","3431"
"Switzerland (CH)","02.09.2020 20:00 - 02.09.2020 21:00 (CET/CEST)","2515","","3377"
"Switzerland (CH)","02.09.2020 21:00 - 02.09.2020 22:00 (CET/CEST)","2181","","3330"
"Switzerland (CH)","02.09.2020 22:00 - 02.09.2020 23:00 (CET/CEST)","1443","","2903"
"Switzerland (CH)","02.09.2020 23:00 - 03.09.2020 00:00 (CET/CEST)","804","","1791"
"Switzerland (CH)","03.09.2020 00:00 - 03.09.2020 01:00 (CET/CEST)","286","","1261"
"Switzerland (CH)","03.09.2020 01:00 - 03.09.2020 02:00 (CET/CEST)","166","","578"
"Switzerland (CH)","03.09.2020 02:00 - 03.09.2020 03:00 (CET/CEST)","157","","499"
"Switzerland (CH)","03.09.2020 03:00 - 03.09.2020 04:00 (CET/CEST)","164","","400"
"Switzerland (CH)","03.09.2020 04:00 - 03.09.2020 05:00 (CET/CEST)","173","","499"
"Switzerland (CH)","03.09.2020 05:00 - 03.09.2020 06:00 (CET/CEST)","237","","618"
"Switzerland (CH)","03.09.2020 06:00 - 03.09.2020 07:00 (CET/CEST)","879","","2147"
"Switzerland (CH)","03.09.2020 07:00 - 03.09.2020 08:00 (CET/CEST)","1458","","2972"
"Switzerland (CH)","03.09.2020 08:00 - 03.09.2020 09:00 (CET/CEST)","1524","","3155"
"Switzerland (CH)","03.09.2020 09:00 - 03.09.2020 10:00 (CET/CEST)","1194","","2539"
"Switzerland (CH)","03.09.2020 10:00 - 03.09.2020 11:00 (CET/CEST)","929","","2045"
"Switzerland (CH)","03.09.2020 11:00 - 03.09.2020 12:00 (CET/CEST)","395","","1692"
"Switzerland (CH)","03.09.2020 12:00 - 03.09.2020 13:00 (CET/CEST)","230","","861"
"Switzerland (CH)","03.09.2020 13:00 - 03.09.2020 14:00 (CET/CEST)","209","","716"
"Switzerland (CH)","03.09.2020 14:00 - 03.09.2020 15:00 (CET/CEST)","224","","602"
"Switzerland (CH)","03.09.2020 15:00 - 03.09.2020 16:00 (CET/CEST)","203","","544"
"Switzerland (CH)","03.09.2020 16:00 - 03.09.2020 17:00 (CET/CEST)","213","","591"
"Switzerland (CH)","03.09.2020 17:00 - 03.09.2020 18:00 (CET/CEST)","324","","1514"
"Switzerland (CH)","03.09.2020 18:00 - 03.09.2020 19:00 (CET/CEST)","800","","2522"
"Switzerland (CH)","03.09.2020 19:00 - 03.09.2020 20:00 (CET/CEST)","1065","","2703"
"Switzerland (CH)","03.09.2020 20:00 - 03.09.2020 21:00 (CET/CEST)","903","","2513"
"Switzerland (CH)","03.09.2020 21:00 - 03.09.2020 22:00 (CET/CEST)","482","","1806"
"Switzerland (CH)","03.09.2020 22:00 - 03.09.2020 23:00 (CET/CEST)","232","","1272"
"Switzerland (CH)","03.09.2020 23:00 - 04.09.2020 00:00 (CET/CEST)","474","","783"
"Switzerland (CH)","04.09.2020 00:00 - 04.09.2020 01:00 (CET/CEST)","321","","798"
"Switzerland (CH)","04.09.2020 01:00 - 04.09.2020 02:00 (CET/CEST)","194","","508"
"Switzerland (CH)","04.09.2020 02:00 - 04.09.2020 03:00 (CET/CEST)","96","","350"
"Switzerland (CH)","04.09.2020 03:00 - 04.09.2020 04:00 (CET/CEST)","88","","354"
"Switzerland (CH)","04.09.2020 04:00 - 04.09.2020 05:00 (CET/CEST)","88","","359"
"Switzerland (CH)","04.09.2020 05:00 - 04.09.2020 06:00 (CET/CEST)","120","","585"
"Switzerland (CH)","04.09.2020 06:00 - 04.09.2020 07:00 (CET/CEST)","913","","1860"
"Switzerland (CH)","04.09.2020 07:00 - 04.09.2020 08:00 (CET/CEST)","2079","","2835"
"Switzerland (CH)","04.09.2020 08:00 - 04.09.2020 09:00 (CET/CEST)","2483","","3263"
"Switzerland (CH)","04.09.2020 09:00 - 04.09.2020 10:00 (CET/CEST)","2263","","3102"
"Switzerland (CH)","04.09.2020 10:00 - 04.09.2020 11:00 (CET/CEST)","1881","","2661"
"Switzerland (CH)","04.09.2020 11:00 - 04.09.2020 12:00 (CET/CEST)","1584","","2086"
"Switzerland (CH)","04.09.2020 12:00 - 04.09.2020 13:00 (CET/CEST)","731","","1597"
"Switzerland (CH)","04.09.2020 13:00 - 04.09.2020 14:00 (CET/CEST)","351","","896"
"Switzerland (CH)","04.09.2020 14:00 - 04.09.2020 15:00 (CET/CEST)","333","","741"
"Switzerland (CH)","04.09.2020 15:00 - 04.09.2020 16:00 (CET/CEST)","365","","860"
"Switzerland (CH)","04.09.2020 16:00 - 04.09.2020 17:00 (CET/CEST)","646","","1219"
"Switzerland (CH)","04.09.2020 17:00 - 04.09.2020 18:00 (CET/CEST)","1496","","2401"
"Switzerland (CH)","04.09.2020 18:00 - 04.09.2020 19:00 (CET/CEST)","2064","","3045"
"Switzerland (CH)","04.09.2020 19:00 - 04.09.2020 20:00 (CET/CEST)","2927","","3608"
"Switzerland (CH)","04.09.2020 20:00 - 04.09.2020 21:00 (CET/CEST)","2780","","3483"
"Switzerland (CH)","04.09.2020 21:00 - 04.09.2020 22:00 (CET/CEST)","1959","","2833"
"Switzerland (CH)","04.09.2020 22:00 - 04.09.2020 23:00 (CET/CEST)","861","","1487"
"Switzerland (CH)","04.09.2020 23:00 - 05.09.2020 00:00 (CET/CEST)","445","","855"
"Switzerland (CH)","05.09.2020 00:00 - 05.09.2020 01:00 (CET/CEST)","181","","480"
"Switzerland (CH)","05.09.2020 01:00 - 05.09.2020 02:00 (CET/CEST)","163","","634"
"Switzerland (CH)","05.09.2020 02:00 - 05.09.2020 03:00 (CET/CEST)","70","","330"
"Switzerland (CH)","05.09.2020 03:00 - 05.09.2020 04:00 (CET/CEST)","97","","343"
"Switzerland (CH)","05.09.2020 04:00 - 05.09.2020 05:00 (CET/CEST)","99","","363"
"Switzerland (CH)","05.09.2020 05:00 - 05.09.2020 06:00 (CET/CEST)","106","","333"
"Switzerland (CH)","05.09.2020 06:00 - 05.09.2020 07:00 (CET/CEST)","142","","539"
"Switzerland (CH)","05.09.2020 07:00 - 05.09.2020 08:00 (CET/CEST)","191","","550"
"Switzerland (CH)","05.09.2020 08:00 - 05.09.2020 09:00 (CET/CEST)","232","","673"
"Switzerland (CH)","05.09.2020 09:00 - 05.09.2020 10:00 (CET/CEST)","259","","830"
"Switzerland (CH)","05.09.2020 10:00 - 05.09.2020 11:00 (CET/CEST)","211","","463"
"Switzerland (CH)","05.09.2020 11:00 - 05.09.2020 12:00 (CET/CEST)","346","","1141"
"Switzerland (CH)","05.09.2020 12:00 - 05.09.2020 13:00 (CET/CEST)","202","","941"
"Switzerland (CH)","05.09.2020 13:00 - 05.09.2020 14:00 (CET/CEST)","193","","420"
"Switzerland (CH)","05.09.2020 14:00 - 05.09.2020 15:00 (CET/CEST)","137","","395"
"Switzerland (CH)","05.09.2020 15:00 - 05.09.2020 16:00 (CET/CEST)","143","","466"
"Switzerland (CH)","05.09.2020 16:00 - 05.09.2020 17:00 (CET/CEST)","208","","663"
"Switzerland (CH)","05.09.2020 17:00 - 05.09.2020 18:00 (CET/CEST)","214","","792"
"Switzerland (CH)","05.09.2020 18:00 - 05.09.2020 19:00 (CET/CEST)","417","","1360"
"Switzerland (CH)","05.09.2020 19:00 - 05.09.2020 20:00 (CET/CEST)","963","","2015"
"Switzerland (CH)","05.09.2020 20:00 - 05.09.2020 21:00 (CET/CEST)","1232","","2348"
"Switzerland (CH)","05.09.2020 21:00 - 05.09.2020 22:00 (CET/CEST)","459","","1727"
"Switzerland (CH)","05.09.2020 22:00 - 05.09.2020 23:00 (CET/CEST)","331","","1047"
"Switzerland (CH)","05.09.2020 23:00 - 06.09.2020 00:00 (CET/CEST)","190","","663"
"Switzerland (CH)","06.09.2020 00:00 - 06.09.2020 01:00 (CET/CEST)","102","","374"
"Switzerland (CH)","06.09.2020 01:00 - 06.09.2020 02:00 (CET/CEST)","69","","358"
"Switzerland (CH)","06.09.2020 02:00 - 06.09.2020 03:00 (CET/CEST)","105","","379"
"Switzerland (CH)","06.09.2020 03:00 - 06.09.2020 04:00 (CET/CEST)","104","","302"
"Switzerland (CH)","06.09.2020 04:00 - 06.09.2020 05:00 (CET/CEST)","99","","274"
"Switzerland (CH)","06.09.2020 05:00 - 06.09.2020 06:00 (CET/CEST)","111","","357"
"Switzerland (CH)","06.09.2020 06:00 - 06.09.2020 07:00 (CET/CEST)","105","","315"
"Switzerland (CH)","06.09.2020 07:00 - 06.09.2020 08:00 (CET/CEST)","112","","367"
"Switzerland (CH)","06.09.2020 08:00 - 06.09.2020 09:00 (CET/CEST)","114","","424"
"Switzerland (CH)","06.09.2020 09:00 - 06.09.2020 10:00 (CET/CEST)","138","","410"
"Switzerland (CH)","06.09.2020 10:00 - 06.09.2020 11:00 (CET/CEST)","140","","389"
"Switzerland (CH)","06.09.2020 11:00 - 06.09.2020 12:00 (CET/CEST)","150","","441"
"Switzerland (CH)","06.09.2020 12:00 - 06.09.2020 13:00 (CET/CEST)","147","","447"
"Switzerland (CH)","06.09.2020 13:00 - 06.09.2020 14:00 (CET/CEST)","140","","370"
"Switzerland (CH)","06.09.2020 14:00 - 06.09.2020 15:00 (CET/CEST)","123","","387"
"Switzerland (CH)","06.09.2020 15:00 - 06.09.2020 16:00 (CET/CEST)","126","","357"
"Switzerland (CH)","06.09.2020 16:00 - 06.09.2020 17:00 (CET/CEST)","155","","386"
"Switzerland (CH)","06.09.2020 17:00 - 06.09.2020 18:00 (CET/CEST)","225","","643"
"Switzerland (CH)","06.09.2020 18:00 - 06.09.2020 19:00 (CET/CEST)","659","","1078"
"Switzerland (CH)","06.09.2020 19:00 - 06.09.2020 20:00 (CET/CEST)","1316","","2291"
"Switzerland (CH)","06.09.2020 20:00 - 06.09.2020 21:00 (CET/CEST)","1868","","2932"
"Switzerland (CH)","06.09.2020 21:00 - 06.09.2020 22:00 (CET/CEST)","1125","","2279"
"Switzerland (CH)","06.09.2020 22:00 - 06.09.2020 23:00 (CET/CEST)","587","","1464"
"Switzerland (CH)","06.09.2020 23:00 - 07.09.2020 00:00 (CET/CEST)","256","","792"
"Switzerland (CH)","07.09.2020 00:00 - 07.09.2020 01:00 (CET/CEST)","139","","400"
"Switzerland (CH)","07.09.2020 01:00 - 07.09.2020 02:00 (CET/CEST)","103","","362"
"Switzerland (CH)","07.09.2020 02:00 - 07.09.2020 03:00 (CET/CEST)","73","","375"
"Switzerland (CH)","07.09.2020 03:00 - 07.09.2020 04:00 (CET/CEST)","64","","375"
"Switzerland (CH)","07.09.2020 04:00 - 07.09.2020 05:00 (CET/CEST)","104","","387"
"Switzerland (CH)","07.09.2020 05:00 - 07.09.2020 06:00 (CET/CEST)","161","","517"
"Switzerland (CH)","07.09.2020 06:00 - 07.09.2020 07:00 (CET/CEST)","1004","","2275"
"Switzerland (CH)","07.09.2020 07:00 - 07.09.2020 08:00 (CET/CEST)","2466","","3389"
"Switzerland (CH)","07.09.2020 08:00 - 07.09.2020 09:00 (CET/CEST)","2750","","3357"
"Switzerland (CH)","07.09.2020 09:00 - 07.09.2020 10:00 (CET/CEST)","2544","","3173"
"Switzerland (CH)","07.09.2020 10:00 - 07.09.2020 11:00 (CET/CEST)","1246","","2516"
"Switzerland (CH)","07.09.2020 11:00 - 07.09.2020 12:00 (CET/CEST)","970","","2033"
"Switzerland (CH)","07.09.2020 12:00 - 07.09.2020 13:00 (CET/CEST)","252","","1514"
"Switzerland (CH)","07.09.2020 13:00 - 07.09.2020 14:00 (CET/CEST)","219","","1170"
"Switzerland (CH)","07.09.2020 14:00 - 07.09.2020 15:00 (CET/CEST)","264","","946"
"Switzerland (CH)","07.09.2020 15:00 - 07.09.2020 16:00 (CET/CEST)","181","","684"
"Switzerland (CH)","07.09.2020 16:00 - 07.09.2020 17:00 (CET/CEST)","303","","772"
"Switzerland (CH)","07.09.2020 17:00 - 07.09.2020 18:00 (CET/CEST)","1148","","2334"
"Switzerland (CH)","07.09.2020 18:00 - 07.09.2020 19:00 (CET/CEST)","2067","","3349"
"Switzerland (CH)","07.09.2020 19:00 - 07.09.2020 20:00 (CET/CEST)","2450","","3684"
"Switzerland (CH)","07.09.2020 20:00 - 07.09.2020 21:00 (CET/CEST)","2199","","3557"
"Switzerland (CH)","07.09.2020 21:00 - 07.09.2020 22:00 (CET/CEST)","1389","","2366"
"Switzerland (CH)","07.09.2020 22:00 - 07.09.2020 23:00 (CET/CEST)","533","","1317"
"Switzerland (CH)","07.09.2020 23:00 - 08.09.2020 00:00 (CET/CEST)","261","","478"
"Switzerland (CH)","08.09.2020 00:00 - 08.09.2020 01:00 (CET/CEST)","161","","398"
"Switzerland (CH)","08.09.2020 01:00 - 08.09.2020 02:00 (CET/CEST)","131","","329"
"Switzerland (CH)","08.09.2020 02:00 - 08.09.2020 03:00 (CET/CEST)","106","","316"
"Switzerland (CH)","08.09.2020 03:00 - 08.09.2020 04:00 (CET/CEST)","87","","310"
"Switzerland (CH)","08.09.2020 04:00 - 08.09.2020 05:00 (CET/CEST)","91","","321"
"Switzerland (CH)","08.09.2020 05:00 - 08.09.2020 06:00 (CET/CEST)","153","","353"
"Switzerland (CH)","08.09.2020 06:00 - 08.09.2020 07:00 (CET/CEST)","449","","982"
"Switzerland (CH)","08.09.2020 07:00 - 08.09.2020 08:00 (CET/CEST)","1054","","1974"
"Switzerland (CH)","08.09.2020 08:00 - 08.09.2020 09:00 (CET/CEST)","1326","","2276"
"Switzerland (CH)","08.09.2020 09:00 - 08.09.2020 10:00 (CET/CEST)","1127","","1726"
"Switzerland (CH)","08.09.2020 10:00 - 08.09.2020 11:00 (CET/CEST)","685","","1510"
"Switzerland (CH)","08.09.2020 11:00 - 08.09.2020 12:00 (CET/CEST)","665","","1382"
"Switzerland (CH)","08.09.2020 12:00 - 08.09.2020 13:00 (CET/CEST)","603","","1306"
"Switzerland (CH)","08.09.2020 13:00 - 08.09.2020 14:00 (CET/CEST)","476","","909"
"Switzerland (CH)","08.09.2020 14:00 - 08.09.2020 15:00 (CET/CEST)","711","","969"
"Switzerland (CH)","08.09.2020 15:00 - 08.09.2020 16:00 (CET/CEST)","745","","1115"
"Switzerland (CH)","08.09.2020 16:00 - 08.09.2020 17:00 (CET/CEST)","884","","1679"
"Switzerland (CH)","08.09.2020 17:00 - 08.09.2020 18:00 (CET/CEST)","1397","","2481"
"Switzerland (CH)","08.09.2020 18:00 - 08.09.2020 19:00 (CET/CEST)","2449","","3367"
"Switzerland (CH)","08.09.2020 19:00 - 08.09.2020 20:00 (CET/CEST)","2836","","3695"
"Switzerland (CH)","08.09.2020 20:00 - 08.09.2020 21:00 (CET/CEST)","2700","","3679"
"Switzerland (CH)","08.09.2020 21:00 - 08.09.2020 22:00 (CET/CEST)","1892","","2751"
"Switzerland (CH)","08.09.2020 22:00 - 08.09.2020 23:00 (CET/CEST)","582","","1442"
"Switzerland (CH)","08.09.2020 23:00 - 09.09.2020 00:00 (CET/CEST)","327","","819"
"Switzerland (CH)","09.09.2020 00:00 - 09.09.2020 01:00 (CET/CEST)","328","","631"
"Switzerland (CH)","09.09.2020 01:00 - 09.09.2020 02:00 (CET/CEST)","290","","448"
"Switzerland (CH)","09.09.2020 02:00 - 09.09.2020 03:00 (CET/CEST)","179","","440"
"Switzerland (CH)","09.09.2020 03:00 - 09.09.2020 04:00 (CET/CEST)","127","","349"
"Switzerland (CH)","09.09.2020 04:00 - 09.09.2020 05:00 (CET/CEST)","124","","452"
"Switzerland (CH)","09.09.2020 05:00 - 09.09.2020 06:00 (CET/CEST)","321","","633"
"Switzerland (CH)","09.09.2020 06:00 - 09.09.2020 07:00 (CET/CEST)","817","","2250"
"Switzerland (CH)","09.09.2020 07:00 - 09.09.2020 08:00 (CET/CEST)","1955","","3178"
"Switzerland (CH)","09.09.2020 08:00 - 09.09.2020 09:00 (CET/CEST)","1977","","2941"
"Switzerland (CH)","09.09.2020 09:00 - 09.09.2020 10:00 (CET/CEST)","412","","2260"
"Switzerland (CH)","09.09.2020 10:00 - 09.09.2020 11:00 (CET/CEST)","385","","1675"
"Switzerland (CH)","09.09.2020 11:00 - 09.09.2020 12:00 (CET/CEST)","365","","1733"
"Switzerland (CH)","09.09.2020 12:00 - 09.09.2020 13:00 (CET/CEST)","338","","1569"
"Switzerland (CH)","09.09.2020 13:00 - 09.09.2020 14:00 (CET/CEST)","321","","1577"
"Switzerland (CH)","09.09.2020 14:00 - 09.09.2020 15:00 (CET/CEST)","348","","1489"
"Switzerland (CH)","09.09.2020 15:00 - 09.09.2020 16:00 (CET/CEST)","362","","1629"
"Switzerland (CH)","09.09.2020 16:00 - 09.09.2020 17:00 (CET/CEST)","419","","1750"
"Switzerland (CH)","09.09.2020 17:00 - 09.09.2020 18:00 (CET/CEST)","847","","2171"
"Switzerland (CH)","09.09.2020 18:00 - 09.09.2020 19:00 (CET/CEST)","1857","","3169"
"Switzerland (CH)","09.09.2020 19:00 - 09.09.2020 20:00 (CET/CEST)","2144","","3564"
"Switzerland (CH)","09.09.2020 20:00 - 09.09.2020 21:00 (CET/CEST)","2124","","3263"
"Switzerland (CH)","09.09.2020 21:00 - 09.09.2020 22:00 (CET/CEST)","779","","2211"
"Switzerland (CH)","09.09.2020 22:00 - 09.09.2020 23:00 (CET/CEST)","483","","1305"
"Switzerland (CH)","09.09.2020 23:00 - 10.09.2020 00:00 (CET/CEST)","438","","1230"
"Switzerland (CH)","10.09.2020 00:00 - 10.09.2020 01:00 (CET/CEST)","303","","880"
"Switzerland (CH)","10.09.2020 01:00 - 10.09.2020 02:00 (CET/CEST)","175","","561"
"Switzerland (CH)","10.09.2020 02:00 - 10.09.2020 03:00 (CET/CEST)","181","","290"
"Switzerland (CH)","10.09.2020 03:00 - 10.09.2020 04:00 (CET/CEST)","194","","702"
"Switzerland (CH)","10.09.2020 04:00 - 10.09.2020 05:00 (CET/CEST)","167","","707"
"Switzerland (CH)","10.09.2020 05:00 - 10.09.2020 06:00 (CET/CEST)","175","","1021"
"Switzerland (CH)","10.09.2020 06:00 - 10.09.2020 07:00 (CET/CEST)","709","","1312"
"Switzerland (CH)","10.09.2020 07:00 - 10.09.2020 08:00 (CET/CEST)","2342","","2982"
"Switzerland (CH)","10.09.2020 08:00 - 10.09.2020 09:00 (CET/CEST)","2699","","3390"
"Switzerland (CH)","10.09.2020 09:00 - 10.09.2020 10:00 (CET/CEST)","2409","","3146"
"Switzerland (CH)","10.09.2020 10:00 - 10.09.2020 11:00 (CET/CEST)","1865","","2445"
"Switzerland (CH)","10.09.2020 11:00 - 10.09.2020 12:00 (CET/CEST)","1822","","2437"
"Switzerland (CH)","10.09.2020 12:00 - 10.09.2020 13:00 (CET/CEST)","750","","2074"
"Switzerland (CH)","10.09.2020 13:00 - 10.09.2020 14:00 (CET/CEST)","558","","1836"
"Switzerland (CH)","10.09.2020 14:00 - 10.09.2020 15:00 (CET/CEST)","424","","1338"
"Switzerland (CH)","10.09.2020 15:00 - 10.09.2020 16:00 (CET/CEST)","528","","1439"
"Switzerland (CH)","10.09.2020 16:00 - 10.09.2020 17:00 (CET/CEST)","1095","","2295"
"Switzerland (CH)","10.09.2020 17:00 - 10.09.2020 18:00 (CET/CEST)","2529","","3170"
"Switzerland (CH)","10.09.2020 18:00 - 10.09.2020 19:00 (CET/CEST)","2719","","3445"
"Switzerland (CH)","10.09.2020 19:00 - 10.09.2020 20:00 (CET/CEST)","2871","","3837"
"Switzerland (CH)","10.09.2020 20:00 - 10.09.2020 21:00 (CET/CEST)","2804","","3832"
"Switzerland (CH)","10.09.2020 21:00 - 10.09.2020 22:00 (CET/CEST)","2793","","3197"
"Switzerland (CH)","10.09.2020 22:00 - 10.09.2020 23:00 (CET/CEST)","2341","","2803"
"Switzerland (CH)","10.09.2020 23:00 - 11.09.2020 00:00 (CET/CEST)","690","","1201"
"Switzerland (CH)","11.09.2020 00:00 - 11.09.2020 01:00 (CET/CEST)","347","","1154"
"Switzerland (CH)","11.09.2020 01:00 - 11.09.2020 02:00 (CET/CEST)","253","","611"
"Switzerland (CH)","11.09.2020 02:00 - 11.09.2020 03:00 (CET/CEST)","185","","479"
"Switzerland (CH)","11.09.2020 03:00 - 11.09.2020 04:00 (CET/CEST)","106","","377"
"Switzerland (CH)","11.09.2020 04:00 - 11.09.2020 05:00 (CET/CEST)","136","","400"
"Switzerland (CH)","11.09.2020 05:00 - 11.09.2020 06:00 (CET/CEST)","274","","543"
"Switzerland (CH)","11.09.2020 06:00 - 11.09.2020 07:00 (CET/CEST)","2153","","2775"
"Switzerland (CH)","11.09.2020 07:00 - 11.09.2020 08:00 (CET/CEST)","2704","","3566"
"Switzerland (CH)","11.09.2020 08:00 - 11.09.2020 09:00 (CET/CEST)","2782","","3611"
"Switzerland (CH)","11.09.2020 09:00 - 11.09.2020 10:00 (CET/CEST)","2799","","3402"
"Switzerland (CH)","11.09.2020 10:00 - 11.09.2020 11:00 (CET/CEST)","1500","","2249"
"Switzerland (CH)","11.09.2020 11:00 - 11.09.2020 12:00 (CET/CEST)","512","","1696"
"Switzerland (CH)","11.09.2020 12:00 - 11.09.2020 13:00 (CET/CEST)","202","","1115"
"Switzerland (CH)","11.09.2020 13:00 - 11.09.2020 14:00 (CET/CEST)","213","","980"
"Switzerland (CH)","11.09.2020 14:00 - 11.09.2020 15:00 (CET/CEST)","206","","832"
"Switzerland (CH)","11.09.2020 15:00 - 11.09.2020 16:00 (CET/CEST)","188","","865"
"Switzerland (CH)","11.09.2020 16:00 - 11.09.2020 17:00 (CET/CEST)","313","","839"
"Switzerland (CH)","11.09.2020 17:00 - 11.09.2020 18:00 (CET/CEST)","843","","1643"
"Switzerland (CH)","11.09.2020 18:00 - 11.09.2020 19:00 (CET/CEST)","2441","","2979"
"Switzerland (CH)","11.09.2020 19:00 - 11.09.2020 20:00 (CET/CEST)","2708","","3748"
"Switzerland (CH)","11.09.2020 20:00 - 11.09.2020 21:00 (CET/CEST)","2629","","3730"
"Switzerland (CH)","11.09.2020 21:00 - 11.09.2020 22:00 (CET/CEST)","1908","","2797"
"Switzerland (CH)","11.09.2020 22:00 - 11.09.2020 23:00 (CET/CEST)","1196","","2096"
"Switzerland (CH)","11.09.2020 23:00 - 12.09.2020 00:00 (CET/CEST)","461","","1249"
"Switzerland (CH)","12.09.2020 00:00 - 12.09.2020 01:00 (CET/CEST)","263","","954"
"Switzerland (CH)","12.09.2020 01:00 - 12.09.2020 02:00 (CET/CEST)","263","","572"
"Switzerland (CH)","12.09.2020 02:00 - 12.09.2020 03:00 (CET/CEST)","206","","472"
"Switzerland (CH)","12.09.2020 03:00 - 12.09.2020 04:00 (CET/CEST)","155","","405"
"Switzerland (CH)","12.09.2020 04:00 - 12.09.2020 05:00 (CET/CEST)","157","","245"
"Switzerland (CH)","12.09.2020 05:00 - 12.09.2020 06:00 (CET/CEST)","184","","262"
"Switzerland (CH)","12.09.2020 06:00 - 12.09.2020 07:00 (CET/CEST)","202","","512"
"Switzerland (CH)","12.09.2020 07:00 - 12.09.2020 08:00 (CET/CEST)","226","","624"
"Switzerland (CH)","12.09.2020 08:00 - 12.09.2020 09:00 (CET/CEST)","231","","838"
"Switzerland (CH)","12.09.2020 09:00 - 12.09.2020 10:00 (CET/CEST)","255","","636"
"Switzerland (CH)","12.09.2020 10:00 - 12.09.2020 11:00 (CET/CEST)","206","","682"
"Switzerland (CH)","12.09.2020 11:00 - 12.09.2020 12:00 (CET/CEST)","143","","657"
"Switzerland (CH)","12.09.2020 12:00 - 12.09.2020 13:00 (CET/CEST)","173","","698"
"Switzerland (CH)","12.09.2020 13:00 - 12.09.2020 14:00 (CET/CEST)","318","","496"
"Switzerland (CH)","12.09.2020 14:00 - 12.09.2020 15:00 (CET/CEST)","192","","513"
"Switzerland (CH)","12.09.2020 15:00 - 12.09.2020 16:00 (CET/CEST)","147","","476"
"Switzerland (CH)","12.09.2020 16:00 - 12.09.2020 17:00 (CET/CEST)","231","","559"
"Switzerland (CH)","12.09.2020 17:00 - 12.09.2020 18:00 (CET/CEST)","308","","893"
"Switzerland (CH)","12.09.2020 18:00 - 12.09.2020 19:00 (CET/CEST)","564","","1611"
"Switzerland (CH)","12.09.2020 19:00 - 12.09.2020 20:00 (CET/CEST)","1147","","2465"
"Switzerland (CH)","12.09.2020 20:00 - 12.09.2020 21:00 (CET/CEST)","1143","","2630"
"Switzerland (CH)","12.09.2020 21:00 - 12.09.2020 22:00 (CET/CEST)","427","","1955"
"Switzerland (CH)","12.09.2020 22:00 - 12.09.2020 23:00 (CET/CEST)","345","","949"
"Switzerland (CH)","12.09.2020 23:00 - 13.09.2020 00:00 (CET/CEST)","313","","462"
"Switzerland (CH)","13.09.2020 00:00 - 13.09.2020 01:00 (CET/CEST)","160","","447"
"Switzerland (CH)","13.09.2020 01:00 - 13.09.2020 02:00 (CET/CEST)","112","","417"
"Switzerland (CH)","13.09.2020 02:00 - 13.09.2020 03:00 (CET/CEST)","73","","421"
"Switzerland (CH)","13.09.2020 03:00 - 13.09.2020 04:00 (CET/CEST)","94","","284"
"Switzerland (CH)","13.09.2020 04:00 - 13.09.2020 05:00 (CET/CEST)","91","","286"
"Switzerland (CH)","13.09.2020 05:00 - 13.09.2020 06:00 (CET/CEST)","71","","284"
"Switzerland (CH)","13.09.2020 06:00 - 13.09.2020 07:00 (CET/CEST)","88","","480"
"Switzerland (CH)","13.09.2020 07:00 - 13.09.2020 08:00 (CET/CEST)","116","","400"
"Switzerland (CH)","13.09.2020 08:00 - 13.09.2020 09:00 (CET/CEST)","198","","577"
"Switzerland (CH)","13.09.2020 09:00 - 13.09.2020 10:00 (CET/CEST)","206","","422"
"Switzerland (CH)","13.09.2020 10:00 - 13.09.2020 11:00 (CET/CEST)","157","","539"
"Switzerland (CH)","13.09.2020 11:00 - 13.09.2020 12:00 (CET/CEST)","180","","502"
"Switzerland (CH)","13.09.2020 12:00 - 13.09.2020 13:00 (CET/CEST)","169","","295"
"Switzerland (CH)","13.09.2020 13:00 - 13.09.2020 14:00 (CET/CEST)","194","","299"
"Switzerland (CH)","13.09.2020 14:00 - 13.09.2020 15:00 (CET/CEST)","156","","562"
"Switzerland (CH)","13.09.2020 15:00 - 13.09.2020 16:00 (CET/CEST)","141","","496"
"Switzerland (CH)","13.09.2020 16:00 - 13.09.2020 17:00 (CET/CEST)","169","","566"
"Switzerland (CH)","13.09.2020 17:00 - 13.09.2020 18:00 (CET/CEST)","246","","526"
"Switzerland (CH)","13.09.2020 18:00 - 13.09.2020 19:00 (CET/CEST)","493","","1464"
"Switzerland (CH)","13.09.2020 19:00 - 13.09.2020 20:00 (CET/CEST)","1160","","2169"
"Switzerland (CH)","13.09.2020 20:00 - 13.09.2020 21:00 (CET/CEST)","1608","","2528"
"Switzerland (CH)","13.09.2020 21:00 - 13.09.2020 22:00 (CET/CEST)","445","","2064"
"Switzerland (CH)","13.09.2020 22:00 - 13.09.2020 23:00 (CET/CEST)","316","","1256"
"Switzerland (CH)","13.09.2020 23:00 - 14.09.2020 00:00 (CET/CEST)","269","","650"
"Switzerland (CH)","14.09.2020 00:00 - 14.09.2020 01:00 (CET/CEST)","138","","548"
"Switzerland (CH)","14.09.2020 01:00 - 14.09.2020 02:00 (CET/CEST)","112","","496"
"Switzerland (CH)","14.09.2020 02:00 - 14.09.2020 03:00 (CET/CEST)","91","","458"
"Switzerland (CH)","14.09.2020 03:00 - 14.09.2020 04:00 (CET/CEST)","89","","438"
"Switzerland (CH)","14.09.2020 04:00 - 14.09.2020 05:00 (CET/CEST)","70","","438"
"Switzerland (CH)","14.09.2020 05:00 - 14.09.2020 06:00 (CET/CEST)","134","","411"
"Switzerland (CH)","14.09.2020 06:00 - 14.09.2020 07:00 (CET/CEST)","817","","2353"
"Switzerland (CH)","14.09.2020 07:00 - 14.09.2020 08:00 (CET/CEST)","1786","","2980"
"Switzerland (CH)","14.09.2020 08:00 - 14.09.2020 09:00 (CET/CEST)","1698","","3076"
"Switzerland (CH)","14.09.2020 09:00 - 14.09.2020 10:00 (CET/CEST)","1221","","2690"
"Switzerland (CH)","14.09.2020 10:00 - 14.09.2020 11:00 (CET/CEST)","742","","2312"
"Switzerland (CH)","14.09.2020 11:00 - 14.09.2020 12:00 (CET/CEST)","419","","1831"
"Switzerland (CH)","14.09.2020 12:00 - 14.09.2020 13:00 (CET/CEST)","301","","1517"
"Switzerland (CH)","14.09.2020 13:00 - 14.09.2020 14:00 (CET/CEST)","367","","1515"
"Switzerland (CH)","14.09.2020 14:00 - 14.09.2020 15:00 (CET/CEST)","379","","1388"
"Switzerland (CH)","14.09.2020 15:00 - 14.09.2020 16:00 (CET/CEST)","473","","2152"
"Switzerland (CH)","14.09.2020 16:00 - 14.09.2020 17:00 (CET/CEST)","1362","","2792"
"Switzerland (CH)","14.09.2020 17:00 - 14.09.2020 18:00 (CET/CEST)","2068","","3367"
"Switzerland (CH)","14.09.2020 18:00 - 14.09.2020 19:00 (CET/CEST)","2374","","3375"
"Switzerland (CH)","14.09.2020 19:00 - 14.09.2020 20:00 (CET/CEST)","2435","","3627"
"Switzerland (CH)","14.09.2020 20:00 - 14.09.2020 21:00 (CET/CEST)","2487","","3415"
"Switzerland (CH)","14.09.2020 21:00 - 14.09.2020 22:00 (CET/CEST)","2349","","3383"
"Switzerland (CH)","14.09.2020 22:00 - 14.09.2020 23:00 (CET/CEST)","1855","","2884"
"Switzerland (CH)","14.09.2020 23:00 - 15.09.2020 00:00 (CET/CEST)","665","","1801"
"Switzerland (CH)","15.09.2020 00:00 - 15.09.2020 01:00 (CET/CEST)","288","","1143"
"Switzerland (CH)","15.09.2020 01:00 - 15.09.2020 02:00 (CET/CEST)","228","","803"
"Switzerland (CH)","15.09.2020 02:00 - 15.09.2020 03:00 (CET/CEST)","239","","791"
"Switzerland (CH)","15.09.2020 03:00 - 15.09.2020 04:00 (CET/CEST)","218","","762"
"Switzerland (CH)","15.09.2020 04:00 - 15.09.2020 05:00 (CET/CEST)","257","","784"
"Switzerland (CH)","15.09.2020 05:00 - 15.09.2020 06:00 (CET/CEST)","367","","1528"
"Switzerland (CH)","15.09.2020 06:00 - 15.09.2020 07:00 (CET/CEST)","1247","","2978"
"Switzerland (CH)","15.09.2020 07:00 - 15.09.2020 08:00 (CET/CEST)","1611","","3529"
"Switzerland (CH)","15.09.2020 08:00 - 15.09.2020 09:00 (CET/CEST)","1730","","3427"
"Switzerland (CH)","15.09.2020 09:00 - 15.09.2020 10:00 (CET/CEST)","1755","","3436"
"Switzerland (CH)","15.09.2020 10:00 - 15.09.2020 11:00 (CET/CEST)","1763","","3085"
"Switzerland (CH)","15.09.2020 11:00 - 15.09.2020 12:00 (CET/CEST)","1734","","2916"
"Switzerland (CH)","15.09.2020 12:00 - 15.09.2020 13:00 (CET/CEST)","1345","","2621"
"Switzerland (CH)","15.09.2020 13:00 - 15.09.2020 14:00 (CET/CEST)","1225","","2597"
"Switzerland (CH)","15.09.2020 14:00 - 15.09.2020 15:00 (CET/CEST)","1326","","2631"
"Switzerland (CH)","15.09.2020 15:00 - 15.09.2020 16:00 (CET/CEST)","1846","","2754"
"Switzerland (CH)","15.09.2020 16:00 - 15.09.2020 17:00 (CET/CEST)","2291","","3170"
"Switzerland (CH)","15.09.2020 17:00 - 15.09.2020 18:00 (CET/CEST)","2106","","3819"
"Switzerland (CH)","15.09.2020 18:00 - 15.09.2020 19:00 (CET/CEST)","2198","","3874"
"Switzerland (CH)","15.09.2020 19:00 - 15.09.2020 20:00 (CET/CEST)","2245","","4043"
"Switzerland (CH)","15.09.2020 20:00 - 15.09.2020 21:00 (CET/CEST)","2114","","3809"
"Switzerland (CH)","15.09.2020 21:00 - 15.09.2020 22:00 (CET/CEST)","1985","","3669"
"Switzerland (CH)","15.09.2020 22:00 - 15.09.2020 23:00 (CET/CEST)","2098","","3526"
"Switzerland (CH)","15.09.2020 23:00 - 16.09.2020 00:00 (CET/CEST)","1397","","2577"
"Switzerland (CH)","16.09.2020 00:00 - 16.09.2020 01:00 (CET/CEST)","533","","2095"
"Switzerland (CH)","16.09.2020 01:00 - 16.09.2020 02:00 (CET/CEST)","409","","1701"
"Switzerland (CH)","16.09.2020 02:00 - 16.09.2020 03:00 (CET/CEST)","233","","1311"
"Switzerland (CH)","16.09.2020 03:00 - 16.09.2020 04:00 (CET/CEST)","240","","1150"
"Switzerland (CH)","16.09.2020 04:00 - 16.09.2020 05:00 (CET/CEST)","247","","1284"
"Switzerland (CH)","16.09.2020 05:00 - 16.09.2020 06:00 (CET/CEST)","306","","1547"
"Switzerland (CH)","16.09.2020 06:00 - 16.09.2020 07:00 (CET/CEST)","1483","","3305"
"Switzerland (CH)","16.09.2020 07:00 - 16.09.2020 08:00 (CET/CEST)","1671","","3289"
"Switzerland (CH)","16.09.2020 08:00 - 16.09.2020 09:00 (CET/CEST)","1900","","3256"
"Switzerland (CH)","16.09.2020 09:00 - 16.09.2020 10:00 (CET/CEST)","1796","","3076"
"Switzerland (CH)","16.09.2020 10:00 - 16.09.2020 11:00 (CET/CEST)","1078","","2657"
"Switzerland (CH)","16.09.2020 11:00 - 16.09.2020 12:00 (CET/CEST)","1259","","2654"
"Switzerland (CH)","16.09.2020 12:00 - 16.09.2020 13:00 (CET/CEST)","789","","2115"
"Switzerland (CH)","16.09.2020 13:00 - 16.09.2020 14:00 (CET/CEST)","722","","1875"
"Switzerland (CH)","16.09.2020 14:00 - 16.09.2020 15:00 (CET/CEST)","775","","2043"
"Switzerland (CH)","16.09.2020 15:00 - 16.09.2020 16:00 (CET/CEST)","790","","2241"
"Switzerland (CH)","16.09.2020 16:00 - 16.09.2020 17:00 (CET/CEST)","768","","2407"
"Switzerland (CH)","16.09.2020 17:00 - 16.09.2020 18:00 (CET/CEST)","1423","","2670"
"Switzerland (CH)","16.09.2020 18:00 - 16.09.2020 19:00 (CET/CEST)","1870","","2841"
"Switzerland (CH)","16.09.2020 19:00 - 16.09.2020 20:00 (CET/CEST)","1980","","3006"
"Switzerland (CH)","16.09.2020 20:00 - 16.09.2020 21:00 (CET/CEST)","1447","","2690"
"Switzerland (CH)","16.09.2020 21:00 - 16.09.2020 22:00 (CET/CEST)","728","","2094"
"Switzerland (CH)","16.09.2020 22:00 - 16.09.2020 23:00 (CET/CEST)","444","","1525"
"Switzerland (CH)","16.09.2020 23:00 - 17.09.2020 00:00 (CET/CEST)","357","","1121"
"Switzerland (CH)","17.09.2020 00:00 - 17.09.2020 01:00 (CET/CEST)","267","","615"
"Switzerland (CH)","17.09.2020 01:00 - 17.09.2020 02:00 (CET/CEST)","166","","618"
"Switzerland (CH)","17.09.2020 02:00 - 17.09.2020 03:00 (CET/CEST)","116","","517"
"Switzerland (CH)","17.09.2020 03:00 - 17.09.2020 04:00 (CET/CEST)","123","","517"
"Switzerland (CH)","17.09.2020 04:00 - 17.09.2020 05:00 (CET/CEST)","122","","508"
"Switzerland (CH)","17.09.2020 05:00 - 17.09.2020 06:00 (CET/CEST)","221","","735"
"Switzerland (CH)","17.09.2020 06:00 - 17.09.2020 07:00 (CET/CEST)","396","","1494"
"Switzerland (CH)","17.09.2020 07:00 - 17.09.2020 08:00 (CET/CEST)","1192","","2393"
"Switzerland (CH)","17.09.2020 08:00 - 17.09.2020 09:00 (CET/CEST)","891","","2452"
"Switzerland (CH)","17.09.2020 09:00 - 17.09.2020 10:00 (CET/CEST)","862","","2017"
"Switzerland (CH)","17.09.2020 10:00 - 17.09.2020 11:00 (CET/CEST)","763","","1705"
"Switzerland (CH)","17.09.2020 11:00 - 17.09.2020 12:00 (CET/CEST)","533","","1689"
"Switzerland (CH)","17.09.2020 12:00 - 17.09.2020 13:00 (CET/CEST)","305","","1671"
"Switzerland (CH)","17.09.2020 13:00 - 17.09.2020 14:00 (CET/CEST)","265","","1284"
"Switzerland (CH)","17.09.2020 14:00 - 17.09.2020 15:00 (CET/CEST)","306","","1441"
"Switzerland (CH)","17.09.2020 15:00 - 17.09.2020 16:00 (CET/CEST)","276","","1632"
"Switzerland (CH)","17.09.2020 16:00 - 17.09.2020 17:00 (CET/CEST)","339","","1653"
"Switzerland (CH)","17.09.2020 17:00 - 17.09.2020 18:00 (CET/CEST)","612","","2077"
"Switzerland (CH)","17.09.2020 18:00 - 17.09.2020 19:00 (CET/CEST)","1718","","2422"
"Switzerland (CH)","17.09.2020 19:00 - 17.09.2020 20:00 (CET/CEST)","2333","","2743"
"Switzerland (CH)","17.09.2020 20:00 - 17.09.2020 21:00 (CET/CEST)","1806","","2426"
"Switzerland (CH)","17.09.2020 21:00 - 17.09.2020 22:00 (CET/CEST)","683","","1661"
"Switzerland (CH)","17.09.2020 22:00 - 17.09.2020 23:00 (CET/CEST)","310","","873"
"Switzerland (CH)","17.09.2020 23:00 - 18.09.2020 00:00 (CET/CEST)","273","","534"
"Switzerland (CH)","18.09.2020 00:00 - 18.09.2020 01:00 (CET/CEST)","154","","400"
"Switzerland (CH)","18.09.2020 01:00 - 18.09.2020 02:00 (CET/CEST)","89","","375"
"Switzerland (CH)","18.09.2020 02:00 - 18.09.2020 03:00 (CET/CEST)","83","","360"
"Switzerland (CH)","18.09.2020 03:00 - 18.09.2020 04:00 (CET/CEST)","73","","363"
"Switzerland (CH)","18.09.2020 04:00 - 18.09.2020 05:00 (CET/CEST)","84","","374"
"Switzerland (CH)","18.09.2020 05:00 - 18.09.2020 06:00 (CET/CEST)","131","","404"
"Switzerland (CH)","18.09.2020 06:00 - 18.09.2020 07:00 (CET/CEST)","228","","601"
"Switzerland (CH)","18.09.2020 07:00 - 18.09.2020 08:00 (CET/CEST)","823","","1854"
"Switzerland (CH)","18.09.2020 08:00 - 18.09.2020 09:00 (CET/CEST)","1266","","1990"
"Switzerland (CH)","18.09.2020 09:00 - 18.09.2020 10:00 (CET/CEST)","594","","1547"
"Switzerland (CH)","18.09.2020 10:00 - 18.09.2020 11:00 (CET/CEST)","568","","900"
"Switzerland (CH)","18.09.2020 11:00 - 18.09.2020 12:00 (CET/CEST)","485","","1042"
"Switzerland (CH)","18.09.2020 12:00 - 18.09.2020 13:00 (CET/CEST)","304","","833"
"Switzerland (CH)","18.09.2020 13:00 - 18.09.2020 14:00 (CET/CEST)","292","","875"
"Switzerland (CH)","18.09.2020 14:00 - 18.09.2020 15:00 (CET/CEST)","254","","839"
"Switzerland (CH)","18.09.2020 15:00 - 18.09.2020 16:00 (CET/CEST)","263","","856"
"Switzerland (CH)","18.09.2020 16:00 - 18.09.2020 17:00 (CET/CEST)","399","","1134"
"Switzerland (CH)","18.09.2020 17:00 - 18.09.2020 18:00 (CET/CEST)","550","","1454"
"Switzerland (CH)","18.09.2020 18:00 - 18.09.2020 19:00 (CET/CEST)","561","","1816"
"Switzerland (CH)","18.09.2020 19:00 - 18.09.2020 20:00 (CET/CEST)","459","","2069"
"Switzerland (CH)","18.09.2020 20:00 - 18.09.2020 21:00 (CET/CEST)","318","","1913"
"Switzerland (CH)","18.09.2020 21:00 - 18.09.2020 22:00 (CET/CEST)","221","","738"
"Switzerland (CH)","18.09.2020 22:00 - 18.09.2020 23:00 (CET/CEST)","178","","633"
"Switzerland (CH)","18.09.2020 23:00 - 19.09.2020 00:00 (CET/CEST)","152","","452"
"Switzerland (CH)","19.09.2020 00:00 - 19.09.2020 01:00 (CET/CEST)","146","","426"
"Switzerland (CH)","19.09.2020 01:00 - 19.09.2020 02:00 (CET/CEST)","80","","325"
"Switzerland (CH)","19.09.2020 02:00 - 19.09.2020 03:00 (CET/CEST)","39","","269"
"Switzerland (CH)","19.09.2020 03:00 - 19.09.2020 04:00 (CET/CEST)","60","","265"
"Switzerland (CH)","19.09.2020 04:00 - 19.09.2020 05:00 (CET/CEST)","49","","267"
"Switzerland (CH)","19.09.2020 05:00 - 19.09.2020 06:00 (CET/CEST)","49","","259"
"Switzerland (CH)","19.09.2020 06:00 - 19.09.2020 07:00 (CET/CEST)","75","","277"
"Switzerland (CH)","19.09.2020 07:00 - 19.09.2020 08:00 (CET/CEST)","144","","299"
"Switzerland (CH)","19.09.2020 08:00 - 19.09.2020 09:00 (CET/CEST)","195","","343"
"Switzerland (CH)","19.09.2020 09:00 - 19.09.2020 10:00 (CET/CEST)","182","","380"
"Switzerland (CH)","19.09.2020 10:00 - 19.09.2020 11:00 (CET/CEST)","227","","442"
"Switzerland (CH)","19.09.2020 11:00 - 19.09.2020 12:00 (CET/CEST)","281","","622"
"Switzerland (CH)","19.09.2020 12:00 - 19.09.2020 13:00 (CET/CEST)","164","","519"
"Switzerland (CH)","19.09.2020 13:00 - 19.09.2020 14:00 (CET/CEST)","119","","368"
"Switzerland (CH)","19.09.2020 14:00 - 19.09.2020 15:00 (CET/CEST)","201","","347"
"Switzerland (CH)","19.09.2020 15:00 - 19.09.2020 16:00 (CET/CEST)","230","","304"
"Switzerland (CH)","19.09.2020 16:00 - 19.09.2020 17:00 (CET/CEST)","186","","339"
"Switzerland (CH)","19.09.2020 17:00 - 19.09.2020 18:00 (CET/CEST)","271","","673"
"Switzerland (CH)","19.09.2020 18:00 - 19.09.2020 19:00 (CET/CEST)","233","","1454"
"Switzerland (CH)","19.09.2020 19:00 - 19.09.2020 20:00 (CET/CEST)","669","","2062"
"Switzerland (CH)","19.09.2020 20:00 - 19.09.2020 21:00 (CET/CEST)","513","","2245"
"Switzerland (CH)","19.09.2020 21:00 - 19.09.2020 22:00 (CET/CEST)","184","","1136"
"Switzerland (CH)","19.09.2020 22:00 - 19.09.2020 23:00 (CET/CEST)","189","","1016"
"Switzerland (CH)","19.09.2020 23:00 - 20.09.2020 00:00 (CET/CEST)","252","","757"
"Switzerland (CH)","20.09.2020 00:00 - 20.09.2020 01:00 (CET/CEST)","206","","519"
"Switzerland (CH)","20.09.2020 01:00 - 20.09.2020 02:00 (CET/CEST)","126","","431"
"Switzerland (CH)","20.09.2020 02:00 - 20.09.2020 03:00 (CET/CEST)","123","","407"
"Switzerland (CH)","20.09.2020 03:00 - 20.09.2020 04:00 (CET/CEST)","65","","247"
"Switzerland (CH)","20.09.2020 04:00 - 20.09.2020 05:00 (CET/CEST)","97","","242"
"Switzerland (CH)","20.09.2020 05:00 - 20.09.2020 06:00 (CET/CEST)","98","","270"
"Switzerland (CH)","20.09.2020 06:00 - 20.09.2020 07:00 (CET/CEST)","87","","289"
"Switzerland (CH)","20.09.2020 07:00 - 20.09.2020 08:00 (CET/CEST)","93","","338"
"Switzerland (CH)","20.09.2020 08:00 - 20.09.2020 09:00 (CET/CEST)","204","","371"
"Switzerland (CH)","20.09.2020 09:00 - 20.09.2020 10:00 (CET/CEST)","195","","376"
"Switzerland (CH)","20.09.2020 10:00 - 20.09.2020 11:00 (CET/CEST)","146","","274"
"Switzerland (CH)","20.09.2020 11:00 - 20.09.2020 12:00 (CET/CEST)","56","","259"
"Switzerland (CH)","20.09.2020 12:00 - 20.09.2020 13:00 (CET/CEST)","50","","223"
"Switzerland (CH)","20.09.2020 13:00 - 20.09.2020 14:00 (CET/CEST)","63","","235"
"Switzerland (CH)","20.09.2020 14:00 - 20.09.2020 15:00 (CET/CEST)","81","","254"
"Switzerland (CH)","20.09.2020 15:00 - 20.09.2020 16:00 (CET/CEST)","86","","278"
"Switzerland (CH)","20.09.2020 16:00 - 20.09.2020 17:00 (CET/CEST)","106","","355"
"Switzerland (CH)","20.09.2020 17:00 - 20.09.2020 18:00 (CET/CEST)","110","","494"
"Switzerland (CH)","20.09.2020 18:00 - 20.09.2020 19:00 (CET/CEST)","163","","1347"
"Switzerland (CH)","20.09.2020 19:00 - 20.09.2020 20:00 (CET/CEST)","995","","2103"
"Switzerland (CH)","20.09.2020 20:00 - 20.09.2020 21:00 (CET/CEST)","1061","","2262"
"Switzerland (CH)","20.09.2020 21:00 - 20.09.2020 22:00 (CET/CEST)","224","","1697"
"Switzerland (CH)","20.09.2020 22:00 - 20.09.2020 23:00 (CET/CEST)","190","","1010"
"Switzerland (CH)","20.09.2020 23:00 - 21.09.2020 00:00 (CET/CEST)","149","","526"
"Switzerland (CH)","21.09.2020 00:00 - 21.09.2020 01:00 (CET/CEST)","140","","402"
"Switzerland (CH)","21.09.2020 01:00 - 21.09.2020 02:00 (CET/CEST)","71","","405"
"Switzerland (CH)","21.09.2020 02:00 - 21.09.2020 03:00 (CET/CEST)","70","","339"
"Switzerland (CH)","21.09.2020 03:00 - 21.09.2020 04:00 (CET/CEST)","61","","331"
"Switzerland (CH)","21.09.2020 04:00 - 21.09.2020 05:00 (CET/CEST)","55","","442"
"Switzerland (CH)","21.09.2020 05:00 - 21.09.2020 06:00 (CET/CEST)","120","","651"
"Switzerland (CH)","21.09.2020 06:00 - 21.09.2020 07:00 (CET/CEST)","902","","1980"
"Switzerland (CH)","21.09.2020 07:00 - 21.09.2020 08:00 (CET/CEST)","1933","","2899"
"Switzerland (CH)","21.09.2020 08:00 - 21.09.2020 09:00 (CET/CEST)","1985","","2903"
"Switzerland (CH)","21.09.2020 09:00 - 21.09.2020 10:00 (CET/CEST)","1711","","2791"
"Switzerland (CH)","21.09.2020 10:00 - 21.09.2020 11:00 (CET/CEST)","685","","2268"
"Switzerland (CH)","21.09.2020 11:00 - 21.09.2020 12:00 (CET/CEST)","435","","1692"
"Switzerland (CH)","21.09.2020 12:00 - 21.09.2020 13:00 (CET/CEST)","304","","1448"
"Switzerland (CH)","21.09.2020 13:00 - 21.09.2020 14:00 (CET/CEST)","283","","1343"
"Switzerland (CH)","21.09.2020 14:00 - 21.09.2020 15:00 (CET/CEST)","255","","1288"
"Switzerland (CH)","21.09.2020 15:00 - 21.09.2020 16:00 (CET/CEST)","323","","1245"
"Switzerland (CH)","21.09.2020 16:00 - 21.09.2020 17:00 (CET/CEST)","602","","1888"
"Switzerland (CH)","21.09.2020 17:00 - 21.09.2020 18:00 (CET/CEST)","1125","","2601"
"Switzerland (CH)","21.09.2020 18:00 - 21.09.2020 19:00 (CET/CEST)","1790","","3158"
"Switzerland (CH)","21.09.2020 19:00 - 21.09.2020 20:00 (CET/CEST)","2672","","3454"
"Switzerland (CH)","21.09.2020 20:00 - 21.09.2020 21:00 (CET/CEST)","2545","","3181"
"Switzerland (CH)","21.09.2020 21:00 - 21.09.2020 22:00 (CET/CEST)","1940","","2974"
"Switzerland (CH)","21.09.2020 22:00 - 21.09.2020 23:00 (CET/CEST)","1483","","2384"
"Switzerland (CH)","21.09.2020 23:00 - 22.09.2020 00:00 (CET/CEST)","675","","1526"
"Switzerland (CH)","22.09.2020 00:00 - 22.09.2020 01:00 (CET/CEST)","249","","498"
"Switzerland (CH)","22.09.2020 01:00 - 22.09.2020 02:00 (CET/CEST)","229","","409"
"Switzerland (CH)","22.09.2020 02:00 - 22.09.2020 03:00 (CET/CEST)","229","","333"
"Switzerland (CH)","22.09.2020 03:00 - 22.09.2020 04:00 (CET/CEST)","234","","312"
"Switzerland (CH)","22.09.2020 04:00 - 22.09.2020 05:00 (CET/CEST)","194","","275"
"Switzerland (CH)","22.09.2020 05:00 - 22.09.2020 06:00 (CET/CEST)","265","","582"
"Switzerland (CH)","22.09.2020 06:00 - 22.09.2020 07:00 (CET/CEST)","1453","","2263"
"Switzerland (CH)","22.09.2020 07:00 - 22.09.2020 08:00 (CET/CEST)","2543","","3128"
"Switzerland (CH)","22.09.2020 08:00 - 22.09.2020 09:00 (CET/CEST)","2510","","3035"
"Switzerland (CH)","22.09.2020 09:00 - 22.09.2020 10:00 (CET/CEST)","2598","","3101"
"Switzerland (CH)","22.09.2020 10:00 - 22.09.2020 11:00 (CET/CEST)","2139","","2264"
"Switzerland (CH)","22.09.2020 11:00 - 22.09.2020 12:00 (CET/CEST)","1308","","1680"
"Switzerland (CH)","22.09.2020 12:00 - 22.09.2020 13:00 (CET/CEST)","897","","1245"
"Switzerland (CH)","22.09.2020 13:00 - 22.09.2020 14:00 (CET/CEST)","820","","1220"
"Switzerland (CH)","22.09.2020 14:00 - 22.09.2020 15:00 (CET/CEST)","753","","1181"
"Switzerland (CH)","22.09.2020 15:00 - 22.09.2020 16:00 (CET/CEST)","1755","","1731"
"Switzerland (CH)","22.09.2020 16:00 - 22.09.2020 17:00 (CET/CEST)","2333","","2695"
"Switzerland (CH)","22.09.2020 17:00 - 22.09.2020 18:00 (CET/CEST)","2186","","3101"
"Switzerland (CH)","22.09.2020 18:00 - 22.09.2020 19:00 (CET/CEST)","2466","","3245"
"Switzerland (CH)","22.09.2020 19:00 - 22.09.2020 20:00 (CET/CEST)","2926","","3530"
"Switzerland (CH)","22.09.2020 20:00 - 22.09.2020 21:00 (CET/CEST)","2862","","3495"
"Switzerland (CH)","22.09.2020 21:00 - 22.09.2020 22:00 (CET/CEST)","1925","","2760"
"Switzerland (CH)","22.09.2020 22:00 - 22.09.2020 23:00 (CET/CEST)","1069","","1592"
"Switzerland (CH)","22.09.2020 23:00 - 23.09.2020 00:00 (CET/CEST)","586","","787"
"Switzerland (CH)","23.09.2020 00:00 - 23.09.2020 01:00 (CET/CEST)","311","","333"
"Switzerland (CH)","23.09.2020 01:00 - 23.09.2020 02:00 (CET/CEST)","201","","266"
"Switzerland (CH)","23.09.2020 02:00 - 23.09.2020 03:00 (CET/CEST)","104","","363"
"Switzerland (CH)","23.09.2020 03:00 - 23.09.2020 04:00 (CET/CEST)","39","","276"
"Switzerland (CH)","23.09.2020 04:00 - 23.09.2020 05:00 (CET/CEST)","33","","320"
"Switzerland (CH)","23.09.2020 05:00 - 23.09.2020 06:00 (CET/CEST)","101","","409"
"Switzerland (CH)","23.09.2020 06:00 - 23.09.2020 07:00 (CET/CEST)","923","","1226"
"Switzerland (CH)","23.09.2020 07:00 - 23.09.2020 08:00 (CET/CEST)","1723","","2360"
"Switzerland (CH)","23.09.2020 08:00 - 23.09.2020 09:00 (CET/CEST)","2199","","3285"
"Switzerland (CH)","23.09.2020 09:00 - 23.09.2020 10:00 (CET/CEST)","2033","","2269"
"Switzerland (CH)","23.09.2020 10:00 - 23.09.2020 11:00 (CET/CEST)","2084","","2257"
"Switzerland (CH)","23.09.2020 11:00 - 23.09.2020 12:00 (CET/CEST)","2653","","2204"
"Switzerland (CH)","23.09.2020 12:00 - 23.09.2020 13:00 (CET/CEST)","1301","","1389"
"Switzerland (CH)","23.09.2020 13:00 - 23.09.2020 14:00 (CET/CEST)","605","","990"
"Switzerland (CH)","23.09.2020 14:00 - 23.09.2020 15:00 (CET/CEST)","491","","747"
"Switzerland (CH)","23.09.2020 15:00 - 23.09.2020 16:00 (CET/CEST)","369","","823"
"Switzerland (CH)","23.09.2020 16:00 - 23.09.2020 17:00 (CET/CEST)","475","","890"
"Switzerland (CH)","23.09.2020 17:00 - 23.09.2020 18:00 (CET/CEST)","838","","1597"
"Switzerland (CH)","23.09.2020 18:00 - 23.09.2020 19:00 (CET/CEST)","1739","","1893"
"Switzerland (CH)","23.09.2020 19:00 - 23.09.2020 20:00 (CET/CEST)","1717","","1099"
"Switzerland (CH)","23.09.2020 20:00 - 23.09.2020 21:00 (CET/CEST)","1153","","836"
"Switzerland (CH)","23.09.2020 21:00 - 23.09.2020 22:00 (CET/CEST)","563","","399"
"Switzerland (CH)","23.09.2020 22:00 - 23.09.2020 23:00 (CET/CEST)","309","","246"
"Switzerland (CH)","23.09.2020 23:00 - 24.09.2020 00:00 (CET/CEST)","174","","222"
"Switzerland (CH)","24.09.2020 00:00 - 24.09.2020 01:00 (CET/CEST)","127","","423"
"Switzerland (CH)","24.09.2020 01:00 - 24.09.2020 02:00 (CET/CEST)","107","","742"
"Switzerland (CH)","24.09.2020 02:00 - 24.09.2020 03:00 (CET/CEST)","73","","713"
"Switzerland (CH)","24.09.2020 03:00 - 24.09.2020 04:00 (CET/CEST)","68","","671"
"Switzerland (CH)","24.09.2020 04:00 - 24.09.2020 05:00 (CET/CEST)","72","","262"
"Switzerland (CH)","24.09.2020 05:00 - 24.09.2020 06:00 (CET/CEST)","132","","654"
"Switzerland (CH)","24.09.2020 06:00 - 24.09.2020 07:00 (CET/CEST)","592","","901"
"Switzerland (CH)","24.09.2020 07:00 - 24.09.2020 08:00 (CET/CEST)","1512","","2197"
"Switzerland (CH)","24.09.2020 08:00 - 24.09.2020 09:00 (CET/CEST)","1913","","2451"
"Switzerland (CH)","24.09.2020 09:00 - 24.09.2020 10:00 (CET/CEST)","1863","","2214"
"Switzerland (CH)","24.09.2020 10:00 - 24.09.2020 11:00 (CET/CEST)","1403","","1623"
"Switzerland (CH)","24.09.2020 11:00 - 24.09.2020 12:00 (CET/CEST)","1264","","1286"
"Switzerland (CH)","24.09.2020 12:00 - 24.09.2020 13:00 (CET/CEST)","1135","","1679"
"Switzerland (CH)","24.09.2020 13:00 - 24.09.2020 14:00 (CET/CEST)","1283","","750"
"Switzerland (CH)","24.09.2020 14:00 - 24.09.2020 15:00 (CET/CEST)","409","","620"
"Switzerland (CH)","24.09.2020 15:00 - 24.09.2020 16:00 (CET/CEST)","476","","735"
"Switzerland (CH)","24.09.2020 16:00 - 24.09.2020 17:00 (CET/CEST)","1156","","1378"
"Switzerland (CH)","24.09.2020 17:00 - 24.09.2020 18:00 (CET/CEST)","1752","","1825"
"Switzerland (CH)","24.09.2020 18:00 - 24.09.2020 19:00 (CET/CEST)","2507","","3281"
"Switzerland (CH)","24.09.2020 19:00 - 24.09.2020 20:00 (CET/CEST)","2828","","3569"
"Switzerland (CH)","24.09.2020 20:00 - 24.09.2020 21:00 (CET/CEST)","2531","","3230"
"Switzerland (CH)","24.09.2020 21:00 - 24.09.2020 22:00 (CET/CEST)","1618","","2312"
"Switzerland (CH)","24.09.2020 22:00 - 24.09.2020 23:00 (CET/CEST)","522","","1090"
"Switzerland (CH)","24.09.2020 23:00 - 25.09.2020 00:00 (CET/CEST)","211","","498"
"Switzerland (CH)","25.09.2020 00:00 - 25.09.2020 01:00 (CET/CEST)","96","","480"
"Switzerland (CH)","25.09.2020 01:00 - 25.09.2020 02:00 (CET/CEST)","76","","498"
"Switzerland (CH)","25.09.2020 02:00 - 25.09.2020 03:00 (CET/CEST)","46","","499"
"Switzerland (CH)","25.09.2020 03:00 - 25.09.2020 04:00 (CET/CEST)","54","","429"
"Switzerland (CH)","25.09.2020 04:00 - 25.09.2020 05:00 (CET/CEST)","105","","423"
"Switzerland (CH)","25.09.2020 05:00 - 25.09.2020 06:00 (CET/CEST)","139","","452"
"Switzerland (CH)","25.09.2020 06:00 - 25.09.2020 07:00 (CET/CEST)","397","","734"
"Switzerland (CH)","25.09.2020 07:00 - 25.09.2020 08:00 (CET/CEST)","1251","","1916"
"Switzerland (CH)","25.09.2020 08:00 - 25.09.2020 09:00 (CET/CEST)","1521","","2203"
"Switzerland (CH)","25.09.2020 09:00 - 25.09.2020 10:00 (CET/CEST)","1071","","1539"
"Switzerland (CH)","25.09.2020 10:00 - 25.09.2020 11:00 (CET/CEST)","603","","1011"
"Switzerland (CH)","25.09.2020 11:00 - 25.09.2020 12:00 (CET/CEST)","422","","784"
"Switzerland (CH)","25.09.2020 12:00 - 25.09.2020 13:00 (CET/CEST)","432","","781"
"Switzerland (CH)","25.09.2020 13:00 - 25.09.2020 14:00 (CET/CEST)","450","","913"
"Switzerland (CH)","25.09.2020 14:00 - 25.09.2020 15:00 (CET/CEST)","894","","555"
"Switzerland (CH)","25.09.2020 15:00 - 25.09.2020 16:00 (CET/CEST)","545","","520"
"Switzerland (CH)","25.09.2020 16:00 - 25.09.2020 17:00 (CET/CEST)","889","","845"
"Switzerland (CH)","25.09.2020 17:00 - 25.09.2020 18:00 (CET/CEST)","1378","","1535"
"Switzerland (CH)","25.09.2020 18:00 - 25.09.2020 19:00 (CET/CEST)","1506","","2220"
"Switzerland (CH)","25.09.2020 19:00 - 25.09.2020 20:00 (CET/CEST)","1895","","2650"
"Switzerland (CH)","25.09.2020 20:00 - 25.09.2020 21:00 (CET/CEST)","1509","","2015"
"Switzerland (CH)","25.09.2020 21:00 - 25.09.2020 22:00 (CET/CEST)","787","","835"
"Switzerland (CH)","25.09.2020 22:00 - 25.09.2020 23:00 (CET/CEST)","304","","517"
"Switzerland (CH)","25.09.2020 23:00 - 26.09.2020 00:00 (CET/CEST)","118","","313"
"Switzerland (CH)","26.09.2020 00:00 - 26.09.2020 01:00 (CET/CEST)","101","","357"
"Switzerland (CH)","26.09.2020 01:00 - 26.09.2020 02:00 (CET/CEST)","97","","294"
"Switzerland (CH)","26.09.2020 02:00 - 26.09.2020 03:00 (CET/CEST)","73","","247"
"Switzerland (CH)","26.09.2020 03:00 - 26.09.2020 04:00 (CET/CEST)","61","","238"
"Switzerland (CH)","26.09.2020 04:00 - 26.09.2020 05:00 (CET/CEST)","86","","250"
"Switzerland (CH)","26.09.2020 05:00 - 26.09.2020 06:00 (CET/CEST)","88","","257"
"Switzerland (CH)","26.09.2020 06:00 - 26.09.2020 07:00 (CET/CEST)","121","","277"
"Switzerland (CH)","26.09.2020 07:00 - 26.09.2020 08:00 (CET/CEST)","109","","315"
"Switzerland (CH)","26.09.2020 08:00 - 26.09.2020 09:00 (CET/CEST)","87","","427"
"Switzerland (CH)","26.09.2020 09:00 - 26.09.2020 10:00 (CET/CEST)","154","","519"
"Switzerland (CH)","26.09.2020 10:00 - 26.09.2020 11:00 (CET/CEST)","171","","398"
"Switzerland (CH)","26.09.2020 11:00 - 26.09.2020 12:00 (CET/CEST)","180","","440"
"Switzerland (CH)","26.09.2020 12:00 - 26.09.2020 13:00 (CET/CEST)","208","","1065"
"Switzerland (CH)","26.09.2020 13:00 - 26.09.2020 14:00 (CET/CEST)","71","","389"
"Switzerland (CH)","26.09.2020 14:00 - 26.09.2020 15:00 (CET/CEST)","58","","244"
"Switzerland (CH)","26.09.2020 15:00 - 26.09.2020 16:00 (CET/CEST)","70","","254"
"Switzerland (CH)","26.09.2020 16:00 - 26.09.2020 17:00 (CET/CEST)","70","","297"
"Switzerland (CH)","26.09.2020 17:00 - 26.09.2020 18:00 (CET/CEST)","117","","386"
"Switzerland (CH)","26.09.2020 18:00 - 26.09.2020 19:00 (CET/CEST)","570","","526"
"Switzerland (CH)","26.09.2020 19:00 - 26.09.2020 20:00 (CET/CEST)","892","","724"
"Switzerland (CH)","26.09.2020 20:00 - 26.09.2020 21:00 (CET/CEST)","729","","616"
"Switzerland (CH)","26.09.2020 21:00 - 26.09.2020 22:00 (CET/CEST)","144","","507"
"Switzerland (CH)","26.09.2020 22:00 - 26.09.2020 23:00 (CET/CEST)","120","","367"
"Switzerland (CH)","26.09.2020 23:00 - 27.09.2020 00:00 (CET/CEST)","69","","298"
"Switzerland (CH)","27.09.2020 00:00 - 27.09.2020 01:00 (CET/CEST)","98","","182"
"Switzerland (CH)","27.09.2020 01:00 - 27.09.2020 02:00 (CET/CEST)","121","","161"
"Switzerland (CH)","27.09.2020 02:00 - 27.09.2020 03:00 (CET/CEST)","109","","155"
"Switzerland (CH)","27.09.2020 03:00 - 27.09.2020 04:00 (CET/CEST)","123","","151"
"Switzerland (CH)","27.09.2020 04:00 - 27.09.2020 05:00 (CET/CEST)","100","","167"
"Switzerland (CH)","27.09.2020 05:00 - 27.09.2020 06:00 (CET/CEST)","64","","184"
"Switzerland (CH)","27.09.2020 06:00 - 27.09.2020 07:00 (CET/CEST)","130","","175"
"Switzerland (CH)","27.09.2020 07:00 - 27.09.2020 08:00 (CET/CEST)","139","","187"
"Switzerland (CH)","27.09.2020 08:00 - 27.09.2020 09:00 (CET/CEST)","132","","183"
"Switzerland (CH)","27.09.2020 09:00 - 27.09.2020 10:00 (CET/CEST)","95","","248"
"Switzerland (CH)","27.09.2020 10:00 - 27.09.2020 11:00 (CET/CEST)","95","","506"
"Switzerland (CH)","27.09.2020 11:00 - 27.09.2020 12:00 (CET/CEST)","113","","315"
"Switzerland (CH)","27.09.2020 12:00 - 27.09.2020 13:00 (CET/CEST)","112","","940"
"Switzerland (CH)","27.09.2020 13:00 - 27.09.2020 14:00 (CET/CEST)","94","","306"
"Switzerland (CH)","27.09.2020 14:00 - 27.09.2020 15:00 (CET/CEST)","92","","175"
"Switzerland (CH)","27.09.2020 15:00 - 27.09.2020 16:00 (CET/CEST)","93","","198"
"Switzerland (CH)","27.09.2020 16:00 - 27.09.2020 17:00 (CET/CEST)","78","","433"
"Switzerland (CH)","27.09.2020 17:00 - 27.09.2020 18:00 (CET/CEST)","265","","552"
"Switzerland (CH)","27.09.2020 18:00 - 27.09.2020 19:00 (CET/CEST)","1010","","388"
"Switzerland (CH)","27.09.2020 19:00 - 27.09.2020 20:00 (CET/CEST)","1705","","962"
"Switzerland (CH)","27.09.2020 20:00 - 27.09.2020 21:00 (CET/CEST)","1296","","1698"
"Switzerland (CH)","27.09.2020 21:00 - 27.09.2020 22:00 (CET/CEST)","571","","470"
"Switzerland (CH)","27.09.2020 22:00 - 27.09.2020 23:00 (CET/CEST)","200","","897"
"Switzerland (CH)","27.09.2020 23:00 - 28.09.2020 00:00 (CET/CEST)","161","","434"
"Switzerland (CH)","28.09.2020 00:00 - 28.09.2020 01:00 (CET/CEST)","67","","221"
"Switzerland (CH)","28.09.2020 01:00 - 28.09.2020 02:00 (CET/CEST)","53","","203"
"Switzerland (CH)","28.09.2020 02:00 - 28.09.2020 03:00 (CET/CEST)","52","","191"
"Switzerland (CH)","28.09.2020 03:00 - 28.09.2020 04:00 (CET/CEST)","62","","188"
"Switzerland (CH)","28.09.2020 04:00 - 28.09.2020 05:00 (CET/CEST)","92","","514"
"Switzerland (CH)","28.09.2020 05:00 - 28.09.2020 06:00 (CET/CEST)","108","","1017"
"Switzerland (CH)","28.09.2020 06:00 - 28.09.2020 07:00 (CET/CEST)","605","","1052"
"Switzerland (CH)","28.09.2020 07:00 - 28.09.2020 08:00 (CET/CEST)","2288","","2651"
"Switzerland (CH)","28.09.2020 08:00 - 28.09.2020 09:00 (CET/CEST)","2406","","2852"
"Switzerland (CH)","28.09.2020 09:00 - 28.09.2020 10:00 (CET/CEST)","2318","","2860"
"Switzerland (CH)","28.09.2020 10:00 - 28.09.2020 11:00 (CET/CEST)","2425","","2315"
"Switzerland (CH)","28.09.2020 11:00 - 28.09.2020 12:00 (CET/CEST)","2296","","2333"
"Switzerland (CH)","28.09.2020 12:00 - 28.09.2020 13:00 (CET/CEST)","1991","","1922"
"Switzerland (CH)","28.09.2020 13:00 - 28.09.2020 14:00 (CET/CEST)","1851","","2051"
"Switzerland (CH)","28.09.2020 14:00 - 28.09.2020 15:00 (CET/CEST)","1572","","1843"
"Switzerland (CH)","28.09.2020 15:00 - 28.09.2020 16:00 (CET/CEST)","1654","","1571"
"Switzerland (CH)","28.09.2020 16:00 - 28.09.2020 17:00 (CET/CEST)","2173","","2619"
"Switzerland (CH)","28.09.2020 17:00 - 28.09.2020 18:00 (CET/CEST)","2488","","2848"
"Switzerland (CH)","28.09.2020 18:00 - 28.09.2020 19:00 (CET/CEST)","2567","","3499"
"Switzerland (CH)","28.09.2020 19:00 - 28.09.2020 20:00 (CET/CEST)","2961","","3637"
"Switzerland (CH)","28.09.2020 20:00 - 28.09.2020 21:00 (CET/CEST)","2673","","2960"
"Switzerland (CH)","28.09.2020 21:00 - 28.09.2020 22:00 (CET/CEST)","2185","","1898"
"Switzerland (CH)","28.09.2020 22:00 - 28.09.2020 23:00 (CET/CEST)","671","","494"
"Switzerland (CH)","28.09.2020 23:00 - 29.09.2020 00:00 (CET/CEST)","322","","288"
"Switzerland (CH)","29.09.2020 00:00 - 29.09.2020 01:00 (CET/CEST)","142","","274"
"Switzerland (CH)","29.09.2020 01:00 - 29.09.2020 02:00 (CET/CEST)","134","","467"
"Switzerland (CH)","29.09.2020 02:00 - 29.09.2020 03:00 (CET/CEST)","81","","472"
"Switzerland (CH)","29.09.2020 03:00 - 29.09.2020 04:00 (CET/CEST)","69","","182"
"Switzerland (CH)","29.09.2020 04:00 - 29.09.2020 05:00 (CET/CEST)","70","","301"
"Switzerland (CH)","29.09.2020 05:00 - 29.09.2020 06:00 (CET/CEST)","328","","770"
"Switzerland (CH)","29.09.2020 06:00 - 29.09.2020 07:00 (CET/CEST)","1855","","1844"
"Switzerland (CH)","29.09.2020 07:00 - 29.09.2020 08:00 (CET/CEST)","2669","","3347"
"Switzerland (CH)","29.09.2020 08:00 - 29.09.2020 09:00 (CET/CEST)","2877","","3563"
"Switzerland (CH)","29.09.2020 09:00 - 29.09.2020 10:00 (CET/CEST)","2863","","3530"
"Switzerland (CH)","29.09.2020 10:00 - 29.09.2020 11:00 (CET/CEST)","2312","","3337"
"Switzerland (CH)","29.09.2020 11:00 - 29.09.2020 12:00 (CET/CEST)","2621","","3184"
"Switzerland (CH)","29.09.2020 12:00 - 29.09.2020 13:00 (CET/CEST)","2528","","3041"
"Switzerland (CH)","29.09.2020 13:00 - 29.09.2020 14:00 (CET/CEST)","2201","","2209"
"Switzerland (CH)","29.09.2020 14:00 - 29.09.2020 15:00 (CET/CEST)","2059","","1638"
"Switzerland (CH)","29.09.2020 15:00 - 29.09.2020 16:00 (CET/CEST)","2022","","1593"
"Switzerland (CH)","29.09.2020 16:00 - 29.09.2020 17:00 (CET/CEST)","2282","","2564"
"Switzerland (CH)","29.09.2020 17:00 - 29.09.2020 18:00 (CET/CEST)","2614","","3467"
"Switzerland (CH)","29.09.2020 18:00 - 29.09.2020 19:00 (CET/CEST)","2610","","3422"
"Switzerland (CH)","29.09.2020 19:00 - 29.09.2020 20:00 (CET/CEST)","2809","","3616"
"Switzerland (CH)","29.09.2020 20:00 - 29.09.2020 21:00 (CET/CEST)","2858","","3587"
"Switzerland (CH)","29.09.2020 21:00 - 29.09.2020 22:00 (CET/CEST)","2347","","2571"
"Switzerland (CH)","29.09.2020 22:00 - 29.09.2020 23:00 (CET/CEST)","1483","","1007"
"Switzerland (CH)","29.09.2020 23:00 - 30.09.2020 00:00 (CET/CEST)","653","","385"
"Switzerland (CH)","30.09.2020 00:00 - 30.09.2020 01:00 (CET/CEST)","655","","876"
"Switzerland (CH)","30.09.2020 01:00 - 30.09.2020 02:00 (CET/CEST)","327","","1165"
"Switzerland (CH)","30.09.2020 02:00 - 30.09.2020 03:00 (CET/CEST)","351","","926"
"Switzerland (CH)","30.09.2020 03:00 - 30.09.2020 04:00 (CET/CEST)","728","","661"
"Switzerland (CH)","30.09.2020 04:00 - 30.09.2020 05:00 (CET/CEST)","609","","485"
"Switzerland (CH)","30.09.2020 05:00 - 30.09.2020 06:00 (CET/CEST)","769","","912"
"Switzerland (CH)","30.09.2020 06:00 - 30.09.2020 07:00 (CET/CEST)","1326","","1088"
"Switzerland (CH)","30.09.2020 07:00 - 30.09.2020 08:00 (CET/CEST)","2363","","3117"
"Switzerland (CH)","30.09.2020 08:00 - 30.09.2020 09:00 (CET/CEST)","2593","","3183"
"Switzerland (CH)","30.09.2020 09:00 - 30.09.2020 10:00 (CET/CEST)","2716","","2884"
"Switzerland (CH)","30.09.2020 10:00 - 30.09.2020 11:00 (CET/CEST)","2212","","2189"
"Switzerland (CH)","30.09.2020 11:00 - 30.09.2020 12:00 (CET/CEST)","1425","","1272"
"Switzerland (CH)","30.09.2020 12:00 - 30.09.2020 13:00 (CET/CEST)","1436","","1056"
"Switzerland (CH)","30.09.2020 13:00 - 30.09.2020 14:00 (CET/CEST)","469","","901"
"Switzerland (CH)","30.09.2020 14:00 - 30.09.2020 15:00 (CET/CEST)","345","","589"
"Switzerland (CH)","30.09.2020 15:00 - 30.09.2020 16:00 (CET/CEST)","378","","534"
"Switzerland (CH)","30.09.2020 16:00 - 30.09.2020 17:00 (CET/CEST)","1063","","734"
"Switzerland (CH)","30.09.2020 17:00 - 30.09.2020 18:00 (CET/CEST)","1967","","1795"
"Switzerland (CH)","30.09.2020 18:00 - 30.09.2020 19:00 (CET/CEST)","2583","","2780"
"Switzerland (CH)","30.09.2020 19:00 - 30.09.2020 20:00 (CET/CEST)","2941","","3282"
"Switzerland (CH)","30.09.2020 20:00 - 30.09.2020 21:00 (CET/CEST)","2696","","2641"
"Switzerland (CH)","30.09.2020 21:00 - 30.09.2020 22:00 (CET/CEST)","1167","","1477"
"Switzerland (CH)","30.09.2020 22:00 - 30.09.2020 23:00 (CET/CEST)","477","","458"
"Switzerland (CH)","30.09.2020 23:00 - 01.10.2020 00:00 (CET/CEST)","268","","349"
"Switzerland (CH)","01.10.2020 00:00 - 01.10.2020 01:00 (CET/CEST)","158","","339"
"Switzerland (CH)","01.10.2020 01:00 - 01.10.2020 02:00 (CET/CEST)","102","","282"
"Switzerland (CH)","01.10.2020 02:00 - 01.10.2020 03:00 (CET/CEST)","107","","276"
"Switzerland (CH)","01.10.2020 03:00 - 01.10.2020 04:00 (CET/CEST)","98","","268"
"Switzerland (CH)","01.10.2020 04:00 - 01.10.2020 05:00 (CET/CEST)","121","","290"
"Switzerland (CH)","01.10.2020 05:00 - 01.10.2020 06:00 (CET/CEST)","113","","525"
"Switzerland (CH)","01.10.2020 06:00 - 01.10.2020 07:00 (CET/CEST)","388","","636"
"Switzerland (CH)","01.10.2020 07:00 - 01.10.2020 08:00 (CET/CEST)","1674","","1319"
"Switzerland (CH)","01.10.2020 08:00 - 01.10.2020 09:00 (CET/CEST)","2499","","2259"
"Switzerland (CH)","01.10.2020 09:00 - 01.10.2020 10:00 (CET/CEST)","2426","","2000"
"Switzerland (CH)","01.10.2020 10:00 - 01.10.2020 11:00 (CET/CEST)","542","","1298"
"Switzerland (CH)","01.10.2020 11:00 - 01.10.2020 12:00 (CET/CEST)","1518","","1163"
"Switzerland (CH)","01.10.2020 12:00 - 01.10.2020 13:00 (CET/CEST)","1311","","657"
"Switzerland (CH)","01.10.2020 13:00 - 01.10.2020 14:00 (CET/CEST)","231","","466"
"Switzerland (CH)","01.10.2020 14:00 - 01.10.2020 15:00 (CET/CEST)","182","","517"
"Switzerland (CH)","01.10.2020 15:00 - 01.10.2020 16:00 (CET/CEST)","304","","628"
"Switzerland (CH)","01.10.2020 16:00 - 01.10.2020 17:00 (CET/CEST)","373","","796"
"Switzerland (CH)","01.10.2020 17:00 - 01.10.2020 18:00 (CET/CEST)","213","","883"
"Switzerland (CH)","01.10.2020 18:00 - 01.10.2020 19:00 (CET/CEST)","1081","","2266"
"Switzerland (CH)","01.10.2020 19:00 - 01.10.2020 20:00 (CET/CEST)","922","","2961"
"Switzerland (CH)","01.10.2020 20:00 - 01.10.2020 21:00 (CET/CEST)","2160","","2358"
"Switzerland (CH)","01.10.2020 21:00 - 01.10.2020 22:00 (CET/CEST)","609","","1694"
"Switzerland (CH)","01.10.2020 22:00 - 01.10.2020 23:00 (CET/CEST)","487","","1287"
"Switzerland (CH)","01.10.2020 23:00 - 02.10.2020 00:00 (CET/CEST)","144","","832"
"Switzerland (CH)","02.10.2020 00:00 - 02.10.2020 01:00 (CET/CEST)","103","","571"
"Switzerland (CH)","02.10.2020 01:00 - 02.10.2020 02:00 (CET/CEST)","98","","365"
"Switzerland (CH)","02.10.2020 02:00 - 02.10.2020 03:00 (CET/CEST)","79","","266"
"Switzerland (CH)","02.10.2020 03:00 - 02.10.2020 04:00 (CET/CEST)","76","","272"
"Switzerland (CH)","02.10.2020 04:00 - 02.10.2020 05:00 (CET/CEST)","80","","437"
"Switzerland (CH)","02.10.2020 05:00 - 02.10.2020 06:00 (CET/CEST)","118","","550"
"Switzerland (CH)","02.10.2020 06:00 - 02.10.2020 07:00 (CET/CEST)","794","","1584"
"Switzerland (CH)","02.10.2020 07:00 - 02.10.2020 08:00 (CET/CEST)","1938","","1857"
"Switzerland (CH)","02.10.2020 08:00 - 02.10.2020 09:00 (CET/CEST)","2115","","2214"
"Switzerland (CH)","02.10.2020 09:00 - 02.10.2020 10:00 (CET/CEST)","1677","","1600"
"Switzerland (CH)","02.10.2020 10:00 - 02.10.2020 11:00 (CET/CEST)","1697","","1739"
"Switzerland (CH)","02.10.2020 11:00 - 02.10.2020 12:00 (CET/CEST)","1907","","1615"
"Switzerland (CH)","02.10.2020 12:00 - 02.10.2020 13:00 (CET/CEST)","1206","","1019"
"Switzerland (CH)","02.10.2020 13:00 - 02.10.2020 14:00 (CET/CEST)","1291","","1433"
"Switzerland (CH)","02.10.2020 14:00 - 02.10.2020 15:00 (CET/CEST)","1482","","1272"
"Switzerland (CH)","02.10.2020 15:00 - 02.10.2020 16:00 (CET/CEST)","1697","","1461"
"Switzerland (CH)","02.10.2020 16:00 - 02.10.2020 17:00 (CET/CEST)","1172","","1394"
"Switzerland (CH)","02.10.2020 17:00 - 02.10.2020 18:00 (CET/CEST)","1398","","1717"
"Switzerland (CH)","02.10.2020 18:00 - 02.10.2020 19:00 (CET/CEST)","1391","","2125"
"Switzerland (CH)","02.10.2020 19:00 - 02.10.2020 20:00 (CET/CEST)","1732","","1930"
"Switzerland (CH)","02.10.2020 20:00 - 02.10.2020 21:00 (CET/CEST)","1508","","1553"
"Switzerland (CH)","02.10.2020 21:00 - 02.10.2020 22:00 (CET/CEST)","1187","","1321"
"Switzerland (CH)","02.10.2020 22:00 - 02.10.2020 23:00 (CET/CEST)","1099","","1447"
"Switzerland (CH)","02.10.2020 23:00 - 03.10.2020 00:00 (CET/CEST)","1008","","1281"
"Switzerland (CH)","03.10.2020 00:00 - 03.10.2020 01:00 (CET/CEST)","960","","1391"
"Switzerland (CH)","03.10.2020 01:00 - 03.10.2020 02:00 (CET/CEST)","938","","1050"
"Switzerland (CH)","03.10.2020 02:00 - 03.10.2020 03:00 (CET/CEST)","952","","1133"
"Switzerland (CH)","03.10.2020 03:00 - 03.10.2020 04:00 (CET/CEST)","952","","1049"
"Switzerland (CH)","03.10.2020 04:00 - 03.10.2020 05:00 (CET/CEST)","904","","1068"
"Switzerland (CH)","03.10.2020 05:00 - 03.10.2020 06:00 (CET/CEST)","864","","974"
"Switzerland (CH)","03.10.2020 06:00 - 03.10.2020 07:00 (CET/CEST)","926","","1748"
"Switzerland (CH)","03.10.2020 07:00 - 03.10.2020 08:00 (CET/CEST)","980","","2217"
"Switzerland (CH)","03.10.2020 08:00 - 03.10.2020 09:00 (CET/CEST)","996","","2216"
"Switzerland (CH)","03.10.2020 09:00 - 03.10.2020 10:00 (CET/CEST)","1259","","1724"
"Switzerland (CH)","03.10.2020 10:00 - 03.10.2020 11:00 (CET/CEST)","1281","","1732"
"Switzerland (CH)","03.10.2020 11:00 - 03.10.2020 12:00 (CET/CEST)","1273","","1777"
"Switzerland (CH)","03.10.2020 12:00 - 03.10.2020 13:00 (CET/CEST)","1082","","1913"
"Switzerland (CH)","03.10.2020 13:00 - 03.10.2020 14:00 (CET/CEST)","706","","2157"
"Switzerland (CH)","03.10.2020 14:00 - 03.10.2020 15:00 (CET/CEST)","665","","1475"
"Switzerland (CH)","03.10.2020 15:00 - 03.10.2020 16:00 (CET/CEST)","666","","1168"
"Switzerland (CH)","03.10.2020 16:00 - 03.10.2020 17:00 (CET/CEST)","677","","1323"
"Switzerland (CH)","03.10.2020 17:00 - 03.10.2020 18:00 (CET/CEST)","909","","1957"
"Switzerland (CH)","03.10.2020 18:00 - 03.10.2020 19:00 (CET/CEST)","1351","","2499"
"Switzerland (CH)","03.10.2020 19:00 - 03.10.2020 20:00 (CET/CEST)","1595","","2685"
"Switzerland (CH)","03.10.2020 20:00 - 03.10.2020 21:00 (CET/CEST)","925","","2097"
"Switzerland (CH)","03.10.2020 21:00 - 03.10.2020 22:00 (CET/CEST)","765","","2049"
"Switzerland (CH)","03.10.2020 22:00 - 03.10.2020 23:00 (CET/CEST)","695","","1782"
"Switzerland (CH)","03.10.2020 23:00 - 04.10.2020 00:00 (CET/CEST)","641","","1581"
"Switzerland (CH)","04.10.2020 00:00 - 04.10.2020 01:00 (CET/CEST)","735","","1486"
"Switzerland (CH)","04.10.2020 01:00 - 04.10.2020 02:00 (CET/CEST)","702","","1305"
"Switzerland (CH)","04.10.2020 02:00 - 04.10.2020 03:00 (CET/CEST)","661","","1141"
"Switzerland (CH)","04.10.2020 03:00 - 04.10.2020 04:00 (CET/CEST)","699","","1162"
"Switzerland (CH)","04.10.2020 04:00 - 04.10.2020 05:00 (CET/CEST)","647","","1166"
"Switzerland (CH)","04.10.2020 05:00 - 04.10.2020 06:00 (CET/CEST)","709","","1283"
"Switzerland (CH)","04.10.2020 06:00 - 04.10.2020 07:00 (CET/CEST)","701","","1285"
"Switzerland (CH)","04.10.2020 07:00 - 04.10.2020 08:00 (CET/CEST)","673","","1452"
"Switzerland (CH)","04.10.2020 08:00 - 04.10.2020 09:00 (CET/CEST)","688","","1516"
"Switzerland (CH)","04.10.2020 09:00 - 04.10.2020 10:00 (CET/CEST)","568","","1329"
"Switzerland (CH)","04.10.2020 10:00 - 04.10.2020 11:00 (CET/CEST)","540","","1405"
"Switzerland (CH)","04.10.2020 11:00 - 04.10.2020 12:00 (CET/CEST)","435","","1107"
"Switzerland (CH)","04.10.2020 12:00 - 04.10.2020 13:00 (CET/CEST)","610","","925"
"Switzerland (CH)","04.10.2020 13:00 - 04.10.2020 14:00 (CET/CEST)","666","","813"
"Switzerland (CH)","04.10.2020 14:00 - 04.10.2020 15:00 (CET/CEST)","674","","1023"
"Switzerland (CH)","04.10.2020 15:00 - 04.10.2020 16:00 (CET/CEST)","695","","1129"
"Switzerland (CH)","04.10.2020 16:00 - 04.10.2020 17:00 (CET/CEST)","611","","1115"
"Switzerland (CH)","04.10.2020 17:00 - 04.10.2020 18:00 (CET/CEST)","662","","1347"
"Switzerland (CH)","04.10.2020 18:00 - 04.10.2020 19:00 (CET/CEST)","653","","1588"
"Switzerland (CH)","04.10.2020 19:00 - 04.10.2020 20:00 (CET/CEST)","1315","","2386"
"Switzerland (CH)","04.10.2020 20:00 - 04.10.2020 21:00 (CET/CEST)","647","","1857"
"Switzerland (CH)","04.10.2020 21:00 - 04.10.2020 22:00 (CET/CEST)","563","","1632"
"Switzerland (CH)","04.10.2020 22:00 - 04.10.2020 23:00 (CET/CEST)","579","","1571"
"Switzerland (CH)","04.10.2020 23:00 - 05.10.2020 00:00 (CET/CEST)","539","","1470"
"Switzerland (CH)","05.10.2020 00:00 - 05.10.2020 01:00 (CET/CEST)","71","","1175"
"Switzerland (CH)","05.10.2020 01:00 - 05.10.2020 02:00 (CET/CEST)","31","","1170"
"Switzerland (CH)","05.10.2020 02:00 - 05.10.2020 03:00 (CET/CEST)","35","","1127"
"Switzerland (CH)","05.10.2020 03:00 - 05.10.2020 04:00 (CET/CEST)","34","","1117"
"Switzerland (CH)","05.10.2020 04:00 - 05.10.2020 05:00 (CET/CEST)","64","","1127"
"Switzerland (CH)","05.10.2020 05:00 - 05.10.2020 06:00 (CET/CEST)","370","","1339"
"Switzerland (CH)","05.10.2020 06:00 - 05.10.2020 07:00 (CET/CEST)","553","","2338"
"Switzerland (CH)","05.10.2020 07:00 - 05.10.2020 08:00 (CET/CEST)","939","","2111"
"Switzerland (CH)","05.10.2020 08:00 - 05.10.2020 09:00 (CET/CEST)","1398","","2567"
"Switzerland (CH)","05.10.2020 09:00 - 05.10.2020 10:00 (CET/CEST)","1413","","2290"
"Switzerland (CH)","05.10.2020 10:00 - 05.10.2020 11:00 (CET/CEST)","1304","","2862"
"Switzerland (CH)","05.10.2020 11:00 - 05.10.2020 12:00 (CET/CEST)","1044","","2113"
"Switzerland (CH)","05.10.2020 12:00 - 05.10.2020 13:00 (CET/CEST)","762","","1720"
"Switzerland (CH)","05.10.2020 13:00 - 05.10.2020 14:00 (CET/CEST)","501","","1588"
"Switzerland (CH)","05.10.2020 14:00 - 05.10.2020 15:00 (CET/CEST)","521","","1694"
"Switzerland (CH)","05.10.2020 15:00 - 05.10.2020 16:00 (CET/CEST)","471","","1455"
"Switzerland (CH)","05.10.2020 16:00 - 05.10.2020 17:00 (CET/CEST)","501","","1669"
"Switzerland (CH)","05.10.2020 17:00 - 05.10.2020 18:00 (CET/CEST)","667","","1826"
"Switzerland (CH)","05.10.2020 18:00 - 05.10.2020 19:00 (CET/CEST)","1814","","2549"
"Switzerland (CH)","05.10.2020 19:00 - 05.10.2020 20:00 (CET/CEST)","2356","","2998"
"Switzerland (CH)","05.10.2020 20:00 - 05.10.2020 21:00 (CET/CEST)","915","","2049"
"Switzerland (CH)","05.10.2020 21:00 - 05.10.2020 22:00 (CET/CEST)","640","","1466"
"Switzerland (CH)","05.10.2020 22:00 - 05.10.2020 23:00 (CET/CEST)","511","","1243"
"Switzerland (CH)","05.10.2020 23:00 - 06.10.2020 00:00 (CET/CEST)","536","","1272"
"Switzerland (CH)","06.10.2020 00:00 - 06.10.2020 01:00 (CET/CEST)","552","","1128"
"Switzerland (CH)","06.10.2020 01:00 - 06.10.2020 02:00 (CET/CEST)","387","","1083"
"Switzerland (CH)","06.10.2020 02:00 - 06.10.2020 03:00 (CET/CEST)","369","","1021"
"Switzerland (CH)","06.10.2020 03:00 - 06.10.2020 04:00 (CET/CEST)","112","","946"
"Switzerland (CH)","06.10.2020 04:00 - 06.10.2020 05:00 (CET/CEST)","120","","1038"
"Switzerland (CH)","06.10.2020 05:00 - 06.10.2020 06:00 (CET/CEST)","483","","1151"
"Switzerland (CH)","06.10.2020 06:00 - 06.10.2020 07:00 (CET/CEST)","574","","1290"
"Switzerland (CH)","06.10.2020 07:00 - 06.10.2020 08:00 (CET/CEST)","1161","","2508"
"Switzerland (CH)","06.10.2020 08:00 - 06.10.2020 09:00 (CET/CEST)","1731","","2770"
"Switzerland (CH)","06.10.2020 09:00 - 06.10.2020 10:00 (CET/CEST)","1505","","2302"
"Switzerland (CH)","06.10.2020 10:00 - 06.10.2020 11:00 (CET/CEST)","1244","","2323"
"Switzerland (CH)","06.10.2020 11:00 - 06.10.2020 12:00 (CET/CEST)","912","","1943"
"Switzerland (CH)","06.10.2020 12:00 - 06.10.2020 13:00 (CET/CEST)","659","","1511"
"Switzerland (CH)","06.10.2020 13:00 - 06.10.2020 14:00 (CET/CEST)","525","","1235"
"Switzerland (CH)","06.10.2020 14:00 - 06.10.2020 15:00 (CET/CEST)","416","","1245"
"Switzerland (CH)","06.10.2020 15:00 - 06.10.2020 16:00 (CET/CEST)","452","","1223"
"Switzerland (CH)","06.10.2020 16:00 - 06.10.2020 17:00 (CET/CEST)","600","","1475"
"Switzerland (CH)","06.10.2020 17:00 - 06.10.2020 18:00 (CET/CEST)","977","","1866"
"Switzerland (CH)","06.10.2020 18:00 - 06.10.2020 19:00 (CET/CEST)","1894","","2154"
"Switzerland (CH)","06.10.2020 19:00 - 06.10.2020 20:00 (CET/CEST)","2313","","2902"
"Switzerland (CH)","06.10.2020 20:00 - 06.10.2020 21:00 (CET/CEST)","2137","","2329"
"Switzerland (CH)","06.10.2020 21:00 - 06.10.2020 22:00 (CET/CEST)","912","","1608"
"Switzerland (CH)","06.10.2020 22:00 - 06.10.2020 23:00 (CET/CEST)","836","","1316"
"Switzerland (CH)","06.10.2020 23:00 - 07.10.2020 00:00 (CET/CEST)","793","","861"
"Switzerland (CH)","07.10.2020 00:00 - 07.10.2020 01:00 (CET/CEST)","398","","1146"
"Switzerland (CH)","07.10.2020 01:00 - 07.10.2020 02:00 (CET/CEST)","160","","1187"
"Switzerland (CH)","07.10.2020 02:00 - 07.10.2020 03:00 (CET/CEST)","152","","1019"
"Switzerland (CH)","07.10.2020 03:00 - 07.10.2020 04:00 (CET/CEST)","149","","933"
"Switzerland (CH)","07.10.2020 04:00 - 07.10.2020 05:00 (CET/CEST)","151","","1003"
"Switzerland (CH)","07.10.2020 05:00 - 07.10.2020 06:00 (CET/CEST)","192","","1214"
"Switzerland (CH)","07.10.2020 06:00 - 07.10.2020 07:00 (CET/CEST)","592","","1377"
"Switzerland (CH)","07.10.2020 07:00 - 07.10.2020 08:00 (CET/CEST)","2063","","1973"
"Switzerland (CH)","07.10.2020 08:00 - 07.10.2020 09:00 (CET/CEST)","2486","","2687"
"Switzerland (CH)","07.10.2020 09:00 - 07.10.2020 10:00 (CET/CEST)","2271","","2802"
"Switzerland (CH)","07.10.2020 10:00 - 07.10.2020 11:00 (CET/CEST)","1776","","2392"
"Switzerland (CH)","07.10.2020 11:00 - 07.10.2020 12:00 (CET/CEST)","877","","1860"
"Switzerland (CH)","07.10.2020 12:00 - 07.10.2020 13:00 (CET/CEST)","699","","1497"
"Switzerland (CH)","07.10.2020 13:00 - 07.10.2020 14:00 (CET/CEST)","546","","1235"
"Switzerland (CH)","07.10.2020 14:00 - 07.10.2020 15:00 (CET/CEST)","461","","1044"
"Switzerland (CH)","07.10.2020 15:00 - 07.10.2020 16:00 (CET/CEST)","513","","1039"
"Switzerland (CH)","07.10.2020 16:00 - 07.10.2020 17:00 (CET/CEST)","459","","1188"
"Switzerland (CH)","07.10.2020 17:00 - 07.10.2020 18:00 (CET/CEST)","575","","1371"
"Switzerland (CH)","07.10.2020 18:00 - 07.10.2020 19:00 (CET/CEST)","1425","","1655"
"Switzerland (CH)","07.10.2020 19:00 - 07.10.2020 20:00 (CET/CEST)","2091","","2418"
"Switzerland (CH)","07.10.2020 20:00 - 07.10.2020 21:00 (CET/CEST)","1671","","1542"
"Switzerland (CH)","07.10.2020 21:00 - 07.10.2020 22:00 (CET/CEST)","1037","","1281"
"Switzerland (CH)","07.10.2020 22:00 - 07.10.2020 23:00 (CET/CEST)","845","","1031"
"Switzerland (CH)","07.10.2020 23:00 - 08.10.2020 00:00 (CET/CEST)","384","","897"
"Switzerland (CH)","08.10.2020 00:00 - 08.10.2020 01:00 (CET/CEST)","347","","1173"
"Switzerland (CH)","08.10.2020 01:00 - 08.10.2020 02:00 (CET/CEST)","226","","1082"
"Switzerland (CH)","08.10.2020 02:00 - 08.10.2020 03:00 (CET/CEST)","124","","873"
"Switzerland (CH)","08.10.2020 03:00 - 08.10.2020 04:00 (CET/CEST)","113","","866"
"Switzerland (CH)","08.10.2020 04:00 - 08.10.2020 05:00 (CET/CEST)","116","","846"
"Switzerland (CH)","08.10.2020 05:00 - 08.10.2020 06:00 (CET/CEST)","251","","886"
"Switzerland (CH)","08.10.2020 06:00 - 08.10.2020 07:00 (CET/CEST)","657","","1365"
"Switzerland (CH)","08.10.2020 07:00 - 08.10.2020 08:00 (CET/CEST)","1930","","1985"
"Switzerland (CH)","08.10.2020 08:00 - 08.10.2020 09:00 (CET/CEST)","2275","","2563"
"Switzerland (CH)","08.10.2020 09:00 - 08.10.2020 10:00 (CET/CEST)","1616","","1888"
"Switzerland (CH)","08.10.2020 10:00 - 08.10.2020 11:00 (CET/CEST)","891","","1370"
"Switzerland (CH)","08.10.2020 11:00 - 08.10.2020 12:00 (CET/CEST)","605","","1320"
"Switzerland (CH)","08.10.2020 12:00 - 08.10.2020 13:00 (CET/CEST)","367","","1788"
"Switzerland (CH)","08.10.2020 13:00 - 08.10.2020 14:00 (CET/CEST)","399","","948"
"Switzerland (CH)","08.10.2020 14:00 - 08.10.2020 15:00 (CET/CEST)","417","","903"
"Switzerland (CH)","08.10.2020 15:00 - 08.10.2020 16:00 (CET/CEST)","412","","967"
"Switzerland (CH)","08.10.2020 16:00 - 08.10.2020 17:00 (CET/CEST)","562","","1697"
"Switzerland (CH)","08.10.2020 17:00 - 08.10.2020 18:00 (CET/CEST)","712","","1636"
"Switzerland (CH)","08.10.2020 18:00 - 08.10.2020 19:00 (CET/CEST)","1056","","2125"
"Switzerland (CH)","08.10.2020 19:00 - 08.10.2020 20:00 (CET/CEST)","1569","","1764"
"Switzerland (CH)","08.10.2020 20:00 - 08.10.2020 21:00 (CET/CEST)","1233","","1575"
"Switzerland (CH)","08.10.2020 21:00 - 08.10.2020 22:00 (CET/CEST)","858","","1465"
"Switzerland (CH)","08.10.2020 22:00 - 08.10.2020 23:00 (CET/CEST)","758","","1529"
"Switzerland (CH)","08.10.2020 23:00 - 09.10.2020 00:00 (CET/CEST)","611","","1172"
"Switzerland (CH)","09.10.2020 00:00 - 09.10.2020 01:00 (CET/CEST)","226","","906"
"Switzerland (CH)","09.10.2020 01:00 - 09.10.2020 02:00 (CET/CEST)","233","","957"
"Switzerland (CH)","09.10.2020 02:00 - 09.10.2020 03:00 (CET/CEST)","145","","956"
"Switzerland (CH)","09.10.2020 03:00 - 09.10.2020 04:00 (CET/CEST)","126","","955"
"Switzerland (CH)","09.10.2020 04:00 - 09.10.2020 05:00 (CET/CEST)","148","","943"
"Switzerland (CH)","09.10.2020 05:00 - 09.10.2020 06:00 (CET/CEST)","561","","833"
"Switzerland (CH)","09.10.2020 06:00 - 09.10.2020 07:00 (CET/CEST)","1454","","1590"
"Switzerland (CH)","09.10.2020 07:00 - 09.10.2020 08:00 (CET/CEST)","2583","","2786"
"Switzerland (CH)","09.10.2020 08:00 - 09.10.2020 09:00 (CET/CEST)","3036","","3228"
"Switzerland (CH)","09.10.2020 09:00 - 09.10.2020 10:00 (CET/CEST)","2868","","2929"
"Switzerland (CH)","09.10.2020 10:00 - 09.10.2020 11:00 (CET/CEST)","2524","","2271"
"Switzerland (CH)","09.10.2020 11:00 - 09.10.2020 12:00 (CET/CEST)","2153","","1784"
"Switzerland (CH)","09.10.2020 12:00 - 09.10.2020 13:00 (CET/CEST)","1409","","1556"
"Switzerland (CH)","09.10.2020 13:00 - 09.10.2020 14:00 (CET/CEST)","1075","","1266"
"Switzerland (CH)","09.10.2020 14:00 - 09.10.2020 15:00 (CET/CEST)","985","","1198"
"Switzerland (CH)","09.10.2020 15:00 - 09.10.2020 16:00 (CET/CEST)","923","","1308"
"Switzerland (CH)","09.10.2020 16:00 - 09.10.2020 17:00 (CET/CEST)","993","","1432"
"Switzerland (CH)","09.10.2020 17:00 - 09.10.2020 18:00 (CET/CEST)","1612","","1681"
"Switzerland (CH)","09.10.2020 18:00 - 09.10.2020 19:00 (CET/CEST)","1645","","1889"
"Switzerland (CH)","09.10.2020 19:00 - 09.10.2020 20:00 (CET/CEST)","1923","","2229"
"Switzerland (CH)","09.10.2020 20:00 - 09.10.2020 21:00 (CET/CEST)","1492","","1756"
"Switzerland (CH)","09.10.2020 21:00 - 09.10.2020 22:00 (CET/CEST)","1060","","1732"
"Switzerland (CH)","09.10.2020 22:00 - 09.10.2020 23:00 (CET/CEST)","726","","1103"
"Switzerland (CH)","09.10.2020 23:00 - 10.10.2020 00:00 (CET/CEST)","787","","867"
"Switzerland (CH)","10.10.2020 00:00 - 10.10.2020 01:00 (CET/CEST)","538","","884"
"Switzerland (CH)","10.10.2020 01:00 - 10.10.2020 02:00 (CET/CEST)","272","","744"
"Switzerland (CH)","10.10.2020 02:00 - 10.10.2020 03:00 (CET/CEST)","133","","786"
"Switzerland (CH)","10.10.2020 03:00 - 10.10.2020 04:00 (CET/CEST)","114","","688"
"Switzerland (CH)","10.10.2020 04:00 - 10.10.2020 05:00 (CET/CEST)","111","","668"
"Switzerland (CH)","10.10.2020 05:00 - 10.10.2020 06:00 (CET/CEST)","114","","760"
"Switzerland (CH)","10.10.2020 06:00 - 10.10.2020 07:00 (CET/CEST)","137","","722"
"Switzerland (CH)","10.10.2020 07:00 - 10.10.2020 08:00 (CET/CEST)","441","","917"
"Switzerland (CH)","10.10.2020 08:00 - 10.10.2020 09:00 (CET/CEST)","919","","1351"
"Switzerland (CH)","10.10.2020 09:00 - 10.10.2020 10:00 (CET/CEST)","969","","1186"
"Switzerland (CH)","10.10.2020 10:00 - 10.10.2020 11:00 (CET/CEST)","894","","971"
"Switzerland (CH)","10.10.2020 11:00 - 10.10.2020 12:00 (CET/CEST)","863","","831"
"Switzerland (CH)","10.10.2020 12:00 - 10.10.2020 13:00 (CET/CEST)","755","","841"
"Switzerland (CH)","10.10.2020 13:00 - 10.10.2020 14:00 (CET/CEST)","190","","870"
"Switzerland (CH)","10.10.2020 14:00 - 10.10.2020 15:00 (CET/CEST)","145","","693"
"Switzerland (CH)","10.10.2020 15:00 - 10.10.2020 16:00 (CET/CEST)","150","","713"
"Switzerland (CH)","10.10.2020 16:00 - 10.10.2020 17:00 (CET/CEST)","150","","842"
"Switzerland (CH)","10.10.2020 17:00 - 10.10.2020 18:00 (CET/CEST)","254","","1193"
"Switzerland (CH)","10.10.2020 18:00 - 10.10.2020 19:00 (CET/CEST)","1222","","1689"
"Switzerland (CH)","10.10.2020 19:00 - 10.10.2020 20:00 (CET/CEST)","2220","","2436"
"Switzerland (CH)","10.10.2020 20:00 - 10.10.2020 21:00 (CET/CEST)","1594","","1599"
"Switzerland (CH)","10.10.2020 21:00 - 10.10.2020 22:00 (CET/CEST)","918","","1213"
"Switzerland (CH)","10.10.2020 22:00 - 10.10.2020 23:00 (CET/CEST)","493","","942"
"Switzerland (CH)","10.10.2020 23:00 - 11.10.2020 00:00 (CET/CEST)","216","","827"
"Switzerland (CH)","11.10.2020 00:00 - 11.10.2020 01:00 (CET/CEST)","135","","623"
"Switzerland (CH)","11.10.2020 01:00 - 11.10.2020 02:00 (CET/CEST)","117","","632"
"Switzerland (CH)","11.10.2020 02:00 - 11.10.2020 03:00 (CET/CEST)","165","","625"
"Switzerland (CH)","11.10.2020 03:00 - 11.10.2020 04:00 (CET/CEST)","151","","641"
"Switzerland (CH)","11.10.2020 04:00 - 11.10.2020 05:00 (CET/CEST)","125","","638"
"Switzerland (CH)","11.10.2020 05:00 - 11.10.2020 06:00 (CET/CEST)","152","","621"
"Switzerland (CH)","11.10.2020 06:00 - 11.10.2020 07:00 (CET/CEST)","181","","620"
"Switzerland (CH)","11.10.2020 07:00 - 11.10.2020 08:00 (CET/CEST)","170","","628"
"Switzerland (CH)","11.10.2020 08:00 - 11.10.2020 09:00 (CET/CEST)","179","","689"
"Switzerland (CH)","11.10.2020 09:00 - 11.10.2020 10:00 (CET/CEST)","213","","711"
"Switzerland (CH)","11.10.2020 10:00 - 11.10.2020 11:00 (CET/CEST)","212","","730"
"Switzerland (CH)","11.10.2020 11:00 - 11.10.2020 12:00 (CET/CEST)","202","","727"
"Switzerland (CH)","11.10.2020 12:00 - 11.10.2020 13:00 (CET/CEST)","213","","790"
"Switzerland (CH)","11.10.2020 13:00 - 11.10.2020 14:00 (CET/CEST)","231","","653"
"Switzerland (CH)","11.10.2020 14:00 - 11.10.2020 15:00 (CET/CEST)","228","","621"
"Switzerland (CH)","11.10.2020 15:00 - 11.10.2020 16:00 (CET/CEST)","249","","647"
"Switzerland (CH)","11.10.2020 16:00 - 11.10.2020 17:00 (CET/CEST)","201","","752"
"Switzerland (CH)","11.10.2020 17:00 - 11.10.2020 18:00 (CET/CEST)","369","","720"
"Switzerland (CH)","11.10.2020 18:00 - 11.10.2020 19:00 (CET/CEST)","1110","","1299"
"Switzerland (CH)","11.10.2020 19:00 - 11.10.2020 20:00 (CET/CEST)","2066","","1698"
"Switzerland (CH)","11.10.2020 20:00 - 11.10.2020 21:00 (CET/CEST)","1088","","1273"
"Switzerland (CH)","11.10.2020 21:00 - 11.10.2020 22:00 (CET/CEST)","884","","1085"
"Switzerland (CH)","11.10.2020 22:00 - 11.10.2020 23:00 (CET/CEST)","573","","829"
"Switzerland (CH)","11.10.2020 23:00 - 12.10.2020 00:00 (CET/CEST)","360","","776"
"Switzerland (CH)","12.10.2020 00:00 - 12.10.2020 01:00 (CET/CEST)","196","","613"
"Switzerland (CH)","12.10.2020 01:00 - 12.10.2020 02:00 (CET/CEST)","186","","609"
"Switzerland (CH)","12.10.2020 02:00 - 12.10.2020 03:00 (CET/CEST)","191","","614"
"Switzerland (CH)","12.10.2020 03:00 - 12.10.2020 04:00 (CET/CEST)","158","","633"
"Switzerland (CH)","12.10.2020 04:00 - 12.10.2020 05:00 (CET/CEST)","164","","662"
"Switzerland (CH)","12.10.2020 05:00 - 12.10.2020 06:00 (CET/CEST)","181","","662"
"Switzerland (CH)","12.10.2020 06:00 - 12.10.2020 07:00 (CET/CEST)","560","","1284"
"Switzerland (CH)","12.10.2020 07:00 - 12.10.2020 08:00 (CET/CEST)","2481","","2944"
"Switzerland (CH)","12.10.2020 08:00 - 12.10.2020 09:00 (CET/CEST)","2700","","3457"
"Switzerland (CH)","12.10.2020 09:00 - 12.10.2020 10:00 (CET/CEST)","2851","","3511"
"Switzerland (CH)","12.10.2020 10:00 - 12.10.2020 11:00 (CET/CEST)","2873","","3385"
"Switzerland (CH)","12.10.2020 11:00 - 12.10.2020 12:00 (CET/CEST)","2610","","2861"
"Switzerland (CH)","12.10.2020 12:00 - 12.10.2020 13:00 (CET/CEST)","2428","","1964"
"Switzerland (CH)","12.10.2020 13:00 - 12.10.2020 14:00 (CET/CEST)","1864","","1839"
"Switzerland (CH)","12.10.2020 14:00 - 12.10.2020 15:00 (CET/CEST)","1710","","1779"
"Switzerland (CH)","12.10.2020 15:00 - 12.10.2020 16:00 (CET/CEST)","1072","","1426"
"Switzerland (CH)","12.10.2020 16:00 - 12.10.2020 17:00 (CET/CEST)","898","","1404"
"Switzerland (CH)","12.10.2020 17:00 - 12.10.2020 18:00 (CET/CEST)","1951","","2356"
"Switzerland (CH)","12.10.2020 18:00 - 12.10.2020 19:00 (CET/CEST)","2518","","2905"
"Switzerland (CH)","12.10.2020 19:00 - 12.10.2020 20:00 (CET/CEST)","2579","","3023"
"Switzerland (CH)","12.10.2020 20:00 - 12.10.2020 21:00 (CET/CEST)","2445","","2194"
"Switzerland (CH)","12.10.2020 21:00 - 12.10.2020 22:00 (CET/CEST)","960","","1405"
"Switzerland (CH)","12.10.2020 22:00 - 12.10.2020 23:00 (CET/CEST)","635","","1059"
"Switzerland (CH)","12.10.2020 23:00 - 13.10.2020 00:00 (CET/CEST)","508","","859"
"Switzerland (CH)","13.10.2020 00:00 - 13.10.2020 01:00 (CET/CEST)","311","","648"
"Switzerland (CH)","13.10.2020 01:00 - 13.10.2020 02:00 (CET/CEST)","175","","572"
"Switzerland (CH)","13.10.2020 02:00 - 13.10.2020 03:00 (CET/CEST)","171","","601"
"Switzerland (CH)","13.10.2020 03:00 - 13.10.2020 04:00 (CET/CEST)","146","","611"
"Switzerland (CH)","13.10.2020 04:00 - 13.10.2020 05:00 (CET/CEST)","149","","640"
"Switzerland (CH)","13.10.2020 05:00 - 13.10.2020 06:00 (CET/CEST)","194","","745"
"Switzerland (CH)","13.10.2020 06:00 - 13.10.2020 07:00 (CET/CEST)","1007","","1144"
"Switzerland (CH)","13.10.2020 07:00 - 13.10.2020 08:00 (CET/CEST)","2316","","2406"
"Switzerland (CH)","13.10.2020 08:00 - 13.10.2020 09:00 (CET/CEST)","2835","","2937"
"Switzerland (CH)","13.10.2020 09:00 - 13.10.2020 10:00 (CET/CEST)","2554","","2509"
"Switzerland (CH)","13.10.2020 10:00 - 13.10.2020 11:00 (CET/CEST)","2201","","1935"
"Switzerland (CH)","13.10.2020 11:00 - 13.10.2020 12:00 (CET/CEST)","1836","","1984"
"Switzerland (CH)","13.10.2020 12:00 - 13.10.2020 13:00 (CET/CEST)","970","","1560"
"Switzerland (CH)","13.10.2020 13:00 - 13.10.2020 14:00 (CET/CEST)","529","","1249"
"Switzerland (CH)","13.10.2020 14:00 - 13.10.2020 15:00 (CET/CEST)","462","","1209"
"Switzerland (CH)","13.10.2020 15:00 - 13.10.2020 16:00 (CET/CEST)","583","","1429"
"Switzerland (CH)","13.10.2020 16:00 - 13.10.2020 17:00 (CET/CEST)","717","","1399"
"Switzerland (CH)","13.10.2020 17:00 - 13.10.2020 18:00 (CET/CEST)","1515","","2312"
"Switzerland (CH)","13.10.2020 18:00 - 13.10.2020 19:00 (CET/CEST)","2394","","3112"
"Switzerland (CH)","13.10.2020 19:00 - 13.10.2020 20:00 (CET/CEST)","2248","","2979"
"Switzerland (CH)","13.10.2020 20:00 - 13.10.2020 21:00 (CET/CEST)","1499","","1678"
"Switzerland (CH)","13.10.2020 21:00 - 13.10.2020 22:00 (CET/CEST)","847","","1443"
"Switzerland (CH)","13.10.2020 22:00 - 13.10.2020 23:00 (CET/CEST)","629","","1256"
"Switzerland (CH)","13.10.2020 23:00 - 14.10.2020 00:00 (CET/CEST)","449","","1015"
"Switzerland (CH)","14.10.2020 00:00 - 14.10.2020 01:00 (CET/CEST)","232","","655"
"Switzerland (CH)","14.10.2020 01:00 - 14.10.2020 02:00 (CET/CEST)","137","","607"
"Switzerland (CH)","14.10.2020 02:00 - 14.10.2020 03:00 (CET/CEST)","126","","576"
"Switzerland (CH)","14.10.2020 03:00 - 14.10.2020 04:00 (CET/CEST)","135","","603"
"Switzerland (CH)","14.10.2020 04:00 - 14.10.2020 05:00 (CET/CEST)","141","","681"
"Switzerland (CH)","14.10.2020 05:00 - 14.10.2020 06:00 (CET/CEST)","198","","864"
"Switzerland (CH)","14.10.2020 06:00 - 14.10.2020 07:00 (CET/CEST)","847","","1110"
"Switzerland (CH)","14.10.2020 07:00 - 14.10.2020 08:00 (CET/CEST)","2002","","2510"
"Switzerland (CH)","14.10.2020 08:00 - 14.10.2020 09:00 (CET/CEST)","2205","","2727"
"Switzerland (CH)","14.10.2020 09:00 - 14.10.2020 10:00 (CET/CEST)","2175","","2274"
"Switzerland (CH)","14.10.2020 10:00 - 14.10.2020 11:00 (CET/CEST)","2351","","2730"
"Switzerland (CH)","14.10.2020 11:00 - 14.10.2020 12:00 (CET/CEST)","2084","","2253"
"Switzerland (CH)","14.10.2020 12:00 - 14.10.2020 13:00 (CET/CEST)","1558","","1562"
"Switzerland (CH)","14.10.2020 13:00 - 14.10.2020 14:00 (CET/CEST)","1103","","1178"
"Switzerland (CH)","14.10.2020 14:00 - 14.10.2020 15:00 (CET/CEST)","958","","910"
"Switzerland (CH)","14.10.2020 15:00 - 14.10.2020 16:00 (CET/CEST)","674","","904"
"Switzerland (CH)","14.10.2020 16:00 - 14.10.2020 17:00 (CET/CEST)","625","","1009"
"Switzerland (CH)","14.10.2020 17:00 - 14.10.2020 18:00 (CET/CEST)","962","","1189"
"Switzerland (CH)","14.10.2020 18:00 - 14.10.2020 19:00 (CET/CEST)","1833","","1824"
"Switzerland (CH)","14.10.2020 19:00 - 14.10.2020 20:00 (CET/CEST)","2280","","2211"
"Switzerland (CH)","14.10.2020 20:00 - 14.10.2020 21:00 (CET/CEST)","1842","","1613"
"Switzerland (CH)","14.10.2020 21:00 - 14.10.2020 22:00 (CET/CEST)","810","","1329"
"Switzerland (CH)","14.10.2020 22:00 - 14.10.2020 23:00 (CET/CEST)","357","","870"
"Switzerland (CH)","14.10.2020 23:00 - 15.10.2020 00:00 (CET/CEST)","312","","804"
"Switzerland (CH)","15.10.2020 00:00 - 15.10.2020 01:00 (CET/CEST)","162","","637"
"Switzerland (CH)","15.10.2020 01:00 - 15.10.2020 02:00 (CET/CEST)","118","","502"
"Switzerland (CH)","15.10.2020 02:00 - 15.10.2020 03:00 (CET/CEST)","112","","468"
"Switzerland (CH)","15.10.2020 03:00 - 15.10.2020 04:00 (CET/CEST)","119","","470"
"Switzerland (CH)","15.10.2020 04:00 - 15.10.2020 05:00 (CET/CEST)","121","","501"
"Switzerland (CH)","15.10.2020 05:00 - 15.10.2020 06:00 (CET/CEST)","138","","621"
"Switzerland (CH)","15.10.2020 06:00 - 15.10.2020 07:00 (CET/CEST)","505","","1274"
"Switzerland (CH)","15.10.2020 07:00 - 15.10.2020 08:00 (CET/CEST)","1853","","2124"
"Switzerland (CH)","15.10.2020 08:00 - 15.10.2020 09:00 (CET/CEST)","2215","","2982"
"Switzerland (CH)","15.10.2020 09:00 - 15.10.2020 10:00 (CET/CEST)","2424","","2918"
"Switzerland (CH)","15.10.2020 10:00 - 15.10.2020 11:00 (CET/CEST)","2356","","2833"
"Switzerland (CH)","15.10.2020 11:00 - 15.10.2020 12:00 (CET/CEST)","1951","","2663"
"Switzerland (CH)","15.10.2020 12:00 - 15.10.2020 13:00 (CET/CEST)","1910","","2552"
"Switzerland (CH)","15.10.2020 13:00 - 15.10.2020 14:00 (CET/CEST)","1811","","1917"
"Switzerland (CH)","15.10.2020 14:00 - 15.10.2020 15:00 (CET/CEST)","1760","","1671"
"Switzerland (CH)","15.10.2020 15:00 - 15.10.2020 16:00 (CET/CEST)","1312","","1479"
"Switzerland (CH)","15.10.2020 16:00 - 15.10.2020 17:00 (CET/CEST)","1782","","1509"
"Switzerland (CH)","15.10.2020 17:00 - 15.10.2020 18:00 (CET/CEST)","2242","","2151"
"Switzerland (CH)","15.10.2020 18:00 - 15.10.2020 19:00 (CET/CEST)","2792","","3349"
"Switzerland (CH)","15.10.2020 19:00 - 15.10.2020 20:00 (CET/CEST)","2997","","3353"
"Switzerland (CH)","15.10.2020 20:00 - 15.10.2020 21:00 (CET/CEST)","1643","","2545"
"Switzerland (CH)","15.10.2020 21:00 - 15.10.2020 22:00 (CET/CEST)","1038","","1468"
"Switzerland (CH)","15.10.2020 22:00 - 15.10.2020 23:00 (CET/CEST)","391","","1141"
"Switzerland (CH)","15.10.2020 23:00 - 16.10.2020 00:00 (CET/CEST)","279","","838"
"Switzerland (CH)","16.10.2020 00:00 - 16.10.2020 01:00 (CET/CEST)","159","","583"
"Switzerland (CH)","16.10.2020 01:00 - 16.10.2020 02:00 (CET/CEST)","105","","429"
"Switzerland (CH)","16.10.2020 02:00 - 16.10.2020 03:00 (CET/CEST)","108","","413"
"Switzerland (CH)","16.10.2020 03:00 - 16.10.2020 04:00 (CET/CEST)","109","","398"
"Switzerland (CH)","16.10.2020 04:00 - 16.10.2020 05:00 (CET/CEST)","115","","423"
"Switzerland (CH)","16.10.2020 05:00 - 16.10.2020 06:00 (CET/CEST)","150","","783"
"Switzerland (CH)","16.10.2020 06:00 - 16.10.2020 07:00 (CET/CEST)","601","","1799"
"Switzerland (CH)","16.10.2020 07:00 - 16.10.2020 08:00 (CET/CEST)","2485","","3346"
"Switzerland (CH)","16.10.2020 08:00 - 16.10.2020 09:00 (CET/CEST)","2919","","3500"
"Switzerland (CH)","16.10.2020 09:00 - 16.10.2020 10:00 (CET/CEST)","2895","","3433"
"Switzerland (CH)","16.10.2020 10:00 - 16.10.2020 11:00 (CET/CEST)","2686","","3502"
"Switzerland (CH)","16.10.2020 11:00 - 16.10.2020 12:00 (CET/CEST)","2628","","3388"
"Switzerland (CH)","16.10.2020 12:00 - 16.10.2020 13:00 (CET/CEST)","1661","","2362"
"Switzerland (CH)","16.10.2020 13:00 - 16.10.2020 14:00 (CET/CEST)","1036","","1512"
"Switzerland (CH)","16.10.2020 14:00 - 16.10.2020 15:00 (CET/CEST)","591","","1424"
"Switzerland (CH)","16.10.2020 15:00 - 16.10.2020 16:00 (CET/CEST)","797","","1462"
"Switzerland (CH)","16.10.2020 16:00 - 16.10.2020 17:00 (CET/CEST)","1174","","1739"
"Switzerland (CH)","16.10.2020 17:00 - 16.10.2020 18:00 (CET/CEST)","2161","","2474"
"Switzerland (CH)","16.10.2020 18:00 - 16.10.2020 19:00 (CET/CEST)","2888","","3448"
"Switzerland (CH)","16.10.2020 19:00 - 16.10.2020 20:00 (CET/CEST)","2962","","3603"
"Switzerland (CH)","16.10.2020 20:00 - 16.10.2020 21:00 (CET/CEST)","2420","","3252"
"Switzerland (CH)","16.10.2020 21:00 - 16.10.2020 22:00 (CET/CEST)","1604","","1891"
"Switzerland (CH)","16.10.2020 22:00 - 16.10.2020 23:00 (CET/CEST)","730","","1446"
"Switzerland (CH)","16.10.2020 23:00 - 17.10.2020 00:00 (CET/CEST)","564","","1051"
"Switzerland (CH)","17.10.2020 00:00 - 17.10.2020 01:00 (CET/CEST)","357","","610"
"Switzerland (CH)","17.10.2020 01:00 - 17.10.2020 02:00 (CET/CEST)","247","","615"
"Switzerland (CH)","17.10.2020 02:00 - 17.10.2020 03:00 (CET/CEST)","165","","399"
"Switzerland (CH)","17.10.2020 03:00 - 17.10.2020 04:00 (CET/CEST)","105","","304"
"Switzerland (CH)","17.10.2020 04:00 - 17.10.2020 05:00 (CET/CEST)","117","","324"
"Switzerland (CH)","17.10.2020 05:00 - 17.10.2020 06:00 (CET/CEST)","117","","377"
"Switzerland (CH)","17.10.2020 06:00 - 17.10.2020 07:00 (CET/CEST)","133","","413"
"Switzerland (CH)","17.10.2020 07:00 - 17.10.2020 08:00 (CET/CEST)","728","","712"
"Switzerland (CH)","17.10.2020 08:00 - 17.10.2020 09:00 (CET/CEST)","911","","843"
"Switzerland (CH)","17.10.2020 09:00 - 17.10.2020 10:00 (CET/CEST)","797","","1443"
"Switzerland (CH)","17.10.2020 10:00 - 17.10.2020 11:00 (CET/CEST)","412","","912"
"Switzerland (CH)","17.10.2020 11:00 - 17.10.2020 12:00 (CET/CEST)","276","","742"
"Switzerland (CH)","17.10.2020 12:00 - 17.10.2020 13:00 (CET/CEST)","256","","779"
"Switzerland (CH)","17.10.2020 13:00 - 17.10.2020 14:00 (CET/CEST)","138","","684"
"Switzerland (CH)","17.10.2020 14:00 - 17.10.2020 15:00 (CET/CEST)","184","","577"
"Switzerland (CH)","17.10.2020 15:00 - 17.10.2020 16:00 (CET/CEST)","166","","722"
"Switzerland (CH)","17.10.2020 16:00 - 17.10.2020 17:00 (CET/CEST)","307","","897"
"Switzerland (CH)","17.10.2020 17:00 - 17.10.2020 18:00 (CET/CEST)","1118","","1774"
"Switzerland (CH)","17.10.2020 18:00 - 17.10.2020 19:00 (CET/CEST)","2359","","2812"
"Switzerland (CH)","17.10.2020 19:00 - 17.10.2020 20:00 (CET/CEST)","2469","","2833"
"Switzerland (CH)","17.10.2020 20:00 - 17.10.2020 21:00 (CET/CEST)","1688","","1968"
"Switzerland (CH)","17.10.2020 21:00 - 17.10.2020 22:00 (CET/CEST)","988","","1315"
"Switzerland (CH)","17.10.2020 22:00 - 17.10.2020 23:00 (CET/CEST)","655","","1321"
"Switzerland (CH)","17.10.2020 23:00 - 18.10.2020 00:00 (CET/CEST)","257","","686"
"Switzerland (CH)","18.10.2020 00:00 - 18.10.2020 01:00 (CET/CEST)","122","","450"
"Switzerland (CH)","18.10.2020 01:00 - 18.10.2020 02:00 (CET/CEST)","76","","299"
"Switzerland (CH)","18.10.2020 02:00 - 18.10.2020 03:00 (CET/CEST)","91","","327"
"Switzerland (CH)","18.10.2020 03:00 - 18.10.2020 04:00 (CET/CEST)","75","","252"
"Switzerland (CH)","18.10.2020 04:00 - 18.10.2020 05:00 (CET/CEST)","73","","253"
"Switzerland (CH)","18.10.2020 05:00 - 18.10.2020 06:00 (CET/CEST)","87","","277"
"Switzerland (CH)","18.10.2020 06:00 - 18.10.2020 07:00 (CET/CEST)","103","","287"
"Switzerland (CH)","18.10.2020 07:00 - 18.10.2020 08:00 (CET/CEST)","123","","317"
"Switzerland (CH)","18.10.2020 08:00 - 18.10.2020 09:00 (CET/CEST)","96","","982"
"Switzerland (CH)","18.10.2020 09:00 - 18.10.2020 10:00 (CET/CEST)","123","","1178"
"Switzerland (CH)","18.10.2020 10:00 - 18.10.2020 11:00 (CET/CEST)","113","","921"
"Switzerland (CH)","18.10.2020 11:00 - 18.10.2020 12:00 (CET/CEST)","70","","433"
"Switzerland (CH)","18.10.2020 12:00 - 18.10.2020 13:00 (CET/CEST)","83","","329"
"Switzerland (CH)","18.10.2020 13:00 - 18.10.2020 14:00 (CET/CEST)","83","","226"
"Switzerland (CH)","18.10.2020 14:00 - 18.10.2020 15:00 (CET/CEST)","95","","590"
"Switzerland (CH)","18.10.2020 15:00 - 18.10.2020 16:00 (CET/CEST)","95","","224"
"Switzerland (CH)","18.10.2020 16:00 - 18.10.2020 17:00 (CET/CEST)","77","","275"
"Switzerland (CH)","18.10.2020 17:00 - 18.10.2020 18:00 (CET/CEST)","234","","812"
"Switzerland (CH)","18.10.2020 18:00 - 18.10.2020 19:00 (CET/CEST)","1387","","2305"
"Switzerland (CH)","18.10.2020 19:00 - 18.10.2020 20:00 (CET/CEST)","1361","","2477"
"Switzerland (CH)","18.10.2020 20:00 - 18.10.2020 21:00 (CET/CEST)","1148","","1205"
"Switzerland (CH)","18.10.2020 21:00 - 18.10.2020 22:00 (CET/CEST)","756","","772"
"Switzerland (CH)","18.10.2020 22:00 - 18.10.2020 23:00 (CET/CEST)","603","","703"
"Switzerland (CH)","18.10.2020 23:00 - 19.10.2020 00:00 (CET/CEST)","561","","557"
"Switzerland (CH)","19.10.2020 00:00 - 19.10.2020 01:00 (CET/CEST)","94","","402"
"Switzerland (CH)","19.10.2020 01:00 - 19.10.2020 02:00 (CET/CEST)","93","","267"
"Switzerland (CH)","19.10.2020 02:00 - 19.10.2020 03:00 (CET/CEST)","79","","277"
"Switzerland (CH)","19.10.2020 03:00 - 19.10.2020 04:00 (CET/CEST)","71","","275"
"Switzerland (CH)","19.10.2020 04:00 - 19.10.2020 05:00 (CET/CEST)","64","","270"
"Switzerland (CH)","19.10.2020 05:00 - 19.10.2020 06:00 (CET/CEST)","95","","347"
"Switzerland (CH)","19.10.2020 06:00 - 19.10.2020 07:00 (CET/CEST)","713","","1874"
"Switzerland (CH)","19.10.2020 07:00 - 19.10.2020 08:00 (CET/CEST)","2366","","3079"
"Switzerland (CH)","19.10.2020 08:00 - 19.10.2020 09:00 (CET/CEST)","2401","","3089"
"Switzerland (CH)","19.10.2020 09:00 - 19.10.2020 10:00 (CET/CEST)","2397","","2982"
"Switzerland (CH)","19.10.2020 10:00 - 19.10.2020 11:00 (CET/CEST)","2116","","2713"
"Switzerland (CH)","19.10.2020 11:00 - 19.10.2020 12:00 (CET/CEST)","2094","","2137"
"Switzerland (CH)","19.10.2020 12:00 - 19.10.2020 13:00 (CET/CEST)","1577","","1575"
"Switzerland (CH)","19.10.2020 13:00 - 19.10.2020 14:00 (CET/CEST)","1240","","1214"
"Switzerland (CH)","19.10.2020 14:00 - 19.10.2020 15:00 (CET/CEST)","875","","781"
"Switzerland (CH)","19.10.2020 15:00 - 19.10.2020 16:00 (CET/CEST)","1269","","1778"
"Switzerland (CH)","19.10.2020 16:00 - 19.10.2020 17:00 (CET/CEST)","1389","","1681"
"Switzerland (CH)","19.10.2020 17:00 - 19.10.2020 18:00 (CET/CEST)","2220","","2667"
"Switzerland (CH)","19.10.2020 18:00 - 19.10.2020 19:00 (CET/CEST)","2369","","3131"
"Switzerland (CH)","19.10.2020 19:00 - 19.10.2020 20:00 (CET/CEST)","2277","","2810"
"Switzerland (CH)","19.10.2020 20:00 - 19.10.2020 21:00 (CET/CEST)","1443","","1378"
"Switzerland (CH)","19.10.2020 21:00 - 19.10.2020 22:00 (CET/CEST)","474","","1102"
"Switzerland (CH)","19.10.2020 22:00 - 19.10.2020 23:00 (CET/CEST)","199","","760"
"Switzerland (CH)","19.10.2020 23:00 - 20.10.2020 00:00 (CET/CEST)","53","","393"
"Switzerland (CH)","20.10.2020 00:00 - 20.10.2020 01:00 (CET/CEST)","9","","293"
"Switzerland (CH)","20.10.2020 01:00 - 20.10.2020 02:00 (CET/CEST)","0","","289"
"Switzerland (CH)","20.10.2020 02:00 - 20.10.2020 03:00 (CET/CEST)","0","","286"
"Switzerland (CH)","20.10.2020 03:00 - 20.10.2020 04:00 (CET/CEST)","0","","297"
"Switzerland (CH)","20.10.2020 04:00 - 20.10.2020 05:00 (CET/CEST)","0","","266"
"Switzerland (CH)","20.10.2020 05:00 - 20.10.2020 06:00 (CET/CEST)","77","","309"
"Switzerland (CH)","20.10.2020 06:00 - 20.10.2020 07:00 (CET/CEST)","173","","545"
"Switzerland (CH)","20.10.2020 07:00 - 20.10.2020 08:00 (CET/CEST)","875","","1562"
"Switzerland (CH)","20.10.2020 08:00 - 20.10.2020 09:00 (CET/CEST)","1499","","1617"
"Switzerland (CH)","20.10.2020 09:00 - 20.10.2020 10:00 (CET/CEST)","1137","","1428"
"Switzerland (CH)","20.10.2020 10:00 - 20.10.2020 11:00 (CET/CEST)","686","","1026"
"Switzerland (CH)","20.10.2020 11:00 - 20.10.2020 12:00 (CET/CEST)","1055","","1456"
"Switzerland (CH)","20.10.2020 12:00 - 20.10.2020 13:00 (CET/CEST)","1432","","1247"
"Switzerland (CH)","20.10.2020 13:00 - 20.10.2020 14:00 (CET/CEST)","1187","","1011"
"Switzerland (CH)","20.10.2020 14:00 - 20.10.2020 15:00 (CET/CEST)","576","","628"
"Switzerland (CH)","20.10.2020 15:00 - 20.10.2020 16:00 (CET/CEST)","525","","1037"
"Switzerland (CH)","20.10.2020 16:00 - 20.10.2020 17:00 (CET/CEST)","831","","1184"
"Switzerland (CH)","20.10.2020 17:00 - 20.10.2020 18:00 (CET/CEST)","1043","","1671"
"Switzerland (CH)","20.10.2020 18:00 - 20.10.2020 19:00 (CET/CEST)","1357","","1521"
"Switzerland (CH)","20.10.2020 19:00 - 20.10.2020 20:00 (CET/CEST)","1549","","1743"
"Switzerland (CH)","20.10.2020 20:00 - 20.10.2020 21:00 (CET/CEST)","739","","703"
"Switzerland (CH)","20.10.2020 21:00 - 20.10.2020 22:00 (CET/CEST)","476","","469"
"Switzerland (CH)","20.10.2020 22:00 - 20.10.2020 23:00 (CET/CEST)","394","","664"
"Switzerland (CH)","20.10.2020 23:00 - 21.10.2020 00:00 (CET/CEST)","241","","397"
"Switzerland (CH)","21.10.2020 00:00 - 21.10.2020 01:00 (CET/CEST)","65","","754"
"Switzerland (CH)","21.10.2020 01:00 - 21.10.2020 02:00 (CET/CEST)","28","","264"
"Switzerland (CH)","21.10.2020 02:00 - 21.10.2020 03:00 (CET/CEST)","41","","257"
"Switzerland (CH)","21.10.2020 03:00 - 21.10.2020 04:00 (CET/CEST)","42","","249"
"Switzerland (CH)","21.10.2020 04:00 - 21.10.2020 05:00 (CET/CEST)","70","","260"
"Switzerland (CH)","21.10.2020 05:00 - 21.10.2020 06:00 (CET/CEST)","113","","404"
"Switzerland (CH)","21.10.2020 06:00 - 21.10.2020 07:00 (CET/CEST)","815","","879"
"Switzerland (CH)","21.10.2020 07:00 - 21.10.2020 08:00 (CET/CEST)","1724","","1971"
"Switzerland (CH)","21.10.2020 08:00 - 21.10.2020 09:00 (CET/CEST)","2158","","2495"
"Switzerland (CH)","21.10.2020 09:00 - 21.10.2020 10:00 (CET/CEST)","1749","","1852"
"Switzerland (CH)","21.10.2020 10:00 - 21.10.2020 11:00 (CET/CEST)","1103","","1191"
"Switzerland (CH)","21.10.2020 11:00 - 21.10.2020 12:00 (CET/CEST)","1412","","1434"
"Switzerland (CH)","21.10.2020 12:00 - 21.10.2020 13:00 (CET/CEST)","1048","","1275"
"Switzerland (CH)","21.10.2020 13:00 - 21.10.2020 14:00 (CET/CEST)","629","","691"
"Switzerland (CH)","21.10.2020 14:00 - 21.10.2020 15:00 (CET/CEST)","404","","607"
"Switzerland (CH)","21.10.2020 15:00 - 21.10.2020 16:00 (CET/CEST)","584","","737"
"Switzerland (CH)","21.10.2020 16:00 - 21.10.2020 17:00 (CET/CEST)","457","","702"
"Switzerland (CH)","21.10.2020 17:00 - 21.10.2020 18:00 (CET/CEST)","492","","678"
"Switzerland (CH)","21.10.2020 18:00 - 21.10.2020 19:00 (CET/CEST)","544","","887"
"Switzerland (CH)","21.10.2020 19:00 - 21.10.2020 20:00 (CET/CEST)","1161","","1434"
"Switzerland (CH)","21.10.2020 20:00 - 21.10.2020 21:00 (CET/CEST)","837","","1127"
"Switzerland (CH)","21.10.2020 21:00 - 21.10.2020 22:00 (CET/CEST)","381","","556"
"Switzerland (CH)","21.10.2020 22:00 - 21.10.2020 23:00 (CET/CEST)","428","","516"
"Switzerland (CH)","21.10.2020 23:00 - 22.10.2020 00:00 (CET/CEST)","271","","495"
"Switzerland (CH)","22.10.2020 00:00 - 22.10.2020 01:00 (CET/CEST)","63","","276"
"Switzerland (CH)","22.10.2020 01:00 - 22.10.2020 02:00 (CET/CEST)","56","","264"
"Switzerland (CH)","22.10.2020 02:00 - 22.10.2020 03:00 (CET/CEST)","25","","309"
"Switzerland (CH)","22.10.2020 03:00 - 22.10.2020 04:00 (CET/CEST)","23","","368"
"Switzerland (CH)","22.10.2020 04:00 - 22.10.2020 05:00 (CET/CEST)","39","","370"
"Switzerland (CH)","22.10.2020 05:00 - 22.10.2020 06:00 (CET/CEST)","130","","458"
"Switzerland (CH)","22.10.2020 06:00 - 22.10.2020 07:00 (CET/CEST)","298","","880"
"Switzerland (CH)","22.10.2020 07:00 - 22.10.2020 08:00 (CET/CEST)","1203","","1365"
"Switzerland (CH)","22.10.2020 08:00 - 22.10.2020 09:00 (CET/CEST)","1352","","1300"
"Switzerland (CH)","22.10.2020 09:00 - 22.10.2020 10:00 (CET/CEST)","1387","","1745"
"Switzerland (CH)","22.10.2020 10:00 - 22.10.2020 11:00 (CET/CEST)","1342","","1540"
"Switzerland (CH)","22.10.2020 11:00 - 22.10.2020 12:00 (CET/CEST)","1190","","1058"
"Switzerland (CH)","22.10.2020 12:00 - 22.10.2020 13:00 (CET/CEST)","709","","758"
"Switzerland (CH)","22.10.2020 13:00 - 22.10.2020 14:00 (CET/CEST)","461","","655"
"Switzerland (CH)","22.10.2020 14:00 - 22.10.2020 15:00 (CET/CEST)","314","","658"
"Switzerland (CH)","22.10.2020 15:00 - 22.10.2020 16:00 (CET/CEST)","407","","754"
"Switzerland (CH)","22.10.2020 16:00 - 22.10.2020 17:00 (CET/CEST)","569","","843"
"Switzerland (CH)","22.10.2020 17:00 - 22.10.2020 18:00 (CET/CEST)","714","","1150"
"Switzerland (CH)","22.10.2020 18:00 - 22.10.2020 19:00 (CET/CEST)","1442","","2082"
"Switzerland (CH)","22.10.2020 19:00 - 22.10.2020 20:00 (CET/CEST)","2164","","2462"
"Switzerland (CH)","22.10.2020 20:00 - 22.10.2020 21:00 (CET/CEST)","1752","","1890"
"Switzerland (CH)","22.10.2020 21:00 - 22.10.2020 22:00 (CET/CEST)","839","","1009"
"Switzerland (CH)","22.10.2020 22:00 - 22.10.2020 23:00 (CET/CEST)","548","","690"
"Switzerland (CH)","22.10.2020 23:00 - 23.10.2020 00:00 (CET/CEST)","293","","571"
"Switzerland (CH)","23.10.2020 00:00 - 23.10.2020 01:00 (CET/CEST)","157","","491"
"Switzerland (CH)","23.10.2020 01:00 - 23.10.2020 02:00 (CET/CEST)","52","","314"
"Switzerland (CH)","23.10.2020 02:00 - 23.10.2020 03:00 (CET/CEST)","58","","311"
"Switzerland (CH)","23.10.2020 03:00 - 23.10.2020 04:00 (CET/CEST)","35","","268"
"Switzerland (CH)","23.10.2020 04:00 - 23.10.2020 05:00 (CET/CEST)","30","","292"
"Switzerland (CH)","23.10.2020 05:00 - 23.10.2020 06:00 (CET/CEST)","50","","347"
"Switzerland (CH)","23.10.2020 06:00 - 23.10.2020 07:00 (CET/CEST)","359","","760"
"Switzerland (CH)","23.10.2020 07:00 - 23.10.2020 08:00 (CET/CEST)","1735","","1775"
"Switzerland (CH)","23.10.2020 08:00 - 23.10.2020 09:00 (CET/CEST)","2058","","2265"
"Switzerland (CH)","23.10.2020 09:00 - 23.10.2020 10:00 (CET/CEST)","2042","","2556"
"Switzerland (CH)","23.10.2020 10:00 - 23.10.2020 11:00 (CET/CEST)","1741","","2071"
"Switzerland (CH)","23.10.2020 11:00 - 23.10.2020 12:00 (CET/CEST)","1674","","2322"
"Switzerland (CH)","23.10.2020 12:00 - 23.10.2020 13:00 (CET/CEST)","1361","","1839"
"Switzerland (CH)","23.10.2020 13:00 - 23.10.2020 14:00 (CET/CEST)","918","","1328"
"Switzerland (CH)","23.10.2020 14:00 - 23.10.2020 15:00 (CET/CEST)","498","","925"
"Switzerland (CH)","23.10.2020 15:00 - 23.10.2020 16:00 (CET/CEST)","258","","975"
"Switzerland (CH)","23.10.2020 16:00 - 23.10.2020 17:00 (CET/CEST)","372","","1006"
"Switzerland (CH)","23.10.2020 17:00 - 23.10.2020 18:00 (CET/CEST)","771","","1483"
"Switzerland (CH)","23.10.2020 18:00 - 23.10.2020 19:00 (CET/CEST)","1490","","1808"
"Switzerland (CH)","23.10.2020 19:00 - 23.10.2020 20:00 (CET/CEST)","1738","","1959"
"Switzerland (CH)","23.10.2020 20:00 - 23.10.2020 21:00 (CET/CEST)","1030","","1592"
"Switzerland (CH)","23.10.2020 21:00 - 23.10.2020 22:00 (CET/CEST)","280","","880"
"Switzerland (CH)","23.10.2020 22:00 - 23.10.2020 23:00 (CET/CEST)","164","","841"
"Switzerland (CH)","23.10.2020 23:00 - 24.10.2020 00:00 (CET/CEST)","62","","824"
"Switzerland (CH)","24.10.2020 00:00 - 24.10.2020 01:00 (CET/CEST)","63","","649"
"Switzerland (CH)","24.10.2020 01:00 - 24.10.2020 02:00 (CET/CEST)","32","","439"
"Switzerland (CH)","24.10.2020 02:00 - 24.10.2020 03:00 (CET/CEST)","28","","436"
"Switzerland (CH)","24.10.2020 03:00 - 24.10.2020 04:00 (CET/CEST)","5","","403"
"Switzerland (CH)","24.10.2020 04:00 - 24.10.2020 05:00 (CET/CEST)","17","","503"
"Switzerland (CH)","24.10.2020 05:00 - 24.10.2020 06:00 (CET/CEST)","17","","449"
"Switzerland (CH)","24.10.2020 06:00 - 24.10.2020 07:00 (CET/CEST)","10","","416"
"Switzerland (CH)","24.10.2020 07:00 - 24.10.2020 08:00 (CET/CEST)","38","","639"
"Switzerland (CH)","24.10.2020 08:00 - 24.10.2020 09:00 (CET/CEST)","245","","716"
"Switzerland (CH)","24.10.2020 09:00 - 24.10.2020 10:00 (CET/CEST)","380","","783"
"Switzerland (CH)","24.10.2020 10:00 - 24.10.2020 11:00 (CET/CEST)","466","","788"
"Switzerland (CH)","24.10.2020 11:00 - 24.10.2020 12:00 (CET/CEST)","370","","761"
"Switzerland (CH)","24.10.2020 12:00 - 24.10.2020 13:00 (CET/CEST)","190","","722"
"Switzerland (CH)","24.10.2020 13:00 - 24.10.2020 14:00 (CET/CEST)","137","","646"
"Switzerland (CH)","24.10.2020 14:00 - 24.10.2020 15:00 (CET/CEST)","81","","459"
"Switzerland (CH)","24.10.2020 15:00 - 24.10.2020 16:00 (CET/CEST)","74","","438"
"Switzerland (CH)","24.10.2020 16:00 - 24.10.2020 17:00 (CET/CEST)","163","","665"
"Switzerland (CH)","24.10.2020 17:00 - 24.10.2020 18:00 (CET/CEST)","319","","818"
"Switzerland (CH)","24.10.2020 18:00 - 24.10.2020 19:00 (CET/CEST)","698","","1208"
"Switzerland (CH)","24.10.2020 19:00 - 24.10.2020 20:00 (CET/CEST)","653","","1045"
"Switzerland (CH)","24.10.2020 20:00 - 24.10.2020 21:00 (CET/CEST)","500","","1015"
"Switzerland (CH)","24.10.2020 21:00 - 24.10.2020 22:00 (CET/CEST)","446","","755"
"Switzerland (CH)","24.10.2020 22:00 - 24.10.2020 23:00 (CET/CEST)","435","","682"
"Switzerland (CH)","24.10.2020 23:00 - 25.10.2020 00:00 (CET/CEST)","159","","573"
"Switzerland (CH)","25.10.2020 00:00 - 25.10.2020 01:00 (CET/CEST)","39","","351"
"Switzerland (CH)","25.10.2020 01:00 - 25.10.2020 02:00 (CET/CEST)","4","","406"
"Switzerland (CH)","25.10.2020 02:00 - 25.10.2020 03:00 (CET/CEST)","1","","197"
"Switzerland (CH)","25.10.2020 02:00 - 25.10.2020 03:00 (CET/CEST)","1","","290"
"Switzerland (CH)","25.10.2020 03:00 - 25.10.2020 04:00 (CET/CEST)","1","","365"
"Switzerland (CH)","25.10.2020 04:00 - 25.10.2020 05:00 (CET/CEST)","1","","385"
"Switzerland (CH)","25.10.2020 05:00 - 25.10.2020 06:00 (CET/CEST)","26","","292"
"Switzerland (CH)","25.10.2020 06:00 - 25.10.2020 07:00 (CET/CEST)","41","","367"
"Switzerland (CH)","25.10.2020 07:00 - 25.10.2020 08:00 (CET/CEST)","43","","423"
"Switzerland (CH)","25.10.2020 08:00 - 25.10.2020 09:00 (CET/CEST)","18","","422"
"Switzerland (CH)","25.10.2020 09:00 - 25.10.2020 10:00 (CET/CEST)","19","","442"
"Switzerland (CH)","25.10.2020 10:00 - 25.10.2020 11:00 (CET/CEST)","41","","409"
"Switzerland (CH)","25.10.2020 11:00 - 25.10.2020 12:00 (CET/CEST)","127","","649"
"Switzerland (CH)","25.10.2020 12:00 - 25.10.2020 13:00 (CET/CEST)","142","","473"
"Switzerland (CH)","25.10.2020 13:00 - 25.10.2020 14:00 (CET/CEST)","35","","472"
"Switzerland (CH)","25.10.2020 14:00 - 25.10.2020 15:00 (CET/CEST)","51","","416"
"Switzerland (CH)","25.10.2020 15:00 - 25.10.2020 16:00 (CET/CEST)","48","","441"
"Switzerland (CH)","25.10.2020 16:00 - 25.10.2020 17:00 (CET/CEST)","592","","879"
"Switzerland (CH)","25.10.2020 17:00 - 25.10.2020 18:00 (CET/CEST)","1394","","1900"
"Switzerland (CH)","25.10.2020 18:00 - 25.10.2020 19:00 (CET/CEST)","1170","","1063"
"Switzerland (CH)","25.10.2020 19:00 - 25.10.2020 20:00 (CET/CEST)","650","","628"
"Switzerland (CH)","25.10.2020 20:00 - 25.10.2020 21:00 (CET/CEST)","431","","449"
"Switzerland (CH)","25.10.2020 21:00 - 25.10.2020 22:00 (CET/CEST)","418","","1021"
"Switzerland (CH)","25.10.2020 22:00 - 25.10.2020 23:00 (CET/CEST)","188","","685"
"Switzerland (CH)","25.10.2020 23:00 - 26.10.2020 00:00 (CET/CEST)","24","","355"
"Switzerland (CH)","26.10.2020 00:00 - 26.10.2020 01:00 (CET/CEST)","10","","445"
"Switzerland (CH)","26.10.2020 01:00 - 26.10.2020 02:00 (CET/CEST)","14","","451"
"Switzerland (CH)","26.10.2020 02:00 - 26.10.2020 03:00 (CET/CEST)","32","","503"
"Switzerland (CH)","26.10.2020 03:00 - 26.10.2020 04:00 (CET/CEST)","29","","437"
"Switzerland (CH)","26.10.2020 04:00 - 26.10.2020 05:00 (CET/CEST)","33","","510"
"Switzerland (CH)","26.10.2020 05:00 - 26.10.2020 06:00 (CET/CEST)","260","","539"
"Switzerland (CH)","26.10.2020 06:00 - 26.10.2020 07:00 (CET/CEST)","646","","677"
"Switzerland (CH)","26.10.2020 07:00 - 26.10.2020 08:00 (CET/CEST)","758","","911"
"Switzerland (CH)","26.10.2020 08:00 - 26.10.2020 09:00 (CET/CEST)","1037","","1245"
"Switzerland (CH)","26.10.2020 09:00 - 26.10.2020 10:00 (CET/CEST)","1085","","1256"
"Switzerland (CH)","26.10.2020 10:00 - 26.10.2020 11:00 (CET/CEST)","1084","","1105"
"Switzerland (CH)","26.10.2020 11:00 - 26.10.2020 12:00 (CET/CEST)","1060","","1436"
"Switzerland (CH)","26.10.2020 12:00 - 26.10.2020 13:00 (CET/CEST)","1003","","951"
"Switzerland (CH)","26.10.2020 13:00 - 26.10.2020 14:00 (CET/CEST)","600","","940"
"Switzerland (CH)","26.10.2020 14:00 - 26.10.2020 15:00 (CET/CEST)","444","","1109"
"Switzerland (CH)","26.10.2020 15:00 - 26.10.2020 16:00 (CET/CEST)","522","","1167"
"Switzerland (CH)","26.10.2020 16:00 - 26.10.2020 17:00 (CET/CEST)","657","","1283"
"Switzerland (CH)","26.10.2020 17:00 - 26.10.2020 18:00 (CET/CEST)","1214","","1804"
"Switzerland (CH)","26.10.2020 18:00 - 26.10.2020 19:00 (CET/CEST)","1243","","2369"
"Switzerland (CH)","26.10.2020 19:00 - 26.10.2020 20:00 (CET/CEST)","1236","","1426"
"Switzerland (CH)","26.10.2020 20:00 - 26.10.2020 21:00 (CET/CEST)","1011","","1255"
"Switzerland (CH)","26.10.2020 21:00 - 26.10.2020 22:00 (CET/CEST)","368","","875"
"Switzerland (CH)","26.10.2020 22:00 - 26.10.2020 23:00 (CET/CEST)","246","","891"
"Switzerland (CH)","26.10.2020 23:00 - 27.10.2020 00:00 (CET/CEST)","232","","727"
"Switzerland (CH)","27.10.2020 00:00 - 27.10.2020 01:00 (CET/CEST)","156","","656"
"Switzerland (CH)","27.10.2020 01:00 - 27.10.2020 02:00 (CET/CEST)","76","","575"
"Switzerland (CH)","27.10.2020 02:00 - 27.10.2020 03:00 (CET/CEST)","64","","598"
"Switzerland (CH)","27.10.2020 03:00 - 27.10.2020 04:00 (CET/CEST)","57","","545"
"Switzerland (CH)","27.10.2020 04:00 - 27.10.2020 05:00 (CET/CEST)","70","","525"
"Switzerland (CH)","27.10.2020 05:00 - 27.10.2020 06:00 (CET/CEST)","304","","645"
"Switzerland (CH)","27.10.2020 06:00 - 27.10.2020 07:00 (CET/CEST)","773","","1121"
"Switzerland (CH)","27.10.2020 07:00 - 27.10.2020 08:00 (CET/CEST)","1439","","983"
"Switzerland (CH)","27.10.2020 08:00 - 27.10.2020 09:00 (CET/CEST)","1823","","1416"
"Switzerland (CH)","27.10.2020 09:00 - 27.10.2020 10:00 (CET/CEST)","1037","","885"
"Switzerland (CH)","27.10.2020 10:00 - 27.10.2020 11:00 (CET/CEST)","570","","788"
"Switzerland (CH)","27.10.2020 11:00 - 27.10.2020 12:00 (CET/CEST)","684","","803"
"Switzerland (CH)","27.10.2020 12:00 - 27.10.2020 13:00 (CET/CEST)","583","","636"
"Switzerland (CH)","27.10.2020 13:00 - 27.10.2020 14:00 (CET/CEST)","627","","638"
"Switzerland (CH)","27.10.2020 14:00 - 27.10.2020 15:00 (CET/CEST)","443","","614"
"Switzerland (CH)","27.10.2020 15:00 - 27.10.2020 16:00 (CET/CEST)","797","","892"
"Switzerland (CH)","27.10.2020 16:00 - 27.10.2020 17:00 (CET/CEST)","812","","921"
"Switzerland (CH)","27.10.2020 17:00 - 27.10.2020 18:00 (CET/CEST)","1080","","1268"
"Switzerland (CH)","27.10.2020 18:00 - 27.10.2020 19:00 (CET/CEST)","1488","","1673"
"Switzerland (CH)","27.10.2020 19:00 - 27.10.2020 20:00 (CET/CEST)","1427","","1717"
"Switzerland (CH)","27.10.2020 20:00 - 27.10.2020 21:00 (CET/CEST)","1026","","1101"
"Switzerland (CH)","27.10.2020 21:00 - 27.10.2020 22:00 (CET/CEST)","768","","739"
"Switzerland (CH)","27.10.2020 22:00 - 27.10.2020 23:00 (CET/CEST)","457","","804"
"Switzerland (CH)","27.10.2020 23:00 - 28.10.2020 00:00 (CET/CEST)","218","","616"
"Switzerland (CH)","28.10.2020 00:00 - 28.10.2020 01:00 (CET/CEST)","158","","520"
"Switzerland (CH)","28.10.2020 01:00 - 28.10.2020 02:00 (CET/CEST)","157","","599"
"Switzerland (CH)","28.10.2020 02:00 - 28.10.2020 03:00 (CET/CEST)","18","","449"
"Switzerland (CH)","28.10.2020 03:00 - 28.10.2020 04:00 (CET/CEST)","39","","435"
"Switzerland (CH)","28.10.2020 04:00 - 28.10.2020 05:00 (CET/CEST)","50","","468"
"Switzerland (CH)","28.10.2020 05:00 - 28.10.2020 06:00 (CET/CEST)","96","","539"
"Switzerland (CH)","28.10.2020 06:00 - 28.10.2020 07:00 (CET/CEST)","458","","1103"
"Switzerland (CH)","28.10.2020 07:00 - 28.10.2020 08:00 (CET/CEST)","1459","","1576"
"Switzerland (CH)","28.10.2020 08:00 - 28.10.2020 09:00 (CET/CEST)","1540","","1649"
"Switzerland (CH)","28.10.2020 09:00 - 28.10.2020 10:00 (CET/CEST)","1544","","1773"
"Switzerland (CH)","28.10.2020 10:00 - 28.10.2020 11:00 (CET/CEST)","1394","","1049"
"Switzerland (CH)","28.10.2020 11:00 - 28.10.2020 12:00 (CET/CEST)","1343","","1100"
"Switzerland (CH)","28.10.2020 12:00 - 28.10.2020 13:00 (CET/CEST)","959","","779"
"Switzerland (CH)","28.10.2020 13:00 - 28.10.2020 14:00 (CET/CEST)","492","","557"
"Switzerland (CH)","28.10.2020 14:00 - 28.10.2020 15:00 (CET/CEST)","603","","531"
"Switzerland (CH)","28.10.2020 15:00 - 28.10.2020 16:00 (CET/CEST)","1068","","739"
"Switzerland (CH)","28.10.2020 16:00 - 28.10.2020 17:00 (CET/CEST)","1167","","984"
"Switzerland (CH)","28.10.2020 17:00 - 28.10.2020 18:00 (CET/CEST)","1584","","1861"
"Switzerland (CH)","28.10.2020 18:00 - 28.10.2020 19:00 (CET/CEST)","1675","","1920"
"Switzerland (CH)","28.10.2020 19:00 - 28.10.2020 20:00 (CET/CEST)","1424","","1229"
"Switzerland (CH)","28.10.2020 20:00 - 28.10.2020 21:00 (CET/CEST)","274","","930"
"Switzerland (CH)","28.10.2020 21:00 - 28.10.2020 22:00 (CET/CEST)","169","","749"
"Switzerland (CH)","28.10.2020 22:00 - 28.10.2020 23:00 (CET/CEST)","137","","671"
"Switzerland (CH)","28.10.2020 23:00 - 29.10.2020 00:00 (CET/CEST)","74","","622"
"Switzerland (CH)","29.10.2020 00:00 - 29.10.2020 01:00 (CET/CEST)","70","","422"
"Switzerland (CH)","29.10.2020 01:00 - 29.10.2020 02:00 (CET/CEST)","10","","417"
"Switzerland (CH)","29.10.2020 02:00 - 29.10.2020 03:00 (CET/CEST)","8","","386"
"Switzerland (CH)","29.10.2020 03:00 - 29.10.2020 04:00 (CET/CEST)","18","","379"
"Switzerland (CH)","29.10.2020 04:00 - 29.10.2020 05:00 (CET/CEST)","32","","376"
"Switzerland (CH)","29.10.2020 05:00 - 29.10.2020 06:00 (CET/CEST)","59","","476"
"Switzerland (CH)","29.10.2020 06:00 - 29.10.2020 07:00 (CET/CEST)","143","","891"
"Switzerland (CH)","29.10.2020 07:00 - 29.10.2020 08:00 (CET/CEST)","1190","","1427"
"Switzerland (CH)","29.10.2020 08:00 - 29.10.2020 09:00 (CET/CEST)","1728","","1696"
"Switzerland (CH)","29.10.2020 09:00 - 29.10.2020 10:00 (CET/CEST)","1681","","1468"
"Switzerland (CH)","29.10.2020 10:00 - 29.10.2020 11:00 (CET/CEST)","1762","","1288"
"Switzerland (CH)","29.10.2020 11:00 - 29.10.2020 12:00 (CET/CEST)","1217","","1121"
"Switzerland (CH)","29.10.2020 12:00 - 29.10.2020 13:00 (CET/CEST)","773","","1114"
"Switzerland (CH)","29.10.2020 13:00 - 29.10.2020 14:00 (CET/CEST)","1008","","1111"
"Switzerland (CH)","29.10.2020 14:00 - 29.10.2020 15:00 (CET/CEST)","748","","1113"
"Switzerland (CH)","29.10.2020 15:00 - 29.10.2020 16:00 (CET/CEST)","947","","1127"
"Switzerland (CH)","29.10.2020 16:00 - 29.10.2020 17:00 (CET/CEST)","1595","","1238"
"Switzerland (CH)","29.10.2020 17:00 - 29.10.2020 18:00 (CET/CEST)","2085","","2147"
"Switzerland (CH)","29.10.2020 18:00 - 29.10.2020 19:00 (CET/CEST)","2114","","2161"
"Switzerland (CH)","29.10.2020 19:00 - 29.10.2020 20:00 (CET/CEST)","1722","","1740"
"Switzerland (CH)","29.10.2020 20:00 - 29.10.2020 21:00 (CET/CEST)","990","","1167"
"Switzerland (CH)","29.10.2020 21:00 - 29.10.2020 22:00 (CET/CEST)","229","","844"
"Switzerland (CH)","29.10.2020 22:00 - 29.10.2020 23:00 (CET/CEST)","183","","718"
"Switzerland (CH)","29.10.2020 23:00 - 30.10.2020 00:00 (CET/CEST)","136","","589"
"Switzerland (CH)","30.10.2020 00:00 - 30.10.2020 01:00 (CET/CEST)","44","","392"
"Switzerland (CH)","30.10.2020 01:00 - 30.10.2020 02:00 (CET/CEST)","36","","274"
"Switzerland (CH)","30.10.2020 02:00 - 30.10.2020 03:00 (CET/CEST)","7","","334"
"Switzerland (CH)","30.10.2020 03:00 - 30.10.2020 04:00 (CET/CEST)","7","","329"
"Switzerland (CH)","30.10.2020 04:00 - 30.10.2020 05:00 (CET/CEST)","7","","335"
"Switzerland (CH)","30.10.2020 05:00 - 30.10.2020 06:00 (CET/CEST)","26","","374"
"Switzerland (CH)","30.10.2020 06:00 - 30.10.2020 07:00 (CET/CEST)","236","","457"
"Switzerland (CH)","30.10.2020 07:00 - 30.10.2020 08:00 (CET/CEST)","817","","1050"
"Switzerland (CH)","30.10.2020 08:00 - 30.10.2020 09:00 (CET/CEST)","1186","","1090"
"Switzerland (CH)","30.10.2020 09:00 - 30.10.2020 10:00 (CET/CEST)","1175","","1066"
"Switzerland (CH)","30.10.2020 10:00 - 30.10.2020 11:00 (CET/CEST)","780","","854"
"Switzerland (CH)","30.10.2020 11:00 - 30.10.2020 12:00 (CET/CEST)","566","","745"
"Switzerland (CH)","30.10.2020 12:00 - 30.10.2020 13:00 (CET/CEST)","552","","888"
"Switzerland (CH)","30.10.2020 13:00 - 30.10.2020 14:00 (CET/CEST)","424","","756"
"Switzerland (CH)","30.10.2020 14:00 - 30.10.2020 15:00 (CET/CEST)","382","","718"
"Switzerland (CH)","30.10.2020 15:00 - 30.10.2020 16:00 (CET/CEST)","512","","775"
"Switzerland (CH)","30.10.2020 16:00 - 30.10.2020 17:00 (CET/CEST)","1376","","1203"
"Switzerland (CH)","30.10.2020 17:00 - 30.10.2020 18:00 (CET/CEST)","2067","","1726"
"Switzerland (CH)","30.10.2020 18:00 - 30.10.2020 19:00 (CET/CEST)","2331","","2160"
"Switzerland (CH)","30.10.2020 19:00 - 30.10.2020 20:00 (CET/CEST)","2186","","1826"
"Switzerland (CH)","30.10.2020 20:00 - 30.10.2020 21:00 (CET/CEST)","2037","","1231"
"Switzerland (CH)","30.10.2020 21:00 - 30.10.2020 22:00 (CET/CEST)","1009","","716"
"Switzerland (CH)","30.10.2020 22:00 - 30.10.2020 23:00 (CET/CEST)","722","","731"
"Switzerland (CH)","30.10.2020 23:00 - 31.10.2020 00:00 (CET/CEST)","576","","666"
"Switzerland (CH)","31.10.2020 00:00 - 31.10.2020 01:00 (CET/CEST)","195","","497"
"Switzerland (CH)","31.10.2020 01:00 - 31.10.2020 02:00 (CET/CEST)","90","","505"
"Switzerland (CH)","31.10.2020 02:00 - 31.10.2020 03:00 (CET/CEST)","30","","507"
"Switzerland (CH)","31.10.2020 03:00 - 31.10.2020 04:00 (CET/CEST)","32","","410"
"Switzerland (CH)","31.10.2020 04:00 - 31.10.2020 05:00 (CET/CEST)","32","","389"
"Switzerland (CH)","31.10.2020 05:00 - 31.10.2020 06:00 (CET/CEST)","118","","413"
"Switzerland (CH)","31.10.2020 06:00 - 31.10.2020 07:00 (CET/CEST)","139","","485"
"Switzerland (CH)","31.10.2020 07:00 - 31.10.2020 08:00 (CET/CEST)","131","","573"
"Switzerland (CH)","31.10.2020 08:00 - 31.10.2020 09:00 (CET/CEST)","219","","761"
"Switzerland (CH)","31.10.2020 09:00 - 31.10.2020 10:00 (CET/CEST)","247","","1049"
"Switzerland (CH)","31.10.2020 10:00 - 31.10.2020 11:00 (CET/CEST)","161","","757"
"Switzerland (CH)","31.10.2020 11:00 - 31.10.2020 12:00 (CET/CEST)","162","","477"
"Switzerland (CH)","31.10.2020 12:00 - 31.10.2020 13:00 (CET/CEST)","170","","421"
"Switzerland (CH)","31.10.2020 13:00 - 31.10.2020 14:00 (CET/CEST)","180","","387"
"Switzerland (CH)","31.10.2020 14:00 - 31.10.2020 15:00 (CET/CEST)","163","","413"
"Switzerland (CH)","31.10.2020 15:00 - 31.10.2020 16:00 (CET/CEST)","167","","488"
"Switzerland (CH)","31.10.2020 16:00 - 31.10.2020 17:00 (CET/CEST)","271","","564"
"Switzerland (CH)","31.10.2020 17:00 - 31.10.2020 18:00 (CET/CEST)","1531","","2049"
"Switzerland (CH)","31.10.2020 18:00 - 31.10.2020 19:00 (CET/CEST)","1816","","2355"
"Switzerland (CH)","31.10.2020 19:00 - 31.10.2020 20:00 (CET/CEST)","1662","","1604"
"Switzerland (CH)","31.10.2020 20:00 - 31.10.2020 21:00 (CET/CEST)","1335","","1015"
"Switzerland (CH)","31.10.2020 21:00 - 31.10.2020 22:00 (CET/CEST)","770","","449"
"Switzerland (CH)","31.10.2020 22:00 - 31.10.2020 23:00 (CET/CEST)","374","","524"
"Switzerland (CH)","31.10.2020 23:00 - 01.11.2020 00:00 (CET/CEST)","206","","525"
"Switzerland (CH)","01.11.2020 00:00 - 01.11.2020 01:00 (CET/CEST)","104","","466"
"Switzerland (CH)","01.11.2020 01:00 - 01.11.2020 02:00 (CET/CEST)","78","","368"
"Switzerland (CH)","01.11.2020 02:00 - 01.11.2020 03:00 (CET/CEST)","21","","379"
"Switzerland (CH)","01.11.2020 03:00 - 01.11.2020 04:00 (CET/CEST)","19","","347"
"Switzerland (CH)","01.11.2020 04:00 - 01.11.2020 05:00 (CET/CEST)","38","","331"
"Switzerland (CH)","01.11.2020 05:00 - 01.11.2020 06:00 (CET/CEST)","32","","408"
"Switzerland (CH)","01.11.2020 06:00 - 01.11.2020 07:00 (CET/CEST)","33","","362"
"Switzerland (CH)","01.11.2020 07:00 - 01.11.2020 08:00 (CET/CEST)","36","","335"
"Switzerland (CH)","01.11.2020 08:00 - 01.11.2020 09:00 (CET/CEST)","51","","395"
"Switzerland (CH)","01.11.2020 09:00 - 01.11.2020 10:00 (CET/CEST)","74","","418"
"Switzerland (CH)","01.11.2020 10:00 - 01.11.2020 11:00 (CET/CEST)","75","","423"
"Switzerland (CH)","01.11.2020 11:00 - 01.11.2020 12:00 (CET/CEST)","72","","399"
"Switzerland (CH)","01.11.2020 12:00 - 01.11.2020 13:00 (CET/CEST)","47","","358"
"Switzerland (CH)","01.11.2020 13:00 - 01.11.2020 14:00 (CET/CEST)","22","","326"
"Switzerland (CH)","01.11.2020 14:00 - 01.11.2020 15:00 (CET/CEST)","24","","461"
"Switzerland (CH)","01.11.2020 15:00 - 01.11.2020 16:00 (CET/CEST)","26","","446"
"Switzerland (CH)","01.11.2020 16:00 - 01.11.2020 17:00 (CET/CEST)","69","","371"
"Switzerland (CH)","01.11.2020 17:00 - 01.11.2020 18:00 (CET/CEST)","99","","617"
"Switzerland (CH)","01.11.2020 18:00 - 01.11.2020 19:00 (CET/CEST)","729","","1011"
"Switzerland (CH)","01.11.2020 19:00 - 01.11.2020 20:00 (CET/CEST)","769","","953"
"Switzerland (CH)","01.11.2020 20:00 - 01.11.2020 21:00 (CET/CEST)","427","","451"
"Switzerland (CH)","01.11.2020 21:00 - 01.11.2020 22:00 (CET/CEST)","102","","357"
"Switzerland (CH)","01.11.2020 22:00 - 01.11.2020 23:00 (CET/CEST)","46","","384"
"Switzerland (CH)","01.11.2020 23:00 - 02.11.2020 00:00 (CET/CEST)","40","","308"
"Switzerland (CH)","02.11.2020 00:00 - 02.11.2020 01:00 (CET/CEST)","42","","319"
"Switzerland (CH)","02.11.2020 01:00 - 02.11.2020 02:00 (CET/CEST)","30","","294"
"Switzerland (CH)","02.11.2020 02:00 - 02.11.2020 03:00 (CET/CEST)","6","","237"
"Switzerland (CH)","02.11.2020 03:00 - 02.11.2020 04:00 (CET/CEST)","6","","254"
"Switzerland (CH)","02.11.2020 04:00 - 02.11.2020 05:00 (CET/CEST)","6","","265"
"Switzerland (CH)","02.11.2020 05:00 - 02.11.2020 06:00 (CET/CEST)","24","","291"
"Switzerland (CH)","02.11.2020 06:00 - 02.11.2020 07:00 (CET/CEST)","125","","394"
"Switzerland (CH)","02.11.2020 07:00 - 02.11.2020 08:00 (CET/CEST)","227","","558"
"Switzerland (CH)","02.11.2020 08:00 - 02.11.2020 09:00 (CET/CEST)","940","","722"
"Switzerland (CH)","02.11.2020 09:00 - 02.11.2020 10:00 (CET/CEST)","869","","671"
"Switzerland (CH)","02.11.2020 10:00 - 02.11.2020 11:00 (CET/CEST)","997","","735"
"Switzerland (CH)","02.11.2020 11:00 - 02.11.2020 12:00 (CET/CEST)","1103","","1194"
"Switzerland (CH)","02.11.2020 12:00 - 02.11.2020 13:00 (CET/CEST)","678","","583"
"Switzerland (CH)","02.11.2020 13:00 - 02.11.2020 14:00 (CET/CEST)","649","","715"
"Switzerland (CH)","02.11.2020 14:00 - 02.11.2020 15:00 (CET/CEST)","282","","599"
"Switzerland (CH)","02.11.2020 15:00 - 02.11.2020 16:00 (CET/CEST)","421","","683"
"Switzerland (CH)","02.11.2020 16:00 - 02.11.2020 17:00 (CET/CEST)","1141","","1328"
"Switzerland (CH)","02.11.2020 17:00 - 02.11.2020 18:00 (CET/CEST)","2158","","2438"
"Switzerland (CH)","02.11.2020 18:00 - 02.11.2020 19:00 (CET/CEST)","1975","","2252"
"Switzerland (CH)","02.11.2020 19:00 - 02.11.2020 20:00 (CET/CEST)","1800","","2126"
"Switzerland (CH)","02.11.2020 20:00 - 02.11.2020 21:00 (CET/CEST)","1143","","1172"
"Switzerland (CH)","02.11.2020 21:00 - 02.11.2020 22:00 (CET/CEST)","366","","548"
"Switzerland (CH)","02.11.2020 22:00 - 02.11.2020 23:00 (CET/CEST)","239","","578"
"Switzerland (CH)","02.11.2020 23:00 - 03.11.2020 00:00 (CET/CEST)","218","","430"
"Switzerland (CH)","03.11.2020 00:00 - 03.11.2020 01:00 (CET/CEST)","70","","313"
"Switzerland (CH)","03.11.2020 01:00 - 03.11.2020 02:00 (CET/CEST)","33","","181"
"Switzerland (CH)","03.11.2020 02:00 - 03.11.2020 03:00 (CET/CEST)","17","","162"
"Switzerland (CH)","03.11.2020 03:00 - 03.11.2020 04:00 (CET/CEST)","7","","174"
"Switzerland (CH)","03.11.2020 04:00 - 03.11.2020 05:00 (CET/CEST)","13","","222"
"Switzerland (CH)","03.11.2020 05:00 - 03.11.2020 06:00 (CET/CEST)","77","","850"
"Switzerland (CH)","03.11.2020 06:00 - 03.11.2020 07:00 (CET/CEST)","369","","1028"
"Switzerland (CH)","03.11.2020 07:00 - 03.11.2020 08:00 (CET/CEST)","889","","1800"
"Switzerland (CH)","03.11.2020 08:00 - 03.11.2020 09:00 (CET/CEST)","736","","1400"
"Switzerland (CH)","03.11.2020 09:00 - 03.11.2020 10:00 (CET/CEST)","644","","1269"
"Switzerland (CH)","03.11.2020 10:00 - 03.11.2020 11:00 (CET/CEST)","251","","995"
"Switzerland (CH)","03.11.2020 11:00 - 03.11.2020 12:00 (CET/CEST)","511","","1129"
"Switzerland (CH)","03.11.2020 12:00 - 03.11.2020 13:00 (CET/CEST)","503","","958"
"Switzerland (CH)","03.11.2020 13:00 - 03.11.2020 14:00 (CET/CEST)","727","","1281"
"Switzerland (CH)","03.11.2020 14:00 - 03.11.2020 15:00 (CET/CEST)","834","","1078"
"Switzerland (CH)","03.11.2020 15:00 - 03.11.2020 16:00 (CET/CEST)","1239","","1428"
"Switzerland (CH)","03.11.2020 16:00 - 03.11.2020 17:00 (CET/CEST)","1245","","1357"
"Switzerland (CH)","03.11.2020 17:00 - 03.11.2020 18:00 (CET/CEST)","1601","","2397"
"Switzerland (CH)","03.11.2020 18:00 - 03.11.2020 19:00 (CET/CEST)","1669","","2755"
"Switzerland (CH)","03.11.2020 19:00 - 03.11.2020 20:00 (CET/CEST)","1323","","2075"
"Switzerland (CH)","03.11.2020 20:00 - 03.11.2020 21:00 (CET/CEST)","865","","992"
"Switzerland (CH)","03.11.2020 21:00 - 03.11.2020 22:00 (CET/CEST)","269","","548"
"Switzerland (CH)","03.11.2020 22:00 - 03.11.2020 23:00 (CET/CEST)","57","","527"
"Switzerland (CH)","03.11.2020 23:00 - 04.11.2020 00:00 (CET/CEST)","146","","346"
"Switzerland (CH)","04.11.2020 00:00 - 04.11.2020 01:00 (CET/CEST)","55","","452"
"Switzerland (CH)","04.11.2020 01:00 - 04.11.2020 02:00 (CET/CEST)","48","","372"
"Switzerland (CH)","04.11.2020 02:00 - 04.11.2020 03:00 (CET/CEST)","45","","372"
"Switzerland (CH)","04.11.2020 03:00 - 04.11.2020 04:00 (CET/CEST)","46","","411"
"Switzerland (CH)","04.11.2020 04:00 - 04.11.2020 05:00 (CET/CEST)","63","","480"
"Switzerland (CH)","04.11.2020 05:00 - 04.11.2020 06:00 (CET/CEST)","53","","847"
"Switzerland (CH)","04.11.2020 06:00 - 04.11.2020 07:00 (CET/CEST)","546","","1354"
"Switzerland (CH)","04.11.2020 07:00 - 04.11.2020 08:00 (CET/CEST)","1774","","2990"
"Switzerland (CH)","04.11.2020 08:00 - 04.11.2020 09:00 (CET/CEST)","1975","","3244"
"Switzerland (CH)","04.11.2020 09:00 - 04.11.2020 10:00 (CET/CEST)","1922","","2974"
"Switzerland (CH)","04.11.2020 10:00 - 04.11.2020 11:00 (CET/CEST)","1769","","2788"
"Switzerland (CH)","04.11.2020 11:00 - 04.11.2020 12:00 (CET/CEST)","1608","","2989"
"Switzerland (CH)","04.11.2020 12:00 - 04.11.2020 13:00 (CET/CEST)","763","","2012"
"Switzerland (CH)","04.11.2020 13:00 - 04.11.2020 14:00 (CET/CEST)","755","","1639"
"Switzerland (CH)","04.11.2020 14:00 - 04.11.2020 15:00 (CET/CEST)","842","","1686"
"Switzerland (CH)","04.11.2020 15:00 - 04.11.2020 16:00 (CET/CEST)","1076","","2468"
"Switzerland (CH)","04.11.2020 16:00 - 04.11.2020 17:00 (CET/CEST)","1892","","3018"
"Switzerland (CH)","04.11.2020 17:00 - 04.11.2020 18:00 (CET/CEST)","1994","","3439"
"Switzerland (CH)","04.11.2020 18:00 - 04.11.2020 19:00 (CET/CEST)","1987","","3372"
"Switzerland (CH)","04.11.2020 19:00 - 04.11.2020 20:00 (CET/CEST)","1696","","2751"
"Switzerland (CH)","04.11.2020 20:00 - 04.11.2020 21:00 (CET/CEST)","702","","1226"
"Switzerland (CH)","04.11.2020 21:00 - 04.11.2020 22:00 (CET/CEST)","206","","725"
"Switzerland (CH)","04.11.2020 22:00 - 04.11.2020 23:00 (CET/CEST)","72","","701"
"Switzerland (CH)","04.11.2020 23:00 - 05.11.2020 00:00 (CET/CEST)","181","","570"
"Switzerland (CH)","05.11.2020 00:00 - 05.11.2020 01:00 (CET/CEST)","64","","488"
"Switzerland (CH)","05.11.2020 01:00 - 05.11.2020 02:00 (CET/CEST)","9","","329"
"Switzerland (CH)","05.11.2020 02:00 - 05.11.2020 03:00 (CET/CEST)","10","","331"
"Switzerland (CH)","05.11.2020 03:00 - 05.11.2020 04:00 (CET/CEST)","23","","320"
"Switzerland (CH)","05.11.2020 04:00 - 05.11.2020 05:00 (CET/CEST)","45","","354"
"Switzerland (CH)","05.11.2020 05:00 - 05.11.2020 06:00 (CET/CEST)","104","","391"
"Switzerland (CH)","05.11.2020 06:00 - 05.11.2020 07:00 (CET/CEST)","381","","1219"
"Switzerland (CH)","05.11.2020 07:00 - 05.11.2020 08:00 (CET/CEST)","1146","","2402"
"Switzerland (CH)","05.11.2020 08:00 - 05.11.2020 09:00 (CET/CEST)","1580","","2682"
"Switzerland (CH)","05.11.2020 09:00 - 05.11.2020 10:00 (CET/CEST)","1223","","2512"
"Switzerland (CH)","05.11.2020 10:00 - 05.11.2020 11:00 (CET/CEST)","626","","1227"
"Switzerland (CH)","05.11.2020 11:00 - 05.11.2020 12:00 (CET/CEST)","566","","992"
"Switzerland (CH)","05.11.2020 12:00 - 05.11.2020 13:00 (CET/CEST)","514","","1011"
"Switzerland (CH)","05.11.2020 13:00 - 05.11.2020 14:00 (CET/CEST)","383","","965"
"Switzerland (CH)","05.11.2020 14:00 - 05.11.2020 15:00 (CET/CEST)","412","","945"
"Switzerland (CH)","05.11.2020 15:00 - 05.11.2020 16:00 (CET/CEST)","583","","1369"
"Switzerland (CH)","05.11.2020 16:00 - 05.11.2020 17:00 (CET/CEST)","1082","","1917"
"Switzerland (CH)","05.11.2020 17:00 - 05.11.2020 18:00 (CET/CEST)","1602","","2663"
"Switzerland (CH)","05.11.2020 18:00 - 05.11.2020 19:00 (CET/CEST)","1681","","2477"
"Switzerland (CH)","05.11.2020 19:00 - 05.11.2020 20:00 (CET/CEST)","1357","","1866"
"Switzerland (CH)","05.11.2020 20:00 - 05.11.2020 21:00 (CET/CEST)","619","","1195"
"Switzerland (CH)","05.11.2020 21:00 - 05.11.2020 22:00 (CET/CEST)","282","","764"
"Switzerland (CH)","05.11.2020 22:00 - 05.11.2020 23:00 (CET/CEST)","147","","655"
"Switzerland (CH)","05.11.2020 23:00 - 06.11.2020 00:00 (CET/CEST)","115","","475"
"Switzerland (CH)","06.11.2020 00:00 - 06.11.2020 01:00 (CET/CEST)","26","","442"
"Switzerland (CH)","06.11.2020 01:00 - 06.11.2020 02:00 (CET/CEST)","11","","384"
"Switzerland (CH)","06.11.2020 02:00 - 06.11.2020 03:00 (CET/CEST)","16","","373"
"Switzerland (CH)","06.11.2020 03:00 - 06.11.2020 04:00 (CET/CEST)","29","","357"
"Switzerland (CH)","06.11.2020 04:00 - 06.11.2020 05:00 (CET/CEST)","49","","409"
"Switzerland (CH)","06.11.2020 05:00 - 06.11.2020 06:00 (CET/CEST)","51","","525"
"Switzerland (CH)","06.11.2020 06:00 - 06.11.2020 07:00 (CET/CEST)","594","","1215"
"Switzerland (CH)","06.11.2020 07:00 - 06.11.2020 08:00 (CET/CEST)","1769","","3310"
"Switzerland (CH)","06.11.2020 08:00 - 06.11.2020 09:00 (CET/CEST)","1900","","3291"
"Switzerland (CH)","06.11.2020 09:00 - 06.11.2020 10:00 (CET/CEST)","1776","","3116"
"Switzerland (CH)","06.11.2020 10:00 - 06.11.2020 11:00 (CET/CEST)","1335","","2010"
"Switzerland (CH)","06.11.2020 11:00 - 06.11.2020 12:00 (CET/CEST)","683","","1217"
"Switzerland (CH)","06.11.2020 12:00 - 06.11.2020 13:00 (CET/CEST)","513","","1035"
"Switzerland (CH)","06.11.2020 13:00 - 06.11.2020 14:00 (CET/CEST)","320","","897"
"Switzerland (CH)","06.11.2020 14:00 - 06.11.2020 15:00 (CET/CEST)","336","","1066"
"Switzerland (CH)","06.11.2020 15:00 - 06.11.2020 16:00 (CET/CEST)","1026","","2024"
"Switzerland (CH)","06.11.2020 16:00 - 06.11.2020 17:00 (CET/CEST)","1715","","2483"
"Switzerland (CH)","06.11.2020 17:00 - 06.11.2020 18:00 (CET/CEST)","2050","","3523"
"Switzerland (CH)","06.11.2020 18:00 - 06.11.2020 19:00 (CET/CEST)","1960","","3164"
"Switzerland (CH)","06.11.2020 19:00 - 06.11.2020 20:00 (CET/CEST)","1679","","2853"
"Switzerland (CH)","06.11.2020 20:00 - 06.11.2020 21:00 (CET/CEST)","992","","1363"
"Switzerland (CH)","06.11.2020 21:00 - 06.11.2020 22:00 (CET/CEST)","306","","849"
"Switzerland (CH)","06.11.2020 22:00 - 06.11.2020 23:00 (CET/CEST)","96","","871"
"Switzerland (CH)","06.11.2020 23:00 - 07.11.2020 00:00 (CET/CEST)","139","","758"
"Switzerland (CH)","07.11.2020 00:00 - 07.11.2020 01:00 (CET/CEST)","60","","491"
"Switzerland (CH)","07.11.2020 01:00 - 07.11.2020 02:00 (CET/CEST)","25","","463"
"Switzerland (CH)","07.11.2020 02:00 - 07.11.2020 03:00 (CET/CEST)","35","","419"
"Switzerland (CH)","07.11.2020 03:00 - 07.11.2020 04:00 (CET/CEST)","63","","416"
"Switzerland (CH)","07.11.2020 04:00 - 07.11.2020 05:00 (CET/CEST)","72","","382"
"Switzerland (CH)","07.11.2020 05:00 - 07.11.2020 06:00 (CET/CEST)","87","","389"
"Switzerland (CH)","07.11.2020 06:00 - 07.11.2020 07:00 (CET/CEST)","69","","427"
"Switzerland (CH)","07.11.2020 07:00 - 07.11.2020 08:00 (CET/CEST)","86","","663"
"Switzerland (CH)","07.11.2020 08:00 - 07.11.2020 09:00 (CET/CEST)","85","","616"
"Switzerland (CH)","07.11.2020 09:00 - 07.11.2020 10:00 (CET/CEST)","102","","684"
"Switzerland (CH)","07.11.2020 10:00 - 07.11.2020 11:00 (CET/CEST)","82","","543"
"Switzerland (CH)","07.11.2020 11:00 - 07.11.2020 12:00 (CET/CEST)","78","","541"
"Switzerland (CH)","07.11.2020 12:00 - 07.11.2020 13:00 (CET/CEST)","55","","638"
"Switzerland (CH)","07.11.2020 13:00 - 07.11.2020 14:00 (CET/CEST)","174","","504"
"Switzerland (CH)","07.11.2020 14:00 - 07.11.2020 15:00 (CET/CEST)","203","","559"
"Switzerland (CH)","07.11.2020 15:00 - 07.11.2020 16:00 (CET/CEST)","105","","819"
"Switzerland (CH)","07.11.2020 16:00 - 07.11.2020 17:00 (CET/CEST)","680","","1448"
"Switzerland (CH)","07.11.2020 17:00 - 07.11.2020 18:00 (CET/CEST)","1863","","3145"
"Switzerland (CH)","07.11.2020 18:00 - 07.11.2020 19:00 (CET/CEST)","2149","","3522"
"Switzerland (CH)","07.11.2020 19:00 - 07.11.2020 20:00 (CET/CEST)","1677","","2604"
"Switzerland (CH)","07.11.2020 20:00 - 07.11.2020 21:00 (CET/CEST)","758","","1163"
"Switzerland (CH)","07.11.2020 21:00 - 07.11.2020 22:00 (CET/CEST)","554","","932"
"Switzerland (CH)","07.11.2020 22:00 - 07.11.2020 23:00 (CET/CEST)","315","","804"
"Switzerland (CH)","07.11.2020 23:00 - 08.11.2020 00:00 (CET/CEST)","289","","712"
"Switzerland (CH)","08.11.2020 00:00 - 08.11.2020 01:00 (CET/CEST)","105","","611"
"Switzerland (CH)","08.11.2020 01:00 - 08.11.2020 02:00 (CET/CEST)","81","","372"
"Switzerland (CH)","08.11.2020 02:00 - 08.11.2020 03:00 (CET/CEST)","93","","344"
"Switzerland (CH)","08.11.2020 03:00 - 08.11.2020 04:00 (CET/CEST)","103","","341"
"Switzerland (CH)","08.11.2020 04:00 - 08.11.2020 05:00 (CET/CEST)","98","","351"
"Switzerland (CH)","08.11.2020 05:00 - 08.11.2020 06:00 (CET/CEST)","99","","374"
"Switzerland (CH)","08.11.2020 06:00 - 08.11.2020 07:00 (CET/CEST)","109","","393"
"Switzerland (CH)","08.11.2020 07:00 - 08.11.2020 08:00 (CET/CEST)","106","","433"
"Switzerland (CH)","08.11.2020 08:00 - 08.11.2020 09:00 (CET/CEST)","94","","416"
"Switzerland (CH)","08.11.2020 09:00 - 08.11.2020 10:00 (CET/CEST)","111","","528"
"Switzerland (CH)","08.11.2020 10:00 - 08.11.2020 11:00 (CET/CEST)","127","","470"
"Switzerland (CH)","08.11.2020 11:00 - 08.11.2020 12:00 (CET/CEST)","222","","589"
"Switzerland (CH)","08.11.2020 12:00 - 08.11.2020 13:00 (CET/CEST)","196","","486"
"Switzerland (CH)","08.11.2020 13:00 - 08.11.2020 14:00 (CET/CEST)","156","","374"
"Switzerland (CH)","08.11.2020 14:00 - 08.11.2020 15:00 (CET/CEST)","197","","460"
"Switzerland (CH)","08.11.2020 15:00 - 08.11.2020 16:00 (CET/CEST)","481","","863"
"Switzerland (CH)","08.11.2020 16:00 - 08.11.2020 17:00 (CET/CEST)","889","","1347"
"Switzerland (CH)","08.11.2020 17:00 - 08.11.2020 18:00 (CET/CEST)","1634","","2526"
"Switzerland (CH)","08.11.2020 18:00 - 08.11.2020 19:00 (CET/CEST)","1586","","2459"
"Switzerland (CH)","08.11.2020 19:00 - 08.11.2020 20:00 (CET/CEST)","1430","","1791"
"Switzerland (CH)","08.11.2020 20:00 - 08.11.2020 21:00 (CET/CEST)","953","","1218"
"Switzerland (CH)","08.11.2020 21:00 - 08.11.2020 22:00 (CET/CEST)","524","","973"
"Switzerland (CH)","08.11.2020 22:00 - 08.11.2020 23:00 (CET/CEST)","230","","842"
"Switzerland (CH)","08.11.2020 23:00 - 09.11.2020 00:00 (CET/CEST)","179","","812"
"Switzerland (CH)","09.11.2020 00:00 - 09.11.2020 01:00 (CET/CEST)","99","","461"
"Switzerland (CH)","09.11.2020 01:00 - 09.11.2020 02:00 (CET/CEST)","97","","448"
"Switzerland (CH)","09.11.2020 02:00 - 09.11.2020 03:00 (CET/CEST)","106","","495"
"Switzerland (CH)","09.11.2020 03:00 - 09.11.2020 04:00 (CET/CEST)","129","","470"
"Switzerland (CH)","09.11.2020 04:00 - 09.11.2020 05:00 (CET/CEST)","105","","471"
"Switzerland (CH)","09.11.2020 05:00 - 09.11.2020 06:00 (CET/CEST)","140","","621"
"Switzerland (CH)","09.11.2020 06:00 - 09.11.2020 07:00 (CET/CEST)","427","","1608"
"Switzerland (CH)","09.11.2020 07:00 - 09.11.2020 08:00 (CET/CEST)","1862","","2997"
"Switzerland (CH)","09.11.2020 08:00 - 09.11.2020 09:00 (CET/CEST)","1817","","3003"
"Switzerland (CH)","09.11.2020 09:00 - 09.11.2020 10:00 (CET/CEST)","1825","","3037"
"Switzerland (CH)","09.11.2020 10:00 - 09.11.2020 11:00 (CET/CEST)","1638","","2634"
"Switzerland (CH)","09.11.2020 11:00 - 09.11.2020 12:00 (CET/CEST)","1423","","2498"
"Switzerland (CH)","09.11.2020 12:00 - 09.11.2020 13:00 (CET/CEST)","1337","","2202"
"Switzerland (CH)","09.11.2020 13:00 - 09.11.2020 14:00 (CET/CEST)","1201","","2625"
"Switzerland (CH)","09.11.2020 14:00 - 09.11.2020 15:00 (CET/CEST)","1364","","2647"
"Switzerland (CH)","09.11.2020 15:00 - 09.11.2020 16:00 (CET/CEST)","1888","","3150"
"Switzerland (CH)","09.11.2020 16:00 - 09.11.2020 17:00 (CET/CEST)","2211","","3168"
"Switzerland (CH)","09.11.2020 17:00 - 09.11.2020 18:00 (CET/CEST)","2477","","3272"
"Switzerland (CH)","09.11.2020 18:00 - 09.11.2020 19:00 (CET/CEST)","2277","","3122"
"Switzerland (CH)","09.11.2020 19:00 - 09.11.2020 20:00 (CET/CEST)","2035","","2995"
"Switzerland (CH)","09.11.2020 20:00 - 09.11.2020 21:00 (CET/CEST)","1734","","2670"
"Switzerland (CH)","09.11.2020 21:00 - 09.11.2020 22:00 (CET/CEST)","621","","1222"
"Switzerland (CH)","09.11.2020 22:00 - 09.11.2020 23:00 (CET/CEST)","287","","903"
"Switzerland (CH)","09.11.2020 23:00 - 10.11.2020 00:00 (CET/CEST)","236","","914"
"Switzerland (CH)","10.11.2020 00:00 - 10.11.2020 01:00 (CET/CEST)","96","","559"
"Switzerland (CH)","10.11.2020 01:00 - 10.11.2020 02:00 (CET/CEST)","99","","529"
"Switzerland (CH)","10.11.2020 02:00 - 10.11.2020 03:00 (CET/CEST)","117","","565"
"Switzerland (CH)","10.11.2020 03:00 - 10.11.2020 04:00 (CET/CEST)","174","","587"
"Switzerland (CH)","10.11.2020 04:00 - 10.11.2020 05:00 (CET/CEST)","102","","670"
"Switzerland (CH)","10.11.2020 05:00 - 10.11.2020 06:00 (CET/CEST)","229","","786"
"Switzerland (CH)","10.11.2020 06:00 - 10.11.2020 07:00 (CET/CEST)","1252","","1640"
"Switzerland (CH)","10.11.2020 07:00 - 10.11.2020 08:00 (CET/CEST)","2067","","2673"
"Switzerland (CH)","10.11.2020 08:00 - 10.11.2020 09:00 (CET/CEST)","2094","","2738"
"Switzerland (CH)","10.11.2020 09:00 - 10.11.2020 10:00 (CET/CEST)","1792","","2567"
"Switzerland (CH)","10.11.2020 10:00 - 10.11.2020 11:00 (CET/CEST)","1577","","1967"
"Switzerland (CH)","10.11.2020 11:00 - 10.11.2020 12:00 (CET/CEST)","1598","","2095"
"Switzerland (CH)","10.11.2020 12:00 - 10.11.2020 13:00 (CET/CEST)","1412","","2222"
"Switzerland (CH)","10.11.2020 13:00 - 10.11.2020 14:00 (CET/CEST)","1404","","2143"
"Switzerland (CH)","10.11.2020 14:00 - 10.11.2020 15:00 (CET/CEST)","1576","","2293"
"Switzerland (CH)","10.11.2020 15:00 - 10.11.2020 16:00 (CET/CEST)","1891","","2661"
"Switzerland (CH)","10.11.2020 16:00 - 10.11.2020 17:00 (CET/CEST)","2131","","3022"
"Switzerland (CH)","10.11.2020 17:00 - 10.11.2020 18:00 (CET/CEST)","2198","","3436"
"Switzerland (CH)","10.11.2020 18:00 - 10.11.2020 19:00 (CET/CEST)","2288","","3586"
"Switzerland (CH)","10.11.2020 19:00 - 10.11.2020 20:00 (CET/CEST)","1850","","3100"
"Switzerland (CH)","10.11.2020 20:00 - 10.11.2020 21:00 (CET/CEST)","1519","","2697"
"Switzerland (CH)","10.11.2020 21:00 - 10.11.2020 22:00 (CET/CEST)","837","","1236"
"Switzerland (CH)","10.11.2020 22:00 - 10.11.2020 23:00 (CET/CEST)","521","","807"
"Switzerland (CH)","10.11.2020 23:00 - 11.11.2020 00:00 (CET/CEST)","277","","738"
"Switzerland (CH)","11.11.2020 00:00 - 11.11.2020 01:00 (CET/CEST)","80","","819"
"Switzerland (CH)","11.11.2020 01:00 - 11.11.2020 02:00 (CET/CEST)","33","","746"
"Switzerland (CH)","11.11.2020 02:00 - 11.11.2020 03:00 (CET/CEST)","37","","608"
"Switzerland (CH)","11.11.2020 03:00 - 11.11.2020 04:00 (CET/CEST)","55","","625"
"Switzerland (CH)","11.11.2020 04:00 - 11.11.2020 05:00 (CET/CEST)","55","","605"
"Switzerland (CH)","11.11.2020 05:00 - 11.11.2020 06:00 (CET/CEST)","198","","875"
"Switzerland (CH)","11.11.2020 06:00 - 11.11.2020 07:00 (CET/CEST)","729","","1712"
"Switzerland (CH)","11.11.2020 07:00 - 11.11.2020 08:00 (CET/CEST)","1766","","2807"
"Switzerland (CH)","11.11.2020 08:00 - 11.11.2020 09:00 (CET/CEST)","1904","","3153"
"Switzerland (CH)","11.11.2020 09:00 - 11.11.2020 10:00 (CET/CEST)","1934","","3179"
"Switzerland (CH)","11.11.2020 10:00 - 11.11.2020 11:00 (CET/CEST)","1691","","3023"
"Switzerland (CH)","11.11.2020 11:00 - 11.11.2020 12:00 (CET/CEST)","1875","","3043"
"Switzerland (CH)","11.11.2020 12:00 - 11.11.2020 13:00 (CET/CEST)","1623","","2794"
"Switzerland (CH)","11.11.2020 13:00 - 11.11.2020 14:00 (CET/CEST)","1657","","2885"
"Switzerland (CH)","11.11.2020 14:00 - 11.11.2020 15:00 (CET/CEST)","1776","","3021"
"Switzerland (CH)","11.11.2020 15:00 - 11.11.2020 16:00 (CET/CEST)","2292","","3286"
"Switzerland (CH)","11.11.2020 16:00 - 11.11.2020 17:00 (CET/CEST)","2240","","3245"
"Switzerland (CH)","11.11.2020 17:00 - 11.11.2020 18:00 (CET/CEST)","2404","","3488"
"Switzerland (CH)","11.11.2020 18:00 - 11.11.2020 19:00 (CET/CEST)","2194","","3182"
"Switzerland (CH)","11.11.2020 19:00 - 11.11.2020 20:00 (CET/CEST)","1728","","2759"
"Switzerland (CH)","11.11.2020 20:00 - 11.11.2020 21:00 (CET/CEST)","662","","1471"
"Switzerland (CH)","11.11.2020 21:00 - 11.11.2020 22:00 (CET/CEST)","268","","1018"
"Switzerland (CH)","11.11.2020 22:00 - 11.11.2020 23:00 (CET/CEST)","64","","948"
"Switzerland (CH)","11.11.2020 23:00 - 12.11.2020 00:00 (CET/CEST)","49","","703"
"Switzerland (CH)","12.11.2020 00:00 - 12.11.2020 01:00 (CET/CEST)","102","","396"
"Switzerland (CH)","12.11.2020 01:00 - 12.11.2020 02:00 (CET/CEST)","140","","378"
"Switzerland (CH)","12.11.2020 02:00 - 12.11.2020 03:00 (CET/CEST)","117","","369"
"Switzerland (CH)","12.11.2020 03:00 - 12.11.2020 04:00 (CET/CEST)","121","","392"
"Switzerland (CH)","12.11.2020 04:00 - 12.11.2020 05:00 (CET/CEST)","126","","394"
"Switzerland (CH)","12.11.2020 05:00 - 12.11.2020 06:00 (CET/CEST)","167","","497"
"Switzerland (CH)","12.11.2020 06:00 - 12.11.2020 07:00 (CET/CEST)","234","","856"
"Switzerland (CH)","12.11.2020 07:00 - 12.11.2020 08:00 (CET/CEST)","789","","1789"
"Switzerland (CH)","12.11.2020 08:00 - 12.11.2020 09:00 (CET/CEST)","1527","","2353"
"Switzerland (CH)","12.11.2020 09:00 - 12.11.2020 10:00 (CET/CEST)","1225","","1859"
"Switzerland (CH)","12.11.2020 10:00 - 12.11.2020 11:00 (CET/CEST)","886","","1620"
"Switzerland (CH)","12.11.2020 11:00 - 12.11.2020 12:00 (CET/CEST)","482","","1522"
"Switzerland (CH)","12.11.2020 12:00 - 12.11.2020 13:00 (CET/CEST)","267","","1305"
"Switzerland (CH)","12.11.2020 13:00 - 12.11.2020 14:00 (CET/CEST)","252","","1410"
"Switzerland (CH)","12.11.2020 14:00 - 12.11.2020 15:00 (CET/CEST)","404","","1597"
"Switzerland (CH)","12.11.2020 15:00 - 12.11.2020 16:00 (CET/CEST)","1162","","1801"
"Switzerland (CH)","12.11.2020 16:00 - 12.11.2020 17:00 (CET/CEST)","1699","","2772"
"Switzerland (CH)","12.11.2020 17:00 - 12.11.2020 18:00 (CET/CEST)","2232","","3385"
"Switzerland (CH)","12.11.2020 18:00 - 12.11.2020 19:00 (CET/CEST)","2403","","3435"
"Switzerland (CH)","12.11.2020 19:00 - 12.11.2020 20:00 (CET/CEST)","2211","","3273"
"Switzerland (CH)","12.11.2020 20:00 - 12.11.2020 21:00 (CET/CEST)","1269","","1828"
"Switzerland (CH)","12.11.2020 21:00 - 12.11.2020 22:00 (CET/CEST)","146","","876"
"Switzerland (CH)","12.11.2020 22:00 - 12.11.2020 23:00 (CET/CEST)","96","","971"
"Switzerland (CH)","12.11.2020 23:00 - 13.11.2020 00:00 (CET/CEST)","92","","826"
"Switzerland (CH)","13.11.2020 00:00 - 13.11.2020 01:00 (CET/CEST)","103","","596"
"Switzerland (CH)","13.11.2020 01:00 - 13.11.2020 02:00 (CET/CEST)","76","","430"
"Switzerland (CH)","13.11.2020 02:00 - 13.11.2020 03:00 (CET/CEST)","63","","455"
"Switzerland (CH)","13.11.2020 03:00 - 13.11.2020 04:00 (CET/CEST)","61","","439"
"Switzerland (CH)","13.11.2020 04:00 - 13.11.2020 05:00 (CET/CEST)","75","","488"
"Switzerland (CH)","13.11.2020 05:00 - 13.11.2020 06:00 (CET/CEST)","123","","556"
"Switzerland (CH)","13.11.2020 06:00 - 13.11.2020 07:00 (CET/CEST)","318","","1008"
"Switzerland (CH)","13.11.2020 07:00 - 13.11.2020 08:00 (CET/CEST)","1520","","2320"
"Switzerland (CH)","13.11.2020 08:00 - 13.11.2020 09:00 (CET/CEST)","1515","","2626"
"Switzerland (CH)","13.11.2020 09:00 - 13.11.2020 10:00 (CET/CEST)","1224","","2320"
"Switzerland (CH)","13.11.2020 10:00 - 13.11.2020 11:00 (CET/CEST)","799","","1795"
"Switzerland (CH)","13.11.2020 11:00 - 13.11.2020 12:00 (CET/CEST)","534","","1690"
"Switzerland (CH)","13.11.2020 12:00 - 13.11.2020 13:00 (CET/CEST)","330","","1317"
"Switzerland (CH)","13.11.2020 13:00 - 13.11.2020 14:00 (CET/CEST)","235","","1047"
"Switzerland (CH)","13.11.2020 14:00 - 13.11.2020 15:00 (CET/CEST)","454","","1566"
"Switzerland (CH)","13.11.2020 15:00 - 13.11.2020 16:00 (CET/CEST)","885","","2090"
"Switzerland (CH)","13.11.2020 16:00 - 13.11.2020 17:00 (CET/CEST)","1326","","2565"
"Switzerland (CH)","13.11.2020 17:00 - 13.11.2020 18:00 (CET/CEST)","2334","","3218"
"Switzerland (CH)","13.11.2020 18:00 - 13.11.2020 19:00 (CET/CEST)","2352","","3379"
"Switzerland (CH)","13.11.2020 19:00 - 13.11.2020 20:00 (CET/CEST)","1890","","2266"
"Switzerland (CH)","13.11.2020 20:00 - 13.11.2020 21:00 (CET/CEST)","997","","1203"
"Switzerland (CH)","13.11.2020 21:00 - 13.11.2020 22:00 (CET/CEST)","438","","831"
"Switzerland (CH)","13.11.2020 22:00 - 13.11.2020 23:00 (CET/CEST)","321","","847"
"Switzerland (CH)","13.11.2020 23:00 - 14.11.2020 00:00 (CET/CEST)","304","","811"
"Switzerland (CH)","14.11.2020 00:00 - 14.11.2020 01:00 (CET/CEST)","147","","573"
"Switzerland (CH)","14.11.2020 01:00 - 14.11.2020 02:00 (CET/CEST)","155","","434"
"Switzerland (CH)","14.11.2020 02:00 - 14.11.2020 03:00 (CET/CEST)","175","","408"
"Switzerland (CH)","14.11.2020 03:00 - 14.11.2020 04:00 (CET/CEST)","177","","385"
"Switzerland (CH)","14.11.2020 04:00 - 14.11.2020 05:00 (CET/CEST)","172","","386"
"Switzerland (CH)","14.11.2020 05:00 - 14.11.2020 06:00 (CET/CEST)","164","","422"
"Switzerland (CH)","14.11.2020 06:00 - 14.11.2020 07:00 (CET/CEST)","142","","553"
"Switzerland (CH)","14.11.2020 07:00 - 14.11.2020 08:00 (CET/CEST)","158","","743"
"Switzerland (CH)","14.11.2020 08:00 - 14.11.2020 09:00 (CET/CEST)","174","","890"
"Switzerland (CH)","14.11.2020 09:00 - 14.11.2020 10:00 (CET/CEST)","156","","898"
"Switzerland (CH)","14.11.2020 10:00 - 14.11.2020 11:00 (CET/CEST)","122","","805"
"Switzerland (CH)","14.11.2020 11:00 - 14.11.2020 12:00 (CET/CEST)","99","","660"
"Switzerland (CH)","14.11.2020 12:00 - 14.11.2020 13:00 (CET/CEST)","121","","630"
"Switzerland (CH)","14.11.2020 13:00 - 14.11.2020 14:00 (CET/CEST)","110","","585"
"Switzerland (CH)","14.11.2020 14:00 - 14.11.2020 15:00 (CET/CEST)","98","","512"
"Switzerland (CH)","14.11.2020 15:00 - 14.11.2020 16:00 (CET/CEST)","421","","853"
"Switzerland (CH)","14.11.2020 16:00 - 14.11.2020 17:00 (CET/CEST)","1371","","1723"
"Switzerland (CH)","14.11.2020 17:00 - 14.11.2020 18:00 (CET/CEST)","2010","","2720"
"Switzerland (CH)","14.11.2020 18:00 - 14.11.2020 19:00 (CET/CEST)","1624","","2654"
"Switzerland (CH)","14.11.2020 19:00 - 14.11.2020 20:00 (CET/CEST)","756","","1635"
"Switzerland (CH)","14.11.2020 20:00 - 14.11.2020 21:00 (CET/CEST)","214","","866"
"Switzerland (CH)","14.11.2020 21:00 - 14.11.2020 22:00 (CET/CEST)","158","","534"
"Switzerland (CH)","14.11.2020 22:00 - 14.11.2020 23:00 (CET/CEST)","182","","429"
"Switzerland (CH)","14.11.2020 23:00 - 15.11.2020 00:00 (CET/CEST)","161","","396"
"Switzerland (CH)","15.11.2020 00:00 - 15.11.2020 01:00 (CET/CEST)","201","","338"
"Switzerland (CH)","15.11.2020 01:00 - 15.11.2020 02:00 (CET/CEST)","215","","253"
"Switzerland (CH)","15.11.2020 02:00 - 15.11.2020 03:00 (CET/CEST)","220","","275"
"Switzerland (CH)","15.11.2020 03:00 - 15.11.2020 04:00 (CET/CEST)","166","","250"
"Switzerland (CH)","15.11.2020 04:00 - 15.11.2020 05:00 (CET/CEST)","146","","252"
"Switzerland (CH)","15.11.2020 05:00 - 15.11.2020 06:00 (CET/CEST)","173","","275"
"Switzerland (CH)","15.11.2020 06:00 - 15.11.2020 07:00 (CET/CEST)","159","","323"
"Switzerland (CH)","15.11.2020 07:00 - 15.11.2020 08:00 (CET/CEST)","161","","322"
"Switzerland (CH)","15.11.2020 08:00 - 15.11.2020 09:00 (CET/CEST)","156","","366"
"Switzerland (CH)","15.11.2020 09:00 - 15.11.2020 10:00 (CET/CEST)","165","","413"
"Switzerland (CH)","15.11.2020 10:00 - 15.11.2020 11:00 (CET/CEST)","151","","474"
"Switzerland (CH)","15.11.2020 11:00 - 15.11.2020 12:00 (CET/CEST)","124","","398"
"Switzerland (CH)","15.11.2020 12:00 - 15.11.2020 13:00 (CET/CEST)","139","","463"
"Switzerland (CH)","15.11.2020 13:00 - 15.11.2020 14:00 (CET/CEST)","126","","281"
"Switzerland (CH)","15.11.2020 14:00 - 15.11.2020 15:00 (CET/CEST)","138","","276"
"Switzerland (CH)","15.11.2020 15:00 - 15.11.2020 16:00 (CET/CEST)","157","","297"
"Switzerland (CH)","15.11.2020 16:00 - 15.11.2020 17:00 (CET/CEST)","198","","403"
"Switzerland (CH)","15.11.2020 17:00 - 15.11.2020 18:00 (CET/CEST)","310","","772"
"Switzerland (CH)","15.11.2020 18:00 - 15.11.2020 19:00 (CET/CEST)","238","","929"
"Switzerland (CH)","15.11.2020 19:00 - 15.11.2020 20:00 (CET/CEST)","249","","1477"
"Switzerland (CH)","15.11.2020 20:00 - 15.11.2020 21:00 (CET/CEST)","196","","744"
"Switzerland (CH)","15.11.2020 21:00 - 15.11.2020 22:00 (CET/CEST)","131","","444"
"Switzerland (CH)","15.11.2020 22:00 - 15.11.2020 23:00 (CET/CEST)","138","","402"
"Switzerland (CH)","15.11.2020 23:00 - 16.11.2020 00:00 (CET/CEST)","105","","282"
"Switzerland (CH)","16.11.2020 00:00 - 16.11.2020 01:00 (CET/CEST)","97","","260"
"Switzerland (CH)","16.11.2020 01:00 - 16.11.2020 02:00 (CET/CEST)","106","","241"
"Switzerland (CH)","16.11.2020 02:00 - 16.11.2020 03:00 (CET/CEST)","104","","225"
"Switzerland (CH)","16.11.2020 03:00 - 16.11.2020 04:00 (CET/CEST)","85","","216"
"Switzerland (CH)","16.11.2020 04:00 - 16.11.2020 05:00 (CET/CEST)","84","","234"
"Switzerland (CH)","16.11.2020 05:00 - 16.11.2020 06:00 (CET/CEST)","120","","272"
"Switzerland (CH)","16.11.2020 06:00 - 16.11.2020 07:00 (CET/CEST)","162","","1530"
"Switzerland (CH)","16.11.2020 07:00 - 16.11.2020 08:00 (CET/CEST)","736","","1143"
"Switzerland (CH)","16.11.2020 08:00 - 16.11.2020 09:00 (CET/CEST)","1015","","1679"
"Switzerland (CH)","16.11.2020 09:00 - 16.11.2020 10:00 (CET/CEST)","1002","","1480"
"Switzerland (CH)","16.11.2020 10:00 - 16.11.2020 11:00 (CET/CEST)","985","","1302"
"Switzerland (CH)","16.11.2020 11:00 - 16.11.2020 12:00 (CET/CEST)","1027","","1528"
"Switzerland (CH)","16.11.2020 12:00 - 16.11.2020 13:00 (CET/CEST)","821","","1270"
"Switzerland (CH)","16.11.2020 13:00 - 16.11.2020 14:00 (CET/CEST)","796","","1168"
"Switzerland (CH)","16.11.2020 14:00 - 16.11.2020 15:00 (CET/CEST)","980","","1385"
"Switzerland (CH)","16.11.2020 15:00 - 16.11.2020 16:00 (CET/CEST)","1194","","1880"
"Switzerland (CH)","16.11.2020 16:00 - 16.11.2020 17:00 (CET/CEST)","1401","","2300"
"Switzerland (CH)","16.11.2020 17:00 - 16.11.2020 18:00 (CET/CEST)","2051","","3008"
"Switzerland (CH)","16.11.2020 18:00 - 16.11.2020 19:00 (CET/CEST)","2500","","3226"
"Switzerland (CH)","16.11.2020 19:00 - 16.11.2020 20:00 (CET/CEST)","2023","","2948"
"Switzerland (CH)","16.11.2020 20:00 - 16.11.2020 21:00 (CET/CEST)","1265","","1635"
"Switzerland (CH)","16.11.2020 21:00 - 16.11.2020 22:00 (CET/CEST)","322","","661"
"Switzerland (CH)","16.11.2020 22:00 - 16.11.2020 23:00 (CET/CEST)","178","","577"
"Switzerland (CH)","16.11.2020 23:00 - 17.11.2020 00:00 (CET/CEST)","136","","461"
"Switzerland (CH)","17.11.2020 00:00 - 17.11.2020 01:00 (CET/CEST)","95","","359"
"Switzerland (CH)","17.11.2020 01:00 - 17.11.2020 02:00 (CET/CEST)","83","","395"
"Switzerland (CH)","17.11.2020 02:00 - 17.11.2020 03:00 (CET/CEST)","83","","302"
"Switzerland (CH)","17.11.2020 03:00 - 17.11.2020 04:00 (CET/CEST)","91","","329"
"Switzerland (CH)","17.11.2020 04:00 - 17.11.2020 05:00 (CET/CEST)","112","","332"
"Switzerland (CH)","17.11.2020 05:00 - 17.11.2020 06:00 (CET/CEST)","155","","363"
"Switzerland (CH)","17.11.2020 06:00 - 17.11.2020 07:00 (CET/CEST)","308","","520"
"Switzerland (CH)","17.11.2020 07:00 - 17.11.2020 08:00 (CET/CEST)","606","","1496"
"Switzerland (CH)","17.11.2020 08:00 - 17.11.2020 09:00 (CET/CEST)","934","","1880"
"Switzerland (CH)","17.11.2020 09:00 - 17.11.2020 10:00 (CET/CEST)","722","","1618"
"Switzerland (CH)","17.11.2020 10:00 - 17.11.2020 11:00 (CET/CEST)","241","","1318"
"Switzerland (CH)","17.11.2020 11:00 - 17.11.2020 12:00 (CET/CEST)","148","","1318"
"Switzerland (CH)","17.11.2020 12:00 - 17.11.2020 13:00 (CET/CEST)","148","","1248"
"Switzerland (CH)","17.11.2020 13:00 - 17.11.2020 14:00 (CET/CEST)","156","","1076"
"Switzerland (CH)","17.11.2020 14:00 - 17.11.2020 15:00 (CET/CEST)","188","","1095"
"Switzerland (CH)","17.11.2020 15:00 - 17.11.2020 16:00 (CET/CEST)","188","","1251"
"Switzerland (CH)","17.11.2020 16:00 - 17.11.2020 17:00 (CET/CEST)","600","","1283"
"Switzerland (CH)","17.11.2020 17:00 - 17.11.2020 18:00 (CET/CEST)","1506","","1488"
"Switzerland (CH)","17.11.2020 18:00 - 17.11.2020 19:00 (CET/CEST)","2153","","2536"
"Switzerland (CH)","17.11.2020 19:00 - 17.11.2020 20:00 (CET/CEST)","1742","","2258"
"Switzerland (CH)","17.11.2020 20:00 - 17.11.2020 21:00 (CET/CEST)","939","","950"
"Switzerland (CH)","17.11.2020 21:00 - 17.11.2020 22:00 (CET/CEST)","176","","546"
"Switzerland (CH)","17.11.2020 22:00 - 17.11.2020 23:00 (CET/CEST)","196","","593"
"Switzerland (CH)","17.11.2020 23:00 - 18.11.2020 00:00 (CET/CEST)","195","","409"
"Switzerland (CH)","18.11.2020 00:00 - 18.11.2020 01:00 (CET/CEST)","143","","364"
"Switzerland (CH)","18.11.2020 01:00 - 18.11.2020 02:00 (CET/CEST)","102","","266"
"Switzerland (CH)","18.11.2020 02:00 - 18.11.2020 03:00 (CET/CEST)","94","","295"
"Switzerland (CH)","18.11.2020 03:00 - 18.11.2020 04:00 (CET/CEST)","87","","263"
"Switzerland (CH)","18.11.2020 04:00 - 18.11.2020 05:00 (CET/CEST)","87","","287"
"Switzerland (CH)","18.11.2020 05:00 - 18.11.2020 06:00 (CET/CEST)","132","","302"
"Switzerland (CH)","18.11.2020 06:00 - 18.11.2020 07:00 (CET/CEST)","218","","710"
"Switzerland (CH)","18.11.2020 07:00 - 18.11.2020 08:00 (CET/CEST)","1007","","1641"
"Switzerland (CH)","18.11.2020 08:00 - 18.11.2020 09:00 (CET/CEST)","1477","","2242"
"Switzerland (CH)","18.11.2020 09:00 - 18.11.2020 10:00 (CET/CEST)","1047","","1904"
"Switzerland (CH)","18.11.2020 10:00 - 18.11.2020 11:00 (CET/CEST)","644","","1453"
"Switzerland (CH)","18.11.2020 11:00 - 18.11.2020 12:00 (CET/CEST)","329","","1265"
"Switzerland (CH)","18.11.2020 12:00 - 18.11.2020 13:00 (CET/CEST)","172","","952"
"Switzerland (CH)","18.11.2020 13:00 - 18.11.2020 14:00 (CET/CEST)","140","","905"
"Switzerland (CH)","18.11.2020 14:00 - 18.11.2020 15:00 (CET/CEST)","356","","1016"
"Switzerland (CH)","18.11.2020 15:00 - 18.11.2020 16:00 (CET/CEST)","691","","1465"
"Switzerland (CH)","18.11.2020 16:00 - 18.11.2020 17:00 (CET/CEST)","1108","","2118"
"Switzerland (CH)","18.11.2020 17:00 - 18.11.2020 18:00 (CET/CEST)","1859","","2718"
"Switzerland (CH)","18.11.2020 18:00 - 18.11.2020 19:00 (CET/CEST)","1280","","2164"
"Switzerland (CH)","18.11.2020 19:00 - 18.11.2020 20:00 (CET/CEST)","1041","","1573"
"Switzerland (CH)","18.11.2020 20:00 - 18.11.2020 21:00 (CET/CEST)","380","","779"
"Switzerland (CH)","18.11.2020 21:00 - 18.11.2020 22:00 (CET/CEST)","197","","522"
"Switzerland (CH)","18.11.2020 22:00 - 18.11.2020 23:00 (CET/CEST)","147","","463"
"Switzerland (CH)","18.11.2020 23:00 - 19.11.2020 00:00 (CET/CEST)","140","","440"
"Switzerland (CH)","19.11.2020 00:00 - 19.11.2020 01:00 (CET/CEST)","107","","408"
"Switzerland (CH)","19.11.2020 01:00 - 19.11.2020 02:00 (CET/CEST)","80","","325"
"Switzerland (CH)","19.11.2020 02:00 - 19.11.2020 03:00 (CET/CEST)","82","","355"
"Switzerland (CH)","19.11.2020 03:00 - 19.11.2020 04:00 (CET/CEST)","92","","420"
"Switzerland (CH)","19.11.2020 04:00 - 19.11.2020 05:00 (CET/CEST)","70","","344"
"Switzerland (CH)","19.11.2020 05:00 - 19.11.2020 06:00 (CET/CEST)","168","","535"
"Switzerland (CH)","19.11.2020 06:00 - 19.11.2020 07:00 (CET/CEST)","544","","1663"
"Switzerland (CH)","19.11.2020 07:00 - 19.11.2020 08:00 (CET/CEST)","1100","","1695"
"Switzerland (CH)","19.11.2020 08:00 - 19.11.2020 09:00 (CET/CEST)","969","","1708"
"Switzerland (CH)","19.11.2020 09:00 - 19.11.2020 10:00 (CET/CEST)","772","","1640"
"Switzerland (CH)","19.11.2020 10:00 - 19.11.2020 11:00 (CET/CEST)","632","","1559"
"Switzerland (CH)","19.11.2020 11:00 - 19.11.2020 12:00 (CET/CEST)","914","","1931"
"Switzerland (CH)","19.11.2020 12:00 - 19.11.2020 13:00 (CET/CEST)","800","","1275"
"Switzerland (CH)","19.11.2020 13:00 - 19.11.2020 14:00 (CET/CEST)","858","","1666"
"Switzerland (CH)","19.11.2020 14:00 - 19.11.2020 15:00 (CET/CEST)","882","","1573"
"Switzerland (CH)","19.11.2020 15:00 - 19.11.2020 16:00 (CET/CEST)","974","","1422"
"Switzerland (CH)","19.11.2020 16:00 - 19.11.2020 17:00 (CET/CEST)","1303","","2121"
"Switzerland (CH)","19.11.2020 17:00 - 19.11.2020 18:00 (CET/CEST)","2249","","2950"
"Switzerland (CH)","19.11.2020 18:00 - 19.11.2020 19:00 (CET/CEST)","2232","","2992"
"Switzerland (CH)","19.11.2020 19:00 - 19.11.2020 20:00 (CET/CEST)","1956","","2684"
"Switzerland (CH)","19.11.2020 20:00 - 19.11.2020 21:00 (CET/CEST)","1171","","1942"
"Switzerland (CH)","19.11.2020 21:00 - 19.11.2020 22:00 (CET/CEST)","358","","1060"
"Switzerland (CH)","19.11.2020 22:00 - 19.11.2020 23:00 (CET/CEST)","279","","667"
"Switzerland (CH)","19.11.2020 23:00 - 20.11.2020 00:00 (CET/CEST)","101","","501"
"Switzerland (CH)","20.11.2020 00:00 - 20.11.2020 01:00 (CET/CEST)","75","","442"
"Switzerland (CH)","20.11.2020 01:00 - 20.11.2020 02:00 (CET/CEST)","94","","358"
"Switzerland (CH)","20.11.2020 02:00 - 20.11.2020 03:00 (CET/CEST)","98","","330"
"Switzerland (CH)","20.11.2020 03:00 - 20.11.2020 04:00 (CET/CEST)","105","","343"
"Switzerland (CH)","20.11.2020 04:00 - 20.11.2020 05:00 (CET/CEST)","125","","377"
"Switzerland (CH)","20.11.2020 05:00 - 20.11.2020 06:00 (CET/CEST)","144","","411"
"Switzerland (CH)","20.11.2020 06:00 - 20.11.2020 07:00 (CET/CEST)","323","","1099"
"Switzerland (CH)","20.11.2020 07:00 - 20.11.2020 08:00 (CET/CEST)","1796","","3032"
"Switzerland (CH)","20.11.2020 08:00 - 20.11.2020 09:00 (CET/CEST)","2634","","3306"
"Switzerland (CH)","20.11.2020 09:00 - 20.11.2020 10:00 (CET/CEST)","2452","","3194"
"Switzerland (CH)","20.11.2020 10:00 - 20.11.2020 11:00 (CET/CEST)","2178","","3084"
"Switzerland (CH)","20.11.2020 11:00 - 20.11.2020 12:00 (CET/CEST)","2271","","2836"
"Switzerland (CH)","20.11.2020 12:00 - 20.11.2020 13:00 (CET/CEST)","2269","","2832"
"Switzerland (CH)","20.11.2020 13:00 - 20.11.2020 14:00 (CET/CEST)","2200","","2563"
"Switzerland (CH)","20.11.2020 14:00 - 20.11.2020 15:00 (CET/CEST)","2158","","2560"
"Switzerland (CH)","20.11.2020 15:00 - 20.11.2020 16:00 (CET/CEST)","2229","","2893"
"Switzerland (CH)","20.11.2020 16:00 - 20.11.2020 17:00 (CET/CEST)","2349","","3185"
"Switzerland (CH)","20.11.2020 17:00 - 20.11.2020 18:00 (CET/CEST)","2426","","3525"
"Switzerland (CH)","20.11.2020 18:00 - 20.11.2020 19:00 (CET/CEST)","2116","","3307"
"Switzerland (CH)","20.11.2020 19:00 - 20.11.2020 20:00 (CET/CEST)","1012","","2179"
"Switzerland (CH)","20.11.2020 20:00 - 20.11.2020 21:00 (CET/CEST)","656","","1616"
"Switzerland (CH)","20.11.2020 21:00 - 20.11.2020 22:00 (CET/CEST)","330","","782"
"Switzerland (CH)","20.11.2020 22:00 - 20.11.2020 23:00 (CET/CEST)","218","","647"
"Switzerland (CH)","20.11.2020 23:00 - 21.11.2020 00:00 (CET/CEST)","157","","594"
"Switzerland (CH)","21.11.2020 00:00 - 21.11.2020 01:00 (CET/CEST)","150","","491"
"Switzerland (CH)","21.11.2020 01:00 - 21.11.2020 02:00 (CET/CEST)","132","","446"
"Switzerland (CH)","21.11.2020 02:00 - 21.11.2020 03:00 (CET/CEST)","156","","432"
"Switzerland (CH)","21.11.2020 03:00 - 21.11.2020 04:00 (CET/CEST)","115","","429"
"Switzerland (CH)","21.11.2020 04:00 - 21.11.2020 05:00 (CET/CEST)","117","","469"
"Switzerland (CH)","21.11.2020 05:00 - 21.11.2020 06:00 (CET/CEST)","114","","416"
"Switzerland (CH)","21.11.2020 06:00 - 21.11.2020 07:00 (CET/CEST)","196","","571"
"Switzerland (CH)","21.11.2020 07:00 - 21.11.2020 08:00 (CET/CEST)","172","","544"
"Switzerland (CH)","21.11.2020 08:00 - 21.11.2020 09:00 (CET/CEST)","178","","537"
"Switzerland (CH)","21.11.2020 09:00 - 21.11.2020 10:00 (CET/CEST)","226","","565"
"Switzerland (CH)","21.11.2020 10:00 - 21.11.2020 11:00 (CET/CEST)","117","","547"
"Switzerland (CH)","21.11.2020 11:00 - 21.11.2020 12:00 (CET/CEST)","166","","453"
"Switzerland (CH)","21.11.2020 12:00 - 21.11.2020 13:00 (CET/CEST)","142","","380"
"Switzerland (CH)","21.11.2020 13:00 - 21.11.2020 14:00 (CET/CEST)","127","","348"
"Switzerland (CH)","21.11.2020 14:00 - 21.11.2020 15:00 (CET/CEST)","126","","388"
"Switzerland (CH)","21.11.2020 15:00 - 21.11.2020 16:00 (CET/CEST)","153","","540"
"Switzerland (CH)","21.11.2020 16:00 - 21.11.2020 17:00 (CET/CEST)","290","","846"
"Switzerland (CH)","21.11.2020 17:00 - 21.11.2020 18:00 (CET/CEST)","605","","1486"
"Switzerland (CH)","21.11.2020 18:00 - 21.11.2020 19:00 (CET/CEST)","1133","","2348"
"Switzerland (CH)","21.11.2020 19:00 - 21.11.2020 20:00 (CET/CEST)","1125","","2138"
"Switzerland (CH)","21.11.2020 20:00 - 21.11.2020 21:00 (CET/CEST)","592","","1382"
"Switzerland (CH)","21.11.2020 21:00 - 21.11.2020 22:00 (CET/CEST)","379","","733"
"Switzerland (CH)","21.11.2020 22:00 - 21.11.2020 23:00 (CET/CEST)","211","","687"
"Switzerland (CH)","21.11.2020 23:00 - 22.11.2020 00:00 (CET/CEST)","120","","558"
"Switzerland (CH)","22.11.2020 00:00 - 22.11.2020 01:00 (CET/CEST)","143","","384"
"Switzerland (CH)","22.11.2020 01:00 - 22.11.2020 02:00 (CET/CEST)","98","","297"
"Switzerland (CH)","22.11.2020 02:00 - 22.11.2020 03:00 (CET/CEST)","129","","331"
"Switzerland (CH)","22.11.2020 03:00 - 22.11.2020 04:00 (CET/CEST)","95","","271"
"Switzerland (CH)","22.11.2020 04:00 - 22.11.2020 05:00 (CET/CEST)","110","","285"
"Switzerland (CH)","22.11.2020 05:00 - 22.11.2020 06:00 (CET/CEST)","116","","299"
"Switzerland (CH)","22.11.2020 06:00 - 22.11.2020 07:00 (CET/CEST)","178","","304"
"Switzerland (CH)","22.11.2020 07:00 - 22.11.2020 08:00 (CET/CEST)","170","","355"
"Switzerland (CH)","22.11.2020 08:00 - 22.11.2020 09:00 (CET/CEST)","138","","396"
"Switzerland (CH)","22.11.2020 09:00 - 22.11.2020 10:00 (CET/CEST)","148","","663"
"Switzerland (CH)","22.11.2020 10:00 - 22.11.2020 11:00 (CET/CEST)","136","","286"
"Switzerland (CH)","22.11.2020 11:00 - 22.11.2020 12:00 (CET/CEST)","156","","368"
"Switzerland (CH)","22.11.2020 12:00 - 22.11.2020 13:00 (CET/CEST)","147","","296"
"Switzerland (CH)","22.11.2020 13:00 - 22.11.2020 14:00 (CET/CEST)","101","","294"
"Switzerland (CH)","22.11.2020 14:00 - 22.11.2020 15:00 (CET/CEST)","59","","341"
"Switzerland (CH)","22.11.2020 15:00 - 22.11.2020 16:00 (CET/CEST)","72","","491"
"Switzerland (CH)","22.11.2020 16:00 - 22.11.2020 17:00 (CET/CEST)","293","","953"
"Switzerland (CH)","22.11.2020 17:00 - 22.11.2020 18:00 (CET/CEST)","820","","2161"
"Switzerland (CH)","22.11.2020 18:00 - 22.11.2020 19:00 (CET/CEST)","1442","","2874"
"Switzerland (CH)","22.11.2020 19:00 - 22.11.2020 20:00 (CET/CEST)","1167","","2752"
"Switzerland (CH)","22.11.2020 20:00 - 22.11.2020 21:00 (CET/CEST)","513","","1532"
"Switzerland (CH)","22.11.2020 21:00 - 22.11.2020 22:00 (CET/CEST)","393","","695"
"Switzerland (CH)","22.11.2020 22:00 - 22.11.2020 23:00 (CET/CEST)","223","","675"
"Switzerland (CH)","22.11.2020 23:00 - 23.11.2020 00:00 (CET/CEST)","271","","736"
"Switzerland (CH)","23.11.2020 00:00 - 23.11.2020 01:00 (CET/CEST)","121","","416"
"Switzerland (CH)","23.11.2020 01:00 - 23.11.2020 02:00 (CET/CEST)","93","","374"
"Switzerland (CH)","23.11.2020 02:00 - 23.11.2020 03:00 (CET/CEST)","115","","337"
"Switzerland (CH)","23.11.2020 03:00 - 23.11.2020 04:00 (CET/CEST)","88","","378"
"Switzerland (CH)","23.11.2020 04:00 - 23.11.2020 05:00 (CET/CEST)","76","","396"
"Switzerland (CH)","23.11.2020 05:00 - 23.11.2020 06:00 (CET/CEST)","196","","558"
"Switzerland (CH)","23.11.2020 06:00 - 23.11.2020 07:00 (CET/CEST)","945","","1631"
"Switzerland (CH)","23.11.2020 07:00 - 23.11.2020 08:00 (CET/CEST)","1756","","3147"
"Switzerland (CH)","23.11.2020 08:00 - 23.11.2020 09:00 (CET/CEST)","2144","","3439"
"Switzerland (CH)","23.11.2020 09:00 - 23.11.2020 10:00 (CET/CEST)","1859","","3390"
"Switzerland (CH)","23.11.2020 10:00 - 23.11.2020 11:00 (CET/CEST)","1613","","2880"
"Switzerland (CH)","23.11.2020 11:00 - 23.11.2020 12:00 (CET/CEST)","1653","","2747"
"Switzerland (CH)","23.11.2020 12:00 - 23.11.2020 13:00 (CET/CEST)","1496","","2509"
"Switzerland (CH)","23.11.2020 13:00 - 23.11.2020 14:00 (CET/CEST)","1142","","1957"
"Switzerland (CH)","23.11.2020 14:00 - 23.11.2020 15:00 (CET/CEST)","1287","","2274"
"Switzerland (CH)","23.11.2020 15:00 - 23.11.2020 16:00 (CET/CEST)","1255","","2150"
"Switzerland (CH)","23.11.2020 16:00 - 23.11.2020 17:00 (CET/CEST)","1714","","3048"
"Switzerland (CH)","23.11.2020 17:00 - 23.11.2020 18:00 (CET/CEST)","2093","","3512"
"Switzerland (CH)","23.11.2020 18:00 - 23.11.2020 19:00 (CET/CEST)","2097","","3694"
"Switzerland (CH)","23.11.2020 19:00 - 23.11.2020 20:00 (CET/CEST)","1922","","3589"
"Switzerland (CH)","23.11.2020 20:00 - 23.11.2020 21:00 (CET/CEST)","1860","","2975"
"Switzerland (CH)","23.11.2020 21:00 - 23.11.2020 22:00 (CET/CEST)","575","","2002"
"Switzerland (CH)","23.11.2020 22:00 - 23.11.2020 23:00 (CET/CEST)","538","","1960"
"Switzerland (CH)","23.11.2020 23:00 - 24.11.2020 00:00 (CET/CEST)","426","","1677"
"Switzerland (CH)","24.11.2020 00:00 - 24.11.2020 01:00 (CET/CEST)","135","","902"
"Switzerland (CH)","24.11.2020 01:00 - 24.11.2020 02:00 (CET/CEST)","36","","811"
"Switzerland (CH)","24.11.2020 02:00 - 24.11.2020 03:00 (CET/CEST)","202","","816"
"Switzerland (CH)","24.11.2020 03:00 - 24.11.2020 04:00 (CET/CEST)","30","","603"
"Switzerland (CH)","24.11.2020 04:00 - 24.11.2020 05:00 (CET/CEST)","15","","613"
"Switzerland (CH)","24.11.2020 05:00 - 24.11.2020 06:00 (CET/CEST)","108","","926"
"Switzerland (CH)","24.11.2020 06:00 - 24.11.2020 07:00 (CET/CEST)","997","","2325"
"Switzerland (CH)","24.11.2020 07:00 - 24.11.2020 08:00 (CET/CEST)","1878","","3090"
"Switzerland (CH)","24.11.2020 08:00 - 24.11.2020 09:00 (CET/CEST)","2083","","3268"
"Switzerland (CH)","24.11.2020 09:00 - 24.11.2020 10:00 (CET/CEST)","1844","","3175"
"Switzerland (CH)","24.11.2020 10:00 - 24.11.2020 11:00 (CET/CEST)","2090","","3012"
"Switzerland (CH)","24.11.2020 11:00 - 24.11.2020 12:00 (CET/CEST)","2034","","2934"
"Switzerland (CH)","24.11.2020 12:00 - 24.11.2020 13:00 (CET/CEST)","1611","","2859"
"Switzerland (CH)","24.11.2020 13:00 - 24.11.2020 14:00 (CET/CEST)","1306","","2651"
"Switzerland (CH)","24.11.2020 14:00 - 24.11.2020 15:00 (CET/CEST)","1168","","2606"
"Switzerland (CH)","24.11.2020 15:00 - 24.11.2020 16:00 (CET/CEST)","1410","","2896"
"Switzerland (CH)","24.11.2020 16:00 - 24.11.2020 17:00 (CET/CEST)","1726","","3140"
"Switzerland (CH)","24.11.2020 17:00 - 24.11.2020 18:00 (CET/CEST)","2438","","3395"
"Switzerland (CH)","24.11.2020 18:00 - 24.11.2020 19:00 (CET/CEST)","2415","","3329"
"Switzerland (CH)","24.11.2020 19:00 - 24.11.2020 20:00 (CET/CEST)","2089","","3292"
"Switzerland (CH)","24.11.2020 20:00 - 24.11.2020 21:00 (CET/CEST)","1519","","2914"
"Switzerland (CH)","24.11.2020 21:00 - 24.11.2020 22:00 (CET/CEST)","338","","1795"
"Switzerland (CH)","24.11.2020 22:00 - 24.11.2020 23:00 (CET/CEST)","274","","912"
"Switzerland (CH)","24.11.2020 23:00 - 25.11.2020 00:00 (CET/CEST)","241","","859"
"Switzerland (CH)","25.11.2020 00:00 - 25.11.2020 01:00 (CET/CEST)","100","","562"
"Switzerland (CH)","25.11.2020 01:00 - 25.11.2020 02:00 (CET/CEST)","57","","463"
"Switzerland (CH)","25.11.2020 02:00 - 25.11.2020 03:00 (CET/CEST)","42","","526"
"Switzerland (CH)","25.11.2020 03:00 - 25.11.2020 04:00 (CET/CEST)","62","","520"
"Switzerland (CH)","25.11.2020 04:00 - 25.11.2020 05:00 (CET/CEST)","66","","553"
"Switzerland (CH)","25.11.2020 05:00 - 25.11.2020 06:00 (CET/CEST)","120","","938"
"Switzerland (CH)","25.11.2020 06:00 - 25.11.2020 07:00 (CET/CEST)","717","","1722"
"Switzerland (CH)","25.11.2020 07:00 - 25.11.2020 08:00 (CET/CEST)","1889","","3194"
"Switzerland (CH)","25.11.2020 08:00 - 25.11.2020 09:00 (CET/CEST)","1710","","3158"
"Switzerland (CH)","25.11.2020 09:00 - 25.11.2020 10:00 (CET/CEST)","1813","","3217"
"Switzerland (CH)","25.11.2020 10:00 - 25.11.2020 11:00 (CET/CEST)","1739","","3189"
"Switzerland (CH)","25.11.2020 11:00 - 25.11.2020 12:00 (CET/CEST)","1764","","3075"
"Switzerland (CH)","25.11.2020 12:00 - 25.11.2020 13:00 (CET/CEST)","1742","","2710"
"Switzerland (CH)","25.11.2020 13:00 - 25.11.2020 14:00 (CET/CEST)","1813","","2809"
"Switzerland (CH)","25.11.2020 14:00 - 25.11.2020 15:00 (CET/CEST)","1897","","2862"
"Switzerland (CH)","25.11.2020 15:00 - 25.11.2020 16:00 (CET/CEST)","2051","","2966"
"Switzerland (CH)","25.11.2020 16:00 - 25.11.2020 17:00 (CET/CEST)","2305","","3052"
"Switzerland (CH)","25.11.2020 17:00 - 25.11.2020 18:00 (CET/CEST)","2342","","3295"
"Switzerland (CH)","25.11.2020 18:00 - 25.11.2020 19:00 (CET/CEST)","2149","","3527"
"Switzerland (CH)","25.11.2020 19:00 - 25.11.2020 20:00 (CET/CEST)","1982","","3301"
"Switzerland (CH)","25.11.2020 20:00 - 25.11.2020 21:00 (CET/CEST)","1444","","2955"
"Switzerland (CH)","25.11.2020 21:00 - 25.11.2020 22:00 (CET/CEST)","359","","1476"
"Switzerland (CH)","25.11.2020 22:00 - 25.11.2020 23:00 (CET/CEST)","597","","2021"
"Switzerland (CH)","25.11.2020 23:00 - 26.11.2020 00:00 (CET/CEST)","422","","1711"
"Switzerland (CH)","26.11.2020 00:00 - 26.11.2020 01:00 (CET/CEST)","596","","1896"
"Switzerland (CH)","26.11.2020 01:00 - 26.11.2020 02:00 (CET/CEST)","907","","1790"
"Switzerland (CH)","26.11.2020 02:00 - 26.11.2020 03:00 (CET/CEST)","907","","1657"
"Switzerland (CH)","26.11.2020 03:00 - 26.11.2020 04:00 (CET/CEST)","340","","637"
"Switzerland (CH)","26.11.2020 04:00 - 26.11.2020 05:00 (CET/CEST)","456","","592"
"Switzerland (CH)","26.11.2020 05:00 - 26.11.2020 06:00 (CET/CEST)","752","","810"
"Switzerland (CH)","26.11.2020 06:00 - 26.11.2020 07:00 (CET/CEST)","1817","","2438"
"Switzerland (CH)","26.11.2020 07:00 - 26.11.2020 08:00 (CET/CEST)","2342","","3091"
"Switzerland (CH)","26.11.2020 08:00 - 26.11.2020 09:00 (CET/CEST)","2586","","3425"
"Switzerland (CH)","26.11.2020 09:00 - 26.11.2020 10:00 (CET/CEST)","2555","","3351"
"Switzerland (CH)","26.11.2020 10:00 - 26.11.2020 11:00 (CET/CEST)","2508","","3173"
"Switzerland (CH)","26.11.2020 11:00 - 26.11.2020 12:00 (CET/CEST)","2313","","3193"
"Switzerland (CH)","26.11.2020 12:00 - 26.11.2020 13:00 (CET/CEST)","2169","","3369"
"Switzerland (CH)","26.11.2020 13:00 - 26.11.2020 14:00 (CET/CEST)","1992","","3312"
"Switzerland (CH)","26.11.2020 14:00 - 26.11.2020 15:00 (CET/CEST)","2062","","3396"
"Switzerland (CH)","26.11.2020 15:00 - 26.11.2020 16:00 (CET/CEST)","2111","","3398"
"Switzerland (CH)","26.11.2020 16:00 - 26.11.2020 17:00 (CET/CEST)","2557","","3609"
"Switzerland (CH)","26.11.2020 17:00 - 26.11.2020 18:00 (CET/CEST)","2720","","3608"
"Switzerland (CH)","26.11.2020 18:00 - 26.11.2020 19:00 (CET/CEST)","2630","","3689"
"Switzerland (CH)","26.11.2020 19:00 - 26.11.2020 20:00 (CET/CEST)","2663","","3603"
"Switzerland (CH)","26.11.2020 20:00 - 26.11.2020 21:00 (CET/CEST)","2130","","3371"
"Switzerland (CH)","26.11.2020 21:00 - 26.11.2020 22:00 (CET/CEST)","1371","","2695"
"Switzerland (CH)","26.11.2020 22:00 - 26.11.2020 23:00 (CET/CEST)","619","","1816"
"Switzerland (CH)","26.11.2020 23:00 - 27.11.2020 00:00 (CET/CEST)","292","","962"
"Switzerland (CH)","27.11.2020 00:00 - 27.11.2020 01:00 (CET/CEST)","191","","795"
"Switzerland (CH)","27.11.2020 01:00 - 27.11.2020 02:00 (CET/CEST)","139","","719"
"Switzerland (CH)","27.11.2020 02:00 - 27.11.2020 03:00 (CET/CEST)","138","","678"
"Switzerland (CH)","27.11.2020 03:00 - 27.11.2020 04:00 (CET/CEST)","118","","626"
"Switzerland (CH)","27.11.2020 04:00 - 27.11.2020 05:00 (CET/CEST)","123","","661"
"Switzerland (CH)","27.11.2020 05:00 - 27.11.2020 06:00 (CET/CEST)","242","","869"
"Switzerland (CH)","27.11.2020 06:00 - 27.11.2020 07:00 (CET/CEST)","1472","","2716"
"Switzerland (CH)","27.11.2020 07:00 - 27.11.2020 08:00 (CET/CEST)","2214","","3315"
"Switzerland (CH)","27.11.2020 08:00 - 27.11.2020 09:00 (CET/CEST)","2044","","3203"
"Switzerland (CH)","27.11.2020 09:00 - 27.11.2020 10:00 (CET/CEST)","2027","","3228"
"Switzerland (CH)","27.11.2020 10:00 - 27.11.2020 11:00 (CET/CEST)","2199","","3390"
"Switzerland (CH)","27.11.2020 11:00 - 27.11.2020 12:00 (CET/CEST)","2008","","3438"
"Switzerland (CH)","27.11.2020 12:00 - 27.11.2020 13:00 (CET/CEST)","2015","","3365"
"Switzerland (CH)","27.11.2020 13:00 - 27.11.2020 14:00 (CET/CEST)","1944","","3410"
"Switzerland (CH)","27.11.2020 14:00 - 27.11.2020 15:00 (CET/CEST)","1614","","3375"
"Switzerland (CH)","27.11.2020 15:00 - 27.11.2020 16:00 (CET/CEST)","2026","","3423"
"Switzerland (CH)","27.11.2020 16:00 - 27.11.2020 17:00 (CET/CEST)","2135","","3136"
"Switzerland (CH)","27.11.2020 17:00 - 27.11.2020 18:00 (CET/CEST)","2361","","3416"
"Switzerland (CH)","27.11.2020 18:00 - 27.11.2020 19:00 (CET/CEST)","2232","","3267"
"Switzerland (CH)","27.11.2020 19:00 - 27.11.2020 20:00 (CET/CEST)","1885","","3232"
"Switzerland (CH)","27.11.2020 20:00 - 27.11.2020 21:00 (CET/CEST)","1138","","2515"
"Switzerland (CH)","27.11.2020 21:00 - 27.11.2020 22:00 (CET/CEST)","771","","2068"
"Switzerland (CH)","27.11.2020 22:00 - 27.11.2020 23:00 (CET/CEST)","495","","2022"
"Switzerland (CH)","27.11.2020 23:00 - 28.11.2020 00:00 (CET/CEST)","192","","862"
"Switzerland (CH)","28.11.2020 00:00 - 28.11.2020 01:00 (CET/CEST)","131","","1425"
"Switzerland (CH)","28.11.2020 01:00 - 28.11.2020 02:00 (CET/CEST)","90","","889"
"Switzerland (CH)","28.11.2020 02:00 - 28.11.2020 03:00 (CET/CEST)","92","","756"
"Switzerland (CH)","28.11.2020 03:00 - 28.11.2020 04:00 (CET/CEST)","70","","554"
"Switzerland (CH)","28.11.2020 04:00 - 28.11.2020 05:00 (CET/CEST)","77","","543"
"Switzerland (CH)","28.11.2020 05:00 - 28.11.2020 06:00 (CET/CEST)","100","","619"
"Switzerland (CH)","28.11.2020 06:00 - 28.11.2020 07:00 (CET/CEST)","111","","622"
"Switzerland (CH)","28.11.2020 07:00 - 28.11.2020 08:00 (CET/CEST)","137","","725"
"Switzerland (CH)","28.11.2020 08:00 - 28.11.2020 09:00 (CET/CEST)","281","","1310"
"Switzerland (CH)","28.11.2020 09:00 - 28.11.2020 10:00 (CET/CEST)","488","","1966"
"Switzerland (CH)","28.11.2020 10:00 - 28.11.2020 11:00 (CET/CEST)","474","","2144"
"Switzerland (CH)","28.11.2020 11:00 - 28.11.2020 12:00 (CET/CEST)","411","","1646"
"Switzerland (CH)","28.11.2020 12:00 - 28.11.2020 13:00 (CET/CEST)","303","","1506"
"Switzerland (CH)","28.11.2020 13:00 - 28.11.2020 14:00 (CET/CEST)","145","","1231"
"Switzerland (CH)","28.11.2020 14:00 - 28.11.2020 15:00 (CET/CEST)","99","","1256"
"Switzerland (CH)","28.11.2020 15:00 - 28.11.2020 16:00 (CET/CEST)","110","","1205"
"Switzerland (CH)","28.11.2020 16:00 - 28.11.2020 17:00 (CET/CEST)","176","","1943"
"Switzerland (CH)","28.11.2020 17:00 - 28.11.2020 18:00 (CET/CEST)","847","","2858"
"Switzerland (CH)","28.11.2020 18:00 - 28.11.2020 19:00 (CET/CEST)","1149","","2959"
"Switzerland (CH)","28.11.2020 19:00 - 28.11.2020 20:00 (CET/CEST)","489","","2753"
"Switzerland (CH)","28.11.2020 20:00 - 28.11.2020 21:00 (CET/CEST)","141","","1671"
"Switzerland (CH)","28.11.2020 21:00 - 28.11.2020 22:00 (CET/CEST)","77","","1039"
"Switzerland (CH)","28.11.2020 22:00 - 28.11.2020 23:00 (CET/CEST)","51","","921"
"Switzerland (CH)","28.11.2020 23:00 - 29.11.2020 00:00 (CET/CEST)","47","","679"
"Switzerland (CH)","29.11.2020 00:00 - 29.11.2020 01:00 (CET/CEST)","144","","528"
"Switzerland (CH)","29.11.2020 01:00 - 29.11.2020 02:00 (CET/CEST)","97","","486"
"Switzerland (CH)","29.11.2020 02:00 - 29.11.2020 03:00 (CET/CEST)","73","","453"
"Switzerland (CH)","29.11.2020 03:00 - 29.11.2020 04:00 (CET/CEST)","67","","423"
"Switzerland (CH)","29.11.2020 04:00 - 29.11.2020 05:00 (CET/CEST)","68","","465"
"Switzerland (CH)","29.11.2020 05:00 - 29.11.2020 06:00 (CET/CEST)","94","","443"
"Switzerland (CH)","29.11.2020 06:00 - 29.11.2020 07:00 (CET/CEST)","117","","429"
"Switzerland (CH)","29.11.2020 07:00 - 29.11.2020 08:00 (CET/CEST)","98","","494"
"Switzerland (CH)","29.11.2020 08:00 - 29.11.2020 09:00 (CET/CEST)","102","","786"
"Switzerland (CH)","29.11.2020 09:00 - 29.11.2020 10:00 (CET/CEST)","206","","1006"
"Switzerland (CH)","29.11.2020 10:00 - 29.11.2020 11:00 (CET/CEST)","226","","1158"
"Switzerland (CH)","29.11.2020 11:00 - 29.11.2020 12:00 (CET/CEST)","231","","1301"
"Switzerland (CH)","29.11.2020 12:00 - 29.11.2020 13:00 (CET/CEST)","252","","1499"
"Switzerland (CH)","29.11.2020 13:00 - 29.11.2020 14:00 (CET/CEST)","210","","1370"
"Switzerland (CH)","29.11.2020 14:00 - 29.11.2020 15:00 (CET/CEST)","269","","1325"
"Switzerland (CH)","29.11.2020 15:00 - 29.11.2020 16:00 (CET/CEST)","302","","1703"
"Switzerland (CH)","29.11.2020 16:00 - 29.11.2020 17:00 (CET/CEST)","901","","2777"
"Switzerland (CH)","29.11.2020 17:00 - 29.11.2020 18:00 (CET/CEST)","1983","","3327"
"Switzerland (CH)","29.11.2020 18:00 - 29.11.2020 19:00 (CET/CEST)","2158","","3407"
"Switzerland (CH)","29.11.2020 19:00 - 29.11.2020 20:00 (CET/CEST)","1973","","3331"
"Switzerland (CH)","29.11.2020 20:00 - 29.11.2020 21:00 (CET/CEST)","1388","","3171"
"Switzerland (CH)","29.11.2020 21:00 - 29.11.2020 22:00 (CET/CEST)","677","","2677"
"Switzerland (CH)","29.11.2020 22:00 - 29.11.2020 23:00 (CET/CEST)","313","","1675"
"Switzerland (CH)","29.11.2020 23:00 - 30.11.2020 00:00 (CET/CEST)","130","","902"
"Switzerland (CH)","30.11.2020 00:00 - 30.11.2020 01:00 (CET/CEST)","32","","707"
"Switzerland (CH)","30.11.2020 01:00 - 30.11.2020 02:00 (CET/CEST)","8","","727"
"Switzerland (CH)","30.11.2020 02:00 - 30.11.2020 03:00 (CET/CEST)","6","","634"
"Switzerland (CH)","30.11.2020 03:00 - 30.11.2020 04:00 (CET/CEST)","6","","571"
"Switzerland (CH)","30.11.2020 04:00 - 30.11.2020 05:00 (CET/CEST)","19","","540"
"Switzerland (CH)","30.11.2020 05:00 - 30.11.2020 06:00 (CET/CEST)","70","","773"
"Switzerland (CH)","30.11.2020 06:00 - 30.11.2020 07:00 (CET/CEST)","966","","2199"
"Switzerland (CH)","30.11.2020 07:00 - 30.11.2020 08:00 (CET/CEST)","1721","","2944"
"Switzerland (CH)","30.11.2020 08:00 - 30.11.2020 09:00 (CET/CEST)","1231","","2920"
"Switzerland (CH)","30.11.2020 09:00 - 30.11.2020 10:00 (CET/CEST)","1189","","2823"
"Switzerland (CH)","30.11.2020 10:00 - 30.11.2020 11:00 (CET/CEST)","1244","","2818"
"Switzerland (CH)","30.11.2020 11:00 - 30.11.2020 12:00 (CET/CEST)","1157","","2883"
"Switzerland (CH)","30.11.2020 12:00 - 30.11.2020 13:00 (CET/CEST)","1114","","2906"
"Switzerland (CH)","30.11.2020 13:00 - 30.11.2020 14:00 (CET/CEST)","1077","","2726"
"Switzerland (CH)","30.11.2020 14:00 - 30.11.2020 15:00 (CET/CEST)","1207","","2641"
"Switzerland (CH)","30.11.2020 15:00 - 30.11.2020 16:00 (CET/CEST)","1188","","2711"
"Switzerland (CH)","30.11.2020 16:00 - 30.11.2020 17:00 (CET/CEST)","1532","","3139"
"Switzerland (CH)","30.11.2020 17:00 - 30.11.2020 18:00 (CET/CEST)","2070","","3378"
"Switzerland (CH)","30.11.2020 18:00 - 30.11.2020 19:00 (CET/CEST)","2076","","3441"
"Switzerland (CH)","30.11.2020 19:00 - 30.11.2020 20:00 (CET/CEST)","2045","","3393"
"Switzerland (CH)","30.11.2020 20:00 - 30.11.2020 21:00 (CET/CEST)","1521","","2914"
"Switzerland (CH)","30.11.2020 21:00 - 30.11.2020 22:00 (CET/CEST)","281","","1529"
"Switzerland (CH)","30.11.2020 22:00 - 30.11.2020 23:00 (CET/CEST)","102","","833"
"Switzerland (CH)","30.11.2020 23:00 - 01.12.2020 00:00 (CET/CEST)","67","","788"
"Switzerland (CH)","01.12.2020 00:00 - 01.12.2020 01:00 (CET/CEST)","79","","736"
"Switzerland (CH)","01.12.2020 01:00 - 01.12.2020 02:00 (CET/CEST)","50","","655"
"Switzerland (CH)","01.12.2020 02:00 - 01.12.2020 03:00 (CET/CEST)","52","","665"
"Switzerland (CH)","01.12.2020 03:00 - 01.12.2020 04:00 (CET/CEST)","39","","604"
"Switzerland (CH)","01.12.2020 04:00 - 01.12.2020 05:00 (CET/CEST)","45","","614"
"Switzerland (CH)","01.12.2020 05:00 - 01.12.2020 06:00 (CET/CEST)","120","","813"
"Switzerland (CH)","01.12.2020 06:00 - 01.12.2020 07:00 (CET/CEST)","437","","1893"
"Switzerland (CH)","01.12.2020 07:00 - 01.12.2020 08:00 (CET/CEST)","1559","","2839"
"Switzerland (CH)","01.12.2020 08:00 - 01.12.2020 09:00 (CET/CEST)","1802","","3206"
"Switzerland (CH)","01.12.2020 09:00 - 01.12.2020 10:00 (CET/CEST)","2349","","3306"
"Switzerland (CH)","01.12.2020 10:00 - 01.12.2020 11:00 (CET/CEST)","2126","","3242"
"Switzerland (CH)","01.12.2020 11:00 - 01.12.2020 12:00 (CET/CEST)","2233","","3184"
"Switzerland (CH)","01.12.2020 12:00 - 01.12.2020 13:00 (CET/CEST)","2167","","3008"
"Switzerland (CH)","01.12.2020 13:00 - 01.12.2020 14:00 (CET/CEST)","2006","","2910"
"Switzerland (CH)","01.12.2020 14:00 - 01.12.2020 15:00 (CET/CEST)","1934","","3140"
"Switzerland (CH)","01.12.2020 15:00 - 01.12.2020 16:00 (CET/CEST)","1986","","3120"
"Switzerland (CH)","01.12.2020 16:00 - 01.12.2020 17:00 (CET/CEST)","1990","","3083"
"Switzerland (CH)","01.12.2020 17:00 - 01.12.2020 18:00 (CET/CEST)","2375","","3391"
"Switzerland (CH)","01.12.2020 18:00 - 01.12.2020 19:00 (CET/CEST)","2515","","3407"
"Switzerland (CH)","01.12.2020 19:00 - 01.12.2020 20:00 (CET/CEST)","2315","","3250"
"Switzerland (CH)","01.12.2020 20:00 - 01.12.2020 21:00 (CET/CEST)","1686","","3206"
"Switzerland (CH)","01.12.2020 21:00 - 01.12.2020 22:00 (CET/CEST)","843","","2800"
"Switzerland (CH)","01.12.2020 22:00 - 01.12.2020 23:00 (CET/CEST)","405","","2272"
"Switzerland (CH)","01.12.2020 23:00 - 02.12.2020 00:00 (CET/CEST)","112","","1213"
"Switzerland (CH)","02.12.2020 00:00 - 02.12.2020 01:00 (CET/CEST)","66","","937"
"Switzerland (CH)","02.12.2020 01:00 - 02.12.2020 02:00 (CET/CEST)","15","","839"
"Switzerland (CH)","02.12.2020 02:00 - 02.12.2020 03:00 (CET/CEST)","37","","939"
"Switzerland (CH)","02.12.2020 03:00 - 02.12.2020 04:00 (CET/CEST)","24","","888"
"Switzerland (CH)","02.12.2020 04:00 - 02.12.2020 05:00 (CET/CEST)","27","","867"
"Switzerland (CH)","02.12.2020 05:00 - 02.12.2020 06:00 (CET/CEST)","76","","1054"
"Switzerland (CH)","02.12.2020 06:00 - 02.12.2020 07:00 (CET/CEST)","1339","","2657"
"Switzerland (CH)","02.12.2020 07:00 - 02.12.2020 08:00 (CET/CEST)","2269","","3176"
"Switzerland (CH)","02.12.2020 08:00 - 02.12.2020 09:00 (CET/CEST)","2479","","3207"
"Switzerland (CH)","02.12.2020 09:00 - 02.12.2020 10:00 (CET/CEST)","2349","","3048"
"Switzerland (CH)","02.12.2020 10:00 - 02.12.2020 11:00 (CET/CEST)","2416","","3283"
"Switzerland (CH)","02.12.2020 11:00 - 02.12.2020 12:00 (CET/CEST)","2705","","3324"
"Switzerland (CH)","02.12.2020 12:00 - 02.12.2020 13:00 (CET/CEST)","2773","","3478"
"Switzerland (CH)","02.12.2020 13:00 - 02.12.2020 14:00 (CET/CEST)","2797","","3291"
"Switzerland (CH)","02.12.2020 14:00 - 02.12.2020 15:00 (CET/CEST)","2764","","3238"
"Switzerland (CH)","02.12.2020 15:00 - 02.12.2020 16:00 (CET/CEST)","2470","","3071"
"Switzerland (CH)","02.12.2020 16:00 - 02.12.2020 17:00 (CET/CEST)","2676","","3530"
"Switzerland (CH)","02.12.2020 17:00 - 02.12.2020 18:00 (CET/CEST)","2638","","3787"
"Switzerland (CH)","02.12.2020 18:00 - 02.12.2020 19:00 (CET/CEST)","2447","","3780"
"Switzerland (CH)","02.12.2020 19:00 - 02.12.2020 20:00 (CET/CEST)","2163","","3569"
"Switzerland (CH)","02.12.2020 20:00 - 02.12.2020 21:00 (CET/CEST)","1692","","3093"
"Switzerland (CH)","02.12.2020 21:00 - 02.12.2020 22:00 (CET/CEST)","1253","","2397"
"Switzerland (CH)","02.12.2020 22:00 - 02.12.2020 23:00 (CET/CEST)","641","","1543"
"Switzerland (CH)","02.12.2020 23:00 - 03.12.2020 00:00 (CET/CEST)","350","","889"
"Switzerland (CH)","03.12.2020 00:00 - 03.12.2020 01:00 (CET/CEST)","80","","960"
"Switzerland (CH)","03.12.2020 01:00 - 03.12.2020 02:00 (CET/CEST)","31","","767"
"Switzerland (CH)","03.12.2020 02:00 - 03.12.2020 03:00 (CET/CEST)","33","","646"
"Switzerland (CH)","03.12.2020 03:00 - 03.12.2020 04:00 (CET/CEST)","50","","639"
"Switzerland (CH)","03.12.2020 04:00 - 03.12.2020 05:00 (CET/CEST)","47","","826"
"Switzerland (CH)","03.12.2020 05:00 - 03.12.2020 06:00 (CET/CEST)","141","","1138"
"Switzerland (CH)","03.12.2020 06:00 - 03.12.2020 07:00 (CET/CEST)","842","","2412"
"Switzerland (CH)","03.12.2020 07:00 - 03.12.2020 08:00 (CET/CEST)","1699","","3445"
"Switzerland (CH)","03.12.2020 08:00 - 03.12.2020 09:00 (CET/CEST)","1943","","3310"
"Switzerland (CH)","03.12.2020 09:00 - 03.12.2020 10:00 (CET/CEST)","2293","","3316"
"Switzerland (CH)","03.12.2020 10:00 - 03.12.2020 11:00 (CET/CEST)","1989","","3164"
"Switzerland (CH)","03.12.2020 11:00 - 03.12.2020 12:00 (CET/CEST)","1893","","2976"
"Switzerland (CH)","03.12.2020 12:00 - 03.12.2020 13:00 (CET/CEST)","1825","","2896"
"Switzerland (CH)","03.12.2020 13:00 - 03.12.2020 14:00 (CET/CEST)","1407","","2429"
"Switzerland (CH)","03.12.2020 14:00 - 03.12.2020 15:00 (CET/CEST)","893","","2595"
"Switzerland (CH)","03.12.2020 15:00 - 03.12.2020 16:00 (CET/CEST)","913","","2780"
"Switzerland (CH)","03.12.2020 16:00 - 03.12.2020 17:00 (CET/CEST)","1056","","2833"
"Switzerland (CH)","03.12.2020 17:00 - 03.12.2020 18:00 (CET/CEST)","1035","","2919"
"Switzerland (CH)","03.12.2020 18:00 - 03.12.2020 19:00 (CET/CEST)","962","","3139"
"Switzerland (CH)","03.12.2020 19:00 - 03.12.2020 20:00 (CET/CEST)","733","","2613"
"Switzerland (CH)","03.12.2020 20:00 - 03.12.2020 21:00 (CET/CEST)","624","","2517"
"Switzerland (CH)","03.12.2020 21:00 - 03.12.2020 22:00 (CET/CEST)","320","","1953"
"Switzerland (CH)","03.12.2020 22:00 - 03.12.2020 23:00 (CET/CEST)","147","","1319"
"Switzerland (CH)","03.12.2020 23:00 - 04.12.2020 00:00 (CET/CEST)","109","","890"
"Switzerland (CH)","04.12.2020 00:00 - 04.12.2020 01:00 (CET/CEST)","51","","701"
"Switzerland (CH)","04.12.2020 01:00 - 04.12.2020 02:00 (CET/CEST)","48","","582"
"Switzerland (CH)","04.12.2020 02:00 - 04.12.2020 03:00 (CET/CEST)","21","","552"
"Switzerland (CH)","04.12.2020 03:00 - 04.12.2020 04:00 (CET/CEST)","15","","529"
"Switzerland (CH)","04.12.2020 04:00 - 04.12.2020 05:00 (CET/CEST)","51","","683"
"Switzerland (CH)","04.12.2020 05:00 - 04.12.2020 06:00 (CET/CEST)","65","","744"
"Switzerland (CH)","04.12.2020 06:00 - 04.12.2020 07:00 (CET/CEST)","682","","1549"
"Switzerland (CH)","04.12.2020 07:00 - 04.12.2020 08:00 (CET/CEST)","1406","","2727"
"Switzerland (CH)","04.12.2020 08:00 - 04.12.2020 09:00 (CET/CEST)","2242","","3288"
"Switzerland (CH)","04.12.2020 09:00 - 04.12.2020 10:00 (CET/CEST)","2491","","3398"
"Switzerland (CH)","04.12.2020 10:00 - 04.12.2020 11:00 (CET/CEST)","2340","","3326"
"Switzerland (CH)","04.12.2020 11:00 - 04.12.2020 12:00 (CET/CEST)","2475","","3377"
"Switzerland (CH)","04.12.2020 12:00 - 04.12.2020 13:00 (CET/CEST)","2190","","3268"
"Switzerland (CH)","04.12.2020 13:00 - 04.12.2020 14:00 (CET/CEST)","1782","","3150"
"Switzerland (CH)","04.12.2020 14:00 - 04.12.2020 15:00 (CET/CEST)","1676","","2990"
"Switzerland (CH)","04.12.2020 15:00 - 04.12.2020 16:00 (CET/CEST)","1623","","2923"
"Switzerland (CH)","04.12.2020 16:00 - 04.12.2020 17:00 (CET/CEST)","1980","","3110"
"Switzerland (CH)","04.12.2020 17:00 - 04.12.2020 18:00 (CET/CEST)","2407","","3534"
"Switzerland (CH)","04.12.2020 18:00 - 04.12.2020 19:00 (CET/CEST)","2306","","3456"
"Switzerland (CH)","04.12.2020 19:00 - 04.12.2020 20:00 (CET/CEST)","2086","","3442"
"Switzerland (CH)","04.12.2020 20:00 - 04.12.2020 21:00 (CET/CEST)","1661","","2918"
"Switzerland (CH)","04.12.2020 21:00 - 04.12.2020 22:00 (CET/CEST)","546","","1769"
"Switzerland (CH)","04.12.2020 22:00 - 04.12.2020 23:00 (CET/CEST)","372","","1446"
"Switzerland (CH)","04.12.2020 23:00 - 05.12.2020 00:00 (CET/CEST)","166","","1109"
"Switzerland (CH)","05.12.2020 00:00 - 05.12.2020 01:00 (CET/CEST)","115","","844"
"Switzerland (CH)","05.12.2020 01:00 - 05.12.2020 02:00 (CET/CEST)","46","","575"
"Switzerland (CH)","05.12.2020 02:00 - 05.12.2020 03:00 (CET/CEST)","34","","567"
"Switzerland (CH)","05.12.2020 03:00 - 05.12.2020 04:00 (CET/CEST)","45","","525"
"Switzerland (CH)","05.12.2020 04:00 - 05.12.2020 05:00 (CET/CEST)","37","","459"
"Switzerland (CH)","05.12.2020 05:00 - 05.12.2020 06:00 (CET/CEST)","55","","497"
"Switzerland (CH)","05.12.2020 06:00 - 05.12.2020 07:00 (CET/CEST)","64","","500"
"Switzerland (CH)","05.12.2020 07:00 - 05.12.2020 08:00 (CET/CEST)","116","","608"
"Switzerland (CH)","05.12.2020 08:00 - 05.12.2020 09:00 (CET/CEST)","177","","1024"
"Switzerland (CH)","05.12.2020 09:00 - 05.12.2020 10:00 (CET/CEST)","519","","1615"
"Switzerland (CH)","05.12.2020 10:00 - 05.12.2020 11:00 (CET/CEST)","478","","1686"
"Switzerland (CH)","05.12.2020 11:00 - 05.12.2020 12:00 (CET/CEST)","427","","1997"
"Switzerland (CH)","05.12.2020 12:00 - 05.12.2020 13:00 (CET/CEST)","341","","2012"
"Switzerland (CH)","05.12.2020 13:00 - 05.12.2020 14:00 (CET/CEST)","209","","1532"
"Switzerland (CH)","05.12.2020 14:00 - 05.12.2020 15:00 (CET/CEST)","178","","1249"
"Switzerland (CH)","05.12.2020 15:00 - 05.12.2020 16:00 (CET/CEST)","226","","1499"
"Switzerland (CH)","05.12.2020 16:00 - 05.12.2020 17:00 (CET/CEST)","887","","2053"
"Switzerland (CH)","05.12.2020 17:00 - 05.12.2020 18:00 (CET/CEST)","1169","","2483"
"Switzerland (CH)","05.12.2020 18:00 - 05.12.2020 19:00 (CET/CEST)","999","","2433"
"Switzerland (CH)","05.12.2020 19:00 - 05.12.2020 20:00 (CET/CEST)","715","","2335"
"Switzerland (CH)","05.12.2020 20:00 - 05.12.2020 21:00 (CET/CEST)","379","","1842"
"Switzerland (CH)","05.12.2020 21:00 - 05.12.2020 22:00 (CET/CEST)","66","","806"
"Switzerland (CH)","05.12.2020 22:00 - 05.12.2020 23:00 (CET/CEST)","30","","728"
"Switzerland (CH)","05.12.2020 23:00 - 06.12.2020 00:00 (CET/CEST)","27","","613"
"Switzerland (CH)","06.12.2020 00:00 - 06.12.2020 01:00 (CET/CEST)","52","","587"
"Switzerland (CH)","06.12.2020 01:00 - 06.12.2020 02:00 (CET/CEST)","43","","525"
"Switzerland (CH)","06.12.2020 02:00 - 06.12.2020 03:00 (CET/CEST)","95","","503"
"Switzerland (CH)","06.12.2020 03:00 - 06.12.2020 04:00 (CET/CEST)","63","","494"
"Switzerland (CH)","06.12.2020 04:00 - 06.12.2020 05:00 (CET/CEST)","31","","442"
"Switzerland (CH)","06.12.2020 05:00 - 06.12.2020 06:00 (CET/CEST)","31","","436"
"Switzerland (CH)","06.12.2020 06:00 - 06.12.2020 07:00 (CET/CEST)","57","","465"
"Switzerland (CH)","06.12.2020 07:00 - 06.12.2020 08:00 (CET/CEST)","72","","501"
"Switzerland (CH)","06.12.2020 08:00 - 06.12.2020 09:00 (CET/CEST)","88","","521"
"Switzerland (CH)","06.12.2020 09:00 - 06.12.2020 10:00 (CET/CEST)","118","","581"
"Switzerland (CH)","06.12.2020 10:00 - 06.12.2020 11:00 (CET/CEST)","126","","756"
"Switzerland (CH)","06.12.2020 11:00 - 06.12.2020 12:00 (CET/CEST)","179","","1183"
"Switzerland (CH)","06.12.2020 12:00 - 06.12.2020 13:00 (CET/CEST)","233","","1807"
"Switzerland (CH)","06.12.2020 13:00 - 06.12.2020 14:00 (CET/CEST)","66","","798"
"Switzerland (CH)","06.12.2020 14:00 - 06.12.2020 15:00 (CET/CEST)","103","","691"
"Switzerland (CH)","06.12.2020 15:00 - 06.12.2020 16:00 (CET/CEST)","74","","600"
"Switzerland (CH)","06.12.2020 16:00 - 06.12.2020 17:00 (CET/CEST)","82","","869"
"Switzerland (CH)","06.12.2020 17:00 - 06.12.2020 18:00 (CET/CEST)","351","","2215"
"Switzerland (CH)","06.12.2020 18:00 - 06.12.2020 19:00 (CET/CEST)","618","","2613"
"Switzerland (CH)","06.12.2020 19:00 - 06.12.2020 20:00 (CET/CEST)","455","","2625"
"Switzerland (CH)","06.12.2020 20:00 - 06.12.2020 21:00 (CET/CEST)","447","","1619"
"Switzerland (CH)","06.12.2020 21:00 - 06.12.2020 22:00 (CET/CEST)","86","","854"
"Switzerland (CH)","06.12.2020 22:00 - 06.12.2020 23:00 (CET/CEST)","58","","661"
"Switzerland (CH)","06.12.2020 23:00 - 07.12.2020 00:00 (CET/CEST)","42","","618"
"Switzerland (CH)","07.12.2020 00:00 - 07.12.2020 01:00 (CET/CEST)","78","","478"
"Switzerland (CH)","07.12.2020 01:00 - 07.12.2020 02:00 (CET/CEST)","86","","467"
"Switzerland (CH)","07.12.2020 02:00 - 07.12.2020 03:00 (CET/CEST)","79","","490"
"Switzerland (CH)","07.12.2020 03:00 - 07.12.2020 04:00 (CET/CEST)","71","","487"
"Switzerland (CH)","07.12.2020 04:00 - 07.12.2020 05:00 (CET/CEST)","61","","397"
"Switzerland (CH)","07.12.2020 05:00 - 07.12.2020 06:00 (CET/CEST)","115","","553"
"Switzerland (CH)","07.12.2020 06:00 - 07.12.2020 07:00 (CET/CEST)","540","","1874"
"Switzerland (CH)","07.12.2020 07:00 - 07.12.2020 08:00 (CET/CEST)","1814","","3007"
"Switzerland (CH)","07.12.2020 08:00 - 07.12.2020 09:00 (CET/CEST)","2394","","3451"
"Switzerland (CH)","07.12.2020 09:00 - 07.12.2020 10:00 (CET/CEST)","2009","","3223"
"Switzerland (CH)","07.12.2020 10:00 - 07.12.2020 11:00 (CET/CEST)","1754","","3153"
"Switzerland (CH)","07.12.2020 11:00 - 07.12.2020 12:00 (CET/CEST)","1815","","3298"
"Switzerland (CH)","07.12.2020 12:00 - 07.12.2020 13:00 (CET/CEST)","1797","","3124"
"Switzerland (CH)","07.12.2020 13:00 - 07.12.2020 14:00 (CET/CEST)","1500","","3197"
"Switzerland (CH)","07.12.2020 14:00 - 07.12.2020 15:00 (CET/CEST)","1577","","3204"
"Switzerland (CH)","07.12.2020 15:00 - 07.12.2020 16:00 (CET/CEST)","1899","","3366"
"Switzerland (CH)","07.12.2020 16:00 - 07.12.2020 17:00 (CET/CEST)","2117","","3351"
"Switzerland (CH)","07.12.2020 17:00 - 07.12.2020 18:00 (CET/CEST)","2494","","3508"
"Switzerland (CH)","07.12.2020 18:00 - 07.12.2020 19:00 (CET/CEST)","2108","","3344"
"Switzerland (CH)","07.12.2020 19:00 - 07.12.2020 20:00 (CET/CEST)","1605","","3289"
"Switzerland (CH)","07.12.2020 20:00 - 07.12.2020 21:00 (CET/CEST)","1299","","3020"
"Switzerland (CH)","07.12.2020 21:00 - 07.12.2020 22:00 (CET/CEST)","551","","2070"
"Switzerland (CH)","07.12.2020 22:00 - 07.12.2020 23:00 (CET/CEST)","357","","1604"
"Switzerland (CH)","07.12.2020 23:00 - 08.12.2020 00:00 (CET/CEST)","130","","631"
"Switzerland (CH)","08.12.2020 00:00 - 08.12.2020 01:00 (CET/CEST)","70","","669"
"Switzerland (CH)","08.12.2020 01:00 - 08.12.2020 02:00 (CET/CEST)","65","","683"
"Switzerland (CH)","08.12.2020 02:00 - 08.12.2020 03:00 (CET/CEST)","39","","651"
"Switzerland (CH)","08.12.2020 03:00 - 08.12.2020 04:00 (CET/CEST)","41","","604"
"Switzerland (CH)","08.12.2020 04:00 - 08.12.2020 05:00 (CET/CEST)","27","","603"
"Switzerland (CH)","08.12.2020 05:00 - 08.12.2020 06:00 (CET/CEST)","84","","711"
"Switzerland (CH)","08.12.2020 06:00 - 08.12.2020 07:00 (CET/CEST)","244","","1284"
"Switzerland (CH)","08.12.2020 07:00 - 08.12.2020 08:00 (CET/CEST)","872","","3106"
"Switzerland (CH)","08.12.2020 08:00 - 08.12.2020 09:00 (CET/CEST)","1437","","3167"
"Switzerland (CH)","08.12.2020 09:00 - 08.12.2020 10:00 (CET/CEST)","1524","","3394"
"Switzerland (CH)","08.12.2020 10:00 - 08.12.2020 11:00 (CET/CEST)","1599","","3250"
"Switzerland (CH)","08.12.2020 11:00 - 08.12.2020 12:00 (CET/CEST)","1308","","3072"
"Switzerland (CH)","08.12.2020 12:00 - 08.12.2020 13:00 (CET/CEST)","1347","","2999"
"Switzerland (CH)","08.12.2020 13:00 - 08.12.2020 14:00 (CET/CEST)","1278","","3034"
"Switzerland (CH)","08.12.2020 14:00 - 08.12.2020 15:00 (CET/CEST)","1304","","3032"
"Switzerland (CH)","08.12.2020 15:00 - 08.12.2020 16:00 (CET/CEST)","1461","","3260"
"Switzerland (CH)","08.12.2020 16:00 - 08.12.2020 17:00 (CET/CEST)","1369","","3139"
"Switzerland (CH)","08.12.2020 17:00 - 08.12.2020 18:00 (CET/CEST)","1333","","3200"
"Switzerland (CH)","08.12.2020 18:00 - 08.12.2020 19:00 (CET/CEST)","1019","","2942"
"Switzerland (CH)","08.12.2020 19:00 - 08.12.2020 20:00 (CET/CEST)","1074","","2949"
"Switzerland (CH)","08.12.2020 20:00 - 08.12.2020 21:00 (CET/CEST)","790","","2073"
"Switzerland (CH)","08.12.2020 21:00 - 08.12.2020 22:00 (CET/CEST)","455","","1113"
"Switzerland (CH)","08.12.2020 22:00 - 08.12.2020 23:00 (CET/CEST)","203","","936"
"Switzerland (CH)","08.12.2020 23:00 - 09.12.2020 00:00 (CET/CEST)","142","","617"
"Switzerland (CH)","09.12.2020 00:00 - 09.12.2020 01:00 (CET/CEST)","138","","804"
"Switzerland (CH)","09.12.2020 01:00 - 09.12.2020 02:00 (CET/CEST)","67","","783"
"Switzerland (CH)","09.12.2020 02:00 - 09.12.2020 03:00 (CET/CEST)","53","","754"
"Switzerland (CH)","09.12.2020 03:00 - 09.12.2020 04:00 (CET/CEST)","55","","769"
"Switzerland (CH)","09.12.2020 04:00 - 09.12.2020 05:00 (CET/CEST)","61","","746"
"Switzerland (CH)","09.12.2020 05:00 - 09.12.2020 06:00 (CET/CEST)","254","","766"
"Switzerland (CH)","09.12.2020 06:00 - 09.12.2020 07:00 (CET/CEST)","1142","","1703"
"Switzerland (CH)","09.12.2020 07:00 - 09.12.2020 08:00 (CET/CEST)","2021","","3013"
"Switzerland (CH)","09.12.2020 08:00 - 09.12.2020 09:00 (CET/CEST)","2658","","3737"
"Switzerland (CH)","09.12.2020 09:00 - 09.12.2020 10:00 (CET/CEST)","2745","","3772"
"Switzerland (CH)","09.12.2020 10:00 - 09.12.2020 11:00 (CET/CEST)","2296","","3247"
"Switzerland (CH)","09.12.2020 11:00 - 09.12.2020 12:00 (CET/CEST)","2329","","2855"
"Switzerland (CH)","09.12.2020 12:00 - 09.12.2020 13:00 (CET/CEST)","2273","","3425"
"Switzerland (CH)","09.12.2020 13:00 - 09.12.2020 14:00 (CET/CEST)","2274","","3328"
"Switzerland (CH)","09.12.2020 14:00 - 09.12.2020 15:00 (CET/CEST)","2484","","3362"
"Switzerland (CH)","09.12.2020 15:00 - 09.12.2020 16:00 (CET/CEST)","2538","","3516"
"Switzerland (CH)","09.12.2020 16:00 - 09.12.2020 17:00 (CET/CEST)","2567","","3625"
"Switzerland (CH)","09.12.2020 17:00 - 09.12.2020 18:00 (CET/CEST)","2422","","3678"
"Switzerland (CH)","09.12.2020 18:00 - 09.12.2020 19:00 (CET/CEST)","2347","","3576"
"Switzerland (CH)","09.12.2020 19:00 - 09.12.2020 20:00 (CET/CEST)","2301","","3483"
"Switzerland (CH)","09.12.2020 20:00 - 09.12.2020 21:00 (CET/CEST)","1833","","3186"
"Switzerland (CH)","09.12.2020 21:00 - 09.12.2020 22:00 (CET/CEST)","1187","","2078"
"Switzerland (CH)","09.12.2020 22:00 - 09.12.2020 23:00 (CET/CEST)","646","","1834"
"Switzerland (CH)","09.12.2020 23:00 - 10.12.2020 00:00 (CET/CEST)","514","","1041"
"Switzerland (CH)","10.12.2020 00:00 - 10.12.2020 01:00 (CET/CEST)","210","","771"
"Switzerland (CH)","10.12.2020 01:00 - 10.12.2020 02:00 (CET/CEST)","108","","640"
"Switzerland (CH)","10.12.2020 02:00 - 10.12.2020 03:00 (CET/CEST)","73","","583"
"Switzerland (CH)","10.12.2020 03:00 - 10.12.2020 04:00 (CET/CEST)","108","","1262"
"Switzerland (CH)","10.12.2020 04:00 - 10.12.2020 05:00 (CET/CEST)","752","","1608"
"Switzerland (CH)","10.12.2020 05:00 - 10.12.2020 06:00 (CET/CEST)","730","","997"
"Switzerland (CH)","10.12.2020 06:00 - 10.12.2020 07:00 (CET/CEST)","964","","1809"
"Switzerland (CH)","10.12.2020 07:00 - 10.12.2020 08:00 (CET/CEST)","2187","","2975"
"Switzerland (CH)","10.12.2020 08:00 - 10.12.2020 09:00 (CET/CEST)","2504","","3370"
"Switzerland (CH)","10.12.2020 09:00 - 10.12.2020 10:00 (CET/CEST)","2416","","3495"
"Switzerland (CH)","10.12.2020 10:00 - 10.12.2020 11:00 (CET/CEST)","2592","","3537"
"Switzerland (CH)","10.12.2020 11:00 - 10.12.2020 12:00 (CET/CEST)","2616","","3640"
"Switzerland (CH)","10.12.2020 12:00 - 10.12.2020 13:00 (CET/CEST)","2382","","3517"
"Switzerland (CH)","10.12.2020 13:00 - 10.12.2020 14:00 (CET/CEST)","2388","","3521"
"Switzerland (CH)","10.12.2020 14:00 - 10.12.2020 15:00 (CET/CEST)","2357","","3570"
"Switzerland (CH)","10.12.2020 15:00 - 10.12.2020 16:00 (CET/CEST)","2241","","3589"
"Switzerland (CH)","10.12.2020 16:00 - 10.12.2020 17:00 (CET/CEST)","2415","","3667"
"Switzerland (CH)","10.12.2020 17:00 - 10.12.2020 18:00 (CET/CEST)","2565","","3732"
"Switzerland (CH)","10.12.2020 18:00 - 10.12.2020 19:00 (CET/CEST)","2481","","3723"
"Switzerland (CH)","10.12.2020 19:00 - 10.12.2020 20:00 (CET/CEST)","2163","","3481"
"Switzerland (CH)","10.12.2020 20:00 - 10.12.2020 21:00 (CET/CEST)","1258","","3069"
"Switzerland (CH)","10.12.2020 21:00 - 10.12.2020 22:00 (CET/CEST)","801","","1711"
"Switzerland (CH)","10.12.2020 22:00 - 10.12.2020 23:00 (CET/CEST)","877","","1956"
"Switzerland (CH)","10.12.2020 23:00 - 11.12.2020 00:00 (CET/CEST)","746","","1318"
"Switzerland (CH)","11.12.2020 00:00 - 11.12.2020 01:00 (CET/CEST)","360","","1092"
"Switzerland (CH)","11.12.2020 01:00 - 11.12.2020 02:00 (CET/CEST)","64","","509"
"Switzerland (CH)","11.12.2020 02:00 - 11.12.2020 03:00 (CET/CEST)","97","","524"
"Switzerland (CH)","11.12.2020 03:00 - 11.12.2020 04:00 (CET/CEST)","90","","484"
"Switzerland (CH)","11.12.2020 04:00 - 11.12.2020 05:00 (CET/CEST)","127","","508"
"Switzerland (CH)","11.12.2020 05:00 - 11.12.2020 06:00 (CET/CEST)","288","","1197"
"Switzerland (CH)","11.12.2020 06:00 - 11.12.2020 07:00 (CET/CEST)","1872","","2496"
"Switzerland (CH)","11.12.2020 07:00 - 11.12.2020 08:00 (CET/CEST)","2399","","3073"
"Switzerland (CH)","11.12.2020 08:00 - 11.12.2020 09:00 (CET/CEST)","2478","","3104"
"Switzerland (CH)","11.12.2020 09:00 - 11.12.2020 10:00 (CET/CEST)","2567","","3455"
"Switzerland (CH)","11.12.2020 10:00 - 11.12.2020 11:00 (CET/CEST)","2487","","3337"
"Switzerland (CH)","11.12.2020 11:00 - 11.12.2020 12:00 (CET/CEST)","2320","","3095"
"Switzerland (CH)","11.12.2020 12:00 - 11.12.2020 13:00 (CET/CEST)","2054","","3075"
"Switzerland (CH)","11.12.2020 13:00 - 11.12.2020 14:00 (CET/CEST)","1956","","2904"
"Switzerland (CH)","11.12.2020 14:00 - 11.12.2020 15:00 (CET/CEST)","2073","","2990"
"Switzerland (CH)","11.12.2020 15:00 - 11.12.2020 16:00 (CET/CEST)","2285","","3004"
"Switzerland (CH)","11.12.2020 16:00 - 11.12.2020 17:00 (CET/CEST)","2463","","3043"
"Switzerland (CH)","11.12.2020 17:00 - 11.12.2020 18:00 (CET/CEST)","2435","","3232"
"Switzerland (CH)","11.12.2020 18:00 - 11.12.2020 19:00 (CET/CEST)","2310","","3112"
"Switzerland (CH)","11.12.2020 19:00 - 11.12.2020 20:00 (CET/CEST)","2021","","3007"
"Switzerland (CH)","11.12.2020 20:00 - 11.12.2020 21:00 (CET/CEST)","1485","","2592"
"Switzerland (CH)","11.12.2020 21:00 - 11.12.2020 22:00 (CET/CEST)","603","","1482"
"Switzerland (CH)","11.12.2020 22:00 - 11.12.2020 23:00 (CET/CEST)","408","","1089"
"Switzerland (CH)","11.12.2020 23:00 - 12.12.2020 00:00 (CET/CEST)","250","","836"
"Switzerland (CH)","12.12.2020 00:00 - 12.12.2020 01:00 (CET/CEST)","96","","809"
"Switzerland (CH)","12.12.2020 01:00 - 12.12.2020 02:00 (CET/CEST)","74","","708"
"Switzerland (CH)","12.12.2020 02:00 - 12.12.2020 03:00 (CET/CEST)","29","","656"
"Switzerland (CH)","12.12.2020 03:00 - 12.12.2020 04:00 (CET/CEST)","55","","548"
"Switzerland (CH)","12.12.2020 04:00 - 12.12.2020 05:00 (CET/CEST)","41","","588"
"Switzerland (CH)","12.12.2020 05:00 - 12.12.2020 06:00 (CET/CEST)","15","","592"
"Switzerland (CH)","12.12.2020 06:00 - 12.12.2020 07:00 (CET/CEST)","84","","592"
"Switzerland (CH)","12.12.2020 07:00 - 12.12.2020 08:00 (CET/CEST)","84","","568"
"Switzerland (CH)","12.12.2020 08:00 - 12.12.2020 09:00 (CET/CEST)","159","","735"
"Switzerland (CH)","12.12.2020 09:00 - 12.12.2020 10:00 (CET/CEST)","554","","1323"
"Switzerland (CH)","12.12.2020 10:00 - 12.12.2020 11:00 (CET/CEST)","648","","1871"
"Switzerland (CH)","12.12.2020 11:00 - 12.12.2020 12:00 (CET/CEST)","488","","1995"
"Switzerland (CH)","12.12.2020 12:00 - 12.12.2020 13:00 (CET/CEST)","499","","2023"
"Switzerland (CH)","12.12.2020 13:00 - 12.12.2020 14:00 (CET/CEST)","383","","1604"
"Switzerland (CH)","12.12.2020 14:00 - 12.12.2020 15:00 (CET/CEST)","227","","1112"
"Switzerland (CH)","12.12.2020 15:00 - 12.12.2020 16:00 (CET/CEST)","413","","1711"
"Switzerland (CH)","12.12.2020 16:00 - 12.12.2020 17:00 (CET/CEST)","438","","1914"
"Switzerland (CH)","12.12.2020 17:00 - 12.12.2020 18:00 (CET/CEST)","1335","","2887"
"Switzerland (CH)","12.12.2020 18:00 - 12.12.2020 19:00 (CET/CEST)","1418","","2822"
"Switzerland (CH)","12.12.2020 19:00 - 12.12.2020 20:00 (CET/CEST)","810","","2409"
"Switzerland (CH)","12.12.2020 20:00 - 12.12.2020 21:00 (CET/CEST)","254","","1476"
"Switzerland (CH)","12.12.2020 21:00 - 12.12.2020 22:00 (CET/CEST)","175","","1001"
"Switzerland (CH)","12.12.2020 22:00 - 12.12.2020 23:00 (CET/CEST)","152","","827"
"Switzerland (CH)","12.12.2020 23:00 - 13.12.2020 00:00 (CET/CEST)","119","","579"
"Switzerland (CH)","13.12.2020 00:00 - 13.12.2020 01:00 (CET/CEST)","119","","385"
"Switzerland (CH)","13.12.2020 01:00 - 13.12.2020 02:00 (CET/CEST)","165","","260"
"Switzerland (CH)","13.12.2020 02:00 - 13.12.2020 03:00 (CET/CEST)","173","","288"
"Switzerland (CH)","13.12.2020 03:00 - 13.12.2020 04:00 (CET/CEST)","215","","291"
"Switzerland (CH)","13.12.2020 04:00 - 13.12.2020 05:00 (CET/CEST)","190","","277"
"Switzerland (CH)","13.12.2020 05:00 - 13.12.2020 06:00 (CET/CEST)","149","","338"
"Switzerland (CH)","13.12.2020 06:00 - 13.12.2020 07:00 (CET/CEST)","166","","374"
"Switzerland (CH)","13.12.2020 07:00 - 13.12.2020 08:00 (CET/CEST)","159","","461"
"Switzerland (CH)","13.12.2020 08:00 - 13.12.2020 09:00 (CET/CEST)","128","","573"
"Switzerland (CH)","13.12.2020 09:00 - 13.12.2020 10:00 (CET/CEST)","150","","709"
"Switzerland (CH)","13.12.2020 10:00 - 13.12.2020 11:00 (CET/CEST)","148","","850"
"Switzerland (CH)","13.12.2020 11:00 - 13.12.2020 12:00 (CET/CEST)","265","","1184"
"Switzerland (CH)","13.12.2020 12:00 - 13.12.2020 13:00 (CET/CEST)","278","","1136"
"Switzerland (CH)","13.12.2020 13:00 - 13.12.2020 14:00 (CET/CEST)","185","","679"
"Switzerland (CH)","13.12.2020 14:00 - 13.12.2020 15:00 (CET/CEST)","139","","625"
"Switzerland (CH)","13.12.2020 15:00 - 13.12.2020 16:00 (CET/CEST)","135","","658"
"Switzerland (CH)","13.12.2020 16:00 - 13.12.2020 17:00 (CET/CEST)","161","","1179"
"Switzerland (CH)","13.12.2020 17:00 - 13.12.2020 18:00 (CET/CEST)","438","","1785"
"Switzerland (CH)","13.12.2020 18:00 - 13.12.2020 19:00 (CET/CEST)","607","","1946"
"Switzerland (CH)","13.12.2020 19:00 - 13.12.2020 20:00 (CET/CEST)","571","","1450"
"Switzerland (CH)","13.12.2020 20:00 - 13.12.2020 21:00 (CET/CEST)","270","","869"
"Switzerland (CH)","13.12.2020 21:00 - 13.12.2020 22:00 (CET/CEST)","170","","677"
"Switzerland (CH)","13.12.2020 22:00 - 13.12.2020 23:00 (CET/CEST)","72","","748"
"Switzerland (CH)","13.12.2020 23:00 - 14.12.2020 00:00 (CET/CEST)","42","","544"
"Switzerland (CH)","14.12.2020 00:00 - 14.12.2020 01:00 (CET/CEST)","47","","402"
"Switzerland (CH)","14.12.2020 01:00 - 14.12.2020 02:00 (CET/CEST)","57","","381"
"Switzerland (CH)","14.12.2020 02:00 - 14.12.2020 03:00 (CET/CEST)","72","","376"
"Switzerland (CH)","14.12.2020 03:00 - 14.12.2020 04:00 (CET/CEST)","80","","373"
"Switzerland (CH)","14.12.2020 04:00 - 14.12.2020 05:00 (CET/CEST)","68","","387"
"Switzerland (CH)","14.12.2020 05:00 - 14.12.2020 06:00 (CET/CEST)","149","","471"
"Switzerland (CH)","14.12.2020 06:00 - 14.12.2020 07:00 (CET/CEST)","311","","1346"
"Switzerland (CH)","14.12.2020 07:00 - 14.12.2020 08:00 (CET/CEST)","1303","","2325"
"Switzerland (CH)","14.12.2020 08:00 - 14.12.2020 09:00 (CET/CEST)","1584","","2837"
"Switzerland (CH)","14.12.2020 09:00 - 14.12.2020 10:00 (CET/CEST)","1585","","2678"
"Switzerland (CH)","14.12.2020 10:00 - 14.12.2020 11:00 (CET/CEST)","1226","","2735"
"Switzerland (CH)","14.12.2020 11:00 - 14.12.2020 12:00 (CET/CEST)","806","","2633"
"Switzerland (CH)","14.12.2020 12:00 - 14.12.2020 13:00 (CET/CEST)","771","","2616"
"Switzerland (CH)","14.12.2020 13:00 - 14.12.2020 14:00 (CET/CEST)","882","","2544"
"Switzerland (CH)","14.12.2020 14:00 - 14.12.2020 15:00 (CET/CEST)","1451","","2683"
"Switzerland (CH)","14.12.2020 15:00 - 14.12.2020 16:00 (CET/CEST)","1550","","3027"
"Switzerland (CH)","14.12.2020 16:00 - 14.12.2020 17:00 (CET/CEST)","1874","","3142"
"Switzerland (CH)","14.12.2020 17:00 - 14.12.2020 18:00 (CET/CEST)","2222","","3305"
"Switzerland (CH)","14.12.2020 18:00 - 14.12.2020 19:00 (CET/CEST)","2277","","3322"
"Switzerland (CH)","14.12.2020 19:00 - 14.12.2020 20:00 (CET/CEST)","1916","","3096"
"Switzerland (CH)","14.12.2020 20:00 - 14.12.2020 21:00 (CET/CEST)","869","","2163"
"Switzerland (CH)","14.12.2020 21:00 - 14.12.2020 22:00 (CET/CEST)","323","","1466"
"Switzerland (CH)","14.12.2020 22:00 - 14.12.2020 23:00 (CET/CEST)","258","","795"
"Switzerland (CH)","14.12.2020 23:00 - 15.12.2020 00:00 (CET/CEST)","90","","533"
"Switzerland (CH)","15.12.2020 00:00 - 15.12.2020 01:00 (CET/CEST)","106","","398"
"Switzerland (CH)","15.12.2020 01:00 - 15.12.2020 02:00 (CET/CEST)","73","","320"
"Switzerland (CH)","15.12.2020 02:00 - 15.12.2020 03:00 (CET/CEST)","87","","341"
"Switzerland (CH)","15.12.2020 03:00 - 15.12.2020 04:00 (CET/CEST)","87","","311"
"Switzerland (CH)","15.12.2020 04:00 - 15.12.2020 05:00 (CET/CEST)","83","","343"
"Switzerland (CH)","15.12.2020 05:00 - 15.12.2020 06:00 (CET/CEST)","134","","526"
"Switzerland (CH)","15.12.2020 06:00 - 15.12.2020 07:00 (CET/CEST)","792","","1727"
"Switzerland (CH)","15.12.2020 07:00 - 15.12.2020 08:00 (CET/CEST)","1428","","2829"
"Switzerland (CH)","15.12.2020 08:00 - 15.12.2020 09:00 (CET/CEST)","1792","","2769"
"Switzerland (CH)","15.12.2020 09:00 - 15.12.2020 10:00 (CET/CEST)","1679","","2855"
"Switzerland (CH)","15.12.2020 10:00 - 15.12.2020 11:00 (CET/CEST)","1662","","3179"
"Switzerland (CH)","15.12.2020 11:00 - 15.12.2020 12:00 (CET/CEST)","1766","","3319"
"Switzerland (CH)","15.12.2020 12:00 - 15.12.2020 13:00 (CET/CEST)","1928","","3186"
"Switzerland (CH)","15.12.2020 13:00 - 15.12.2020 14:00 (CET/CEST)","1816","","3103"
"Switzerland (CH)","15.12.2020 14:00 - 15.12.2020 15:00 (CET/CEST)","1707","","2934"
"Switzerland (CH)","15.12.2020 15:00 - 15.12.2020 16:00 (CET/CEST)","2134","","3056"
"Switzerland (CH)","15.12.2020 16:00 - 15.12.2020 17:00 (CET/CEST)","1948","","3236"
"Switzerland (CH)","15.12.2020 17:00 - 15.12.2020 18:00 (CET/CEST)","2254","","3438"
"Switzerland (CH)","15.12.2020 18:00 - 15.12.2020 19:00 (CET/CEST)","2201","","3318"
"Switzerland (CH)","15.12.2020 19:00 - 15.12.2020 20:00 (CET/CEST)","2015","","3123"
"Switzerland (CH)","15.12.2020 20:00 - 15.12.2020 21:00 (CET/CEST)","1204","","2441"
"Switzerland (CH)","15.12.2020 21:00 - 15.12.2020 22:00 (CET/CEST)","597","","1950"
"Switzerland (CH)","15.12.2020 22:00 - 15.12.2020 23:00 (CET/CEST)","193","","1492"
"Switzerland (CH)","15.12.2020 23:00 - 16.12.2020 00:00 (CET/CEST)","171","","773"
"Switzerland (CH)","16.12.2020 00:00 - 16.12.2020 01:00 (CET/CEST)","189","","464"
"Switzerland (CH)","16.12.2020 01:00 - 16.12.2020 02:00 (CET/CEST)","116","","390"
"Switzerland (CH)","16.12.2020 02:00 - 16.12.2020 03:00 (CET/CEST)","157","","317"
"Switzerland (CH)","16.12.2020 03:00 - 16.12.2020 04:00 (CET/CEST)","166","","312"
"Switzerland (CH)","16.12.2020 04:00 - 16.12.2020 05:00 (CET/CEST)","133","","389"
"Switzerland (CH)","16.12.2020 05:00 - 16.12.2020 06:00 (CET/CEST)","223","","697"
"Switzerland (CH)","16.12.2020 06:00 - 16.12.2020 07:00 (CET/CEST)","641","","2021"
"Switzerland (CH)","16.12.2020 07:00 - 16.12.2020 08:00 (CET/CEST)","1458","","2734"
"Switzerland (CH)","16.12.2020 08:00 - 16.12.2020 09:00 (CET/CEST)","1975","","2904"
"Switzerland (CH)","16.12.2020 09:00 - 16.12.2020 10:00 (CET/CEST)","1327","","2745"
"Switzerland (CH)","16.12.2020 10:00 - 16.12.2020 11:00 (CET/CEST)","975","","2594"
"Switzerland (CH)","16.12.2020 11:00 - 16.12.2020 12:00 (CET/CEST)","864","","2662"
"Switzerland (CH)","16.12.2020 12:00 - 16.12.2020 13:00 (CET/CEST)","890","","2630"
"Switzerland (CH)","16.12.2020 13:00 - 16.12.2020 14:00 (CET/CEST)","1120","","2618"
"Switzerland (CH)","16.12.2020 14:00 - 16.12.2020 15:00 (CET/CEST)","1101","","2585"
"Switzerland (CH)","16.12.2020 15:00 - 16.12.2020 16:00 (CET/CEST)","1254","","2701"
"Switzerland (CH)","16.12.2020 16:00 - 16.12.2020 17:00 (CET/CEST)","1627","","2727"
"Switzerland (CH)","16.12.2020 17:00 - 16.12.2020 18:00 (CET/CEST)","2471","","2988"
"Switzerland (CH)","16.12.2020 18:00 - 16.12.2020 19:00 (CET/CEST)","2593","","2814"
"Switzerland (CH)","16.12.2020 19:00 - 16.12.2020 20:00 (CET/CEST)","2566","","2558"
"Switzerland (CH)","16.12.2020 20:00 - 16.12.2020 21:00 (CET/CEST)","1349","","2076"
"Switzerland (CH)","16.12.2020 21:00 - 16.12.2020 22:00 (CET/CEST)","944","","1622"
"Switzerland (CH)","16.12.2020 22:00 - 16.12.2020 23:00 (CET/CEST)","741","","1613"
"Switzerland (CH)","16.12.2020 23:00 - 17.12.2020 00:00 (CET/CEST)","413","","1255"
"Switzerland (CH)","17.12.2020 00:00 - 17.12.2020 01:00 (CET/CEST)","169","","635"
"Switzerland (CH)","17.12.2020 01:00 - 17.12.2020 02:00 (CET/CEST)","150","","538"
"Switzerland (CH)","17.12.2020 02:00 - 17.12.2020 03:00 (CET/CEST)","148","","431"
"Switzerland (CH)","17.12.2020 03:00 - 17.12.2020 04:00 (CET/CEST)","134","","399"
"Switzerland (CH)","17.12.2020 04:00 - 17.12.2020 05:00 (CET/CEST)","142","","808"
"Switzerland (CH)","17.12.2020 05:00 - 17.12.2020 06:00 (CET/CEST)","411","","1463"
"Switzerland (CH)","17.12.2020 06:00 - 17.12.2020 07:00 (CET/CEST)","1231","","2220"
"Switzerland (CH)","17.12.2020 07:00 - 17.12.2020 08:00 (CET/CEST)","1947","","2734"
"Switzerland (CH)","17.12.2020 08:00 - 17.12.2020 09:00 (CET/CEST)","2465","","2785"
"Switzerland (CH)","17.12.2020 09:00 - 17.12.2020 10:00 (CET/CEST)","2247","","2802"
"Switzerland (CH)","17.12.2020 10:00 - 17.12.2020 11:00 (CET/CEST)","2416","","3073"
"Switzerland (CH)","17.12.2020 11:00 - 17.12.2020 12:00 (CET/CEST)","2482","","3075"
"Switzerland (CH)","17.12.2020 12:00 - 17.12.2020 13:00 (CET/CEST)","2258","","2714"
"Switzerland (CH)","17.12.2020 13:00 - 17.12.2020 14:00 (CET/CEST)","1906","","2620"
"Switzerland (CH)","17.12.2020 14:00 - 17.12.2020 15:00 (CET/CEST)","1572","","2566"
"Switzerland (CH)","17.12.2020 15:00 - 17.12.2020 16:00 (CET/CEST)","2033","","2494"
"Switzerland (CH)","17.12.2020 16:00 - 17.12.2020 17:00 (CET/CEST)","2241","","2738"
"Switzerland (CH)","17.12.2020 17:00 - 17.12.2020 18:00 (CET/CEST)","2700","","3111"
"Switzerland (CH)","17.12.2020 18:00 - 17.12.2020 19:00 (CET/CEST)","2739","","3225"
"Switzerland (CH)","17.12.2020 19:00 - 17.12.2020 20:00 (CET/CEST)","2620","","3038"
"Switzerland (CH)","17.12.2020 20:00 - 17.12.2020 21:00 (CET/CEST)","2234","","2719"
"Switzerland (CH)","17.12.2020 21:00 - 17.12.2020 22:00 (CET/CEST)","1956","","2361"
"Switzerland (CH)","17.12.2020 22:00 - 17.12.2020 23:00 (CET/CEST)","707","","1706"
"Switzerland (CH)","17.12.2020 23:00 - 18.12.2020 00:00 (CET/CEST)","279","","736"
"Switzerland (CH)","18.12.2020 00:00 - 18.12.2020 01:00 (CET/CEST)","125","","636"
"Switzerland (CH)","18.12.2020 01:00 - 18.12.2020 02:00 (CET/CEST)","87","","424"
"Switzerland (CH)","18.12.2020 02:00 - 18.12.2020 03:00 (CET/CEST)","82","","399"
"Switzerland (CH)","18.12.2020 03:00 - 18.12.2020 04:00 (CET/CEST)","106","","362"
"Switzerland (CH)","18.12.2020 04:00 - 18.12.2020 05:00 (CET/CEST)","104","","412"
"Switzerland (CH)","18.12.2020 05:00 - 18.12.2020 06:00 (CET/CEST)","130","","502"
"Switzerland (CH)","18.12.2020 06:00 - 18.12.2020 07:00 (CET/CEST)","518","","1575"
"Switzerland (CH)","18.12.2020 07:00 - 18.12.2020 08:00 (CET/CEST)","1145","","2294"
"Switzerland (CH)","18.12.2020 08:00 - 18.12.2020 09:00 (CET/CEST)","1273","","2473"
"Switzerland (CH)","18.12.2020 09:00 - 18.12.2020 10:00 (CET/CEST)","1221","","2626"
"Switzerland (CH)","18.12.2020 10:00 - 18.12.2020 11:00 (CET/CEST)","1092","","2589"
"Switzerland (CH)","18.12.2020 11:00 - 18.12.2020 12:00 (CET/CEST)","1035","","2558"
"Switzerland (CH)","18.12.2020 12:00 - 18.12.2020 13:00 (CET/CEST)","922","","2272"
"Switzerland (CH)","18.12.2020 13:00 - 18.12.2020 14:00 (CET/CEST)","700","","2224"
"Switzerland (CH)","18.12.2020 14:00 - 18.12.2020 15:00 (CET/CEST)","781","","1922"
"Switzerland (CH)","18.12.2020 15:00 - 18.12.2020 16:00 (CET/CEST)","775","","2286"
"Switzerland (CH)","18.12.2020 16:00 - 18.12.2020 17:00 (CET/CEST)","867","","2380"
"Switzerland (CH)","18.12.2020 17:00 - 18.12.2020 18:00 (CET/CEST)","1171","","2482"
"Switzerland (CH)","18.12.2020 18:00 - 18.12.2020 19:00 (CET/CEST)","1181","","2863"
"Switzerland (CH)","18.12.2020 19:00 - 18.12.2020 20:00 (CET/CEST)","852","","2474"
"Switzerland (CH)","18.12.2020 20:00 - 18.12.2020 21:00 (CET/CEST)","594","","2059"
"Switzerland (CH)","18.12.2020 21:00 - 18.12.2020 22:00 (CET/CEST)","460","","1368"
"Switzerland (CH)","18.12.2020 22:00 - 18.12.2020 23:00 (CET/CEST)","383","","837"
"Switzerland (CH)","18.12.2020 23:00 - 19.12.2020 00:00 (CET/CEST)","148","","608"
"Switzerland (CH)","19.12.2020 00:00 - 19.12.2020 01:00 (CET/CEST)","138","","578"
"Switzerland (CH)","19.12.2020 01:00 - 19.12.2020 02:00 (CET/CEST)","120","","445"
"Switzerland (CH)","19.12.2020 02:00 - 19.12.2020 03:00 (CET/CEST)","161","","340"
"Switzerland (CH)","19.12.2020 03:00 - 19.12.2020 04:00 (CET/CEST)","103","","362"
"Switzerland (CH)","19.12.2020 04:00 - 19.12.2020 05:00 (CET/CEST)","130","","386"
"Switzerland (CH)","19.12.2020 05:00 - 19.12.2020 06:00 (CET/CEST)","118","","375"
"Switzerland (CH)","19.12.2020 06:00 - 19.12.2020 07:00 (CET/CEST)","202","","501"
"Switzerland (CH)","19.12.2020 07:00 - 19.12.2020 08:00 (CET/CEST)","223","","581"
"Switzerland (CH)","19.12.2020 08:00 - 19.12.2020 09:00 (CET/CEST)","286","","1058"
"Switzerland (CH)","19.12.2020 09:00 - 19.12.2020 10:00 (CET/CEST)","274","","1266"
"Switzerland (CH)","19.12.2020 10:00 - 19.12.2020 11:00 (CET/CEST)","251","","1448"
"Switzerland (CH)","19.12.2020 11:00 - 19.12.2020 12:00 (CET/CEST)","243","","1210"
"Switzerland (CH)","19.12.2020 12:00 - 19.12.2020 13:00 (CET/CEST)","234","","807"
"Switzerland (CH)","19.12.2020 13:00 - 19.12.2020 14:00 (CET/CEST)","249","","692"
"Switzerland (CH)","19.12.2020 14:00 - 19.12.2020 15:00 (CET/CEST)","246","","893"
"Switzerland (CH)","19.12.2020 15:00 - 19.12.2020 16:00 (CET/CEST)","225","","1300"
"Switzerland (CH)","19.12.2020 16:00 - 19.12.2020 17:00 (CET/CEST)","232","","1978"
"Switzerland (CH)","19.12.2020 17:00 - 19.12.2020 18:00 (CET/CEST)","814","","2432"
"Switzerland (CH)","19.12.2020 18:00 - 19.12.2020 19:00 (CET/CEST)","907","","2276"
"Switzerland (CH)","19.12.2020 19:00 - 19.12.2020 20:00 (CET/CEST)","773","","2476"
"Switzerland (CH)","19.12.2020 20:00 - 19.12.2020 21:00 (CET/CEST)","316","","1455"
"Switzerland (CH)","19.12.2020 21:00 - 19.12.2020 22:00 (CET/CEST)","274","","926"
"Switzerland (CH)","19.12.2020 22:00 - 19.12.2020 23:00 (CET/CEST)","204","","913"
"Switzerland (CH)","19.12.2020 23:00 - 20.12.2020 00:00 (CET/CEST)","335","","518"
"Switzerland (CH)","20.12.2020 00:00 - 20.12.2020 01:00 (CET/CEST)","124","","350"
"Switzerland (CH)","20.12.2020 01:00 - 20.12.2020 02:00 (CET/CEST)","120","","347"
"Switzerland (CH)","20.12.2020 02:00 - 20.12.2020 03:00 (CET/CEST)","152","","345"
"Switzerland (CH)","20.12.2020 03:00 - 20.12.2020 04:00 (CET/CEST)","119","","310"
"Switzerland (CH)","20.12.2020 04:00 - 20.12.2020 05:00 (CET/CEST)","88","","340"
"Switzerland (CH)","20.12.2020 05:00 - 20.12.2020 06:00 (CET/CEST)","101","","349"
"Switzerland (CH)","20.12.2020 06:00 - 20.12.2020 07:00 (CET/CEST)","119","","390"
"Switzerland (CH)","20.12.2020 07:00 - 20.12.2020 08:00 (CET/CEST)","105","","382"
"Switzerland (CH)","20.12.2020 08:00 - 20.12.2020 09:00 (CET/CEST)","120","","448"
"Switzerland (CH)","20.12.2020 09:00 - 20.12.2020 10:00 (CET/CEST)","148","","563"
"Switzerland (CH)","20.12.2020 10:00 - 20.12.2020 11:00 (CET/CEST)","126","","944"
"Switzerland (CH)","20.12.2020 11:00 - 20.12.2020 12:00 (CET/CEST)","185","","1111"
"Switzerland (CH)","20.12.2020 12:00 - 20.12.2020 13:00 (CET/CEST)","148","","1092"
"Switzerland (CH)","20.12.2020 13:00 - 20.12.2020 14:00 (CET/CEST)","123","","1145"
"Switzerland (CH)","20.12.2020 14:00 - 20.12.2020 15:00 (CET/CEST)","123","","788"
"Switzerland (CH)","20.12.2020 15:00 - 20.12.2020 16:00 (CET/CEST)","127","","1077"
"Switzerland (CH)","20.12.2020 16:00 - 20.12.2020 17:00 (CET/CEST)","189","","1414"
"Switzerland (CH)","20.12.2020 17:00 - 20.12.2020 18:00 (CET/CEST)","188","","1236"
"Switzerland (CH)","20.12.2020 18:00 - 20.12.2020 19:00 (CET/CEST)","158","","1587"
"Switzerland (CH)","20.12.2020 19:00 - 20.12.2020 20:00 (CET/CEST)","128","","1197"
"Switzerland (CH)","20.12.2020 20:00 - 20.12.2020 21:00 (CET/CEST)","121","","803"
"Switzerland (CH)","20.12.2020 21:00 - 20.12.2020 22:00 (CET/CEST)","132","","571"
"Switzerland (CH)","20.12.2020 22:00 - 20.12.2020 23:00 (CET/CEST)","141","","479"
"Switzerland (CH)","20.12.2020 23:00 - 21.12.2020 00:00 (CET/CEST)","194","","416"
"Switzerland (CH)","21.12.2020 00:00 - 21.12.2020 01:00 (CET/CEST)","59","","385"
"Switzerland (CH)","21.12.2020 01:00 - 21.12.2020 02:00 (CET/CEST)","56","","219"
"Switzerland (CH)","21.12.2020 02:00 - 21.12.2020 03:00 (CET/CEST)","67","","242"
"Switzerland (CH)","21.12.2020 03:00 - 21.12.2020 04:00 (CET/CEST)","70","","228"
"Switzerland (CH)","21.12.2020 04:00 - 21.12.2020 05:00 (CET/CEST)","45","","239"
"Switzerland (CH)","21.12.2020 05:00 - 21.12.2020 06:00 (CET/CEST)","92","","296"
"Switzerland (CH)","21.12.2020 06:00 - 21.12.2020 07:00 (CET/CEST)","233","","598"
"Switzerland (CH)","21.12.2020 07:00 - 21.12.2020 08:00 (CET/CEST)","792","","2019"
"Switzerland (CH)","21.12.2020 08:00 - 21.12.2020 09:00 (CET/CEST)","919","","2272"
"Switzerland (CH)","21.12.2020 09:00 - 21.12.2020 10:00 (CET/CEST)","904","","2305"
"Switzerland (CH)","21.12.2020 10:00 - 21.12.2020 11:00 (CET/CEST)","981","","2678"
"Switzerland (CH)","21.12.2020 11:00 - 21.12.2020 12:00 (CET/CEST)","1038","","2539"
"Switzerland (CH)","21.12.2020 12:00 - 21.12.2020 13:00 (CET/CEST)","1065","","2388"
"Switzerland (CH)","21.12.2020 13:00 - 21.12.2020 14:00 (CET/CEST)","1198","","2345"
"Switzerland (CH)","21.12.2020 14:00 - 21.12.2020 15:00 (CET/CEST)","1172","","2252"
"Switzerland (CH)","21.12.2020 15:00 - 21.12.2020 16:00 (CET/CEST)","1072","","2327"
"Switzerland (CH)","21.12.2020 16:00 - 21.12.2020 17:00 (CET/CEST)","1171","","2292"
"Switzerland (CH)","21.12.2020 17:00 - 21.12.2020 18:00 (CET/CEST)","1395","","2356"
"Switzerland (CH)","21.12.2020 18:00 - 21.12.2020 19:00 (CET/CEST)","1421","","2159"
"Switzerland (CH)","21.12.2020 19:00 - 21.12.2020 20:00 (CET/CEST)","1319","","1679"
"Switzerland (CH)","21.12.2020 20:00 - 21.12.2020 21:00 (CET/CEST)","661","","1383"
"Switzerland (CH)","21.12.2020 21:00 - 21.12.2020 22:00 (CET/CEST)","221","","991"
"Switzerland (CH)","21.12.2020 22:00 - 21.12.2020 23:00 (CET/CEST)","126","","847"
"Switzerland (CH)","21.12.2020 23:00 - 22.12.2020 00:00 (CET/CEST)","108","","448"
"Switzerland (CH)","22.12.2020 00:00 - 22.12.2020 01:00 (CET/CEST)","117","","404"
"Switzerland (CH)","22.12.2020 01:00 - 22.12.2020 02:00 (CET/CEST)","112","","332"
"Switzerland (CH)","22.12.2020 02:00 - 22.12.2020 03:00 (CET/CEST)","100","","344"
"Switzerland (CH)","22.12.2020 03:00 - 22.12.2020 04:00 (CET/CEST)","107","","297"
"Switzerland (CH)","22.12.2020 04:00 - 22.12.2020 05:00 (CET/CEST)","148","","306"
"Switzerland (CH)","22.12.2020 05:00 - 22.12.2020 06:00 (CET/CEST)","204","","320"
"Switzerland (CH)","22.12.2020 06:00 - 22.12.2020 07:00 (CET/CEST)","306","","631"
"Switzerland (CH)","22.12.2020 07:00 - 22.12.2020 08:00 (CET/CEST)","825","","1710"
"Switzerland (CH)","22.12.2020 08:00 - 22.12.2020 09:00 (CET/CEST)","1114","","2177"
"Switzerland (CH)","22.12.2020 09:00 - 22.12.2020 10:00 (CET/CEST)","1018","","2084"
"Switzerland (CH)","22.12.2020 10:00 - 22.12.2020 11:00 (CET/CEST)","848","","2028"
"Switzerland (CH)","22.12.2020 11:00 - 22.12.2020 12:00 (CET/CEST)","770","","2028"
"Switzerland (CH)","22.12.2020 12:00 - 22.12.2020 13:00 (CET/CEST)","592","","1595"
"Switzerland (CH)","22.12.2020 13:00 - 22.12.2020 14:00 (CET/CEST)","520","","1534"
"Switzerland (CH)","22.12.2020 14:00 - 22.12.2020 15:00 (CET/CEST)","616","","1952"
"Switzerland (CH)","22.12.2020 15:00 - 22.12.2020 16:00 (CET/CEST)","699","","2058"
"Switzerland (CH)","22.12.2020 16:00 - 22.12.2020 17:00 (CET/CEST)","744","","2200"
"Switzerland (CH)","22.12.2020 17:00 - 22.12.2020 18:00 (CET/CEST)","717","","1772"
"Switzerland (CH)","22.12.2020 18:00 - 22.12.2020 19:00 (CET/CEST)","857","","1850"
"Switzerland (CH)","22.12.2020 19:00 - 22.12.2020 20:00 (CET/CEST)","610","","1438"
"Switzerland (CH)","22.12.2020 20:00 - 22.12.2020 21:00 (CET/CEST)","445","","921"
"Switzerland (CH)","22.12.2020 21:00 - 22.12.2020 22:00 (CET/CEST)","516","","649"
"Switzerland (CH)","22.12.2020 22:00 - 22.12.2020 23:00 (CET/CEST)","545","","536"
"Switzerland (CH)","22.12.2020 23:00 - 23.12.2020 00:00 (CET/CEST)","281","","335"
"Switzerland (CH)","23.12.2020 00:00 - 23.12.2020 01:00 (CET/CEST)","135","","266"
"Switzerland (CH)","23.12.2020 01:00 - 23.12.2020 02:00 (CET/CEST)","154","","233"
"Switzerland (CH)","23.12.2020 02:00 - 23.12.2020 03:00 (CET/CEST)","143","","198"
"Switzerland (CH)","23.12.2020 03:00 - 23.12.2020 04:00 (CET/CEST)","151","","229"
"Switzerland (CH)","23.12.2020 04:00 - 23.12.2020 05:00 (CET/CEST)","153","","208"
"Switzerland (CH)","23.12.2020 05:00 - 23.12.2020 06:00 (CET/CEST)","185","","243"
"Switzerland (CH)","23.12.2020 06:00 - 23.12.2020 07:00 (CET/CEST)","366","","336"
"Switzerland (CH)","23.12.2020 07:00 - 23.12.2020 08:00 (CET/CEST)","495","","946"
"Switzerland (CH)","23.12.2020 08:00 - 23.12.2020 09:00 (CET/CEST)","991","","1668"
"Switzerland (CH)","23.12.2020 09:00 - 23.12.2020 10:00 (CET/CEST)","1010","","1585"
"Switzerland (CH)","23.12.2020 10:00 - 23.12.2020 11:00 (CET/CEST)","900","","1358"
"Switzerland (CH)","23.12.2020 11:00 - 23.12.2020 12:00 (CET/CEST)","962","","1453"
"Switzerland (CH)","23.12.2020 12:00 - 23.12.2020 13:00 (CET/CEST)","772","","1283"
"Switzerland (CH)","23.12.2020 13:00 - 23.12.2020 14:00 (CET/CEST)","850","","978"
"Switzerland (CH)","23.12.2020 14:00 - 23.12.2020 15:00 (CET/CEST)","635","","696"
"Switzerland (CH)","23.12.2020 15:00 - 23.12.2020 16:00 (CET/CEST)","568","","702"
"Switzerland (CH)","23.12.2020 16:00 - 23.12.2020 17:00 (CET/CEST)","500","","864"
"Switzerland (CH)","23.12.2020 17:00 - 23.12.2020 18:00 (CET/CEST)","683","","923"
"Switzerland (CH)","23.12.2020 18:00 - 23.12.2020 19:00 (CET/CEST)","439","","956"
"Switzerland (CH)","23.12.2020 19:00 - 23.12.2020 20:00 (CET/CEST)","377","","543"
"Switzerland (CH)","23.12.2020 20:00 - 23.12.2020 21:00 (CET/CEST)","415","","359"
"Switzerland (CH)","23.12.2020 21:00 - 23.12.2020 22:00 (CET/CEST)","334","","391"
"Switzerland (CH)","23.12.2020 22:00 - 23.12.2020 23:00 (CET/CEST)","287","","301"
"Switzerland (CH)","23.12.2020 23:00 - 24.12.2020 00:00 (CET/CEST)","203","","223"
"Switzerland (CH)","24.12.2020 00:00 - 24.12.2020 01:00 (CET/CEST)","189","","213"
"Switzerland (CH)","24.12.2020 01:00 - 24.12.2020 02:00 (CET/CEST)","173","","180"
"Switzerland (CH)","24.12.2020 02:00 - 24.12.2020 03:00 (CET/CEST)","162","","187"
"Switzerland (CH)","24.12.2020 03:00 - 24.12.2020 04:00 (CET/CEST)","183","","198"
"Switzerland (CH)","24.12.2020 04:00 - 24.12.2020 05:00 (CET/CEST)","186","","167"
"Switzerland (CH)","24.12.2020 05:00 - 24.12.2020 06:00 (CET/CEST)","211","","215"
"Switzerland (CH)","24.12.2020 06:00 - 24.12.2020 07:00 (CET/CEST)","221","","237"
"Switzerland (CH)","24.12.2020 07:00 - 24.12.2020 08:00 (CET/CEST)","341","","318"
"Switzerland (CH)","24.12.2020 08:00 - 24.12.2020 09:00 (CET/CEST)","227","","379"
"Switzerland (CH)","24.12.2020 09:00 - 24.12.2020 10:00 (CET/CEST)","431","","481"
"Switzerland (CH)","24.12.2020 10:00 - 24.12.2020 11:00 (CET/CEST)","221","","365"
"Switzerland (CH)","24.12.2020 11:00 - 24.12.2020 12:00 (CET/CEST)","263","","318"
"Switzerland (CH)","24.12.2020 12:00 - 24.12.2020 13:00 (CET/CEST)","314","","376"
"Switzerland (CH)","24.12.2020 13:00 - 24.12.2020 14:00 (CET/CEST)","299","","411"
"Switzerland (CH)","24.12.2020 14:00 - 24.12.2020 15:00 (CET/CEST)","290","","351"
"Switzerland (CH)","24.12.2020 15:00 - 24.12.2020 16:00 (CET/CEST)","314","","440"
"Switzerland (CH)","24.12.2020 16:00 - 24.12.2020 17:00 (CET/CEST)","502","","612"
"Switzerland (CH)","24.12.2020 17:00 - 24.12.2020 18:00 (CET/CEST)","742","","866"
"Switzerland (CH)","24.12.2020 18:00 - 24.12.2020 19:00 (CET/CEST)","470","","704"
"Switzerland (CH)","24.12.2020 19:00 - 24.12.2020 20:00 (CET/CEST)","380","","419"
"Switzerland (CH)","24.12.2020 20:00 - 24.12.2020 21:00 (CET/CEST)","275","","279"
"Switzerland (CH)","24.12.2020 21:00 - 24.12.2020 22:00 (CET/CEST)","233","","247"
"Switzerland (CH)","24.12.2020 22:00 - 24.12.2020 23:00 (CET/CEST)","247","","254"
"Switzerland (CH)","24.12.2020 23:00 - 25.12.2020 00:00 (CET/CEST)","209","","312"
"Switzerland (CH)","25.12.2020 00:00 - 25.12.2020 01:00 (CET/CEST)","172","","204"
"Switzerland (CH)","25.12.2020 01:00 - 25.12.2020 02:00 (CET/CEST)","183","","180"
"Switzerland (CH)","25.12.2020 02:00 - 25.12.2020 03:00 (CET/CEST)","213","","193"
"Switzerland (CH)","25.12.2020 03:00 - 25.12.2020 04:00 (CET/CEST)","136","","206"
"Switzerland (CH)","25.12.2020 04:00 - 25.12.2020 05:00 (CET/CEST)","172","","195"
"Switzerland (CH)","25.12.2020 05:00 - 25.12.2020 06:00 (CET/CEST)","196","","188"
"Switzerland (CH)","25.12.2020 06:00 - 25.12.2020 07:00 (CET/CEST)","196","","191"
"Switzerland (CH)","25.12.2020 07:00 - 25.12.2020 08:00 (CET/CEST)","191","","215"
"Switzerland (CH)","25.12.2020 08:00 - 25.12.2020 09:00 (CET/CEST)","203","","210"
"Switzerland (CH)","25.12.2020 09:00 - 25.12.2020 10:00 (CET/CEST)","241","","236"
"Switzerland (CH)","25.12.2020 10:00 - 25.12.2020 11:00 (CET/CEST)","250","","331"
"Switzerland (CH)","25.12.2020 11:00 - 25.12.2020 12:00 (CET/CEST)","325","","345"
"Switzerland (CH)","25.12.2020 12:00 - 25.12.2020 13:00 (CET/CEST)","392","","402"
"Switzerland (CH)","25.12.2020 13:00 - 25.12.2020 14:00 (CET/CEST)","341","","336"
"Switzerland (CH)","25.12.2020 14:00 - 25.12.2020 15:00 (CET/CEST)","351","","335"
"Switzerland (CH)","25.12.2020 15:00 - 25.12.2020 16:00 (CET/CEST)","317","","411"
"Switzerland (CH)","25.12.2020 16:00 - 25.12.2020 17:00 (CET/CEST)","389","","421"
"Switzerland (CH)","25.12.2020 17:00 - 25.12.2020 18:00 (CET/CEST)","875","","1270"
"Switzerland (CH)","25.12.2020 18:00 - 25.12.2020 19:00 (CET/CEST)","717","","892"
"Switzerland (CH)","25.12.2020 19:00 - 25.12.2020 20:00 (CET/CEST)","379","","601"
"Switzerland (CH)","25.12.2020 20:00 - 25.12.2020 21:00 (CET/CEST)","348","","396"
"Switzerland (CH)","25.12.2020 21:00 - 25.12.2020 22:00 (CET/CEST)","339","","418"
"Switzerland (CH)","25.12.2020 22:00 - 25.12.2020 23:00 (CET/CEST)","359","","442"
"Switzerland (CH)","25.12.2020 23:00 - 26.12.2020 00:00 (CET/CEST)","393","","384"
"Switzerland (CH)","26.12.2020 00:00 - 26.12.2020 01:00 (CET/CEST)","126","","317"
"Switzerland (CH)","26.12.2020 01:00 - 26.12.2020 02:00 (CET/CEST)","128","","127"
"Switzerland (CH)","26.12.2020 02:00 - 26.12.2020 03:00 (CET/CEST)","120","","124"
"Switzerland (CH)","26.12.2020 03:00 - 26.12.2020 04:00 (CET/CEST)","131","","130"
"Switzerland (CH)","26.12.2020 04:00 - 26.12.2020 05:00 (CET/CEST)","139","","142"
"Switzerland (CH)","26.12.2020 05:00 - 26.12.2020 06:00 (CET/CEST)","171","","165"
"Switzerland (CH)","26.12.2020 06:00 - 26.12.2020 07:00 (CET/CEST)","178","","176"
"Switzerland (CH)","26.12.2020 07:00 - 26.12.2020 08:00 (CET/CEST)","153","","193"
"Switzerland (CH)","26.12.2020 08:00 - 26.12.2020 09:00 (CET/CEST)","115","","267"
"Switzerland (CH)","26.12.2020 09:00 - 26.12.2020 10:00 (CET/CEST)","108","","328"
"Switzerland (CH)","26.12.2020 10:00 - 26.12.2020 11:00 (CET/CEST)","101","","317"
"Switzerland (CH)","26.12.2020 11:00 - 26.12.2020 12:00 (CET/CEST)","119","","265"
"Switzerland (CH)","26.12.2020 12:00 - 26.12.2020 13:00 (CET/CEST)","142","","277"
"Switzerland (CH)","26.12.2020 13:00 - 26.12.2020 14:00 (CET/CEST)","148","","264"
"Switzerland (CH)","26.12.2020 14:00 - 26.12.2020 15:00 (CET/CEST)","123","","255"
"Switzerland (CH)","26.12.2020 15:00 - 26.12.2020 16:00 (CET/CEST)","131","","268"
"Switzerland (CH)","26.12.2020 16:00 - 26.12.2020 17:00 (CET/CEST)","167","","380"
"Switzerland (CH)","26.12.2020 17:00 - 26.12.2020 18:00 (CET/CEST)","176","","773"
"Switzerland (CH)","26.12.2020 18:00 - 26.12.2020 19:00 (CET/CEST)","481","","589"
"Switzerland (CH)","26.12.2020 19:00 - 26.12.2020 20:00 (CET/CEST)","439","","560"
"Switzerland (CH)","26.12.2020 20:00 - 26.12.2020 21:00 (CET/CEST)","157","","394"
"Switzerland (CH)","26.12.2020 21:00 - 26.12.2020 22:00 (CET/CEST)","215","","337"
"Switzerland (CH)","26.12.2020 22:00 - 26.12.2020 23:00 (CET/CEST)","236","","354"
"Switzerland (CH)","26.12.2020 23:00 - 27.12.2020 00:00 (CET/CEST)","190","","286"
"Switzerland (CH)","27.12.2020 00:00 - 27.12.2020 01:00 (CET/CEST)","170","","173"
"Switzerland (CH)","27.12.2020 01:00 - 27.12.2020 02:00 (CET/CEST)","171","","138"
"Switzerland (CH)","27.12.2020 02:00 - 27.12.2020 03:00 (CET/CEST)","173","","145"
"Switzerland (CH)","27.12.2020 03:00 - 27.12.2020 04:00 (CET/CEST)","168","","144"
"Switzerland (CH)","27.12.2020 04:00 - 27.12.2020 05:00 (CET/CEST)","172","","153"
"Switzerland (CH)","27.12.2020 05:00 - 27.12.2020 06:00 (CET/CEST)","197","","173"
"Switzerland (CH)","27.12.2020 06:00 - 27.12.2020 07:00 (CET/CEST)","220","","180"
"Switzerland (CH)","27.12.2020 07:00 - 27.12.2020 08:00 (CET/CEST)","229","","194"
"Switzerland (CH)","27.12.2020 08:00 - 27.12.2020 09:00 (CET/CEST)","197","","214"
"Switzerland (CH)","27.12.2020 09:00 - 27.12.2020 10:00 (CET/CEST)","216","","214"
"Switzerland (CH)","27.12.2020 10:00 - 27.12.2020 11:00 (CET/CEST)","193","","204"
"Switzerland (CH)","27.12.2020 11:00 - 27.12.2020 12:00 (CET/CEST)","227","","238"
"Switzerland (CH)","27.12.2020 12:00 - 27.12.2020 13:00 (CET/CEST)","234","","215"
"Switzerland (CH)","27.12.2020 13:00 - 27.12.2020 14:00 (CET/CEST)","212","","204"
"Switzerland (CH)","27.12.2020 14:00 - 27.12.2020 15:00 (CET/CEST)","168","","236"
"Switzerland (CH)","27.12.2020 15:00 - 27.12.2020 16:00 (CET/CEST)","195","","870"
"Switzerland (CH)","27.12.2020 16:00 - 27.12.2020 17:00 (CET/CEST)","244","","1216"
"Switzerland (CH)","27.12.2020 17:00 - 27.12.2020 18:00 (CET/CEST)","547","","1664"
"Switzerland (CH)","27.12.2020 18:00 - 27.12.2020 19:00 (CET/CEST)","674","","2100"
"Switzerland (CH)","27.12.2020 19:00 - 27.12.2020 20:00 (CET/CEST)","451","","1645"
"Switzerland (CH)","27.12.2020 20:00 - 27.12.2020 21:00 (CET/CEST)","172","","898"
"Switzerland (CH)","27.12.2020 21:00 - 27.12.2020 22:00 (CET/CEST)","175","","291"
"Switzerland (CH)","27.12.2020 22:00 - 27.12.2020 23:00 (CET/CEST)","161","","839"
"Switzerland (CH)","27.12.2020 23:00 - 28.12.2020 00:00 (CET/CEST)","160","","257"
"Switzerland (CH)","28.12.2020 00:00 - 28.12.2020 01:00 (CET/CEST)","113","","197"
"Switzerland (CH)","28.12.2020 01:00 - 28.12.2020 02:00 (CET/CEST)","127","","161"
"Switzerland (CH)","28.12.2020 02:00 - 28.12.2020 03:00 (CET/CEST)","115","","150"
"Switzerland (CH)","28.12.2020 03:00 - 28.12.2020 04:00 (CET/CEST)","116","","167"
"Switzerland (CH)","28.12.2020 04:00 - 28.12.2020 05:00 (CET/CEST)","194","","186"
"Switzerland (CH)","28.12.2020 05:00 - 28.12.2020 06:00 (CET/CEST)","268","","242"
"Switzerland (CH)","28.12.2020 06:00 - 28.12.2020 07:00 (CET/CEST)","733","","965"
"Switzerland (CH)","28.12.2020 07:00 - 28.12.2020 08:00 (CET/CEST)","727","","1467"
"Switzerland (CH)","28.12.2020 08:00 - 28.12.2020 09:00 (CET/CEST)","565","","494"
"Switzerland (CH)","28.12.2020 09:00 - 28.12.2020 10:00 (CET/CEST)","394","","714"
"Switzerland (CH)","28.12.2020 10:00 - 28.12.2020 11:00 (CET/CEST)","414","","504"
"Switzerland (CH)","28.12.2020 11:00 - 28.12.2020 12:00 (CET/CEST)","376","","558"
"Switzerland (CH)","28.12.2020 12:00 - 28.12.2020 13:00 (CET/CEST)","468","","788"
"Switzerland (CH)","28.12.2020 13:00 - 28.12.2020 14:00 (CET/CEST)","542","","680"
"Switzerland (CH)","28.12.2020 14:00 - 28.12.2020 15:00 (CET/CEST)","657","","860"
"Switzerland (CH)","28.12.2020 15:00 - 28.12.2020 16:00 (CET/CEST)","622","","802"
"Switzerland (CH)","28.12.2020 16:00 - 28.12.2020 17:00 (CET/CEST)","871","","1292"
"Switzerland (CH)","28.12.2020 17:00 - 28.12.2020 18:00 (CET/CEST)","1457","","2046"
"Switzerland (CH)","28.12.2020 18:00 - 28.12.2020 19:00 (CET/CEST)","1291","","1646"
"Switzerland (CH)","28.12.2020 19:00 - 28.12.2020 20:00 (CET/CEST)","717","","1421"
"Switzerland (CH)","28.12.2020 20:00 - 28.12.2020 21:00 (CET/CEST)","279","","727"
"Switzerland (CH)","28.12.2020 21:00 - 28.12.2020 22:00 (CET/CEST)","207","","369"
"Switzerland (CH)","28.12.2020 22:00 - 28.12.2020 23:00 (CET/CEST)","200","","387"
"Switzerland (CH)","28.12.2020 23:00 - 29.12.2020 00:00 (CET/CEST)","149","","345"
"Switzerland (CH)","29.12.2020 00:00 - 29.12.2020 01:00 (CET/CEST)","138","","312"
"Switzerland (CH)","29.12.2020 01:00 - 29.12.2020 02:00 (CET/CEST)","148","","274"
"Switzerland (CH)","29.12.2020 02:00 - 29.12.2020 03:00 (CET/CEST)","114","","237"
"Switzerland (CH)","29.12.2020 03:00 - 29.12.2020 04:00 (CET/CEST)","125","","235"
"Switzerland (CH)","29.12.2020 04:00 - 29.12.2020 05:00 (CET/CEST)","105","","222"
"Switzerland (CH)","29.12.2020 05:00 - 29.12.2020 06:00 (CET/CEST)","124","","265"
"Switzerland (CH)","29.12.2020 06:00 - 29.12.2020 07:00 (CET/CEST)","174","","308"
"Switzerland (CH)","29.12.2020 07:00 - 29.12.2020 08:00 (CET/CEST)","238","","430"
"Switzerland (CH)","29.12.2020 08:00 - 29.12.2020 09:00 (CET/CEST)","284","","589"
"Switzerland (CH)","29.12.2020 09:00 - 29.12.2020 10:00 (CET/CEST)","339","","644"
"Switzerland (CH)","29.12.2020 10:00 - 29.12.2020 11:00 (CET/CEST)","372","","594"
"Switzerland (CH)","29.12.2020 11:00 - 29.12.2020 12:00 (CET/CEST)","365","","538"
"Switzerland (CH)","29.12.2020 12:00 - 29.12.2020 13:00 (CET/CEST)","378","","657"
"Switzerland (CH)","29.12.2020 13:00 - 29.12.2020 14:00 (CET/CEST)","250","","445"
"Switzerland (CH)","29.12.2020 14:00 - 29.12.2020 15:00 (CET/CEST)","278","","473"
"Switzerland (CH)","29.12.2020 15:00 - 29.12.2020 16:00 (CET/CEST)","346","","595"
"Switzerland (CH)","29.12.2020 16:00 - 29.12.2020 17:00 (CET/CEST)","760","","1351"
"Switzerland (CH)","29.12.2020 17:00 - 29.12.2020 18:00 (CET/CEST)","1369","","2233"
"Switzerland (CH)","29.12.2020 18:00 - 29.12.2020 19:00 (CET/CEST)","1318","","2212"
"Switzerland (CH)","29.12.2020 19:00 - 29.12.2020 20:00 (CET/CEST)","967","","1560"
"Switzerland (CH)","29.12.2020 20:00 - 29.12.2020 21:00 (CET/CEST)","407","","803"
"Switzerland (CH)","29.12.2020 21:00 - 29.12.2020 22:00 (CET/CEST)","157","","380"
"Switzerland (CH)","29.12.2020 22:00 - 29.12.2020 23:00 (CET/CEST)","140","","425"
"Switzerland (CH)","29.12.2020 23:00 - 30.12.2020 00:00 (CET/CEST)","101","","353"
"Switzerland (CH)","30.12.2020 00:00 - 30.12.2020 01:00 (CET/CEST)","116","","241"
"Switzerland (CH)","30.12.2020 01:00 - 30.12.2020 02:00 (CET/CEST)","109","","215"
"Switzerland (CH)","30.12.2020 02:00 - 30.12.2020 03:00 (CET/CEST)","127","","194"
"Switzerland (CH)","30.12.2020 03:00 - 30.12.2020 04:00 (CET/CEST)","138","","182"
"Switzerland (CH)","30.12.2020 04:00 - 30.12.2020 05:00 (CET/CEST)","140","","192"
"Switzerland (CH)","30.12.2020 05:00 - 30.12.2020 06:00 (CET/CEST)","125","","214"
"Switzerland (CH)","30.12.2020 06:00 - 30.12.2020 07:00 (CET/CEST)","218","","298"
"Switzerland (CH)","30.12.2020 07:00 - 30.12.2020 08:00 (CET/CEST)","460","","485"
"Switzerland (CH)","30.12.2020 08:00 - 30.12.2020 09:00 (CET/CEST)","523","","558"
"Switzerland (CH)","30.12.2020 09:00 - 30.12.2020 10:00 (CET/CEST)","747","","713"
"Switzerland (CH)","30.12.2020 10:00 - 30.12.2020 11:00 (CET/CEST)","699","","835"
"Switzerland (CH)","30.12.2020 11:00 - 30.12.2020 12:00 (CET/CEST)","739","","780"
"Switzerland (CH)","30.12.2020 12:00 - 30.12.2020 13:00 (CET/CEST)","710","","699"
"Switzerland (CH)","30.12.2020 13:00 - 30.12.2020 14:00 (CET/CEST)","467","","350"
"Switzerland (CH)","30.12.2020 14:00 - 30.12.2020 15:00 (CET/CEST)","428","","482"
"Switzerland (CH)","30.12.2020 15:00 - 30.12.2020 16:00 (CET/CEST)","793","","732"
"Switzerland (CH)","30.12.2020 16:00 - 30.12.2020 17:00 (CET/CEST)","1032","","1072"
"Switzerland (CH)","30.12.2020 17:00 - 30.12.2020 18:00 (CET/CEST)","1415","","1508"
"Switzerland (CH)","30.12.2020 18:00 - 30.12.2020 19:00 (CET/CEST)","1513","","1803"
"Switzerland (CH)","30.12.2020 19:00 - 30.12.2020 20:00 (CET/CEST)","1321","","1443"
"Switzerland (CH)","30.12.2020 20:00 - 30.12.2020 21:00 (CET/CEST)","484","","694"
"Switzerland (CH)","30.12.2020 21:00 - 30.12.2020 22:00 (CET/CEST)","388","","331"
"Switzerland (CH)","30.12.2020 22:00 - 30.12.2020 23:00 (CET/CEST)","319","","357"
"Switzerland (CH)","30.12.2020 23:00 - 31.12.2020 00:00 (CET/CEST)","312","","326"
"Switzerland (CH)","31.12.2020 00:00 - 31.12.2020 01:00 (CET/CEST)","146","","195"
"Switzerland (CH)","31.12.2020 01:00 - 31.12.2020 02:00 (CET/CEST)","137","","165"
"Switzerland (CH)","31.12.2020 02:00 - 31.12.2020 03:00 (CET/CEST)","151","","153"
"Switzerland (CH)","31.12.2020 03:00 - 31.12.2020 04:00 (CET/CEST)","141","","228"
"Switzerland (CH)","31.12.2020 04:00 - 31.12.2020 05:00 (CET/CEST)","137","","191"
"Switzerland (CH)","31.12.2020 05:00 - 31.12.2020 06:00 (CET/CEST)","154","","211"
"Switzerland (CH)","31.12.2020 06:00 - 31.12.2020 07:00 (CET/CEST)","211","","302"
"Switzerland (CH)","31.12.2020 07:00 - 31.12.2020 08:00 (CET/CEST)","215","","385"
"Switzerland (CH)","31.12.2020 08:00 - 31.12.2020 09:00 (CET/CEST)","208","","417"
"Switzerland (CH)","31.12.2020 09:00 - 31.12.2020 10:00 (CET/CEST)","278","","570"
"Switzerland (CH)","31.12.2020 10:00 - 31.12.2020 11:00 (CET/CEST)","317","","365"
"Switzerland (CH)","31.12.2020 11:00 - 31.12.2020 12:00 (CET/CEST)","320","","381"
"Switzerland (CH)","31.12.2020 12:00 - 31.12.2020 13:00 (CET/CEST)","300","","385"
"Switzerland (CH)","31.12.2020 13:00 - 31.12.2020 14:00 (CET/CEST)","242","","383"
"Switzerland (CH)","31.12.2020 14:00 - 31.12.2020 15:00 (CET/CEST)","251","","336"
"Switzerland (CH)","31.12.2020 15:00 - 31.12.2020 16:00 (CET/CEST)","291","","552"
"Switzerland (CH)","31.12.2020 16:00 - 31.12.2020 17:00 (CET/CEST)","358","","849"
"Switzerland (CH)","31.12.2020 17:00 - 31.12.2020 18:00 (CET/CEST)","371","","1721"
"Switzerland (CH)","31.12.2020 18:00 - 31.12.2020 19:00 (CET/CEST)","484","","1794"
"Switzerland (CH)","31.12.2020 19:00 - 31.12.2020 20:00 (CET/CEST)","406","","1474"
"Switzerland (CH)","31.12.2020 20:00 - 31.12.2020 21:00 (CET/CEST)","248","","918"
"Switzerland (CH)","31.12.2020 21:00 - 31.12.2020 22:00 (CET/CEST)","143","","455"
"Switzerland (CH)","31.12.2020 22:00 - 31.12.2020 23:00 (CET/CEST)","170","","396"
"Switzerland (CH)","31.12.2020 23:00 - 01.01.2021 00:00 (CET/CEST)","270","","394"
