"Area","MTU","Hydro Pumped Storage  - Actual Aggregated [MW]","Hydro Pumped Storage  - Actual Consumption [MW]","Hydro Water Reservoir  - Actual Aggregated [MW]"
"Italy (IT)","01.01.2020 00:00 - 01.01.2020 01:00 (CET/CEST)","191","","495"
"Italy (IT)","01.01.2020 01:00 - 01.01.2020 02:00 (CET/CEST)","0","107","421"
"Italy (IT)","01.01.2020 02:00 - 01.01.2020 03:00 (CET/CEST)","0","392","470"
"Italy (IT)","01.01.2020 03:00 - 01.01.2020 04:00 (CET/CEST)","0","411","398"
"Italy (IT)","01.01.2020 04:00 - 01.01.2020 05:00 (CET/CEST)","0","528","376"
"Italy (IT)","01.01.2020 05:00 - 01.01.2020 06:00 (CET/CEST)","0","528","312"
"Italy (IT)","01.01.2020 06:00 - 01.01.2020 07:00 (CET/CEST)","0","422","322"
"Italy (IT)","01.01.2020 07:00 - 01.01.2020 08:00 (CET/CEST)","98","96","332"
"Italy (IT)","01.01.2020 08:00 - 01.01.2020 09:00 (CET/CEST)","0","433","409"
"Italy (IT)","01.01.2020 09:00 - 01.01.2020 10:00 (CET/CEST)","0","712","325"
"Italy (IT)","01.01.2020 10:00 - 01.01.2020 11:00 (CET/CEST)","0","523","334"
"Italy (IT)","01.01.2020 11:00 - 01.01.2020 12:00 (CET/CEST)","0","559","485"
"Italy (IT)","01.01.2020 12:00 - 01.01.2020 13:00 (CET/CEST)","0","279","468"
"Italy (IT)","01.01.2020 13:00 - 01.01.2020 14:00 (CET/CEST)","0","404","491"
"Italy (IT)","01.01.2020 14:00 - 01.01.2020 15:00 (CET/CEST)","0","422","529"
"Italy (IT)","01.01.2020 15:00 - 01.01.2020 16:00 (CET/CEST)","0","448","710"
"Italy (IT)","01.01.2020 16:00 - 01.01.2020 17:00 (CET/CEST)","0","331","779"
"Italy (IT)","01.01.2020 17:00 - 01.01.2020 18:00 (CET/CEST)","174","36","1080"
"Italy (IT)","01.01.2020 18:00 - 01.01.2020 19:00 (CET/CEST)","0","59","979"
"Italy (IT)","01.01.2020 19:00 - 01.01.2020 20:00 (CET/CEST)","224","1","772"
"Italy (IT)","01.01.2020 20:00 - 01.01.2020 21:00 (CET/CEST)","289","1","793"
"Italy (IT)","01.01.2020 21:00 - 01.01.2020 22:00 (CET/CEST)","195","1","632"
"Italy (IT)","01.01.2020 22:00 - 01.01.2020 23:00 (CET/CEST)","81","39","506"
"Italy (IT)","01.01.2020 23:00 - 02.01.2020 00:00 (CET/CEST)","25","250","464"
"Italy (IT)","02.01.2020 00:00 - 02.01.2020 01:00 (CET/CEST)","0","467","333"
"Italy (IT)","02.01.2020 01:00 - 02.01.2020 02:00 (CET/CEST)","0","669","264"
"Italy (IT)","02.01.2020 02:00 - 02.01.2020 03:00 (CET/CEST)","0","825","258"
"Italy (IT)","02.01.2020 03:00 - 02.01.2020 04:00 (CET/CEST)","0","919","251"
"Italy (IT)","02.01.2020 04:00 - 02.01.2020 05:00 (CET/CEST)","0","1207","224"
"Italy (IT)","02.01.2020 05:00 - 02.01.2020 06:00 (CET/CEST)","0","1752","228"
"Italy (IT)","02.01.2020 06:00 - 02.01.2020 07:00 (CET/CEST)","0","1177","255"
"Italy (IT)","02.01.2020 07:00 - 02.01.2020 08:00 (CET/CEST)","0","130","644"
"Italy (IT)","02.01.2020 08:00 - 02.01.2020 09:00 (CET/CEST)","221","","677"
"Italy (IT)","02.01.2020 09:00 - 02.01.2020 10:00 (CET/CEST)","595","","665"
"Italy (IT)","02.01.2020 10:00 - 02.01.2020 11:00 (CET/CEST)","183","","465"
"Italy (IT)","02.01.2020 11:00 - 02.01.2020 12:00 (CET/CEST)","183","","449"
"Italy (IT)","02.01.2020 12:00 - 02.01.2020 13:00 (CET/CEST)","92","","435"
"Italy (IT)","02.01.2020 13:00 - 02.01.2020 14:00 (CET/CEST)","92","","417"
"Italy (IT)","02.01.2020 14:00 - 02.01.2020 15:00 (CET/CEST)","92","","522"
"Italy (IT)","02.01.2020 15:00 - 02.01.2020 16:00 (CET/CEST)","329","","816"
"Italy (IT)","02.01.2020 16:00 - 02.01.2020 17:00 (CET/CEST)","621","","930"
"Italy (IT)","02.01.2020 17:00 - 02.01.2020 18:00 (CET/CEST)","965","","1095"
"Italy (IT)","02.01.2020 18:00 - 02.01.2020 19:00 (CET/CEST)","1160","","1131"
"Italy (IT)","02.01.2020 19:00 - 02.01.2020 20:00 (CET/CEST)","831","","954"
"Italy (IT)","02.01.2020 20:00 - 02.01.2020 21:00 (CET/CEST)","718","","876"
"Italy (IT)","02.01.2020 21:00 - 02.01.2020 22:00 (CET/CEST)","480","","791"
"Italy (IT)","02.01.2020 22:00 - 02.01.2020 23:00 (CET/CEST)","187","","490"
"Italy (IT)","02.01.2020 23:00 - 03.01.2020 00:00 (CET/CEST)","38","91","447"
"Italy (IT)","03.01.2020 00:00 - 03.01.2020 01:00 (CET/CEST)","0","264","287"
"Italy (IT)","03.01.2020 01:00 - 03.01.2020 02:00 (CET/CEST)","","428","255"
"Italy (IT)","03.01.2020 02:00 - 03.01.2020 03:00 (CET/CEST)","","627","249"
"Italy (IT)","03.01.2020 03:00 - 03.01.2020 04:00 (CET/CEST)","","776","241"
"Italy (IT)","03.01.2020 04:00 - 03.01.2020 05:00 (CET/CEST)","","774","227"
"Italy (IT)","03.01.2020 05:00 - 03.01.2020 06:00 (CET/CEST)","","435","249"
"Italy (IT)","03.01.2020 06:00 - 03.01.2020 07:00 (CET/CEST)","4","395","506"
"Italy (IT)","03.01.2020 07:00 - 03.01.2020 08:00 (CET/CEST)","144","65","709"
"Italy (IT)","03.01.2020 08:00 - 03.01.2020 09:00 (CET/CEST)","604","","788"
"Italy (IT)","03.01.2020 09:00 - 03.01.2020 10:00 (CET/CEST)","585","","674"
"Italy (IT)","03.01.2020 10:00 - 03.01.2020 11:00 (CET/CEST)","418","","590"
"Italy (IT)","03.01.2020 11:00 - 03.01.2020 12:00 (CET/CEST)","312","","525"
"Italy (IT)","03.01.2020 12:00 - 03.01.2020 13:00 (CET/CEST)","222","","467"
"Italy (IT)","03.01.2020 13:00 - 03.01.2020 14:00 (CET/CEST)","222","45","467"
"Italy (IT)","03.01.2020 14:00 - 03.01.2020 15:00 (CET/CEST)","221","151","493"
"Italy (IT)","03.01.2020 15:00 - 03.01.2020 16:00 (CET/CEST)","239","257","673"
"Italy (IT)","03.01.2020 16:00 - 03.01.2020 17:00 (CET/CEST)","697","68","1030"
"Italy (IT)","03.01.2020 17:00 - 03.01.2020 18:00 (CET/CEST)","971","","1255"
"Italy (IT)","03.01.2020 18:00 - 03.01.2020 19:00 (CET/CEST)","1101","","1225"
"Italy (IT)","03.01.2020 19:00 - 03.01.2020 20:00 (CET/CEST)","1039","","1043"
"Italy (IT)","03.01.2020 20:00 - 03.01.2020 21:00 (CET/CEST)","694","","924"
"Italy (IT)","03.01.2020 21:00 - 03.01.2020 22:00 (CET/CEST)","448","","530"
"Italy (IT)","03.01.2020 22:00 - 03.01.2020 23:00 (CET/CEST)","263","","497"
"Italy (IT)","03.01.2020 23:00 - 04.01.2020 00:00 (CET/CEST)","43","23","385"
"Italy (IT)","04.01.2020 00:00 - 04.01.2020 01:00 (CET/CEST)","0","404","282"
"Italy (IT)","04.01.2020 01:00 - 04.01.2020 02:00 (CET/CEST)","0","687","202"
"Italy (IT)","04.01.2020 02:00 - 04.01.2020 03:00 (CET/CEST)","0","723","174"
"Italy (IT)","04.01.2020 03:00 - 04.01.2020 04:00 (CET/CEST)","0","724","166"
"Italy (IT)","04.01.2020 04:00 - 04.01.2020 05:00 (CET/CEST)","0","539","163"
"Italy (IT)","04.01.2020 05:00 - 04.01.2020 06:00 (CET/CEST)","0","228","168"
"Italy (IT)","04.01.2020 06:00 - 04.01.2020 07:00 (CET/CEST)","0","144","259"
"Italy (IT)","04.01.2020 07:00 - 04.01.2020 08:00 (CET/CEST)","0","78","340"
"Italy (IT)","04.01.2020 08:00 - 04.01.2020 09:00 (CET/CEST)","19","1","371"
"Italy (IT)","04.01.2020 09:00 - 04.01.2020 10:00 (CET/CEST)","146","1","350"
"Italy (IT)","04.01.2020 10:00 - 04.01.2020 11:00 (CET/CEST)","145","1","369"
"Italy (IT)","04.01.2020 11:00 - 04.01.2020 12:00 (CET/CEST)","146","1","369"
"Italy (IT)","04.01.2020 12:00 - 04.01.2020 13:00 (CET/CEST)","0","189","331"
"Italy (IT)","04.01.2020 13:00 - 04.01.2020 14:00 (CET/CEST)","0","70","314"
"Italy (IT)","04.01.2020 14:00 - 04.01.2020 15:00 (CET/CEST)","56","1","346"
"Italy (IT)","04.01.2020 15:00 - 04.01.2020 16:00 (CET/CEST)","56","1","413"
"Italy (IT)","04.01.2020 16:00 - 04.01.2020 17:00 (CET/CEST)","56","1","491"
"Italy (IT)","04.01.2020 17:00 - 04.01.2020 18:00 (CET/CEST)","461","","646"
"Italy (IT)","04.01.2020 18:00 - 04.01.2020 19:00 (CET/CEST)","734","","969"
"Italy (IT)","04.01.2020 19:00 - 04.01.2020 20:00 (CET/CEST)","894","","899"
"Italy (IT)","04.01.2020 20:00 - 04.01.2020 21:00 (CET/CEST)","573","","739"
"Italy (IT)","04.01.2020 21:00 - 04.01.2020 22:00 (CET/CEST)","300","","528"
"Italy (IT)","04.01.2020 22:00 - 04.01.2020 23:00 (CET/CEST)","143","","462"
"Italy (IT)","04.01.2020 23:00 - 05.01.2020 00:00 (CET/CEST)","586","","409"
"Italy (IT)","05.01.2020 00:00 - 05.01.2020 01:00 (CET/CEST)","470","","522"
"Italy (IT)","05.01.2020 01:00 - 05.01.2020 02:00 (CET/CEST)","86","453","218"
"Italy (IT)","05.01.2020 02:00 - 05.01.2020 03:00 (CET/CEST)","0","733","177"
"Italy (IT)","05.01.2020 03:00 - 05.01.2020 04:00 (CET/CEST)","0","756","159"
"Italy (IT)","05.01.2020 04:00 - 05.01.2020 05:00 (CET/CEST)","0","1034","159"
"Italy (IT)","05.01.2020 05:00 - 05.01.2020 06:00 (CET/CEST)","0","1326","159"
"Italy (IT)","05.01.2020 06:00 - 05.01.2020 07:00 (CET/CEST)","0","1424","168"
"Italy (IT)","05.01.2020 07:00 - 05.01.2020 08:00 (CET/CEST)","0","1195","243"
"Italy (IT)","05.01.2020 08:00 - 05.01.2020 09:00 (CET/CEST)","0","360","287"
"Italy (IT)","05.01.2020 09:00 - 05.01.2020 10:00 (CET/CEST)","89","12","258"
"Italy (IT)","05.01.2020 10:00 - 05.01.2020 11:00 (CET/CEST)","0","263","261"
"Italy (IT)","05.01.2020 11:00 - 05.01.2020 12:00 (CET/CEST)","72","151","258"
"Italy (IT)","05.01.2020 12:00 - 05.01.2020 13:00 (CET/CEST)","0","107","243"
"Italy (IT)","05.01.2020 13:00 - 05.01.2020 14:00 (CET/CEST)","53","72","240"
"Italy (IT)","05.01.2020 14:00 - 05.01.2020 15:00 (CET/CEST)","19","109","280"
"Italy (IT)","05.01.2020 15:00 - 05.01.2020 16:00 (CET/CEST)","20","1","405"
"Italy (IT)","05.01.2020 16:00 - 05.01.2020 17:00 (CET/CEST)","510","1","474"
"Italy (IT)","05.01.2020 17:00 - 05.01.2020 18:00 (CET/CEST)","723","1","734"
"Italy (IT)","05.01.2020 18:00 - 05.01.2020 19:00 (CET/CEST)","810","1","1031"
"Italy (IT)","05.01.2020 19:00 - 05.01.2020 20:00 (CET/CEST)","975","1","699"
"Italy (IT)","05.01.2020 20:00 - 05.01.2020 21:00 (CET/CEST)","964","1","618"
"Italy (IT)","05.01.2020 21:00 - 05.01.2020 22:00 (CET/CEST)","935","1","443"
"Italy (IT)","05.01.2020 22:00 - 05.01.2020 23:00 (CET/CEST)","1022","1","442"
"Italy (IT)","05.01.2020 23:00 - 06.01.2020 00:00 (CET/CEST)","221","1","409"
"Italy (IT)","06.01.2020 00:00 - 06.01.2020 01:00 (CET/CEST)","0","247","288"
"Italy (IT)","06.01.2020 01:00 - 06.01.2020 02:00 (CET/CEST)","0","647","256"
"Italy (IT)","06.01.2020 02:00 - 06.01.2020 03:00 (CET/CEST)","0","707","250"
"Italy (IT)","06.01.2020 03:00 - 06.01.2020 04:00 (CET/CEST)","0","300","250"
"Italy (IT)","06.01.2020 04:00 - 06.01.2020 05:00 (CET/CEST)","8","206","250"
"Italy (IT)","06.01.2020 05:00 - 06.01.2020 06:00 (CET/CEST)","9","200","250"
"Italy (IT)","06.01.2020 06:00 - 06.01.2020 07:00 (CET/CEST)","61","252","264"
"Italy (IT)","06.01.2020 07:00 - 06.01.2020 08:00 (CET/CEST)","283","57","877"
"Italy (IT)","06.01.2020 08:00 - 06.01.2020 09:00 (CET/CEST)","237","1","1140"
"Italy (IT)","06.01.2020 09:00 - 06.01.2020 10:00 (CET/CEST)","249","1","1124"
"Italy (IT)","06.01.2020 10:00 - 06.01.2020 11:00 (CET/CEST)","162","352","1098"
"Italy (IT)","06.01.2020 11:00 - 06.01.2020 12:00 (CET/CEST)","144","154","823"
"Italy (IT)","06.01.2020 12:00 - 06.01.2020 13:00 (CET/CEST)","275","","729"
"Italy (IT)","06.01.2020 13:00 - 06.01.2020 14:00 (CET/CEST)","339","","610"
"Italy (IT)","06.01.2020 14:00 - 06.01.2020 15:00 (CET/CEST)","79","1","508"
"Italy (IT)","06.01.2020 15:00 - 06.01.2020 16:00 (CET/CEST)","257","","894"
"Italy (IT)","06.01.2020 16:00 - 06.01.2020 17:00 (CET/CEST)","227","","1558"
"Italy (IT)","06.01.2020 17:00 - 06.01.2020 18:00 (CET/CEST)","243","1","1048"
"Italy (IT)","06.01.2020 18:00 - 06.01.2020 19:00 (CET/CEST)","230","","1062"
"Italy (IT)","06.01.2020 19:00 - 06.01.2020 20:00 (CET/CEST)","280","","1068"
"Italy (IT)","06.01.2020 20:00 - 06.01.2020 21:00 (CET/CEST)","279","","924"
"Italy (IT)","06.01.2020 21:00 - 06.01.2020 22:00 (CET/CEST)","217","1","754"
"Italy (IT)","06.01.2020 22:00 - 06.01.2020 23:00 (CET/CEST)","319","1","402"
"Italy (IT)","06.01.2020 23:00 - 07.01.2020 00:00 (CET/CEST)","215","22","354"
"Italy (IT)","07.01.2020 00:00 - 07.01.2020 01:00 (CET/CEST)","0","525","324"
"Italy (IT)","07.01.2020 01:00 - 07.01.2020 02:00 (CET/CEST)","0","642","294"
"Italy (IT)","07.01.2020 02:00 - 07.01.2020 03:00 (CET/CEST)","0","550","288"
"Italy (IT)","07.01.2020 03:00 - 07.01.2020 04:00 (CET/CEST)","0","896","279"
"Italy (IT)","07.01.2020 04:00 - 07.01.2020 05:00 (CET/CEST)","0","1032","265"
"Italy (IT)","07.01.2020 05:00 - 07.01.2020 06:00 (CET/CEST)","0","1396","266"
"Italy (IT)","07.01.2020 06:00 - 07.01.2020 07:00 (CET/CEST)","0","643","580"
"Italy (IT)","07.01.2020 07:00 - 07.01.2020 08:00 (CET/CEST)","6","2","718"
"Italy (IT)","07.01.2020 08:00 - 07.01.2020 09:00 (CET/CEST)","217","","1389"
"Italy (IT)","07.01.2020 09:00 - 07.01.2020 10:00 (CET/CEST)","391","","1377"
"Italy (IT)","07.01.2020 10:00 - 07.01.2020 11:00 (CET/CEST)","186","","1377"
"Italy (IT)","07.01.2020 11:00 - 07.01.2020 12:00 (CET/CEST)","188","","933"
"Italy (IT)","07.01.2020 12:00 - 07.01.2020 13:00 (CET/CEST)","99","","799"
"Italy (IT)","07.01.2020 13:00 - 07.01.2020 14:00 (CET/CEST)","99","","817"
"Italy (IT)","07.01.2020 14:00 - 07.01.2020 15:00 (CET/CEST)","122","","1081"
"Italy (IT)","07.01.2020 15:00 - 07.01.2020 16:00 (CET/CEST)","212","","1639"
"Italy (IT)","07.01.2020 16:00 - 07.01.2020 17:00 (CET/CEST)","162","","1583"
"Italy (IT)","07.01.2020 17:00 - 07.01.2020 18:00 (CET/CEST)","1131","","1537"
"Italy (IT)","07.01.2020 18:00 - 07.01.2020 19:00 (CET/CEST)","1163","","1331"
"Italy (IT)","07.01.2020 19:00 - 07.01.2020 20:00 (CET/CEST)","630","","1343"
"Italy (IT)","07.01.2020 20:00 - 07.01.2020 21:00 (CET/CEST)","472","","1101"
"Italy (IT)","07.01.2020 21:00 - 07.01.2020 22:00 (CET/CEST)","297","","1004"
"Italy (IT)","07.01.2020 22:00 - 07.01.2020 23:00 (CET/CEST)","100","","536"
"Italy (IT)","07.01.2020 23:00 - 08.01.2020 00:00 (CET/CEST)","97","","425"
"Italy (IT)","08.01.2020 00:00 - 08.01.2020 01:00 (CET/CEST)","0","288","343"
"Italy (IT)","08.01.2020 01:00 - 08.01.2020 02:00 (CET/CEST)","54","428","213"
"Italy (IT)","08.01.2020 02:00 - 08.01.2020 03:00 (CET/CEST)","0","909","209"
"Italy (IT)","08.01.2020 03:00 - 08.01.2020 04:00 (CET/CEST)","0","957","205"
"Italy (IT)","08.01.2020 04:00 - 08.01.2020 05:00 (CET/CEST)","0","801","211"
"Italy (IT)","08.01.2020 05:00 - 08.01.2020 06:00 (CET/CEST)","14","371","337"
"Italy (IT)","08.01.2020 06:00 - 08.01.2020 07:00 (CET/CEST)","89","67","470"
"Italy (IT)","08.01.2020 07:00 - 08.01.2020 08:00 (CET/CEST)","356","","803"
"Italy (IT)","08.01.2020 08:00 - 08.01.2020 09:00 (CET/CEST)","852","","1009"
"Italy (IT)","08.01.2020 09:00 - 08.01.2020 10:00 (CET/CEST)","867","","1311"
"Italy (IT)","08.01.2020 10:00 - 08.01.2020 11:00 (CET/CEST)","212","","865"
"Italy (IT)","08.01.2020 11:00 - 08.01.2020 12:00 (CET/CEST)","190","33","689"
"Italy (IT)","08.01.2020 12:00 - 08.01.2020 13:00 (CET/CEST)","99","72","575"
"Italy (IT)","08.01.2020 13:00 - 08.01.2020 14:00 (CET/CEST)","98","","566"
"Italy (IT)","08.01.2020 14:00 - 08.01.2020 15:00 (CET/CEST)","229","","591"
"Italy (IT)","08.01.2020 15:00 - 08.01.2020 16:00 (CET/CEST)","238","","937"
"Italy (IT)","08.01.2020 16:00 - 08.01.2020 17:00 (CET/CEST)","534","","1277"
"Italy (IT)","08.01.2020 17:00 - 08.01.2020 18:00 (CET/CEST)","1236","","1678"
"Italy (IT)","08.01.2020 18:00 - 08.01.2020 19:00 (CET/CEST)","755","","1476"
"Italy (IT)","08.01.2020 19:00 - 08.01.2020 20:00 (CET/CEST)","726","","1432"
"Italy (IT)","08.01.2020 20:00 - 08.01.2020 21:00 (CET/CEST)","447","","1086"
"Italy (IT)","08.01.2020 21:00 - 08.01.2020 22:00 (CET/CEST)","245","","985"
"Italy (IT)","08.01.2020 22:00 - 08.01.2020 23:00 (CET/CEST)","96","","545"
"Italy (IT)","08.01.2020 23:00 - 09.01.2020 00:00 (CET/CEST)","43","240","481"
"Italy (IT)","09.01.2020 00:00 - 09.01.2020 01:00 (CET/CEST)","167","","344"
"Italy (IT)","09.01.2020 01:00 - 09.01.2020 02:00 (CET/CEST)","78","119","334"
"Italy (IT)","09.01.2020 02:00 - 09.01.2020 03:00 (CET/CEST)","85","521","286"
"Italy (IT)","09.01.2020 03:00 - 09.01.2020 04:00 (CET/CEST)","85","643","287"
"Italy (IT)","09.01.2020 04:00 - 09.01.2020 05:00 (CET/CEST)","85","640","306"
"Italy (IT)","09.01.2020 05:00 - 09.01.2020 06:00 (CET/CEST)","85","515","355"
"Italy (IT)","09.01.2020 06:00 - 09.01.2020 07:00 (CET/CEST)","273","50","676"
"Italy (IT)","09.01.2020 07:00 - 09.01.2020 08:00 (CET/CEST)","1153","","1222"
"Italy (IT)","09.01.2020 08:00 - 09.01.2020 09:00 (CET/CEST)","2105","","1761"
"Italy (IT)","09.01.2020 09:00 - 09.01.2020 10:00 (CET/CEST)","1289","","1372"
"Italy (IT)","09.01.2020 10:00 - 09.01.2020 11:00 (CET/CEST)","274","","1162"
"Italy (IT)","09.01.2020 11:00 - 09.01.2020 12:00 (CET/CEST)","267","","778"
"Italy (IT)","09.01.2020 12:00 - 09.01.2020 13:00 (CET/CEST)","128","145","594"
"Italy (IT)","09.01.2020 13:00 - 09.01.2020 14:00 (CET/CEST)","127","144","606"
"Italy (IT)","09.01.2020 14:00 - 09.01.2020 15:00 (CET/CEST)","181","","755"
"Italy (IT)","09.01.2020 15:00 - 09.01.2020 16:00 (CET/CEST)","180","60","1296"
"Italy (IT)","09.01.2020 16:00 - 09.01.2020 17:00 (CET/CEST)","538","35","1703"
"Italy (IT)","09.01.2020 17:00 - 09.01.2020 18:00 (CET/CEST)","1607","","1585"
"Italy (IT)","09.01.2020 18:00 - 09.01.2020 19:00 (CET/CEST)","1222","","1491"
"Italy (IT)","09.01.2020 19:00 - 09.01.2020 20:00 (CET/CEST)","632","","1700"
"Italy (IT)","09.01.2020 20:00 - 09.01.2020 21:00 (CET/CEST)","537","","760"
"Italy (IT)","09.01.2020 21:00 - 09.01.2020 22:00 (CET/CEST)","392","54","672"
"Italy (IT)","09.01.2020 22:00 - 09.01.2020 23:00 (CET/CEST)","130","59","484"
"Italy (IT)","09.01.2020 23:00 - 10.01.2020 00:00 (CET/CEST)","128","","381"
"Italy (IT)","10.01.2020 00:00 - 10.01.2020 01:00 (CET/CEST)","15","751","347"
"Italy (IT)","10.01.2020 01:00 - 10.01.2020 02:00 (CET/CEST)","152","571","278"
"Italy (IT)","10.01.2020 02:00 - 10.01.2020 03:00 (CET/CEST)","0","322","277"
"Italy (IT)","10.01.2020 03:00 - 10.01.2020 04:00 (CET/CEST)","0","504","277"
"Italy (IT)","10.01.2020 04:00 - 10.01.2020 05:00 (CET/CEST)","55","674","277"
"Italy (IT)","10.01.2020 05:00 - 10.01.2020 06:00 (CET/CEST)","55","510","280"
"Italy (IT)","10.01.2020 06:00 - 10.01.2020 07:00 (CET/CEST)","128","8","564"
"Italy (IT)","10.01.2020 07:00 - 10.01.2020 08:00 (CET/CEST)","447","","1280"
"Italy (IT)","10.01.2020 08:00 - 10.01.2020 09:00 (CET/CEST)","1035","","1759"
"Italy (IT)","10.01.2020 09:00 - 10.01.2020 10:00 (CET/CEST)","776","","1708"
"Italy (IT)","10.01.2020 10:00 - 10.01.2020 11:00 (CET/CEST)","316","","1291"
"Italy (IT)","10.01.2020 11:00 - 10.01.2020 12:00 (CET/CEST)","234","","835"
"Italy (IT)","10.01.2020 12:00 - 10.01.2020 13:00 (CET/CEST)","149","","686"
"Italy (IT)","10.01.2020 13:00 - 10.01.2020 14:00 (CET/CEST)","149","","686"
"Italy (IT)","10.01.2020 14:00 - 10.01.2020 15:00 (CET/CEST)","149","","737"
"Italy (IT)","10.01.2020 15:00 - 10.01.2020 16:00 (CET/CEST)","238","","1360"
"Italy (IT)","10.01.2020 16:00 - 10.01.2020 17:00 (CET/CEST)","443","46","1603"
"Italy (IT)","10.01.2020 17:00 - 10.01.2020 18:00 (CET/CEST)","873","55","1796"
"Italy (IT)","10.01.2020 18:00 - 10.01.2020 19:00 (CET/CEST)","767","","1657"
"Italy (IT)","10.01.2020 19:00 - 10.01.2020 20:00 (CET/CEST)","663","","1489"
"Italy (IT)","10.01.2020 20:00 - 10.01.2020 21:00 (CET/CEST)","361","","782"
"Italy (IT)","10.01.2020 21:00 - 10.01.2020 22:00 (CET/CEST)","217","18","679"
"Italy (IT)","10.01.2020 22:00 - 10.01.2020 23:00 (CET/CEST)","170","78","472"
"Italy (IT)","10.01.2020 23:00 - 11.01.2020 00:00 (CET/CEST)","251","52","424"
"Italy (IT)","11.01.2020 00:00 - 11.01.2020 01:00 (CET/CEST)","206","","314"
"Italy (IT)","11.01.2020 01:00 - 11.01.2020 02:00 (CET/CEST)","207","","302"
"Italy (IT)","11.01.2020 02:00 - 11.01.2020 03:00 (CET/CEST)","55","144","260"
"Italy (IT)","11.01.2020 03:00 - 11.01.2020 04:00 (CET/CEST)","55","398","261"
"Italy (IT)","11.01.2020 04:00 - 11.01.2020 05:00 (CET/CEST)","1","401","262"
"Italy (IT)","11.01.2020 05:00 - 11.01.2020 06:00 (CET/CEST)","0","399","285"
"Italy (IT)","11.01.2020 06:00 - 11.01.2020 07:00 (CET/CEST)","0","213","324"
"Italy (IT)","11.01.2020 07:00 - 11.01.2020 08:00 (CET/CEST)","208","","510"
"Italy (IT)","11.01.2020 08:00 - 11.01.2020 09:00 (CET/CEST)","322","","707"
"Italy (IT)","11.01.2020 09:00 - 11.01.2020 10:00 (CET/CEST)","319","1","668"
"Italy (IT)","11.01.2020 10:00 - 11.01.2020 11:00 (CET/CEST)","141","1","562"
"Italy (IT)","11.01.2020 11:00 - 11.01.2020 12:00 (CET/CEST)","142","1","451"
"Italy (IT)","11.01.2020 12:00 - 11.01.2020 13:00 (CET/CEST)","56","1","369"
"Italy (IT)","11.01.2020 13:00 - 11.01.2020 14:00 (CET/CEST)","1","1","399"
"Italy (IT)","11.01.2020 14:00 - 11.01.2020 15:00 (CET/CEST)","0","1","404"
"Italy (IT)","11.01.2020 15:00 - 11.01.2020 16:00 (CET/CEST)","0","35","420"
"Italy (IT)","11.01.2020 16:00 - 11.01.2020 17:00 (CET/CEST)","56","166","523"
"Italy (IT)","11.01.2020 17:00 - 11.01.2020 18:00 (CET/CEST)","142","71","874"
"Italy (IT)","11.01.2020 18:00 - 11.01.2020 19:00 (CET/CEST)","263","1","1056"
"Italy (IT)","11.01.2020 19:00 - 11.01.2020 20:00 (CET/CEST)","369","1","834"
"Italy (IT)","11.01.2020 20:00 - 11.01.2020 21:00 (CET/CEST)","225","11","565"
"Italy (IT)","11.01.2020 21:00 - 11.01.2020 22:00 (CET/CEST)","144","79","532"
"Italy (IT)","11.01.2020 22:00 - 11.01.2020 23:00 (CET/CEST)","0","325","412"
"Italy (IT)","11.01.2020 23:00 - 12.01.2020 00:00 (CET/CEST)","68","316","398"
"Italy (IT)","12.01.2020 00:00 - 12.01.2020 01:00 (CET/CEST)","152","321","303"
"Italy (IT)","12.01.2020 01:00 - 12.01.2020 02:00 (CET/CEST)","152","401","244"
"Italy (IT)","12.01.2020 02:00 - 12.01.2020 03:00 (CET/CEST)","0","904","244"
"Italy (IT)","12.01.2020 03:00 - 12.01.2020 04:00 (CET/CEST)","0","1579","243"
"Italy (IT)","12.01.2020 04:00 - 12.01.2020 05:00 (CET/CEST)","0","1900","244"
"Italy (IT)","12.01.2020 05:00 - 12.01.2020 06:00 (CET/CEST)","0","1573","244"
"Italy (IT)","12.01.2020 06:00 - 12.01.2020 07:00 (CET/CEST)","0","1306","276"
"Italy (IT)","12.01.2020 07:00 - 12.01.2020 08:00 (CET/CEST)","0","1032","315"
"Italy (IT)","12.01.2020 08:00 - 12.01.2020 09:00 (CET/CEST)","256","213","428"
"Italy (IT)","12.01.2020 09:00 - 12.01.2020 10:00 (CET/CEST)","234","214","426"
"Italy (IT)","12.01.2020 10:00 - 12.01.2020 11:00 (CET/CEST)","17","214","426"
"Italy (IT)","12.01.2020 11:00 - 12.01.2020 12:00 (CET/CEST)","0","316","402"
"Italy (IT)","12.01.2020 12:00 - 12.01.2020 13:00 (CET/CEST)","0","404","352"
"Italy (IT)","12.01.2020 13:00 - 12.01.2020 14:00 (CET/CEST)","0","541","354"
"Italy (IT)","12.01.2020 14:00 - 12.01.2020 15:00 (CET/CEST)","0","619","375"
"Italy (IT)","12.01.2020 15:00 - 12.01.2020 16:00 (CET/CEST)","0","301","430"
"Italy (IT)","12.01.2020 16:00 - 12.01.2020 17:00 (CET/CEST)","0","299","567"
"Italy (IT)","12.01.2020 17:00 - 12.01.2020 18:00 (CET/CEST)","39","6","738"
"Italy (IT)","12.01.2020 18:00 - 12.01.2020 19:00 (CET/CEST)","358","","1139"
"Italy (IT)","12.01.2020 19:00 - 12.01.2020 20:00 (CET/CEST)","585","","1192"
"Italy (IT)","12.01.2020 20:00 - 12.01.2020 21:00 (CET/CEST)","825","","1046"
"Italy (IT)","12.01.2020 21:00 - 12.01.2020 22:00 (CET/CEST)","437","","962"
"Italy (IT)","12.01.2020 22:00 - 12.01.2020 23:00 (CET/CEST)","26","295","649"
"Italy (IT)","12.01.2020 23:00 - 13.01.2020 00:00 (CET/CEST)","0","344","443"
"Italy (IT)","13.01.2020 00:00 - 13.01.2020 01:00 (CET/CEST)","0","623","374"
"Italy (IT)","13.01.2020 01:00 - 13.01.2020 02:00 (CET/CEST)","0","874","287"
"Italy (IT)","13.01.2020 02:00 - 13.01.2020 03:00 (CET/CEST)","0","885","285"
"Italy (IT)","13.01.2020 03:00 - 13.01.2020 04:00 (CET/CEST)","0","857","285"
"Italy (IT)","13.01.2020 04:00 - 13.01.2020 05:00 (CET/CEST)","0","756","296"
"Italy (IT)","13.01.2020 05:00 - 13.01.2020 06:00 (CET/CEST)","0","570","307"
"Italy (IT)","13.01.2020 06:00 - 13.01.2020 07:00 (CET/CEST)","0","96","563"
"Italy (IT)","13.01.2020 07:00 - 13.01.2020 08:00 (CET/CEST)","286","1","1305"
"Italy (IT)","13.01.2020 08:00 - 13.01.2020 09:00 (CET/CEST)","1064","1","1557"
"Italy (IT)","13.01.2020 09:00 - 13.01.2020 10:00 (CET/CEST)","1195","1","1328"
"Italy (IT)","13.01.2020 10:00 - 13.01.2020 11:00 (CET/CEST)","263","1","1034"
"Italy (IT)","13.01.2020 11:00 - 13.01.2020 12:00 (CET/CEST)","269","1","899"
"Italy (IT)","13.01.2020 12:00 - 13.01.2020 13:00 (CET/CEST)","51","34","696"
"Italy (IT)","13.01.2020 13:00 - 13.01.2020 14:00 (CET/CEST)","29","146","740"
"Italy (IT)","13.01.2020 14:00 - 13.01.2020 15:00 (CET/CEST)","381","146","1151"
"Italy (IT)","13.01.2020 15:00 - 13.01.2020 16:00 (CET/CEST)","395","145","1210"
"Italy (IT)","13.01.2020 16:00 - 13.01.2020 17:00 (CET/CEST)","590","141","1255"
"Italy (IT)","13.01.2020 17:00 - 13.01.2020 18:00 (CET/CEST)","1545","40","1330"
"Italy (IT)","13.01.2020 18:00 - 13.01.2020 19:00 (CET/CEST)","1513","1","1331"
"Italy (IT)","13.01.2020 19:00 - 13.01.2020 20:00 (CET/CEST)","758","1","1457"
"Italy (IT)","13.01.2020 20:00 - 13.01.2020 21:00 (CET/CEST)","431","1","1027"
"Italy (IT)","13.01.2020 21:00 - 13.01.2020 22:00 (CET/CEST)","494","1","824"
"Italy (IT)","13.01.2020 22:00 - 13.01.2020 23:00 (CET/CEST)","267","58","480"
"Italy (IT)","13.01.2020 23:00 - 14.01.2020 00:00 (CET/CEST)","15","378","369"
"Italy (IT)","14.01.2020 00:00 - 14.01.2020 01:00 (CET/CEST)","153","643","291"
"Italy (IT)","14.01.2020 01:00 - 14.01.2020 02:00 (CET/CEST)","170","353","266"
"Italy (IT)","14.01.2020 02:00 - 14.01.2020 03:00 (CET/CEST)","318","352","263"
"Italy (IT)","14.01.2020 03:00 - 14.01.2020 04:00 (CET/CEST)","317","623","255"
"Italy (IT)","14.01.2020 04:00 - 14.01.2020 05:00 (CET/CEST)","327","353","240"
"Italy (IT)","14.01.2020 05:00 - 14.01.2020 06:00 (CET/CEST)","183","71","255"
"Italy (IT)","14.01.2020 06:00 - 14.01.2020 07:00 (CET/CEST)","160","","821"
"Italy (IT)","14.01.2020 07:00 - 14.01.2020 08:00 (CET/CEST)","828","52","1129"
"Italy (IT)","14.01.2020 08:00 - 14.01.2020 09:00 (CET/CEST)","1006","1","1677"
"Italy (IT)","14.01.2020 09:00 - 14.01.2020 10:00 (CET/CEST)","852","70","1349"
"Italy (IT)","14.01.2020 10:00 - 14.01.2020 11:00 (CET/CEST)","243","15","1090"
"Italy (IT)","14.01.2020 11:00 - 14.01.2020 12:00 (CET/CEST)","195","1","951"
"Italy (IT)","14.01.2020 12:00 - 14.01.2020 13:00 (CET/CEST)","15","1","591"
"Italy (IT)","14.01.2020 13:00 - 14.01.2020 14:00 (CET/CEST)","15","1","573"
"Italy (IT)","14.01.2020 14:00 - 14.01.2020 15:00 (CET/CEST)","22","58","926"
"Italy (IT)","14.01.2020 15:00 - 14.01.2020 16:00 (CET/CEST)","536","147","1070"
"Italy (IT)","14.01.2020 16:00 - 14.01.2020 17:00 (CET/CEST)","567","127","1313"
"Italy (IT)","14.01.2020 17:00 - 14.01.2020 18:00 (CET/CEST)","1443","17","1510"
"Italy (IT)","14.01.2020 18:00 - 14.01.2020 19:00 (CET/CEST)","1271","","1341"
"Italy (IT)","14.01.2020 19:00 - 14.01.2020 20:00 (CET/CEST)","715","","1228"
"Italy (IT)","14.01.2020 20:00 - 14.01.2020 21:00 (CET/CEST)","376","1","986"
"Italy (IT)","14.01.2020 21:00 - 14.01.2020 22:00 (CET/CEST)","287","1","923"
"Italy (IT)","14.01.2020 22:00 - 14.01.2020 23:00 (CET/CEST)","105","60","554"
"Italy (IT)","14.01.2020 23:00 - 15.01.2020 00:00 (CET/CEST)","2","213","421"
"Italy (IT)","15.01.2020 00:00 - 15.01.2020 01:00 (CET/CEST)","0","101","322"
"Italy (IT)","15.01.2020 01:00 - 15.01.2020 02:00 (CET/CEST)","200","355","294"
"Italy (IT)","15.01.2020 02:00 - 15.01.2020 03:00 (CET/CEST)","2","601","301"
"Italy (IT)","15.01.2020 03:00 - 15.01.2020 04:00 (CET/CEST)","0","814","304"
"Italy (IT)","15.01.2020 04:00 - 15.01.2020 05:00 (CET/CEST)","0","869","308"
"Italy (IT)","15.01.2020 05:00 - 15.01.2020 06:00 (CET/CEST)","0","820","318"
"Italy (IT)","15.01.2020 06:00 - 15.01.2020 07:00 (CET/CEST)","0","165","690"
"Italy (IT)","15.01.2020 07:00 - 15.01.2020 08:00 (CET/CEST)","320","1","1001"
"Italy (IT)","15.01.2020 08:00 - 15.01.2020 09:00 (CET/CEST)","1056","1","1271"
"Italy (IT)","15.01.2020 09:00 - 15.01.2020 10:00 (CET/CEST)","399","1","1255"
"Italy (IT)","15.01.2020 10:00 - 15.01.2020 11:00 (CET/CEST)","233","1","902"
"Italy (IT)","15.01.2020 11:00 - 15.01.2020 12:00 (CET/CEST)","313","1","589"
"Italy (IT)","15.01.2020 12:00 - 15.01.2020 13:00 (CET/CEST)","123","1","522"
"Italy (IT)","15.01.2020 13:00 - 15.01.2020 14:00 (CET/CEST)","18","161","498"
"Italy (IT)","15.01.2020 14:00 - 15.01.2020 15:00 (CET/CEST)","166","57","556"
"Italy (IT)","15.01.2020 15:00 - 15.01.2020 16:00 (CET/CEST)","279","152","1046"
"Italy (IT)","15.01.2020 16:00 - 15.01.2020 17:00 (CET/CEST)","379","133","1264"
"Italy (IT)","15.01.2020 17:00 - 15.01.2020 18:00 (CET/CEST)","370","40","1483"
"Italy (IT)","15.01.2020 18:00 - 15.01.2020 19:00 (CET/CEST)","477","1","1235"
"Italy (IT)","15.01.2020 19:00 - 15.01.2020 20:00 (CET/CEST)","374","1","1268"
"Italy (IT)","15.01.2020 20:00 - 15.01.2020 21:00 (CET/CEST)","398","","950"
"Italy (IT)","15.01.2020 21:00 - 15.01.2020 22:00 (CET/CEST)","444","","905"
"Italy (IT)","15.01.2020 22:00 - 15.01.2020 23:00 (CET/CEST)","151","254","563"
"Italy (IT)","15.01.2020 23:00 - 16.01.2020 00:00 (CET/CEST)","0","728","464"
"Italy (IT)","16.01.2020 00:00 - 16.01.2020 01:00 (CET/CEST)","","608","277"
"Italy (IT)","16.01.2020 01:00 - 16.01.2020 02:00 (CET/CEST)","0","584","232"
"Italy (IT)","16.01.2020 02:00 - 16.01.2020 03:00 (CET/CEST)","0","990","215"
"Italy (IT)","16.01.2020 03:00 - 16.01.2020 04:00 (CET/CEST)","0","1018","215"
"Italy (IT)","16.01.2020 04:00 - 16.01.2020 05:00 (CET/CEST)","0","1014","222"
"Italy (IT)","16.01.2020 05:00 - 16.01.2020 06:00 (CET/CEST)","0","693","321"
"Italy (IT)","16.01.2020 06:00 - 16.01.2020 07:00 (CET/CEST)","264","122","422"
"Italy (IT)","16.01.2020 07:00 - 16.01.2020 08:00 (CET/CEST)","517","1","955"
"Italy (IT)","16.01.2020 08:00 - 16.01.2020 09:00 (CET/CEST)","1371","","1137"
"Italy (IT)","16.01.2020 09:00 - 16.01.2020 10:00 (CET/CEST)","1256","","1135"
"Italy (IT)","16.01.2020 10:00 - 16.01.2020 11:00 (CET/CEST)","808","","814"
"Italy (IT)","16.01.2020 11:00 - 16.01.2020 12:00 (CET/CEST)","173","","646"
"Italy (IT)","16.01.2020 12:00 - 16.01.2020 13:00 (CET/CEST)","18","1","480"
"Italy (IT)","16.01.2020 13:00 - 16.01.2020 14:00 (CET/CEST)","0","151","476"
"Italy (IT)","16.01.2020 14:00 - 16.01.2020 15:00 (CET/CEST)","9","4","477"
"Italy (IT)","16.01.2020 15:00 - 16.01.2020 16:00 (CET/CEST)","16","80","777"
"Italy (IT)","16.01.2020 16:00 - 16.01.2020 17:00 (CET/CEST)","375","79","1101"
"Italy (IT)","16.01.2020 17:00 - 16.01.2020 18:00 (CET/CEST)","950","4","1214"
"Italy (IT)","16.01.2020 18:00 - 16.01.2020 19:00 (CET/CEST)","765","","1192"
"Italy (IT)","16.01.2020 19:00 - 16.01.2020 20:00 (CET/CEST)","754","","1111"
"Italy (IT)","16.01.2020 20:00 - 16.01.2020 21:00 (CET/CEST)","812","","724"
"Italy (IT)","16.01.2020 21:00 - 16.01.2020 22:00 (CET/CEST)","436","","648"
"Italy (IT)","16.01.2020 22:00 - 16.01.2020 23:00 (CET/CEST)","239","695","463"
"Italy (IT)","16.01.2020 23:00 - 17.01.2020 00:00 (CET/CEST)","","1074","427"
"Italy (IT)","17.01.2020 00:00 - 17.01.2020 01:00 (CET/CEST)","","998","309"
"Italy (IT)","17.01.2020 01:00 - 17.01.2020 02:00 (CET/CEST)","2","549","309"
"Italy (IT)","17.01.2020 02:00 - 17.01.2020 03:00 (CET/CEST)","0","843","288"
"Italy (IT)","17.01.2020 03:00 - 17.01.2020 04:00 (CET/CEST)","0","889","270"
"Italy (IT)","17.01.2020 04:00 - 17.01.2020 05:00 (CET/CEST)","0","887","270"
"Italy (IT)","17.01.2020 05:00 - 17.01.2020 06:00 (CET/CEST)","0","723","288"
"Italy (IT)","17.01.2020 06:00 - 17.01.2020 07:00 (CET/CEST)","0","278","517"
"Italy (IT)","17.01.2020 07:00 - 17.01.2020 08:00 (CET/CEST)","196","73","1246"
"Italy (IT)","17.01.2020 08:00 - 17.01.2020 09:00 (CET/CEST)","1338","","1561"
"Italy (IT)","17.01.2020 09:00 - 17.01.2020 10:00 (CET/CEST)","1065","","1430"
"Italy (IT)","17.01.2020 10:00 - 17.01.2020 11:00 (CET/CEST)","221","1","925"
"Italy (IT)","17.01.2020 11:00 - 17.01.2020 12:00 (CET/CEST)","159","1","604"
"Italy (IT)","17.01.2020 12:00 - 17.01.2020 13:00 (CET/CEST)","430","1","498"
"Italy (IT)","17.01.2020 13:00 - 17.01.2020 14:00 (CET/CEST)","64","1","495"
"Italy (IT)","17.01.2020 14:00 - 17.01.2020 15:00 (CET/CEST)","64","1","569"
"Italy (IT)","17.01.2020 15:00 - 17.01.2020 16:00 (CET/CEST)","217","","938"
"Italy (IT)","17.01.2020 16:00 - 17.01.2020 17:00 (CET/CEST)","450","","1185"
"Italy (IT)","17.01.2020 17:00 - 17.01.2020 18:00 (CET/CEST)","864","1","1275"
"Italy (IT)","17.01.2020 18:00 - 17.01.2020 19:00 (CET/CEST)","670","1","1092"
"Italy (IT)","17.01.2020 19:00 - 17.01.2020 20:00 (CET/CEST)","481","1","1068"
"Italy (IT)","17.01.2020 20:00 - 17.01.2020 21:00 (CET/CEST)","315","1","735"
"Italy (IT)","17.01.2020 21:00 - 17.01.2020 22:00 (CET/CEST)","136","1","627"
"Italy (IT)","17.01.2020 22:00 - 17.01.2020 23:00 (CET/CEST)","15","1","548"
"Italy (IT)","17.01.2020 23:00 - 18.01.2020 00:00 (CET/CEST)","15","1","476"
"Italy (IT)","18.01.2020 00:00 - 18.01.2020 01:00 (CET/CEST)","151","","312"
"Italy (IT)","18.01.2020 01:00 - 18.01.2020 02:00 (CET/CEST)","308","8","255"
"Italy (IT)","18.01.2020 02:00 - 18.01.2020 03:00 (CET/CEST)","316","218","244"
"Italy (IT)","18.01.2020 03:00 - 18.01.2020 04:00 (CET/CEST)","90","400","245"
"Italy (IT)","18.01.2020 04:00 - 18.01.2020 05:00 (CET/CEST)","","879","244"
"Italy (IT)","18.01.2020 05:00 - 18.01.2020 06:00 (CET/CEST)","","906","252"
"Italy (IT)","18.01.2020 06:00 - 18.01.2020 07:00 (CET/CEST)","0","716","481"
"Italy (IT)","18.01.2020 07:00 - 18.01.2020 08:00 (CET/CEST)","251","645","776"
"Italy (IT)","18.01.2020 08:00 - 18.01.2020 09:00 (CET/CEST)","245","86","1146"
"Italy (IT)","18.01.2020 09:00 - 18.01.2020 10:00 (CET/CEST)","333","1","1107"
"Italy (IT)","18.01.2020 10:00 - 18.01.2020 11:00 (CET/CEST)","238","1","1040"
"Italy (IT)","18.01.2020 11:00 - 18.01.2020 12:00 (CET/CEST)","211","140","761"
"Italy (IT)","18.01.2020 12:00 - 18.01.2020 13:00 (CET/CEST)","40","340","601"
"Italy (IT)","18.01.2020 13:00 - 18.01.2020 14:00 (CET/CEST)","40","530","426"
"Italy (IT)","18.01.2020 14:00 - 18.01.2020 15:00 (CET/CEST)","40","437","453"
"Italy (IT)","18.01.2020 15:00 - 18.01.2020 16:00 (CET/CEST)","39","330","448"
"Italy (IT)","18.01.2020 16:00 - 18.01.2020 17:00 (CET/CEST)","42","295","570"
"Italy (IT)","18.01.2020 17:00 - 18.01.2020 18:00 (CET/CEST)","152","61","1017"
"Italy (IT)","18.01.2020 18:00 - 18.01.2020 19:00 (CET/CEST)","949","","1179"
"Italy (IT)","18.01.2020 19:00 - 18.01.2020 20:00 (CET/CEST)","1092","","1145"
"Italy (IT)","18.01.2020 20:00 - 18.01.2020 21:00 (CET/CEST)","1035","","814"
"Italy (IT)","18.01.2020 21:00 - 18.01.2020 22:00 (CET/CEST)","646","","547"
"Italy (IT)","18.01.2020 22:00 - 18.01.2020 23:00 (CET/CEST)","448","","405"
"Italy (IT)","18.01.2020 23:00 - 19.01.2020 00:00 (CET/CEST)","346","","369"
"Italy (IT)","19.01.2020 00:00 - 19.01.2020 01:00 (CET/CEST)","3","145","259"
"Italy (IT)","19.01.2020 01:00 - 19.01.2020 02:00 (CET/CEST)","0","256","223"
"Italy (IT)","19.01.2020 02:00 - 19.01.2020 03:00 (CET/CEST)","0","427","197"
"Italy (IT)","19.01.2020 03:00 - 19.01.2020 04:00 (CET/CEST)","0","468","185"
"Italy (IT)","19.01.2020 04:00 - 19.01.2020 05:00 (CET/CEST)","0","725","184"
"Italy (IT)","19.01.2020 05:00 - 19.01.2020 06:00 (CET/CEST)","0","721","184"
"Italy (IT)","19.01.2020 06:00 - 19.01.2020 07:00 (CET/CEST)","0","761","198"
"Italy (IT)","19.01.2020 07:00 - 19.01.2020 08:00 (CET/CEST)","0","688","251"
"Italy (IT)","19.01.2020 08:00 - 19.01.2020 09:00 (CET/CEST)","0","48","414"
"Italy (IT)","19.01.2020 09:00 - 19.01.2020 10:00 (CET/CEST)","279","1","384"
"Italy (IT)","19.01.2020 10:00 - 19.01.2020 11:00 (CET/CEST)","162","","370"
"Italy (IT)","19.01.2020 11:00 - 19.01.2020 12:00 (CET/CEST)","36","","374"
"Italy (IT)","19.01.2020 12:00 - 19.01.2020 13:00 (CET/CEST)","0","161","354"
"Italy (IT)","19.01.2020 13:00 - 19.01.2020 14:00 (CET/CEST)","0","163","346"
"Italy (IT)","19.01.2020 14:00 - 19.01.2020 15:00 (CET/CEST)","0","163","350"
"Italy (IT)","19.01.2020 15:00 - 19.01.2020 16:00 (CET/CEST)","0","162","370"
"Italy (IT)","19.01.2020 16:00 - 19.01.2020 17:00 (CET/CEST)","53","","398"
"Italy (IT)","19.01.2020 17:00 - 19.01.2020 18:00 (CET/CEST)","497","","482"
"Italy (IT)","19.01.2020 18:00 - 19.01.2020 19:00 (CET/CEST)","374","","685"
"Italy (IT)","19.01.2020 19:00 - 19.01.2020 20:00 (CET/CEST)","415","","830"
"Italy (IT)","19.01.2020 20:00 - 19.01.2020 21:00 (CET/CEST)","341","","675"
"Italy (IT)","19.01.2020 21:00 - 19.01.2020 22:00 (CET/CEST)","218","","591"
"Italy (IT)","19.01.2020 22:00 - 19.01.2020 23:00 (CET/CEST)","40","1","446"
"Italy (IT)","19.01.2020 23:00 - 20.01.2020 00:00 (CET/CEST)","0","11","334"
"Italy (IT)","20.01.2020 00:00 - 20.01.2020 01:00 (CET/CEST)","0","396","178"
"Italy (IT)","20.01.2020 01:00 - 20.01.2020 02:00 (CET/CEST)","0","1009","174"
"Italy (IT)","20.01.2020 02:00 - 20.01.2020 03:00 (CET/CEST)","0","1073","175"
"Italy (IT)","20.01.2020 03:00 - 20.01.2020 04:00 (CET/CEST)","0","1115","184"
"Italy (IT)","20.01.2020 04:00 - 20.01.2020 05:00 (CET/CEST)","0","1192","184"
"Italy (IT)","20.01.2020 05:00 - 20.01.2020 06:00 (CET/CEST)","0","962","186"
"Italy (IT)","20.01.2020 06:00 - 20.01.2020 07:00 (CET/CEST)","40","2","373"
"Italy (IT)","20.01.2020 07:00 - 20.01.2020 08:00 (CET/CEST)","237","1","1077"
"Italy (IT)","20.01.2020 08:00 - 20.01.2020 09:00 (CET/CEST)","571","1","1435"
"Italy (IT)","20.01.2020 09:00 - 20.01.2020 10:00 (CET/CEST)","667","1","1561"
"Italy (IT)","20.01.2020 10:00 - 20.01.2020 11:00 (CET/CEST)","153","1","814"
"Italy (IT)","20.01.2020 11:00 - 20.01.2020 12:00 (CET/CEST)","126","1","554"
"Italy (IT)","20.01.2020 12:00 - 20.01.2020 13:00 (CET/CEST)","0","282","405"
"Italy (IT)","20.01.2020 13:00 - 20.01.2020 14:00 (CET/CEST)","0","413","406"
"Italy (IT)","20.01.2020 14:00 - 20.01.2020 15:00 (CET/CEST)","0","102","422"
"Italy (IT)","20.01.2020 15:00 - 20.01.2020 16:00 (CET/CEST)","90","1","634"
"Italy (IT)","20.01.2020 16:00 - 20.01.2020 17:00 (CET/CEST)","140","","750"
"Italy (IT)","20.01.2020 17:00 - 20.01.2020 18:00 (CET/CEST)","418","","1209"
"Italy (IT)","20.01.2020 18:00 - 20.01.2020 19:00 (CET/CEST)","751","","1253"
"Italy (IT)","20.01.2020 19:00 - 20.01.2020 20:00 (CET/CEST)","386","","1105"
"Italy (IT)","20.01.2020 20:00 - 20.01.2020 21:00 (CET/CEST)","386","","788"
"Italy (IT)","20.01.2020 21:00 - 20.01.2020 22:00 (CET/CEST)","243","","569"
"Italy (IT)","20.01.2020 22:00 - 20.01.2020 23:00 (CET/CEST)","91","","527"
"Italy (IT)","20.01.2020 23:00 - 21.01.2020 00:00 (CET/CEST)","49","119","431"
"Italy (IT)","21.01.2020 00:00 - 21.01.2020 01:00 (CET/CEST)","101","150","339"
"Italy (IT)","21.01.2020 01:00 - 21.01.2020 02:00 (CET/CEST)","201","149","288"
"Italy (IT)","21.01.2020 02:00 - 21.01.2020 03:00 (CET/CEST)","92","177","277"
"Italy (IT)","21.01.2020 03:00 - 21.01.2020 04:00 (CET/CEST)","40","680","271"
"Italy (IT)","21.01.2020 04:00 - 21.01.2020 05:00 (CET/CEST)","40","443","232"
"Italy (IT)","21.01.2020 05:00 - 21.01.2020 06:00 (CET/CEST)","40","231","284"
"Italy (IT)","21.01.2020 06:00 - 21.01.2020 07:00 (CET/CEST)","40","1","461"
"Italy (IT)","21.01.2020 07:00 - 21.01.2020 08:00 (CET/CEST)","228","1","864"
"Italy (IT)","21.01.2020 08:00 - 21.01.2020 09:00 (CET/CEST)","667","1","1720"
"Italy (IT)","21.01.2020 09:00 - 21.01.2020 10:00 (CET/CEST)","648","1","1361"
"Italy (IT)","21.01.2020 10:00 - 21.01.2020 11:00 (CET/CEST)","512","1","1027"
"Italy (IT)","21.01.2020 11:00 - 21.01.2020 12:00 (CET/CEST)","866","1","1105"
"Italy (IT)","21.01.2020 12:00 - 21.01.2020 13:00 (CET/CEST)","456","1","750"
"Italy (IT)","21.01.2020 13:00 - 21.01.2020 14:00 (CET/CEST)","41","1","499"
"Italy (IT)","21.01.2020 14:00 - 21.01.2020 15:00 (CET/CEST)","38","1","505"
"Italy (IT)","21.01.2020 15:00 - 21.01.2020 16:00 (CET/CEST)","60","1","618"
"Italy (IT)","21.01.2020 16:00 - 21.01.2020 17:00 (CET/CEST)","325","","956"
"Italy (IT)","21.01.2020 17:00 - 21.01.2020 18:00 (CET/CEST)","984","","1253"
"Italy (IT)","21.01.2020 18:00 - 21.01.2020 19:00 (CET/CEST)","1038","","1349"
"Italy (IT)","21.01.2020 19:00 - 21.01.2020 20:00 (CET/CEST)","905","","1215"
"Italy (IT)","21.01.2020 20:00 - 21.01.2020 21:00 (CET/CEST)","450","","882"
"Italy (IT)","21.01.2020 21:00 - 21.01.2020 22:00 (CET/CEST)","189","","599"
"Italy (IT)","21.01.2020 22:00 - 21.01.2020 23:00 (CET/CEST)","90","","462"
"Italy (IT)","21.01.2020 23:00 - 22.01.2020 00:00 (CET/CEST)","89","","424"
"Italy (IT)","22.01.2020 00:00 - 22.01.2020 01:00 (CET/CEST)","0","150","311"
"Italy (IT)","22.01.2020 01:00 - 22.01.2020 02:00 (CET/CEST)","0","540","310"
"Italy (IT)","22.01.2020 02:00 - 22.01.2020 03:00 (CET/CEST)","0","551","308"
"Italy (IT)","22.01.2020 03:00 - 22.01.2020 04:00 (CET/CEST)","0","828","293"
"Italy (IT)","22.01.2020 04:00 - 22.01.2020 05:00 (CET/CEST)","0","797","296"
"Italy (IT)","22.01.2020 05:00 - 22.01.2020 06:00 (CET/CEST)","0","653","362"
"Italy (IT)","22.01.2020 06:00 - 22.01.2020 07:00 (CET/CEST)","10","294","545"
"Italy (IT)","22.01.2020 07:00 - 22.01.2020 08:00 (CET/CEST)","730","","1080"
"Italy (IT)","22.01.2020 08:00 - 22.01.2020 09:00 (CET/CEST)","886","","1675"
"Italy (IT)","22.01.2020 09:00 - 22.01.2020 10:00 (CET/CEST)","848","","1689"
"Italy (IT)","22.01.2020 10:00 - 22.01.2020 11:00 (CET/CEST)","579","","1537"
"Italy (IT)","22.01.2020 11:00 - 22.01.2020 12:00 (CET/CEST)","339","","1324"
"Italy (IT)","22.01.2020 12:00 - 22.01.2020 13:00 (CET/CEST)","113","225","1112"
"Italy (IT)","22.01.2020 13:00 - 22.01.2020 14:00 (CET/CEST)","89","4","1087"
"Italy (IT)","22.01.2020 14:00 - 22.01.2020 15:00 (CET/CEST)","89","2","1123"
"Italy (IT)","22.01.2020 15:00 - 22.01.2020 16:00 (CET/CEST)","114","1","1302"
"Italy (IT)","22.01.2020 16:00 - 22.01.2020 17:00 (CET/CEST)","423","","1609"
"Italy (IT)","22.01.2020 17:00 - 22.01.2020 18:00 (CET/CEST)","962","","1708"
"Italy (IT)","22.01.2020 18:00 - 22.01.2020 19:00 (CET/CEST)","1265","","1798"
"Italy (IT)","22.01.2020 19:00 - 22.01.2020 20:00 (CET/CEST)","1048","","1603"
"Italy (IT)","22.01.2020 20:00 - 22.01.2020 21:00 (CET/CEST)","848","","1247"
"Italy (IT)","22.01.2020 21:00 - 22.01.2020 22:00 (CET/CEST)","374","","757"
"Italy (IT)","22.01.2020 22:00 - 22.01.2020 23:00 (CET/CEST)","113","","511"
"Italy (IT)","22.01.2020 23:00 - 23.01.2020 00:00 (CET/CEST)","117","16","458"
"Italy (IT)","23.01.2020 00:00 - 23.01.2020 01:00 (CET/CEST)","234","151","396"
"Italy (IT)","23.01.2020 01:00 - 23.01.2020 02:00 (CET/CEST)","197","685","280"
"Italy (IT)","23.01.2020 02:00 - 23.01.2020 03:00 (CET/CEST)","0","665","271"
"Italy (IT)","23.01.2020 03:00 - 23.01.2020 04:00 (CET/CEST)","0","834","271"
"Italy (IT)","23.01.2020 04:00 - 23.01.2020 05:00 (CET/CEST)","0","987","271"
"Italy (IT)","23.01.2020 05:00 - 23.01.2020 06:00 (CET/CEST)","40","406","274"
"Italy (IT)","23.01.2020 06:00 - 23.01.2020 07:00 (CET/CEST)","43","122","484"
"Italy (IT)","23.01.2020 07:00 - 23.01.2020 08:00 (CET/CEST)","674","1","1347"
"Italy (IT)","23.01.2020 08:00 - 23.01.2020 09:00 (CET/CEST)","957","","1517"
"Italy (IT)","23.01.2020 09:00 - 23.01.2020 10:00 (CET/CEST)","377","","1460"
"Italy (IT)","23.01.2020 10:00 - 23.01.2020 11:00 (CET/CEST)","285","","1401"
"Italy (IT)","23.01.2020 11:00 - 23.01.2020 12:00 (CET/CEST)","283","","1362"
"Italy (IT)","23.01.2020 12:00 - 23.01.2020 13:00 (CET/CEST)","95","","1095"
"Italy (IT)","23.01.2020 13:00 - 23.01.2020 14:00 (CET/CEST)","91","1","1060"
"Italy (IT)","23.01.2020 14:00 - 23.01.2020 15:00 (CET/CEST)","64","1","1159"
"Italy (IT)","23.01.2020 15:00 - 23.01.2020 16:00 (CET/CEST)","84","116","869"
"Italy (IT)","23.01.2020 16:00 - 23.01.2020 17:00 (CET/CEST)","184","","944"
"Italy (IT)","23.01.2020 17:00 - 23.01.2020 18:00 (CET/CEST)","872","","1622"
"Italy (IT)","23.01.2020 18:00 - 23.01.2020 19:00 (CET/CEST)","1084","","1696"
"Italy (IT)","23.01.2020 19:00 - 23.01.2020 20:00 (CET/CEST)","716","","1601"
"Italy (IT)","23.01.2020 20:00 - 23.01.2020 21:00 (CET/CEST)","646","","1364"
"Italy (IT)","23.01.2020 21:00 - 23.01.2020 22:00 (CET/CEST)","233","","665"
"Italy (IT)","23.01.2020 22:00 - 23.01.2020 23:00 (CET/CEST)","110","","485"
"Italy (IT)","23.01.2020 23:00 - 24.01.2020 00:00 (CET/CEST)","49","1","415"
"Italy (IT)","24.01.2020 00:00 - 24.01.2020 01:00 (CET/CEST)","111","257","337"
"Italy (IT)","24.01.2020 01:00 - 24.01.2020 02:00 (CET/CEST)","164","365","287"
"Italy (IT)","24.01.2020 02:00 - 24.01.2020 03:00 (CET/CEST)","0","976","284"
"Italy (IT)","24.01.2020 03:00 - 24.01.2020 04:00 (CET/CEST)","0","1149","284"
"Italy (IT)","24.01.2020 04:00 - 24.01.2020 05:00 (CET/CEST)","0","804","302"
"Italy (IT)","24.01.2020 05:00 - 24.01.2020 06:00 (CET/CEST)","0","501","324"
"Italy (IT)","24.01.2020 06:00 - 24.01.2020 07:00 (CET/CEST)","41","109","495"
"Italy (IT)","24.01.2020 07:00 - 24.01.2020 08:00 (CET/CEST)","287","1","1162"
"Italy (IT)","24.01.2020 08:00 - 24.01.2020 09:00 (CET/CEST)","906","","1571"
"Italy (IT)","24.01.2020 09:00 - 24.01.2020 10:00 (CET/CEST)","782","","1526"
"Italy (IT)","24.01.2020 10:00 - 24.01.2020 11:00 (CET/CEST)","420","","1581"
"Italy (IT)","24.01.2020 11:00 - 24.01.2020 12:00 (CET/CEST)","403","","1264"
"Italy (IT)","24.01.2020 12:00 - 24.01.2020 13:00 (CET/CEST)","140","","1256"
"Italy (IT)","24.01.2020 13:00 - 24.01.2020 14:00 (CET/CEST)","144","2","947"
"Italy (IT)","24.01.2020 14:00 - 24.01.2020 15:00 (CET/CEST)","90","1","891"
"Italy (IT)","24.01.2020 15:00 - 24.01.2020 16:00 (CET/CEST)","169","1","825"
"Italy (IT)","24.01.2020 16:00 - 24.01.2020 17:00 (CET/CEST)","228","","1471"
"Italy (IT)","24.01.2020 17:00 - 24.01.2020 18:00 (CET/CEST)","434","","1710"
"Italy (IT)","24.01.2020 18:00 - 24.01.2020 19:00 (CET/CEST)","774","","1711"
"Italy (IT)","24.01.2020 19:00 - 24.01.2020 20:00 (CET/CEST)","365","","1233"
"Italy (IT)","24.01.2020 20:00 - 24.01.2020 21:00 (CET/CEST)","364","","862"
"Italy (IT)","24.01.2020 21:00 - 24.01.2020 22:00 (CET/CEST)","179","","511"
"Italy (IT)","24.01.2020 22:00 - 24.01.2020 23:00 (CET/CEST)","90","","450"
"Italy (IT)","24.01.2020 23:00 - 25.01.2020 00:00 (CET/CEST)","89","","360"
"Italy (IT)","25.01.2020 00:00 - 25.01.2020 01:00 (CET/CEST)","0","4","380"
"Italy (IT)","25.01.2020 01:00 - 25.01.2020 02:00 (CET/CEST)","0","190","212"
"Italy (IT)","25.01.2020 02:00 - 25.01.2020 03:00 (CET/CEST)","0","1052","208"
"Italy (IT)","25.01.2020 03:00 - 25.01.2020 04:00 (CET/CEST)","0","1230","197"
"Italy (IT)","25.01.2020 04:00 - 25.01.2020 05:00 (CET/CEST)","0","989","198"
"Italy (IT)","25.01.2020 05:00 - 25.01.2020 06:00 (CET/CEST)","0","547","198"
"Italy (IT)","25.01.2020 06:00 - 25.01.2020 07:00 (CET/CEST)","0","259","239"
"Italy (IT)","25.01.2020 07:00 - 25.01.2020 08:00 (CET/CEST)","0","65","492"
"Italy (IT)","25.01.2020 08:00 - 25.01.2020 09:00 (CET/CEST)","0","1","763"
"Italy (IT)","25.01.2020 09:00 - 25.01.2020 10:00 (CET/CEST)","94","1","804"
"Italy (IT)","25.01.2020 10:00 - 25.01.2020 11:00 (CET/CEST)","95","1","546"
"Italy (IT)","25.01.2020 11:00 - 25.01.2020 12:00 (CET/CEST)","40","9","634"
"Italy (IT)","25.01.2020 12:00 - 25.01.2020 13:00 (CET/CEST)","38","79","437"
"Italy (IT)","25.01.2020 13:00 - 25.01.2020 14:00 (CET/CEST)","0","131","310"
"Italy (IT)","25.01.2020 14:00 - 25.01.2020 15:00 (CET/CEST)","79","65","376"
"Italy (IT)","25.01.2020 15:00 - 25.01.2020 16:00 (CET/CEST)","203","","384"
"Italy (IT)","25.01.2020 16:00 - 25.01.2020 17:00 (CET/CEST)","433","","500"
"Italy (IT)","25.01.2020 17:00 - 25.01.2020 18:00 (CET/CEST)","798","","857"
"Italy (IT)","25.01.2020 18:00 - 25.01.2020 19:00 (CET/CEST)","1143","","1145"
"Italy (IT)","25.01.2020 19:00 - 25.01.2020 20:00 (CET/CEST)","1134","","1068"
"Italy (IT)","25.01.2020 20:00 - 25.01.2020 21:00 (CET/CEST)","927","","657"
"Italy (IT)","25.01.2020 21:00 - 25.01.2020 22:00 (CET/CEST)","577","","343"
"Italy (IT)","25.01.2020 22:00 - 25.01.2020 23:00 (CET/CEST)","98","2","291"
"Italy (IT)","25.01.2020 23:00 - 26.01.2020 00:00 (CET/CEST)","120","","267"
"Italy (IT)","26.01.2020 00:00 - 26.01.2020 01:00 (CET/CEST)","171","139","231"
"Italy (IT)","26.01.2020 01:00 - 26.01.2020 02:00 (CET/CEST)","161","325","213"
"Italy (IT)","26.01.2020 02:00 - 26.01.2020 03:00 (CET/CEST)","0","773","167"
"Italy (IT)","26.01.2020 03:00 - 26.01.2020 04:00 (CET/CEST)","0","1152","165"
"Italy (IT)","26.01.2020 04:00 - 26.01.2020 05:00 (CET/CEST)","0","1000","165"
"Italy (IT)","26.01.2020 05:00 - 26.01.2020 06:00 (CET/CEST)","0","993","166"
"Italy (IT)","26.01.2020 06:00 - 26.01.2020 07:00 (CET/CEST)","","576","263"
"Italy (IT)","26.01.2020 07:00 - 26.01.2020 08:00 (CET/CEST)","0","577","315"
"Italy (IT)","26.01.2020 08:00 - 26.01.2020 09:00 (CET/CEST)","0","463","351"
"Italy (IT)","26.01.2020 09:00 - 26.01.2020 10:00 (CET/CEST)","49","78","414"
"Italy (IT)","26.01.2020 10:00 - 26.01.2020 11:00 (CET/CEST)","198","59","371"
"Italy (IT)","26.01.2020 11:00 - 26.01.2020 12:00 (CET/CEST)","300","","367"
"Italy (IT)","26.01.2020 12:00 - 26.01.2020 13:00 (CET/CEST)","304","64","314"
"Italy (IT)","26.01.2020 13:00 - 26.01.2020 14:00 (CET/CEST)","304","68","270"
"Italy (IT)","26.01.2020 14:00 - 26.01.2020 15:00 (CET/CEST)","297","68","265"
"Italy (IT)","26.01.2020 15:00 - 26.01.2020 16:00 (CET/CEST)","267","1","281"
"Italy (IT)","26.01.2020 16:00 - 26.01.2020 17:00 (CET/CEST)","281","","341"
"Italy (IT)","26.01.2020 17:00 - 26.01.2020 18:00 (CET/CEST)","441","1","785"
"Italy (IT)","26.01.2020 18:00 - 26.01.2020 19:00 (CET/CEST)","436","1","1019"
"Italy (IT)","26.01.2020 19:00 - 26.01.2020 20:00 (CET/CEST)","444","1","1043"
"Italy (IT)","26.01.2020 20:00 - 26.01.2020 21:00 (CET/CEST)","279","1","705"
"Italy (IT)","26.01.2020 21:00 - 26.01.2020 22:00 (CET/CEST)","218","1","558"
"Italy (IT)","26.01.2020 22:00 - 26.01.2020 23:00 (CET/CEST)","40","1","295"
"Italy (IT)","26.01.2020 23:00 - 27.01.2020 00:00 (CET/CEST)","86","241","263"
"Italy (IT)","27.01.2020 00:00 - 27.01.2020 01:00 (CET/CEST)","166","845","229"
"Italy (IT)","27.01.2020 01:00 - 27.01.2020 02:00 (CET/CEST)","","1032","190"
"Italy (IT)","27.01.2020 02:00 - 27.01.2020 03:00 (CET/CEST)","0","1486","186"
"Italy (IT)","27.01.2020 03:00 - 27.01.2020 04:00 (CET/CEST)","0","1628","192"
"Italy (IT)","27.01.2020 04:00 - 27.01.2020 05:00 (CET/CEST)","0","1752","207"
"Italy (IT)","27.01.2020 05:00 - 27.01.2020 06:00 (CET/CEST)","0","1283","238"
"Italy (IT)","27.01.2020 06:00 - 27.01.2020 07:00 (CET/CEST)","","203","417"
"Italy (IT)","27.01.2020 07:00 - 27.01.2020 08:00 (CET/CEST)","414","2","1011"
"Italy (IT)","27.01.2020 08:00 - 27.01.2020 09:00 (CET/CEST)","1118","","1160"
"Italy (IT)","27.01.2020 09:00 - 27.01.2020 10:00 (CET/CEST)","925","20","1097"
"Italy (IT)","27.01.2020 10:00 - 27.01.2020 11:00 (CET/CEST)","282","","694"
"Italy (IT)","27.01.2020 11:00 - 27.01.2020 12:00 (CET/CEST)","242","","459"
"Italy (IT)","27.01.2020 12:00 - 27.01.2020 13:00 (CET/CEST)","89","106","366"
"Italy (IT)","27.01.2020 13:00 - 27.01.2020 14:00 (CET/CEST)","89","159","368"
"Italy (IT)","27.01.2020 14:00 - 27.01.2020 15:00 (CET/CEST)","93","160","387"
"Italy (IT)","27.01.2020 15:00 - 27.01.2020 16:00 (CET/CEST)","419","288","869"
"Italy (IT)","27.01.2020 16:00 - 27.01.2020 17:00 (CET/CEST)","728","1","1097"
"Italy (IT)","27.01.2020 17:00 - 27.01.2020 18:00 (CET/CEST)","978","","1199"
"Italy (IT)","27.01.2020 18:00 - 27.01.2020 19:00 (CET/CEST)","1169","","1313"
"Italy (IT)","27.01.2020 19:00 - 27.01.2020 20:00 (CET/CEST)","836","","1206"
"Italy (IT)","27.01.2020 20:00 - 27.01.2020 21:00 (CET/CEST)","890","","832"
"Italy (IT)","27.01.2020 21:00 - 27.01.2020 22:00 (CET/CEST)","518","","501"
"Italy (IT)","27.01.2020 22:00 - 27.01.2020 23:00 (CET/CEST)","318","","294"
"Italy (IT)","27.01.2020 23:00 - 28.01.2020 00:00 (CET/CEST)","139","617","291"
"Italy (IT)","28.01.2020 00:00 - 28.01.2020 01:00 (CET/CEST)","90","340","229"
"Italy (IT)","28.01.2020 01:00 - 28.01.2020 02:00 (CET/CEST)","106","595","191"
"Italy (IT)","28.01.2020 02:00 - 28.01.2020 03:00 (CET/CEST)","82","713","101"
"Italy (IT)","28.01.2020 03:00 - 28.01.2020 04:00 (CET/CEST)","","990","99"
"Italy (IT)","28.01.2020 04:00 - 28.01.2020 05:00 (CET/CEST)","","667","102"
"Italy (IT)","28.01.2020 05:00 - 28.01.2020 06:00 (CET/CEST)","","592","184"
"Italy (IT)","28.01.2020 06:00 - 28.01.2020 07:00 (CET/CEST)","43","119","257"
"Italy (IT)","28.01.2020 07:00 - 28.01.2020 08:00 (CET/CEST)","436","3","791"
"Italy (IT)","28.01.2020 08:00 - 28.01.2020 09:00 (CET/CEST)","1374","2","1049"
"Italy (IT)","28.01.2020 09:00 - 28.01.2020 10:00 (CET/CEST)","1153","2","1143"
"Italy (IT)","28.01.2020 10:00 - 28.01.2020 11:00 (CET/CEST)","344","2","1262"
"Italy (IT)","28.01.2020 11:00 - 28.01.2020 12:00 (CET/CEST)","294","2","1088"
"Italy (IT)","28.01.2020 12:00 - 28.01.2020 13:00 (CET/CEST)","90","31","606"
"Italy (IT)","28.01.2020 13:00 - 28.01.2020 14:00 (CET/CEST)","90","82","485"
"Italy (IT)","28.01.2020 14:00 - 28.01.2020 15:00 (CET/CEST)","321","17","513"
"Italy (IT)","28.01.2020 15:00 - 28.01.2020 16:00 (CET/CEST)","181","1","786"
"Italy (IT)","28.01.2020 16:00 - 28.01.2020 17:00 (CET/CEST)","262","1","869"
"Italy (IT)","28.01.2020 17:00 - 28.01.2020 18:00 (CET/CEST)","854","55","933"
"Italy (IT)","28.01.2020 18:00 - 28.01.2020 19:00 (CET/CEST)","1231","47","970"
"Italy (IT)","28.01.2020 19:00 - 28.01.2020 20:00 (CET/CEST)","1086","","861"
"Italy (IT)","28.01.2020 20:00 - 28.01.2020 21:00 (CET/CEST)","550","","610"
"Italy (IT)","28.01.2020 21:00 - 28.01.2020 22:00 (CET/CEST)","93","22","465"
"Italy (IT)","28.01.2020 22:00 - 28.01.2020 23:00 (CET/CEST)","17","828","382"
"Italy (IT)","28.01.2020 23:00 - 29.01.2020 00:00 (CET/CEST)","0","681","302"
"Italy (IT)","29.01.2020 00:00 - 29.01.2020 01:00 (CET/CEST)","27","212","163"
"Italy (IT)","29.01.2020 01:00 - 29.01.2020 02:00 (CET/CEST)","162","928","92"
"Italy (IT)","29.01.2020 02:00 - 29.01.2020 03:00 (CET/CEST)","0","1090","90"
"Italy (IT)","29.01.2020 03:00 - 29.01.2020 04:00 (CET/CEST)","0","1249","89"
"Italy (IT)","29.01.2020 04:00 - 29.01.2020 05:00 (CET/CEST)","0","1272","97"
"Italy (IT)","29.01.2020 05:00 - 29.01.2020 06:00 (CET/CEST)","0","553","224"
"Italy (IT)","29.01.2020 06:00 - 29.01.2020 07:00 (CET/CEST)","0","547","315"
"Italy (IT)","29.01.2020 07:00 - 29.01.2020 08:00 (CET/CEST)","480","222","777"
"Italy (IT)","29.01.2020 08:00 - 29.01.2020 09:00 (CET/CEST)","1371","","1085"
"Italy (IT)","29.01.2020 09:00 - 29.01.2020 10:00 (CET/CEST)","951","","962"
"Italy (IT)","29.01.2020 10:00 - 29.01.2020 11:00 (CET/CEST)","253","","764"
"Italy (IT)","29.01.2020 11:00 - 29.01.2020 12:00 (CET/CEST)","244","52","760"
"Italy (IT)","29.01.2020 12:00 - 29.01.2020 13:00 (CET/CEST)","39","202","597"
"Italy (IT)","29.01.2020 13:00 - 29.01.2020 14:00 (CET/CEST)","39","231","614"
"Italy (IT)","29.01.2020 14:00 - 29.01.2020 15:00 (CET/CEST)","40","231","574"
"Italy (IT)","29.01.2020 15:00 - 29.01.2020 16:00 (CET/CEST)","42","232","625"
"Italy (IT)","29.01.2020 16:00 - 29.01.2020 17:00 (CET/CEST)","828","132","794"
"Italy (IT)","29.01.2020 17:00 - 29.01.2020 18:00 (CET/CEST)","1511","18","1193"
"Italy (IT)","29.01.2020 18:00 - 29.01.2020 19:00 (CET/CEST)","1201","","1369"
"Italy (IT)","29.01.2020 19:00 - 29.01.2020 20:00 (CET/CEST)","1140","","904"
"Italy (IT)","29.01.2020 20:00 - 29.01.2020 21:00 (CET/CEST)","503","","755"
"Italy (IT)","29.01.2020 21:00 - 29.01.2020 22:00 (CET/CEST)","300","1","490"
"Italy (IT)","29.01.2020 22:00 - 29.01.2020 23:00 (CET/CEST)","154","1","360"
"Italy (IT)","29.01.2020 23:00 - 30.01.2020 00:00 (CET/CEST)","34","72","298"
"Italy (IT)","30.01.2020 00:00 - 30.01.2020 01:00 (CET/CEST)","0","72","204"
"Italy (IT)","30.01.2020 01:00 - 30.01.2020 02:00 (CET/CEST)","152","","183"
"Italy (IT)","30.01.2020 02:00 - 30.01.2020 03:00 (CET/CEST)","202","28","91"
"Italy (IT)","30.01.2020 03:00 - 30.01.2020 04:00 (CET/CEST)","1","63","96"
"Italy (IT)","30.01.2020 04:00 - 30.01.2020 05:00 (CET/CEST)","40","256","147"
"Italy (IT)","30.01.2020 05:00 - 30.01.2020 06:00 (CET/CEST)","40","254","216"
"Italy (IT)","30.01.2020 06:00 - 30.01.2020 07:00 (CET/CEST)","141","86","464"
"Italy (IT)","30.01.2020 07:00 - 30.01.2020 08:00 (CET/CEST)","266","1","760"
"Italy (IT)","30.01.2020 08:00 - 30.01.2020 09:00 (CET/CEST)","666","","920"
"Italy (IT)","30.01.2020 09:00 - 30.01.2020 10:00 (CET/CEST)","534","","829"
"Italy (IT)","30.01.2020 10:00 - 30.01.2020 11:00 (CET/CEST)","289","","415"
"Italy (IT)","30.01.2020 11:00 - 30.01.2020 12:00 (CET/CEST)","190","","424"
"Italy (IT)","30.01.2020 12:00 - 30.01.2020 13:00 (CET/CEST)","38","1","504"
"Italy (IT)","30.01.2020 13:00 - 30.01.2020 14:00 (CET/CEST)","73","1","503"
"Italy (IT)","30.01.2020 14:00 - 30.01.2020 15:00 (CET/CEST)","202","1","594"
"Italy (IT)","30.01.2020 15:00 - 30.01.2020 16:00 (CET/CEST)","203","1","785"
"Italy (IT)","30.01.2020 16:00 - 30.01.2020 17:00 (CET/CEST)","323","","1128"
"Italy (IT)","30.01.2020 17:00 - 30.01.2020 18:00 (CET/CEST)","1121","","1166"
"Italy (IT)","30.01.2020 18:00 - 30.01.2020 19:00 (CET/CEST)","961","","1112"
"Italy (IT)","30.01.2020 19:00 - 30.01.2020 20:00 (CET/CEST)","915","","942"
"Italy (IT)","30.01.2020 20:00 - 30.01.2020 21:00 (CET/CEST)","518","","660"
"Italy (IT)","30.01.2020 21:00 - 30.01.2020 22:00 (CET/CEST)","173","","535"
"Italy (IT)","30.01.2020 22:00 - 30.01.2020 23:00 (CET/CEST)","40","","453"
"Italy (IT)","30.01.2020 23:00 - 31.01.2020 00:00 (CET/CEST)","40","","370"
"Italy (IT)","31.01.2020 00:00 - 31.01.2020 01:00 (CET/CEST)","0","3","206"
"Italy (IT)","31.01.2020 01:00 - 31.01.2020 02:00 (CET/CEST)","0","153","222"
"Italy (IT)","31.01.2020 02:00 - 31.01.2020 03:00 (CET/CEST)","0","325","189"
"Italy (IT)","31.01.2020 03:00 - 31.01.2020 04:00 (CET/CEST)","79","415","126"
"Italy (IT)","31.01.2020 04:00 - 31.01.2020 05:00 (CET/CEST)","127","375","218"
"Italy (IT)","31.01.2020 05:00 - 31.01.2020 06:00 (CET/CEST)","0","296","216"
"Italy (IT)","31.01.2020 06:00 - 31.01.2020 07:00 (CET/CEST)","0","154","323"
"Italy (IT)","31.01.2020 07:00 - 31.01.2020 08:00 (CET/CEST)","80","87","883"
"Italy (IT)","31.01.2020 08:00 - 31.01.2020 09:00 (CET/CEST)","521","","1104"
"Italy (IT)","31.01.2020 09:00 - 31.01.2020 10:00 (CET/CEST)","544","","921"
"Italy (IT)","31.01.2020 10:00 - 31.01.2020 11:00 (CET/CEST)","377","","581"
"Italy (IT)","31.01.2020 11:00 - 31.01.2020 12:00 (CET/CEST)","294","","428"
"Italy (IT)","31.01.2020 12:00 - 31.01.2020 13:00 (CET/CEST)","187","","524"
"Italy (IT)","31.01.2020 13:00 - 31.01.2020 14:00 (CET/CEST)","186","","527"
"Italy (IT)","31.01.2020 14:00 - 31.01.2020 15:00 (CET/CEST)","186","1","645"
"Italy (IT)","31.01.2020 15:00 - 31.01.2020 16:00 (CET/CEST)","188","1","736"
"Italy (IT)","31.01.2020 16:00 - 31.01.2020 17:00 (CET/CEST)","448","8","897"
"Italy (IT)","31.01.2020 17:00 - 31.01.2020 18:00 (CET/CEST)","746","59","1040"
"Italy (IT)","31.01.2020 18:00 - 31.01.2020 19:00 (CET/CEST)","960","","989"
"Italy (IT)","31.01.2020 19:00 - 31.01.2020 20:00 (CET/CEST)","998","","916"
"Italy (IT)","31.01.2020 20:00 - 31.01.2020 21:00 (CET/CEST)","672","","693"
"Italy (IT)","31.01.2020 21:00 - 31.01.2020 22:00 (CET/CEST)","326","1","548"
"Italy (IT)","31.01.2020 22:00 - 31.01.2020 23:00 (CET/CEST)","211","1","426"
"Italy (IT)","31.01.2020 23:00 - 01.02.2020 00:00 (CET/CEST)","85","","385"
"Italy (IT)","01.02.2020 00:00 - 01.02.2020 01:00 (CET/CEST)","342","","178"
"Italy (IT)","01.02.2020 01:00 - 01.02.2020 02:00 (CET/CEST)","342","","155"
"Italy (IT)","01.02.2020 02:00 - 01.02.2020 03:00 (CET/CEST)","316","","126"
"Italy (IT)","01.02.2020 03:00 - 01.02.2020 04:00 (CET/CEST)","0","189","62"
"Italy (IT)","01.02.2020 04:00 - 01.02.2020 05:00 (CET/CEST)","0","1037","64"
"Italy (IT)","01.02.2020 05:00 - 01.02.2020 06:00 (CET/CEST)","0","918","139"
"Italy (IT)","01.02.2020 06:00 - 01.02.2020 07:00 (CET/CEST)","40","642","274"
"Italy (IT)","01.02.2020 07:00 - 01.02.2020 08:00 (CET/CEST)","416","254","438"
"Italy (IT)","01.02.2020 08:00 - 01.02.2020 09:00 (CET/CEST)","317","","745"
"Italy (IT)","01.02.2020 09:00 - 01.02.2020 10:00 (CET/CEST)","367","","703"
"Italy (IT)","01.02.2020 10:00 - 01.02.2020 11:00 (CET/CEST)","273","","492"
"Italy (IT)","01.02.2020 11:00 - 01.02.2020 12:00 (CET/CEST)","196","","369"
"Italy (IT)","01.02.2020 12:00 - 01.02.2020 13:00 (CET/CEST)","0","440","330"
"Italy (IT)","01.02.2020 13:00 - 01.02.2020 14:00 (CET/CEST)","0","732","332"
"Italy (IT)","01.02.2020 14:00 - 01.02.2020 15:00 (CET/CEST)","0","729","338"
"Italy (IT)","01.02.2020 15:00 - 01.02.2020 16:00 (CET/CEST)","0","506","379"
"Italy (IT)","01.02.2020 16:00 - 01.02.2020 17:00 (CET/CEST)","131","225","434"
"Italy (IT)","01.02.2020 17:00 - 01.02.2020 18:00 (CET/CEST)","378","","431"
"Italy (IT)","01.02.2020 18:00 - 01.02.2020 19:00 (CET/CEST)","512","","538"
"Italy (IT)","01.02.2020 19:00 - 01.02.2020 20:00 (CET/CEST)","583","","486"
"Italy (IT)","01.02.2020 20:00 - 01.02.2020 21:00 (CET/CEST)","303","","433"
"Italy (IT)","01.02.2020 21:00 - 01.02.2020 22:00 (CET/CEST)","105","1","338"
"Italy (IT)","01.02.2020 22:00 - 01.02.2020 23:00 (CET/CEST)","0","1","214"
"Italy (IT)","01.02.2020 23:00 - 02.02.2020 00:00 (CET/CEST)","0","1","108"
"Italy (IT)","02.02.2020 00:00 - 02.02.2020 01:00 (CET/CEST)","0","4","189"
"Italy (IT)","02.02.2020 01:00 - 02.02.2020 02:00 (CET/CEST)","0","358","61"
"Italy (IT)","02.02.2020 02:00 - 02.02.2020 03:00 (CET/CEST)","0","520","60"
"Italy (IT)","02.02.2020 03:00 - 02.02.2020 04:00 (CET/CEST)","0","897","63"
"Italy (IT)","02.02.2020 04:00 - 02.02.2020 05:00 (CET/CEST)","0","899","66"
"Italy (IT)","02.02.2020 05:00 - 02.02.2020 06:00 (CET/CEST)","0","1024","66"
"Italy (IT)","02.02.2020 06:00 - 02.02.2020 07:00 (CET/CEST)","0","537","84"
"Italy (IT)","02.02.2020 07:00 - 02.02.2020 08:00 (CET/CEST)","0","492","145"
"Italy (IT)","02.02.2020 08:00 - 02.02.2020 09:00 (CET/CEST)","260","35","205"
"Italy (IT)","02.02.2020 09:00 - 02.02.2020 10:00 (CET/CEST)","275","34","195"
"Italy (IT)","02.02.2020 10:00 - 02.02.2020 11:00 (CET/CEST)","2","36","182"
"Italy (IT)","02.02.2020 11:00 - 02.02.2020 12:00 (CET/CEST)","0","36","162"
"Italy (IT)","02.02.2020 12:00 - 02.02.2020 13:00 (CET/CEST)","50","1","148"
"Italy (IT)","02.02.2020 13:00 - 02.02.2020 14:00 (CET/CEST)","50","1","109"
"Italy (IT)","02.02.2020 14:00 - 02.02.2020 15:00 (CET/CEST)","50","1","151"
"Italy (IT)","02.02.2020 15:00 - 02.02.2020 16:00 (CET/CEST)","105","","170"
"Italy (IT)","02.02.2020 16:00 - 02.02.2020 17:00 (CET/CEST)","375","36","399"
"Italy (IT)","02.02.2020 17:00 - 02.02.2020 18:00 (CET/CEST)","528","147","431"
"Italy (IT)","02.02.2020 18:00 - 02.02.2020 19:00 (CET/CEST)","574","","655"
"Italy (IT)","02.02.2020 19:00 - 02.02.2020 20:00 (CET/CEST)","1123","","679"
"Italy (IT)","02.02.2020 20:00 - 02.02.2020 21:00 (CET/CEST)","1304","","468"
"Italy (IT)","02.02.2020 21:00 - 02.02.2020 22:00 (CET/CEST)","1188","","396"
"Italy (IT)","02.02.2020 22:00 - 02.02.2020 23:00 (CET/CEST)","865","","322"
"Italy (IT)","02.02.2020 23:00 - 03.02.2020 00:00 (CET/CEST)","530","","153"
"Italy (IT)","03.02.2020 00:00 - 03.02.2020 01:00 (CET/CEST)","3","85","71"
"Italy (IT)","03.02.2020 01:00 - 03.02.2020 02:00 (CET/CEST)","0","1511","68"
"Italy (IT)","03.02.2020 02:00 - 03.02.2020 03:00 (CET/CEST)","0","1854","68"
"Italy (IT)","03.02.2020 03:00 - 03.02.2020 04:00 (CET/CEST)","","2092","63"
"Italy (IT)","03.02.2020 04:00 - 03.02.2020 05:00 (CET/CEST)","","1729","63"
"Italy (IT)","03.02.2020 05:00 - 03.02.2020 06:00 (CET/CEST)","0","1004","72"
"Italy (IT)","03.02.2020 06:00 - 03.02.2020 07:00 (CET/CEST)","0","46","327"
"Italy (IT)","03.02.2020 07:00 - 03.02.2020 08:00 (CET/CEST)","1","1","543"
"Italy (IT)","03.02.2020 08:00 - 03.02.2020 09:00 (CET/CEST)","97","1","625"
"Italy (IT)","03.02.2020 09:00 - 03.02.2020 10:00 (CET/CEST)","99","1","536"
"Italy (IT)","03.02.2020 10:00 - 03.02.2020 11:00 (CET/CEST)","117","3","568"
"Italy (IT)","03.02.2020 11:00 - 03.02.2020 12:00 (CET/CEST)","119","3","385"
"Italy (IT)","03.02.2020 12:00 - 03.02.2020 13:00 (CET/CEST)","0","4","354"
"Italy (IT)","03.02.2020 13:00 - 03.02.2020 14:00 (CET/CEST)","","74","367"
"Italy (IT)","03.02.2020 14:00 - 03.02.2020 15:00 (CET/CEST)","125","154","451"
"Italy (IT)","03.02.2020 15:00 - 03.02.2020 16:00 (CET/CEST)","138","29","376"
"Italy (IT)","03.02.2020 16:00 - 03.02.2020 17:00 (CET/CEST)","234","3","795"
"Italy (IT)","03.02.2020 17:00 - 03.02.2020 18:00 (CET/CEST)","255","23","823"
"Italy (IT)","03.02.2020 18:00 - 03.02.2020 19:00 (CET/CEST)","868","81","1029"
"Italy (IT)","03.02.2020 19:00 - 03.02.2020 20:00 (CET/CEST)","738","25","933"
"Italy (IT)","03.02.2020 20:00 - 03.02.2020 21:00 (CET/CEST)","392","3","711"
"Italy (IT)","03.02.2020 21:00 - 03.02.2020 22:00 (CET/CEST)","166","75","536"
"Italy (IT)","03.02.2020 22:00 - 03.02.2020 23:00 (CET/CEST)","168","49","407"
"Italy (IT)","03.02.2020 23:00 - 04.02.2020 00:00 (CET/CEST)","196","2","407"
"Italy (IT)","04.02.2020 00:00 - 04.02.2020 01:00 (CET/CEST)","197","46","174"
"Italy (IT)","04.02.2020 01:00 - 04.02.2020 02:00 (CET/CEST)","196","329","144"
"Italy (IT)","04.02.2020 02:00 - 04.02.2020 03:00 (CET/CEST)","0","425","128"
"Italy (IT)","04.02.2020 03:00 - 04.02.2020 04:00 (CET/CEST)","0","925","65"
"Italy (IT)","04.02.2020 04:00 - 04.02.2020 05:00 (CET/CEST)","0","629","117"
"Italy (IT)","04.02.2020 05:00 - 04.02.2020 06:00 (CET/CEST)","0","229","135"
"Italy (IT)","04.02.2020 06:00 - 04.02.2020 07:00 (CET/CEST)","6","1","585"
"Italy (IT)","04.02.2020 07:00 - 04.02.2020 08:00 (CET/CEST)","1103","1","888"
"Italy (IT)","04.02.2020 08:00 - 04.02.2020 09:00 (CET/CEST)","1377","1","1049"
"Italy (IT)","04.02.2020 09:00 - 04.02.2020 10:00 (CET/CEST)","1103","1","1316"
"Italy (IT)","04.02.2020 10:00 - 04.02.2020 11:00 (CET/CEST)","648","45","1034"
"Italy (IT)","04.02.2020 11:00 - 04.02.2020 12:00 (CET/CEST)","391","79","704"
"Italy (IT)","04.02.2020 12:00 - 04.02.2020 13:00 (CET/CEST)","105","254","573"
"Italy (IT)","04.02.2020 13:00 - 04.02.2020 14:00 (CET/CEST)","144","210","435"
"Italy (IT)","04.02.2020 14:00 - 04.02.2020 15:00 (CET/CEST)","8","430","540"
"Italy (IT)","04.02.2020 15:00 - 04.02.2020 16:00 (CET/CEST)","72","195","774"
"Italy (IT)","04.02.2020 16:00 - 04.02.2020 17:00 (CET/CEST)","759","1","1026"
"Italy (IT)","04.02.2020 17:00 - 04.02.2020 18:00 (CET/CEST)","1268","1","1048"
"Italy (IT)","04.02.2020 18:00 - 04.02.2020 19:00 (CET/CEST)","1317","1","1125"
"Italy (IT)","04.02.2020 19:00 - 04.02.2020 20:00 (CET/CEST)","935","1","1014"
"Italy (IT)","04.02.2020 20:00 - 04.02.2020 21:00 (CET/CEST)","434","1","705"
"Italy (IT)","04.02.2020 21:00 - 04.02.2020 22:00 (CET/CEST)","504","1","343"
"Italy (IT)","04.02.2020 22:00 - 04.02.2020 23:00 (CET/CEST)","414","1","249"
"Italy (IT)","04.02.2020 23:00 - 05.02.2020 00:00 (CET/CEST)","79","204","233"
"Italy (IT)","05.02.2020 00:00 - 05.02.2020 01:00 (CET/CEST)","0","127","125"
"Italy (IT)","05.02.2020 01:00 - 05.02.2020 02:00 (CET/CEST)","94","152","124"
"Italy (IT)","05.02.2020 02:00 - 05.02.2020 03:00 (CET/CEST)","161","152","59"
"Italy (IT)","05.02.2020 03:00 - 05.02.2020 04:00 (CET/CEST)","160","260","53"
"Italy (IT)","05.02.2020 04:00 - 05.02.2020 05:00 (CET/CEST)","0","346","50"
"Italy (IT)","05.02.2020 05:00 - 05.02.2020 06:00 (CET/CEST)","0","407","112"
"Italy (IT)","05.02.2020 06:00 - 05.02.2020 07:00 (CET/CEST)","93","228","255"
"Italy (IT)","05.02.2020 07:00 - 05.02.2020 08:00 (CET/CEST)","265","1","1161"
"Italy (IT)","05.02.2020 08:00 - 05.02.2020 09:00 (CET/CEST)","429","1","1366"
"Italy (IT)","05.02.2020 09:00 - 05.02.2020 10:00 (CET/CEST)","308","1","1138"
"Italy (IT)","05.02.2020 10:00 - 05.02.2020 11:00 (CET/CEST)","124","2","885"
"Italy (IT)","05.02.2020 11:00 - 05.02.2020 12:00 (CET/CEST)","101","9","742"
"Italy (IT)","05.02.2020 12:00 - 05.02.2020 13:00 (CET/CEST)","123","79","657"
"Italy (IT)","05.02.2020 13:00 - 05.02.2020 14:00 (CET/CEST)","128","136","673"
"Italy (IT)","05.02.2020 14:00 - 05.02.2020 15:00 (CET/CEST)","162","34","703"
"Italy (IT)","05.02.2020 15:00 - 05.02.2020 16:00 (CET/CEST)","169","1","905"
"Italy (IT)","05.02.2020 16:00 - 05.02.2020 17:00 (CET/CEST)","196","1","1092"
"Italy (IT)","05.02.2020 17:00 - 05.02.2020 18:00 (CET/CEST)","381","1","1191"
"Italy (IT)","05.02.2020 18:00 - 05.02.2020 19:00 (CET/CEST)","964","","1384"
"Italy (IT)","05.02.2020 19:00 - 05.02.2020 20:00 (CET/CEST)","939","","1390"
"Italy (IT)","05.02.2020 20:00 - 05.02.2020 21:00 (CET/CEST)","504","","1012"
"Italy (IT)","05.02.2020 21:00 - 05.02.2020 22:00 (CET/CEST)","496","","634"
"Italy (IT)","05.02.2020 22:00 - 05.02.2020 23:00 (CET/CEST)","449","","357"
"Italy (IT)","05.02.2020 23:00 - 06.02.2020 00:00 (CET/CEST)","221","","332"
"Italy (IT)","06.02.2020 00:00 - 06.02.2020 01:00 (CET/CEST)","89","153","129"
"Italy (IT)","06.02.2020 01:00 - 06.02.2020 02:00 (CET/CEST)","207","330","128"
"Italy (IT)","06.02.2020 02:00 - 06.02.2020 03:00 (CET/CEST)","0","577","128"
"Italy (IT)","06.02.2020 03:00 - 06.02.2020 04:00 (CET/CEST)","0","841","126"
"Italy (IT)","06.02.2020 04:00 - 06.02.2020 05:00 (CET/CEST)","0","659","126"
"Italy (IT)","06.02.2020 05:00 - 06.02.2020 06:00 (CET/CEST)","0","653","138"
"Italy (IT)","06.02.2020 06:00 - 06.02.2020 07:00 (CET/CEST)","0","295","403"
"Italy (IT)","06.02.2020 07:00 - 06.02.2020 08:00 (CET/CEST)","24","1","865"
"Italy (IT)","06.02.2020 08:00 - 06.02.2020 09:00 (CET/CEST)","34","1","1187"
"Italy (IT)","06.02.2020 09:00 - 06.02.2020 10:00 (CET/CEST)","260","1","1378"
"Italy (IT)","06.02.2020 10:00 - 06.02.2020 11:00 (CET/CEST)","149","1","921"
"Italy (IT)","06.02.2020 11:00 - 06.02.2020 12:00 (CET/CEST)","176","89","734"
"Italy (IT)","06.02.2020 12:00 - 06.02.2020 13:00 (CET/CEST)","","400","569"
"Italy (IT)","06.02.2020 13:00 - 06.02.2020 14:00 (CET/CEST)","","378","496"
"Italy (IT)","06.02.2020 14:00 - 06.02.2020 15:00 (CET/CEST)","1","56","525"
"Italy (IT)","06.02.2020 15:00 - 06.02.2020 16:00 (CET/CEST)","33","1","785"
"Italy (IT)","06.02.2020 16:00 - 06.02.2020 17:00 (CET/CEST)","193","47","969"
"Italy (IT)","06.02.2020 17:00 - 06.02.2020 18:00 (CET/CEST)","472","154","1202"
"Italy (IT)","06.02.2020 18:00 - 06.02.2020 19:00 (CET/CEST)","1033","86","1198"
"Italy (IT)","06.02.2020 19:00 - 06.02.2020 20:00 (CET/CEST)","875","71","1098"
"Italy (IT)","06.02.2020 20:00 - 06.02.2020 21:00 (CET/CEST)","872","1","994"
"Italy (IT)","06.02.2020 21:00 - 06.02.2020 22:00 (CET/CEST)","307","103","1060"
"Italy (IT)","06.02.2020 22:00 - 06.02.2020 23:00 (CET/CEST)","31","155","741"
"Italy (IT)","06.02.2020 23:00 - 07.02.2020 00:00 (CET/CEST)","0","198","447"
"Italy (IT)","07.02.2020 00:00 - 07.02.2020 01:00 (CET/CEST)","54","8","217"
"Italy (IT)","07.02.2020 01:00 - 07.02.2020 02:00 (CET/CEST)","54","546","164"
"Italy (IT)","07.02.2020 02:00 - 07.02.2020 03:00 (CET/CEST)","3","623","152"
"Italy (IT)","07.02.2020 03:00 - 07.02.2020 04:00 (CET/CEST)","1","404","154"
"Italy (IT)","07.02.2020 04:00 - 07.02.2020 05:00 (CET/CEST)","0","936","165"
"Italy (IT)","07.02.2020 05:00 - 07.02.2020 06:00 (CET/CEST)","0","430","296"
"Italy (IT)","07.02.2020 06:00 - 07.02.2020 07:00 (CET/CEST)","52","122","671"
"Italy (IT)","07.02.2020 07:00 - 07.02.2020 08:00 (CET/CEST)","1201","1","1019"
"Italy (IT)","07.02.2020 08:00 - 07.02.2020 09:00 (CET/CEST)","2341","","1264"
"Italy (IT)","07.02.2020 09:00 - 07.02.2020 10:00 (CET/CEST)","584","","1307"
"Italy (IT)","07.02.2020 10:00 - 07.02.2020 11:00 (CET/CEST)","135","","806"
"Italy (IT)","07.02.2020 11:00 - 07.02.2020 12:00 (CET/CEST)","80","","534"
"Italy (IT)","07.02.2020 12:00 - 07.02.2020 13:00 (CET/CEST)","15","2","380"
"Italy (IT)","07.02.2020 13:00 - 07.02.2020 14:00 (CET/CEST)","15","1","366"
"Italy (IT)","07.02.2020 14:00 - 07.02.2020 15:00 (CET/CEST)","0","1","487"
"Italy (IT)","07.02.2020 15:00 - 07.02.2020 16:00 (CET/CEST)","3","1","801"
"Italy (IT)","07.02.2020 16:00 - 07.02.2020 17:00 (CET/CEST)","461","","1040"
"Italy (IT)","07.02.2020 17:00 - 07.02.2020 18:00 (CET/CEST)","1308","","1175"
"Italy (IT)","07.02.2020 18:00 - 07.02.2020 19:00 (CET/CEST)","1850","","1300"
"Italy (IT)","07.02.2020 19:00 - 07.02.2020 20:00 (CET/CEST)","1970","","1266"
"Italy (IT)","07.02.2020 20:00 - 07.02.2020 21:00 (CET/CEST)","1034","","1113"
"Italy (IT)","07.02.2020 21:00 - 07.02.2020 22:00 (CET/CEST)","446","","859"
"Italy (IT)","07.02.2020 22:00 - 07.02.2020 23:00 (CET/CEST)","94","1","624"
"Italy (IT)","07.02.2020 23:00 - 08.02.2020 00:00 (CET/CEST)","41","79","568"
"Italy (IT)","08.02.2020 00:00 - 08.02.2020 01:00 (CET/CEST)","54","189","174"
"Italy (IT)","08.02.2020 01:00 - 08.02.2020 02:00 (CET/CEST)","49","735","131"
"Italy (IT)","08.02.2020 02:00 - 08.02.2020 03:00 (CET/CEST)","0","1151","127"
"Italy (IT)","08.02.2020 03:00 - 08.02.2020 04:00 (CET/CEST)","0","1306","132"
"Italy (IT)","08.02.2020 04:00 - 08.02.2020 05:00 (CET/CEST)","0","1085","141"
"Italy (IT)","08.02.2020 05:00 - 08.02.2020 06:00 (CET/CEST)","0","897","148"
"Italy (IT)","08.02.2020 06:00 - 08.02.2020 07:00 (CET/CEST)","34","595","227"
"Italy (IT)","08.02.2020 07:00 - 08.02.2020 08:00 (CET/CEST)","75","209","444"
"Italy (IT)","08.02.2020 08:00 - 08.02.2020 09:00 (CET/CEST)","85","1","474"
"Italy (IT)","08.02.2020 09:00 - 08.02.2020 10:00 (CET/CEST)","13","1","436"
"Italy (IT)","08.02.2020 10:00 - 08.02.2020 11:00 (CET/CEST)","0","298","281"
"Italy (IT)","08.02.2020 11:00 - 08.02.2020 12:00 (CET/CEST)","0","452","233"
"Italy (IT)","08.02.2020 12:00 - 08.02.2020 13:00 (CET/CEST)","0","252","169"
"Italy (IT)","08.02.2020 13:00 - 08.02.2020 14:00 (CET/CEST)","0","302","167"
"Italy (IT)","08.02.2020 14:00 - 08.02.2020 15:00 (CET/CEST)","0","337","173"
"Italy (IT)","08.02.2020 15:00 - 08.02.2020 16:00 (CET/CEST)","0","232","254"
"Italy (IT)","08.02.2020 16:00 - 08.02.2020 17:00 (CET/CEST)","130","","564"
"Italy (IT)","08.02.2020 17:00 - 08.02.2020 18:00 (CET/CEST)","310","","675"
"Italy (IT)","08.02.2020 18:00 - 08.02.2020 19:00 (CET/CEST)","1186","","1091"
"Italy (IT)","08.02.2020 19:00 - 08.02.2020 20:00 (CET/CEST)","1250","","1112"
"Italy (IT)","08.02.2020 20:00 - 08.02.2020 21:00 (CET/CEST)","1132","","880"
"Italy (IT)","08.02.2020 21:00 - 08.02.2020 22:00 (CET/CEST)","313","","574"
"Italy (IT)","08.02.2020 22:00 - 08.02.2020 23:00 (CET/CEST)","89","217","502"
"Italy (IT)","08.02.2020 23:00 - 09.02.2020 00:00 (CET/CEST)","81","333","369"
"Italy (IT)","09.02.2020 00:00 - 09.02.2020 01:00 (CET/CEST)","1","160","177"
"Italy (IT)","09.02.2020 01:00 - 09.02.2020 02:00 (CET/CEST)","0","251","128"
"Italy (IT)","09.02.2020 02:00 - 09.02.2020 03:00 (CET/CEST)","0","615","64"
"Italy (IT)","09.02.2020 03:00 - 09.02.2020 04:00 (CET/CEST)","0","495","63"
"Italy (IT)","09.02.2020 04:00 - 09.02.2020 05:00 (CET/CEST)","0","473","75"
"Italy (IT)","09.02.2020 05:00 - 09.02.2020 06:00 (CET/CEST)","0","505","81"
"Italy (IT)","09.02.2020 06:00 - 09.02.2020 07:00 (CET/CEST)","45","380","156"
"Italy (IT)","09.02.2020 07:00 - 09.02.2020 08:00 (CET/CEST)","56","258","176"
"Italy (IT)","09.02.2020 08:00 - 09.02.2020 09:00 (CET/CEST)","90","324","353"
"Italy (IT)","09.02.2020 09:00 - 09.02.2020 10:00 (CET/CEST)","107","245","315"
"Italy (IT)","09.02.2020 10:00 - 09.02.2020 11:00 (CET/CEST)","107","6","313"
"Italy (IT)","09.02.2020 11:00 - 09.02.2020 12:00 (CET/CEST)","86","6","281"
"Italy (IT)","09.02.2020 12:00 - 09.02.2020 13:00 (CET/CEST)","27","39","270"
"Italy (IT)","09.02.2020 13:00 - 09.02.2020 14:00 (CET/CEST)","0","459","250"
"Italy (IT)","09.02.2020 14:00 - 09.02.2020 15:00 (CET/CEST)","0","550","270"
"Italy (IT)","09.02.2020 15:00 - 09.02.2020 16:00 (CET/CEST)","0","543","273"
"Italy (IT)","09.02.2020 16:00 - 09.02.2020 17:00 (CET/CEST)","110","413","345"
"Italy (IT)","09.02.2020 17:00 - 09.02.2020 18:00 (CET/CEST)","248","225","519"
"Italy (IT)","09.02.2020 18:00 - 09.02.2020 19:00 (CET/CEST)","475","","845"
"Italy (IT)","09.02.2020 19:00 - 09.02.2020 20:00 (CET/CEST)","409","45","860"
"Italy (IT)","09.02.2020 20:00 - 09.02.2020 21:00 (CET/CEST)","409","","637"
"Italy (IT)","09.02.2020 21:00 - 09.02.2020 22:00 (CET/CEST)","379","31","516"
"Italy (IT)","09.02.2020 22:00 - 09.02.2020 23:00 (CET/CEST)","274","104","263"
"Italy (IT)","09.02.2020 23:00 - 10.02.2020 00:00 (CET/CEST)","202","68","217"
"Italy (IT)","10.02.2020 00:00 - 10.02.2020 01:00 (CET/CEST)","196","34","47"
"Italy (IT)","10.02.2020 01:00 - 10.02.2020 02:00 (CET/CEST)","54","52","47"
"Italy (IT)","10.02.2020 02:00 - 10.02.2020 03:00 (CET/CEST)","0","850","49"
"Italy (IT)","10.02.2020 03:00 - 10.02.2020 04:00 (CET/CEST)","0","1691","53"
"Italy (IT)","10.02.2020 04:00 - 10.02.2020 05:00 (CET/CEST)","0","1920","59"
"Italy (IT)","10.02.2020 05:00 - 10.02.2020 06:00 (CET/CEST)","0","1639","67"
"Italy (IT)","10.02.2020 06:00 - 10.02.2020 07:00 (CET/CEST)","0","307","266"
"Italy (IT)","10.02.2020 07:00 - 10.02.2020 08:00 (CET/CEST)","206","1","901"
"Italy (IT)","10.02.2020 08:00 - 10.02.2020 09:00 (CET/CEST)","1144","1","1016"
"Italy (IT)","10.02.2020 09:00 - 10.02.2020 10:00 (CET/CEST)","788","1","1069"
"Italy (IT)","10.02.2020 10:00 - 10.02.2020 11:00 (CET/CEST)","581","1","996"
"Italy (IT)","10.02.2020 11:00 - 10.02.2020 12:00 (CET/CEST)","593","29","910"
"Italy (IT)","10.02.2020 12:00 - 10.02.2020 13:00 (CET/CEST)","51","3","590"
"Italy (IT)","10.02.2020 13:00 - 10.02.2020 14:00 (CET/CEST)","0","151","439"
"Italy (IT)","10.02.2020 14:00 - 10.02.2020 15:00 (CET/CEST)","24","29","502"
"Italy (IT)","10.02.2020 15:00 - 10.02.2020 16:00 (CET/CEST)","157","1","576"
"Italy (IT)","10.02.2020 16:00 - 10.02.2020 17:00 (CET/CEST)","271","1","756"
"Italy (IT)","10.02.2020 17:00 - 10.02.2020 18:00 (CET/CEST)","182","","793"
"Italy (IT)","10.02.2020 18:00 - 10.02.2020 19:00 (CET/CEST)","537","","907"
"Italy (IT)","10.02.2020 19:00 - 10.02.2020 20:00 (CET/CEST)","572","","881"
"Italy (IT)","10.02.2020 20:00 - 10.02.2020 21:00 (CET/CEST)","285","1","731"
"Italy (IT)","10.02.2020 21:00 - 10.02.2020 22:00 (CET/CEST)","2","351","444"
"Italy (IT)","10.02.2020 22:00 - 10.02.2020 23:00 (CET/CEST)","0","705","372"
"Italy (IT)","10.02.2020 23:00 - 11.02.2020 00:00 (CET/CEST)","0","760","364"
"Italy (IT)","11.02.2020 00:00 - 11.02.2020 01:00 (CET/CEST)","0","773","42"
"Italy (IT)","11.02.2020 01:00 - 11.02.2020 02:00 (CET/CEST)","0","930","39"
"Italy (IT)","11.02.2020 02:00 - 11.02.2020 03:00 (CET/CEST)","0","942","37"
"Italy (IT)","11.02.2020 03:00 - 11.02.2020 04:00 (CET/CEST)","0","1025","37"
"Italy (IT)","11.02.2020 04:00 - 11.02.2020 05:00 (CET/CEST)","0","1028","39"
"Italy (IT)","11.02.2020 05:00 - 11.02.2020 06:00 (CET/CEST)","0","987","52"
"Italy (IT)","11.02.2020 06:00 - 11.02.2020 07:00 (CET/CEST)","0","122","602"
"Italy (IT)","11.02.2020 07:00 - 11.02.2020 08:00 (CET/CEST)","446","1","1038"
"Italy (IT)","11.02.2020 08:00 - 11.02.2020 09:00 (CET/CEST)","770","1","1088"
"Italy (IT)","11.02.2020 09:00 - 11.02.2020 10:00 (CET/CEST)","410","1","987"
"Italy (IT)","11.02.2020 10:00 - 11.02.2020 11:00 (CET/CEST)","288","7","811"
"Italy (IT)","11.02.2020 11:00 - 11.02.2020 12:00 (CET/CEST)","124","205","585"
"Italy (IT)","11.02.2020 12:00 - 11.02.2020 13:00 (CET/CEST)","0","328","365"
"Italy (IT)","11.02.2020 13:00 - 11.02.2020 14:00 (CET/CEST)","0","299","359"
"Italy (IT)","11.02.2020 14:00 - 11.02.2020 15:00 (CET/CEST)","0","177","422"
"Italy (IT)","11.02.2020 15:00 - 11.02.2020 16:00 (CET/CEST)","33","34","460"
"Italy (IT)","11.02.2020 16:00 - 11.02.2020 17:00 (CET/CEST)","114","1","883"
"Italy (IT)","11.02.2020 17:00 - 11.02.2020 18:00 (CET/CEST)","512","1","953"
"Italy (IT)","11.02.2020 18:00 - 11.02.2020 19:00 (CET/CEST)","1205","1","1040"
"Italy (IT)","11.02.2020 19:00 - 11.02.2020 20:00 (CET/CEST)","839","1","981"
"Italy (IT)","11.02.2020 20:00 - 11.02.2020 21:00 (CET/CEST)","509","1","771"
"Italy (IT)","11.02.2020 21:00 - 11.02.2020 22:00 (CET/CEST)","304","1","576"
"Italy (IT)","11.02.2020 22:00 - 11.02.2020 23:00 (CET/CEST)","26","1","383"
"Italy (IT)","11.02.2020 23:00 - 12.02.2020 00:00 (CET/CEST)","0","305","307"
"Italy (IT)","12.02.2020 00:00 - 12.02.2020 01:00 (CET/CEST)","0","229","46"
"Italy (IT)","12.02.2020 01:00 - 12.02.2020 02:00 (CET/CEST)","0","747","44"
"Italy (IT)","12.02.2020 02:00 - 12.02.2020 03:00 (CET/CEST)","0","793","45"
"Italy (IT)","12.02.2020 03:00 - 12.02.2020 04:00 (CET/CEST)","0","792","45"
"Italy (IT)","12.02.2020 04:00 - 12.02.2020 05:00 (CET/CEST)","0","419","155"
"Italy (IT)","12.02.2020 05:00 - 12.02.2020 06:00 (CET/CEST)","0","418","229"
"Italy (IT)","12.02.2020 06:00 - 12.02.2020 07:00 (CET/CEST)","60","115","670"
"Italy (IT)","12.02.2020 07:00 - 12.02.2020 08:00 (CET/CEST)","1029","1","791"
"Italy (IT)","12.02.2020 08:00 - 12.02.2020 09:00 (CET/CEST)","919","1","1100"
"Italy (IT)","12.02.2020 09:00 - 12.02.2020 10:00 (CET/CEST)","892","","764"
"Italy (IT)","12.02.2020 10:00 - 12.02.2020 11:00 (CET/CEST)","193","1","398"
"Italy (IT)","12.02.2020 11:00 - 12.02.2020 12:00 (CET/CEST)","80","125","346"
"Italy (IT)","12.02.2020 12:00 - 12.02.2020 13:00 (CET/CEST)","0","527","220"
"Italy (IT)","12.02.2020 13:00 - 12.02.2020 14:00 (CET/CEST)","0","417","176"
"Italy (IT)","12.02.2020 14:00 - 12.02.2020 15:00 (CET/CEST)","0","265","237"
"Italy (IT)","12.02.2020 15:00 - 12.02.2020 16:00 (CET/CEST)","86","79","360"
"Italy (IT)","12.02.2020 16:00 - 12.02.2020 17:00 (CET/CEST)","16","1","640"
"Italy (IT)","12.02.2020 17:00 - 12.02.2020 18:00 (CET/CEST)","756","19","935"
"Italy (IT)","12.02.2020 18:00 - 12.02.2020 19:00 (CET/CEST)","1462","39","1020"
"Italy (IT)","12.02.2020 19:00 - 12.02.2020 20:00 (CET/CEST)","644","","1310"
"Italy (IT)","12.02.2020 20:00 - 12.02.2020 21:00 (CET/CEST)","345","","1004"
"Italy (IT)","12.02.2020 21:00 - 12.02.2020 22:00 (CET/CEST)","36","1","808"
"Italy (IT)","12.02.2020 22:00 - 12.02.2020 23:00 (CET/CEST)","0","70","431"
"Italy (IT)","12.02.2020 23:00 - 13.02.2020 00:00 (CET/CEST)","0","6","366"
"Italy (IT)","13.02.2020 00:00 - 13.02.2020 01:00 (CET/CEST)","31","","145"
"Italy (IT)","13.02.2020 01:00 - 13.02.2020 02:00 (CET/CEST)","301","165","139"
"Italy (IT)","13.02.2020 02:00 - 13.02.2020 03:00 (CET/CEST)","453","430","75"
"Italy (IT)","13.02.2020 03:00 - 13.02.2020 04:00 (CET/CEST)","402","461","50"
"Italy (IT)","13.02.2020 04:00 - 13.02.2020 05:00 (CET/CEST)","0","707","145"
"Italy (IT)","13.02.2020 05:00 - 13.02.2020 06:00 (CET/CEST)","7","507","277"
"Italy (IT)","13.02.2020 06:00 - 13.02.2020 07:00 (CET/CEST)","154","227","795"
"Italy (IT)","13.02.2020 07:00 - 13.02.2020 08:00 (CET/CEST)","1102","","1010"
"Italy (IT)","13.02.2020 08:00 - 13.02.2020 09:00 (CET/CEST)","920","","1005"
"Italy (IT)","13.02.2020 09:00 - 13.02.2020 10:00 (CET/CEST)","221","","874"
"Italy (IT)","13.02.2020 10:00 - 13.02.2020 11:00 (CET/CEST)","112","1","518"
"Italy (IT)","13.02.2020 11:00 - 13.02.2020 12:00 (CET/CEST)","127","24","393"
"Italy (IT)","13.02.2020 12:00 - 13.02.2020 13:00 (CET/CEST)","0","195","307"
"Italy (IT)","13.02.2020 13:00 - 13.02.2020 14:00 (CET/CEST)","0","229","301"
"Italy (IT)","13.02.2020 14:00 - 13.02.2020 15:00 (CET/CEST)","0","355","346"
"Italy (IT)","13.02.2020 15:00 - 13.02.2020 16:00 (CET/CEST)","34","66","419"
"Italy (IT)","13.02.2020 16:00 - 13.02.2020 17:00 (CET/CEST)","51","1","764"
"Italy (IT)","13.02.2020 17:00 - 13.02.2020 18:00 (CET/CEST)","313","3","1151"
"Italy (IT)","13.02.2020 18:00 - 13.02.2020 19:00 (CET/CEST)","779","","1095"
"Italy (IT)","13.02.2020 19:00 - 13.02.2020 20:00 (CET/CEST)","228","","1031"
"Italy (IT)","13.02.2020 20:00 - 13.02.2020 21:00 (CET/CEST)","153","1","810"
"Italy (IT)","13.02.2020 21:00 - 13.02.2020 22:00 (CET/CEST)","29","1","622"
"Italy (IT)","13.02.2020 22:00 - 13.02.2020 23:00 (CET/CEST)","32","619","357"
"Italy (IT)","13.02.2020 23:00 - 14.02.2020 00:00 (CET/CEST)","125","620","235"
"Italy (IT)","14.02.2020 00:00 - 14.02.2020 01:00 (CET/CEST)","0","368","91"
"Italy (IT)","14.02.2020 01:00 - 14.02.2020 02:00 (CET/CEST)","0","417","88"
"Italy (IT)","14.02.2020 02:00 - 14.02.2020 03:00 (CET/CEST)","0","784","87"
"Italy (IT)","14.02.2020 03:00 - 14.02.2020 04:00 (CET/CEST)","0","657","87"
"Italy (IT)","14.02.2020 04:00 - 14.02.2020 05:00 (CET/CEST)","0","407","91"
"Italy (IT)","14.02.2020 05:00 - 14.02.2020 06:00 (CET/CEST)","0","260","108"
"Italy (IT)","14.02.2020 06:00 - 14.02.2020 07:00 (CET/CEST)","0","73","492"
"Italy (IT)","14.02.2020 07:00 - 14.02.2020 08:00 (CET/CEST)","40","1","873"
"Italy (IT)","14.02.2020 08:00 - 14.02.2020 09:00 (CET/CEST)","1097","1","1257"
"Italy (IT)","14.02.2020 09:00 - 14.02.2020 10:00 (CET/CEST)","371","1","1289"
"Italy (IT)","14.02.2020 10:00 - 14.02.2020 11:00 (CET/CEST)","132","1","952"
"Italy (IT)","14.02.2020 11:00 - 14.02.2020 12:00 (CET/CEST)","133","1","584"
"Italy (IT)","14.02.2020 12:00 - 14.02.2020 13:00 (CET/CEST)","0","129","415"
"Italy (IT)","14.02.2020 13:00 - 14.02.2020 14:00 (CET/CEST)","0","155","396"
"Italy (IT)","14.02.2020 14:00 - 14.02.2020 15:00 (CET/CEST)","0","132","370"
"Italy (IT)","14.02.2020 15:00 - 14.02.2020 16:00 (CET/CEST)","41","19","438"
"Italy (IT)","14.02.2020 16:00 - 14.02.2020 17:00 (CET/CEST)","60","1","762"
"Italy (IT)","14.02.2020 17:00 - 14.02.2020 18:00 (CET/CEST)","56","101","977"
"Italy (IT)","14.02.2020 18:00 - 14.02.2020 19:00 (CET/CEST)","489","88","1138"
"Italy (IT)","14.02.2020 19:00 - 14.02.2020 20:00 (CET/CEST)","508","","1133"
"Italy (IT)","14.02.2020 20:00 - 14.02.2020 21:00 (CET/CEST)","400","","1085"
"Italy (IT)","14.02.2020 21:00 - 14.02.2020 22:00 (CET/CEST)","91","1","607"
"Italy (IT)","14.02.2020 22:00 - 14.02.2020 23:00 (CET/CEST)","0","1","314"
"Italy (IT)","14.02.2020 23:00 - 15.02.2020 00:00 (CET/CEST)","0","51","245"
"Italy (IT)","15.02.2020 00:00 - 15.02.2020 01:00 (CET/CEST)","0","82","135"
"Italy (IT)","15.02.2020 01:00 - 15.02.2020 02:00 (CET/CEST)","0","138","132"
"Italy (IT)","15.02.2020 02:00 - 15.02.2020 03:00 (CET/CEST)","0","69","128"
"Italy (IT)","15.02.2020 03:00 - 15.02.2020 04:00 (CET/CEST)","54","257","82"
"Italy (IT)","15.02.2020 04:00 - 15.02.2020 05:00 (CET/CEST)","54","664","169"
"Italy (IT)","15.02.2020 05:00 - 15.02.2020 06:00 (CET/CEST)","54","608","155"
"Italy (IT)","15.02.2020 06:00 - 15.02.2020 07:00 (CET/CEST)","76","233","248"
"Italy (IT)","15.02.2020 07:00 - 15.02.2020 08:00 (CET/CEST)","262","3","582"
"Italy (IT)","15.02.2020 08:00 - 15.02.2020 09:00 (CET/CEST)","80","2","698"
"Italy (IT)","15.02.2020 09:00 - 15.02.2020 10:00 (CET/CEST)","53","2","347"
"Italy (IT)","15.02.2020 10:00 - 15.02.2020 11:00 (CET/CEST)","0","178","286"
"Italy (IT)","15.02.2020 11:00 - 15.02.2020 12:00 (CET/CEST)","0","442","192"
"Italy (IT)","15.02.2020 12:00 - 15.02.2020 13:00 (CET/CEST)","0","793","121"
"Italy (IT)","15.02.2020 13:00 - 15.02.2020 14:00 (CET/CEST)","0","531","120"
"Italy (IT)","15.02.2020 14:00 - 15.02.2020 15:00 (CET/CEST)","33","352","121"
"Italy (IT)","15.02.2020 15:00 - 15.02.2020 16:00 (CET/CEST)","54","237","129"
"Italy (IT)","15.02.2020 16:00 - 15.02.2020 17:00 (CET/CEST)","126","129","291"
"Italy (IT)","15.02.2020 17:00 - 15.02.2020 18:00 (CET/CEST)","316","153","942"
"Italy (IT)","15.02.2020 18:00 - 15.02.2020 19:00 (CET/CEST)","1388","21","1032"
"Italy (IT)","15.02.2020 19:00 - 15.02.2020 20:00 (CET/CEST)","1328","","1076"
"Italy (IT)","15.02.2020 20:00 - 15.02.2020 21:00 (CET/CEST)","1319","","940"
"Italy (IT)","15.02.2020 21:00 - 15.02.2020 22:00 (CET/CEST)","1033","11","605"
"Italy (IT)","15.02.2020 22:00 - 15.02.2020 23:00 (CET/CEST)","697","77","439"
"Italy (IT)","15.02.2020 23:00 - 16.02.2020 00:00 (CET/CEST)","234","68","326"
"Italy (IT)","16.02.2020 00:00 - 16.02.2020 01:00 (CET/CEST)","347","171","103"
"Italy (IT)","16.02.2020 01:00 - 16.02.2020 02:00 (CET/CEST)","287","512","66"
"Italy (IT)","16.02.2020 02:00 - 16.02.2020 03:00 (CET/CEST)","0","537","56"
"Italy (IT)","16.02.2020 03:00 - 16.02.2020 04:00 (CET/CEST)","0","839","54"
"Italy (IT)","16.02.2020 04:00 - 16.02.2020 05:00 (CET/CEST)","0","879","63"
"Italy (IT)","16.02.2020 05:00 - 16.02.2020 06:00 (CET/CEST)","0","811","61"
"Italy (IT)","16.02.2020 06:00 - 16.02.2020 07:00 (CET/CEST)","0","525","126"
"Italy (IT)","16.02.2020 07:00 - 16.02.2020 08:00 (CET/CEST)","0","291","138"
"Italy (IT)","16.02.2020 08:00 - 16.02.2020 09:00 (CET/CEST)","0","142","219"
"Italy (IT)","16.02.2020 09:00 - 16.02.2020 10:00 (CET/CEST)","157","260","160"
"Italy (IT)","16.02.2020 10:00 - 16.02.2020 11:00 (CET/CEST)","137","268","148"
"Italy (IT)","16.02.2020 11:00 - 16.02.2020 12:00 (CET/CEST)","0","495","135"
"Italy (IT)","16.02.2020 12:00 - 16.02.2020 13:00 (CET/CEST)","0","689","120"
"Italy (IT)","16.02.2020 13:00 - 16.02.2020 14:00 (CET/CEST)","0","1657","109"
"Italy (IT)","16.02.2020 14:00 - 16.02.2020 15:00 (CET/CEST)","0","1674","128"
"Italy (IT)","16.02.2020 15:00 - 16.02.2020 16:00 (CET/CEST)","0","950","150"
"Italy (IT)","16.02.2020 16:00 - 16.02.2020 17:00 (CET/CEST)","0","463","317"
"Italy (IT)","16.02.2020 17:00 - 16.02.2020 18:00 (CET/CEST)","605","","684"
"Italy (IT)","16.02.2020 18:00 - 16.02.2020 19:00 (CET/CEST)","1322","","984"
"Italy (IT)","16.02.2020 19:00 - 16.02.2020 20:00 (CET/CEST)","1338","1","1053"
"Italy (IT)","16.02.2020 20:00 - 16.02.2020 21:00 (CET/CEST)","1328","1","928"
"Italy (IT)","16.02.2020 21:00 - 16.02.2020 22:00 (CET/CEST)","1187","1","705"
"Italy (IT)","16.02.2020 22:00 - 16.02.2020 23:00 (CET/CEST)","406","1","435"
"Italy (IT)","16.02.2020 23:00 - 17.02.2020 00:00 (CET/CEST)","69","","364"
"Italy (IT)","17.02.2020 00:00 - 17.02.2020 01:00 (CET/CEST)","162","69","51"
"Italy (IT)","17.02.2020 01:00 - 17.02.2020 02:00 (CET/CEST)","127","643","46"
"Italy (IT)","17.02.2020 02:00 - 17.02.2020 03:00 (CET/CEST)","0","921","46"
"Italy (IT)","17.02.2020 03:00 - 17.02.2020 04:00 (CET/CEST)","0","1419","46"
"Italy (IT)","17.02.2020 04:00 - 17.02.2020 05:00 (CET/CEST)","0","1005","47"
"Italy (IT)","17.02.2020 05:00 - 17.02.2020 06:00 (CET/CEST)","0","957","134"
"Italy (IT)","17.02.2020 06:00 - 17.02.2020 07:00 (CET/CEST)","41","252","577"
"Italy (IT)","17.02.2020 07:00 - 17.02.2020 08:00 (CET/CEST)","241","215","933"
"Italy (IT)","17.02.2020 08:00 - 17.02.2020 09:00 (CET/CEST)","298","1","1037"
"Italy (IT)","17.02.2020 09:00 - 17.02.2020 10:00 (CET/CEST)","159","1","997"
"Italy (IT)","17.02.2020 10:00 - 17.02.2020 11:00 (CET/CEST)","0","81","863"
"Italy (IT)","17.02.2020 11:00 - 17.02.2020 12:00 (CET/CEST)","0","95","538"
"Italy (IT)","17.02.2020 12:00 - 17.02.2020 13:00 (CET/CEST)","0","91","500"
"Italy (IT)","17.02.2020 13:00 - 17.02.2020 14:00 (CET/CEST)","0","3","469"
"Italy (IT)","17.02.2020 14:00 - 17.02.2020 15:00 (CET/CEST)","20","1","602"
"Italy (IT)","17.02.2020 15:00 - 17.02.2020 16:00 (CET/CEST)","73","74","831"
"Italy (IT)","17.02.2020 16:00 - 17.02.2020 17:00 (CET/CEST)","202","243","937"
"Italy (IT)","17.02.2020 17:00 - 17.02.2020 18:00 (CET/CEST)","1037","35","995"
"Italy (IT)","17.02.2020 18:00 - 17.02.2020 19:00 (CET/CEST)","1172","","1031"
"Italy (IT)","17.02.2020 19:00 - 17.02.2020 20:00 (CET/CEST)","842","","961"
"Italy (IT)","17.02.2020 20:00 - 17.02.2020 21:00 (CET/CEST)","817","","778"
"Italy (IT)","17.02.2020 21:00 - 17.02.2020 22:00 (CET/CEST)","703","","589"
"Italy (IT)","17.02.2020 22:00 - 17.02.2020 23:00 (CET/CEST)","450","53","264"
"Italy (IT)","17.02.2020 23:00 - 18.02.2020 00:00 (CET/CEST)","162","156","215"
"Italy (IT)","18.02.2020 00:00 - 18.02.2020 01:00 (CET/CEST)","161","802","120"
"Italy (IT)","18.02.2020 01:00 - 18.02.2020 02:00 (CET/CEST)","161","1360","57"
"Italy (IT)","18.02.2020 02:00 - 18.02.2020 03:00 (CET/CEST)","131","1225","57"
"Italy (IT)","18.02.2020 03:00 - 18.02.2020 04:00 (CET/CEST)","0","1599","57"
"Italy (IT)","18.02.2020 04:00 - 18.02.2020 05:00 (CET/CEST)","0","1688","58"
"Italy (IT)","18.02.2020 05:00 - 18.02.2020 06:00 (CET/CEST)","0","1094","87"
"Italy (IT)","18.02.2020 06:00 - 18.02.2020 07:00 (CET/CEST)","39","3","454"
"Italy (IT)","18.02.2020 07:00 - 18.02.2020 08:00 (CET/CEST)","141","1","739"
"Italy (IT)","18.02.2020 08:00 - 18.02.2020 09:00 (CET/CEST)","184","","825"
"Italy (IT)","18.02.2020 09:00 - 18.02.2020 10:00 (CET/CEST)","211","","826"
"Italy (IT)","18.02.2020 10:00 - 18.02.2020 11:00 (CET/CEST)","123","","642"
"Italy (IT)","18.02.2020 11:00 - 18.02.2020 12:00 (CET/CEST)","125","","517"
"Italy (IT)","18.02.2020 12:00 - 18.02.2020 13:00 (CET/CEST)","167","65","381"
"Italy (IT)","18.02.2020 13:00 - 18.02.2020 14:00 (CET/CEST)","169","107","371"
"Italy (IT)","18.02.2020 14:00 - 18.02.2020 15:00 (CET/CEST)","168","365","385"
"Italy (IT)","18.02.2020 15:00 - 18.02.2020 16:00 (CET/CEST)","168","45","500"
"Italy (IT)","18.02.2020 16:00 - 18.02.2020 17:00 (CET/CEST)","274","","884"
"Italy (IT)","18.02.2020 17:00 - 18.02.2020 18:00 (CET/CEST)","609","","990"
"Italy (IT)","18.02.2020 18:00 - 18.02.2020 19:00 (CET/CEST)","1488","","1080"
"Italy (IT)","18.02.2020 19:00 - 18.02.2020 20:00 (CET/CEST)","1106","","1074"
"Italy (IT)","18.02.2020 20:00 - 18.02.2020 21:00 (CET/CEST)","566","","983"
"Italy (IT)","18.02.2020 21:00 - 18.02.2020 22:00 (CET/CEST)","285","","576"
"Italy (IT)","18.02.2020 22:00 - 18.02.2020 23:00 (CET/CEST)","194","","325"
"Italy (IT)","18.02.2020 23:00 - 19.02.2020 00:00 (CET/CEST)","37","6","174"
"Italy (IT)","19.02.2020 00:00 - 19.02.2020 01:00 (CET/CEST)","156","151","71"
"Italy (IT)","19.02.2020 01:00 - 19.02.2020 02:00 (CET/CEST)","15","299","36"
"Italy (IT)","19.02.2020 02:00 - 19.02.2020 03:00 (CET/CEST)","0","666","36"
"Italy (IT)","19.02.2020 03:00 - 19.02.2020 04:00 (CET/CEST)","0","806","36"
"Italy (IT)","19.02.2020 04:00 - 19.02.2020 05:00 (CET/CEST)","","1160","65"
"Italy (IT)","19.02.2020 05:00 - 19.02.2020 06:00 (CET/CEST)","","764","116"
"Italy (IT)","19.02.2020 06:00 - 19.02.2020 07:00 (CET/CEST)","178","167","728"
"Italy (IT)","19.02.2020 07:00 - 19.02.2020 08:00 (CET/CEST)","981","","875"
"Italy (IT)","19.02.2020 08:00 - 19.02.2020 09:00 (CET/CEST)","1187","","1052"
"Italy (IT)","19.02.2020 09:00 - 19.02.2020 10:00 (CET/CEST)","638","","1141"
"Italy (IT)","19.02.2020 10:00 - 19.02.2020 11:00 (CET/CEST)","422","","827"
"Italy (IT)","19.02.2020 11:00 - 19.02.2020 12:00 (CET/CEST)","120","153","553"
"Italy (IT)","19.02.2020 12:00 - 19.02.2020 13:00 (CET/CEST)","119","369","408"
"Italy (IT)","19.02.2020 13:00 - 19.02.2020 14:00 (CET/CEST)","28","431","408"
"Italy (IT)","19.02.2020 14:00 - 19.02.2020 15:00 (CET/CEST)","28","129","522"
"Italy (IT)","19.02.2020 15:00 - 19.02.2020 16:00 (CET/CEST)","149","3","598"
"Italy (IT)","19.02.2020 16:00 - 19.02.2020 17:00 (CET/CEST)","403","","818"
"Italy (IT)","19.02.2020 17:00 - 19.02.2020 18:00 (CET/CEST)","582","","1006"
"Italy (IT)","19.02.2020 18:00 - 19.02.2020 19:00 (CET/CEST)","1517","","1025"
"Italy (IT)","19.02.2020 19:00 - 19.02.2020 20:00 (CET/CEST)","1090","","1021"
"Italy (IT)","19.02.2020 20:00 - 19.02.2020 21:00 (CET/CEST)","739","","897"
"Italy (IT)","19.02.2020 21:00 - 19.02.2020 22:00 (CET/CEST)","375","","596"
"Italy (IT)","19.02.2020 22:00 - 19.02.2020 23:00 (CET/CEST)","286","","253"
"Italy (IT)","19.02.2020 23:00 - 20.02.2020 00:00 (CET/CEST)","41","324","168"
"Italy (IT)","20.02.2020 00:00 - 20.02.2020 01:00 (CET/CEST)","122","2","139"
"Italy (IT)","20.02.2020 01:00 - 20.02.2020 02:00 (CET/CEST)","171","","86"
"Italy (IT)","20.02.2020 02:00 - 20.02.2020 03:00 (CET/CEST)","172","73","87"
"Italy (IT)","20.02.2020 03:00 - 20.02.2020 04:00 (CET/CEST)","106","150","87"
"Italy (IT)","20.02.2020 04:00 - 20.02.2020 05:00 (CET/CEST)","0","357","87"
"Italy (IT)","20.02.2020 05:00 - 20.02.2020 06:00 (CET/CEST)","40","395","122"
"Italy (IT)","20.02.2020 06:00 - 20.02.2020 07:00 (CET/CEST)","41","326","516"
"Italy (IT)","20.02.2020 07:00 - 20.02.2020 08:00 (CET/CEST)","295","196","901"
"Italy (IT)","20.02.2020 08:00 - 20.02.2020 09:00 (CET/CEST)","454","","943"
"Italy (IT)","20.02.2020 09:00 - 20.02.2020 10:00 (CET/CEST)","268","","820"
"Italy (IT)","20.02.2020 10:00 - 20.02.2020 11:00 (CET/CEST)","168","","417"
"Italy (IT)","20.02.2020 11:00 - 20.02.2020 12:00 (CET/CEST)","263","","316"
"Italy (IT)","20.02.2020 12:00 - 20.02.2020 13:00 (CET/CEST)","168","1","216"
"Italy (IT)","20.02.2020 13:00 - 20.02.2020 14:00 (CET/CEST)","167","148","201"
"Italy (IT)","20.02.2020 14:00 - 20.02.2020 15:00 (CET/CEST)","169","149","312"
"Italy (IT)","20.02.2020 15:00 - 20.02.2020 16:00 (CET/CEST)","171","101","479"
"Italy (IT)","20.02.2020 16:00 - 20.02.2020 17:00 (CET/CEST)","422","12","743"
"Italy (IT)","20.02.2020 17:00 - 20.02.2020 18:00 (CET/CEST)","741","140","959"
"Italy (IT)","20.02.2020 18:00 - 20.02.2020 19:00 (CET/CEST)","1289","32","1016"
"Italy (IT)","20.02.2020 19:00 - 20.02.2020 20:00 (CET/CEST)","1629","","1027"
"Italy (IT)","20.02.2020 20:00 - 20.02.2020 21:00 (CET/CEST)","985","","1018"
"Italy (IT)","20.02.2020 21:00 - 20.02.2020 22:00 (CET/CEST)","672","","933"
"Italy (IT)","20.02.2020 22:00 - 20.02.2020 23:00 (CET/CEST)","296","80","518"
"Italy (IT)","20.02.2020 23:00 - 21.02.2020 00:00 (CET/CEST)","145","153","299"
"Italy (IT)","21.02.2020 00:00 - 21.02.2020 01:00 (CET/CEST)","70","33","142"
"Italy (IT)","21.02.2020 01:00 - 21.02.2020 02:00 (CET/CEST)","55","127","82"
"Italy (IT)","21.02.2020 02:00 - 21.02.2020 03:00 (CET/CEST)","55","459","66"
"Italy (IT)","21.02.2020 03:00 - 21.02.2020 04:00 (CET/CEST)","55","506","66"
"Italy (IT)","21.02.2020 04:00 - 21.02.2020 05:00 (CET/CEST)","55","503","67"
"Italy (IT)","21.02.2020 05:00 - 21.02.2020 06:00 (CET/CEST)","61","361","233"
"Italy (IT)","21.02.2020 06:00 - 21.02.2020 07:00 (CET/CEST)","626","73","675"
"Italy (IT)","21.02.2020 07:00 - 21.02.2020 08:00 (CET/CEST)","1322","","998"
"Italy (IT)","21.02.2020 08:00 - 21.02.2020 09:00 (CET/CEST)","1238","","1075"
"Italy (IT)","21.02.2020 09:00 - 21.02.2020 10:00 (CET/CEST)","255","","1002"
"Italy (IT)","21.02.2020 10:00 - 21.02.2020 11:00 (CET/CEST)","507","","766"
"Italy (IT)","21.02.2020 11:00 - 21.02.2020 12:00 (CET/CEST)","0","70","400"
"Italy (IT)","21.02.2020 12:00 - 21.02.2020 13:00 (CET/CEST)","0","307","254"
"Italy (IT)","21.02.2020 13:00 - 21.02.2020 14:00 (CET/CEST)","0","145","279"
"Italy (IT)","21.02.2020 14:00 - 21.02.2020 15:00 (CET/CEST)","20","","394"
"Italy (IT)","21.02.2020 15:00 - 21.02.2020 16:00 (CET/CEST)","39","","619"
"Italy (IT)","21.02.2020 16:00 - 21.02.2020 17:00 (CET/CEST)","92","","861"
"Italy (IT)","21.02.2020 17:00 - 21.02.2020 18:00 (CET/CEST)","818","","985"
"Italy (IT)","21.02.2020 18:00 - 21.02.2020 19:00 (CET/CEST)","763","109","1063"
"Italy (IT)","21.02.2020 19:00 - 21.02.2020 20:00 (CET/CEST)","948","","1170"
"Italy (IT)","21.02.2020 20:00 - 21.02.2020 21:00 (CET/CEST)","731","","787"
"Italy (IT)","21.02.2020 21:00 - 21.02.2020 22:00 (CET/CEST)","464","49","527"
"Italy (IT)","21.02.2020 22:00 - 21.02.2020 23:00 (CET/CEST)","192","106","355"
"Italy (IT)","21.02.2020 23:00 - 22.02.2020 00:00 (CET/CEST)","189","154","323"
"Italy (IT)","22.02.2020 00:00 - 22.02.2020 01:00 (CET/CEST)","190","67","183"
"Italy (IT)","22.02.2020 01:00 - 22.02.2020 02:00 (CET/CEST)","189","","77"
"Italy (IT)","22.02.2020 02:00 - 22.02.2020 03:00 (CET/CEST)","0","444","62"
"Italy (IT)","22.02.2020 03:00 - 22.02.2020 04:00 (CET/CEST)","0","503","76"
"Italy (IT)","22.02.2020 04:00 - 22.02.2020 05:00 (CET/CEST)","0","500","85"
"Italy (IT)","22.02.2020 05:00 - 22.02.2020 06:00 (CET/CEST)","1","498","199"
"Italy (IT)","22.02.2020 06:00 - 22.02.2020 07:00 (CET/CEST)","573","272","770"
"Italy (IT)","22.02.2020 07:00 - 22.02.2020 08:00 (CET/CEST)","770","","831"
"Italy (IT)","22.02.2020 08:00 - 22.02.2020 09:00 (CET/CEST)","627","","832"
"Italy (IT)","22.02.2020 09:00 - 22.02.2020 10:00 (CET/CEST)","395","","578"
"Italy (IT)","22.02.2020 10:00 - 22.02.2020 11:00 (CET/CEST)","315","","176"
"Italy (IT)","22.02.2020 11:00 - 22.02.2020 12:00 (CET/CEST)","6","141","79"
"Italy (IT)","22.02.2020 12:00 - 22.02.2020 13:00 (CET/CEST)","0","197","77"
"Italy (IT)","22.02.2020 13:00 - 22.02.2020 14:00 (CET/CEST)","0","759","73"
"Italy (IT)","22.02.2020 14:00 - 22.02.2020 15:00 (CET/CEST)","0","783","80"
"Italy (IT)","22.02.2020 15:00 - 22.02.2020 16:00 (CET/CEST)","154","92","79"
"Italy (IT)","22.02.2020 16:00 - 22.02.2020 17:00 (CET/CEST)","161","","186"
"Italy (IT)","22.02.2020 17:00 - 22.02.2020 18:00 (CET/CEST)","159","","716"
"Italy (IT)","22.02.2020 18:00 - 22.02.2020 19:00 (CET/CEST)","1062","","1060"
"Italy (IT)","22.02.2020 19:00 - 22.02.2020 20:00 (CET/CEST)","1271","","1036"
"Italy (IT)","22.02.2020 20:00 - 22.02.2020 21:00 (CET/CEST)","847","","934"
"Italy (IT)","22.02.2020 21:00 - 22.02.2020 22:00 (CET/CEST)","649","","657"
"Italy (IT)","22.02.2020 22:00 - 22.02.2020 23:00 (CET/CEST)","570","","324"
"Italy (IT)","22.02.2020 23:00 - 23.02.2020 00:00 (CET/CEST)","334","519","144"
"Italy (IT)","23.02.2020 00:00 - 23.02.2020 01:00 (CET/CEST)","198","32","52"
"Italy (IT)","23.02.2020 01:00 - 23.02.2020 02:00 (CET/CEST)","162","33","51"
"Italy (IT)","23.02.2020 02:00 - 23.02.2020 03:00 (CET/CEST)","277","609","46"
"Italy (IT)","23.02.2020 03:00 - 23.02.2020 04:00 (CET/CEST)","0","1173","44"
"Italy (IT)","23.02.2020 04:00 - 23.02.2020 05:00 (CET/CEST)","0","1601","48"
"Italy (IT)","23.02.2020 05:00 - 23.02.2020 06:00 (CET/CEST)","0","1511","48"
"Italy (IT)","23.02.2020 06:00 - 23.02.2020 07:00 (CET/CEST)","0","614","61"
"Italy (IT)","23.02.2020 07:00 - 23.02.2020 08:00 (CET/CEST)","200","36","91"
"Italy (IT)","23.02.2020 08:00 - 23.02.2020 09:00 (CET/CEST)","351","36","135"
"Italy (IT)","23.02.2020 09:00 - 23.02.2020 10:00 (CET/CEST)","229","36","85"
"Italy (IT)","23.02.2020 10:00 - 23.02.2020 11:00 (CET/CEST)","152","189","78"
"Italy (IT)","23.02.2020 11:00 - 23.02.2020 12:00 (CET/CEST)","0","534","79"
"Italy (IT)","23.02.2020 12:00 - 23.02.2020 13:00 (CET/CEST)","0","596","75"
"Italy (IT)","23.02.2020 13:00 - 23.02.2020 14:00 (CET/CEST)","0","1729","72"
"Italy (IT)","23.02.2020 14:00 - 23.02.2020 15:00 (CET/CEST)","0","1673","72"
"Italy (IT)","23.02.2020 15:00 - 23.02.2020 16:00 (CET/CEST)","0","1156","75"
"Italy (IT)","23.02.2020 16:00 - 23.02.2020 17:00 (CET/CEST)","0","492","86"
"Italy (IT)","23.02.2020 17:00 - 23.02.2020 18:00 (CET/CEST)","0","4","285"
"Italy (IT)","23.02.2020 18:00 - 23.02.2020 19:00 (CET/CEST)","29","","708"
"Italy (IT)","23.02.2020 19:00 - 23.02.2020 20:00 (CET/CEST)","417","","775"
"Italy (IT)","23.02.2020 20:00 - 23.02.2020 21:00 (CET/CEST)","480","","663"
"Italy (IT)","23.02.2020 21:00 - 23.02.2020 22:00 (CET/CEST)","269","","440"
"Italy (IT)","23.02.2020 22:00 - 23.02.2020 23:00 (CET/CEST)","28","","65"
"Italy (IT)","23.02.2020 23:00 - 24.02.2020 00:00 (CET/CEST)","0","297","50"
"Italy (IT)","24.02.2020 00:00 - 24.02.2020 01:00 (CET/CEST)","0","1341","35"
"Italy (IT)","24.02.2020 01:00 - 24.02.2020 02:00 (CET/CEST)","0","1358","35"
"Italy (IT)","24.02.2020 02:00 - 24.02.2020 03:00 (CET/CEST)","","1503","35"
"Italy (IT)","24.02.2020 03:00 - 24.02.2020 04:00 (CET/CEST)","","1688","35"
"Italy (IT)","24.02.2020 04:00 - 24.02.2020 05:00 (CET/CEST)","","1462","40"
"Italy (IT)","24.02.2020 05:00 - 24.02.2020 06:00 (CET/CEST)","","1358","46"
"Italy (IT)","24.02.2020 06:00 - 24.02.2020 07:00 (CET/CEST)","0","1137","266"
"Italy (IT)","24.02.2020 07:00 - 24.02.2020 08:00 (CET/CEST)","159","88","610"
"Italy (IT)","24.02.2020 08:00 - 24.02.2020 09:00 (CET/CEST)","318","4","751"
"Italy (IT)","24.02.2020 09:00 - 24.02.2020 10:00 (CET/CEST)","466","1","705"
"Italy (IT)","24.02.2020 10:00 - 24.02.2020 11:00 (CET/CEST)","223","2","446"
"Italy (IT)","24.02.2020 11:00 - 24.02.2020 12:00 (CET/CEST)","40","1","398"
"Italy (IT)","24.02.2020 12:00 - 24.02.2020 13:00 (CET/CEST)","20","","380"
"Italy (IT)","24.02.2020 13:00 - 24.02.2020 14:00 (CET/CEST)","19","","311"
"Italy (IT)","24.02.2020 14:00 - 24.02.2020 15:00 (CET/CEST)","20","","325"
"Italy (IT)","24.02.2020 15:00 - 24.02.2020 16:00 (CET/CEST)","90","","766"
"Italy (IT)","24.02.2020 16:00 - 24.02.2020 17:00 (CET/CEST)","871","1","892"
"Italy (IT)","24.02.2020 17:00 - 24.02.2020 18:00 (CET/CEST)","1184","","1092"
"Italy (IT)","24.02.2020 18:00 - 24.02.2020 19:00 (CET/CEST)","1691","","1130"
"Italy (IT)","24.02.2020 19:00 - 24.02.2020 20:00 (CET/CEST)","829","1","1247"
"Italy (IT)","24.02.2020 20:00 - 24.02.2020 21:00 (CET/CEST)","453","","813"
"Italy (IT)","24.02.2020 21:00 - 24.02.2020 22:00 (CET/CEST)","59","","731"
"Italy (IT)","24.02.2020 22:00 - 24.02.2020 23:00 (CET/CEST)","0","163","285"
"Italy (IT)","24.02.2020 23:00 - 25.02.2020 00:00 (CET/CEST)","0","710","181"
"Italy (IT)","25.02.2020 00:00 - 25.02.2020 01:00 (CET/CEST)","0","97","168"
"Italy (IT)","25.02.2020 01:00 - 25.02.2020 02:00 (CET/CEST)","0","193","59"
"Italy (IT)","25.02.2020 02:00 - 25.02.2020 03:00 (CET/CEST)","0","648","59"
"Italy (IT)","25.02.2020 03:00 - 25.02.2020 04:00 (CET/CEST)","0","676","59"
"Italy (IT)","25.02.2020 04:00 - 25.02.2020 05:00 (CET/CEST)","0","531","82"
"Italy (IT)","25.02.2020 05:00 - 25.02.2020 06:00 (CET/CEST)","0","383","102"
"Italy (IT)","25.02.2020 06:00 - 25.02.2020 07:00 (CET/CEST)","0","176","593"
"Italy (IT)","25.02.2020 07:00 - 25.02.2020 08:00 (CET/CEST)","3","","632"
"Italy (IT)","25.02.2020 08:00 - 25.02.2020 09:00 (CET/CEST)","698","","831"
"Italy (IT)","25.02.2020 09:00 - 25.02.2020 10:00 (CET/CEST)","699","","885"
"Italy (IT)","25.02.2020 10:00 - 25.02.2020 11:00 (CET/CEST)","754","","920"
"Italy (IT)","25.02.2020 11:00 - 25.02.2020 12:00 (CET/CEST)","373","","841"
"Italy (IT)","25.02.2020 12:00 - 25.02.2020 13:00 (CET/CEST)","80","","495"
"Italy (IT)","25.02.2020 13:00 - 25.02.2020 14:00 (CET/CEST)","0","13","404"
"Italy (IT)","25.02.2020 14:00 - 25.02.2020 15:00 (CET/CEST)","0","83","586"
"Italy (IT)","25.02.2020 15:00 - 25.02.2020 16:00 (CET/CEST)","332","229","790"
"Italy (IT)","25.02.2020 16:00 - 25.02.2020 17:00 (CET/CEST)","525","151","727"
"Italy (IT)","25.02.2020 17:00 - 25.02.2020 18:00 (CET/CEST)","237","1","789"
"Italy (IT)","25.02.2020 18:00 - 25.02.2020 19:00 (CET/CEST)","446","","944"
"Italy (IT)","25.02.2020 19:00 - 25.02.2020 20:00 (CET/CEST)","501","","868"
"Italy (IT)","25.02.2020 20:00 - 25.02.2020 21:00 (CET/CEST)","375","","608"
"Italy (IT)","25.02.2020 21:00 - 25.02.2020 22:00 (CET/CEST)","375","","407"
"Italy (IT)","25.02.2020 22:00 - 25.02.2020 23:00 (CET/CEST)","248","","323"
"Italy (IT)","25.02.2020 23:00 - 26.02.2020 00:00 (CET/CEST)","87","417","172"
"Italy (IT)","26.02.2020 00:00 - 26.02.2020 01:00 (CET/CEST)","92","1","58"
"Italy (IT)","26.02.2020 01:00 - 26.02.2020 02:00 (CET/CEST)","159","420","57"
"Italy (IT)","26.02.2020 02:00 - 26.02.2020 03:00 (CET/CEST)","109","423","57"
"Italy (IT)","26.02.2020 03:00 - 26.02.2020 04:00 (CET/CEST)","0","817","57"
"Italy (IT)","26.02.2020 04:00 - 26.02.2020 05:00 (CET/CEST)","0","722","61"
"Italy (IT)","26.02.2020 05:00 - 26.02.2020 06:00 (CET/CEST)","0","428","72"
"Italy (IT)","26.02.2020 06:00 - 26.02.2020 07:00 (CET/CEST)","4","63","397"
"Italy (IT)","26.02.2020 07:00 - 26.02.2020 08:00 (CET/CEST)","412","","878"
"Italy (IT)","26.02.2020 08:00 - 26.02.2020 09:00 (CET/CEST)","368","","1012"
"Italy (IT)","26.02.2020 09:00 - 26.02.2020 10:00 (CET/CEST)","295","","1075"
"Italy (IT)","26.02.2020 10:00 - 26.02.2020 11:00 (CET/CEST)","186","94","1116"
"Italy (IT)","26.02.2020 11:00 - 26.02.2020 12:00 (CET/CEST)","66","36","752"
"Italy (IT)","26.02.2020 12:00 - 26.02.2020 13:00 (CET/CEST)","53","2","495"
"Italy (IT)","26.02.2020 13:00 - 26.02.2020 14:00 (CET/CEST)","2","53","427"
"Italy (IT)","26.02.2020 14:00 - 26.02.2020 15:00 (CET/CEST)","0","177","617"
"Italy (IT)","26.02.2020 15:00 - 26.02.2020 16:00 (CET/CEST)","0","108","835"
"Italy (IT)","26.02.2020 16:00 - 26.02.2020 17:00 (CET/CEST)","41","","929"
"Italy (IT)","26.02.2020 17:00 - 26.02.2020 18:00 (CET/CEST)","230","","1074"
"Italy (IT)","26.02.2020 18:00 - 26.02.2020 19:00 (CET/CEST)","804","","1210"
"Italy (IT)","26.02.2020 19:00 - 26.02.2020 20:00 (CET/CEST)","864","","1277"
"Italy (IT)","26.02.2020 20:00 - 26.02.2020 21:00 (CET/CEST)","382","","1064"
"Italy (IT)","26.02.2020 21:00 - 26.02.2020 22:00 (CET/CEST)","238","","512"
"Italy (IT)","26.02.2020 22:00 - 26.02.2020 23:00 (CET/CEST)","199","","367"
"Italy (IT)","26.02.2020 23:00 - 27.02.2020 00:00 (CET/CEST)","17","100","293"
"Italy (IT)","27.02.2020 00:00 - 27.02.2020 01:00 (CET/CEST)","0","143","64"
"Italy (IT)","27.02.2020 01:00 - 27.02.2020 02:00 (CET/CEST)","0","150","62"
"Italy (IT)","27.02.2020 02:00 - 27.02.2020 03:00 (CET/CEST)","0","215","61"
"Italy (IT)","27.02.2020 03:00 - 27.02.2020 04:00 (CET/CEST)","0","426","61"
"Italy (IT)","27.02.2020 04:00 - 27.02.2020 05:00 (CET/CEST)","0","465","61"
"Italy (IT)","27.02.2020 05:00 - 27.02.2020 06:00 (CET/CEST)","0","239","69"
"Italy (IT)","27.02.2020 06:00 - 27.02.2020 07:00 (CET/CEST)","2","","414"
"Italy (IT)","27.02.2020 07:00 - 27.02.2020 08:00 (CET/CEST)","303","","788"
"Italy (IT)","27.02.2020 08:00 - 27.02.2020 09:00 (CET/CEST)","140","","983"
"Italy (IT)","27.02.2020 09:00 - 27.02.2020 10:00 (CET/CEST)","92","","1005"
"Italy (IT)","27.02.2020 10:00 - 27.02.2020 11:00 (CET/CEST)","89","28","565"
"Italy (IT)","27.02.2020 11:00 - 27.02.2020 12:00 (CET/CEST)","95","28","466"
"Italy (IT)","27.02.2020 12:00 - 27.02.2020 13:00 (CET/CEST)","246","","457"
"Italy (IT)","27.02.2020 13:00 - 27.02.2020 14:00 (CET/CEST)","243","","663"
"Italy (IT)","27.02.2020 14:00 - 27.02.2020 15:00 (CET/CEST)","140","","947"
"Italy (IT)","27.02.2020 15:00 - 27.02.2020 16:00 (CET/CEST)","733","","1195"
"Italy (IT)","27.02.2020 16:00 - 27.02.2020 17:00 (CET/CEST)","720","","1164"
"Italy (IT)","27.02.2020 17:00 - 27.02.2020 18:00 (CET/CEST)","1222","","1251"
"Italy (IT)","27.02.2020 18:00 - 27.02.2020 19:00 (CET/CEST)","2000","","1354"
"Italy (IT)","27.02.2020 19:00 - 27.02.2020 20:00 (CET/CEST)","1054","","1189"
"Italy (IT)","27.02.2020 20:00 - 27.02.2020 21:00 (CET/CEST)","452","","960"
"Italy (IT)","27.02.2020 21:00 - 27.02.2020 22:00 (CET/CEST)","298","","588"
"Italy (IT)","27.02.2020 22:00 - 27.02.2020 23:00 (CET/CEST)","138","","338"
"Italy (IT)","27.02.2020 23:00 - 28.02.2020 00:00 (CET/CEST)","0","63","169"
"Italy (IT)","28.02.2020 00:00 - 28.02.2020 01:00 (CET/CEST)","0","195","69"
"Italy (IT)","28.02.2020 01:00 - 28.02.2020 02:00 (CET/CEST)","0","329","57"
"Italy (IT)","28.02.2020 02:00 - 28.02.2020 03:00 (CET/CEST)","0","463","57"
"Italy (IT)","28.02.2020 03:00 - 28.02.2020 04:00 (CET/CEST)","0","458","57"
"Italy (IT)","28.02.2020 04:00 - 28.02.2020 05:00 (CET/CEST)","0","455","58"
"Italy (IT)","28.02.2020 05:00 - 28.02.2020 06:00 (CET/CEST)","0","504","128"
"Italy (IT)","28.02.2020 06:00 - 28.02.2020 07:00 (CET/CEST)","1","178","511"
"Italy (IT)","28.02.2020 07:00 - 28.02.2020 08:00 (CET/CEST)","518","45","980"
"Italy (IT)","28.02.2020 08:00 - 28.02.2020 09:00 (CET/CEST)","964","","1169"
"Italy (IT)","28.02.2020 09:00 - 28.02.2020 10:00 (CET/CEST)","186","7","760"
"Italy (IT)","28.02.2020 10:00 - 28.02.2020 11:00 (CET/CEST)","134","77","493"
"Italy (IT)","28.02.2020 11:00 - 28.02.2020 12:00 (CET/CEST)","87","77","384"
"Italy (IT)","28.02.2020 12:00 - 28.02.2020 13:00 (CET/CEST)","7","148","271"
"Italy (IT)","28.02.2020 13:00 - 28.02.2020 14:00 (CET/CEST)","0","778","248"
"Italy (IT)","28.02.2020 14:00 - 28.02.2020 15:00 (CET/CEST)","0","892","273"
"Italy (IT)","28.02.2020 15:00 - 28.02.2020 16:00 (CET/CEST)","2","152","540"
"Italy (IT)","28.02.2020 16:00 - 28.02.2020 17:00 (CET/CEST)","88","","723"
"Italy (IT)","28.02.2020 17:00 - 28.02.2020 18:00 (CET/CEST)","574","131","894"
"Italy (IT)","28.02.2020 18:00 - 28.02.2020 19:00 (CET/CEST)","1726","","1069"
"Italy (IT)","28.02.2020 19:00 - 28.02.2020 20:00 (CET/CEST)","1771","","1187"
"Italy (IT)","28.02.2020 20:00 - 28.02.2020 21:00 (CET/CEST)","1387","","1089"
"Italy (IT)","28.02.2020 21:00 - 28.02.2020 22:00 (CET/CEST)","434","","868"
"Italy (IT)","28.02.2020 22:00 - 28.02.2020 23:00 (CET/CEST)","85","","405"
"Italy (IT)","28.02.2020 23:00 - 29.02.2020 00:00 (CET/CEST)","1","44","182"
"Italy (IT)","29.02.2020 00:00 - 29.02.2020 01:00 (CET/CEST)","211","130","98"
"Italy (IT)","29.02.2020 01:00 - 29.02.2020 02:00 (CET/CEST)","249","441","62"
"Italy (IT)","29.02.2020 02:00 - 29.02.2020 03:00 (CET/CEST)","249","434","48"
"Italy (IT)","29.02.2020 03:00 - 29.02.2020 04:00 (CET/CEST)","250","314","50"
"Italy (IT)","29.02.2020 04:00 - 29.02.2020 05:00 (CET/CEST)","251","542","68"
"Italy (IT)","29.02.2020 05:00 - 29.02.2020 06:00 (CET/CEST)","16","493","76"
"Italy (IT)","29.02.2020 06:00 - 29.02.2020 07:00 (CET/CEST)","87","325","224"
"Italy (IT)","29.02.2020 07:00 - 29.02.2020 08:00 (CET/CEST)","156","251","274"
"Italy (IT)","29.02.2020 08:00 - 29.02.2020 09:00 (CET/CEST)","92","14","374"
"Italy (IT)","29.02.2020 09:00 - 29.02.2020 10:00 (CET/CEST)","59","","253"
"Italy (IT)","29.02.2020 10:00 - 29.02.2020 11:00 (CET/CEST)","411","","128"
"Italy (IT)","29.02.2020 11:00 - 29.02.2020 12:00 (CET/CEST)","161","9","129"
"Italy (IT)","29.02.2020 12:00 - 29.02.2020 13:00 (CET/CEST)","162","123","88"
"Italy (IT)","29.02.2020 13:00 - 29.02.2020 14:00 (CET/CEST)","160","337","91"
"Italy (IT)","29.02.2020 14:00 - 29.02.2020 15:00 (CET/CEST)","183","380","105"
"Italy (IT)","29.02.2020 15:00 - 29.02.2020 16:00 (CET/CEST)","172","259","709"
"Italy (IT)","29.02.2020 16:00 - 29.02.2020 17:00 (CET/CEST)","179","102","321"
"Italy (IT)","29.02.2020 17:00 - 29.02.2020 18:00 (CET/CEST)","306","","391"
"Italy (IT)","29.02.2020 18:00 - 29.02.2020 19:00 (CET/CEST)","493","","942"
"Italy (IT)","29.02.2020 19:00 - 29.02.2020 20:00 (CET/CEST)","913","","1283"
"Italy (IT)","29.02.2020 20:00 - 29.02.2020 21:00 (CET/CEST)","635","","623"
"Italy (IT)","29.02.2020 21:00 - 29.02.2020 22:00 (CET/CEST)","373","","184"
"Italy (IT)","29.02.2020 22:00 - 29.02.2020 23:00 (CET/CEST)","184","","110"
"Italy (IT)","29.02.2020 23:00 - 01.03.2020 00:00 (CET/CEST)","0","31","89"
"Italy (IT)","01.03.2020 00:00 - 01.03.2020 01:00 (CET/CEST)","299","","82"
"Italy (IT)","01.03.2020 01:00 - 01.03.2020 02:00 (CET/CEST)","29","2","93"
"Italy (IT)","01.03.2020 02:00 - 01.03.2020 03:00 (CET/CEST)","0","263","92"
"Italy (IT)","01.03.2020 03:00 - 01.03.2020 04:00 (CET/CEST)","0","323","91"
"Italy (IT)","01.03.2020 04:00 - 01.03.2020 05:00 (CET/CEST)","0","802","87"
"Italy (IT)","01.03.2020 05:00 - 01.03.2020 06:00 (CET/CEST)","0","927","88"
"Italy (IT)","01.03.2020 06:00 - 01.03.2020 07:00 (CET/CEST)","0","696","106"
"Italy (IT)","01.03.2020 07:00 - 01.03.2020 08:00 (CET/CEST)","0","458","112"
"Italy (IT)","01.03.2020 08:00 - 01.03.2020 09:00 (CET/CEST)","0","606","149"
"Italy (IT)","01.03.2020 09:00 - 01.03.2020 10:00 (CET/CEST)","0","37","131"
"Italy (IT)","01.03.2020 10:00 - 01.03.2020 11:00 (CET/CEST)","370","","194"
"Italy (IT)","01.03.2020 11:00 - 01.03.2020 12:00 (CET/CEST)","1026","","181"
"Italy (IT)","01.03.2020 12:00 - 01.03.2020 13:00 (CET/CEST)","1075","","459"
"Italy (IT)","01.03.2020 13:00 - 01.03.2020 14:00 (CET/CEST)","691","115","414"
"Italy (IT)","01.03.2020 14:00 - 01.03.2020 15:00 (CET/CEST)","525","300","353"
"Italy (IT)","01.03.2020 15:00 - 01.03.2020 16:00 (CET/CEST)","854","112","335"
"Italy (IT)","01.03.2020 16:00 - 01.03.2020 17:00 (CET/CEST)","158","","257"
"Italy (IT)","01.03.2020 17:00 - 01.03.2020 18:00 (CET/CEST)","0","","391"
"Italy (IT)","01.03.2020 18:00 - 01.03.2020 19:00 (CET/CEST)","78","","559"
"Italy (IT)","01.03.2020 19:00 - 01.03.2020 20:00 (CET/CEST)","345","","712"
"Italy (IT)","01.03.2020 20:00 - 01.03.2020 21:00 (CET/CEST)","201","","398"
"Italy (IT)","01.03.2020 21:00 - 01.03.2020 22:00 (CET/CEST)","121","19","182"
"Italy (IT)","01.03.2020 22:00 - 01.03.2020 23:00 (CET/CEST)","84","109","89"
"Italy (IT)","01.03.2020 23:00 - 02.03.2020 00:00 (CET/CEST)","0","107","88"
"Italy (IT)","02.03.2020 00:00 - 02.03.2020 01:00 (CET/CEST)","0","204","83"
"Italy (IT)","02.03.2020 01:00 - 02.03.2020 02:00 (CET/CEST)","0","430","147"
"Italy (IT)","02.03.2020 02:00 - 02.03.2020 03:00 (CET/CEST)","0","491","160"
"Italy (IT)","02.03.2020 03:00 - 02.03.2020 04:00 (CET/CEST)","0","184","145"
"Italy (IT)","02.03.2020 04:00 - 02.03.2020 05:00 (CET/CEST)","100","230","163"
"Italy (IT)","02.03.2020 05:00 - 02.03.2020 06:00 (CET/CEST)","0","500","192"
"Italy (IT)","02.03.2020 06:00 - 02.03.2020 07:00 (CET/CEST)","134","18","307"
"Italy (IT)","02.03.2020 07:00 - 02.03.2020 08:00 (CET/CEST)","358","","638"
"Italy (IT)","02.03.2020 08:00 - 02.03.2020 09:00 (CET/CEST)","668","","755"
"Italy (IT)","02.03.2020 09:00 - 02.03.2020 10:00 (CET/CEST)","664","1","813"
"Italy (IT)","02.03.2020 10:00 - 02.03.2020 11:00 (CET/CEST)","416","2","809"
"Italy (IT)","02.03.2020 11:00 - 02.03.2020 12:00 (CET/CEST)","665","1","869"
"Italy (IT)","02.03.2020 12:00 - 02.03.2020 13:00 (CET/CEST)","656","","942"
"Italy (IT)","02.03.2020 13:00 - 02.03.2020 14:00 (CET/CEST)","335","","956"
"Italy (IT)","02.03.2020 14:00 - 02.03.2020 15:00 (CET/CEST)","311","","1108"
"Italy (IT)","02.03.2020 15:00 - 02.03.2020 16:00 (CET/CEST)","352","17","1105"
"Italy (IT)","02.03.2020 16:00 - 02.03.2020 17:00 (CET/CEST)","489","","1138"
"Italy (IT)","02.03.2020 17:00 - 02.03.2020 18:00 (CET/CEST)","286","","1083"
"Italy (IT)","02.03.2020 18:00 - 02.03.2020 19:00 (CET/CEST)","870","","1111"
"Italy (IT)","02.03.2020 19:00 - 02.03.2020 20:00 (CET/CEST)","798","","1076"
"Italy (IT)","02.03.2020 20:00 - 02.03.2020 21:00 (CET/CEST)","418","","988"
"Italy (IT)","02.03.2020 21:00 - 02.03.2020 22:00 (CET/CEST)","224","","526"
"Italy (IT)","02.03.2020 22:00 - 02.03.2020 23:00 (CET/CEST)","0","239","385"
"Italy (IT)","02.03.2020 23:00 - 03.03.2020 00:00 (CET/CEST)","0","265","294"
"Italy (IT)","03.03.2020 00:00 - 03.03.2020 01:00 (CET/CEST)","0","590","182"
"Italy (IT)","03.03.2020 01:00 - 03.03.2020 02:00 (CET/CEST)","0","739","346"
"Italy (IT)","03.03.2020 02:00 - 03.03.2020 03:00 (CET/CEST)","0","804","365"
"Italy (IT)","03.03.2020 03:00 - 03.03.2020 04:00 (CET/CEST)","0","759","316"
"Italy (IT)","03.03.2020 04:00 - 03.03.2020 05:00 (CET/CEST)","0","890","318"
"Italy (IT)","03.03.2020 05:00 - 03.03.2020 06:00 (CET/CEST)","0","431","290"
"Italy (IT)","03.03.2020 06:00 - 03.03.2020 07:00 (CET/CEST)","4","35","420"
"Italy (IT)","03.03.2020 07:00 - 03.03.2020 08:00 (CET/CEST)","262","","759"
"Italy (IT)","03.03.2020 08:00 - 03.03.2020 09:00 (CET/CEST)","489","","1220"
"Italy (IT)","03.03.2020 09:00 - 03.03.2020 10:00 (CET/CEST)","623","24","1220"
"Italy (IT)","03.03.2020 10:00 - 03.03.2020 11:00 (CET/CEST)","444","265","1242"
"Italy (IT)","03.03.2020 11:00 - 03.03.2020 12:00 (CET/CEST)","429","237","1006"
"Italy (IT)","03.03.2020 12:00 - 03.03.2020 13:00 (CET/CEST)","111","226","658"
"Italy (IT)","03.03.2020 13:00 - 03.03.2020 14:00 (CET/CEST)","114","227","521"
"Italy (IT)","03.03.2020 14:00 - 03.03.2020 15:00 (CET/CEST)","137","184","883"
"Italy (IT)","03.03.2020 15:00 - 03.03.2020 16:00 (CET/CEST)","397","108","955"
"Italy (IT)","03.03.2020 16:00 - 03.03.2020 17:00 (CET/CEST)","462","1","1009"
"Italy (IT)","03.03.2020 17:00 - 03.03.2020 18:00 (CET/CEST)","264","1","972"
"Italy (IT)","03.03.2020 18:00 - 03.03.2020 19:00 (CET/CEST)","1757","1","1076"
"Italy (IT)","03.03.2020 19:00 - 03.03.2020 20:00 (CET/CEST)","1946","1","1150"
"Italy (IT)","03.03.2020 20:00 - 03.03.2020 21:00 (CET/CEST)","439","1","880"
"Italy (IT)","03.03.2020 21:00 - 03.03.2020 22:00 (CET/CEST)","463","1","551"
"Italy (IT)","03.03.2020 22:00 - 03.03.2020 23:00 (CET/CEST)","352","306","384"
"Italy (IT)","03.03.2020 23:00 - 04.03.2020 00:00 (CET/CEST)","226","418","323"
"Italy (IT)","04.03.2020 00:00 - 04.03.2020 01:00 (CET/CEST)","161","421","157"
"Italy (IT)","04.03.2020 01:00 - 04.03.2020 02:00 (CET/CEST)","195","131","155"
"Italy (IT)","04.03.2020 02:00 - 04.03.2020 03:00 (CET/CEST)","22","677","156"
"Italy (IT)","04.03.2020 03:00 - 04.03.2020 04:00 (CET/CEST)","0","1242","155"
"Italy (IT)","04.03.2020 04:00 - 04.03.2020 05:00 (CET/CEST)","0","1238","156"
"Italy (IT)","04.03.2020 05:00 - 04.03.2020 06:00 (CET/CEST)","0","489","170"
"Italy (IT)","04.03.2020 06:00 - 04.03.2020 07:00 (CET/CEST)","0","70","569"
"Italy (IT)","04.03.2020 07:00 - 04.03.2020 08:00 (CET/CEST)","601","1","973"
"Italy (IT)","04.03.2020 08:00 - 04.03.2020 09:00 (CET/CEST)","1320","1","1255"
"Italy (IT)","04.03.2020 09:00 - 04.03.2020 10:00 (CET/CEST)","580","1","1120"
"Italy (IT)","04.03.2020 10:00 - 04.03.2020 11:00 (CET/CEST)","299","1","973"
"Italy (IT)","04.03.2020 11:00 - 04.03.2020 12:00 (CET/CEST)","136","1","691"
"Italy (IT)","04.03.2020 12:00 - 04.03.2020 13:00 (CET/CEST)","95","2","505"
"Italy (IT)","04.03.2020 13:00 - 04.03.2020 14:00 (CET/CEST)","95","1","398"
"Italy (IT)","04.03.2020 14:00 - 04.03.2020 15:00 (CET/CEST)","139","1","458"
"Italy (IT)","04.03.2020 15:00 - 04.03.2020 16:00 (CET/CEST)","237","1","798"
"Italy (IT)","04.03.2020 16:00 - 04.03.2020 17:00 (CET/CEST)","214","1","1132"
"Italy (IT)","04.03.2020 17:00 - 04.03.2020 18:00 (CET/CEST)","256","55","1186"
"Italy (IT)","04.03.2020 18:00 - 04.03.2020 19:00 (CET/CEST)","2671","","1102"
"Italy (IT)","04.03.2020 19:00 - 04.03.2020 20:00 (CET/CEST)","2355","","1156"
"Italy (IT)","04.03.2020 20:00 - 04.03.2020 21:00 (CET/CEST)","660","","1170"
"Italy (IT)","04.03.2020 21:00 - 04.03.2020 22:00 (CET/CEST)","278","","553"
"Italy (IT)","04.03.2020 22:00 - 04.03.2020 23:00 (CET/CEST)","31","1","396"
"Italy (IT)","04.03.2020 23:00 - 05.03.2020 00:00 (CET/CEST)","0","167","294"
"Italy (IT)","05.03.2020 00:00 - 05.03.2020 01:00 (CET/CEST)","92","235","394"
"Italy (IT)","05.03.2020 01:00 - 05.03.2020 02:00 (CET/CEST)","205","247","255"
"Italy (IT)","05.03.2020 02:00 - 05.03.2020 03:00 (CET/CEST)","202","274","202"
"Italy (IT)","05.03.2020 03:00 - 05.03.2020 04:00 (CET/CEST)","","755","199"
"Italy (IT)","05.03.2020 04:00 - 05.03.2020 05:00 (CET/CEST)","0","736","245"
"Italy (IT)","05.03.2020 05:00 - 05.03.2020 06:00 (CET/CEST)","0","720","376"
"Italy (IT)","05.03.2020 06:00 - 05.03.2020 07:00 (CET/CEST)","24","242","803"
"Italy (IT)","05.03.2020 07:00 - 05.03.2020 08:00 (CET/CEST)","633","1","748"
"Italy (IT)","05.03.2020 08:00 - 05.03.2020 09:00 (CET/CEST)","1404","1","1004"
"Italy (IT)","05.03.2020 09:00 - 05.03.2020 10:00 (CET/CEST)","686","79","1027"
"Italy (IT)","05.03.2020 10:00 - 05.03.2020 11:00 (CET/CEST)","279","151","970"
"Italy (IT)","05.03.2020 11:00 - 05.03.2020 12:00 (CET/CEST)","155","2","876"
"Italy (IT)","05.03.2020 12:00 - 05.03.2020 13:00 (CET/CEST)","185","1","700"
"Italy (IT)","05.03.2020 13:00 - 05.03.2020 14:00 (CET/CEST)","38","33","736"
"Italy (IT)","05.03.2020 14:00 - 05.03.2020 15:00 (CET/CEST)","158","1","953"
"Italy (IT)","05.03.2020 15:00 - 05.03.2020 16:00 (CET/CEST)","104","1","1060"
"Italy (IT)","05.03.2020 16:00 - 05.03.2020 17:00 (CET/CEST)","131","1","1083"
"Italy (IT)","05.03.2020 17:00 - 05.03.2020 18:00 (CET/CEST)","336","1","1089"
"Italy (IT)","05.03.2020 18:00 - 05.03.2020 19:00 (CET/CEST)","2007","1","1177"
"Italy (IT)","05.03.2020 19:00 - 05.03.2020 20:00 (CET/CEST)","2026","1","1089"
"Italy (IT)","05.03.2020 20:00 - 05.03.2020 21:00 (CET/CEST)","545","","1133"
"Italy (IT)","05.03.2020 21:00 - 05.03.2020 22:00 (CET/CEST)","318","","607"
"Italy (IT)","05.03.2020 22:00 - 05.03.2020 23:00 (CET/CEST)","159","115","425"
"Italy (IT)","05.03.2020 23:00 - 06.03.2020 00:00 (CET/CEST)","159","197","304"
"Italy (IT)","06.03.2020 00:00 - 06.03.2020 01:00 (CET/CEST)","120","345","107"
"Italy (IT)","06.03.2020 01:00 - 06.03.2020 02:00 (CET/CEST)","29","517","103"
"Italy (IT)","06.03.2020 02:00 - 06.03.2020 03:00 (CET/CEST)","0","744","93"
"Italy (IT)","06.03.2020 03:00 - 06.03.2020 04:00 (CET/CEST)","0","825","95"
"Italy (IT)","06.03.2020 04:00 - 06.03.2020 05:00 (CET/CEST)","0","850","103"
"Italy (IT)","06.03.2020 05:00 - 06.03.2020 06:00 (CET/CEST)","0","870","175"
"Italy (IT)","06.03.2020 06:00 - 06.03.2020 07:00 (CET/CEST)","1","248","308"
"Italy (IT)","06.03.2020 07:00 - 06.03.2020 08:00 (CET/CEST)","377","1","772"
"Italy (IT)","06.03.2020 08:00 - 06.03.2020 09:00 (CET/CEST)","578","1","996"
"Italy (IT)","06.03.2020 09:00 - 06.03.2020 10:00 (CET/CEST)","582","1","932"
"Italy (IT)","06.03.2020 10:00 - 06.03.2020 11:00 (CET/CEST)","578","1","806"
"Italy (IT)","06.03.2020 11:00 - 06.03.2020 12:00 (CET/CEST)","87","1","602"
"Italy (IT)","06.03.2020 12:00 - 06.03.2020 13:00 (CET/CEST)","0","196","394"
"Italy (IT)","06.03.2020 13:00 - 06.03.2020 14:00 (CET/CEST)","0","262","393"
"Italy (IT)","06.03.2020 14:00 - 06.03.2020 15:00 (CET/CEST)","0","360","418"
"Italy (IT)","06.03.2020 15:00 - 06.03.2020 16:00 (CET/CEST)","0","543","414"
"Italy (IT)","06.03.2020 16:00 - 06.03.2020 17:00 (CET/CEST)","59","202","647"
"Italy (IT)","06.03.2020 17:00 - 06.03.2020 18:00 (CET/CEST)","647","150","883"
"Italy (IT)","06.03.2020 18:00 - 06.03.2020 19:00 (CET/CEST)","1087","","1124"
"Italy (IT)","06.03.2020 19:00 - 06.03.2020 20:00 (CET/CEST)","2154","","1145"
"Italy (IT)","06.03.2020 20:00 - 06.03.2020 21:00 (CET/CEST)","874","","1140"
"Italy (IT)","06.03.2020 21:00 - 06.03.2020 22:00 (CET/CEST)","346","","624"
"Italy (IT)","06.03.2020 22:00 - 06.03.2020 23:00 (CET/CEST)","80","1","513"
"Italy (IT)","06.03.2020 23:00 - 07.03.2020 00:00 (CET/CEST)","1","3","476"
"Italy (IT)","07.03.2020 00:00 - 07.03.2020 01:00 (CET/CEST)","28","186","315"
"Italy (IT)","07.03.2020 01:00 - 07.03.2020 02:00 (CET/CEST)","102","403","292"
"Italy (IT)","07.03.2020 02:00 - 07.03.2020 03:00 (CET/CEST)","135","1159","229"
"Italy (IT)","07.03.2020 03:00 - 07.03.2020 04:00 (CET/CEST)","0","1671","144"
"Italy (IT)","07.03.2020 04:00 - 07.03.2020 05:00 (CET/CEST)","0","1602","131"
"Italy (IT)","07.03.2020 05:00 - 07.03.2020 06:00 (CET/CEST)","0","1498","124"
"Italy (IT)","07.03.2020 06:00 - 07.03.2020 07:00 (CET/CEST)","0","983","277"
"Italy (IT)","07.03.2020 07:00 - 07.03.2020 08:00 (CET/CEST)","4","667","506"
"Italy (IT)","07.03.2020 08:00 - 07.03.2020 09:00 (CET/CEST)","254","196","787"
"Italy (IT)","07.03.2020 09:00 - 07.03.2020 10:00 (CET/CEST)","206","268","765"
"Italy (IT)","07.03.2020 10:00 - 07.03.2020 11:00 (CET/CEST)","269","282","740"
"Italy (IT)","07.03.2020 11:00 - 07.03.2020 12:00 (CET/CEST)","60","323","601"
"Italy (IT)","07.03.2020 12:00 - 07.03.2020 13:00 (CET/CEST)","4","405","314"
"Italy (IT)","07.03.2020 13:00 - 07.03.2020 14:00 (CET/CEST)","161","513","176"
"Italy (IT)","07.03.2020 14:00 - 07.03.2020 15:00 (CET/CEST)","168","514","156"
"Italy (IT)","07.03.2020 15:00 - 07.03.2020 16:00 (CET/CEST)","168","406","238"
"Italy (IT)","07.03.2020 16:00 - 07.03.2020 17:00 (CET/CEST)","117","404","342"
"Italy (IT)","07.03.2020 17:00 - 07.03.2020 18:00 (CET/CEST)","0","403","552"
"Italy (IT)","07.03.2020 18:00 - 07.03.2020 19:00 (CET/CEST)","176","195","879"
"Italy (IT)","07.03.2020 19:00 - 07.03.2020 20:00 (CET/CEST)","860","","1255"
"Italy (IT)","07.03.2020 20:00 - 07.03.2020 21:00 (CET/CEST)","365","42","789"
"Italy (IT)","07.03.2020 21:00 - 07.03.2020 22:00 (CET/CEST)","237","220","366"
"Italy (IT)","07.03.2020 22:00 - 07.03.2020 23:00 (CET/CEST)","320","220","231"
"Italy (IT)","07.03.2020 23:00 - 08.03.2020 00:00 (CET/CEST)","319","241","179"
"Italy (IT)","08.03.2020 00:00 - 08.03.2020 01:00 (CET/CEST)","103","904","123"
"Italy (IT)","08.03.2020 01:00 - 08.03.2020 02:00 (CET/CEST)","0","1188","133"
"Italy (IT)","08.03.2020 02:00 - 08.03.2020 03:00 (CET/CEST)","0","1474","184"
"Italy (IT)","08.03.2020 03:00 - 08.03.2020 04:00 (CET/CEST)","0","1758","183"
"Italy (IT)","08.03.2020 04:00 - 08.03.2020 05:00 (CET/CEST)","0","1691","183"
"Italy (IT)","08.03.2020 05:00 - 08.03.2020 06:00 (CET/CEST)","0","1590","139"
"Italy (IT)","08.03.2020 06:00 - 08.03.2020 07:00 (CET/CEST)","0","1386","114"
"Italy (IT)","08.03.2020 07:00 - 08.03.2020 08:00 (CET/CEST)","0","1277","99"
"Italy (IT)","08.03.2020 08:00 - 08.03.2020 09:00 (CET/CEST)","0","1956","214"
"Italy (IT)","08.03.2020 09:00 - 08.03.2020 10:00 (CET/CEST)","0","1696","190"
"Italy (IT)","08.03.2020 10:00 - 08.03.2020 11:00 (CET/CEST)","0","1670","186"
"Italy (IT)","08.03.2020 11:00 - 08.03.2020 12:00 (CET/CEST)","162","1231","188"
"Italy (IT)","08.03.2020 12:00 - 08.03.2020 13:00 (CET/CEST)","161","797","178"
"Italy (IT)","08.03.2020 13:00 - 08.03.2020 14:00 (CET/CEST)","59","934","152"
"Italy (IT)","08.03.2020 14:00 - 08.03.2020 15:00 (CET/CEST)","","1338","153"
"Italy (IT)","08.03.2020 15:00 - 08.03.2020 16:00 (CET/CEST)","","1171","158"
"Italy (IT)","08.03.2020 16:00 - 08.03.2020 17:00 (CET/CEST)","0","838","178"
"Italy (IT)","08.03.2020 17:00 - 08.03.2020 18:00 (CET/CEST)","80","278","386"
"Italy (IT)","08.03.2020 18:00 - 08.03.2020 19:00 (CET/CEST)","589","","1120"
"Italy (IT)","08.03.2020 19:00 - 08.03.2020 20:00 (CET/CEST)","1482","","1644"
"Italy (IT)","08.03.2020 20:00 - 08.03.2020 21:00 (CET/CEST)","661","1","1428"
"Italy (IT)","08.03.2020 21:00 - 08.03.2020 22:00 (CET/CEST)","303","1","884"
"Italy (IT)","08.03.2020 22:00 - 08.03.2020 23:00 (CET/CEST)","178","2","352"
"Italy (IT)","08.03.2020 23:00 - 09.03.2020 00:00 (CET/CEST)","184","45","227"
"Italy (IT)","09.03.2020 00:00 - 09.03.2020 01:00 (CET/CEST)","194","985","209"
"Italy (IT)","09.03.2020 01:00 - 09.03.2020 02:00 (CET/CEST)","0","1426","160"
"Italy (IT)","09.03.2020 02:00 - 09.03.2020 03:00 (CET/CEST)","0","1297","158"
"Italy (IT)","09.03.2020 03:00 - 09.03.2020 04:00 (CET/CEST)","0","1393","158"
"Italy (IT)","09.03.2020 04:00 - 09.03.2020 05:00 (CET/CEST)","0","1315","157"
"Italy (IT)","09.03.2020 05:00 - 09.03.2020 06:00 (CET/CEST)","0","1188","183"
"Italy (IT)","09.03.2020 06:00 - 09.03.2020 07:00 (CET/CEST)","27","229","412"
"Italy (IT)","09.03.2020 07:00 - 09.03.2020 08:00 (CET/CEST)","113","1","876"
"Italy (IT)","09.03.2020 08:00 - 09.03.2020 09:00 (CET/CEST)","813","1","933"
"Italy (IT)","09.03.2020 09:00 - 09.03.2020 10:00 (CET/CEST)","118","1","896"
"Italy (IT)","09.03.2020 10:00 - 09.03.2020 11:00 (CET/CEST)","33","1","669"
"Italy (IT)","09.03.2020 11:00 - 09.03.2020 12:00 (CET/CEST)","0","30","699"
"Italy (IT)","09.03.2020 12:00 - 09.03.2020 13:00 (CET/CEST)","0","1","408"
"Italy (IT)","09.03.2020 13:00 - 09.03.2020 14:00 (CET/CEST)","0","30","400"
"Italy (IT)","09.03.2020 14:00 - 09.03.2020 15:00 (CET/CEST)","0","30","742"
"Italy (IT)","09.03.2020 15:00 - 09.03.2020 16:00 (CET/CEST)","108","1","1030"
"Italy (IT)","09.03.2020 16:00 - 09.03.2020 17:00 (CET/CEST)","152","","1169"
"Italy (IT)","09.03.2020 17:00 - 09.03.2020 18:00 (CET/CEST)","693","","1098"
"Italy (IT)","09.03.2020 18:00 - 09.03.2020 19:00 (CET/CEST)","1996","","1134"
"Italy (IT)","09.03.2020 19:00 - 09.03.2020 20:00 (CET/CEST)","2167","","1208"
"Italy (IT)","09.03.2020 20:00 - 09.03.2020 21:00 (CET/CEST)","1289","","1008"
"Italy (IT)","09.03.2020 21:00 - 09.03.2020 22:00 (CET/CEST)","446","","674"
"Italy (IT)","09.03.2020 22:00 - 09.03.2020 23:00 (CET/CEST)","429","","416"
"Italy (IT)","09.03.2020 23:00 - 10.03.2020 00:00 (CET/CEST)","202","556","288"
"Italy (IT)","10.03.2020 00:00 - 10.03.2020 01:00 (CET/CEST)","249","723","90"
"Italy (IT)","10.03.2020 01:00 - 10.03.2020 02:00 (CET/CEST)","323","777","87"
"Italy (IT)","10.03.2020 02:00 - 10.03.2020 03:00 (CET/CEST)","","1247","117"
"Italy (IT)","10.03.2020 03:00 - 10.03.2020 04:00 (CET/CEST)","","1697","64"
"Italy (IT)","10.03.2020 04:00 - 10.03.2020 05:00 (CET/CEST)","","1544","72"
"Italy (IT)","10.03.2020 05:00 - 10.03.2020 06:00 (CET/CEST)","0","897","122"
"Italy (IT)","10.03.2020 06:00 - 10.03.2020 07:00 (CET/CEST)","0","170","417"
"Italy (IT)","10.03.2020 07:00 - 10.03.2020 08:00 (CET/CEST)","0","2","547"
"Italy (IT)","10.03.2020 08:00 - 10.03.2020 09:00 (CET/CEST)","34","1","780"
"Italy (IT)","10.03.2020 09:00 - 10.03.2020 10:00 (CET/CEST)","410","","517"
"Italy (IT)","10.03.2020 10:00 - 10.03.2020 11:00 (CET/CEST)","412","","375"
"Italy (IT)","10.03.2020 11:00 - 10.03.2020 12:00 (CET/CEST)","220","","285"
"Italy (IT)","10.03.2020 12:00 - 10.03.2020 13:00 (CET/CEST)","76","395","240"
"Italy (IT)","10.03.2020 13:00 - 10.03.2020 14:00 (CET/CEST)","0","395","228"
"Italy (IT)","10.03.2020 14:00 - 10.03.2020 15:00 (CET/CEST)","0","2","231"
"Italy (IT)","10.03.2020 15:00 - 10.03.2020 16:00 (CET/CEST)","0","4","359"
"Italy (IT)","10.03.2020 16:00 - 10.03.2020 17:00 (CET/CEST)","0","6","808"
"Italy (IT)","10.03.2020 17:00 - 10.03.2020 18:00 (CET/CEST)","302","1","870"
"Italy (IT)","10.03.2020 18:00 - 10.03.2020 19:00 (CET/CEST)","1685","1","958"
"Italy (IT)","10.03.2020 19:00 - 10.03.2020 20:00 (CET/CEST)","943","","1304"
"Italy (IT)","10.03.2020 20:00 - 10.03.2020 21:00 (CET/CEST)","328","","1124"
"Italy (IT)","10.03.2020 21:00 - 10.03.2020 22:00 (CET/CEST)","91","1","869"
"Italy (IT)","10.03.2020 22:00 - 10.03.2020 23:00 (CET/CEST)","58","105","490"
"Italy (IT)","10.03.2020 23:00 - 11.03.2020 00:00 (CET/CEST)","160","793","294"
"Italy (IT)","11.03.2020 00:00 - 11.03.2020 01:00 (CET/CEST)","162","508","122"
"Italy (IT)","11.03.2020 01:00 - 11.03.2020 02:00 (CET/CEST)","0","609","99"
"Italy (IT)","11.03.2020 02:00 - 11.03.2020 03:00 (CET/CEST)","0","715","99"
"Italy (IT)","11.03.2020 03:00 - 11.03.2020 04:00 (CET/CEST)","0","714","100"
"Italy (IT)","11.03.2020 04:00 - 11.03.2020 05:00 (CET/CEST)","0","699","103"
"Italy (IT)","11.03.2020 05:00 - 11.03.2020 06:00 (CET/CEST)","0","701","127"
"Italy (IT)","11.03.2020 06:00 - 11.03.2020 07:00 (CET/CEST)","13","252","604"
"Italy (IT)","11.03.2020 07:00 - 11.03.2020 08:00 (CET/CEST)","32","252","801"
"Italy (IT)","11.03.2020 08:00 - 11.03.2020 09:00 (CET/CEST)","34","77","831"
"Italy (IT)","11.03.2020 09:00 - 11.03.2020 10:00 (CET/CEST)","89","2","487"
"Italy (IT)","11.03.2020 10:00 - 11.03.2020 11:00 (CET/CEST)","0","258","315"
"Italy (IT)","11.03.2020 11:00 - 11.03.2020 12:00 (CET/CEST)","0","645","359"
"Italy (IT)","11.03.2020 12:00 - 11.03.2020 13:00 (CET/CEST)","","740","251"
"Italy (IT)","11.03.2020 13:00 - 11.03.2020 14:00 (CET/CEST)","","857","236"
"Italy (IT)","11.03.2020 14:00 - 11.03.2020 15:00 (CET/CEST)","","820","259"
"Italy (IT)","11.03.2020 15:00 - 11.03.2020 16:00 (CET/CEST)","","171","362"
"Italy (IT)","11.03.2020 16:00 - 11.03.2020 17:00 (CET/CEST)","0","35","507"
"Italy (IT)","11.03.2020 17:00 - 11.03.2020 18:00 (CET/CEST)","49","1","958"
"Italy (IT)","11.03.2020 18:00 - 11.03.2020 19:00 (CET/CEST)","1250","","1030"
"Italy (IT)","11.03.2020 19:00 - 11.03.2020 20:00 (CET/CEST)","1988","","1187"
"Italy (IT)","11.03.2020 20:00 - 11.03.2020 21:00 (CET/CEST)","947","","927"
"Italy (IT)","11.03.2020 21:00 - 11.03.2020 22:00 (CET/CEST)","603","","726"
"Italy (IT)","11.03.2020 22:00 - 11.03.2020 23:00 (CET/CEST)","254","","297"
"Italy (IT)","11.03.2020 23:00 - 12.03.2020 00:00 (CET/CEST)","0","498","231"
"Italy (IT)","12.03.2020 00:00 - 12.03.2020 01:00 (CET/CEST)","0","14","116"
"Italy (IT)","12.03.2020 01:00 - 12.03.2020 02:00 (CET/CEST)","165","110","70"
"Italy (IT)","12.03.2020 02:00 - 12.03.2020 03:00 (CET/CEST)","19","143","70"
"Italy (IT)","12.03.2020 03:00 - 12.03.2020 04:00 (CET/CEST)","0","390","56"
"Italy (IT)","12.03.2020 04:00 - 12.03.2020 05:00 (CET/CEST)","0","390","56"
"Italy (IT)","12.03.2020 05:00 - 12.03.2020 06:00 (CET/CEST)","0","355","92"
"Italy (IT)","12.03.2020 06:00 - 12.03.2020 07:00 (CET/CEST)","32","76","447"
"Italy (IT)","12.03.2020 07:00 - 12.03.2020 08:00 (CET/CEST)","37","","749"
"Italy (IT)","12.03.2020 08:00 - 12.03.2020 09:00 (CET/CEST)","234","1","811"
"Italy (IT)","12.03.2020 09:00 - 12.03.2020 10:00 (CET/CEST)","32","1","635"
"Italy (IT)","12.03.2020 10:00 - 12.03.2020 11:00 (CET/CEST)","69","1","282"
"Italy (IT)","12.03.2020 11:00 - 12.03.2020 12:00 (CET/CEST)","98","115","261"
"Italy (IT)","12.03.2020 12:00 - 12.03.2020 13:00 (CET/CEST)","0","194","236"
"Italy (IT)","12.03.2020 13:00 - 12.03.2020 14:00 (CET/CEST)","0","258","195"
"Italy (IT)","12.03.2020 14:00 - 12.03.2020 15:00 (CET/CEST)","0","12","257"
"Italy (IT)","12.03.2020 15:00 - 12.03.2020 16:00 (CET/CEST)","112","1","295"
"Italy (IT)","12.03.2020 16:00 - 12.03.2020 17:00 (CET/CEST)","914","1","506"
"Italy (IT)","12.03.2020 17:00 - 12.03.2020 18:00 (CET/CEST)","928","1","726"
"Italy (IT)","12.03.2020 18:00 - 12.03.2020 19:00 (CET/CEST)","1719","1","1024"
"Italy (IT)","12.03.2020 19:00 - 12.03.2020 20:00 (CET/CEST)","2109","1","1041"
"Italy (IT)","12.03.2020 20:00 - 12.03.2020 21:00 (CET/CEST)","1210","1","798"
"Italy (IT)","12.03.2020 21:00 - 12.03.2020 22:00 (CET/CEST)","866","1","501"
"Italy (IT)","12.03.2020 22:00 - 12.03.2020 23:00 (CET/CEST)","773","1","205"
"Italy (IT)","12.03.2020 23:00 - 13.03.2020 00:00 (CET/CEST)","0","428","154"
"Italy (IT)","13.03.2020 00:00 - 13.03.2020 01:00 (CET/CEST)","0","181","58"
"Italy (IT)","13.03.2020 01:00 - 13.03.2020 02:00 (CET/CEST)","","45","58"
"Italy (IT)","13.03.2020 02:00 - 13.03.2020 03:00 (CET/CEST)","","503","58"
"Italy (IT)","13.03.2020 03:00 - 13.03.2020 04:00 (CET/CEST)","","948","58"
"Italy (IT)","13.03.2020 04:00 - 13.03.2020 05:00 (CET/CEST)","","1066","59"
"Italy (IT)","13.03.2020 05:00 - 13.03.2020 06:00 (CET/CEST)","","499","160"
"Italy (IT)","13.03.2020 06:00 - 13.03.2020 07:00 (CET/CEST)","231","29","581"
"Italy (IT)","13.03.2020 07:00 - 13.03.2020 08:00 (CET/CEST)","710","","747"
"Italy (IT)","13.03.2020 08:00 - 13.03.2020 09:00 (CET/CEST)","1242","","790"
"Italy (IT)","13.03.2020 09:00 - 13.03.2020 10:00 (CET/CEST)","1264","","554"
"Italy (IT)","13.03.2020 10:00 - 13.03.2020 11:00 (CET/CEST)","1137","5","395"
"Italy (IT)","13.03.2020 11:00 - 13.03.2020 12:00 (CET/CEST)","212","104","341"
"Italy (IT)","13.03.2020 12:00 - 13.03.2020 13:00 (CET/CEST)","0","61","309"
"Italy (IT)","13.03.2020 13:00 - 13.03.2020 14:00 (CET/CEST)","0","118","294"
"Italy (IT)","13.03.2020 14:00 - 13.03.2020 15:00 (CET/CEST)","282","1","295"
"Italy (IT)","13.03.2020 15:00 - 13.03.2020 16:00 (CET/CEST)","450","135","344"
"Italy (IT)","13.03.2020 16:00 - 13.03.2020 17:00 (CET/CEST)","414","2","565"
"Italy (IT)","13.03.2020 17:00 - 13.03.2020 18:00 (CET/CEST)","355","","753"
"Italy (IT)","13.03.2020 18:00 - 13.03.2020 19:00 (CET/CEST)","1018","","908"
"Italy (IT)","13.03.2020 19:00 - 13.03.2020 20:00 (CET/CEST)","1462","","1387"
"Italy (IT)","13.03.2020 20:00 - 13.03.2020 21:00 (CET/CEST)","1175","","765"
"Italy (IT)","13.03.2020 21:00 - 13.03.2020 22:00 (CET/CEST)","436","","504"
"Italy (IT)","13.03.2020 22:00 - 13.03.2020 23:00 (CET/CEST)","388","","333"
"Italy (IT)","13.03.2020 23:00 - 14.03.2020 00:00 (CET/CEST)","160","245","313"
"Italy (IT)","14.03.2020 00:00 - 14.03.2020 01:00 (CET/CEST)","141","55","161"
"Italy (IT)","14.03.2020 01:00 - 14.03.2020 02:00 (CET/CEST)","107","252","69"
"Italy (IT)","14.03.2020 02:00 - 14.03.2020 03:00 (CET/CEST)","0","278","68"
"Italy (IT)","14.03.2020 03:00 - 14.03.2020 04:00 (CET/CEST)","0","502","69"
"Italy (IT)","14.03.2020 04:00 - 14.03.2020 05:00 (CET/CEST)","0","528","85"
"Italy (IT)","14.03.2020 05:00 - 14.03.2020 06:00 (CET/CEST)","0","432","79"
"Italy (IT)","14.03.2020 06:00 - 14.03.2020 07:00 (CET/CEST)","0","243","114"
"Italy (IT)","14.03.2020 07:00 - 14.03.2020 08:00 (CET/CEST)","0","277","280"
"Italy (IT)","14.03.2020 08:00 - 14.03.2020 09:00 (CET/CEST)","248","","360"
"Italy (IT)","14.03.2020 09:00 - 14.03.2020 10:00 (CET/CEST)","499","","353"
"Italy (IT)","14.03.2020 10:00 - 14.03.2020 11:00 (CET/CEST)","647","","368"
"Italy (IT)","14.03.2020 11:00 - 14.03.2020 12:00 (CET/CEST)","1095","","540"
"Italy (IT)","14.03.2020 12:00 - 14.03.2020 13:00 (CET/CEST)","1300","","354"
"Italy (IT)","14.03.2020 13:00 - 14.03.2020 14:00 (CET/CEST)","1166","","238"
"Italy (IT)","14.03.2020 14:00 - 14.03.2020 15:00 (CET/CEST)","931","71","320"
"Italy (IT)","14.03.2020 15:00 - 14.03.2020 16:00 (CET/CEST)","692","554","469"
"Italy (IT)","14.03.2020 16:00 - 14.03.2020 17:00 (CET/CEST)","118","461","531"
"Italy (IT)","14.03.2020 17:00 - 14.03.2020 18:00 (CET/CEST)","90","47","509"
"Italy (IT)","14.03.2020 18:00 - 14.03.2020 19:00 (CET/CEST)","525","","530"
"Italy (IT)","14.03.2020 19:00 - 14.03.2020 20:00 (CET/CEST)","1084","","751"
"Italy (IT)","14.03.2020 20:00 - 14.03.2020 21:00 (CET/CEST)","649","","430"
"Italy (IT)","14.03.2020 21:00 - 14.03.2020 22:00 (CET/CEST)","364","","297"
"Italy (IT)","14.03.2020 22:00 - 14.03.2020 23:00 (CET/CEST)","324","","205"
"Italy (IT)","14.03.2020 23:00 - 15.03.2020 00:00 (CET/CEST)","160","26","105"
"Italy (IT)","15.03.2020 00:00 - 15.03.2020 01:00 (CET/CEST)","275","110","58"
"Italy (IT)","15.03.2020 01:00 - 15.03.2020 02:00 (CET/CEST)","51","424","62"
"Italy (IT)","15.03.2020 02:00 - 15.03.2020 03:00 (CET/CEST)","0","1272","65"
"Italy (IT)","15.03.2020 03:00 - 15.03.2020 04:00 (CET/CEST)","0","2080","65"
"Italy (IT)","15.03.2020 04:00 - 15.03.2020 05:00 (CET/CEST)","0","2499","66"
"Italy (IT)","15.03.2020 05:00 - 15.03.2020 06:00 (CET/CEST)","0","1241","80"
"Italy (IT)","15.03.2020 06:00 - 15.03.2020 07:00 (CET/CEST)","0","961","95"
"Italy (IT)","15.03.2020 07:00 - 15.03.2020 08:00 (CET/CEST)","0","799","103"
"Italy (IT)","15.03.2020 08:00 - 15.03.2020 09:00 (CET/CEST)","0","1403","175"
"Italy (IT)","15.03.2020 09:00 - 15.03.2020 10:00 (CET/CEST)","","1501","197"
"Italy (IT)","15.03.2020 10:00 - 15.03.2020 11:00 (CET/CEST)","0","887","198"
"Italy (IT)","15.03.2020 11:00 - 15.03.2020 12:00 (CET/CEST)","121","300","182"
"Italy (IT)","15.03.2020 12:00 - 15.03.2020 13:00 (CET/CEST)","440","215","336"
"Italy (IT)","15.03.2020 13:00 - 15.03.2020 14:00 (CET/CEST)","173","277","200"
"Italy (IT)","15.03.2020 14:00 - 15.03.2020 15:00 (CET/CEST)","134","373","153"
"Italy (IT)","15.03.2020 15:00 - 15.03.2020 16:00 (CET/CEST)","199","293","155"
"Italy (IT)","15.03.2020 16:00 - 15.03.2020 17:00 (CET/CEST)","271","76","421"
"Italy (IT)","15.03.2020 17:00 - 15.03.2020 18:00 (CET/CEST)","177","133","418"
"Italy (IT)","15.03.2020 18:00 - 15.03.2020 19:00 (CET/CEST)","388","","645"
"Italy (IT)","15.03.2020 19:00 - 15.03.2020 20:00 (CET/CEST)","895","","821"
"Italy (IT)","15.03.2020 20:00 - 15.03.2020 21:00 (CET/CEST)","426","","438"
"Italy (IT)","15.03.2020 21:00 - 15.03.2020 22:00 (CET/CEST)","91","77","227"
"Italy (IT)","15.03.2020 22:00 - 15.03.2020 23:00 (CET/CEST)","91","158","117"
"Italy (IT)","15.03.2020 23:00 - 16.03.2020 00:00 (CET/CEST)","53","164","111"
"Italy (IT)","16.03.2020 00:00 - 16.03.2020 01:00 (CET/CEST)","177","117","157"
"Italy (IT)","16.03.2020 01:00 - 16.03.2020 02:00 (CET/CEST)","","579","75"
"Italy (IT)","16.03.2020 02:00 - 16.03.2020 03:00 (CET/CEST)","","727","74"
"Italy (IT)","16.03.2020 03:00 - 16.03.2020 04:00 (CET/CEST)","","797","70"
"Italy (IT)","16.03.2020 04:00 - 16.03.2020 05:00 (CET/CEST)","","676","70"
"Italy (IT)","16.03.2020 05:00 - 16.03.2020 06:00 (CET/CEST)","0","563","96"
"Italy (IT)","16.03.2020 06:00 - 16.03.2020 07:00 (CET/CEST)","0","370","369"
"Italy (IT)","16.03.2020 07:00 - 16.03.2020 08:00 (CET/CEST)","77","180","653"
"Italy (IT)","16.03.2020 08:00 - 16.03.2020 09:00 (CET/CEST)","71","6","595"
"Italy (IT)","16.03.2020 09:00 - 16.03.2020 10:00 (CET/CEST)","0","237","418"
"Italy (IT)","16.03.2020 10:00 - 16.03.2020 11:00 (CET/CEST)","0","349","354"
"Italy (IT)","16.03.2020 11:00 - 16.03.2020 12:00 (CET/CEST)","0","388","299"
"Italy (IT)","16.03.2020 12:00 - 16.03.2020 13:00 (CET/CEST)","0","467","272"
"Italy (IT)","16.03.2020 13:00 - 16.03.2020 14:00 (CET/CEST)","0","620","269"
"Italy (IT)","16.03.2020 14:00 - 16.03.2020 15:00 (CET/CEST)","0","568","292"
"Italy (IT)","16.03.2020 15:00 - 16.03.2020 16:00 (CET/CEST)","71","411","335"
"Italy (IT)","16.03.2020 16:00 - 16.03.2020 17:00 (CET/CEST)","71","179","568"
"Italy (IT)","16.03.2020 17:00 - 16.03.2020 18:00 (CET/CEST)","282","","1035"
"Italy (IT)","16.03.2020 18:00 - 16.03.2020 19:00 (CET/CEST)","1474","","1314"
"Italy (IT)","16.03.2020 19:00 - 16.03.2020 20:00 (CET/CEST)","2990","","1436"
"Italy (IT)","16.03.2020 20:00 - 16.03.2020 21:00 (CET/CEST)","715","","1143"
"Italy (IT)","16.03.2020 21:00 - 16.03.2020 22:00 (CET/CEST)","1003","","976"
"Italy (IT)","16.03.2020 22:00 - 16.03.2020 23:00 (CET/CEST)","950","","537"
"Italy (IT)","16.03.2020 23:00 - 17.03.2020 00:00 (CET/CEST)","543","","386"
"Italy (IT)","17.03.2020 00:00 - 17.03.2020 01:00 (CET/CEST)","88","205","53"
"Italy (IT)","17.03.2020 01:00 - 17.03.2020 02:00 (CET/CEST)","0","831","51"
"Italy (IT)","17.03.2020 02:00 - 17.03.2020 03:00 (CET/CEST)","0","954","51"
"Italy (IT)","17.03.2020 03:00 - 17.03.2020 04:00 (CET/CEST)","0","953","50"
"Italy (IT)","17.03.2020 04:00 - 17.03.2020 05:00 (CET/CEST)","0","922","51"
"Italy (IT)","17.03.2020 05:00 - 17.03.2020 06:00 (CET/CEST)","0","652","106"
"Italy (IT)","17.03.2020 06:00 - 17.03.2020 07:00 (CET/CEST)","78","503","241"
"Italy (IT)","17.03.2020 07:00 - 17.03.2020 08:00 (CET/CEST)","82","298","417"
"Italy (IT)","17.03.2020 08:00 - 17.03.2020 09:00 (CET/CEST)","84","330","466"
"Italy (IT)","17.03.2020 09:00 - 17.03.2020 10:00 (CET/CEST)","0","174","415"
"Italy (IT)","17.03.2020 10:00 - 17.03.2020 11:00 (CET/CEST)","0","184","318"
"Italy (IT)","17.03.2020 11:00 - 17.03.2020 12:00 (CET/CEST)","55","215","318"
"Italy (IT)","17.03.2020 12:00 - 17.03.2020 13:00 (CET/CEST)","53","230","292"
"Italy (IT)","17.03.2020 13:00 - 17.03.2020 14:00 (CET/CEST)","176","340","292"
"Italy (IT)","17.03.2020 14:00 - 17.03.2020 15:00 (CET/CEST)","215","864","295"
"Italy (IT)","17.03.2020 15:00 - 17.03.2020 16:00 (CET/CEST)","172","322","414"
"Italy (IT)","17.03.2020 16:00 - 17.03.2020 17:00 (CET/CEST)","295","155","651"
"Italy (IT)","17.03.2020 17:00 - 17.03.2020 18:00 (CET/CEST)","598","84","946"
"Italy (IT)","17.03.2020 18:00 - 17.03.2020 19:00 (CET/CEST)","749","","1019"
"Italy (IT)","17.03.2020 19:00 - 17.03.2020 20:00 (CET/CEST)","1752","","1097"
"Italy (IT)","17.03.2020 20:00 - 17.03.2020 21:00 (CET/CEST)","1448","","727"
"Italy (IT)","17.03.2020 21:00 - 17.03.2020 22:00 (CET/CEST)","1154","","491"
"Italy (IT)","17.03.2020 22:00 - 17.03.2020 23:00 (CET/CEST)","412","94","390"
"Italy (IT)","17.03.2020 23:00 - 18.03.2020 00:00 (CET/CEST)","130","248","285"
"Italy (IT)","18.03.2020 00:00 - 18.03.2020 01:00 (CET/CEST)","48","674","65"
"Italy (IT)","18.03.2020 01:00 - 18.03.2020 02:00 (CET/CEST)","28","789","64"
"Italy (IT)","18.03.2020 02:00 - 18.03.2020 03:00 (CET/CEST)","0","992","64"
"Italy (IT)","18.03.2020 03:00 - 18.03.2020 04:00 (CET/CEST)","0","1004","67"
"Italy (IT)","18.03.2020 04:00 - 18.03.2020 05:00 (CET/CEST)","","1097","85"
"Italy (IT)","18.03.2020 05:00 - 18.03.2020 06:00 (CET/CEST)","","790","155"
"Italy (IT)","18.03.2020 06:00 - 18.03.2020 07:00 (CET/CEST)","104","468","348"
"Italy (IT)","18.03.2020 07:00 - 18.03.2020 08:00 (CET/CEST)","299","72","412"
"Italy (IT)","18.03.2020 08:00 - 18.03.2020 09:00 (CET/CEST)","184","","427"
"Italy (IT)","18.03.2020 09:00 - 18.03.2020 10:00 (CET/CEST)","0","184","371"
"Italy (IT)","18.03.2020 10:00 - 18.03.2020 11:00 (CET/CEST)","0","757","353"
"Italy (IT)","18.03.2020 11:00 - 18.03.2020 12:00 (CET/CEST)","0","550","338"
"Italy (IT)","18.03.2020 12:00 - 18.03.2020 13:00 (CET/CEST)","0","293","338"
"Italy (IT)","18.03.2020 13:00 - 18.03.2020 14:00 (CET/CEST)","0","292","319"
"Italy (IT)","18.03.2020 14:00 - 18.03.2020 15:00 (CET/CEST)","146","291","267"
"Italy (IT)","18.03.2020 15:00 - 18.03.2020 16:00 (CET/CEST)","161","157","338"
"Italy (IT)","18.03.2020 16:00 - 18.03.2020 17:00 (CET/CEST)","215","101","402"
"Italy (IT)","18.03.2020 17:00 - 18.03.2020 18:00 (CET/CEST)","132","","679"
"Italy (IT)","18.03.2020 18:00 - 18.03.2020 19:00 (CET/CEST)","398","","907"
"Italy (IT)","18.03.2020 19:00 - 18.03.2020 20:00 (CET/CEST)","955","","1073"
"Italy (IT)","18.03.2020 20:00 - 18.03.2020 21:00 (CET/CEST)","678","","891"
"Italy (IT)","18.03.2020 21:00 - 18.03.2020 22:00 (CET/CEST)","355","","670"
"Italy (IT)","18.03.2020 22:00 - 18.03.2020 23:00 (CET/CEST)","215","","443"
"Italy (IT)","18.03.2020 23:00 - 19.03.2020 00:00 (CET/CEST)","120","","366"
"Italy (IT)","19.03.2020 00:00 - 19.03.2020 01:00 (CET/CEST)","234","152","100"
"Italy (IT)","19.03.2020 01:00 - 19.03.2020 02:00 (CET/CEST)","242","181","47"
"Italy (IT)","19.03.2020 02:00 - 19.03.2020 03:00 (CET/CEST)","160","231","49"
"Italy (IT)","19.03.2020 03:00 - 19.03.2020 04:00 (CET/CEST)","82","340","57"
"Italy (IT)","19.03.2020 04:00 - 19.03.2020 05:00 (CET/CEST)","39","548","80"
"Italy (IT)","19.03.2020 05:00 - 19.03.2020 06:00 (CET/CEST)","81","557","176"
"Italy (IT)","19.03.2020 06:00 - 19.03.2020 07:00 (CET/CEST)","82","482","403"
"Italy (IT)","19.03.2020 07:00 - 19.03.2020 08:00 (CET/CEST)","82","420","471"
"Italy (IT)","19.03.2020 08:00 - 19.03.2020 09:00 (CET/CEST)","82","213","549"
"Italy (IT)","19.03.2020 09:00 - 19.03.2020 10:00 (CET/CEST)","215","1","405"
"Italy (IT)","19.03.2020 10:00 - 19.03.2020 11:00 (CET/CEST)","90","20","296"
"Italy (IT)","19.03.2020 11:00 - 19.03.2020 12:00 (CET/CEST)","13","132","296"
"Italy (IT)","19.03.2020 12:00 - 19.03.2020 13:00 (CET/CEST)","0","140","246"
"Italy (IT)","19.03.2020 13:00 - 19.03.2020 14:00 (CET/CEST)","0","64","246"
"Italy (IT)","19.03.2020 14:00 - 19.03.2020 15:00 (CET/CEST)","50","28","295"
"Italy (IT)","19.03.2020 15:00 - 19.03.2020 16:00 (CET/CEST)","218","150","392"
"Italy (IT)","19.03.2020 16:00 - 19.03.2020 17:00 (CET/CEST)","386","116","589"
"Italy (IT)","19.03.2020 17:00 - 19.03.2020 18:00 (CET/CEST)","454","","811"
"Italy (IT)","19.03.2020 18:00 - 19.03.2020 19:00 (CET/CEST)","787","","1076"
"Italy (IT)","19.03.2020 19:00 - 19.03.2020 20:00 (CET/CEST)","1039","","1370"
"Italy (IT)","19.03.2020 20:00 - 19.03.2020 21:00 (CET/CEST)","791","","1026"
"Italy (IT)","19.03.2020 21:00 - 19.03.2020 22:00 (CET/CEST)","620","","720"
"Italy (IT)","19.03.2020 22:00 - 19.03.2020 23:00 (CET/CEST)","595","","458"
"Italy (IT)","19.03.2020 23:00 - 20.03.2020 00:00 (CET/CEST)","442","81","291"
"Italy (IT)","20.03.2020 00:00 - 20.03.2020 01:00 (CET/CEST)","303","232","130"
"Italy (IT)","20.03.2020 01:00 - 20.03.2020 02:00 (CET/CEST)","","593","67"
"Italy (IT)","20.03.2020 02:00 - 20.03.2020 03:00 (CET/CEST)","0","852","92"
"Italy (IT)","20.03.2020 03:00 - 20.03.2020 04:00 (CET/CEST)","0","883","119"
"Italy (IT)","20.03.2020 04:00 - 20.03.2020 05:00 (CET/CEST)","0","850","245"
"Italy (IT)","20.03.2020 05:00 - 20.03.2020 06:00 (CET/CEST)","0","754","304"
"Italy (IT)","20.03.2020 06:00 - 20.03.2020 07:00 (CET/CEST)","107","668","502"
"Italy (IT)","20.03.2020 07:00 - 20.03.2020 08:00 (CET/CEST)","80","662","694"
"Italy (IT)","20.03.2020 08:00 - 20.03.2020 09:00 (CET/CEST)","228","87","521"
"Italy (IT)","20.03.2020 09:00 - 20.03.2020 10:00 (CET/CEST)","282","","444"
"Italy (IT)","20.03.2020 10:00 - 20.03.2020 11:00 (CET/CEST)","192","3","428"
"Italy (IT)","20.03.2020 11:00 - 20.03.2020 12:00 (CET/CEST)","162","12","359"
"Italy (IT)","20.03.2020 12:00 - 20.03.2020 13:00 (CET/CEST)","161","168","233"
"Italy (IT)","20.03.2020 13:00 - 20.03.2020 14:00 (CET/CEST)","162","34","235"
"Italy (IT)","20.03.2020 14:00 - 20.03.2020 15:00 (CET/CEST)","161","32","287"
"Italy (IT)","20.03.2020 15:00 - 20.03.2020 16:00 (CET/CEST)","17","107","420"
"Italy (IT)","20.03.2020 16:00 - 20.03.2020 17:00 (CET/CEST)","79","254","507"
"Italy (IT)","20.03.2020 17:00 - 20.03.2020 18:00 (CET/CEST)","172","231","605"
"Italy (IT)","20.03.2020 18:00 - 20.03.2020 19:00 (CET/CEST)","1046","","1017"
"Italy (IT)","20.03.2020 19:00 - 20.03.2020 20:00 (CET/CEST)","1262","","1358"
"Italy (IT)","20.03.2020 20:00 - 20.03.2020 21:00 (CET/CEST)","1024","","1025"
"Italy (IT)","20.03.2020 21:00 - 20.03.2020 22:00 (CET/CEST)","728","","695"
"Italy (IT)","20.03.2020 22:00 - 20.03.2020 23:00 (CET/CEST)","290","61","444"
"Italy (IT)","20.03.2020 23:00 - 21.03.2020 00:00 (CET/CEST)","172","109","247"
"Italy (IT)","21.03.2020 00:00 - 21.03.2020 01:00 (CET/CEST)","82","275","161"
"Italy (IT)","21.03.2020 01:00 - 21.03.2020 02:00 (CET/CEST)","","400","70"
"Italy (IT)","21.03.2020 02:00 - 21.03.2020 03:00 (CET/CEST)","","566","45"
"Italy (IT)","21.03.2020 03:00 - 21.03.2020 04:00 (CET/CEST)","0","1234","52"
"Italy (IT)","21.03.2020 04:00 - 21.03.2020 05:00 (CET/CEST)","0","1406","52"
"Italy (IT)","21.03.2020 05:00 - 21.03.2020 06:00 (CET/CEST)","0","1285","53"
"Italy (IT)","21.03.2020 06:00 - 21.03.2020 07:00 (CET/CEST)","0","1272","68"
"Italy (IT)","21.03.2020 07:00 - 21.03.2020 08:00 (CET/CEST)","62","1258","117"
"Italy (IT)","21.03.2020 08:00 - 21.03.2020 09:00 (CET/CEST)","75","1573","194"
"Italy (IT)","21.03.2020 09:00 - 21.03.2020 10:00 (CET/CEST)","101","1429","179"
"Italy (IT)","21.03.2020 10:00 - 21.03.2020 11:00 (CET/CEST)","52","860","168"
"Italy (IT)","21.03.2020 11:00 - 21.03.2020 12:00 (CET/CEST)","50","654","114"
"Italy (IT)","21.03.2020 12:00 - 21.03.2020 13:00 (CET/CEST)","371","573","110"
"Italy (IT)","21.03.2020 13:00 - 21.03.2020 14:00 (CET/CEST)","576","668","110"
"Italy (IT)","21.03.2020 14:00 - 21.03.2020 15:00 (CET/CEST)","517","669","112"
"Italy (IT)","21.03.2020 15:00 - 21.03.2020 16:00 (CET/CEST)","319","278","114"
"Italy (IT)","21.03.2020 16:00 - 21.03.2020 17:00 (CET/CEST)","16","12","119"
"Italy (IT)","21.03.2020 17:00 - 21.03.2020 18:00 (CET/CEST)","376","39","486"
"Italy (IT)","21.03.2020 18:00 - 21.03.2020 19:00 (CET/CEST)","1106","","681"
"Italy (IT)","21.03.2020 19:00 - 21.03.2020 20:00 (CET/CEST)","2704","","1111"
"Italy (IT)","21.03.2020 20:00 - 21.03.2020 21:00 (CET/CEST)","2072","","739"
"Italy (IT)","21.03.2020 21:00 - 21.03.2020 22:00 (CET/CEST)","1350","","384"
"Italy (IT)","21.03.2020 22:00 - 21.03.2020 23:00 (CET/CEST)","635","","128"
"Italy (IT)","21.03.2020 23:00 - 22.03.2020 00:00 (CET/CEST)","0","43","124"
"Italy (IT)","22.03.2020 00:00 - 22.03.2020 01:00 (CET/CEST)","32","81","92"
"Italy (IT)","22.03.2020 01:00 - 22.03.2020 02:00 (CET/CEST)","","435","84"
"Italy (IT)","22.03.2020 02:00 - 22.03.2020 03:00 (CET/CEST)","","904","87"
"Italy (IT)","22.03.2020 03:00 - 22.03.2020 04:00 (CET/CEST)","","1027","87"
"Italy (IT)","22.03.2020 04:00 - 22.03.2020 05:00 (CET/CEST)","","827","104"
"Italy (IT)","22.03.2020 05:00 - 22.03.2020 06:00 (CET/CEST)","","681","103"
"Italy (IT)","22.03.2020 06:00 - 22.03.2020 07:00 (CET/CEST)","","1371","114"
"Italy (IT)","22.03.2020 07:00 - 22.03.2020 08:00 (CET/CEST)","","1735","109"
"Italy (IT)","22.03.2020 08:00 - 22.03.2020 09:00 (CET/CEST)","","2018","136"
"Italy (IT)","22.03.2020 09:00 - 22.03.2020 10:00 (CET/CEST)","","1762","113"
"Italy (IT)","22.03.2020 10:00 - 22.03.2020 11:00 (CET/CEST)","0","1303","220"
"Italy (IT)","22.03.2020 11:00 - 22.03.2020 12:00 (CET/CEST)","0","863","438"
"Italy (IT)","22.03.2020 12:00 - 22.03.2020 13:00 (CET/CEST)","367","","633"
"Italy (IT)","22.03.2020 13:00 - 22.03.2020 14:00 (CET/CEST)","722","","286"
"Italy (IT)","22.03.2020 14:00 - 22.03.2020 15:00 (CET/CEST)","683","","189"
"Italy (IT)","22.03.2020 15:00 - 22.03.2020 16:00 (CET/CEST)","181","","167"
"Italy (IT)","22.03.2020 16:00 - 22.03.2020 17:00 (CET/CEST)","177","106","102"
"Italy (IT)","22.03.2020 17:00 - 22.03.2020 18:00 (CET/CEST)","280","122","453"
"Italy (IT)","22.03.2020 18:00 - 22.03.2020 19:00 (CET/CEST)","935","22","793"
"Italy (IT)","22.03.2020 19:00 - 22.03.2020 20:00 (CET/CEST)","1662","","651"
"Italy (IT)","22.03.2020 20:00 - 22.03.2020 21:00 (CET/CEST)","1593","","579"
"Italy (IT)","22.03.2020 21:00 - 22.03.2020 22:00 (CET/CEST)","1246","","315"
"Italy (IT)","22.03.2020 22:00 - 22.03.2020 23:00 (CET/CEST)","676","","169"
"Italy (IT)","22.03.2020 23:00 - 23.03.2020 00:00 (CET/CEST)","2","305","89"
"Italy (IT)","23.03.2020 00:00 - 23.03.2020 01:00 (CET/CEST)","","865","98"
"Italy (IT)","23.03.2020 01:00 - 23.03.2020 02:00 (CET/CEST)","","1294","100"
"Italy (IT)","23.03.2020 02:00 - 23.03.2020 03:00 (CET/CEST)","40","1284","98"
"Italy (IT)","23.03.2020 03:00 - 23.03.2020 04:00 (CET/CEST)","0","1433","83"
"Italy (IT)","23.03.2020 04:00 - 23.03.2020 05:00 (CET/CEST)","0","1739","103"
"Italy (IT)","23.03.2020 05:00 - 23.03.2020 06:00 (CET/CEST)","0","1919","108"
"Italy (IT)","23.03.2020 06:00 - 23.03.2020 07:00 (CET/CEST)","0","1838","323"
"Italy (IT)","23.03.2020 07:00 - 23.03.2020 08:00 (CET/CEST)","0","1514","390"
"Italy (IT)","23.03.2020 08:00 - 23.03.2020 09:00 (CET/CEST)","0","1127","417"
"Italy (IT)","23.03.2020 09:00 - 23.03.2020 10:00 (CET/CEST)","0","621","289"
"Italy (IT)","23.03.2020 10:00 - 23.03.2020 11:00 (CET/CEST)","0","653","287"
"Italy (IT)","23.03.2020 11:00 - 23.03.2020 12:00 (CET/CEST)","0","711","254"
"Italy (IT)","23.03.2020 12:00 - 23.03.2020 13:00 (CET/CEST)","0","606","206"
"Italy (IT)","23.03.2020 13:00 - 23.03.2020 14:00 (CET/CEST)","0","374","206"
"Italy (IT)","23.03.2020 14:00 - 23.03.2020 15:00 (CET/CEST)","0","238","206"
"Italy (IT)","23.03.2020 15:00 - 23.03.2020 16:00 (CET/CEST)","44","167","250"
"Italy (IT)","23.03.2020 16:00 - 23.03.2020 17:00 (CET/CEST)","305","137","326"
"Italy (IT)","23.03.2020 17:00 - 23.03.2020 18:00 (CET/CEST)","722","","517"
"Italy (IT)","23.03.2020 18:00 - 23.03.2020 19:00 (CET/CEST)","1313","","744"
"Italy (IT)","23.03.2020 19:00 - 23.03.2020 20:00 (CET/CEST)","1624","","1216"
"Italy (IT)","23.03.2020 20:00 - 23.03.2020 21:00 (CET/CEST)","1081","","706"
"Italy (IT)","23.03.2020 21:00 - 23.03.2020 22:00 (CET/CEST)","866","1","483"
"Italy (IT)","23.03.2020 22:00 - 23.03.2020 23:00 (CET/CEST)","517","1","375"
"Italy (IT)","23.03.2020 23:00 - 24.03.2020 00:00 (CET/CEST)","203","1","318"
"Italy (IT)","24.03.2020 00:00 - 24.03.2020 01:00 (CET/CEST)","4","757","293"
"Italy (IT)","24.03.2020 01:00 - 24.03.2020 02:00 (CET/CEST)","0","1376","148"
"Italy (IT)","24.03.2020 02:00 - 24.03.2020 03:00 (CET/CEST)","0","1454","144"
"Italy (IT)","24.03.2020 03:00 - 24.03.2020 04:00 (CET/CEST)","","1701","141"
"Italy (IT)","24.03.2020 04:00 - 24.03.2020 05:00 (CET/CEST)","","1453","142"
"Italy (IT)","24.03.2020 05:00 - 24.03.2020 06:00 (CET/CEST)","","1016","146"
"Italy (IT)","24.03.2020 06:00 - 24.03.2020 07:00 (CET/CEST)","0","707","252"
"Italy (IT)","24.03.2020 07:00 - 24.03.2020 08:00 (CET/CEST)","0","534","437"
"Italy (IT)","24.03.2020 08:00 - 24.03.2020 09:00 (CET/CEST)","11","121","328"
"Italy (IT)","24.03.2020 09:00 - 24.03.2020 10:00 (CET/CEST)","345","155","268"
"Italy (IT)","24.03.2020 10:00 - 24.03.2020 11:00 (CET/CEST)","50","329","210"
"Italy (IT)","24.03.2020 11:00 - 24.03.2020 12:00 (CET/CEST)","147","353","199"
"Italy (IT)","24.03.2020 12:00 - 24.03.2020 13:00 (CET/CEST)","308","228","160"
"Italy (IT)","24.03.2020 13:00 - 24.03.2020 14:00 (CET/CEST)","310","227","152"
"Italy (IT)","24.03.2020 14:00 - 24.03.2020 15:00 (CET/CEST)","312","227","172"
"Italy (IT)","24.03.2020 15:00 - 24.03.2020 16:00 (CET/CEST)","344","214","373"
"Italy (IT)","24.03.2020 16:00 - 24.03.2020 17:00 (CET/CEST)","242","52","722"
"Italy (IT)","24.03.2020 17:00 - 24.03.2020 18:00 (CET/CEST)","826","1","791"
"Italy (IT)","24.03.2020 18:00 - 24.03.2020 19:00 (CET/CEST)","1072","","820"
"Italy (IT)","24.03.2020 19:00 - 24.03.2020 20:00 (CET/CEST)","2611","","1026"
"Italy (IT)","24.03.2020 20:00 - 24.03.2020 21:00 (CET/CEST)","2233","","724"
"Italy (IT)","24.03.2020 21:00 - 24.03.2020 22:00 (CET/CEST)","998","","620"
"Italy (IT)","24.03.2020 22:00 - 24.03.2020 23:00 (CET/CEST)","194","","581"
"Italy (IT)","24.03.2020 23:00 - 25.03.2020 00:00 (CET/CEST)","252","","466"
"Italy (IT)","25.03.2020 00:00 - 25.03.2020 01:00 (CET/CEST)","256","75","217"
"Italy (IT)","25.03.2020 01:00 - 25.03.2020 02:00 (CET/CEST)","271","943","156"
"Italy (IT)","25.03.2020 02:00 - 25.03.2020 03:00 (CET/CEST)","231","1338","157"
"Italy (IT)","25.03.2020 03:00 - 25.03.2020 04:00 (CET/CEST)","0","1565","179"
"Italy (IT)","25.03.2020 04:00 - 25.03.2020 05:00 (CET/CEST)","0","1813","196"
"Italy (IT)","25.03.2020 05:00 - 25.03.2020 06:00 (CET/CEST)","0","1462","217"
"Italy (IT)","25.03.2020 06:00 - 25.03.2020 07:00 (CET/CEST)","0","510","379"
"Italy (IT)","25.03.2020 07:00 - 25.03.2020 08:00 (CET/CEST)","153","294","510"
"Italy (IT)","25.03.2020 08:00 - 25.03.2020 09:00 (CET/CEST)","191","159","487"
"Italy (IT)","25.03.2020 09:00 - 25.03.2020 10:00 (CET/CEST)","229","37","457"
"Italy (IT)","25.03.2020 10:00 - 25.03.2020 11:00 (CET/CEST)","227","35","373"
"Italy (IT)","25.03.2020 11:00 - 25.03.2020 12:00 (CET/CEST)","228","35","372"
"Italy (IT)","25.03.2020 12:00 - 25.03.2020 13:00 (CET/CEST)","53","37","301"
"Italy (IT)","25.03.2020 13:00 - 25.03.2020 14:00 (CET/CEST)","0","49","303"
"Italy (IT)","25.03.2020 14:00 - 25.03.2020 15:00 (CET/CEST)","49","","359"
"Italy (IT)","25.03.2020 15:00 - 25.03.2020 16:00 (CET/CEST)","141","129","451"
"Italy (IT)","25.03.2020 16:00 - 25.03.2020 17:00 (CET/CEST)","71","153","546"
"Italy (IT)","25.03.2020 17:00 - 25.03.2020 18:00 (CET/CEST)","54","152","583"
"Italy (IT)","25.03.2020 18:00 - 25.03.2020 19:00 (CET/CEST)","152","91","826"
"Italy (IT)","25.03.2020 19:00 - 25.03.2020 20:00 (CET/CEST)","219","1","957"
"Italy (IT)","25.03.2020 20:00 - 25.03.2020 21:00 (CET/CEST)","292","1","845"
"Italy (IT)","25.03.2020 21:00 - 25.03.2020 22:00 (CET/CEST)","257","1","464"
"Italy (IT)","25.03.2020 22:00 - 25.03.2020 23:00 (CET/CEST)","95","","302"
"Italy (IT)","25.03.2020 23:00 - 26.03.2020 00:00 (CET/CEST)","166","59","222"
"Italy (IT)","26.03.2020 00:00 - 26.03.2020 01:00 (CET/CEST)","109","759","179"
"Italy (IT)","26.03.2020 01:00 - 26.03.2020 02:00 (CET/CEST)","110","732","162"
"Italy (IT)","26.03.2020 02:00 - 26.03.2020 03:00 (CET/CEST)","110","884","172"
"Italy (IT)","26.03.2020 03:00 - 26.03.2020 04:00 (CET/CEST)","0","778","171"
"Italy (IT)","26.03.2020 04:00 - 26.03.2020 05:00 (CET/CEST)","0","887","200"
"Italy (IT)","26.03.2020 05:00 - 26.03.2020 06:00 (CET/CEST)","0","631","228"
"Italy (IT)","26.03.2020 06:00 - 26.03.2020 07:00 (CET/CEST)","0","345","318"
"Italy (IT)","26.03.2020 07:00 - 26.03.2020 08:00 (CET/CEST)","81","252","568"
"Italy (IT)","26.03.2020 08:00 - 26.03.2020 09:00 (CET/CEST)","0","81","639"
"Italy (IT)","26.03.2020 09:00 - 26.03.2020 10:00 (CET/CEST)","0","61","539"
"Italy (IT)","26.03.2020 10:00 - 26.03.2020 11:00 (CET/CEST)","0","47","511"
"Italy (IT)","26.03.2020 11:00 - 26.03.2020 12:00 (CET/CEST)","0","52","534"
"Italy (IT)","26.03.2020 12:00 - 26.03.2020 13:00 (CET/CEST)","86","30","413"
"Italy (IT)","26.03.2020 13:00 - 26.03.2020 14:00 (CET/CEST)","37","2","432"
"Italy (IT)","26.03.2020 14:00 - 26.03.2020 15:00 (CET/CEST)","0","84","566"
"Italy (IT)","26.03.2020 15:00 - 26.03.2020 16:00 (CET/CEST)","0","100","596"
"Italy (IT)","26.03.2020 16:00 - 26.03.2020 17:00 (CET/CEST)","55","127","679"
"Italy (IT)","26.03.2020 17:00 - 26.03.2020 18:00 (CET/CEST)","532","","694"
"Italy (IT)","26.03.2020 18:00 - 26.03.2020 19:00 (CET/CEST)","626","","773"
"Italy (IT)","26.03.2020 19:00 - 26.03.2020 20:00 (CET/CEST)","702","","1070"
"Italy (IT)","26.03.2020 20:00 - 26.03.2020 21:00 (CET/CEST)","689","1","846"
"Italy (IT)","26.03.2020 21:00 - 26.03.2020 22:00 (CET/CEST)","605","1","569"
"Italy (IT)","26.03.2020 22:00 - 26.03.2020 23:00 (CET/CEST)","450","1","448"
"Italy (IT)","26.03.2020 23:00 - 27.03.2020 00:00 (CET/CEST)","476","1","397"
"Italy (IT)","27.03.2020 00:00 - 27.03.2020 01:00 (CET/CEST)","14","125","199"
"Italy (IT)","27.03.2020 01:00 - 27.03.2020 02:00 (CET/CEST)","","697","200"
"Italy (IT)","27.03.2020 02:00 - 27.03.2020 03:00 (CET/CEST)","","753","206"
"Italy (IT)","27.03.2020 03:00 - 27.03.2020 04:00 (CET/CEST)","0","911","207"
"Italy (IT)","27.03.2020 04:00 - 27.03.2020 05:00 (CET/CEST)","0","840","227"
"Italy (IT)","27.03.2020 05:00 - 27.03.2020 06:00 (CET/CEST)","0","935","271"
"Italy (IT)","27.03.2020 06:00 - 27.03.2020 07:00 (CET/CEST)","0","973","426"
"Italy (IT)","27.03.2020 07:00 - 27.03.2020 08:00 (CET/CEST)","44","686","570"
"Italy (IT)","27.03.2020 08:00 - 27.03.2020 09:00 (CET/CEST)","173","94","568"
"Italy (IT)","27.03.2020 09:00 - 27.03.2020 10:00 (CET/CEST)","259","","562"
"Italy (IT)","27.03.2020 10:00 - 27.03.2020 11:00 (CET/CEST)","527","","502"
"Italy (IT)","27.03.2020 11:00 - 27.03.2020 12:00 (CET/CEST)","709","60","511"
"Italy (IT)","27.03.2020 12:00 - 27.03.2020 13:00 (CET/CEST)","353","61","364"
"Italy (IT)","27.03.2020 13:00 - 27.03.2020 14:00 (CET/CEST)","144","86","407"
"Italy (IT)","27.03.2020 14:00 - 27.03.2020 15:00 (CET/CEST)","173","123","530"
"Italy (IT)","27.03.2020 15:00 - 27.03.2020 16:00 (CET/CEST)","254","103","537"
"Italy (IT)","27.03.2020 16:00 - 27.03.2020 17:00 (CET/CEST)","164","157","539"
"Italy (IT)","27.03.2020 17:00 - 27.03.2020 18:00 (CET/CEST)","213","100","656"
"Italy (IT)","27.03.2020 18:00 - 27.03.2020 19:00 (CET/CEST)","526","100","951"
"Italy (IT)","27.03.2020 19:00 - 27.03.2020 20:00 (CET/CEST)","1502","60","1019"
"Italy (IT)","27.03.2020 20:00 - 27.03.2020 21:00 (CET/CEST)","2205","","954"
"Italy (IT)","27.03.2020 21:00 - 27.03.2020 22:00 (CET/CEST)","1619","60","540"
"Italy (IT)","27.03.2020 22:00 - 27.03.2020 23:00 (CET/CEST)","1228","144","416"
"Italy (IT)","27.03.2020 23:00 - 28.03.2020 00:00 (CET/CEST)","825","52","297"
"Italy (IT)","28.03.2020 00:00 - 28.03.2020 01:00 (CET/CEST)","674","2","375"
"Italy (IT)","28.03.2020 01:00 - 28.03.2020 02:00 (CET/CEST)","356","355","151"
"Italy (IT)","28.03.2020 02:00 - 28.03.2020 03:00 (CET/CEST)","0","297","131"
"Italy (IT)","28.03.2020 03:00 - 28.03.2020 04:00 (CET/CEST)","0","210","122"
"Italy (IT)","28.03.2020 04:00 - 28.03.2020 05:00 (CET/CEST)","0","130","122"
"Italy (IT)","28.03.2020 05:00 - 28.03.2020 06:00 (CET/CEST)","0","81","163"
"Italy (IT)","28.03.2020 06:00 - 28.03.2020 07:00 (CET/CEST)","0","48","493"
"Italy (IT)","28.03.2020 07:00 - 28.03.2020 08:00 (CET/CEST)","267","47","454"
"Italy (IT)","28.03.2020 08:00 - 28.03.2020 09:00 (CET/CEST)","297","12","421"
"Italy (IT)","28.03.2020 09:00 - 28.03.2020 10:00 (CET/CEST)","30","67","282"
"Italy (IT)","28.03.2020 10:00 - 28.03.2020 11:00 (CET/CEST)","","209","260"
"Italy (IT)","28.03.2020 11:00 - 28.03.2020 12:00 (CET/CEST)","","193","308"
"Italy (IT)","28.03.2020 12:00 - 28.03.2020 13:00 (CET/CEST)","","274","326"
"Italy (IT)","28.03.2020 13:00 - 28.03.2020 14:00 (CET/CEST)","","338","222"
"Italy (IT)","28.03.2020 14:00 - 28.03.2020 15:00 (CET/CEST)","","363","227"
"Italy (IT)","28.03.2020 15:00 - 28.03.2020 16:00 (CET/CEST)","","802","366"
"Italy (IT)","28.03.2020 16:00 - 28.03.2020 17:00 (CET/CEST)","","838","542"
"Italy (IT)","28.03.2020 17:00 - 28.03.2020 18:00 (CET/CEST)","","550","657"
"Italy (IT)","28.03.2020 18:00 - 28.03.2020 19:00 (CET/CEST)","542","157","988"
"Italy (IT)","28.03.2020 19:00 - 28.03.2020 20:00 (CET/CEST)","2511","29","1423"
"Italy (IT)","28.03.2020 20:00 - 28.03.2020 21:00 (CET/CEST)","1649","2","1153"
"Italy (IT)","28.03.2020 21:00 - 28.03.2020 22:00 (CET/CEST)","646","1","891"
"Italy (IT)","28.03.2020 22:00 - 28.03.2020 23:00 (CET/CEST)","119","49","705"
"Italy (IT)","28.03.2020 23:00 - 29.03.2020 00:00 (CET/CEST)","18","140","524"
"Italy (IT)","29.03.2020 00:00 - 29.03.2020 01:00 (CET/CEST)","55","149","407"
"Italy (IT)","29.03.2020 01:00 - 29.03.2020 02:00 (CET/CEST)","","411","431"
"Italy (IT)","29.03.2020 02:00 - 29.03.2020 03:00 (CET/CEST)","","",""
"Italy (IT)","29.03.2020 03:00 - 29.03.2020 04:00 (CET/CEST)","","805","422"
"Italy (IT)","29.03.2020 04:00 - 29.03.2020 05:00 (CET/CEST)","","1086","421"
"Italy (IT)","29.03.2020 05:00 - 29.03.2020 06:00 (CET/CEST)","0","832","402"
"Italy (IT)","29.03.2020 06:00 - 29.03.2020 07:00 (CET/CEST)","0","914","330"
"Italy (IT)","29.03.2020 07:00 - 29.03.2020 08:00 (CET/CEST)","0","895","307"
"Italy (IT)","29.03.2020 08:00 - 29.03.2020 09:00 (CET/CEST)","1","1187","256"
"Italy (IT)","29.03.2020 09:00 - 29.03.2020 10:00 (CET/CEST)","5","1307","194"
"Italy (IT)","29.03.2020 10:00 - 29.03.2020 11:00 (CET/CEST)","8","1155","180"
"Italy (IT)","29.03.2020 11:00 - 29.03.2020 12:00 (CET/CEST)","78","1004","181"
"Italy (IT)","29.03.2020 12:00 - 29.03.2020 13:00 (CET/CEST)","78","355","170"
"Italy (IT)","29.03.2020 13:00 - 29.03.2020 14:00 (CET/CEST)","78","579","151"
"Italy (IT)","29.03.2020 14:00 - 29.03.2020 15:00 (CET/CEST)","78","1782","154"
"Italy (IT)","29.03.2020 15:00 - 29.03.2020 16:00 (CET/CEST)","78","1834","159"
"Italy (IT)","29.03.2020 16:00 - 29.03.2020 17:00 (CET/CEST)","2","1007","191"
"Italy (IT)","29.03.2020 17:00 - 29.03.2020 18:00 (CET/CEST)","128","268","301"
"Italy (IT)","29.03.2020 18:00 - 29.03.2020 19:00 (CET/CEST)","297","7","639"
"Italy (IT)","29.03.2020 19:00 - 29.03.2020 20:00 (CET/CEST)","1014","","1015"
"Italy (IT)","29.03.2020 20:00 - 29.03.2020 21:00 (CET/CEST)","1688","","1495"
"Italy (IT)","29.03.2020 21:00 - 29.03.2020 22:00 (CET/CEST)","819","","1350"
"Italy (IT)","29.03.2020 22:00 - 29.03.2020 23:00 (CET/CEST)","225","","997"
"Italy (IT)","29.03.2020 23:00 - 30.03.2020 00:00 (CET/CEST)","273","32","503"
"Italy (IT)","30.03.2020 00:00 - 30.03.2020 01:00 (CET/CEST)","273","72","418"
"Italy (IT)","30.03.2020 01:00 - 30.03.2020 02:00 (CET/CEST)","144","119","280"
"Italy (IT)","30.03.2020 02:00 - 30.03.2020 03:00 (CET/CEST)","120","424","236"
"Italy (IT)","30.03.2020 03:00 - 30.03.2020 04:00 (CET/CEST)","22","668","240"
"Italy (IT)","30.03.2020 04:00 - 30.03.2020 05:00 (CET/CEST)","0","1110","242"
"Italy (IT)","30.03.2020 05:00 - 30.03.2020 06:00 (CET/CEST)","0","1050","253"
"Italy (IT)","30.03.2020 06:00 - 30.03.2020 07:00 (CET/CEST)","0","807","516"
"Italy (IT)","30.03.2020 07:00 - 30.03.2020 08:00 (CET/CEST)","0","721","746"
"Italy (IT)","30.03.2020 08:00 - 30.03.2020 09:00 (CET/CEST)","0","654","772"
"Italy (IT)","30.03.2020 09:00 - 30.03.2020 10:00 (CET/CEST)","0","558","649"
"Italy (IT)","30.03.2020 10:00 - 30.03.2020 11:00 (CET/CEST)","0","399","544"
"Italy (IT)","30.03.2020 11:00 - 30.03.2020 12:00 (CET/CEST)","12","151","409"
"Italy (IT)","30.03.2020 12:00 - 30.03.2020 13:00 (CET/CEST)","138","","351"
"Italy (IT)","30.03.2020 13:00 - 30.03.2020 14:00 (CET/CEST)","152","","342"
"Italy (IT)","30.03.2020 14:00 - 30.03.2020 15:00 (CET/CEST)","138","","382"
"Italy (IT)","30.03.2020 15:00 - 30.03.2020 16:00 (CET/CEST)","170","","468"
"Italy (IT)","30.03.2020 16:00 - 30.03.2020 17:00 (CET/CEST)","173","154","503"
"Italy (IT)","30.03.2020 17:00 - 30.03.2020 18:00 (CET/CEST)","172","230","541"
"Italy (IT)","30.03.2020 18:00 - 30.03.2020 19:00 (CET/CEST)","337","130","660"
"Italy (IT)","30.03.2020 19:00 - 30.03.2020 20:00 (CET/CEST)","838","","934"
"Italy (IT)","30.03.2020 20:00 - 30.03.2020 21:00 (CET/CEST)","669","","939"
"Italy (IT)","30.03.2020 21:00 - 30.03.2020 22:00 (CET/CEST)","165","1","727"
"Italy (IT)","30.03.2020 22:00 - 30.03.2020 23:00 (CET/CEST)","89","1","516"
"Italy (IT)","30.03.2020 23:00 - 31.03.2020 00:00 (CET/CEST)","61","3","384"
"Italy (IT)","31.03.2020 00:00 - 31.03.2020 01:00 (CET/CEST)","77","264","315"
"Italy (IT)","31.03.2020 01:00 - 31.03.2020 02:00 (CET/CEST)","0","1249","252"
"Italy (IT)","31.03.2020 02:00 - 31.03.2020 03:00 (CET/CEST)","0","1358","265"
"Italy (IT)","31.03.2020 03:00 - 31.03.2020 04:00 (CET/CEST)","0","1568","269"
"Italy (IT)","31.03.2020 04:00 - 31.03.2020 05:00 (CET/CEST)","0","1591","269"
"Italy (IT)","31.03.2020 05:00 - 31.03.2020 06:00 (CET/CEST)","0","1440","337"
"Italy (IT)","31.03.2020 06:00 - 31.03.2020 07:00 (CET/CEST)","0","429","427"
"Italy (IT)","31.03.2020 07:00 - 31.03.2020 08:00 (CET/CEST)","0","283","603"
"Italy (IT)","31.03.2020 08:00 - 31.03.2020 09:00 (CET/CEST)","56","23","660"
"Italy (IT)","31.03.2020 09:00 - 31.03.2020 10:00 (CET/CEST)","188","94","525"
"Italy (IT)","31.03.2020 10:00 - 31.03.2020 11:00 (CET/CEST)","81","156","375"
"Italy (IT)","31.03.2020 11:00 - 31.03.2020 12:00 (CET/CEST)","44","109","321"
"Italy (IT)","31.03.2020 12:00 - 31.03.2020 13:00 (CET/CEST)","197","251","291"
"Italy (IT)","31.03.2020 13:00 - 31.03.2020 14:00 (CET/CEST)","226","458","307"
"Italy (IT)","31.03.2020 14:00 - 31.03.2020 15:00 (CET/CEST)","375","760","315"
"Italy (IT)","31.03.2020 15:00 - 31.03.2020 16:00 (CET/CEST)","375","713","332"
"Italy (IT)","31.03.2020 16:00 - 31.03.2020 17:00 (CET/CEST)","319","470","372"
"Italy (IT)","31.03.2020 17:00 - 31.03.2020 18:00 (CET/CEST)","352","240","433"
"Italy (IT)","31.03.2020 18:00 - 31.03.2020 19:00 (CET/CEST)","562","","747"
"Italy (IT)","31.03.2020 19:00 - 31.03.2020 20:00 (CET/CEST)","922","","1173"
"Italy (IT)","31.03.2020 20:00 - 31.03.2020 21:00 (CET/CEST)","583","","1122"
"Italy (IT)","31.03.2020 21:00 - 31.03.2020 22:00 (CET/CEST)","468","","765"
"Italy (IT)","31.03.2020 22:00 - 31.03.2020 23:00 (CET/CEST)","130","327","586"
"Italy (IT)","31.03.2020 23:00 - 01.04.2020 00:00 (CET/CEST)","86","354","480"
"Italy (IT)","01.04.2020 00:00 - 01.04.2020 01:00 (CET/CEST)","0","338","333"
"Italy (IT)","01.04.2020 01:00 - 01.04.2020 02:00 (CET/CEST)","0","505","299"
"Italy (IT)","01.04.2020 02:00 - 01.04.2020 03:00 (CET/CEST)","0","477","284"
"Italy (IT)","01.04.2020 03:00 - 01.04.2020 04:00 (CET/CEST)","24","443","250"
"Italy (IT)","01.04.2020 04:00 - 01.04.2020 05:00 (CET/CEST)","81","469","298"
"Italy (IT)","01.04.2020 05:00 - 01.04.2020 06:00 (CET/CEST)","9","586","365"
"Italy (IT)","01.04.2020 06:00 - 01.04.2020 07:00 (CET/CEST)","92","584","587"
"Italy (IT)","01.04.2020 07:00 - 01.04.2020 08:00 (CET/CEST)","201","395","655"
"Italy (IT)","01.04.2020 08:00 - 01.04.2020 09:00 (CET/CEST)","356","352","1037"
"Italy (IT)","01.04.2020 09:00 - 01.04.2020 10:00 (CET/CEST)","320","243","751"
"Italy (IT)","01.04.2020 10:00 - 01.04.2020 11:00 (CET/CEST)","69","107","388"
"Italy (IT)","01.04.2020 11:00 - 01.04.2020 12:00 (CET/CEST)","0","75","329"
"Italy (IT)","01.04.2020 12:00 - 01.04.2020 13:00 (CET/CEST)","0","119","317"
"Italy (IT)","01.04.2020 13:00 - 01.04.2020 14:00 (CET/CEST)","0","4","284"
"Italy (IT)","01.04.2020 14:00 - 01.04.2020 15:00 (CET/CEST)","125","1","274"
"Italy (IT)","01.04.2020 15:00 - 01.04.2020 16:00 (CET/CEST)","0","532","297"
"Italy (IT)","01.04.2020 16:00 - 01.04.2020 17:00 (CET/CEST)","62","733","330"
"Italy (IT)","01.04.2020 17:00 - 01.04.2020 18:00 (CET/CEST)","83","566","553"
"Italy (IT)","01.04.2020 18:00 - 01.04.2020 19:00 (CET/CEST)","444","127","663"
"Italy (IT)","01.04.2020 19:00 - 01.04.2020 20:00 (CET/CEST)","669","","1122"
"Italy (IT)","01.04.2020 20:00 - 01.04.2020 21:00 (CET/CEST)","1725","","1287"
"Italy (IT)","01.04.2020 21:00 - 01.04.2020 22:00 (CET/CEST)","1160","","986"
"Italy (IT)","01.04.2020 22:00 - 01.04.2020 23:00 (CET/CEST)","566","","846"
"Italy (IT)","01.04.2020 23:00 - 02.04.2020 00:00 (CET/CEST)","258","48","525"
"Italy (IT)","02.04.2020 00:00 - 02.04.2020 01:00 (CET/CEST)","256","78","323"
"Italy (IT)","02.04.2020 01:00 - 02.04.2020 02:00 (CET/CEST)","120","20","233"
"Italy (IT)","02.04.2020 02:00 - 02.04.2020 03:00 (CET/CEST)","10","304","207"
"Italy (IT)","02.04.2020 03:00 - 02.04.2020 04:00 (CET/CEST)","0","500","220"
"Italy (IT)","02.04.2020 04:00 - 02.04.2020 05:00 (CET/CEST)","0","488","254"
"Italy (IT)","02.04.2020 05:00 - 02.04.2020 06:00 (CET/CEST)","5","637","302"
"Italy (IT)","02.04.2020 06:00 - 02.04.2020 07:00 (CET/CEST)","140","433","547"
"Italy (IT)","02.04.2020 07:00 - 02.04.2020 08:00 (CET/CEST)","144","385","720"
"Italy (IT)","02.04.2020 08:00 - 02.04.2020 09:00 (CET/CEST)","212","435","704"
"Italy (IT)","02.04.2020 09:00 - 02.04.2020 10:00 (CET/CEST)","287","365","535"
"Italy (IT)","02.04.2020 10:00 - 02.04.2020 11:00 (CET/CEST)","214","279","481"
"Italy (IT)","02.04.2020 11:00 - 02.04.2020 12:00 (CET/CEST)","110","1150","388"
"Italy (IT)","02.04.2020 12:00 - 02.04.2020 13:00 (CET/CEST)","269","938","373"
"Italy (IT)","02.04.2020 13:00 - 02.04.2020 14:00 (CET/CEST)","251","1062","323"
"Italy (IT)","02.04.2020 14:00 - 02.04.2020 15:00 (CET/CEST)","208","1081","329"
"Italy (IT)","02.04.2020 15:00 - 02.04.2020 16:00 (CET/CEST)","246","1160","368"
"Italy (IT)","02.04.2020 16:00 - 02.04.2020 17:00 (CET/CEST)","172","926","402"
"Italy (IT)","02.04.2020 17:00 - 02.04.2020 18:00 (CET/CEST)","316","30","454"
"Italy (IT)","02.04.2020 18:00 - 02.04.2020 19:00 (CET/CEST)","1358","","633"
"Italy (IT)","02.04.2020 19:00 - 02.04.2020 20:00 (CET/CEST)","1794","","1135"
"Italy (IT)","02.04.2020 20:00 - 02.04.2020 21:00 (CET/CEST)","2048","","1144"
"Italy (IT)","02.04.2020 21:00 - 02.04.2020 22:00 (CET/CEST)","1776","","967"
"Italy (IT)","02.04.2020 22:00 - 02.04.2020 23:00 (CET/CEST)","1489","","789"
"Italy (IT)","02.04.2020 23:00 - 03.04.2020 00:00 (CET/CEST)","519","12","602"
"Italy (IT)","03.04.2020 00:00 - 03.04.2020 01:00 (CET/CEST)","87","101","419"
"Italy (IT)","03.04.2020 01:00 - 03.04.2020 02:00 (CET/CEST)","86","496","337"
"Italy (IT)","03.04.2020 02:00 - 03.04.2020 03:00 (CET/CEST)","85","625","206"
"Italy (IT)","03.04.2020 03:00 - 03.04.2020 04:00 (CET/CEST)","4","783","204"
"Italy (IT)","03.04.2020 04:00 - 03.04.2020 05:00 (CET/CEST)","84","782","229"
"Italy (IT)","03.04.2020 05:00 - 03.04.2020 06:00 (CET/CEST)","85","780","432"
"Italy (IT)","03.04.2020 06:00 - 03.04.2020 07:00 (CET/CEST)","86","502","712"
"Italy (IT)","03.04.2020 07:00 - 03.04.2020 08:00 (CET/CEST)","90","392","817"
"Italy (IT)","03.04.2020 08:00 - 03.04.2020 09:00 (CET/CEST)","1259","","694"
"Italy (IT)","03.04.2020 09:00 - 03.04.2020 10:00 (CET/CEST)","1209","32","429"
"Italy (IT)","03.04.2020 10:00 - 03.04.2020 11:00 (CET/CEST)","1089","78","341"
"Italy (IT)","03.04.2020 11:00 - 03.04.2020 12:00 (CET/CEST)","685","","292"
"Italy (IT)","03.04.2020 12:00 - 03.04.2020 13:00 (CET/CEST)","75","30","280"
"Italy (IT)","03.04.2020 13:00 - 03.04.2020 14:00 (CET/CEST)","62","382","280"
"Italy (IT)","03.04.2020 14:00 - 03.04.2020 15:00 (CET/CEST)","60","783","283"
"Italy (IT)","03.04.2020 15:00 - 03.04.2020 16:00 (CET/CEST)","0","1037","314"
"Italy (IT)","03.04.2020 16:00 - 03.04.2020 17:00 (CET/CEST)","0","870","287"
"Italy (IT)","03.04.2020 17:00 - 03.04.2020 18:00 (CET/CEST)","831","139","341"
"Italy (IT)","03.04.2020 18:00 - 03.04.2020 19:00 (CET/CEST)","1948","17","537"
"Italy (IT)","03.04.2020 19:00 - 03.04.2020 20:00 (CET/CEST)","2340","","1001"
"Italy (IT)","03.04.2020 20:00 - 03.04.2020 21:00 (CET/CEST)","2436","","1228"
"Italy (IT)","03.04.2020 21:00 - 03.04.2020 22:00 (CET/CEST)","1783","","991"
"Italy (IT)","03.04.2020 22:00 - 03.04.2020 23:00 (CET/CEST)","1261","","838"
"Italy (IT)","03.04.2020 23:00 - 04.04.2020 00:00 (CET/CEST)","565","","736"
"Italy (IT)","04.04.2020 00:00 - 04.04.2020 01:00 (CET/CEST)","238","69","523"
"Italy (IT)","04.04.2020 01:00 - 04.04.2020 02:00 (CET/CEST)","116","156","291"
"Italy (IT)","04.04.2020 02:00 - 04.04.2020 03:00 (CET/CEST)","117","238","285"
"Italy (IT)","04.04.2020 03:00 - 04.04.2020 04:00 (CET/CEST)","0","111","285"
"Italy (IT)","04.04.2020 04:00 - 04.04.2020 05:00 (CET/CEST)","3","307","314"
"Italy (IT)","04.04.2020 05:00 - 04.04.2020 06:00 (CET/CEST)","63","305","431"
"Italy (IT)","04.04.2020 06:00 - 04.04.2020 07:00 (CET/CEST)","38","138","520"
"Italy (IT)","04.04.2020 07:00 - 04.04.2020 08:00 (CET/CEST)","80","192","627"
"Italy (IT)","04.04.2020 08:00 - 04.04.2020 09:00 (CET/CEST)","90","175","682"
"Italy (IT)","04.04.2020 09:00 - 04.04.2020 10:00 (CET/CEST)","89","327","541"
"Italy (IT)","04.04.2020 10:00 - 04.04.2020 11:00 (CET/CEST)","0","591","223"
"Italy (IT)","04.04.2020 11:00 - 04.04.2020 12:00 (CET/CEST)","0","1084","139"
"Italy (IT)","04.04.2020 12:00 - 04.04.2020 13:00 (CET/CEST)","","1111","123"
"Italy (IT)","04.04.2020 13:00 - 04.04.2020 14:00 (CET/CEST)","","1162","130"
"Italy (IT)","04.04.2020 14:00 - 04.04.2020 15:00 (CET/CEST)","","1306","140"
"Italy (IT)","04.04.2020 15:00 - 04.04.2020 16:00 (CET/CEST)","","894","140"
"Italy (IT)","04.04.2020 16:00 - 04.04.2020 17:00 (CET/CEST)","0","744","159"
"Italy (IT)","04.04.2020 17:00 - 04.04.2020 18:00 (CET/CEST)","5","537","488"
"Italy (IT)","04.04.2020 18:00 - 04.04.2020 19:00 (CET/CEST)","281","","653"
"Italy (IT)","04.04.2020 19:00 - 04.04.2020 20:00 (CET/CEST)","1129","","1056"
"Italy (IT)","04.04.2020 20:00 - 04.04.2020 21:00 (CET/CEST)","1310","","1355"
"Italy (IT)","04.04.2020 21:00 - 04.04.2020 22:00 (CET/CEST)","1308","","737"
"Italy (IT)","04.04.2020 22:00 - 04.04.2020 23:00 (CET/CEST)","883","","486"
"Italy (IT)","04.04.2020 23:00 - 05.04.2020 00:00 (CET/CEST)","286","151","309"
"Italy (IT)","05.04.2020 00:00 - 05.04.2020 01:00 (CET/CEST)","41","421","262"
"Italy (IT)","05.04.2020 01:00 - 05.04.2020 02:00 (CET/CEST)","0","560","219"
"Italy (IT)","05.04.2020 02:00 - 05.04.2020 03:00 (CET/CEST)","0","689","185"
"Italy (IT)","05.04.2020 03:00 - 05.04.2020 04:00 (CET/CEST)","0","812","176"
"Italy (IT)","05.04.2020 04:00 - 05.04.2020 05:00 (CET/CEST)","0","779","182"
"Italy (IT)","05.04.2020 05:00 - 05.04.2020 06:00 (CET/CEST)","0","540","247"
"Italy (IT)","05.04.2020 06:00 - 05.04.2020 07:00 (CET/CEST)","0","232","349"
"Italy (IT)","05.04.2020 07:00 - 05.04.2020 08:00 (CET/CEST)","0","231","164"
"Italy (IT)","05.04.2020 08:00 - 05.04.2020 09:00 (CET/CEST)","0","323","177"
"Italy (IT)","05.04.2020 09:00 - 05.04.2020 10:00 (CET/CEST)","0","608","147"
"Italy (IT)","05.04.2020 10:00 - 05.04.2020 11:00 (CET/CEST)","0","695","140"
"Italy (IT)","05.04.2020 11:00 - 05.04.2020 12:00 (CET/CEST)","0","1193","163"
"Italy (IT)","05.04.2020 12:00 - 05.04.2020 13:00 (CET/CEST)","0","1363","152"
"Italy (IT)","05.04.2020 13:00 - 05.04.2020 14:00 (CET/CEST)","","2166","148"
"Italy (IT)","05.04.2020 14:00 - 05.04.2020 15:00 (CET/CEST)","","3680","118"
"Italy (IT)","05.04.2020 15:00 - 05.04.2020 16:00 (CET/CEST)","","3485","110"
"Italy (IT)","05.04.2020 16:00 - 05.04.2020 17:00 (CET/CEST)","","2498","136"
"Italy (IT)","05.04.2020 17:00 - 05.04.2020 18:00 (CET/CEST)","","1391","410"
"Italy (IT)","05.04.2020 18:00 - 05.04.2020 19:00 (CET/CEST)","4","908","840"
"Italy (IT)","05.04.2020 19:00 - 05.04.2020 20:00 (CET/CEST)","1645","","1238"
"Italy (IT)","05.04.2020 20:00 - 05.04.2020 21:00 (CET/CEST)","2443","","1379"
"Italy (IT)","05.04.2020 21:00 - 05.04.2020 22:00 (CET/CEST)","2061","","1301"
"Italy (IT)","05.04.2020 22:00 - 05.04.2020 23:00 (CET/CEST)","1474","","1118"
"Italy (IT)","05.04.2020 23:00 - 06.04.2020 00:00 (CET/CEST)","330","","693"
"Italy (IT)","06.04.2020 00:00 - 06.04.2020 01:00 (CET/CEST)","32","160","284"
"Italy (IT)","06.04.2020 01:00 - 06.04.2020 02:00 (CET/CEST)","0","452","221"
"Italy (IT)","06.04.2020 02:00 - 06.04.2020 03:00 (CET/CEST)","0","511","219"
"Italy (IT)","06.04.2020 03:00 - 06.04.2020 04:00 (CET/CEST)","0","403","216"
"Italy (IT)","06.04.2020 04:00 - 06.04.2020 05:00 (CET/CEST)","0","432","211"
"Italy (IT)","06.04.2020 05:00 - 06.04.2020 06:00 (CET/CEST)","24","396","209"
"Italy (IT)","06.04.2020 06:00 - 06.04.2020 07:00 (CET/CEST)","84","397","587"
"Italy (IT)","06.04.2020 07:00 - 06.04.2020 08:00 (CET/CEST)","105","101","746"
"Italy (IT)","06.04.2020 08:00 - 06.04.2020 09:00 (CET/CEST)","195","165","744"
"Italy (IT)","06.04.2020 09:00 - 06.04.2020 10:00 (CET/CEST)","79","242","656"
"Italy (IT)","06.04.2020 10:00 - 06.04.2020 11:00 (CET/CEST)","0","7","369"
"Italy (IT)","06.04.2020 11:00 - 06.04.2020 12:00 (CET/CEST)","174","2","269"
"Italy (IT)","06.04.2020 12:00 - 06.04.2020 13:00 (CET/CEST)","0","552","225"
"Italy (IT)","06.04.2020 13:00 - 06.04.2020 14:00 (CET/CEST)","0","1491","202"
"Italy (IT)","06.04.2020 14:00 - 06.04.2020 15:00 (CET/CEST)","0","2160","201"
"Italy (IT)","06.04.2020 15:00 - 06.04.2020 16:00 (CET/CEST)","0","1966","228"
"Italy (IT)","06.04.2020 16:00 - 06.04.2020 17:00 (CET/CEST)","146","1332","407"
"Italy (IT)","06.04.2020 17:00 - 06.04.2020 18:00 (CET/CEST)","173","467","645"
"Italy (IT)","06.04.2020 18:00 - 06.04.2020 19:00 (CET/CEST)","370","153","816"
"Italy (IT)","06.04.2020 19:00 - 06.04.2020 20:00 (CET/CEST)","1632","71","1126"
"Italy (IT)","06.04.2020 20:00 - 06.04.2020 21:00 (CET/CEST)","1872","","1236"
"Italy (IT)","06.04.2020 21:00 - 06.04.2020 22:00 (CET/CEST)","953","","1085"
"Italy (IT)","06.04.2020 22:00 - 06.04.2020 23:00 (CET/CEST)","550","","809"
"Italy (IT)","06.04.2020 23:00 - 07.04.2020 00:00 (CET/CEST)","197","","636"
"Italy (IT)","07.04.2020 00:00 - 07.04.2020 01:00 (CET/CEST)","255","63","510"
"Italy (IT)","07.04.2020 01:00 - 07.04.2020 02:00 (CET/CEST)","186","335","282"
"Italy (IT)","07.04.2020 02:00 - 07.04.2020 03:00 (CET/CEST)","225","706","237"
"Italy (IT)","07.04.2020 03:00 - 07.04.2020 04:00 (CET/CEST)","23","1231","221"
"Italy (IT)","07.04.2020 04:00 - 07.04.2020 05:00 (CET/CEST)","0","1659","231"
"Italy (IT)","07.04.2020 05:00 - 07.04.2020 06:00 (CET/CEST)","0","1410","412"
"Italy (IT)","07.04.2020 06:00 - 07.04.2020 07:00 (CET/CEST)","29","636","735"
"Italy (IT)","07.04.2020 07:00 - 07.04.2020 08:00 (CET/CEST)","416","323","861"
"Italy (IT)","07.04.2020 08:00 - 07.04.2020 09:00 (CET/CEST)","498","34","900"
"Italy (IT)","07.04.2020 09:00 - 07.04.2020 10:00 (CET/CEST)","483","2","743"
"Italy (IT)","07.04.2020 10:00 - 07.04.2020 11:00 (CET/CEST)","451","2","529"
"Italy (IT)","07.04.2020 11:00 - 07.04.2020 12:00 (CET/CEST)","358","27","343"
"Italy (IT)","07.04.2020 12:00 - 07.04.2020 13:00 (CET/CEST)","22","50","276"
"Italy (IT)","07.04.2020 13:00 - 07.04.2020 14:00 (CET/CEST)","0","537","254"
"Italy (IT)","07.04.2020 14:00 - 07.04.2020 15:00 (CET/CEST)","0","785","279"
"Italy (IT)","07.04.2020 15:00 - 07.04.2020 16:00 (CET/CEST)","0","468","364"
"Italy (IT)","07.04.2020 16:00 - 07.04.2020 17:00 (CET/CEST)","0","334","584"
"Italy (IT)","07.04.2020 17:00 - 07.04.2020 18:00 (CET/CEST)","0","313","693"
"Italy (IT)","07.04.2020 18:00 - 07.04.2020 19:00 (CET/CEST)","1260","79","1018"
"Italy (IT)","07.04.2020 19:00 - 07.04.2020 20:00 (CET/CEST)","2243","","1254"
"Italy (IT)","07.04.2020 20:00 - 07.04.2020 21:00 (CET/CEST)","2570","","1484"
"Italy (IT)","07.04.2020 21:00 - 07.04.2020 22:00 (CET/CEST)","1828","","1277"
"Italy (IT)","07.04.2020 22:00 - 07.04.2020 23:00 (CET/CEST)","895","1","1114"
"Italy (IT)","07.04.2020 23:00 - 08.04.2020 00:00 (CET/CEST)","3","25","864"
"Italy (IT)","08.04.2020 00:00 - 08.04.2020 01:00 (CET/CEST)","8","582","366"
"Italy (IT)","08.04.2020 01:00 - 08.04.2020 02:00 (CET/CEST)","12","615","222"
"Italy (IT)","08.04.2020 02:00 - 08.04.2020 03:00 (CET/CEST)","","1569","209"
"Italy (IT)","08.04.2020 03:00 - 08.04.2020 04:00 (CET/CEST)","","1691","209"
"Italy (IT)","08.04.2020 04:00 - 08.04.2020 05:00 (CET/CEST)","","1658","215"
"Italy (IT)","08.04.2020 05:00 - 08.04.2020 06:00 (CET/CEST)","","1434","245"
"Italy (IT)","08.04.2020 06:00 - 08.04.2020 07:00 (CET/CEST)","","440","324"
"Italy (IT)","08.04.2020 07:00 - 08.04.2020 08:00 (CET/CEST)","19","157","424"
"Italy (IT)","08.04.2020 08:00 - 08.04.2020 09:00 (CET/CEST)","112","188","511"
"Italy (IT)","08.04.2020 09:00 - 08.04.2020 10:00 (CET/CEST)","180","198","471"
"Italy (IT)","08.04.2020 10:00 - 08.04.2020 11:00 (CET/CEST)","159","46","431"
"Italy (IT)","08.04.2020 11:00 - 08.04.2020 12:00 (CET/CEST)","22","","327"
"Italy (IT)","08.04.2020 12:00 - 08.04.2020 13:00 (CET/CEST)","0","246","267"
"Italy (IT)","08.04.2020 13:00 - 08.04.2020 14:00 (CET/CEST)","0","516","225"
"Italy (IT)","08.04.2020 14:00 - 08.04.2020 15:00 (CET/CEST)","0","759","227"
"Italy (IT)","08.04.2020 15:00 - 08.04.2020 16:00 (CET/CEST)","0","638","258"
"Italy (IT)","08.04.2020 16:00 - 08.04.2020 17:00 (CET/CEST)","27","","365"
"Italy (IT)","08.04.2020 17:00 - 08.04.2020 18:00 (CET/CEST)","588","","509"
"Italy (IT)","08.04.2020 18:00 - 08.04.2020 19:00 (CET/CEST)","612","52","637"
"Italy (IT)","08.04.2020 19:00 - 08.04.2020 20:00 (CET/CEST)","828","27","1101"
"Italy (IT)","08.04.2020 20:00 - 08.04.2020 21:00 (CET/CEST)","1474","","1218"
"Italy (IT)","08.04.2020 21:00 - 08.04.2020 22:00 (CET/CEST)","505","","890"
"Italy (IT)","08.04.2020 22:00 - 08.04.2020 23:00 (CET/CEST)","261","","598"
"Italy (IT)","08.04.2020 23:00 - 09.04.2020 00:00 (CET/CEST)","320","17","451"
"Italy (IT)","09.04.2020 00:00 - 09.04.2020 01:00 (CET/CEST)","401","80","300"
"Italy (IT)","09.04.2020 01:00 - 09.04.2020 02:00 (CET/CEST)","130","201","255"
"Italy (IT)","09.04.2020 02:00 - 09.04.2020 03:00 (CET/CEST)","61","317","238"
"Italy (IT)","09.04.2020 03:00 - 09.04.2020 04:00 (CET/CEST)","59","317","238"
"Italy (IT)","09.04.2020 04:00 - 09.04.2020 05:00 (CET/CEST)","56","315","238"
"Italy (IT)","09.04.2020 05:00 - 09.04.2020 06:00 (CET/CEST)","53","397","262"
"Italy (IT)","09.04.2020 06:00 - 09.04.2020 07:00 (CET/CEST)","81","399","489"
"Italy (IT)","09.04.2020 07:00 - 09.04.2020 08:00 (CET/CEST)","109","331","504"
"Italy (IT)","09.04.2020 08:00 - 09.04.2020 09:00 (CET/CEST)","116","1","512"
"Italy (IT)","09.04.2020 09:00 - 09.04.2020 10:00 (CET/CEST)","82","1","508"
"Italy (IT)","09.04.2020 10:00 - 09.04.2020 11:00 (CET/CEST)","10","1","447"
"Italy (IT)","09.04.2020 11:00 - 09.04.2020 12:00 (CET/CEST)","9","1","344"
"Italy (IT)","09.04.2020 12:00 - 09.04.2020 13:00 (CET/CEST)","8","8","285"
"Italy (IT)","09.04.2020 13:00 - 09.04.2020 14:00 (CET/CEST)","10","251","271"
"Italy (IT)","09.04.2020 14:00 - 09.04.2020 15:00 (CET/CEST)","9","322","271"
"Italy (IT)","09.04.2020 15:00 - 09.04.2020 16:00 (CET/CEST)","8","81","302"
"Italy (IT)","09.04.2020 16:00 - 09.04.2020 17:00 (CET/CEST)","169","","437"
"Italy (IT)","09.04.2020 17:00 - 09.04.2020 18:00 (CET/CEST)","495","","626"
"Italy (IT)","09.04.2020 18:00 - 09.04.2020 19:00 (CET/CEST)","633","35","745"
"Italy (IT)","09.04.2020 19:00 - 09.04.2020 20:00 (CET/CEST)","1125","6","1124"
"Italy (IT)","09.04.2020 20:00 - 09.04.2020 21:00 (CET/CEST)","1453","","1240"
"Italy (IT)","09.04.2020 21:00 - 09.04.2020 22:00 (CET/CEST)","918","1","1027"
"Italy (IT)","09.04.2020 22:00 - 09.04.2020 23:00 (CET/CEST)","492","1","854"
"Italy (IT)","09.04.2020 23:00 - 10.04.2020 00:00 (CET/CEST)","318","1","672"
"Italy (IT)","10.04.2020 00:00 - 10.04.2020 01:00 (CET/CEST)","544","46","549"
"Italy (IT)","10.04.2020 01:00 - 10.04.2020 02:00 (CET/CEST)","289","200","407"
"Italy (IT)","10.04.2020 02:00 - 10.04.2020 03:00 (CET/CEST)","154","427","344"
"Italy (IT)","10.04.2020 03:00 - 10.04.2020 04:00 (CET/CEST)","103","472","337"
"Italy (IT)","10.04.2020 04:00 - 10.04.2020 05:00 (CET/CEST)","153","470","338"
"Italy (IT)","10.04.2020 05:00 - 10.04.2020 06:00 (CET/CEST)","152","413","381"
"Italy (IT)","10.04.2020 06:00 - 10.04.2020 07:00 (CET/CEST)","92","412","516"
"Italy (IT)","10.04.2020 07:00 - 10.04.2020 08:00 (CET/CEST)","39","412","645"
"Italy (IT)","10.04.2020 08:00 - 10.04.2020 09:00 (CET/CEST)","0","347","727"
"Italy (IT)","10.04.2020 09:00 - 10.04.2020 10:00 (CET/CEST)","0","261","574"
"Italy (IT)","10.04.2020 10:00 - 10.04.2020 11:00 (CET/CEST)","0","98","444"
"Italy (IT)","10.04.2020 11:00 - 10.04.2020 12:00 (CET/CEST)","0","595","411"
"Italy (IT)","10.04.2020 12:00 - 10.04.2020 13:00 (CET/CEST)","0","631","272"
"Italy (IT)","10.04.2020 13:00 - 10.04.2020 14:00 (CET/CEST)","0","797","258"
"Italy (IT)","10.04.2020 14:00 - 10.04.2020 15:00 (CET/CEST)","26","1415","259"
"Italy (IT)","10.04.2020 15:00 - 10.04.2020 16:00 (CET/CEST)","64","1422","279"
"Italy (IT)","10.04.2020 16:00 - 10.04.2020 17:00 (CET/CEST)","85","1245","405"
"Italy (IT)","10.04.2020 17:00 - 10.04.2020 18:00 (CET/CEST)","493","249","525"
"Italy (IT)","10.04.2020 18:00 - 10.04.2020 19:00 (CET/CEST)","1924","","598"
"Italy (IT)","10.04.2020 19:00 - 10.04.2020 20:00 (CET/CEST)","2034","","815"
"Italy (IT)","10.04.2020 20:00 - 10.04.2020 21:00 (CET/CEST)","1967","","989"
"Italy (IT)","10.04.2020 21:00 - 10.04.2020 22:00 (CET/CEST)","1538","","823"
"Italy (IT)","10.04.2020 22:00 - 10.04.2020 23:00 (CET/CEST)","261","","747"
"Italy (IT)","10.04.2020 23:00 - 11.04.2020 00:00 (CET/CEST)","131","","731"
"Italy (IT)","11.04.2020 00:00 - 11.04.2020 01:00 (CET/CEST)","73","252","382"
"Italy (IT)","11.04.2020 01:00 - 11.04.2020 02:00 (CET/CEST)","137","306","415"
"Italy (IT)","11.04.2020 02:00 - 11.04.2020 03:00 (CET/CEST)","142","305","353"
"Italy (IT)","11.04.2020 03:00 - 11.04.2020 04:00 (CET/CEST)","143","304","367"
"Italy (IT)","11.04.2020 04:00 - 11.04.2020 05:00 (CET/CEST)","145","303","324"
"Italy (IT)","11.04.2020 05:00 - 11.04.2020 06:00 (CET/CEST)","127","444","331"
"Italy (IT)","11.04.2020 06:00 - 11.04.2020 07:00 (CET/CEST)","111","503","395"
"Italy (IT)","11.04.2020 07:00 - 11.04.2020 08:00 (CET/CEST)","419","","392"
"Italy (IT)","11.04.2020 08:00 - 11.04.2020 09:00 (CET/CEST)","592","","347"
"Italy (IT)","11.04.2020 09:00 - 11.04.2020 10:00 (CET/CEST)","423","1","230"
"Italy (IT)","11.04.2020 10:00 - 11.04.2020 11:00 (CET/CEST)","294","697","203"
"Italy (IT)","11.04.2020 11:00 - 11.04.2020 12:00 (CET/CEST)","105","1458","177"
"Italy (IT)","11.04.2020 12:00 - 11.04.2020 13:00 (CET/CEST)","0","1220","159"
"Italy (IT)","11.04.2020 13:00 - 11.04.2020 14:00 (CET/CEST)","0","1571","159"
"Italy (IT)","11.04.2020 14:00 - 11.04.2020 15:00 (CET/CEST)","0","1570","159"
"Italy (IT)","11.04.2020 15:00 - 11.04.2020 16:00 (CET/CEST)","0","1509","162"
"Italy (IT)","11.04.2020 16:00 - 11.04.2020 17:00 (CET/CEST)","55","823","206"
"Italy (IT)","11.04.2020 17:00 - 11.04.2020 18:00 (CET/CEST)","459","","322"
"Italy (IT)","11.04.2020 18:00 - 11.04.2020 19:00 (CET/CEST)","1923","","681"
"Italy (IT)","11.04.2020 19:00 - 11.04.2020 20:00 (CET/CEST)","2331","","989"
"Italy (IT)","11.04.2020 20:00 - 11.04.2020 21:00 (CET/CEST)","2262","","1153"
"Italy (IT)","11.04.2020 21:00 - 11.04.2020 22:00 (CET/CEST)","1641","","996"
"Italy (IT)","11.04.2020 22:00 - 11.04.2020 23:00 (CET/CEST)","1525","160","837"
"Italy (IT)","11.04.2020 23:00 - 12.04.2020 00:00 (CET/CEST)","79","146","649"
"Italy (IT)","12.04.2020 00:00 - 12.04.2020 01:00 (CET/CEST)","6","84","466"
"Italy (IT)","12.04.2020 01:00 - 12.04.2020 02:00 (CET/CEST)","5","158","369"
"Italy (IT)","12.04.2020 02:00 - 12.04.2020 03:00 (CET/CEST)","5","213","280"
"Italy (IT)","12.04.2020 03:00 - 12.04.2020 04:00 (CET/CEST)","5","199","261"
"Italy (IT)","12.04.2020 04:00 - 12.04.2020 05:00 (CET/CEST)","45","212","270"
"Italy (IT)","12.04.2020 05:00 - 12.04.2020 06:00 (CET/CEST)","76","155","277"
"Italy (IT)","12.04.2020 06:00 - 12.04.2020 07:00 (CET/CEST)","74","156","272"
"Italy (IT)","12.04.2020 07:00 - 12.04.2020 08:00 (CET/CEST)","0","383","178"
"Italy (IT)","12.04.2020 08:00 - 12.04.2020 09:00 (CET/CEST)","0","1005","197"
"Italy (IT)","12.04.2020 09:00 - 12.04.2020 10:00 (CET/CEST)","0","1584","194"
"Italy (IT)","12.04.2020 10:00 - 12.04.2020 11:00 (CET/CEST)","","2009","190"
"Italy (IT)","12.04.2020 11:00 - 12.04.2020 12:00 (CET/CEST)","","1477","188"
"Italy (IT)","12.04.2020 12:00 - 12.04.2020 13:00 (CET/CEST)","","761","187"
"Italy (IT)","12.04.2020 13:00 - 12.04.2020 14:00 (CET/CEST)","","2047","187"
"Italy (IT)","12.04.2020 14:00 - 12.04.2020 15:00 (CET/CEST)","","3529","186"
"Italy (IT)","12.04.2020 15:00 - 12.04.2020 16:00 (CET/CEST)","","2964","190"
"Italy (IT)","12.04.2020 16:00 - 12.04.2020 17:00 (CET/CEST)","","1114","227"
"Italy (IT)","12.04.2020 17:00 - 12.04.2020 18:00 (CET/CEST)","473","453","263"
"Italy (IT)","12.04.2020 18:00 - 12.04.2020 19:00 (CET/CEST)","1259","76","381"
"Italy (IT)","12.04.2020 19:00 - 12.04.2020 20:00 (CET/CEST)","2017","","692"
"Italy (IT)","12.04.2020 20:00 - 12.04.2020 21:00 (CET/CEST)","2600","","711"
"Italy (IT)","12.04.2020 21:00 - 12.04.2020 22:00 (CET/CEST)","2665","","615"
"Italy (IT)","12.04.2020 22:00 - 12.04.2020 23:00 (CET/CEST)","959","","505"
"Italy (IT)","12.04.2020 23:00 - 13.04.2020 00:00 (CET/CEST)","346","","474"
"Italy (IT)","13.04.2020 00:00 - 13.04.2020 01:00 (CET/CEST)","164","4","500"
"Italy (IT)","13.04.2020 01:00 - 13.04.2020 02:00 (CET/CEST)","1","100","414"
"Italy (IT)","13.04.2020 02:00 - 13.04.2020 03:00 (CET/CEST)","0","342","346"
"Italy (IT)","13.04.2020 03:00 - 13.04.2020 04:00 (CET/CEST)","0","340","293"
"Italy (IT)","13.04.2020 04:00 - 13.04.2020 05:00 (CET/CEST)","5","340","301"
"Italy (IT)","13.04.2020 05:00 - 13.04.2020 06:00 (CET/CEST)","55","340","358"
"Italy (IT)","13.04.2020 06:00 - 13.04.2020 07:00 (CET/CEST)","55","335","341"
"Italy (IT)","13.04.2020 07:00 - 13.04.2020 08:00 (CET/CEST)","25","351","249"
"Italy (IT)","13.04.2020 08:00 - 13.04.2020 09:00 (CET/CEST)","0","661","248"
"Italy (IT)","13.04.2020 09:00 - 13.04.2020 10:00 (CET/CEST)","0","1394","222"
"Italy (IT)","13.04.2020 10:00 - 13.04.2020 11:00 (CET/CEST)","","1733","185"
"Italy (IT)","13.04.2020 11:00 - 13.04.2020 12:00 (CET/CEST)","","2518","190"
"Italy (IT)","13.04.2020 12:00 - 13.04.2020 13:00 (CET/CEST)","","1672","178"
"Italy (IT)","13.04.2020 13:00 - 13.04.2020 14:00 (CET/CEST)","","2042","150"
"Italy (IT)","13.04.2020 14:00 - 13.04.2020 15:00 (CET/CEST)","","3184","152"
"Italy (IT)","13.04.2020 15:00 - 13.04.2020 16:00 (CET/CEST)","","2230","180"
"Italy (IT)","13.04.2020 16:00 - 13.04.2020 17:00 (CET/CEST)","","1896","229"
"Italy (IT)","13.04.2020 17:00 - 13.04.2020 18:00 (CET/CEST)","","1457","298"
"Italy (IT)","13.04.2020 18:00 - 13.04.2020 19:00 (CET/CEST)","66","412","547"
"Italy (IT)","13.04.2020 19:00 - 13.04.2020 20:00 (CET/CEST)","207","109","759"
"Italy (IT)","13.04.2020 20:00 - 13.04.2020 21:00 (CET/CEST)","366","2","933"
"Italy (IT)","13.04.2020 21:00 - 13.04.2020 22:00 (CET/CEST)","264","2","721"
"Italy (IT)","13.04.2020 22:00 - 13.04.2020 23:00 (CET/CEST)","170","2","561"
"Italy (IT)","13.04.2020 23:00 - 14.04.2020 00:00 (CET/CEST)","1","118","465"
"Italy (IT)","14.04.2020 00:00 - 14.04.2020 01:00 (CET/CEST)","10","261","391"
"Italy (IT)","14.04.2020 01:00 - 14.04.2020 02:00 (CET/CEST)","9","122","297"
"Italy (IT)","14.04.2020 02:00 - 14.04.2020 03:00 (CET/CEST)","8","423","233"
"Italy (IT)","14.04.2020 03:00 - 14.04.2020 04:00 (CET/CEST)","9","577","234"
"Italy (IT)","14.04.2020 04:00 - 14.04.2020 05:00 (CET/CEST)","9","616","250"
"Italy (IT)","14.04.2020 05:00 - 14.04.2020 06:00 (CET/CEST)","8","744","278"
"Italy (IT)","14.04.2020 06:00 - 14.04.2020 07:00 (CET/CEST)","9","554","428"
"Italy (IT)","14.04.2020 07:00 - 14.04.2020 08:00 (CET/CEST)","9","236","733"
"Italy (IT)","14.04.2020 08:00 - 14.04.2020 09:00 (CET/CEST)","7","222","962"
"Italy (IT)","14.04.2020 09:00 - 14.04.2020 10:00 (CET/CEST)","0","225","967"
"Italy (IT)","14.04.2020 10:00 - 14.04.2020 11:00 (CET/CEST)","32","219","801"
"Italy (IT)","14.04.2020 11:00 - 14.04.2020 12:00 (CET/CEST)","67","308","713"
"Italy (IT)","14.04.2020 12:00 - 14.04.2020 13:00 (CET/CEST)","0","444","658"
"Italy (IT)","14.04.2020 13:00 - 14.04.2020 14:00 (CET/CEST)","0","685","598"
"Italy (IT)","14.04.2020 14:00 - 14.04.2020 15:00 (CET/CEST)","","776","587"
"Italy (IT)","14.04.2020 15:00 - 14.04.2020 16:00 (CET/CEST)","0","857","675"
"Italy (IT)","14.04.2020 16:00 - 14.04.2020 17:00 (CET/CEST)","0","275","688"
"Italy (IT)","14.04.2020 17:00 - 14.04.2020 18:00 (CET/CEST)","169","25","570"
"Italy (IT)","14.04.2020 18:00 - 14.04.2020 19:00 (CET/CEST)","0","110","572"
"Italy (IT)","14.04.2020 19:00 - 14.04.2020 20:00 (CET/CEST)","186","80","729"
"Italy (IT)","14.04.2020 20:00 - 14.04.2020 21:00 (CET/CEST)","472","","994"
"Italy (IT)","14.04.2020 21:00 - 14.04.2020 22:00 (CET/CEST)","384","","820"
"Italy (IT)","14.04.2020 22:00 - 14.04.2020 23:00 (CET/CEST)","407","","596"
"Italy (IT)","14.04.2020 23:00 - 15.04.2020 00:00 (CET/CEST)","193","38","551"
"Italy (IT)","15.04.2020 00:00 - 15.04.2020 01:00 (CET/CEST)","8","332","360"
"Italy (IT)","15.04.2020 01:00 - 15.04.2020 02:00 (CET/CEST)","","400","377"
"Italy (IT)","15.04.2020 02:00 - 15.04.2020 03:00 (CET/CEST)","0","218","393"
"Italy (IT)","15.04.2020 03:00 - 15.04.2020 04:00 (CET/CEST)","94","249","298"
"Italy (IT)","15.04.2020 04:00 - 15.04.2020 05:00 (CET/CEST)","93","284","327"
"Italy (IT)","15.04.2020 05:00 - 15.04.2020 06:00 (CET/CEST)","151","269","433"
"Italy (IT)","15.04.2020 06:00 - 15.04.2020 07:00 (CET/CEST)","151","140","617"
"Italy (IT)","15.04.2020 07:00 - 15.04.2020 08:00 (CET/CEST)","91","143","787"
"Italy (IT)","15.04.2020 08:00 - 15.04.2020 09:00 (CET/CEST)","78","87","828"
"Italy (IT)","15.04.2020 09:00 - 15.04.2020 10:00 (CET/CEST)","13","93","748"
"Italy (IT)","15.04.2020 10:00 - 15.04.2020 11:00 (CET/CEST)","13","349","734"
"Italy (IT)","15.04.2020 11:00 - 15.04.2020 12:00 (CET/CEST)","10","449","694"
"Italy (IT)","15.04.2020 12:00 - 15.04.2020 13:00 (CET/CEST)","12","411","611"
"Italy (IT)","15.04.2020 13:00 - 15.04.2020 14:00 (CET/CEST)","12","454","406"
"Italy (IT)","15.04.2020 14:00 - 15.04.2020 15:00 (CET/CEST)","11","481","407"
"Italy (IT)","15.04.2020 15:00 - 15.04.2020 16:00 (CET/CEST)","8","583","429"
"Italy (IT)","15.04.2020 16:00 - 15.04.2020 17:00 (CET/CEST)","287","126","732"
"Italy (IT)","15.04.2020 17:00 - 15.04.2020 18:00 (CET/CEST)","512","","842"
"Italy (IT)","15.04.2020 18:00 - 15.04.2020 19:00 (CET/CEST)","811","","1037"
"Italy (IT)","15.04.2020 19:00 - 15.04.2020 20:00 (CET/CEST)","1017","","1413"
"Italy (IT)","15.04.2020 20:00 - 15.04.2020 21:00 (CET/CEST)","1561","","1621"
"Italy (IT)","15.04.2020 21:00 - 15.04.2020 22:00 (CET/CEST)","770","","1319"
"Italy (IT)","15.04.2020 22:00 - 15.04.2020 23:00 (CET/CEST)","483","","1079"
"Italy (IT)","15.04.2020 23:00 - 16.04.2020 00:00 (CET/CEST)","329","","915"
"Italy (IT)","16.04.2020 00:00 - 16.04.2020 01:00 (CET/CEST)","224","119","501"
"Italy (IT)","16.04.2020 01:00 - 16.04.2020 02:00 (CET/CEST)","79","533","408"
"Italy (IT)","16.04.2020 02:00 - 16.04.2020 03:00 (CET/CEST)","60","532","333"
"Italy (IT)","16.04.2020 03:00 - 16.04.2020 04:00 (CET/CEST)","53","570","328"
"Italy (IT)","16.04.2020 04:00 - 16.04.2020 05:00 (CET/CEST)","40","589","331"
"Italy (IT)","16.04.2020 05:00 - 16.04.2020 06:00 (CET/CEST)","","576","376"
"Italy (IT)","16.04.2020 06:00 - 16.04.2020 07:00 (CET/CEST)","","529","812"
"Italy (IT)","16.04.2020 07:00 - 16.04.2020 08:00 (CET/CEST)","40","159","841"
"Italy (IT)","16.04.2020 08:00 - 16.04.2020 09:00 (CET/CEST)","74","81","930"
"Italy (IT)","16.04.2020 09:00 - 16.04.2020 10:00 (CET/CEST)","74","16","885"
"Italy (IT)","16.04.2020 10:00 - 16.04.2020 11:00 (CET/CEST)","74","3","727"
"Italy (IT)","16.04.2020 11:00 - 16.04.2020 12:00 (CET/CEST)","68","4","661"
"Italy (IT)","16.04.2020 12:00 - 16.04.2020 13:00 (CET/CEST)","0","289","502"
"Italy (IT)","16.04.2020 13:00 - 16.04.2020 14:00 (CET/CEST)","","438","480"
"Italy (IT)","16.04.2020 14:00 - 16.04.2020 15:00 (CET/CEST)","","330","486"
"Italy (IT)","16.04.2020 15:00 - 16.04.2020 16:00 (CET/CEST)","3","2","534"
"Italy (IT)","16.04.2020 16:00 - 16.04.2020 17:00 (CET/CEST)","4","2","672"
"Italy (IT)","16.04.2020 17:00 - 16.04.2020 18:00 (CET/CEST)","286","2","860"
"Italy (IT)","16.04.2020 18:00 - 16.04.2020 19:00 (CET/CEST)","323","39","941"
"Italy (IT)","16.04.2020 19:00 - 16.04.2020 20:00 (CET/CEST)","523","","1199"
"Italy (IT)","16.04.2020 20:00 - 16.04.2020 21:00 (CET/CEST)","641","","1378"
"Italy (IT)","16.04.2020 21:00 - 16.04.2020 22:00 (CET/CEST)","272","94","1214"
"Italy (IT)","16.04.2020 22:00 - 16.04.2020 23:00 (CET/CEST)","156","136","1020"
"Italy (IT)","16.04.2020 23:00 - 17.04.2020 00:00 (CET/CEST)","155","246","771"
"Italy (IT)","17.04.2020 00:00 - 17.04.2020 01:00 (CET/CEST)","0","441","683"
"Italy (IT)","17.04.2020 01:00 - 17.04.2020 02:00 (CET/CEST)","0","477","487"
"Italy (IT)","17.04.2020 02:00 - 17.04.2020 03:00 (CET/CEST)","0","496","480"
"Italy (IT)","17.04.2020 03:00 - 17.04.2020 04:00 (CET/CEST)","0","769","485"
"Italy (IT)","17.04.2020 04:00 - 17.04.2020 05:00 (CET/CEST)","0","829","480"
"Italy (IT)","17.04.2020 05:00 - 17.04.2020 06:00 (CET/CEST)","0","825","591"
"Italy (IT)","17.04.2020 06:00 - 17.04.2020 07:00 (CET/CEST)","102","503","739"
"Italy (IT)","17.04.2020 07:00 - 17.04.2020 08:00 (CET/CEST)","153","126","990"
"Italy (IT)","17.04.2020 08:00 - 17.04.2020 09:00 (CET/CEST)","271","","1140"
"Italy (IT)","17.04.2020 09:00 - 17.04.2020 10:00 (CET/CEST)","44","60","1165"
"Italy (IT)","17.04.2020 10:00 - 17.04.2020 11:00 (CET/CEST)","63","1","1002"
"Italy (IT)","17.04.2020 11:00 - 17.04.2020 12:00 (CET/CEST)","58","3","808"
"Italy (IT)","17.04.2020 12:00 - 17.04.2020 13:00 (CET/CEST)","53","59","610"
"Italy (IT)","17.04.2020 13:00 - 17.04.2020 14:00 (CET/CEST)","53","62","562"
"Italy (IT)","17.04.2020 14:00 - 17.04.2020 15:00 (CET/CEST)","53","59","571"
"Italy (IT)","17.04.2020 15:00 - 17.04.2020 16:00 (CET/CEST)","96","1","629"
"Italy (IT)","17.04.2020 16:00 - 17.04.2020 17:00 (CET/CEST)","233","","854"
"Italy (IT)","17.04.2020 17:00 - 17.04.2020 18:00 (CET/CEST)","168","101","1113"
"Italy (IT)","17.04.2020 18:00 - 17.04.2020 19:00 (CET/CEST)","533","79","1196"
"Italy (IT)","17.04.2020 19:00 - 17.04.2020 20:00 (CET/CEST)","1063","23","1253"
"Italy (IT)","17.04.2020 20:00 - 17.04.2020 21:00 (CET/CEST)","1397","","1579"
"Italy (IT)","17.04.2020 21:00 - 17.04.2020 22:00 (CET/CEST)","576","","1304"
"Italy (IT)","17.04.2020 22:00 - 17.04.2020 23:00 (CET/CEST)","230","9","1106"
"Italy (IT)","17.04.2020 23:00 - 18.04.2020 00:00 (CET/CEST)","249","31","969"
"Italy (IT)","18.04.2020 00:00 - 18.04.2020 01:00 (CET/CEST)","674","25","888"
"Italy (IT)","18.04.2020 01:00 - 18.04.2020 02:00 (CET/CEST)","336","245","710"
"Italy (IT)","18.04.2020 02:00 - 18.04.2020 03:00 (CET/CEST)","130","256","554"
"Italy (IT)","18.04.2020 03:00 - 18.04.2020 04:00 (CET/CEST)","120","522","531"
"Italy (IT)","18.04.2020 04:00 - 18.04.2020 05:00 (CET/CEST)","185","641","729"
"Italy (IT)","18.04.2020 05:00 - 18.04.2020 06:00 (CET/CEST)","189","637","796"
"Italy (IT)","18.04.2020 06:00 - 18.04.2020 07:00 (CET/CEST)","179","637","834"
"Italy (IT)","18.04.2020 07:00 - 18.04.2020 08:00 (CET/CEST)","260","627","815"
"Italy (IT)","18.04.2020 08:00 - 18.04.2020 09:00 (CET/CEST)","154","465","817"
"Italy (IT)","18.04.2020 09:00 - 18.04.2020 10:00 (CET/CEST)","89","81","514"
"Italy (IT)","18.04.2020 10:00 - 18.04.2020 11:00 (CET/CEST)","16","81","338"
"Italy (IT)","18.04.2020 11:00 - 18.04.2020 12:00 (CET/CEST)","45","","297"
"Italy (IT)","18.04.2020 12:00 - 18.04.2020 13:00 (CET/CEST)","159","","127"
"Italy (IT)","18.04.2020 13:00 - 18.04.2020 14:00 (CET/CEST)","107","11","112"
"Italy (IT)","18.04.2020 14:00 - 18.04.2020 15:00 (CET/CEST)","0","499","117"
"Italy (IT)","18.04.2020 15:00 - 18.04.2020 16:00 (CET/CEST)","19","458","207"
"Italy (IT)","18.04.2020 16:00 - 18.04.2020 17:00 (CET/CEST)","305","248","514"
"Italy (IT)","18.04.2020 17:00 - 18.04.2020 18:00 (CET/CEST)","418","52","588"
"Italy (IT)","18.04.2020 18:00 - 18.04.2020 19:00 (CET/CEST)","642","2","878"
"Italy (IT)","18.04.2020 19:00 - 18.04.2020 20:00 (CET/CEST)","1344","","1151"
"Italy (IT)","18.04.2020 20:00 - 18.04.2020 21:00 (CET/CEST)","1927","","1554"
"Italy (IT)","18.04.2020 21:00 - 18.04.2020 22:00 (CET/CEST)","1299","","1087"
"Italy (IT)","18.04.2020 22:00 - 18.04.2020 23:00 (CET/CEST)","673","","778"
"Italy (IT)","18.04.2020 23:00 - 19.04.2020 00:00 (CET/CEST)","411","","453"
"Italy (IT)","19.04.2020 00:00 - 19.04.2020 01:00 (CET/CEST)","282","45","595"
"Italy (IT)","19.04.2020 01:00 - 19.04.2020 02:00 (CET/CEST)","10","212","493"
"Italy (IT)","19.04.2020 02:00 - 19.04.2020 03:00 (CET/CEST)","8","238","420"
"Italy (IT)","19.04.2020 03:00 - 19.04.2020 04:00 (CET/CEST)","8","238","315"
"Italy (IT)","19.04.2020 04:00 - 19.04.2020 05:00 (CET/CEST)","8","237","258"
"Italy (IT)","19.04.2020 05:00 - 19.04.2020 06:00 (CET/CEST)","80","237","348"
"Italy (IT)","19.04.2020 06:00 - 19.04.2020 07:00 (CET/CEST)","0","534","396"
"Italy (IT)","19.04.2020 07:00 - 19.04.2020 08:00 (CET/CEST)","24","1424","381"
"Italy (IT)","19.04.2020 08:00 - 19.04.2020 09:00 (CET/CEST)","53","1368","475"
"Italy (IT)","19.04.2020 09:00 - 19.04.2020 10:00 (CET/CEST)","55","1529","447"
"Italy (IT)","19.04.2020 10:00 - 19.04.2020 11:00 (CET/CEST)","88","1467","288"
"Italy (IT)","19.04.2020 11:00 - 19.04.2020 12:00 (CET/CEST)","230","1675","204"
"Italy (IT)","19.04.2020 12:00 - 19.04.2020 13:00 (CET/CEST)","248","1709","168"
"Italy (IT)","19.04.2020 13:00 - 19.04.2020 14:00 (CET/CEST)","117","1795","110"
"Italy (IT)","19.04.2020 14:00 - 19.04.2020 15:00 (CET/CEST)","33","2292","91"
"Italy (IT)","19.04.2020 15:00 - 19.04.2020 16:00 (CET/CEST)","0","1579","91"
"Italy (IT)","19.04.2020 16:00 - 19.04.2020 17:00 (CET/CEST)","0","491","137"
"Italy (IT)","19.04.2020 17:00 - 19.04.2020 18:00 (CET/CEST)","151","","340"
"Italy (IT)","19.04.2020 18:00 - 19.04.2020 19:00 (CET/CEST)","434","","732"
"Italy (IT)","19.04.2020 19:00 - 19.04.2020 20:00 (CET/CEST)","619","","962"
"Italy (IT)","19.04.2020 20:00 - 19.04.2020 21:00 (CET/CEST)","769","","1329"
"Italy (IT)","19.04.2020 21:00 - 19.04.2020 22:00 (CET/CEST)","336","","963"
"Italy (IT)","19.04.2020 22:00 - 19.04.2020 23:00 (CET/CEST)","113","","794"
"Italy (IT)","19.04.2020 23:00 - 20.04.2020 00:00 (CET/CEST)","51","145","564"
"Italy (IT)","20.04.2020 00:00 - 20.04.2020 01:00 (CET/CEST)","4","830","381"
"Italy (IT)","20.04.2020 01:00 - 20.04.2020 02:00 (CET/CEST)","11","1168","292"
"Italy (IT)","20.04.2020 02:00 - 20.04.2020 03:00 (CET/CEST)","10","1744","241"
"Italy (IT)","20.04.2020 03:00 - 20.04.2020 04:00 (CET/CEST)","11","1831","237"
"Italy (IT)","20.04.2020 04:00 - 20.04.2020 05:00 (CET/CEST)","11","1829","253"
"Italy (IT)","20.04.2020 05:00 - 20.04.2020 06:00 (CET/CEST)","10","1792","317"
"Italy (IT)","20.04.2020 06:00 - 20.04.2020 07:00 (CET/CEST)","8","987","469"
"Italy (IT)","20.04.2020 07:00 - 20.04.2020 08:00 (CET/CEST)","0","866","624"
"Italy (IT)","20.04.2020 08:00 - 20.04.2020 09:00 (CET/CEST)","9","117","943"
"Italy (IT)","20.04.2020 09:00 - 20.04.2020 10:00 (CET/CEST)","459","","1228"
"Italy (IT)","20.04.2020 10:00 - 20.04.2020 11:00 (CET/CEST)","827","","1388"
"Italy (IT)","20.04.2020 11:00 - 20.04.2020 12:00 (CET/CEST)","900","","1562"
"Italy (IT)","20.04.2020 12:00 - 20.04.2020 13:00 (CET/CEST)","572","","1484"
"Italy (IT)","20.04.2020 13:00 - 20.04.2020 14:00 (CET/CEST)","565","","1465"
"Italy (IT)","20.04.2020 14:00 - 20.04.2020 15:00 (CET/CEST)","559","","1478"
"Italy (IT)","20.04.2020 15:00 - 20.04.2020 16:00 (CET/CEST)","676","","1462"
"Italy (IT)","20.04.2020 16:00 - 20.04.2020 17:00 (CET/CEST)","615","","1485"
"Italy (IT)","20.04.2020 17:00 - 20.04.2020 18:00 (CET/CEST)","325","","1278"
"Italy (IT)","20.04.2020 18:00 - 20.04.2020 19:00 (CET/CEST)","106","","1043"
"Italy (IT)","20.04.2020 19:00 - 20.04.2020 20:00 (CET/CEST)","304","","1041"
"Italy (IT)","20.04.2020 20:00 - 20.04.2020 21:00 (CET/CEST)","492","","1085"
"Italy (IT)","20.04.2020 21:00 - 20.04.2020 22:00 (CET/CEST)","355","","942"
"Italy (IT)","20.04.2020 22:00 - 20.04.2020 23:00 (CET/CEST)","230","","695"
"Italy (IT)","20.04.2020 23:00 - 21.04.2020 00:00 (CET/CEST)","209","7","495"
"Italy (IT)","21.04.2020 00:00 - 21.04.2020 01:00 (CET/CEST)","68","118","291"
"Italy (IT)","21.04.2020 01:00 - 21.04.2020 02:00 (CET/CEST)","","480","295"
"Italy (IT)","21.04.2020 02:00 - 21.04.2020 03:00 (CET/CEST)","","644","260"
"Italy (IT)","21.04.2020 03:00 - 21.04.2020 04:00 (CET/CEST)","0","1279","250"
"Italy (IT)","21.04.2020 04:00 - 21.04.2020 05:00 (CET/CEST)","0","1934","254"
"Italy (IT)","21.04.2020 05:00 - 21.04.2020 06:00 (CET/CEST)","0","1774","280"
"Italy (IT)","21.04.2020 06:00 - 21.04.2020 07:00 (CET/CEST)","0","401","462"
"Italy (IT)","21.04.2020 07:00 - 21.04.2020 08:00 (CET/CEST)","170","120","650"
"Italy (IT)","21.04.2020 08:00 - 21.04.2020 09:00 (CET/CEST)","167","","1019"
"Italy (IT)","21.04.2020 09:00 - 21.04.2020 10:00 (CET/CEST)","71","","1113"
"Italy (IT)","21.04.2020 10:00 - 21.04.2020 11:00 (CET/CEST)","71","","1081"
"Italy (IT)","21.04.2020 11:00 - 21.04.2020 12:00 (CET/CEST)","71","","1063"
"Italy (IT)","21.04.2020 12:00 - 21.04.2020 13:00 (CET/CEST)","71","1","927"
"Italy (IT)","21.04.2020 13:00 - 21.04.2020 14:00 (CET/CEST)","71","1","796"
"Italy (IT)","21.04.2020 14:00 - 21.04.2020 15:00 (CET/CEST)","71","","805"
"Italy (IT)","21.04.2020 15:00 - 21.04.2020 16:00 (CET/CEST)","71","","761"
"Italy (IT)","21.04.2020 16:00 - 21.04.2020 17:00 (CET/CEST)","71","","794"
"Italy (IT)","21.04.2020 17:00 - 21.04.2020 18:00 (CET/CEST)","71","","782"
"Italy (IT)","21.04.2020 18:00 - 21.04.2020 19:00 (CET/CEST)","94","","877"
"Italy (IT)","21.04.2020 19:00 - 21.04.2020 20:00 (CET/CEST)","455","","1042"
"Italy (IT)","21.04.2020 20:00 - 21.04.2020 21:00 (CET/CEST)","761","","1164"
"Italy (IT)","21.04.2020 21:00 - 21.04.2020 22:00 (CET/CEST)","328","","1053"
"Italy (IT)","21.04.2020 22:00 - 21.04.2020 23:00 (CET/CEST)","229","","949"
"Italy (IT)","21.04.2020 23:00 - 22.04.2020 00:00 (CET/CEST)","228","","556"
"Italy (IT)","22.04.2020 00:00 - 22.04.2020 01:00 (CET/CEST)","210","66","486"
"Italy (IT)","22.04.2020 01:00 - 22.04.2020 02:00 (CET/CEST)","0","534","361"
"Italy (IT)","22.04.2020 02:00 - 22.04.2020 03:00 (CET/CEST)","0","880","317"
"Italy (IT)","22.04.2020 03:00 - 22.04.2020 04:00 (CET/CEST)","0","1049","317"
"Italy (IT)","22.04.2020 04:00 - 22.04.2020 05:00 (CET/CEST)","0","1475","321"
"Italy (IT)","22.04.2020 05:00 - 22.04.2020 06:00 (CET/CEST)","0","1185","407"
"Italy (IT)","22.04.2020 06:00 - 22.04.2020 07:00 (CET/CEST)","20","330","768"
"Italy (IT)","22.04.2020 07:00 - 22.04.2020 08:00 (CET/CEST)","167","333","851"
"Italy (IT)","22.04.2020 08:00 - 22.04.2020 09:00 (CET/CEST)","87","249","1060"
"Italy (IT)","22.04.2020 09:00 - 22.04.2020 10:00 (CET/CEST)","0","63","1081"
"Italy (IT)","22.04.2020 10:00 - 22.04.2020 11:00 (CET/CEST)","0","3","1063"
"Italy (IT)","22.04.2020 11:00 - 22.04.2020 12:00 (CET/CEST)","0","1","916"
"Italy (IT)","22.04.2020 12:00 - 22.04.2020 13:00 (CET/CEST)","71","33","750"
"Italy (IT)","22.04.2020 13:00 - 22.04.2020 14:00 (CET/CEST)","71","86","771"
"Italy (IT)","22.04.2020 14:00 - 22.04.2020 15:00 (CET/CEST)","0","170","848"
"Italy (IT)","22.04.2020 15:00 - 22.04.2020 16:00 (CET/CEST)","0","231","850"
"Italy (IT)","22.04.2020 16:00 - 22.04.2020 17:00 (CET/CEST)","71","126","861"
"Italy (IT)","22.04.2020 17:00 - 22.04.2020 18:00 (CET/CEST)","80","65","928"
"Italy (IT)","22.04.2020 18:00 - 22.04.2020 19:00 (CET/CEST)","248","","1039"
"Italy (IT)","22.04.2020 19:00 - 22.04.2020 20:00 (CET/CEST)","411","","1153"
"Italy (IT)","22.04.2020 20:00 - 22.04.2020 21:00 (CET/CEST)","575","","1300"
"Italy (IT)","22.04.2020 21:00 - 22.04.2020 22:00 (CET/CEST)","398","","1004"
"Italy (IT)","22.04.2020 22:00 - 22.04.2020 23:00 (CET/CEST)","134","81","840"
"Italy (IT)","22.04.2020 23:00 - 23.04.2020 00:00 (CET/CEST)","4","83","642"
"Italy (IT)","23.04.2020 00:00 - 23.04.2020 01:00 (CET/CEST)","78","155","478"
"Italy (IT)","23.04.2020 01:00 - 23.04.2020 02:00 (CET/CEST)","25","362","421"
"Italy (IT)","23.04.2020 02:00 - 23.04.2020 03:00 (CET/CEST)","0","369","382"
"Italy (IT)","23.04.2020 03:00 - 23.04.2020 04:00 (CET/CEST)","0","369","393"
"Italy (IT)","23.04.2020 04:00 - 23.04.2020 05:00 (CET/CEST)","0","373","390"
"Italy (IT)","23.04.2020 05:00 - 23.04.2020 06:00 (CET/CEST)","0","333","498"
"Italy (IT)","23.04.2020 06:00 - 23.04.2020 07:00 (CET/CEST)","71","170","769"
"Italy (IT)","23.04.2020 07:00 - 23.04.2020 08:00 (CET/CEST)","73","80","892"
"Italy (IT)","23.04.2020 08:00 - 23.04.2020 09:00 (CET/CEST)","376","80","1207"
"Italy (IT)","23.04.2020 09:00 - 23.04.2020 10:00 (CET/CEST)","375","21","826"
"Italy (IT)","23.04.2020 10:00 - 23.04.2020 11:00 (CET/CEST)","578","2","738"
"Italy (IT)","23.04.2020 11:00 - 23.04.2020 12:00 (CET/CEST)","710","2","690"
"Italy (IT)","23.04.2020 12:00 - 23.04.2020 13:00 (CET/CEST)","709","","580"
"Italy (IT)","23.04.2020 13:00 - 23.04.2020 14:00 (CET/CEST)","333","","562"
"Italy (IT)","23.04.2020 14:00 - 23.04.2020 15:00 (CET/CEST)","219","","573"
"Italy (IT)","23.04.2020 15:00 - 23.04.2020 16:00 (CET/CEST)","0","1","585"
"Italy (IT)","23.04.2020 16:00 - 23.04.2020 17:00 (CET/CEST)","0","17","713"
"Italy (IT)","23.04.2020 17:00 - 23.04.2020 18:00 (CET/CEST)","53","78","825"
"Italy (IT)","23.04.2020 18:00 - 23.04.2020 19:00 (CET/CEST)","466","20","1153"
"Italy (IT)","23.04.2020 19:00 - 23.04.2020 20:00 (CET/CEST)","632","","1419"
"Italy (IT)","23.04.2020 20:00 - 23.04.2020 21:00 (CET/CEST)","878","","1511"
"Italy (IT)","23.04.2020 21:00 - 23.04.2020 22:00 (CET/CEST)","771","","1398"
"Italy (IT)","23.04.2020 22:00 - 23.04.2020 23:00 (CET/CEST)","359","","1119"
"Italy (IT)","23.04.2020 23:00 - 24.04.2020 00:00 (CET/CEST)","125","","758"
"Italy (IT)","24.04.2020 00:00 - 24.04.2020 01:00 (CET/CEST)","89","45","582"
"Italy (IT)","24.04.2020 01:00 - 24.04.2020 02:00 (CET/CEST)","37","99","453"
"Italy (IT)","24.04.2020 02:00 - 24.04.2020 03:00 (CET/CEST)","171","230","415"
"Italy (IT)","24.04.2020 03:00 - 24.04.2020 04:00 (CET/CEST)","1","322","412"
"Italy (IT)","24.04.2020 04:00 - 24.04.2020 05:00 (CET/CEST)","0","534","518"
"Italy (IT)","24.04.2020 05:00 - 24.04.2020 06:00 (CET/CEST)","0","460","774"
"Italy (IT)","24.04.2020 06:00 - 24.04.2020 07:00 (CET/CEST)","300","366","1194"
"Italy (IT)","24.04.2020 07:00 - 24.04.2020 08:00 (CET/CEST)","877","","1159"
"Italy (IT)","24.04.2020 08:00 - 24.04.2020 09:00 (CET/CEST)","885","65","1480"
"Italy (IT)","24.04.2020 09:00 - 24.04.2020 10:00 (CET/CEST)","1085","45","980"
"Italy (IT)","24.04.2020 10:00 - 24.04.2020 11:00 (CET/CEST)","907","","893"
"Italy (IT)","24.04.2020 11:00 - 24.04.2020 12:00 (CET/CEST)","387","59","776"
"Italy (IT)","24.04.2020 12:00 - 24.04.2020 13:00 (CET/CEST)","78","204","626"
"Italy (IT)","24.04.2020 13:00 - 24.04.2020 14:00 (CET/CEST)","78","180","573"
"Italy (IT)","24.04.2020 14:00 - 24.04.2020 15:00 (CET/CEST)","81","60","563"
"Italy (IT)","24.04.2020 15:00 - 24.04.2020 16:00 (CET/CEST)","78","59","598"
"Italy (IT)","24.04.2020 16:00 - 24.04.2020 17:00 (CET/CEST)","78","58","672"
"Italy (IT)","24.04.2020 17:00 - 24.04.2020 18:00 (CET/CEST)","343","","831"
"Italy (IT)","24.04.2020 18:00 - 24.04.2020 19:00 (CET/CEST)","493","13","1105"
"Italy (IT)","24.04.2020 19:00 - 24.04.2020 20:00 (CET/CEST)","1247","150","1287"
"Italy (IT)","24.04.2020 20:00 - 24.04.2020 21:00 (CET/CEST)","1144","78","1589"
"Italy (IT)","24.04.2020 21:00 - 24.04.2020 22:00 (CET/CEST)","1064","78","1181"
"Italy (IT)","24.04.2020 22:00 - 24.04.2020 23:00 (CET/CEST)","833","39","903"
"Italy (IT)","24.04.2020 23:00 - 25.04.2020 00:00 (CET/CEST)","342","","809"
"Italy (IT)","25.04.2020 00:00 - 25.04.2020 01:00 (CET/CEST)","230","38","585"
"Italy (IT)","25.04.2020 01:00 - 25.04.2020 02:00 (CET/CEST)","229","78","435"
"Italy (IT)","25.04.2020 02:00 - 25.04.2020 03:00 (CET/CEST)","159","143","390"
"Italy (IT)","25.04.2020 03:00 - 25.04.2020 04:00 (CET/CEST)","159","156","308"
"Italy (IT)","25.04.2020 04:00 - 25.04.2020 05:00 (CET/CEST)","0","389","330"
"Italy (IT)","25.04.2020 05:00 - 25.04.2020 06:00 (CET/CEST)","0","416","363"
"Italy (IT)","25.04.2020 06:00 - 25.04.2020 07:00 (CET/CEST)","7","414","411"
"Italy (IT)","25.04.2020 07:00 - 25.04.2020 08:00 (CET/CEST)","3","368","461"
"Italy (IT)","25.04.2020 08:00 - 25.04.2020 09:00 (CET/CEST)","160","67","475"
"Italy (IT)","25.04.2020 09:00 - 25.04.2020 10:00 (CET/CEST)","109","44","469"
"Italy (IT)","25.04.2020 10:00 - 25.04.2020 11:00 (CET/CEST)","78","119","450"
"Italy (IT)","25.04.2020 11:00 - 25.04.2020 12:00 (CET/CEST)","79","453","457"
"Italy (IT)","25.04.2020 12:00 - 25.04.2020 13:00 (CET/CEST)","79","907","394"
"Italy (IT)","25.04.2020 13:00 - 25.04.2020 14:00 (CET/CEST)","62","1249","362"
"Italy (IT)","25.04.2020 14:00 - 25.04.2020 15:00 (CET/CEST)","0","1980","334"
"Italy (IT)","25.04.2020 15:00 - 25.04.2020 16:00 (CET/CEST)","0","1206","319"
"Italy (IT)","25.04.2020 16:00 - 25.04.2020 17:00 (CET/CEST)","0","967","715"
"Italy (IT)","25.04.2020 17:00 - 25.04.2020 18:00 (CET/CEST)","0","585","828"
"Italy (IT)","25.04.2020 18:00 - 25.04.2020 19:00 (CET/CEST)","520","122","672"
"Italy (IT)","25.04.2020 19:00 - 25.04.2020 20:00 (CET/CEST)","999","","962"
"Italy (IT)","25.04.2020 20:00 - 25.04.2020 21:00 (CET/CEST)","1094","","1303"
"Italy (IT)","25.04.2020 21:00 - 25.04.2020 22:00 (CET/CEST)","1076","","785"
"Italy (IT)","25.04.2020 22:00 - 25.04.2020 23:00 (CET/CEST)","1018","","638"
"Italy (IT)","25.04.2020 23:00 - 26.04.2020 00:00 (CET/CEST)","324","","565"
"Italy (IT)","26.04.2020 00:00 - 26.04.2020 01:00 (CET/CEST)","475","","523"
"Italy (IT)","26.04.2020 01:00 - 26.04.2020 02:00 (CET/CEST)","410","1","365"
"Italy (IT)","26.04.2020 02:00 - 26.04.2020 03:00 (CET/CEST)","168","","320"
"Italy (IT)","26.04.2020 03:00 - 26.04.2020 04:00 (CET/CEST)","126","","321"
"Italy (IT)","26.04.2020 04:00 - 26.04.2020 05:00 (CET/CEST)","122","","387"
"Italy (IT)","26.04.2020 05:00 - 26.04.2020 06:00 (CET/CEST)","114","16","401"
"Italy (IT)","26.04.2020 06:00 - 26.04.2020 07:00 (CET/CEST)","53","66","425"
"Italy (IT)","26.04.2020 07:00 - 26.04.2020 08:00 (CET/CEST)","53","183","469"
"Italy (IT)","26.04.2020 08:00 - 26.04.2020 09:00 (CET/CEST)","53","451","468"
"Italy (IT)","26.04.2020 09:00 - 26.04.2020 10:00 (CET/CEST)","53","813","431"
"Italy (IT)","26.04.2020 10:00 - 26.04.2020 11:00 (CET/CEST)","53","1090","341"
"Italy (IT)","26.04.2020 11:00 - 26.04.2020 12:00 (CET/CEST)","53","1595","340"
"Italy (IT)","26.04.2020 12:00 - 26.04.2020 13:00 (CET/CEST)","0","1426","253"
"Italy (IT)","26.04.2020 13:00 - 26.04.2020 14:00 (CET/CEST)","0","1364","252"
"Italy (IT)","26.04.2020 14:00 - 26.04.2020 15:00 (CET/CEST)","0","1987","249"
"Italy (IT)","26.04.2020 15:00 - 26.04.2020 16:00 (CET/CEST)","0","2441","250"
"Italy (IT)","26.04.2020 16:00 - 26.04.2020 17:00 (CET/CEST)","0","1276","283"
"Italy (IT)","26.04.2020 17:00 - 26.04.2020 18:00 (CET/CEST)","41","514","616"
"Italy (IT)","26.04.2020 18:00 - 26.04.2020 19:00 (CET/CEST)","514","508","969"
"Italy (IT)","26.04.2020 19:00 - 26.04.2020 20:00 (CET/CEST)","1208","","904"
"Italy (IT)","26.04.2020 20:00 - 26.04.2020 21:00 (CET/CEST)","980","","1254"
"Italy (IT)","26.04.2020 21:00 - 26.04.2020 22:00 (CET/CEST)","701","","1074"
"Italy (IT)","26.04.2020 22:00 - 26.04.2020 23:00 (CET/CEST)","322","","998"
"Italy (IT)","26.04.2020 23:00 - 27.04.2020 00:00 (CET/CEST)","248","","671"
"Italy (IT)","27.04.2020 00:00 - 27.04.2020 01:00 (CET/CEST)","241","","497"
"Italy (IT)","27.04.2020 01:00 - 27.04.2020 02:00 (CET/CEST)","5","62","410"
"Italy (IT)","27.04.2020 02:00 - 27.04.2020 03:00 (CET/CEST)","6","306","356"
"Italy (IT)","27.04.2020 03:00 - 27.04.2020 04:00 (CET/CEST)","5","520","352"
"Italy (IT)","27.04.2020 04:00 - 27.04.2020 05:00 (CET/CEST)","6","545","355"
"Italy (IT)","27.04.2020 05:00 - 27.04.2020 06:00 (CET/CEST)","87","543","352"
"Italy (IT)","27.04.2020 06:00 - 27.04.2020 07:00 (CET/CEST)","159","339","526"
"Italy (IT)","27.04.2020 07:00 - 27.04.2020 08:00 (CET/CEST)","152","253","783"
"Italy (IT)","27.04.2020 08:00 - 27.04.2020 09:00 (CET/CEST)","281","253","1285"
"Italy (IT)","27.04.2020 09:00 - 27.04.2020 10:00 (CET/CEST)","232","229","1214"
"Italy (IT)","27.04.2020 10:00 - 27.04.2020 11:00 (CET/CEST)","50","","867"
"Italy (IT)","27.04.2020 11:00 - 27.04.2020 12:00 (CET/CEST)","49","","728"
"Italy (IT)","27.04.2020 12:00 - 27.04.2020 13:00 (CET/CEST)","49","","668"
"Italy (IT)","27.04.2020 13:00 - 27.04.2020 14:00 (CET/CEST)","49","25","562"
"Italy (IT)","27.04.2020 14:00 - 27.04.2020 15:00 (CET/CEST)","49","114","500"
"Italy (IT)","27.04.2020 15:00 - 27.04.2020 16:00 (CET/CEST)","50","157","616"
"Italy (IT)","27.04.2020 16:00 - 27.04.2020 17:00 (CET/CEST)","49","133","755"
"Italy (IT)","27.04.2020 17:00 - 27.04.2020 18:00 (CET/CEST)","50","38","717"
"Italy (IT)","27.04.2020 18:00 - 27.04.2020 19:00 (CET/CEST)","245","6","949"
"Italy (IT)","27.04.2020 19:00 - 27.04.2020 20:00 (CET/CEST)","408","12","1143"
"Italy (IT)","27.04.2020 20:00 - 27.04.2020 21:00 (CET/CEST)","1011","","1121"
"Italy (IT)","27.04.2020 21:00 - 27.04.2020 22:00 (CET/CEST)","709","","1043"
"Italy (IT)","27.04.2020 22:00 - 27.04.2020 23:00 (CET/CEST)","551","","773"
"Italy (IT)","27.04.2020 23:00 - 28.04.2020 00:00 (CET/CEST)","317","179","527"
"Italy (IT)","28.04.2020 00:00 - 28.04.2020 01:00 (CET/CEST)","109","138","370"
"Italy (IT)","28.04.2020 01:00 - 28.04.2020 02:00 (CET/CEST)","0","597","355"
"Italy (IT)","28.04.2020 02:00 - 28.04.2020 03:00 (CET/CEST)","0","1051","336"
"Italy (IT)","28.04.2020 03:00 - 28.04.2020 04:00 (CET/CEST)","0","1142","343"
"Italy (IT)","28.04.2020 04:00 - 28.04.2020 05:00 (CET/CEST)","0","1367","402"
"Italy (IT)","28.04.2020 05:00 - 28.04.2020 06:00 (CET/CEST)","0","924","411"
"Italy (IT)","28.04.2020 06:00 - 28.04.2020 07:00 (CET/CEST)","49","396","631"
"Italy (IT)","28.04.2020 07:00 - 28.04.2020 08:00 (CET/CEST)","96","186","763"
"Italy (IT)","28.04.2020 08:00 - 28.04.2020 09:00 (CET/CEST)","256","","834"
"Italy (IT)","28.04.2020 09:00 - 28.04.2020 10:00 (CET/CEST)","173","55","998"
"Italy (IT)","28.04.2020 10:00 - 28.04.2020 11:00 (CET/CEST)","41","292","865"
"Italy (IT)","28.04.2020 11:00 - 28.04.2020 12:00 (CET/CEST)","0","526","1144"
"Italy (IT)","28.04.2020 12:00 - 28.04.2020 13:00 (CET/CEST)","39","453","1178"
"Italy (IT)","28.04.2020 13:00 - 28.04.2020 14:00 (CET/CEST)","39","470","893"
"Italy (IT)","28.04.2020 14:00 - 28.04.2020 15:00 (CET/CEST)","49","364","744"
"Italy (IT)","28.04.2020 15:00 - 28.04.2020 16:00 (CET/CEST)","247","177","795"
"Italy (IT)","28.04.2020 16:00 - 28.04.2020 17:00 (CET/CEST)","197","155","967"
"Italy (IT)","28.04.2020 17:00 - 28.04.2020 18:00 (CET/CEST)","201","147","1020"
"Italy (IT)","28.04.2020 18:00 - 28.04.2020 19:00 (CET/CEST)","609","78","1167"
"Italy (IT)","28.04.2020 19:00 - 28.04.2020 20:00 (CET/CEST)","870","","1184"
"Italy (IT)","28.04.2020 20:00 - 28.04.2020 21:00 (CET/CEST)","1230","","1277"
"Italy (IT)","28.04.2020 21:00 - 28.04.2020 22:00 (CET/CEST)","1109","","1138"
"Italy (IT)","28.04.2020 22:00 - 28.04.2020 23:00 (CET/CEST)","536","","913"
"Italy (IT)","28.04.2020 23:00 - 29.04.2020 00:00 (CET/CEST)","284","243","731"
"Italy (IT)","29.04.2020 00:00 - 29.04.2020 01:00 (CET/CEST)","60","308","419"
"Italy (IT)","29.04.2020 01:00 - 29.04.2020 02:00 (CET/CEST)","55","385","368"
"Italy (IT)","29.04.2020 02:00 - 29.04.2020 03:00 (CET/CEST)","55","496","363"
"Italy (IT)","29.04.2020 03:00 - 29.04.2020 04:00 (CET/CEST)","55","516","363"
"Italy (IT)","29.04.2020 04:00 - 29.04.2020 05:00 (CET/CEST)","55","515","371"
"Italy (IT)","29.04.2020 05:00 - 29.04.2020 06:00 (CET/CEST)","37","258","463"
"Italy (IT)","29.04.2020 06:00 - 29.04.2020 07:00 (CET/CEST)","151","161","760"
"Italy (IT)","29.04.2020 07:00 - 29.04.2020 08:00 (CET/CEST)","544","144","693"
"Italy (IT)","29.04.2020 08:00 - 29.04.2020 09:00 (CET/CEST)","798","45","776"
"Italy (IT)","29.04.2020 09:00 - 29.04.2020 10:00 (CET/CEST)","531","6","832"
"Italy (IT)","29.04.2020 10:00 - 29.04.2020 11:00 (CET/CEST)","49","203","789"
"Italy (IT)","29.04.2020 11:00 - 29.04.2020 12:00 (CET/CEST)","49","403","755"
"Italy (IT)","29.04.2020 12:00 - 29.04.2020 13:00 (CET/CEST)","","561","604"
"Italy (IT)","29.04.2020 13:00 - 29.04.2020 14:00 (CET/CEST)","","608","479"
"Italy (IT)","29.04.2020 14:00 - 29.04.2020 15:00 (CET/CEST)","0","443","470"
"Italy (IT)","29.04.2020 15:00 - 29.04.2020 16:00 (CET/CEST)","0","305","478"
"Italy (IT)","29.04.2020 16:00 - 29.04.2020 17:00 (CET/CEST)","0","304","612"
"Italy (IT)","29.04.2020 17:00 - 29.04.2020 18:00 (CET/CEST)","189","302","803"
"Italy (IT)","29.04.2020 18:00 - 29.04.2020 19:00 (CET/CEST)","479","76","877"
"Italy (IT)","29.04.2020 19:00 - 29.04.2020 20:00 (CET/CEST)","963","","997"
"Italy (IT)","29.04.2020 20:00 - 29.04.2020 21:00 (CET/CEST)","1261","","1096"
"Italy (IT)","29.04.2020 21:00 - 29.04.2020 22:00 (CET/CEST)","1180","","1059"
"Italy (IT)","29.04.2020 22:00 - 29.04.2020 23:00 (CET/CEST)","880","","915"
"Italy (IT)","29.04.2020 23:00 - 30.04.2020 00:00 (CET/CEST)","265","42","791"
"Italy (IT)","30.04.2020 00:00 - 30.04.2020 01:00 (CET/CEST)","180","120","397"
"Italy (IT)","30.04.2020 01:00 - 30.04.2020 02:00 (CET/CEST)","106","309","395"
"Italy (IT)","30.04.2020 02:00 - 30.04.2020 03:00 (CET/CEST)","105","738","393"
"Italy (IT)","30.04.2020 03:00 - 30.04.2020 04:00 (CET/CEST)","65","624","392"
"Italy (IT)","30.04.2020 04:00 - 30.04.2020 05:00 (CET/CEST)","63","621","395"
"Italy (IT)","30.04.2020 05:00 - 30.04.2020 06:00 (CET/CEST)","63","513","404"
"Italy (IT)","30.04.2020 06:00 - 30.04.2020 07:00 (CET/CEST)","65","721","613"
"Italy (IT)","30.04.2020 07:00 - 30.04.2020 08:00 (CET/CEST)","445","632","683"
"Italy (IT)","30.04.2020 08:00 - 30.04.2020 09:00 (CET/CEST)","824","294","1034"
"Italy (IT)","30.04.2020 09:00 - 30.04.2020 10:00 (CET/CEST)","425","252","1124"
"Italy (IT)","30.04.2020 10:00 - 30.04.2020 11:00 (CET/CEST)","59","121","1161"
"Italy (IT)","30.04.2020 11:00 - 30.04.2020 12:00 (CET/CEST)","59","156","1141"
"Italy (IT)","30.04.2020 12:00 - 30.04.2020 13:00 (CET/CEST)","189","156","913"
"Italy (IT)","30.04.2020 13:00 - 30.04.2020 14:00 (CET/CEST)","486","156","946"
"Italy (IT)","30.04.2020 14:00 - 30.04.2020 15:00 (CET/CEST)","768","156","1097"
"Italy (IT)","30.04.2020 15:00 - 30.04.2020 16:00 (CET/CEST)","1130","156","1286"
"Italy (IT)","30.04.2020 16:00 - 30.04.2020 17:00 (CET/CEST)","1382","265","1440"
"Italy (IT)","30.04.2020 17:00 - 30.04.2020 18:00 (CET/CEST)","1231","217","1194"
"Italy (IT)","30.04.2020 18:00 - 30.04.2020 19:00 (CET/CEST)","1600","155","1215"
"Italy (IT)","30.04.2020 19:00 - 30.04.2020 20:00 (CET/CEST)","2240","65","1373"
"Italy (IT)","30.04.2020 20:00 - 30.04.2020 21:00 (CET/CEST)","2211","","1413"
"Italy (IT)","30.04.2020 21:00 - 30.04.2020 22:00 (CET/CEST)","1984","","1155"
"Italy (IT)","30.04.2020 22:00 - 30.04.2020 23:00 (CET/CEST)","1838","","898"
"Italy (IT)","30.04.2020 23:00 - 01.05.2020 00:00 (CET/CEST)","1028","","786"
"Italy (IT)","01.05.2020 00:00 - 01.05.2020 01:00 (CET/CEST)","970","","643"
"Italy (IT)","01.05.2020 01:00 - 01.05.2020 02:00 (CET/CEST)","497","46","569"
"Italy (IT)","01.05.2020 02:00 - 01.05.2020 03:00 (CET/CEST)","485","101","545"
"Italy (IT)","01.05.2020 03:00 - 01.05.2020 04:00 (CET/CEST)","148","72","462"
"Italy (IT)","01.05.2020 04:00 - 01.05.2020 05:00 (CET/CEST)","0","846","482"
"Italy (IT)","01.05.2020 05:00 - 01.05.2020 06:00 (CET/CEST)","19","919","492"
"Italy (IT)","01.05.2020 06:00 - 01.05.2020 07:00 (CET/CEST)","61","1690","490"
"Italy (IT)","01.05.2020 07:00 - 01.05.2020 08:00 (CET/CEST)","78","2246","441"
"Italy (IT)","01.05.2020 08:00 - 01.05.2020 09:00 (CET/CEST)","69","2167","435"
"Italy (IT)","01.05.2020 09:00 - 01.05.2020 10:00 (CET/CEST)","0","1984","426"
"Italy (IT)","01.05.2020 10:00 - 01.05.2020 11:00 (CET/CEST)","","1644","410"
"Italy (IT)","01.05.2020 11:00 - 01.05.2020 12:00 (CET/CEST)","","1482","375"
"Italy (IT)","01.05.2020 12:00 - 01.05.2020 13:00 (CET/CEST)","","867","380"
"Italy (IT)","01.05.2020 13:00 - 01.05.2020 14:00 (CET/CEST)","","1255","323"
"Italy (IT)","01.05.2020 14:00 - 01.05.2020 15:00 (CET/CEST)","","1752","323"
"Italy (IT)","01.05.2020 15:00 - 01.05.2020 16:00 (CET/CEST)","","1159","457"
"Italy (IT)","01.05.2020 16:00 - 01.05.2020 17:00 (CET/CEST)","419","482","505"
"Italy (IT)","01.05.2020 17:00 - 01.05.2020 18:00 (CET/CEST)","601","243","548"
"Italy (IT)","01.05.2020 18:00 - 01.05.2020 19:00 (CET/CEST)","984","38","838"
"Italy (IT)","01.05.2020 19:00 - 01.05.2020 20:00 (CET/CEST)","1500","","1015"
"Italy (IT)","01.05.2020 20:00 - 01.05.2020 21:00 (CET/CEST)","1621","","1556"
"Italy (IT)","01.05.2020 21:00 - 01.05.2020 22:00 (CET/CEST)","1667","","1255"
"Italy (IT)","01.05.2020 22:00 - 01.05.2020 23:00 (CET/CEST)","1419","","971"
"Italy (IT)","01.05.2020 23:00 - 02.05.2020 00:00 (CET/CEST)","590","","848"
"Italy (IT)","02.05.2020 00:00 - 02.05.2020 01:00 (CET/CEST)","0","101","447"
"Italy (IT)","02.05.2020 01:00 - 02.05.2020 02:00 (CET/CEST)","10","55","424"
"Italy (IT)","02.05.2020 02:00 - 02.05.2020 03:00 (CET/CEST)","10","151","411"
"Italy (IT)","02.05.2020 03:00 - 02.05.2020 04:00 (CET/CEST)","10","245","412"
"Italy (IT)","02.05.2020 04:00 - 02.05.2020 05:00 (CET/CEST)","","578","410"
"Italy (IT)","02.05.2020 05:00 - 02.05.2020 06:00 (CET/CEST)","0","761","406"
"Italy (IT)","02.05.2020 06:00 - 02.05.2020 07:00 (CET/CEST)","","1213","414"
"Italy (IT)","02.05.2020 07:00 - 02.05.2020 08:00 (CET/CEST)","3","1326","417"
"Italy (IT)","02.05.2020 08:00 - 02.05.2020 09:00 (CET/CEST)","52","1169","491"
"Italy (IT)","02.05.2020 09:00 - 02.05.2020 10:00 (CET/CEST)","0","687","481"
"Italy (IT)","02.05.2020 10:00 - 02.05.2020 11:00 (CET/CEST)","0","708","481"
"Italy (IT)","02.05.2020 11:00 - 02.05.2020 12:00 (CET/CEST)","","1062","498"
"Italy (IT)","02.05.2020 12:00 - 02.05.2020 13:00 (CET/CEST)","","696","477"
"Italy (IT)","02.05.2020 13:00 - 02.05.2020 14:00 (CET/CEST)","0","908","449"
"Italy (IT)","02.05.2020 14:00 - 02.05.2020 15:00 (CET/CEST)","0","1844","446"
"Italy (IT)","02.05.2020 15:00 - 02.05.2020 16:00 (CET/CEST)","0","1637","455"
"Italy (IT)","02.05.2020 16:00 - 02.05.2020 17:00 (CET/CEST)","0","1084","490"
"Italy (IT)","02.05.2020 17:00 - 02.05.2020 18:00 (CET/CEST)","15","103","751"
"Italy (IT)","02.05.2020 18:00 - 02.05.2020 19:00 (CET/CEST)","959","","1031"
"Italy (IT)","02.05.2020 19:00 - 02.05.2020 20:00 (CET/CEST)","1421","","1664"
"Italy (IT)","02.05.2020 20:00 - 02.05.2020 21:00 (CET/CEST)","1588","","1760"
"Italy (IT)","02.05.2020 21:00 - 02.05.2020 22:00 (CET/CEST)","1081","","1758"
"Italy (IT)","02.05.2020 22:00 - 02.05.2020 23:00 (CET/CEST)","526","","1324"
"Italy (IT)","02.05.2020 23:00 - 03.05.2020 00:00 (CET/CEST)","253","","968"
"Italy (IT)","03.05.2020 00:00 - 03.05.2020 01:00 (CET/CEST)","88","","707"
"Italy (IT)","03.05.2020 01:00 - 03.05.2020 02:00 (CET/CEST)","2","67","481"
"Italy (IT)","03.05.2020 02:00 - 03.05.2020 03:00 (CET/CEST)","0","391","454"
"Italy (IT)","03.05.2020 03:00 - 03.05.2020 04:00 (CET/CEST)","0","396","445"
"Italy (IT)","03.05.2020 04:00 - 03.05.2020 05:00 (CET/CEST)","0","392","444"
"Italy (IT)","03.05.2020 05:00 - 03.05.2020 06:00 (CET/CEST)","93","392","441"
"Italy (IT)","03.05.2020 06:00 - 03.05.2020 07:00 (CET/CEST)","140","334","442"
"Italy (IT)","03.05.2020 07:00 - 03.05.2020 08:00 (CET/CEST)","141","315","450"
"Italy (IT)","03.05.2020 08:00 - 03.05.2020 09:00 (CET/CEST)","0","730","508"
"Italy (IT)","03.05.2020 09:00 - 03.05.2020 10:00 (CET/CEST)","0","1618","503"
"Italy (IT)","03.05.2020 10:00 - 03.05.2020 11:00 (CET/CEST)","9","1696","501"
"Italy (IT)","03.05.2020 11:00 - 03.05.2020 12:00 (CET/CEST)","8","1697","493"
"Italy (IT)","03.05.2020 12:00 - 03.05.2020 13:00 (CET/CEST)","0","1433","471"
"Italy (IT)","03.05.2020 13:00 - 03.05.2020 14:00 (CET/CEST)","0","1384","465"
"Italy (IT)","03.05.2020 14:00 - 03.05.2020 15:00 (CET/CEST)","","1721","434"
"Italy (IT)","03.05.2020 15:00 - 03.05.2020 16:00 (CET/CEST)","","1930","441"
"Italy (IT)","03.05.2020 16:00 - 03.05.2020 17:00 (CET/CEST)","","1569","471"
"Italy (IT)","03.05.2020 17:00 - 03.05.2020 18:00 (CET/CEST)","","593","527"
"Italy (IT)","03.05.2020 18:00 - 03.05.2020 19:00 (CET/CEST)","242","80","695"
"Italy (IT)","03.05.2020 19:00 - 03.05.2020 20:00 (CET/CEST)","735","","1027"
"Italy (IT)","03.05.2020 20:00 - 03.05.2020 21:00 (CET/CEST)","603","","1220"
"Italy (IT)","03.05.2020 21:00 - 03.05.2020 22:00 (CET/CEST)","629","","1081"
"Italy (IT)","03.05.2020 22:00 - 03.05.2020 23:00 (CET/CEST)","606","","899"
"Italy (IT)","03.05.2020 23:00 - 04.05.2020 00:00 (CET/CEST)","503","","857"
"Italy (IT)","04.05.2020 00:00 - 04.05.2020 01:00 (CET/CEST)","247","","609"
"Italy (IT)","04.05.2020 01:00 - 04.05.2020 02:00 (CET/CEST)","84","390","526"
"Italy (IT)","04.05.2020 02:00 - 04.05.2020 03:00 (CET/CEST)","66","756","497"
"Italy (IT)","04.05.2020 03:00 - 04.05.2020 04:00 (CET/CEST)","56","1056","472"
"Italy (IT)","04.05.2020 04:00 - 04.05.2020 05:00 (CET/CEST)","65","1276","470"
"Italy (IT)","04.05.2020 05:00 - 04.05.2020 06:00 (CET/CEST)","67","1381","495"
"Italy (IT)","04.05.2020 06:00 - 04.05.2020 07:00 (CET/CEST)","78","759","827"
"Italy (IT)","04.05.2020 07:00 - 04.05.2020 08:00 (CET/CEST)","293","109","1107"
"Italy (IT)","04.05.2020 08:00 - 04.05.2020 09:00 (CET/CEST)","771","","988"
"Italy (IT)","04.05.2020 09:00 - 04.05.2020 10:00 (CET/CEST)","591","","1034"
"Italy (IT)","04.05.2020 10:00 - 04.05.2020 11:00 (CET/CEST)","0","281","911"
"Italy (IT)","04.05.2020 11:00 - 04.05.2020 12:00 (CET/CEST)","0","678","816"
"Italy (IT)","04.05.2020 12:00 - 04.05.2020 13:00 (CET/CEST)","0","363","587"
"Italy (IT)","04.05.2020 13:00 - 04.05.2020 14:00 (CET/CEST)","0","670","525"
"Italy (IT)","04.05.2020 14:00 - 04.05.2020 15:00 (CET/CEST)","0","687","550"
"Italy (IT)","04.05.2020 15:00 - 04.05.2020 16:00 (CET/CEST)","68","155","510"
"Italy (IT)","04.05.2020 16:00 - 04.05.2020 17:00 (CET/CEST)","0","212","610"
"Italy (IT)","04.05.2020 17:00 - 04.05.2020 18:00 (CET/CEST)","435","61","687"
"Italy (IT)","04.05.2020 18:00 - 04.05.2020 19:00 (CET/CEST)","1058","","922"
"Italy (IT)","04.05.2020 19:00 - 04.05.2020 20:00 (CET/CEST)","1498","","1193"
"Italy (IT)","04.05.2020 20:00 - 04.05.2020 21:00 (CET/CEST)","2137","","1391"
"Italy (IT)","04.05.2020 21:00 - 04.05.2020 22:00 (CET/CEST)","1751","","1288"
"Italy (IT)","04.05.2020 22:00 - 04.05.2020 23:00 (CET/CEST)","1280","","1085"
"Italy (IT)","04.05.2020 23:00 - 05.05.2020 00:00 (CET/CEST)","684","","739"
"Italy (IT)","05.05.2020 00:00 - 05.05.2020 01:00 (CET/CEST)","283","","497"
"Italy (IT)","05.05.2020 01:00 - 05.05.2020 02:00 (CET/CEST)","96","138","329"
"Italy (IT)","05.05.2020 02:00 - 05.05.2020 03:00 (CET/CEST)","0","246","329"
"Italy (IT)","05.05.2020 03:00 - 05.05.2020 04:00 (CET/CEST)","0","244","323"
"Italy (IT)","05.05.2020 04:00 - 05.05.2020 05:00 (CET/CEST)","1","242","301"
"Italy (IT)","05.05.2020 05:00 - 05.05.2020 06:00 (CET/CEST)","13","243","312"
"Italy (IT)","05.05.2020 06:00 - 05.05.2020 07:00 (CET/CEST)","17","443","825"
"Italy (IT)","05.05.2020 07:00 - 05.05.2020 08:00 (CET/CEST)","747","268","790"
"Italy (IT)","05.05.2020 08:00 - 05.05.2020 09:00 (CET/CEST)","461","","851"
"Italy (IT)","05.05.2020 09:00 - 05.05.2020 10:00 (CET/CEST)","240","","714"
"Italy (IT)","05.05.2020 10:00 - 05.05.2020 11:00 (CET/CEST)","159","8","625"
"Italy (IT)","05.05.2020 11:00 - 05.05.2020 12:00 (CET/CEST)","34","80","583"
"Italy (IT)","05.05.2020 12:00 - 05.05.2020 13:00 (CET/CEST)","68","135","449"
"Italy (IT)","05.05.2020 13:00 - 05.05.2020 14:00 (CET/CEST)","76","120","424"
"Italy (IT)","05.05.2020 14:00 - 05.05.2020 15:00 (CET/CEST)","71","193","436"
"Italy (IT)","05.05.2020 15:00 - 05.05.2020 16:00 (CET/CEST)","70","320","546"
"Italy (IT)","05.05.2020 16:00 - 05.05.2020 17:00 (CET/CEST)","153","304","617"
"Italy (IT)","05.05.2020 17:00 - 05.05.2020 18:00 (CET/CEST)","166","56","724"
"Italy (IT)","05.05.2020 18:00 - 05.05.2020 19:00 (CET/CEST)","275","","823"
"Italy (IT)","05.05.2020 19:00 - 05.05.2020 20:00 (CET/CEST)","387","","1105"
"Italy (IT)","05.05.2020 20:00 - 05.05.2020 21:00 (CET/CEST)","711","","1298"
"Italy (IT)","05.05.2020 21:00 - 05.05.2020 22:00 (CET/CEST)","546","","1030"
"Italy (IT)","05.05.2020 22:00 - 05.05.2020 23:00 (CET/CEST)","290","42","817"
"Italy (IT)","05.05.2020 23:00 - 06.05.2020 00:00 (CET/CEST)","146","375","620"
"Italy (IT)","06.05.2020 00:00 - 06.05.2020 01:00 (CET/CEST)","13","14","326"
"Italy (IT)","06.05.2020 01:00 - 06.05.2020 02:00 (CET/CEST)","70","","263"
"Italy (IT)","06.05.2020 02:00 - 06.05.2020 03:00 (CET/CEST)","70","","259"
"Italy (IT)","06.05.2020 03:00 - 06.05.2020 04:00 (CET/CEST)","66","24","264"
"Italy (IT)","06.05.2020 04:00 - 06.05.2020 05:00 (CET/CEST)","18","255","275"
"Italy (IT)","06.05.2020 05:00 - 06.05.2020 06:00 (CET/CEST)","0","502","322"
"Italy (IT)","06.05.2020 06:00 - 06.05.2020 07:00 (CET/CEST)","0","356","505"
"Italy (IT)","06.05.2020 07:00 - 06.05.2020 08:00 (CET/CEST)","0","277","742"
"Italy (IT)","06.05.2020 08:00 - 06.05.2020 09:00 (CET/CEST)","288","43","930"
"Italy (IT)","06.05.2020 09:00 - 06.05.2020 10:00 (CET/CEST)","287","","879"
"Italy (IT)","06.05.2020 10:00 - 06.05.2020 11:00 (CET/CEST)","287","50","662"
"Italy (IT)","06.05.2020 11:00 - 06.05.2020 12:00 (CET/CEST)","167","153","646"
"Italy (IT)","06.05.2020 12:00 - 06.05.2020 13:00 (CET/CEST)","72","156","555"
"Italy (IT)","06.05.2020 13:00 - 06.05.2020 14:00 (CET/CEST)","72","155","528"
"Italy (IT)","06.05.2020 14:00 - 06.05.2020 15:00 (CET/CEST)","72","238","447"
"Italy (IT)","06.05.2020 15:00 - 06.05.2020 16:00 (CET/CEST)","72","307","491"
"Italy (IT)","06.05.2020 16:00 - 06.05.2020 17:00 (CET/CEST)","72","306","512"
"Italy (IT)","06.05.2020 17:00 - 06.05.2020 18:00 (CET/CEST)","74","195","545"
"Italy (IT)","06.05.2020 18:00 - 06.05.2020 19:00 (CET/CEST)","195","81","748"
"Italy (IT)","06.05.2020 19:00 - 06.05.2020 20:00 (CET/CEST)","327","","1088"
"Italy (IT)","06.05.2020 20:00 - 06.05.2020 21:00 (CET/CEST)","857","","1191"
"Italy (IT)","06.05.2020 21:00 - 06.05.2020 22:00 (CET/CEST)","414","","1023"
"Italy (IT)","06.05.2020 22:00 - 06.05.2020 23:00 (CET/CEST)","212","","756"
"Italy (IT)","06.05.2020 23:00 - 07.05.2020 00:00 (CET/CEST)","372","","564"
"Italy (IT)","07.05.2020 00:00 - 07.05.2020 01:00 (CET/CEST)","373","","322"
"Italy (IT)","07.05.2020 01:00 - 07.05.2020 02:00 (CET/CEST)","374","","274"
"Italy (IT)","07.05.2020 02:00 - 07.05.2020 03:00 (CET/CEST)","106","441","254"
"Italy (IT)","07.05.2020 03:00 - 07.05.2020 04:00 (CET/CEST)","153","404","252"
"Italy (IT)","07.05.2020 04:00 - 07.05.2020 05:00 (CET/CEST)","126","256","260"
"Italy (IT)","07.05.2020 05:00 - 07.05.2020 06:00 (CET/CEST)","221","252","288"
"Italy (IT)","07.05.2020 06:00 - 07.05.2020 07:00 (CET/CEST)","238","252","498"
"Italy (IT)","07.05.2020 07:00 - 07.05.2020 08:00 (CET/CEST)","290","173","787"
"Italy (IT)","07.05.2020 08:00 - 07.05.2020 09:00 (CET/CEST)","366","","862"
"Italy (IT)","07.05.2020 09:00 - 07.05.2020 10:00 (CET/CEST)","376","","610"
"Italy (IT)","07.05.2020 10:00 - 07.05.2020 11:00 (CET/CEST)","202","54","488"
"Italy (IT)","07.05.2020 11:00 - 07.05.2020 12:00 (CET/CEST)","72","303","442"
"Italy (IT)","07.05.2020 12:00 - 07.05.2020 13:00 (CET/CEST)","72","302","359"
"Italy (IT)","07.05.2020 13:00 - 07.05.2020 14:00 (CET/CEST)","72","301","344"
"Italy (IT)","07.05.2020 14:00 - 07.05.2020 15:00 (CET/CEST)","72","515","357"
"Italy (IT)","07.05.2020 15:00 - 07.05.2020 16:00 (CET/CEST)","72","633","360"
"Italy (IT)","07.05.2020 16:00 - 07.05.2020 17:00 (CET/CEST)","75","387","412"
"Italy (IT)","07.05.2020 17:00 - 07.05.2020 18:00 (CET/CEST)","336","139","525"
"Italy (IT)","07.05.2020 18:00 - 07.05.2020 19:00 (CET/CEST)","720","","827"
"Italy (IT)","07.05.2020 19:00 - 07.05.2020 20:00 (CET/CEST)","899","","1158"
"Italy (IT)","07.05.2020 20:00 - 07.05.2020 21:00 (CET/CEST)","1164","","1327"
"Italy (IT)","07.05.2020 21:00 - 07.05.2020 22:00 (CET/CEST)","762","","1093"
"Italy (IT)","07.05.2020 22:00 - 07.05.2020 23:00 (CET/CEST)","756","","1001"
"Italy (IT)","07.05.2020 23:00 - 08.05.2020 00:00 (CET/CEST)","582","","772"
"Italy (IT)","08.05.2020 00:00 - 08.05.2020 01:00 (CET/CEST)","395","","408"
"Italy (IT)","08.05.2020 01:00 - 08.05.2020 02:00 (CET/CEST)","132","60","348"
"Italy (IT)","08.05.2020 02:00 - 08.05.2020 03:00 (CET/CEST)","72","244","276"
"Italy (IT)","08.05.2020 03:00 - 08.05.2020 04:00 (CET/CEST)","72","244","263"
"Italy (IT)","08.05.2020 04:00 - 08.05.2020 05:00 (CET/CEST)","73","245","260"
"Italy (IT)","08.05.2020 05:00 - 08.05.2020 06:00 (CET/CEST)","152","295","307"
"Italy (IT)","08.05.2020 06:00 - 08.05.2020 07:00 (CET/CEST)","201","487","576"
"Italy (IT)","08.05.2020 07:00 - 08.05.2020 08:00 (CET/CEST)","493","452","716"
"Italy (IT)","08.05.2020 08:00 - 08.05.2020 09:00 (CET/CEST)","567","","879"
"Italy (IT)","08.05.2020 09:00 - 08.05.2020 10:00 (CET/CEST)","425","","652"
"Italy (IT)","08.05.2020 10:00 - 08.05.2020 11:00 (CET/CEST)","197","97","541"
"Italy (IT)","08.05.2020 11:00 - 08.05.2020 12:00 (CET/CEST)","0","158","449"
"Italy (IT)","08.05.2020 12:00 - 08.05.2020 13:00 (CET/CEST)","0","158","320"
"Italy (IT)","08.05.2020 13:00 - 08.05.2020 14:00 (CET/CEST)","0","158","316"
"Italy (IT)","08.05.2020 14:00 - 08.05.2020 15:00 (CET/CEST)","0","258","330"
"Italy (IT)","08.05.2020 15:00 - 08.05.2020 16:00 (CET/CEST)","31","156","373"
"Italy (IT)","08.05.2020 16:00 - 08.05.2020 17:00 (CET/CEST)","70","156","519"
"Italy (IT)","08.05.2020 17:00 - 08.05.2020 18:00 (CET/CEST)","71","108","842"
"Italy (IT)","08.05.2020 18:00 - 08.05.2020 19:00 (CET/CEST)","366","2","1011"
"Italy (IT)","08.05.2020 19:00 - 08.05.2020 20:00 (CET/CEST)","1207","","1283"
"Italy (IT)","08.05.2020 20:00 - 08.05.2020 21:00 (CET/CEST)","1250","","1315"
"Italy (IT)","08.05.2020 21:00 - 08.05.2020 22:00 (CET/CEST)","1097","","1187"
"Italy (IT)","08.05.2020 22:00 - 08.05.2020 23:00 (CET/CEST)","357","","1074"
"Italy (IT)","08.05.2020 23:00 - 09.05.2020 00:00 (CET/CEST)","224","38","774"
"Italy (IT)","09.05.2020 00:00 - 09.05.2020 01:00 (CET/CEST)","271","","610"
"Italy (IT)","09.05.2020 01:00 - 09.05.2020 02:00 (CET/CEST)","287","","527"
"Italy (IT)","09.05.2020 02:00 - 09.05.2020 03:00 (CET/CEST)","91","83","401"
"Italy (IT)","09.05.2020 03:00 - 09.05.2020 04:00 (CET/CEST)","82","149","394"
"Italy (IT)","09.05.2020 04:00 - 09.05.2020 05:00 (CET/CEST)","82","364","358"
"Italy (IT)","09.05.2020 05:00 - 09.05.2020 06:00 (CET/CEST)","51","385","366"
"Italy (IT)","09.05.2020 06:00 - 09.05.2020 07:00 (CET/CEST)","157","323","417"
"Italy (IT)","09.05.2020 07:00 - 09.05.2020 08:00 (CET/CEST)","259","129","937"
"Italy (IT)","09.05.2020 08:00 - 09.05.2020 09:00 (CET/CEST)","316","","923"
"Italy (IT)","09.05.2020 09:00 - 09.05.2020 10:00 (CET/CEST)","316","","650"
"Italy (IT)","09.05.2020 10:00 - 09.05.2020 11:00 (CET/CEST)","246","77","478"
"Italy (IT)","09.05.2020 11:00 - 09.05.2020 12:00 (CET/CEST)","244","135","389"
"Italy (IT)","09.05.2020 12:00 - 09.05.2020 13:00 (CET/CEST)","239","141","292"
"Italy (IT)","09.05.2020 13:00 - 09.05.2020 14:00 (CET/CEST)","94","237","264"
"Italy (IT)","09.05.2020 14:00 - 09.05.2020 15:00 (CET/CEST)","","862","272"
"Italy (IT)","09.05.2020 15:00 - 09.05.2020 16:00 (CET/CEST)","","861","288"
"Italy (IT)","09.05.2020 16:00 - 09.05.2020 17:00 (CET/CEST)","","357","342"
"Italy (IT)","09.05.2020 17:00 - 09.05.2020 18:00 (CET/CEST)","535","44","588"
"Italy (IT)","09.05.2020 18:00 - 09.05.2020 19:00 (CET/CEST)","1223","","797"
"Italy (IT)","09.05.2020 19:00 - 09.05.2020 20:00 (CET/CEST)","1677","","1078"
"Italy (IT)","09.05.2020 20:00 - 09.05.2020 21:00 (CET/CEST)","1932","","1106"
"Italy (IT)","09.05.2020 21:00 - 09.05.2020 22:00 (CET/CEST)","1797","","767"
"Italy (IT)","09.05.2020 22:00 - 09.05.2020 23:00 (CET/CEST)","1504","","645"
"Italy (IT)","09.05.2020 23:00 - 10.05.2020 00:00 (CET/CEST)","1061","","495"
"Italy (IT)","10.05.2020 00:00 - 10.05.2020 01:00 (CET/CEST)","159","","388"
"Italy (IT)","10.05.2020 01:00 - 10.05.2020 02:00 (CET/CEST)","21","248","373"
"Italy (IT)","10.05.2020 02:00 - 10.05.2020 03:00 (CET/CEST)","6","249","322"
"Italy (IT)","10.05.2020 03:00 - 10.05.2020 04:00 (CET/CEST)","39","420","293"
"Italy (IT)","10.05.2020 04:00 - 10.05.2020 05:00 (CET/CEST)","31","452","286"
"Italy (IT)","10.05.2020 05:00 - 10.05.2020 06:00 (CET/CEST)","60","451","280"
"Italy (IT)","10.05.2020 06:00 - 10.05.2020 07:00 (CET/CEST)","50","361","272"
"Italy (IT)","10.05.2020 07:00 - 10.05.2020 08:00 (CET/CEST)","290","320","369"
"Italy (IT)","10.05.2020 08:00 - 10.05.2020 09:00 (CET/CEST)","508","","400"
"Italy (IT)","10.05.2020 09:00 - 10.05.2020 10:00 (CET/CEST)","479","","413"
"Italy (IT)","10.05.2020 10:00 - 10.05.2020 11:00 (CET/CEST)","141","","429"
"Italy (IT)","10.05.2020 11:00 - 10.05.2020 12:00 (CET/CEST)","0","115","427"
"Italy (IT)","10.05.2020 12:00 - 10.05.2020 13:00 (CET/CEST)","0","700","377"
"Italy (IT)","10.05.2020 13:00 - 10.05.2020 14:00 (CET/CEST)","","1503","336"
"Italy (IT)","10.05.2020 14:00 - 10.05.2020 15:00 (CET/CEST)","","2633","328"
"Italy (IT)","10.05.2020 15:00 - 10.05.2020 16:00 (CET/CEST)","","2614","349"
"Italy (IT)","10.05.2020 16:00 - 10.05.2020 17:00 (CET/CEST)","","921","334"
"Italy (IT)","10.05.2020 17:00 - 10.05.2020 18:00 (CET/CEST)","55","150","393"
"Italy (IT)","10.05.2020 18:00 - 10.05.2020 19:00 (CET/CEST)","574","15","727"
"Italy (IT)","10.05.2020 19:00 - 10.05.2020 20:00 (CET/CEST)","606","","965"
"Italy (IT)","10.05.2020 20:00 - 10.05.2020 21:00 (CET/CEST)","723","","1024"
"Italy (IT)","10.05.2020 21:00 - 10.05.2020 22:00 (CET/CEST)","362","","649"
"Italy (IT)","10.05.2020 22:00 - 10.05.2020 23:00 (CET/CEST)","198","","486"
"Italy (IT)","10.05.2020 23:00 - 11.05.2020 00:00 (CET/CEST)","157","106","402"
"Italy (IT)","11.05.2020 00:00 - 11.05.2020 01:00 (CET/CEST)","34","758","401"
"Italy (IT)","11.05.2020 01:00 - 11.05.2020 02:00 (CET/CEST)","0","929","249"
"Italy (IT)","11.05.2020 02:00 - 11.05.2020 03:00 (CET/CEST)","0","1191","228"
"Italy (IT)","11.05.2020 03:00 - 11.05.2020 04:00 (CET/CEST)","0","1291","230"
"Italy (IT)","11.05.2020 04:00 - 11.05.2020 05:00 (CET/CEST)","0","1375","252"
"Italy (IT)","11.05.2020 05:00 - 11.05.2020 06:00 (CET/CEST)","0","1112","382"
"Italy (IT)","11.05.2020 06:00 - 11.05.2020 07:00 (CET/CEST)","54","376","808"
"Italy (IT)","11.05.2020 07:00 - 11.05.2020 08:00 (CET/CEST)","528","64","936"
"Italy (IT)","11.05.2020 08:00 - 11.05.2020 09:00 (CET/CEST)","842","","1098"
"Italy (IT)","11.05.2020 09:00 - 11.05.2020 10:00 (CET/CEST)","519","","1164"
"Italy (IT)","11.05.2020 10:00 - 11.05.2020 11:00 (CET/CEST)","223","32","879"
"Italy (IT)","11.05.2020 11:00 - 11.05.2020 12:00 (CET/CEST)","21","158","749"
"Italy (IT)","11.05.2020 12:00 - 11.05.2020 13:00 (CET/CEST)","0","157","659"
"Italy (IT)","11.05.2020 13:00 - 11.05.2020 14:00 (CET/CEST)","","304","626"
"Italy (IT)","11.05.2020 14:00 - 11.05.2020 15:00 (CET/CEST)","","705","870"
"Italy (IT)","11.05.2020 15:00 - 11.05.2020 16:00 (CET/CEST)","","435","1102"
"Italy (IT)","11.05.2020 16:00 - 11.05.2020 17:00 (CET/CEST)","70","299","1142"
"Italy (IT)","11.05.2020 17:00 - 11.05.2020 18:00 (CET/CEST)","72","232","1090"
"Italy (IT)","11.05.2020 18:00 - 11.05.2020 19:00 (CET/CEST)","309","125","898"
"Italy (IT)","11.05.2020 19:00 - 11.05.2020 20:00 (CET/CEST)","614","","1145"
"Italy (IT)","11.05.2020 20:00 - 11.05.2020 21:00 (CET/CEST)","902","","1271"
"Italy (IT)","11.05.2020 21:00 - 11.05.2020 22:00 (CET/CEST)","757","","928"
"Italy (IT)","11.05.2020 22:00 - 11.05.2020 23:00 (CET/CEST)","484","","633"
"Italy (IT)","11.05.2020 23:00 - 12.05.2020 00:00 (CET/CEST)","392","","495"
"Italy (IT)","12.05.2020 00:00 - 12.05.2020 01:00 (CET/CEST)","268","36","430"
"Italy (IT)","12.05.2020 01:00 - 12.05.2020 02:00 (CET/CEST)","17","494","367"
"Italy (IT)","12.05.2020 02:00 - 12.05.2020 03:00 (CET/CEST)","0","765","354"
"Italy (IT)","12.05.2020 03:00 - 12.05.2020 04:00 (CET/CEST)","0","765","347"
"Italy (IT)","12.05.2020 04:00 - 12.05.2020 05:00 (CET/CEST)","0","752","341"
"Italy (IT)","12.05.2020 05:00 - 12.05.2020 06:00 (CET/CEST)","0","829","399"
"Italy (IT)","12.05.2020 06:00 - 12.05.2020 07:00 (CET/CEST)","4","465","622"
"Italy (IT)","12.05.2020 07:00 - 12.05.2020 08:00 (CET/CEST)","172","94","950"
"Italy (IT)","12.05.2020 08:00 - 12.05.2020 09:00 (CET/CEST)","284","","1156"
"Italy (IT)","12.05.2020 09:00 - 12.05.2020 10:00 (CET/CEST)","113","","1180"
"Italy (IT)","12.05.2020 10:00 - 12.05.2020 11:00 (CET/CEST)","167","232","718"
"Italy (IT)","12.05.2020 11:00 - 12.05.2020 12:00 (CET/CEST)","167","359","610"
"Italy (IT)","12.05.2020 12:00 - 12.05.2020 13:00 (CET/CEST)","394","301","583"
"Italy (IT)","12.05.2020 13:00 - 12.05.2020 14:00 (CET/CEST)","393","410","470"
"Italy (IT)","12.05.2020 14:00 - 12.05.2020 15:00 (CET/CEST)","392","442","502"
"Italy (IT)","12.05.2020 15:00 - 12.05.2020 16:00 (CET/CEST)","392","291","637"
"Italy (IT)","12.05.2020 16:00 - 12.05.2020 17:00 (CET/CEST)","390","125","942"
"Italy (IT)","12.05.2020 17:00 - 12.05.2020 18:00 (CET/CEST)","195","1","1078"
"Italy (IT)","12.05.2020 18:00 - 12.05.2020 19:00 (CET/CEST)","464","","1219"
"Italy (IT)","12.05.2020 19:00 - 12.05.2020 20:00 (CET/CEST)","653","","1335"
"Italy (IT)","12.05.2020 20:00 - 12.05.2020 21:00 (CET/CEST)","714","","1224"
"Italy (IT)","12.05.2020 21:00 - 12.05.2020 22:00 (CET/CEST)","422","","968"
"Italy (IT)","12.05.2020 22:00 - 12.05.2020 23:00 (CET/CEST)","234","2","790"
"Italy (IT)","12.05.2020 23:00 - 13.05.2020 00:00 (CET/CEST)","59","2","596"
"Italy (IT)","13.05.2020 00:00 - 13.05.2020 01:00 (CET/CEST)","137","13","545"
"Italy (IT)","13.05.2020 01:00 - 13.05.2020 02:00 (CET/CEST)","106","108","476"
"Italy (IT)","13.05.2020 02:00 - 13.05.2020 03:00 (CET/CEST)","0","413","458"
"Italy (IT)","13.05.2020 03:00 - 13.05.2020 04:00 (CET/CEST)","0","411","454"
"Italy (IT)","13.05.2020 04:00 - 13.05.2020 05:00 (CET/CEST)","0","738","444"
"Italy (IT)","13.05.2020 05:00 - 13.05.2020 06:00 (CET/CEST)","0","796","554"
"Italy (IT)","13.05.2020 06:00 - 13.05.2020 07:00 (CET/CEST)","0","793","872"
"Italy (IT)","13.05.2020 07:00 - 13.05.2020 08:00 (CET/CEST)","102","396","1120"
"Italy (IT)","13.05.2020 08:00 - 13.05.2020 09:00 (CET/CEST)","478","40","1623"
"Italy (IT)","13.05.2020 09:00 - 13.05.2020 10:00 (CET/CEST)","269","","1609"
"Italy (IT)","13.05.2020 10:00 - 13.05.2020 11:00 (CET/CEST)","150","","1536"
"Italy (IT)","13.05.2020 11:00 - 13.05.2020 12:00 (CET/CEST)","182","83","1549"
"Italy (IT)","13.05.2020 12:00 - 13.05.2020 13:00 (CET/CEST)","111","157","1507"
"Italy (IT)","13.05.2020 13:00 - 13.05.2020 14:00 (CET/CEST)","95","191","1078"
"Italy (IT)","13.05.2020 14:00 - 13.05.2020 15:00 (CET/CEST)","0","342","956"
"Italy (IT)","13.05.2020 15:00 - 13.05.2020 16:00 (CET/CEST)","0","361","1066"
"Italy (IT)","13.05.2020 16:00 - 13.05.2020 17:00 (CET/CEST)","","341","1165"
"Italy (IT)","13.05.2020 17:00 - 13.05.2020 18:00 (CET/CEST)","0","45","1388"
"Italy (IT)","13.05.2020 18:00 - 13.05.2020 19:00 (CET/CEST)","109","23","1084"
"Italy (IT)","13.05.2020 19:00 - 13.05.2020 20:00 (CET/CEST)","383","27","1059"
"Italy (IT)","13.05.2020 20:00 - 13.05.2020 21:00 (CET/CEST)","544","","1097"
"Italy (IT)","13.05.2020 21:00 - 13.05.2020 22:00 (CET/CEST)","344","","1019"
"Italy (IT)","13.05.2020 22:00 - 13.05.2020 23:00 (CET/CEST)","239","","837"
"Italy (IT)","13.05.2020 23:00 - 14.05.2020 00:00 (CET/CEST)","290","62","722"
"Italy (IT)","14.05.2020 00:00 - 14.05.2020 01:00 (CET/CEST)","155","437","463"
"Italy (IT)","14.05.2020 01:00 - 14.05.2020 02:00 (CET/CEST)","91","243","426"
"Italy (IT)","14.05.2020 02:00 - 14.05.2020 03:00 (CET/CEST)","70","655","417"
"Italy (IT)","14.05.2020 03:00 - 14.05.2020 04:00 (CET/CEST)","0","656","422"
"Italy (IT)","14.05.2020 04:00 - 14.05.2020 05:00 (CET/CEST)","0","1199","423"
"Italy (IT)","14.05.2020 05:00 - 14.05.2020 06:00 (CET/CEST)","0","1533","452"
"Italy (IT)","14.05.2020 06:00 - 14.05.2020 07:00 (CET/CEST)","1","681","682"
"Italy (IT)","14.05.2020 07:00 - 14.05.2020 08:00 (CET/CEST)","98","235","778"
"Italy (IT)","14.05.2020 08:00 - 14.05.2020 09:00 (CET/CEST)","140","19","997"
"Italy (IT)","14.05.2020 09:00 - 14.05.2020 10:00 (CET/CEST)","137","12","945"
"Italy (IT)","14.05.2020 10:00 - 14.05.2020 11:00 (CET/CEST)","56","1","919"
"Italy (IT)","14.05.2020 11:00 - 14.05.2020 12:00 (CET/CEST)","0","93","875"
"Italy (IT)","14.05.2020 12:00 - 14.05.2020 13:00 (CET/CEST)","0","159","786"
"Italy (IT)","14.05.2020 13:00 - 14.05.2020 14:00 (CET/CEST)","0","400","687"
"Italy (IT)","14.05.2020 14:00 - 14.05.2020 15:00 (CET/CEST)","","451","644"
"Italy (IT)","14.05.2020 15:00 - 14.05.2020 16:00 (CET/CEST)","0","207","569"
"Italy (IT)","14.05.2020 16:00 - 14.05.2020 17:00 (CET/CEST)","0","167","666"
"Italy (IT)","14.05.2020 17:00 - 14.05.2020 18:00 (CET/CEST)","374","174","911"
"Italy (IT)","14.05.2020 18:00 - 14.05.2020 19:00 (CET/CEST)","327","10","1011"
"Italy (IT)","14.05.2020 19:00 - 14.05.2020 20:00 (CET/CEST)","339","","1224"
"Italy (IT)","14.05.2020 20:00 - 14.05.2020 21:00 (CET/CEST)","527","","1366"
"Italy (IT)","14.05.2020 21:00 - 14.05.2020 22:00 (CET/CEST)","450","41","1219"
"Italy (IT)","14.05.2020 22:00 - 14.05.2020 23:00 (CET/CEST)","416","","1045"
"Italy (IT)","14.05.2020 23:00 - 15.05.2020 00:00 (CET/CEST)","254","107","900"
"Italy (IT)","15.05.2020 00:00 - 15.05.2020 01:00 (CET/CEST)","43","261","558"
"Italy (IT)","15.05.2020 01:00 - 15.05.2020 02:00 (CET/CEST)","0","322","500"
"Italy (IT)","15.05.2020 02:00 - 15.05.2020 03:00 (CET/CEST)","0","898","451"
"Italy (IT)","15.05.2020 03:00 - 15.05.2020 04:00 (CET/CEST)","0","1057","480"
"Italy (IT)","15.05.2020 04:00 - 15.05.2020 05:00 (CET/CEST)","0","1548","489"
"Italy (IT)","15.05.2020 05:00 - 15.05.2020 06:00 (CET/CEST)","0","1148","511"
"Italy (IT)","15.05.2020 06:00 - 15.05.2020 07:00 (CET/CEST)","0","687","590"
"Italy (IT)","15.05.2020 07:00 - 15.05.2020 08:00 (CET/CEST)","109","178","866"
"Italy (IT)","15.05.2020 08:00 - 15.05.2020 09:00 (CET/CEST)","339","","953"
"Italy (IT)","15.05.2020 09:00 - 15.05.2020 10:00 (CET/CEST)","278","1","982"
"Italy (IT)","15.05.2020 10:00 - 15.05.2020 11:00 (CET/CEST)","91","12","900"
"Italy (IT)","15.05.2020 11:00 - 15.05.2020 12:00 (CET/CEST)","0","215","818"
"Italy (IT)","15.05.2020 12:00 - 15.05.2020 13:00 (CET/CEST)","0","327","752"
"Italy (IT)","15.05.2020 13:00 - 15.05.2020 14:00 (CET/CEST)","0","121","596"
"Italy (IT)","15.05.2020 14:00 - 15.05.2020 15:00 (CET/CEST)","0","310","588"
"Italy (IT)","15.05.2020 15:00 - 15.05.2020 16:00 (CET/CEST)","0","206","607"
"Italy (IT)","15.05.2020 16:00 - 15.05.2020 17:00 (CET/CEST)","91","39","811"
"Italy (IT)","15.05.2020 17:00 - 15.05.2020 18:00 (CET/CEST)","111","","861"
"Italy (IT)","15.05.2020 18:00 - 15.05.2020 19:00 (CET/CEST)","240","","1050"
"Italy (IT)","15.05.2020 19:00 - 15.05.2020 20:00 (CET/CEST)","439","","1265"
"Italy (IT)","15.05.2020 20:00 - 15.05.2020 21:00 (CET/CEST)","636","","1321"
"Italy (IT)","15.05.2020 21:00 - 15.05.2020 22:00 (CET/CEST)","342","1","1238"
"Italy (IT)","15.05.2020 22:00 - 15.05.2020 23:00 (CET/CEST)","263","","1048"
"Italy (IT)","15.05.2020 23:00 - 16.05.2020 00:00 (CET/CEST)","174","","841"
"Italy (IT)","16.05.2020 00:00 - 16.05.2020 01:00 (CET/CEST)","147","","848"
"Italy (IT)","16.05.2020 01:00 - 16.05.2020 02:00 (CET/CEST)","245","55","613"
"Italy (IT)","16.05.2020 02:00 - 16.05.2020 03:00 (CET/CEST)","53","338","594"
"Italy (IT)","16.05.2020 03:00 - 16.05.2020 04:00 (CET/CEST)","53","350","589"
"Italy (IT)","16.05.2020 04:00 - 16.05.2020 05:00 (CET/CEST)","53","300","788"
"Italy (IT)","16.05.2020 05:00 - 16.05.2020 06:00 (CET/CEST)","146","497","806"
"Italy (IT)","16.05.2020 06:00 - 16.05.2020 07:00 (CET/CEST)","120","494","748"
"Italy (IT)","16.05.2020 07:00 - 16.05.2020 08:00 (CET/CEST)","157","296","807"
"Italy (IT)","16.05.2020 08:00 - 16.05.2020 09:00 (CET/CEST)","453","","988"
"Italy (IT)","16.05.2020 09:00 - 16.05.2020 10:00 (CET/CEST)","742","","1024"
"Italy (IT)","16.05.2020 10:00 - 16.05.2020 11:00 (CET/CEST)","548","17","1031"
"Italy (IT)","16.05.2020 11:00 - 16.05.2020 12:00 (CET/CEST)","548","212","820"
"Italy (IT)","16.05.2020 12:00 - 16.05.2020 13:00 (CET/CEST)","263","457","722"
"Italy (IT)","16.05.2020 13:00 - 16.05.2020 14:00 (CET/CEST)","","989","674"
"Italy (IT)","16.05.2020 14:00 - 16.05.2020 15:00 (CET/CEST)","","1522","670"
"Italy (IT)","16.05.2020 15:00 - 16.05.2020 16:00 (CET/CEST)","","794","688"
"Italy (IT)","16.05.2020 16:00 - 16.05.2020 17:00 (CET/CEST)","","349","956"
"Italy (IT)","16.05.2020 17:00 - 16.05.2020 18:00 (CET/CEST)","93","156","1263"
"Italy (IT)","16.05.2020 18:00 - 16.05.2020 19:00 (CET/CEST)","93","42","1271"
"Italy (IT)","16.05.2020 19:00 - 16.05.2020 20:00 (CET/CEST)","419","","1496"
"Italy (IT)","16.05.2020 20:00 - 16.05.2020 21:00 (CET/CEST)","927","","1386"
"Italy (IT)","16.05.2020 21:00 - 16.05.2020 22:00 (CET/CEST)","689","","1178"
"Italy (IT)","16.05.2020 22:00 - 16.05.2020 23:00 (CET/CEST)","634","","1127"
"Italy (IT)","16.05.2020 23:00 - 17.05.2020 00:00 (CET/CEST)","569","","927"
"Italy (IT)","17.05.2020 00:00 - 17.05.2020 01:00 (CET/CEST)","220","","830"
"Italy (IT)","17.05.2020 01:00 - 17.05.2020 02:00 (CET/CEST)","144","4","708"
"Italy (IT)","17.05.2020 02:00 - 17.05.2020 03:00 (CET/CEST)","54","254","563"
"Italy (IT)","17.05.2020 03:00 - 17.05.2020 04:00 (CET/CEST)","54","251","536"
"Italy (IT)","17.05.2020 04:00 - 17.05.2020 05:00 (CET/CEST)","54","250","563"
"Italy (IT)","17.05.2020 05:00 - 17.05.2020 06:00 (CET/CEST)","94","246","560"
"Italy (IT)","17.05.2020 06:00 - 17.05.2020 07:00 (CET/CEST)","53","469","548"
"Italy (IT)","17.05.2020 07:00 - 17.05.2020 08:00 (CET/CEST)","231","","538"
"Italy (IT)","17.05.2020 08:00 - 17.05.2020 09:00 (CET/CEST)","610","","603"
"Italy (IT)","17.05.2020 09:00 - 17.05.2020 10:00 (CET/CEST)","364","580","652"
"Italy (IT)","17.05.2020 10:00 - 17.05.2020 11:00 (CET/CEST)","98","382","651"
"Italy (IT)","17.05.2020 11:00 - 17.05.2020 12:00 (CET/CEST)","0","560","651"
"Italy (IT)","17.05.2020 12:00 - 17.05.2020 13:00 (CET/CEST)","0","593","594"
"Italy (IT)","17.05.2020 13:00 - 17.05.2020 14:00 (CET/CEST)","0","999","580"
"Italy (IT)","17.05.2020 14:00 - 17.05.2020 15:00 (CET/CEST)","","2147","578"
"Italy (IT)","17.05.2020 15:00 - 17.05.2020 16:00 (CET/CEST)","","1851","580"
"Italy (IT)","17.05.2020 16:00 - 17.05.2020 17:00 (CET/CEST)","","1286","592"
"Italy (IT)","17.05.2020 17:00 - 17.05.2020 18:00 (CET/CEST)","0","966","626"
"Italy (IT)","17.05.2020 18:00 - 17.05.2020 19:00 (CET/CEST)","0","410","916"
"Italy (IT)","17.05.2020 19:00 - 17.05.2020 20:00 (CET/CEST)","301","11","1302"
"Italy (IT)","17.05.2020 20:00 - 17.05.2020 21:00 (CET/CEST)","538","","1403"
"Italy (IT)","17.05.2020 21:00 - 17.05.2020 22:00 (CET/CEST)","604","10","1322"
"Italy (IT)","17.05.2020 22:00 - 17.05.2020 23:00 (CET/CEST)","446","","1370"
"Italy (IT)","17.05.2020 23:00 - 18.05.2020 00:00 (CET/CEST)","446","","846"
"Italy (IT)","18.05.2020 00:00 - 18.05.2020 01:00 (CET/CEST)","207","","727"
"Italy (IT)","18.05.2020 01:00 - 18.05.2020 02:00 (CET/CEST)","120","437","508"
"Italy (IT)","18.05.2020 02:00 - 18.05.2020 03:00 (CET/CEST)","120","344","467"
"Italy (IT)","18.05.2020 03:00 - 18.05.2020 04:00 (CET/CEST)","120","724","461"
"Italy (IT)","18.05.2020 04:00 - 18.05.2020 05:00 (CET/CEST)","120","710","445"
"Italy (IT)","18.05.2020 05:00 - 18.05.2020 06:00 (CET/CEST)","137","720","566"
"Italy (IT)","18.05.2020 06:00 - 18.05.2020 07:00 (CET/CEST)","150","704","833"
"Italy (IT)","18.05.2020 07:00 - 18.05.2020 08:00 (CET/CEST)","273","22","1117"
"Italy (IT)","18.05.2020 08:00 - 18.05.2020 09:00 (CET/CEST)","187","","1236"
"Italy (IT)","18.05.2020 09:00 - 18.05.2020 10:00 (CET/CEST)","163","","1291"
"Italy (IT)","18.05.2020 10:00 - 18.05.2020 11:00 (CET/CEST)","0","6","1083"
"Italy (IT)","18.05.2020 11:00 - 18.05.2020 12:00 (CET/CEST)","0","173","937"
"Italy (IT)","18.05.2020 12:00 - 18.05.2020 13:00 (CET/CEST)","0","111","788"
"Italy (IT)","18.05.2020 13:00 - 18.05.2020 14:00 (CET/CEST)","0","145","788"
"Italy (IT)","18.05.2020 14:00 - 18.05.2020 15:00 (CET/CEST)","0","157","821"
"Italy (IT)","18.05.2020 15:00 - 18.05.2020 16:00 (CET/CEST)","0","223","964"
"Italy (IT)","18.05.2020 16:00 - 18.05.2020 17:00 (CET/CEST)","0","159","1049"
"Italy (IT)","18.05.2020 17:00 - 18.05.2020 18:00 (CET/CEST)","96","141","1060"
"Italy (IT)","18.05.2020 18:00 - 18.05.2020 19:00 (CET/CEST)","95","79","1095"
"Italy (IT)","18.05.2020 19:00 - 18.05.2020 20:00 (CET/CEST)","96","79","1221"
"Italy (IT)","18.05.2020 20:00 - 18.05.2020 21:00 (CET/CEST)","327","1","1262"
"Italy (IT)","18.05.2020 21:00 - 18.05.2020 22:00 (CET/CEST)","382","19","1213"
"Italy (IT)","18.05.2020 22:00 - 18.05.2020 23:00 (CET/CEST)","393","79","1041"
"Italy (IT)","18.05.2020 23:00 - 19.05.2020 00:00 (CET/CEST)","283","138","960"
"Italy (IT)","19.05.2020 00:00 - 19.05.2020 01:00 (CET/CEST)","383","153","809"
"Italy (IT)","19.05.2020 01:00 - 19.05.2020 02:00 (CET/CEST)","363","517","698"
"Italy (IT)","19.05.2020 02:00 - 19.05.2020 03:00 (CET/CEST)","53","716","582"
"Italy (IT)","19.05.2020 03:00 - 19.05.2020 04:00 (CET/CEST)","53","403","528"
"Italy (IT)","19.05.2020 04:00 - 19.05.2020 05:00 (CET/CEST)","53","398","492"
"Italy (IT)","19.05.2020 05:00 - 19.05.2020 06:00 (CET/CEST)","68","460","536"
"Italy (IT)","19.05.2020 06:00 - 19.05.2020 07:00 (CET/CEST)","53","372","698"
"Italy (IT)","19.05.2020 07:00 - 19.05.2020 08:00 (CET/CEST)","184","252","956"
"Italy (IT)","19.05.2020 08:00 - 19.05.2020 09:00 (CET/CEST)","247","","1124"
"Italy (IT)","19.05.2020 09:00 - 19.05.2020 10:00 (CET/CEST)","346","","1146"
"Italy (IT)","19.05.2020 10:00 - 19.05.2020 11:00 (CET/CEST)","263","","1075"
"Italy (IT)","19.05.2020 11:00 - 19.05.2020 12:00 (CET/CEST)","236","","1176"
"Italy (IT)","19.05.2020 12:00 - 19.05.2020 13:00 (CET/CEST)","245","","1067"
"Italy (IT)","19.05.2020 13:00 - 19.05.2020 14:00 (CET/CEST)","105","93","863"
"Italy (IT)","19.05.2020 14:00 - 19.05.2020 15:00 (CET/CEST)","18","127","1091"
"Italy (IT)","19.05.2020 15:00 - 19.05.2020 16:00 (CET/CEST)","227","99","1467"
"Italy (IT)","19.05.2020 16:00 - 19.05.2020 17:00 (CET/CEST)","702","","1355"
"Italy (IT)","19.05.2020 17:00 - 19.05.2020 18:00 (CET/CEST)","531","","1037"
"Italy (IT)","19.05.2020 18:00 - 19.05.2020 19:00 (CET/CEST)","487","","1225"
"Italy (IT)","19.05.2020 19:00 - 19.05.2020 20:00 (CET/CEST)","180","","1441"
"Italy (IT)","19.05.2020 20:00 - 19.05.2020 21:00 (CET/CEST)","235","","1393"
"Italy (IT)","19.05.2020 21:00 - 19.05.2020 22:00 (CET/CEST)","156","","1366"
"Italy (IT)","19.05.2020 22:00 - 19.05.2020 23:00 (CET/CEST)","135","","1085"
"Italy (IT)","19.05.2020 23:00 - 20.05.2020 00:00 (CET/CEST)","131","","975"
"Italy (IT)","20.05.2020 00:00 - 20.05.2020 01:00 (CET/CEST)","1","335","667"
"Italy (IT)","20.05.2020 01:00 - 20.05.2020 02:00 (CET/CEST)","0","343","626"
"Italy (IT)","20.05.2020 02:00 - 20.05.2020 03:00 (CET/CEST)","0","268","593"
"Italy (IT)","20.05.2020 03:00 - 20.05.2020 04:00 (CET/CEST)","0","405","584"
"Italy (IT)","20.05.2020 04:00 - 20.05.2020 05:00 (CET/CEST)","0","667","560"
"Italy (IT)","20.05.2020 05:00 - 20.05.2020 06:00 (CET/CEST)","0","582","579"
"Italy (IT)","20.05.2020 06:00 - 20.05.2020 07:00 (CET/CEST)","0","356","870"
"Italy (IT)","20.05.2020 07:00 - 20.05.2020 08:00 (CET/CEST)","124","252","1265"
"Italy (IT)","20.05.2020 08:00 - 20.05.2020 09:00 (CET/CEST)","237","64","1583"
"Italy (IT)","20.05.2020 09:00 - 20.05.2020 10:00 (CET/CEST)","182","","1617"
"Italy (IT)","20.05.2020 10:00 - 20.05.2020 11:00 (CET/CEST)","147","5","1517"
"Italy (IT)","20.05.2020 11:00 - 20.05.2020 12:00 (CET/CEST)","149","28","1289"
"Italy (IT)","20.05.2020 12:00 - 20.05.2020 13:00 (CET/CEST)","42","85","1096"
"Italy (IT)","20.05.2020 13:00 - 20.05.2020 14:00 (CET/CEST)","40","79","1007"
"Italy (IT)","20.05.2020 14:00 - 20.05.2020 15:00 (CET/CEST)","39","86","944"
"Italy (IT)","20.05.2020 15:00 - 20.05.2020 16:00 (CET/CEST)","39","227","964"
"Italy (IT)","20.05.2020 16:00 - 20.05.2020 17:00 (CET/CEST)","143","213","1132"
"Italy (IT)","20.05.2020 17:00 - 20.05.2020 18:00 (CET/CEST)","142","64","1220"
"Italy (IT)","20.05.2020 18:00 - 20.05.2020 19:00 (CET/CEST)","131","","1334"
"Italy (IT)","20.05.2020 19:00 - 20.05.2020 20:00 (CET/CEST)","135","","1428"
"Italy (IT)","20.05.2020 20:00 - 20.05.2020 21:00 (CET/CEST)","398","","1381"
"Italy (IT)","20.05.2020 21:00 - 20.05.2020 22:00 (CET/CEST)","339","","1381"
"Italy (IT)","20.05.2020 22:00 - 20.05.2020 23:00 (CET/CEST)","290","","1151"
"Italy (IT)","20.05.2020 23:00 - 21.05.2020 00:00 (CET/CEST)","358","","1035"
"Italy (IT)","21.05.2020 00:00 - 21.05.2020 01:00 (CET/CEST)","304","","700"
"Italy (IT)","21.05.2020 01:00 - 21.05.2020 02:00 (CET/CEST)","305","79","655"
"Italy (IT)","21.05.2020 02:00 - 21.05.2020 03:00 (CET/CEST)","0","273","623"
"Italy (IT)","21.05.2020 03:00 - 21.05.2020 04:00 (CET/CEST)","0","549","631"
"Italy (IT)","21.05.2020 04:00 - 21.05.2020 05:00 (CET/CEST)","0","533","591"
"Italy (IT)","21.05.2020 05:00 - 21.05.2020 06:00 (CET/CEST)","0","401","595"
"Italy (IT)","21.05.2020 06:00 - 21.05.2020 07:00 (CET/CEST)","0","138","775"
"Italy (IT)","21.05.2020 07:00 - 21.05.2020 08:00 (CET/CEST)","0","98","743"
"Italy (IT)","21.05.2020 08:00 - 21.05.2020 09:00 (CET/CEST)","0","158","862"
"Italy (IT)","21.05.2020 09:00 - 21.05.2020 10:00 (CET/CEST)","0","164","869"
"Italy (IT)","21.05.2020 10:00 - 21.05.2020 11:00 (CET/CEST)","0","209","736"
"Italy (IT)","21.05.2020 11:00 - 21.05.2020 12:00 (CET/CEST)","0","240","721"
"Italy (IT)","21.05.2020 12:00 - 21.05.2020 13:00 (CET/CEST)","0","393","860"
"Italy (IT)","21.05.2020 13:00 - 21.05.2020 14:00 (CET/CEST)","0","507","803"
"Italy (IT)","21.05.2020 14:00 - 21.05.2020 15:00 (CET/CEST)","19","485","788"
"Italy (IT)","21.05.2020 15:00 - 21.05.2020 16:00 (CET/CEST)","77","329","841"
"Italy (IT)","21.05.2020 16:00 - 21.05.2020 17:00 (CET/CEST)","11","83","852"
"Italy (IT)","21.05.2020 17:00 - 21.05.2020 18:00 (CET/CEST)","197","","915"
"Italy (IT)","21.05.2020 18:00 - 21.05.2020 19:00 (CET/CEST)","335","","1074"
"Italy (IT)","21.05.2020 19:00 - 21.05.2020 20:00 (CET/CEST)","797","","1348"
"Italy (IT)","21.05.2020 20:00 - 21.05.2020 21:00 (CET/CEST)","1064","","1501"
"Italy (IT)","21.05.2020 21:00 - 21.05.2020 22:00 (CET/CEST)","1323","","1449"
"Italy (IT)","21.05.2020 22:00 - 21.05.2020 23:00 (CET/CEST)","1128","","1400"
"Italy (IT)","21.05.2020 23:00 - 22.05.2020 00:00 (CET/CEST)","1122","","1227"
"Italy (IT)","22.05.2020 00:00 - 22.05.2020 01:00 (CET/CEST)","542","","794"
"Italy (IT)","22.05.2020 01:00 - 22.05.2020 02:00 (CET/CEST)","330","95","620"
"Italy (IT)","22.05.2020 02:00 - 22.05.2020 03:00 (CET/CEST)","300","570","541"
"Italy (IT)","22.05.2020 03:00 - 22.05.2020 04:00 (CET/CEST)","267","610","498"
"Italy (IT)","22.05.2020 04:00 - 22.05.2020 05:00 (CET/CEST)","268","581","642"
"Italy (IT)","22.05.2020 05:00 - 22.05.2020 06:00 (CET/CEST)","431","458","663"
"Italy (IT)","22.05.2020 06:00 - 22.05.2020 07:00 (CET/CEST)","370","263","895"
"Italy (IT)","22.05.2020 07:00 - 22.05.2020 08:00 (CET/CEST)","321","254","1342"
"Italy (IT)","22.05.2020 08:00 - 22.05.2020 09:00 (CET/CEST)","189","94","1482"
"Italy (IT)","22.05.2020 09:00 - 22.05.2020 10:00 (CET/CEST)","149","","1143"
"Italy (IT)","22.05.2020 10:00 - 22.05.2020 11:00 (CET/CEST)","171","1","846"
"Italy (IT)","22.05.2020 11:00 - 22.05.2020 12:00 (CET/CEST)","133","202","822"
"Italy (IT)","22.05.2020 12:00 - 22.05.2020 13:00 (CET/CEST)","13","345","1016"
"Italy (IT)","22.05.2020 13:00 - 22.05.2020 14:00 (CET/CEST)","273","275","969"
"Italy (IT)","22.05.2020 14:00 - 22.05.2020 15:00 (CET/CEST)","243","250","980"
"Italy (IT)","22.05.2020 15:00 - 22.05.2020 16:00 (CET/CEST)","244","101","1017"
"Italy (IT)","22.05.2020 16:00 - 22.05.2020 17:00 (CET/CEST)","381","","881"
"Italy (IT)","22.05.2020 17:00 - 22.05.2020 18:00 (CET/CEST)","545","","1267"
"Italy (IT)","22.05.2020 18:00 - 22.05.2020 19:00 (CET/CEST)","638","","1348"
"Italy (IT)","22.05.2020 19:00 - 22.05.2020 20:00 (CET/CEST)","1197","","1603"
"Italy (IT)","22.05.2020 20:00 - 22.05.2020 21:00 (CET/CEST)","1367","","1870"
"Italy (IT)","22.05.2020 21:00 - 22.05.2020 22:00 (CET/CEST)","1277","","1836"
"Italy (IT)","22.05.2020 22:00 - 22.05.2020 23:00 (CET/CEST)","1079","","1403"
"Italy (IT)","22.05.2020 23:00 - 23.05.2020 00:00 (CET/CEST)","985","","1100"
"Italy (IT)","23.05.2020 00:00 - 23.05.2020 01:00 (CET/CEST)","373","","755"
"Italy (IT)","23.05.2020 01:00 - 23.05.2020 02:00 (CET/CEST)","78","37","611"
"Italy (IT)","23.05.2020 02:00 - 23.05.2020 03:00 (CET/CEST)","1","165","658"
"Italy (IT)","23.05.2020 03:00 - 23.05.2020 04:00 (CET/CEST)","0","534","665"
"Italy (IT)","23.05.2020 04:00 - 23.05.2020 05:00 (CET/CEST)","0","316","693"
"Italy (IT)","23.05.2020 05:00 - 23.05.2020 06:00 (CET/CEST)","68","300","674"
"Italy (IT)","23.05.2020 06:00 - 23.05.2020 07:00 (CET/CEST)","68","333","882"
"Italy (IT)","23.05.2020 07:00 - 23.05.2020 08:00 (CET/CEST)","66","240","978"
"Italy (IT)","23.05.2020 08:00 - 23.05.2020 09:00 (CET/CEST)","166","84","1316"
"Italy (IT)","23.05.2020 09:00 - 23.05.2020 10:00 (CET/CEST)","360","","1162"
"Italy (IT)","23.05.2020 10:00 - 23.05.2020 11:00 (CET/CEST)","182","","1097"
"Italy (IT)","23.05.2020 11:00 - 23.05.2020 12:00 (CET/CEST)","36","","798"
"Italy (IT)","23.05.2020 12:00 - 23.05.2020 13:00 (CET/CEST)","0","191","772"
"Italy (IT)","23.05.2020 13:00 - 23.05.2020 14:00 (CET/CEST)","0","816","691"
"Italy (IT)","23.05.2020 14:00 - 23.05.2020 15:00 (CET/CEST)","0","1614","692"
"Italy (IT)","23.05.2020 15:00 - 23.05.2020 16:00 (CET/CEST)","0","1591","715"
"Italy (IT)","23.05.2020 16:00 - 23.05.2020 17:00 (CET/CEST)","36","572","738"
"Italy (IT)","23.05.2020 17:00 - 23.05.2020 18:00 (CET/CEST)","325","","831"
"Italy (IT)","23.05.2020 18:00 - 23.05.2020 19:00 (CET/CEST)","716","34","1151"
"Italy (IT)","23.05.2020 19:00 - 23.05.2020 20:00 (CET/CEST)","1267","79","1150"
"Italy (IT)","23.05.2020 20:00 - 23.05.2020 21:00 (CET/CEST)","1364","79","1187"
"Italy (IT)","23.05.2020 21:00 - 23.05.2020 22:00 (CET/CEST)","1114","79","1092"
"Italy (IT)","23.05.2020 22:00 - 23.05.2020 23:00 (CET/CEST)","837","79","907"
"Italy (IT)","23.05.2020 23:00 - 24.05.2020 00:00 (CET/CEST)","95","110","611"
"Italy (IT)","24.05.2020 00:00 - 24.05.2020 01:00 (CET/CEST)","0","258","528"
"Italy (IT)","24.05.2020 01:00 - 24.05.2020 02:00 (CET/CEST)","0","152","523"
"Italy (IT)","24.05.2020 02:00 - 24.05.2020 03:00 (CET/CEST)","0","403","525"
"Italy (IT)","24.05.2020 03:00 - 24.05.2020 04:00 (CET/CEST)","0","702","486"
"Italy (IT)","24.05.2020 04:00 - 24.05.2020 05:00 (CET/CEST)","0","560","540"
"Italy (IT)","24.05.2020 05:00 - 24.05.2020 06:00 (CET/CEST)","0","369","529"
"Italy (IT)","24.05.2020 06:00 - 24.05.2020 07:00 (CET/CEST)","0","636","496"
"Italy (IT)","24.05.2020 07:00 - 24.05.2020 08:00 (CET/CEST)","0","639","477"
"Italy (IT)","24.05.2020 08:00 - 24.05.2020 09:00 (CET/CEST)","0","729","558"
"Italy (IT)","24.05.2020 09:00 - 24.05.2020 10:00 (CET/CEST)","0","1067","578"
"Italy (IT)","24.05.2020 10:00 - 24.05.2020 11:00 (CET/CEST)","0","1077","570"
"Italy (IT)","24.05.2020 11:00 - 24.05.2020 12:00 (CET/CEST)","0","1129","496"
"Italy (IT)","24.05.2020 12:00 - 24.05.2020 13:00 (CET/CEST)","0","943","374"
"Italy (IT)","24.05.2020 13:00 - 24.05.2020 14:00 (CET/CEST)","0","1327","375"
"Italy (IT)","24.05.2020 14:00 - 24.05.2020 15:00 (CET/CEST)","0","2097","432"
"Italy (IT)","24.05.2020 15:00 - 24.05.2020 16:00 (CET/CEST)","0","2115","506"
"Italy (IT)","24.05.2020 16:00 - 24.05.2020 17:00 (CET/CEST)","0","1775","607"
"Italy (IT)","24.05.2020 17:00 - 24.05.2020 18:00 (CET/CEST)","0","1247","823"
"Italy (IT)","24.05.2020 18:00 - 24.05.2020 19:00 (CET/CEST)","0","764","939"
"Italy (IT)","24.05.2020 19:00 - 24.05.2020 20:00 (CET/CEST)","419","","1273"
"Italy (IT)","24.05.2020 20:00 - 24.05.2020 21:00 (CET/CEST)","925","","1598"
"Italy (IT)","24.05.2020 21:00 - 24.05.2020 22:00 (CET/CEST)","1023","","1661"
"Italy (IT)","24.05.2020 22:00 - 24.05.2020 23:00 (CET/CEST)","1057","","1226"
"Italy (IT)","24.05.2020 23:00 - 25.05.2020 00:00 (CET/CEST)","650","","845"
"Italy (IT)","25.05.2020 00:00 - 25.05.2020 01:00 (CET/CEST)","159","14","586"
"Italy (IT)","25.05.2020 01:00 - 25.05.2020 02:00 (CET/CEST)","133","301","543"
"Italy (IT)","25.05.2020 02:00 - 25.05.2020 03:00 (CET/CEST)","0","1410","494"
"Italy (IT)","25.05.2020 03:00 - 25.05.2020 04:00 (CET/CEST)","0","1485","599"
"Italy (IT)","25.05.2020 04:00 - 25.05.2020 05:00 (CET/CEST)","0","1502","594"
"Italy (IT)","25.05.2020 05:00 - 25.05.2020 06:00 (CET/CEST)","0","1323","630"
"Italy (IT)","25.05.2020 06:00 - 25.05.2020 07:00 (CET/CEST)","0","220","724"
"Italy (IT)","25.05.2020 07:00 - 25.05.2020 08:00 (CET/CEST)","262","","991"
"Italy (IT)","25.05.2020 08:00 - 25.05.2020 09:00 (CET/CEST)","417","","1062"
"Italy (IT)","25.05.2020 09:00 - 25.05.2020 10:00 (CET/CEST)","411","","1076"
"Italy (IT)","25.05.2020 10:00 - 25.05.2020 11:00 (CET/CEST)","412","38","919"
"Italy (IT)","25.05.2020 11:00 - 25.05.2020 12:00 (CET/CEST)","382","176","749"
"Italy (IT)","25.05.2020 12:00 - 25.05.2020 13:00 (CET/CEST)","284","301","719"
"Italy (IT)","25.05.2020 13:00 - 25.05.2020 14:00 (CET/CEST)","10","300","678"
"Italy (IT)","25.05.2020 14:00 - 25.05.2020 15:00 (CET/CEST)","0","804","598"
"Italy (IT)","25.05.2020 15:00 - 25.05.2020 16:00 (CET/CEST)","0","511","648"
"Italy (IT)","25.05.2020 16:00 - 25.05.2020 17:00 (CET/CEST)","153","284","677"
"Italy (IT)","25.05.2020 17:00 - 25.05.2020 18:00 (CET/CEST)","152","45","737"
"Italy (IT)","25.05.2020 18:00 - 25.05.2020 19:00 (CET/CEST)","438","","1122"
"Italy (IT)","25.05.2020 19:00 - 25.05.2020 20:00 (CET/CEST)","1193","","1477"
"Italy (IT)","25.05.2020 20:00 - 25.05.2020 21:00 (CET/CEST)","1543","","1938"
"Italy (IT)","25.05.2020 21:00 - 25.05.2020 22:00 (CET/CEST)","1076","","1970"
"Italy (IT)","25.05.2020 22:00 - 25.05.2020 23:00 (CET/CEST)","856","","1922"
"Italy (IT)","25.05.2020 23:00 - 26.05.2020 00:00 (CET/CEST)","607","","1394"
"Italy (IT)","26.05.2020 00:00 - 26.05.2020 01:00 (CET/CEST)","205","","930"
"Italy (IT)","26.05.2020 01:00 - 26.05.2020 02:00 (CET/CEST)","155","14","810"
"Italy (IT)","26.05.2020 02:00 - 26.05.2020 03:00 (CET/CEST)","13","294","778"
"Italy (IT)","26.05.2020 03:00 - 26.05.2020 04:00 (CET/CEST)","14","319","806"
"Italy (IT)","26.05.2020 04:00 - 26.05.2020 05:00 (CET/CEST)","0","393","711"
"Italy (IT)","26.05.2020 05:00 - 26.05.2020 06:00 (CET/CEST)","0","341","768"
"Italy (IT)","26.05.2020 06:00 - 26.05.2020 07:00 (CET/CEST)","53","75","987"
"Italy (IT)","26.05.2020 07:00 - 26.05.2020 08:00 (CET/CEST)","536","","1259"
"Italy (IT)","26.05.2020 08:00 - 26.05.2020 09:00 (CET/CEST)","695","2","1344"
"Italy (IT)","26.05.2020 09:00 - 26.05.2020 10:00 (CET/CEST)","107","162","1160"
"Italy (IT)","26.05.2020 10:00 - 26.05.2020 11:00 (CET/CEST)","106","238","1061"
"Italy (IT)","26.05.2020 11:00 - 26.05.2020 12:00 (CET/CEST)","144","156","942"
"Italy (IT)","26.05.2020 12:00 - 26.05.2020 13:00 (CET/CEST)","59","248","954"
"Italy (IT)","26.05.2020 13:00 - 26.05.2020 14:00 (CET/CEST)","84","248","813"
"Italy (IT)","26.05.2020 14:00 - 26.05.2020 15:00 (CET/CEST)","54","252","1033"
"Italy (IT)","26.05.2020 15:00 - 26.05.2020 16:00 (CET/CEST)","83","502","1137"
"Italy (IT)","26.05.2020 16:00 - 26.05.2020 17:00 (CET/CEST)","471","340","993"
"Italy (IT)","26.05.2020 17:00 - 26.05.2020 18:00 (CET/CEST)","648","250","1090"
"Italy (IT)","26.05.2020 18:00 - 26.05.2020 19:00 (CET/CEST)","490","130","1232"
"Italy (IT)","26.05.2020 19:00 - 26.05.2020 20:00 (CET/CEST)","395","56","1463"
"Italy (IT)","26.05.2020 20:00 - 26.05.2020 21:00 (CET/CEST)","1006","52","1558"
"Italy (IT)","26.05.2020 21:00 - 26.05.2020 22:00 (CET/CEST)","592","","1567"
"Italy (IT)","26.05.2020 22:00 - 26.05.2020 23:00 (CET/CEST)","562","","1451"
"Italy (IT)","26.05.2020 23:00 - 27.05.2020 00:00 (CET/CEST)","562","","1335"
"Italy (IT)","27.05.2020 00:00 - 27.05.2020 01:00 (CET/CEST)","199","","803"
"Italy (IT)","27.05.2020 01:00 - 27.05.2020 02:00 (CET/CEST)","16","71","783"
"Italy (IT)","27.05.2020 02:00 - 27.05.2020 03:00 (CET/CEST)","53","309","679"
"Italy (IT)","27.05.2020 03:00 - 27.05.2020 04:00 (CET/CEST)","25","291","679"
"Italy (IT)","27.05.2020 04:00 - 27.05.2020 05:00 (CET/CEST)","0","291","701"
"Italy (IT)","27.05.2020 05:00 - 27.05.2020 06:00 (CET/CEST)","91","245","759"
"Italy (IT)","27.05.2020 06:00 - 27.05.2020 07:00 (CET/CEST)","96","251","1211"
"Italy (IT)","27.05.2020 07:00 - 27.05.2020 08:00 (CET/CEST)","148","178","1332"
"Italy (IT)","27.05.2020 08:00 - 27.05.2020 09:00 (CET/CEST)","132","146","1327"
"Italy (IT)","27.05.2020 09:00 - 27.05.2020 10:00 (CET/CEST)","97","173","1224"
"Italy (IT)","27.05.2020 10:00 - 27.05.2020 11:00 (CET/CEST)","96","298","1133"
"Italy (IT)","27.05.2020 11:00 - 27.05.2020 12:00 (CET/CEST)","97","336","868"
"Italy (IT)","27.05.2020 12:00 - 27.05.2020 13:00 (CET/CEST)","92","63","796"
"Italy (IT)","27.05.2020 13:00 - 27.05.2020 14:00 (CET/CEST)","121","60","746"
"Italy (IT)","27.05.2020 14:00 - 27.05.2020 15:00 (CET/CEST)","43","60","734"
"Italy (IT)","27.05.2020 15:00 - 27.05.2020 16:00 (CET/CEST)","0","107","711"
"Italy (IT)","27.05.2020 16:00 - 27.05.2020 17:00 (CET/CEST)","116","2","914"
"Italy (IT)","27.05.2020 17:00 - 27.05.2020 18:00 (CET/CEST)","96","2","1214"
"Italy (IT)","27.05.2020 18:00 - 27.05.2020 19:00 (CET/CEST)","415","58","1457"
"Italy (IT)","27.05.2020 19:00 - 27.05.2020 20:00 (CET/CEST)","637","41","1665"
"Italy (IT)","27.05.2020 20:00 - 27.05.2020 21:00 (CET/CEST)","1113","2","1745"
"Italy (IT)","27.05.2020 21:00 - 27.05.2020 22:00 (CET/CEST)","1295","2","1639"
"Italy (IT)","27.05.2020 22:00 - 27.05.2020 23:00 (CET/CEST)","819","2","1369"
"Italy (IT)","27.05.2020 23:00 - 28.05.2020 00:00 (CET/CEST)","615","2","1162"
"Italy (IT)","28.05.2020 00:00 - 28.05.2020 01:00 (CET/CEST)","159","105","668"
"Italy (IT)","28.05.2020 01:00 - 28.05.2020 02:00 (CET/CEST)","0","365","618"
"Italy (IT)","28.05.2020 02:00 - 28.05.2020 03:00 (CET/CEST)","0","666","615"
"Italy (IT)","28.05.2020 03:00 - 28.05.2020 04:00 (CET/CEST)","0","664","616"
"Italy (IT)","28.05.2020 04:00 - 28.05.2020 05:00 (CET/CEST)","0","660","670"
"Italy (IT)","28.05.2020 05:00 - 28.05.2020 06:00 (CET/CEST)","0","569","716"
"Italy (IT)","28.05.2020 06:00 - 28.05.2020 07:00 (CET/CEST)","67","443","1043"
"Italy (IT)","28.05.2020 07:00 - 28.05.2020 08:00 (CET/CEST)","108","82","1102"
"Italy (IT)","28.05.2020 08:00 - 28.05.2020 09:00 (CET/CEST)","228","19","1098"
"Italy (IT)","28.05.2020 09:00 - 28.05.2020 10:00 (CET/CEST)","230","8","1303"
"Italy (IT)","28.05.2020 10:00 - 28.05.2020 11:00 (CET/CEST)","565","146","1079"
"Italy (IT)","28.05.2020 11:00 - 28.05.2020 12:00 (CET/CEST)","381","147","916"
"Italy (IT)","28.05.2020 12:00 - 28.05.2020 13:00 (CET/CEST)","95","162","841"
"Italy (IT)","28.05.2020 13:00 - 28.05.2020 14:00 (CET/CEST)","90","279","840"
"Italy (IT)","28.05.2020 14:00 - 28.05.2020 15:00 (CET/CEST)","90","146","1131"
"Italy (IT)","28.05.2020 15:00 - 28.05.2020 16:00 (CET/CEST)","90","146","1191"
"Italy (IT)","28.05.2020 16:00 - 28.05.2020 17:00 (CET/CEST)","210","17","1180"
"Italy (IT)","28.05.2020 17:00 - 28.05.2020 18:00 (CET/CEST)","530","54","1214"
"Italy (IT)","28.05.2020 18:00 - 28.05.2020 19:00 (CET/CEST)","1191","48","1375"
"Italy (IT)","28.05.2020 19:00 - 28.05.2020 20:00 (CET/CEST)","2267","2","1441"
"Italy (IT)","28.05.2020 20:00 - 28.05.2020 21:00 (CET/CEST)","2701","","1672"
"Italy (IT)","28.05.2020 21:00 - 28.05.2020 22:00 (CET/CEST)","2518","","1536"
"Italy (IT)","28.05.2020 22:00 - 28.05.2020 23:00 (CET/CEST)","1511","","1408"
"Italy (IT)","28.05.2020 23:00 - 29.05.2020 00:00 (CET/CEST)","307","34","1187"
"Italy (IT)","29.05.2020 00:00 - 29.05.2020 01:00 (CET/CEST)","0","53","559"
"Italy (IT)","29.05.2020 01:00 - 29.05.2020 02:00 (CET/CEST)","0","410","490"
"Italy (IT)","29.05.2020 02:00 - 29.05.2020 03:00 (CET/CEST)","0","600","546"
"Italy (IT)","29.05.2020 03:00 - 29.05.2020 04:00 (CET/CEST)","0","620","632"
"Italy (IT)","29.05.2020 04:00 - 29.05.2020 05:00 (CET/CEST)","0","795","632"
"Italy (IT)","29.05.2020 05:00 - 29.05.2020 06:00 (CET/CEST)","0","519","672"
"Italy (IT)","29.05.2020 06:00 - 29.05.2020 07:00 (CET/CEST)","120","257","847"
"Italy (IT)","29.05.2020 07:00 - 29.05.2020 08:00 (CET/CEST)","484","139","1047"
"Italy (IT)","29.05.2020 08:00 - 29.05.2020 09:00 (CET/CEST)","484","5","1232"
"Italy (IT)","29.05.2020 09:00 - 29.05.2020 10:00 (CET/CEST)","566","62","1363"
"Italy (IT)","29.05.2020 10:00 - 29.05.2020 11:00 (CET/CEST)","607","2","1231"
"Italy (IT)","29.05.2020 11:00 - 29.05.2020 12:00 (CET/CEST)","453","61","1191"
"Italy (IT)","29.05.2020 12:00 - 29.05.2020 13:00 (CET/CEST)","","570","939"
"Italy (IT)","29.05.2020 13:00 - 29.05.2020 14:00 (CET/CEST)","","618","896"
"Italy (IT)","29.05.2020 14:00 - 29.05.2020 15:00 (CET/CEST)","","562","935"
"Italy (IT)","29.05.2020 15:00 - 29.05.2020 16:00 (CET/CEST)","0","599","964"
"Italy (IT)","29.05.2020 16:00 - 29.05.2020 17:00 (CET/CEST)","3","10","1115"
"Italy (IT)","29.05.2020 17:00 - 29.05.2020 18:00 (CET/CEST)","401","80","1171"
"Italy (IT)","29.05.2020 18:00 - 29.05.2020 19:00 (CET/CEST)","1048","56","1290"
"Italy (IT)","29.05.2020 19:00 - 29.05.2020 20:00 (CET/CEST)","791","2","1273"
"Italy (IT)","29.05.2020 20:00 - 29.05.2020 21:00 (CET/CEST)","1508","2","1273"
"Italy (IT)","29.05.2020 21:00 - 29.05.2020 22:00 (CET/CEST)","1501","2","1263"
"Italy (IT)","29.05.2020 22:00 - 29.05.2020 23:00 (CET/CEST)","698","2","1151"
"Italy (IT)","29.05.2020 23:00 - 30.05.2020 00:00 (CET/CEST)","92","2","1046"
"Italy (IT)","30.05.2020 00:00 - 30.05.2020 01:00 (CET/CEST)","1","2","597"
"Italy (IT)","30.05.2020 01:00 - 30.05.2020 02:00 (CET/CEST)","0","109","499"
"Italy (IT)","30.05.2020 02:00 - 30.05.2020 03:00 (CET/CEST)","0","344","480"
"Italy (IT)","30.05.2020 03:00 - 30.05.2020 04:00 (CET/CEST)","0","540","479"
"Italy (IT)","30.05.2020 04:00 - 30.05.2020 05:00 (CET/CEST)","0","342","471"
"Italy (IT)","30.05.2020 05:00 - 30.05.2020 06:00 (CET/CEST)","5","304","505"
"Italy (IT)","30.05.2020 06:00 - 30.05.2020 07:00 (CET/CEST)","0","503","534"
"Italy (IT)","30.05.2020 07:00 - 30.05.2020 08:00 (CET/CEST)","45","629","575"
"Italy (IT)","30.05.2020 08:00 - 30.05.2020 09:00 (CET/CEST)","75","307","722"
"Italy (IT)","30.05.2020 09:00 - 30.05.2020 10:00 (CET/CEST)","195","131","846"
"Italy (IT)","30.05.2020 10:00 - 30.05.2020 11:00 (CET/CEST)","303","","851"
"Italy (IT)","30.05.2020 11:00 - 30.05.2020 12:00 (CET/CEST)","199","47","753"
"Italy (IT)","30.05.2020 12:00 - 30.05.2020 13:00 (CET/CEST)","161","81","692"
"Italy (IT)","30.05.2020 13:00 - 30.05.2020 14:00 (CET/CEST)","148","81","619"
"Italy (IT)","30.05.2020 14:00 - 30.05.2020 15:00 (CET/CEST)","149","81","619"
"Italy (IT)","30.05.2020 15:00 - 30.05.2020 16:00 (CET/CEST)","0","319","654"
"Italy (IT)","30.05.2020 16:00 - 30.05.2020 17:00 (CET/CEST)","101","247","707"
"Italy (IT)","30.05.2020 17:00 - 30.05.2020 18:00 (CET/CEST)","526","","937"
"Italy (IT)","30.05.2020 18:00 - 30.05.2020 19:00 (CET/CEST)","497","39","1334"
"Italy (IT)","30.05.2020 19:00 - 30.05.2020 20:00 (CET/CEST)","1190","63","1410"
"Italy (IT)","30.05.2020 20:00 - 30.05.2020 21:00 (CET/CEST)","1761","","1478"
"Italy (IT)","30.05.2020 21:00 - 30.05.2020 22:00 (CET/CEST)","1253","","1429"
"Italy (IT)","30.05.2020 22:00 - 30.05.2020 23:00 (CET/CEST)","615","","1395"
"Italy (IT)","30.05.2020 23:00 - 31.05.2020 00:00 (CET/CEST)","295","42","1251"
"Italy (IT)","31.05.2020 00:00 - 31.05.2020 01:00 (CET/CEST)","259","61","1115"
"Italy (IT)","31.05.2020 01:00 - 31.05.2020 02:00 (CET/CEST)","262","","947"
"Italy (IT)","31.05.2020 02:00 - 31.05.2020 03:00 (CET/CEST)","104","323","852"
"Italy (IT)","31.05.2020 03:00 - 31.05.2020 04:00 (CET/CEST)","0","406","773"
"Italy (IT)","31.05.2020 04:00 - 31.05.2020 05:00 (CET/CEST)","0","479","696"
"Italy (IT)","31.05.2020 05:00 - 31.05.2020 06:00 (CET/CEST)","45","645","559"
"Italy (IT)","31.05.2020 06:00 - 31.05.2020 07:00 (CET/CEST)","45","643","509"
"Italy (IT)","31.05.2020 07:00 - 31.05.2020 08:00 (CET/CEST)","45","626","527"
"Italy (IT)","31.05.2020 08:00 - 31.05.2020 09:00 (CET/CEST)","11","450","558"
"Italy (IT)","31.05.2020 09:00 - 31.05.2020 10:00 (CET/CEST)","0","133","551"
"Italy (IT)","31.05.2020 10:00 - 31.05.2020 11:00 (CET/CEST)","175","121","554"
"Italy (IT)","31.05.2020 11:00 - 31.05.2020 12:00 (CET/CEST)","135","122","554"
"Italy (IT)","31.05.2020 12:00 - 31.05.2020 13:00 (CET/CEST)","0","169","542"
"Italy (IT)","31.05.2020 13:00 - 31.05.2020 14:00 (CET/CEST)","0","946","412"
"Italy (IT)","31.05.2020 14:00 - 31.05.2020 15:00 (CET/CEST)","0","1276","361"
"Italy (IT)","31.05.2020 15:00 - 31.05.2020 16:00 (CET/CEST)","0","1585","368"
"Italy (IT)","31.05.2020 16:00 - 31.05.2020 17:00 (CET/CEST)","0","889","405"
"Italy (IT)","31.05.2020 17:00 - 31.05.2020 18:00 (CET/CEST)","125","382","578"
"Italy (IT)","31.05.2020 18:00 - 31.05.2020 19:00 (CET/CEST)","116","22","857"
"Italy (IT)","31.05.2020 19:00 - 31.05.2020 20:00 (CET/CEST)","407","78","1247"
"Italy (IT)","31.05.2020 20:00 - 31.05.2020 21:00 (CET/CEST)","589","12","1341"
"Italy (IT)","31.05.2020 21:00 - 31.05.2020 22:00 (CET/CEST)","772","","1410"
"Italy (IT)","31.05.2020 22:00 - 31.05.2020 23:00 (CET/CEST)","678","","1276"
"Italy (IT)","31.05.2020 23:00 - 01.06.2020 00:00 (CET/CEST)","383","13","1040"
"Italy (IT)","01.06.2020 00:00 - 01.06.2020 01:00 (CET/CEST)","111","292","549"
"Italy (IT)","01.06.2020 01:00 - 01.06.2020 02:00 (CET/CEST)","0","664","464"
"Italy (IT)","01.06.2020 02:00 - 01.06.2020 03:00 (CET/CEST)","0","899","456"
"Italy (IT)","01.06.2020 03:00 - 01.06.2020 04:00 (CET/CEST)","0","850","446"
"Italy (IT)","01.06.2020 04:00 - 01.06.2020 05:00 (CET/CEST)","0","851","472"
"Italy (IT)","01.06.2020 05:00 - 01.06.2020 06:00 (CET/CEST)","0","548","565"
"Italy (IT)","01.06.2020 06:00 - 01.06.2020 07:00 (CET/CEST)","15","637","626"
"Italy (IT)","01.06.2020 07:00 - 01.06.2020 08:00 (CET/CEST)","100","19","709"
"Italy (IT)","01.06.2020 08:00 - 01.06.2020 09:00 (CET/CEST)","337","","837"
"Italy (IT)","01.06.2020 09:00 - 01.06.2020 10:00 (CET/CEST)","286","","773"
"Italy (IT)","01.06.2020 10:00 - 01.06.2020 11:00 (CET/CEST)","160","73","612"
"Italy (IT)","01.06.2020 11:00 - 01.06.2020 12:00 (CET/CEST)","139","243","596"
"Italy (IT)","01.06.2020 12:00 - 01.06.2020 13:00 (CET/CEST)","0","318","537"
"Italy (IT)","01.06.2020 13:00 - 01.06.2020 14:00 (CET/CEST)","0","850","492"
"Italy (IT)","01.06.2020 14:00 - 01.06.2020 15:00 (CET/CEST)","0","848","471"
"Italy (IT)","01.06.2020 15:00 - 01.06.2020 16:00 (CET/CEST)","0","487","587"
"Italy (IT)","01.06.2020 16:00 - 01.06.2020 17:00 (CET/CEST)","0","41","600"
"Italy (IT)","01.06.2020 17:00 - 01.06.2020 18:00 (CET/CEST)","0","39","746"
"Italy (IT)","01.06.2020 18:00 - 01.06.2020 19:00 (CET/CEST)","229","12","802"
"Italy (IT)","01.06.2020 19:00 - 01.06.2020 20:00 (CET/CEST)","422","78","1198"
"Italy (IT)","01.06.2020 20:00 - 01.06.2020 21:00 (CET/CEST)","561","24","1389"
"Italy (IT)","01.06.2020 21:00 - 01.06.2020 22:00 (CET/CEST)","654","","1363"
"Italy (IT)","01.06.2020 22:00 - 01.06.2020 23:00 (CET/CEST)","549","1","1145"
"Italy (IT)","01.06.2020 23:00 - 02.06.2020 00:00 (CET/CEST)","513","78","857"
"Italy (IT)","02.06.2020 00:00 - 02.06.2020 01:00 (CET/CEST)","212","78","599"
"Italy (IT)","02.06.2020 01:00 - 02.06.2020 02:00 (CET/CEST)","192","","440"
"Italy (IT)","02.06.2020 02:00 - 02.06.2020 03:00 (CET/CEST)","53","187","434"
"Italy (IT)","02.06.2020 03:00 - 02.06.2020 04:00 (CET/CEST)","60","258","436"
"Italy (IT)","02.06.2020 04:00 - 02.06.2020 05:00 (CET/CEST)","62","257","429"
"Italy (IT)","02.06.2020 05:00 - 02.06.2020 06:00 (CET/CEST)","141","256","556"
"Italy (IT)","02.06.2020 06:00 - 02.06.2020 07:00 (CET/CEST)","142","255","614"
"Italy (IT)","02.06.2020 07:00 - 02.06.2020 08:00 (CET/CEST)","142","255","608"
"Italy (IT)","02.06.2020 08:00 - 02.06.2020 09:00 (CET/CEST)","143","18","663"
"Italy (IT)","02.06.2020 09:00 - 02.06.2020 10:00 (CET/CEST)","104","","672"
"Italy (IT)","02.06.2020 10:00 - 02.06.2020 11:00 (CET/CEST)","53","31","605"
"Italy (IT)","02.06.2020 11:00 - 02.06.2020 12:00 (CET/CEST)","53","32","588"
"Italy (IT)","02.06.2020 12:00 - 02.06.2020 13:00 (CET/CEST)","53","32","460"
"Italy (IT)","02.06.2020 13:00 - 02.06.2020 14:00 (CET/CEST)","53","823","368"
"Italy (IT)","02.06.2020 14:00 - 02.06.2020 15:00 (CET/CEST)","53","1491","368"
"Italy (IT)","02.06.2020 15:00 - 02.06.2020 16:00 (CET/CEST)","53","1172","382"
"Italy (IT)","02.06.2020 16:00 - 02.06.2020 17:00 (CET/CEST)","53","881","455"
"Italy (IT)","02.06.2020 17:00 - 02.06.2020 18:00 (CET/CEST)","221","71","771"
"Italy (IT)","02.06.2020 18:00 - 02.06.2020 19:00 (CET/CEST)","571","66","933"
"Italy (IT)","02.06.2020 19:00 - 02.06.2020 20:00 (CET/CEST)","1386","130","1297"
"Italy (IT)","02.06.2020 20:00 - 02.06.2020 21:00 (CET/CEST)","1244","75","1459"
"Italy (IT)","02.06.2020 21:00 - 02.06.2020 22:00 (CET/CEST)","1033","","1459"
"Italy (IT)","02.06.2020 22:00 - 02.06.2020 23:00 (CET/CEST)","652","76","1235"
"Italy (IT)","02.06.2020 23:00 - 03.06.2020 00:00 (CET/CEST)","92","108","1110"
"Italy (IT)","03.06.2020 00:00 - 03.06.2020 01:00 (CET/CEST)","53","905","884"
"Italy (IT)","03.06.2020 01:00 - 03.06.2020 02:00 (CET/CEST)","53","872","634"
"Italy (IT)","03.06.2020 02:00 - 03.06.2020 03:00 (CET/CEST)","53","823","611"
"Italy (IT)","03.06.2020 03:00 - 03.06.2020 04:00 (CET/CEST)","53","825","536"
"Italy (IT)","03.06.2020 04:00 - 03.06.2020 05:00 (CET/CEST)","53","1101","537"
"Italy (IT)","03.06.2020 05:00 - 03.06.2020 06:00 (CET/CEST)","53","1091","579"
"Italy (IT)","03.06.2020 06:00 - 03.06.2020 07:00 (CET/CEST)","53","733","709"
"Italy (IT)","03.06.2020 07:00 - 03.06.2020 08:00 (CET/CEST)","53","461","1124"
"Italy (IT)","03.06.2020 08:00 - 03.06.2020 09:00 (CET/CEST)","508","90","1146"
"Italy (IT)","03.06.2020 09:00 - 03.06.2020 10:00 (CET/CEST)","502","","1072"
"Italy (IT)","03.06.2020 10:00 - 03.06.2020 11:00 (CET/CEST)","268","28","933"
"Italy (IT)","03.06.2020 11:00 - 03.06.2020 12:00 (CET/CEST)","70","79","881"
"Italy (IT)","03.06.2020 12:00 - 03.06.2020 13:00 (CET/CEST)","0","85","672"
"Italy (IT)","03.06.2020 13:00 - 03.06.2020 14:00 (CET/CEST)","0","157","760"
"Italy (IT)","03.06.2020 14:00 - 03.06.2020 15:00 (CET/CEST)","0","158","747"
"Italy (IT)","03.06.2020 15:00 - 03.06.2020 16:00 (CET/CEST)","0","157","891"
"Italy (IT)","03.06.2020 16:00 - 03.06.2020 17:00 (CET/CEST)","0","123","934"
"Italy (IT)","03.06.2020 17:00 - 03.06.2020 18:00 (CET/CEST)","0","79","1034"
"Italy (IT)","03.06.2020 18:00 - 03.06.2020 19:00 (CET/CEST)","2","78","1140"
"Italy (IT)","03.06.2020 19:00 - 03.06.2020 20:00 (CET/CEST)","456","78","1270"
"Italy (IT)","03.06.2020 20:00 - 03.06.2020 21:00 (CET/CEST)","424","26","1272"
"Italy (IT)","03.06.2020 21:00 - 03.06.2020 22:00 (CET/CEST)","190","","1224"
"Italy (IT)","03.06.2020 22:00 - 03.06.2020 23:00 (CET/CEST)","163","","1248"
"Italy (IT)","03.06.2020 23:00 - 04.06.2020 00:00 (CET/CEST)","178","","976"
"Italy (IT)","04.06.2020 00:00 - 04.06.2020 01:00 (CET/CEST)","78","269","700"
"Italy (IT)","04.06.2020 01:00 - 04.06.2020 02:00 (CET/CEST)","79","1","609"
"Italy (IT)","04.06.2020 02:00 - 04.06.2020 03:00 (CET/CEST)","81","75","525"
"Italy (IT)","04.06.2020 03:00 - 04.06.2020 04:00 (CET/CEST)","78","313","438"
"Italy (IT)","04.06.2020 04:00 - 04.06.2020 05:00 (CET/CEST)","78","152","448"
"Italy (IT)","04.06.2020 05:00 - 04.06.2020 06:00 (CET/CEST)","158","152","512"
"Italy (IT)","04.06.2020 06:00 - 04.06.2020 07:00 (CET/CEST)","162","92","652"
"Italy (IT)","04.06.2020 07:00 - 04.06.2020 08:00 (CET/CEST)","436","","1028"
"Italy (IT)","04.06.2020 08:00 - 04.06.2020 09:00 (CET/CEST)","540","","1155"
"Italy (IT)","04.06.2020 09:00 - 04.06.2020 10:00 (CET/CEST)","777","","1460"
"Italy (IT)","04.06.2020 10:00 - 04.06.2020 11:00 (CET/CEST)","581","95","1325"
"Italy (IT)","04.06.2020 11:00 - 04.06.2020 12:00 (CET/CEST)","372","260","1201"
"Italy (IT)","04.06.2020 12:00 - 04.06.2020 13:00 (CET/CEST)","269","406","1353"
"Italy (IT)","04.06.2020 13:00 - 04.06.2020 14:00 (CET/CEST)","268","450","1290"
"Italy (IT)","04.06.2020 14:00 - 04.06.2020 15:00 (CET/CEST)","0","449","1265"
"Italy (IT)","04.06.2020 15:00 - 04.06.2020 16:00 (CET/CEST)","0","306","1185"
"Italy (IT)","04.06.2020 16:00 - 04.06.2020 17:00 (CET/CEST)","102","148","1547"
"Italy (IT)","04.06.2020 17:00 - 04.06.2020 18:00 (CET/CEST)","115","","1608"
"Italy (IT)","04.06.2020 18:00 - 04.06.2020 19:00 (CET/CEST)","127","","1538"
"Italy (IT)","04.06.2020 19:00 - 04.06.2020 20:00 (CET/CEST)","238","","1553"
"Italy (IT)","04.06.2020 20:00 - 04.06.2020 21:00 (CET/CEST)","141","","1254"
"Italy (IT)","04.06.2020 21:00 - 04.06.2020 22:00 (CET/CEST)","231","","1211"
"Italy (IT)","04.06.2020 22:00 - 04.06.2020 23:00 (CET/CEST)","140","36","1164"
"Italy (IT)","04.06.2020 23:00 - 05.06.2020 00:00 (CET/CEST)","70","69","1072"
"Italy (IT)","05.06.2020 00:00 - 05.06.2020 01:00 (CET/CEST)","0","321","613"
"Italy (IT)","05.06.2020 01:00 - 05.06.2020 02:00 (CET/CEST)","0","328","467"
"Italy (IT)","05.06.2020 02:00 - 05.06.2020 03:00 (CET/CEST)","0","376","475"
"Italy (IT)","05.06.2020 03:00 - 05.06.2020 04:00 (CET/CEST)","0","409","469"
"Italy (IT)","05.06.2020 04:00 - 05.06.2020 05:00 (CET/CEST)","0","609","469"
"Italy (IT)","05.06.2020 05:00 - 05.06.2020 06:00 (CET/CEST)","0","360","567"
"Italy (IT)","05.06.2020 06:00 - 05.06.2020 07:00 (CET/CEST)","0","81","763"
"Italy (IT)","05.06.2020 07:00 - 05.06.2020 08:00 (CET/CEST)","238","72","1116"
"Italy (IT)","05.06.2020 08:00 - 05.06.2020 09:00 (CET/CEST)","251","","1311"
"Italy (IT)","05.06.2020 09:00 - 05.06.2020 10:00 (CET/CEST)","103","55","1275"
"Italy (IT)","05.06.2020 10:00 - 05.06.2020 11:00 (CET/CEST)","24","156","1176"
"Italy (IT)","05.06.2020 11:00 - 05.06.2020 12:00 (CET/CEST)","62","155","1209"
"Italy (IT)","05.06.2020 12:00 - 05.06.2020 13:00 (CET/CEST)","46","156","994"
"Italy (IT)","05.06.2020 13:00 - 05.06.2020 14:00 (CET/CEST)","188","157","948"
"Italy (IT)","05.06.2020 14:00 - 05.06.2020 15:00 (CET/CEST)","62","190","857"
"Italy (IT)","05.06.2020 15:00 - 05.06.2020 16:00 (CET/CEST)","0","168","900"
"Italy (IT)","05.06.2020 16:00 - 05.06.2020 17:00 (CET/CEST)","0","311","862"
"Italy (IT)","05.06.2020 17:00 - 05.06.2020 18:00 (CET/CEST)","0","201","1025"
"Italy (IT)","05.06.2020 18:00 - 05.06.2020 19:00 (CET/CEST)","304","","1235"
"Italy (IT)","05.06.2020 19:00 - 05.06.2020 20:00 (CET/CEST)","464","","1315"
"Italy (IT)","05.06.2020 20:00 - 05.06.2020 21:00 (CET/CEST)","362","","1287"
"Italy (IT)","05.06.2020 21:00 - 05.06.2020 22:00 (CET/CEST)","222","","1100"
"Italy (IT)","05.06.2020 22:00 - 05.06.2020 23:00 (CET/CEST)","0","45","951"
"Italy (IT)","05.06.2020 23:00 - 06.06.2020 00:00 (CET/CEST)","0","596","898"
"Italy (IT)","06.06.2020 00:00 - 06.06.2020 01:00 (CET/CEST)","0","377","670"
"Italy (IT)","06.06.2020 01:00 - 06.06.2020 02:00 (CET/CEST)","0","525","648"
"Italy (IT)","06.06.2020 02:00 - 06.06.2020 03:00 (CET/CEST)","0","496","637"
"Italy (IT)","06.06.2020 03:00 - 06.06.2020 04:00 (CET/CEST)","0","522","479"
"Italy (IT)","06.06.2020 04:00 - 06.06.2020 05:00 (CET/CEST)","0","1322","495"
"Italy (IT)","06.06.2020 05:00 - 06.06.2020 06:00 (CET/CEST)","0","1209","650"
"Italy (IT)","06.06.2020 06:00 - 06.06.2020 07:00 (CET/CEST)","312","876","673"
"Italy (IT)","06.06.2020 07:00 - 06.06.2020 08:00 (CET/CEST)","311","793","710"
"Italy (IT)","06.06.2020 08:00 - 06.06.2020 09:00 (CET/CEST)","311","432","781"
"Italy (IT)","06.06.2020 09:00 - 06.06.2020 10:00 (CET/CEST)","304","256","779"
"Italy (IT)","06.06.2020 10:00 - 06.06.2020 11:00 (CET/CEST)","287","221","772"
"Italy (IT)","06.06.2020 11:00 - 06.06.2020 12:00 (CET/CEST)","80","248","749"
"Italy (IT)","06.06.2020 12:00 - 06.06.2020 13:00 (CET/CEST)","0","279","714"
"Italy (IT)","06.06.2020 13:00 - 06.06.2020 14:00 (CET/CEST)","0","422","683"
"Italy (IT)","06.06.2020 14:00 - 06.06.2020 15:00 (CET/CEST)","0","582","682"
"Italy (IT)","06.06.2020 15:00 - 06.06.2020 16:00 (CET/CEST)","54","278","722"
"Italy (IT)","06.06.2020 16:00 - 06.06.2020 17:00 (CET/CEST)","169","224","744"
"Italy (IT)","06.06.2020 17:00 - 06.06.2020 18:00 (CET/CEST)","232","15","864"
"Italy (IT)","06.06.2020 18:00 - 06.06.2020 19:00 (CET/CEST)","302","54","1015"
"Italy (IT)","06.06.2020 19:00 - 06.06.2020 20:00 (CET/CEST)","589","","1112"
"Italy (IT)","06.06.2020 20:00 - 06.06.2020 21:00 (CET/CEST)","739","","1156"
"Italy (IT)","06.06.2020 21:00 - 06.06.2020 22:00 (CET/CEST)","745","","1090"
"Italy (IT)","06.06.2020 22:00 - 06.06.2020 23:00 (CET/CEST)","702","","1188"
"Italy (IT)","06.06.2020 23:00 - 07.06.2020 00:00 (CET/CEST)","700","","949"
"Italy (IT)","07.06.2020 00:00 - 07.06.2020 01:00 (CET/CEST)","397","19","761"
"Italy (IT)","07.06.2020 01:00 - 07.06.2020 02:00 (CET/CEST)","106","170","635"
"Italy (IT)","07.06.2020 02:00 - 07.06.2020 03:00 (CET/CEST)","106","309","617"
"Italy (IT)","07.06.2020 03:00 - 07.06.2020 04:00 (CET/CEST)","106","339","634"
"Italy (IT)","07.06.2020 04:00 - 07.06.2020 05:00 (CET/CEST)","106","561","643"
"Italy (IT)","07.06.2020 05:00 - 07.06.2020 06:00 (CET/CEST)","154","511","648"
"Italy (IT)","07.06.2020 06:00 - 07.06.2020 07:00 (CET/CEST)","53","535","672"
"Italy (IT)","07.06.2020 07:00 - 07.06.2020 08:00 (CET/CEST)","53","533","701"
"Italy (IT)","07.06.2020 08:00 - 07.06.2020 09:00 (CET/CEST)","53","457","728"
"Italy (IT)","07.06.2020 09:00 - 07.06.2020 10:00 (CET/CEST)","40","107","705"
"Italy (IT)","07.06.2020 10:00 - 07.06.2020 11:00 (CET/CEST)","0","171","694"
"Italy (IT)","07.06.2020 11:00 - 07.06.2020 12:00 (CET/CEST)","0","156","689"
"Italy (IT)","07.06.2020 12:00 - 07.06.2020 13:00 (CET/CEST)","0","379","938"
"Italy (IT)","07.06.2020 13:00 - 07.06.2020 14:00 (CET/CEST)","140","304","804"
"Italy (IT)","07.06.2020 14:00 - 07.06.2020 15:00 (CET/CEST)","145","451","591"
"Italy (IT)","07.06.2020 15:00 - 07.06.2020 16:00 (CET/CEST)","173","461","647"
"Italy (IT)","07.06.2020 16:00 - 07.06.2020 17:00 (CET/CEST)","376","193","715"
"Italy (IT)","07.06.2020 17:00 - 07.06.2020 18:00 (CET/CEST)","674","62","955"
"Italy (IT)","07.06.2020 18:00 - 07.06.2020 19:00 (CET/CEST)","719","","999"
"Italy (IT)","07.06.2020 19:00 - 07.06.2020 20:00 (CET/CEST)","879","","1191"
"Italy (IT)","07.06.2020 20:00 - 07.06.2020 21:00 (CET/CEST)","999","","1293"
"Italy (IT)","07.06.2020 21:00 - 07.06.2020 22:00 (CET/CEST)","811","","1423"
"Italy (IT)","07.06.2020 22:00 - 07.06.2020 23:00 (CET/CEST)","527","","1499"
"Italy (IT)","07.06.2020 23:00 - 08.06.2020 00:00 (CET/CEST)","164","55","1206"
"Italy (IT)","08.06.2020 00:00 - 08.06.2020 01:00 (CET/CEST)","77","21","870"
"Italy (IT)","08.06.2020 01:00 - 08.06.2020 02:00 (CET/CEST)","52","375","667"
"Italy (IT)","08.06.2020 02:00 - 08.06.2020 03:00 (CET/CEST)","","808","599"
"Italy (IT)","08.06.2020 03:00 - 08.06.2020 04:00 (CET/CEST)","","1150","567"
"Italy (IT)","08.06.2020 04:00 - 08.06.2020 05:00 (CET/CEST)","0","1536","609"
"Italy (IT)","08.06.2020 05:00 - 08.06.2020 06:00 (CET/CEST)","0","1330","807"
"Italy (IT)","08.06.2020 06:00 - 08.06.2020 07:00 (CET/CEST)","0","376","1154"
"Italy (IT)","08.06.2020 07:00 - 08.06.2020 08:00 (CET/CEST)","0","91","1350"
"Italy (IT)","08.06.2020 08:00 - 08.06.2020 09:00 (CET/CEST)","167","","1802"
"Italy (IT)","08.06.2020 09:00 - 08.06.2020 10:00 (CET/CEST)","252","","2031"
"Italy (IT)","08.06.2020 10:00 - 08.06.2020 11:00 (CET/CEST)","110","","2055"
"Italy (IT)","08.06.2020 11:00 - 08.06.2020 12:00 (CET/CEST)","101","3","2021"
"Italy (IT)","08.06.2020 12:00 - 08.06.2020 13:00 (CET/CEST)","134","79","1799"
"Italy (IT)","08.06.2020 13:00 - 08.06.2020 14:00 (CET/CEST)","54","79","1309"
"Italy (IT)","08.06.2020 14:00 - 08.06.2020 15:00 (CET/CEST)","20","222","1213"
"Italy (IT)","08.06.2020 15:00 - 08.06.2020 16:00 (CET/CEST)","20","245","1213"
"Italy (IT)","08.06.2020 16:00 - 08.06.2020 17:00 (CET/CEST)","33","228","1160"
"Italy (IT)","08.06.2020 17:00 - 08.06.2020 18:00 (CET/CEST)","101","120","1241"
"Italy (IT)","08.06.2020 18:00 - 08.06.2020 19:00 (CET/CEST)","96","7","1428"
"Italy (IT)","08.06.2020 19:00 - 08.06.2020 20:00 (CET/CEST)","97","","1625"
"Italy (IT)","08.06.2020 20:00 - 08.06.2020 21:00 (CET/CEST)","396","","1631"
"Italy (IT)","08.06.2020 21:00 - 08.06.2020 22:00 (CET/CEST)","380","","1343"
"Italy (IT)","08.06.2020 22:00 - 08.06.2020 23:00 (CET/CEST)","174","","1411"
"Italy (IT)","08.06.2020 23:00 - 09.06.2020 00:00 (CET/CEST)","145","","1192"
"Italy (IT)","09.06.2020 00:00 - 09.06.2020 01:00 (CET/CEST)","87","","829"
"Italy (IT)","09.06.2020 01:00 - 09.06.2020 02:00 (CET/CEST)","196","1","689"
"Italy (IT)","09.06.2020 02:00 - 09.06.2020 03:00 (CET/CEST)","158","424","573"
"Italy (IT)","09.06.2020 03:00 - 09.06.2020 04:00 (CET/CEST)","0","671","573"
"Italy (IT)","09.06.2020 04:00 - 09.06.2020 05:00 (CET/CEST)","0","623","574"
"Italy (IT)","09.06.2020 05:00 - 09.06.2020 06:00 (CET/CEST)","187","394","605"
"Italy (IT)","09.06.2020 06:00 - 09.06.2020 07:00 (CET/CEST)","438","244","986"
"Italy (IT)","09.06.2020 07:00 - 09.06.2020 08:00 (CET/CEST)","320","47","1084"
"Italy (IT)","09.06.2020 08:00 - 09.06.2020 09:00 (CET/CEST)","417","","1548"
"Italy (IT)","09.06.2020 09:00 - 09.06.2020 10:00 (CET/CEST)","418","","1493"
"Italy (IT)","09.06.2020 10:00 - 09.06.2020 11:00 (CET/CEST)","327","49","1372"
"Italy (IT)","09.06.2020 11:00 - 09.06.2020 12:00 (CET/CEST)","427","126","1563"
"Italy (IT)","09.06.2020 12:00 - 09.06.2020 13:00 (CET/CEST)","220","156","1440"
"Italy (IT)","09.06.2020 13:00 - 09.06.2020 14:00 (CET/CEST)","217","155","1268"
"Italy (IT)","09.06.2020 14:00 - 09.06.2020 15:00 (CET/CEST)","219","155","1462"
"Italy (IT)","09.06.2020 15:00 - 09.06.2020 16:00 (CET/CEST)","307","155","1503"
"Italy (IT)","09.06.2020 16:00 - 09.06.2020 17:00 (CET/CEST)","225","291","1498"
"Italy (IT)","09.06.2020 17:00 - 09.06.2020 18:00 (CET/CEST)","264","192","1502"
"Italy (IT)","09.06.2020 18:00 - 09.06.2020 19:00 (CET/CEST)","217","136","1686"
"Italy (IT)","09.06.2020 19:00 - 09.06.2020 20:00 (CET/CEST)","871","","1649"
"Italy (IT)","09.06.2020 20:00 - 09.06.2020 21:00 (CET/CEST)","934","","1361"
"Italy (IT)","09.06.2020 21:00 - 09.06.2020 22:00 (CET/CEST)","710","","1399"
"Italy (IT)","09.06.2020 22:00 - 09.06.2020 23:00 (CET/CEST)","708","","1373"
"Italy (IT)","09.06.2020 23:00 - 10.06.2020 00:00 (CET/CEST)","651","","1276"
"Italy (IT)","10.06.2020 00:00 - 10.06.2020 01:00 (CET/CEST)","161","340","770"
"Italy (IT)","10.06.2020 01:00 - 10.06.2020 02:00 (CET/CEST)","0","486","670"
"Italy (IT)","10.06.2020 02:00 - 10.06.2020 03:00 (CET/CEST)","0","664","658"
"Italy (IT)","10.06.2020 03:00 - 10.06.2020 04:00 (CET/CEST)","0","865","655"
"Italy (IT)","10.06.2020 04:00 - 10.06.2020 05:00 (CET/CEST)","0","857","663"
"Italy (IT)","10.06.2020 05:00 - 10.06.2020 06:00 (CET/CEST)","0","564","684"
"Italy (IT)","10.06.2020 06:00 - 10.06.2020 07:00 (CET/CEST)","176","149","995"
"Italy (IT)","10.06.2020 07:00 - 10.06.2020 08:00 (CET/CEST)","219","24","1140"
"Italy (IT)","10.06.2020 08:00 - 10.06.2020 09:00 (CET/CEST)","313","","1372"
"Italy (IT)","10.06.2020 09:00 - 10.06.2020 10:00 (CET/CEST)","588","","1338"
"Italy (IT)","10.06.2020 10:00 - 10.06.2020 11:00 (CET/CEST)","606","59","1338"
"Italy (IT)","10.06.2020 11:00 - 10.06.2020 12:00 (CET/CEST)","516","80","1334"
"Italy (IT)","10.06.2020 12:00 - 10.06.2020 13:00 (CET/CEST)","159","134","1436"
"Italy (IT)","10.06.2020 13:00 - 10.06.2020 14:00 (CET/CEST)","68","254","1428"
"Italy (IT)","10.06.2020 14:00 - 10.06.2020 15:00 (CET/CEST)","133","750","1391"
"Italy (IT)","10.06.2020 15:00 - 10.06.2020 16:00 (CET/CEST)","436","842","1445"
"Italy (IT)","10.06.2020 16:00 - 10.06.2020 17:00 (CET/CEST)","562","749","1399"
"Italy (IT)","10.06.2020 17:00 - 10.06.2020 18:00 (CET/CEST)","525","156","1531"
"Italy (IT)","10.06.2020 18:00 - 10.06.2020 19:00 (CET/CEST)","359","150","1496"
"Italy (IT)","10.06.2020 19:00 - 10.06.2020 20:00 (CET/CEST)","396","1","1494"
"Italy (IT)","10.06.2020 20:00 - 10.06.2020 21:00 (CET/CEST)","660","","1434"
"Italy (IT)","10.06.2020 21:00 - 10.06.2020 22:00 (CET/CEST)","639","","1306"
"Italy (IT)","10.06.2020 22:00 - 10.06.2020 23:00 (CET/CEST)","521","","1161"
"Italy (IT)","10.06.2020 23:00 - 11.06.2020 00:00 (CET/CEST)","503","","1062"
"Italy (IT)","11.06.2020 00:00 - 11.06.2020 01:00 (CET/CEST)","368","14","757"
"Italy (IT)","11.06.2020 01:00 - 11.06.2020 02:00 (CET/CEST)","343","1","707"
"Italy (IT)","11.06.2020 02:00 - 11.06.2020 03:00 (CET/CEST)","270","2","646"
"Italy (IT)","11.06.2020 03:00 - 11.06.2020 04:00 (CET/CEST)","188","81","646"
"Italy (IT)","11.06.2020 04:00 - 11.06.2020 05:00 (CET/CEST)","158","276","645"
"Italy (IT)","11.06.2020 05:00 - 11.06.2020 06:00 (CET/CEST)","0","474","657"
"Italy (IT)","11.06.2020 06:00 - 11.06.2020 07:00 (CET/CEST)","109","405","712"
"Italy (IT)","11.06.2020 07:00 - 11.06.2020 08:00 (CET/CEST)","232","164","926"
"Italy (IT)","11.06.2020 08:00 - 11.06.2020 09:00 (CET/CEST)","597","","1196"
"Italy (IT)","11.06.2020 09:00 - 11.06.2020 10:00 (CET/CEST)","805","","1020"
"Italy (IT)","11.06.2020 10:00 - 11.06.2020 11:00 (CET/CEST)","561","1","933"
"Italy (IT)","11.06.2020 11:00 - 11.06.2020 12:00 (CET/CEST)","459","26","922"
"Italy (IT)","11.06.2020 12:00 - 11.06.2020 13:00 (CET/CEST)","28","150","885"
"Italy (IT)","11.06.2020 13:00 - 11.06.2020 14:00 (CET/CEST)","0","189","810"
"Italy (IT)","11.06.2020 14:00 - 11.06.2020 15:00 (CET/CEST)","0","190","831"
"Italy (IT)","11.06.2020 15:00 - 11.06.2020 16:00 (CET/CEST)","0","194","861"
"Italy (IT)","11.06.2020 16:00 - 11.06.2020 17:00 (CET/CEST)","23","","912"
"Italy (IT)","11.06.2020 17:00 - 11.06.2020 18:00 (CET/CEST)","177","182","988"
"Italy (IT)","11.06.2020 18:00 - 11.06.2020 19:00 (CET/CEST)","179","79","1048"
"Italy (IT)","11.06.2020 19:00 - 11.06.2020 20:00 (CET/CEST)","351","63","1251"
"Italy (IT)","11.06.2020 20:00 - 11.06.2020 21:00 (CET/CEST)","421","","1217"
"Italy (IT)","11.06.2020 21:00 - 11.06.2020 22:00 (CET/CEST)","376","","1139"
"Italy (IT)","11.06.2020 22:00 - 11.06.2020 23:00 (CET/CEST)","285","27","1097"
"Italy (IT)","11.06.2020 23:00 - 12.06.2020 00:00 (CET/CEST)","198","79","1026"
"Italy (IT)","12.06.2020 00:00 - 12.06.2020 01:00 (CET/CEST)","153","123","792"
"Italy (IT)","12.06.2020 01:00 - 12.06.2020 02:00 (CET/CEST)","194","182","796"
"Italy (IT)","12.06.2020 02:00 - 12.06.2020 03:00 (CET/CEST)","65","148","682"
"Italy (IT)","12.06.2020 03:00 - 12.06.2020 04:00 (CET/CEST)","0","403","668"
"Italy (IT)","12.06.2020 04:00 - 12.06.2020 05:00 (CET/CEST)","7","282","641"
"Italy (IT)","12.06.2020 05:00 - 12.06.2020 06:00 (CET/CEST)","138","282","638"
"Italy (IT)","12.06.2020 06:00 - 12.06.2020 07:00 (CET/CEST)","251","267","869"
"Italy (IT)","12.06.2020 07:00 - 12.06.2020 08:00 (CET/CEST)","256","253","1346"
"Italy (IT)","12.06.2020 08:00 - 12.06.2020 09:00 (CET/CEST)","995","162","1335"
"Italy (IT)","12.06.2020 09:00 - 12.06.2020 10:00 (CET/CEST)","760","","1119"
"Italy (IT)","12.06.2020 10:00 - 12.06.2020 11:00 (CET/CEST)","655","23","1049"
"Italy (IT)","12.06.2020 11:00 - 12.06.2020 12:00 (CET/CEST)","485","109","1022"
"Italy (IT)","12.06.2020 12:00 - 12.06.2020 13:00 (CET/CEST)","0","159","938"
"Italy (IT)","12.06.2020 13:00 - 12.06.2020 14:00 (CET/CEST)","0","355","872"
"Italy (IT)","12.06.2020 14:00 - 12.06.2020 15:00 (CET/CEST)","0","409","860"
"Italy (IT)","12.06.2020 15:00 - 12.06.2020 16:00 (CET/CEST)","41","333","933"
"Italy (IT)","12.06.2020 16:00 - 12.06.2020 17:00 (CET/CEST)","468","257","1001"
"Italy (IT)","12.06.2020 17:00 - 12.06.2020 18:00 (CET/CEST)","900","85","1014"
"Italy (IT)","12.06.2020 18:00 - 12.06.2020 19:00 (CET/CEST)","1056","78","1289"
"Italy (IT)","12.06.2020 19:00 - 12.06.2020 20:00 (CET/CEST)","1293","28","1444"
"Italy (IT)","12.06.2020 20:00 - 12.06.2020 21:00 (CET/CEST)","1473","","1507"
"Italy (IT)","12.06.2020 21:00 - 12.06.2020 22:00 (CET/CEST)","1286","","1516"
"Italy (IT)","12.06.2020 22:00 - 12.06.2020 23:00 (CET/CEST)","761","","1477"
"Italy (IT)","12.06.2020 23:00 - 13.06.2020 00:00 (CET/CEST)","222","","1238"
"Italy (IT)","13.06.2020 00:00 - 13.06.2020 01:00 (CET/CEST)","65","65","1039"
"Italy (IT)","13.06.2020 01:00 - 13.06.2020 02:00 (CET/CEST)","212","15","1001"
"Italy (IT)","13.06.2020 02:00 - 13.06.2020 03:00 (CET/CEST)","345","40","769"
"Italy (IT)","13.06.2020 03:00 - 13.06.2020 04:00 (CET/CEST)","113","40","736"
"Italy (IT)","13.06.2020 04:00 - 13.06.2020 05:00 (CET/CEST)","54","117","766"
"Italy (IT)","13.06.2020 05:00 - 13.06.2020 06:00 (CET/CEST)","103","78","770"
"Italy (IT)","13.06.2020 06:00 - 13.06.2020 07:00 (CET/CEST)","57","78","816"
"Italy (IT)","13.06.2020 07:00 - 13.06.2020 08:00 (CET/CEST)","57","83","861"
"Italy (IT)","13.06.2020 08:00 - 13.06.2020 09:00 (CET/CEST)","217","","754"
"Italy (IT)","13.06.2020 09:00 - 13.06.2020 10:00 (CET/CEST)","659","","682"
"Italy (IT)","13.06.2020 10:00 - 13.06.2020 11:00 (CET/CEST)","428","","698"
"Italy (IT)","13.06.2020 11:00 - 13.06.2020 12:00 (CET/CEST)","469","2","711"
"Italy (IT)","13.06.2020 12:00 - 13.06.2020 13:00 (CET/CEST)","723","153","766"
"Italy (IT)","13.06.2020 13:00 - 13.06.2020 14:00 (CET/CEST)","773","295","724"
"Italy (IT)","13.06.2020 14:00 - 13.06.2020 15:00 (CET/CEST)","51","313","681"
"Italy (IT)","13.06.2020 15:00 - 13.06.2020 16:00 (CET/CEST)","50","312","627"
"Italy (IT)","13.06.2020 16:00 - 13.06.2020 17:00 (CET/CEST)","0","13","757"
"Italy (IT)","13.06.2020 17:00 - 13.06.2020 18:00 (CET/CEST)","602","","1214"
"Italy (IT)","13.06.2020 18:00 - 13.06.2020 19:00 (CET/CEST)","864","","1589"
"Italy (IT)","13.06.2020 19:00 - 13.06.2020 20:00 (CET/CEST)","1170","","1610"
"Italy (IT)","13.06.2020 20:00 - 13.06.2020 21:00 (CET/CEST)","811","","1563"
"Italy (IT)","13.06.2020 21:00 - 13.06.2020 22:00 (CET/CEST)","489","","1285"
"Italy (IT)","13.06.2020 22:00 - 13.06.2020 23:00 (CET/CEST)","166","","1360"
"Italy (IT)","13.06.2020 23:00 - 14.06.2020 00:00 (CET/CEST)","48","","1176"
"Italy (IT)","14.06.2020 00:00 - 14.06.2020 01:00 (CET/CEST)","235","69","1000"
"Italy (IT)","14.06.2020 01:00 - 14.06.2020 02:00 (CET/CEST)","130","1","863"
"Italy (IT)","14.06.2020 02:00 - 14.06.2020 03:00 (CET/CEST)","210","2","788"
"Italy (IT)","14.06.2020 03:00 - 14.06.2020 04:00 (CET/CEST)","101","47","784"
"Italy (IT)","14.06.2020 04:00 - 14.06.2020 05:00 (CET/CEST)","50","259","763"
"Italy (IT)","14.06.2020 05:00 - 14.06.2020 06:00 (CET/CEST)","107","257","733"
"Italy (IT)","14.06.2020 06:00 - 14.06.2020 07:00 (CET/CEST)","67","251","695"
"Italy (IT)","14.06.2020 07:00 - 14.06.2020 08:00 (CET/CEST)","54","247","647"
"Italy (IT)","14.06.2020 08:00 - 14.06.2020 09:00 (CET/CEST)","104","118","609"
"Italy (IT)","14.06.2020 09:00 - 14.06.2020 10:00 (CET/CEST)","56","23","538"
"Italy (IT)","14.06.2020 10:00 - 14.06.2020 11:00 (CET/CEST)","0","305","666"
"Italy (IT)","14.06.2020 11:00 - 14.06.2020 12:00 (CET/CEST)","0","323","991"
"Italy (IT)","14.06.2020 12:00 - 14.06.2020 13:00 (CET/CEST)","0","314","1024"
"Italy (IT)","14.06.2020 13:00 - 14.06.2020 14:00 (CET/CEST)","0","489","624"
"Italy (IT)","14.06.2020 14:00 - 14.06.2020 15:00 (CET/CEST)","0","621","517"
"Italy (IT)","14.06.2020 15:00 - 14.06.2020 16:00 (CET/CEST)","0","760","607"
"Italy (IT)","14.06.2020 16:00 - 14.06.2020 17:00 (CET/CEST)","0","556","878"
"Italy (IT)","14.06.2020 17:00 - 14.06.2020 18:00 (CET/CEST)","104","201","1136"
"Italy (IT)","14.06.2020 18:00 - 14.06.2020 19:00 (CET/CEST)","124","308","1078"
"Italy (IT)","14.06.2020 19:00 - 14.06.2020 20:00 (CET/CEST)","235","31","1153"
"Italy (IT)","14.06.2020 20:00 - 14.06.2020 21:00 (CET/CEST)","403","","1109"
"Italy (IT)","14.06.2020 21:00 - 14.06.2020 22:00 (CET/CEST)","482","","1177"
"Italy (IT)","14.06.2020 22:00 - 14.06.2020 23:00 (CET/CEST)","533","","1242"
"Italy (IT)","14.06.2020 23:00 - 15.06.2020 00:00 (CET/CEST)","322","","1087"
"Italy (IT)","15.06.2020 00:00 - 15.06.2020 01:00 (CET/CEST)","97","913","737"
"Italy (IT)","15.06.2020 01:00 - 15.06.2020 02:00 (CET/CEST)","67","758","618"
"Italy (IT)","15.06.2020 02:00 - 15.06.2020 03:00 (CET/CEST)","53","886","543"
"Italy (IT)","15.06.2020 03:00 - 15.06.2020 04:00 (CET/CEST)","51","987","542"
"Italy (IT)","15.06.2020 04:00 - 15.06.2020 05:00 (CET/CEST)","53","1007","489"
"Italy (IT)","15.06.2020 05:00 - 15.06.2020 06:00 (CET/CEST)","53","587","573"
"Italy (IT)","15.06.2020 06:00 - 15.06.2020 07:00 (CET/CEST)","76","120","906"
"Italy (IT)","15.06.2020 07:00 - 15.06.2020 08:00 (CET/CEST)","354","28","1435"
"Italy (IT)","15.06.2020 08:00 - 15.06.2020 09:00 (CET/CEST)","476","3","1598"
"Italy (IT)","15.06.2020 09:00 - 15.06.2020 10:00 (CET/CEST)","424","25","1587"
"Italy (IT)","15.06.2020 10:00 - 15.06.2020 11:00 (CET/CEST)","279","147","1453"
"Italy (IT)","15.06.2020 11:00 - 15.06.2020 12:00 (CET/CEST)","299","156","1433"
"Italy (IT)","15.06.2020 12:00 - 15.06.2020 13:00 (CET/CEST)","213","157","1372"
"Italy (IT)","15.06.2020 13:00 - 15.06.2020 14:00 (CET/CEST)","110","225","1333"
"Italy (IT)","15.06.2020 14:00 - 15.06.2020 15:00 (CET/CEST)","109","305","1308"
"Italy (IT)","15.06.2020 15:00 - 15.06.2020 16:00 (CET/CEST)","110","233","1272"
"Italy (IT)","15.06.2020 16:00 - 15.06.2020 17:00 (CET/CEST)","201","206","1308"
"Italy (IT)","15.06.2020 17:00 - 15.06.2020 18:00 (CET/CEST)","303","155","1433"
"Italy (IT)","15.06.2020 18:00 - 15.06.2020 19:00 (CET/CEST)","315","147","1513"
"Italy (IT)","15.06.2020 19:00 - 15.06.2020 20:00 (CET/CEST)","431","7","1719"
"Italy (IT)","15.06.2020 20:00 - 15.06.2020 21:00 (CET/CEST)","693","","1714"
"Italy (IT)","15.06.2020 21:00 - 15.06.2020 22:00 (CET/CEST)","579","","1625"
"Italy (IT)","15.06.2020 22:00 - 15.06.2020 23:00 (CET/CEST)","461","","1583"
"Italy (IT)","15.06.2020 23:00 - 16.06.2020 00:00 (CET/CEST)","339","","1400"
"Italy (IT)","16.06.2020 00:00 - 16.06.2020 01:00 (CET/CEST)","141","266","941"
"Italy (IT)","16.06.2020 01:00 - 16.06.2020 02:00 (CET/CEST)","92","254","704"
"Italy (IT)","16.06.2020 02:00 - 16.06.2020 03:00 (CET/CEST)","53","254","667"
"Italy (IT)","16.06.2020 03:00 - 16.06.2020 04:00 (CET/CEST)","53","253","661"
"Italy (IT)","16.06.2020 04:00 - 16.06.2020 05:00 (CET/CEST)","53","253","646"
"Italy (IT)","16.06.2020 05:00 - 16.06.2020 06:00 (CET/CEST)","128","207","674"
"Italy (IT)","16.06.2020 06:00 - 16.06.2020 07:00 (CET/CEST)","160","","1032"
"Italy (IT)","16.06.2020 07:00 - 16.06.2020 08:00 (CET/CEST)","548","","1236"
"Italy (IT)","16.06.2020 08:00 - 16.06.2020 09:00 (CET/CEST)","572","","1775"
"Italy (IT)","16.06.2020 09:00 - 16.06.2020 10:00 (CET/CEST)","626","","1806"
"Italy (IT)","16.06.2020 10:00 - 16.06.2020 11:00 (CET/CEST)","327","1","1445"
"Italy (IT)","16.06.2020 11:00 - 16.06.2020 12:00 (CET/CEST)","307","93","1225"
"Italy (IT)","16.06.2020 12:00 - 16.06.2020 13:00 (CET/CEST)","85","233","1238"
"Italy (IT)","16.06.2020 13:00 - 16.06.2020 14:00 (CET/CEST)","200","192","1309"
"Italy (IT)","16.06.2020 14:00 - 16.06.2020 15:00 (CET/CEST)","208","156","1376"
"Italy (IT)","16.06.2020 15:00 - 16.06.2020 16:00 (CET/CEST)","258","214","1809"
"Italy (IT)","16.06.2020 16:00 - 16.06.2020 17:00 (CET/CEST)","225","268","1908"
"Italy (IT)","16.06.2020 17:00 - 16.06.2020 18:00 (CET/CEST)","352","163","1831"
"Italy (IT)","16.06.2020 18:00 - 16.06.2020 19:00 (CET/CEST)","232","","1721"
"Italy (IT)","16.06.2020 19:00 - 16.06.2020 20:00 (CET/CEST)","329","","1822"
"Italy (IT)","16.06.2020 20:00 - 16.06.2020 21:00 (CET/CEST)","578","","1728"
"Italy (IT)","16.06.2020 21:00 - 16.06.2020 22:00 (CET/CEST)","466","","1610"
"Italy (IT)","16.06.2020 22:00 - 16.06.2020 23:00 (CET/CEST)","630","","1395"
"Italy (IT)","16.06.2020 23:00 - 17.06.2020 00:00 (CET/CEST)","578","","1297"
"Italy (IT)","17.06.2020 00:00 - 17.06.2020 01:00 (CET/CEST)","304","","1325"
"Italy (IT)","17.06.2020 01:00 - 17.06.2020 02:00 (CET/CEST)","263","1","1016"
"Italy (IT)","17.06.2020 02:00 - 17.06.2020 03:00 (CET/CEST)","266","1","724"
"Italy (IT)","17.06.2020 03:00 - 17.06.2020 04:00 (CET/CEST)","169","1","700"
"Italy (IT)","17.06.2020 04:00 - 17.06.2020 05:00 (CET/CEST)","53","87","694"
"Italy (IT)","17.06.2020 05:00 - 17.06.2020 06:00 (CET/CEST)","160","389","736"
"Italy (IT)","17.06.2020 06:00 - 17.06.2020 07:00 (CET/CEST)","310","243","1225"
"Italy (IT)","17.06.2020 07:00 - 17.06.2020 08:00 (CET/CEST)","305","","1567"
"Italy (IT)","17.06.2020 08:00 - 17.06.2020 09:00 (CET/CEST)","467","","1591"
"Italy (IT)","17.06.2020 09:00 - 17.06.2020 10:00 (CET/CEST)","511","","1644"
"Italy (IT)","17.06.2020 10:00 - 17.06.2020 11:00 (CET/CEST)","478","3","1757"
"Italy (IT)","17.06.2020 11:00 - 17.06.2020 12:00 (CET/CEST)","359","112","1689"
"Italy (IT)","17.06.2020 12:00 - 17.06.2020 13:00 (CET/CEST)","110","157","1416"
"Italy (IT)","17.06.2020 13:00 - 17.06.2020 14:00 (CET/CEST)","233","157","1340"
"Italy (IT)","17.06.2020 14:00 - 17.06.2020 15:00 (CET/CEST)","359","284","1295"
"Italy (IT)","17.06.2020 15:00 - 17.06.2020 16:00 (CET/CEST)","482","438","1549"
"Italy (IT)","17.06.2020 16:00 - 17.06.2020 17:00 (CET/CEST)","201","301","1522"
"Italy (IT)","17.06.2020 17:00 - 17.06.2020 18:00 (CET/CEST)","235","192","1506"
"Italy (IT)","17.06.2020 18:00 - 17.06.2020 19:00 (CET/CEST)","297","37","1587"
"Italy (IT)","17.06.2020 19:00 - 17.06.2020 20:00 (CET/CEST)","338","","1557"
"Italy (IT)","17.06.2020 20:00 - 17.06.2020 21:00 (CET/CEST)","486","","1692"
"Italy (IT)","17.06.2020 21:00 - 17.06.2020 22:00 (CET/CEST)","449","","1553"
"Italy (IT)","17.06.2020 22:00 - 17.06.2020 23:00 (CET/CEST)","516","","1436"
"Italy (IT)","17.06.2020 23:00 - 18.06.2020 00:00 (CET/CEST)","333","","1182"
"Italy (IT)","18.06.2020 00:00 - 18.06.2020 01:00 (CET/CEST)","343","","698"
"Italy (IT)","18.06.2020 01:00 - 18.06.2020 02:00 (CET/CEST)","274","","608"
"Italy (IT)","18.06.2020 02:00 - 18.06.2020 03:00 (CET/CEST)","85","","526"
"Italy (IT)","18.06.2020 03:00 - 18.06.2020 04:00 (CET/CEST)","94","","529"
"Italy (IT)","18.06.2020 04:00 - 18.06.2020 05:00 (CET/CEST)","133","72","607"
"Italy (IT)","18.06.2020 05:00 - 18.06.2020 06:00 (CET/CEST)","352","255","636"
"Italy (IT)","18.06.2020 06:00 - 18.06.2020 07:00 (CET/CEST)","660","254","887"
"Italy (IT)","18.06.2020 07:00 - 18.06.2020 08:00 (CET/CEST)","1099","221","1365"
"Italy (IT)","18.06.2020 08:00 - 18.06.2020 09:00 (CET/CEST)","1199","","1426"
"Italy (IT)","18.06.2020 09:00 - 18.06.2020 10:00 (CET/CEST)","1046","","1294"
"Italy (IT)","18.06.2020 10:00 - 18.06.2020 11:00 (CET/CEST)","826","","1232"
"Italy (IT)","18.06.2020 11:00 - 18.06.2020 12:00 (CET/CEST)","620","90","997"
"Italy (IT)","18.06.2020 12:00 - 18.06.2020 13:00 (CET/CEST)","521","72","842"
"Italy (IT)","18.06.2020 13:00 - 18.06.2020 14:00 (CET/CEST)","564","59","1109"
"Italy (IT)","18.06.2020 14:00 - 18.06.2020 15:00 (CET/CEST)","467","300","928"
"Italy (IT)","18.06.2020 15:00 - 18.06.2020 16:00 (CET/CEST)","486","196","1034"
"Italy (IT)","18.06.2020 16:00 - 18.06.2020 17:00 (CET/CEST)","493","","1084"
"Italy (IT)","18.06.2020 17:00 - 18.06.2020 18:00 (CET/CEST)","637","","1353"
"Italy (IT)","18.06.2020 18:00 - 18.06.2020 19:00 (CET/CEST)","645","","1620"
"Italy (IT)","18.06.2020 19:00 - 18.06.2020 20:00 (CET/CEST)","973","","1810"
"Italy (IT)","18.06.2020 20:00 - 18.06.2020 21:00 (CET/CEST)","1210","","1690"
"Italy (IT)","18.06.2020 21:00 - 18.06.2020 22:00 (CET/CEST)","1157","","1657"
"Italy (IT)","18.06.2020 22:00 - 18.06.2020 23:00 (CET/CEST)","860","","1563"
"Italy (IT)","18.06.2020 23:00 - 19.06.2020 00:00 (CET/CEST)","509","","1129"
"Italy (IT)","19.06.2020 00:00 - 19.06.2020 01:00 (CET/CEST)","439","","735"
"Italy (IT)","19.06.2020 01:00 - 19.06.2020 02:00 (CET/CEST)","299","1","604"
"Italy (IT)","19.06.2020 02:00 - 19.06.2020 03:00 (CET/CEST)","265","232","501"
"Italy (IT)","19.06.2020 03:00 - 19.06.2020 04:00 (CET/CEST)","321","314","513"
"Italy (IT)","19.06.2020 04:00 - 19.06.2020 05:00 (CET/CEST)","66","312","542"
"Italy (IT)","19.06.2020 05:00 - 19.06.2020 06:00 (CET/CEST)","114","401","587"
"Italy (IT)","19.06.2020 06:00 - 19.06.2020 07:00 (CET/CEST)","254","255","1045"
"Italy (IT)","19.06.2020 07:00 - 19.06.2020 08:00 (CET/CEST)","527","222","1487"
"Italy (IT)","19.06.2020 08:00 - 19.06.2020 09:00 (CET/CEST)","586","","1710"
"Italy (IT)","19.06.2020 09:00 - 19.06.2020 10:00 (CET/CEST)","616","","1709"
"Italy (IT)","19.06.2020 10:00 - 19.06.2020 11:00 (CET/CEST)","421","","1539"
"Italy (IT)","19.06.2020 11:00 - 19.06.2020 12:00 (CET/CEST)","413","","1366"
"Italy (IT)","19.06.2020 12:00 - 19.06.2020 13:00 (CET/CEST)","190","1","1197"
"Italy (IT)","19.06.2020 13:00 - 19.06.2020 14:00 (CET/CEST)","260","","802"
"Italy (IT)","19.06.2020 14:00 - 19.06.2020 15:00 (CET/CEST)","243","1","757"
"Italy (IT)","19.06.2020 15:00 - 19.06.2020 16:00 (CET/CEST)","21","184","718"
"Italy (IT)","19.06.2020 16:00 - 19.06.2020 17:00 (CET/CEST)","314","220","787"
"Italy (IT)","19.06.2020 17:00 - 19.06.2020 18:00 (CET/CEST)","551","114","904"
"Italy (IT)","19.06.2020 18:00 - 19.06.2020 19:00 (CET/CEST)","956","80","1494"
"Italy (IT)","19.06.2020 19:00 - 19.06.2020 20:00 (CET/CEST)","1104","40","1758"
"Italy (IT)","19.06.2020 20:00 - 19.06.2020 21:00 (CET/CEST)","1214","","1811"
"Italy (IT)","19.06.2020 21:00 - 19.06.2020 22:00 (CET/CEST)","1135","","1756"
"Italy (IT)","19.06.2020 22:00 - 19.06.2020 23:00 (CET/CEST)","993","","1751"
"Italy (IT)","19.06.2020 23:00 - 20.06.2020 00:00 (CET/CEST)","592","","1336"
"Italy (IT)","20.06.2020 00:00 - 20.06.2020 01:00 (CET/CEST)","293","20","735"
"Italy (IT)","20.06.2020 01:00 - 20.06.2020 02:00 (CET/CEST)","158","60","592"
"Italy (IT)","20.06.2020 02:00 - 20.06.2020 03:00 (CET/CEST)","57","257","554"
"Italy (IT)","20.06.2020 03:00 - 20.06.2020 04:00 (CET/CEST)","39","343","474"
"Italy (IT)","20.06.2020 04:00 - 20.06.2020 05:00 (CET/CEST)","36","509","473"
"Italy (IT)","20.06.2020 05:00 - 20.06.2020 06:00 (CET/CEST)","98","507","460"
"Italy (IT)","20.06.2020 06:00 - 20.06.2020 07:00 (CET/CEST)","92","174","464"
"Italy (IT)","20.06.2020 07:00 - 20.06.2020 08:00 (CET/CEST)","717","","482"
"Italy (IT)","20.06.2020 08:00 - 20.06.2020 09:00 (CET/CEST)","977","","604"
"Italy (IT)","20.06.2020 09:00 - 20.06.2020 10:00 (CET/CEST)","887","","573"
"Italy (IT)","20.06.2020 10:00 - 20.06.2020 11:00 (CET/CEST)","715","","500"
"Italy (IT)","20.06.2020 11:00 - 20.06.2020 12:00 (CET/CEST)","477","","518"
"Italy (IT)","20.06.2020 12:00 - 20.06.2020 13:00 (CET/CEST)","121","1","531"
"Italy (IT)","20.06.2020 13:00 - 20.06.2020 14:00 (CET/CEST)","5","256","467"
"Italy (IT)","20.06.2020 14:00 - 20.06.2020 15:00 (CET/CEST)","0","397","456"
"Italy (IT)","20.06.2020 15:00 - 20.06.2020 16:00 (CET/CEST)","","363","466"
"Italy (IT)","20.06.2020 16:00 - 20.06.2020 17:00 (CET/CEST)","14","79","475"
"Italy (IT)","20.06.2020 17:00 - 20.06.2020 18:00 (CET/CEST)","627","16","550"
"Italy (IT)","20.06.2020 18:00 - 20.06.2020 19:00 (CET/CEST)","1223","","746"
"Italy (IT)","20.06.2020 19:00 - 20.06.2020 20:00 (CET/CEST)","1541","","1324"
"Italy (IT)","20.06.2020 20:00 - 20.06.2020 21:00 (CET/CEST)","1367","","1496"
"Italy (IT)","20.06.2020 21:00 - 20.06.2020 22:00 (CET/CEST)","1350","","1605"
"Italy (IT)","20.06.2020 22:00 - 20.06.2020 23:00 (CET/CEST)","1468","","1568"
"Italy (IT)","20.06.2020 23:00 - 21.06.2020 00:00 (CET/CEST)","1089","","1361"
"Italy (IT)","21.06.2020 00:00 - 21.06.2020 01:00 (CET/CEST)","553","","1021"
"Italy (IT)","21.06.2020 01:00 - 21.06.2020 02:00 (CET/CEST)","233","","560"
"Italy (IT)","21.06.2020 02:00 - 21.06.2020 03:00 (CET/CEST)","130","","484"
"Italy (IT)","21.06.2020 03:00 - 21.06.2020 04:00 (CET/CEST)","0","143","462"
"Italy (IT)","21.06.2020 04:00 - 21.06.2020 05:00 (CET/CEST)","0","118","474"
"Italy (IT)","21.06.2020 05:00 - 21.06.2020 06:00 (CET/CEST)","80","95","389"
"Italy (IT)","21.06.2020 06:00 - 21.06.2020 07:00 (CET/CEST)","117","260","464"
"Italy (IT)","21.06.2020 07:00 - 21.06.2020 08:00 (CET/CEST)","416","97","718"
"Italy (IT)","21.06.2020 08:00 - 21.06.2020 09:00 (CET/CEST)","323","266","511"
"Italy (IT)","21.06.2020 09:00 - 21.06.2020 10:00 (CET/CEST)","219","235","538"
"Italy (IT)","21.06.2020 10:00 - 21.06.2020 11:00 (CET/CEST)","227","149","464"
"Italy (IT)","21.06.2020 11:00 - 21.06.2020 12:00 (CET/CEST)","61","146","412"
"Italy (IT)","21.06.2020 12:00 - 21.06.2020 13:00 (CET/CEST)","26","185","585"
"Italy (IT)","21.06.2020 13:00 - 21.06.2020 14:00 (CET/CEST)","","814","421"
"Italy (IT)","21.06.2020 14:00 - 21.06.2020 15:00 (CET/CEST)","","871","435"
"Italy (IT)","21.06.2020 15:00 - 21.06.2020 16:00 (CET/CEST)","","711","602"
"Italy (IT)","21.06.2020 16:00 - 21.06.2020 17:00 (CET/CEST)","0","312","949"
"Italy (IT)","21.06.2020 17:00 - 21.06.2020 18:00 (CET/CEST)","391","25","1013"
"Italy (IT)","21.06.2020 18:00 - 21.06.2020 19:00 (CET/CEST)","568","","737"
"Italy (IT)","21.06.2020 19:00 - 21.06.2020 20:00 (CET/CEST)","580","","1104"
"Italy (IT)","21.06.2020 20:00 - 21.06.2020 21:00 (CET/CEST)","944","","1397"
"Italy (IT)","21.06.2020 21:00 - 21.06.2020 22:00 (CET/CEST)","1236","","1459"
"Italy (IT)","21.06.2020 22:00 - 21.06.2020 23:00 (CET/CEST)","1199","","1420"
"Italy (IT)","21.06.2020 23:00 - 22.06.2020 00:00 (CET/CEST)","853","","1304"
"Italy (IT)","22.06.2020 00:00 - 22.06.2020 01:00 (CET/CEST)","111","","491"
"Italy (IT)","22.06.2020 01:00 - 22.06.2020 02:00 (CET/CEST)","105","","481"
"Italy (IT)","22.06.2020 02:00 - 22.06.2020 03:00 (CET/CEST)","0","32","482"
"Italy (IT)","22.06.2020 03:00 - 22.06.2020 04:00 (CET/CEST)","0","113","480"
"Italy (IT)","22.06.2020 04:00 - 22.06.2020 05:00 (CET/CEST)","0","105","440"
"Italy (IT)","22.06.2020 05:00 - 22.06.2020 06:00 (CET/CEST)","114","81","476"
"Italy (IT)","22.06.2020 06:00 - 22.06.2020 07:00 (CET/CEST)","358","81","1022"
"Italy (IT)","22.06.2020 07:00 - 22.06.2020 08:00 (CET/CEST)","934","136","1340"
"Italy (IT)","22.06.2020 08:00 - 22.06.2020 09:00 (CET/CEST)","1163","179","1734"
"Italy (IT)","22.06.2020 09:00 - 22.06.2020 10:00 (CET/CEST)","1163","62","1656"
"Italy (IT)","22.06.2020 10:00 - 22.06.2020 11:00 (CET/CEST)","603","2","1672"
"Italy (IT)","22.06.2020 11:00 - 22.06.2020 12:00 (CET/CEST)","370","2","1488"
"Italy (IT)","22.06.2020 12:00 - 22.06.2020 13:00 (CET/CEST)","353","144","1118"
"Italy (IT)","22.06.2020 13:00 - 22.06.2020 14:00 (CET/CEST)","352","145","975"
"Italy (IT)","22.06.2020 14:00 - 22.06.2020 15:00 (CET/CEST)","353","144","791"
"Italy (IT)","22.06.2020 15:00 - 22.06.2020 16:00 (CET/CEST)","352","251","825"
"Italy (IT)","22.06.2020 16:00 - 22.06.2020 17:00 (CET/CEST)","352","197","770"
"Italy (IT)","22.06.2020 17:00 - 22.06.2020 18:00 (CET/CEST)","434","187","918"
"Italy (IT)","22.06.2020 18:00 - 22.06.2020 19:00 (CET/CEST)","915","","1696"
"Italy (IT)","22.06.2020 19:00 - 22.06.2020 20:00 (CET/CEST)","1082","","2131"
"Italy (IT)","22.06.2020 20:00 - 22.06.2020 21:00 (CET/CEST)","1229","","1981"
"Italy (IT)","22.06.2020 21:00 - 22.06.2020 22:00 (CET/CEST)","1201","","1629"
"Italy (IT)","22.06.2020 22:00 - 22.06.2020 23:00 (CET/CEST)","991","","1688"
"Italy (IT)","22.06.2020 23:00 - 23.06.2020 00:00 (CET/CEST)","600","","1594"
"Italy (IT)","23.06.2020 00:00 - 23.06.2020 01:00 (CET/CEST)","154","4","996"
"Italy (IT)","23.06.2020 01:00 - 23.06.2020 02:00 (CET/CEST)","98","293","535"
"Italy (IT)","23.06.2020 02:00 - 23.06.2020 03:00 (CET/CEST)","94","179","508"
"Italy (IT)","23.06.2020 03:00 - 23.06.2020 04:00 (CET/CEST)","63","152","498"
"Italy (IT)","23.06.2020 04:00 - 23.06.2020 05:00 (CET/CEST)","0","123","517"
"Italy (IT)","23.06.2020 05:00 - 23.06.2020 06:00 (CET/CEST)","297","124","555"
"Italy (IT)","23.06.2020 06:00 - 23.06.2020 07:00 (CET/CEST)","581","229","1087"
"Italy (IT)","23.06.2020 07:00 - 23.06.2020 08:00 (CET/CEST)","823","330","1690"
"Italy (IT)","23.06.2020 08:00 - 23.06.2020 09:00 (CET/CEST)","1095","326","1885"
"Italy (IT)","23.06.2020 09:00 - 23.06.2020 10:00 (CET/CEST)","1198","183","1812"
"Italy (IT)","23.06.2020 10:00 - 23.06.2020 11:00 (CET/CEST)","773","2","1323"
"Italy (IT)","23.06.2020 11:00 - 23.06.2020 12:00 (CET/CEST)","623","110","1131"
"Italy (IT)","23.06.2020 12:00 - 23.06.2020 13:00 (CET/CEST)","419","146","782"
"Italy (IT)","23.06.2020 13:00 - 23.06.2020 14:00 (CET/CEST)","361","145","758"
"Italy (IT)","23.06.2020 14:00 - 23.06.2020 15:00 (CET/CEST)","362","143","818"
"Italy (IT)","23.06.2020 15:00 - 23.06.2020 16:00 (CET/CEST)","362","","1085"
"Italy (IT)","23.06.2020 16:00 - 23.06.2020 17:00 (CET/CEST)","471","","1248"
"Italy (IT)","23.06.2020 17:00 - 23.06.2020 18:00 (CET/CEST)","727","","1737"
"Italy (IT)","23.06.2020 18:00 - 23.06.2020 19:00 (CET/CEST)","1032","","1848"
"Italy (IT)","23.06.2020 19:00 - 23.06.2020 20:00 (CET/CEST)","1296","","2040"
"Italy (IT)","23.06.2020 20:00 - 23.06.2020 21:00 (CET/CEST)","1312","","1988"
"Italy (IT)","23.06.2020 21:00 - 23.06.2020 22:00 (CET/CEST)","1340","","1865"
"Italy (IT)","23.06.2020 22:00 - 23.06.2020 23:00 (CET/CEST)","1159","","1817"
"Italy (IT)","23.06.2020 23:00 - 24.06.2020 00:00 (CET/CEST)","810","","1543"
"Italy (IT)","24.06.2020 00:00 - 24.06.2020 01:00 (CET/CEST)","23","33","828"
"Italy (IT)","24.06.2020 01:00 - 24.06.2020 02:00 (CET/CEST)","15","79","771"
"Italy (IT)","24.06.2020 02:00 - 24.06.2020 03:00 (CET/CEST)","15","80","562"
"Italy (IT)","24.06.2020 03:00 - 24.06.2020 04:00 (CET/CEST)","0","182","521"
"Italy (IT)","24.06.2020 04:00 - 24.06.2020 05:00 (CET/CEST)","0","298","553"
"Italy (IT)","24.06.2020 05:00 - 24.06.2020 06:00 (CET/CEST)","230","337","593"
"Italy (IT)","24.06.2020 06:00 - 24.06.2020 07:00 (CET/CEST)","335","190","939"
"Italy (IT)","24.06.2020 07:00 - 24.06.2020 08:00 (CET/CEST)","1002","60","1636"
"Italy (IT)","24.06.2020 08:00 - 24.06.2020 09:00 (CET/CEST)","1209","","1568"
"Italy (IT)","24.06.2020 09:00 - 24.06.2020 10:00 (CET/CEST)","1226","","1734"
"Italy (IT)","24.06.2020 10:00 - 24.06.2020 11:00 (CET/CEST)","820","","1813"
"Italy (IT)","24.06.2020 11:00 - 24.06.2020 12:00 (CET/CEST)","765","","1692"
"Italy (IT)","24.06.2020 12:00 - 24.06.2020 13:00 (CET/CEST)","314","","1332"
"Italy (IT)","24.06.2020 13:00 - 24.06.2020 14:00 (CET/CEST)","277","","1097"
"Italy (IT)","24.06.2020 14:00 - 24.06.2020 15:00 (CET/CEST)","248","","1084"
"Italy (IT)","24.06.2020 15:00 - 24.06.2020 16:00 (CET/CEST)","296","","1087"
"Italy (IT)","24.06.2020 16:00 - 24.06.2020 17:00 (CET/CEST)","474","","1220"
"Italy (IT)","24.06.2020 17:00 - 24.06.2020 18:00 (CET/CEST)","958","","1580"
"Italy (IT)","24.06.2020 18:00 - 24.06.2020 19:00 (CET/CEST)","943","","1681"
"Italy (IT)","24.06.2020 19:00 - 24.06.2020 20:00 (CET/CEST)","1517","","1893"
"Italy (IT)","24.06.2020 20:00 - 24.06.2020 21:00 (CET/CEST)","1584","","1796"
"Italy (IT)","24.06.2020 21:00 - 24.06.2020 22:00 (CET/CEST)","1399","","1752"
"Italy (IT)","24.06.2020 22:00 - 24.06.2020 23:00 (CET/CEST)","1218","","1685"
"Italy (IT)","24.06.2020 23:00 - 25.06.2020 00:00 (CET/CEST)","605","","1201"
"Italy (IT)","25.06.2020 00:00 - 25.06.2020 01:00 (CET/CEST)","174","","648"
"Italy (IT)","25.06.2020 01:00 - 25.06.2020 02:00 (CET/CEST)","100","179","579"
"Italy (IT)","25.06.2020 02:00 - 25.06.2020 03:00 (CET/CEST)","97","257","565"
"Italy (IT)","25.06.2020 03:00 - 25.06.2020 04:00 (CET/CEST)","15","416","586"
"Italy (IT)","25.06.2020 04:00 - 25.06.2020 05:00 (CET/CEST)","0","493","587"
"Italy (IT)","25.06.2020 05:00 - 25.06.2020 06:00 (CET/CEST)","0","427","636"
"Italy (IT)","25.06.2020 06:00 - 25.06.2020 07:00 (CET/CEST)","357","234","1118"
"Italy (IT)","25.06.2020 07:00 - 25.06.2020 08:00 (CET/CEST)","827","34","1533"
"Italy (IT)","25.06.2020 08:00 - 25.06.2020 09:00 (CET/CEST)","959","","1587"
"Italy (IT)","25.06.2020 09:00 - 25.06.2020 10:00 (CET/CEST)","1232","","1563"
"Italy (IT)","25.06.2020 10:00 - 25.06.2020 11:00 (CET/CEST)","997","","1462"
"Italy (IT)","25.06.2020 11:00 - 25.06.2020 12:00 (CET/CEST)","896","","1247"
"Italy (IT)","25.06.2020 12:00 - 25.06.2020 13:00 (CET/CEST)","515","106","1036"
"Italy (IT)","25.06.2020 13:00 - 25.06.2020 14:00 (CET/CEST)","374","146","1051"
"Italy (IT)","25.06.2020 14:00 - 25.06.2020 15:00 (CET/CEST)","685","146","1077"
"Italy (IT)","25.06.2020 15:00 - 25.06.2020 16:00 (CET/CEST)","779","146","1074"
"Italy (IT)","25.06.2020 16:00 - 25.06.2020 17:00 (CET/CEST)","649","146","1319"
"Italy (IT)","25.06.2020 17:00 - 25.06.2020 18:00 (CET/CEST)","658","12","1588"
"Italy (IT)","25.06.2020 18:00 - 25.06.2020 19:00 (CET/CEST)","728","","1696"
"Italy (IT)","25.06.2020 19:00 - 25.06.2020 20:00 (CET/CEST)","1518","","1726"
"Italy (IT)","25.06.2020 20:00 - 25.06.2020 21:00 (CET/CEST)","1547","","1811"
"Italy (IT)","25.06.2020 21:00 - 25.06.2020 22:00 (CET/CEST)","1307","","1822"
"Italy (IT)","25.06.2020 22:00 - 25.06.2020 23:00 (CET/CEST)","943","","1590"
"Italy (IT)","25.06.2020 23:00 - 26.06.2020 00:00 (CET/CEST)","351","","1049"
"Italy (IT)","26.06.2020 00:00 - 26.06.2020 01:00 (CET/CEST)","52","","594"
"Italy (IT)","26.06.2020 01:00 - 26.06.2020 02:00 (CET/CEST)","51","29","467"
"Italy (IT)","26.06.2020 02:00 - 26.06.2020 03:00 (CET/CEST)","51","96","464"
"Italy (IT)","26.06.2020 03:00 - 26.06.2020 04:00 (CET/CEST)","0","153","442"
"Italy (IT)","26.06.2020 04:00 - 26.06.2020 05:00 (CET/CEST)","0","182","413"
"Italy (IT)","26.06.2020 05:00 - 26.06.2020 06:00 (CET/CEST)","3","120","525"
"Italy (IT)","26.06.2020 06:00 - 26.06.2020 07:00 (CET/CEST)","0","333","867"
"Italy (IT)","26.06.2020 07:00 - 26.06.2020 08:00 (CET/CEST)","190","","1155"
"Italy (IT)","26.06.2020 08:00 - 26.06.2020 09:00 (CET/CEST)","469","","1256"
"Italy (IT)","26.06.2020 09:00 - 26.06.2020 10:00 (CET/CEST)","499","3","1236"
"Italy (IT)","26.06.2020 10:00 - 26.06.2020 11:00 (CET/CEST)","402","146","1194"
"Italy (IT)","26.06.2020 11:00 - 26.06.2020 12:00 (CET/CEST)","529","147","1083"
"Italy (IT)","26.06.2020 12:00 - 26.06.2020 13:00 (CET/CEST)","389","146","784"
"Italy (IT)","26.06.2020 13:00 - 26.06.2020 14:00 (CET/CEST)","338","146","643"
"Italy (IT)","26.06.2020 14:00 - 26.06.2020 15:00 (CET/CEST)","177","146","639"
"Italy (IT)","26.06.2020 15:00 - 26.06.2020 16:00 (CET/CEST)","178","145","658"
"Italy (IT)","26.06.2020 16:00 - 26.06.2020 17:00 (CET/CEST)","177","","800"
"Italy (IT)","26.06.2020 17:00 - 26.06.2020 18:00 (CET/CEST)","651","","1205"
"Italy (IT)","26.06.2020 18:00 - 26.06.2020 19:00 (CET/CEST)","709","","1503"
"Italy (IT)","26.06.2020 19:00 - 26.06.2020 20:00 (CET/CEST)","1182","","1878"
"Italy (IT)","26.06.2020 20:00 - 26.06.2020 21:00 (CET/CEST)","1100","","1829"
"Italy (IT)","26.06.2020 21:00 - 26.06.2020 22:00 (CET/CEST)","1041","","1652"
"Italy (IT)","26.06.2020 22:00 - 26.06.2020 23:00 (CET/CEST)","737","","1380"
"Italy (IT)","26.06.2020 23:00 - 27.06.2020 00:00 (CET/CEST)","403","","1262"
"Italy (IT)","27.06.2020 00:00 - 27.06.2020 01:00 (CET/CEST)","566","","889"
"Italy (IT)","27.06.2020 01:00 - 27.06.2020 02:00 (CET/CEST)","221","","643"
"Italy (IT)","27.06.2020 02:00 - 27.06.2020 03:00 (CET/CEST)","216","","583"
"Italy (IT)","27.06.2020 03:00 - 27.06.2020 04:00 (CET/CEST)","73","28","517"
"Italy (IT)","27.06.2020 04:00 - 27.06.2020 05:00 (CET/CEST)","26","254","480"
"Italy (IT)","27.06.2020 05:00 - 27.06.2020 06:00 (CET/CEST)","27","254","452"
"Italy (IT)","27.06.2020 06:00 - 27.06.2020 07:00 (CET/CEST)","124","253","501"
"Italy (IT)","27.06.2020 07:00 - 27.06.2020 08:00 (CET/CEST)","160","137","516"
"Italy (IT)","27.06.2020 08:00 - 27.06.2020 09:00 (CET/CEST)","589","","681"
"Italy (IT)","27.06.2020 09:00 - 27.06.2020 10:00 (CET/CEST)","726","","688"
"Italy (IT)","27.06.2020 10:00 - 27.06.2020 11:00 (CET/CEST)","314","","607"
"Italy (IT)","27.06.2020 11:00 - 27.06.2020 12:00 (CET/CEST)","316","","551"
"Italy (IT)","27.06.2020 12:00 - 27.06.2020 13:00 (CET/CEST)","123","","489"
"Italy (IT)","27.06.2020 13:00 - 27.06.2020 14:00 (CET/CEST)","47","","403"
"Italy (IT)","27.06.2020 14:00 - 27.06.2020 15:00 (CET/CEST)","25","","389"
"Italy (IT)","27.06.2020 15:00 - 27.06.2020 16:00 (CET/CEST)","0","47","388"
"Italy (IT)","27.06.2020 16:00 - 27.06.2020 17:00 (CET/CEST)","0","76","459"
"Italy (IT)","27.06.2020 17:00 - 27.06.2020 18:00 (CET/CEST)","241","","548"
"Italy (IT)","27.06.2020 18:00 - 27.06.2020 19:00 (CET/CEST)","354","","714"
"Italy (IT)","27.06.2020 19:00 - 27.06.2020 20:00 (CET/CEST)","833","","973"
"Italy (IT)","27.06.2020 20:00 - 27.06.2020 21:00 (CET/CEST)","887","","1148"
"Italy (IT)","27.06.2020 21:00 - 27.06.2020 22:00 (CET/CEST)","818","","1119"
"Italy (IT)","27.06.2020 22:00 - 27.06.2020 23:00 (CET/CEST)","747","","1337"
"Italy (IT)","27.06.2020 23:00 - 28.06.2020 00:00 (CET/CEST)","357","","1135"
"Italy (IT)","28.06.2020 00:00 - 28.06.2020 01:00 (CET/CEST)","237","","544"
"Italy (IT)","28.06.2020 01:00 - 28.06.2020 02:00 (CET/CEST)","160","","500"
"Italy (IT)","28.06.2020 02:00 - 28.06.2020 03:00 (CET/CEST)","168","","447"
"Italy (IT)","28.06.2020 03:00 - 28.06.2020 04:00 (CET/CEST)","161","37","404"
"Italy (IT)","28.06.2020 04:00 - 28.06.2020 05:00 (CET/CEST)","161","268","403"
"Italy (IT)","28.06.2020 05:00 - 28.06.2020 06:00 (CET/CEST)","160","86","423"
"Italy (IT)","28.06.2020 06:00 - 28.06.2020 07:00 (CET/CEST)","10","167","481"
"Italy (IT)","28.06.2020 07:00 - 28.06.2020 08:00 (CET/CEST)","137","","623"
"Italy (IT)","28.06.2020 08:00 - 28.06.2020 09:00 (CET/CEST)","198","","518"
"Italy (IT)","28.06.2020 09:00 - 28.06.2020 10:00 (CET/CEST)","0","198","501"
"Italy (IT)","28.06.2020 10:00 - 28.06.2020 11:00 (CET/CEST)","0","200","498"
"Italy (IT)","28.06.2020 11:00 - 28.06.2020 12:00 (CET/CEST)","210","","892"
"Italy (IT)","28.06.2020 12:00 - 28.06.2020 13:00 (CET/CEST)","317","2","947"
"Italy (IT)","28.06.2020 13:00 - 28.06.2020 14:00 (CET/CEST)","0","278","496"
"Italy (IT)","28.06.2020 14:00 - 28.06.2020 15:00 (CET/CEST)","0","347","452"
"Italy (IT)","28.06.2020 15:00 - 28.06.2020 16:00 (CET/CEST)","0","311","462"
"Italy (IT)","28.06.2020 16:00 - 28.06.2020 17:00 (CET/CEST)","30","2","545"
"Italy (IT)","28.06.2020 17:00 - 28.06.2020 18:00 (CET/CEST)","63","","619"
"Italy (IT)","28.06.2020 18:00 - 28.06.2020 19:00 (CET/CEST)","404","","717"
"Italy (IT)","28.06.2020 19:00 - 28.06.2020 20:00 (CET/CEST)","903","","812"
"Italy (IT)","28.06.2020 20:00 - 28.06.2020 21:00 (CET/CEST)","1301","","1013"
"Italy (IT)","28.06.2020 21:00 - 28.06.2020 22:00 (CET/CEST)","1730","","1244"
"Italy (IT)","28.06.2020 22:00 - 28.06.2020 23:00 (CET/CEST)","1564","","1265"
"Italy (IT)","28.06.2020 23:00 - 29.06.2020 00:00 (CET/CEST)","940","","873"
"Italy (IT)","29.06.2020 00:00 - 29.06.2020 01:00 (CET/CEST)","87","","476"
"Italy (IT)","29.06.2020 01:00 - 29.06.2020 02:00 (CET/CEST)","11","","404"
"Italy (IT)","29.06.2020 02:00 - 29.06.2020 03:00 (CET/CEST)","0","296","407"
"Italy (IT)","29.06.2020 03:00 - 29.06.2020 04:00 (CET/CEST)","0","420","343"
"Italy (IT)","29.06.2020 04:00 - 29.06.2020 05:00 (CET/CEST)","0","457","349"
"Italy (IT)","29.06.2020 05:00 - 29.06.2020 06:00 (CET/CEST)","0","535","459"
"Italy (IT)","29.06.2020 06:00 - 29.06.2020 07:00 (CET/CEST)","146","342","644"
"Italy (IT)","29.06.2020 07:00 - 29.06.2020 08:00 (CET/CEST)","612","130","1414"
"Italy (IT)","29.06.2020 08:00 - 29.06.2020 09:00 (CET/CEST)","1193","","1544"
"Italy (IT)","29.06.2020 09:00 - 29.06.2020 10:00 (CET/CEST)","1238","28","1485"
"Italy (IT)","29.06.2020 10:00 - 29.06.2020 11:00 (CET/CEST)","728","147","1352"
"Italy (IT)","29.06.2020 11:00 - 29.06.2020 12:00 (CET/CEST)","578","146","1036"
"Italy (IT)","29.06.2020 12:00 - 29.06.2020 13:00 (CET/CEST)","297","146","887"
"Italy (IT)","29.06.2020 13:00 - 29.06.2020 14:00 (CET/CEST)","121","206","758"
"Italy (IT)","29.06.2020 14:00 - 29.06.2020 15:00 (CET/CEST)","220","233","882"
"Italy (IT)","29.06.2020 15:00 - 29.06.2020 16:00 (CET/CEST)","144","55","894"
"Italy (IT)","29.06.2020 16:00 - 29.06.2020 17:00 (CET/CEST)","299","","964"
"Italy (IT)","29.06.2020 17:00 - 29.06.2020 18:00 (CET/CEST)","549","1","888"
"Italy (IT)","29.06.2020 18:00 - 29.06.2020 19:00 (CET/CEST)","644","1","1163"
"Italy (IT)","29.06.2020 19:00 - 29.06.2020 20:00 (CET/CEST)","1471","1","1278"
"Italy (IT)","29.06.2020 20:00 - 29.06.2020 21:00 (CET/CEST)","1190","","1302"
"Italy (IT)","29.06.2020 21:00 - 29.06.2020 22:00 (CET/CEST)","1138","","1147"
"Italy (IT)","29.06.2020 22:00 - 29.06.2020 23:00 (CET/CEST)","756","","1039"
"Italy (IT)","29.06.2020 23:00 - 30.06.2020 00:00 (CET/CEST)","461","","853"
"Italy (IT)","30.06.2020 00:00 - 30.06.2020 01:00 (CET/CEST)","39","","698"
"Italy (IT)","30.06.2020 01:00 - 30.06.2020 02:00 (CET/CEST)","200","","598"
"Italy (IT)","30.06.2020 02:00 - 30.06.2020 03:00 (CET/CEST)","201","","562"
"Italy (IT)","30.06.2020 03:00 - 30.06.2020 04:00 (CET/CEST)","116","","559"
"Italy (IT)","30.06.2020 04:00 - 30.06.2020 05:00 (CET/CEST)","36","182","583"
"Italy (IT)","30.06.2020 05:00 - 30.06.2020 06:00 (CET/CEST)","132","405","559"
"Italy (IT)","30.06.2020 06:00 - 30.06.2020 07:00 (CET/CEST)","145","118","643"
"Italy (IT)","30.06.2020 07:00 - 30.06.2020 08:00 (CET/CEST)","546","","1212"
"Italy (IT)","30.06.2020 08:00 - 30.06.2020 09:00 (CET/CEST)","863","","1599"
"Italy (IT)","30.06.2020 09:00 - 30.06.2020 10:00 (CET/CEST)","797","","1464"
"Italy (IT)","30.06.2020 10:00 - 30.06.2020 11:00 (CET/CEST)","712","","1519"
"Italy (IT)","30.06.2020 11:00 - 30.06.2020 12:00 (CET/CEST)","650","","1438"
"Italy (IT)","30.06.2020 12:00 - 30.06.2020 13:00 (CET/CEST)","516","","1338"
"Italy (IT)","30.06.2020 13:00 - 30.06.2020 14:00 (CET/CEST)","199","","1057"
"Italy (IT)","30.06.2020 14:00 - 30.06.2020 15:00 (CET/CEST)","253","","1140"
"Italy (IT)","30.06.2020 15:00 - 30.06.2020 16:00 (CET/CEST)","298","73","1260"
"Italy (IT)","30.06.2020 16:00 - 30.06.2020 17:00 (CET/CEST)","393","152","1269"
"Italy (IT)","30.06.2020 17:00 - 30.06.2020 18:00 (CET/CEST)","877","152","1391"
"Italy (IT)","30.06.2020 18:00 - 30.06.2020 19:00 (CET/CEST)","1189","69","1409"
"Italy (IT)","30.06.2020 19:00 - 30.06.2020 20:00 (CET/CEST)","1473","","1411"
"Italy (IT)","30.06.2020 20:00 - 30.06.2020 21:00 (CET/CEST)","1540","","1435"
"Italy (IT)","30.06.2020 21:00 - 30.06.2020 22:00 (CET/CEST)","1208","","1349"
"Italy (IT)","30.06.2020 22:00 - 30.06.2020 23:00 (CET/CEST)","850","","1318"
"Italy (IT)","30.06.2020 23:00 - 01.07.2020 00:00 (CET/CEST)","636","","1100"
"Italy (IT)","01.07.2020 00:00 - 01.07.2020 01:00 (CET/CEST)","104","","734"
"Italy (IT)","01.07.2020 01:00 - 01.07.2020 02:00 (CET/CEST)","31","163","663"
"Italy (IT)","01.07.2020 02:00 - 01.07.2020 03:00 (CET/CEST)","31","336","636"
"Italy (IT)","01.07.2020 03:00 - 01.07.2020 04:00 (CET/CEST)","","560","570"
"Italy (IT)","01.07.2020 04:00 - 01.07.2020 05:00 (CET/CEST)","","592","571"
"Italy (IT)","01.07.2020 05:00 - 01.07.2020 06:00 (CET/CEST)","","612","587"
"Italy (IT)","01.07.2020 06:00 - 01.07.2020 07:00 (CET/CEST)","147","352","735"
"Italy (IT)","01.07.2020 07:00 - 01.07.2020 08:00 (CET/CEST)","331","81","960"
"Italy (IT)","01.07.2020 08:00 - 01.07.2020 09:00 (CET/CEST)","659","81","1406"
"Italy (IT)","01.07.2020 09:00 - 01.07.2020 10:00 (CET/CEST)","723","8","1482"
"Italy (IT)","01.07.2020 10:00 - 01.07.2020 11:00 (CET/CEST)","438","","1275"
"Italy (IT)","01.07.2020 11:00 - 01.07.2020 12:00 (CET/CEST)","464","","1216"
"Italy (IT)","01.07.2020 12:00 - 01.07.2020 13:00 (CET/CEST)","343","","1024"
"Italy (IT)","01.07.2020 13:00 - 01.07.2020 14:00 (CET/CEST)","343","","1021"
"Italy (IT)","01.07.2020 14:00 - 01.07.2020 15:00 (CET/CEST)","340","","1243"
"Italy (IT)","01.07.2020 15:00 - 01.07.2020 16:00 (CET/CEST)","484","","1283"
"Italy (IT)","01.07.2020 16:00 - 01.07.2020 17:00 (CET/CEST)","603","","1284"
"Italy (IT)","01.07.2020 17:00 - 01.07.2020 18:00 (CET/CEST)","496","","1365"
"Italy (IT)","01.07.2020 18:00 - 01.07.2020 19:00 (CET/CEST)","704","","1163"
"Italy (IT)","01.07.2020 19:00 - 01.07.2020 20:00 (CET/CEST)","1236","","1396"
"Italy (IT)","01.07.2020 20:00 - 01.07.2020 21:00 (CET/CEST)","1570","","1388"
"Italy (IT)","01.07.2020 21:00 - 01.07.2020 22:00 (CET/CEST)","1286","","1372"
"Italy (IT)","01.07.2020 22:00 - 01.07.2020 23:00 (CET/CEST)","536","","1377"
"Italy (IT)","01.07.2020 23:00 - 02.07.2020 00:00 (CET/CEST)","192","","1120"
"Italy (IT)","02.07.2020 00:00 - 02.07.2020 01:00 (CET/CEST)","74","","752"
"Italy (IT)","02.07.2020 01:00 - 02.07.2020 02:00 (CET/CEST)","42","81","579"
"Italy (IT)","02.07.2020 02:00 - 02.07.2020 03:00 (CET/CEST)","0","615","561"
"Italy (IT)","02.07.2020 03:00 - 02.07.2020 04:00 (CET/CEST)","0","656","554"
"Italy (IT)","02.07.2020 04:00 - 02.07.2020 05:00 (CET/CEST)","0","691","546"
"Italy (IT)","02.07.2020 05:00 - 02.07.2020 06:00 (CET/CEST)","114","305","577"
"Italy (IT)","02.07.2020 06:00 - 02.07.2020 07:00 (CET/CEST)","0","407","816"
"Italy (IT)","02.07.2020 07:00 - 02.07.2020 08:00 (CET/CEST)","313","156","1296"
"Italy (IT)","02.07.2020 08:00 - 02.07.2020 09:00 (CET/CEST)","1260","80","1377"
"Italy (IT)","02.07.2020 09:00 - 02.07.2020 10:00 (CET/CEST)","1214","52","1434"
"Italy (IT)","02.07.2020 10:00 - 02.07.2020 11:00 (CET/CEST)","584","","1331"
"Italy (IT)","02.07.2020 11:00 - 02.07.2020 12:00 (CET/CEST)","458","","1347"
"Italy (IT)","02.07.2020 12:00 - 02.07.2020 13:00 (CET/CEST)","145","17","1269"
"Italy (IT)","02.07.2020 13:00 - 02.07.2020 14:00 (CET/CEST)","76","132","1296"
"Italy (IT)","02.07.2020 14:00 - 02.07.2020 15:00 (CET/CEST)","413","64","1366"
"Italy (IT)","02.07.2020 15:00 - 02.07.2020 16:00 (CET/CEST)","517","9","1389"
"Italy (IT)","02.07.2020 16:00 - 02.07.2020 17:00 (CET/CEST)","799","","1501"
"Italy (IT)","02.07.2020 17:00 - 02.07.2020 18:00 (CET/CEST)","750","","1567"
"Italy (IT)","02.07.2020 18:00 - 02.07.2020 19:00 (CET/CEST)","1523","50","1556"
"Italy (IT)","02.07.2020 19:00 - 02.07.2020 20:00 (CET/CEST)","1227","80","1585"
"Italy (IT)","02.07.2020 20:00 - 02.07.2020 21:00 (CET/CEST)","1320","80","1638"
"Italy (IT)","02.07.2020 21:00 - 02.07.2020 22:00 (CET/CEST)","1620","80","1596"
"Italy (IT)","02.07.2020 22:00 - 02.07.2020 23:00 (CET/CEST)","903","80","1464"
"Italy (IT)","02.07.2020 23:00 - 03.07.2020 00:00 (CET/CEST)","305","80","1326"
"Italy (IT)","03.07.2020 00:00 - 03.07.2020 01:00 (CET/CEST)","55","427","1068"
"Italy (IT)","03.07.2020 01:00 - 03.07.2020 02:00 (CET/CEST)","24","484","865"
"Italy (IT)","03.07.2020 02:00 - 03.07.2020 03:00 (CET/CEST)","32","578","755"
"Italy (IT)","03.07.2020 03:00 - 03.07.2020 04:00 (CET/CEST)","31","814","753"
"Italy (IT)","03.07.2020 04:00 - 03.07.2020 05:00 (CET/CEST)","0","928","722"
"Italy (IT)","03.07.2020 05:00 - 03.07.2020 06:00 (CET/CEST)","123","779","740"
"Italy (IT)","03.07.2020 06:00 - 03.07.2020 07:00 (CET/CEST)","145","446","886"
"Italy (IT)","03.07.2020 07:00 - 03.07.2020 08:00 (CET/CEST)","925","153","1365"
"Italy (IT)","03.07.2020 08:00 - 03.07.2020 09:00 (CET/CEST)","982","","1547"
"Italy (IT)","03.07.2020 09:00 - 03.07.2020 10:00 (CET/CEST)","562","","1397"
"Italy (IT)","03.07.2020 10:00 - 03.07.2020 11:00 (CET/CEST)","531","","1257"
"Italy (IT)","03.07.2020 11:00 - 03.07.2020 12:00 (CET/CEST)","420","12","1185"
"Italy (IT)","03.07.2020 12:00 - 03.07.2020 13:00 (CET/CEST)","44","80","1159"
"Italy (IT)","03.07.2020 13:00 - 03.07.2020 14:00 (CET/CEST)","130","124","945"
"Italy (IT)","03.07.2020 14:00 - 03.07.2020 15:00 (CET/CEST)","164","96","939"
"Italy (IT)","03.07.2020 15:00 - 03.07.2020 16:00 (CET/CEST)","131","","970"
"Italy (IT)","03.07.2020 16:00 - 03.07.2020 17:00 (CET/CEST)","261","","1215"
"Italy (IT)","03.07.2020 17:00 - 03.07.2020 18:00 (CET/CEST)","396","","1375"
"Italy (IT)","03.07.2020 18:00 - 03.07.2020 19:00 (CET/CEST)","406","","1363"
"Italy (IT)","03.07.2020 19:00 - 03.07.2020 20:00 (CET/CEST)","777","","1369"
"Italy (IT)","03.07.2020 20:00 - 03.07.2020 21:00 (CET/CEST)","1182","","1243"
"Italy (IT)","03.07.2020 21:00 - 03.07.2020 22:00 (CET/CEST)","742","","1208"
"Italy (IT)","03.07.2020 22:00 - 03.07.2020 23:00 (CET/CEST)","333","","1132"
"Italy (IT)","03.07.2020 23:00 - 04.07.2020 00:00 (CET/CEST)","248","","809"
"Italy (IT)","04.07.2020 00:00 - 04.07.2020 01:00 (CET/CEST)","298","","807"
"Italy (IT)","04.07.2020 01:00 - 04.07.2020 02:00 (CET/CEST)","221","","662"
"Italy (IT)","04.07.2020 02:00 - 04.07.2020 03:00 (CET/CEST)","209","","652"
"Italy (IT)","04.07.2020 03:00 - 04.07.2020 04:00 (CET/CEST)","130","142","601"
"Italy (IT)","04.07.2020 04:00 - 04.07.2020 05:00 (CET/CEST)","35","258","595"
"Italy (IT)","04.07.2020 05:00 - 04.07.2020 06:00 (CET/CEST)","79","257","548"
"Italy (IT)","04.07.2020 06:00 - 04.07.2020 07:00 (CET/CEST)","0","170","625"
"Italy (IT)","04.07.2020 07:00 - 04.07.2020 08:00 (CET/CEST)","202","","632"
"Italy (IT)","04.07.2020 08:00 - 04.07.2020 09:00 (CET/CEST)","310","","751"
"Italy (IT)","04.07.2020 09:00 - 04.07.2020 10:00 (CET/CEST)","300","","901"
"Italy (IT)","04.07.2020 10:00 - 04.07.2020 11:00 (CET/CEST)","276","","777"
"Italy (IT)","04.07.2020 11:00 - 04.07.2020 12:00 (CET/CEST)","151","78","719"
"Italy (IT)","04.07.2020 12:00 - 04.07.2020 13:00 (CET/CEST)","65","145","720"
"Italy (IT)","04.07.2020 13:00 - 04.07.2020 14:00 (CET/CEST)","0","192","680"
"Italy (IT)","04.07.2020 14:00 - 04.07.2020 15:00 (CET/CEST)","0","460","529"
"Italy (IT)","04.07.2020 15:00 - 04.07.2020 16:00 (CET/CEST)","0","473","438"
"Italy (IT)","04.07.2020 16:00 - 04.07.2020 17:00 (CET/CEST)","0","154","538"
"Italy (IT)","04.07.2020 17:00 - 04.07.2020 18:00 (CET/CEST)","67","79","707"
"Italy (IT)","04.07.2020 18:00 - 04.07.2020 19:00 (CET/CEST)","493","79","823"
"Italy (IT)","04.07.2020 19:00 - 04.07.2020 20:00 (CET/CEST)","744","77","842"
"Italy (IT)","04.07.2020 20:00 - 04.07.2020 21:00 (CET/CEST)","960","","839"
"Italy (IT)","04.07.2020 21:00 - 04.07.2020 22:00 (CET/CEST)","1236","","827"
"Italy (IT)","04.07.2020 22:00 - 04.07.2020 23:00 (CET/CEST)","1145","","1003"
"Italy (IT)","04.07.2020 23:00 - 05.07.2020 00:00 (CET/CEST)","732","","869"
"Italy (IT)","05.07.2020 00:00 - 05.07.2020 01:00 (CET/CEST)","75","209","646"
"Italy (IT)","05.07.2020 01:00 - 05.07.2020 02:00 (CET/CEST)","0","116","537"
"Italy (IT)","05.07.2020 02:00 - 05.07.2020 03:00 (CET/CEST)","0","65","429"
"Italy (IT)","05.07.2020 03:00 - 05.07.2020 04:00 (CET/CEST)","0","171","479"
"Italy (IT)","05.07.2020 04:00 - 05.07.2020 05:00 (CET/CEST)","0","107","521"
"Italy (IT)","05.07.2020 05:00 - 05.07.2020 06:00 (CET/CEST)","49","","554"
"Italy (IT)","05.07.2020 06:00 - 05.07.2020 07:00 (CET/CEST)","20","","454"
"Italy (IT)","05.07.2020 07:00 - 05.07.2020 08:00 (CET/CEST)","23","1","415"
"Italy (IT)","05.07.2020 08:00 - 05.07.2020 09:00 (CET/CEST)","46","146","468"
"Italy (IT)","05.07.2020 09:00 - 05.07.2020 10:00 (CET/CEST)","0","875","461"
"Italy (IT)","05.07.2020 10:00 - 05.07.2020 11:00 (CET/CEST)","0","1059","429"
"Italy (IT)","05.07.2020 11:00 - 05.07.2020 12:00 (CET/CEST)","0","1448","398"
"Italy (IT)","05.07.2020 12:00 - 05.07.2020 13:00 (CET/CEST)","0","1314","474"
"Italy (IT)","05.07.2020 13:00 - 05.07.2020 14:00 (CET/CEST)","0","929","511"
"Italy (IT)","05.07.2020 14:00 - 05.07.2020 15:00 (CET/CEST)","0","843","498"
"Italy (IT)","05.07.2020 15:00 - 05.07.2020 16:00 (CET/CEST)","0","722","477"
"Italy (IT)","05.07.2020 16:00 - 05.07.2020 17:00 (CET/CEST)","0","184","505"
"Italy (IT)","05.07.2020 17:00 - 05.07.2020 18:00 (CET/CEST)","211","","764"
"Italy (IT)","05.07.2020 18:00 - 05.07.2020 19:00 (CET/CEST)","369","","779"
"Italy (IT)","05.07.2020 19:00 - 05.07.2020 20:00 (CET/CEST)","584","156","996"
"Italy (IT)","05.07.2020 20:00 - 05.07.2020 21:00 (CET/CEST)","1772","1","1267"
"Italy (IT)","05.07.2020 21:00 - 05.07.2020 22:00 (CET/CEST)","2211","","856"
"Italy (IT)","05.07.2020 22:00 - 05.07.2020 23:00 (CET/CEST)","2135","","930"
"Italy (IT)","05.07.2020 23:00 - 06.07.2020 00:00 (CET/CEST)","1239","","862"
"Italy (IT)","06.07.2020 00:00 - 06.07.2020 01:00 (CET/CEST)","36","","658"
"Italy (IT)","06.07.2020 01:00 - 06.07.2020 02:00 (CET/CEST)","0","132","544"
"Italy (IT)","06.07.2020 02:00 - 06.07.2020 03:00 (CET/CEST)","","923","532"
"Italy (IT)","06.07.2020 03:00 - 06.07.2020 04:00 (CET/CEST)","","1020","525"
"Italy (IT)","06.07.2020 04:00 - 06.07.2020 05:00 (CET/CEST)","","1015","479"
"Italy (IT)","06.07.2020 05:00 - 06.07.2020 06:00 (CET/CEST)","","885","492"
"Italy (IT)","06.07.2020 06:00 - 06.07.2020 07:00 (CET/CEST)","72","125","611"
"Italy (IT)","06.07.2020 07:00 - 06.07.2020 08:00 (CET/CEST)","269","","841"
"Italy (IT)","06.07.2020 08:00 - 06.07.2020 09:00 (CET/CEST)","495","","952"
"Italy (IT)","06.07.2020 09:00 - 06.07.2020 10:00 (CET/CEST)","377","","987"
"Italy (IT)","06.07.2020 10:00 - 06.07.2020 11:00 (CET/CEST)","73","","917"
"Italy (IT)","06.07.2020 11:00 - 06.07.2020 12:00 (CET/CEST)","325","","939"
"Italy (IT)","06.07.2020 12:00 - 06.07.2020 13:00 (CET/CEST)","227","","935"
"Italy (IT)","06.07.2020 13:00 - 06.07.2020 14:00 (CET/CEST)","126","78","1001"
"Italy (IT)","06.07.2020 14:00 - 06.07.2020 15:00 (CET/CEST)","327","182","1258"
"Italy (IT)","06.07.2020 15:00 - 06.07.2020 16:00 (CET/CEST)","348","223","1345"
"Italy (IT)","06.07.2020 16:00 - 06.07.2020 17:00 (CET/CEST)","756","40","1443"
"Italy (IT)","06.07.2020 17:00 - 06.07.2020 18:00 (CET/CEST)","861","","1490"
"Italy (IT)","06.07.2020 18:00 - 06.07.2020 19:00 (CET/CEST)","1316","","1541"
"Italy (IT)","06.07.2020 19:00 - 06.07.2020 20:00 (CET/CEST)","1942","","1691"
"Italy (IT)","06.07.2020 20:00 - 06.07.2020 21:00 (CET/CEST)","1834","","1557"
"Italy (IT)","06.07.2020 21:00 - 06.07.2020 22:00 (CET/CEST)","1836","","1356"
"Italy (IT)","06.07.2020 22:00 - 06.07.2020 23:00 (CET/CEST)","1135","","1380"
"Italy (IT)","06.07.2020 23:00 - 07.07.2020 00:00 (CET/CEST)","241","","1228"
"Italy (IT)","07.07.2020 00:00 - 07.07.2020 01:00 (CET/CEST)","165","","837"
"Italy (IT)","07.07.2020 01:00 - 07.07.2020 02:00 (CET/CEST)","1","43","579"
"Italy (IT)","07.07.2020 02:00 - 07.07.2020 03:00 (CET/CEST)","0","311","573"
"Italy (IT)","07.07.2020 03:00 - 07.07.2020 04:00 (CET/CEST)","0","373","536"
"Italy (IT)","07.07.2020 04:00 - 07.07.2020 05:00 (CET/CEST)","0","308","538"
"Italy (IT)","07.07.2020 05:00 - 07.07.2020 06:00 (CET/CEST)","0","425","584"
"Italy (IT)","07.07.2020 06:00 - 07.07.2020 07:00 (CET/CEST)","339","53","1056"
"Italy (IT)","07.07.2020 07:00 - 07.07.2020 08:00 (CET/CEST)","754","","1170"
"Italy (IT)","07.07.2020 08:00 - 07.07.2020 09:00 (CET/CEST)","934","","1427"
"Italy (IT)","07.07.2020 09:00 - 07.07.2020 10:00 (CET/CEST)","844","","1317"
"Italy (IT)","07.07.2020 10:00 - 07.07.2020 11:00 (CET/CEST)","688","3","1338"
"Italy (IT)","07.07.2020 11:00 - 07.07.2020 12:00 (CET/CEST)","686","147","1343"
"Italy (IT)","07.07.2020 12:00 - 07.07.2020 13:00 (CET/CEST)","371","146","1003"
"Italy (IT)","07.07.2020 13:00 - 07.07.2020 14:00 (CET/CEST)","259","164","962"
"Italy (IT)","07.07.2020 14:00 - 07.07.2020 15:00 (CET/CEST)","373","399","1077"
"Italy (IT)","07.07.2020 15:00 - 07.07.2020 16:00 (CET/CEST)","455","316","1227"
"Italy (IT)","07.07.2020 16:00 - 07.07.2020 17:00 (CET/CEST)","436","66","1227"
"Italy (IT)","07.07.2020 17:00 - 07.07.2020 18:00 (CET/CEST)","599","30","1197"
"Italy (IT)","07.07.2020 18:00 - 07.07.2020 19:00 (CET/CEST)","868","81","1382"
"Italy (IT)","07.07.2020 19:00 - 07.07.2020 20:00 (CET/CEST)","1391","","1542"
"Italy (IT)","07.07.2020 20:00 - 07.07.2020 21:00 (CET/CEST)","1622","","1371"
"Italy (IT)","07.07.2020 21:00 - 07.07.2020 22:00 (CET/CEST)","2078","","1314"
"Italy (IT)","07.07.2020 22:00 - 07.07.2020 23:00 (CET/CEST)","1822","","1325"
"Italy (IT)","07.07.2020 23:00 - 08.07.2020 00:00 (CET/CEST)","672","","1260"
"Italy (IT)","08.07.2020 00:00 - 08.07.2020 01:00 (CET/CEST)","199","34","782"
"Italy (IT)","08.07.2020 01:00 - 08.07.2020 02:00 (CET/CEST)","6","229","565"
"Italy (IT)","08.07.2020 02:00 - 08.07.2020 03:00 (CET/CEST)","3","297","537"
"Italy (IT)","08.07.2020 03:00 - 08.07.2020 04:00 (CET/CEST)","2","306","486"
"Italy (IT)","08.07.2020 04:00 - 08.07.2020 05:00 (CET/CEST)","4","306","492"
"Italy (IT)","08.07.2020 05:00 - 08.07.2020 06:00 (CET/CEST)","106","304","565"
"Italy (IT)","08.07.2020 06:00 - 08.07.2020 07:00 (CET/CEST)","567","302","756"
"Italy (IT)","08.07.2020 07:00 - 08.07.2020 08:00 (CET/CEST)","821","81","1332"
"Italy (IT)","08.07.2020 08:00 - 08.07.2020 09:00 (CET/CEST)","993","81","1500"
"Italy (IT)","08.07.2020 09:00 - 08.07.2020 10:00 (CET/CEST)","1070","63","1364"
"Italy (IT)","08.07.2020 10:00 - 08.07.2020 11:00 (CET/CEST)","837","25","1360"
"Italy (IT)","08.07.2020 11:00 - 08.07.2020 12:00 (CET/CEST)","901","146","1335"
"Italy (IT)","08.07.2020 12:00 - 08.07.2020 13:00 (CET/CEST)","729","145","1283"
"Italy (IT)","08.07.2020 13:00 - 08.07.2020 14:00 (CET/CEST)","693","145","1215"
"Italy (IT)","08.07.2020 14:00 - 08.07.2020 15:00 (CET/CEST)","660","145","1085"
"Italy (IT)","08.07.2020 15:00 - 08.07.2020 16:00 (CET/CEST)","857","145","1054"
"Italy (IT)","08.07.2020 16:00 - 08.07.2020 17:00 (CET/CEST)","609","144","1293"
"Italy (IT)","08.07.2020 17:00 - 08.07.2020 18:00 (CET/CEST)","821","3","1646"
"Italy (IT)","08.07.2020 18:00 - 08.07.2020 19:00 (CET/CEST)","1505","81","1743"
"Italy (IT)","08.07.2020 19:00 - 08.07.2020 20:00 (CET/CEST)","1933","58","1907"
"Italy (IT)","08.07.2020 20:00 - 08.07.2020 21:00 (CET/CEST)","2063","","1918"
"Italy (IT)","08.07.2020 21:00 - 08.07.2020 22:00 (CET/CEST)","2516","","1758"
"Italy (IT)","08.07.2020 22:00 - 08.07.2020 23:00 (CET/CEST)","1702","","1625"
"Italy (IT)","08.07.2020 23:00 - 09.07.2020 00:00 (CET/CEST)","651","1","1277"
"Italy (IT)","09.07.2020 00:00 - 09.07.2020 01:00 (CET/CEST)","313","4","1179"
"Italy (IT)","09.07.2020 01:00 - 09.07.2020 02:00 (CET/CEST)","44","149","947"
"Italy (IT)","09.07.2020 02:00 - 09.07.2020 03:00 (CET/CEST)","2","191","716"
"Italy (IT)","09.07.2020 03:00 - 09.07.2020 04:00 (CET/CEST)","2","404","661"
"Italy (IT)","09.07.2020 04:00 - 09.07.2020 05:00 (CET/CEST)","3","406","600"
"Italy (IT)","09.07.2020 05:00 - 09.07.2020 06:00 (CET/CEST)","110","482","735"
"Italy (IT)","09.07.2020 06:00 - 09.07.2020 07:00 (CET/CEST)","319","100","1140"
"Italy (IT)","09.07.2020 07:00 - 09.07.2020 08:00 (CET/CEST)","904","81","1585"
"Italy (IT)","09.07.2020 08:00 - 09.07.2020 09:00 (CET/CEST)","1489","81","1927"
"Italy (IT)","09.07.2020 09:00 - 09.07.2020 10:00 (CET/CEST)","1251","31","1688"
"Italy (IT)","09.07.2020 10:00 - 09.07.2020 11:00 (CET/CEST)","1200","2","1437"
"Italy (IT)","09.07.2020 11:00 - 09.07.2020 12:00 (CET/CEST)","1164","2","1494"
"Italy (IT)","09.07.2020 12:00 - 09.07.2020 13:00 (CET/CEST)","867","109","1215"
"Italy (IT)","09.07.2020 13:00 - 09.07.2020 14:00 (CET/CEST)","371","147","1110"
"Italy (IT)","09.07.2020 14:00 - 09.07.2020 15:00 (CET/CEST)","310","146","1179"
"Italy (IT)","09.07.2020 15:00 - 09.07.2020 16:00 (CET/CEST)","713","145","1096"
"Italy (IT)","09.07.2020 16:00 - 09.07.2020 17:00 (CET/CEST)","445","129","1243"
"Italy (IT)","09.07.2020 17:00 - 09.07.2020 18:00 (CET/CEST)","762","","1465"
"Italy (IT)","09.07.2020 18:00 - 09.07.2020 19:00 (CET/CEST)","882","8","1533"
"Italy (IT)","09.07.2020 19:00 - 09.07.2020 20:00 (CET/CEST)","1390","79","1619"
"Italy (IT)","09.07.2020 20:00 - 09.07.2020 21:00 (CET/CEST)","1457","5","1578"
"Italy (IT)","09.07.2020 21:00 - 09.07.2020 22:00 (CET/CEST)","1351","","1590"
"Italy (IT)","09.07.2020 22:00 - 09.07.2020 23:00 (CET/CEST)","794","","1618"
"Italy (IT)","09.07.2020 23:00 - 10.07.2020 00:00 (CET/CEST)","327","","1314"
"Italy (IT)","10.07.2020 00:00 - 10.07.2020 01:00 (CET/CEST)","0","113","856"
"Italy (IT)","10.07.2020 01:00 - 10.07.2020 02:00 (CET/CEST)","0","323","588"
"Italy (IT)","10.07.2020 02:00 - 10.07.2020 03:00 (CET/CEST)","0","801","453"
"Italy (IT)","10.07.2020 03:00 - 10.07.2020 04:00 (CET/CEST)","","658","434"
"Italy (IT)","10.07.2020 04:00 - 10.07.2020 05:00 (CET/CEST)","13","478","492"
"Italy (IT)","10.07.2020 05:00 - 10.07.2020 06:00 (CET/CEST)","112","476","547"
"Italy (IT)","10.07.2020 06:00 - 10.07.2020 07:00 (CET/CEST)","316","79","946"
"Italy (IT)","10.07.2020 07:00 - 10.07.2020 08:00 (CET/CEST)","577","79","1297"
"Italy (IT)","10.07.2020 08:00 - 10.07.2020 09:00 (CET/CEST)","639","78","1515"
"Italy (IT)","10.07.2020 09:00 - 10.07.2020 10:00 (CET/CEST)","389","","1551"
"Italy (IT)","10.07.2020 10:00 - 10.07.2020 11:00 (CET/CEST)","466","","1231"
"Italy (IT)","10.07.2020 11:00 - 10.07.2020 12:00 (CET/CEST)","373","20","1014"
"Italy (IT)","10.07.2020 12:00 - 10.07.2020 13:00 (CET/CEST)","706","146","1057"
"Italy (IT)","10.07.2020 13:00 - 10.07.2020 14:00 (CET/CEST)","217","145","988"
"Italy (IT)","10.07.2020 14:00 - 10.07.2020 15:00 (CET/CEST)","284","145","1094"
"Italy (IT)","10.07.2020 15:00 - 10.07.2020 16:00 (CET/CEST)","810","145","982"
"Italy (IT)","10.07.2020 16:00 - 10.07.2020 17:00 (CET/CEST)","688","76","1105"
"Italy (IT)","10.07.2020 17:00 - 10.07.2020 18:00 (CET/CEST)","612","","1251"
"Italy (IT)","10.07.2020 18:00 - 10.07.2020 19:00 (CET/CEST)","895","28","1382"
"Italy (IT)","10.07.2020 19:00 - 10.07.2020 20:00 (CET/CEST)","1323","79","1513"
"Italy (IT)","10.07.2020 20:00 - 10.07.2020 21:00 (CET/CEST)","1385","29","1439"
"Italy (IT)","10.07.2020 21:00 - 10.07.2020 22:00 (CET/CEST)","1294","","1279"
"Italy (IT)","10.07.2020 22:00 - 10.07.2020 23:00 (CET/CEST)","804","","1256"
"Italy (IT)","10.07.2020 23:00 - 11.07.2020 00:00 (CET/CEST)","493","","951"
"Italy (IT)","11.07.2020 00:00 - 11.07.2020 01:00 (CET/CEST)","243","75","849"
"Italy (IT)","11.07.2020 01:00 - 11.07.2020 02:00 (CET/CEST)","12","148","739"
"Italy (IT)","11.07.2020 02:00 - 11.07.2020 03:00 (CET/CEST)","0","157","548"
"Italy (IT)","11.07.2020 03:00 - 11.07.2020 04:00 (CET/CEST)","0","433","478"
"Italy (IT)","11.07.2020 04:00 - 11.07.2020 05:00 (CET/CEST)","9","538","408"
"Italy (IT)","11.07.2020 05:00 - 11.07.2020 06:00 (CET/CEST)","0","669","402"
"Italy (IT)","11.07.2020 06:00 - 11.07.2020 07:00 (CET/CEST)","0","689","433"
"Italy (IT)","11.07.2020 07:00 - 11.07.2020 08:00 (CET/CEST)","0","475","780"
"Italy (IT)","11.07.2020 08:00 - 11.07.2020 09:00 (CET/CEST)","519","167","666"
"Italy (IT)","11.07.2020 09:00 - 11.07.2020 10:00 (CET/CEST)","133","27","630"
"Italy (IT)","11.07.2020 10:00 - 11.07.2020 11:00 (CET/CEST)","242","","592"
"Italy (IT)","11.07.2020 11:00 - 11.07.2020 12:00 (CET/CEST)","253","","577"
"Italy (IT)","11.07.2020 12:00 - 11.07.2020 13:00 (CET/CEST)","231","","585"
"Italy (IT)","11.07.2020 13:00 - 11.07.2020 14:00 (CET/CEST)","215","","564"
"Italy (IT)","11.07.2020 14:00 - 11.07.2020 15:00 (CET/CEST)","237","","529"
"Italy (IT)","11.07.2020 15:00 - 11.07.2020 16:00 (CET/CEST)","237","","499"
"Italy (IT)","11.07.2020 16:00 - 11.07.2020 17:00 (CET/CEST)","324","","480"
"Italy (IT)","11.07.2020 17:00 - 11.07.2020 18:00 (CET/CEST)","281","80","571"
"Italy (IT)","11.07.2020 18:00 - 11.07.2020 19:00 (CET/CEST)","259","22","987"
"Italy (IT)","11.07.2020 19:00 - 11.07.2020 20:00 (CET/CEST)","708","","1339"
"Italy (IT)","11.07.2020 20:00 - 11.07.2020 21:00 (CET/CEST)","828","","1426"
"Italy (IT)","11.07.2020 21:00 - 11.07.2020 22:00 (CET/CEST)","666","","1394"
"Italy (IT)","11.07.2020 22:00 - 11.07.2020 23:00 (CET/CEST)","502","","1371"
"Italy (IT)","11.07.2020 23:00 - 12.07.2020 00:00 (CET/CEST)","256","","1242"
"Italy (IT)","12.07.2020 00:00 - 12.07.2020 01:00 (CET/CEST)","177","","594"
"Italy (IT)","12.07.2020 01:00 - 12.07.2020 02:00 (CET/CEST)","86","","551"
"Italy (IT)","12.07.2020 02:00 - 12.07.2020 03:00 (CET/CEST)","76","","352"
"Italy (IT)","12.07.2020 03:00 - 12.07.2020 04:00 (CET/CEST)","183","3","336"
"Italy (IT)","12.07.2020 04:00 - 12.07.2020 05:00 (CET/CEST)","463","256","363"
"Italy (IT)","12.07.2020 05:00 - 12.07.2020 06:00 (CET/CEST)","498","256","357"
"Italy (IT)","12.07.2020 06:00 - 12.07.2020 07:00 (CET/CEST)","186","255","349"
"Italy (IT)","12.07.2020 07:00 - 12.07.2020 08:00 (CET/CEST)","111","254","376"
"Italy (IT)","12.07.2020 08:00 - 12.07.2020 09:00 (CET/CEST)","286","203","413"
"Italy (IT)","12.07.2020 09:00 - 12.07.2020 10:00 (CET/CEST)","179","63","400"
"Italy (IT)","12.07.2020 10:00 - 12.07.2020 11:00 (CET/CEST)","0","272","422"
"Italy (IT)","12.07.2020 11:00 - 12.07.2020 12:00 (CET/CEST)","0","359","414"
"Italy (IT)","12.07.2020 12:00 - 12.07.2020 13:00 (CET/CEST)","0","232","426"
"Italy (IT)","12.07.2020 13:00 - 12.07.2020 14:00 (CET/CEST)","0","167","412"
"Italy (IT)","12.07.2020 14:00 - 12.07.2020 15:00 (CET/CEST)","0","258","391"
"Italy (IT)","12.07.2020 15:00 - 12.07.2020 16:00 (CET/CEST)","0","319","381"
"Italy (IT)","12.07.2020 16:00 - 12.07.2020 17:00 (CET/CEST)","0","322","443"
"Italy (IT)","12.07.2020 17:00 - 12.07.2020 18:00 (CET/CEST)","24","229","545"
"Italy (IT)","12.07.2020 18:00 - 12.07.2020 19:00 (CET/CEST)","66","79","703"
"Italy (IT)","12.07.2020 19:00 - 12.07.2020 20:00 (CET/CEST)","375","6","1098"
"Italy (IT)","12.07.2020 20:00 - 12.07.2020 21:00 (CET/CEST)","565","","1246"
"Italy (IT)","12.07.2020 21:00 - 12.07.2020 22:00 (CET/CEST)","543","","1200"
"Italy (IT)","12.07.2020 22:00 - 12.07.2020 23:00 (CET/CEST)","297","","1299"
"Italy (IT)","12.07.2020 23:00 - 13.07.2020 00:00 (CET/CEST)","259","","1086"
"Italy (IT)","13.07.2020 00:00 - 13.07.2020 01:00 (CET/CEST)","39","","404"
"Italy (IT)","13.07.2020 01:00 - 13.07.2020 02:00 (CET/CEST)","0","71","368"
"Italy (IT)","13.07.2020 02:00 - 13.07.2020 03:00 (CET/CEST)","0","529","336"
"Italy (IT)","13.07.2020 03:00 - 13.07.2020 04:00 (CET/CEST)","0","545","364"
"Italy (IT)","13.07.2020 04:00 - 13.07.2020 05:00 (CET/CEST)","0","538","379"
"Italy (IT)","13.07.2020 05:00 - 13.07.2020 06:00 (CET/CEST)","66","423","415"
"Italy (IT)","13.07.2020 06:00 - 13.07.2020 07:00 (CET/CEST)","215","324","793"
"Italy (IT)","13.07.2020 07:00 - 13.07.2020 08:00 (CET/CEST)","549","173","1294"
"Italy (IT)","13.07.2020 08:00 - 13.07.2020 09:00 (CET/CEST)","548","79","1300"
"Italy (IT)","13.07.2020 09:00 - 13.07.2020 10:00 (CET/CEST)","463","78","1229"
"Italy (IT)","13.07.2020 10:00 - 13.07.2020 11:00 (CET/CEST)","147","66","840"
"Italy (IT)","13.07.2020 11:00 - 13.07.2020 12:00 (CET/CEST)","138","102","852"
"Italy (IT)","13.07.2020 12:00 - 13.07.2020 13:00 (CET/CEST)","245","146","800"
"Italy (IT)","13.07.2020 13:00 - 13.07.2020 14:00 (CET/CEST)","155","146","812"
"Italy (IT)","13.07.2020 14:00 - 13.07.2020 15:00 (CET/CEST)","153","145","826"
"Italy (IT)","13.07.2020 15:00 - 13.07.2020 16:00 (CET/CEST)","187","127","775"
"Italy (IT)","13.07.2020 16:00 - 13.07.2020 17:00 (CET/CEST)","366","","965"
"Italy (IT)","13.07.2020 17:00 - 13.07.2020 18:00 (CET/CEST)","513","","1115"
"Italy (IT)","13.07.2020 18:00 - 13.07.2020 19:00 (CET/CEST)","896","55","1590"
"Italy (IT)","13.07.2020 19:00 - 13.07.2020 20:00 (CET/CEST)","1308","30","1695"
"Italy (IT)","13.07.2020 20:00 - 13.07.2020 21:00 (CET/CEST)","1788","","1712"
"Italy (IT)","13.07.2020 21:00 - 13.07.2020 22:00 (CET/CEST)","1787","","1502"
"Italy (IT)","13.07.2020 22:00 - 13.07.2020 23:00 (CET/CEST)","1385","","1384"
"Italy (IT)","13.07.2020 23:00 - 14.07.2020 00:00 (CET/CEST)","529","","1164"
"Italy (IT)","14.07.2020 00:00 - 14.07.2020 01:00 (CET/CEST)","84","","729"
"Italy (IT)","14.07.2020 01:00 - 14.07.2020 02:00 (CET/CEST)","6","94","530"
"Italy (IT)","14.07.2020 02:00 - 14.07.2020 03:00 (CET/CEST)","0","344","404"
"Italy (IT)","14.07.2020 03:00 - 14.07.2020 04:00 (CET/CEST)","0","363","444"
"Italy (IT)","14.07.2020 04:00 - 14.07.2020 05:00 (CET/CEST)","0","637","393"
"Italy (IT)","14.07.2020 05:00 - 14.07.2020 06:00 (CET/CEST)","103","652","515"
"Italy (IT)","14.07.2020 06:00 - 14.07.2020 07:00 (CET/CEST)","221","372","929"
"Italy (IT)","14.07.2020 07:00 - 14.07.2020 08:00 (CET/CEST)","517","","1256"
"Italy (IT)","14.07.2020 08:00 - 14.07.2020 09:00 (CET/CEST)","699","","1568"
"Italy (IT)","14.07.2020 09:00 - 14.07.2020 10:00 (CET/CEST)","523","46","1468"
"Italy (IT)","14.07.2020 10:00 - 14.07.2020 11:00 (CET/CEST)","223","81","1367"
"Italy (IT)","14.07.2020 11:00 - 14.07.2020 12:00 (CET/CEST)","223","61","1199"
"Italy (IT)","14.07.2020 12:00 - 14.07.2020 13:00 (CET/CEST)","117","80","1172"
"Italy (IT)","14.07.2020 13:00 - 14.07.2020 14:00 (CET/CEST)","212","141","1123"
"Italy (IT)","14.07.2020 14:00 - 14.07.2020 15:00 (CET/CEST)","118","251","1090"
"Italy (IT)","14.07.2020 15:00 - 14.07.2020 16:00 (CET/CEST)","133","327","1078"
"Italy (IT)","14.07.2020 16:00 - 14.07.2020 17:00 (CET/CEST)","417","297","1311"
"Italy (IT)","14.07.2020 17:00 - 14.07.2020 18:00 (CET/CEST)","728","173","1408"
"Italy (IT)","14.07.2020 18:00 - 14.07.2020 19:00 (CET/CEST)","1413","","1485"
"Italy (IT)","14.07.2020 19:00 - 14.07.2020 20:00 (CET/CEST)","1792","","1544"
"Italy (IT)","14.07.2020 20:00 - 14.07.2020 21:00 (CET/CEST)","1932","","1610"
"Italy (IT)","14.07.2020 21:00 - 14.07.2020 22:00 (CET/CEST)","1645","","1505"
"Italy (IT)","14.07.2020 22:00 - 14.07.2020 23:00 (CET/CEST)","1642","","1494"
"Italy (IT)","14.07.2020 23:00 - 15.07.2020 00:00 (CET/CEST)","911","","1294"
"Italy (IT)","15.07.2020 00:00 - 15.07.2020 01:00 (CET/CEST)","317","","609"
"Italy (IT)","15.07.2020 01:00 - 15.07.2020 02:00 (CET/CEST)","229","","554"
"Italy (IT)","15.07.2020 02:00 - 15.07.2020 03:00 (CET/CEST)","57","","449"
"Italy (IT)","15.07.2020 03:00 - 15.07.2020 04:00 (CET/CEST)","51","","424"
"Italy (IT)","15.07.2020 04:00 - 15.07.2020 05:00 (CET/CEST)","53","1","433"
"Italy (IT)","15.07.2020 05:00 - 15.07.2020 06:00 (CET/CEST)","144","","507"
"Italy (IT)","15.07.2020 06:00 - 15.07.2020 07:00 (CET/CEST)","376","","800"
"Italy (IT)","15.07.2020 07:00 - 15.07.2020 08:00 (CET/CEST)","990","34","1524"
"Italy (IT)","15.07.2020 08:00 - 15.07.2020 09:00 (CET/CEST)","1205","81","1765"
"Italy (IT)","15.07.2020 09:00 - 15.07.2020 10:00 (CET/CEST)","1735","81","1784"
"Italy (IT)","15.07.2020 10:00 - 15.07.2020 11:00 (CET/CEST)","1563","102","1681"
"Italy (IT)","15.07.2020 11:00 - 15.07.2020 12:00 (CET/CEST)","970","148","1677"
"Italy (IT)","15.07.2020 12:00 - 15.07.2020 13:00 (CET/CEST)","885","272","1639"
"Italy (IT)","15.07.2020 13:00 - 15.07.2020 14:00 (CET/CEST)","608","306","1568"
"Italy (IT)","15.07.2020 14:00 - 15.07.2020 15:00 (CET/CEST)","340","305","1134"
"Italy (IT)","15.07.2020 15:00 - 15.07.2020 16:00 (CET/CEST)","317","304","1025"
"Italy (IT)","15.07.2020 16:00 - 15.07.2020 17:00 (CET/CEST)","355","303","1179"
"Italy (IT)","15.07.2020 17:00 - 15.07.2020 18:00 (CET/CEST)","597","304","1685"
"Italy (IT)","15.07.2020 18:00 - 15.07.2020 19:00 (CET/CEST)","1076","260","1840"
"Italy (IT)","15.07.2020 19:00 - 15.07.2020 20:00 (CET/CEST)","1182","116","1864"
"Italy (IT)","15.07.2020 20:00 - 15.07.2020 21:00 (CET/CEST)","1198","","1870"
"Italy (IT)","15.07.2020 21:00 - 15.07.2020 22:00 (CET/CEST)","996","","1653"
"Italy (IT)","15.07.2020 22:00 - 15.07.2020 23:00 (CET/CEST)","860","","1728"
"Italy (IT)","15.07.2020 23:00 - 16.07.2020 00:00 (CET/CEST)","536","","1068"
"Italy (IT)","16.07.2020 00:00 - 16.07.2020 01:00 (CET/CEST)","259","93","592"
"Italy (IT)","16.07.2020 01:00 - 16.07.2020 02:00 (CET/CEST)","149","","500"
"Italy (IT)","16.07.2020 02:00 - 16.07.2020 03:00 (CET/CEST)","74","","409"
"Italy (IT)","16.07.2020 03:00 - 16.07.2020 04:00 (CET/CEST)","35","115","400"
"Italy (IT)","16.07.2020 04:00 - 16.07.2020 05:00 (CET/CEST)","12","258","426"
"Italy (IT)","16.07.2020 05:00 - 16.07.2020 06:00 (CET/CEST)","91","258","593"
"Italy (IT)","16.07.2020 06:00 - 16.07.2020 07:00 (CET/CEST)","352","54","1024"
"Italy (IT)","16.07.2020 07:00 - 16.07.2020 08:00 (CET/CEST)","596","2","1370"
"Italy (IT)","16.07.2020 08:00 - 16.07.2020 09:00 (CET/CEST)","1121","2","1602"
"Italy (IT)","16.07.2020 09:00 - 16.07.2020 10:00 (CET/CEST)","1149","2","1681"
"Italy (IT)","16.07.2020 10:00 - 16.07.2020 11:00 (CET/CEST)","1138","2","1666"
"Italy (IT)","16.07.2020 11:00 - 16.07.2020 12:00 (CET/CEST)","1336","94","1726"
"Italy (IT)","16.07.2020 12:00 - 16.07.2020 13:00 (CET/CEST)","1113","81","1765"
"Italy (IT)","16.07.2020 13:00 - 16.07.2020 14:00 (CET/CEST)","898","53","1660"
"Italy (IT)","16.07.2020 14:00 - 16.07.2020 15:00 (CET/CEST)","868","","1566"
"Italy (IT)","16.07.2020 15:00 - 16.07.2020 16:00 (CET/CEST)","486","","1513"
"Italy (IT)","16.07.2020 16:00 - 16.07.2020 17:00 (CET/CEST)","753","","1563"
"Italy (IT)","16.07.2020 17:00 - 16.07.2020 18:00 (CET/CEST)","624","","1679"
"Italy (IT)","16.07.2020 18:00 - 16.07.2020 19:00 (CET/CEST)","1643","","1872"
"Italy (IT)","16.07.2020 19:00 - 16.07.2020 20:00 (CET/CEST)","1702","","2051"
"Italy (IT)","16.07.2020 20:00 - 16.07.2020 21:00 (CET/CEST)","1464","2","1912"
"Italy (IT)","16.07.2020 21:00 - 16.07.2020 22:00 (CET/CEST)","1263","2","1666"
"Italy (IT)","16.07.2020 22:00 - 16.07.2020 23:00 (CET/CEST)","1236","1","1619"
"Italy (IT)","16.07.2020 23:00 - 17.07.2020 00:00 (CET/CEST)","545","","1358"
"Italy (IT)","17.07.2020 00:00 - 17.07.2020 01:00 (CET/CEST)","3","108","893"
"Italy (IT)","17.07.2020 01:00 - 17.07.2020 02:00 (CET/CEST)","0","158","530"
"Italy (IT)","17.07.2020 02:00 - 17.07.2020 03:00 (CET/CEST)","0","451","439"
"Italy (IT)","17.07.2020 03:00 - 17.07.2020 04:00 (CET/CEST)","0","299","431"
"Italy (IT)","17.07.2020 04:00 - 17.07.2020 05:00 (CET/CEST)","6","79","440"
"Italy (IT)","17.07.2020 05:00 - 17.07.2020 06:00 (CET/CEST)","95","35","543"
"Italy (IT)","17.07.2020 06:00 - 17.07.2020 07:00 (CET/CEST)","238","","1049"
"Italy (IT)","17.07.2020 07:00 - 17.07.2020 08:00 (CET/CEST)","640","","1611"
"Italy (IT)","17.07.2020 08:00 - 17.07.2020 09:00 (CET/CEST)","1049","","1892"
"Italy (IT)","17.07.2020 09:00 - 17.07.2020 10:00 (CET/CEST)","1052","18","1980"
"Italy (IT)","17.07.2020 10:00 - 17.07.2020 11:00 (CET/CEST)","818","79","1927"
"Italy (IT)","17.07.2020 11:00 - 17.07.2020 12:00 (CET/CEST)","1030","16","1597"
"Italy (IT)","17.07.2020 12:00 - 17.07.2020 13:00 (CET/CEST)","662","","1109"
"Italy (IT)","17.07.2020 13:00 - 17.07.2020 14:00 (CET/CEST)","2","","943"
"Italy (IT)","17.07.2020 14:00 - 17.07.2020 15:00 (CET/CEST)","1","","824"
"Italy (IT)","17.07.2020 15:00 - 17.07.2020 16:00 (CET/CEST)","43","","736"
"Italy (IT)","17.07.2020 16:00 - 17.07.2020 17:00 (CET/CEST)","274","1","992"
"Italy (IT)","17.07.2020 17:00 - 17.07.2020 18:00 (CET/CEST)","157","1","1344"
"Italy (IT)","17.07.2020 18:00 - 17.07.2020 19:00 (CET/CEST)","513","","1707"
"Italy (IT)","17.07.2020 19:00 - 17.07.2020 20:00 (CET/CEST)","783","","1695"
"Italy (IT)","17.07.2020 20:00 - 17.07.2020 21:00 (CET/CEST)","578","","1590"
"Italy (IT)","17.07.2020 21:00 - 17.07.2020 22:00 (CET/CEST)","466","","1457"
"Italy (IT)","17.07.2020 22:00 - 17.07.2020 23:00 (CET/CEST)","376","","1429"
"Italy (IT)","17.07.2020 23:00 - 18.07.2020 00:00 (CET/CEST)","121","","931"
"Italy (IT)","18.07.2020 00:00 - 18.07.2020 01:00 (CET/CEST)","3","","713"
"Italy (IT)","18.07.2020 01:00 - 18.07.2020 02:00 (CET/CEST)","1","","522"
"Italy (IT)","18.07.2020 02:00 - 18.07.2020 03:00 (CET/CEST)","1","139","423"
"Italy (IT)","18.07.2020 03:00 - 18.07.2020 04:00 (CET/CEST)","1","255","349"
"Italy (IT)","18.07.2020 04:00 - 18.07.2020 05:00 (CET/CEST)","2","255","304"
"Italy (IT)","18.07.2020 05:00 - 18.07.2020 06:00 (CET/CEST)","146","254","280"
"Italy (IT)","18.07.2020 06:00 - 18.07.2020 07:00 (CET/CEST)","176","253","295"
"Italy (IT)","18.07.2020 07:00 - 18.07.2020 08:00 (CET/CEST)","109","245","348"
"Italy (IT)","18.07.2020 08:00 - 18.07.2020 09:00 (CET/CEST)","118","29","502"
"Italy (IT)","18.07.2020 09:00 - 18.07.2020 10:00 (CET/CEST)","0","88","513"
"Italy (IT)","18.07.2020 10:00 - 18.07.2020 11:00 (CET/CEST)","0","181","489"
"Italy (IT)","18.07.2020 11:00 - 18.07.2020 12:00 (CET/CEST)","0","66","412"
"Italy (IT)","18.07.2020 12:00 - 18.07.2020 13:00 (CET/CEST)","0","23","453"
"Italy (IT)","18.07.2020 13:00 - 18.07.2020 14:00 (CET/CEST)","0","305","418"
"Italy (IT)","18.07.2020 14:00 - 18.07.2020 15:00 (CET/CEST)","45","469","330"
"Italy (IT)","18.07.2020 15:00 - 18.07.2020 16:00 (CET/CEST)","71","636","320"
"Italy (IT)","18.07.2020 16:00 - 18.07.2020 17:00 (CET/CEST)","71","721","456"
"Italy (IT)","18.07.2020 17:00 - 18.07.2020 18:00 (CET/CEST)","59","672","533"
"Italy (IT)","18.07.2020 18:00 - 18.07.2020 19:00 (CET/CEST)","138","118","807"
"Italy (IT)","18.07.2020 19:00 - 18.07.2020 20:00 (CET/CEST)","618","","1010"
"Italy (IT)","18.07.2020 20:00 - 18.07.2020 21:00 (CET/CEST)","991","","1274"
"Italy (IT)","18.07.2020 21:00 - 18.07.2020 22:00 (CET/CEST)","767","","1068"
"Italy (IT)","18.07.2020 22:00 - 18.07.2020 23:00 (CET/CEST)","586","","1207"
"Italy (IT)","18.07.2020 23:00 - 19.07.2020 00:00 (CET/CEST)","259","","966"
"Italy (IT)","19.07.2020 00:00 - 19.07.2020 01:00 (CET/CEST)","366","","691"
"Italy (IT)","19.07.2020 01:00 - 19.07.2020 02:00 (CET/CEST)","269","","382"
"Italy (IT)","19.07.2020 02:00 - 19.07.2020 03:00 (CET/CEST)","159","","368"
"Italy (IT)","19.07.2020 03:00 - 19.07.2020 04:00 (CET/CEST)","0","329","339"
"Italy (IT)","19.07.2020 04:00 - 19.07.2020 05:00 (CET/CEST)","0","290","376"
"Italy (IT)","19.07.2020 05:00 - 19.07.2020 06:00 (CET/CEST)","47","255","357"
"Italy (IT)","19.07.2020 06:00 - 19.07.2020 07:00 (CET/CEST)","","545","326"
"Italy (IT)","19.07.2020 07:00 - 19.07.2020 08:00 (CET/CEST)","156","212","304"
"Italy (IT)","19.07.2020 08:00 - 19.07.2020 09:00 (CET/CEST)","158","207","374"
"Italy (IT)","19.07.2020 09:00 - 19.07.2020 10:00 (CET/CEST)","158","227","364"
"Italy (IT)","19.07.2020 10:00 - 19.07.2020 11:00 (CET/CEST)","158","260","342"
"Italy (IT)","19.07.2020 11:00 - 19.07.2020 12:00 (CET/CEST)","102","283","325"
"Italy (IT)","19.07.2020 12:00 - 19.07.2020 13:00 (CET/CEST)","0","285","383"
"Italy (IT)","19.07.2020 13:00 - 19.07.2020 14:00 (CET/CEST)","41","545","391"
"Italy (IT)","19.07.2020 14:00 - 19.07.2020 15:00 (CET/CEST)","55","1143","323"
"Italy (IT)","19.07.2020 15:00 - 19.07.2020 16:00 (CET/CEST)","55","1189","327"
"Italy (IT)","19.07.2020 16:00 - 19.07.2020 17:00 (CET/CEST)","55","659","428"
"Italy (IT)","19.07.2020 17:00 - 19.07.2020 18:00 (CET/CEST)","55","38","491"
"Italy (IT)","19.07.2020 18:00 - 19.07.2020 19:00 (CET/CEST)","101","","690"
"Italy (IT)","19.07.2020 19:00 - 19.07.2020 20:00 (CET/CEST)","794","","1089"
"Italy (IT)","19.07.2020 20:00 - 19.07.2020 21:00 (CET/CEST)","871","","1390"
"Italy (IT)","19.07.2020 21:00 - 19.07.2020 22:00 (CET/CEST)","988","","1304"
"Italy (IT)","19.07.2020 22:00 - 19.07.2020 23:00 (CET/CEST)","1067","","1292"
"Italy (IT)","19.07.2020 23:00 - 20.07.2020 00:00 (CET/CEST)","499","","1099"
"Italy (IT)","20.07.2020 00:00 - 20.07.2020 01:00 (CET/CEST)","24","1","627"
"Italy (IT)","20.07.2020 01:00 - 20.07.2020 02:00 (CET/CEST)","0","390","320"
"Italy (IT)","20.07.2020 02:00 - 20.07.2020 03:00 (CET/CEST)","104","614","347"
"Italy (IT)","20.07.2020 03:00 - 20.07.2020 04:00 (CET/CEST)","29","770","346"
"Italy (IT)","20.07.2020 04:00 - 20.07.2020 05:00 (CET/CEST)","","1014","317"
"Italy (IT)","20.07.2020 05:00 - 20.07.2020 06:00 (CET/CEST)","","757","364"
"Italy (IT)","20.07.2020 06:00 - 20.07.2020 07:00 (CET/CEST)","123","199","631"
"Italy (IT)","20.07.2020 07:00 - 20.07.2020 08:00 (CET/CEST)","404","79","1016"
"Italy (IT)","20.07.2020 08:00 - 20.07.2020 09:00 (CET/CEST)","730","79","1358"
"Italy (IT)","20.07.2020 09:00 - 20.07.2020 10:00 (CET/CEST)","312","35","1172"
"Italy (IT)","20.07.2020 10:00 - 20.07.2020 11:00 (CET/CEST)","867","","967"
"Italy (IT)","20.07.2020 11:00 - 20.07.2020 12:00 (CET/CEST)","714","","942"
"Italy (IT)","20.07.2020 12:00 - 20.07.2020 13:00 (CET/CEST)","155","","919"
"Italy (IT)","20.07.2020 13:00 - 20.07.2020 14:00 (CET/CEST)","130","","851"
"Italy (IT)","20.07.2020 14:00 - 20.07.2020 15:00 (CET/CEST)","98","18","863"
"Italy (IT)","20.07.2020 15:00 - 20.07.2020 16:00 (CET/CEST)","102","156","923"
"Italy (IT)","20.07.2020 16:00 - 20.07.2020 17:00 (CET/CEST)","172","155","1060"
"Italy (IT)","20.07.2020 17:00 - 20.07.2020 18:00 (CET/CEST)","204","113","1150"
"Italy (IT)","20.07.2020 18:00 - 20.07.2020 19:00 (CET/CEST)","663","","1366"
"Italy (IT)","20.07.2020 19:00 - 20.07.2020 20:00 (CET/CEST)","1443","","1897"
"Italy (IT)","20.07.2020 20:00 - 20.07.2020 21:00 (CET/CEST)","1761","","1930"
"Italy (IT)","20.07.2020 21:00 - 20.07.2020 22:00 (CET/CEST)","2015","","1473"
"Italy (IT)","20.07.2020 22:00 - 20.07.2020 23:00 (CET/CEST)","1817","","1227"
"Italy (IT)","20.07.2020 23:00 - 21.07.2020 00:00 (CET/CEST)","585","","994"
"Italy (IT)","21.07.2020 00:00 - 21.07.2020 01:00 (CET/CEST)","87","1","703"
"Italy (IT)","21.07.2020 01:00 - 21.07.2020 02:00 (CET/CEST)","4","","485"
"Italy (IT)","21.07.2020 02:00 - 21.07.2020 03:00 (CET/CEST)","3","","387"
"Italy (IT)","21.07.2020 03:00 - 21.07.2020 04:00 (CET/CEST)","3","39","279"
"Italy (IT)","21.07.2020 04:00 - 21.07.2020 05:00 (CET/CEST)","4","258","273"
"Italy (IT)","21.07.2020 05:00 - 21.07.2020 06:00 (CET/CEST)","101","258","302"
"Italy (IT)","21.07.2020 06:00 - 21.07.2020 07:00 (CET/CEST)","158","257","694"
"Italy (IT)","21.07.2020 07:00 - 21.07.2020 08:00 (CET/CEST)","276","256","1235"
"Italy (IT)","21.07.2020 08:00 - 21.07.2020 09:00 (CET/CEST)","514","256","1190"
"Italy (IT)","21.07.2020 09:00 - 21.07.2020 10:00 (CET/CEST)","502","331","1537"
"Italy (IT)","21.07.2020 10:00 - 21.07.2020 11:00 (CET/CEST)","842","300","1232"
"Italy (IT)","21.07.2020 11:00 - 21.07.2020 12:00 (CET/CEST)","1114","","1338"
"Italy (IT)","21.07.2020 12:00 - 21.07.2020 13:00 (CET/CEST)","589","7","1292"
"Italy (IT)","21.07.2020 13:00 - 21.07.2020 14:00 (CET/CEST)","469","147","1195"
"Italy (IT)","21.07.2020 14:00 - 21.07.2020 15:00 (CET/CEST)","476","146","1239"
"Italy (IT)","21.07.2020 15:00 - 21.07.2020 16:00 (CET/CEST)","522","143","1135"
"Italy (IT)","21.07.2020 16:00 - 21.07.2020 17:00 (CET/CEST)","523","","1212"
"Italy (IT)","21.07.2020 17:00 - 21.07.2020 18:00 (CET/CEST)","625","","1362"
"Italy (IT)","21.07.2020 18:00 - 21.07.2020 19:00 (CET/CEST)","971","","1554"
"Italy (IT)","21.07.2020 19:00 - 21.07.2020 20:00 (CET/CEST)","1398","","1886"
"Italy (IT)","21.07.2020 20:00 - 21.07.2020 21:00 (CET/CEST)","1670","","1683"
"Italy (IT)","21.07.2020 21:00 - 21.07.2020 22:00 (CET/CEST)","1663","","1562"
"Italy (IT)","21.07.2020 22:00 - 21.07.2020 23:00 (CET/CEST)","1362","","1360"
"Italy (IT)","21.07.2020 23:00 - 22.07.2020 00:00 (CET/CEST)","411","","1156"
"Italy (IT)","22.07.2020 00:00 - 22.07.2020 01:00 (CET/CEST)","0","113","822"
"Italy (IT)","22.07.2020 01:00 - 22.07.2020 02:00 (CET/CEST)","4","115","462"
"Italy (IT)","22.07.2020 02:00 - 22.07.2020 03:00 (CET/CEST)","0","346","240"
"Italy (IT)","22.07.2020 03:00 - 22.07.2020 04:00 (CET/CEST)","0","445","229"
"Italy (IT)","22.07.2020 04:00 - 22.07.2020 05:00 (CET/CEST)","0","1062","256"
"Italy (IT)","22.07.2020 05:00 - 22.07.2020 06:00 (CET/CEST)","0","943","284"
"Italy (IT)","22.07.2020 06:00 - 22.07.2020 07:00 (CET/CEST)","117","473","747"
"Italy (IT)","22.07.2020 07:00 - 22.07.2020 08:00 (CET/CEST)","589","182","1189"
"Italy (IT)","22.07.2020 08:00 - 22.07.2020 09:00 (CET/CEST)","1278","2","1810"
"Italy (IT)","22.07.2020 09:00 - 22.07.2020 10:00 (CET/CEST)","1129","","1727"
"Italy (IT)","22.07.2020 10:00 - 22.07.2020 11:00 (CET/CEST)","817","","1644"
"Italy (IT)","22.07.2020 11:00 - 22.07.2020 12:00 (CET/CEST)","1641","","1730"
"Italy (IT)","22.07.2020 12:00 - 22.07.2020 13:00 (CET/CEST)","1133","","1570"
"Italy (IT)","22.07.2020 13:00 - 22.07.2020 14:00 (CET/CEST)","423","","1323"
"Italy (IT)","22.07.2020 14:00 - 22.07.2020 15:00 (CET/CEST)","312","","1317"
"Italy (IT)","22.07.2020 15:00 - 22.07.2020 16:00 (CET/CEST)","446","","1174"
"Italy (IT)","22.07.2020 16:00 - 22.07.2020 17:00 (CET/CEST)","820","","1448"
"Italy (IT)","22.07.2020 17:00 - 22.07.2020 18:00 (CET/CEST)","1109","","1597"
"Italy (IT)","22.07.2020 18:00 - 22.07.2020 19:00 (CET/CEST)","1289","48","1704"
"Italy (IT)","22.07.2020 19:00 - 22.07.2020 20:00 (CET/CEST)","1671","28","1651"
"Italy (IT)","22.07.2020 20:00 - 22.07.2020 21:00 (CET/CEST)","1403","","1644"
"Italy (IT)","22.07.2020 21:00 - 22.07.2020 22:00 (CET/CEST)","1683","","1524"
"Italy (IT)","22.07.2020 22:00 - 22.07.2020 23:00 (CET/CEST)","1194","38","1345"
"Italy (IT)","22.07.2020 23:00 - 23.07.2020 00:00 (CET/CEST)","479","79","1094"
"Italy (IT)","23.07.2020 00:00 - 23.07.2020 01:00 (CET/CEST)","81","113","591"
"Italy (IT)","23.07.2020 01:00 - 23.07.2020 02:00 (CET/CEST)","0","397","411"
"Italy (IT)","23.07.2020 02:00 - 23.07.2020 03:00 (CET/CEST)","0","271","263"
"Italy (IT)","23.07.2020 03:00 - 23.07.2020 04:00 (CET/CEST)","0","436","246"
"Italy (IT)","23.07.2020 04:00 - 23.07.2020 05:00 (CET/CEST)","2","648","245"
"Italy (IT)","23.07.2020 05:00 - 23.07.2020 06:00 (CET/CEST)","3","662","260"
"Italy (IT)","23.07.2020 06:00 - 23.07.2020 07:00 (CET/CEST)","284","534","598"
"Italy (IT)","23.07.2020 07:00 - 23.07.2020 08:00 (CET/CEST)","577","469","1290"
"Italy (IT)","23.07.2020 08:00 - 23.07.2020 09:00 (CET/CEST)","946","295","1411"
"Italy (IT)","23.07.2020 09:00 - 23.07.2020 10:00 (CET/CEST)","1101","92","1307"
"Italy (IT)","23.07.2020 10:00 - 23.07.2020 11:00 (CET/CEST)","904","","1137"
"Italy (IT)","23.07.2020 11:00 - 23.07.2020 12:00 (CET/CEST)","1329","","1100"
"Italy (IT)","23.07.2020 12:00 - 23.07.2020 13:00 (CET/CEST)","1370","75","1117"
"Italy (IT)","23.07.2020 13:00 - 23.07.2020 14:00 (CET/CEST)","920","256","1296"
"Italy (IT)","23.07.2020 14:00 - 23.07.2020 15:00 (CET/CEST)","811","255","1321"
"Italy (IT)","23.07.2020 15:00 - 23.07.2020 16:00 (CET/CEST)","980","95","1305"
"Italy (IT)","23.07.2020 16:00 - 23.07.2020 17:00 (CET/CEST)","416","90","1443"
"Italy (IT)","23.07.2020 17:00 - 23.07.2020 18:00 (CET/CEST)","634","145","1692"
"Italy (IT)","23.07.2020 18:00 - 23.07.2020 19:00 (CET/CEST)","665","140","1778"
"Italy (IT)","23.07.2020 19:00 - 23.07.2020 20:00 (CET/CEST)","707","","1693"
"Italy (IT)","23.07.2020 20:00 - 23.07.2020 21:00 (CET/CEST)","597","","1597"
"Italy (IT)","23.07.2020 21:00 - 23.07.2020 22:00 (CET/CEST)","726","","1443"
"Italy (IT)","23.07.2020 22:00 - 23.07.2020 23:00 (CET/CEST)","603","","1391"
"Italy (IT)","23.07.2020 23:00 - 24.07.2020 00:00 (CET/CEST)","248","","1169"
"Italy (IT)","24.07.2020 00:00 - 24.07.2020 01:00 (CET/CEST)","543","","588"
"Italy (IT)","24.07.2020 01:00 - 24.07.2020 02:00 (CET/CEST)","228","","306"
"Italy (IT)","24.07.2020 02:00 - 24.07.2020 03:00 (CET/CEST)","23","","305"
"Italy (IT)","24.07.2020 03:00 - 24.07.2020 04:00 (CET/CEST)","23","","259"
"Italy (IT)","24.07.2020 04:00 - 24.07.2020 05:00 (CET/CEST)","0","5","272"
"Italy (IT)","24.07.2020 05:00 - 24.07.2020 06:00 (CET/CEST)","0","247","334"
"Italy (IT)","24.07.2020 06:00 - 24.07.2020 07:00 (CET/CEST)","0","5","633"
"Italy (IT)","24.07.2020 07:00 - 24.07.2020 08:00 (CET/CEST)","181","","1132"
"Italy (IT)","24.07.2020 08:00 - 24.07.2020 09:00 (CET/CEST)","491","","1558"
"Italy (IT)","24.07.2020 09:00 - 24.07.2020 10:00 (CET/CEST)","542","","1732"
"Italy (IT)","24.07.2020 10:00 - 24.07.2020 11:00 (CET/CEST)","448","","1781"
"Italy (IT)","24.07.2020 11:00 - 24.07.2020 12:00 (CET/CEST)","869","","1446"
"Italy (IT)","24.07.2020 12:00 - 24.07.2020 13:00 (CET/CEST)","802","1","1459"
"Italy (IT)","24.07.2020 13:00 - 24.07.2020 14:00 (CET/CEST)","110","12","1229"
"Italy (IT)","24.07.2020 14:00 - 24.07.2020 15:00 (CET/CEST)","99","28","1233"
"Italy (IT)","24.07.2020 15:00 - 24.07.2020 16:00 (CET/CEST)","84","28","1139"
"Italy (IT)","24.07.2020 16:00 - 24.07.2020 17:00 (CET/CEST)","131","28","1105"
"Italy (IT)","24.07.2020 17:00 - 24.07.2020 18:00 (CET/CEST)","184","27","1024"
"Italy (IT)","24.07.2020 18:00 - 24.07.2020 19:00 (CET/CEST)","234","","1075"
"Italy (IT)","24.07.2020 19:00 - 24.07.2020 20:00 (CET/CEST)","605","","1298"
"Italy (IT)","24.07.2020 20:00 - 24.07.2020 21:00 (CET/CEST)","704","","1290"
"Italy (IT)","24.07.2020 21:00 - 24.07.2020 22:00 (CET/CEST)","918","","1304"
"Italy (IT)","24.07.2020 22:00 - 24.07.2020 23:00 (CET/CEST)","542","","1226"
"Italy (IT)","24.07.2020 23:00 - 25.07.2020 00:00 (CET/CEST)","163","","1158"
"Italy (IT)","25.07.2020 00:00 - 25.07.2020 01:00 (CET/CEST)","28","","963"
"Italy (IT)","25.07.2020 01:00 - 25.07.2020 02:00 (CET/CEST)","27","","681"
"Italy (IT)","25.07.2020 02:00 - 25.07.2020 03:00 (CET/CEST)","27","70","573"
"Italy (IT)","25.07.2020 03:00 - 25.07.2020 04:00 (CET/CEST)","25","79","346"
"Italy (IT)","25.07.2020 04:00 - 25.07.2020 05:00 (CET/CEST)","0","233","357"
"Italy (IT)","25.07.2020 05:00 - 25.07.2020 06:00 (CET/CEST)","0","200","317"
"Italy (IT)","25.07.2020 06:00 - 25.07.2020 07:00 (CET/CEST)","0","307","298"
"Italy (IT)","25.07.2020 07:00 - 25.07.2020 08:00 (CET/CEST)","38","198","669"
"Italy (IT)","25.07.2020 08:00 - 25.07.2020 09:00 (CET/CEST)","25","136","742"
"Italy (IT)","25.07.2020 09:00 - 25.07.2020 10:00 (CET/CEST)","81","","821"
"Italy (IT)","25.07.2020 10:00 - 25.07.2020 11:00 (CET/CEST)","0","366","743"
"Italy (IT)","25.07.2020 11:00 - 25.07.2020 12:00 (CET/CEST)","0","507","480"
"Italy (IT)","25.07.2020 12:00 - 25.07.2020 13:00 (CET/CEST)","0","506","598"
"Italy (IT)","25.07.2020 13:00 - 25.07.2020 14:00 (CET/CEST)","","936","392"
"Italy (IT)","25.07.2020 14:00 - 25.07.2020 15:00 (CET/CEST)","","1884","392"
"Italy (IT)","25.07.2020 15:00 - 25.07.2020 16:00 (CET/CEST)","0","1328","387"
"Italy (IT)","25.07.2020 16:00 - 25.07.2020 17:00 (CET/CEST)","0","376","344"
"Italy (IT)","25.07.2020 17:00 - 25.07.2020 18:00 (CET/CEST)","0","223","552"
"Italy (IT)","25.07.2020 18:00 - 25.07.2020 19:00 (CET/CEST)","253","","956"
"Italy (IT)","25.07.2020 19:00 - 25.07.2020 20:00 (CET/CEST)","1021","","1749"
"Italy (IT)","25.07.2020 20:00 - 25.07.2020 21:00 (CET/CEST)","1207","","1653"
"Italy (IT)","25.07.2020 21:00 - 25.07.2020 22:00 (CET/CEST)","960","","1379"
"Italy (IT)","25.07.2020 22:00 - 25.07.2020 23:00 (CET/CEST)","560","","1372"
"Italy (IT)","25.07.2020 23:00 - 26.07.2020 00:00 (CET/CEST)","202","","1393"
"Italy (IT)","26.07.2020 00:00 - 26.07.2020 01:00 (CET/CEST)","142","","422"
"Italy (IT)","26.07.2020 01:00 - 26.07.2020 02:00 (CET/CEST)","311","","388"
"Italy (IT)","26.07.2020 02:00 - 26.07.2020 03:00 (CET/CEST)","77","","386"
"Italy (IT)","26.07.2020 03:00 - 26.07.2020 04:00 (CET/CEST)","70","83","366"
"Italy (IT)","26.07.2020 04:00 - 26.07.2020 05:00 (CET/CEST)","73","255","222"
"Italy (IT)","26.07.2020 05:00 - 26.07.2020 06:00 (CET/CEST)","172","255","236"
"Italy (IT)","26.07.2020 06:00 - 26.07.2020 07:00 (CET/CEST)","172","254","241"
"Italy (IT)","26.07.2020 07:00 - 26.07.2020 08:00 (CET/CEST)","50","253","245"
"Italy (IT)","26.07.2020 08:00 - 26.07.2020 09:00 (CET/CEST)","13","170","327"
"Italy (IT)","26.07.2020 09:00 - 26.07.2020 10:00 (CET/CEST)","185","554","285"
"Italy (IT)","26.07.2020 10:00 - 26.07.2020 11:00 (CET/CEST)","244","588","324"
"Italy (IT)","26.07.2020 11:00 - 26.07.2020 12:00 (CET/CEST)","5","376","383"
"Italy (IT)","26.07.2020 12:00 - 26.07.2020 13:00 (CET/CEST)","0","532","331"
"Italy (IT)","26.07.2020 13:00 - 26.07.2020 14:00 (CET/CEST)","0","1079","441"
"Italy (IT)","26.07.2020 14:00 - 26.07.2020 15:00 (CET/CEST)","0","1534","283"
"Italy (IT)","26.07.2020 15:00 - 26.07.2020 16:00 (CET/CEST)","0","1375","286"
"Italy (IT)","26.07.2020 16:00 - 26.07.2020 17:00 (CET/CEST)","0","823","582"
"Italy (IT)","26.07.2020 17:00 - 26.07.2020 18:00 (CET/CEST)","0","352","516"
"Italy (IT)","26.07.2020 18:00 - 26.07.2020 19:00 (CET/CEST)","166","","962"
"Italy (IT)","26.07.2020 19:00 - 26.07.2020 20:00 (CET/CEST)","456","25","1169"
"Italy (IT)","26.07.2020 20:00 - 26.07.2020 21:00 (CET/CEST)","1125","","1521"
"Italy (IT)","26.07.2020 21:00 - 26.07.2020 22:00 (CET/CEST)","1188","","1531"
"Italy (IT)","26.07.2020 22:00 - 26.07.2020 23:00 (CET/CEST)","1345","","1669"
"Italy (IT)","26.07.2020 23:00 - 27.07.2020 00:00 (CET/CEST)","677","","1309"
"Italy (IT)","27.07.2020 00:00 - 27.07.2020 01:00 (CET/CEST)","139","241","701"
"Italy (IT)","27.07.2020 01:00 - 27.07.2020 02:00 (CET/CEST)","6","205","318"
"Italy (IT)","27.07.2020 02:00 - 27.07.2020 03:00 (CET/CEST)","0","331","235"
"Italy (IT)","27.07.2020 03:00 - 27.07.2020 04:00 (CET/CEST)","0","262","232"
"Italy (IT)","27.07.2020 04:00 - 27.07.2020 05:00 (CET/CEST)","4","251","239"
"Italy (IT)","27.07.2020 05:00 - 27.07.2020 06:00 (CET/CEST)","97","251","314"
"Italy (IT)","27.07.2020 06:00 - 27.07.2020 07:00 (CET/CEST)","207","250","684"
"Italy (IT)","27.07.2020 07:00 - 27.07.2020 08:00 (CET/CEST)","247","249","965"
"Italy (IT)","27.07.2020 08:00 - 27.07.2020 09:00 (CET/CEST)","357","6","1077"
"Italy (IT)","27.07.2020 09:00 - 27.07.2020 10:00 (CET/CEST)","1087","","1104"
"Italy (IT)","27.07.2020 10:00 - 27.07.2020 11:00 (CET/CEST)","1060","90","1232"
"Italy (IT)","27.07.2020 11:00 - 27.07.2020 12:00 (CET/CEST)","436","225","1165"
"Italy (IT)","27.07.2020 12:00 - 27.07.2020 13:00 (CET/CEST)","156","225","1151"
"Italy (IT)","27.07.2020 13:00 - 27.07.2020 14:00 (CET/CEST)","102","225","1176"
"Italy (IT)","27.07.2020 14:00 - 27.07.2020 15:00 (CET/CEST)","44","237","1153"
"Italy (IT)","27.07.2020 15:00 - 27.07.2020 16:00 (CET/CEST)","105","301","1264"
"Italy (IT)","27.07.2020 16:00 - 27.07.2020 17:00 (CET/CEST)","286","246","1711"
"Italy (IT)","27.07.2020 17:00 - 27.07.2020 18:00 (CET/CEST)","594","129","1756"
"Italy (IT)","27.07.2020 18:00 - 27.07.2020 19:00 (CET/CEST)","758","","1507"
"Italy (IT)","27.07.2020 19:00 - 27.07.2020 20:00 (CET/CEST)","1069","","1584"
"Italy (IT)","27.07.2020 20:00 - 27.07.2020 21:00 (CET/CEST)","1618","","1747"
"Italy (IT)","27.07.2020 21:00 - 27.07.2020 22:00 (CET/CEST)","1728","","1674"
"Italy (IT)","27.07.2020 22:00 - 27.07.2020 23:00 (CET/CEST)","1352","","1294"
"Italy (IT)","27.07.2020 23:00 - 28.07.2020 00:00 (CET/CEST)","618","","893"
"Italy (IT)","28.07.2020 00:00 - 28.07.2020 01:00 (CET/CEST)","36","109","711"
"Italy (IT)","28.07.2020 01:00 - 28.07.2020 02:00 (CET/CEST)","0","126","396"
"Italy (IT)","28.07.2020 02:00 - 28.07.2020 03:00 (CET/CEST)","0","197","321"
"Italy (IT)","28.07.2020 03:00 - 28.07.2020 04:00 (CET/CEST)","0","403","272"
"Italy (IT)","28.07.2020 04:00 - 28.07.2020 05:00 (CET/CEST)","106","296","288"
"Italy (IT)","28.07.2020 05:00 - 28.07.2020 06:00 (CET/CEST)","160","193","447"
"Italy (IT)","28.07.2020 06:00 - 28.07.2020 07:00 (CET/CEST)","153","151","592"
"Italy (IT)","28.07.2020 07:00 - 28.07.2020 08:00 (CET/CEST)","461","151","1000"
"Italy (IT)","28.07.2020 08:00 - 28.07.2020 09:00 (CET/CEST)","1056","151","1346"
"Italy (IT)","28.07.2020 09:00 - 28.07.2020 10:00 (CET/CEST)","1540","5","1032"
"Italy (IT)","28.07.2020 10:00 - 28.07.2020 11:00 (CET/CEST)","1389","","1042"
"Italy (IT)","28.07.2020 11:00 - 28.07.2020 12:00 (CET/CEST)","722","","978"
"Italy (IT)","28.07.2020 12:00 - 28.07.2020 13:00 (CET/CEST)","357","57","1043"
"Italy (IT)","28.07.2020 13:00 - 28.07.2020 14:00 (CET/CEST)","221","229","975"
"Italy (IT)","28.07.2020 14:00 - 28.07.2020 15:00 (CET/CEST)","677","229","1330"
"Italy (IT)","28.07.2020 15:00 - 28.07.2020 16:00 (CET/CEST)","629","261","1387"
"Italy (IT)","28.07.2020 16:00 - 28.07.2020 17:00 (CET/CEST)","890","187","1398"
"Italy (IT)","28.07.2020 17:00 - 28.07.2020 18:00 (CET/CEST)","761","108","1565"
"Italy (IT)","28.07.2020 18:00 - 28.07.2020 19:00 (CET/CEST)","715","12","1666"
"Italy (IT)","28.07.2020 19:00 - 28.07.2020 20:00 (CET/CEST)","1341","","1723"
"Italy (IT)","28.07.2020 20:00 - 28.07.2020 21:00 (CET/CEST)","1567","","1709"
"Italy (IT)","28.07.2020 21:00 - 28.07.2020 22:00 (CET/CEST)","1400","","1592"
"Italy (IT)","28.07.2020 22:00 - 28.07.2020 23:00 (CET/CEST)","791","","1071"
"Italy (IT)","28.07.2020 23:00 - 29.07.2020 00:00 (CET/CEST)","369","","847"
"Italy (IT)","29.07.2020 00:00 - 29.07.2020 01:00 (CET/CEST)","160","","439"
"Italy (IT)","29.07.2020 01:00 - 29.07.2020 02:00 (CET/CEST)","50","28","286"
"Italy (IT)","29.07.2020 02:00 - 29.07.2020 03:00 (CET/CEST)","0","231","266"
"Italy (IT)","29.07.2020 03:00 - 29.07.2020 04:00 (CET/CEST)","0","229","264"
"Italy (IT)","29.07.2020 04:00 - 29.07.2020 05:00 (CET/CEST)","0","151","264"
"Italy (IT)","29.07.2020 05:00 - 29.07.2020 06:00 (CET/CEST)","2","157","273"
"Italy (IT)","29.07.2020 06:00 - 29.07.2020 07:00 (CET/CEST)","31","99","510"
"Italy (IT)","29.07.2020 07:00 - 29.07.2020 08:00 (CET/CEST)","134","79","963"
"Italy (IT)","29.07.2020 08:00 - 29.07.2020 09:00 (CET/CEST)","916","79","1199"
"Italy (IT)","29.07.2020 09:00 - 29.07.2020 10:00 (CET/CEST)","985","145","1240"
"Italy (IT)","29.07.2020 10:00 - 29.07.2020 11:00 (CET/CEST)","981","157","1167"
"Italy (IT)","29.07.2020 11:00 - 29.07.2020 12:00 (CET/CEST)","831","","1167"
"Italy (IT)","29.07.2020 12:00 - 29.07.2020 13:00 (CET/CEST)","520","","1179"
"Italy (IT)","29.07.2020 13:00 - 29.07.2020 14:00 (CET/CEST)","877","","1105"
"Italy (IT)","29.07.2020 14:00 - 29.07.2020 15:00 (CET/CEST)","905","95","1170"
"Italy (IT)","29.07.2020 15:00 - 29.07.2020 16:00 (CET/CEST)","1029","307","1339"
"Italy (IT)","29.07.2020 16:00 - 29.07.2020 17:00 (CET/CEST)","2426","232","1386"
"Italy (IT)","29.07.2020 17:00 - 29.07.2020 18:00 (CET/CEST)","2059","134","1298"
"Italy (IT)","29.07.2020 18:00 - 29.07.2020 19:00 (CET/CEST)","1594","11","1297"
"Italy (IT)","29.07.2020 19:00 - 29.07.2020 20:00 (CET/CEST)","1755","","1385"
"Italy (IT)","29.07.2020 20:00 - 29.07.2020 21:00 (CET/CEST)","2189","","1519"
"Italy (IT)","29.07.2020 21:00 - 29.07.2020 22:00 (CET/CEST)","2167","","1401"
"Italy (IT)","29.07.2020 22:00 - 29.07.2020 23:00 (CET/CEST)","944","","1191"
"Italy (IT)","29.07.2020 23:00 - 30.07.2020 00:00 (CET/CEST)","207","","825"
"Italy (IT)","30.07.2020 00:00 - 30.07.2020 01:00 (CET/CEST)","4","","521"
"Italy (IT)","30.07.2020 01:00 - 30.07.2020 02:00 (CET/CEST)","2","116","281"
"Italy (IT)","30.07.2020 02:00 - 30.07.2020 03:00 (CET/CEST)","0","158","299"
"Italy (IT)","30.07.2020 03:00 - 30.07.2020 04:00 (CET/CEST)","0","304","223"
"Italy (IT)","30.07.2020 04:00 - 30.07.2020 05:00 (CET/CEST)","0","303","205"
"Italy (IT)","30.07.2020 05:00 - 30.07.2020 06:00 (CET/CEST)","2","153","294"
"Italy (IT)","30.07.2020 06:00 - 30.07.2020 07:00 (CET/CEST)","122","153","445"
"Italy (IT)","30.07.2020 07:00 - 30.07.2020 08:00 (CET/CEST)","321","153","923"
"Italy (IT)","30.07.2020 08:00 - 30.07.2020 09:00 (CET/CEST)","484","55","1206"
"Italy (IT)","30.07.2020 09:00 - 30.07.2020 10:00 (CET/CEST)","604","","1182"
"Italy (IT)","30.07.2020 10:00 - 30.07.2020 11:00 (CET/CEST)","634","69","1189"
"Italy (IT)","30.07.2020 11:00 - 30.07.2020 12:00 (CET/CEST)","601","198","1115"
"Italy (IT)","30.07.2020 12:00 - 30.07.2020 13:00 (CET/CEST)","677","150","1137"
"Italy (IT)","30.07.2020 13:00 - 30.07.2020 14:00 (CET/CEST)","566","25","1207"
"Italy (IT)","30.07.2020 14:00 - 30.07.2020 15:00 (CET/CEST)","745","","1241"
"Italy (IT)","30.07.2020 15:00 - 30.07.2020 16:00 (CET/CEST)","765","35","1293"
"Italy (IT)","30.07.2020 16:00 - 30.07.2020 17:00 (CET/CEST)","1504","184","1267"
"Italy (IT)","30.07.2020 17:00 - 30.07.2020 18:00 (CET/CEST)","1830","191","1351"
"Italy (IT)","30.07.2020 18:00 - 30.07.2020 19:00 (CET/CEST)","2128","","1515"
"Italy (IT)","30.07.2020 19:00 - 30.07.2020 20:00 (CET/CEST)","2058","","1483"
"Italy (IT)","30.07.2020 20:00 - 30.07.2020 21:00 (CET/CEST)","2522","","1408"
"Italy (IT)","30.07.2020 21:00 - 30.07.2020 22:00 (CET/CEST)","1655","","1282"
"Italy (IT)","30.07.2020 22:00 - 30.07.2020 23:00 (CET/CEST)","1053","","1110"
"Italy (IT)","30.07.2020 23:00 - 31.07.2020 00:00 (CET/CEST)","208","","944"
"Italy (IT)","31.07.2020 00:00 - 31.07.2020 01:00 (CET/CEST)","148","","656"
"Italy (IT)","31.07.2020 01:00 - 31.07.2020 02:00 (CET/CEST)","36","","363"
"Italy (IT)","31.07.2020 02:00 - 31.07.2020 03:00 (CET/CEST)","0","149","324"
"Italy (IT)","31.07.2020 03:00 - 31.07.2020 04:00 (CET/CEST)","0","421","264"
"Italy (IT)","31.07.2020 04:00 - 31.07.2020 05:00 (CET/CEST)","0","446","258"
"Italy (IT)","31.07.2020 05:00 - 31.07.2020 06:00 (CET/CEST)","0","442","349"
"Italy (IT)","31.07.2020 06:00 - 31.07.2020 07:00 (CET/CEST)","0","212","620"
"Italy (IT)","31.07.2020 07:00 - 31.07.2020 08:00 (CET/CEST)","332","","1276"
"Italy (IT)","31.07.2020 08:00 - 31.07.2020 09:00 (CET/CEST)","900","","1495"
"Italy (IT)","31.07.2020 09:00 - 31.07.2020 10:00 (CET/CEST)","834","7","1523"
"Italy (IT)","31.07.2020 10:00 - 31.07.2020 11:00 (CET/CEST)","788","82","1501"
"Italy (IT)","31.07.2020 11:00 - 31.07.2020 12:00 (CET/CEST)","1041","155","1564"
"Italy (IT)","31.07.2020 12:00 - 31.07.2020 13:00 (CET/CEST)","1012","151","1775"
"Italy (IT)","31.07.2020 13:00 - 31.07.2020 14:00 (CET/CEST)","969","151","1738"
"Italy (IT)","31.07.2020 14:00 - 31.07.2020 15:00 (CET/CEST)","1548","150","1624"
"Italy (IT)","31.07.2020 15:00 - 31.07.2020 16:00 (CET/CEST)","1602","182","1652"
"Italy (IT)","31.07.2020 16:00 - 31.07.2020 17:00 (CET/CEST)","2140","79","1587"
"Italy (IT)","31.07.2020 17:00 - 31.07.2020 18:00 (CET/CEST)","2179","43","1735"
"Italy (IT)","31.07.2020 18:00 - 31.07.2020 19:00 (CET/CEST)","1706","","1903"
"Italy (IT)","31.07.2020 19:00 - 31.07.2020 20:00 (CET/CEST)","2516","","1925"
"Italy (IT)","31.07.2020 20:00 - 31.07.2020 21:00 (CET/CEST)","2501","","1794"
"Italy (IT)","31.07.2020 21:00 - 31.07.2020 22:00 (CET/CEST)","1956","","1556"
"Italy (IT)","31.07.2020 22:00 - 31.07.2020 23:00 (CET/CEST)","1022","","1240"
"Italy (IT)","31.07.2020 23:00 - 01.08.2020 00:00 (CET/CEST)","354","","1019"
"Italy (IT)","01.08.2020 00:00 - 01.08.2020 01:00 (CET/CEST)","50","154","665"
"Italy (IT)","01.08.2020 01:00 - 01.08.2020 02:00 (CET/CEST)","20","321","337"
"Italy (IT)","01.08.2020 02:00 - 01.08.2020 03:00 (CET/CEST)","20","490","287"
"Italy (IT)","01.08.2020 03:00 - 01.08.2020 04:00 (CET/CEST)","","510","261"
"Italy (IT)","01.08.2020 04:00 - 01.08.2020 05:00 (CET/CEST)","","509","261"
"Italy (IT)","01.08.2020 05:00 - 01.08.2020 06:00 (CET/CEST)","","546","332"
"Italy (IT)","01.08.2020 06:00 - 01.08.2020 07:00 (CET/CEST)","","833","330"
"Italy (IT)","01.08.2020 07:00 - 01.08.2020 08:00 (CET/CEST)","50","317","431"
"Italy (IT)","01.08.2020 08:00 - 01.08.2020 09:00 (CET/CEST)","283","79","612"
"Italy (IT)","01.08.2020 09:00 - 01.08.2020 10:00 (CET/CEST)","311","79","711"
"Italy (IT)","01.08.2020 10:00 - 01.08.2020 11:00 (CET/CEST)","477","80","795"
"Italy (IT)","01.08.2020 11:00 - 01.08.2020 12:00 (CET/CEST)","666","81","921"
"Italy (IT)","01.08.2020 12:00 - 01.08.2020 13:00 (CET/CEST)","577","162","1158"
"Italy (IT)","01.08.2020 13:00 - 01.08.2020 14:00 (CET/CEST)","501","229","978"
"Italy (IT)","01.08.2020 14:00 - 01.08.2020 15:00 (CET/CEST)","82","344","850"
"Italy (IT)","01.08.2020 15:00 - 01.08.2020 16:00 (CET/CEST)","35","368","705"
"Italy (IT)","01.08.2020 16:00 - 01.08.2020 17:00 (CET/CEST)","115","346","514"
"Italy (IT)","01.08.2020 17:00 - 01.08.2020 18:00 (CET/CEST)","363","106","704"
"Italy (IT)","01.08.2020 18:00 - 01.08.2020 19:00 (CET/CEST)","1370","98","1006"
"Italy (IT)","01.08.2020 19:00 - 01.08.2020 20:00 (CET/CEST)","1237","2","1243"
"Italy (IT)","01.08.2020 20:00 - 01.08.2020 21:00 (CET/CEST)","1236","2","1247"
"Italy (IT)","01.08.2020 21:00 - 01.08.2020 22:00 (CET/CEST)","1060","1","1218"
"Italy (IT)","01.08.2020 22:00 - 01.08.2020 23:00 (CET/CEST)","677","","1142"
"Italy (IT)","01.08.2020 23:00 - 02.08.2020 00:00 (CET/CEST)","571","1","536"
"Italy (IT)","02.08.2020 00:00 - 02.08.2020 01:00 (CET/CEST)","143","101","731"
"Italy (IT)","02.08.2020 01:00 - 02.08.2020 02:00 (CET/CEST)","14","111","376"
"Italy (IT)","02.08.2020 02:00 - 02.08.2020 03:00 (CET/CEST)","0","626","290"
"Italy (IT)","02.08.2020 03:00 - 02.08.2020 04:00 (CET/CEST)","","739","283"
"Italy (IT)","02.08.2020 04:00 - 02.08.2020 05:00 (CET/CEST)","","1102","286"
"Italy (IT)","02.08.2020 05:00 - 02.08.2020 06:00 (CET/CEST)","","898","374"
"Italy (IT)","02.08.2020 06:00 - 02.08.2020 07:00 (CET/CEST)","","1209","286"
"Italy (IT)","02.08.2020 07:00 - 02.08.2020 08:00 (CET/CEST)","","852","310"
"Italy (IT)","02.08.2020 08:00 - 02.08.2020 09:00 (CET/CEST)","","664","500"
"Italy (IT)","02.08.2020 09:00 - 02.08.2020 10:00 (CET/CEST)","","610","543"
"Italy (IT)","02.08.2020 10:00 - 02.08.2020 11:00 (CET/CEST)","86","230","501"
"Italy (IT)","02.08.2020 11:00 - 02.08.2020 12:00 (CET/CEST)","191","158","515"
"Italy (IT)","02.08.2020 12:00 - 02.08.2020 13:00 (CET/CEST)","93","252","454"
"Italy (IT)","02.08.2020 13:00 - 02.08.2020 14:00 (CET/CEST)","0","424","369"
"Italy (IT)","02.08.2020 14:00 - 02.08.2020 15:00 (CET/CEST)","0","919","360"
"Italy (IT)","02.08.2020 15:00 - 02.08.2020 16:00 (CET/CEST)","0","1137","372"
"Italy (IT)","02.08.2020 16:00 - 02.08.2020 17:00 (CET/CEST)","0","508","383"
"Italy (IT)","02.08.2020 17:00 - 02.08.2020 18:00 (CET/CEST)","0","342","406"
"Italy (IT)","02.08.2020 18:00 - 02.08.2020 19:00 (CET/CEST)","447","","736"
"Italy (IT)","02.08.2020 19:00 - 02.08.2020 20:00 (CET/CEST)","813","","927"
"Italy (IT)","02.08.2020 20:00 - 02.08.2020 21:00 (CET/CEST)","934","","1199"
"Italy (IT)","02.08.2020 21:00 - 02.08.2020 22:00 (CET/CEST)","1117","","1715"
"Italy (IT)","02.08.2020 22:00 - 02.08.2020 23:00 (CET/CEST)","702","1","1393"
"Italy (IT)","02.08.2020 23:00 - 03.08.2020 00:00 (CET/CEST)","315","1","1021"
"Italy (IT)","03.08.2020 00:00 - 03.08.2020 01:00 (CET/CEST)","0","527","572"
"Italy (IT)","03.08.2020 01:00 - 03.08.2020 02:00 (CET/CEST)","0","817","465"
"Italy (IT)","03.08.2020 02:00 - 03.08.2020 03:00 (CET/CEST)","0","1355","436"
"Italy (IT)","03.08.2020 03:00 - 03.08.2020 04:00 (CET/CEST)","","1185","372"
"Italy (IT)","03.08.2020 04:00 - 03.08.2020 05:00 (CET/CEST)","0","1709","410"
"Italy (IT)","03.08.2020 05:00 - 03.08.2020 06:00 (CET/CEST)","0","1452","446"
"Italy (IT)","03.08.2020 06:00 - 03.08.2020 07:00 (CET/CEST)","92","207","637"
"Italy (IT)","03.08.2020 07:00 - 03.08.2020 08:00 (CET/CEST)","372","","701"
"Italy (IT)","03.08.2020 08:00 - 03.08.2020 09:00 (CET/CEST)","706","","1379"
"Italy (IT)","03.08.2020 09:00 - 03.08.2020 10:00 (CET/CEST)","603","","1183"
"Italy (IT)","03.08.2020 10:00 - 03.08.2020 11:00 (CET/CEST)","580","116","1182"
"Italy (IT)","03.08.2020 11:00 - 03.08.2020 12:00 (CET/CEST)","1202","231","1421"
"Italy (IT)","03.08.2020 12:00 - 03.08.2020 13:00 (CET/CEST)","1658","230","1346"
"Italy (IT)","03.08.2020 13:00 - 03.08.2020 14:00 (CET/CEST)","936","224","1360"
"Italy (IT)","03.08.2020 14:00 - 03.08.2020 15:00 (CET/CEST)","883","26","1553"
"Italy (IT)","03.08.2020 15:00 - 03.08.2020 16:00 (CET/CEST)","975","36","1550"
"Italy (IT)","03.08.2020 16:00 - 03.08.2020 17:00 (CET/CEST)","753","231","1680"
"Italy (IT)","03.08.2020 17:00 - 03.08.2020 18:00 (CET/CEST)","1151","232","1616"
"Italy (IT)","03.08.2020 18:00 - 03.08.2020 19:00 (CET/CEST)","974","161","1451"
"Italy (IT)","03.08.2020 19:00 - 03.08.2020 20:00 (CET/CEST)","1395","","1501"
"Italy (IT)","03.08.2020 20:00 - 03.08.2020 21:00 (CET/CEST)","1239","","1516"
"Italy (IT)","03.08.2020 21:00 - 03.08.2020 22:00 (CET/CEST)","1266","","1661"
"Italy (IT)","03.08.2020 22:00 - 03.08.2020 23:00 (CET/CEST)","582","","1347"
"Italy (IT)","03.08.2020 23:00 - 04.08.2020 00:00 (CET/CEST)","370","","905"
"Italy (IT)","04.08.2020 00:00 - 04.08.2020 01:00 (CET/CEST)","88","2","577"
"Italy (IT)","04.08.2020 01:00 - 04.08.2020 02:00 (CET/CEST)","26","84","531"
"Italy (IT)","04.08.2020 02:00 - 04.08.2020 03:00 (CET/CEST)","0","287","492"
"Italy (IT)","04.08.2020 03:00 - 04.08.2020 04:00 (CET/CEST)","","387","474"
"Italy (IT)","04.08.2020 04:00 - 04.08.2020 05:00 (CET/CEST)","","550","491"
"Italy (IT)","04.08.2020 05:00 - 04.08.2020 06:00 (CET/CEST)","","480","502"
"Italy (IT)","04.08.2020 06:00 - 04.08.2020 07:00 (CET/CEST)","66","394","599"
"Italy (IT)","04.08.2020 07:00 - 04.08.2020 08:00 (CET/CEST)","258","256","1370"
"Italy (IT)","04.08.2020 08:00 - 04.08.2020 09:00 (CET/CEST)","1042","235","1819"
"Italy (IT)","04.08.2020 09:00 - 04.08.2020 10:00 (CET/CEST)","1044","307","1601"
"Italy (IT)","04.08.2020 10:00 - 04.08.2020 11:00 (CET/CEST)","780","157","1126"
"Italy (IT)","04.08.2020 11:00 - 04.08.2020 12:00 (CET/CEST)","981","157","1052"
"Italy (IT)","04.08.2020 12:00 - 04.08.2020 13:00 (CET/CEST)","669","182","875"
"Italy (IT)","04.08.2020 13:00 - 04.08.2020 14:00 (CET/CEST)","669","229","827"
"Italy (IT)","04.08.2020 14:00 - 04.08.2020 15:00 (CET/CEST)","638","228","988"
"Italy (IT)","04.08.2020 15:00 - 04.08.2020 16:00 (CET/CEST)","686","318","999"
"Italy (IT)","04.08.2020 16:00 - 04.08.2020 17:00 (CET/CEST)","611","303","986"
"Italy (IT)","04.08.2020 17:00 - 04.08.2020 18:00 (CET/CEST)","1024","338","991"
"Italy (IT)","04.08.2020 18:00 - 04.08.2020 19:00 (CET/CEST)","931","157","1369"
"Italy (IT)","04.08.2020 19:00 - 04.08.2020 20:00 (CET/CEST)","1190","127","1511"
"Italy (IT)","04.08.2020 20:00 - 04.08.2020 21:00 (CET/CEST)","1319","","1239"
"Italy (IT)","04.08.2020 21:00 - 04.08.2020 22:00 (CET/CEST)","1279","","1198"
"Italy (IT)","04.08.2020 22:00 - 04.08.2020 23:00 (CET/CEST)","897","56","899"
"Italy (IT)","04.08.2020 23:00 - 05.08.2020 00:00 (CET/CEST)","631","153","659"
"Italy (IT)","05.08.2020 00:00 - 05.08.2020 01:00 (CET/CEST)","33","153","717"
"Italy (IT)","05.08.2020 01:00 - 05.08.2020 02:00 (CET/CEST)","","254","592"
"Italy (IT)","05.08.2020 02:00 - 05.08.2020 03:00 (CET/CEST)","0","496","420"
"Italy (IT)","05.08.2020 03:00 - 05.08.2020 04:00 (CET/CEST)","0","497","645"
"Italy (IT)","05.08.2020 04:00 - 05.08.2020 05:00 (CET/CEST)","","542","628"
"Italy (IT)","05.08.2020 05:00 - 05.08.2020 06:00 (CET/CEST)","","428","565"
"Italy (IT)","05.08.2020 06:00 - 05.08.2020 07:00 (CET/CEST)","166","229","747"
"Italy (IT)","05.08.2020 07:00 - 05.08.2020 08:00 (CET/CEST)","329","168","1107"
"Italy (IT)","05.08.2020 08:00 - 05.08.2020 09:00 (CET/CEST)","582","","1431"
"Italy (IT)","05.08.2020 09:00 - 05.08.2020 10:00 (CET/CEST)","739","66","1426"
"Italy (IT)","05.08.2020 10:00 - 05.08.2020 11:00 (CET/CEST)","712","156","1379"
"Italy (IT)","05.08.2020 11:00 - 05.08.2020 12:00 (CET/CEST)","465","165","1365"
"Italy (IT)","05.08.2020 12:00 - 05.08.2020 13:00 (CET/CEST)","310","252","1251"
"Italy (IT)","05.08.2020 13:00 - 05.08.2020 14:00 (CET/CEST)","301","376","1133"
"Italy (IT)","05.08.2020 14:00 - 05.08.2020 15:00 (CET/CEST)","372","309","1129"
"Italy (IT)","05.08.2020 15:00 - 05.08.2020 16:00 (CET/CEST)","621","132","1214"
"Italy (IT)","05.08.2020 16:00 - 05.08.2020 17:00 (CET/CEST)","1053","","1056"
"Italy (IT)","05.08.2020 17:00 - 05.08.2020 18:00 (CET/CEST)","1138","","1100"
"Italy (IT)","05.08.2020 18:00 - 05.08.2020 19:00 (CET/CEST)","929","","1129"
"Italy (IT)","05.08.2020 19:00 - 05.08.2020 20:00 (CET/CEST)","1311","","1290"
"Italy (IT)","05.08.2020 20:00 - 05.08.2020 21:00 (CET/CEST)","1028","","1473"
"Italy (IT)","05.08.2020 21:00 - 05.08.2020 22:00 (CET/CEST)","994","","1408"
"Italy (IT)","05.08.2020 22:00 - 05.08.2020 23:00 (CET/CEST)","701","","1216"
"Italy (IT)","05.08.2020 23:00 - 06.08.2020 00:00 (CET/CEST)","477","","986"
"Italy (IT)","06.08.2020 00:00 - 06.08.2020 01:00 (CET/CEST)","123","34","966"
"Italy (IT)","06.08.2020 01:00 - 06.08.2020 02:00 (CET/CEST)","167","197","881"
"Italy (IT)","06.08.2020 02:00 - 06.08.2020 03:00 (CET/CEST)","263","197","475"
"Italy (IT)","06.08.2020 03:00 - 06.08.2020 04:00 (CET/CEST)","261","581","376"
"Italy (IT)","06.08.2020 04:00 - 06.08.2020 05:00 (CET/CEST)","263","771","375"
"Italy (IT)","06.08.2020 05:00 - 06.08.2020 06:00 (CET/CEST)","262","621","505"
"Italy (IT)","06.08.2020 06:00 - 06.08.2020 07:00 (CET/CEST)","298","1","852"
"Italy (IT)","06.08.2020 07:00 - 06.08.2020 08:00 (CET/CEST)","687","","1011"
"Italy (IT)","06.08.2020 08:00 - 06.08.2020 09:00 (CET/CEST)","686","","1221"
"Italy (IT)","06.08.2020 09:00 - 06.08.2020 10:00 (CET/CEST)","629","","1237"
"Italy (IT)","06.08.2020 10:00 - 06.08.2020 11:00 (CET/CEST)","481","","1144"
"Italy (IT)","06.08.2020 11:00 - 06.08.2020 12:00 (CET/CEST)","538","","1124"
"Italy (IT)","06.08.2020 12:00 - 06.08.2020 13:00 (CET/CEST)","150","","1236"
"Italy (IT)","06.08.2020 13:00 - 06.08.2020 14:00 (CET/CEST)","26","","1255"
"Italy (IT)","06.08.2020 14:00 - 06.08.2020 15:00 (CET/CEST)","150","42","1250"
"Italy (IT)","06.08.2020 15:00 - 06.08.2020 16:00 (CET/CEST)","274","79","1290"
"Italy (IT)","06.08.2020 16:00 - 06.08.2020 17:00 (CET/CEST)","471","78","1303"
"Italy (IT)","06.08.2020 17:00 - 06.08.2020 18:00 (CET/CEST)","682","13","1530"
"Italy (IT)","06.08.2020 18:00 - 06.08.2020 19:00 (CET/CEST)","906","19","1697"
"Italy (IT)","06.08.2020 19:00 - 06.08.2020 20:00 (CET/CEST)","1629","55","1876"
"Italy (IT)","06.08.2020 20:00 - 06.08.2020 21:00 (CET/CEST)","1340","","1855"
"Italy (IT)","06.08.2020 21:00 - 06.08.2020 22:00 (CET/CEST)","1326","","1483"
"Italy (IT)","06.08.2020 22:00 - 06.08.2020 23:00 (CET/CEST)","517","","1334"
"Italy (IT)","06.08.2020 23:00 - 07.08.2020 00:00 (CET/CEST)","255","","1191"
"Italy (IT)","07.08.2020 00:00 - 07.08.2020 01:00 (CET/CEST)","60","15","782"
"Italy (IT)","07.08.2020 01:00 - 07.08.2020 02:00 (CET/CEST)","132","78","407"
"Italy (IT)","07.08.2020 02:00 - 07.08.2020 03:00 (CET/CEST)","0","200","387"
"Italy (IT)","07.08.2020 03:00 - 07.08.2020 04:00 (CET/CEST)","","471","347"
"Italy (IT)","07.08.2020 04:00 - 07.08.2020 05:00 (CET/CEST)","54","571","350"
"Italy (IT)","07.08.2020 05:00 - 07.08.2020 06:00 (CET/CEST)","54","458","400"
"Italy (IT)","07.08.2020 06:00 - 07.08.2020 07:00 (CET/CEST)","171","","564"
"Italy (IT)","07.08.2020 07:00 - 07.08.2020 08:00 (CET/CEST)","541","","1372"
"Italy (IT)","07.08.2020 08:00 - 07.08.2020 09:00 (CET/CEST)","740","","1526"
"Italy (IT)","07.08.2020 09:00 - 07.08.2020 10:00 (CET/CEST)","631","","1471"
"Italy (IT)","07.08.2020 10:00 - 07.08.2020 11:00 (CET/CEST)","457","","1293"
"Italy (IT)","07.08.2020 11:00 - 07.08.2020 12:00 (CET/CEST)","338","1","1099"
"Italy (IT)","07.08.2020 12:00 - 07.08.2020 13:00 (CET/CEST)","229","1","749"
"Italy (IT)","07.08.2020 13:00 - 07.08.2020 14:00 (CET/CEST)","180","14","967"
"Italy (IT)","07.08.2020 14:00 - 07.08.2020 15:00 (CET/CEST)","179","281","1101"
"Italy (IT)","07.08.2020 15:00 - 07.08.2020 16:00 (CET/CEST)","282","293","1348"
"Italy (IT)","07.08.2020 16:00 - 07.08.2020 17:00 (CET/CEST)","572","194","1460"
"Italy (IT)","07.08.2020 17:00 - 07.08.2020 18:00 (CET/CEST)","480","","1352"
"Italy (IT)","07.08.2020 18:00 - 07.08.2020 19:00 (CET/CEST)","819","51","1471"
"Italy (IT)","07.08.2020 19:00 - 07.08.2020 20:00 (CET/CEST)","1330","35","1861"
"Italy (IT)","07.08.2020 20:00 - 07.08.2020 21:00 (CET/CEST)","1464","","1613"
"Italy (IT)","07.08.2020 21:00 - 07.08.2020 22:00 (CET/CEST)","881","","1853"
"Italy (IT)","07.08.2020 22:00 - 07.08.2020 23:00 (CET/CEST)","780","","1733"
"Italy (IT)","07.08.2020 23:00 - 08.08.2020 00:00 (CET/CEST)","461","","1609"
"Italy (IT)","08.08.2020 00:00 - 08.08.2020 01:00 (CET/CEST)","86","1","1154"
"Italy (IT)","08.08.2020 01:00 - 08.08.2020 02:00 (CET/CEST)","1","71","422"
"Italy (IT)","08.08.2020 02:00 - 08.08.2020 03:00 (CET/CEST)","96","79","338"
"Italy (IT)","08.08.2020 03:00 - 08.08.2020 04:00 (CET/CEST)","158","189","280"
"Italy (IT)","08.08.2020 04:00 - 08.08.2020 05:00 (CET/CEST)","0","597","277"
"Italy (IT)","08.08.2020 05:00 - 08.08.2020 06:00 (CET/CEST)","0","416","404"
"Italy (IT)","08.08.2020 06:00 - 08.08.2020 07:00 (CET/CEST)","0","269","310"
"Italy (IT)","08.08.2020 07:00 - 08.08.2020 08:00 (CET/CEST)","4","155","503"
"Italy (IT)","08.08.2020 08:00 - 08.08.2020 09:00 (CET/CEST)","214","155","683"
"Italy (IT)","08.08.2020 09:00 - 08.08.2020 10:00 (CET/CEST)","158","68","889"
"Italy (IT)","08.08.2020 10:00 - 08.08.2020 11:00 (CET/CEST)","24","141","710"
"Italy (IT)","08.08.2020 11:00 - 08.08.2020 12:00 (CET/CEST)","0","216","714"
"Italy (IT)","08.08.2020 12:00 - 08.08.2020 13:00 (CET/CEST)","0","303","697"
"Italy (IT)","08.08.2020 13:00 - 08.08.2020 14:00 (CET/CEST)","0","401","696"
"Italy (IT)","08.08.2020 14:00 - 08.08.2020 15:00 (CET/CEST)","0","481","698"
"Italy (IT)","08.08.2020 15:00 - 08.08.2020 16:00 (CET/CEST)","0","503","584"
"Italy (IT)","08.08.2020 16:00 - 08.08.2020 17:00 (CET/CEST)","26","67","590"
"Italy (IT)","08.08.2020 17:00 - 08.08.2020 18:00 (CET/CEST)","451","","967"
"Italy (IT)","08.08.2020 18:00 - 08.08.2020 19:00 (CET/CEST)","296","1","1514"
"Italy (IT)","08.08.2020 19:00 - 08.08.2020 20:00 (CET/CEST)","1110","48","1860"
"Italy (IT)","08.08.2020 20:00 - 08.08.2020 21:00 (CET/CEST)","1160","","1911"
"Italy (IT)","08.08.2020 21:00 - 08.08.2020 22:00 (CET/CEST)","1121","","1844"
"Italy (IT)","08.08.2020 22:00 - 08.08.2020 23:00 (CET/CEST)","466","","1594"
"Italy (IT)","08.08.2020 23:00 - 09.08.2020 00:00 (CET/CEST)","338","","746"
"Italy (IT)","09.08.2020 00:00 - 09.08.2020 01:00 (CET/CEST)","488","106","417"
"Italy (IT)","09.08.2020 01:00 - 09.08.2020 02:00 (CET/CEST)","53","362","274"
"Italy (IT)","09.08.2020 02:00 - 09.08.2020 03:00 (CET/CEST)","27","441","250"
"Italy (IT)","09.08.2020 03:00 - 09.08.2020 04:00 (CET/CEST)","0","476","235"
"Italy (IT)","09.08.2020 04:00 - 09.08.2020 05:00 (CET/CEST)","0","473","233"
"Italy (IT)","09.08.2020 05:00 - 09.08.2020 06:00 (CET/CEST)","23","399","234"
"Italy (IT)","09.08.2020 06:00 - 09.08.2020 07:00 (CET/CEST)","23","588","246"
"Italy (IT)","09.08.2020 07:00 - 09.08.2020 08:00 (CET/CEST)","22","724","301"
"Italy (IT)","09.08.2020 08:00 - 09.08.2020 09:00 (CET/CEST)","","435","479"
"Italy (IT)","09.08.2020 09:00 - 09.08.2020 10:00 (CET/CEST)","165","297","463"
"Italy (IT)","09.08.2020 10:00 - 09.08.2020 11:00 (CET/CEST)","164","451","426"
"Italy (IT)","09.08.2020 11:00 - 09.08.2020 12:00 (CET/CEST)","159","634","484"
"Italy (IT)","09.08.2020 12:00 - 09.08.2020 13:00 (CET/CEST)","159","696","410"
"Italy (IT)","09.08.2020 13:00 - 09.08.2020 14:00 (CET/CEST)","75","666","399"
"Italy (IT)","09.08.2020 14:00 - 09.08.2020 15:00 (CET/CEST)","0","666","399"
"Italy (IT)","09.08.2020 15:00 - 09.08.2020 16:00 (CET/CEST)","0","676","472"
"Italy (IT)","09.08.2020 16:00 - 09.08.2020 17:00 (CET/CEST)","","57","593"
"Italy (IT)","09.08.2020 17:00 - 09.08.2020 18:00 (CET/CEST)","307","62","729"
"Italy (IT)","09.08.2020 18:00 - 09.08.2020 19:00 (CET/CEST)","502","21","1060"
"Italy (IT)","09.08.2020 19:00 - 09.08.2020 20:00 (CET/CEST)","1593","","1818"
"Italy (IT)","09.08.2020 20:00 - 09.08.2020 21:00 (CET/CEST)","1834","","1820"
"Italy (IT)","09.08.2020 21:00 - 09.08.2020 22:00 (CET/CEST)","1980","","1830"
"Italy (IT)","09.08.2020 22:00 - 09.08.2020 23:00 (CET/CEST)","1540","1","1857"
"Italy (IT)","09.08.2020 23:00 - 10.08.2020 00:00 (CET/CEST)","947","1","1633"
"Italy (IT)","10.08.2020 00:00 - 10.08.2020 01:00 (CET/CEST)","86","","393"
"Italy (IT)","10.08.2020 01:00 - 10.08.2020 02:00 (CET/CEST)","1","146","297"
"Italy (IT)","10.08.2020 02:00 - 10.08.2020 03:00 (CET/CEST)","0","438","263"
"Italy (IT)","10.08.2020 03:00 - 10.08.2020 04:00 (CET/CEST)","0","805","256"
"Italy (IT)","10.08.2020 04:00 - 10.08.2020 05:00 (CET/CEST)","0","807","279"
"Italy (IT)","10.08.2020 05:00 - 10.08.2020 06:00 (CET/CEST)","0","535","321"
"Italy (IT)","10.08.2020 06:00 - 10.08.2020 07:00 (CET/CEST)","403","155","801"
"Italy (IT)","10.08.2020 07:00 - 10.08.2020 08:00 (CET/CEST)","448","81","1622"
"Italy (IT)","10.08.2020 08:00 - 10.08.2020 09:00 (CET/CEST)","572","78","1839"
"Italy (IT)","10.08.2020 09:00 - 10.08.2020 10:00 (CET/CEST)","894","","1849"
"Italy (IT)","10.08.2020 10:00 - 10.08.2020 11:00 (CET/CEST)","621","65","1700"
"Italy (IT)","10.08.2020 11:00 - 10.08.2020 12:00 (CET/CEST)","521","150","1610"
"Italy (IT)","10.08.2020 12:00 - 10.08.2020 13:00 (CET/CEST)","430","151","1605"
"Italy (IT)","10.08.2020 13:00 - 10.08.2020 14:00 (CET/CEST)","354","151","1603"
"Italy (IT)","10.08.2020 14:00 - 10.08.2020 15:00 (CET/CEST)","361","149","1628"
"Italy (IT)","10.08.2020 15:00 - 10.08.2020 16:00 (CET/CEST)","370","150","1689"
"Italy (IT)","10.08.2020 16:00 - 10.08.2020 17:00 (CET/CEST)","458","136","1423"
"Italy (IT)","10.08.2020 17:00 - 10.08.2020 18:00 (CET/CEST)","661","","1423"
"Italy (IT)","10.08.2020 18:00 - 10.08.2020 19:00 (CET/CEST)","829","","1565"
"Italy (IT)","10.08.2020 19:00 - 10.08.2020 20:00 (CET/CEST)","1909","75","1968"
"Italy (IT)","10.08.2020 20:00 - 10.08.2020 21:00 (CET/CEST)","1376","59","1682"
"Italy (IT)","10.08.2020 21:00 - 10.08.2020 22:00 (CET/CEST)","1238","4","1583"
"Italy (IT)","10.08.2020 22:00 - 10.08.2020 23:00 (CET/CEST)","669","78","1470"
"Italy (IT)","10.08.2020 23:00 - 11.08.2020 00:00 (CET/CEST)","349","61","1369"
"Italy (IT)","11.08.2020 00:00 - 11.08.2020 01:00 (CET/CEST)","118","","637"
"Italy (IT)","11.08.2020 01:00 - 11.08.2020 02:00 (CET/CEST)","151","152","469"
"Italy (IT)","11.08.2020 02:00 - 11.08.2020 03:00 (CET/CEST)","27","180","265"
"Italy (IT)","11.08.2020 03:00 - 11.08.2020 04:00 (CET/CEST)","24","483","249"
"Italy (IT)","11.08.2020 04:00 - 11.08.2020 05:00 (CET/CEST)","30","546","252"
"Italy (IT)","11.08.2020 05:00 - 11.08.2020 06:00 (CET/CEST)","126","405","305"
"Italy (IT)","11.08.2020 06:00 - 11.08.2020 07:00 (CET/CEST)","127","176","796"
"Italy (IT)","11.08.2020 07:00 - 11.08.2020 08:00 (CET/CEST)","312","","1191"
"Italy (IT)","11.08.2020 08:00 - 11.08.2020 09:00 (CET/CEST)","513","","1472"
"Italy (IT)","11.08.2020 09:00 - 11.08.2020 10:00 (CET/CEST)","575","","1440"
"Italy (IT)","11.08.2020 10:00 - 11.08.2020 11:00 (CET/CEST)","476","","1319"
"Italy (IT)","11.08.2020 11:00 - 11.08.2020 12:00 (CET/CEST)","305","","1086"
"Italy (IT)","11.08.2020 12:00 - 11.08.2020 13:00 (CET/CEST)","233","","1036"
"Italy (IT)","11.08.2020 13:00 - 11.08.2020 14:00 (CET/CEST)","208","34","1035"
"Italy (IT)","11.08.2020 14:00 - 11.08.2020 15:00 (CET/CEST)","263","157","1203"
"Italy (IT)","11.08.2020 15:00 - 11.08.2020 16:00 (CET/CEST)","235","149","1285"
"Italy (IT)","11.08.2020 16:00 - 11.08.2020 17:00 (CET/CEST)","463","52","1372"
"Italy (IT)","11.08.2020 17:00 - 11.08.2020 18:00 (CET/CEST)","759","7","1388"
"Italy (IT)","11.08.2020 18:00 - 11.08.2020 19:00 (CET/CEST)","1115","78","1708"
"Italy (IT)","11.08.2020 19:00 - 11.08.2020 20:00 (CET/CEST)","1480","63","1856"
"Italy (IT)","11.08.2020 20:00 - 11.08.2020 21:00 (CET/CEST)","1686","","1425"
"Italy (IT)","11.08.2020 21:00 - 11.08.2020 22:00 (CET/CEST)","1701","","1621"
"Italy (IT)","11.08.2020 22:00 - 11.08.2020 23:00 (CET/CEST)","977","21","1275"
"Italy (IT)","11.08.2020 23:00 - 12.08.2020 00:00 (CET/CEST)","297","45","1146"
"Italy (IT)","12.08.2020 00:00 - 12.08.2020 01:00 (CET/CEST)","570","","918"
"Italy (IT)","12.08.2020 01:00 - 12.08.2020 02:00 (CET/CEST)","3","32","404"
"Italy (IT)","12.08.2020 02:00 - 12.08.2020 03:00 (CET/CEST)","0","169","299"
"Italy (IT)","12.08.2020 03:00 - 12.08.2020 04:00 (CET/CEST)","0","440","281"
"Italy (IT)","12.08.2020 04:00 - 12.08.2020 05:00 (CET/CEST)","0","288","266"
"Italy (IT)","12.08.2020 05:00 - 12.08.2020 06:00 (CET/CEST)","0","188","327"
"Italy (IT)","12.08.2020 06:00 - 12.08.2020 07:00 (CET/CEST)","92","151","662"
"Italy (IT)","12.08.2020 07:00 - 12.08.2020 08:00 (CET/CEST)","205","151","1218"
"Italy (IT)","12.08.2020 08:00 - 12.08.2020 09:00 (CET/CEST)","777","151","1263"
"Italy (IT)","12.08.2020 09:00 - 12.08.2020 10:00 (CET/CEST)","802","150","1617"
"Italy (IT)","12.08.2020 10:00 - 12.08.2020 11:00 (CET/CEST)","617","149","1357"
"Italy (IT)","12.08.2020 11:00 - 12.08.2020 12:00 (CET/CEST)","536","25","1381"
"Italy (IT)","12.08.2020 12:00 - 12.08.2020 13:00 (CET/CEST)","151","28","1418"
"Italy (IT)","12.08.2020 13:00 - 12.08.2020 14:00 (CET/CEST)","150","29","1347"
"Italy (IT)","12.08.2020 14:00 - 12.08.2020 15:00 (CET/CEST)","152","101","1343"
"Italy (IT)","12.08.2020 15:00 - 12.08.2020 16:00 (CET/CEST)","52","206","1294"
"Italy (IT)","12.08.2020 16:00 - 12.08.2020 17:00 (CET/CEST)","132","150","1121"
"Italy (IT)","12.08.2020 17:00 - 12.08.2020 18:00 (CET/CEST)","570","150","1277"
"Italy (IT)","12.08.2020 18:00 - 12.08.2020 19:00 (CET/CEST)","724","35","1472"
"Italy (IT)","12.08.2020 19:00 - 12.08.2020 20:00 (CET/CEST)","1856","","1915"
"Italy (IT)","12.08.2020 20:00 - 12.08.2020 21:00 (CET/CEST)","1114","","1648"
"Italy (IT)","12.08.2020 21:00 - 12.08.2020 22:00 (CET/CEST)","1002","","1704"
"Italy (IT)","12.08.2020 22:00 - 12.08.2020 23:00 (CET/CEST)","535","","1584"
"Italy (IT)","12.08.2020 23:00 - 13.08.2020 00:00 (CET/CEST)","446","","1624"
"Italy (IT)","13.08.2020 00:00 - 13.08.2020 01:00 (CET/CEST)","217","30","637"
"Italy (IT)","13.08.2020 01:00 - 13.08.2020 02:00 (CET/CEST)","304","35","272"
"Italy (IT)","13.08.2020 02:00 - 13.08.2020 03:00 (CET/CEST)","0","409","214"
"Italy (IT)","13.08.2020 03:00 - 13.08.2020 04:00 (CET/CEST)","0","64","218"
"Italy (IT)","13.08.2020 04:00 - 13.08.2020 05:00 (CET/CEST)","27","285","218"
"Italy (IT)","13.08.2020 05:00 - 13.08.2020 06:00 (CET/CEST)","123","325","273"
"Italy (IT)","13.08.2020 06:00 - 13.08.2020 07:00 (CET/CEST)","123","291","689"
"Italy (IT)","13.08.2020 07:00 - 13.08.2020 08:00 (CET/CEST)","225","150","1152"
"Italy (IT)","13.08.2020 08:00 - 13.08.2020 09:00 (CET/CEST)","387","150","1235"
"Italy (IT)","13.08.2020 09:00 - 13.08.2020 10:00 (CET/CEST)","505","149","1015"
"Italy (IT)","13.08.2020 10:00 - 13.08.2020 11:00 (CET/CEST)","519","","1065"
"Italy (IT)","13.08.2020 11:00 - 13.08.2020 12:00 (CET/CEST)","398","1","1055"
"Italy (IT)","13.08.2020 12:00 - 13.08.2020 13:00 (CET/CEST)","225","28","1138"
"Italy (IT)","13.08.2020 13:00 - 13.08.2020 14:00 (CET/CEST)","223","28","1112"
"Italy (IT)","13.08.2020 14:00 - 13.08.2020 15:00 (CET/CEST)","225","28","1115"
"Italy (IT)","13.08.2020 15:00 - 13.08.2020 16:00 (CET/CEST)","226","20","823"
"Italy (IT)","13.08.2020 16:00 - 13.08.2020 17:00 (CET/CEST)","276","","1178"
"Italy (IT)","13.08.2020 17:00 - 13.08.2020 18:00 (CET/CEST)","501","","1565"
"Italy (IT)","13.08.2020 18:00 - 13.08.2020 19:00 (CET/CEST)","1159","","1714"
"Italy (IT)","13.08.2020 19:00 - 13.08.2020 20:00 (CET/CEST)","1808","66","2019"
"Italy (IT)","13.08.2020 20:00 - 13.08.2020 21:00 (CET/CEST)","1444","","1663"
"Italy (IT)","13.08.2020 21:00 - 13.08.2020 22:00 (CET/CEST)","1193","","1787"
"Italy (IT)","13.08.2020 22:00 - 13.08.2020 23:00 (CET/CEST)","619","","1674"
"Italy (IT)","13.08.2020 23:00 - 14.08.2020 00:00 (CET/CEST)","249","","1208"
"Italy (IT)","14.08.2020 00:00 - 14.08.2020 01:00 (CET/CEST)","43","","596"
"Italy (IT)","14.08.2020 01:00 - 14.08.2020 02:00 (CET/CEST)","25","","328"
"Italy (IT)","14.08.2020 02:00 - 14.08.2020 03:00 (CET/CEST)","0","89","324"
"Italy (IT)","14.08.2020 03:00 - 14.08.2020 04:00 (CET/CEST)","0","310","323"
"Italy (IT)","14.08.2020 04:00 - 14.08.2020 05:00 (CET/CEST)","29","450","330"
"Italy (IT)","14.08.2020 05:00 - 14.08.2020 06:00 (CET/CEST)","123","606","486"
"Italy (IT)","14.08.2020 06:00 - 14.08.2020 07:00 (CET/CEST)","135","582","660"
"Italy (IT)","14.08.2020 07:00 - 14.08.2020 08:00 (CET/CEST)","135","425","766"
"Italy (IT)","14.08.2020 08:00 - 14.08.2020 09:00 (CET/CEST)","390","149","1281"
"Italy (IT)","14.08.2020 09:00 - 14.08.2020 10:00 (CET/CEST)","497","","1407"
"Italy (IT)","14.08.2020 10:00 - 14.08.2020 11:00 (CET/CEST)","360","","1371"
"Italy (IT)","14.08.2020 11:00 - 14.08.2020 12:00 (CET/CEST)","727","148","1164"
"Italy (IT)","14.08.2020 12:00 - 14.08.2020 13:00 (CET/CEST)","567","150","1152"
"Italy (IT)","14.08.2020 13:00 - 14.08.2020 14:00 (CET/CEST)","281","150","1128"
"Italy (IT)","14.08.2020 14:00 - 14.08.2020 15:00 (CET/CEST)","299","150","1088"
"Italy (IT)","14.08.2020 15:00 - 14.08.2020 16:00 (CET/CEST)","529","234","934"
"Italy (IT)","14.08.2020 16:00 - 14.08.2020 17:00 (CET/CEST)","423","207","978"
"Italy (IT)","14.08.2020 17:00 - 14.08.2020 18:00 (CET/CEST)","424","86","1245"
"Italy (IT)","14.08.2020 18:00 - 14.08.2020 19:00 (CET/CEST)","769","","1372"
"Italy (IT)","14.08.2020 19:00 - 14.08.2020 20:00 (CET/CEST)","1695","29","1538"
"Italy (IT)","14.08.2020 20:00 - 14.08.2020 21:00 (CET/CEST)","1707","43","1530"
"Italy (IT)","14.08.2020 21:00 - 14.08.2020 22:00 (CET/CEST)","1519","32","1486"
"Italy (IT)","14.08.2020 22:00 - 14.08.2020 23:00 (CET/CEST)","1042","78","1069"
"Italy (IT)","14.08.2020 23:00 - 15.08.2020 00:00 (CET/CEST)","882","47","873"
"Italy (IT)","15.08.2020 00:00 - 15.08.2020 01:00 (CET/CEST)","420","","743"
"Italy (IT)","15.08.2020 01:00 - 15.08.2020 02:00 (CET/CEST)","113","","354"
"Italy (IT)","15.08.2020 02:00 - 15.08.2020 03:00 (CET/CEST)","14","","315"
"Italy (IT)","15.08.2020 03:00 - 15.08.2020 04:00 (CET/CEST)","14","","307"
"Italy (IT)","15.08.2020 04:00 - 15.08.2020 05:00 (CET/CEST)","0","142","312"
"Italy (IT)","15.08.2020 05:00 - 15.08.2020 06:00 (CET/CEST)","110","","326"
"Italy (IT)","15.08.2020 06:00 - 15.08.2020 07:00 (CET/CEST)","98","","391"
"Italy (IT)","15.08.2020 07:00 - 15.08.2020 08:00 (CET/CEST)","259","","454"
"Italy (IT)","15.08.2020 08:00 - 15.08.2020 09:00 (CET/CEST)","421","","523"
"Italy (IT)","15.08.2020 09:00 - 15.08.2020 10:00 (CET/CEST)","548","","707"
"Italy (IT)","15.08.2020 10:00 - 15.08.2020 11:00 (CET/CEST)","321","","622"
"Italy (IT)","15.08.2020 11:00 - 15.08.2020 12:00 (CET/CEST)","316","","494"
"Italy (IT)","15.08.2020 12:00 - 15.08.2020 13:00 (CET/CEST)","151","153","411"
"Italy (IT)","15.08.2020 13:00 - 15.08.2020 14:00 (CET/CEST)","56","336","363"
"Italy (IT)","15.08.2020 14:00 - 15.08.2020 15:00 (CET/CEST)","21","583","365"
"Italy (IT)","15.08.2020 15:00 - 15.08.2020 16:00 (CET/CEST)","24","585","427"
"Italy (IT)","15.08.2020 16:00 - 15.08.2020 17:00 (CET/CEST)","234","548","475"
"Italy (IT)","15.08.2020 17:00 - 15.08.2020 18:00 (CET/CEST)","417","110","825"
"Italy (IT)","15.08.2020 18:00 - 15.08.2020 19:00 (CET/CEST)","785","","1182"
"Italy (IT)","15.08.2020 19:00 - 15.08.2020 20:00 (CET/CEST)","876","","1185"
"Italy (IT)","15.08.2020 20:00 - 15.08.2020 21:00 (CET/CEST)","887","","1390"
"Italy (IT)","15.08.2020 21:00 - 15.08.2020 22:00 (CET/CEST)","1117","","1467"
"Italy (IT)","15.08.2020 22:00 - 15.08.2020 23:00 (CET/CEST)","783","","1470"
"Italy (IT)","15.08.2020 23:00 - 16.08.2020 00:00 (CET/CEST)","516","","878"
"Italy (IT)","16.08.2020 00:00 - 16.08.2020 01:00 (CET/CEST)","299","","365"
"Italy (IT)","16.08.2020 01:00 - 16.08.2020 02:00 (CET/CEST)","213","","267"
"Italy (IT)","16.08.2020 02:00 - 16.08.2020 03:00 (CET/CEST)","163","","250"
"Italy (IT)","16.08.2020 03:00 - 16.08.2020 04:00 (CET/CEST)","13","","249"
"Italy (IT)","16.08.2020 04:00 - 16.08.2020 05:00 (CET/CEST)","14","","278"
"Italy (IT)","16.08.2020 05:00 - 16.08.2020 06:00 (CET/CEST)","102","","312"
"Italy (IT)","16.08.2020 06:00 - 16.08.2020 07:00 (CET/CEST)","110","","329"
"Italy (IT)","16.08.2020 07:00 - 16.08.2020 08:00 (CET/CEST)","379","65","398"
"Italy (IT)","16.08.2020 08:00 - 16.08.2020 09:00 (CET/CEST)","375","152","494"
"Italy (IT)","16.08.2020 09:00 - 16.08.2020 10:00 (CET/CEST)","317","63","513"
"Italy (IT)","16.08.2020 10:00 - 16.08.2020 11:00 (CET/CEST)","0","64","492"
"Italy (IT)","16.08.2020 11:00 - 16.08.2020 12:00 (CET/CEST)","0","148","492"
"Italy (IT)","16.08.2020 12:00 - 16.08.2020 13:00 (CET/CEST)","0","308","393"
"Italy (IT)","16.08.2020 13:00 - 16.08.2020 14:00 (CET/CEST)","0","628","390"
"Italy (IT)","16.08.2020 14:00 - 16.08.2020 15:00 (CET/CEST)","0","433","393"
"Italy (IT)","16.08.2020 15:00 - 16.08.2020 16:00 (CET/CEST)","0","270","468"
"Italy (IT)","16.08.2020 16:00 - 16.08.2020 17:00 (CET/CEST)","0","28","776"
"Italy (IT)","16.08.2020 17:00 - 16.08.2020 18:00 (CET/CEST)","201","","785"
"Italy (IT)","16.08.2020 18:00 - 16.08.2020 19:00 (CET/CEST)","478","54","967"
"Italy (IT)","16.08.2020 19:00 - 16.08.2020 20:00 (CET/CEST)","1477","154","1336"
"Italy (IT)","16.08.2020 20:00 - 16.08.2020 21:00 (CET/CEST)","2080","96","1471"
"Italy (IT)","16.08.2020 21:00 - 16.08.2020 22:00 (CET/CEST)","1809","","1683"
"Italy (IT)","16.08.2020 22:00 - 16.08.2020 23:00 (CET/CEST)","1311","","1404"
"Italy (IT)","16.08.2020 23:00 - 17.08.2020 00:00 (CET/CEST)","497","","743"
"Italy (IT)","17.08.2020 00:00 - 17.08.2020 01:00 (CET/CEST)","168","","380"
"Italy (IT)","17.08.2020 01:00 - 17.08.2020 02:00 (CET/CEST)","50","152","349"
"Italy (IT)","17.08.2020 02:00 - 17.08.2020 03:00 (CET/CEST)","19","293","311"
"Italy (IT)","17.08.2020 03:00 - 17.08.2020 04:00 (CET/CEST)","0","686","280"
"Italy (IT)","17.08.2020 04:00 - 17.08.2020 05:00 (CET/CEST)","0","780","290"
"Italy (IT)","17.08.2020 05:00 - 17.08.2020 06:00 (CET/CEST)","0","555","351"
"Italy (IT)","17.08.2020 06:00 - 17.08.2020 07:00 (CET/CEST)","246","341","599"
"Italy (IT)","17.08.2020 07:00 - 17.08.2020 08:00 (CET/CEST)","351","1","1089"
"Italy (IT)","17.08.2020 08:00 - 17.08.2020 09:00 (CET/CEST)","531","","1419"
"Italy (IT)","17.08.2020 09:00 - 17.08.2020 10:00 (CET/CEST)","598","","1489"
"Italy (IT)","17.08.2020 10:00 - 17.08.2020 11:00 (CET/CEST)","490","","1476"
"Italy (IT)","17.08.2020 11:00 - 17.08.2020 12:00 (CET/CEST)","410","","1376"
"Italy (IT)","17.08.2020 12:00 - 17.08.2020 13:00 (CET/CEST)","252","","1248"
"Italy (IT)","17.08.2020 13:00 - 17.08.2020 14:00 (CET/CEST)","252","99","1239"
"Italy (IT)","17.08.2020 14:00 - 17.08.2020 15:00 (CET/CEST)","255","149","1191"
"Italy (IT)","17.08.2020 15:00 - 17.08.2020 16:00 (CET/CEST)","274","148","1241"
"Italy (IT)","17.08.2020 16:00 - 17.08.2020 17:00 (CET/CEST)","373","10","1271"
"Italy (IT)","17.08.2020 17:00 - 17.08.2020 18:00 (CET/CEST)","569","","1365"
"Italy (IT)","17.08.2020 18:00 - 17.08.2020 19:00 (CET/CEST)","1321","","1421"
"Italy (IT)","17.08.2020 19:00 - 17.08.2020 20:00 (CET/CEST)","2289","","1720"
"Italy (IT)","17.08.2020 20:00 - 17.08.2020 21:00 (CET/CEST)","1868","","1709"
"Italy (IT)","17.08.2020 21:00 - 17.08.2020 22:00 (CET/CEST)","1408","","1456"
"Italy (IT)","17.08.2020 22:00 - 17.08.2020 23:00 (CET/CEST)","825","","1416"
"Italy (IT)","17.08.2020 23:00 - 18.08.2020 00:00 (CET/CEST)","417","","1277"
"Italy (IT)","18.08.2020 00:00 - 18.08.2020 01:00 (CET/CEST)","0","51","696"
"Italy (IT)","18.08.2020 01:00 - 18.08.2020 02:00 (CET/CEST)","0","367","577"
"Italy (IT)","18.08.2020 02:00 - 18.08.2020 03:00 (CET/CEST)","0","817","320"
"Italy (IT)","18.08.2020 03:00 - 18.08.2020 04:00 (CET/CEST)","0","1108","307"
"Italy (IT)","18.08.2020 04:00 - 18.08.2020 05:00 (CET/CEST)","0","943","326"
"Italy (IT)","18.08.2020 05:00 - 18.08.2020 06:00 (CET/CEST)","0","846","544"
"Italy (IT)","18.08.2020 06:00 - 18.08.2020 07:00 (CET/CEST)","84","214","761"
"Italy (IT)","18.08.2020 07:00 - 18.08.2020 08:00 (CET/CEST)","242","56","1120"
"Italy (IT)","18.08.2020 08:00 - 18.08.2020 09:00 (CET/CEST)","556","","1337"
"Italy (IT)","18.08.2020 09:00 - 18.08.2020 10:00 (CET/CEST)","789","","1456"
"Italy (IT)","18.08.2020 10:00 - 18.08.2020 11:00 (CET/CEST)","394","","1230"
"Italy (IT)","18.08.2020 11:00 - 18.08.2020 12:00 (CET/CEST)","388","","1102"
"Italy (IT)","18.08.2020 12:00 - 18.08.2020 13:00 (CET/CEST)","29","","843"
"Italy (IT)","18.08.2020 13:00 - 18.08.2020 14:00 (CET/CEST)","28","","701"
"Italy (IT)","18.08.2020 14:00 - 18.08.2020 15:00 (CET/CEST)","49","","672"
"Italy (IT)","18.08.2020 15:00 - 18.08.2020 16:00 (CET/CEST)","29","87","755"
"Italy (IT)","18.08.2020 16:00 - 18.08.2020 17:00 (CET/CEST)","135","136","852"
"Italy (IT)","18.08.2020 17:00 - 18.08.2020 18:00 (CET/CEST)","411","","1201"
"Italy (IT)","18.08.2020 18:00 - 18.08.2020 19:00 (CET/CEST)","907","","1416"
"Italy (IT)","18.08.2020 19:00 - 18.08.2020 20:00 (CET/CEST)","1618","","1784"
"Italy (IT)","18.08.2020 20:00 - 18.08.2020 21:00 (CET/CEST)","2114","","1741"
"Italy (IT)","18.08.2020 21:00 - 18.08.2020 22:00 (CET/CEST)","1425","","1571"
"Italy (IT)","18.08.2020 22:00 - 18.08.2020 23:00 (CET/CEST)","545","","1346"
"Italy (IT)","18.08.2020 23:00 - 19.08.2020 00:00 (CET/CEST)","204","","1220"
"Italy (IT)","19.08.2020 00:00 - 19.08.2020 01:00 (CET/CEST)","59","","900"
"Italy (IT)","19.08.2020 01:00 - 19.08.2020 02:00 (CET/CEST)","43","5","593"
"Italy (IT)","19.08.2020 02:00 - 19.08.2020 03:00 (CET/CEST)","2","279","375"
"Italy (IT)","19.08.2020 03:00 - 19.08.2020 04:00 (CET/CEST)","0","333","326"
"Italy (IT)","19.08.2020 04:00 - 19.08.2020 05:00 (CET/CEST)","0","359","317"
"Italy (IT)","19.08.2020 05:00 - 19.08.2020 06:00 (CET/CEST)","99","324","454"
"Italy (IT)","19.08.2020 06:00 - 19.08.2020 07:00 (CET/CEST)","126","342","860"
"Italy (IT)","19.08.2020 07:00 - 19.08.2020 08:00 (CET/CEST)","129","","938"
"Italy (IT)","19.08.2020 08:00 - 19.08.2020 09:00 (CET/CEST)","504","","1139"
"Italy (IT)","19.08.2020 09:00 - 19.08.2020 10:00 (CET/CEST)","548","","1099"
"Italy (IT)","19.08.2020 10:00 - 19.08.2020 11:00 (CET/CEST)","516","","903"
"Italy (IT)","19.08.2020 11:00 - 19.08.2020 12:00 (CET/CEST)","501","","566"
"Italy (IT)","19.08.2020 12:00 - 19.08.2020 13:00 (CET/CEST)","8","","625"
"Italy (IT)","19.08.2020 13:00 - 19.08.2020 14:00 (CET/CEST)","2","1","547"
"Italy (IT)","19.08.2020 14:00 - 19.08.2020 15:00 (CET/CEST)","2","","577"
"Italy (IT)","19.08.2020 15:00 - 19.08.2020 16:00 (CET/CEST)","28","","651"
"Italy (IT)","19.08.2020 16:00 - 19.08.2020 17:00 (CET/CEST)","31","","764"
"Italy (IT)","19.08.2020 17:00 - 19.08.2020 18:00 (CET/CEST)","320","69","1166"
"Italy (IT)","19.08.2020 18:00 - 19.08.2020 19:00 (CET/CEST)","1088","58","1323"
"Italy (IT)","19.08.2020 19:00 - 19.08.2020 20:00 (CET/CEST)","1503","","1536"
"Italy (IT)","19.08.2020 20:00 - 19.08.2020 21:00 (CET/CEST)","1883","","1516"
"Italy (IT)","19.08.2020 21:00 - 19.08.2020 22:00 (CET/CEST)","1166","","1397"
"Italy (IT)","19.08.2020 22:00 - 19.08.2020 23:00 (CET/CEST)","712","","1317"
"Italy (IT)","19.08.2020 23:00 - 20.08.2020 00:00 (CET/CEST)","344","","804"
"Italy (IT)","20.08.2020 00:00 - 20.08.2020 01:00 (CET/CEST)","96","52","700"
"Italy (IT)","20.08.2020 01:00 - 20.08.2020 02:00 (CET/CEST)","1","1090","355"
"Italy (IT)","20.08.2020 02:00 - 20.08.2020 03:00 (CET/CEST)","0","1224","326"
"Italy (IT)","20.08.2020 03:00 - 20.08.2020 04:00 (CET/CEST)","","1221","327"
"Italy (IT)","20.08.2020 04:00 - 20.08.2020 05:00 (CET/CEST)","","1352","337"
"Italy (IT)","20.08.2020 05:00 - 20.08.2020 06:00 (CET/CEST)","","977","349"
"Italy (IT)","20.08.2020 06:00 - 20.08.2020 07:00 (CET/CEST)","117","489","699"
"Italy (IT)","20.08.2020 07:00 - 20.08.2020 08:00 (CET/CEST)","208","204","865"
"Italy (IT)","20.08.2020 08:00 - 20.08.2020 09:00 (CET/CEST)","498","33","844"
"Italy (IT)","20.08.2020 09:00 - 20.08.2020 10:00 (CET/CEST)","437","","979"
"Italy (IT)","20.08.2020 10:00 - 20.08.2020 11:00 (CET/CEST)","436","16","912"
"Italy (IT)","20.08.2020 11:00 - 20.08.2020 12:00 (CET/CEST)","406","151","764"
"Italy (IT)","20.08.2020 12:00 - 20.08.2020 13:00 (CET/CEST)","29","151","716"
"Italy (IT)","20.08.2020 13:00 - 20.08.2020 14:00 (CET/CEST)","2","151","451"
"Italy (IT)","20.08.2020 14:00 - 20.08.2020 15:00 (CET/CEST)","2","151","375"
"Italy (IT)","20.08.2020 15:00 - 20.08.2020 16:00 (CET/CEST)","2","150","483"
"Italy (IT)","20.08.2020 16:00 - 20.08.2020 17:00 (CET/CEST)","31","149","703"
"Italy (IT)","20.08.2020 17:00 - 20.08.2020 18:00 (CET/CEST)","390","3","1158"
"Italy (IT)","20.08.2020 18:00 - 20.08.2020 19:00 (CET/CEST)","1080","","1626"
"Italy (IT)","20.08.2020 19:00 - 20.08.2020 20:00 (CET/CEST)","1931","","1825"
"Italy (IT)","20.08.2020 20:00 - 20.08.2020 21:00 (CET/CEST)","1601","","1823"
"Italy (IT)","20.08.2020 21:00 - 20.08.2020 22:00 (CET/CEST)","940","","1725"
"Italy (IT)","20.08.2020 22:00 - 20.08.2020 23:00 (CET/CEST)","259","","1388"
"Italy (IT)","20.08.2020 23:00 - 21.08.2020 00:00 (CET/CEST)","149","","1130"
"Italy (IT)","21.08.2020 00:00 - 21.08.2020 01:00 (CET/CEST)","3","","417"
"Italy (IT)","21.08.2020 01:00 - 21.08.2020 02:00 (CET/CEST)","2","110","320"
"Italy (IT)","21.08.2020 02:00 - 21.08.2020 03:00 (CET/CEST)","0","187","294"
"Italy (IT)","21.08.2020 03:00 - 21.08.2020 04:00 (CET/CEST)","0","323","293"
"Italy (IT)","21.08.2020 04:00 - 21.08.2020 05:00 (CET/CEST)","0","547","303"
"Italy (IT)","21.08.2020 05:00 - 21.08.2020 06:00 (CET/CEST)","65","537","313"
"Italy (IT)","21.08.2020 06:00 - 21.08.2020 07:00 (CET/CEST)","103","367","338"
"Italy (IT)","21.08.2020 07:00 - 21.08.2020 08:00 (CET/CEST)","147","","631"
"Italy (IT)","21.08.2020 08:00 - 21.08.2020 09:00 (CET/CEST)","369","","906"
"Italy (IT)","21.08.2020 09:00 - 21.08.2020 10:00 (CET/CEST)","425","","826"
"Italy (IT)","21.08.2020 10:00 - 21.08.2020 11:00 (CET/CEST)","411","","572"
"Italy (IT)","21.08.2020 11:00 - 21.08.2020 12:00 (CET/CEST)","411","","457"
"Italy (IT)","21.08.2020 12:00 - 21.08.2020 13:00 (CET/CEST)","29","61","477"
"Italy (IT)","21.08.2020 13:00 - 21.08.2020 14:00 (CET/CEST)","2","428","445"
"Italy (IT)","21.08.2020 14:00 - 21.08.2020 15:00 (CET/CEST)","2","393","432"
"Italy (IT)","21.08.2020 15:00 - 21.08.2020 16:00 (CET/CEST)","3","1","585"
"Italy (IT)","21.08.2020 16:00 - 21.08.2020 17:00 (CET/CEST)","134","","870"
"Italy (IT)","21.08.2020 17:00 - 21.08.2020 18:00 (CET/CEST)","498","","1216"
"Italy (IT)","21.08.2020 18:00 - 21.08.2020 19:00 (CET/CEST)","856","","1321"
"Italy (IT)","21.08.2020 19:00 - 21.08.2020 20:00 (CET/CEST)","1540","","1687"
"Italy (IT)","21.08.2020 20:00 - 21.08.2020 21:00 (CET/CEST)","2011","","1899"
"Italy (IT)","21.08.2020 21:00 - 21.08.2020 22:00 (CET/CEST)","2287","3","1722"
"Italy (IT)","21.08.2020 22:00 - 21.08.2020 23:00 (CET/CEST)","1118","78","1300"
"Italy (IT)","21.08.2020 23:00 - 22.08.2020 00:00 (CET/CEST)","189","78","1137"
"Italy (IT)","22.08.2020 00:00 - 22.08.2020 01:00 (CET/CEST)","5","57","655"
"Italy (IT)","22.08.2020 01:00 - 22.08.2020 02:00 (CET/CEST)","4","","459"
"Italy (IT)","22.08.2020 02:00 - 22.08.2020 03:00 (CET/CEST)","4","","357"
"Italy (IT)","22.08.2020 03:00 - 22.08.2020 04:00 (CET/CEST)","2","1","353"
"Italy (IT)","22.08.2020 04:00 - 22.08.2020 05:00 (CET/CEST)","3","255","358"
"Italy (IT)","22.08.2020 05:00 - 22.08.2020 06:00 (CET/CEST)","99","255","419"
"Italy (IT)","22.08.2020 06:00 - 22.08.2020 07:00 (CET/CEST)","99","255","495"
"Italy (IT)","22.08.2020 07:00 - 22.08.2020 08:00 (CET/CEST)","61","231","353"
"Italy (IT)","22.08.2020 08:00 - 22.08.2020 09:00 (CET/CEST)","197","178","454"
"Italy (IT)","22.08.2020 09:00 - 22.08.2020 10:00 (CET/CEST)","272","151","575"
"Italy (IT)","22.08.2020 10:00 - 22.08.2020 11:00 (CET/CEST)","171","222","557"
"Italy (IT)","22.08.2020 11:00 - 22.08.2020 12:00 (CET/CEST)","98","78","495"
"Italy (IT)","22.08.2020 12:00 - 22.08.2020 13:00 (CET/CEST)","80","78","483"
"Italy (IT)","22.08.2020 13:00 - 22.08.2020 14:00 (CET/CEST)","0","159","460"
"Italy (IT)","22.08.2020 14:00 - 22.08.2020 15:00 (CET/CEST)","0","207","486"
"Italy (IT)","22.08.2020 15:00 - 22.08.2020 16:00 (CET/CEST)","0","51","700"
"Italy (IT)","22.08.2020 16:00 - 22.08.2020 17:00 (CET/CEST)","211","","872"
"Italy (IT)","22.08.2020 17:00 - 22.08.2020 18:00 (CET/CEST)","227","","887"
"Italy (IT)","22.08.2020 18:00 - 22.08.2020 19:00 (CET/CEST)","700","","1022"
"Italy (IT)","22.08.2020 19:00 - 22.08.2020 20:00 (CET/CEST)","1394","","1258"
"Italy (IT)","22.08.2020 20:00 - 22.08.2020 21:00 (CET/CEST)","1524","","1280"
"Italy (IT)","22.08.2020 21:00 - 22.08.2020 22:00 (CET/CEST)","1135","","1108"
"Italy (IT)","22.08.2020 22:00 - 22.08.2020 23:00 (CET/CEST)","415","","867"
"Italy (IT)","22.08.2020 23:00 - 23.08.2020 00:00 (CET/CEST)","280","","597"
"Italy (IT)","23.08.2020 00:00 - 23.08.2020 01:00 (CET/CEST)","87","","435"
"Italy (IT)","23.08.2020 01:00 - 23.08.2020 02:00 (CET/CEST)","50","1","326"
"Italy (IT)","23.08.2020 02:00 - 23.08.2020 03:00 (CET/CEST)","0","207","305"
"Italy (IT)","23.08.2020 03:00 - 23.08.2020 04:00 (CET/CEST)","0","215","305"
"Italy (IT)","23.08.2020 04:00 - 23.08.2020 05:00 (CET/CEST)","0","99","335"
"Italy (IT)","23.08.2020 05:00 - 23.08.2020 06:00 (CET/CEST)","152","","355"
"Italy (IT)","23.08.2020 06:00 - 23.08.2020 07:00 (CET/CEST)","381","2","367"
"Italy (IT)","23.08.2020 07:00 - 23.08.2020 08:00 (CET/CEST)","136","177","359"
"Italy (IT)","23.08.2020 08:00 - 23.08.2020 09:00 (CET/CEST)","99","276","402"
"Italy (IT)","23.08.2020 09:00 - 23.08.2020 10:00 (CET/CEST)","0","288","398"
"Italy (IT)","23.08.2020 10:00 - 23.08.2020 11:00 (CET/CEST)","0","295","389"
"Italy (IT)","23.08.2020 11:00 - 23.08.2020 12:00 (CET/CEST)","0","435","358"
"Italy (IT)","23.08.2020 12:00 - 23.08.2020 13:00 (CET/CEST)","0","554","309"
"Italy (IT)","23.08.2020 13:00 - 23.08.2020 14:00 (CET/CEST)","","1195","300"
"Italy (IT)","23.08.2020 14:00 - 23.08.2020 15:00 (CET/CEST)","","1455","300"
"Italy (IT)","23.08.2020 15:00 - 23.08.2020 16:00 (CET/CEST)","","1279","349"
"Italy (IT)","23.08.2020 16:00 - 23.08.2020 17:00 (CET/CEST)","0","637","397"
"Italy (IT)","23.08.2020 17:00 - 23.08.2020 18:00 (CET/CEST)","83","205","451"
"Italy (IT)","23.08.2020 18:00 - 23.08.2020 19:00 (CET/CEST)","234","","529"
"Italy (IT)","23.08.2020 19:00 - 23.08.2020 20:00 (CET/CEST)","477","","679"
"Italy (IT)","23.08.2020 20:00 - 23.08.2020 21:00 (CET/CEST)","1509","","1014"
"Italy (IT)","23.08.2020 21:00 - 23.08.2020 22:00 (CET/CEST)","1522","","1153"
"Italy (IT)","23.08.2020 22:00 - 23.08.2020 23:00 (CET/CEST)","1030","1","1059"
"Italy (IT)","23.08.2020 23:00 - 24.08.2020 00:00 (CET/CEST)","288","","489"
"Italy (IT)","24.08.2020 00:00 - 24.08.2020 01:00 (CET/CEST)","3","201","355"
"Italy (IT)","24.08.2020 01:00 - 24.08.2020 02:00 (CET/CEST)","0","206","333"
"Italy (IT)","24.08.2020 02:00 - 24.08.2020 03:00 (CET/CEST)","0","540","331"
"Italy (IT)","24.08.2020 03:00 - 24.08.2020 04:00 (CET/CEST)","0","750","316"
"Italy (IT)","24.08.2020 04:00 - 24.08.2020 05:00 (CET/CEST)","0","749","325"
"Italy (IT)","24.08.2020 05:00 - 24.08.2020 06:00 (CET/CEST)","0","639","370"
"Italy (IT)","24.08.2020 06:00 - 24.08.2020 07:00 (CET/CEST)","255","154","628"
"Italy (IT)","24.08.2020 07:00 - 24.08.2020 08:00 (CET/CEST)","504","","1340"
"Italy (IT)","24.08.2020 08:00 - 24.08.2020 09:00 (CET/CEST)","1829","","1713"
"Italy (IT)","24.08.2020 09:00 - 24.08.2020 10:00 (CET/CEST)","1781","","1712"
"Italy (IT)","24.08.2020 10:00 - 24.08.2020 11:00 (CET/CEST)","1086","","1638"
"Italy (IT)","24.08.2020 11:00 - 24.08.2020 12:00 (CET/CEST)","623","","1507"
"Italy (IT)","24.08.2020 12:00 - 24.08.2020 13:00 (CET/CEST)","267","1","1294"
"Italy (IT)","24.08.2020 13:00 - 24.08.2020 14:00 (CET/CEST)","208","151","904"
"Italy (IT)","24.08.2020 14:00 - 24.08.2020 15:00 (CET/CEST)","128","150","873"
"Italy (IT)","24.08.2020 15:00 - 24.08.2020 16:00 (CET/CEST)","130","205","1057"
"Italy (IT)","24.08.2020 16:00 - 24.08.2020 17:00 (CET/CEST)","237","201","1119"
"Italy (IT)","24.08.2020 17:00 - 24.08.2020 18:00 (CET/CEST)","815","","1631"
"Italy (IT)","24.08.2020 18:00 - 24.08.2020 19:00 (CET/CEST)","1699","","1831"
"Italy (IT)","24.08.2020 19:00 - 24.08.2020 20:00 (CET/CEST)","2335","","1904"
"Italy (IT)","24.08.2020 20:00 - 24.08.2020 21:00 (CET/CEST)","3366","","1978"
"Italy (IT)","24.08.2020 21:00 - 24.08.2020 22:00 (CET/CEST)","1860","","1843"
"Italy (IT)","24.08.2020 22:00 - 24.08.2020 23:00 (CET/CEST)","865","","1697"
"Italy (IT)","24.08.2020 23:00 - 25.08.2020 00:00 (CET/CEST)","534","","1066"
"Italy (IT)","25.08.2020 00:00 - 25.08.2020 01:00 (CET/CEST)","8","","714"
"Italy (IT)","25.08.2020 01:00 - 25.08.2020 02:00 (CET/CEST)","2","","627"
"Italy (IT)","25.08.2020 02:00 - 25.08.2020 03:00 (CET/CEST)","2","2","436"
"Italy (IT)","25.08.2020 03:00 - 25.08.2020 04:00 (CET/CEST)","2","151","352"
"Italy (IT)","25.08.2020 04:00 - 25.08.2020 05:00 (CET/CEST)","2","151","365"
"Italy (IT)","25.08.2020 05:00 - 25.08.2020 06:00 (CET/CEST)","4","149","532"
"Italy (IT)","25.08.2020 06:00 - 25.08.2020 07:00 (CET/CEST)","378","","947"
"Italy (IT)","25.08.2020 07:00 - 25.08.2020 08:00 (CET/CEST)","491","","1561"
"Italy (IT)","25.08.2020 08:00 - 25.08.2020 09:00 (CET/CEST)","990","","1753"
"Italy (IT)","25.08.2020 09:00 - 25.08.2020 10:00 (CET/CEST)","1033","","1773"
"Italy (IT)","25.08.2020 10:00 - 25.08.2020 11:00 (CET/CEST)","832","","1372"
"Italy (IT)","25.08.2020 11:00 - 25.08.2020 12:00 (CET/CEST)","462","","1112"
"Italy (IT)","25.08.2020 12:00 - 25.08.2020 13:00 (CET/CEST)","209","1","925"
"Italy (IT)","25.08.2020 13:00 - 25.08.2020 14:00 (CET/CEST)","34","173","624"
"Italy (IT)","25.08.2020 14:00 - 25.08.2020 15:00 (CET/CEST)","517","147","619"
"Italy (IT)","25.08.2020 15:00 - 25.08.2020 16:00 (CET/CEST)","516","145","670"
"Italy (IT)","25.08.2020 16:00 - 25.08.2020 17:00 (CET/CEST)","155","145","773"
"Italy (IT)","25.08.2020 17:00 - 25.08.2020 18:00 (CET/CEST)","412","54","1039"
"Italy (IT)","25.08.2020 18:00 - 25.08.2020 19:00 (CET/CEST)","590","","1148"
"Italy (IT)","25.08.2020 19:00 - 25.08.2020 20:00 (CET/CEST)","714","","1315"
"Italy (IT)","25.08.2020 20:00 - 25.08.2020 21:00 (CET/CEST)","1037","","1483"
"Italy (IT)","25.08.2020 21:00 - 25.08.2020 22:00 (CET/CEST)","944","","1251"
"Italy (IT)","25.08.2020 22:00 - 25.08.2020 23:00 (CET/CEST)","248","","1088"
"Italy (IT)","25.08.2020 23:00 - 26.08.2020 00:00 (CET/CEST)","139","","769"
"Italy (IT)","26.08.2020 00:00 - 26.08.2020 01:00 (CET/CEST)","5","","421"
"Italy (IT)","26.08.2020 01:00 - 26.08.2020 02:00 (CET/CEST)","2","","424"
"Italy (IT)","26.08.2020 02:00 - 26.08.2020 03:00 (CET/CEST)","0","1","334"
"Italy (IT)","26.08.2020 03:00 - 26.08.2020 04:00 (CET/CEST)","0","353","309"
"Italy (IT)","26.08.2020 04:00 - 26.08.2020 05:00 (CET/CEST)","0","510","310"
"Italy (IT)","26.08.2020 05:00 - 26.08.2020 06:00 (CET/CEST)","0","145","377"
"Italy (IT)","26.08.2020 06:00 - 26.08.2020 07:00 (CET/CEST)","293","143","713"
"Italy (IT)","26.08.2020 07:00 - 26.08.2020 08:00 (CET/CEST)","578","","1124"
"Italy (IT)","26.08.2020 08:00 - 26.08.2020 09:00 (CET/CEST)","1055","","1190"
"Italy (IT)","26.08.2020 09:00 - 26.08.2020 10:00 (CET/CEST)","630","","1156"
"Italy (IT)","26.08.2020 10:00 - 26.08.2020 11:00 (CET/CEST)","334","","968"
"Italy (IT)","26.08.2020 11:00 - 26.08.2020 12:00 (CET/CEST)","110","","858"
"Italy (IT)","26.08.2020 12:00 - 26.08.2020 13:00 (CET/CEST)","27","","601"
"Italy (IT)","26.08.2020 13:00 - 26.08.2020 14:00 (CET/CEST)","30","","558"
"Italy (IT)","26.08.2020 14:00 - 26.08.2020 15:00 (CET/CEST)","573","","805"
"Italy (IT)","26.08.2020 15:00 - 26.08.2020 16:00 (CET/CEST)","345","1","1027"
"Italy (IT)","26.08.2020 16:00 - 26.08.2020 17:00 (CET/CEST)","503","28","1551"
"Italy (IT)","26.08.2020 17:00 - 26.08.2020 18:00 (CET/CEST)","960","2","1736"
"Italy (IT)","26.08.2020 18:00 - 26.08.2020 19:00 (CET/CEST)","1498","","1805"
"Italy (IT)","26.08.2020 19:00 - 26.08.2020 20:00 (CET/CEST)","2266","","1869"
"Italy (IT)","26.08.2020 20:00 - 26.08.2020 21:00 (CET/CEST)","2327","","1839"
"Italy (IT)","26.08.2020 21:00 - 26.08.2020 22:00 (CET/CEST)","1719","","1648"
"Italy (IT)","26.08.2020 22:00 - 26.08.2020 23:00 (CET/CEST)","1039","","1375"
"Italy (IT)","26.08.2020 23:00 - 27.08.2020 00:00 (CET/CEST)","778","","1279"
"Italy (IT)","27.08.2020 00:00 - 27.08.2020 01:00 (CET/CEST)","23","326","814"
"Italy (IT)","27.08.2020 01:00 - 27.08.2020 02:00 (CET/CEST)","0","606","469"
"Italy (IT)","27.08.2020 02:00 - 27.08.2020 03:00 (CET/CEST)","0","644","443"
"Italy (IT)","27.08.2020 03:00 - 27.08.2020 04:00 (CET/CEST)","0","937","432"
"Italy (IT)","27.08.2020 04:00 - 27.08.2020 05:00 (CET/CEST)","0","1103","441"
"Italy (IT)","27.08.2020 05:00 - 27.08.2020 06:00 (CET/CEST)","0","1125","454"
"Italy (IT)","27.08.2020 06:00 - 27.08.2020 07:00 (CET/CEST)","0","411","583"
"Italy (IT)","27.08.2020 07:00 - 27.08.2020 08:00 (CET/CEST)","443","142","867"
"Italy (IT)","27.08.2020 08:00 - 27.08.2020 09:00 (CET/CEST)","617","","1545"
"Italy (IT)","27.08.2020 09:00 - 27.08.2020 10:00 (CET/CEST)","1024","","1558"
"Italy (IT)","27.08.2020 10:00 - 27.08.2020 11:00 (CET/CEST)","787","","1214"
"Italy (IT)","27.08.2020 11:00 - 27.08.2020 12:00 (CET/CEST)","826","","1110"
"Italy (IT)","27.08.2020 12:00 - 27.08.2020 13:00 (CET/CEST)","581","","1024"
"Italy (IT)","27.08.2020 13:00 - 27.08.2020 14:00 (CET/CEST)","596","","1207"
"Italy (IT)","27.08.2020 14:00 - 27.08.2020 15:00 (CET/CEST)","596","","1068"
"Italy (IT)","27.08.2020 15:00 - 27.08.2020 16:00 (CET/CEST)","523","1","1112"
"Italy (IT)","27.08.2020 16:00 - 27.08.2020 17:00 (CET/CEST)","607","44","1173"
"Italy (IT)","27.08.2020 17:00 - 27.08.2020 18:00 (CET/CEST)","1449","","1653"
"Italy (IT)","27.08.2020 18:00 - 27.08.2020 19:00 (CET/CEST)","3045","","1727"
"Italy (IT)","27.08.2020 19:00 - 27.08.2020 20:00 (CET/CEST)","3692","","1820"
"Italy (IT)","27.08.2020 20:00 - 27.08.2020 21:00 (CET/CEST)","4001","","1808"
"Italy (IT)","27.08.2020 21:00 - 27.08.2020 22:00 (CET/CEST)","2349","","1705"
"Italy (IT)","27.08.2020 22:00 - 27.08.2020 23:00 (CET/CEST)","1273","","1409"
"Italy (IT)","27.08.2020 23:00 - 28.08.2020 00:00 (CET/CEST)","396","","778"
"Italy (IT)","28.08.2020 00:00 - 28.08.2020 01:00 (CET/CEST)","2","873","432"
"Italy (IT)","28.08.2020 01:00 - 28.08.2020 02:00 (CET/CEST)","0","945","427"
"Italy (IT)","28.08.2020 02:00 - 28.08.2020 03:00 (CET/CEST)","0","1204","292"
"Italy (IT)","28.08.2020 03:00 - 28.08.2020 04:00 (CET/CEST)","0","1287","317"
"Italy (IT)","28.08.2020 04:00 - 28.08.2020 05:00 (CET/CEST)","0","1283","292"
"Italy (IT)","28.08.2020 05:00 - 28.08.2020 06:00 (CET/CEST)","0","885","310"
"Italy (IT)","28.08.2020 06:00 - 28.08.2020 07:00 (CET/CEST)","0","69","728"
"Italy (IT)","28.08.2020 07:00 - 28.08.2020 08:00 (CET/CEST)","531","","797"
"Italy (IT)","28.08.2020 08:00 - 28.08.2020 09:00 (CET/CEST)","656","","957"
"Italy (IT)","28.08.2020 09:00 - 28.08.2020 10:00 (CET/CEST)","788","","877"
"Italy (IT)","28.08.2020 10:00 - 28.08.2020 11:00 (CET/CEST)","732","3","849"
"Italy (IT)","28.08.2020 11:00 - 28.08.2020 12:00 (CET/CEST)","655","","854"
"Italy (IT)","28.08.2020 12:00 - 28.08.2020 13:00 (CET/CEST)","258","","1066"
"Italy (IT)","28.08.2020 13:00 - 28.08.2020 14:00 (CET/CEST)","23","","796"
"Italy (IT)","28.08.2020 14:00 - 28.08.2020 15:00 (CET/CEST)","27","","768"
"Italy (IT)","28.08.2020 15:00 - 28.08.2020 16:00 (CET/CEST)","133","","915"
"Italy (IT)","28.08.2020 16:00 - 28.08.2020 17:00 (CET/CEST)","168","","893"
"Italy (IT)","28.08.2020 17:00 - 28.08.2020 18:00 (CET/CEST)","217","","1067"
"Italy (IT)","28.08.2020 18:00 - 28.08.2020 19:00 (CET/CEST)","1008","","1447"
"Italy (IT)","28.08.2020 19:00 - 28.08.2020 20:00 (CET/CEST)","1933","","1756"
"Italy (IT)","28.08.2020 20:00 - 28.08.2020 21:00 (CET/CEST)","1948","","1676"
"Italy (IT)","28.08.2020 21:00 - 28.08.2020 22:00 (CET/CEST)","823","","1299"
"Italy (IT)","28.08.2020 22:00 - 28.08.2020 23:00 (CET/CEST)","183","","932"
"Italy (IT)","28.08.2020 23:00 - 29.08.2020 00:00 (CET/CEST)","149","","910"
"Italy (IT)","29.08.2020 00:00 - 29.08.2020 01:00 (CET/CEST)","209","","471"
"Italy (IT)","29.08.2020 01:00 - 29.08.2020 02:00 (CET/CEST)","115","","369"
"Italy (IT)","29.08.2020 02:00 - 29.08.2020 03:00 (CET/CEST)","32","1","369"
"Italy (IT)","29.08.2020 03:00 - 29.08.2020 04:00 (CET/CEST)","25","","369"
"Italy (IT)","29.08.2020 04:00 - 29.08.2020 05:00 (CET/CEST)","0","372","425"
"Italy (IT)","29.08.2020 05:00 - 29.08.2020 06:00 (CET/CEST)","0","414","424"
"Italy (IT)","29.08.2020 06:00 - 29.08.2020 07:00 (CET/CEST)","0","328","434"
"Italy (IT)","29.08.2020 07:00 - 29.08.2020 08:00 (CET/CEST)","153","254","440"
"Italy (IT)","29.08.2020 08:00 - 29.08.2020 09:00 (CET/CEST)","192","52","490"
"Italy (IT)","29.08.2020 09:00 - 29.08.2020 10:00 (CET/CEST)","373","","529"
"Italy (IT)","29.08.2020 10:00 - 29.08.2020 11:00 (CET/CEST)","281","146","520"
"Italy (IT)","29.08.2020 11:00 - 29.08.2020 12:00 (CET/CEST)","141","234","513"
"Italy (IT)","29.08.2020 12:00 - 29.08.2020 13:00 (CET/CEST)","67","147","824"
"Italy (IT)","29.08.2020 13:00 - 29.08.2020 14:00 (CET/CEST)","66","174","767"
"Italy (IT)","29.08.2020 14:00 - 29.08.2020 15:00 (CET/CEST)","25","268","475"
"Italy (IT)","29.08.2020 15:00 - 29.08.2020 16:00 (CET/CEST)","0","609","532"
"Italy (IT)","29.08.2020 16:00 - 29.08.2020 17:00 (CET/CEST)","118","171","529"
"Italy (IT)","29.08.2020 17:00 - 29.08.2020 18:00 (CET/CEST)","270","","869"
"Italy (IT)","29.08.2020 18:00 - 29.08.2020 19:00 (CET/CEST)","697","","990"
"Italy (IT)","29.08.2020 19:00 - 29.08.2020 20:00 (CET/CEST)","1113","","1080"
"Italy (IT)","29.08.2020 20:00 - 29.08.2020 21:00 (CET/CEST)","1217","","1230"
"Italy (IT)","29.08.2020 21:00 - 29.08.2020 22:00 (CET/CEST)","723","","1083"
"Italy (IT)","29.08.2020 22:00 - 29.08.2020 23:00 (CET/CEST)","397","","1031"
"Italy (IT)","29.08.2020 23:00 - 30.08.2020 00:00 (CET/CEST)","194","","915"
"Italy (IT)","30.08.2020 00:00 - 30.08.2020 01:00 (CET/CEST)","62","","644"
"Italy (IT)","30.08.2020 01:00 - 30.08.2020 02:00 (CET/CEST)","57","","654"
"Italy (IT)","30.08.2020 02:00 - 30.08.2020 03:00 (CET/CEST)","0","156","655"
"Italy (IT)","30.08.2020 03:00 - 30.08.2020 04:00 (CET/CEST)","0","555","659"
"Italy (IT)","30.08.2020 04:00 - 30.08.2020 05:00 (CET/CEST)","0","278","708"
"Italy (IT)","30.08.2020 05:00 - 30.08.2020 06:00 (CET/CEST)","0","267","723"
"Italy (IT)","30.08.2020 06:00 - 30.08.2020 07:00 (CET/CEST)","296","","724"
"Italy (IT)","30.08.2020 07:00 - 30.08.2020 08:00 (CET/CEST)","235","","729"
"Italy (IT)","30.08.2020 08:00 - 30.08.2020 09:00 (CET/CEST)","161","28","752"
"Italy (IT)","30.08.2020 09:00 - 30.08.2020 10:00 (CET/CEST)","139","36","765"
"Italy (IT)","30.08.2020 10:00 - 30.08.2020 11:00 (CET/CEST)","77","246","755"
"Italy (IT)","30.08.2020 11:00 - 30.08.2020 12:00 (CET/CEST)","78","446","744"
"Italy (IT)","30.08.2020 12:00 - 30.08.2020 13:00 (CET/CEST)","0","419","654"
"Italy (IT)","30.08.2020 13:00 - 30.08.2020 14:00 (CET/CEST)","0","1075","657"
"Italy (IT)","30.08.2020 14:00 - 30.08.2020 15:00 (CET/CEST)","0","1329","643"
"Italy (IT)","30.08.2020 15:00 - 30.08.2020 16:00 (CET/CEST)","0","1069","700"
"Italy (IT)","30.08.2020 16:00 - 30.08.2020 17:00 (CET/CEST)","0","580","742"
"Italy (IT)","30.08.2020 17:00 - 30.08.2020 18:00 (CET/CEST)","0","77","765"
"Italy (IT)","30.08.2020 18:00 - 30.08.2020 19:00 (CET/CEST)","32","","1038"
"Italy (IT)","30.08.2020 19:00 - 30.08.2020 20:00 (CET/CEST)","392","","1110"
"Italy (IT)","30.08.2020 20:00 - 30.08.2020 21:00 (CET/CEST)","1153","","1194"
"Italy (IT)","30.08.2020 21:00 - 30.08.2020 22:00 (CET/CEST)","1201","","1207"
"Italy (IT)","30.08.2020 22:00 - 30.08.2020 23:00 (CET/CEST)","1007","","1156"
"Italy (IT)","30.08.2020 23:00 - 31.08.2020 00:00 (CET/CEST)","291","","996"
"Italy (IT)","31.08.2020 00:00 - 31.08.2020 01:00 (CET/CEST)","161","259","653"
"Italy (IT)","31.08.2020 01:00 - 31.08.2020 02:00 (CET/CEST)","0","782","642"
"Italy (IT)","31.08.2020 02:00 - 31.08.2020 03:00 (CET/CEST)","0","1173","641"
"Italy (IT)","31.08.2020 03:00 - 31.08.2020 04:00 (CET/CEST)","0","1295","642"
"Italy (IT)","31.08.2020 04:00 - 31.08.2020 05:00 (CET/CEST)","0","1379","650"
"Italy (IT)","31.08.2020 05:00 - 31.08.2020 06:00 (CET/CEST)","0","955","657"
"Italy (IT)","31.08.2020 06:00 - 31.08.2020 07:00 (CET/CEST)","279","59","776"
"Italy (IT)","31.08.2020 07:00 - 31.08.2020 08:00 (CET/CEST)","430","","1218"
"Italy (IT)","31.08.2020 08:00 - 31.08.2020 09:00 (CET/CEST)","1948","","1389"
"Italy (IT)","31.08.2020 09:00 - 31.08.2020 10:00 (CET/CEST)","1957","","1419"
"Italy (IT)","31.08.2020 10:00 - 31.08.2020 11:00 (CET/CEST)","1626","","1366"
"Italy (IT)","31.08.2020 11:00 - 31.08.2020 12:00 (CET/CEST)","1319","","1349"
"Italy (IT)","31.08.2020 12:00 - 31.08.2020 13:00 (CET/CEST)","860","1","1303"
"Italy (IT)","31.08.2020 13:00 - 31.08.2020 14:00 (CET/CEST)","634","","1189"
"Italy (IT)","31.08.2020 14:00 - 31.08.2020 15:00 (CET/CEST)","382","73","1168"
"Italy (IT)","31.08.2020 15:00 - 31.08.2020 16:00 (CET/CEST)","379","96","1251"
"Italy (IT)","31.08.2020 16:00 - 31.08.2020 17:00 (CET/CEST)","606","153","1294"
"Italy (IT)","31.08.2020 17:00 - 31.08.2020 18:00 (CET/CEST)","1392","75","1347"
"Italy (IT)","31.08.2020 18:00 - 31.08.2020 19:00 (CET/CEST)","2323","","1338"
"Italy (IT)","31.08.2020 19:00 - 31.08.2020 20:00 (CET/CEST)","3136","","1376"
"Italy (IT)","31.08.2020 20:00 - 31.08.2020 21:00 (CET/CEST)","3082","","1400"
"Italy (IT)","31.08.2020 21:00 - 31.08.2020 22:00 (CET/CEST)","1380","","1322"
"Italy (IT)","31.08.2020 22:00 - 31.08.2020 23:00 (CET/CEST)","653","","870"
"Italy (IT)","31.08.2020 23:00 - 01.09.2020 00:00 (CET/CEST)","318","46","771"
"Italy (IT)","01.09.2020 00:00 - 01.09.2020 01:00 (CET/CEST)","0","341","602"
"Italy (IT)","01.09.2020 01:00 - 01.09.2020 02:00 (CET/CEST)","0","556","604"
"Italy (IT)","01.09.2020 02:00 - 01.09.2020 03:00 (CET/CEST)","0","695","608"
"Italy (IT)","01.09.2020 03:00 - 01.09.2020 04:00 (CET/CEST)","0","695","611"
"Italy (IT)","01.09.2020 04:00 - 01.09.2020 05:00 (CET/CEST)","0","678","609"
"Italy (IT)","01.09.2020 05:00 - 01.09.2020 06:00 (CET/CEST)","0","346","643"
"Italy (IT)","01.09.2020 06:00 - 01.09.2020 07:00 (CET/CEST)","220","244","763"
"Italy (IT)","01.09.2020 07:00 - 01.09.2020 08:00 (CET/CEST)","640","19","1275"
"Italy (IT)","01.09.2020 08:00 - 01.09.2020 09:00 (CET/CEST)","1688","","1321"
"Italy (IT)","01.09.2020 09:00 - 01.09.2020 10:00 (CET/CEST)","911","","1214"
"Italy (IT)","01.09.2020 10:00 - 01.09.2020 11:00 (CET/CEST)","622","","1166"
"Italy (IT)","01.09.2020 11:00 - 01.09.2020 12:00 (CET/CEST)","421","","1128"
"Italy (IT)","01.09.2020 12:00 - 01.09.2020 13:00 (CET/CEST)","104","","945"
"Italy (IT)","01.09.2020 13:00 - 01.09.2020 14:00 (CET/CEST)","0","37","833"
"Italy (IT)","01.09.2020 14:00 - 01.09.2020 15:00 (CET/CEST)","71","79","817"
"Italy (IT)","01.09.2020 15:00 - 01.09.2020 16:00 (CET/CEST)","369","17","836"
"Italy (IT)","01.09.2020 16:00 - 01.09.2020 17:00 (CET/CEST)","461","","891"
"Italy (IT)","01.09.2020 17:00 - 01.09.2020 18:00 (CET/CEST)","464","","1045"
"Italy (IT)","01.09.2020 18:00 - 01.09.2020 19:00 (CET/CEST)","882","","1290"
"Italy (IT)","01.09.2020 19:00 - 01.09.2020 20:00 (CET/CEST)","2096","73","1439"
"Italy (IT)","01.09.2020 20:00 - 01.09.2020 21:00 (CET/CEST)","1433","155","1473"
"Italy (IT)","01.09.2020 21:00 - 01.09.2020 22:00 (CET/CEST)","999","155","954"
"Italy (IT)","01.09.2020 22:00 - 01.09.2020 23:00 (CET/CEST)","655","74","856"
"Italy (IT)","01.09.2020 23:00 - 02.09.2020 00:00 (CET/CEST)","410","","814"
"Italy (IT)","02.09.2020 00:00 - 02.09.2020 01:00 (CET/CEST)","269","","705"
"Italy (IT)","02.09.2020 01:00 - 02.09.2020 02:00 (CET/CEST)","92","3","653"
"Italy (IT)","02.09.2020 02:00 - 02.09.2020 03:00 (CET/CEST)","0","897","651"
"Italy (IT)","02.09.2020 03:00 - 02.09.2020 04:00 (CET/CEST)","0","927","652"
"Italy (IT)","02.09.2020 04:00 - 02.09.2020 05:00 (CET/CEST)","0","366","662"
"Italy (IT)","02.09.2020 05:00 - 02.09.2020 06:00 (CET/CEST)","0","337","674"
"Italy (IT)","02.09.2020 06:00 - 02.09.2020 07:00 (CET/CEST)","441","","1093"
"Italy (IT)","02.09.2020 07:00 - 02.09.2020 08:00 (CET/CEST)","1335","","1197"
"Italy (IT)","02.09.2020 08:00 - 02.09.2020 09:00 (CET/CEST)","2534","","1468"
"Italy (IT)","02.09.2020 09:00 - 02.09.2020 10:00 (CET/CEST)","1609","","1490"
"Italy (IT)","02.09.2020 10:00 - 02.09.2020 11:00 (CET/CEST)","966","","1277"
"Italy (IT)","02.09.2020 11:00 - 02.09.2020 12:00 (CET/CEST)","674","","1078"
"Italy (IT)","02.09.2020 12:00 - 02.09.2020 13:00 (CET/CEST)","481","","637"
"Italy (IT)","02.09.2020 13:00 - 02.09.2020 14:00 (CET/CEST)","410","","633"
"Italy (IT)","02.09.2020 14:00 - 02.09.2020 15:00 (CET/CEST)","405","","683"
"Italy (IT)","02.09.2020 15:00 - 02.09.2020 16:00 (CET/CEST)","468","","674"
"Italy (IT)","02.09.2020 16:00 - 02.09.2020 17:00 (CET/CEST)","514","","859"
"Italy (IT)","02.09.2020 17:00 - 02.09.2020 18:00 (CET/CEST)","598","","949"
"Italy (IT)","02.09.2020 18:00 - 02.09.2020 19:00 (CET/CEST)","1693","","1252"
"Italy (IT)","02.09.2020 19:00 - 02.09.2020 20:00 (CET/CEST)","2486","","1679"
"Italy (IT)","02.09.2020 20:00 - 02.09.2020 21:00 (CET/CEST)","2336","","1640"
"Italy (IT)","02.09.2020 21:00 - 02.09.2020 22:00 (CET/CEST)","1001","","1312"
"Italy (IT)","02.09.2020 22:00 - 02.09.2020 23:00 (CET/CEST)","599","","905"
"Italy (IT)","02.09.2020 23:00 - 03.09.2020 00:00 (CET/CEST)","585","","971"
"Italy (IT)","03.09.2020 00:00 - 03.09.2020 01:00 (CET/CEST)","42","457","866"
"Italy (IT)","03.09.2020 01:00 - 03.09.2020 02:00 (CET/CEST)","0","388","654"
"Italy (IT)","03.09.2020 02:00 - 03.09.2020 03:00 (CET/CEST)","0","281","646"
"Italy (IT)","03.09.2020 03:00 - 03.09.2020 04:00 (CET/CEST)","66","146","646"
"Italy (IT)","03.09.2020 04:00 - 03.09.2020 05:00 (CET/CEST)","66","146","652"
"Italy (IT)","03.09.2020 05:00 - 03.09.2020 06:00 (CET/CEST)","67","145","686"
"Italy (IT)","03.09.2020 06:00 - 03.09.2020 07:00 (CET/CEST)","372","145","1305"
"Italy (IT)","03.09.2020 07:00 - 03.09.2020 08:00 (CET/CEST)","1010","142","1441"
"Italy (IT)","03.09.2020 08:00 - 03.09.2020 09:00 (CET/CEST)","943","","1519"
"Italy (IT)","03.09.2020 09:00 - 03.09.2020 10:00 (CET/CEST)","959","1","1520"
"Italy (IT)","03.09.2020 10:00 - 03.09.2020 11:00 (CET/CEST)","749","143","1284"
"Italy (IT)","03.09.2020 11:00 - 03.09.2020 12:00 (CET/CEST)","574","144","1298"
"Italy (IT)","03.09.2020 12:00 - 03.09.2020 13:00 (CET/CEST)","428","189","1085"
"Italy (IT)","03.09.2020 13:00 - 03.09.2020 14:00 (CET/CEST)","385","144","954"
"Italy (IT)","03.09.2020 14:00 - 03.09.2020 15:00 (CET/CEST)","430","211","961"
"Italy (IT)","03.09.2020 15:00 - 03.09.2020 16:00 (CET/CEST)","62","221","793"
"Italy (IT)","03.09.2020 16:00 - 03.09.2020 17:00 (CET/CEST)","115","180","851"
"Italy (IT)","03.09.2020 17:00 - 03.09.2020 18:00 (CET/CEST)","297","","1092"
"Italy (IT)","03.09.2020 18:00 - 03.09.2020 19:00 (CET/CEST)","639","","1232"
"Italy (IT)","03.09.2020 19:00 - 03.09.2020 20:00 (CET/CEST)","1424","","1488"
"Italy (IT)","03.09.2020 20:00 - 03.09.2020 21:00 (CET/CEST)","1662","","1508"
"Italy (IT)","03.09.2020 21:00 - 03.09.2020 22:00 (CET/CEST)","897","","1467"
"Italy (IT)","03.09.2020 22:00 - 03.09.2020 23:00 (CET/CEST)","581","","948"
"Italy (IT)","03.09.2020 23:00 - 04.09.2020 00:00 (CET/CEST)","449","","843"
"Italy (IT)","04.09.2020 00:00 - 04.09.2020 01:00 (CET/CEST)","264","","745"
"Italy (IT)","04.09.2020 01:00 - 04.09.2020 02:00 (CET/CEST)","30","","598"
"Italy (IT)","04.09.2020 02:00 - 04.09.2020 03:00 (CET/CEST)","0","95","592"
"Italy (IT)","04.09.2020 03:00 - 04.09.2020 04:00 (CET/CEST)","27","144","592"
"Italy (IT)","04.09.2020 04:00 - 04.09.2020 05:00 (CET/CEST)","27","141","592"
"Italy (IT)","04.09.2020 05:00 - 04.09.2020 06:00 (CET/CEST)","30","","601"
"Italy (IT)","04.09.2020 06:00 - 04.09.2020 07:00 (CET/CEST)","400","","812"
"Italy (IT)","04.09.2020 07:00 - 04.09.2020 08:00 (CET/CEST)","579","","968"
"Italy (IT)","04.09.2020 08:00 - 04.09.2020 09:00 (CET/CEST)","1112","","1318"
"Italy (IT)","04.09.2020 09:00 - 04.09.2020 10:00 (CET/CEST)","924","","1089"
"Italy (IT)","04.09.2020 10:00 - 04.09.2020 11:00 (CET/CEST)","990","","1103"
"Italy (IT)","04.09.2020 11:00 - 04.09.2020 12:00 (CET/CEST)","611","","1240"
"Italy (IT)","04.09.2020 12:00 - 04.09.2020 13:00 (CET/CEST)","346","","820"
"Italy (IT)","04.09.2020 13:00 - 04.09.2020 14:00 (CET/CEST)","215","","731"
"Italy (IT)","04.09.2020 14:00 - 04.09.2020 15:00 (CET/CEST)","195","","798"
"Italy (IT)","04.09.2020 15:00 - 04.09.2020 16:00 (CET/CEST)","196","","755"
"Italy (IT)","04.09.2020 16:00 - 04.09.2020 17:00 (CET/CEST)","337","","749"
"Italy (IT)","04.09.2020 17:00 - 04.09.2020 18:00 (CET/CEST)","472","","923"
"Italy (IT)","04.09.2020 18:00 - 04.09.2020 19:00 (CET/CEST)","578","","1110"
"Italy (IT)","04.09.2020 19:00 - 04.09.2020 20:00 (CET/CEST)","1548","","1412"
"Italy (IT)","04.09.2020 20:00 - 04.09.2020 21:00 (CET/CEST)","2170","","1659"
"Italy (IT)","04.09.2020 21:00 - 04.09.2020 22:00 (CET/CEST)","1279","","1058"
"Italy (IT)","04.09.2020 22:00 - 04.09.2020 23:00 (CET/CEST)","581","","820"
"Italy (IT)","04.09.2020 23:00 - 05.09.2020 00:00 (CET/CEST)","298","","732"
"Italy (IT)","05.09.2020 00:00 - 05.09.2020 01:00 (CET/CEST)","26","","728"
"Italy (IT)","05.09.2020 01:00 - 05.09.2020 02:00 (CET/CEST)","0","139","670"
"Italy (IT)","05.09.2020 02:00 - 05.09.2020 03:00 (CET/CEST)","22","","623"
"Italy (IT)","05.09.2020 03:00 - 05.09.2020 04:00 (CET/CEST)","22","","550"
"Italy (IT)","05.09.2020 04:00 - 05.09.2020 05:00 (CET/CEST)","22","","555"
"Italy (IT)","05.09.2020 05:00 - 05.09.2020 06:00 (CET/CEST)","23","","674"
"Italy (IT)","05.09.2020 06:00 - 05.09.2020 07:00 (CET/CEST)","142","","805"
"Italy (IT)","05.09.2020 07:00 - 05.09.2020 08:00 (CET/CEST)","273","","915"
"Italy (IT)","05.09.2020 08:00 - 05.09.2020 09:00 (CET/CEST)","533","","1078"
"Italy (IT)","05.09.2020 09:00 - 05.09.2020 10:00 (CET/CEST)","538","","856"
"Italy (IT)","05.09.2020 10:00 - 05.09.2020 11:00 (CET/CEST)","341","","692"
"Italy (IT)","05.09.2020 11:00 - 05.09.2020 12:00 (CET/CEST)","299","","580"
"Italy (IT)","05.09.2020 12:00 - 05.09.2020 13:00 (CET/CEST)","0","21","552"
"Italy (IT)","05.09.2020 13:00 - 05.09.2020 14:00 (CET/CEST)","0","22","543"
"Italy (IT)","05.09.2020 14:00 - 05.09.2020 15:00 (CET/CEST)","0","25","510"
"Italy (IT)","05.09.2020 15:00 - 05.09.2020 16:00 (CET/CEST)","0","373","489"
"Italy (IT)","05.09.2020 16:00 - 05.09.2020 17:00 (CET/CEST)","0","288","572"
"Italy (IT)","05.09.2020 17:00 - 05.09.2020 18:00 (CET/CEST)","445","","682"
"Italy (IT)","05.09.2020 18:00 - 05.09.2020 19:00 (CET/CEST)","893","","1092"
"Italy (IT)","05.09.2020 19:00 - 05.09.2020 20:00 (CET/CEST)","1277","","1556"
"Italy (IT)","05.09.2020 20:00 - 05.09.2020 21:00 (CET/CEST)","1506","","1569"
"Italy (IT)","05.09.2020 21:00 - 05.09.2020 22:00 (CET/CEST)","1012","","1112"
"Italy (IT)","05.09.2020 22:00 - 05.09.2020 23:00 (CET/CEST)","498","1","894"
"Italy (IT)","05.09.2020 23:00 - 06.09.2020 00:00 (CET/CEST)","284","","771"
"Italy (IT)","06.09.2020 00:00 - 06.09.2020 01:00 (CET/CEST)","0","153","504"
"Italy (IT)","06.09.2020 01:00 - 06.09.2020 02:00 (CET/CEST)","0","310","444"
"Italy (IT)","06.09.2020 02:00 - 06.09.2020 03:00 (CET/CEST)","145","509","443"
"Italy (IT)","06.09.2020 03:00 - 06.09.2020 04:00 (CET/CEST)","126","356","424"
"Italy (IT)","06.09.2020 04:00 - 06.09.2020 05:00 (CET/CEST)","0","820","424"
"Italy (IT)","06.09.2020 05:00 - 06.09.2020 06:00 (CET/CEST)","0","579","425"
"Italy (IT)","06.09.2020 06:00 - 06.09.2020 07:00 (CET/CEST)","0","355","425"
"Italy (IT)","06.09.2020 07:00 - 06.09.2020 08:00 (CET/CEST)","31","275","449"
"Italy (IT)","06.09.2020 08:00 - 06.09.2020 09:00 (CET/CEST)","51","3","455"
"Italy (IT)","06.09.2020 09:00 - 06.09.2020 10:00 (CET/CEST)","268","","450"
"Italy (IT)","06.09.2020 10:00 - 06.09.2020 11:00 (CET/CEST)","304","","447"
"Italy (IT)","06.09.2020 11:00 - 06.09.2020 12:00 (CET/CEST)","298","36","493"
"Italy (IT)","06.09.2020 12:00 - 06.09.2020 13:00 (CET/CEST)","161","90","491"
"Italy (IT)","06.09.2020 13:00 - 06.09.2020 14:00 (CET/CEST)","160","187","420"
"Italy (IT)","06.09.2020 14:00 - 06.09.2020 15:00 (CET/CEST)","160","441","435"
"Italy (IT)","06.09.2020 15:00 - 06.09.2020 16:00 (CET/CEST)","16","563","471"
"Italy (IT)","06.09.2020 16:00 - 06.09.2020 17:00 (CET/CEST)","114","186","486"
"Italy (IT)","06.09.2020 17:00 - 06.09.2020 18:00 (CET/CEST)","226","7","694"
"Italy (IT)","06.09.2020 18:00 - 06.09.2020 19:00 (CET/CEST)","470","","1004"
"Italy (IT)","06.09.2020 19:00 - 06.09.2020 20:00 (CET/CEST)","1835","","1213"
"Italy (IT)","06.09.2020 20:00 - 06.09.2020 21:00 (CET/CEST)","2069","","1427"
"Italy (IT)","06.09.2020 21:00 - 06.09.2020 22:00 (CET/CEST)","1366","","1037"
"Italy (IT)","06.09.2020 22:00 - 06.09.2020 23:00 (CET/CEST)","970","1","910"
"Italy (IT)","06.09.2020 23:00 - 07.09.2020 00:00 (CET/CEST)","359","","738"
"Italy (IT)","07.09.2020 00:00 - 07.09.2020 01:00 (CET/CEST)","0","439","507"
"Italy (IT)","07.09.2020 01:00 - 07.09.2020 02:00 (CET/CEST)","0","468","442"
"Italy (IT)","07.09.2020 02:00 - 07.09.2020 03:00 (CET/CEST)","31","541","449"
"Italy (IT)","07.09.2020 03:00 - 07.09.2020 04:00 (CET/CEST)","30","536","405"
"Italy (IT)","07.09.2020 04:00 - 07.09.2020 05:00 (CET/CEST)","0","600","412"
"Italy (IT)","07.09.2020 05:00 - 07.09.2020 06:00 (CET/CEST)","0","743","557"
"Italy (IT)","07.09.2020 06:00 - 07.09.2020 07:00 (CET/CEST)","45","204","942"
"Italy (IT)","07.09.2020 07:00 - 07.09.2020 08:00 (CET/CEST)","1027","","1671"
"Italy (IT)","07.09.2020 08:00 - 07.09.2020 09:00 (CET/CEST)","918","","1667"
"Italy (IT)","07.09.2020 09:00 - 07.09.2020 10:00 (CET/CEST)","694","","1473"
"Italy (IT)","07.09.2020 10:00 - 07.09.2020 11:00 (CET/CEST)","490","","1103"
"Italy (IT)","07.09.2020 11:00 - 07.09.2020 12:00 (CET/CEST)","502","","856"
"Italy (IT)","07.09.2020 12:00 - 07.09.2020 13:00 (CET/CEST)","87","","686"
"Italy (IT)","07.09.2020 13:00 - 07.09.2020 14:00 (CET/CEST)","33","","532"
"Italy (IT)","07.09.2020 14:00 - 07.09.2020 15:00 (CET/CEST)","100","","625"
"Italy (IT)","07.09.2020 15:00 - 07.09.2020 16:00 (CET/CEST)","0","81","864"
"Italy (IT)","07.09.2020 16:00 - 07.09.2020 17:00 (CET/CEST)","0","70","1093"
"Italy (IT)","07.09.2020 17:00 - 07.09.2020 18:00 (CET/CEST)","202","","1133"
"Italy (IT)","07.09.2020 18:00 - 07.09.2020 19:00 (CET/CEST)","531","","1338"
"Italy (IT)","07.09.2020 19:00 - 07.09.2020 20:00 (CET/CEST)","1548","","1729"
"Italy (IT)","07.09.2020 20:00 - 07.09.2020 21:00 (CET/CEST)","1790","","1607"
"Italy (IT)","07.09.2020 21:00 - 07.09.2020 22:00 (CET/CEST)","1085","","991"
"Italy (IT)","07.09.2020 22:00 - 07.09.2020 23:00 (CET/CEST)","460","","784"
"Italy (IT)","07.09.2020 23:00 - 08.09.2020 00:00 (CET/CEST)","261","","539"
"Italy (IT)","08.09.2020 00:00 - 08.09.2020 01:00 (CET/CEST)","1","51","485"
"Italy (IT)","08.09.2020 01:00 - 08.09.2020 02:00 (CET/CEST)","0","16","484"
"Italy (IT)","08.09.2020 02:00 - 08.09.2020 03:00 (CET/CEST)","0","160","422"
"Italy (IT)","08.09.2020 03:00 - 08.09.2020 04:00 (CET/CEST)","0","179","422"
"Italy (IT)","08.09.2020 04:00 - 08.09.2020 05:00 (CET/CEST)","0","413","428"
"Italy (IT)","08.09.2020 05:00 - 08.09.2020 06:00 (CET/CEST)","47","398","472"
"Italy (IT)","08.09.2020 06:00 - 08.09.2020 07:00 (CET/CEST)","147","286","657"
"Italy (IT)","08.09.2020 07:00 - 08.09.2020 08:00 (CET/CEST)","804","","749"
"Italy (IT)","08.09.2020 08:00 - 08.09.2020 09:00 (CET/CEST)","1046","","836"
"Italy (IT)","08.09.2020 09:00 - 08.09.2020 10:00 (CET/CEST)","1020","","1006"
"Italy (IT)","08.09.2020 10:00 - 08.09.2020 11:00 (CET/CEST)","768","","934"
"Italy (IT)","08.09.2020 11:00 - 08.09.2020 12:00 (CET/CEST)","581","","1064"
"Italy (IT)","08.09.2020 12:00 - 08.09.2020 13:00 (CET/CEST)","264","","613"
"Italy (IT)","08.09.2020 13:00 - 08.09.2020 14:00 (CET/CEST)","268","","629"
"Italy (IT)","08.09.2020 14:00 - 08.09.2020 15:00 (CET/CEST)","264","10","795"
"Italy (IT)","08.09.2020 15:00 - 08.09.2020 16:00 (CET/CEST)","264","144","805"
"Italy (IT)","08.09.2020 16:00 - 08.09.2020 17:00 (CET/CEST)","372","143","760"
"Italy (IT)","08.09.2020 17:00 - 08.09.2020 18:00 (CET/CEST)","525","45","955"
"Italy (IT)","08.09.2020 18:00 - 08.09.2020 19:00 (CET/CEST)","1486","101","1104"
"Italy (IT)","08.09.2020 19:00 - 08.09.2020 20:00 (CET/CEST)","2470","156","1363"
"Italy (IT)","08.09.2020 20:00 - 08.09.2020 21:00 (CET/CEST)","1918","156","1360"
"Italy (IT)","08.09.2020 21:00 - 08.09.2020 22:00 (CET/CEST)","1006","156","1085"
"Italy (IT)","08.09.2020 22:00 - 08.09.2020 23:00 (CET/CEST)","444","156","661"
"Italy (IT)","08.09.2020 23:00 - 09.09.2020 00:00 (CET/CEST)","437","52","563"
"Italy (IT)","09.09.2020 00:00 - 09.09.2020 01:00 (CET/CEST)","21","1","509"
"Italy (IT)","09.09.2020 01:00 - 09.09.2020 02:00 (CET/CEST)","18","145","475"
"Italy (IT)","09.09.2020 02:00 - 09.09.2020 03:00 (CET/CEST)","18","291","473"
"Italy (IT)","09.09.2020 03:00 - 09.09.2020 04:00 (CET/CEST)","18","294","469"
"Italy (IT)","09.09.2020 04:00 - 09.09.2020 05:00 (CET/CEST)","19","289","444"
"Italy (IT)","09.09.2020 05:00 - 09.09.2020 06:00 (CET/CEST)","116","1","476"
"Italy (IT)","09.09.2020 06:00 - 09.09.2020 07:00 (CET/CEST)","147","","785"
"Italy (IT)","09.09.2020 07:00 - 09.09.2020 08:00 (CET/CEST)","867","","1017"
"Italy (IT)","09.09.2020 08:00 - 09.09.2020 09:00 (CET/CEST)","1262","","1443"
"Italy (IT)","09.09.2020 09:00 - 09.09.2020 10:00 (CET/CEST)","1271","","1385"
"Italy (IT)","09.09.2020 10:00 - 09.09.2020 11:00 (CET/CEST)","646","","1227"
"Italy (IT)","09.09.2020 11:00 - 09.09.2020 12:00 (CET/CEST)","557","","1232"
"Italy (IT)","09.09.2020 12:00 - 09.09.2020 13:00 (CET/CEST)","196","","1093"
"Italy (IT)","09.09.2020 13:00 - 09.09.2020 14:00 (CET/CEST)","226","","945"
"Italy (IT)","09.09.2020 14:00 - 09.09.2020 15:00 (CET/CEST)","225","","975"
"Italy (IT)","09.09.2020 15:00 - 09.09.2020 16:00 (CET/CEST)","274","","1044"
"Italy (IT)","09.09.2020 16:00 - 09.09.2020 17:00 (CET/CEST)","489","","1251"
"Italy (IT)","09.09.2020 17:00 - 09.09.2020 18:00 (CET/CEST)","1403","94","1226"
"Italy (IT)","09.09.2020 18:00 - 09.09.2020 19:00 (CET/CEST)","1342","155","1434"
"Italy (IT)","09.09.2020 19:00 - 09.09.2020 20:00 (CET/CEST)","2913","155","1537"
"Italy (IT)","09.09.2020 20:00 - 09.09.2020 21:00 (CET/CEST)","3003","117","1485"
"Italy (IT)","09.09.2020 21:00 - 09.09.2020 22:00 (CET/CEST)","1537","131","1296"
"Italy (IT)","09.09.2020 22:00 - 09.09.2020 23:00 (CET/CEST)","660","115","1049"
"Italy (IT)","09.09.2020 23:00 - 10.09.2020 00:00 (CET/CEST)","184","20","670"
"Italy (IT)","10.09.2020 00:00 - 10.09.2020 01:00 (CET/CEST)","14","","484"
"Italy (IT)","10.09.2020 01:00 - 10.09.2020 02:00 (CET/CEST)","12","","460"
"Italy (IT)","10.09.2020 02:00 - 10.09.2020 03:00 (CET/CEST)","11","146","444"
"Italy (IT)","10.09.2020 03:00 - 10.09.2020 04:00 (CET/CEST)","11","147","444"
"Italy (IT)","10.09.2020 04:00 - 10.09.2020 05:00 (CET/CEST)","12","202","465"
"Italy (IT)","10.09.2020 05:00 - 10.09.2020 06:00 (CET/CEST)","109","149","508"
"Italy (IT)","10.09.2020 06:00 - 10.09.2020 07:00 (CET/CEST)","302","","688"
"Italy (IT)","10.09.2020 07:00 - 10.09.2020 08:00 (CET/CEST)","609","","1073"
"Italy (IT)","10.09.2020 08:00 - 10.09.2020 09:00 (CET/CEST)","960","","1316"
"Italy (IT)","10.09.2020 09:00 - 10.09.2020 10:00 (CET/CEST)","905","","1336"
"Italy (IT)","10.09.2020 10:00 - 10.09.2020 11:00 (CET/CEST)","1118","","1172"
"Italy (IT)","10.09.2020 11:00 - 10.09.2020 12:00 (CET/CEST)","704","","1052"
"Italy (IT)","10.09.2020 12:00 - 10.09.2020 13:00 (CET/CEST)","236","","783"
"Italy (IT)","10.09.2020 13:00 - 10.09.2020 14:00 (CET/CEST)","234","1","794"
"Italy (IT)","10.09.2020 14:00 - 10.09.2020 15:00 (CET/CEST)","245","145","792"
"Italy (IT)","10.09.2020 15:00 - 10.09.2020 16:00 (CET/CEST)","288","144","921"
"Italy (IT)","10.09.2020 16:00 - 10.09.2020 17:00 (CET/CEST)","648","","1098"
"Italy (IT)","10.09.2020 17:00 - 10.09.2020 18:00 (CET/CEST)","747","","1332"
"Italy (IT)","10.09.2020 18:00 - 10.09.2020 19:00 (CET/CEST)","1590","","1282"
"Italy (IT)","10.09.2020 19:00 - 10.09.2020 20:00 (CET/CEST)","4526","","1607"
"Italy (IT)","10.09.2020 20:00 - 10.09.2020 21:00 (CET/CEST)","3387","","1482"
"Italy (IT)","10.09.2020 21:00 - 10.09.2020 22:00 (CET/CEST)","1625","","1270"
"Italy (IT)","10.09.2020 22:00 - 10.09.2020 23:00 (CET/CEST)","445","","833"
"Italy (IT)","10.09.2020 23:00 - 11.09.2020 00:00 (CET/CEST)","276","","696"
"Italy (IT)","11.09.2020 00:00 - 11.09.2020 01:00 (CET/CEST)","158","1","564"
"Italy (IT)","11.09.2020 01:00 - 11.09.2020 02:00 (CET/CEST)","13","41","461"
"Italy (IT)","11.09.2020 02:00 - 11.09.2020 03:00 (CET/CEST)","11","398","441"
"Italy (IT)","11.09.2020 03:00 - 11.09.2020 04:00 (CET/CEST)","0","561","441"
"Italy (IT)","11.09.2020 04:00 - 11.09.2020 05:00 (CET/CEST)","0","503","442"
"Italy (IT)","11.09.2020 05:00 - 11.09.2020 06:00 (CET/CEST)","110","513","485"
"Italy (IT)","11.09.2020 06:00 - 11.09.2020 07:00 (CET/CEST)","470","543","964"
"Italy (IT)","11.09.2020 07:00 - 11.09.2020 08:00 (CET/CEST)","1161","501","1302"
"Italy (IT)","11.09.2020 08:00 - 11.09.2020 09:00 (CET/CEST)","1936","391","1303"
"Italy (IT)","11.09.2020 09:00 - 11.09.2020 10:00 (CET/CEST)","1866","60","1419"
"Italy (IT)","11.09.2020 10:00 - 11.09.2020 11:00 (CET/CEST)","1334","","1246"
"Italy (IT)","11.09.2020 11:00 - 11.09.2020 12:00 (CET/CEST)","905","","1222"
"Italy (IT)","11.09.2020 12:00 - 11.09.2020 13:00 (CET/CEST)","640","","1066"
"Italy (IT)","11.09.2020 13:00 - 11.09.2020 14:00 (CET/CEST)","243","","1012"
"Italy (IT)","11.09.2020 14:00 - 11.09.2020 15:00 (CET/CEST)","647","","1047"
"Italy (IT)","11.09.2020 15:00 - 11.09.2020 16:00 (CET/CEST)","1211","","1269"
"Italy (IT)","11.09.2020 16:00 - 11.09.2020 17:00 (CET/CEST)","1563","","1205"
"Italy (IT)","11.09.2020 17:00 - 11.09.2020 18:00 (CET/CEST)","1316","","1402"
"Italy (IT)","11.09.2020 18:00 - 11.09.2020 19:00 (CET/CEST)","1250","","1463"
"Italy (IT)","11.09.2020 19:00 - 11.09.2020 20:00 (CET/CEST)","2752","","1564"
"Italy (IT)","11.09.2020 20:00 - 11.09.2020 21:00 (CET/CEST)","2280","","1543"
"Italy (IT)","11.09.2020 21:00 - 11.09.2020 22:00 (CET/CEST)","738","","1173"
"Italy (IT)","11.09.2020 22:00 - 11.09.2020 23:00 (CET/CEST)","588","","766"
"Italy (IT)","11.09.2020 23:00 - 12.09.2020 00:00 (CET/CEST)","263","","693"
"Italy (IT)","12.09.2020 00:00 - 12.09.2020 01:00 (CET/CEST)","0","343","697"
"Italy (IT)","12.09.2020 01:00 - 12.09.2020 02:00 (CET/CEST)","0","446","562"
"Italy (IT)","12.09.2020 02:00 - 12.09.2020 03:00 (CET/CEST)","0","674","518"
"Italy (IT)","12.09.2020 03:00 - 12.09.2020 04:00 (CET/CEST)","0","717","491"
"Italy (IT)","12.09.2020 04:00 - 12.09.2020 05:00 (CET/CEST)","0","859","449"
"Italy (IT)","12.09.2020 05:00 - 12.09.2020 06:00 (CET/CEST)","0","860","462"
"Italy (IT)","12.09.2020 06:00 - 12.09.2020 07:00 (CET/CEST)","0","402","465"
"Italy (IT)","12.09.2020 07:00 - 12.09.2020 08:00 (CET/CEST)","51","","587"
"Italy (IT)","12.09.2020 08:00 - 12.09.2020 09:00 (CET/CEST)","0","83","647"
"Italy (IT)","12.09.2020 09:00 - 12.09.2020 10:00 (CET/CEST)","67","85","641"
"Italy (IT)","12.09.2020 10:00 - 12.09.2020 11:00 (CET/CEST)","67","77","578"
"Italy (IT)","12.09.2020 11:00 - 12.09.2020 12:00 (CET/CEST)","67","410","326"
"Italy (IT)","12.09.2020 12:00 - 12.09.2020 13:00 (CET/CEST)","0","557","309"
"Italy (IT)","12.09.2020 13:00 - 12.09.2020 14:00 (CET/CEST)","0","626","288"
"Italy (IT)","12.09.2020 14:00 - 12.09.2020 15:00 (CET/CEST)","0","615","290"
"Italy (IT)","12.09.2020 15:00 - 12.09.2020 16:00 (CET/CEST)","0","348","296"
"Italy (IT)","12.09.2020 16:00 - 12.09.2020 17:00 (CET/CEST)","106","218","340"
"Italy (IT)","12.09.2020 17:00 - 12.09.2020 18:00 (CET/CEST)","299","79","551"
"Italy (IT)","12.09.2020 18:00 - 12.09.2020 19:00 (CET/CEST)","519","50","852"
"Italy (IT)","12.09.2020 19:00 - 12.09.2020 20:00 (CET/CEST)","1140","","971"
"Italy (IT)","12.09.2020 20:00 - 12.09.2020 21:00 (CET/CEST)","1254","","989"
"Italy (IT)","12.09.2020 21:00 - 12.09.2020 22:00 (CET/CEST)","876","","887"
"Italy (IT)","12.09.2020 22:00 - 12.09.2020 23:00 (CET/CEST)","682","","770"
"Italy (IT)","12.09.2020 23:00 - 13.09.2020 00:00 (CET/CEST)","589","","593"
"Italy (IT)","13.09.2020 00:00 - 13.09.2020 01:00 (CET/CEST)","247","55","535"
"Italy (IT)","13.09.2020 01:00 - 13.09.2020 02:00 (CET/CEST)","0","297","462"
"Italy (IT)","13.09.2020 02:00 - 13.09.2020 03:00 (CET/CEST)","0","444","447"
"Italy (IT)","13.09.2020 03:00 - 13.09.2020 04:00 (CET/CEST)","0","444","444"
"Italy (IT)","13.09.2020 04:00 - 13.09.2020 05:00 (CET/CEST)","0","891","442"
"Italy (IT)","13.09.2020 05:00 - 13.09.2020 06:00 (CET/CEST)","0","995","447"
"Italy (IT)","13.09.2020 06:00 - 13.09.2020 07:00 (CET/CEST)","0","1078","501"
"Italy (IT)","13.09.2020 07:00 - 13.09.2020 08:00 (CET/CEST)","0","500","482"
"Italy (IT)","13.09.2020 08:00 - 13.09.2020 09:00 (CET/CEST)","","758","403"
"Italy (IT)","13.09.2020 09:00 - 13.09.2020 10:00 (CET/CEST)","67","1032","392"
"Italy (IT)","13.09.2020 10:00 - 13.09.2020 11:00 (CET/CEST)","66","1032","334"
"Italy (IT)","13.09.2020 11:00 - 13.09.2020 12:00 (CET/CEST)","67","1005","330"
"Italy (IT)","13.09.2020 12:00 - 13.09.2020 13:00 (CET/CEST)","0","1018","329"
"Italy (IT)","13.09.2020 13:00 - 13.09.2020 14:00 (CET/CEST)","0","1013","318"
"Italy (IT)","13.09.2020 14:00 - 13.09.2020 15:00 (CET/CEST)","0","1055","437"
"Italy (IT)","13.09.2020 15:00 - 13.09.2020 16:00 (CET/CEST)","0","1097","390"
"Italy (IT)","13.09.2020 16:00 - 13.09.2020 17:00 (CET/CEST)","113","928","426"
"Italy (IT)","13.09.2020 17:00 - 13.09.2020 18:00 (CET/CEST)","231","789","845"
"Italy (IT)","13.09.2020 18:00 - 13.09.2020 19:00 (CET/CEST)","553","","1053"
"Italy (IT)","13.09.2020 19:00 - 13.09.2020 20:00 (CET/CEST)","1753","","1319"
"Italy (IT)","13.09.2020 20:00 - 13.09.2020 21:00 (CET/CEST)","1737","","1484"
"Italy (IT)","13.09.2020 21:00 - 13.09.2020 22:00 (CET/CEST)","1322","","1130"
"Italy (IT)","13.09.2020 22:00 - 13.09.2020 23:00 (CET/CEST)","842","","958"
"Italy (IT)","13.09.2020 23:00 - 14.09.2020 00:00 (CET/CEST)","140","","736"
"Italy (IT)","14.09.2020 00:00 - 14.09.2020 01:00 (CET/CEST)","10","1","396"
"Italy (IT)","14.09.2020 01:00 - 14.09.2020 02:00 (CET/CEST)","0","2","391"
"Italy (IT)","14.09.2020 02:00 - 14.09.2020 03:00 (CET/CEST)","0","273","391"
"Italy (IT)","14.09.2020 03:00 - 14.09.2020 04:00 (CET/CEST)","0","294","391"
"Italy (IT)","14.09.2020 04:00 - 14.09.2020 05:00 (CET/CEST)","0","346","391"
"Italy (IT)","14.09.2020 05:00 - 14.09.2020 06:00 (CET/CEST)","97","286","457"
"Italy (IT)","14.09.2020 06:00 - 14.09.2020 07:00 (CET/CEST)","282","2","725"
"Italy (IT)","14.09.2020 07:00 - 14.09.2020 08:00 (CET/CEST)","844","","1286"
"Italy (IT)","14.09.2020 08:00 - 14.09.2020 09:00 (CET/CEST)","1138","","1353"
"Italy (IT)","14.09.2020 09:00 - 14.09.2020 10:00 (CET/CEST)","821","4","1209"
"Italy (IT)","14.09.2020 10:00 - 14.09.2020 11:00 (CET/CEST)","549","","700"
"Italy (IT)","14.09.2020 11:00 - 14.09.2020 12:00 (CET/CEST)","357","","643"
"Italy (IT)","14.09.2020 12:00 - 14.09.2020 13:00 (CET/CEST)","190","","598"
"Italy (IT)","14.09.2020 13:00 - 14.09.2020 14:00 (CET/CEST)","36","34","487"
"Italy (IT)","14.09.2020 14:00 - 14.09.2020 15:00 (CET/CEST)","145","77","701"
"Italy (IT)","14.09.2020 15:00 - 14.09.2020 16:00 (CET/CEST)","138","77","759"
"Italy (IT)","14.09.2020 16:00 - 14.09.2020 17:00 (CET/CEST)","575","77","1099"
"Italy (IT)","14.09.2020 17:00 - 14.09.2020 18:00 (CET/CEST)","837","51","1354"
"Italy (IT)","14.09.2020 18:00 - 14.09.2020 19:00 (CET/CEST)","3730","","1676"
"Italy (IT)","14.09.2020 19:00 - 14.09.2020 20:00 (CET/CEST)","4226","","1700"
"Italy (IT)","14.09.2020 20:00 - 14.09.2020 21:00 (CET/CEST)","4039","","1714"
"Italy (IT)","14.09.2020 21:00 - 14.09.2020 22:00 (CET/CEST)","849","","1379"
"Italy (IT)","14.09.2020 22:00 - 14.09.2020 23:00 (CET/CEST)","129","79","878"
"Italy (IT)","14.09.2020 23:00 - 15.09.2020 00:00 (CET/CEST)","41","223","605"
"Italy (IT)","15.09.2020 00:00 - 15.09.2020 01:00 (CET/CEST)","","1153","469"
"Italy (IT)","15.09.2020 01:00 - 15.09.2020 02:00 (CET/CEST)","","1525","391"
"Italy (IT)","15.09.2020 02:00 - 15.09.2020 03:00 (CET/CEST)","","1707","385"
"Italy (IT)","15.09.2020 03:00 - 15.09.2020 04:00 (CET/CEST)","","1886","385"
"Italy (IT)","15.09.2020 04:00 - 15.09.2020 05:00 (CET/CEST)","","1975","385"
"Italy (IT)","15.09.2020 05:00 - 15.09.2020 06:00 (CET/CEST)","","1648","410"
"Italy (IT)","15.09.2020 06:00 - 15.09.2020 07:00 (CET/CEST)","","1038","593"
"Italy (IT)","15.09.2020 07:00 - 15.09.2020 08:00 (CET/CEST)","590","93","1414"
"Italy (IT)","15.09.2020 08:00 - 15.09.2020 09:00 (CET/CEST)","895","","1456"
"Italy (IT)","15.09.2020 09:00 - 15.09.2020 10:00 (CET/CEST)","652","48","1204"
"Italy (IT)","15.09.2020 10:00 - 15.09.2020 11:00 (CET/CEST)","327","79","1218"
"Italy (IT)","15.09.2020 11:00 - 15.09.2020 12:00 (CET/CEST)","175","79","997"
"Italy (IT)","15.09.2020 12:00 - 15.09.2020 13:00 (CET/CEST)","273","79","900"
"Italy (IT)","15.09.2020 13:00 - 15.09.2020 14:00 (CET/CEST)","173","79","1012"
"Italy (IT)","15.09.2020 14:00 - 15.09.2020 15:00 (CET/CEST)","62","80","1091"
"Italy (IT)","15.09.2020 15:00 - 15.09.2020 16:00 (CET/CEST)","62","79","1161"
"Italy (IT)","15.09.2020 16:00 - 15.09.2020 17:00 (CET/CEST)","380","79","1352"
"Italy (IT)","15.09.2020 17:00 - 15.09.2020 18:00 (CET/CEST)","1106","49","1615"
"Italy (IT)","15.09.2020 18:00 - 15.09.2020 19:00 (CET/CEST)","3209","","1808"
"Italy (IT)","15.09.2020 19:00 - 15.09.2020 20:00 (CET/CEST)","4045","","1773"
"Italy (IT)","15.09.2020 20:00 - 15.09.2020 21:00 (CET/CEST)","3245","","1804"
"Italy (IT)","15.09.2020 21:00 - 15.09.2020 22:00 (CET/CEST)","909","","1425"
"Italy (IT)","15.09.2020 22:00 - 15.09.2020 23:00 (CET/CEST)","208","72","1095"
"Italy (IT)","15.09.2020 23:00 - 16.09.2020 00:00 (CET/CEST)","312","40","624"
"Italy (IT)","16.09.2020 00:00 - 16.09.2020 01:00 (CET/CEST)","0","186","488"
"Italy (IT)","16.09.2020 01:00 - 16.09.2020 02:00 (CET/CEST)","0","422","408"
"Italy (IT)","16.09.2020 02:00 - 16.09.2020 03:00 (CET/CEST)","0","602","362"
"Italy (IT)","16.09.2020 03:00 - 16.09.2020 04:00 (CET/CEST)","0","602","360"
"Italy (IT)","16.09.2020 04:00 - 16.09.2020 05:00 (CET/CEST)","","652","342"
"Italy (IT)","16.09.2020 05:00 - 16.09.2020 06:00 (CET/CEST)","","710","465"
"Italy (IT)","16.09.2020 06:00 - 16.09.2020 07:00 (CET/CEST)","16","329","856"
"Italy (IT)","16.09.2020 07:00 - 16.09.2020 08:00 (CET/CEST)","1252","174","1410"
"Italy (IT)","16.09.2020 08:00 - 16.09.2020 09:00 (CET/CEST)","2523","","1226"
"Italy (IT)","16.09.2020 09:00 - 16.09.2020 10:00 (CET/CEST)","1276","50","1272"
"Italy (IT)","16.09.2020 10:00 - 16.09.2020 11:00 (CET/CEST)","519","79","1109"
"Italy (IT)","16.09.2020 11:00 - 16.09.2020 12:00 (CET/CEST)","405","79","754"
"Italy (IT)","16.09.2020 12:00 - 16.09.2020 13:00 (CET/CEST)","157","67","559"
"Italy (IT)","16.09.2020 13:00 - 16.09.2020 14:00 (CET/CEST)","189","80","590"
"Italy (IT)","16.09.2020 14:00 - 16.09.2020 15:00 (CET/CEST)","193","80","725"
"Italy (IT)","16.09.2020 15:00 - 16.09.2020 16:00 (CET/CEST)","171","75","623"
"Italy (IT)","16.09.2020 16:00 - 16.09.2020 17:00 (CET/CEST)","202","67","845"
"Italy (IT)","16.09.2020 17:00 - 16.09.2020 18:00 (CET/CEST)","529","78","1038"
"Italy (IT)","16.09.2020 18:00 - 16.09.2020 19:00 (CET/CEST)","741","79","1253"
"Italy (IT)","16.09.2020 19:00 - 16.09.2020 20:00 (CET/CEST)","2156","33","1440"
"Italy (IT)","16.09.2020 20:00 - 16.09.2020 21:00 (CET/CEST)","1661","","1369"
"Italy (IT)","16.09.2020 21:00 - 16.09.2020 22:00 (CET/CEST)","453","","689"
"Italy (IT)","16.09.2020 22:00 - 16.09.2020 23:00 (CET/CEST)","145","","506"
"Italy (IT)","16.09.2020 23:00 - 17.09.2020 00:00 (CET/CEST)","41","105","481"
"Italy (IT)","17.09.2020 00:00 - 17.09.2020 01:00 (CET/CEST)","0","392","356"
"Italy (IT)","17.09.2020 01:00 - 17.09.2020 02:00 (CET/CEST)","0","489","354"
"Italy (IT)","17.09.2020 02:00 - 17.09.2020 03:00 (CET/CEST)","0","699","353"
"Italy (IT)","17.09.2020 03:00 - 17.09.2020 04:00 (CET/CEST)","0","1453","354"
"Italy (IT)","17.09.2020 04:00 - 17.09.2020 05:00 (CET/CEST)","0","1502","355"
"Italy (IT)","17.09.2020 05:00 - 17.09.2020 06:00 (CET/CEST)","31","1378","374"
"Italy (IT)","17.09.2020 06:00 - 17.09.2020 07:00 (CET/CEST)","198","159","417"
"Italy (IT)","17.09.2020 07:00 - 17.09.2020 08:00 (CET/CEST)","473","","823"
"Italy (IT)","17.09.2020 08:00 - 17.09.2020 09:00 (CET/CEST)","1203","","1065"
"Italy (IT)","17.09.2020 09:00 - 17.09.2020 10:00 (CET/CEST)","939","","999"
"Italy (IT)","17.09.2020 10:00 - 17.09.2020 11:00 (CET/CEST)","279","","690"
"Italy (IT)","17.09.2020 11:00 - 17.09.2020 12:00 (CET/CEST)","99","","704"
"Italy (IT)","17.09.2020 12:00 - 17.09.2020 13:00 (CET/CEST)","0","180","587"
"Italy (IT)","17.09.2020 13:00 - 17.09.2020 14:00 (CET/CEST)","77","178","546"
"Italy (IT)","17.09.2020 14:00 - 17.09.2020 15:00 (CET/CEST)","78","292","692"
"Italy (IT)","17.09.2020 15:00 - 17.09.2020 16:00 (CET/CEST)","152","291","752"
"Italy (IT)","17.09.2020 16:00 - 17.09.2020 17:00 (CET/CEST)","159","181","1027"
"Italy (IT)","17.09.2020 17:00 - 17.09.2020 18:00 (CET/CEST)","564","","1229"
"Italy (IT)","17.09.2020 18:00 - 17.09.2020 19:00 (CET/CEST)","1221","","1603"
"Italy (IT)","17.09.2020 19:00 - 17.09.2020 20:00 (CET/CEST)","2861","","1692"
"Italy (IT)","17.09.2020 20:00 - 17.09.2020 21:00 (CET/CEST)","1841","","1533"
"Italy (IT)","17.09.2020 21:00 - 17.09.2020 22:00 (CET/CEST)","674","","898"
"Italy (IT)","17.09.2020 22:00 - 17.09.2020 23:00 (CET/CEST)","292","","476"
"Italy (IT)","17.09.2020 23:00 - 18.09.2020 00:00 (CET/CEST)","179","","447"
"Italy (IT)","18.09.2020 00:00 - 18.09.2020 01:00 (CET/CEST)","0","509","337"
"Italy (IT)","18.09.2020 01:00 - 18.09.2020 02:00 (CET/CEST)","0","363","332"
"Italy (IT)","18.09.2020 02:00 - 18.09.2020 03:00 (CET/CEST)","0","887","332"
"Italy (IT)","18.09.2020 03:00 - 18.09.2020 04:00 (CET/CEST)","0","1185","330"
"Italy (IT)","18.09.2020 04:00 - 18.09.2020 05:00 (CET/CEST)","0","1366","342"
"Italy (IT)","18.09.2020 05:00 - 18.09.2020 06:00 (CET/CEST)","0","542","318"
"Italy (IT)","18.09.2020 06:00 - 18.09.2020 07:00 (CET/CEST)","100","134","502"
"Italy (IT)","18.09.2020 07:00 - 18.09.2020 08:00 (CET/CEST)","708","","992"
"Italy (IT)","18.09.2020 08:00 - 18.09.2020 09:00 (CET/CEST)","987","","1210"
"Italy (IT)","18.09.2020 09:00 - 18.09.2020 10:00 (CET/CEST)","762","5","951"
"Italy (IT)","18.09.2020 10:00 - 18.09.2020 11:00 (CET/CEST)","222","210","635"
"Italy (IT)","18.09.2020 11:00 - 18.09.2020 12:00 (CET/CEST)","0","491","404"
"Italy (IT)","18.09.2020 12:00 - 18.09.2020 13:00 (CET/CEST)","29","61","341"
"Italy (IT)","18.09.2020 13:00 - 18.09.2020 14:00 (CET/CEST)","0","267","287"
"Italy (IT)","18.09.2020 14:00 - 18.09.2020 15:00 (CET/CEST)","0","415","356"
"Italy (IT)","18.09.2020 15:00 - 18.09.2020 16:00 (CET/CEST)","0","351","684"
"Italy (IT)","18.09.2020 16:00 - 18.09.2020 17:00 (CET/CEST)","29","45","445"
"Italy (IT)","18.09.2020 17:00 - 18.09.2020 18:00 (CET/CEST)","200","","597"
"Italy (IT)","18.09.2020 18:00 - 18.09.2020 19:00 (CET/CEST)","841","","1185"
"Italy (IT)","18.09.2020 19:00 - 18.09.2020 20:00 (CET/CEST)","1714","","1390"
"Italy (IT)","18.09.2020 20:00 - 18.09.2020 21:00 (CET/CEST)","1396","","1130"
"Italy (IT)","18.09.2020 21:00 - 18.09.2020 22:00 (CET/CEST)","726","","821"
"Italy (IT)","18.09.2020 22:00 - 18.09.2020 23:00 (CET/CEST)","364","","488"
"Italy (IT)","18.09.2020 23:00 - 19.09.2020 00:00 (CET/CEST)","199","623","482"
"Italy (IT)","19.09.2020 00:00 - 19.09.2020 01:00 (CET/CEST)","42","40","453"
"Italy (IT)","19.09.2020 01:00 - 19.09.2020 02:00 (CET/CEST)","0","4","329"
"Italy (IT)","19.09.2020 02:00 - 19.09.2020 03:00 (CET/CEST)","1","225","327"
"Italy (IT)","19.09.2020 03:00 - 19.09.2020 04:00 (CET/CEST)","","382","287"
"Italy (IT)","19.09.2020 04:00 - 19.09.2020 05:00 (CET/CEST)","","905","295"
"Italy (IT)","19.09.2020 05:00 - 19.09.2020 06:00 (CET/CEST)","","493","293"
"Italy (IT)","19.09.2020 06:00 - 19.09.2020 07:00 (CET/CEST)","94","197","367"
"Italy (IT)","19.09.2020 07:00 - 19.09.2020 08:00 (CET/CEST)","124","78","475"
"Italy (IT)","19.09.2020 08:00 - 19.09.2020 09:00 (CET/CEST)","150","","379"
"Italy (IT)","19.09.2020 09:00 - 19.09.2020 10:00 (CET/CEST)","161","","482"
"Italy (IT)","19.09.2020 10:00 - 19.09.2020 11:00 (CET/CEST)","129","","391"
"Italy (IT)","19.09.2020 11:00 - 19.09.2020 12:00 (CET/CEST)","38","","244"
"Italy (IT)","19.09.2020 12:00 - 19.09.2020 13:00 (CET/CEST)","12","","204"
"Italy (IT)","19.09.2020 13:00 - 19.09.2020 14:00 (CET/CEST)","0","201","198"
"Italy (IT)","19.09.2020 14:00 - 19.09.2020 15:00 (CET/CEST)","0","317","199"
"Italy (IT)","19.09.2020 15:00 - 19.09.2020 16:00 (CET/CEST)","0","420","208"
"Italy (IT)","19.09.2020 16:00 - 19.09.2020 17:00 (CET/CEST)","0","512","265"
"Italy (IT)","19.09.2020 17:00 - 19.09.2020 18:00 (CET/CEST)","122","126","544"
"Italy (IT)","19.09.2020 18:00 - 19.09.2020 19:00 (CET/CEST)","706","","1140"
"Italy (IT)","19.09.2020 19:00 - 19.09.2020 20:00 (CET/CEST)","1160","","1202"
"Italy (IT)","19.09.2020 20:00 - 19.09.2020 21:00 (CET/CEST)","1285","","1052"
"Italy (IT)","19.09.2020 21:00 - 19.09.2020 22:00 (CET/CEST)","853","","863"
"Italy (IT)","19.09.2020 22:00 - 19.09.2020 23:00 (CET/CEST)","501","","619"
"Italy (IT)","19.09.2020 23:00 - 20.09.2020 00:00 (CET/CEST)","289","","667"
"Italy (IT)","20.09.2020 00:00 - 20.09.2020 01:00 (CET/CEST)","171","54","328"
"Italy (IT)","20.09.2020 01:00 - 20.09.2020 02:00 (CET/CEST)","11","365","265"
"Italy (IT)","20.09.2020 02:00 - 20.09.2020 03:00 (CET/CEST)","10","400","264"
"Italy (IT)","20.09.2020 03:00 - 20.09.2020 04:00 (CET/CEST)","11","393","263"
"Italy (IT)","20.09.2020 04:00 - 20.09.2020 05:00 (CET/CEST)","11","391","264"
"Italy (IT)","20.09.2020 05:00 - 20.09.2020 06:00 (CET/CEST)","12","391","263"
"Italy (IT)","20.09.2020 06:00 - 20.09.2020 07:00 (CET/CEST)","106","390","277"
"Italy (IT)","20.09.2020 07:00 - 20.09.2020 08:00 (CET/CEST)","381","116","339"
"Italy (IT)","20.09.2020 08:00 - 20.09.2020 09:00 (CET/CEST)","284","163","295"
"Italy (IT)","20.09.2020 09:00 - 20.09.2020 10:00 (CET/CEST)","170","215","284"
"Italy (IT)","20.09.2020 10:00 - 20.09.2020 11:00 (CET/CEST)","159","215","277"
"Italy (IT)","20.09.2020 11:00 - 20.09.2020 12:00 (CET/CEST)","11","308","225"
"Italy (IT)","20.09.2020 12:00 - 20.09.2020 13:00 (CET/CEST)","11","443","219"
"Italy (IT)","20.09.2020 13:00 - 20.09.2020 14:00 (CET/CEST)","9","468","228"
"Italy (IT)","20.09.2020 14:00 - 20.09.2020 15:00 (CET/CEST)","0","532","226"
"Italy (IT)","20.09.2020 15:00 - 20.09.2020 16:00 (CET/CEST)","0","532","230"
"Italy (IT)","20.09.2020 16:00 - 20.09.2020 17:00 (CET/CEST)","0","504","284"
"Italy (IT)","20.09.2020 17:00 - 20.09.2020 18:00 (CET/CEST)","0","90","390"
"Italy (IT)","20.09.2020 18:00 - 20.09.2020 19:00 (CET/CEST)","121","","712"
"Italy (IT)","20.09.2020 19:00 - 20.09.2020 20:00 (CET/CEST)","810","","861"
"Italy (IT)","20.09.2020 20:00 - 20.09.2020 21:00 (CET/CEST)","905","","1034"
"Italy (IT)","20.09.2020 21:00 - 20.09.2020 22:00 (CET/CEST)","825","","848"
"Italy (IT)","20.09.2020 22:00 - 20.09.2020 23:00 (CET/CEST)","378","","524"
"Italy (IT)","20.09.2020 23:00 - 21.09.2020 00:00 (CET/CEST)","300","","448"
"Italy (IT)","21.09.2020 00:00 - 21.09.2020 01:00 (CET/CEST)","0","387","280"
"Italy (IT)","21.09.2020 01:00 - 21.09.2020 02:00 (CET/CEST)","","960","275"
"Italy (IT)","21.09.2020 02:00 - 21.09.2020 03:00 (CET/CEST)","","1168","272"
"Italy (IT)","21.09.2020 03:00 - 21.09.2020 04:00 (CET/CEST)","","1406","272"
"Italy (IT)","21.09.2020 04:00 - 21.09.2020 05:00 (CET/CEST)","","1322","272"
"Italy (IT)","21.09.2020 05:00 - 21.09.2020 06:00 (CET/CEST)","","807","287"
"Italy (IT)","21.09.2020 06:00 - 21.09.2020 07:00 (CET/CEST)","316","127","727"
"Italy (IT)","21.09.2020 07:00 - 21.09.2020 08:00 (CET/CEST)","1216","","1287"
"Italy (IT)","21.09.2020 08:00 - 21.09.2020 09:00 (CET/CEST)","2187","","1244"
"Italy (IT)","21.09.2020 09:00 - 21.09.2020 10:00 (CET/CEST)","1320","","1125"
"Italy (IT)","21.09.2020 10:00 - 21.09.2020 11:00 (CET/CEST)","119","26","980"
"Italy (IT)","21.09.2020 11:00 - 21.09.2020 12:00 (CET/CEST)","120","187","989"
"Italy (IT)","21.09.2020 12:00 - 21.09.2020 13:00 (CET/CEST)","0","238","955"
"Italy (IT)","21.09.2020 13:00 - 21.09.2020 14:00 (CET/CEST)","0","207","686"
"Italy (IT)","21.09.2020 14:00 - 21.09.2020 15:00 (CET/CEST)","37","24","647"
"Italy (IT)","21.09.2020 15:00 - 21.09.2020 16:00 (CET/CEST)","111","80","664"
"Italy (IT)","21.09.2020 16:00 - 21.09.2020 17:00 (CET/CEST)","183","79","889"
"Italy (IT)","21.09.2020 17:00 - 21.09.2020 18:00 (CET/CEST)","487","56","1210"
"Italy (IT)","21.09.2020 18:00 - 21.09.2020 19:00 (CET/CEST)","2782","","1288"
"Italy (IT)","21.09.2020 19:00 - 21.09.2020 20:00 (CET/CEST)","4489","","1318"
"Italy (IT)","21.09.2020 20:00 - 21.09.2020 21:00 (CET/CEST)","3556","","1427"
"Italy (IT)","21.09.2020 21:00 - 21.09.2020 22:00 (CET/CEST)","952","","1256"
"Italy (IT)","21.09.2020 22:00 - 21.09.2020 23:00 (CET/CEST)","435","","797"
"Italy (IT)","21.09.2020 23:00 - 22.09.2020 00:00 (CET/CEST)","305","","574"
"Italy (IT)","22.09.2020 00:00 - 22.09.2020 01:00 (CET/CEST)","3","","390"
"Italy (IT)","22.09.2020 01:00 - 22.09.2020 02:00 (CET/CEST)","36","155","350"
"Italy (IT)","22.09.2020 02:00 - 22.09.2020 03:00 (CET/CEST)","159","448","261"
"Italy (IT)","22.09.2020 03:00 - 22.09.2020 04:00 (CET/CEST)","159","1050","261"
"Italy (IT)","22.09.2020 04:00 - 22.09.2020 05:00 (CET/CEST)","159","386","232"
"Italy (IT)","22.09.2020 05:00 - 22.09.2020 06:00 (CET/CEST)","236","207","355"
"Italy (IT)","22.09.2020 06:00 - 22.09.2020 07:00 (CET/CEST)","339","145","670"
"Italy (IT)","22.09.2020 07:00 - 22.09.2020 08:00 (CET/CEST)","1368","49","1195"
"Italy (IT)","22.09.2020 08:00 - 22.09.2020 09:00 (CET/CEST)","2171","","1465"
"Italy (IT)","22.09.2020 09:00 - 22.09.2020 10:00 (CET/CEST)","922","","1268"
"Italy (IT)","22.09.2020 10:00 - 22.09.2020 11:00 (CET/CEST)","313","","1057"
"Italy (IT)","22.09.2020 11:00 - 22.09.2020 12:00 (CET/CEST)","380","","1012"
"Italy (IT)","22.09.2020 12:00 - 22.09.2020 13:00 (CET/CEST)","248","","1079"
"Italy (IT)","22.09.2020 13:00 - 22.09.2020 14:00 (CET/CEST)","208","","523"
"Italy (IT)","22.09.2020 14:00 - 22.09.2020 15:00 (CET/CEST)","235","102","523"
"Italy (IT)","22.09.2020 15:00 - 22.09.2020 16:00 (CET/CEST)","143","225","661"
"Italy (IT)","22.09.2020 16:00 - 22.09.2020 17:00 (CET/CEST)","366","147","807"
"Italy (IT)","22.09.2020 17:00 - 22.09.2020 18:00 (CET/CEST)","475","79","964"
"Italy (IT)","22.09.2020 18:00 - 22.09.2020 19:00 (CET/CEST)","1067","2","1523"
"Italy (IT)","22.09.2020 19:00 - 22.09.2020 20:00 (CET/CEST)","3345","","1550"
"Italy (IT)","22.09.2020 20:00 - 22.09.2020 21:00 (CET/CEST)","1718","","1344"
"Italy (IT)","22.09.2020 21:00 - 22.09.2020 22:00 (CET/CEST)","684","","865"
"Italy (IT)","22.09.2020 22:00 - 22.09.2020 23:00 (CET/CEST)","309","","589"
"Italy (IT)","22.09.2020 23:00 - 23.09.2020 00:00 (CET/CEST)","97","138","453"
"Italy (IT)","23.09.2020 00:00 - 23.09.2020 01:00 (CET/CEST)","100","291","295"
"Italy (IT)","23.09.2020 01:00 - 23.09.2020 02:00 (CET/CEST)","","660","293"
"Italy (IT)","23.09.2020 02:00 - 23.09.2020 03:00 (CET/CEST)","","944","294"
"Italy (IT)","23.09.2020 03:00 - 23.09.2020 04:00 (CET/CEST)","","1015","291"
"Italy (IT)","23.09.2020 04:00 - 23.09.2020 05:00 (CET/CEST)","","1014","307"
"Italy (IT)","23.09.2020 05:00 - 23.09.2020 06:00 (CET/CEST)","","845","351"
"Italy (IT)","23.09.2020 06:00 - 23.09.2020 07:00 (CET/CEST)","93","65","625"
"Italy (IT)","23.09.2020 07:00 - 23.09.2020 08:00 (CET/CEST)","441","","687"
"Italy (IT)","23.09.2020 08:00 - 23.09.2020 09:00 (CET/CEST)","690","","1073"
"Italy (IT)","23.09.2020 09:00 - 23.09.2020 10:00 (CET/CEST)","1524","","1249"
"Italy (IT)","23.09.2020 10:00 - 23.09.2020 11:00 (CET/CEST)","919","62","1178"
"Italy (IT)","23.09.2020 11:00 - 23.09.2020 12:00 (CET/CEST)","382","146","1001"
"Italy (IT)","23.09.2020 12:00 - 23.09.2020 13:00 (CET/CEST)","455","148","627"
"Italy (IT)","23.09.2020 13:00 - 23.09.2020 14:00 (CET/CEST)","471","146","382"
"Italy (IT)","23.09.2020 14:00 - 23.09.2020 15:00 (CET/CEST)","473","181","562"
"Italy (IT)","23.09.2020 15:00 - 23.09.2020 16:00 (CET/CEST)","439","332","733"
"Italy (IT)","23.09.2020 16:00 - 23.09.2020 17:00 (CET/CEST)","255","168","806"
"Italy (IT)","23.09.2020 17:00 - 23.09.2020 18:00 (CET/CEST)","576","79","912"
"Italy (IT)","23.09.2020 18:00 - 23.09.2020 19:00 (CET/CEST)","1156","54","1213"
"Italy (IT)","23.09.2020 19:00 - 23.09.2020 20:00 (CET/CEST)","1708","","1090"
"Italy (IT)","23.09.2020 20:00 - 23.09.2020 21:00 (CET/CEST)","1283","","736"
"Italy (IT)","23.09.2020 21:00 - 23.09.2020 22:00 (CET/CEST)","664","","608"
"Italy (IT)","23.09.2020 22:00 - 23.09.2020 23:00 (CET/CEST)","251","","491"
"Italy (IT)","23.09.2020 23:00 - 24.09.2020 00:00 (CET/CEST)","233","","399"
"Italy (IT)","24.09.2020 00:00 - 24.09.2020 01:00 (CET/CEST)","90","","282"
"Italy (IT)","24.09.2020 01:00 - 24.09.2020 02:00 (CET/CEST)","159","339","280"
"Italy (IT)","24.09.2020 02:00 - 24.09.2020 03:00 (CET/CEST)","158","407","260"
"Italy (IT)","24.09.2020 03:00 - 24.09.2020 04:00 (CET/CEST)","0","768","253"
"Italy (IT)","24.09.2020 04:00 - 24.09.2020 05:00 (CET/CEST)","0","714","264"
"Italy (IT)","24.09.2020 05:00 - 24.09.2020 06:00 (CET/CEST)","0","775","348"
"Italy (IT)","24.09.2020 06:00 - 24.09.2020 07:00 (CET/CEST)","157","284","901"
"Italy (IT)","24.09.2020 07:00 - 24.09.2020 08:00 (CET/CEST)","365","52","1270"
"Italy (IT)","24.09.2020 08:00 - 24.09.2020 09:00 (CET/CEST)","881","","1569"
"Italy (IT)","24.09.2020 09:00 - 24.09.2020 10:00 (CET/CEST)","942","","1422"
"Italy (IT)","24.09.2020 10:00 - 24.09.2020 11:00 (CET/CEST)","339","","994"
"Italy (IT)","24.09.2020 11:00 - 24.09.2020 12:00 (CET/CEST)","196","","957"
"Italy (IT)","24.09.2020 12:00 - 24.09.2020 13:00 (CET/CEST)","138","","674"
"Italy (IT)","24.09.2020 13:00 - 24.09.2020 14:00 (CET/CEST)","34","","413"
"Italy (IT)","24.09.2020 14:00 - 24.09.2020 15:00 (CET/CEST)","200","","521"
"Italy (IT)","24.09.2020 15:00 - 24.09.2020 16:00 (CET/CEST)","576","","1020"
"Italy (IT)","24.09.2020 16:00 - 24.09.2020 17:00 (CET/CEST)","300","1","1168"
"Italy (IT)","24.09.2020 17:00 - 24.09.2020 18:00 (CET/CEST)","357","","972"
"Italy (IT)","24.09.2020 18:00 - 24.09.2020 19:00 (CET/CEST)","640","","1211"
"Italy (IT)","24.09.2020 19:00 - 24.09.2020 20:00 (CET/CEST)","1588","","1553"
"Italy (IT)","24.09.2020 20:00 - 24.09.2020 21:00 (CET/CEST)","1008","","1386"
"Italy (IT)","24.09.2020 21:00 - 24.09.2020 22:00 (CET/CEST)","432","","529"
"Italy (IT)","24.09.2020 22:00 - 24.09.2020 23:00 (CET/CEST)","180","","395"
"Italy (IT)","24.09.2020 23:00 - 25.09.2020 00:00 (CET/CEST)","0","472","376"
"Italy (IT)","25.09.2020 00:00 - 25.09.2020 01:00 (CET/CEST)","0","934","305"
"Italy (IT)","25.09.2020 01:00 - 25.09.2020 02:00 (CET/CEST)","0","942","322"
"Italy (IT)","25.09.2020 02:00 - 25.09.2020 03:00 (CET/CEST)","","1175","323"
"Italy (IT)","25.09.2020 03:00 - 25.09.2020 04:00 (CET/CEST)","","1556","325"
"Italy (IT)","25.09.2020 04:00 - 25.09.2020 05:00 (CET/CEST)","0","1491","337"
"Italy (IT)","25.09.2020 05:00 - 25.09.2020 06:00 (CET/CEST)","0","1477","352"
"Italy (IT)","25.09.2020 06:00 - 25.09.2020 07:00 (CET/CEST)","0","477","422"
"Italy (IT)","25.09.2020 07:00 - 25.09.2020 08:00 (CET/CEST)","316","","845"
"Italy (IT)","25.09.2020 08:00 - 25.09.2020 09:00 (CET/CEST)","988","","1136"
"Italy (IT)","25.09.2020 09:00 - 25.09.2020 10:00 (CET/CEST)","1372","","1150"
"Italy (IT)","25.09.2020 10:00 - 25.09.2020 11:00 (CET/CEST)","703","","1095"
"Italy (IT)","25.09.2020 11:00 - 25.09.2020 12:00 (CET/CEST)","561","","959"
"Italy (IT)","25.09.2020 12:00 - 25.09.2020 13:00 (CET/CEST)","123","102","490"
"Italy (IT)","25.09.2020 13:00 - 25.09.2020 14:00 (CET/CEST)","163","170","467"
"Italy (IT)","25.09.2020 14:00 - 25.09.2020 15:00 (CET/CEST)","166","304","597"
"Italy (IT)","25.09.2020 15:00 - 25.09.2020 16:00 (CET/CEST)","163","302","660"
"Italy (IT)","25.09.2020 16:00 - 25.09.2020 17:00 (CET/CEST)","177","216","553"
"Italy (IT)","25.09.2020 17:00 - 25.09.2020 18:00 (CET/CEST)","289","156","533"
"Italy (IT)","25.09.2020 18:00 - 25.09.2020 19:00 (CET/CEST)","744","78","833"
"Italy (IT)","25.09.2020 19:00 - 25.09.2020 20:00 (CET/CEST)","1180","","1262"
"Italy (IT)","25.09.2020 20:00 - 25.09.2020 21:00 (CET/CEST)","930","","964"
"Italy (IT)","25.09.2020 21:00 - 25.09.2020 22:00 (CET/CEST)","479","","528"
"Italy (IT)","25.09.2020 22:00 - 25.09.2020 23:00 (CET/CEST)","312","","478"
"Italy (IT)","25.09.2020 23:00 - 26.09.2020 00:00 (CET/CEST)","28","187","477"
"Italy (IT)","26.09.2020 00:00 - 26.09.2020 01:00 (CET/CEST)","0","320","301"
"Italy (IT)","26.09.2020 01:00 - 26.09.2020 02:00 (CET/CEST)","0","218","296"
"Italy (IT)","26.09.2020 02:00 - 26.09.2020 03:00 (CET/CEST)","0","192","296"
"Italy (IT)","26.09.2020 03:00 - 26.09.2020 04:00 (CET/CEST)","118","398","296"
"Italy (IT)","26.09.2020 04:00 - 26.09.2020 05:00 (CET/CEST)","","876","305"
"Italy (IT)","26.09.2020 05:00 - 26.09.2020 06:00 (CET/CEST)","","1034","302"
"Italy (IT)","26.09.2020 06:00 - 26.09.2020 07:00 (CET/CEST)","","592","316"
"Italy (IT)","26.09.2020 07:00 - 26.09.2020 08:00 (CET/CEST)","181","78","447"
"Italy (IT)","26.09.2020 08:00 - 26.09.2020 09:00 (CET/CEST)","897","1","383"
"Italy (IT)","26.09.2020 09:00 - 26.09.2020 10:00 (CET/CEST)","987","","620"
"Italy (IT)","26.09.2020 10:00 - 26.09.2020 11:00 (CET/CEST)","586","60","707"
"Italy (IT)","26.09.2020 11:00 - 26.09.2020 12:00 (CET/CEST)","630","231","291"
"Italy (IT)","26.09.2020 12:00 - 26.09.2020 13:00 (CET/CEST)","0","423","223"
"Italy (IT)","26.09.2020 13:00 - 26.09.2020 14:00 (CET/CEST)","","1222","223"
"Italy (IT)","26.09.2020 14:00 - 26.09.2020 15:00 (CET/CEST)","","1662","222"
"Italy (IT)","26.09.2020 15:00 - 26.09.2020 16:00 (CET/CEST)","","1100","232"
"Italy (IT)","26.09.2020 16:00 - 26.09.2020 17:00 (CET/CEST)","162","394","271"
"Italy (IT)","26.09.2020 17:00 - 26.09.2020 18:00 (CET/CEST)","506","40","339"
"Italy (IT)","26.09.2020 18:00 - 26.09.2020 19:00 (CET/CEST)","1273","","478"
"Italy (IT)","26.09.2020 19:00 - 26.09.2020 20:00 (CET/CEST)","2197","","871"
"Italy (IT)","26.09.2020 20:00 - 26.09.2020 21:00 (CET/CEST)","1688","","517"
"Italy (IT)","26.09.2020 21:00 - 26.09.2020 22:00 (CET/CEST)","1435","","436"
"Italy (IT)","26.09.2020 22:00 - 26.09.2020 23:00 (CET/CEST)","917","","458"
"Italy (IT)","26.09.2020 23:00 - 27.09.2020 00:00 (CET/CEST)","227","28","378"
"Italy (IT)","27.09.2020 00:00 - 27.09.2020 01:00 (CET/CEST)","104","1119","258"
"Italy (IT)","27.09.2020 01:00 - 27.09.2020 02:00 (CET/CEST)","104","1147","255"
"Italy (IT)","27.09.2020 02:00 - 27.09.2020 03:00 (CET/CEST)","64","1336","257"
"Italy (IT)","27.09.2020 03:00 - 27.09.2020 04:00 (CET/CEST)","52","1277","255"
"Italy (IT)","27.09.2020 04:00 - 27.09.2020 05:00 (CET/CEST)","52","1371","256"
"Italy (IT)","27.09.2020 05:00 - 27.09.2020 06:00 (CET/CEST)","52","1267","263"
"Italy (IT)","27.09.2020 06:00 - 27.09.2020 07:00 (CET/CEST)","92","754","279"
"Italy (IT)","27.09.2020 07:00 - 27.09.2020 08:00 (CET/CEST)","255","888","326"
"Italy (IT)","27.09.2020 08:00 - 27.09.2020 09:00 (CET/CEST)","247","955","251"
"Italy (IT)","27.09.2020 09:00 - 27.09.2020 10:00 (CET/CEST)","198","","243"
"Italy (IT)","27.09.2020 10:00 - 27.09.2020 11:00 (CET/CEST)","199","2","235"
"Italy (IT)","27.09.2020 11:00 - 27.09.2020 12:00 (CET/CEST)","105","265","223"
"Italy (IT)","27.09.2020 12:00 - 27.09.2020 13:00 (CET/CEST)","325","233","197"
"Italy (IT)","27.09.2020 13:00 - 27.09.2020 14:00 (CET/CEST)","320","442","197"
"Italy (IT)","27.09.2020 14:00 - 27.09.2020 15:00 (CET/CEST)","318","541","197"
"Italy (IT)","27.09.2020 15:00 - 27.09.2020 16:00 (CET/CEST)","76","718","239"
"Italy (IT)","27.09.2020 16:00 - 27.09.2020 17:00 (CET/CEST)","197","912","505"
"Italy (IT)","27.09.2020 17:00 - 27.09.2020 18:00 (CET/CEST)","648","593","645"
"Italy (IT)","27.09.2020 18:00 - 27.09.2020 19:00 (CET/CEST)","1206","377","912"
"Italy (IT)","27.09.2020 19:00 - 27.09.2020 20:00 (CET/CEST)","1893","","1354"
"Italy (IT)","27.09.2020 20:00 - 27.09.2020 21:00 (CET/CEST)","2152","","1225"
"Italy (IT)","27.09.2020 21:00 - 27.09.2020 22:00 (CET/CEST)","1519","","811"
"Italy (IT)","27.09.2020 22:00 - 27.09.2020 23:00 (CET/CEST)","706","91","650"
"Italy (IT)","27.09.2020 23:00 - 28.09.2020 00:00 (CET/CEST)","477","152","411"
"Italy (IT)","28.09.2020 00:00 - 28.09.2020 01:00 (CET/CEST)","47","151","264"
"Italy (IT)","28.09.2020 01:00 - 28.09.2020 02:00 (CET/CEST)","0","278","262"
"Italy (IT)","28.09.2020 02:00 - 28.09.2020 03:00 (CET/CEST)","0","429","262"
"Italy (IT)","28.09.2020 03:00 - 28.09.2020 04:00 (CET/CEST)","0","426","261"
"Italy (IT)","28.09.2020 04:00 - 28.09.2020 05:00 (CET/CEST)","0","320","261"
"Italy (IT)","28.09.2020 05:00 - 28.09.2020 06:00 (CET/CEST)","0","249","271"
"Italy (IT)","28.09.2020 06:00 - 28.09.2020 07:00 (CET/CEST)","278","74","616"
"Italy (IT)","28.09.2020 07:00 - 28.09.2020 08:00 (CET/CEST)","1069","","1200"
"Italy (IT)","28.09.2020 08:00 - 28.09.2020 09:00 (CET/CEST)","1452","","1530"
"Italy (IT)","28.09.2020 09:00 - 28.09.2020 10:00 (CET/CEST)","1708","","1550"
"Italy (IT)","28.09.2020 10:00 - 28.09.2020 11:00 (CET/CEST)","533","","1169"
"Italy (IT)","28.09.2020 11:00 - 28.09.2020 12:00 (CET/CEST)","759","","1158"
"Italy (IT)","28.09.2020 12:00 - 28.09.2020 13:00 (CET/CEST)","488","","941"
"Italy (IT)","28.09.2020 13:00 - 28.09.2020 14:00 (CET/CEST)","199","119","479"
"Italy (IT)","28.09.2020 14:00 - 28.09.2020 15:00 (CET/CEST)","127","145","556"
"Italy (IT)","28.09.2020 15:00 - 28.09.2020 16:00 (CET/CEST)","109","145","546"
"Italy (IT)","28.09.2020 16:00 - 28.09.2020 17:00 (CET/CEST)","264","145","474"
"Italy (IT)","28.09.2020 17:00 - 28.09.2020 18:00 (CET/CEST)","378","116","953"
"Italy (IT)","28.09.2020 18:00 - 28.09.2020 19:00 (CET/CEST)","1058","15","1209"
"Italy (IT)","28.09.2020 19:00 - 28.09.2020 20:00 (CET/CEST)","3022","","1474"
"Italy (IT)","28.09.2020 20:00 - 28.09.2020 21:00 (CET/CEST)","1487","","1237"
"Italy (IT)","28.09.2020 21:00 - 28.09.2020 22:00 (CET/CEST)","595","","1127"
"Italy (IT)","28.09.2020 22:00 - 28.09.2020 23:00 (CET/CEST)","167","100","600"
"Italy (IT)","28.09.2020 23:00 - 29.09.2020 00:00 (CET/CEST)","41","276","369"
"Italy (IT)","29.09.2020 00:00 - 29.09.2020 01:00 (CET/CEST)","","385","235"
"Italy (IT)","29.09.2020 01:00 - 29.09.2020 02:00 (CET/CEST)","","1015","230"
"Italy (IT)","29.09.2020 02:00 - 29.09.2020 03:00 (CET/CEST)","","1081","231"
"Italy (IT)","29.09.2020 03:00 - 29.09.2020 04:00 (CET/CEST)","","1000","249"
"Italy (IT)","29.09.2020 04:00 - 29.09.2020 05:00 (CET/CEST)","","935","276"
"Italy (IT)","29.09.2020 05:00 - 29.09.2020 06:00 (CET/CEST)","","633","325"
"Italy (IT)","29.09.2020 06:00 - 29.09.2020 07:00 (CET/CEST)","62","164","473"
"Italy (IT)","29.09.2020 07:00 - 29.09.2020 08:00 (CET/CEST)","2118","","1099"
"Italy (IT)","29.09.2020 08:00 - 29.09.2020 09:00 (CET/CEST)","3157","","1386"
"Italy (IT)","29.09.2020 09:00 - 29.09.2020 10:00 (CET/CEST)","2625","","1229"
"Italy (IT)","29.09.2020 10:00 - 29.09.2020 11:00 (CET/CEST)","1253","42","979"
"Italy (IT)","29.09.2020 11:00 - 29.09.2020 12:00 (CET/CEST)","407","123","706"
"Italy (IT)","29.09.2020 12:00 - 29.09.2020 13:00 (CET/CEST)","211","223","592"
"Italy (IT)","29.09.2020 13:00 - 29.09.2020 14:00 (CET/CEST)","193","142","463"
"Italy (IT)","29.09.2020 14:00 - 29.09.2020 15:00 (CET/CEST)","99","128","400"
"Italy (IT)","29.09.2020 15:00 - 29.09.2020 16:00 (CET/CEST)","112","221","422"
"Italy (IT)","29.09.2020 16:00 - 29.09.2020 17:00 (CET/CEST)","119","165","608"
"Italy (IT)","29.09.2020 17:00 - 29.09.2020 18:00 (CET/CEST)","910","141","938"
"Italy (IT)","29.09.2020 18:00 - 29.09.2020 19:00 (CET/CEST)","1909","97","1203"
"Italy (IT)","29.09.2020 19:00 - 29.09.2020 20:00 (CET/CEST)","3602","","1721"
"Italy (IT)","29.09.2020 20:00 - 29.09.2020 21:00 (CET/CEST)","2707","","1370"
"Italy (IT)","29.09.2020 21:00 - 29.09.2020 22:00 (CET/CEST)","870","","890"
"Italy (IT)","29.09.2020 22:00 - 29.09.2020 23:00 (CET/CEST)","457","","494"
"Italy (IT)","29.09.2020 23:00 - 30.09.2020 00:00 (CET/CEST)","0","819","448"
"Italy (IT)","30.09.2020 00:00 - 30.09.2020 01:00 (CET/CEST)","","1084","363"
"Italy (IT)","30.09.2020 01:00 - 30.09.2020 02:00 (CET/CEST)","","1099","272"
"Italy (IT)","30.09.2020 02:00 - 30.09.2020 03:00 (CET/CEST)","","1588","265"
"Italy (IT)","30.09.2020 03:00 - 30.09.2020 04:00 (CET/CEST)","","2129","265"
"Italy (IT)","30.09.2020 04:00 - 30.09.2020 05:00 (CET/CEST)","","2148","225"
"Italy (IT)","30.09.2020 05:00 - 30.09.2020 06:00 (CET/CEST)","","2049","204"
"Italy (IT)","30.09.2020 06:00 - 30.09.2020 07:00 (CET/CEST)","147","182","425"
"Italy (IT)","30.09.2020 07:00 - 30.09.2020 08:00 (CET/CEST)","555","","979"
"Italy (IT)","30.09.2020 08:00 - 30.09.2020 09:00 (CET/CEST)","1286","","1331"
"Italy (IT)","30.09.2020 09:00 - 30.09.2020 10:00 (CET/CEST)","651","2","972"
"Italy (IT)","30.09.2020 10:00 - 30.09.2020 11:00 (CET/CEST)","304","79","746"
"Italy (IT)","30.09.2020 11:00 - 30.09.2020 12:00 (CET/CEST)","294","120","395"
"Italy (IT)","30.09.2020 12:00 - 30.09.2020 13:00 (CET/CEST)","327","","345"
"Italy (IT)","30.09.2020 13:00 - 30.09.2020 14:00 (CET/CEST)","353","","313"
"Italy (IT)","30.09.2020 14:00 - 30.09.2020 15:00 (CET/CEST)","353","46","276"
"Italy (IT)","30.09.2020 15:00 - 30.09.2020 16:00 (CET/CEST)","220","146","291"
"Italy (IT)","30.09.2020 16:00 - 30.09.2020 17:00 (CET/CEST)","214","170","390"
"Italy (IT)","30.09.2020 17:00 - 30.09.2020 18:00 (CET/CEST)","465","50","769"
"Italy (IT)","30.09.2020 18:00 - 30.09.2020 19:00 (CET/CEST)","563","","1136"
"Italy (IT)","30.09.2020 19:00 - 30.09.2020 20:00 (CET/CEST)","1215","","1432"
"Italy (IT)","30.09.2020 20:00 - 30.09.2020 21:00 (CET/CEST)","773","","817"
"Italy (IT)","30.09.2020 21:00 - 30.09.2020 22:00 (CET/CEST)","542","","472"
"Italy (IT)","30.09.2020 22:00 - 30.09.2020 23:00 (CET/CEST)","396","","341"
"Italy (IT)","30.09.2020 23:00 - 01.10.2020 00:00 (CET/CEST)","67","465","325"
"Italy (IT)","01.10.2020 00:00 - 01.10.2020 01:00 (CET/CEST)","257","843","188"
"Italy (IT)","01.10.2020 01:00 - 01.10.2020 02:00 (CET/CEST)","","1452","187"
"Italy (IT)","01.10.2020 02:00 - 01.10.2020 03:00 (CET/CEST)","","1523","187"
"Italy (IT)","01.10.2020 03:00 - 01.10.2020 04:00 (CET/CEST)","","1521","175"
"Italy (IT)","01.10.2020 04:00 - 01.10.2020 05:00 (CET/CEST)","","1515","171"
"Italy (IT)","01.10.2020 05:00 - 01.10.2020 06:00 (CET/CEST)","","1498","211"
"Italy (IT)","01.10.2020 06:00 - 01.10.2020 07:00 (CET/CEST)","323","311","330"
"Italy (IT)","01.10.2020 07:00 - 01.10.2020 08:00 (CET/CEST)","345","40","706"
"Italy (IT)","01.10.2020 08:00 - 01.10.2020 09:00 (CET/CEST)","561","","1015"
"Italy (IT)","01.10.2020 09:00 - 01.10.2020 10:00 (CET/CEST)","583","32","951"
"Italy (IT)","01.10.2020 10:00 - 01.10.2020 11:00 (CET/CEST)","361","2","806"
"Italy (IT)","01.10.2020 11:00 - 01.10.2020 12:00 (CET/CEST)","338","","591"
"Italy (IT)","01.10.2020 12:00 - 01.10.2020 13:00 (CET/CEST)","232","","384"
"Italy (IT)","01.10.2020 13:00 - 01.10.2020 14:00 (CET/CEST)","231","1","288"
"Italy (IT)","01.10.2020 14:00 - 01.10.2020 15:00 (CET/CEST)","231","1","288"
"Italy (IT)","01.10.2020 15:00 - 01.10.2020 16:00 (CET/CEST)","232","","319"
"Italy (IT)","01.10.2020 16:00 - 01.10.2020 17:00 (CET/CEST)","231","78","481"
"Italy (IT)","01.10.2020 17:00 - 01.10.2020 18:00 (CET/CEST)","235","102","777"
"Italy (IT)","01.10.2020 18:00 - 01.10.2020 19:00 (CET/CEST)","558","","1133"
"Italy (IT)","01.10.2020 19:00 - 01.10.2020 20:00 (CET/CEST)","1699","","1463"
"Italy (IT)","01.10.2020 20:00 - 01.10.2020 21:00 (CET/CEST)","1252","","1440"
"Italy (IT)","01.10.2020 21:00 - 01.10.2020 22:00 (CET/CEST)","1075","","684"
"Italy (IT)","01.10.2020 22:00 - 01.10.2020 23:00 (CET/CEST)","811","","335"
"Italy (IT)","01.10.2020 23:00 - 02.10.2020 00:00 (CET/CEST)","662","","325"
"Italy (IT)","02.10.2020 00:00 - 02.10.2020 01:00 (CET/CEST)","166","194","375"
"Italy (IT)","02.10.2020 01:00 - 02.10.2020 02:00 (CET/CEST)","0","521","364"
"Italy (IT)","02.10.2020 02:00 - 02.10.2020 03:00 (CET/CEST)","0","747","361"
"Italy (IT)","02.10.2020 03:00 - 02.10.2020 04:00 (CET/CEST)","","1024","356"
"Italy (IT)","02.10.2020 04:00 - 02.10.2020 05:00 (CET/CEST)","0","783","429"
"Italy (IT)","02.10.2020 05:00 - 02.10.2020 06:00 (CET/CEST)","4","771","481"
"Italy (IT)","02.10.2020 06:00 - 02.10.2020 07:00 (CET/CEST)","495","173","922"
"Italy (IT)","02.10.2020 07:00 - 02.10.2020 08:00 (CET/CEST)","628","","1073"
"Italy (IT)","02.10.2020 08:00 - 02.10.2020 09:00 (CET/CEST)","764","","1347"
"Italy (IT)","02.10.2020 09:00 - 02.10.2020 10:00 (CET/CEST)","836","50","1285"
"Italy (IT)","02.10.2020 10:00 - 02.10.2020 11:00 (CET/CEST)","554","79","1206"
"Italy (IT)","02.10.2020 11:00 - 02.10.2020 12:00 (CET/CEST)","712","108","1187"
"Italy (IT)","02.10.2020 12:00 - 02.10.2020 13:00 (CET/CEST)","744","330","856"
"Italy (IT)","02.10.2020 13:00 - 02.10.2020 14:00 (CET/CEST)","473","551","661"
"Italy (IT)","02.10.2020 14:00 - 02.10.2020 15:00 (CET/CEST)","391","379","646"
"Italy (IT)","02.10.2020 15:00 - 02.10.2020 16:00 (CET/CEST)","392","160","670"
"Italy (IT)","02.10.2020 16:00 - 02.10.2020 17:00 (CET/CEST)","529","79","697"
"Italy (IT)","02.10.2020 17:00 - 02.10.2020 18:00 (CET/CEST)","707","79","758"
"Italy (IT)","02.10.2020 18:00 - 02.10.2020 19:00 (CET/CEST)","888","79","827"
"Italy (IT)","02.10.2020 19:00 - 02.10.2020 20:00 (CET/CEST)","1174","26","1266"
"Italy (IT)","02.10.2020 20:00 - 02.10.2020 21:00 (CET/CEST)","641","","951"
"Italy (IT)","02.10.2020 21:00 - 02.10.2020 22:00 (CET/CEST)","495","145","691"
"Italy (IT)","02.10.2020 22:00 - 02.10.2020 23:00 (CET/CEST)","191","518","654"
"Italy (IT)","02.10.2020 23:00 - 03.10.2020 00:00 (CET/CEST)","387","788","647"
"Italy (IT)","03.10.2020 00:00 - 03.10.2020 01:00 (CET/CEST)","269","927","628"
"Italy (IT)","03.10.2020 01:00 - 03.10.2020 02:00 (CET/CEST)","149","953","572"
"Italy (IT)","03.10.2020 02:00 - 03.10.2020 03:00 (CET/CEST)","10","1241","424"
"Italy (IT)","03.10.2020 03:00 - 03.10.2020 04:00 (CET/CEST)","10","1557","422"
"Italy (IT)","03.10.2020 04:00 - 03.10.2020 05:00 (CET/CEST)","10","1611","427"
"Italy (IT)","03.10.2020 05:00 - 03.10.2020 06:00 (CET/CEST)","10","1905","430"
"Italy (IT)","03.10.2020 06:00 - 03.10.2020 07:00 (CET/CEST)","10","1374","573"
"Italy (IT)","03.10.2020 07:00 - 03.10.2020 08:00 (CET/CEST)","10","371","687"
"Italy (IT)","03.10.2020 08:00 - 03.10.2020 09:00 (CET/CEST)","365","","831"
"Italy (IT)","03.10.2020 09:00 - 03.10.2020 10:00 (CET/CEST)","1161","","1153"
"Italy (IT)","03.10.2020 10:00 - 03.10.2020 11:00 (CET/CEST)","698","","1126"
"Italy (IT)","03.10.2020 11:00 - 03.10.2020 12:00 (CET/CEST)","446","","1116"
"Italy (IT)","03.10.2020 12:00 - 03.10.2020 13:00 (CET/CEST)","218","","939"
"Italy (IT)","03.10.2020 13:00 - 03.10.2020 14:00 (CET/CEST)","0","742","584"
"Italy (IT)","03.10.2020 14:00 - 03.10.2020 15:00 (CET/CEST)","","1487","604"
"Italy (IT)","03.10.2020 15:00 - 03.10.2020 16:00 (CET/CEST)","","1188","672"
"Italy (IT)","03.10.2020 16:00 - 03.10.2020 17:00 (CET/CEST)","","260","827"
"Italy (IT)","03.10.2020 17:00 - 03.10.2020 18:00 (CET/CEST)","798","156","873"
"Italy (IT)","03.10.2020 18:00 - 03.10.2020 19:00 (CET/CEST)","1112","93","998"
"Italy (IT)","03.10.2020 19:00 - 03.10.2020 20:00 (CET/CEST)","2158","46","1200"
"Italy (IT)","03.10.2020 20:00 - 03.10.2020 21:00 (CET/CEST)","1647","","1130"
"Italy (IT)","03.10.2020 21:00 - 03.10.2020 22:00 (CET/CEST)","1353","","896"
"Italy (IT)","03.10.2020 22:00 - 03.10.2020 23:00 (CET/CEST)","1225","","886"
"Italy (IT)","03.10.2020 23:00 - 04.10.2020 00:00 (CET/CEST)","1128","","879"
"Italy (IT)","04.10.2020 00:00 - 04.10.2020 01:00 (CET/CEST)","22","431","818"
"Italy (IT)","04.10.2020 01:00 - 04.10.2020 02:00 (CET/CEST)","0","857","709"
"Italy (IT)","04.10.2020 02:00 - 04.10.2020 03:00 (CET/CEST)","","818","700"
"Italy (IT)","04.10.2020 03:00 - 04.10.2020 04:00 (CET/CEST)","","1226","625"
"Italy (IT)","04.10.2020 04:00 - 04.10.2020 05:00 (CET/CEST)","","1440","616"
"Italy (IT)","04.10.2020 05:00 - 04.10.2020 06:00 (CET/CEST)","10","1291","615"
"Italy (IT)","04.10.2020 06:00 - 04.10.2020 07:00 (CET/CEST)","63","770","619"
"Italy (IT)","04.10.2020 07:00 - 04.10.2020 08:00 (CET/CEST)","71","765","584"
"Italy (IT)","04.10.2020 08:00 - 04.10.2020 09:00 (CET/CEST)","72","458","649"
"Italy (IT)","04.10.2020 09:00 - 04.10.2020 10:00 (CET/CEST)","237","143","618"
"Italy (IT)","04.10.2020 10:00 - 04.10.2020 11:00 (CET/CEST)","389","37","635"
"Italy (IT)","04.10.2020 11:00 - 04.10.2020 12:00 (CET/CEST)","148","152","643"
"Italy (IT)","04.10.2020 12:00 - 04.10.2020 13:00 (CET/CEST)","216","196","615"
"Italy (IT)","04.10.2020 13:00 - 04.10.2020 14:00 (CET/CEST)","166","166","589"
"Italy (IT)","04.10.2020 14:00 - 04.10.2020 15:00 (CET/CEST)","0","406","591"
"Italy (IT)","04.10.2020 15:00 - 04.10.2020 16:00 (CET/CEST)","0","395","591"
"Italy (IT)","04.10.2020 16:00 - 04.10.2020 17:00 (CET/CEST)","248","230","565"
"Italy (IT)","04.10.2020 17:00 - 04.10.2020 18:00 (CET/CEST)","635","","774"
"Italy (IT)","04.10.2020 18:00 - 04.10.2020 19:00 (CET/CEST)","1694","","999"
"Italy (IT)","04.10.2020 19:00 - 04.10.2020 20:00 (CET/CEST)","3004","","1186"
"Italy (IT)","04.10.2020 20:00 - 04.10.2020 21:00 (CET/CEST)","2190","","1037"
"Italy (IT)","04.10.2020 21:00 - 04.10.2020 22:00 (CET/CEST)","852","","857"
"Italy (IT)","04.10.2020 22:00 - 04.10.2020 23:00 (CET/CEST)","624","1","822"
"Italy (IT)","04.10.2020 23:00 - 05.10.2020 00:00 (CET/CEST)","240","1","668"
"Italy (IT)","05.10.2020 00:00 - 05.10.2020 01:00 (CET/CEST)","0","784","512"
"Italy (IT)","05.10.2020 01:00 - 05.10.2020 02:00 (CET/CEST)","","993","506"
"Italy (IT)","05.10.2020 02:00 - 05.10.2020 03:00 (CET/CEST)","","1340","505"
"Italy (IT)","05.10.2020 03:00 - 05.10.2020 04:00 (CET/CEST)","","1412","508"
"Italy (IT)","05.10.2020 04:00 - 05.10.2020 05:00 (CET/CEST)","","1258","512"
"Italy (IT)","05.10.2020 05:00 - 05.10.2020 06:00 (CET/CEST)","0","776","521"
"Italy (IT)","05.10.2020 06:00 - 05.10.2020 07:00 (CET/CEST)","590","17","850"
"Italy (IT)","05.10.2020 07:00 - 05.10.2020 08:00 (CET/CEST)","1624","","1221"
"Italy (IT)","05.10.2020 08:00 - 05.10.2020 09:00 (CET/CEST)","2116","","1054"
"Italy (IT)","05.10.2020 09:00 - 05.10.2020 10:00 (CET/CEST)","1975","","1054"
"Italy (IT)","05.10.2020 10:00 - 05.10.2020 11:00 (CET/CEST)","912","","1002"
"Italy (IT)","05.10.2020 11:00 - 05.10.2020 12:00 (CET/CEST)","414","97","865"
"Italy (IT)","05.10.2020 12:00 - 05.10.2020 13:00 (CET/CEST)","559","47","757"
"Italy (IT)","05.10.2020 13:00 - 05.10.2020 14:00 (CET/CEST)","403","1","761"
"Italy (IT)","05.10.2020 14:00 - 05.10.2020 15:00 (CET/CEST)","637","1","768"
"Italy (IT)","05.10.2020 15:00 - 05.10.2020 16:00 (CET/CEST)","642","1","809"
"Italy (IT)","05.10.2020 16:00 - 05.10.2020 17:00 (CET/CEST)","1003","1","831"
"Italy (IT)","05.10.2020 17:00 - 05.10.2020 18:00 (CET/CEST)","1356","62","1014"
"Italy (IT)","05.10.2020 18:00 - 05.10.2020 19:00 (CET/CEST)","1735","","1245"
"Italy (IT)","05.10.2020 19:00 - 05.10.2020 20:00 (CET/CEST)","2156","","1328"
"Italy (IT)","05.10.2020 20:00 - 05.10.2020 21:00 (CET/CEST)","2064","","1240"
"Italy (IT)","05.10.2020 21:00 - 05.10.2020 22:00 (CET/CEST)","541","24","871"
"Italy (IT)","05.10.2020 22:00 - 05.10.2020 23:00 (CET/CEST)","729","79","726"
"Italy (IT)","05.10.2020 23:00 - 06.10.2020 00:00 (CET/CEST)","1017","135","707"
"Italy (IT)","06.10.2020 00:00 - 06.10.2020 01:00 (CET/CEST)","337","127","699"
"Italy (IT)","06.10.2020 01:00 - 06.10.2020 02:00 (CET/CEST)","265","311","696"
"Italy (IT)","06.10.2020 02:00 - 06.10.2020 03:00 (CET/CEST)","265","509","697"
"Italy (IT)","06.10.2020 03:00 - 06.10.2020 04:00 (CET/CEST)","265","507","695"
"Italy (IT)","06.10.2020 04:00 - 06.10.2020 05:00 (CET/CEST)","190","504","698"
"Italy (IT)","06.10.2020 05:00 - 06.10.2020 06:00 (CET/CEST)","410","502","733"
"Italy (IT)","06.10.2020 06:00 - 06.10.2020 07:00 (CET/CEST)","633","56","1093"
"Italy (IT)","06.10.2020 07:00 - 06.10.2020 08:00 (CET/CEST)","1483","2","1376"
"Italy (IT)","06.10.2020 08:00 - 06.10.2020 09:00 (CET/CEST)","2100","2","1432"
"Italy (IT)","06.10.2020 09:00 - 06.10.2020 10:00 (CET/CEST)","2040","1","1293"
"Italy (IT)","06.10.2020 10:00 - 06.10.2020 11:00 (CET/CEST)","1061","","1267"
"Italy (IT)","06.10.2020 11:00 - 06.10.2020 12:00 (CET/CEST)","593","","1082"
"Italy (IT)","06.10.2020 12:00 - 06.10.2020 13:00 (CET/CEST)","537","230","1014"
"Italy (IT)","06.10.2020 13:00 - 06.10.2020 14:00 (CET/CEST)","540","334","731"
"Italy (IT)","06.10.2020 14:00 - 06.10.2020 15:00 (CET/CEST)","1200","553","696"
"Italy (IT)","06.10.2020 15:00 - 06.10.2020 16:00 (CET/CEST)","1015","441","790"
"Italy (IT)","06.10.2020 16:00 - 06.10.2020 17:00 (CET/CEST)","523","151","1093"
"Italy (IT)","06.10.2020 17:00 - 06.10.2020 18:00 (CET/CEST)","536","1","1221"
"Italy (IT)","06.10.2020 18:00 - 06.10.2020 19:00 (CET/CEST)","1006","","1283"
"Italy (IT)","06.10.2020 19:00 - 06.10.2020 20:00 (CET/CEST)","2841","","1469"
"Italy (IT)","06.10.2020 20:00 - 06.10.2020 21:00 (CET/CEST)","1815","","1360"
"Italy (IT)","06.10.2020 21:00 - 06.10.2020 22:00 (CET/CEST)","619","","1179"
"Italy (IT)","06.10.2020 22:00 - 06.10.2020 23:00 (CET/CEST)","500","","807"
"Italy (IT)","06.10.2020 23:00 - 07.10.2020 00:00 (CET/CEST)","508","2","755"
"Italy (IT)","07.10.2020 00:00 - 07.10.2020 01:00 (CET/CEST)","130","2","712"
"Italy (IT)","07.10.2020 01:00 - 07.10.2020 02:00 (CET/CEST)","32","217","606"
"Italy (IT)","07.10.2020 02:00 - 07.10.2020 03:00 (CET/CEST)","","583","606"
"Italy (IT)","07.10.2020 03:00 - 07.10.2020 04:00 (CET/CEST)","","1171","607"
"Italy (IT)","07.10.2020 04:00 - 07.10.2020 05:00 (CET/CEST)","","1176","607"
"Italy (IT)","07.10.2020 05:00 - 07.10.2020 06:00 (CET/CEST)","","775","614"
"Italy (IT)","07.10.2020 06:00 - 07.10.2020 07:00 (CET/CEST)","","240","808"
"Italy (IT)","07.10.2020 07:00 - 07.10.2020 08:00 (CET/CEST)","724","3","1118"
"Italy (IT)","07.10.2020 08:00 - 07.10.2020 09:00 (CET/CEST)","1807","3","1268"
"Italy (IT)","07.10.2020 09:00 - 07.10.2020 10:00 (CET/CEST)","1570","2","1266"
"Italy (IT)","07.10.2020 10:00 - 07.10.2020 11:00 (CET/CEST)","912","","1199"
"Italy (IT)","07.10.2020 11:00 - 07.10.2020 12:00 (CET/CEST)","598","53","1136"
"Italy (IT)","07.10.2020 12:00 - 07.10.2020 13:00 (CET/CEST)","445","80","1002"
"Italy (IT)","07.10.2020 13:00 - 07.10.2020 14:00 (CET/CEST)","342","80","809"
"Italy (IT)","07.10.2020 14:00 - 07.10.2020 15:00 (CET/CEST)","503","198","811"
"Italy (IT)","07.10.2020 15:00 - 07.10.2020 16:00 (CET/CEST)","797","108","867"
"Italy (IT)","07.10.2020 16:00 - 07.10.2020 17:00 (CET/CEST)","647","74","907"
"Italy (IT)","07.10.2020 17:00 - 07.10.2020 18:00 (CET/CEST)","753","","997"
"Italy (IT)","07.10.2020 18:00 - 07.10.2020 19:00 (CET/CEST)","1549","","1172"
"Italy (IT)","07.10.2020 19:00 - 07.10.2020 20:00 (CET/CEST)","2864","","1331"
"Italy (IT)","07.10.2020 20:00 - 07.10.2020 21:00 (CET/CEST)","2214","","1392"
"Italy (IT)","07.10.2020 21:00 - 07.10.2020 22:00 (CET/CEST)","744","","1161"
"Italy (IT)","07.10.2020 22:00 - 07.10.2020 23:00 (CET/CEST)","617","","851"
"Italy (IT)","07.10.2020 23:00 - 08.10.2020 00:00 (CET/CEST)","511","2","836"
"Italy (IT)","08.10.2020 00:00 - 08.10.2020 01:00 (CET/CEST)","6","209","621"
"Italy (IT)","08.10.2020 01:00 - 08.10.2020 02:00 (CET/CEST)","324","156","617"
"Italy (IT)","08.10.2020 02:00 - 08.10.2020 03:00 (CET/CEST)","396","118","572"
"Italy (IT)","08.10.2020 03:00 - 08.10.2020 04:00 (CET/CEST)","366","195","570"
"Italy (IT)","08.10.2020 04:00 - 08.10.2020 05:00 (CET/CEST)","370","482","572"
"Italy (IT)","08.10.2020 05:00 - 08.10.2020 06:00 (CET/CEST)","462","671","577"
"Italy (IT)","08.10.2020 06:00 - 08.10.2020 07:00 (CET/CEST)","541","500","815"
"Italy (IT)","08.10.2020 07:00 - 08.10.2020 08:00 (CET/CEST)","630","21","1419"
"Italy (IT)","08.10.2020 08:00 - 08.10.2020 09:00 (CET/CEST)","1361","27","1401"
"Italy (IT)","08.10.2020 09:00 - 08.10.2020 10:00 (CET/CEST)","1350","143","1220"
"Italy (IT)","08.10.2020 10:00 - 08.10.2020 11:00 (CET/CEST)","577","252","1010"
"Italy (IT)","08.10.2020 11:00 - 08.10.2020 12:00 (CET/CEST)","497","643","793"
"Italy (IT)","08.10.2020 12:00 - 08.10.2020 13:00 (CET/CEST)","433","399","613"
"Italy (IT)","08.10.2020 13:00 - 08.10.2020 14:00 (CET/CEST)","","542","613"
"Italy (IT)","08.10.2020 14:00 - 08.10.2020 15:00 (CET/CEST)","","957","614"
"Italy (IT)","08.10.2020 15:00 - 08.10.2020 16:00 (CET/CEST)","","414","622"
"Italy (IT)","08.10.2020 16:00 - 08.10.2020 17:00 (CET/CEST)","355","80","862"
"Italy (IT)","08.10.2020 17:00 - 08.10.2020 18:00 (CET/CEST)","588","131","1089"
"Italy (IT)","08.10.2020 18:00 - 08.10.2020 19:00 (CET/CEST)","979","44","1308"
"Italy (IT)","08.10.2020 19:00 - 08.10.2020 20:00 (CET/CEST)","2394","","1543"
"Italy (IT)","08.10.2020 20:00 - 08.10.2020 21:00 (CET/CEST)","2090","","1517"
"Italy (IT)","08.10.2020 21:00 - 08.10.2020 22:00 (CET/CEST)","1169","","1100"
"Italy (IT)","08.10.2020 22:00 - 08.10.2020 23:00 (CET/CEST)","786","2","842"
"Italy (IT)","08.10.2020 23:00 - 09.10.2020 00:00 (CET/CEST)","892","79","733"
"Italy (IT)","09.10.2020 00:00 - 09.10.2020 01:00 (CET/CEST)","409","205","575"
"Italy (IT)","09.10.2020 01:00 - 09.10.2020 02:00 (CET/CEST)","352","189","574"
"Italy (IT)","09.10.2020 02:00 - 09.10.2020 03:00 (CET/CEST)","433","","574"
"Italy (IT)","09.10.2020 03:00 - 09.10.2020 04:00 (CET/CEST)","449","1","577"
"Italy (IT)","09.10.2020 04:00 - 09.10.2020 05:00 (CET/CEST)","227","341","594"
"Italy (IT)","09.10.2020 05:00 - 09.10.2020 06:00 (CET/CEST)","78","398","610"
"Italy (IT)","09.10.2020 06:00 - 09.10.2020 07:00 (CET/CEST)","502","151","979"
"Italy (IT)","09.10.2020 07:00 - 09.10.2020 08:00 (CET/CEST)","1345","121","1380"
"Italy (IT)","09.10.2020 08:00 - 09.10.2020 09:00 (CET/CEST)","2402","17","1539"
"Italy (IT)","09.10.2020 09:00 - 09.10.2020 10:00 (CET/CEST)","2537","136","1491"
"Italy (IT)","09.10.2020 10:00 - 09.10.2020 11:00 (CET/CEST)","1606","","1432"
"Italy (IT)","09.10.2020 11:00 - 09.10.2020 12:00 (CET/CEST)","1270","","1128"
"Italy (IT)","09.10.2020 12:00 - 09.10.2020 13:00 (CET/CEST)","1026","","905"
"Italy (IT)","09.10.2020 13:00 - 09.10.2020 14:00 (CET/CEST)","514","153","785"
"Italy (IT)","09.10.2020 14:00 - 09.10.2020 15:00 (CET/CEST)","514","129","790"
"Italy (IT)","09.10.2020 15:00 - 09.10.2020 16:00 (CET/CEST)","558","1","977"
"Italy (IT)","09.10.2020 16:00 - 09.10.2020 17:00 (CET/CEST)","796","1","1149"
"Italy (IT)","09.10.2020 17:00 - 09.10.2020 18:00 (CET/CEST)","911","149","1182"
"Italy (IT)","09.10.2020 18:00 - 09.10.2020 19:00 (CET/CEST)","1872","54","1345"
"Italy (IT)","09.10.2020 19:00 - 09.10.2020 20:00 (CET/CEST)","2968","","1570"
"Italy (IT)","09.10.2020 20:00 - 09.10.2020 21:00 (CET/CEST)","1702","","1289"
"Italy (IT)","09.10.2020 21:00 - 09.10.2020 22:00 (CET/CEST)","942","","811"
"Italy (IT)","09.10.2020 22:00 - 09.10.2020 23:00 (CET/CEST)","597","52","770"
"Italy (IT)","09.10.2020 23:00 - 10.10.2020 00:00 (CET/CEST)","573","98","768"
"Italy (IT)","10.10.2020 00:00 - 10.10.2020 01:00 (CET/CEST)","440","158","558"
"Italy (IT)","10.10.2020 01:00 - 10.10.2020 02:00 (CET/CEST)","439","234","491"
"Italy (IT)","10.10.2020 02:00 - 10.10.2020 03:00 (CET/CEST)","277","362","491"
"Italy (IT)","10.10.2020 03:00 - 10.10.2020 04:00 (CET/CEST)","349","241","490"
"Italy (IT)","10.10.2020 04:00 - 10.10.2020 05:00 (CET/CEST)","145","241","490"
"Italy (IT)","10.10.2020 05:00 - 10.10.2020 06:00 (CET/CEST)","129","240","490"
"Italy (IT)","10.10.2020 06:00 - 10.10.2020 07:00 (CET/CEST)","106","309","468"
"Italy (IT)","10.10.2020 07:00 - 10.10.2020 08:00 (CET/CEST)","409","128","558"
"Italy (IT)","10.10.2020 08:00 - 10.10.2020 09:00 (CET/CEST)","723","","605"
"Italy (IT)","10.10.2020 09:00 - 10.10.2020 10:00 (CET/CEST)","734","","630"
"Italy (IT)","10.10.2020 10:00 - 10.10.2020 11:00 (CET/CEST)","709","","583"
"Italy (IT)","10.10.2020 11:00 - 10.10.2020 12:00 (CET/CEST)","576","","507"
"Italy (IT)","10.10.2020 12:00 - 10.10.2020 13:00 (CET/CEST)","417","83","457"
"Italy (IT)","10.10.2020 13:00 - 10.10.2020 14:00 (CET/CEST)","403","398","457"
"Italy (IT)","10.10.2020 14:00 - 10.10.2020 15:00 (CET/CEST)","242","573","460"
"Italy (IT)","10.10.2020 15:00 - 10.10.2020 16:00 (CET/CEST)","241","570","467"
"Italy (IT)","10.10.2020 16:00 - 10.10.2020 17:00 (CET/CEST)","439","246","623"
"Italy (IT)","10.10.2020 17:00 - 10.10.2020 18:00 (CET/CEST)","532","190","703"
"Italy (IT)","10.10.2020 18:00 - 10.10.2020 19:00 (CET/CEST)","700","","1117"
"Italy (IT)","10.10.2020 19:00 - 10.10.2020 20:00 (CET/CEST)","1438","","1412"
"Italy (IT)","10.10.2020 20:00 - 10.10.2020 21:00 (CET/CEST)","1152","","1072"
"Italy (IT)","10.10.2020 21:00 - 10.10.2020 22:00 (CET/CEST)","826","1","779"
"Italy (IT)","10.10.2020 22:00 - 10.10.2020 23:00 (CET/CEST)","589","56","777"
"Italy (IT)","10.10.2020 23:00 - 11.10.2020 00:00 (CET/CEST)","570","","774"
"Italy (IT)","11.10.2020 00:00 - 11.10.2020 01:00 (CET/CEST)","425","","541"
"Italy (IT)","11.10.2020 01:00 - 11.10.2020 02:00 (CET/CEST)","206","","563"
"Italy (IT)","11.10.2020 02:00 - 11.10.2020 03:00 (CET/CEST)","173","33","564"
"Italy (IT)","11.10.2020 03:00 - 11.10.2020 04:00 (CET/CEST)","0","448","562"
"Italy (IT)","11.10.2020 04:00 - 11.10.2020 05:00 (CET/CEST)","0","448","563"
"Italy (IT)","11.10.2020 05:00 - 11.10.2020 06:00 (CET/CEST)","71","289","563"
"Italy (IT)","11.10.2020 06:00 - 11.10.2020 07:00 (CET/CEST)","70","189","567"
"Italy (IT)","11.10.2020 07:00 - 11.10.2020 08:00 (CET/CEST)","65","90","572"
"Italy (IT)","11.10.2020 08:00 - 11.10.2020 09:00 (CET/CEST)","326","155","579"
"Italy (IT)","11.10.2020 09:00 - 11.10.2020 10:00 (CET/CEST)","391","","595"
"Italy (IT)","11.10.2020 10:00 - 11.10.2020 11:00 (CET/CEST)","540","","579"
"Italy (IT)","11.10.2020 11:00 - 11.10.2020 12:00 (CET/CEST)","977","","593"
"Italy (IT)","11.10.2020 12:00 - 11.10.2020 13:00 (CET/CEST)","748","7","772"
"Italy (IT)","11.10.2020 13:00 - 11.10.2020 14:00 (CET/CEST)","734","671","832"
"Italy (IT)","11.10.2020 14:00 - 11.10.2020 15:00 (CET/CEST)","732","1027","834"
"Italy (IT)","11.10.2020 15:00 - 11.10.2020 16:00 (CET/CEST)","386","1024","753"
"Italy (IT)","11.10.2020 16:00 - 11.10.2020 17:00 (CET/CEST)","295","841","593"
"Italy (IT)","11.10.2020 17:00 - 11.10.2020 18:00 (CET/CEST)","536","584","584"
"Italy (IT)","11.10.2020 18:00 - 11.10.2020 19:00 (CET/CEST)","779","31","884"
"Italy (IT)","11.10.2020 19:00 - 11.10.2020 20:00 (CET/CEST)","2334","","1259"
"Italy (IT)","11.10.2020 20:00 - 11.10.2020 21:00 (CET/CEST)","1240","","1144"
"Italy (IT)","11.10.2020 21:00 - 11.10.2020 22:00 (CET/CEST)","862","79","758"
"Italy (IT)","11.10.2020 22:00 - 11.10.2020 23:00 (CET/CEST)","575","61","674"
"Italy (IT)","11.10.2020 23:00 - 12.10.2020 00:00 (CET/CEST)","95","174","613"
"Italy (IT)","12.10.2020 00:00 - 12.10.2020 01:00 (CET/CEST)","0","783","557"
"Italy (IT)","12.10.2020 01:00 - 12.10.2020 02:00 (CET/CEST)","0","833","557"
"Italy (IT)","12.10.2020 02:00 - 12.10.2020 03:00 (CET/CEST)","0","878","552"
"Italy (IT)","12.10.2020 03:00 - 12.10.2020 04:00 (CET/CEST)","0","1003","551"
"Italy (IT)","12.10.2020 04:00 - 12.10.2020 05:00 (CET/CEST)","0","1345","538"
"Italy (IT)","12.10.2020 05:00 - 12.10.2020 06:00 (CET/CEST)","0","1332","557"
"Italy (IT)","12.10.2020 06:00 - 12.10.2020 07:00 (CET/CEST)","309","259","823"
"Italy (IT)","12.10.2020 07:00 - 12.10.2020 08:00 (CET/CEST)","1329","","1475"
"Italy (IT)","12.10.2020 08:00 - 12.10.2020 09:00 (CET/CEST)","1654","","1680"
"Italy (IT)","12.10.2020 09:00 - 12.10.2020 10:00 (CET/CEST)","1477","","1677"
"Italy (IT)","12.10.2020 10:00 - 12.10.2020 11:00 (CET/CEST)","1295","","1557"
"Italy (IT)","12.10.2020 11:00 - 12.10.2020 12:00 (CET/CEST)","829","","1518"
"Italy (IT)","12.10.2020 12:00 - 12.10.2020 13:00 (CET/CEST)","499","1","1233"
"Italy (IT)","12.10.2020 13:00 - 12.10.2020 14:00 (CET/CEST)","388","1","814"
"Italy (IT)","12.10.2020 14:00 - 12.10.2020 15:00 (CET/CEST)","388","73","769"
"Italy (IT)","12.10.2020 15:00 - 12.10.2020 16:00 (CET/CEST)","396","80","781"
"Italy (IT)","12.10.2020 16:00 - 12.10.2020 17:00 (CET/CEST)","437","30","1025"
"Italy (IT)","12.10.2020 17:00 - 12.10.2020 18:00 (CET/CEST)","933","2","1311"
"Italy (IT)","12.10.2020 18:00 - 12.10.2020 19:00 (CET/CEST)","1405","","1444"
"Italy (IT)","12.10.2020 19:00 - 12.10.2020 20:00 (CET/CEST)","3624","","1548"
"Italy (IT)","12.10.2020 20:00 - 12.10.2020 21:00 (CET/CEST)","988","","1491"
"Italy (IT)","12.10.2020 21:00 - 12.10.2020 22:00 (CET/CEST)","757","","1312"
"Italy (IT)","12.10.2020 22:00 - 12.10.2020 23:00 (CET/CEST)","537","","732"
"Italy (IT)","12.10.2020 23:00 - 13.10.2020 00:00 (CET/CEST)","351","47","631"
"Italy (IT)","13.10.2020 00:00 - 13.10.2020 01:00 (CET/CEST)","89","335","550"
"Italy (IT)","13.10.2020 01:00 - 13.10.2020 02:00 (CET/CEST)","0","598","558"
"Italy (IT)","13.10.2020 02:00 - 13.10.2020 03:00 (CET/CEST)","0","1044","557"
"Italy (IT)","13.10.2020 03:00 - 13.10.2020 04:00 (CET/CEST)","0","1490","557"
"Italy (IT)","13.10.2020 04:00 - 13.10.2020 05:00 (CET/CEST)","0","1189","557"
"Italy (IT)","13.10.2020 05:00 - 13.10.2020 06:00 (CET/CEST)","174","580","583"
"Italy (IT)","13.10.2020 06:00 - 13.10.2020 07:00 (CET/CEST)","484","435","781"
"Italy (IT)","13.10.2020 07:00 - 13.10.2020 08:00 (CET/CEST)","988","122","1303"
"Italy (IT)","13.10.2020 08:00 - 13.10.2020 09:00 (CET/CEST)","1309","","1452"
"Italy (IT)","13.10.2020 09:00 - 13.10.2020 10:00 (CET/CEST)","1153","","1344"
"Italy (IT)","13.10.2020 10:00 - 13.10.2020 11:00 (CET/CEST)","718","1","1134"
"Italy (IT)","13.10.2020 11:00 - 13.10.2020 12:00 (CET/CEST)","486","","974"
"Italy (IT)","13.10.2020 12:00 - 13.10.2020 13:00 (CET/CEST)","384","1","798"
"Italy (IT)","13.10.2020 13:00 - 13.10.2020 14:00 (CET/CEST)","391","41","655"
"Italy (IT)","13.10.2020 14:00 - 13.10.2020 15:00 (CET/CEST)","383","163","613"
"Italy (IT)","13.10.2020 15:00 - 13.10.2020 16:00 (CET/CEST)","384","224","662"
"Italy (IT)","13.10.2020 16:00 - 13.10.2020 17:00 (CET/CEST)","425","77","710"
"Italy (IT)","13.10.2020 17:00 - 13.10.2020 18:00 (CET/CEST)","588","2","1188"
"Italy (IT)","13.10.2020 18:00 - 13.10.2020 19:00 (CET/CEST)","1022","","1287"
"Italy (IT)","13.10.2020 19:00 - 13.10.2020 20:00 (CET/CEST)","1991","","1645"
"Italy (IT)","13.10.2020 20:00 - 13.10.2020 21:00 (CET/CEST)","1301","","1350"
"Italy (IT)","13.10.2020 21:00 - 13.10.2020 22:00 (CET/CEST)","1190","","894"
"Italy (IT)","13.10.2020 22:00 - 13.10.2020 23:00 (CET/CEST)","875","","653"
"Italy (IT)","13.10.2020 23:00 - 14.10.2020 00:00 (CET/CEST)","874","","577"
"Italy (IT)","14.10.2020 00:00 - 14.10.2020 01:00 (CET/CEST)","236","","539"
"Italy (IT)","14.10.2020 01:00 - 14.10.2020 02:00 (CET/CEST)","0","614","538"
"Italy (IT)","14.10.2020 02:00 - 14.10.2020 03:00 (CET/CEST)","0","474","538"
"Italy (IT)","14.10.2020 03:00 - 14.10.2020 04:00 (CET/CEST)","0","639","538"
"Italy (IT)","14.10.2020 04:00 - 14.10.2020 05:00 (CET/CEST)","0","639","539"
"Italy (IT)","14.10.2020 05:00 - 14.10.2020 06:00 (CET/CEST)","0","206","549"
"Italy (IT)","14.10.2020 06:00 - 14.10.2020 07:00 (CET/CEST)","355","107","773"
"Italy (IT)","14.10.2020 07:00 - 14.10.2020 08:00 (CET/CEST)","618","130","1242"
"Italy (IT)","14.10.2020 08:00 - 14.10.2020 09:00 (CET/CEST)","1663","116","1339"
"Italy (IT)","14.10.2020 09:00 - 14.10.2020 10:00 (CET/CEST)","1089","","1343"
"Italy (IT)","14.10.2020 10:00 - 14.10.2020 11:00 (CET/CEST)","632","1","1055"
"Italy (IT)","14.10.2020 11:00 - 14.10.2020 12:00 (CET/CEST)","365","85","1010"
"Italy (IT)","14.10.2020 12:00 - 14.10.2020 13:00 (CET/CEST)","197","400","748"
"Italy (IT)","14.10.2020 13:00 - 14.10.2020 14:00 (CET/CEST)","219","577","662"
"Italy (IT)","14.10.2020 14:00 - 14.10.2020 15:00 (CET/CEST)","219","518","762"
"Italy (IT)","14.10.2020 15:00 - 14.10.2020 16:00 (CET/CEST)","203","17","884"
"Italy (IT)","14.10.2020 16:00 - 14.10.2020 17:00 (CET/CEST)","417","2","1009"
"Italy (IT)","14.10.2020 17:00 - 14.10.2020 18:00 (CET/CEST)","602","35","1175"
"Italy (IT)","14.10.2020 18:00 - 14.10.2020 19:00 (CET/CEST)","2349","79","1602"
"Italy (IT)","14.10.2020 19:00 - 14.10.2020 20:00 (CET/CEST)","2865","79","1796"
"Italy (IT)","14.10.2020 20:00 - 14.10.2020 21:00 (CET/CEST)","1394","123","1440"
"Italy (IT)","14.10.2020 21:00 - 14.10.2020 22:00 (CET/CEST)","526","156","1112"
"Italy (IT)","14.10.2020 22:00 - 14.10.2020 23:00 (CET/CEST)","195","68","746"
"Italy (IT)","14.10.2020 23:00 - 15.10.2020 00:00 (CET/CEST)","203","","665"
"Italy (IT)","15.10.2020 00:00 - 15.10.2020 01:00 (CET/CEST)","68","","614"
"Italy (IT)","15.10.2020 01:00 - 15.10.2020 02:00 (CET/CEST)","52","670","596"
"Italy (IT)","15.10.2020 02:00 - 15.10.2020 03:00 (CET/CEST)","60","1465","597"
"Italy (IT)","15.10.2020 03:00 - 15.10.2020 04:00 (CET/CEST)","52","1566","606"
"Italy (IT)","15.10.2020 04:00 - 15.10.2020 05:00 (CET/CEST)","52","1442","622"
"Italy (IT)","15.10.2020 05:00 - 15.10.2020 06:00 (CET/CEST)","52","1210","622"
"Italy (IT)","15.10.2020 06:00 - 15.10.2020 07:00 (CET/CEST)","52","436","670"
"Italy (IT)","15.10.2020 07:00 - 15.10.2020 08:00 (CET/CEST)","468","106","805"
"Italy (IT)","15.10.2020 08:00 - 15.10.2020 09:00 (CET/CEST)","1226","","1112"
"Italy (IT)","15.10.2020 09:00 - 15.10.2020 10:00 (CET/CEST)","916","","1334"
"Italy (IT)","15.10.2020 10:00 - 15.10.2020 11:00 (CET/CEST)","1068","","1279"
"Italy (IT)","15.10.2020 11:00 - 15.10.2020 12:00 (CET/CEST)","899","","1114"
"Italy (IT)","15.10.2020 12:00 - 15.10.2020 13:00 (CET/CEST)","675","25","862"
"Italy (IT)","15.10.2020 13:00 - 15.10.2020 14:00 (CET/CEST)","550","100","858"
"Italy (IT)","15.10.2020 14:00 - 15.10.2020 15:00 (CET/CEST)","221","246","748"
"Italy (IT)","15.10.2020 15:00 - 15.10.2020 16:00 (CET/CEST)","191","241","725"
"Italy (IT)","15.10.2020 16:00 - 15.10.2020 17:00 (CET/CEST)","300","79","779"
"Italy (IT)","15.10.2020 17:00 - 15.10.2020 18:00 (CET/CEST)","414","55","799"
"Italy (IT)","15.10.2020 18:00 - 15.10.2020 19:00 (CET/CEST)","1140","","1251"
"Italy (IT)","15.10.2020 19:00 - 15.10.2020 20:00 (CET/CEST)","1562","","1506"
"Italy (IT)","15.10.2020 20:00 - 15.10.2020 21:00 (CET/CEST)","1288","","1073"
"Italy (IT)","15.10.2020 21:00 - 15.10.2020 22:00 (CET/CEST)","426","","844"
"Italy (IT)","15.10.2020 22:00 - 15.10.2020 23:00 (CET/CEST)","42","719","764"
"Italy (IT)","15.10.2020 23:00 - 16.10.2020 00:00 (CET/CEST)","48","743","709"
"Italy (IT)","16.10.2020 00:00 - 16.10.2020 01:00 (CET/CEST)","17","399","607"
"Italy (IT)","16.10.2020 01:00 - 16.10.2020 02:00 (CET/CEST)","20","36","608"
"Italy (IT)","16.10.2020 02:00 - 16.10.2020 03:00 (CET/CEST)","22","73","608"
"Italy (IT)","16.10.2020 03:00 - 16.10.2020 04:00 (CET/CEST)","22","245","607"
"Italy (IT)","16.10.2020 04:00 - 16.10.2020 05:00 (CET/CEST)","43","421","608"
"Italy (IT)","16.10.2020 05:00 - 16.10.2020 06:00 (CET/CEST)","10","492","609"
"Italy (IT)","16.10.2020 06:00 - 16.10.2020 07:00 (CET/CEST)","381","245","768"
"Italy (IT)","16.10.2020 07:00 - 16.10.2020 08:00 (CET/CEST)","1133","88","1321"
"Italy (IT)","16.10.2020 08:00 - 16.10.2020 09:00 (CET/CEST)","1601","","1704"
"Italy (IT)","16.10.2020 09:00 - 16.10.2020 10:00 (CET/CEST)","1309","28","1499"
"Italy (IT)","16.10.2020 10:00 - 16.10.2020 11:00 (CET/CEST)","1049","4","1367"
"Italy (IT)","16.10.2020 11:00 - 16.10.2020 12:00 (CET/CEST)","670","18","1303"
"Italy (IT)","16.10.2020 12:00 - 16.10.2020 13:00 (CET/CEST)","519","","1277"
"Italy (IT)","16.10.2020 13:00 - 16.10.2020 14:00 (CET/CEST)","439","112","700"
"Italy (IT)","16.10.2020 14:00 - 16.10.2020 15:00 (CET/CEST)","320","411","683"
"Italy (IT)","16.10.2020 15:00 - 16.10.2020 16:00 (CET/CEST)","270","318","763"
"Italy (IT)","16.10.2020 16:00 - 16.10.2020 17:00 (CET/CEST)","266","168","810"
"Italy (IT)","16.10.2020 17:00 - 16.10.2020 18:00 (CET/CEST)","718","1","920"
"Italy (IT)","16.10.2020 18:00 - 16.10.2020 19:00 (CET/CEST)","843","","1375"
"Italy (IT)","16.10.2020 19:00 - 16.10.2020 20:00 (CET/CEST)","1794","","1478"
"Italy (IT)","16.10.2020 20:00 - 16.10.2020 21:00 (CET/CEST)","1263","","1242"
"Italy (IT)","16.10.2020 21:00 - 16.10.2020 22:00 (CET/CEST)","828","","1089"
"Italy (IT)","16.10.2020 22:00 - 16.10.2020 23:00 (CET/CEST)","467","23","754"
"Italy (IT)","16.10.2020 23:00 - 17.10.2020 00:00 (CET/CEST)","80","154","695"
"Italy (IT)","17.10.2020 00:00 - 17.10.2020 01:00 (CET/CEST)","47","153","557"
"Italy (IT)","17.10.2020 01:00 - 17.10.2020 02:00 (CET/CEST)","89","306","523"
"Italy (IT)","17.10.2020 02:00 - 17.10.2020 03:00 (CET/CEST)","","577","511"
"Italy (IT)","17.10.2020 03:00 - 17.10.2020 04:00 (CET/CEST)","","834","506"
"Italy (IT)","17.10.2020 04:00 - 17.10.2020 05:00 (CET/CEST)","7","804","445"
"Italy (IT)","17.10.2020 05:00 - 17.10.2020 06:00 (CET/CEST)","132","725","498"
"Italy (IT)","17.10.2020 06:00 - 17.10.2020 07:00 (CET/CEST)","150","401","536"
"Italy (IT)","17.10.2020 07:00 - 17.10.2020 08:00 (CET/CEST)","315","25","799"
"Italy (IT)","17.10.2020 08:00 - 17.10.2020 09:00 (CET/CEST)","1008","2","1311"
"Italy (IT)","17.10.2020 09:00 - 17.10.2020 10:00 (CET/CEST)","840","2","1409"
"Italy (IT)","17.10.2020 10:00 - 17.10.2020 11:00 (CET/CEST)","702","","1122"
"Italy (IT)","17.10.2020 11:00 - 17.10.2020 12:00 (CET/CEST)","441","","1097"
"Italy (IT)","17.10.2020 12:00 - 17.10.2020 13:00 (CET/CEST)","178","","652"
"Italy (IT)","17.10.2020 13:00 - 17.10.2020 14:00 (CET/CEST)","174","127","549"
"Italy (IT)","17.10.2020 14:00 - 17.10.2020 15:00 (CET/CEST)","8","385","536"
"Italy (IT)","17.10.2020 15:00 - 17.10.2020 16:00 (CET/CEST)","8","203","534"
"Italy (IT)","17.10.2020 16:00 - 17.10.2020 17:00 (CET/CEST)","165","47","602"
"Italy (IT)","17.10.2020 17:00 - 17.10.2020 18:00 (CET/CEST)","904","85","1133"
"Italy (IT)","17.10.2020 18:00 - 17.10.2020 19:00 (CET/CEST)","1412","","1693"
"Italy (IT)","17.10.2020 19:00 - 17.10.2020 20:00 (CET/CEST)","2039","","1784"
"Italy (IT)","17.10.2020 20:00 - 17.10.2020 21:00 (CET/CEST)","1518","","1707"
"Italy (IT)","17.10.2020 21:00 - 17.10.2020 22:00 (CET/CEST)","826","","966"
"Italy (IT)","17.10.2020 22:00 - 17.10.2020 23:00 (CET/CEST)","231","","742"
"Italy (IT)","17.10.2020 23:00 - 18.10.2020 00:00 (CET/CEST)","171","","606"
"Italy (IT)","18.10.2020 00:00 - 18.10.2020 01:00 (CET/CEST)","154","79","606"
"Italy (IT)","18.10.2020 01:00 - 18.10.2020 02:00 (CET/CEST)","31","108","513"
"Italy (IT)","18.10.2020 02:00 - 18.10.2020 03:00 (CET/CEST)","","708","513"
"Italy (IT)","18.10.2020 03:00 - 18.10.2020 04:00 (CET/CEST)","","882","507"
"Italy (IT)","18.10.2020 04:00 - 18.10.2020 05:00 (CET/CEST)","","946","475"
"Italy (IT)","18.10.2020 05:00 - 18.10.2020 06:00 (CET/CEST)","","853","507"
"Italy (IT)","18.10.2020 06:00 - 18.10.2020 07:00 (CET/CEST)","60","745","582"
"Italy (IT)","18.10.2020 07:00 - 18.10.2020 08:00 (CET/CEST)","153","680","623"
"Italy (IT)","18.10.2020 08:00 - 18.10.2020 09:00 (CET/CEST)","156","310","590"
"Italy (IT)","18.10.2020 09:00 - 18.10.2020 10:00 (CET/CEST)","636","37","591"
"Italy (IT)","18.10.2020 10:00 - 18.10.2020 11:00 (CET/CEST)","570","","591"
"Italy (IT)","18.10.2020 11:00 - 18.10.2020 12:00 (CET/CEST)","514","","617"
"Italy (IT)","18.10.2020 12:00 - 18.10.2020 13:00 (CET/CEST)","458","2","769"
"Italy (IT)","18.10.2020 13:00 - 18.10.2020 14:00 (CET/CEST)","388","2","746"
"Italy (IT)","18.10.2020 14:00 - 18.10.2020 15:00 (CET/CEST)","106","644","521"
"Italy (IT)","18.10.2020 15:00 - 18.10.2020 16:00 (CET/CEST)","106","985","523"
"Italy (IT)","18.10.2020 16:00 - 18.10.2020 17:00 (CET/CEST)","106","574","573"
"Italy (IT)","18.10.2020 17:00 - 18.10.2020 18:00 (CET/CEST)","551","","656"
"Italy (IT)","18.10.2020 18:00 - 18.10.2020 19:00 (CET/CEST)","1116","25","1380"
"Italy (IT)","18.10.2020 19:00 - 18.10.2020 20:00 (CET/CEST)","2197","","1700"
"Italy (IT)","18.10.2020 20:00 - 18.10.2020 21:00 (CET/CEST)","2281","","1698"
"Italy (IT)","18.10.2020 21:00 - 18.10.2020 22:00 (CET/CEST)","1179","","1421"
"Italy (IT)","18.10.2020 22:00 - 18.10.2020 23:00 (CET/CEST)","312","62","668"
"Italy (IT)","18.10.2020 23:00 - 19.10.2020 00:00 (CET/CEST)","125","245","564"
"Italy (IT)","19.10.2020 00:00 - 19.10.2020 01:00 (CET/CEST)","33","409","505"
"Italy (IT)","19.10.2020 01:00 - 19.10.2020 02:00 (CET/CEST)","123","493","484"
"Italy (IT)","19.10.2020 02:00 - 19.10.2020 03:00 (CET/CEST)","","793","482"
"Italy (IT)","19.10.2020 03:00 - 19.10.2020 04:00 (CET/CEST)","","1153","482"
"Italy (IT)","19.10.2020 04:00 - 19.10.2020 05:00 (CET/CEST)","","1117","482"
"Italy (IT)","19.10.2020 05:00 - 19.10.2020 06:00 (CET/CEST)","87","675","491"
"Italy (IT)","19.10.2020 06:00 - 19.10.2020 07:00 (CET/CEST)","133","95","770"
"Italy (IT)","19.10.2020 07:00 - 19.10.2020 08:00 (CET/CEST)","1157","","1309"
"Italy (IT)","19.10.2020 08:00 - 19.10.2020 09:00 (CET/CEST)","2993","","1691"
"Italy (IT)","19.10.2020 09:00 - 19.10.2020 10:00 (CET/CEST)","1824","22","1369"
"Italy (IT)","19.10.2020 10:00 - 19.10.2020 11:00 (CET/CEST)","730","153","1029"
"Italy (IT)","19.10.2020 11:00 - 19.10.2020 12:00 (CET/CEST)","730","153","594"
"Italy (IT)","19.10.2020 12:00 - 19.10.2020 13:00 (CET/CEST)","272","153","552"
"Italy (IT)","19.10.2020 13:00 - 19.10.2020 14:00 (CET/CEST)","145","152","568"
"Italy (IT)","19.10.2020 14:00 - 19.10.2020 15:00 (CET/CEST)","135","130","585"
"Italy (IT)","19.10.2020 15:00 - 19.10.2020 16:00 (CET/CEST)","100","","580"
"Italy (IT)","19.10.2020 16:00 - 19.10.2020 17:00 (CET/CEST)","198","23","551"
"Italy (IT)","19.10.2020 17:00 - 19.10.2020 18:00 (CET/CEST)","596","109","846"
"Italy (IT)","19.10.2020 18:00 - 19.10.2020 19:00 (CET/CEST)","1020","","1308"
"Italy (IT)","19.10.2020 19:00 - 19.10.2020 20:00 (CET/CEST)","2595","","1555"
"Italy (IT)","19.10.2020 20:00 - 19.10.2020 21:00 (CET/CEST)","1299","","1254"
"Italy (IT)","19.10.2020 21:00 - 19.10.2020 22:00 (CET/CEST)","902","","714"
"Italy (IT)","19.10.2020 22:00 - 19.10.2020 23:00 (CET/CEST)","628","","568"
"Italy (IT)","19.10.2020 23:00 - 20.10.2020 00:00 (CET/CEST)","455","1","557"
"Italy (IT)","20.10.2020 00:00 - 20.10.2020 01:00 (CET/CEST)","159","475","465"
"Italy (IT)","20.10.2020 01:00 - 20.10.2020 02:00 (CET/CEST)","23","551","450"
"Italy (IT)","20.10.2020 02:00 - 20.10.2020 03:00 (CET/CEST)","0","1018","450"
"Italy (IT)","20.10.2020 03:00 - 20.10.2020 04:00 (CET/CEST)","0","1145","451"
"Italy (IT)","20.10.2020 04:00 - 20.10.2020 05:00 (CET/CEST)","0","1127","439"
"Italy (IT)","20.10.2020 05:00 - 20.10.2020 06:00 (CET/CEST)","0","848","443"
"Italy (IT)","20.10.2020 06:00 - 20.10.2020 07:00 (CET/CEST)","183","57","702"
"Italy (IT)","20.10.2020 07:00 - 20.10.2020 08:00 (CET/CEST)","1043","","1160"
"Italy (IT)","20.10.2020 08:00 - 20.10.2020 09:00 (CET/CEST)","1607","","1338"
"Italy (IT)","20.10.2020 09:00 - 20.10.2020 10:00 (CET/CEST)","1192","","902"
"Italy (IT)","20.10.2020 10:00 - 20.10.2020 11:00 (CET/CEST)","412","","693"
"Italy (IT)","20.10.2020 11:00 - 20.10.2020 12:00 (CET/CEST)","366","","575"
"Italy (IT)","20.10.2020 12:00 - 20.10.2020 13:00 (CET/CEST)","217","1","608"
"Italy (IT)","20.10.2020 13:00 - 20.10.2020 14:00 (CET/CEST)","10","1","544"
"Italy (IT)","20.10.2020 14:00 - 20.10.2020 15:00 (CET/CEST)","153","1","611"
"Italy (IT)","20.10.2020 15:00 - 20.10.2020 16:00 (CET/CEST)","141","3","624"
"Italy (IT)","20.10.2020 16:00 - 20.10.2020 17:00 (CET/CEST)","248","81","684"
"Italy (IT)","20.10.2020 17:00 - 20.10.2020 18:00 (CET/CEST)","450","41","797"
"Italy (IT)","20.10.2020 18:00 - 20.10.2020 19:00 (CET/CEST)","1010","79","1190"
"Italy (IT)","20.10.2020 19:00 - 20.10.2020 20:00 (CET/CEST)","2306","9","1442"
"Italy (IT)","20.10.2020 20:00 - 20.10.2020 21:00 (CET/CEST)","1131","72","1100"
"Italy (IT)","20.10.2020 21:00 - 20.10.2020 22:00 (CET/CEST)","524","158","706"
"Italy (IT)","20.10.2020 22:00 - 20.10.2020 23:00 (CET/CEST)","340","54","619"
"Italy (IT)","20.10.2020 23:00 - 21.10.2020 00:00 (CET/CEST)","340","","600"
"Italy (IT)","21.10.2020 00:00 - 21.10.2020 01:00 (CET/CEST)","128","","417"
"Italy (IT)","21.10.2020 01:00 - 21.10.2020 02:00 (CET/CEST)","0","122","408"
"Italy (IT)","21.10.2020 02:00 - 21.10.2020 03:00 (CET/CEST)","0","329","406"
"Italy (IT)","21.10.2020 03:00 - 21.10.2020 04:00 (CET/CEST)","0","328","405"
"Italy (IT)","21.10.2020 04:00 - 21.10.2020 05:00 (CET/CEST)","0","288","403"
"Italy (IT)","21.10.2020 05:00 - 21.10.2020 06:00 (CET/CEST)","61","256","448"
"Italy (IT)","21.10.2020 06:00 - 21.10.2020 07:00 (CET/CEST)","179","246","622"
"Italy (IT)","21.10.2020 07:00 - 21.10.2020 08:00 (CET/CEST)","827","","1263"
"Italy (IT)","21.10.2020 08:00 - 21.10.2020 09:00 (CET/CEST)","1357","","1426"
"Italy (IT)","21.10.2020 09:00 - 21.10.2020 10:00 (CET/CEST)","854","","1207"
"Italy (IT)","21.10.2020 10:00 - 21.10.2020 11:00 (CET/CEST)","545","","657"
"Italy (IT)","21.10.2020 11:00 - 21.10.2020 12:00 (CET/CEST)","581","","574"
"Italy (IT)","21.10.2020 12:00 - 21.10.2020 13:00 (CET/CEST)","189","192","513"
"Italy (IT)","21.10.2020 13:00 - 21.10.2020 14:00 (CET/CEST)","0","406","512"
"Italy (IT)","21.10.2020 14:00 - 21.10.2020 15:00 (CET/CEST)","0","112","542"
"Italy (IT)","21.10.2020 15:00 - 21.10.2020 16:00 (CET/CEST)","162","","550"
"Italy (IT)","21.10.2020 16:00 - 21.10.2020 17:00 (CET/CEST)","159","","567"
"Italy (IT)","21.10.2020 17:00 - 21.10.2020 18:00 (CET/CEST)","412","","678"
"Italy (IT)","21.10.2020 18:00 - 21.10.2020 19:00 (CET/CEST)","1173","","1194"
"Italy (IT)","21.10.2020 19:00 - 21.10.2020 20:00 (CET/CEST)","2119","","1314"
"Italy (IT)","21.10.2020 20:00 - 21.10.2020 21:00 (CET/CEST)","1271","","1139"
"Italy (IT)","21.10.2020 21:00 - 21.10.2020 22:00 (CET/CEST)","547","","758"
"Italy (IT)","21.10.2020 22:00 - 21.10.2020 23:00 (CET/CEST)","153","","610"
"Italy (IT)","21.10.2020 23:00 - 22.10.2020 00:00 (CET/CEST)","108","1","571"
"Italy (IT)","22.10.2020 00:00 - 22.10.2020 01:00 (CET/CEST)","0","883","456"
"Italy (IT)","22.10.2020 01:00 - 22.10.2020 02:00 (CET/CEST)","0","1270","349"
"Italy (IT)","22.10.2020 02:00 - 22.10.2020 03:00 (CET/CEST)","0","1514","367"
"Italy (IT)","22.10.2020 03:00 - 22.10.2020 04:00 (CET/CEST)","0","1683","366"
"Italy (IT)","22.10.2020 04:00 - 22.10.2020 05:00 (CET/CEST)","0","1428","384"
"Italy (IT)","22.10.2020 05:00 - 22.10.2020 06:00 (CET/CEST)","1","380","474"
"Italy (IT)","22.10.2020 06:00 - 22.10.2020 07:00 (CET/CEST)","497","","844"
"Italy (IT)","22.10.2020 07:00 - 22.10.2020 08:00 (CET/CEST)","1041","","1267"
"Italy (IT)","22.10.2020 08:00 - 22.10.2020 09:00 (CET/CEST)","1391","","1502"
"Italy (IT)","22.10.2020 09:00 - 22.10.2020 10:00 (CET/CEST)","977","","1244"
"Italy (IT)","22.10.2020 10:00 - 22.10.2020 11:00 (CET/CEST)","602","45","977"
"Italy (IT)","22.10.2020 11:00 - 22.10.2020 12:00 (CET/CEST)","538","222","994"
"Italy (IT)","22.10.2020 12:00 - 22.10.2020 13:00 (CET/CEST)","91","305","837"
"Italy (IT)","22.10.2020 13:00 - 22.10.2020 14:00 (CET/CEST)","9","933","703"
"Italy (IT)","22.10.2020 14:00 - 22.10.2020 15:00 (CET/CEST)","9","746","716"
"Italy (IT)","22.10.2020 15:00 - 22.10.2020 16:00 (CET/CEST)","9","533","845"
"Italy (IT)","22.10.2020 16:00 - 22.10.2020 17:00 (CET/CEST)","9","248","1118"
"Italy (IT)","22.10.2020 17:00 - 22.10.2020 18:00 (CET/CEST)","676","117","1285"
"Italy (IT)","22.10.2020 18:00 - 22.10.2020 19:00 (CET/CEST)","1671","79","1485"
"Italy (IT)","22.10.2020 19:00 - 22.10.2020 20:00 (CET/CEST)","2273","","1498"
"Italy (IT)","22.10.2020 20:00 - 22.10.2020 21:00 (CET/CEST)","1355","","1427"
"Italy (IT)","22.10.2020 21:00 - 22.10.2020 22:00 (CET/CEST)","779","","1135"
"Italy (IT)","22.10.2020 22:00 - 22.10.2020 23:00 (CET/CEST)","185","336","622"
"Italy (IT)","22.10.2020 23:00 - 23.10.2020 00:00 (CET/CEST)","172","469","607"
"Italy (IT)","23.10.2020 00:00 - 23.10.2020 01:00 (CET/CEST)","52","862","463"
"Italy (IT)","23.10.2020 01:00 - 23.10.2020 02:00 (CET/CEST)","0","1366","345"
"Italy (IT)","23.10.2020 02:00 - 23.10.2020 03:00 (CET/CEST)","","1814","342"
"Italy (IT)","23.10.2020 03:00 - 23.10.2020 04:00 (CET/CEST)","","2013","353"
"Italy (IT)","23.10.2020 04:00 - 23.10.2020 05:00 (CET/CEST)","","1820","358"
"Italy (IT)","23.10.2020 05:00 - 23.10.2020 06:00 (CET/CEST)","","1156","447"
"Italy (IT)","23.10.2020 06:00 - 23.10.2020 07:00 (CET/CEST)","430","312","552"
"Italy (IT)","23.10.2020 07:00 - 23.10.2020 08:00 (CET/CEST)","619","253","950"
"Italy (IT)","23.10.2020 08:00 - 23.10.2020 09:00 (CET/CEST)","1387","126","1285"
"Italy (IT)","23.10.2020 09:00 - 23.10.2020 10:00 (CET/CEST)","1542","","1393"
"Italy (IT)","23.10.2020 10:00 - 23.10.2020 11:00 (CET/CEST)","1337","18","1310"
"Italy (IT)","23.10.2020 11:00 - 23.10.2020 12:00 (CET/CEST)","793","38","1175"
"Italy (IT)","23.10.2020 12:00 - 23.10.2020 13:00 (CET/CEST)","792","80","1126"
"Italy (IT)","23.10.2020 13:00 - 23.10.2020 14:00 (CET/CEST)","397","80","1001"
"Italy (IT)","23.10.2020 14:00 - 23.10.2020 15:00 (CET/CEST)","295","80","760"
"Italy (IT)","23.10.2020 15:00 - 23.10.2020 16:00 (CET/CEST)","157","43","658"
"Italy (IT)","23.10.2020 16:00 - 23.10.2020 17:00 (CET/CEST)","421","153","608"
"Italy (IT)","23.10.2020 17:00 - 23.10.2020 18:00 (CET/CEST)","811","133","763"
"Italy (IT)","23.10.2020 18:00 - 23.10.2020 19:00 (CET/CEST)","1566","40","1094"
"Italy (IT)","23.10.2020 19:00 - 23.10.2020 20:00 (CET/CEST)","1884","","1044"
"Italy (IT)","23.10.2020 20:00 - 23.10.2020 21:00 (CET/CEST)","1660","","947"
"Italy (IT)","23.10.2020 21:00 - 23.10.2020 22:00 (CET/CEST)","737","79","656"
"Italy (IT)","23.10.2020 22:00 - 23.10.2020 23:00 (CET/CEST)","198","427","609"
"Italy (IT)","23.10.2020 23:00 - 24.10.2020 00:00 (CET/CEST)","7","545","592"
"Italy (IT)","24.10.2020 00:00 - 24.10.2020 01:00 (CET/CEST)","","572","516"
"Italy (IT)","24.10.2020 01:00 - 24.10.2020 02:00 (CET/CEST)","","675","492"
"Italy (IT)","24.10.2020 02:00 - 24.10.2020 03:00 (CET/CEST)","","669","386"
"Italy (IT)","24.10.2020 03:00 - 24.10.2020 04:00 (CET/CEST)","","658","377"
"Italy (IT)","24.10.2020 04:00 - 24.10.2020 05:00 (CET/CEST)","","575","391"
"Italy (IT)","24.10.2020 05:00 - 24.10.2020 06:00 (CET/CEST)","","499","488"
"Italy (IT)","24.10.2020 06:00 - 24.10.2020 07:00 (CET/CEST)","","607","518"
"Italy (IT)","24.10.2020 07:00 - 24.10.2020 08:00 (CET/CEST)","41","238","623"
"Italy (IT)","24.10.2020 08:00 - 24.10.2020 09:00 (CET/CEST)","816","6","829"
"Italy (IT)","24.10.2020 09:00 - 24.10.2020 10:00 (CET/CEST)","996","2","756"
"Italy (IT)","24.10.2020 10:00 - 24.10.2020 11:00 (CET/CEST)","758","1","632"
"Italy (IT)","24.10.2020 11:00 - 24.10.2020 12:00 (CET/CEST)","230","","609"
"Italy (IT)","24.10.2020 12:00 - 24.10.2020 13:00 (CET/CEST)","4","","586"
"Italy (IT)","24.10.2020 13:00 - 24.10.2020 14:00 (CET/CEST)","0","84","498"
"Italy (IT)","24.10.2020 14:00 - 24.10.2020 15:00 (CET/CEST)","0","187","548"
"Italy (IT)","24.10.2020 15:00 - 24.10.2020 16:00 (CET/CEST)","0","245","584"
"Italy (IT)","24.10.2020 16:00 - 24.10.2020 17:00 (CET/CEST)","145","256","582"
"Italy (IT)","24.10.2020 17:00 - 24.10.2020 18:00 (CET/CEST)","247","127","605"
"Italy (IT)","24.10.2020 18:00 - 24.10.2020 19:00 (CET/CEST)","881","","635"
"Italy (IT)","24.10.2020 19:00 - 24.10.2020 20:00 (CET/CEST)","1578","","655"
"Italy (IT)","24.10.2020 20:00 - 24.10.2020 21:00 (CET/CEST)","1254","","630"
"Italy (IT)","24.10.2020 21:00 - 24.10.2020 22:00 (CET/CEST)","554","","620"
"Italy (IT)","24.10.2020 22:00 - 24.10.2020 23:00 (CET/CEST)","441","","595"
"Italy (IT)","24.10.2020 23:00 - 25.10.2020 00:00 (CET/CEST)","277","84","492"
"Italy (IT)","25.10.2020 00:00 - 25.10.2020 01:00 (CET/CEST)","321","479","473"
"Italy (IT)","25.10.2020 01:00 - 25.10.2020 02:00 (CET/CEST)","120","760","442"
"Italy (IT)","25.10.2020 02:00 - 25.10.2020 03:00 (CET/CEST)","","1633","396"
"Italy (IT)","25.10.2020 02:00 - 25.10.2020 03:00 (CET/CEST)","","1973","384"
"Italy (IT)","25.10.2020 03:00 - 25.10.2020 04:00 (CET/CEST)","","2343","376"
"Italy (IT)","25.10.2020 04:00 - 25.10.2020 05:00 (CET/CEST)","","2261","368"
"Italy (IT)","25.10.2020 05:00 - 25.10.2020 06:00 (CET/CEST)","","1571","386"
"Italy (IT)","25.10.2020 06:00 - 25.10.2020 07:00 (CET/CEST)","","1132","433"
"Italy (IT)","25.10.2020 07:00 - 25.10.2020 08:00 (CET/CEST)","0","1025","456"
"Italy (IT)","25.10.2020 08:00 - 25.10.2020 09:00 (CET/CEST)","110","294","438"
"Italy (IT)","25.10.2020 09:00 - 25.10.2020 10:00 (CET/CEST)","405","154","447"
"Italy (IT)","25.10.2020 10:00 - 25.10.2020 11:00 (CET/CEST)","368","152","447"
"Italy (IT)","25.10.2020 11:00 - 25.10.2020 12:00 (CET/CEST)","177","151","449"
"Italy (IT)","25.10.2020 12:00 - 25.10.2020 13:00 (CET/CEST)","0","104","504"
"Italy (IT)","25.10.2020 13:00 - 25.10.2020 14:00 (CET/CEST)","","833","463"
"Italy (IT)","25.10.2020 14:00 - 25.10.2020 15:00 (CET/CEST)","23","1171","506"
"Italy (IT)","25.10.2020 15:00 - 25.10.2020 16:00 (CET/CEST)","202","1094","518"
"Italy (IT)","25.10.2020 16:00 - 25.10.2020 17:00 (CET/CEST)","65","294","547"
"Italy (IT)","25.10.2020 17:00 - 25.10.2020 18:00 (CET/CEST)","493","","773"
"Italy (IT)","25.10.2020 18:00 - 25.10.2020 19:00 (CET/CEST)","964","141","805"
"Italy (IT)","25.10.2020 19:00 - 25.10.2020 20:00 (CET/CEST)","1694","","771"
"Italy (IT)","25.10.2020 20:00 - 25.10.2020 21:00 (CET/CEST)","1592","","626"
"Italy (IT)","25.10.2020 21:00 - 25.10.2020 22:00 (CET/CEST)","1487","","622"
"Italy (IT)","25.10.2020 22:00 - 25.10.2020 23:00 (CET/CEST)","1198","","596"
"Italy (IT)","25.10.2020 23:00 - 26.10.2020 00:00 (CET/CEST)","794","2","568"
"Italy (IT)","26.10.2020 00:00 - 26.10.2020 01:00 (CET/CEST)","256","702","500"
"Italy (IT)","26.10.2020 01:00 - 26.10.2020 02:00 (CET/CEST)","133","1293","412"
"Italy (IT)","26.10.2020 02:00 - 26.10.2020 03:00 (CET/CEST)","53","2148","421"
"Italy (IT)","26.10.2020 03:00 - 26.10.2020 04:00 (CET/CEST)","44","2157","411"
"Italy (IT)","26.10.2020 04:00 - 26.10.2020 05:00 (CET/CEST)","0","2141","413"
"Italy (IT)","26.10.2020 05:00 - 26.10.2020 06:00 (CET/CEST)","0","1742","449"
"Italy (IT)","26.10.2020 06:00 - 26.10.2020 07:00 (CET/CEST)","0","589","627"
"Italy (IT)","26.10.2020 07:00 - 26.10.2020 08:00 (CET/CEST)","223","253","738"
"Italy (IT)","26.10.2020 08:00 - 26.10.2020 09:00 (CET/CEST)","834","","893"
"Italy (IT)","26.10.2020 09:00 - 26.10.2020 10:00 (CET/CEST)","940","","900"
"Italy (IT)","26.10.2020 10:00 - 26.10.2020 11:00 (CET/CEST)","516","34","738"
"Italy (IT)","26.10.2020 11:00 - 26.10.2020 12:00 (CET/CEST)","968","182","741"
"Italy (IT)","26.10.2020 12:00 - 26.10.2020 13:00 (CET/CEST)","519","1","703"
"Italy (IT)","26.10.2020 13:00 - 26.10.2020 14:00 (CET/CEST)","599","1","680"
"Italy (IT)","26.10.2020 14:00 - 26.10.2020 15:00 (CET/CEST)","720","257","728"
"Italy (IT)","26.10.2020 15:00 - 26.10.2020 16:00 (CET/CEST)","924","1","824"
"Italy (IT)","26.10.2020 16:00 - 26.10.2020 17:00 (CET/CEST)","1505","","986"
"Italy (IT)","26.10.2020 17:00 - 26.10.2020 18:00 (CET/CEST)","1714","","1239"
"Italy (IT)","26.10.2020 18:00 - 26.10.2020 19:00 (CET/CEST)","2055","","1336"
"Italy (IT)","26.10.2020 19:00 - 26.10.2020 20:00 (CET/CEST)","1944","","1106"
"Italy (IT)","26.10.2020 20:00 - 26.10.2020 21:00 (CET/CEST)","697","","804"
"Italy (IT)","26.10.2020 21:00 - 26.10.2020 22:00 (CET/CEST)","384","","636"
"Italy (IT)","26.10.2020 22:00 - 26.10.2020 23:00 (CET/CEST)","333","","589"
"Italy (IT)","26.10.2020 23:00 - 27.10.2020 00:00 (CET/CEST)","324","41","553"
"Italy (IT)","27.10.2020 00:00 - 27.10.2020 01:00 (CET/CEST)","206","219","480"
"Italy (IT)","27.10.2020 01:00 - 27.10.2020 02:00 (CET/CEST)","306","688","324"
"Italy (IT)","27.10.2020 02:00 - 27.10.2020 03:00 (CET/CEST)","0","1656","322"
"Italy (IT)","27.10.2020 03:00 - 27.10.2020 04:00 (CET/CEST)","0","1423","322"
"Italy (IT)","27.10.2020 04:00 - 27.10.2020 05:00 (CET/CEST)","0","1306","357"
"Italy (IT)","27.10.2020 05:00 - 27.10.2020 06:00 (CET/CEST)","0","1210","488"
"Italy (IT)","27.10.2020 06:00 - 27.10.2020 07:00 (CET/CEST)","0","815","537"
"Italy (IT)","27.10.2020 07:00 - 27.10.2020 08:00 (CET/CEST)","429","252","683"
"Italy (IT)","27.10.2020 08:00 - 27.10.2020 09:00 (CET/CEST)","532","27","999"
"Italy (IT)","27.10.2020 09:00 - 27.10.2020 10:00 (CET/CEST)","482","1","882"
"Italy (IT)","27.10.2020 10:00 - 27.10.2020 11:00 (CET/CEST)","437","","544"
"Italy (IT)","27.10.2020 11:00 - 27.10.2020 12:00 (CET/CEST)","295","","527"
"Italy (IT)","27.10.2020 12:00 - 27.10.2020 13:00 (CET/CEST)","105","","540"
"Italy (IT)","27.10.2020 13:00 - 27.10.2020 14:00 (CET/CEST)","64","27","546"
"Italy (IT)","27.10.2020 14:00 - 27.10.2020 15:00 (CET/CEST)","64","86","578"
"Italy (IT)","27.10.2020 15:00 - 27.10.2020 16:00 (CET/CEST)","472","4","983"
"Italy (IT)","27.10.2020 16:00 - 27.10.2020 17:00 (CET/CEST)","942","134","1156"
"Italy (IT)","27.10.2020 17:00 - 27.10.2020 18:00 (CET/CEST)","1578","35","1407"
"Italy (IT)","27.10.2020 18:00 - 27.10.2020 19:00 (CET/CEST)","2780","","1340"
"Italy (IT)","27.10.2020 19:00 - 27.10.2020 20:00 (CET/CEST)","2648","","1203"
"Italy (IT)","27.10.2020 20:00 - 27.10.2020 21:00 (CET/CEST)","1279","7","1094"
"Italy (IT)","27.10.2020 21:00 - 27.10.2020 22:00 (CET/CEST)","433","135","919"
"Italy (IT)","27.10.2020 22:00 - 27.10.2020 23:00 (CET/CEST)","196","138","641"
"Italy (IT)","27.10.2020 23:00 - 28.10.2020 00:00 (CET/CEST)","52","1","632"
"Italy (IT)","28.10.2020 00:00 - 28.10.2020 01:00 (CET/CEST)","63","189","459"
"Italy (IT)","28.10.2020 01:00 - 28.10.2020 02:00 (CET/CEST)","70","534","359"
"Italy (IT)","28.10.2020 02:00 - 28.10.2020 03:00 (CET/CEST)","70","905","338"
"Italy (IT)","28.10.2020 03:00 - 28.10.2020 04:00 (CET/CEST)","70","2147","339"
"Italy (IT)","28.10.2020 04:00 - 28.10.2020 05:00 (CET/CEST)","62","2256","381"
"Italy (IT)","28.10.2020 05:00 - 28.10.2020 06:00 (CET/CEST)","52","2034","450"
"Italy (IT)","28.10.2020 06:00 - 28.10.2020 07:00 (CET/CEST)","60","897","624"
"Italy (IT)","28.10.2020 07:00 - 28.10.2020 08:00 (CET/CEST)","569","89","1026"
"Italy (IT)","28.10.2020 08:00 - 28.10.2020 09:00 (CET/CEST)","990","1","1082"
"Italy (IT)","28.10.2020 09:00 - 28.10.2020 10:00 (CET/CEST)","948","1","969"
"Italy (IT)","28.10.2020 10:00 - 28.10.2020 11:00 (CET/CEST)","666","63","690"
"Italy (IT)","28.10.2020 11:00 - 28.10.2020 12:00 (CET/CEST)","250","80","598"
"Italy (IT)","28.10.2020 12:00 - 28.10.2020 13:00 (CET/CEST)","157","80","648"
"Italy (IT)","28.10.2020 13:00 - 28.10.2020 14:00 (CET/CEST)","157","129","658"
"Italy (IT)","28.10.2020 14:00 - 28.10.2020 15:00 (CET/CEST)","427","223","746"
"Italy (IT)","28.10.2020 15:00 - 28.10.2020 16:00 (CET/CEST)","628","183","798"
"Italy (IT)","28.10.2020 16:00 - 28.10.2020 17:00 (CET/CEST)","1139","63","1037"
"Italy (IT)","28.10.2020 17:00 - 28.10.2020 18:00 (CET/CEST)","2249","72","1246"
"Italy (IT)","28.10.2020 18:00 - 28.10.2020 19:00 (CET/CEST)","2937","","1327"
"Italy (IT)","28.10.2020 19:00 - 28.10.2020 20:00 (CET/CEST)","2779","","1382"
"Italy (IT)","28.10.2020 20:00 - 28.10.2020 21:00 (CET/CEST)","1314","","1127"
"Italy (IT)","28.10.2020 21:00 - 28.10.2020 22:00 (CET/CEST)","557","33","934"
"Italy (IT)","28.10.2020 22:00 - 28.10.2020 23:00 (CET/CEST)","166","108","642"
"Italy (IT)","28.10.2020 23:00 - 29.10.2020 00:00 (CET/CEST)","64","117","585"
"Italy (IT)","29.10.2020 00:00 - 29.10.2020 01:00 (CET/CEST)","0","526","439"
"Italy (IT)","29.10.2020 01:00 - 29.10.2020 02:00 (CET/CEST)","0","977","439"
"Italy (IT)","29.10.2020 02:00 - 29.10.2020 03:00 (CET/CEST)","0","1343","353"
"Italy (IT)","29.10.2020 03:00 - 29.10.2020 04:00 (CET/CEST)","0","1275","351"
"Italy (IT)","29.10.2020 04:00 - 29.10.2020 05:00 (CET/CEST)","0","1271","352"
"Italy (IT)","29.10.2020 05:00 - 29.10.2020 06:00 (CET/CEST)","0","1012","385"
"Italy (IT)","29.10.2020 06:00 - 29.10.2020 07:00 (CET/CEST)","67","255","676"
"Italy (IT)","29.10.2020 07:00 - 29.10.2020 08:00 (CET/CEST)","541","143","892"
"Italy (IT)","29.10.2020 08:00 - 29.10.2020 09:00 (CET/CEST)","1102","1","1079"
"Italy (IT)","29.10.2020 09:00 - 29.10.2020 10:00 (CET/CEST)","1083","1","930"
"Italy (IT)","29.10.2020 10:00 - 29.10.2020 11:00 (CET/CEST)","496","1","684"
"Italy (IT)","29.10.2020 11:00 - 29.10.2020 12:00 (CET/CEST)","428","1","533"
"Italy (IT)","29.10.2020 12:00 - 29.10.2020 13:00 (CET/CEST)","177","1","561"
"Italy (IT)","29.10.2020 13:00 - 29.10.2020 14:00 (CET/CEST)","234","12","556"
"Italy (IT)","29.10.2020 14:00 - 29.10.2020 15:00 (CET/CEST)","281","134","563"
"Italy (IT)","29.10.2020 15:00 - 29.10.2020 16:00 (CET/CEST)","379","196","753"
"Italy (IT)","29.10.2020 16:00 - 29.10.2020 17:00 (CET/CEST)","764","145","905"
"Italy (IT)","29.10.2020 17:00 - 29.10.2020 18:00 (CET/CEST)","1314","26","1061"
"Italy (IT)","29.10.2020 18:00 - 29.10.2020 19:00 (CET/CEST)","2199","","1211"
"Italy (IT)","29.10.2020 19:00 - 29.10.2020 20:00 (CET/CEST)","1892","","1207"
"Italy (IT)","29.10.2020 20:00 - 29.10.2020 21:00 (CET/CEST)","1616","","924"
"Italy (IT)","29.10.2020 21:00 - 29.10.2020 22:00 (CET/CEST)","1310","","904"
"Italy (IT)","29.10.2020 22:00 - 29.10.2020 23:00 (CET/CEST)","580","","665"
"Italy (IT)","29.10.2020 23:00 - 30.10.2020 00:00 (CET/CEST)","132","56","595"
"Italy (IT)","30.10.2020 00:00 - 30.10.2020 01:00 (CET/CEST)","71","98","456"
"Italy (IT)","30.10.2020 01:00 - 30.10.2020 02:00 (CET/CEST)","157","318","453"
"Italy (IT)","30.10.2020 02:00 - 30.10.2020 03:00 (CET/CEST)","0","539","368"
"Italy (IT)","30.10.2020 03:00 - 30.10.2020 04:00 (CET/CEST)","0","613","366"
"Italy (IT)","30.10.2020 04:00 - 30.10.2020 05:00 (CET/CEST)","0","501","369"
"Italy (IT)","30.10.2020 05:00 - 30.10.2020 06:00 (CET/CEST)","0","257","420"
"Italy (IT)","30.10.2020 06:00 - 30.10.2020 07:00 (CET/CEST)","620","255","812"
"Italy (IT)","30.10.2020 07:00 - 30.10.2020 08:00 (CET/CEST)","1343","103","1082"
"Italy (IT)","30.10.2020 08:00 - 30.10.2020 09:00 (CET/CEST)","1527","","1215"
"Italy (IT)","30.10.2020 09:00 - 30.10.2020 10:00 (CET/CEST)","1039","","935"
"Italy (IT)","30.10.2020 10:00 - 30.10.2020 11:00 (CET/CEST)","594","115","735"
"Italy (IT)","30.10.2020 11:00 - 30.10.2020 12:00 (CET/CEST)","449","151","512"
"Italy (IT)","30.10.2020 12:00 - 30.10.2020 13:00 (CET/CEST)","0","398","556"
"Italy (IT)","30.10.2020 13:00 - 30.10.2020 14:00 (CET/CEST)","0","402","539"
"Italy (IT)","30.10.2020 14:00 - 30.10.2020 15:00 (CET/CEST)","203","2","636"
"Italy (IT)","30.10.2020 15:00 - 30.10.2020 16:00 (CET/CEST)","308","113","759"
"Italy (IT)","30.10.2020 16:00 - 30.10.2020 17:00 (CET/CEST)","1017","122","958"
"Italy (IT)","30.10.2020 17:00 - 30.10.2020 18:00 (CET/CEST)","1399","","1332"
"Italy (IT)","30.10.2020 18:00 - 30.10.2020 19:00 (CET/CEST)","1991","","1128"
"Italy (IT)","30.10.2020 19:00 - 30.10.2020 20:00 (CET/CEST)","2086","","1209"
"Italy (IT)","30.10.2020 20:00 - 30.10.2020 21:00 (CET/CEST)","1840","","909"
"Italy (IT)","30.10.2020 21:00 - 30.10.2020 22:00 (CET/CEST)","1247","","718"
"Italy (IT)","30.10.2020 22:00 - 30.10.2020 23:00 (CET/CEST)","611","","670"
"Italy (IT)","30.10.2020 23:00 - 31.10.2020 00:00 (CET/CEST)","94","18","598"
"Italy (IT)","31.10.2020 00:00 - 31.10.2020 01:00 (CET/CEST)","0","162","504"
"Italy (IT)","31.10.2020 01:00 - 31.10.2020 02:00 (CET/CEST)","29","242","368"
"Italy (IT)","31.10.2020 02:00 - 31.10.2020 03:00 (CET/CEST)","0","423","365"
"Italy (IT)","31.10.2020 03:00 - 31.10.2020 04:00 (CET/CEST)","0","422","366"
"Italy (IT)","31.10.2020 04:00 - 31.10.2020 05:00 (CET/CEST)","82","451","386"
"Italy (IT)","31.10.2020 05:00 - 31.10.2020 06:00 (CET/CEST)","115","412","394"
"Italy (IT)","31.10.2020 06:00 - 31.10.2020 07:00 (CET/CEST)","328","410","507"
"Italy (IT)","31.10.2020 07:00 - 31.10.2020 08:00 (CET/CEST)","461","82","543"
"Italy (IT)","31.10.2020 08:00 - 31.10.2020 09:00 (CET/CEST)","875","","587"
"Italy (IT)","31.10.2020 09:00 - 31.10.2020 10:00 (CET/CEST)","844","","558"
"Italy (IT)","31.10.2020 10:00 - 31.10.2020 11:00 (CET/CEST)","679","","547"
"Italy (IT)","31.10.2020 11:00 - 31.10.2020 12:00 (CET/CEST)","615","","512"
"Italy (IT)","31.10.2020 12:00 - 31.10.2020 13:00 (CET/CEST)","189","1","496"
"Italy (IT)","31.10.2020 13:00 - 31.10.2020 14:00 (CET/CEST)","188","151","493"
"Italy (IT)","31.10.2020 14:00 - 31.10.2020 15:00 (CET/CEST)","326","","491"
"Italy (IT)","31.10.2020 15:00 - 31.10.2020 16:00 (CET/CEST)","403","29","601"
"Italy (IT)","31.10.2020 16:00 - 31.10.2020 17:00 (CET/CEST)","601","118","679"
"Italy (IT)","31.10.2020 17:00 - 31.10.2020 18:00 (CET/CEST)","899","41","943"
"Italy (IT)","31.10.2020 18:00 - 31.10.2020 19:00 (CET/CEST)","1365","","1043"
"Italy (IT)","31.10.2020 19:00 - 31.10.2020 20:00 (CET/CEST)","1474","","871"
"Italy (IT)","31.10.2020 20:00 - 31.10.2020 21:00 (CET/CEST)","1007","62","834"
"Italy (IT)","31.10.2020 21:00 - 31.10.2020 22:00 (CET/CEST)","349","474","704"
"Italy (IT)","31.10.2020 22:00 - 31.10.2020 23:00 (CET/CEST)","132","297","558"
"Italy (IT)","31.10.2020 23:00 - 01.11.2020 00:00 (CET/CEST)","153","232","553"
"Italy (IT)","01.11.2020 00:00 - 01.11.2020 01:00 (CET/CEST)","166","308","420"
"Italy (IT)","01.11.2020 01:00 - 01.11.2020 02:00 (CET/CEST)","195","663","333"
"Italy (IT)","01.11.2020 02:00 - 01.11.2020 03:00 (CET/CEST)","179","1107","332"
"Italy (IT)","01.11.2020 03:00 - 01.11.2020 04:00 (CET/CEST)","166","1259","331"
"Italy (IT)","01.11.2020 04:00 - 01.11.2020 05:00 (CET/CEST)","166","1096","332"
"Italy (IT)","01.11.2020 05:00 - 01.11.2020 06:00 (CET/CEST)","167","850","335"
"Italy (IT)","01.11.2020 06:00 - 01.11.2020 07:00 (CET/CEST)","208","439","411"
"Italy (IT)","01.11.2020 07:00 - 01.11.2020 08:00 (CET/CEST)","221","572","423"
"Italy (IT)","01.11.2020 08:00 - 01.11.2020 09:00 (CET/CEST)","214","484","443"
"Italy (IT)","01.11.2020 09:00 - 01.11.2020 10:00 (CET/CEST)","59","707","446"
"Italy (IT)","01.11.2020 10:00 - 01.11.2020 11:00 (CET/CEST)","48","607","445"
"Italy (IT)","01.11.2020 11:00 - 01.11.2020 12:00 (CET/CEST)","0","551","428"
"Italy (IT)","01.11.2020 12:00 - 01.11.2020 13:00 (CET/CEST)","427","379","494"
"Italy (IT)","01.11.2020 13:00 - 01.11.2020 14:00 (CET/CEST)","57","251","446"
"Italy (IT)","01.11.2020 14:00 - 01.11.2020 15:00 (CET/CEST)","237","383","459"
"Italy (IT)","01.11.2020 15:00 - 01.11.2020 16:00 (CET/CEST)","54","553","467"
"Italy (IT)","01.11.2020 16:00 - 01.11.2020 17:00 (CET/CEST)","276","508","467"
"Italy (IT)","01.11.2020 17:00 - 01.11.2020 18:00 (CET/CEST)","438","437","558"
"Italy (IT)","01.11.2020 18:00 - 01.11.2020 19:00 (CET/CEST)","733","130","547"
"Italy (IT)","01.11.2020 19:00 - 01.11.2020 20:00 (CET/CEST)","907","","565"
"Italy (IT)","01.11.2020 20:00 - 01.11.2020 21:00 (CET/CEST)","1346","","562"
"Italy (IT)","01.11.2020 21:00 - 01.11.2020 22:00 (CET/CEST)","1065","","560"
"Italy (IT)","01.11.2020 22:00 - 01.11.2020 23:00 (CET/CEST)","771","","567"
"Italy (IT)","01.11.2020 23:00 - 02.11.2020 00:00 (CET/CEST)","550","65","539"
"Italy (IT)","02.11.2020 00:00 - 02.11.2020 01:00 (CET/CEST)","0","1099","442"
"Italy (IT)","02.11.2020 01:00 - 02.11.2020 02:00 (CET/CEST)","","1994","352"
"Italy (IT)","02.11.2020 02:00 - 02.11.2020 03:00 (CET/CEST)","","2312","352"
"Italy (IT)","02.11.2020 03:00 - 02.11.2020 04:00 (CET/CEST)","","2177","351"
"Italy (IT)","02.11.2020 04:00 - 02.11.2020 05:00 (CET/CEST)","","1971","350"
"Italy (IT)","02.11.2020 05:00 - 02.11.2020 06:00 (CET/CEST)","83","828","401"
"Italy (IT)","02.11.2020 06:00 - 02.11.2020 07:00 (CET/CEST)","358","330","595"
"Italy (IT)","02.11.2020 07:00 - 02.11.2020 08:00 (CET/CEST)","768","1","835"
"Italy (IT)","02.11.2020 08:00 - 02.11.2020 09:00 (CET/CEST)","1049","","1023"
"Italy (IT)","02.11.2020 09:00 - 02.11.2020 10:00 (CET/CEST)","930","","871"
"Italy (IT)","02.11.2020 10:00 - 02.11.2020 11:00 (CET/CEST)","515","","683"
"Italy (IT)","02.11.2020 11:00 - 02.11.2020 12:00 (CET/CEST)","402","1","629"
"Italy (IT)","02.11.2020 12:00 - 02.11.2020 13:00 (CET/CEST)","154","148","572"
"Italy (IT)","02.11.2020 13:00 - 02.11.2020 14:00 (CET/CEST)","201","151","575"
"Italy (IT)","02.11.2020 14:00 - 02.11.2020 15:00 (CET/CEST)","394","1","587"
"Italy (IT)","02.11.2020 15:00 - 02.11.2020 16:00 (CET/CEST)","480","41","864"
"Italy (IT)","02.11.2020 16:00 - 02.11.2020 17:00 (CET/CEST)","587","43","1257"
"Italy (IT)","02.11.2020 17:00 - 02.11.2020 18:00 (CET/CEST)","2109","","1173"
"Italy (IT)","02.11.2020 18:00 - 02.11.2020 19:00 (CET/CEST)","2674","","1421"
"Italy (IT)","02.11.2020 19:00 - 02.11.2020 20:00 (CET/CEST)","1993","","1233"
"Italy (IT)","02.11.2020 20:00 - 02.11.2020 21:00 (CET/CEST)","1174","","1046"
"Italy (IT)","02.11.2020 21:00 - 02.11.2020 22:00 (CET/CEST)","731","","764"
"Italy (IT)","02.11.2020 22:00 - 02.11.2020 23:00 (CET/CEST)","366","","546"
"Italy (IT)","02.11.2020 23:00 - 03.11.2020 00:00 (CET/CEST)","249","192","505"
"Italy (IT)","03.11.2020 00:00 - 03.11.2020 01:00 (CET/CEST)","239","445","413"
"Italy (IT)","03.11.2020 01:00 - 03.11.2020 02:00 (CET/CEST)","","1196","334"
"Italy (IT)","03.11.2020 02:00 - 03.11.2020 03:00 (CET/CEST)","","1577","332"
"Italy (IT)","03.11.2020 03:00 - 03.11.2020 04:00 (CET/CEST)","","1573","332"
"Italy (IT)","03.11.2020 04:00 - 03.11.2020 05:00 (CET/CEST)","","1426","329"
"Italy (IT)","03.11.2020 05:00 - 03.11.2020 06:00 (CET/CEST)","0","781","357"
"Italy (IT)","03.11.2020 06:00 - 03.11.2020 07:00 (CET/CEST)","318","80","511"
"Italy (IT)","03.11.2020 07:00 - 03.11.2020 08:00 (CET/CEST)","600","","595"
"Italy (IT)","03.11.2020 08:00 - 03.11.2020 09:00 (CET/CEST)","932","18","900"
"Italy (IT)","03.11.2020 09:00 - 03.11.2020 10:00 (CET/CEST)","843","155","945"
"Italy (IT)","03.11.2020 10:00 - 03.11.2020 11:00 (CET/CEST)","550","29","685"
"Italy (IT)","03.11.2020 11:00 - 03.11.2020 12:00 (CET/CEST)","515","12","640"
"Italy (IT)","03.11.2020 12:00 - 03.11.2020 13:00 (CET/CEST)","327","1","605"
"Italy (IT)","03.11.2020 13:00 - 03.11.2020 14:00 (CET/CEST)","358","1","625"
"Italy (IT)","03.11.2020 14:00 - 03.11.2020 15:00 (CET/CEST)","513","1","650"
"Italy (IT)","03.11.2020 15:00 - 03.11.2020 16:00 (CET/CEST)","541","165","876"
"Italy (IT)","03.11.2020 16:00 - 03.11.2020 17:00 (CET/CEST)","1048","260","1138"
"Italy (IT)","03.11.2020 17:00 - 03.11.2020 18:00 (CET/CEST)","1830","55","1299"
"Italy (IT)","03.11.2020 18:00 - 03.11.2020 19:00 (CET/CEST)","2237","","1322"
"Italy (IT)","03.11.2020 19:00 - 03.11.2020 20:00 (CET/CEST)","1696","","1355"
"Italy (IT)","03.11.2020 20:00 - 03.11.2020 21:00 (CET/CEST)","1001","","947"
"Italy (IT)","03.11.2020 21:00 - 03.11.2020 22:00 (CET/CEST)","484","","595"
"Italy (IT)","03.11.2020 22:00 - 03.11.2020 23:00 (CET/CEST)","273","","533"
"Italy (IT)","03.11.2020 23:00 - 04.11.2020 00:00 (CET/CEST)","227","47","482"
"Italy (IT)","04.11.2020 00:00 - 04.11.2020 01:00 (CET/CEST)","160","106","394"
"Italy (IT)","04.11.2020 01:00 - 04.11.2020 02:00 (CET/CEST)","130","162","305"
"Italy (IT)","04.11.2020 02:00 - 04.11.2020 03:00 (CET/CEST)","0","809","304"
"Italy (IT)","04.11.2020 03:00 - 04.11.2020 04:00 (CET/CEST)","","1181","304"
"Italy (IT)","04.11.2020 04:00 - 04.11.2020 05:00 (CET/CEST)","","1081","304"
"Italy (IT)","04.11.2020 05:00 - 04.11.2020 06:00 (CET/CEST)","51","575","352"
"Italy (IT)","04.11.2020 06:00 - 04.11.2020 07:00 (CET/CEST)","324","159","433"
"Italy (IT)","04.11.2020 07:00 - 04.11.2020 08:00 (CET/CEST)","700","48","958"
"Italy (IT)","04.11.2020 08:00 - 04.11.2020 09:00 (CET/CEST)","785","23","1382"
"Italy (IT)","04.11.2020 09:00 - 04.11.2020 10:00 (CET/CEST)","588","57","1300"
"Italy (IT)","04.11.2020 10:00 - 04.11.2020 11:00 (CET/CEST)","736","","929"
"Italy (IT)","04.11.2020 11:00 - 04.11.2020 12:00 (CET/CEST)","714","","827"
"Italy (IT)","04.11.2020 12:00 - 04.11.2020 13:00 (CET/CEST)","442","1","610"
"Italy (IT)","04.11.2020 13:00 - 04.11.2020 14:00 (CET/CEST)","400","138","518"
"Italy (IT)","04.11.2020 14:00 - 04.11.2020 15:00 (CET/CEST)","552","153","856"
"Italy (IT)","04.11.2020 15:00 - 04.11.2020 16:00 (CET/CEST)","714","155","1183"
"Italy (IT)","04.11.2020 16:00 - 04.11.2020 17:00 (CET/CEST)","457","187","1185"
"Italy (IT)","04.11.2020 17:00 - 04.11.2020 18:00 (CET/CEST)","1354","74","1499"
"Italy (IT)","04.11.2020 18:00 - 04.11.2020 19:00 (CET/CEST)","1552","1","1512"
"Italy (IT)","04.11.2020 19:00 - 04.11.2020 20:00 (CET/CEST)","1167","","1300"
"Italy (IT)","04.11.2020 20:00 - 04.11.2020 21:00 (CET/CEST)","889","","838"
"Italy (IT)","04.11.2020 21:00 - 04.11.2020 22:00 (CET/CEST)","650","18","576"
"Italy (IT)","04.11.2020 22:00 - 04.11.2020 23:00 (CET/CEST)","513","80","537"
"Italy (IT)","04.11.2020 23:00 - 05.11.2020 00:00 (CET/CEST)","507","21","482"
"Italy (IT)","05.11.2020 00:00 - 05.11.2020 01:00 (CET/CEST)","80","","387"
"Italy (IT)","05.11.2020 01:00 - 05.11.2020 02:00 (CET/CEST)","3","1","299"
"Italy (IT)","05.11.2020 02:00 - 05.11.2020 03:00 (CET/CEST)","3","137","297"
"Italy (IT)","05.11.2020 03:00 - 05.11.2020 04:00 (CET/CEST)","3","406","297"
"Italy (IT)","05.11.2020 04:00 - 05.11.2020 05:00 (CET/CEST)","4","408","297"
"Italy (IT)","05.11.2020 05:00 - 05.11.2020 06:00 (CET/CEST)","98","256","340"
"Italy (IT)","05.11.2020 06:00 - 05.11.2020 07:00 (CET/CEST)","380","132","719"
"Italy (IT)","05.11.2020 07:00 - 05.11.2020 08:00 (CET/CEST)","738","81","981"
"Italy (IT)","05.11.2020 08:00 - 05.11.2020 09:00 (CET/CEST)","1527","65","1521"
"Italy (IT)","05.11.2020 09:00 - 05.11.2020 10:00 (CET/CEST)","861","1","1161"
"Italy (IT)","05.11.2020 10:00 - 05.11.2020 11:00 (CET/CEST)","628","","758"
"Italy (IT)","05.11.2020 11:00 - 05.11.2020 12:00 (CET/CEST)","399","1","719"
"Italy (IT)","05.11.2020 12:00 - 05.11.2020 13:00 (CET/CEST)","181","1","498"
"Italy (IT)","05.11.2020 13:00 - 05.11.2020 14:00 (CET/CEST)","180","1","497"
"Italy (IT)","05.11.2020 14:00 - 05.11.2020 15:00 (CET/CEST)","410","2","506"
"Italy (IT)","05.11.2020 15:00 - 05.11.2020 16:00 (CET/CEST)","505","50","663"
"Italy (IT)","05.11.2020 16:00 - 05.11.2020 17:00 (CET/CEST)","604","80","1061"
"Italy (IT)","05.11.2020 17:00 - 05.11.2020 18:00 (CET/CEST)","1338","39","1215"
"Italy (IT)","05.11.2020 18:00 - 05.11.2020 19:00 (CET/CEST)","1804","","1246"
"Italy (IT)","05.11.2020 19:00 - 05.11.2020 20:00 (CET/CEST)","1756","","1090"
"Italy (IT)","05.11.2020 20:00 - 05.11.2020 21:00 (CET/CEST)","989","","831"
"Italy (IT)","05.11.2020 21:00 - 05.11.2020 22:00 (CET/CEST)","781","17","617"
"Italy (IT)","05.11.2020 22:00 - 05.11.2020 23:00 (CET/CEST)","273","80","526"
"Italy (IT)","05.11.2020 23:00 - 06.11.2020 00:00 (CET/CEST)","328","16","485"
"Italy (IT)","06.11.2020 00:00 - 06.11.2020 01:00 (CET/CEST)","116","","348"
"Italy (IT)","06.11.2020 01:00 - 06.11.2020 02:00 (CET/CEST)","58","442","259"
"Italy (IT)","06.11.2020 02:00 - 06.11.2020 03:00 (CET/CEST)","115","471","235"
"Italy (IT)","06.11.2020 03:00 - 06.11.2020 04:00 (CET/CEST)","113","500","234"
"Italy (IT)","06.11.2020 04:00 - 06.11.2020 05:00 (CET/CEST)","58","465","234"
"Italy (IT)","06.11.2020 05:00 - 06.11.2020 06:00 (CET/CEST)","175","573","284"
"Italy (IT)","06.11.2020 06:00 - 06.11.2020 07:00 (CET/CEST)","491","205","525"
"Italy (IT)","06.11.2020 07:00 - 06.11.2020 08:00 (CET/CEST)","2090","1","1041"
"Italy (IT)","06.11.2020 08:00 - 06.11.2020 09:00 (CET/CEST)","2731","","1123"
"Italy (IT)","06.11.2020 09:00 - 06.11.2020 10:00 (CET/CEST)","2309","","955"
"Italy (IT)","06.11.2020 10:00 - 06.11.2020 11:00 (CET/CEST)","869","124","687"
"Italy (IT)","06.11.2020 11:00 - 06.11.2020 12:00 (CET/CEST)","507","232","610"
"Italy (IT)","06.11.2020 12:00 - 06.11.2020 13:00 (CET/CEST)","380","230","461"
"Italy (IT)","06.11.2020 13:00 - 06.11.2020 14:00 (CET/CEST)","249","232","476"
"Italy (IT)","06.11.2020 14:00 - 06.11.2020 15:00 (CET/CEST)","213","232","638"
"Italy (IT)","06.11.2020 15:00 - 06.11.2020 16:00 (CET/CEST)","621","94","827"
"Italy (IT)","06.11.2020 16:00 - 06.11.2020 17:00 (CET/CEST)","1376","81","949"
"Italy (IT)","06.11.2020 17:00 - 06.11.2020 18:00 (CET/CEST)","1855","80","1405"
"Italy (IT)","06.11.2020 18:00 - 06.11.2020 19:00 (CET/CEST)","1970","80","1514"
"Italy (IT)","06.11.2020 19:00 - 06.11.2020 20:00 (CET/CEST)","1506","30","941"
"Italy (IT)","06.11.2020 20:00 - 06.11.2020 21:00 (CET/CEST)","1040","","749"
"Italy (IT)","06.11.2020 21:00 - 06.11.2020 22:00 (CET/CEST)","557","80","664"
"Italy (IT)","06.11.2020 22:00 - 06.11.2020 23:00 (CET/CEST)","367","2","636"
"Italy (IT)","06.11.2020 23:00 - 07.11.2020 00:00 (CET/CEST)","224","1","603"
"Italy (IT)","07.11.2020 00:00 - 07.11.2020 01:00 (CET/CEST)","221","2","362"
"Italy (IT)","07.11.2020 01:00 - 07.11.2020 02:00 (CET/CEST)","23","2","322"
"Italy (IT)","07.11.2020 02:00 - 07.11.2020 03:00 (CET/CEST)","0","261","287"
"Italy (IT)","07.11.2020 03:00 - 07.11.2020 04:00 (CET/CEST)","0","441","286"
"Italy (IT)","07.11.2020 04:00 - 07.11.2020 05:00 (CET/CEST)","0","424","311"
"Italy (IT)","07.11.2020 05:00 - 07.11.2020 06:00 (CET/CEST)","192","341","376"
"Italy (IT)","07.11.2020 06:00 - 07.11.2020 07:00 (CET/CEST)","254","338","447"
"Italy (IT)","07.11.2020 07:00 - 07.11.2020 08:00 (CET/CEST)","227","127","549"
"Italy (IT)","07.11.2020 08:00 - 07.11.2020 09:00 (CET/CEST)","531","","731"
"Italy (IT)","07.11.2020 09:00 - 07.11.2020 10:00 (CET/CEST)","455","","459"
"Italy (IT)","07.11.2020 10:00 - 07.11.2020 11:00 (CET/CEST)","375","","396"
"Italy (IT)","07.11.2020 11:00 - 07.11.2020 12:00 (CET/CEST)","182","1","387"
"Italy (IT)","07.11.2020 12:00 - 07.11.2020 13:00 (CET/CEST)","43","1","334"
"Italy (IT)","07.11.2020 13:00 - 07.11.2020 14:00 (CET/CEST)","42","95","327"
"Italy (IT)","07.11.2020 14:00 - 07.11.2020 15:00 (CET/CEST)","58","111","399"
"Italy (IT)","07.11.2020 15:00 - 07.11.2020 16:00 (CET/CEST)","821","19","524"
"Italy (IT)","07.11.2020 16:00 - 07.11.2020 17:00 (CET/CEST)","816","79","754"
"Italy (IT)","07.11.2020 17:00 - 07.11.2020 18:00 (CET/CEST)","1062","22","949"
"Italy (IT)","07.11.2020 18:00 - 07.11.2020 19:00 (CET/CEST)","3182","","1055"
"Italy (IT)","07.11.2020 19:00 - 07.11.2020 20:00 (CET/CEST)","1555","","937"
"Italy (IT)","07.11.2020 20:00 - 07.11.2020 21:00 (CET/CEST)","775","","733"
"Italy (IT)","07.11.2020 21:00 - 07.11.2020 22:00 (CET/CEST)","504","10","591"
"Italy (IT)","07.11.2020 22:00 - 07.11.2020 23:00 (CET/CEST)","498","80","525"
"Italy (IT)","07.11.2020 23:00 - 08.11.2020 00:00 (CET/CEST)","230","48","405"
"Italy (IT)","08.11.2020 00:00 - 08.11.2020 01:00 (CET/CEST)","0","684","365"
"Italy (IT)","08.11.2020 01:00 - 08.11.2020 02:00 (CET/CEST)","0","607","282"
"Italy (IT)","08.11.2020 02:00 - 08.11.2020 03:00 (CET/CEST)","","621","317"
"Italy (IT)","08.11.2020 03:00 - 08.11.2020 04:00 (CET/CEST)","","872","339"
"Italy (IT)","08.11.2020 04:00 - 08.11.2020 05:00 (CET/CEST)","","862","343"
"Italy (IT)","08.11.2020 05:00 - 08.11.2020 06:00 (CET/CEST)","","531","343"
"Italy (IT)","08.11.2020 06:00 - 08.11.2020 07:00 (CET/CEST)","8","343","386"
"Italy (IT)","08.11.2020 07:00 - 08.11.2020 08:00 (CET/CEST)","52","308","412"
"Italy (IT)","08.11.2020 08:00 - 08.11.2020 09:00 (CET/CEST)","38","472","404"
"Italy (IT)","08.11.2020 09:00 - 08.11.2020 10:00 (CET/CEST)","0","398","402"
"Italy (IT)","08.11.2020 10:00 - 08.11.2020 11:00 (CET/CEST)","0","276","402"
"Italy (IT)","08.11.2020 11:00 - 08.11.2020 12:00 (CET/CEST)","0","200","391"
"Italy (IT)","08.11.2020 12:00 - 08.11.2020 13:00 (CET/CEST)","23","140","261"
"Italy (IT)","08.11.2020 13:00 - 08.11.2020 14:00 (CET/CEST)","0","29","268"
"Italy (IT)","08.11.2020 14:00 - 08.11.2020 15:00 (CET/CEST)","65","12","344"
"Italy (IT)","08.11.2020 15:00 - 08.11.2020 16:00 (CET/CEST)","421","1","430"
"Italy (IT)","08.11.2020 16:00 - 08.11.2020 17:00 (CET/CEST)","742","76","719"
"Italy (IT)","08.11.2020 17:00 - 08.11.2020 18:00 (CET/CEST)","1570","13","870"
"Italy (IT)","08.11.2020 18:00 - 08.11.2020 19:00 (CET/CEST)","1247","","1025"
"Italy (IT)","08.11.2020 19:00 - 08.11.2020 20:00 (CET/CEST)","956","","868"
"Italy (IT)","08.11.2020 20:00 - 08.11.2020 21:00 (CET/CEST)","638","","657"
"Italy (IT)","08.11.2020 21:00 - 08.11.2020 22:00 (CET/CEST)","198","24","548"
"Italy (IT)","08.11.2020 22:00 - 08.11.2020 23:00 (CET/CEST)","198","81","517"
"Italy (IT)","08.11.2020 23:00 - 09.11.2020 00:00 (CET/CEST)","129","242","418"
"Italy (IT)","09.11.2020 00:00 - 09.11.2020 01:00 (CET/CEST)","","327","355"
"Italy (IT)","09.11.2020 01:00 - 09.11.2020 02:00 (CET/CEST)","44","776","241"
"Italy (IT)","09.11.2020 02:00 - 09.11.2020 03:00 (CET/CEST)","55","1068","237"
"Italy (IT)","09.11.2020 03:00 - 09.11.2020 04:00 (CET/CEST)","55","1557","237"
"Italy (IT)","09.11.2020 04:00 - 09.11.2020 05:00 (CET/CEST)","55","1452","243"
"Italy (IT)","09.11.2020 05:00 - 09.11.2020 06:00 (CET/CEST)","","1095","332"
"Italy (IT)","09.11.2020 06:00 - 09.11.2020 07:00 (CET/CEST)","248","240","444"
"Italy (IT)","09.11.2020 07:00 - 09.11.2020 08:00 (CET/CEST)","534","3","821"
"Italy (IT)","09.11.2020 08:00 - 09.11.2020 09:00 (CET/CEST)","897","25","839"
"Italy (IT)","09.11.2020 09:00 - 09.11.2020 10:00 (CET/CEST)","626","31","713"
"Italy (IT)","09.11.2020 10:00 - 09.11.2020 11:00 (CET/CEST)","656","","616"
"Italy (IT)","09.11.2020 11:00 - 09.11.2020 12:00 (CET/CEST)","504","1","507"
"Italy (IT)","09.11.2020 12:00 - 09.11.2020 13:00 (CET/CEST)","393","1","439"
"Italy (IT)","09.11.2020 13:00 - 09.11.2020 14:00 (CET/CEST)","488","","579"
"Italy (IT)","09.11.2020 14:00 - 09.11.2020 15:00 (CET/CEST)","237","1","711"
"Italy (IT)","09.11.2020 15:00 - 09.11.2020 16:00 (CET/CEST)","376","1","1004"
"Italy (IT)","09.11.2020 16:00 - 09.11.2020 17:00 (CET/CEST)","981","49","1361"
"Italy (IT)","09.11.2020 17:00 - 09.11.2020 18:00 (CET/CEST)","2704","","1638"
"Italy (IT)","09.11.2020 18:00 - 09.11.2020 19:00 (CET/CEST)","2369","","1505"
"Italy (IT)","09.11.2020 19:00 - 09.11.2020 20:00 (CET/CEST)","1809","","1263"
"Italy (IT)","09.11.2020 20:00 - 09.11.2020 21:00 (CET/CEST)","1315","","899"
"Italy (IT)","09.11.2020 21:00 - 09.11.2020 22:00 (CET/CEST)","736","32","658"
"Italy (IT)","09.11.2020 22:00 - 09.11.2020 23:00 (CET/CEST)","236","348","524"
"Italy (IT)","09.11.2020 23:00 - 10.11.2020 00:00 (CET/CEST)","246","497","477"
"Italy (IT)","10.11.2020 00:00 - 10.11.2020 01:00 (CET/CEST)","192","537","259"
"Italy (IT)","10.11.2020 01:00 - 10.11.2020 02:00 (CET/CEST)","241","203","256"
"Italy (IT)","10.11.2020 02:00 - 10.11.2020 03:00 (CET/CEST)","31","148","210"
"Italy (IT)","10.11.2020 03:00 - 10.11.2020 04:00 (CET/CEST)","","682","210"
"Italy (IT)","10.11.2020 04:00 - 10.11.2020 05:00 (CET/CEST)","","966","212"
"Italy (IT)","10.11.2020 05:00 - 10.11.2020 06:00 (CET/CEST)","30","404","227"
"Italy (IT)","10.11.2020 06:00 - 10.11.2020 07:00 (CET/CEST)","212","129","668"
"Italy (IT)","10.11.2020 07:00 - 10.11.2020 08:00 (CET/CEST)","1349","1","1280"
"Italy (IT)","10.11.2020 08:00 - 10.11.2020 09:00 (CET/CEST)","1619","","1367"
"Italy (IT)","10.11.2020 09:00 - 10.11.2020 10:00 (CET/CEST)","1414","","1158"
"Italy (IT)","10.11.2020 10:00 - 10.11.2020 11:00 (CET/CEST)","732","","1010"
"Italy (IT)","10.11.2020 11:00 - 10.11.2020 12:00 (CET/CEST)","758","","831"
"Italy (IT)","10.11.2020 12:00 - 10.11.2020 13:00 (CET/CEST)","315","","672"
"Italy (IT)","10.11.2020 13:00 - 10.11.2020 14:00 (CET/CEST)","118","16","673"
"Italy (IT)","10.11.2020 14:00 - 10.11.2020 15:00 (CET/CEST)","129","100","763"
"Italy (IT)","10.11.2020 15:00 - 10.11.2020 16:00 (CET/CEST)","320","228","970"
"Italy (IT)","10.11.2020 16:00 - 10.11.2020 17:00 (CET/CEST)","1119","164","1332"
"Italy (IT)","10.11.2020 17:00 - 10.11.2020 18:00 (CET/CEST)","3234","44","1507"
"Italy (IT)","10.11.2020 18:00 - 10.11.2020 19:00 (CET/CEST)","2407","","1622"
"Italy (IT)","10.11.2020 19:00 - 10.11.2020 20:00 (CET/CEST)","1514","","1365"
"Italy (IT)","10.11.2020 20:00 - 10.11.2020 21:00 (CET/CEST)","665","","961"
"Italy (IT)","10.11.2020 21:00 - 10.11.2020 22:00 (CET/CEST)","395","","792"
"Italy (IT)","10.11.2020 22:00 - 10.11.2020 23:00 (CET/CEST)","350","69","506"
"Italy (IT)","10.11.2020 23:00 - 11.11.2020 00:00 (CET/CEST)","41","207","397"
"Italy (IT)","11.11.2020 00:00 - 11.11.2020 01:00 (CET/CEST)","12","202","315"
"Italy (IT)","11.11.2020 01:00 - 11.11.2020 02:00 (CET/CEST)","25","329","225"
"Italy (IT)","11.11.2020 02:00 - 11.11.2020 03:00 (CET/CEST)","0","309","223"
"Italy (IT)","11.11.2020 03:00 - 11.11.2020 04:00 (CET/CEST)","70","378","224"
"Italy (IT)","11.11.2020 04:00 - 11.11.2020 05:00 (CET/CEST)","74","248","224"
"Italy (IT)","11.11.2020 05:00 - 11.11.2020 06:00 (CET/CEST)","106","247","248"
"Italy (IT)","11.11.2020 06:00 - 11.11.2020 07:00 (CET/CEST)","163","193","658"
"Italy (IT)","11.11.2020 07:00 - 11.11.2020 08:00 (CET/CEST)","822","81","1231"
"Italy (IT)","11.11.2020 08:00 - 11.11.2020 09:00 (CET/CEST)","1075","80","1201"
"Italy (IT)","11.11.2020 09:00 - 11.11.2020 10:00 (CET/CEST)","945","15","924"
"Italy (IT)","11.11.2020 10:00 - 11.11.2020 11:00 (CET/CEST)","968","","929"
"Italy (IT)","11.11.2020 11:00 - 11.11.2020 12:00 (CET/CEST)","571","","931"
"Italy (IT)","11.11.2020 12:00 - 11.11.2020 13:00 (CET/CEST)","253","1","797"
"Italy (IT)","11.11.2020 13:00 - 11.11.2020 14:00 (CET/CEST)","217","243","724"
"Italy (IT)","11.11.2020 14:00 - 11.11.2020 15:00 (CET/CEST)","251","253","1023"
"Italy (IT)","11.11.2020 15:00 - 11.11.2020 16:00 (CET/CEST)","464","87","1054"
"Italy (IT)","11.11.2020 16:00 - 11.11.2020 17:00 (CET/CEST)","1013","51","1433"
"Italy (IT)","11.11.2020 17:00 - 11.11.2020 18:00 (CET/CEST)","1979","","1591"
"Italy (IT)","11.11.2020 18:00 - 11.11.2020 19:00 (CET/CEST)","1707","","1443"
"Italy (IT)","11.11.2020 19:00 - 11.11.2020 20:00 (CET/CEST)","1747","","1228"
"Italy (IT)","11.11.2020 20:00 - 11.11.2020 21:00 (CET/CEST)","722","","1023"
"Italy (IT)","11.11.2020 21:00 - 11.11.2020 22:00 (CET/CEST)","224","","790"
"Italy (IT)","11.11.2020 22:00 - 11.11.2020 23:00 (CET/CEST)","176","","493"
"Italy (IT)","11.11.2020 23:00 - 12.11.2020 00:00 (CET/CEST)","41","648","382"
"Italy (IT)","12.11.2020 00:00 - 12.11.2020 01:00 (CET/CEST)","0","365","297"
"Italy (IT)","12.11.2020 01:00 - 12.11.2020 02:00 (CET/CEST)","0","302","207"
"Italy (IT)","12.11.2020 02:00 - 12.11.2020 03:00 (CET/CEST)","75","281","205"
"Italy (IT)","12.11.2020 03:00 - 12.11.2020 04:00 (CET/CEST)","70","523","210"
"Italy (IT)","12.11.2020 04:00 - 12.11.2020 05:00 (CET/CEST)","70","521","312"
"Italy (IT)","12.11.2020 05:00 - 12.11.2020 06:00 (CET/CEST)","98","518","418"
"Italy (IT)","12.11.2020 06:00 - 12.11.2020 07:00 (CET/CEST)","445","270","1066"
"Italy (IT)","12.11.2020 07:00 - 12.11.2020 08:00 (CET/CEST)","717","","1234"
"Italy (IT)","12.11.2020 08:00 - 12.11.2020 09:00 (CET/CEST)","1051","96","1318"
"Italy (IT)","12.11.2020 09:00 - 12.11.2020 10:00 (CET/CEST)","1081","144","1250"
"Italy (IT)","12.11.2020 10:00 - 12.11.2020 11:00 (CET/CEST)","914","153","1072"
"Italy (IT)","12.11.2020 11:00 - 12.11.2020 12:00 (CET/CEST)","689","153","1061"
"Italy (IT)","12.11.2020 12:00 - 12.11.2020 13:00 (CET/CEST)","303","400","892"
"Italy (IT)","12.11.2020 13:00 - 12.11.2020 14:00 (CET/CEST)","411","508","969"
"Italy (IT)","12.11.2020 14:00 - 12.11.2020 15:00 (CET/CEST)","501","300","1078"
"Italy (IT)","12.11.2020 15:00 - 12.11.2020 16:00 (CET/CEST)","1268","245","1270"
"Italy (IT)","12.11.2020 16:00 - 12.11.2020 17:00 (CET/CEST)","2422","81","1413"
"Italy (IT)","12.11.2020 17:00 - 12.11.2020 18:00 (CET/CEST)","3516","80","1406"
"Italy (IT)","12.11.2020 18:00 - 12.11.2020 19:00 (CET/CEST)","3330","","1323"
"Italy (IT)","12.11.2020 19:00 - 12.11.2020 20:00 (CET/CEST)","2707","","1451"
"Italy (IT)","12.11.2020 20:00 - 12.11.2020 21:00 (CET/CEST)","1439","","1074"
"Italy (IT)","12.11.2020 21:00 - 12.11.2020 22:00 (CET/CEST)","725","26","880"
"Italy (IT)","12.11.2020 22:00 - 12.11.2020 23:00 (CET/CEST)","484","80","545"
"Italy (IT)","12.11.2020 23:00 - 13.11.2020 00:00 (CET/CEST)","312","80","410"
"Italy (IT)","13.11.2020 00:00 - 13.11.2020 01:00 (CET/CEST)","0","402","298"
"Italy (IT)","13.11.2020 01:00 - 13.11.2020 02:00 (CET/CEST)","0","371","207"
"Italy (IT)","13.11.2020 02:00 - 13.11.2020 03:00 (CET/CEST)","0","421","205"
"Italy (IT)","13.11.2020 03:00 - 13.11.2020 04:00 (CET/CEST)","0","562","205"
"Italy (IT)","13.11.2020 04:00 - 13.11.2020 05:00 (CET/CEST)","0","526","214"
"Italy (IT)","13.11.2020 05:00 - 13.11.2020 06:00 (CET/CEST)","0","345","337"
"Italy (IT)","13.11.2020 06:00 - 13.11.2020 07:00 (CET/CEST)","198","74","691"
"Italy (IT)","13.11.2020 07:00 - 13.11.2020 08:00 (CET/CEST)","804","1","1266"
"Italy (IT)","13.11.2020 08:00 - 13.11.2020 09:00 (CET/CEST)","1435","","1183"
"Italy (IT)","13.11.2020 09:00 - 13.11.2020 10:00 (CET/CEST)","911","1","1127"
"Italy (IT)","13.11.2020 10:00 - 13.11.2020 11:00 (CET/CEST)","596","1","902"
"Italy (IT)","13.11.2020 11:00 - 13.11.2020 12:00 (CET/CEST)","467","133","876"
"Italy (IT)","13.11.2020 12:00 - 13.11.2020 13:00 (CET/CEST)","58","2","700"
"Italy (IT)","13.11.2020 13:00 - 13.11.2020 14:00 (CET/CEST)","78","","709"
"Italy (IT)","13.11.2020 14:00 - 13.11.2020 15:00 (CET/CEST)","276","1","996"
"Italy (IT)","13.11.2020 15:00 - 13.11.2020 16:00 (CET/CEST)","494","17","1199"
"Italy (IT)","13.11.2020 16:00 - 13.11.2020 17:00 (CET/CEST)","895","80","1305"
"Italy (IT)","13.11.2020 17:00 - 13.11.2020 18:00 (CET/CEST)","1665","58","1496"
"Italy (IT)","13.11.2020 18:00 - 13.11.2020 19:00 (CET/CEST)","1509","","1508"
"Italy (IT)","13.11.2020 19:00 - 13.11.2020 20:00 (CET/CEST)","1204","41","1496"
"Italy (IT)","13.11.2020 20:00 - 13.11.2020 21:00 (CET/CEST)","1149","","1396"
"Italy (IT)","13.11.2020 21:00 - 13.11.2020 22:00 (CET/CEST)","546","75","824"
"Italy (IT)","13.11.2020 22:00 - 13.11.2020 23:00 (CET/CEST)","182","71","599"
"Italy (IT)","13.11.2020 23:00 - 14.11.2020 00:00 (CET/CEST)","76","153","545"
"Italy (IT)","14.11.2020 00:00 - 14.11.2020 01:00 (CET/CEST)","0","301","557"
"Italy (IT)","14.11.2020 01:00 - 14.11.2020 02:00 (CET/CEST)","0","191","349"
"Italy (IT)","14.11.2020 02:00 - 14.11.2020 03:00 (CET/CEST)","0","224","283"
"Italy (IT)","14.11.2020 03:00 - 14.11.2020 04:00 (CET/CEST)","0","327","217"
"Italy (IT)","14.11.2020 04:00 - 14.11.2020 05:00 (CET/CEST)","0","537","207"
"Italy (IT)","14.11.2020 05:00 - 14.11.2020 06:00 (CET/CEST)","0","437","224"
"Italy (IT)","14.11.2020 06:00 - 14.11.2020 07:00 (CET/CEST)","0","292","301"
"Italy (IT)","14.11.2020 07:00 - 14.11.2020 08:00 (CET/CEST)","126","238","404"
"Italy (IT)","14.11.2020 08:00 - 14.11.2020 09:00 (CET/CEST)","225","94","961"
"Italy (IT)","14.11.2020 09:00 - 14.11.2020 10:00 (CET/CEST)","372","","993"
"Italy (IT)","14.11.2020 10:00 - 14.11.2020 11:00 (CET/CEST)","409","","845"
"Italy (IT)","14.11.2020 11:00 - 14.11.2020 12:00 (CET/CEST)","280","","693"
"Italy (IT)","14.11.2020 12:00 - 14.11.2020 13:00 (CET/CEST)","187","","719"
"Italy (IT)","14.11.2020 13:00 - 14.11.2020 14:00 (CET/CEST)","151","","401"
"Italy (IT)","14.11.2020 14:00 - 14.11.2020 15:00 (CET/CEST)","26","1","414"
"Italy (IT)","14.11.2020 15:00 - 14.11.2020 16:00 (CET/CEST)","26","1","620"
"Italy (IT)","14.11.2020 16:00 - 14.11.2020 17:00 (CET/CEST)","247","","949"
"Italy (IT)","14.11.2020 17:00 - 14.11.2020 18:00 (CET/CEST)","1083","","1182"
"Italy (IT)","14.11.2020 18:00 - 14.11.2020 19:00 (CET/CEST)","891","","948"
"Italy (IT)","14.11.2020 19:00 - 14.11.2020 20:00 (CET/CEST)","895","","920"
"Italy (IT)","14.11.2020 20:00 - 14.11.2020 21:00 (CET/CEST)","651","","644"
"Italy (IT)","14.11.2020 21:00 - 14.11.2020 22:00 (CET/CEST)","387","","560"
"Italy (IT)","14.11.2020 22:00 - 14.11.2020 23:00 (CET/CEST)","324","","390"
"Italy (IT)","14.11.2020 23:00 - 15.11.2020 00:00 (CET/CEST)","203","158","333"
"Italy (IT)","15.11.2020 00:00 - 15.11.2020 01:00 (CET/CEST)","180","70","241"
"Italy (IT)","15.11.2020 01:00 - 15.11.2020 02:00 (CET/CEST)","133","146","217"
"Italy (IT)","15.11.2020 02:00 - 15.11.2020 03:00 (CET/CEST)","0","623","220"
"Italy (IT)","15.11.2020 03:00 - 15.11.2020 04:00 (CET/CEST)","0","664","226"
"Italy (IT)","15.11.2020 04:00 - 15.11.2020 05:00 (CET/CEST)","0","513","247"
"Italy (IT)","15.11.2020 05:00 - 15.11.2020 06:00 (CET/CEST)","0","511","317"
"Italy (IT)","15.11.2020 06:00 - 15.11.2020 07:00 (CET/CEST)","0","507","360"
"Italy (IT)","15.11.2020 07:00 - 15.11.2020 08:00 (CET/CEST)","183","482","504"
"Italy (IT)","15.11.2020 08:00 - 15.11.2020 09:00 (CET/CEST)","145","237","591"
"Italy (IT)","15.11.2020 09:00 - 15.11.2020 10:00 (CET/CEST)","473","","565"
"Italy (IT)","15.11.2020 10:00 - 15.11.2020 11:00 (CET/CEST)","462","29","584"
"Italy (IT)","15.11.2020 11:00 - 15.11.2020 12:00 (CET/CEST)","459","80","621"
"Italy (IT)","15.11.2020 12:00 - 15.11.2020 13:00 (CET/CEST)","90","80","611"
"Italy (IT)","15.11.2020 13:00 - 15.11.2020 14:00 (CET/CEST)","8","104","496"
"Italy (IT)","15.11.2020 14:00 - 15.11.2020 15:00 (CET/CEST)","8","228","475"
"Italy (IT)","15.11.2020 15:00 - 15.11.2020 16:00 (CET/CEST)","90","227","422"
"Italy (IT)","15.11.2020 16:00 - 15.11.2020 17:00 (CET/CEST)","219","221","544"
"Italy (IT)","15.11.2020 17:00 - 15.11.2020 18:00 (CET/CEST)","396","24","591"
"Italy (IT)","15.11.2020 18:00 - 15.11.2020 19:00 (CET/CEST)","440","","565"
"Italy (IT)","15.11.2020 19:00 - 15.11.2020 20:00 (CET/CEST)","399","","529"
"Italy (IT)","15.11.2020 20:00 - 15.11.2020 21:00 (CET/CEST)","89","75","512"
"Italy (IT)","15.11.2020 21:00 - 15.11.2020 22:00 (CET/CEST)","0","250","348"
"Italy (IT)","15.11.2020 22:00 - 15.11.2020 23:00 (CET/CEST)","11","281","287"
"Italy (IT)","15.11.2020 23:00 - 16.11.2020 00:00 (CET/CEST)","164","567","254"
"Italy (IT)","16.11.2020 00:00 - 16.11.2020 01:00 (CET/CEST)","0","1080","194"
"Italy (IT)","16.11.2020 01:00 - 16.11.2020 02:00 (CET/CEST)","0","1488","144"
"Italy (IT)","16.11.2020 02:00 - 16.11.2020 03:00 (CET/CEST)","0","1579","130"
"Italy (IT)","16.11.2020 03:00 - 16.11.2020 04:00 (CET/CEST)","0","1637","138"
"Italy (IT)","16.11.2020 04:00 - 16.11.2020 05:00 (CET/CEST)","0","1330","208"
"Italy (IT)","16.11.2020 05:00 - 16.11.2020 06:00 (CET/CEST)","0","900","310"
"Italy (IT)","16.11.2020 06:00 - 16.11.2020 07:00 (CET/CEST)","60","104","641"
"Italy (IT)","16.11.2020 07:00 - 16.11.2020 08:00 (CET/CEST)","430","","936"
"Italy (IT)","16.11.2020 08:00 - 16.11.2020 09:00 (CET/CEST)","864","","1338"
"Italy (IT)","16.11.2020 09:00 - 16.11.2020 10:00 (CET/CEST)","958","","1329"
"Italy (IT)","16.11.2020 10:00 - 16.11.2020 11:00 (CET/CEST)","887","","1183"
"Italy (IT)","16.11.2020 11:00 - 16.11.2020 12:00 (CET/CEST)","811","","1149"
"Italy (IT)","16.11.2020 12:00 - 16.11.2020 13:00 (CET/CEST)","376","","938"
"Italy (IT)","16.11.2020 13:00 - 16.11.2020 14:00 (CET/CEST)","455","","864"
"Italy (IT)","16.11.2020 14:00 - 16.11.2020 15:00 (CET/CEST)","868","","968"
"Italy (IT)","16.11.2020 15:00 - 16.11.2020 16:00 (CET/CEST)","971","","1135"
"Italy (IT)","16.11.2020 16:00 - 16.11.2020 17:00 (CET/CEST)","1104","","1467"
"Italy (IT)","16.11.2020 17:00 - 16.11.2020 18:00 (CET/CEST)","1988","","1590"
"Italy (IT)","16.11.2020 18:00 - 16.11.2020 19:00 (CET/CEST)","1571","","1298"
"Italy (IT)","16.11.2020 19:00 - 16.11.2020 20:00 (CET/CEST)","1152","","1095"
"Italy (IT)","16.11.2020 20:00 - 16.11.2020 21:00 (CET/CEST)","739","","763"
"Italy (IT)","16.11.2020 21:00 - 16.11.2020 22:00 (CET/CEST)","239","","595"
"Italy (IT)","16.11.2020 22:00 - 16.11.2020 23:00 (CET/CEST)","41","104","376"
"Italy (IT)","16.11.2020 23:00 - 17.11.2020 00:00 (CET/CEST)","42","390","313"
"Italy (IT)","17.11.2020 00:00 - 17.11.2020 01:00 (CET/CEST)","0","303","257"
"Italy (IT)","17.11.2020 01:00 - 17.11.2020 02:00 (CET/CEST)","0","368","198"
"Italy (IT)","17.11.2020 02:00 - 17.11.2020 03:00 (CET/CEST)","0","610","175"
"Italy (IT)","17.11.2020 03:00 - 17.11.2020 04:00 (CET/CEST)","0","662","179"
"Italy (IT)","17.11.2020 04:00 - 17.11.2020 05:00 (CET/CEST)","0","660","191"
"Italy (IT)","17.11.2020 05:00 - 17.11.2020 06:00 (CET/CEST)","0","510","297"
"Italy (IT)","17.11.2020 06:00 - 17.11.2020 07:00 (CET/CEST)","175","259","774"
"Italy (IT)","17.11.2020 07:00 - 17.11.2020 08:00 (CET/CEST)","760","75","1371"
"Italy (IT)","17.11.2020 08:00 - 17.11.2020 09:00 (CET/CEST)","1190","1","1551"
"Italy (IT)","17.11.2020 09:00 - 17.11.2020 10:00 (CET/CEST)","803","","1284"
"Italy (IT)","17.11.2020 10:00 - 17.11.2020 11:00 (CET/CEST)","403","","880"
"Italy (IT)","17.11.2020 11:00 - 17.11.2020 12:00 (CET/CEST)","131","","814"
"Italy (IT)","17.11.2020 12:00 - 17.11.2020 13:00 (CET/CEST)","77","1","552"
"Italy (IT)","17.11.2020 13:00 - 17.11.2020 14:00 (CET/CEST)","77","1","508"
"Italy (IT)","17.11.2020 14:00 - 17.11.2020 15:00 (CET/CEST)","313","1","678"
"Italy (IT)","17.11.2020 15:00 - 17.11.2020 16:00 (CET/CEST)","698","","961"
"Italy (IT)","17.11.2020 16:00 - 17.11.2020 17:00 (CET/CEST)","980","","1095"
"Italy (IT)","17.11.2020 17:00 - 17.11.2020 18:00 (CET/CEST)","1396","","1383"
"Italy (IT)","17.11.2020 18:00 - 17.11.2020 19:00 (CET/CEST)","1267","","1289"
"Italy (IT)","17.11.2020 19:00 - 17.11.2020 20:00 (CET/CEST)","1099","","1175"
"Italy (IT)","17.11.2020 20:00 - 17.11.2020 21:00 (CET/CEST)","866","","768"
"Italy (IT)","17.11.2020 21:00 - 17.11.2020 22:00 (CET/CEST)","414","","448"
"Italy (IT)","17.11.2020 22:00 - 17.11.2020 23:00 (CET/CEST)","236","12","419"
"Italy (IT)","17.11.2020 23:00 - 18.11.2020 00:00 (CET/CEST)","237","239","299"
"Italy (IT)","18.11.2020 00:00 - 18.11.2020 01:00 (CET/CEST)","0","521","305"
"Italy (IT)","18.11.2020 01:00 - 18.11.2020 02:00 (CET/CEST)","0","1331","201"
"Italy (IT)","18.11.2020 02:00 - 18.11.2020 03:00 (CET/CEST)","0","1809","201"
"Italy (IT)","18.11.2020 03:00 - 18.11.2020 04:00 (CET/CEST)","0","1815","199"
"Italy (IT)","18.11.2020 04:00 - 18.11.2020 05:00 (CET/CEST)","0","1588","205"
"Italy (IT)","18.11.2020 05:00 - 18.11.2020 06:00 (CET/CEST)","0","1408","301"
"Italy (IT)","18.11.2020 06:00 - 18.11.2020 07:00 (CET/CEST)","0","557","551"
"Italy (IT)","18.11.2020 07:00 - 18.11.2020 08:00 (CET/CEST)","389","245","899"
"Italy (IT)","18.11.2020 08:00 - 18.11.2020 09:00 (CET/CEST)","826","40","1158"
"Italy (IT)","18.11.2020 09:00 - 18.11.2020 10:00 (CET/CEST)","298","1","797"
"Italy (IT)","18.11.2020 10:00 - 18.11.2020 11:00 (CET/CEST)","265","1","661"
"Italy (IT)","18.11.2020 11:00 - 18.11.2020 12:00 (CET/CEST)","137","4","406"
"Italy (IT)","18.11.2020 12:00 - 18.11.2020 13:00 (CET/CEST)","78","6","354"
"Italy (IT)","18.11.2020 13:00 - 18.11.2020 14:00 (CET/CEST)","78","","389"
"Italy (IT)","18.11.2020 14:00 - 18.11.2020 15:00 (CET/CEST)","73","6","752"
"Italy (IT)","18.11.2020 15:00 - 18.11.2020 16:00 (CET/CEST)","372","","1024"
"Italy (IT)","18.11.2020 16:00 - 18.11.2020 17:00 (CET/CEST)","1092","53","1217"
"Italy (IT)","18.11.2020 17:00 - 18.11.2020 18:00 (CET/CEST)","1412","80","1384"
"Italy (IT)","18.11.2020 18:00 - 18.11.2020 19:00 (CET/CEST)","2003","48","1262"
"Italy (IT)","18.11.2020 19:00 - 18.11.2020 20:00 (CET/CEST)","1619","80","1261"
"Italy (IT)","18.11.2020 20:00 - 18.11.2020 21:00 (CET/CEST)","557","80","1069"
"Italy (IT)","18.11.2020 21:00 - 18.11.2020 22:00 (CET/CEST)","208","80","518"
"Italy (IT)","18.11.2020 22:00 - 18.11.2020 23:00 (CET/CEST)","164","80","433"
"Italy (IT)","18.11.2020 23:00 - 19.11.2020 00:00 (CET/CEST)","103","31","407"
"Italy (IT)","19.11.2020 00:00 - 19.11.2020 01:00 (CET/CEST)","79","391","325"
"Italy (IT)","19.11.2020 01:00 - 19.11.2020 02:00 (CET/CEST)","79","562","323"
"Italy (IT)","19.11.2020 02:00 - 19.11.2020 03:00 (CET/CEST)","78","947","286"
"Italy (IT)","19.11.2020 03:00 - 19.11.2020 04:00 (CET/CEST)","53","981","175"
"Italy (IT)","19.11.2020 04:00 - 19.11.2020 05:00 (CET/CEST)","0","979","195"
"Italy (IT)","19.11.2020 05:00 - 19.11.2020 06:00 (CET/CEST)","0","885","238"
"Italy (IT)","19.11.2020 06:00 - 19.11.2020 07:00 (CET/CEST)","151","139","697"
"Italy (IT)","19.11.2020 07:00 - 19.11.2020 08:00 (CET/CEST)","537","","1240"
"Italy (IT)","19.11.2020 08:00 - 19.11.2020 09:00 (CET/CEST)","702","","1365"
"Italy (IT)","19.11.2020 09:00 - 19.11.2020 10:00 (CET/CEST)","345","5","1112"
"Italy (IT)","19.11.2020 10:00 - 19.11.2020 11:00 (CET/CEST)","489","6","698"
"Italy (IT)","19.11.2020 11:00 - 19.11.2020 12:00 (CET/CEST)","392","26","532"
"Italy (IT)","19.11.2020 12:00 - 19.11.2020 13:00 (CET/CEST)","24","145","470"
"Italy (IT)","19.11.2020 13:00 - 19.11.2020 14:00 (CET/CEST)","104","145","473"
"Italy (IT)","19.11.2020 14:00 - 19.11.2020 15:00 (CET/CEST)","241","191","472"
"Italy (IT)","19.11.2020 15:00 - 19.11.2020 16:00 (CET/CEST)","297","215","764"
"Italy (IT)","19.11.2020 16:00 - 19.11.2020 17:00 (CET/CEST)","412","26","1070"
"Italy (IT)","19.11.2020 17:00 - 19.11.2020 18:00 (CET/CEST)","933","","1349"
"Italy (IT)","19.11.2020 18:00 - 19.11.2020 19:00 (CET/CEST)","1442","","1373"
"Italy (IT)","19.11.2020 19:00 - 19.11.2020 20:00 (CET/CEST)","1100","","1320"
"Italy (IT)","19.11.2020 20:00 - 19.11.2020 21:00 (CET/CEST)","809","","1102"
"Italy (IT)","19.11.2020 21:00 - 19.11.2020 22:00 (CET/CEST)","473","","541"
"Italy (IT)","19.11.2020 22:00 - 19.11.2020 23:00 (CET/CEST)","42","158","425"
"Italy (IT)","19.11.2020 23:00 - 20.11.2020 00:00 (CET/CEST)","41","360","403"
"Italy (IT)","20.11.2020 00:00 - 20.11.2020 01:00 (CET/CEST)","0","349","253"
"Italy (IT)","20.11.2020 01:00 - 20.11.2020 02:00 (CET/CEST)","0","712","170"
"Italy (IT)","20.11.2020 02:00 - 20.11.2020 03:00 (CET/CEST)","","1061","126"
"Italy (IT)","20.11.2020 03:00 - 20.11.2020 04:00 (CET/CEST)","","1390","127"
"Italy (IT)","20.11.2020 04:00 - 20.11.2020 05:00 (CET/CEST)","","1442","168"
"Italy (IT)","20.11.2020 05:00 - 20.11.2020 06:00 (CET/CEST)","0","936","303"
"Italy (IT)","20.11.2020 06:00 - 20.11.2020 07:00 (CET/CEST)","0","461","708"
"Italy (IT)","20.11.2020 07:00 - 20.11.2020 08:00 (CET/CEST)","515","","1165"
"Italy (IT)","20.11.2020 08:00 - 20.11.2020 09:00 (CET/CEST)","1303","","1375"
"Italy (IT)","20.11.2020 09:00 - 20.11.2020 10:00 (CET/CEST)","1661","","1390"
"Italy (IT)","20.11.2020 10:00 - 20.11.2020 11:00 (CET/CEST)","1091","","1226"
"Italy (IT)","20.11.2020 11:00 - 20.11.2020 12:00 (CET/CEST)","523","1","1152"
"Italy (IT)","20.11.2020 12:00 - 20.11.2020 13:00 (CET/CEST)","273","1","727"
"Italy (IT)","20.11.2020 13:00 - 20.11.2020 14:00 (CET/CEST)","133","1","748"
"Italy (IT)","20.11.2020 14:00 - 20.11.2020 15:00 (CET/CEST)","153","2","1157"
"Italy (IT)","20.11.2020 15:00 - 20.11.2020 16:00 (CET/CEST)","169","1","1319"
"Italy (IT)","20.11.2020 16:00 - 20.11.2020 17:00 (CET/CEST)","558","1","1250"
"Italy (IT)","20.11.2020 17:00 - 20.11.2020 18:00 (CET/CEST)","971","","1556"
"Italy (IT)","20.11.2020 18:00 - 20.11.2020 19:00 (CET/CEST)","986","","1324"
"Italy (IT)","20.11.2020 19:00 - 20.11.2020 20:00 (CET/CEST)","805","","1130"
"Italy (IT)","20.11.2020 20:00 - 20.11.2020 21:00 (CET/CEST)","820","","587"
"Italy (IT)","20.11.2020 21:00 - 20.11.2020 22:00 (CET/CEST)","752","","445"
"Italy (IT)","20.11.2020 22:00 - 20.11.2020 23:00 (CET/CEST)","569","","417"
"Italy (IT)","20.11.2020 23:00 - 21.11.2020 00:00 (CET/CEST)","7","1","361"
"Italy (IT)","21.11.2020 00:00 - 21.11.2020 01:00 (CET/CEST)","1","1","134"
"Italy (IT)","21.11.2020 01:00 - 21.11.2020 02:00 (CET/CEST)","0","3","118"
"Italy (IT)","21.11.2020 02:00 - 21.11.2020 03:00 (CET/CEST)","0","167","136"
"Italy (IT)","21.11.2020 03:00 - 21.11.2020 04:00 (CET/CEST)","","351","153"
"Italy (IT)","21.11.2020 04:00 - 21.11.2020 05:00 (CET/CEST)","55","563","130"
"Italy (IT)","21.11.2020 05:00 - 21.11.2020 06:00 (CET/CEST)","88","572","151"
"Italy (IT)","21.11.2020 06:00 - 21.11.2020 07:00 (CET/CEST)","235","689","317"
"Italy (IT)","21.11.2020 07:00 - 21.11.2020 08:00 (CET/CEST)","801","450","650"
"Italy (IT)","21.11.2020 08:00 - 21.11.2020 09:00 (CET/CEST)","915","277","792"
"Italy (IT)","21.11.2020 09:00 - 21.11.2020 10:00 (CET/CEST)","578","43","693"
"Italy (IT)","21.11.2020 10:00 - 21.11.2020 11:00 (CET/CEST)","294","8","508"
"Italy (IT)","21.11.2020 11:00 - 21.11.2020 12:00 (CET/CEST)","27","1","337"
"Italy (IT)","21.11.2020 12:00 - 21.11.2020 13:00 (CET/CEST)","0","1","373"
"Italy (IT)","21.11.2020 13:00 - 21.11.2020 14:00 (CET/CEST)","0","1","372"
"Italy (IT)","21.11.2020 14:00 - 21.11.2020 15:00 (CET/CEST)","0","89","364"
"Italy (IT)","21.11.2020 15:00 - 21.11.2020 16:00 (CET/CEST)","4","77","430"
"Italy (IT)","21.11.2020 16:00 - 21.11.2020 17:00 (CET/CEST)","703","","689"
"Italy (IT)","21.11.2020 17:00 - 21.11.2020 18:00 (CET/CEST)","2065","","1179"
"Italy (IT)","21.11.2020 18:00 - 21.11.2020 19:00 (CET/CEST)","1584","","1234"
"Italy (IT)","21.11.2020 19:00 - 21.11.2020 20:00 (CET/CEST)","2038","","1169"
"Italy (IT)","21.11.2020 20:00 - 21.11.2020 21:00 (CET/CEST)","1625","","695"
"Italy (IT)","21.11.2020 21:00 - 21.11.2020 22:00 (CET/CEST)","162","1","461"
"Italy (IT)","21.11.2020 22:00 - 21.11.2020 23:00 (CET/CEST)","3","1","382"
"Italy (IT)","21.11.2020 23:00 - 22.11.2020 00:00 (CET/CEST)","10","26","264"
"Italy (IT)","22.11.2020 00:00 - 22.11.2020 01:00 (CET/CEST)","8","68","100"
"Italy (IT)","22.11.2020 01:00 - 22.11.2020 02:00 (CET/CEST)","","203","100"
"Italy (IT)","22.11.2020 02:00 - 22.11.2020 03:00 (CET/CEST)","","514","139"
"Italy (IT)","22.11.2020 03:00 - 22.11.2020 04:00 (CET/CEST)","","845","157"
"Italy (IT)","22.11.2020 04:00 - 22.11.2020 05:00 (CET/CEST)","","1041","128"
"Italy (IT)","22.11.2020 05:00 - 22.11.2020 06:00 (CET/CEST)","","789","164"
"Italy (IT)","22.11.2020 06:00 - 22.11.2020 07:00 (CET/CEST)","","685","187"
"Italy (IT)","22.11.2020 07:00 - 22.11.2020 08:00 (CET/CEST)","","676","220"
"Italy (IT)","22.11.2020 08:00 - 22.11.2020 09:00 (CET/CEST)","","609","241"
"Italy (IT)","22.11.2020 09:00 - 22.11.2020 10:00 (CET/CEST)","0","471","286"
"Italy (IT)","22.11.2020 10:00 - 22.11.2020 11:00 (CET/CEST)","0","289","368"
"Italy (IT)","22.11.2020 11:00 - 22.11.2020 12:00 (CET/CEST)","0","344","325"
"Italy (IT)","22.11.2020 12:00 - 22.11.2020 13:00 (CET/CEST)","122","347","288"
"Italy (IT)","22.11.2020 13:00 - 22.11.2020 14:00 (CET/CEST)","196","526","257"
"Italy (IT)","22.11.2020 14:00 - 22.11.2020 15:00 (CET/CEST)","81","706","287"
"Italy (IT)","22.11.2020 15:00 - 22.11.2020 16:00 (CET/CEST)","109","632","326"
"Italy (IT)","22.11.2020 16:00 - 22.11.2020 17:00 (CET/CEST)","241","232","430"
"Italy (IT)","22.11.2020 17:00 - 22.11.2020 18:00 (CET/CEST)","1464","80","602"
"Italy (IT)","22.11.2020 18:00 - 22.11.2020 19:00 (CET/CEST)","958","80","764"
"Italy (IT)","22.11.2020 19:00 - 22.11.2020 20:00 (CET/CEST)","1264","80","634"
"Italy (IT)","22.11.2020 20:00 - 22.11.2020 21:00 (CET/CEST)","269","178","423"
"Italy (IT)","22.11.2020 21:00 - 22.11.2020 22:00 (CET/CEST)","403","491","298"
"Italy (IT)","22.11.2020 22:00 - 22.11.2020 23:00 (CET/CEST)","140","749","301"
"Italy (IT)","22.11.2020 23:00 - 23.11.2020 00:00 (CET/CEST)","46","423","301"
"Italy (IT)","23.11.2020 00:00 - 23.11.2020 01:00 (CET/CEST)","159","18","141"
"Italy (IT)","23.11.2020 01:00 - 23.11.2020 02:00 (CET/CEST)","68","625","135"
"Italy (IT)","23.11.2020 02:00 - 23.11.2020 03:00 (CET/CEST)","59","1061","105"
"Italy (IT)","23.11.2020 03:00 - 23.11.2020 04:00 (CET/CEST)","","1188","138"
"Italy (IT)","23.11.2020 04:00 - 23.11.2020 05:00 (CET/CEST)","","1129","158"
"Italy (IT)","23.11.2020 05:00 - 23.11.2020 06:00 (CET/CEST)","","679","171"
"Italy (IT)","23.11.2020 06:00 - 23.11.2020 07:00 (CET/CEST)","260","62","650"
"Italy (IT)","23.11.2020 07:00 - 23.11.2020 08:00 (CET/CEST)","1483","","1089"
"Italy (IT)","23.11.2020 08:00 - 23.11.2020 09:00 (CET/CEST)","1899","","1200"
"Italy (IT)","23.11.2020 09:00 - 23.11.2020 10:00 (CET/CEST)","806","1","977"
"Italy (IT)","23.11.2020 10:00 - 23.11.2020 11:00 (CET/CEST)","167","1","712"
"Italy (IT)","23.11.2020 11:00 - 23.11.2020 12:00 (CET/CEST)","27","11","562"
"Italy (IT)","23.11.2020 12:00 - 23.11.2020 13:00 (CET/CEST)","26","2","443"
"Italy (IT)","23.11.2020 13:00 - 23.11.2020 14:00 (CET/CEST)","26","1","484"
"Italy (IT)","23.11.2020 14:00 - 23.11.2020 15:00 (CET/CEST)","27","35","487"
"Italy (IT)","23.11.2020 15:00 - 23.11.2020 16:00 (CET/CEST)","906","81","947"
"Italy (IT)","23.11.2020 16:00 - 23.11.2020 17:00 (CET/CEST)","1041","1","1210"
"Italy (IT)","23.11.2020 17:00 - 23.11.2020 18:00 (CET/CEST)","1532","","1402"
"Italy (IT)","23.11.2020 18:00 - 23.11.2020 19:00 (CET/CEST)","2084","","1390"
"Italy (IT)","23.11.2020 19:00 - 23.11.2020 20:00 (CET/CEST)","1702","","1374"
"Italy (IT)","23.11.2020 20:00 - 23.11.2020 21:00 (CET/CEST)","1282","45","908"
"Italy (IT)","23.11.2020 21:00 - 23.11.2020 22:00 (CET/CEST)","403","80","630"
"Italy (IT)","23.11.2020 22:00 - 23.11.2020 23:00 (CET/CEST)","211","80","456"
"Italy (IT)","23.11.2020 23:00 - 24.11.2020 00:00 (CET/CEST)","38","81","220"
"Italy (IT)","24.11.2020 00:00 - 24.11.2020 01:00 (CET/CEST)","0","275","114"
"Italy (IT)","24.11.2020 01:00 - 24.11.2020 02:00 (CET/CEST)","0","692","95"
"Italy (IT)","24.11.2020 02:00 - 24.11.2020 03:00 (CET/CEST)","0","788","79"
"Italy (IT)","24.11.2020 03:00 - 24.11.2020 04:00 (CET/CEST)","0","951","78"
"Italy (IT)","24.11.2020 04:00 - 24.11.2020 05:00 (CET/CEST)","0","1136","79"
"Italy (IT)","24.11.2020 05:00 - 24.11.2020 06:00 (CET/CEST)","0","443","144"
"Italy (IT)","24.11.2020 06:00 - 24.11.2020 07:00 (CET/CEST)","137","56","395"
"Italy (IT)","24.11.2020 07:00 - 24.11.2020 08:00 (CET/CEST)","529","19","1202"
"Italy (IT)","24.11.2020 08:00 - 24.11.2020 09:00 (CET/CEST)","1470","","1195"
"Italy (IT)","24.11.2020 09:00 - 24.11.2020 10:00 (CET/CEST)","346","37","978"
"Italy (IT)","24.11.2020 10:00 - 24.11.2020 11:00 (CET/CEST)","150","33","780"
"Italy (IT)","24.11.2020 11:00 - 24.11.2020 12:00 (CET/CEST)","114","1","604"
"Italy (IT)","24.11.2020 12:00 - 24.11.2020 13:00 (CET/CEST)","28","4","420"
"Italy (IT)","24.11.2020 13:00 - 24.11.2020 14:00 (CET/CEST)","26","8","236"
"Italy (IT)","24.11.2020 14:00 - 24.11.2020 15:00 (CET/CEST)","27","80","643"
"Italy (IT)","24.11.2020 15:00 - 24.11.2020 16:00 (CET/CEST)","413","","1096"
"Italy (IT)","24.11.2020 16:00 - 24.11.2020 17:00 (CET/CEST)","943","1","1179"
"Italy (IT)","24.11.2020 17:00 - 24.11.2020 18:00 (CET/CEST)","1958","","1430"
"Italy (IT)","24.11.2020 18:00 - 24.11.2020 19:00 (CET/CEST)","1818","","1385"
"Italy (IT)","24.11.2020 19:00 - 24.11.2020 20:00 (CET/CEST)","971","","1352"
"Italy (IT)","24.11.2020 20:00 - 24.11.2020 21:00 (CET/CEST)","319","","999"
"Italy (IT)","24.11.2020 21:00 - 24.11.2020 22:00 (CET/CEST)","59","","473"
"Italy (IT)","24.11.2020 22:00 - 24.11.2020 23:00 (CET/CEST)","26","","225"
"Italy (IT)","24.11.2020 23:00 - 25.11.2020 00:00 (CET/CEST)","0","50","148"
"Italy (IT)","25.11.2020 00:00 - 25.11.2020 01:00 (CET/CEST)","0","327","87"
"Italy (IT)","25.11.2020 01:00 - 25.11.2020 02:00 (CET/CEST)","44","412","71"
"Italy (IT)","25.11.2020 02:00 - 25.11.2020 03:00 (CET/CEST)","60","582","55"
"Italy (IT)","25.11.2020 03:00 - 25.11.2020 04:00 (CET/CEST)","60","684","54"
"Italy (IT)","25.11.2020 04:00 - 25.11.2020 05:00 (CET/CEST)","60","704","55"
"Italy (IT)","25.11.2020 05:00 - 25.11.2020 06:00 (CET/CEST)","1","519","106"
"Italy (IT)","25.11.2020 06:00 - 25.11.2020 07:00 (CET/CEST)","95","199","507"
"Italy (IT)","25.11.2020 07:00 - 25.11.2020 08:00 (CET/CEST)","487","23","1324"
"Italy (IT)","25.11.2020 08:00 - 25.11.2020 09:00 (CET/CEST)","735","","1425"
"Italy (IT)","25.11.2020 09:00 - 25.11.2020 10:00 (CET/CEST)","517","65","1165"
"Italy (IT)","25.11.2020 10:00 - 25.11.2020 11:00 (CET/CEST)","470","38","895"
"Italy (IT)","25.11.2020 11:00 - 25.11.2020 12:00 (CET/CEST)","335","72","678"
"Italy (IT)","25.11.2020 12:00 - 25.11.2020 13:00 (CET/CEST)","210","81","478"
"Italy (IT)","25.11.2020 13:00 - 25.11.2020 14:00 (CET/CEST)","202","81","517"
"Italy (IT)","25.11.2020 14:00 - 25.11.2020 15:00 (CET/CEST)","436","85","852"
"Italy (IT)","25.11.2020 15:00 - 25.11.2020 16:00 (CET/CEST)","583","64","1197"
"Italy (IT)","25.11.2020 16:00 - 25.11.2020 17:00 (CET/CEST)","1821","","1522"
"Italy (IT)","25.11.2020 17:00 - 25.11.2020 18:00 (CET/CEST)","2342","","1637"
"Italy (IT)","25.11.2020 18:00 - 25.11.2020 19:00 (CET/CEST)","2192","","1446"
"Italy (IT)","25.11.2020 19:00 - 25.11.2020 20:00 (CET/CEST)","1470","","1341"
"Italy (IT)","25.11.2020 20:00 - 25.11.2020 21:00 (CET/CEST)","793","","1110"
"Italy (IT)","25.11.2020 21:00 - 25.11.2020 22:00 (CET/CEST)","541","","866"
"Italy (IT)","25.11.2020 22:00 - 25.11.2020 23:00 (CET/CEST)","364","34","621"
"Italy (IT)","25.11.2020 23:00 - 26.11.2020 00:00 (CET/CEST)","18","72","383"
"Italy (IT)","26.11.2020 00:00 - 26.11.2020 01:00 (CET/CEST)","49","282","122"
"Italy (IT)","26.11.2020 01:00 - 26.11.2020 02:00 (CET/CEST)","39","588","102"
"Italy (IT)","26.11.2020 02:00 - 26.11.2020 03:00 (CET/CEST)","0","766","77"
"Italy (IT)","26.11.2020 03:00 - 26.11.2020 04:00 (CET/CEST)","","887","75"
"Italy (IT)","26.11.2020 04:00 - 26.11.2020 05:00 (CET/CEST)","","1074","87"
"Italy (IT)","26.11.2020 05:00 - 26.11.2020 06:00 (CET/CEST)","","955","146"
"Italy (IT)","26.11.2020 06:00 - 26.11.2020 07:00 (CET/CEST)","100","188","767"
"Italy (IT)","26.11.2020 07:00 - 26.11.2020 08:00 (CET/CEST)","490","80","1165"
"Italy (IT)","26.11.2020 08:00 - 26.11.2020 09:00 (CET/CEST)","929","80","1258"
"Italy (IT)","26.11.2020 09:00 - 26.11.2020 10:00 (CET/CEST)","501","80","1112"
"Italy (IT)","26.11.2020 10:00 - 26.11.2020 11:00 (CET/CEST)","541","80","839"
"Italy (IT)","26.11.2020 11:00 - 26.11.2020 12:00 (CET/CEST)","422","80","749"
"Italy (IT)","26.11.2020 12:00 - 26.11.2020 13:00 (CET/CEST)","613","81","772"
"Italy (IT)","26.11.2020 13:00 - 26.11.2020 14:00 (CET/CEST)","297","80","854"
"Italy (IT)","26.11.2020 14:00 - 26.11.2020 15:00 (CET/CEST)","402","96","1030"
"Italy (IT)","26.11.2020 15:00 - 26.11.2020 16:00 (CET/CEST)","344","81","1253"
"Italy (IT)","26.11.2020 16:00 - 26.11.2020 17:00 (CET/CEST)","1076","80","1387"
"Italy (IT)","26.11.2020 17:00 - 26.11.2020 18:00 (CET/CEST)","2497","43","1634"
"Italy (IT)","26.11.2020 18:00 - 26.11.2020 19:00 (CET/CEST)","2310","","1657"
"Italy (IT)","26.11.2020 19:00 - 26.11.2020 20:00 (CET/CEST)","1140","","1594"
"Italy (IT)","26.11.2020 20:00 - 26.11.2020 21:00 (CET/CEST)","1023","","1341"
"Italy (IT)","26.11.2020 21:00 - 26.11.2020 22:00 (CET/CEST)","742","55","874"
"Italy (IT)","26.11.2020 22:00 - 26.11.2020 23:00 (CET/CEST)","264","80","440"
"Italy (IT)","26.11.2020 23:00 - 27.11.2020 00:00 (CET/CEST)","200","4","161"
"Italy (IT)","27.11.2020 00:00 - 27.11.2020 01:00 (CET/CEST)","7","32","113"
"Italy (IT)","27.11.2020 01:00 - 27.11.2020 02:00 (CET/CEST)","40","370","113"
"Italy (IT)","27.11.2020 02:00 - 27.11.2020 03:00 (CET/CEST)","50","577","97"
"Italy (IT)","27.11.2020 03:00 - 27.11.2020 04:00 (CET/CEST)","50","608","94"
"Italy (IT)","27.11.2020 04:00 - 27.11.2020 05:00 (CET/CEST)","102","549","119"
"Italy (IT)","27.11.2020 05:00 - 27.11.2020 06:00 (CET/CEST)","126","405","188"
"Italy (IT)","27.11.2020 06:00 - 27.11.2020 07:00 (CET/CEST)","596","50","926"
"Italy (IT)","27.11.2020 07:00 - 27.11.2020 08:00 (CET/CEST)","1690","","1207"
"Italy (IT)","27.11.2020 08:00 - 27.11.2020 09:00 (CET/CEST)","3093","","1547"
"Italy (IT)","27.11.2020 09:00 - 27.11.2020 10:00 (CET/CEST)","1893","","1460"
"Italy (IT)","27.11.2020 10:00 - 27.11.2020 11:00 (CET/CEST)","1054","","1423"
"Italy (IT)","27.11.2020 11:00 - 27.11.2020 12:00 (CET/CEST)","859","104","1362"
"Italy (IT)","27.11.2020 12:00 - 27.11.2020 13:00 (CET/CEST)","749","255","1213"
"Italy (IT)","27.11.2020 13:00 - 27.11.2020 14:00 (CET/CEST)","470","249","809"
"Italy (IT)","27.11.2020 14:00 - 27.11.2020 15:00 (CET/CEST)","857","","1172"
"Italy (IT)","27.11.2020 15:00 - 27.11.2020 16:00 (CET/CEST)","1535","1","1229"
"Italy (IT)","27.11.2020 16:00 - 27.11.2020 17:00 (CET/CEST)","1886","","1529"
"Italy (IT)","27.11.2020 17:00 - 27.11.2020 18:00 (CET/CEST)","3552","","1623"
"Italy (IT)","27.11.2020 18:00 - 27.11.2020 19:00 (CET/CEST)","2743","","1526"
"Italy (IT)","27.11.2020 19:00 - 27.11.2020 20:00 (CET/CEST)","1330","","1185"
"Italy (IT)","27.11.2020 20:00 - 27.11.2020 21:00 (CET/CEST)","726","","794"
"Italy (IT)","27.11.2020 21:00 - 27.11.2020 22:00 (CET/CEST)","462","","586"
"Italy (IT)","27.11.2020 22:00 - 27.11.2020 23:00 (CET/CEST)","201","","231"
"Italy (IT)","27.11.2020 23:00 - 28.11.2020 00:00 (CET/CEST)","16","25","140"
"Italy (IT)","28.11.2020 00:00 - 28.11.2020 01:00 (CET/CEST)","18","81","401"
"Italy (IT)","28.11.2020 01:00 - 28.11.2020 02:00 (CET/CEST)","0","107","106"
"Italy (IT)","28.11.2020 02:00 - 28.11.2020 03:00 (CET/CEST)","0","857","93"
"Italy (IT)","28.11.2020 03:00 - 28.11.2020 04:00 (CET/CEST)","","1009","93"
"Italy (IT)","28.11.2020 04:00 - 28.11.2020 05:00 (CET/CEST)","","1147","92"
"Italy (IT)","28.11.2020 05:00 - 28.11.2020 06:00 (CET/CEST)","","771","91"
"Italy (IT)","28.11.2020 06:00 - 28.11.2020 07:00 (CET/CEST)","0","420","239"
"Italy (IT)","28.11.2020 07:00 - 28.11.2020 08:00 (CET/CEST)","503","287","996"
"Italy (IT)","28.11.2020 08:00 - 28.11.2020 09:00 (CET/CEST)","1158","1","1065"
"Italy (IT)","28.11.2020 09:00 - 28.11.2020 10:00 (CET/CEST)","895","1","1102"
"Italy (IT)","28.11.2020 10:00 - 28.11.2020 11:00 (CET/CEST)","449","1","815"
"Italy (IT)","28.11.2020 11:00 - 28.11.2020 12:00 (CET/CEST)","416","12","631"
"Italy (IT)","28.11.2020 12:00 - 28.11.2020 13:00 (CET/CEST)","78","1","357"
"Italy (IT)","28.11.2020 13:00 - 28.11.2020 14:00 (CET/CEST)","28","1","201"
"Italy (IT)","28.11.2020 14:00 - 28.11.2020 15:00 (CET/CEST)","27","1","205"
"Italy (IT)","28.11.2020 15:00 - 28.11.2020 16:00 (CET/CEST)","4","1","300"
"Italy (IT)","28.11.2020 16:00 - 28.11.2020 17:00 (CET/CEST)","1","22","465"
"Italy (IT)","28.11.2020 17:00 - 28.11.2020 18:00 (CET/CEST)","839","","1177"
"Italy (IT)","28.11.2020 18:00 - 28.11.2020 19:00 (CET/CEST)","420","","1026"
"Italy (IT)","28.11.2020 19:00 - 28.11.2020 20:00 (CET/CEST)","634","","871"
"Italy (IT)","28.11.2020 20:00 - 28.11.2020 21:00 (CET/CEST)","403","15","417"
"Italy (IT)","28.11.2020 21:00 - 28.11.2020 22:00 (CET/CEST)","310","50","192"
"Italy (IT)","28.11.2020 22:00 - 28.11.2020 23:00 (CET/CEST)","107","55","138"
"Italy (IT)","28.11.2020 23:00 - 29.11.2020 00:00 (CET/CEST)","17","57","119"
"Italy (IT)","29.11.2020 00:00 - 29.11.2020 01:00 (CET/CEST)","0","359","58"
"Italy (IT)","29.11.2020 01:00 - 29.11.2020 02:00 (CET/CEST)","0","596","58"
"Italy (IT)","29.11.2020 02:00 - 29.11.2020 03:00 (CET/CEST)","0","865","58"
"Italy (IT)","29.11.2020 03:00 - 29.11.2020 04:00 (CET/CEST)","0","917","63"
"Italy (IT)","29.11.2020 04:00 - 29.11.2020 05:00 (CET/CEST)","0","1106","90"
"Italy (IT)","29.11.2020 05:00 - 29.11.2020 06:00 (CET/CEST)","0","1133","120"
"Italy (IT)","29.11.2020 06:00 - 29.11.2020 07:00 (CET/CEST)","0","1040","74"
"Italy (IT)","29.11.2020 07:00 - 29.11.2020 08:00 (CET/CEST)","0","683","94"
"Italy (IT)","29.11.2020 08:00 - 29.11.2020 09:00 (CET/CEST)","0","830","121"
"Italy (IT)","29.11.2020 09:00 - 29.11.2020 10:00 (CET/CEST)","0","512","215"
"Italy (IT)","29.11.2020 10:00 - 29.11.2020 11:00 (CET/CEST)","25","533","269"
"Italy (IT)","29.11.2020 11:00 - 29.11.2020 12:00 (CET/CEST)","0","533","408"
"Italy (IT)","29.11.2020 12:00 - 29.11.2020 13:00 (CET/CEST)","0","533","389"
"Italy (IT)","29.11.2020 13:00 - 29.11.2020 14:00 (CET/CEST)","100","547","159"
"Italy (IT)","29.11.2020 14:00 - 29.11.2020 15:00 (CET/CEST)","90","518","137"
"Italy (IT)","29.11.2020 15:00 - 29.11.2020 16:00 (CET/CEST)","83","72","158"
"Italy (IT)","29.11.2020 16:00 - 29.11.2020 17:00 (CET/CEST)","128","33","410"
"Italy (IT)","29.11.2020 17:00 - 29.11.2020 18:00 (CET/CEST)","496","","610"
"Italy (IT)","29.11.2020 18:00 - 29.11.2020 19:00 (CET/CEST)","732","","732"
"Italy (IT)","29.11.2020 19:00 - 29.11.2020 20:00 (CET/CEST)","918","","749"
"Italy (IT)","29.11.2020 20:00 - 29.11.2020 21:00 (CET/CEST)","771","","614"
"Italy (IT)","29.11.2020 21:00 - 29.11.2020 22:00 (CET/CEST)","685","","497"
"Italy (IT)","29.11.2020 22:00 - 29.11.2020 23:00 (CET/CEST)","391","4","398"
"Italy (IT)","29.11.2020 23:00 - 30.11.2020 00:00 (CET/CEST)","275","134","160"
"Italy (IT)","30.11.2020 00:00 - 30.11.2020 01:00 (CET/CEST)","","565","51"
"Italy (IT)","30.11.2020 01:00 - 30.11.2020 02:00 (CET/CEST)","","776","50"
"Italy (IT)","30.11.2020 02:00 - 30.11.2020 03:00 (CET/CEST)","","949","51"
"Italy (IT)","30.11.2020 03:00 - 30.11.2020 04:00 (CET/CEST)","","1149","50"
"Italy (IT)","30.11.2020 04:00 - 30.11.2020 05:00 (CET/CEST)","","1181","60"
"Italy (IT)","30.11.2020 05:00 - 30.11.2020 06:00 (CET/CEST)","","978","63"
"Italy (IT)","30.11.2020 06:00 - 30.11.2020 07:00 (CET/CEST)","196","325","630"
"Italy (IT)","30.11.2020 07:00 - 30.11.2020 08:00 (CET/CEST)","1151","80","1209"
"Italy (IT)","30.11.2020 08:00 - 30.11.2020 09:00 (CET/CEST)","2242","80","1340"
"Italy (IT)","30.11.2020 09:00 - 30.11.2020 10:00 (CET/CEST)","462","80","1067"
"Italy (IT)","30.11.2020 10:00 - 30.11.2020 11:00 (CET/CEST)","143","11","891"
"Italy (IT)","30.11.2020 11:00 - 30.11.2020 12:00 (CET/CEST)","29","24","706"
"Italy (IT)","30.11.2020 12:00 - 30.11.2020 13:00 (CET/CEST)","132","1","638"
"Italy (IT)","30.11.2020 13:00 - 30.11.2020 14:00 (CET/CEST)","134","1","610"
"Italy (IT)","30.11.2020 14:00 - 30.11.2020 15:00 (CET/CEST)","134","1","585"
"Italy (IT)","30.11.2020 15:00 - 30.11.2020 16:00 (CET/CEST)","134","25","813"
"Italy (IT)","30.11.2020 16:00 - 30.11.2020 17:00 (CET/CEST)","358","59","1141"
"Italy (IT)","30.11.2020 17:00 - 30.11.2020 18:00 (CET/CEST)","791","1","1300"
"Italy (IT)","30.11.2020 18:00 - 30.11.2020 19:00 (CET/CEST)","288","1","1301"
"Italy (IT)","30.11.2020 19:00 - 30.11.2020 20:00 (CET/CEST)","381","1","1132"
"Italy (IT)","30.11.2020 20:00 - 30.11.2020 21:00 (CET/CEST)","388","","947"
"Italy (IT)","30.11.2020 21:00 - 30.11.2020 22:00 (CET/CEST)","424","57","615"
"Italy (IT)","30.11.2020 22:00 - 30.11.2020 23:00 (CET/CEST)","160","55","391"
"Italy (IT)","30.11.2020 23:00 - 01.12.2020 00:00 (CET/CEST)","14","23","187"
"Italy (IT)","01.12.2020 00:00 - 01.12.2020 01:00 (CET/CEST)","0","483","51"
"Italy (IT)","01.12.2020 01:00 - 01.12.2020 02:00 (CET/CEST)","0","657","48"
"Italy (IT)","01.12.2020 02:00 - 01.12.2020 03:00 (CET/CEST)","","804","48"
"Italy (IT)","01.12.2020 03:00 - 01.12.2020 04:00 (CET/CEST)","","1096","48"
"Italy (IT)","01.12.2020 04:00 - 01.12.2020 05:00 (CET/CEST)","","1127","50"
"Italy (IT)","01.12.2020 05:00 - 01.12.2020 06:00 (CET/CEST)","","830","63"
"Italy (IT)","01.12.2020 06:00 - 01.12.2020 07:00 (CET/CEST)","0","230","409"
"Italy (IT)","01.12.2020 07:00 - 01.12.2020 08:00 (CET/CEST)","321","3","661"
"Italy (IT)","01.12.2020 08:00 - 01.12.2020 09:00 (CET/CEST)","1142","2","1147"
"Italy (IT)","01.12.2020 09:00 - 01.12.2020 10:00 (CET/CEST)","1517","2","1214"
"Italy (IT)","01.12.2020 10:00 - 01.12.2020 11:00 (CET/CEST)","801","2","1083"
"Italy (IT)","01.12.2020 11:00 - 01.12.2020 12:00 (CET/CEST)","541","65","992"
"Italy (IT)","01.12.2020 12:00 - 01.12.2020 13:00 (CET/CEST)","551","80","947"
"Italy (IT)","01.12.2020 13:00 - 01.12.2020 14:00 (CET/CEST)","491","80","955"
"Italy (IT)","01.12.2020 14:00 - 01.12.2020 15:00 (CET/CEST)","654","80","1064"
"Italy (IT)","01.12.2020 15:00 - 01.12.2020 16:00 (CET/CEST)","887","80","1133"
"Italy (IT)","01.12.2020 16:00 - 01.12.2020 17:00 (CET/CEST)","1161","9","1325"
"Italy (IT)","01.12.2020 17:00 - 01.12.2020 18:00 (CET/CEST)","2948","","1434"
"Italy (IT)","01.12.2020 18:00 - 01.12.2020 19:00 (CET/CEST)","2000","","1308"
"Italy (IT)","01.12.2020 19:00 - 01.12.2020 20:00 (CET/CEST)","1075","","1242"
"Italy (IT)","01.12.2020 20:00 - 01.12.2020 21:00 (CET/CEST)","449","","926"
"Italy (IT)","01.12.2020 21:00 - 01.12.2020 22:00 (CET/CEST)","391","1","488"
"Italy (IT)","01.12.2020 22:00 - 01.12.2020 23:00 (CET/CEST)","39","1","217"
"Italy (IT)","01.12.2020 23:00 - 02.12.2020 00:00 (CET/CEST)","0","107","156"
"Italy (IT)","02.12.2020 00:00 - 02.12.2020 01:00 (CET/CEST)","0","1136","124"
"Italy (IT)","02.12.2020 01:00 - 02.12.2020 02:00 (CET/CEST)","0","1562","123"
"Italy (IT)","02.12.2020 02:00 - 02.12.2020 03:00 (CET/CEST)","0","1573","117"
"Italy (IT)","02.12.2020 03:00 - 02.12.2020 04:00 (CET/CEST)","0","1642","101"
"Italy (IT)","02.12.2020 04:00 - 02.12.2020 05:00 (CET/CEST)","0","1960","92"
"Italy (IT)","02.12.2020 05:00 - 02.12.2020 06:00 (CET/CEST)","0","1482","100"
"Italy (IT)","02.12.2020 06:00 - 02.12.2020 07:00 (CET/CEST)","0","474","328"
"Italy (IT)","02.12.2020 07:00 - 02.12.2020 08:00 (CET/CEST)","1433","12","1272"
"Italy (IT)","02.12.2020 08:00 - 02.12.2020 09:00 (CET/CEST)","3844","","1627"
"Italy (IT)","02.12.2020 09:00 - 02.12.2020 10:00 (CET/CEST)","3165","7","1533"
"Italy (IT)","02.12.2020 10:00 - 02.12.2020 11:00 (CET/CEST)","1519","151","1498"
"Italy (IT)","02.12.2020 11:00 - 02.12.2020 12:00 (CET/CEST)","2418","","1495"
"Italy (IT)","02.12.2020 12:00 - 02.12.2020 13:00 (CET/CEST)","2386","","1511"
"Italy (IT)","02.12.2020 13:00 - 02.12.2020 14:00 (CET/CEST)","1230","117","1411"
"Italy (IT)","02.12.2020 14:00 - 02.12.2020 15:00 (CET/CEST)","1381","53","1519"
"Italy (IT)","02.12.2020 15:00 - 02.12.2020 16:00 (CET/CEST)","1691","147","1573"
"Italy (IT)","02.12.2020 16:00 - 02.12.2020 17:00 (CET/CEST)","1729","217","1668"
"Italy (IT)","02.12.2020 17:00 - 02.12.2020 18:00 (CET/CEST)","2989","226","1683"
"Italy (IT)","02.12.2020 18:00 - 02.12.2020 19:00 (CET/CEST)","1497","194","1586"
"Italy (IT)","02.12.2020 19:00 - 02.12.2020 20:00 (CET/CEST)","272","131","1301"
"Italy (IT)","02.12.2020 20:00 - 02.12.2020 21:00 (CET/CEST)","","186","875"
"Italy (IT)","02.12.2020 21:00 - 02.12.2020 22:00 (CET/CEST)","0","618","503"
"Italy (IT)","02.12.2020 22:00 - 02.12.2020 23:00 (CET/CEST)","0","695","192"
"Italy (IT)","02.12.2020 23:00 - 03.12.2020 00:00 (CET/CEST)","","1192","170"
"Italy (IT)","03.12.2020 00:00 - 03.12.2020 01:00 (CET/CEST)","","1783","164"
"Italy (IT)","03.12.2020 01:00 - 03.12.2020 02:00 (CET/CEST)","","2167","118"
"Italy (IT)","03.12.2020 02:00 - 03.12.2020 03:00 (CET/CEST)","","2240","120"
"Italy (IT)","03.12.2020 03:00 - 03.12.2020 04:00 (CET/CEST)","","2251","122"
"Italy (IT)","03.12.2020 04:00 - 03.12.2020 05:00 (CET/CEST)","","2246","129"
"Italy (IT)","03.12.2020 05:00 - 03.12.2020 06:00 (CET/CEST)","0","1956","186"
"Italy (IT)","03.12.2020 06:00 - 03.12.2020 07:00 (CET/CEST)","0","1074","299"
"Italy (IT)","03.12.2020 07:00 - 03.12.2020 08:00 (CET/CEST)","53","473","1013"
"Italy (IT)","03.12.2020 08:00 - 03.12.2020 09:00 (CET/CEST)","591","","1439"
"Italy (IT)","03.12.2020 09:00 - 03.12.2020 10:00 (CET/CEST)","1226","","1504"
"Italy (IT)","03.12.2020 10:00 - 03.12.2020 11:00 (CET/CEST)","1138","","1424"
"Italy (IT)","03.12.2020 11:00 - 03.12.2020 12:00 (CET/CEST)","872","","1273"
"Italy (IT)","03.12.2020 12:00 - 03.12.2020 13:00 (CET/CEST)","447","1","979"
"Italy (IT)","03.12.2020 13:00 - 03.12.2020 14:00 (CET/CEST)","273","1","1038"
"Italy (IT)","03.12.2020 14:00 - 03.12.2020 15:00 (CET/CEST)","508","1","1111"
"Italy (IT)","03.12.2020 15:00 - 03.12.2020 16:00 (CET/CEST)","529","1","1305"
"Italy (IT)","03.12.2020 16:00 - 03.12.2020 17:00 (CET/CEST)","762","","1240"
"Italy (IT)","03.12.2020 17:00 - 03.12.2020 18:00 (CET/CEST)","1488","","1344"
"Italy (IT)","03.12.2020 18:00 - 03.12.2020 19:00 (CET/CEST)","518","","1363"
"Italy (IT)","03.12.2020 19:00 - 03.12.2020 20:00 (CET/CEST)","311","","1332"
"Italy (IT)","03.12.2020 20:00 - 03.12.2020 21:00 (CET/CEST)","179","88","911"
"Italy (IT)","03.12.2020 21:00 - 03.12.2020 22:00 (CET/CEST)","0","150","515"
"Italy (IT)","03.12.2020 22:00 - 03.12.2020 23:00 (CET/CEST)","0","138","303"
"Italy (IT)","03.12.2020 23:00 - 04.12.2020 00:00 (CET/CEST)","","231","307"
"Italy (IT)","04.12.2020 00:00 - 04.12.2020 01:00 (CET/CEST)","","757","109"
"Italy (IT)","04.12.2020 01:00 - 04.12.2020 02:00 (CET/CEST)","","1036","97"
"Italy (IT)","04.12.2020 02:00 - 04.12.2020 03:00 (CET/CEST)","","1592","97"
"Italy (IT)","04.12.2020 03:00 - 04.12.2020 04:00 (CET/CEST)","","1493","97"
"Italy (IT)","04.12.2020 04:00 - 04.12.2020 05:00 (CET/CEST)","","1318","120"
"Italy (IT)","04.12.2020 05:00 - 04.12.2020 06:00 (CET/CEST)","42","643","125"
"Italy (IT)","04.12.2020 06:00 - 04.12.2020 07:00 (CET/CEST)","83","187","309"
"Italy (IT)","04.12.2020 07:00 - 04.12.2020 08:00 (CET/CEST)","241","1","839"
"Italy (IT)","04.12.2020 08:00 - 04.12.2020 09:00 (CET/CEST)","985","","1203"
"Italy (IT)","04.12.2020 09:00 - 04.12.2020 10:00 (CET/CEST)","773","1","1229"
"Italy (IT)","04.12.2020 10:00 - 04.12.2020 11:00 (CET/CEST)","351","2","1289"
"Italy (IT)","04.12.2020 11:00 - 04.12.2020 12:00 (CET/CEST)","367","3","1451"
"Italy (IT)","04.12.2020 12:00 - 04.12.2020 13:00 (CET/CEST)","258","3","1171"
"Italy (IT)","04.12.2020 13:00 - 04.12.2020 14:00 (CET/CEST)","237","3","1074"
"Italy (IT)","04.12.2020 14:00 - 04.12.2020 15:00 (CET/CEST)","378","3","1176"
"Italy (IT)","04.12.2020 15:00 - 04.12.2020 16:00 (CET/CEST)","369","3","1195"
"Italy (IT)","04.12.2020 16:00 - 04.12.2020 17:00 (CET/CEST)","631","3","1323"
"Italy (IT)","04.12.2020 17:00 - 04.12.2020 18:00 (CET/CEST)","643","1","1426"
"Italy (IT)","04.12.2020 18:00 - 04.12.2020 19:00 (CET/CEST)","559","1","1272"
"Italy (IT)","04.12.2020 19:00 - 04.12.2020 20:00 (CET/CEST)","290","3","1039"
"Italy (IT)","04.12.2020 20:00 - 04.12.2020 21:00 (CET/CEST)","177","1","859"
"Italy (IT)","04.12.2020 21:00 - 04.12.2020 22:00 (CET/CEST)","74","1","613"
"Italy (IT)","04.12.2020 22:00 - 04.12.2020 23:00 (CET/CEST)","60","2","468"
"Italy (IT)","04.12.2020 23:00 - 05.12.2020 00:00 (CET/CEST)","164","597","399"
"Italy (IT)","05.12.2020 00:00 - 05.12.2020 01:00 (CET/CEST)","1","598","188"
"Italy (IT)","05.12.2020 01:00 - 05.12.2020 02:00 (CET/CEST)","0","679","156"
"Italy (IT)","05.12.2020 02:00 - 05.12.2020 03:00 (CET/CEST)","","1275","92"
"Italy (IT)","05.12.2020 03:00 - 05.12.2020 04:00 (CET/CEST)","","1731","92"
"Italy (IT)","05.12.2020 04:00 - 05.12.2020 05:00 (CET/CEST)","","1894","93"
"Italy (IT)","05.12.2020 05:00 - 05.12.2020 06:00 (CET/CEST)","","1881","92"
"Italy (IT)","05.12.2020 06:00 - 05.12.2020 07:00 (CET/CEST)","0","1223","150"
"Italy (IT)","05.12.2020 07:00 - 05.12.2020 08:00 (CET/CEST)","0","162","322"
"Italy (IT)","05.12.2020 08:00 - 05.12.2020 09:00 (CET/CEST)","52","1","425"
"Italy (IT)","05.12.2020 09:00 - 05.12.2020 10:00 (CET/CEST)","286","","429"
"Italy (IT)","05.12.2020 10:00 - 05.12.2020 11:00 (CET/CEST)","263","8","441"
"Italy (IT)","05.12.2020 11:00 - 05.12.2020 12:00 (CET/CEST)","331","78","477"
"Italy (IT)","05.12.2020 12:00 - 05.12.2020 13:00 (CET/CEST)","368","78","467"
"Italy (IT)","05.12.2020 13:00 - 05.12.2020 14:00 (CET/CEST)","29","78","456"
"Italy (IT)","05.12.2020 14:00 - 05.12.2020 15:00 (CET/CEST)","26","76","410"
"Italy (IT)","05.12.2020 15:00 - 05.12.2020 16:00 (CET/CEST)","27","1","508"
"Italy (IT)","05.12.2020 16:00 - 05.12.2020 17:00 (CET/CEST)","395","","883"
"Italy (IT)","05.12.2020 17:00 - 05.12.2020 18:00 (CET/CEST)","857","","1037"
"Italy (IT)","05.12.2020 18:00 - 05.12.2020 19:00 (CET/CEST)","708","","960"
"Italy (IT)","05.12.2020 19:00 - 05.12.2020 20:00 (CET/CEST)","588","","858"
"Italy (IT)","05.12.2020 20:00 - 05.12.2020 21:00 (CET/CEST)","367","","592"
"Italy (IT)","05.12.2020 21:00 - 05.12.2020 22:00 (CET/CEST)","193","1","446"
"Italy (IT)","05.12.2020 22:00 - 05.12.2020 23:00 (CET/CEST)","139","722","421"
"Italy (IT)","05.12.2020 23:00 - 06.12.2020 00:00 (CET/CEST)","367","853","372"
"Italy (IT)","06.12.2020 00:00 - 06.12.2020 01:00 (CET/CEST)","99","1136","175"
"Italy (IT)","06.12.2020 01:00 - 06.12.2020 02:00 (CET/CEST)","53","1265","148"
"Italy (IT)","06.12.2020 02:00 - 06.12.2020 03:00 (CET/CEST)","53","605","155"
"Italy (IT)","06.12.2020 03:00 - 06.12.2020 04:00 (CET/CEST)","51","964","180"
"Italy (IT)","06.12.2020 04:00 - 06.12.2020 05:00 (CET/CEST)","1","980","251"
"Italy (IT)","06.12.2020 05:00 - 06.12.2020 06:00 (CET/CEST)","0","1160","274"
"Italy (IT)","06.12.2020 06:00 - 06.12.2020 07:00 (CET/CEST)","0","1283","272"
"Italy (IT)","06.12.2020 07:00 - 06.12.2020 08:00 (CET/CEST)","0","925","287"
"Italy (IT)","06.12.2020 08:00 - 06.12.2020 09:00 (CET/CEST)","0","496","374"
"Italy (IT)","06.12.2020 09:00 - 06.12.2020 10:00 (CET/CEST)","133","1","489"
"Italy (IT)","06.12.2020 10:00 - 06.12.2020 11:00 (CET/CEST)","300","1","655"
"Italy (IT)","06.12.2020 11:00 - 06.12.2020 12:00 (CET/CEST)","184","1","517"
"Italy (IT)","06.12.2020 12:00 - 06.12.2020 13:00 (CET/CEST)","189","1","499"
"Italy (IT)","06.12.2020 13:00 - 06.12.2020 14:00 (CET/CEST)","63","1","429"
"Italy (IT)","06.12.2020 14:00 - 06.12.2020 15:00 (CET/CEST)","64","1","368"
"Italy (IT)","06.12.2020 15:00 - 06.12.2020 16:00 (CET/CEST)","64","1","405"
"Italy (IT)","06.12.2020 16:00 - 06.12.2020 17:00 (CET/CEST)","69","1","542"
"Italy (IT)","06.12.2020 17:00 - 06.12.2020 18:00 (CET/CEST)","237","1","559"
"Italy (IT)","06.12.2020 18:00 - 06.12.2020 19:00 (CET/CEST)","266","1","816"
"Italy (IT)","06.12.2020 19:00 - 06.12.2020 20:00 (CET/CEST)","478","","989"
"Italy (IT)","06.12.2020 20:00 - 06.12.2020 21:00 (CET/CEST)","407","","660"
"Italy (IT)","06.12.2020 21:00 - 06.12.2020 22:00 (CET/CEST)","247","","562"
"Italy (IT)","06.12.2020 22:00 - 06.12.2020 23:00 (CET/CEST)","244","","569"
"Italy (IT)","06.12.2020 23:00 - 07.12.2020 00:00 (CET/CEST)","48","","556"
"Italy (IT)","07.12.2020 00:00 - 07.12.2020 01:00 (CET/CEST)","40","68","334"
"Italy (IT)","07.12.2020 01:00 - 07.12.2020 02:00 (CET/CEST)","0","856","301"
"Italy (IT)","07.12.2020 02:00 - 07.12.2020 03:00 (CET/CEST)","0","1794","279"
"Italy (IT)","07.12.2020 03:00 - 07.12.2020 04:00 (CET/CEST)","0","2094","281"
"Italy (IT)","07.12.2020 04:00 - 07.12.2020 05:00 (CET/CEST)","0","2064","372"
"Italy (IT)","07.12.2020 05:00 - 07.12.2020 06:00 (CET/CEST)","0","1605","373"
"Italy (IT)","07.12.2020 06:00 - 07.12.2020 07:00 (CET/CEST)","0","635","436"
"Italy (IT)","07.12.2020 07:00 - 07.12.2020 08:00 (CET/CEST)","262","61","863"
"Italy (IT)","07.12.2020 08:00 - 07.12.2020 09:00 (CET/CEST)","694","81","1148"
"Italy (IT)","07.12.2020 09:00 - 07.12.2020 10:00 (CET/CEST)","1105","78","1167"
"Italy (IT)","07.12.2020 10:00 - 07.12.2020 11:00 (CET/CEST)","959","79","1230"
"Italy (IT)","07.12.2020 11:00 - 07.12.2020 12:00 (CET/CEST)","969","78","1273"
"Italy (IT)","07.12.2020 12:00 - 07.12.2020 13:00 (CET/CEST)","674","1","1158"
"Italy (IT)","07.12.2020 13:00 - 07.12.2020 14:00 (CET/CEST)","777","1","1161"
"Italy (IT)","07.12.2020 14:00 - 07.12.2020 15:00 (CET/CEST)","997","23","1249"
"Italy (IT)","07.12.2020 15:00 - 07.12.2020 16:00 (CET/CEST)","1368","18","1334"
"Italy (IT)","07.12.2020 16:00 - 07.12.2020 17:00 (CET/CEST)","1616","1","1539"
"Italy (IT)","07.12.2020 17:00 - 07.12.2020 18:00 (CET/CEST)","2644","","1596"
"Italy (IT)","07.12.2020 18:00 - 07.12.2020 19:00 (CET/CEST)","1690","","1534"
"Italy (IT)","07.12.2020 19:00 - 07.12.2020 20:00 (CET/CEST)","868","","1462"
"Italy (IT)","07.12.2020 20:00 - 07.12.2020 21:00 (CET/CEST)","451","","1166"
"Italy (IT)","07.12.2020 21:00 - 07.12.2020 22:00 (CET/CEST)","439","","805"
"Italy (IT)","07.12.2020 22:00 - 07.12.2020 23:00 (CET/CEST)","405","","765"
"Italy (IT)","07.12.2020 23:00 - 08.12.2020 00:00 (CET/CEST)","301","","763"
"Italy (IT)","08.12.2020 00:00 - 08.12.2020 01:00 (CET/CEST)","204","18","555"
"Italy (IT)","08.12.2020 01:00 - 08.12.2020 02:00 (CET/CEST)","53","21","506"
"Italy (IT)","08.12.2020 02:00 - 08.12.2020 03:00 (CET/CEST)","51","129","428"
"Italy (IT)","08.12.2020 03:00 - 08.12.2020 04:00 (CET/CEST)","53","579","422"
"Italy (IT)","08.12.2020 04:00 - 08.12.2020 05:00 (CET/CEST)","53","975","432"
"Italy (IT)","08.12.2020 05:00 - 08.12.2020 06:00 (CET/CEST)","53","440","441"
"Italy (IT)","08.12.2020 06:00 - 08.12.2020 07:00 (CET/CEST)","70","43","644"
"Italy (IT)","08.12.2020 07:00 - 08.12.2020 08:00 (CET/CEST)","296","1","865"
"Italy (IT)","08.12.2020 08:00 - 08.12.2020 09:00 (CET/CEST)","415","1","1165"
"Italy (IT)","08.12.2020 09:00 - 08.12.2020 10:00 (CET/CEST)","296","1","1350"
"Italy (IT)","08.12.2020 10:00 - 08.12.2020 11:00 (CET/CEST)","180","1","1212"
"Italy (IT)","08.12.2020 11:00 - 08.12.2020 12:00 (CET/CEST)","1203","1","1351"
"Italy (IT)","08.12.2020 12:00 - 08.12.2020 13:00 (CET/CEST)","1154","1","1360"
"Italy (IT)","08.12.2020 13:00 - 08.12.2020 14:00 (CET/CEST)","608","1","1222"
"Italy (IT)","08.12.2020 14:00 - 08.12.2020 15:00 (CET/CEST)","172","119","1217"
"Italy (IT)","08.12.2020 15:00 - 08.12.2020 16:00 (CET/CEST)","824","70","1240"
"Italy (IT)","08.12.2020 16:00 - 08.12.2020 17:00 (CET/CEST)","1231","1","1347"
"Italy (IT)","08.12.2020 17:00 - 08.12.2020 18:00 (CET/CEST)","1245","1","1546"
"Italy (IT)","08.12.2020 18:00 - 08.12.2020 19:00 (CET/CEST)","1838","","1461"
"Italy (IT)","08.12.2020 19:00 - 08.12.2020 20:00 (CET/CEST)","799","","1215"
"Italy (IT)","08.12.2020 20:00 - 08.12.2020 21:00 (CET/CEST)","194","","1055"
"Italy (IT)","08.12.2020 21:00 - 08.12.2020 22:00 (CET/CEST)","212","1","712"
"Italy (IT)","08.12.2020 22:00 - 08.12.2020 23:00 (CET/CEST)","29","1","687"
"Italy (IT)","08.12.2020 23:00 - 09.12.2020 00:00 (CET/CEST)","0","32","574"
"Italy (IT)","09.12.2020 00:00 - 09.12.2020 01:00 (CET/CEST)","0","545","395"
"Italy (IT)","09.12.2020 01:00 - 09.12.2020 02:00 (CET/CEST)","0","830","382"
"Italy (IT)","09.12.2020 02:00 - 09.12.2020 03:00 (CET/CEST)","0","933","394"
"Italy (IT)","09.12.2020 03:00 - 09.12.2020 04:00 (CET/CEST)","","1021","393"
"Italy (IT)","09.12.2020 04:00 - 09.12.2020 05:00 (CET/CEST)","","1415","392"
"Italy (IT)","09.12.2020 05:00 - 09.12.2020 06:00 (CET/CEST)","","784","396"
"Italy (IT)","09.12.2020 06:00 - 09.12.2020 07:00 (CET/CEST)","76","50","581"
"Italy (IT)","09.12.2020 07:00 - 09.12.2020 08:00 (CET/CEST)","431","1","1039"
"Italy (IT)","09.12.2020 08:00 - 09.12.2020 09:00 (CET/CEST)","1471","1","1607"
"Italy (IT)","09.12.2020 09:00 - 09.12.2020 10:00 (CET/CEST)","1765","45","1716"
"Italy (IT)","09.12.2020 10:00 - 09.12.2020 11:00 (CET/CEST)","1836","114","1667"
"Italy (IT)","09.12.2020 11:00 - 09.12.2020 12:00 (CET/CEST)","2049","290","1587"
"Italy (IT)","09.12.2020 12:00 - 09.12.2020 13:00 (CET/CEST)","1562","305","1531"
"Italy (IT)","09.12.2020 13:00 - 09.12.2020 14:00 (CET/CEST)","1459","156","1503"
"Italy (IT)","09.12.2020 14:00 - 09.12.2020 15:00 (CET/CEST)","1227","156","1469"
"Italy (IT)","09.12.2020 15:00 - 09.12.2020 16:00 (CET/CEST)","1168","147","1262"
"Italy (IT)","09.12.2020 16:00 - 09.12.2020 17:00 (CET/CEST)","1810","43","1372"
"Italy (IT)","09.12.2020 17:00 - 09.12.2020 18:00 (CET/CEST)","3207","","1641"
"Italy (IT)","09.12.2020 18:00 - 09.12.2020 19:00 (CET/CEST)","1922","","1508"
"Italy (IT)","09.12.2020 19:00 - 09.12.2020 20:00 (CET/CEST)","900","","1424"
"Italy (IT)","09.12.2020 20:00 - 09.12.2020 21:00 (CET/CEST)","578","","934"
"Italy (IT)","09.12.2020 21:00 - 09.12.2020 22:00 (CET/CEST)","487","","719"
"Italy (IT)","09.12.2020 22:00 - 09.12.2020 23:00 (CET/CEST)","218","","650"
"Italy (IT)","09.12.2020 23:00 - 10.12.2020 00:00 (CET/CEST)","47","399","504"
"Italy (IT)","10.12.2020 00:00 - 10.12.2020 01:00 (CET/CEST)","23","1157","443"
"Italy (IT)","10.12.2020 01:00 - 10.12.2020 02:00 (CET/CEST)","50","1358","413"
"Italy (IT)","10.12.2020 02:00 - 10.12.2020 03:00 (CET/CEST)","49","1506","413"
"Italy (IT)","10.12.2020 03:00 - 10.12.2020 04:00 (CET/CEST)","47","1826","410"
"Italy (IT)","10.12.2020 04:00 - 10.12.2020 05:00 (CET/CEST)","140","1983","408"
"Italy (IT)","10.12.2020 05:00 - 10.12.2020 06:00 (CET/CEST)","188","1191","412"
"Italy (IT)","10.12.2020 06:00 - 10.12.2020 07:00 (CET/CEST)","51","174","536"
"Italy (IT)","10.12.2020 07:00 - 10.12.2020 08:00 (CET/CEST)","220","83","986"
"Italy (IT)","10.12.2020 08:00 - 10.12.2020 09:00 (CET/CEST)","1010","","1280"
"Italy (IT)","10.12.2020 09:00 - 10.12.2020 10:00 (CET/CEST)","734","","1061"
"Italy (IT)","10.12.2020 10:00 - 10.12.2020 11:00 (CET/CEST)","847","","1192"
"Italy (IT)","10.12.2020 11:00 - 10.12.2020 12:00 (CET/CEST)","867","","1126"
"Italy (IT)","10.12.2020 12:00 - 10.12.2020 13:00 (CET/CEST)","892","","1100"
"Italy (IT)","10.12.2020 13:00 - 10.12.2020 14:00 (CET/CEST)","721","","1248"
"Italy (IT)","10.12.2020 14:00 - 10.12.2020 15:00 (CET/CEST)","572","","1224"
"Italy (IT)","10.12.2020 15:00 - 10.12.2020 16:00 (CET/CEST)","930","1","1282"
"Italy (IT)","10.12.2020 16:00 - 10.12.2020 17:00 (CET/CEST)","1060","","1589"
"Italy (IT)","10.12.2020 17:00 - 10.12.2020 18:00 (CET/CEST)","2919","","1611"
"Italy (IT)","10.12.2020 18:00 - 10.12.2020 19:00 (CET/CEST)","1610","","1293"
"Italy (IT)","10.12.2020 19:00 - 10.12.2020 20:00 (CET/CEST)","749","","1260"
"Italy (IT)","10.12.2020 20:00 - 10.12.2020 21:00 (CET/CEST)","477","","1041"
"Italy (IT)","10.12.2020 21:00 - 10.12.2020 22:00 (CET/CEST)","294","","693"
"Italy (IT)","10.12.2020 22:00 - 10.12.2020 23:00 (CET/CEST)","77","78","617"
"Italy (IT)","10.12.2020 23:00 - 11.12.2020 00:00 (CET/CEST)","49","372","598"
"Italy (IT)","11.12.2020 00:00 - 11.12.2020 01:00 (CET/CEST)","60","30","424"
"Italy (IT)","11.12.2020 01:00 - 11.12.2020 02:00 (CET/CEST)","60","650","406"
"Italy (IT)","11.12.2020 02:00 - 11.12.2020 03:00 (CET/CEST)","60","904","408"
"Italy (IT)","11.12.2020 03:00 - 11.12.2020 04:00 (CET/CEST)","60","909","410"
"Italy (IT)","11.12.2020 04:00 - 11.12.2020 05:00 (CET/CEST)","60","856","467"
"Italy (IT)","11.12.2020 05:00 - 11.12.2020 06:00 (CET/CEST)","59","568","485"
"Italy (IT)","11.12.2020 06:00 - 11.12.2020 07:00 (CET/CEST)","0","129","595"
"Italy (IT)","11.12.2020 07:00 - 11.12.2020 08:00 (CET/CEST)","187","31","880"
"Italy (IT)","11.12.2020 08:00 - 11.12.2020 09:00 (CET/CEST)","368","","1361"
"Italy (IT)","11.12.2020 09:00 - 11.12.2020 10:00 (CET/CEST)","344","","1378"
"Italy (IT)","11.12.2020 10:00 - 11.12.2020 11:00 (CET/CEST)","193","4","1278"
"Italy (IT)","11.12.2020 11:00 - 11.12.2020 12:00 (CET/CEST)","169","78","1122"
"Italy (IT)","11.12.2020 12:00 - 11.12.2020 13:00 (CET/CEST)","79","78","1164"
"Italy (IT)","11.12.2020 13:00 - 11.12.2020 14:00 (CET/CEST)","78","78","1151"
"Italy (IT)","11.12.2020 14:00 - 11.12.2020 15:00 (CET/CEST)","79","78","1174"
"Italy (IT)","11.12.2020 15:00 - 11.12.2020 16:00 (CET/CEST)","78","75","1248"
"Italy (IT)","11.12.2020 16:00 - 11.12.2020 17:00 (CET/CEST)","307","","1203"
"Italy (IT)","11.12.2020 17:00 - 11.12.2020 18:00 (CET/CEST)","449","","1298"
"Italy (IT)","11.12.2020 18:00 - 11.12.2020 19:00 (CET/CEST)","586","","1137"
"Italy (IT)","11.12.2020 19:00 - 11.12.2020 20:00 (CET/CEST)","667","","1177"
"Italy (IT)","11.12.2020 20:00 - 11.12.2020 21:00 (CET/CEST)","696","","838"
"Italy (IT)","11.12.2020 21:00 - 11.12.2020 22:00 (CET/CEST)","525","","704"
"Italy (IT)","11.12.2020 22:00 - 11.12.2020 23:00 (CET/CEST)","278","50","619"
"Italy (IT)","11.12.2020 23:00 - 12.12.2020 00:00 (CET/CEST)","248","4","620"
"Italy (IT)","12.12.2020 00:00 - 12.12.2020 01:00 (CET/CEST)","219","305","605"
"Italy (IT)","12.12.2020 01:00 - 12.12.2020 02:00 (CET/CEST)","222","204","506"
"Italy (IT)","12.12.2020 02:00 - 12.12.2020 03:00 (CET/CEST)","53","521","449"
"Italy (IT)","12.12.2020 03:00 - 12.12.2020 04:00 (CET/CEST)","22","584","383"
"Italy (IT)","12.12.2020 04:00 - 12.12.2020 05:00 (CET/CEST)","0","461","383"
"Italy (IT)","12.12.2020 05:00 - 12.12.2020 06:00 (CET/CEST)","0","468","389"
"Italy (IT)","12.12.2020 06:00 - 12.12.2020 07:00 (CET/CEST)","0","444","615"
"Italy (IT)","12.12.2020 07:00 - 12.12.2020 08:00 (CET/CEST)","168","244","885"
"Italy (IT)","12.12.2020 08:00 - 12.12.2020 09:00 (CET/CEST)","351","","1068"
"Italy (IT)","12.12.2020 09:00 - 12.12.2020 10:00 (CET/CEST)","403","","941"
"Italy (IT)","12.12.2020 10:00 - 12.12.2020 11:00 (CET/CEST)","278","358","928"
"Italy (IT)","12.12.2020 11:00 - 12.12.2020 12:00 (CET/CEST)","259","148","937"
"Italy (IT)","12.12.2020 12:00 - 12.12.2020 13:00 (CET/CEST)","159","234","726"
"Italy (IT)","12.12.2020 13:00 - 12.12.2020 14:00 (CET/CEST)","0","437","646"
"Italy (IT)","12.12.2020 14:00 - 12.12.2020 15:00 (CET/CEST)","0","540","632"
"Italy (IT)","12.12.2020 15:00 - 12.12.2020 16:00 (CET/CEST)","0","322","686"
"Italy (IT)","12.12.2020 16:00 - 12.12.2020 17:00 (CET/CEST)","259","163","833"
"Italy (IT)","12.12.2020 17:00 - 12.12.2020 18:00 (CET/CEST)","538","7","1159"
"Italy (IT)","12.12.2020 18:00 - 12.12.2020 19:00 (CET/CEST)","513","","1268"
"Italy (IT)","12.12.2020 19:00 - 12.12.2020 20:00 (CET/CEST)","526","","1247"
"Italy (IT)","12.12.2020 20:00 - 12.12.2020 21:00 (CET/CEST)","248","103","1130"
"Italy (IT)","12.12.2020 21:00 - 12.12.2020 22:00 (CET/CEST)","1","661","778"
"Italy (IT)","12.12.2020 22:00 - 12.12.2020 23:00 (CET/CEST)","0","597","667"
"Italy (IT)","12.12.2020 23:00 - 13.12.2020 00:00 (CET/CEST)","","674","549"
"Italy (IT)","13.12.2020 00:00 - 13.12.2020 01:00 (CET/CEST)","","677","386"
"Italy (IT)","13.12.2020 01:00 - 13.12.2020 02:00 (CET/CEST)","","806","329"
"Italy (IT)","13.12.2020 02:00 - 13.12.2020 03:00 (CET/CEST)","","887","320"
"Italy (IT)","13.12.2020 03:00 - 13.12.2020 04:00 (CET/CEST)","","885","320"
"Italy (IT)","13.12.2020 04:00 - 13.12.2020 05:00 (CET/CEST)","","1003","318"
"Italy (IT)","13.12.2020 05:00 - 13.12.2020 06:00 (CET/CEST)","","1030","321"
"Italy (IT)","13.12.2020 06:00 - 13.12.2020 07:00 (CET/CEST)","0","966","350"
"Italy (IT)","13.12.2020 07:00 - 13.12.2020 08:00 (CET/CEST)","0","590","353"
"Italy (IT)","13.12.2020 08:00 - 13.12.2020 09:00 (CET/CEST)","250","393","419"
"Italy (IT)","13.12.2020 09:00 - 13.12.2020 10:00 (CET/CEST)","141","346","577"
"Italy (IT)","13.12.2020 10:00 - 13.12.2020 11:00 (CET/CEST)","127","469","638"
"Italy (IT)","13.12.2020 11:00 - 13.12.2020 12:00 (CET/CEST)","9","1080","698"
"Italy (IT)","13.12.2020 12:00 - 13.12.2020 13:00 (CET/CEST)","13","1238","689"
"Italy (IT)","13.12.2020 13:00 - 13.12.2020 14:00 (CET/CEST)","113","1006","782"
"Italy (IT)","13.12.2020 14:00 - 13.12.2020 15:00 (CET/CEST)","127","1005","615"
"Italy (IT)","13.12.2020 15:00 - 13.12.2020 16:00 (CET/CEST)","220","548","497"
"Italy (IT)","13.12.2020 16:00 - 13.12.2020 17:00 (CET/CEST)","352","219","564"
"Italy (IT)","13.12.2020 17:00 - 13.12.2020 18:00 (CET/CEST)","852","","798"
"Italy (IT)","13.12.2020 18:00 - 13.12.2020 19:00 (CET/CEST)","1094","","878"
"Italy (IT)","13.12.2020 19:00 - 13.12.2020 20:00 (CET/CEST)","1066","","756"
"Italy (IT)","13.12.2020 20:00 - 13.12.2020 21:00 (CET/CEST)","1140","","798"
"Italy (IT)","13.12.2020 21:00 - 13.12.2020 22:00 (CET/CEST)","895","","567"
"Italy (IT)","13.12.2020 22:00 - 13.12.2020 23:00 (CET/CEST)","732","","570"
"Italy (IT)","13.12.2020 23:00 - 14.12.2020 00:00 (CET/CEST)","231","","451"
"Italy (IT)","14.12.2020 00:00 - 14.12.2020 01:00 (CET/CEST)","0","438","396"
"Italy (IT)","14.12.2020 01:00 - 14.12.2020 02:00 (CET/CEST)","0","607","376"
"Italy (IT)","14.12.2020 02:00 - 14.12.2020 03:00 (CET/CEST)","0","637","383"
"Italy (IT)","14.12.2020 03:00 - 14.12.2020 04:00 (CET/CEST)","0","706","381"
"Italy (IT)","14.12.2020 04:00 - 14.12.2020 05:00 (CET/CEST)","0","776","405"
"Italy (IT)","14.12.2020 05:00 - 14.12.2020 06:00 (CET/CEST)","0","871","424"
"Italy (IT)","14.12.2020 06:00 - 14.12.2020 07:00 (CET/CEST)","320","57","723"
"Italy (IT)","14.12.2020 07:00 - 14.12.2020 08:00 (CET/CEST)","820","","1117"
"Italy (IT)","14.12.2020 08:00 - 14.12.2020 09:00 (CET/CEST)","1081","","1389"
"Italy (IT)","14.12.2020 09:00 - 14.12.2020 10:00 (CET/CEST)","974","","1401"
"Italy (IT)","14.12.2020 10:00 - 14.12.2020 11:00 (CET/CEST)","501","","1108"
"Italy (IT)","14.12.2020 11:00 - 14.12.2020 12:00 (CET/CEST)","234","84","1008"
"Italy (IT)","14.12.2020 12:00 - 14.12.2020 13:00 (CET/CEST)","367","143","878"
"Italy (IT)","14.12.2020 13:00 - 14.12.2020 14:00 (CET/CEST)","322","22","889"
"Italy (IT)","14.12.2020 14:00 - 14.12.2020 15:00 (CET/CEST)","371","","983"
"Italy (IT)","14.12.2020 15:00 - 14.12.2020 16:00 (CET/CEST)","524","67","1270"
"Italy (IT)","14.12.2020 16:00 - 14.12.2020 17:00 (CET/CEST)","1041","38","1425"
"Italy (IT)","14.12.2020 17:00 - 14.12.2020 18:00 (CET/CEST)","978","","1409"
"Italy (IT)","14.12.2020 18:00 - 14.12.2020 19:00 (CET/CEST)","621","","1335"
"Italy (IT)","14.12.2020 19:00 - 14.12.2020 20:00 (CET/CEST)","614","","1167"
"Italy (IT)","14.12.2020 20:00 - 14.12.2020 21:00 (CET/CEST)","586","","910"
"Italy (IT)","14.12.2020 21:00 - 14.12.2020 22:00 (CET/CEST)","251","3","616"
"Italy (IT)","14.12.2020 22:00 - 14.12.2020 23:00 (CET/CEST)","227","70","547"
"Italy (IT)","14.12.2020 23:00 - 15.12.2020 00:00 (CET/CEST)","68","","510"
"Italy (IT)","15.12.2020 00:00 - 15.12.2020 01:00 (CET/CEST)","0","309","435"
"Italy (IT)","15.12.2020 01:00 - 15.12.2020 02:00 (CET/CEST)","0","342","414"
"Italy (IT)","15.12.2020 02:00 - 15.12.2020 03:00 (CET/CEST)","0","534","409"
"Italy (IT)","15.12.2020 03:00 - 15.12.2020 04:00 (CET/CEST)","0","820","407"
"Italy (IT)","15.12.2020 04:00 - 15.12.2020 05:00 (CET/CEST)","0","818","407"
"Italy (IT)","15.12.2020 05:00 - 15.12.2020 06:00 (CET/CEST)","0","609","483"
"Italy (IT)","15.12.2020 06:00 - 15.12.2020 07:00 (CET/CEST)","0","75","654"
"Italy (IT)","15.12.2020 07:00 - 15.12.2020 08:00 (CET/CEST)","557","","1178"
"Italy (IT)","15.12.2020 08:00 - 15.12.2020 09:00 (CET/CEST)","1292","","1392"
"Italy (IT)","15.12.2020 09:00 - 15.12.2020 10:00 (CET/CEST)","998","","1248"
"Italy (IT)","15.12.2020 10:00 - 15.12.2020 11:00 (CET/CEST)","831","","1097"
"Italy (IT)","15.12.2020 11:00 - 15.12.2020 12:00 (CET/CEST)","265","","990"
"Italy (IT)","15.12.2020 12:00 - 15.12.2020 13:00 (CET/CEST)","287","","832"
"Italy (IT)","15.12.2020 13:00 - 15.12.2020 14:00 (CET/CEST)","155","32","811"
"Italy (IT)","15.12.2020 14:00 - 15.12.2020 15:00 (CET/CEST)","134","32","1052"
"Italy (IT)","15.12.2020 15:00 - 15.12.2020 16:00 (CET/CEST)","345","71","1185"
"Italy (IT)","15.12.2020 16:00 - 15.12.2020 17:00 (CET/CEST)","1754","81","1421"
"Italy (IT)","15.12.2020 17:00 - 15.12.2020 18:00 (CET/CEST)","2317","","1686"
"Italy (IT)","15.12.2020 18:00 - 15.12.2020 19:00 (CET/CEST)","1420","","1554"
"Italy (IT)","15.12.2020 19:00 - 15.12.2020 20:00 (CET/CEST)","1477","","1439"
"Italy (IT)","15.12.2020 20:00 - 15.12.2020 21:00 (CET/CEST)","366","","885"
"Italy (IT)","15.12.2020 21:00 - 15.12.2020 22:00 (CET/CEST)","200","","663"
"Italy (IT)","15.12.2020 22:00 - 15.12.2020 23:00 (CET/CEST)","82","64","572"
"Italy (IT)","15.12.2020 23:00 - 16.12.2020 00:00 (CET/CEST)","80","109","469"
"Italy (IT)","16.12.2020 00:00 - 16.12.2020 01:00 (CET/CEST)","61","275","371"
"Italy (IT)","16.12.2020 01:00 - 16.12.2020 02:00 (CET/CEST)","102","536","306"
"Italy (IT)","16.12.2020 02:00 - 16.12.2020 03:00 (CET/CEST)","119","680","312"
"Italy (IT)","16.12.2020 03:00 - 16.12.2020 04:00 (CET/CEST)","105","924","315"
"Italy (IT)","16.12.2020 04:00 - 16.12.2020 05:00 (CET/CEST)","77","772","311"
"Italy (IT)","16.12.2020 05:00 - 16.12.2020 06:00 (CET/CEST)","77","558","421"
"Italy (IT)","16.12.2020 06:00 - 16.12.2020 07:00 (CET/CEST)","185","33","776"
"Italy (IT)","16.12.2020 07:00 - 16.12.2020 08:00 (CET/CEST)","856","","1191"
"Italy (IT)","16.12.2020 08:00 - 16.12.2020 09:00 (CET/CEST)","1874","","1433"
"Italy (IT)","16.12.2020 09:00 - 16.12.2020 10:00 (CET/CEST)","1814","","1558"
"Italy (IT)","16.12.2020 10:00 - 16.12.2020 11:00 (CET/CEST)","1353","","1283"
"Italy (IT)","16.12.2020 11:00 - 16.12.2020 12:00 (CET/CEST)","567","","1179"
"Italy (IT)","16.12.2020 12:00 - 16.12.2020 13:00 (CET/CEST)","293","","944"
"Italy (IT)","16.12.2020 13:00 - 16.12.2020 14:00 (CET/CEST)","221","","886"
"Italy (IT)","16.12.2020 14:00 - 16.12.2020 15:00 (CET/CEST)","782","","1260"
"Italy (IT)","16.12.2020 15:00 - 16.12.2020 16:00 (CET/CEST)","1771","66","1284"
"Italy (IT)","16.12.2020 16:00 - 16.12.2020 17:00 (CET/CEST)","2203","84","1341"
"Italy (IT)","16.12.2020 17:00 - 16.12.2020 18:00 (CET/CEST)","3244","","1462"
"Italy (IT)","16.12.2020 18:00 - 16.12.2020 19:00 (CET/CEST)","2082","","1491"
"Italy (IT)","16.12.2020 19:00 - 16.12.2020 20:00 (CET/CEST)","1265","","1451"
"Italy (IT)","16.12.2020 20:00 - 16.12.2020 21:00 (CET/CEST)","465","","1312"
"Italy (IT)","16.12.2020 21:00 - 16.12.2020 22:00 (CET/CEST)","88","","1123"
"Italy (IT)","16.12.2020 22:00 - 16.12.2020 23:00 (CET/CEST)","80","63","707"
"Italy (IT)","16.12.2020 23:00 - 17.12.2020 00:00 (CET/CEST)","76","61","556"
"Italy (IT)","17.12.2020 00:00 - 17.12.2020 01:00 (CET/CEST)","0","286","437"
"Italy (IT)","17.12.2020 01:00 - 17.12.2020 02:00 (CET/CEST)","0","676","405"
"Italy (IT)","17.12.2020 02:00 - 17.12.2020 03:00 (CET/CEST)","0","1440","313"
"Italy (IT)","17.12.2020 03:00 - 17.12.2020 04:00 (CET/CEST)","0","1703","320"
"Italy (IT)","17.12.2020 04:00 - 17.12.2020 05:00 (CET/CEST)","0","1555","336"
"Italy (IT)","17.12.2020 05:00 - 17.12.2020 06:00 (CET/CEST)","0","999","437"
"Italy (IT)","17.12.2020 06:00 - 17.12.2020 07:00 (CET/CEST)","0","216","940"
"Italy (IT)","17.12.2020 07:00 - 17.12.2020 08:00 (CET/CEST)","1012","","1097"
"Italy (IT)","17.12.2020 08:00 - 17.12.2020 09:00 (CET/CEST)","2053","","1228"
"Italy (IT)","17.12.2020 09:00 - 17.12.2020 10:00 (CET/CEST)","1612","","1362"
"Italy (IT)","17.12.2020 10:00 - 17.12.2020 11:00 (CET/CEST)","1221","1","1063"
"Italy (IT)","17.12.2020 11:00 - 17.12.2020 12:00 (CET/CEST)","643","","981"
"Italy (IT)","17.12.2020 12:00 - 17.12.2020 13:00 (CET/CEST)","310","","884"
"Italy (IT)","17.12.2020 13:00 - 17.12.2020 14:00 (CET/CEST)","263","","815"
"Italy (IT)","17.12.2020 14:00 - 17.12.2020 15:00 (CET/CEST)","712","6","953"
"Italy (IT)","17.12.2020 15:00 - 17.12.2020 16:00 (CET/CEST)","974","78","1047"
"Italy (IT)","17.12.2020 16:00 - 17.12.2020 17:00 (CET/CEST)","1715","54","1197"
"Italy (IT)","17.12.2020 17:00 - 17.12.2020 18:00 (CET/CEST)","2075","","1350"
"Italy (IT)","17.12.2020 18:00 - 17.12.2020 19:00 (CET/CEST)","1844","","1404"
"Italy (IT)","17.12.2020 19:00 - 17.12.2020 20:00 (CET/CEST)","1281","53","1273"
"Italy (IT)","17.12.2020 20:00 - 17.12.2020 21:00 (CET/CEST)","515","68","1097"
"Italy (IT)","17.12.2020 21:00 - 17.12.2020 22:00 (CET/CEST)","42","61","650"
"Italy (IT)","17.12.2020 22:00 - 17.12.2020 23:00 (CET/CEST)","27","213","639"
"Italy (IT)","17.12.2020 23:00 - 18.12.2020 00:00 (CET/CEST)","0","250","622"
"Italy (IT)","18.12.2020 00:00 - 18.12.2020 01:00 (CET/CEST)","","667","472"
"Italy (IT)","18.12.2020 01:00 - 18.12.2020 02:00 (CET/CEST)","","1755","407"
"Italy (IT)","18.12.2020 02:00 - 18.12.2020 03:00 (CET/CEST)","0","1849","402"
"Italy (IT)","18.12.2020 03:00 - 18.12.2020 04:00 (CET/CEST)","0","2062","402"
"Italy (IT)","18.12.2020 04:00 - 18.12.2020 05:00 (CET/CEST)","0","2136","425"
"Italy (IT)","18.12.2020 05:00 - 18.12.2020 06:00 (CET/CEST)","0","1926","462"
"Italy (IT)","18.12.2020 06:00 - 18.12.2020 07:00 (CET/CEST)","158","428","806"
"Italy (IT)","18.12.2020 07:00 - 18.12.2020 08:00 (CET/CEST)","1052","","1166"
"Italy (IT)","18.12.2020 08:00 - 18.12.2020 09:00 (CET/CEST)","2151","","1611"
"Italy (IT)","18.12.2020 09:00 - 18.12.2020 10:00 (CET/CEST)","1369","","1547"
"Italy (IT)","18.12.2020 10:00 - 18.12.2020 11:00 (CET/CEST)","1334","","1379"
"Italy (IT)","18.12.2020 11:00 - 18.12.2020 12:00 (CET/CEST)","1171","","1211"
"Italy (IT)","18.12.2020 12:00 - 18.12.2020 13:00 (CET/CEST)","519","","1139"
"Italy (IT)","18.12.2020 13:00 - 18.12.2020 14:00 (CET/CEST)","533","","1089"
"Italy (IT)","18.12.2020 14:00 - 18.12.2020 15:00 (CET/CEST)","704","","1388"
"Italy (IT)","18.12.2020 15:00 - 18.12.2020 16:00 (CET/CEST)","1051","","1592"
"Italy (IT)","18.12.2020 16:00 - 18.12.2020 17:00 (CET/CEST)","1402","59","1730"
"Italy (IT)","18.12.2020 17:00 - 18.12.2020 18:00 (CET/CEST)","2071","78","1719"
"Italy (IT)","18.12.2020 18:00 - 18.12.2020 19:00 (CET/CEST)","1180","78","1391"
"Italy (IT)","18.12.2020 19:00 - 18.12.2020 20:00 (CET/CEST)","809","9","1431"
"Italy (IT)","18.12.2020 20:00 - 18.12.2020 21:00 (CET/CEST)","365","2","1103"
"Italy (IT)","18.12.2020 21:00 - 18.12.2020 22:00 (CET/CEST)","238","78","684"
"Italy (IT)","18.12.2020 22:00 - 18.12.2020 23:00 (CET/CEST)","78","51","585"
"Italy (IT)","18.12.2020 23:00 - 19.12.2020 00:00 (CET/CEST)","57","710","573"
"Italy (IT)","19.12.2020 00:00 - 19.12.2020 01:00 (CET/CEST)","141","838","427"
"Italy (IT)","19.12.2020 01:00 - 19.12.2020 02:00 (CET/CEST)","55","1099","351"
"Italy (IT)","19.12.2020 02:00 - 19.12.2020 03:00 (CET/CEST)","54","857","342"
"Italy (IT)","19.12.2020 03:00 - 19.12.2020 04:00 (CET/CEST)","14","631","326"
"Italy (IT)","19.12.2020 04:00 - 19.12.2020 05:00 (CET/CEST)","0","861","329"
"Italy (IT)","19.12.2020 05:00 - 19.12.2020 06:00 (CET/CEST)","19","706","333"
"Italy (IT)","19.12.2020 06:00 - 19.12.2020 07:00 (CET/CEST)","54","464","453"
"Italy (IT)","19.12.2020 07:00 - 19.12.2020 08:00 (CET/CEST)","42","251","545"
"Italy (IT)","19.12.2020 08:00 - 19.12.2020 09:00 (CET/CEST)","38","62","546"
"Italy (IT)","19.12.2020 09:00 - 19.12.2020 10:00 (CET/CEST)","165","1","627"
"Italy (IT)","19.12.2020 10:00 - 19.12.2020 11:00 (CET/CEST)","54","1","563"
"Italy (IT)","19.12.2020 11:00 - 19.12.2020 12:00 (CET/CEST)","80","1","539"
"Italy (IT)","19.12.2020 12:00 - 19.12.2020 13:00 (CET/CEST)","81","1","456"
"Italy (IT)","19.12.2020 13:00 - 19.12.2020 14:00 (CET/CEST)","81","1","417"
"Italy (IT)","19.12.2020 14:00 - 19.12.2020 15:00 (CET/CEST)","81","1","457"
"Italy (IT)","19.12.2020 15:00 - 19.12.2020 16:00 (CET/CEST)","81","1","515"
"Italy (IT)","19.12.2020 16:00 - 19.12.2020 17:00 (CET/CEST)","274","","648"
"Italy (IT)","19.12.2020 17:00 - 19.12.2020 18:00 (CET/CEST)","234","","693"
"Italy (IT)","19.12.2020 18:00 - 19.12.2020 19:00 (CET/CEST)","388","","621"
"Italy (IT)","19.12.2020 19:00 - 19.12.2020 20:00 (CET/CEST)","418","","574"
"Italy (IT)","19.12.2020 20:00 - 19.12.2020 21:00 (CET/CEST)","481","","547"
"Italy (IT)","19.12.2020 21:00 - 19.12.2020 22:00 (CET/CEST)","181","","484"
"Italy (IT)","19.12.2020 22:00 - 19.12.2020 23:00 (CET/CEST)","153","217","458"
"Italy (IT)","19.12.2020 23:00 - 20.12.2020 00:00 (CET/CEST)","117","218","397"
"Italy (IT)","20.12.2020 00:00 - 20.12.2020 01:00 (CET/CEST)","349","147","337"
"Italy (IT)","20.12.2020 01:00 - 20.12.2020 02:00 (CET/CEST)","0","556","264"
"Italy (IT)","20.12.2020 02:00 - 20.12.2020 03:00 (CET/CEST)","0","1320","224"
"Italy (IT)","20.12.2020 03:00 - 20.12.2020 04:00 (CET/CEST)","0","1499","222"
"Italy (IT)","20.12.2020 04:00 - 20.12.2020 05:00 (CET/CEST)","0","1661","224"
"Italy (IT)","20.12.2020 05:00 - 20.12.2020 06:00 (CET/CEST)","0","1238","245"
"Italy (IT)","20.12.2020 06:00 - 20.12.2020 07:00 (CET/CEST)","0","742","268"
"Italy (IT)","20.12.2020 07:00 - 20.12.2020 08:00 (CET/CEST)","0","274","308"
"Italy (IT)","20.12.2020 08:00 - 20.12.2020 09:00 (CET/CEST)","0","277","349"
"Italy (IT)","20.12.2020 09:00 - 20.12.2020 10:00 (CET/CEST)","17","19","394"
"Italy (IT)","20.12.2020 10:00 - 20.12.2020 11:00 (CET/CEST)","17","1","400"
"Italy (IT)","20.12.2020 11:00 - 20.12.2020 12:00 (CET/CEST)","0","2","439"
"Italy (IT)","20.12.2020 12:00 - 20.12.2020 13:00 (CET/CEST)","74","1","546"
"Italy (IT)","20.12.2020 13:00 - 20.12.2020 14:00 (CET/CEST)","250","","409"
"Italy (IT)","20.12.2020 14:00 - 20.12.2020 15:00 (CET/CEST)","195","","369"
"Italy (IT)","20.12.2020 15:00 - 20.12.2020 16:00 (CET/CEST)","196","40","366"
"Italy (IT)","20.12.2020 16:00 - 20.12.2020 17:00 (CET/CEST)","120","78","647"
"Italy (IT)","20.12.2020 17:00 - 20.12.2020 18:00 (CET/CEST)","101","51","726"
"Italy (IT)","20.12.2020 18:00 - 20.12.2020 19:00 (CET/CEST)","262","","662"
"Italy (IT)","20.12.2020 19:00 - 20.12.2020 20:00 (CET/CEST)","251","","629"
"Italy (IT)","20.12.2020 20:00 - 20.12.2020 21:00 (CET/CEST)","181","","650"
"Italy (IT)","20.12.2020 21:00 - 20.12.2020 22:00 (CET/CEST)","41","14","413"
"Italy (IT)","20.12.2020 22:00 - 20.12.2020 23:00 (CET/CEST)","26","79","411"
"Italy (IT)","20.12.2020 23:00 - 21.12.2020 00:00 (CET/CEST)","25","54","402"
"Italy (IT)","21.12.2020 00:00 - 21.12.2020 01:00 (CET/CEST)","0","277","275"
"Italy (IT)","21.12.2020 01:00 - 21.12.2020 02:00 (CET/CEST)","0","815","261"
"Italy (IT)","21.12.2020 02:00 - 21.12.2020 03:00 (CET/CEST)","0","1027","243"
"Italy (IT)","21.12.2020 03:00 - 21.12.2020 04:00 (CET/CEST)","0","1321","237"
"Italy (IT)","21.12.2020 04:00 - 21.12.2020 05:00 (CET/CEST)","0","1754","238"
"Italy (IT)","21.12.2020 05:00 - 21.12.2020 06:00 (CET/CEST)","0","1115","242"
"Italy (IT)","21.12.2020 06:00 - 21.12.2020 07:00 (CET/CEST)","22","203","533"
"Italy (IT)","21.12.2020 07:00 - 21.12.2020 08:00 (CET/CEST)","99","53","623"
"Italy (IT)","21.12.2020 08:00 - 21.12.2020 09:00 (CET/CEST)","1481","1","1186"
"Italy (IT)","21.12.2020 09:00 - 21.12.2020 10:00 (CET/CEST)","1502","33","1234"
"Italy (IT)","21.12.2020 10:00 - 21.12.2020 11:00 (CET/CEST)","568","80","876"
"Italy (IT)","21.12.2020 11:00 - 21.12.2020 12:00 (CET/CEST)","368","49","752"
"Italy (IT)","21.12.2020 12:00 - 21.12.2020 13:00 (CET/CEST)","253","2","550"
"Italy (IT)","21.12.2020 13:00 - 21.12.2020 14:00 (CET/CEST)","259","1","579"
"Italy (IT)","21.12.2020 14:00 - 21.12.2020 15:00 (CET/CEST)","261","2","1034"
"Italy (IT)","21.12.2020 15:00 - 21.12.2020 16:00 (CET/CEST)","403","10","1106"
"Italy (IT)","21.12.2020 16:00 - 21.12.2020 17:00 (CET/CEST)","665","69","1180"
"Italy (IT)","21.12.2020 17:00 - 21.12.2020 18:00 (CET/CEST)","1340","","1056"
"Italy (IT)","21.12.2020 18:00 - 21.12.2020 19:00 (CET/CEST)","1098","","796"
"Italy (IT)","21.12.2020 19:00 - 21.12.2020 20:00 (CET/CEST)","1177","","701"
"Italy (IT)","21.12.2020 20:00 - 21.12.2020 21:00 (CET/CEST)","835","","648"
"Italy (IT)","21.12.2020 21:00 - 21.12.2020 22:00 (CET/CEST)","487","29","584"
"Italy (IT)","21.12.2020 22:00 - 21.12.2020 23:00 (CET/CEST)","231","108","495"
"Italy (IT)","21.12.2020 23:00 - 22.12.2020 00:00 (CET/CEST)","48","449","440"
"Italy (IT)","22.12.2020 00:00 - 22.12.2020 01:00 (CET/CEST)","0","287","242"
"Italy (IT)","22.12.2020 01:00 - 22.12.2020 02:00 (CET/CEST)","","500","246"
"Italy (IT)","22.12.2020 02:00 - 22.12.2020 03:00 (CET/CEST)","","701","247"
"Italy (IT)","22.12.2020 03:00 - 22.12.2020 04:00 (CET/CEST)","32","1029","245"
"Italy (IT)","22.12.2020 04:00 - 22.12.2020 05:00 (CET/CEST)","54","891","219"
"Italy (IT)","22.12.2020 05:00 - 22.12.2020 06:00 (CET/CEST)","54","840","213"
"Italy (IT)","22.12.2020 06:00 - 22.12.2020 07:00 (CET/CEST)","54","171","352"
"Italy (IT)","22.12.2020 07:00 - 22.12.2020 08:00 (CET/CEST)","296","","552"
"Italy (IT)","22.12.2020 08:00 - 22.12.2020 09:00 (CET/CEST)","865","","842"
"Italy (IT)","22.12.2020 09:00 - 22.12.2020 10:00 (CET/CEST)","716","","712"
"Italy (IT)","22.12.2020 10:00 - 22.12.2020 11:00 (CET/CEST)","376","","591"
"Italy (IT)","22.12.2020 11:00 - 22.12.2020 12:00 (CET/CEST)","334","1","555"
"Italy (IT)","22.12.2020 12:00 - 22.12.2020 13:00 (CET/CEST)","190","34","537"
"Italy (IT)","22.12.2020 13:00 - 22.12.2020 14:00 (CET/CEST)","191","1","535"
"Italy (IT)","22.12.2020 14:00 - 22.12.2020 15:00 (CET/CEST)","189","1","554"
"Italy (IT)","22.12.2020 15:00 - 22.12.2020 16:00 (CET/CEST)","247","72","637"
"Italy (IT)","22.12.2020 16:00 - 22.12.2020 17:00 (CET/CEST)","639","69","832"
"Italy (IT)","22.12.2020 17:00 - 22.12.2020 18:00 (CET/CEST)","1237","","902"
"Italy (IT)","22.12.2020 18:00 - 22.12.2020 19:00 (CET/CEST)","1470","","898"
"Italy (IT)","22.12.2020 19:00 - 22.12.2020 20:00 (CET/CEST)","1511","","779"
"Italy (IT)","22.12.2020 20:00 - 22.12.2020 21:00 (CET/CEST)","789","","640"
"Italy (IT)","22.12.2020 21:00 - 22.12.2020 22:00 (CET/CEST)","436","","541"
"Italy (IT)","22.12.2020 22:00 - 22.12.2020 23:00 (CET/CEST)","159","1","428"
"Italy (IT)","22.12.2020 23:00 - 23.12.2020 00:00 (CET/CEST)","160","119","345"
"Italy (IT)","23.12.2020 00:00 - 23.12.2020 01:00 (CET/CEST)","","545","225"
"Italy (IT)","23.12.2020 01:00 - 23.12.2020 02:00 (CET/CEST)","","748","194"
"Italy (IT)","23.12.2020 02:00 - 23.12.2020 03:00 (CET/CEST)","","1112","205"
"Italy (IT)","23.12.2020 03:00 - 23.12.2020 04:00 (CET/CEST)","","1816","204"
"Italy (IT)","23.12.2020 04:00 - 23.12.2020 05:00 (CET/CEST)","","1813","205"
"Italy (IT)","23.12.2020 05:00 - 23.12.2020 06:00 (CET/CEST)","12","1628","212"
"Italy (IT)","23.12.2020 06:00 - 23.12.2020 07:00 (CET/CEST)","1","503","417"
"Italy (IT)","23.12.2020 07:00 - 23.12.2020 08:00 (CET/CEST)","513","139","805"
"Italy (IT)","23.12.2020 08:00 - 23.12.2020 09:00 (CET/CEST)","650","1","1195"
"Italy (IT)","23.12.2020 09:00 - 23.12.2020 10:00 (CET/CEST)","717","1","1115"
"Italy (IT)","23.12.2020 10:00 - 23.12.2020 11:00 (CET/CEST)","514","1","913"
"Italy (IT)","23.12.2020 11:00 - 23.12.2020 12:00 (CET/CEST)","148","3","709"
"Italy (IT)","23.12.2020 12:00 - 23.12.2020 13:00 (CET/CEST)","371","2","636"
"Italy (IT)","23.12.2020 13:00 - 23.12.2020 14:00 (CET/CEST)","350","1","605"
"Italy (IT)","23.12.2020 14:00 - 23.12.2020 15:00 (CET/CEST)","502","58","572"
"Italy (IT)","23.12.2020 15:00 - 23.12.2020 16:00 (CET/CEST)","576","29","558"
"Italy (IT)","23.12.2020 16:00 - 23.12.2020 17:00 (CET/CEST)","848","1","569"
"Italy (IT)","23.12.2020 17:00 - 23.12.2020 18:00 (CET/CEST)","1090","47","668"
"Italy (IT)","23.12.2020 18:00 - 23.12.2020 19:00 (CET/CEST)","1260","58","575"
"Italy (IT)","23.12.2020 19:00 - 23.12.2020 20:00 (CET/CEST)","1332","","515"
"Italy (IT)","23.12.2020 20:00 - 23.12.2020 21:00 (CET/CEST)","1225","","528"
"Italy (IT)","23.12.2020 21:00 - 23.12.2020 22:00 (CET/CEST)","794","","374"
"Italy (IT)","23.12.2020 22:00 - 23.12.2020 23:00 (CET/CEST)","509","","296"
"Italy (IT)","23.12.2020 23:00 - 24.12.2020 00:00 (CET/CEST)","245","68","232"
"Italy (IT)","24.12.2020 00:00 - 24.12.2020 01:00 (CET/CEST)","","671","211"
"Italy (IT)","24.12.2020 01:00 - 24.12.2020 02:00 (CET/CEST)","1","1585","190"
"Italy (IT)","24.12.2020 02:00 - 24.12.2020 03:00 (CET/CEST)","70","2290","189"
"Italy (IT)","24.12.2020 03:00 - 24.12.2020 04:00 (CET/CEST)","70","1956","173"
"Italy (IT)","24.12.2020 04:00 - 24.12.2020 05:00 (CET/CEST)","70","1912","174"
"Italy (IT)","24.12.2020 05:00 - 24.12.2020 06:00 (CET/CEST)","70","1560","176"
"Italy (IT)","24.12.2020 06:00 - 24.12.2020 07:00 (CET/CEST)","20","971","240"
"Italy (IT)","24.12.2020 07:00 - 24.12.2020 08:00 (CET/CEST)","","471","376"
"Italy (IT)","24.12.2020 08:00 - 24.12.2020 09:00 (CET/CEST)","392","154","447"
"Italy (IT)","24.12.2020 09:00 - 24.12.2020 10:00 (CET/CEST)","1000","30","479"
"Italy (IT)","24.12.2020 10:00 - 24.12.2020 11:00 (CET/CEST)","1424","","438"
"Italy (IT)","24.12.2020 11:00 - 24.12.2020 12:00 (CET/CEST)","1466","","438"
"Italy (IT)","24.12.2020 12:00 - 24.12.2020 13:00 (CET/CEST)","1325","","438"
"Italy (IT)","24.12.2020 13:00 - 24.12.2020 14:00 (CET/CEST)","726","","420"
"Italy (IT)","24.12.2020 14:00 - 24.12.2020 15:00 (CET/CEST)","614","60","436"
"Italy (IT)","24.12.2020 15:00 - 24.12.2020 16:00 (CET/CEST)","680","46","451"
"Italy (IT)","24.12.2020 16:00 - 24.12.2020 17:00 (CET/CEST)","704","","521"
"Italy (IT)","24.12.2020 17:00 - 24.12.2020 18:00 (CET/CEST)","1719","44","649"
"Italy (IT)","24.12.2020 18:00 - 24.12.2020 19:00 (CET/CEST)","1772","12","580"
"Italy (IT)","24.12.2020 19:00 - 24.12.2020 20:00 (CET/CEST)","1831","","559"
"Italy (IT)","24.12.2020 20:00 - 24.12.2020 21:00 (CET/CEST)","1484","100","428"
"Italy (IT)","24.12.2020 21:00 - 24.12.2020 22:00 (CET/CEST)","902","135","273"
"Italy (IT)","24.12.2020 22:00 - 24.12.2020 23:00 (CET/CEST)","812","","245"
"Italy (IT)","24.12.2020 23:00 - 25.12.2020 00:00 (CET/CEST)","303","2","241"
"Italy (IT)","25.12.2020 00:00 - 25.12.2020 01:00 (CET/CEST)","152","294","199"
"Italy (IT)","25.12.2020 01:00 - 25.12.2020 02:00 (CET/CEST)","45","848","176"
"Italy (IT)","25.12.2020 02:00 - 25.12.2020 03:00 (CET/CEST)","","1174","176"
"Italy (IT)","25.12.2020 03:00 - 25.12.2020 04:00 (CET/CEST)","","1455","173"
"Italy (IT)","25.12.2020 04:00 - 25.12.2020 05:00 (CET/CEST)","","1634","170"
"Italy (IT)","25.12.2020 05:00 - 25.12.2020 06:00 (CET/CEST)","","1711","171"
"Italy (IT)","25.12.2020 06:00 - 25.12.2020 07:00 (CET/CEST)","","1546","185"
"Italy (IT)","25.12.2020 07:00 - 25.12.2020 08:00 (CET/CEST)","","1239","203"
"Italy (IT)","25.12.2020 08:00 - 25.12.2020 09:00 (CET/CEST)","0","247","228"
"Italy (IT)","25.12.2020 09:00 - 25.12.2020 10:00 (CET/CEST)","75","2","342"
"Italy (IT)","25.12.2020 10:00 - 25.12.2020 11:00 (CET/CEST)","531","2","436"
"Italy (IT)","25.12.2020 11:00 - 25.12.2020 12:00 (CET/CEST)","1067","2","562"
"Italy (IT)","25.12.2020 12:00 - 25.12.2020 13:00 (CET/CEST)","727","1","747"
"Italy (IT)","25.12.2020 13:00 - 25.12.2020 14:00 (CET/CEST)","164","45","517"
"Italy (IT)","25.12.2020 14:00 - 25.12.2020 15:00 (CET/CEST)","18","176","485"
"Italy (IT)","25.12.2020 15:00 - 25.12.2020 16:00 (CET/CEST)","3","236","507"
"Italy (IT)","25.12.2020 16:00 - 25.12.2020 17:00 (CET/CEST)","66","150","595"
"Italy (IT)","25.12.2020 17:00 - 25.12.2020 18:00 (CET/CEST)","278","","492"
"Italy (IT)","25.12.2020 18:00 - 25.12.2020 19:00 (CET/CEST)","410","","469"
"Italy (IT)","25.12.2020 19:00 - 25.12.2020 20:00 (CET/CEST)","656","","558"
"Italy (IT)","25.12.2020 20:00 - 25.12.2020 21:00 (CET/CEST)","1324","","475"
"Italy (IT)","25.12.2020 21:00 - 25.12.2020 22:00 (CET/CEST)","920","","436"
"Italy (IT)","25.12.2020 22:00 - 25.12.2020 23:00 (CET/CEST)","548","","454"
"Italy (IT)","25.12.2020 23:00 - 26.12.2020 00:00 (CET/CEST)","445","","346"
"Italy (IT)","26.12.2020 00:00 - 26.12.2020 01:00 (CET/CEST)","255","3","228"
"Italy (IT)","26.12.2020 01:00 - 26.12.2020 02:00 (CET/CEST)","0","446","160"
"Italy (IT)","26.12.2020 02:00 - 26.12.2020 03:00 (CET/CEST)","","616","159"
"Italy (IT)","26.12.2020 03:00 - 26.12.2020 04:00 (CET/CEST)","","829","160"
"Italy (IT)","26.12.2020 04:00 - 26.12.2020 05:00 (CET/CEST)","","1027","156"
"Italy (IT)","26.12.2020 05:00 - 26.12.2020 06:00 (CET/CEST)","","1477","164"
"Italy (IT)","26.12.2020 06:00 - 26.12.2020 07:00 (CET/CEST)","24","1408","175"
"Italy (IT)","26.12.2020 07:00 - 26.12.2020 08:00 (CET/CEST)","101","1039","192"
"Italy (IT)","26.12.2020 08:00 - 26.12.2020 09:00 (CET/CEST)","107","562","259"
"Italy (IT)","26.12.2020 09:00 - 26.12.2020 10:00 (CET/CEST)","154","71","354"
"Italy (IT)","26.12.2020 10:00 - 26.12.2020 11:00 (CET/CEST)","204","80","353"
"Italy (IT)","26.12.2020 11:00 - 26.12.2020 12:00 (CET/CEST)","240","91","385"
"Italy (IT)","26.12.2020 12:00 - 26.12.2020 13:00 (CET/CEST)","252","92","405"
"Italy (IT)","26.12.2020 13:00 - 26.12.2020 14:00 (CET/CEST)","138","94","369"
"Italy (IT)","26.12.2020 14:00 - 26.12.2020 15:00 (CET/CEST)","89","99","395"
"Italy (IT)","26.12.2020 15:00 - 26.12.2020 16:00 (CET/CEST)","108","49","422"
"Italy (IT)","26.12.2020 16:00 - 26.12.2020 17:00 (CET/CEST)","54","74","508"
"Italy (IT)","26.12.2020 17:00 - 26.12.2020 18:00 (CET/CEST)","345","","574"
"Italy (IT)","26.12.2020 18:00 - 26.12.2020 19:00 (CET/CEST)","493","","570"
"Italy (IT)","26.12.2020 19:00 - 26.12.2020 20:00 (CET/CEST)","960","","608"
"Italy (IT)","26.12.2020 20:00 - 26.12.2020 21:00 (CET/CEST)","1068","","573"
"Italy (IT)","26.12.2020 21:00 - 26.12.2020 22:00 (CET/CEST)","635","","476"
"Italy (IT)","26.12.2020 22:00 - 26.12.2020 23:00 (CET/CEST)","348","","398"
"Italy (IT)","26.12.2020 23:00 - 27.12.2020 00:00 (CET/CEST)","298","","378"
"Italy (IT)","27.12.2020 00:00 - 27.12.2020 01:00 (CET/CEST)","201","3","293"
"Italy (IT)","27.12.2020 01:00 - 27.12.2020 02:00 (CET/CEST)","90","173","240"
"Italy (IT)","27.12.2020 02:00 - 27.12.2020 03:00 (CET/CEST)","","569","246"
"Italy (IT)","27.12.2020 03:00 - 27.12.2020 04:00 (CET/CEST)","","763","246"
"Italy (IT)","27.12.2020 04:00 - 27.12.2020 05:00 (CET/CEST)","","964","256"
"Italy (IT)","27.12.2020 05:00 - 27.12.2020 06:00 (CET/CEST)","","1039","249"
"Italy (IT)","27.12.2020 06:00 - 27.12.2020 07:00 (CET/CEST)","0","863","285"
"Italy (IT)","27.12.2020 07:00 - 27.12.2020 08:00 (CET/CEST)","","1016","306"
"Italy (IT)","27.12.2020 08:00 - 27.12.2020 09:00 (CET/CEST)","42","1107","363"
"Italy (IT)","27.12.2020 09:00 - 27.12.2020 10:00 (CET/CEST)","58","624","454"
"Italy (IT)","27.12.2020 10:00 - 27.12.2020 11:00 (CET/CEST)","61","541","489"
"Italy (IT)","27.12.2020 11:00 - 27.12.2020 12:00 (CET/CEST)","53","612","431"
"Italy (IT)","27.12.2020 12:00 - 27.12.2020 13:00 (CET/CEST)","28","","479"
"Italy (IT)","27.12.2020 13:00 - 27.12.2020 14:00 (CET/CEST)","34","","483"
"Italy (IT)","27.12.2020 14:00 - 27.12.2020 15:00 (CET/CEST)","34","","513"
"Italy (IT)","27.12.2020 15:00 - 27.12.2020 16:00 (CET/CEST)","84","","533"
"Italy (IT)","27.12.2020 16:00 - 27.12.2020 17:00 (CET/CEST)","104","","594"
"Italy (IT)","27.12.2020 17:00 - 27.12.2020 18:00 (CET/CEST)","382","","795"
"Italy (IT)","27.12.2020 18:00 - 27.12.2020 19:00 (CET/CEST)","711","","712"
"Italy (IT)","27.12.2020 19:00 - 27.12.2020 20:00 (CET/CEST)","834","","599"
"Italy (IT)","27.12.2020 20:00 - 27.12.2020 21:00 (CET/CEST)","716","","594"
"Italy (IT)","27.12.2020 21:00 - 27.12.2020 22:00 (CET/CEST)","561","","530"
"Italy (IT)","27.12.2020 22:00 - 27.12.2020 23:00 (CET/CEST)","441","","434"
"Italy (IT)","27.12.2020 23:00 - 28.12.2020 00:00 (CET/CEST)","309","","328"
"Italy (IT)","28.12.2020 00:00 - 28.12.2020 01:00 (CET/CEST)","78","348","282"
"Italy (IT)","28.12.2020 01:00 - 28.12.2020 02:00 (CET/CEST)","","800","276"
"Italy (IT)","28.12.2020 02:00 - 28.12.2020 03:00 (CET/CEST)","","1069","272"
"Italy (IT)","28.12.2020 03:00 - 28.12.2020 04:00 (CET/CEST)","","1245","278"
"Italy (IT)","28.12.2020 04:00 - 28.12.2020 05:00 (CET/CEST)","","1020","212"
"Italy (IT)","28.12.2020 05:00 - 28.12.2020 06:00 (CET/CEST)","","678","238"
"Italy (IT)","28.12.2020 06:00 - 28.12.2020 07:00 (CET/CEST)","0","196","493"
"Italy (IT)","28.12.2020 07:00 - 28.12.2020 08:00 (CET/CEST)","244","44","619"
"Italy (IT)","28.12.2020 08:00 - 28.12.2020 09:00 (CET/CEST)","269","","817"
"Italy (IT)","28.12.2020 09:00 - 28.12.2020 10:00 (CET/CEST)","472","","933"
"Italy (IT)","28.12.2020 10:00 - 28.12.2020 11:00 (CET/CEST)","425","","836"
"Italy (IT)","28.12.2020 11:00 - 28.12.2020 12:00 (CET/CEST)","386","","831"
"Italy (IT)","28.12.2020 12:00 - 28.12.2020 13:00 (CET/CEST)","464","50","893"
"Italy (IT)","28.12.2020 13:00 - 28.12.2020 14:00 (CET/CEST)","477","149","1004"
"Italy (IT)","28.12.2020 14:00 - 28.12.2020 15:00 (CET/CEST)","572","148","1018"
"Italy (IT)","28.12.2020 15:00 - 28.12.2020 16:00 (CET/CEST)","626","148","1086"
"Italy (IT)","28.12.2020 16:00 - 28.12.2020 17:00 (CET/CEST)","547","83","897"
"Italy (IT)","28.12.2020 17:00 - 28.12.2020 18:00 (CET/CEST)","1515","","927"
"Italy (IT)","28.12.2020 18:00 - 28.12.2020 19:00 (CET/CEST)","1202","","849"
"Italy (IT)","28.12.2020 19:00 - 28.12.2020 20:00 (CET/CEST)","746","","798"
"Italy (IT)","28.12.2020 20:00 - 28.12.2020 21:00 (CET/CEST)","612","","722"
"Italy (IT)","28.12.2020 21:00 - 28.12.2020 22:00 (CET/CEST)","614","","606"
"Italy (IT)","28.12.2020 22:00 - 28.12.2020 23:00 (CET/CEST)","250","","593"
"Italy (IT)","28.12.2020 23:00 - 29.12.2020 00:00 (CET/CEST)","151","4","480"
"Italy (IT)","29.12.2020 00:00 - 29.12.2020 01:00 (CET/CEST)","0","239","333"
"Italy (IT)","29.12.2020 01:00 - 29.12.2020 02:00 (CET/CEST)","0","215","327"
"Italy (IT)","29.12.2020 02:00 - 29.12.2020 03:00 (CET/CEST)","0","171","280"
"Italy (IT)","29.12.2020 03:00 - 29.12.2020 04:00 (CET/CEST)","0","203","280"
"Italy (IT)","29.12.2020 04:00 - 29.12.2020 05:00 (CET/CEST)","0","210","282"
"Italy (IT)","29.12.2020 05:00 - 29.12.2020 06:00 (CET/CEST)","0","186","280"
"Italy (IT)","29.12.2020 06:00 - 29.12.2020 07:00 (CET/CEST)","0","156","385"
"Italy (IT)","29.12.2020 07:00 - 29.12.2020 08:00 (CET/CEST)","273","43","565"
"Italy (IT)","29.12.2020 08:00 - 29.12.2020 09:00 (CET/CEST)","225","","731"
"Italy (IT)","29.12.2020 09:00 - 29.12.2020 10:00 (CET/CEST)","243","","807"
"Italy (IT)","29.12.2020 10:00 - 29.12.2020 11:00 (CET/CEST)","121","3","751"
"Italy (IT)","29.12.2020 11:00 - 29.12.2020 12:00 (CET/CEST)","162","98","761"
"Italy (IT)","29.12.2020 12:00 - 29.12.2020 13:00 (CET/CEST)","153","","753"
"Italy (IT)","29.12.2020 13:00 - 29.12.2020 14:00 (CET/CEST)","28","","666"
"Italy (IT)","29.12.2020 14:00 - 29.12.2020 15:00 (CET/CEST)","166","1","675"
"Italy (IT)","29.12.2020 15:00 - 29.12.2020 16:00 (CET/CEST)","178","","748"
"Italy (IT)","29.12.2020 16:00 - 29.12.2020 17:00 (CET/CEST)","459","47","1087"
"Italy (IT)","29.12.2020 17:00 - 29.12.2020 18:00 (CET/CEST)","2130","","1144"
"Italy (IT)","29.12.2020 18:00 - 29.12.2020 19:00 (CET/CEST)","2304","","1234"
"Italy (IT)","29.12.2020 19:00 - 29.12.2020 20:00 (CET/CEST)","2306","1","1254"
"Italy (IT)","29.12.2020 20:00 - 29.12.2020 21:00 (CET/CEST)","932","2","885"
"Italy (IT)","29.12.2020 21:00 - 29.12.2020 22:00 (CET/CEST)","715","15","620"
"Italy (IT)","29.12.2020 22:00 - 29.12.2020 23:00 (CET/CEST)","657","80","540"
"Italy (IT)","29.12.2020 23:00 - 30.12.2020 00:00 (CET/CEST)","539","80","491"
"Italy (IT)","30.12.2020 00:00 - 30.12.2020 01:00 (CET/CEST)","24","87","436"
"Italy (IT)","30.12.2020 01:00 - 30.12.2020 02:00 (CET/CEST)","","408","329"
"Italy (IT)","30.12.2020 02:00 - 30.12.2020 03:00 (CET/CEST)","","438","294"
"Italy (IT)","30.12.2020 03:00 - 30.12.2020 04:00 (CET/CEST)","","979","279"
"Italy (IT)","30.12.2020 04:00 - 30.12.2020 05:00 (CET/CEST)","","1055","282"
"Italy (IT)","30.12.2020 05:00 - 30.12.2020 06:00 (CET/CEST)","","575","278"
"Italy (IT)","30.12.2020 06:00 - 30.12.2020 07:00 (CET/CEST)","120","181","354"
"Italy (IT)","30.12.2020 07:00 - 30.12.2020 08:00 (CET/CEST)","323","67","543"
"Italy (IT)","30.12.2020 08:00 - 30.12.2020 09:00 (CET/CEST)","1117","","819"
"Italy (IT)","30.12.2020 09:00 - 30.12.2020 10:00 (CET/CEST)","2022","","1150"
"Italy (IT)","30.12.2020 10:00 - 30.12.2020 11:00 (CET/CEST)","980","35","769"
"Italy (IT)","30.12.2020 11:00 - 30.12.2020 12:00 (CET/CEST)","766","135","756"
"Italy (IT)","30.12.2020 12:00 - 30.12.2020 13:00 (CET/CEST)","216","112","769"
"Italy (IT)","30.12.2020 13:00 - 30.12.2020 14:00 (CET/CEST)","42","8","670"
"Italy (IT)","30.12.2020 14:00 - 30.12.2020 15:00 (CET/CEST)","366","64","839"
"Italy (IT)","30.12.2020 15:00 - 30.12.2020 16:00 (CET/CEST)","933","78","707"
"Italy (IT)","30.12.2020 16:00 - 30.12.2020 17:00 (CET/CEST)","948","56","933"
"Italy (IT)","30.12.2020 17:00 - 30.12.2020 18:00 (CET/CEST)","1397","","1307"
"Italy (IT)","30.12.2020 18:00 - 30.12.2020 19:00 (CET/CEST)","1634","","1214"
"Italy (IT)","30.12.2020 19:00 - 30.12.2020 20:00 (CET/CEST)","1271","","1267"
"Italy (IT)","30.12.2020 20:00 - 30.12.2020 21:00 (CET/CEST)","465","","778"
"Italy (IT)","30.12.2020 21:00 - 30.12.2020 22:00 (CET/CEST)","331","","674"
"Italy (IT)","30.12.2020 22:00 - 30.12.2020 23:00 (CET/CEST)","202","96","576"
"Italy (IT)","30.12.2020 23:00 - 31.12.2020 00:00 (CET/CEST)","176","180","521"
"Italy (IT)","31.12.2020 00:00 - 31.12.2020 01:00 (CET/CEST)","17","180","369"
"Italy (IT)","31.12.2020 01:00 - 31.12.2020 02:00 (CET/CEST)","23","436","294"
"Italy (IT)","31.12.2020 02:00 - 31.12.2020 03:00 (CET/CEST)","","837","290"
"Italy (IT)","31.12.2020 03:00 - 31.12.2020 04:00 (CET/CEST)","","804","296"
"Italy (IT)","31.12.2020 04:00 - 31.12.2020 05:00 (CET/CEST)","","763","325"
"Italy (IT)","31.12.2020 05:00 - 31.12.2020 06:00 (CET/CEST)","54","395","336"
"Italy (IT)","31.12.2020 06:00 - 31.12.2020 07:00 (CET/CEST)","78","524","366"
"Italy (IT)","31.12.2020 07:00 - 31.12.2020 08:00 (CET/CEST)","78","360","418"
"Italy (IT)","31.12.2020 08:00 - 31.12.2020 09:00 (CET/CEST)","248","308","635"
"Italy (IT)","31.12.2020 09:00 - 31.12.2020 10:00 (CET/CEST)","217","151","663"
"Italy (IT)","31.12.2020 10:00 - 31.12.2020 11:00 (CET/CEST)","89","16","647"
"Italy (IT)","31.12.2020 11:00 - 31.12.2020 12:00 (CET/CEST)","100","","618"
"Italy (IT)","31.12.2020 12:00 - 31.12.2020 13:00 (CET/CEST)","85","","565"
"Italy (IT)","31.12.2020 13:00 - 31.12.2020 14:00 (CET/CEST)","20","","542"
"Italy (IT)","31.12.2020 14:00 - 31.12.2020 15:00 (CET/CEST)","81","7","660"
"Italy (IT)","31.12.2020 15:00 - 31.12.2020 16:00 (CET/CEST)","193","59","740"
"Italy (IT)","31.12.2020 16:00 - 31.12.2020 17:00 (CET/CEST)","1260","51","856"
"Italy (IT)","31.12.2020 17:00 - 31.12.2020 18:00 (CET/CEST)","1913","","1168"
"Italy (IT)","31.12.2020 18:00 - 31.12.2020 19:00 (CET/CEST)","1500","","955"
"Italy (IT)","31.12.2020 19:00 - 31.12.2020 20:00 (CET/CEST)","1537","","701"
"Italy (IT)","31.12.2020 20:00 - 31.12.2020 21:00 (CET/CEST)","748","","677"
"Italy (IT)","31.12.2020 21:00 - 31.12.2020 22:00 (CET/CEST)","251","45","576"
"Italy (IT)","31.12.2020 22:00 - 31.12.2020 23:00 (CET/CEST)","166","83","611"
"Italy (IT)","31.12.2020 23:00 - 01.01.2021 00:00 (CET/CEST)","198","6","633"
