"Area","MTU","Hydro Pumped Storage  - Actual Aggregated [MW]","Hydro Pumped Storage  - Actual Consumption [MW]","Hydro Water Reservoir  - Actual Aggregated [MW]"
"Italy (IT)","01.01.2022 00:00 - 01.01.2022 01:00 (CET/CEST)","46","62","301"
"Italy (IT)","01.01.2022 01:00 - 01.01.2022 02:00 (CET/CEST)","1","103","242"
"Italy (IT)","01.01.2022 02:00 - 01.01.2022 03:00 (CET/CEST)","0","131","200"
"Italy (IT)","01.01.2022 03:00 - 01.01.2022 04:00 (CET/CEST)","0","700","155"
"Italy (IT)","01.01.2022 04:00 - 01.01.2022 05:00 (CET/CEST)","0","735","158"
"Italy (IT)","01.01.2022 05:00 - 01.01.2022 06:00 (CET/CEST)","0","334","160"
"Italy (IT)","01.01.2022 06:00 - 01.01.2022 07:00 (CET/CEST)","0","299","159"
"Italy (IT)","01.01.2022 07:00 - 01.01.2022 08:00 (CET/CEST)","0","702","206"
"Italy (IT)","01.01.2022 08:00 - 01.01.2022 09:00 (CET/CEST)","0","682","239"
"Italy (IT)","01.01.2022 09:00 - 01.01.2022 10:00 (CET/CEST)","0","632","201"
"Italy (IT)","01.01.2022 10:00 - 01.01.2022 11:00 (CET/CEST)","88","45","184"
"Italy (IT)","01.01.2022 11:00 - 01.01.2022 12:00 (CET/CEST)","52","80","196"
"Italy (IT)","01.01.2022 12:00 - 01.01.2022 13:00 (CET/CEST)","61","46","246"
"Italy (IT)","01.01.2022 13:00 - 01.01.2022 14:00 (CET/CEST)","16","47","201"
"Italy (IT)","01.01.2022 14:00 - 01.01.2022 15:00 (CET/CEST)","0","430","184"
"Italy (IT)","01.01.2022 15:00 - 01.01.2022 16:00 (CET/CEST)","0","47","221"
"Italy (IT)","01.01.2022 16:00 - 01.01.2022 17:00 (CET/CEST)","121","2","477"
"Italy (IT)","01.01.2022 17:00 - 01.01.2022 18:00 (CET/CEST)","1280","45","716"
"Italy (IT)","01.01.2022 18:00 - 01.01.2022 19:00 (CET/CEST)","1788","1","502"
"Italy (IT)","01.01.2022 19:00 - 01.01.2022 20:00 (CET/CEST)","2266","","552"
"Italy (IT)","01.01.2022 20:00 - 01.01.2022 21:00 (CET/CEST)","2003","","742"
"Italy (IT)","01.01.2022 21:00 - 01.01.2022 22:00 (CET/CEST)","1310","","745"
"Italy (IT)","01.01.2022 22:00 - 01.01.2022 23:00 (CET/CEST)","243","","582"
"Italy (IT)","01.01.2022 23:00 - 02.01.2022 00:00 (CET/CEST)","14","117","279"
"Italy (IT)","02.01.2022 00:00 - 02.01.2022 01:00 (CET/CEST)","18","148","145"
"Italy (IT)","02.01.2022 01:00 - 02.01.2022 02:00 (CET/CEST)","21","696","152"
"Italy (IT)","02.01.2022 02:00 - 02.01.2022 03:00 (CET/CEST)","","884","120"
"Italy (IT)","02.01.2022 03:00 - 02.01.2022 04:00 (CET/CEST)","","1157","119"
"Italy (IT)","02.01.2022 04:00 - 02.01.2022 05:00 (CET/CEST)","","1317","129"
"Italy (IT)","02.01.2022 05:00 - 02.01.2022 06:00 (CET/CEST)","0","926","129"
"Italy (IT)","02.01.2022 06:00 - 02.01.2022 07:00 (CET/CEST)","0","742","154"
"Italy (IT)","02.01.2022 07:00 - 02.01.2022 08:00 (CET/CEST)","0","300","219"
"Italy (IT)","02.01.2022 08:00 - 02.01.2022 09:00 (CET/CEST)","158","2","331"
"Italy (IT)","02.01.2022 09:00 - 02.01.2022 10:00 (CET/CEST)","237","","267"
"Italy (IT)","02.01.2022 10:00 - 02.01.2022 11:00 (CET/CEST)","154","","352"
"Italy (IT)","02.01.2022 11:00 - 02.01.2022 12:00 (CET/CEST)","68","","390"
"Italy (IT)","02.01.2022 12:00 - 02.01.2022 13:00 (CET/CEST)","82","2","364"
"Italy (IT)","02.01.2022 13:00 - 02.01.2022 14:00 (CET/CEST)","55","42","368"
"Italy (IT)","02.01.2022 14:00 - 02.01.2022 15:00 (CET/CEST)","0","165","230"
"Italy (IT)","02.01.2022 15:00 - 02.01.2022 16:00 (CET/CEST)","0","68","272"
"Italy (IT)","02.01.2022 16:00 - 02.01.2022 17:00 (CET/CEST)","225","2","305"
"Italy (IT)","02.01.2022 17:00 - 02.01.2022 18:00 (CET/CEST)","1678","","549"
"Italy (IT)","02.01.2022 18:00 - 02.01.2022 19:00 (CET/CEST)","1637","","493"
"Italy (IT)","02.01.2022 19:00 - 02.01.2022 20:00 (CET/CEST)","1610","","446"
"Italy (IT)","02.01.2022 20:00 - 02.01.2022 21:00 (CET/CEST)","1201","","389"
"Italy (IT)","02.01.2022 21:00 - 02.01.2022 22:00 (CET/CEST)","113","1","180"
"Italy (IT)","02.01.2022 22:00 - 02.01.2022 23:00 (CET/CEST)","54","247","124"
"Italy (IT)","02.01.2022 23:00 - 03.01.2022 00:00 (CET/CEST)","0","253","107"
"Italy (IT)","03.01.2022 00:00 - 03.01.2022 01:00 (CET/CEST)","0","928","104"
"Italy (IT)","03.01.2022 01:00 - 03.01.2022 02:00 (CET/CEST)","21","1075","122"
"Italy (IT)","03.01.2022 02:00 - 03.01.2022 03:00 (CET/CEST)","17","1169","127"
"Italy (IT)","03.01.2022 03:00 - 03.01.2022 04:00 (CET/CEST)","13","1438","114"
"Italy (IT)","03.01.2022 04:00 - 03.01.2022 05:00 (CET/CEST)","13","1593","112"
"Italy (IT)","03.01.2022 05:00 - 03.01.2022 06:00 (CET/CEST)","13","1809","105"
"Italy (IT)","03.01.2022 06:00 - 03.01.2022 07:00 (CET/CEST)","13","108","121"
"Italy (IT)","03.01.2022 07:00 - 03.01.2022 08:00 (CET/CEST)","5","","241"
"Italy (IT)","03.01.2022 08:00 - 03.01.2022 09:00 (CET/CEST)","176","1","441"
"Italy (IT)","03.01.2022 09:00 - 03.01.2022 10:00 (CET/CEST)","180","1","511"
"Italy (IT)","03.01.2022 10:00 - 03.01.2022 11:00 (CET/CEST)","112","3","395"
"Italy (IT)","03.01.2022 11:00 - 03.01.2022 12:00 (CET/CEST)","113","3","222"
"Italy (IT)","03.01.2022 12:00 - 03.01.2022 13:00 (CET/CEST)","59","2","216"
"Italy (IT)","03.01.2022 13:00 - 03.01.2022 14:00 (CET/CEST)","26","3","216"
"Italy (IT)","03.01.2022 14:00 - 03.01.2022 15:00 (CET/CEST)","25","3","217"
"Italy (IT)","03.01.2022 15:00 - 03.01.2022 16:00 (CET/CEST)","186","3","281"
"Italy (IT)","03.01.2022 16:00 - 03.01.2022 17:00 (CET/CEST)","187","77","448"
"Italy (IT)","03.01.2022 17:00 - 03.01.2022 18:00 (CET/CEST)","279","21","916"
"Italy (IT)","03.01.2022 18:00 - 03.01.2022 19:00 (CET/CEST)","182","3","698"
"Italy (IT)","03.01.2022 19:00 - 03.01.2022 20:00 (CET/CEST)","103","3","587"
"Italy (IT)","03.01.2022 20:00 - 03.01.2022 21:00 (CET/CEST)","210","1","612"
"Italy (IT)","03.01.2022 21:00 - 03.01.2022 22:00 (CET/CEST)","8","7","334"
"Italy (IT)","03.01.2022 22:00 - 03.01.2022 23:00 (CET/CEST)","0","81","158"
"Italy (IT)","03.01.2022 23:00 - 04.01.2022 00:00 (CET/CEST)","0","48","151"
"Italy (IT)","04.01.2022 00:00 - 04.01.2022 01:00 (CET/CEST)","7","2","136"
"Italy (IT)","04.01.2022 01:00 - 04.01.2022 02:00 (CET/CEST)","5","2","134"
"Italy (IT)","04.01.2022 02:00 - 04.01.2022 03:00 (CET/CEST)","0","81","122"
"Italy (IT)","04.01.2022 03:00 - 04.01.2022 04:00 (CET/CEST)","","228","121"
"Italy (IT)","04.01.2022 04:00 - 04.01.2022 05:00 (CET/CEST)","","601","127"
"Italy (IT)","04.01.2022 05:00 - 04.01.2022 06:00 (CET/CEST)","","601","126"
"Italy (IT)","04.01.2022 06:00 - 04.01.2022 07:00 (CET/CEST)","","76","180"
"Italy (IT)","04.01.2022 07:00 - 04.01.2022 08:00 (CET/CEST)","49","1","351"
"Italy (IT)","04.01.2022 08:00 - 04.01.2022 09:00 (CET/CEST)","199","1","396"
"Italy (IT)","04.01.2022 09:00 - 04.01.2022 10:00 (CET/CEST)","192","1","353"
"Italy (IT)","04.01.2022 10:00 - 04.01.2022 11:00 (CET/CEST)","112","3","356"
"Italy (IT)","04.01.2022 11:00 - 04.01.2022 12:00 (CET/CEST)","642","3","323"
"Italy (IT)","04.01.2022 12:00 - 04.01.2022 13:00 (CET/CEST)","841","2","261"
"Italy (IT)","04.01.2022 13:00 - 04.01.2022 14:00 (CET/CEST)","837","3","240"
"Italy (IT)","04.01.2022 14:00 - 04.01.2022 15:00 (CET/CEST)","1058","3","244"
"Italy (IT)","04.01.2022 15:00 - 04.01.2022 16:00 (CET/CEST)","816","3","309"
"Italy (IT)","04.01.2022 16:00 - 04.01.2022 17:00 (CET/CEST)","168","12","430"
"Italy (IT)","04.01.2022 17:00 - 04.01.2022 18:00 (CET/CEST)","121","65","628"
"Italy (IT)","04.01.2022 18:00 - 04.01.2022 19:00 (CET/CEST)","50","3","513"
"Italy (IT)","04.01.2022 19:00 - 04.01.2022 20:00 (CET/CEST)","49","3","503"
"Italy (IT)","04.01.2022 20:00 - 04.01.2022 21:00 (CET/CEST)","28","56","336"
"Italy (IT)","04.01.2022 21:00 - 04.01.2022 22:00 (CET/CEST)","0","82","283"
"Italy (IT)","04.01.2022 22:00 - 04.01.2022 23:00 (CET/CEST)","0","8","267"
"Italy (IT)","04.01.2022 23:00 - 05.01.2022 00:00 (CET/CEST)","0","3","232"
"Italy (IT)","05.01.2022 00:00 - 05.01.2022 01:00 (CET/CEST)","0","548","137"
"Italy (IT)","05.01.2022 01:00 - 05.01.2022 02:00 (CET/CEST)","0","730","145"
"Italy (IT)","05.01.2022 02:00 - 05.01.2022 03:00 (CET/CEST)","0","1102","112"
"Italy (IT)","05.01.2022 03:00 - 05.01.2022 04:00 (CET/CEST)","0","1300","110"
"Italy (IT)","05.01.2022 04:00 - 05.01.2022 05:00 (CET/CEST)","12","1291","117"
"Italy (IT)","05.01.2022 05:00 - 05.01.2022 06:00 (CET/CEST)","9","1156","162"
"Italy (IT)","05.01.2022 06:00 - 05.01.2022 07:00 (CET/CEST)","0","12","167"
"Italy (IT)","05.01.2022 07:00 - 05.01.2022 08:00 (CET/CEST)","53","3","435"
"Italy (IT)","05.01.2022 08:00 - 05.01.2022 09:00 (CET/CEST)","359","3","630"
"Italy (IT)","05.01.2022 09:00 - 05.01.2022 10:00 (CET/CEST)","770","1","548"
"Italy (IT)","05.01.2022 10:00 - 05.01.2022 11:00 (CET/CEST)","515","1","503"
"Italy (IT)","05.01.2022 11:00 - 05.01.2022 12:00 (CET/CEST)","112","3","430"
"Italy (IT)","05.01.2022 12:00 - 05.01.2022 13:00 (CET/CEST)","46","2","293"
"Italy (IT)","05.01.2022 13:00 - 05.01.2022 14:00 (CET/CEST)","26","3","290"
"Italy (IT)","05.01.2022 14:00 - 05.01.2022 15:00 (CET/CEST)","30","2","313"
"Italy (IT)","05.01.2022 15:00 - 05.01.2022 16:00 (CET/CEST)","427","1","465"
"Italy (IT)","05.01.2022 16:00 - 05.01.2022 17:00 (CET/CEST)","517","1","601"
"Italy (IT)","05.01.2022 17:00 - 05.01.2022 18:00 (CET/CEST)","683","2","772"
"Italy (IT)","05.01.2022 18:00 - 05.01.2022 19:00 (CET/CEST)","804","3","832"
"Italy (IT)","05.01.2022 19:00 - 05.01.2022 20:00 (CET/CEST)","760","3","882"
"Italy (IT)","05.01.2022 20:00 - 05.01.2022 21:00 (CET/CEST)","507","3","627"
"Italy (IT)","05.01.2022 21:00 - 05.01.2022 22:00 (CET/CEST)","47","3","411"
"Italy (IT)","05.01.2022 22:00 - 05.01.2022 23:00 (CET/CEST)","0","4","375"
"Italy (IT)","05.01.2022 23:00 - 06.01.2022 00:00 (CET/CEST)","","23","305"
"Italy (IT)","06.01.2022 00:00 - 06.01.2022 01:00 (CET/CEST)","140","63","281"
"Italy (IT)","06.01.2022 01:00 - 06.01.2022 02:00 (CET/CEST)","65","55","400"
"Italy (IT)","06.01.2022 02:00 - 06.01.2022 03:00 (CET/CEST)","45","77","235"
"Italy (IT)","06.01.2022 03:00 - 06.01.2022 04:00 (CET/CEST)","","205","164"
"Italy (IT)","06.01.2022 04:00 - 06.01.2022 05:00 (CET/CEST)","0","83","169"
"Italy (IT)","06.01.2022 05:00 - 06.01.2022 06:00 (CET/CEST)","0","46","174"
"Italy (IT)","06.01.2022 06:00 - 06.01.2022 07:00 (CET/CEST)","26","2","191"
"Italy (IT)","06.01.2022 07:00 - 06.01.2022 08:00 (CET/CEST)","583","","432"
"Italy (IT)","06.01.2022 08:00 - 06.01.2022 09:00 (CET/CEST)","863","","691"
"Italy (IT)","06.01.2022 09:00 - 06.01.2022 10:00 (CET/CEST)","1191","","977"
"Italy (IT)","06.01.2022 10:00 - 06.01.2022 11:00 (CET/CEST)","1076","","960"
"Italy (IT)","06.01.2022 11:00 - 06.01.2022 12:00 (CET/CEST)","294","1","705"
"Italy (IT)","06.01.2022 12:00 - 06.01.2022 13:00 (CET/CEST)","126","64","452"
"Italy (IT)","06.01.2022 13:00 - 06.01.2022 14:00 (CET/CEST)","","259","345"
"Italy (IT)","06.01.2022 14:00 - 06.01.2022 15:00 (CET/CEST)","","255","346"
"Italy (IT)","06.01.2022 15:00 - 06.01.2022 16:00 (CET/CEST)","242","98","428"
"Italy (IT)","06.01.2022 16:00 - 06.01.2022 17:00 (CET/CEST)","680","3","457"
"Italy (IT)","06.01.2022 17:00 - 06.01.2022 18:00 (CET/CEST)","765","67","712"
"Italy (IT)","06.01.2022 18:00 - 06.01.2022 19:00 (CET/CEST)","409","21","968"
"Italy (IT)","06.01.2022 19:00 - 06.01.2022 20:00 (CET/CEST)","405","3","886"
"Italy (IT)","06.01.2022 20:00 - 06.01.2022 21:00 (CET/CEST)","118","3","595"
"Italy (IT)","06.01.2022 21:00 - 06.01.2022 22:00 (CET/CEST)","72","3","324"
"Italy (IT)","06.01.2022 22:00 - 06.01.2022 23:00 (CET/CEST)","48","16","314"
"Italy (IT)","06.01.2022 23:00 - 07.01.2022 00:00 (CET/CEST)","0","68","185"
"Italy (IT)","07.01.2022 00:00 - 07.01.2022 01:00 (CET/CEST)","12","2","123"
"Italy (IT)","07.01.2022 01:00 - 07.01.2022 02:00 (CET/CEST)","0","168","130"
"Italy (IT)","07.01.2022 02:00 - 07.01.2022 03:00 (CET/CEST)","0","376","130"
"Italy (IT)","07.01.2022 03:00 - 07.01.2022 04:00 (CET/CEST)","1","335","136"
"Italy (IT)","07.01.2022 04:00 - 07.01.2022 05:00 (CET/CEST)","0","230","142"
"Italy (IT)","07.01.2022 05:00 - 07.01.2022 06:00 (CET/CEST)","18","2","141"
"Italy (IT)","07.01.2022 06:00 - 07.01.2022 07:00 (CET/CEST)","9","2","223"
"Italy (IT)","07.01.2022 07:00 - 07.01.2022 08:00 (CET/CEST)","337","3","440"
"Italy (IT)","07.01.2022 08:00 - 07.01.2022 09:00 (CET/CEST)","625","3","580"
"Italy (IT)","07.01.2022 09:00 - 07.01.2022 10:00 (CET/CEST)","572","60","553"
"Italy (IT)","07.01.2022 10:00 - 07.01.2022 11:00 (CET/CEST)","253","149","543"
"Italy (IT)","07.01.2022 11:00 - 07.01.2022 12:00 (CET/CEST)","21","148","449"
"Italy (IT)","07.01.2022 12:00 - 07.01.2022 13:00 (CET/CEST)","19","161","428"
"Italy (IT)","07.01.2022 13:00 - 07.01.2022 14:00 (CET/CEST)","","231","373"
"Italy (IT)","07.01.2022 14:00 - 07.01.2022 15:00 (CET/CEST)","","33","437"
"Italy (IT)","07.01.2022 15:00 - 07.01.2022 16:00 (CET/CEST)","34","3","516"
"Italy (IT)","07.01.2022 16:00 - 07.01.2022 17:00 (CET/CEST)","","214","587"
"Italy (IT)","07.01.2022 17:00 - 07.01.2022 18:00 (CET/CEST)","150","138","839"
"Italy (IT)","07.01.2022 18:00 - 07.01.2022 19:00 (CET/CEST)","314","85","1006"
"Italy (IT)","07.01.2022 19:00 - 07.01.2022 20:00 (CET/CEST)","536","39","740"
"Italy (IT)","07.01.2022 20:00 - 07.01.2022 21:00 (CET/CEST)","180","82","609"
"Italy (IT)","07.01.2022 21:00 - 07.01.2022 22:00 (CET/CEST)","0","277","304"
"Italy (IT)","07.01.2022 22:00 - 07.01.2022 23:00 (CET/CEST)","0","49","183"
"Italy (IT)","07.01.2022 23:00 - 08.01.2022 00:00 (CET/CEST)","0","3","161"
"Italy (IT)","08.01.2022 00:00 - 08.01.2022 01:00 (CET/CEST)","0","3","191"
"Italy (IT)","08.01.2022 01:00 - 08.01.2022 02:00 (CET/CEST)","0","2","124"
"Italy (IT)","08.01.2022 02:00 - 08.01.2022 03:00 (CET/CEST)","143","2","126"
"Italy (IT)","08.01.2022 03:00 - 08.01.2022 04:00 (CET/CEST)","166","2","126"
"Italy (IT)","08.01.2022 04:00 - 08.01.2022 05:00 (CET/CEST)","0","323","132"
"Italy (IT)","08.01.2022 05:00 - 08.01.2022 06:00 (CET/CEST)","0","253","125"
"Italy (IT)","08.01.2022 06:00 - 08.01.2022 07:00 (CET/CEST)","0","3","125"
"Italy (IT)","08.01.2022 07:00 - 08.01.2022 08:00 (CET/CEST)","67","2","407"
"Italy (IT)","08.01.2022 08:00 - 08.01.2022 09:00 (CET/CEST)","357","2","490"
"Italy (IT)","08.01.2022 09:00 - 08.01.2022 10:00 (CET/CEST)","316","78","483"
"Italy (IT)","08.01.2022 10:00 - 08.01.2022 11:00 (CET/CEST)","326","231","456"
"Italy (IT)","08.01.2022 11:00 - 08.01.2022 12:00 (CET/CEST)","5","509","397"
"Italy (IT)","08.01.2022 12:00 - 08.01.2022 13:00 (CET/CEST)","19","714","214"
"Italy (IT)","08.01.2022 13:00 - 08.01.2022 14:00 (CET/CEST)","0","564","213"
"Italy (IT)","08.01.2022 14:00 - 08.01.2022 15:00 (CET/CEST)","0","536","214"
"Italy (IT)","08.01.2022 15:00 - 08.01.2022 16:00 (CET/CEST)","0","266","220"
"Italy (IT)","08.01.2022 16:00 - 08.01.2022 17:00 (CET/CEST)","230","54","506"
"Italy (IT)","08.01.2022 17:00 - 08.01.2022 18:00 (CET/CEST)","299","69","832"
"Italy (IT)","08.01.2022 18:00 - 08.01.2022 19:00 (CET/CEST)","334","2","832"
"Italy (IT)","08.01.2022 19:00 - 08.01.2022 20:00 (CET/CEST)","447","2","784"
"Italy (IT)","08.01.2022 20:00 - 08.01.2022 21:00 (CET/CEST)","390","2","757"
"Italy (IT)","08.01.2022 21:00 - 08.01.2022 22:00 (CET/CEST)","177","2","416"
"Italy (IT)","08.01.2022 22:00 - 08.01.2022 23:00 (CET/CEST)","0","52","151"
"Italy (IT)","08.01.2022 23:00 - 09.01.2022 00:00 (CET/CEST)","0","10","233"
"Italy (IT)","09.01.2022 00:00 - 09.01.2022 01:00 (CET/CEST)","28","5","96"
"Italy (IT)","09.01.2022 01:00 - 09.01.2022 02:00 (CET/CEST)","0","55","119"
"Italy (IT)","09.01.2022 02:00 - 09.01.2022 03:00 (CET/CEST)","0","32","115"
"Italy (IT)","09.01.2022 03:00 - 09.01.2022 04:00 (CET/CEST)","0","179","115"
"Italy (IT)","09.01.2022 04:00 - 09.01.2022 05:00 (CET/CEST)","0","239","108"
"Italy (IT)","09.01.2022 05:00 - 09.01.2022 06:00 (CET/CEST)","0","400","108"
"Italy (IT)","09.01.2022 06:00 - 09.01.2022 07:00 (CET/CEST)","157","322","105"
"Italy (IT)","09.01.2022 07:00 - 09.01.2022 08:00 (CET/CEST)","23","135","130"
"Italy (IT)","09.01.2022 08:00 - 09.01.2022 09:00 (CET/CEST)","389","2","200"
"Italy (IT)","09.01.2022 09:00 - 09.01.2022 10:00 (CET/CEST)","326","2","163"
"Italy (IT)","09.01.2022 10:00 - 09.01.2022 11:00 (CET/CEST)","301","3","231"
"Italy (IT)","09.01.2022 11:00 - 09.01.2022 12:00 (CET/CEST)","258","3","528"
"Italy (IT)","09.01.2022 12:00 - 09.01.2022 13:00 (CET/CEST)","170","2","537"
"Italy (IT)","09.01.2022 13:00 - 09.01.2022 14:00 (CET/CEST)","151","3","564"
"Italy (IT)","09.01.2022 14:00 - 09.01.2022 15:00 (CET/CEST)","697","","553"
"Italy (IT)","09.01.2022 15:00 - 09.01.2022 16:00 (CET/CEST)","1057","","721"
"Italy (IT)","09.01.2022 16:00 - 09.01.2022 17:00 (CET/CEST)","949","","783"
"Italy (IT)","09.01.2022 17:00 - 09.01.2022 18:00 (CET/CEST)","791","","834"
"Italy (IT)","09.01.2022 18:00 - 09.01.2022 19:00 (CET/CEST)","696","2","903"
"Italy (IT)","09.01.2022 19:00 - 09.01.2022 20:00 (CET/CEST)","654","2","829"
"Italy (IT)","09.01.2022 20:00 - 09.01.2022 21:00 (CET/CEST)","681","2","809"
"Italy (IT)","09.01.2022 21:00 - 09.01.2022 22:00 (CET/CEST)","187","3","632"
"Italy (IT)","09.01.2022 22:00 - 09.01.2022 23:00 (CET/CEST)","154","3","300"
"Italy (IT)","09.01.2022 23:00 - 10.01.2022 00:00 (CET/CEST)","0","30","126"
"Italy (IT)","10.01.2022 00:00 - 10.01.2022 01:00 (CET/CEST)","0","254","103"
"Italy (IT)","10.01.2022 01:00 - 10.01.2022 02:00 (CET/CEST)","0","677","106"
"Italy (IT)","10.01.2022 02:00 - 10.01.2022 03:00 (CET/CEST)","0","800","92"
"Italy (IT)","10.01.2022 03:00 - 10.01.2022 04:00 (CET/CEST)","0","646","93"
"Italy (IT)","10.01.2022 04:00 - 10.01.2022 05:00 (CET/CEST)","0","318","98"
"Italy (IT)","10.01.2022 05:00 - 10.01.2022 06:00 (CET/CEST)","0","30","101"
"Italy (IT)","10.01.2022 06:00 - 10.01.2022 07:00 (CET/CEST)","125","3","255"
"Italy (IT)","10.01.2022 07:00 - 10.01.2022 08:00 (CET/CEST)","664","1","645"
"Italy (IT)","10.01.2022 08:00 - 10.01.2022 09:00 (CET/CEST)","837","1","839"
"Italy (IT)","10.01.2022 09:00 - 10.01.2022 10:00 (CET/CEST)","674","1","805"
"Italy (IT)","10.01.2022 10:00 - 10.01.2022 11:00 (CET/CEST)","454","1","713"
"Italy (IT)","10.01.2022 11:00 - 10.01.2022 12:00 (CET/CEST)","334","2","736"
"Italy (IT)","10.01.2022 12:00 - 10.01.2022 13:00 (CET/CEST)","344","2","603"
"Italy (IT)","10.01.2022 13:00 - 10.01.2022 14:00 (CET/CEST)","90","3","577"
"Italy (IT)","10.01.2022 14:00 - 10.01.2022 15:00 (CET/CEST)","","253","584"
"Italy (IT)","10.01.2022 15:00 - 10.01.2022 16:00 (CET/CEST)","53","142","708"
"Italy (IT)","10.01.2022 16:00 - 10.01.2022 17:00 (CET/CEST)","490","","805"
"Italy (IT)","10.01.2022 17:00 - 10.01.2022 18:00 (CET/CEST)","545","","875"
"Italy (IT)","10.01.2022 18:00 - 10.01.2022 19:00 (CET/CEST)","601","","877"
"Italy (IT)","10.01.2022 19:00 - 10.01.2022 20:00 (CET/CEST)","351","","786"
"Italy (IT)","10.01.2022 20:00 - 10.01.2022 21:00 (CET/CEST)","322","","634"
"Italy (IT)","10.01.2022 21:00 - 10.01.2022 22:00 (CET/CEST)","80","2","411"
"Italy (IT)","10.01.2022 22:00 - 10.01.2022 23:00 (CET/CEST)","0","2","285"
"Italy (IT)","10.01.2022 23:00 - 11.01.2022 00:00 (CET/CEST)","0","3","182"
"Italy (IT)","11.01.2022 00:00 - 11.01.2022 01:00 (CET/CEST)","1","3","133"
"Italy (IT)","11.01.2022 01:00 - 11.01.2022 02:00 (CET/CEST)","","115","141"
"Italy (IT)","11.01.2022 02:00 - 11.01.2022 03:00 (CET/CEST)","","597","134"
"Italy (IT)","11.01.2022 03:00 - 11.01.2022 04:00 (CET/CEST)","","1441","133"
"Italy (IT)","11.01.2022 04:00 - 11.01.2022 05:00 (CET/CEST)","","1431","139"
"Italy (IT)","11.01.2022 05:00 - 11.01.2022 06:00 (CET/CEST)","0","910","139"
"Italy (IT)","11.01.2022 06:00 - 11.01.2022 07:00 (CET/CEST)","0","385","232"
"Italy (IT)","11.01.2022 07:00 - 11.01.2022 08:00 (CET/CEST)","568","69","555"
"Italy (IT)","11.01.2022 08:00 - 11.01.2022 09:00 (CET/CEST)","634","77","956"
"Italy (IT)","11.01.2022 09:00 - 11.01.2022 10:00 (CET/CEST)","556","25","997"
"Italy (IT)","11.01.2022 10:00 - 11.01.2022 11:00 (CET/CEST)","450","42","810"
"Italy (IT)","11.01.2022 11:00 - 11.01.2022 12:00 (CET/CEST)","287","3","428"
"Italy (IT)","11.01.2022 12:00 - 11.01.2022 13:00 (CET/CEST)","106","2","494"
"Italy (IT)","11.01.2022 13:00 - 11.01.2022 14:00 (CET/CEST)","0","4","409"
"Italy (IT)","11.01.2022 14:00 - 11.01.2022 15:00 (CET/CEST)","29","3","458"
"Italy (IT)","11.01.2022 15:00 - 11.01.2022 16:00 (CET/CEST)","196","50","586"
"Italy (IT)","11.01.2022 16:00 - 11.01.2022 17:00 (CET/CEST)","288","37","707"
"Italy (IT)","11.01.2022 17:00 - 11.01.2022 18:00 (CET/CEST)","561","2","990"
"Italy (IT)","11.01.2022 18:00 - 11.01.2022 19:00 (CET/CEST)","737","2","1022"
"Italy (IT)","11.01.2022 19:00 - 11.01.2022 20:00 (CET/CEST)","475","2","899"
"Italy (IT)","11.01.2022 20:00 - 11.01.2022 21:00 (CET/CEST)","1124","2","611"
"Italy (IT)","11.01.2022 21:00 - 11.01.2022 22:00 (CET/CEST)","721","2","414"
"Italy (IT)","11.01.2022 22:00 - 11.01.2022 23:00 (CET/CEST)","0","4","225"
"Italy (IT)","11.01.2022 23:00 - 12.01.2022 00:00 (CET/CEST)","0","500","140"
"Italy (IT)","12.01.2022 00:00 - 12.01.2022 01:00 (CET/CEST)","213","339","62"
"Italy (IT)","12.01.2022 01:00 - 12.01.2022 02:00 (CET/CEST)","194","395","69"
"Italy (IT)","12.01.2022 02:00 - 12.01.2022 03:00 (CET/CEST)","100","484","61"
"Italy (IT)","12.01.2022 03:00 - 12.01.2022 04:00 (CET/CEST)","","981","61"
"Italy (IT)","12.01.2022 04:00 - 12.01.2022 05:00 (CET/CEST)","97","1177","61"
"Italy (IT)","12.01.2022 05:00 - 12.01.2022 06:00 (CET/CEST)","48","80","62"
"Italy (IT)","12.01.2022 06:00 - 12.01.2022 07:00 (CET/CEST)","271","65","194"
"Italy (IT)","12.01.2022 07:00 - 12.01.2022 08:00 (CET/CEST)","837","3","395"
"Italy (IT)","12.01.2022 08:00 - 12.01.2022 09:00 (CET/CEST)","1025","2","777"
"Italy (IT)","12.01.2022 09:00 - 12.01.2022 10:00 (CET/CEST)","733","2","711"
"Italy (IT)","12.01.2022 10:00 - 12.01.2022 11:00 (CET/CEST)","474","3","410"
"Italy (IT)","12.01.2022 11:00 - 12.01.2022 12:00 (CET/CEST)","184","3","212"
"Italy (IT)","12.01.2022 12:00 - 12.01.2022 13:00 (CET/CEST)","316","2","179"
"Italy (IT)","12.01.2022 13:00 - 12.01.2022 14:00 (CET/CEST)","211","3","280"
"Italy (IT)","12.01.2022 14:00 - 12.01.2022 15:00 (CET/CEST)","214","3","243"
"Italy (IT)","12.01.2022 15:00 - 12.01.2022 16:00 (CET/CEST)","232","3","354"
"Italy (IT)","12.01.2022 16:00 - 12.01.2022 17:00 (CET/CEST)","371","","548"
"Italy (IT)","12.01.2022 17:00 - 12.01.2022 18:00 (CET/CEST)","713","","647"
"Italy (IT)","12.01.2022 18:00 - 12.01.2022 19:00 (CET/CEST)","722","","666"
"Italy (IT)","12.01.2022 19:00 - 12.01.2022 20:00 (CET/CEST)","599","","522"
"Italy (IT)","12.01.2022 20:00 - 12.01.2022 21:00 (CET/CEST)","759","","456"
"Italy (IT)","12.01.2022 21:00 - 12.01.2022 22:00 (CET/CEST)","418","2","407"
"Italy (IT)","12.01.2022 22:00 - 12.01.2022 23:00 (CET/CEST)","7","5","144"
"Italy (IT)","12.01.2022 23:00 - 13.01.2022 00:00 (CET/CEST)","0","199","135"
"Italy (IT)","13.01.2022 00:00 - 13.01.2022 01:00 (CET/CEST)","0","51","72"
"Italy (IT)","13.01.2022 01:00 - 13.01.2022 02:00 (CET/CEST)","0","57","61"
"Italy (IT)","13.01.2022 02:00 - 13.01.2022 03:00 (CET/CEST)","","355","53"
"Italy (IT)","13.01.2022 03:00 - 13.01.2022 04:00 (CET/CEST)","","358","53"
"Italy (IT)","13.01.2022 04:00 - 13.01.2022 05:00 (CET/CEST)","","588","53"
"Italy (IT)","13.01.2022 05:00 - 13.01.2022 06:00 (CET/CEST)","","404","71"
"Italy (IT)","13.01.2022 06:00 - 13.01.2022 07:00 (CET/CEST)","5","3","169"
"Italy (IT)","13.01.2022 07:00 - 13.01.2022 08:00 (CET/CEST)","611","38","440"
"Italy (IT)","13.01.2022 08:00 - 13.01.2022 09:00 (CET/CEST)","416","81","667"
"Italy (IT)","13.01.2022 09:00 - 13.01.2022 10:00 (CET/CEST)","440","34","624"
"Italy (IT)","13.01.2022 10:00 - 13.01.2022 11:00 (CET/CEST)","168","2","576"
"Italy (IT)","13.01.2022 11:00 - 13.01.2022 12:00 (CET/CEST)","128","73","387"
"Italy (IT)","13.01.2022 12:00 - 13.01.2022 13:00 (CET/CEST)","157","407","297"
"Italy (IT)","13.01.2022 13:00 - 13.01.2022 14:00 (CET/CEST)","","495","281"
"Italy (IT)","13.01.2022 14:00 - 13.01.2022 15:00 (CET/CEST)","10","81","401"
"Italy (IT)","13.01.2022 15:00 - 13.01.2022 16:00 (CET/CEST)","9","26","442"
"Italy (IT)","13.01.2022 16:00 - 13.01.2022 17:00 (CET/CEST)","36","1","700"
"Italy (IT)","13.01.2022 17:00 - 13.01.2022 18:00 (CET/CEST)","719","","795"
"Italy (IT)","13.01.2022 18:00 - 13.01.2022 19:00 (CET/CEST)","537","","877"
"Italy (IT)","13.01.2022 19:00 - 13.01.2022 20:00 (CET/CEST)","383","2","761"
"Italy (IT)","13.01.2022 20:00 - 13.01.2022 21:00 (CET/CEST)","79","2","594"
"Italy (IT)","13.01.2022 21:00 - 13.01.2022 22:00 (CET/CEST)","45","2","365"
"Italy (IT)","13.01.2022 22:00 - 13.01.2022 23:00 (CET/CEST)","0","3","247"
"Italy (IT)","13.01.2022 23:00 - 14.01.2022 00:00 (CET/CEST)","0","3","192"
"Italy (IT)","14.01.2022 00:00 - 14.01.2022 01:00 (CET/CEST)","0","6","159"
"Italy (IT)","14.01.2022 01:00 - 14.01.2022 02:00 (CET/CEST)","0","382","143"
"Italy (IT)","14.01.2022 02:00 - 14.01.2022 03:00 (CET/CEST)","0","526","99"
"Italy (IT)","14.01.2022 03:00 - 14.01.2022 04:00 (CET/CEST)","0","521","63"
"Italy (IT)","14.01.2022 04:00 - 14.01.2022 05:00 (CET/CEST)","0","227","69"
"Italy (IT)","14.01.2022 05:00 - 14.01.2022 06:00 (CET/CEST)","0","15","150"
"Italy (IT)","14.01.2022 06:00 - 14.01.2022 07:00 (CET/CEST)","93","3","274"
"Italy (IT)","14.01.2022 07:00 - 14.01.2022 08:00 (CET/CEST)","600","1","646"
"Italy (IT)","14.01.2022 08:00 - 14.01.2022 09:00 (CET/CEST)","737","1","860"
"Italy (IT)","14.01.2022 09:00 - 14.01.2022 10:00 (CET/CEST)","407","2","1002"
"Italy (IT)","14.01.2022 10:00 - 14.01.2022 11:00 (CET/CEST)","566","57","730"
"Italy (IT)","14.01.2022 11:00 - 14.01.2022 12:00 (CET/CEST)","161","159","607"
"Italy (IT)","14.01.2022 12:00 - 14.01.2022 13:00 (CET/CEST)","187","54","383"
"Italy (IT)","14.01.2022 13:00 - 14.01.2022 14:00 (CET/CEST)","19","3","349"
"Italy (IT)","14.01.2022 14:00 - 14.01.2022 15:00 (CET/CEST)","6","3","396"
"Italy (IT)","14.01.2022 15:00 - 14.01.2022 16:00 (CET/CEST)","5","43","431"
"Italy (IT)","14.01.2022 16:00 - 14.01.2022 17:00 (CET/CEST)","135","1","610"
"Italy (IT)","14.01.2022 17:00 - 14.01.2022 18:00 (CET/CEST)","585","","858"
"Italy (IT)","14.01.2022 18:00 - 14.01.2022 19:00 (CET/CEST)","832","","973"
"Italy (IT)","14.01.2022 19:00 - 14.01.2022 20:00 (CET/CEST)","828","","913"
"Italy (IT)","14.01.2022 20:00 - 14.01.2022 21:00 (CET/CEST)","710","","564"
"Italy (IT)","14.01.2022 21:00 - 14.01.2022 22:00 (CET/CEST)","204","1","419"
"Italy (IT)","14.01.2022 22:00 - 14.01.2022 23:00 (CET/CEST)","0","2","280"
"Italy (IT)","14.01.2022 23:00 - 15.01.2022 00:00 (CET/CEST)","6","74","214"
"Italy (IT)","15.01.2022 00:00 - 15.01.2022 01:00 (CET/CEST)","258","3","267"
"Italy (IT)","15.01.2022 01:00 - 15.01.2022 02:00 (CET/CEST)","30","53","216"
"Italy (IT)","15.01.2022 02:00 - 15.01.2022 03:00 (CET/CEST)","0","55","184"
"Italy (IT)","15.01.2022 03:00 - 15.01.2022 04:00 (CET/CEST)","0","55","183"
"Italy (IT)","15.01.2022 04:00 - 15.01.2022 05:00 (CET/CEST)","0","55","163"
"Italy (IT)","15.01.2022 05:00 - 15.01.2022 06:00 (CET/CEST)","0","56","171"
"Italy (IT)","15.01.2022 06:00 - 15.01.2022 07:00 (CET/CEST)","4","17","194"
"Italy (IT)","15.01.2022 07:00 - 15.01.2022 08:00 (CET/CEST)","13","82","341"
"Italy (IT)","15.01.2022 08:00 - 15.01.2022 09:00 (CET/CEST)","470","82","580"
"Italy (IT)","15.01.2022 09:00 - 15.01.2022 10:00 (CET/CEST)","682","82","556"
"Italy (IT)","15.01.2022 10:00 - 15.01.2022 11:00 (CET/CEST)","176","40","410"
"Italy (IT)","15.01.2022 11:00 - 15.01.2022 12:00 (CET/CEST)","","1420","290"
"Italy (IT)","15.01.2022 12:00 - 15.01.2022 13:00 (CET/CEST)","151","1601","270"
"Italy (IT)","15.01.2022 13:00 - 15.01.2022 14:00 (CET/CEST)","175","1630","273"
"Italy (IT)","15.01.2022 14:00 - 15.01.2022 15:00 (CET/CEST)","76","1459","312"
"Italy (IT)","15.01.2022 15:00 - 15.01.2022 16:00 (CET/CEST)","74","436","356"
"Italy (IT)","15.01.2022 16:00 - 15.01.2022 17:00 (CET/CEST)","199","1","530"
"Italy (IT)","15.01.2022 17:00 - 15.01.2022 18:00 (CET/CEST)","986","","724"
"Italy (IT)","15.01.2022 18:00 - 15.01.2022 19:00 (CET/CEST)","1099","","823"
"Italy (IT)","15.01.2022 19:00 - 15.01.2022 20:00 (CET/CEST)","1082","","700"
"Italy (IT)","15.01.2022 20:00 - 15.01.2022 21:00 (CET/CEST)","483","","509"
"Italy (IT)","15.01.2022 21:00 - 15.01.2022 22:00 (CET/CEST)","508","","357"
"Italy (IT)","15.01.2022 22:00 - 15.01.2022 23:00 (CET/CEST)","252","","295"
"Italy (IT)","15.01.2022 23:00 - 16.01.2022 00:00 (CET/CEST)","1","39","278"
"Italy (IT)","16.01.2022 00:00 - 16.01.2022 01:00 (CET/CEST)","77","83","452"
"Italy (IT)","16.01.2022 01:00 - 16.01.2022 02:00 (CET/CEST)","0","201","180"
"Italy (IT)","16.01.2022 02:00 - 16.01.2022 03:00 (CET/CEST)","","216","163"
"Italy (IT)","16.01.2022 03:00 - 16.01.2022 04:00 (CET/CEST)","","353","151"
"Italy (IT)","16.01.2022 04:00 - 16.01.2022 05:00 (CET/CEST)","","871","153"
"Italy (IT)","16.01.2022 05:00 - 16.01.2022 06:00 (CET/CEST)","","670","137"
"Italy (IT)","16.01.2022 06:00 - 16.01.2022 07:00 (CET/CEST)","0","45","142"
"Italy (IT)","16.01.2022 07:00 - 16.01.2022 08:00 (CET/CEST)","0","182","170"
"Italy (IT)","16.01.2022 08:00 - 16.01.2022 09:00 (CET/CEST)","90","83","223"
"Italy (IT)","16.01.2022 09:00 - 16.01.2022 10:00 (CET/CEST)","90","83","200"
"Italy (IT)","16.01.2022 10:00 - 16.01.2022 11:00 (CET/CEST)","85","23","224"
"Italy (IT)","16.01.2022 11:00 - 16.01.2022 12:00 (CET/CEST)","85","3","190"
"Italy (IT)","16.01.2022 12:00 - 16.01.2022 13:00 (CET/CEST)","26","5","202"
"Italy (IT)","16.01.2022 13:00 - 16.01.2022 14:00 (CET/CEST)","","368","238"
"Italy (IT)","16.01.2022 14:00 - 16.01.2022 15:00 (CET/CEST)","","991","257"
"Italy (IT)","16.01.2022 15:00 - 16.01.2022 16:00 (CET/CEST)","","711","268"
"Italy (IT)","16.01.2022 16:00 - 16.01.2022 17:00 (CET/CEST)","3","4","386"
"Italy (IT)","16.01.2022 17:00 - 16.01.2022 18:00 (CET/CEST)","423","","601"
"Italy (IT)","16.01.2022 18:00 - 16.01.2022 19:00 (CET/CEST)","1117","","733"
"Italy (IT)","16.01.2022 19:00 - 16.01.2022 20:00 (CET/CEST)","1097","","812"
"Italy (IT)","16.01.2022 20:00 - 16.01.2022 21:00 (CET/CEST)","631","","610"
"Italy (IT)","16.01.2022 21:00 - 16.01.2022 22:00 (CET/CEST)","94","75","447"
"Italy (IT)","16.01.2022 22:00 - 16.01.2022 23:00 (CET/CEST)","24","426","179"
"Italy (IT)","16.01.2022 23:00 - 17.01.2022 00:00 (CET/CEST)","0","827","143"
"Italy (IT)","17.01.2022 00:00 - 17.01.2022 01:00 (CET/CEST)","0","822","141"
"Italy (IT)","17.01.2022 01:00 - 17.01.2022 02:00 (CET/CEST)","0","487","150"
"Italy (IT)","17.01.2022 02:00 - 17.01.2022 03:00 (CET/CEST)","8","3","142"
"Italy (IT)","17.01.2022 03:00 - 17.01.2022 04:00 (CET/CEST)","0","299","134"
"Italy (IT)","17.01.2022 04:00 - 17.01.2022 05:00 (CET/CEST)","0","517","136"
"Italy (IT)","17.01.2022 05:00 - 17.01.2022 06:00 (CET/CEST)","7","3","134"
"Italy (IT)","17.01.2022 06:00 - 17.01.2022 07:00 (CET/CEST)","36","16","353"
"Italy (IT)","17.01.2022 07:00 - 17.01.2022 08:00 (CET/CEST)","450","73","577"
"Italy (IT)","17.01.2022 08:00 - 17.01.2022 09:00 (CET/CEST)","974","64","989"
"Italy (IT)","17.01.2022 09:00 - 17.01.2022 10:00 (CET/CEST)","627","84","1012"
"Italy (IT)","17.01.2022 10:00 - 17.01.2022 11:00 (CET/CEST)","416","43","712"
"Italy (IT)","17.01.2022 11:00 - 17.01.2022 12:00 (CET/CEST)","379","3","530"
"Italy (IT)","17.01.2022 12:00 - 17.01.2022 13:00 (CET/CEST)","81","54","308"
"Italy (IT)","17.01.2022 13:00 - 17.01.2022 14:00 (CET/CEST)","0","590","297"
"Italy (IT)","17.01.2022 14:00 - 17.01.2022 15:00 (CET/CEST)","0","462","354"
"Italy (IT)","17.01.2022 15:00 - 17.01.2022 16:00 (CET/CEST)","0","459","399"
"Italy (IT)","17.01.2022 16:00 - 17.01.2022 17:00 (CET/CEST)","74","146","515"
"Italy (IT)","17.01.2022 17:00 - 17.01.2022 18:00 (CET/CEST)","1363","74","827"
"Italy (IT)","17.01.2022 18:00 - 17.01.2022 19:00 (CET/CEST)","1289","","913"
"Italy (IT)","17.01.2022 19:00 - 17.01.2022 20:00 (CET/CEST)","1061","","860"
"Italy (IT)","17.01.2022 20:00 - 17.01.2022 21:00 (CET/CEST)","137","1","565"
"Italy (IT)","17.01.2022 21:00 - 17.01.2022 22:00 (CET/CEST)","1","3","277"
"Italy (IT)","17.01.2022 22:00 - 17.01.2022 23:00 (CET/CEST)","0","3","129"
"Italy (IT)","17.01.2022 23:00 - 18.01.2022 00:00 (CET/CEST)","0","61","126"
"Italy (IT)","18.01.2022 00:00 - 18.01.2022 01:00 (CET/CEST)","","208","42"
"Italy (IT)","18.01.2022 01:00 - 18.01.2022 02:00 (CET/CEST)","","708","51"
"Italy (IT)","18.01.2022 02:00 - 18.01.2022 03:00 (CET/CEST)","","654","43"
"Italy (IT)","18.01.2022 03:00 - 18.01.2022 04:00 (CET/CEST)","","1111","42"
"Italy (IT)","18.01.2022 04:00 - 18.01.2022 05:00 (CET/CEST)","","1256","44"
"Italy (IT)","18.01.2022 05:00 - 18.01.2022 06:00 (CET/CEST)","","90","43"
"Italy (IT)","18.01.2022 06:00 - 18.01.2022 07:00 (CET/CEST)","96","37","217"
"Italy (IT)","18.01.2022 07:00 - 18.01.2022 08:00 (CET/CEST)","139","2","543"
"Italy (IT)","18.01.2022 08:00 - 18.01.2022 09:00 (CET/CEST)","792","3","1124"
"Italy (IT)","18.01.2022 09:00 - 18.01.2022 10:00 (CET/CEST)","646","3","1026"
"Italy (IT)","18.01.2022 10:00 - 18.01.2022 11:00 (CET/CEST)","378","29","837"
"Italy (IT)","18.01.2022 11:00 - 18.01.2022 12:00 (CET/CEST)","334","41","594"
"Italy (IT)","18.01.2022 12:00 - 18.01.2022 13:00 (CET/CEST)","222","2","312"
"Italy (IT)","18.01.2022 13:00 - 18.01.2022 14:00 (CET/CEST)","10","3","284"
"Italy (IT)","18.01.2022 14:00 - 18.01.2022 15:00 (CET/CEST)","119","3","299"
"Italy (IT)","18.01.2022 15:00 - 18.01.2022 16:00 (CET/CEST)","147","21","432"
"Italy (IT)","18.01.2022 16:00 - 18.01.2022 17:00 (CET/CEST)","303","3","648"
"Italy (IT)","18.01.2022 17:00 - 18.01.2022 18:00 (CET/CEST)","566","6","805"
"Italy (IT)","18.01.2022 18:00 - 18.01.2022 19:00 (CET/CEST)","1147","3","852"
"Italy (IT)","18.01.2022 19:00 - 18.01.2022 20:00 (CET/CEST)","695","3","858"
"Italy (IT)","18.01.2022 20:00 - 18.01.2022 21:00 (CET/CEST)","456","3","488"
"Italy (IT)","18.01.2022 21:00 - 18.01.2022 22:00 (CET/CEST)","181","3","287"
"Italy (IT)","18.01.2022 22:00 - 18.01.2022 23:00 (CET/CEST)","1","3","136"
"Italy (IT)","18.01.2022 23:00 - 19.01.2022 00:00 (CET/CEST)","","52","129"
"Italy (IT)","19.01.2022 00:00 - 19.01.2022 01:00 (CET/CEST)","","801","130"
"Italy (IT)","19.01.2022 01:00 - 19.01.2022 02:00 (CET/CEST)","","1187","139"
"Italy (IT)","19.01.2022 02:00 - 19.01.2022 03:00 (CET/CEST)","","1772","130"
"Italy (IT)","19.01.2022 03:00 - 19.01.2022 04:00 (CET/CEST)","","1695","130"
"Italy (IT)","19.01.2022 04:00 - 19.01.2022 05:00 (CET/CEST)","","1707","130"
"Italy (IT)","19.01.2022 05:00 - 19.01.2022 06:00 (CET/CEST)","","1430","130"
"Italy (IT)","19.01.2022 06:00 - 19.01.2022 07:00 (CET/CEST)","147","76","166"
"Italy (IT)","19.01.2022 07:00 - 19.01.2022 08:00 (CET/CEST)","329","1","711"
"Italy (IT)","19.01.2022 08:00 - 19.01.2022 09:00 (CET/CEST)","918","","831"
"Italy (IT)","19.01.2022 09:00 - 19.01.2022 10:00 (CET/CEST)","410","","751"
"Italy (IT)","19.01.2022 10:00 - 19.01.2022 11:00 (CET/CEST)","393","1","756"
"Italy (IT)","19.01.2022 11:00 - 19.01.2022 12:00 (CET/CEST)","462","80","728"
"Italy (IT)","19.01.2022 12:00 - 19.01.2022 13:00 (CET/CEST)","253","91","330"
"Italy (IT)","19.01.2022 13:00 - 19.01.2022 14:00 (CET/CEST)","","242","346"
"Italy (IT)","19.01.2022 14:00 - 19.01.2022 15:00 (CET/CEST)","65","36","328"
"Italy (IT)","19.01.2022 15:00 - 19.01.2022 16:00 (CET/CEST)","127","86","343"
"Italy (IT)","19.01.2022 16:00 - 19.01.2022 17:00 (CET/CEST)","161","58","509"
"Italy (IT)","19.01.2022 17:00 - 19.01.2022 18:00 (CET/CEST)","609","3","877"
"Italy (IT)","19.01.2022 18:00 - 19.01.2022 19:00 (CET/CEST)","882","3","971"
"Italy (IT)","19.01.2022 19:00 - 19.01.2022 20:00 (CET/CEST)","750","2","923"
"Italy (IT)","19.01.2022 20:00 - 19.01.2022 21:00 (CET/CEST)","501","10","506"
"Italy (IT)","19.01.2022 21:00 - 19.01.2022 22:00 (CET/CEST)","1","202","197"
"Italy (IT)","19.01.2022 22:00 - 19.01.2022 23:00 (CET/CEST)","0","228","140"
"Italy (IT)","19.01.2022 23:00 - 20.01.2022 00:00 (CET/CEST)","0","176","54"
"Italy (IT)","20.01.2022 00:00 - 20.01.2022 01:00 (CET/CEST)","1","4","39"
"Italy (IT)","20.01.2022 01:00 - 20.01.2022 02:00 (CET/CEST)","0","613","47"
"Italy (IT)","20.01.2022 02:00 - 20.01.2022 03:00 (CET/CEST)","0","713","39"
"Italy (IT)","20.01.2022 03:00 - 20.01.2022 04:00 (CET/CEST)","0","1145","39"
"Italy (IT)","20.01.2022 04:00 - 20.01.2022 05:00 (CET/CEST)","0","963","39"
"Italy (IT)","20.01.2022 05:00 - 20.01.2022 06:00 (CET/CEST)","0","225","39"
"Italy (IT)","20.01.2022 06:00 - 20.01.2022 07:00 (CET/CEST)","0","3","147"
"Italy (IT)","20.01.2022 07:00 - 20.01.2022 08:00 (CET/CEST)","141","1","390"
"Italy (IT)","20.01.2022 08:00 - 20.01.2022 09:00 (CET/CEST)","493","1","766"
"Italy (IT)","20.01.2022 09:00 - 20.01.2022 10:00 (CET/CEST)","525","1","774"
"Italy (IT)","20.01.2022 10:00 - 20.01.2022 11:00 (CET/CEST)","587","1","728"
"Italy (IT)","20.01.2022 11:00 - 20.01.2022 12:00 (CET/CEST)","344","2","705"
"Italy (IT)","20.01.2022 12:00 - 20.01.2022 13:00 (CET/CEST)","616","","581"
"Italy (IT)","20.01.2022 13:00 - 20.01.2022 14:00 (CET/CEST)","104","2","320"
"Italy (IT)","20.01.2022 14:00 - 20.01.2022 15:00 (CET/CEST)","210","3","248"
"Italy (IT)","20.01.2022 15:00 - 20.01.2022 16:00 (CET/CEST)","238","3","319"
"Italy (IT)","20.01.2022 16:00 - 20.01.2022 17:00 (CET/CEST)","350","3","516"
"Italy (IT)","20.01.2022 17:00 - 20.01.2022 18:00 (CET/CEST)","282","3","603"
"Italy (IT)","20.01.2022 18:00 - 20.01.2022 19:00 (CET/CEST)","857","1","808"
"Italy (IT)","20.01.2022 19:00 - 20.01.2022 20:00 (CET/CEST)","722","1","838"
"Italy (IT)","20.01.2022 20:00 - 20.01.2022 21:00 (CET/CEST)","165","1","506"
"Italy (IT)","20.01.2022 21:00 - 20.01.2022 22:00 (CET/CEST)","95","3","327"
"Italy (IT)","20.01.2022 22:00 - 20.01.2022 23:00 (CET/CEST)","0","3","154"
"Italy (IT)","20.01.2022 23:00 - 21.01.2022 00:00 (CET/CEST)","0","21","127"
"Italy (IT)","21.01.2022 00:00 - 21.01.2022 01:00 (CET/CEST)","0","302","124"
"Italy (IT)","21.01.2022 01:00 - 21.01.2022 02:00 (CET/CEST)","0","1120","132"
"Italy (IT)","21.01.2022 02:00 - 21.01.2022 03:00 (CET/CEST)","0","1446","123"
"Italy (IT)","21.01.2022 03:00 - 21.01.2022 04:00 (CET/CEST)","0","1446","122"
"Italy (IT)","21.01.2022 04:00 - 21.01.2022 05:00 (CET/CEST)","0","824","130"
"Italy (IT)","21.01.2022 05:00 - 21.01.2022 06:00 (CET/CEST)","0","174","165"
"Italy (IT)","21.01.2022 06:00 - 21.01.2022 07:00 (CET/CEST)","33","115","357"
"Italy (IT)","21.01.2022 07:00 - 21.01.2022 08:00 (CET/CEST)","512","3","572"
"Italy (IT)","21.01.2022 08:00 - 21.01.2022 09:00 (CET/CEST)","527","3","835"
"Italy (IT)","21.01.2022 09:00 - 21.01.2022 10:00 (CET/CEST)","782","3","798"
"Italy (IT)","21.01.2022 10:00 - 21.01.2022 11:00 (CET/CEST)","422","3","529"
"Italy (IT)","21.01.2022 11:00 - 21.01.2022 12:00 (CET/CEST)","233","9","407"
"Italy (IT)","21.01.2022 12:00 - 21.01.2022 13:00 (CET/CEST)","400","2","299"
"Italy (IT)","21.01.2022 13:00 - 21.01.2022 14:00 (CET/CEST)","320","3","291"
"Italy (IT)","21.01.2022 14:00 - 21.01.2022 15:00 (CET/CEST)","353","3","206"
"Italy (IT)","21.01.2022 15:00 - 21.01.2022 16:00 (CET/CEST)","285","3","342"
"Italy (IT)","21.01.2022 16:00 - 21.01.2022 17:00 (CET/CEST)","164","79","491"
"Italy (IT)","21.01.2022 17:00 - 21.01.2022 18:00 (CET/CEST)","388","3","663"
"Italy (IT)","21.01.2022 18:00 - 21.01.2022 19:00 (CET/CEST)","907","1","778"
"Italy (IT)","21.01.2022 19:00 - 21.01.2022 20:00 (CET/CEST)","774","1","910"
"Italy (IT)","21.01.2022 20:00 - 21.01.2022 21:00 (CET/CEST)","32","2","494"
"Italy (IT)","21.01.2022 21:00 - 21.01.2022 22:00 (CET/CEST)","0","3","276"
"Italy (IT)","21.01.2022 22:00 - 21.01.2022 23:00 (CET/CEST)","0","26","174"
"Italy (IT)","21.01.2022 23:00 - 22.01.2022 00:00 (CET/CEST)","0","196","165"
"Italy (IT)","22.01.2022 00:00 - 22.01.2022 01:00 (CET/CEST)","0","502","129"
"Italy (IT)","22.01.2022 01:00 - 22.01.2022 02:00 (CET/CEST)","29","461","232"
"Italy (IT)","22.01.2022 02:00 - 22.01.2022 03:00 (CET/CEST)","","748","202"
"Italy (IT)","22.01.2022 03:00 - 22.01.2022 04:00 (CET/CEST)","","1033","69"
"Italy (IT)","22.01.2022 04:00 - 22.01.2022 05:00 (CET/CEST)","","1138","53"
"Italy (IT)","22.01.2022 05:00 - 22.01.2022 06:00 (CET/CEST)","","1027","53"
"Italy (IT)","22.01.2022 06:00 - 22.01.2022 07:00 (CET/CEST)","","23","91"
"Italy (IT)","22.01.2022 07:00 - 22.01.2022 08:00 (CET/CEST)","91","3","310"
"Italy (IT)","22.01.2022 08:00 - 22.01.2022 09:00 (CET/CEST)","538","3","601"
"Italy (IT)","22.01.2022 09:00 - 22.01.2022 10:00 (CET/CEST)","281","3","627"
"Italy (IT)","22.01.2022 10:00 - 22.01.2022 11:00 (CET/CEST)","270","3","505"
"Italy (IT)","22.01.2022 11:00 - 22.01.2022 12:00 (CET/CEST)","200","3","309"
"Italy (IT)","22.01.2022 12:00 - 22.01.2022 13:00 (CET/CEST)","263","","263"
"Italy (IT)","22.01.2022 13:00 - 22.01.2022 14:00 (CET/CEST)","0","227","231"
"Italy (IT)","22.01.2022 14:00 - 22.01.2022 15:00 (CET/CEST)","0","284","250"
"Italy (IT)","22.01.2022 15:00 - 22.01.2022 16:00 (CET/CEST)","0","100","273"
"Italy (IT)","22.01.2022 16:00 - 22.01.2022 17:00 (CET/CEST)","5","3","340"
"Italy (IT)","22.01.2022 17:00 - 22.01.2022 18:00 (CET/CEST)","551","58","641"
"Italy (IT)","22.01.2022 18:00 - 22.01.2022 19:00 (CET/CEST)","577","2","668"
"Italy (IT)","22.01.2022 19:00 - 22.01.2022 20:00 (CET/CEST)","663","1","647"
"Italy (IT)","22.01.2022 20:00 - 22.01.2022 21:00 (CET/CEST)","322","1","591"
"Italy (IT)","22.01.2022 21:00 - 22.01.2022 22:00 (CET/CEST)","97","1","311"
"Italy (IT)","22.01.2022 22:00 - 22.01.2022 23:00 (CET/CEST)","73","1","259"
"Italy (IT)","22.01.2022 23:00 - 23.01.2022 00:00 (CET/CEST)","1","78","179"
"Italy (IT)","23.01.2022 00:00 - 23.01.2022 01:00 (CET/CEST)","121","31","274"
"Italy (IT)","23.01.2022 01:00 - 23.01.2022 02:00 (CET/CEST)","49","22","404"
"Italy (IT)","23.01.2022 02:00 - 23.01.2022 03:00 (CET/CEST)","113","274","262"
"Italy (IT)","23.01.2022 03:00 - 23.01.2022 04:00 (CET/CEST)","107","1259","93"
"Italy (IT)","23.01.2022 04:00 - 23.01.2022 05:00 (CET/CEST)","0","1565","69"
"Italy (IT)","23.01.2022 05:00 - 23.01.2022 06:00 (CET/CEST)","0","1488","70"
"Italy (IT)","23.01.2022 06:00 - 23.01.2022 07:00 (CET/CEST)","17","209","147"
"Italy (IT)","23.01.2022 07:00 - 23.01.2022 08:00 (CET/CEST)","17","2","278"
"Italy (IT)","23.01.2022 08:00 - 23.01.2022 09:00 (CET/CEST)","123","2","378"
"Italy (IT)","23.01.2022 09:00 - 23.01.2022 10:00 (CET/CEST)","248","2","521"
"Italy (IT)","23.01.2022 10:00 - 23.01.2022 11:00 (CET/CEST)","299","2","601"
"Italy (IT)","23.01.2022 11:00 - 23.01.2022 12:00 (CET/CEST)","236","2","484"
"Italy (IT)","23.01.2022 12:00 - 23.01.2022 13:00 (CET/CEST)","241","2","229"
"Italy (IT)","23.01.2022 13:00 - 23.01.2022 14:00 (CET/CEST)","0","575","131"
"Italy (IT)","23.01.2022 14:00 - 23.01.2022 15:00 (CET/CEST)","0","681","132"
"Italy (IT)","23.01.2022 15:00 - 23.01.2022 16:00 (CET/CEST)","0","475","246"
"Italy (IT)","23.01.2022 16:00 - 23.01.2022 17:00 (CET/CEST)","0","3","404"
"Italy (IT)","23.01.2022 17:00 - 23.01.2022 18:00 (CET/CEST)","214","50","597"
"Italy (IT)","23.01.2022 18:00 - 23.01.2022 19:00 (CET/CEST)","781","27","974"
"Italy (IT)","23.01.2022 19:00 - 23.01.2022 20:00 (CET/CEST)","891","2","1098"
"Italy (IT)","23.01.2022 20:00 - 23.01.2022 21:00 (CET/CEST)","423","2","657"
"Italy (IT)","23.01.2022 21:00 - 23.01.2022 22:00 (CET/CEST)","149","2","408"
"Italy (IT)","23.01.2022 22:00 - 23.01.2022 23:00 (CET/CEST)","133","53","380"
"Italy (IT)","23.01.2022 23:00 - 24.01.2022 00:00 (CET/CEST)","3","255","159"
"Italy (IT)","24.01.2022 00:00 - 24.01.2022 01:00 (CET/CEST)","12","280","225"
"Italy (IT)","24.01.2022 01:00 - 24.01.2022 02:00 (CET/CEST)","9","451","149"
"Italy (IT)","24.01.2022 02:00 - 24.01.2022 03:00 (CET/CEST)","8","559","151"
"Italy (IT)","24.01.2022 03:00 - 24.01.2022 04:00 (CET/CEST)","","1003","150"
"Italy (IT)","24.01.2022 04:00 - 24.01.2022 05:00 (CET/CEST)","","678","151"
"Italy (IT)","24.01.2022 05:00 - 24.01.2022 06:00 (CET/CEST)","13","2","239"
"Italy (IT)","24.01.2022 06:00 - 24.01.2022 07:00 (CET/CEST)","674","27","368"
"Italy (IT)","24.01.2022 07:00 - 24.01.2022 08:00 (CET/CEST)","1382","29","724"
"Italy (IT)","24.01.2022 08:00 - 24.01.2022 09:00 (CET/CEST)","2727","3","1044"
"Italy (IT)","24.01.2022 09:00 - 24.01.2022 10:00 (CET/CEST)","1985","11","1007"
"Italy (IT)","24.01.2022 10:00 - 24.01.2022 11:00 (CET/CEST)","658","59","858"
"Italy (IT)","24.01.2022 11:00 - 24.01.2022 12:00 (CET/CEST)","528","3","775"
"Italy (IT)","24.01.2022 12:00 - 24.01.2022 13:00 (CET/CEST)","452","2","475"
"Italy (IT)","24.01.2022 13:00 - 24.01.2022 14:00 (CET/CEST)","348","3","483"
"Italy (IT)","24.01.2022 14:00 - 24.01.2022 15:00 (CET/CEST)","348","3","484"
"Italy (IT)","24.01.2022 15:00 - 24.01.2022 16:00 (CET/CEST)","345","14","574"
"Italy (IT)","24.01.2022 16:00 - 24.01.2022 17:00 (CET/CEST)","441","66","896"
"Italy (IT)","24.01.2022 17:00 - 24.01.2022 18:00 (CET/CEST)","582","3","957"
"Italy (IT)","24.01.2022 18:00 - 24.01.2022 19:00 (CET/CEST)","1005","2","1234"
"Italy (IT)","24.01.2022 19:00 - 24.01.2022 20:00 (CET/CEST)","489","2","942"
"Italy (IT)","24.01.2022 20:00 - 24.01.2022 21:00 (CET/CEST)","436","","652"
"Italy (IT)","24.01.2022 21:00 - 24.01.2022 22:00 (CET/CEST)","193","","430"
"Italy (IT)","24.01.2022 22:00 - 24.01.2022 23:00 (CET/CEST)","230","40","273"
"Italy (IT)","24.01.2022 23:00 - 25.01.2022 00:00 (CET/CEST)","0","174","226"
"Italy (IT)","25.01.2022 00:00 - 25.01.2022 01:00 (CET/CEST)","","998","228"
"Italy (IT)","25.01.2022 01:00 - 25.01.2022 02:00 (CET/CEST)","","2029","216"
"Italy (IT)","25.01.2022 02:00 - 25.01.2022 03:00 (CET/CEST)","","2220","207"
"Italy (IT)","25.01.2022 03:00 - 25.01.2022 04:00 (CET/CEST)","","2134","132"
"Italy (IT)","25.01.2022 04:00 - 25.01.2022 05:00 (CET/CEST)","47","1675","199"
"Italy (IT)","25.01.2022 05:00 - 25.01.2022 06:00 (CET/CEST)","0","642","241"
"Italy (IT)","25.01.2022 06:00 - 25.01.2022 07:00 (CET/CEST)","179","3","442"
"Italy (IT)","25.01.2022 07:00 - 25.01.2022 08:00 (CET/CEST)","1087","1","912"
"Italy (IT)","25.01.2022 08:00 - 25.01.2022 09:00 (CET/CEST)","2760","","1026"
"Italy (IT)","25.01.2022 09:00 - 25.01.2022 10:00 (CET/CEST)","1680","","891"
"Italy (IT)","25.01.2022 10:00 - 25.01.2022 11:00 (CET/CEST)","1321","62","814"
"Italy (IT)","25.01.2022 11:00 - 25.01.2022 12:00 (CET/CEST)","838","90","808"
"Italy (IT)","25.01.2022 12:00 - 25.01.2022 13:00 (CET/CEST)","470","109","656"
"Italy (IT)","25.01.2022 13:00 - 25.01.2022 14:00 (CET/CEST)","294","87","487"
"Italy (IT)","25.01.2022 14:00 - 25.01.2022 15:00 (CET/CEST)","241","83","706"
"Italy (IT)","25.01.2022 15:00 - 25.01.2022 16:00 (CET/CEST)","283","83","741"
"Italy (IT)","25.01.2022 16:00 - 25.01.2022 17:00 (CET/CEST)","534","33","783"
"Italy (IT)","25.01.2022 17:00 - 25.01.2022 18:00 (CET/CEST)","1134","","922"
"Italy (IT)","25.01.2022 18:00 - 25.01.2022 19:00 (CET/CEST)","2934","","1119"
"Italy (IT)","25.01.2022 19:00 - 25.01.2022 20:00 (CET/CEST)","1229","","1134"
"Italy (IT)","25.01.2022 20:00 - 25.01.2022 21:00 (CET/CEST)","313","1","743"
"Italy (IT)","25.01.2022 21:00 - 25.01.2022 22:00 (CET/CEST)","160","3","468"
"Italy (IT)","25.01.2022 22:00 - 25.01.2022 23:00 (CET/CEST)","161","3","331"
"Italy (IT)","25.01.2022 23:00 - 26.01.2022 00:00 (CET/CEST)","0","267","277"
"Italy (IT)","26.01.2022 00:00 - 26.01.2022 01:00 (CET/CEST)","","207","167"
"Italy (IT)","26.01.2022 01:00 - 26.01.2022 02:00 (CET/CEST)","","589","176"
"Italy (IT)","26.01.2022 02:00 - 26.01.2022 03:00 (CET/CEST)","","1046","178"
"Italy (IT)","26.01.2022 03:00 - 26.01.2022 04:00 (CET/CEST)","","1516","176"
"Italy (IT)","26.01.2022 04:00 - 26.01.2022 05:00 (CET/CEST)","","1520","177"
"Italy (IT)","26.01.2022 05:00 - 26.01.2022 06:00 (CET/CEST)","","664","218"
"Italy (IT)","26.01.2022 06:00 - 26.01.2022 07:00 (CET/CEST)","167","24","513"
"Italy (IT)","26.01.2022 07:00 - 26.01.2022 08:00 (CET/CEST)","422","37","930"
"Italy (IT)","26.01.2022 08:00 - 26.01.2022 09:00 (CET/CEST)","1296","3","1216"
"Italy (IT)","26.01.2022 09:00 - 26.01.2022 10:00 (CET/CEST)","1263","34","1124"
"Italy (IT)","26.01.2022 10:00 - 26.01.2022 11:00 (CET/CEST)","936","63","927"
"Italy (IT)","26.01.2022 11:00 - 26.01.2022 12:00 (CET/CEST)","1006","3","874"
"Italy (IT)","26.01.2022 12:00 - 26.01.2022 13:00 (CET/CEST)","789","81","744"
"Italy (IT)","26.01.2022 13:00 - 26.01.2022 14:00 (CET/CEST)","438","82","715"
"Italy (IT)","26.01.2022 14:00 - 26.01.2022 15:00 (CET/CEST)","370","81","840"
"Italy (IT)","26.01.2022 15:00 - 26.01.2022 16:00 (CET/CEST)","591","82","991"
"Italy (IT)","26.01.2022 16:00 - 26.01.2022 17:00 (CET/CEST)","564","82","980"
"Italy (IT)","26.01.2022 17:00 - 26.01.2022 18:00 (CET/CEST)","475","4","988"
"Italy (IT)","26.01.2022 18:00 - 26.01.2022 19:00 (CET/CEST)","1080","3","1182"
"Italy (IT)","26.01.2022 19:00 - 26.01.2022 20:00 (CET/CEST)","813","1","1110"
"Italy (IT)","26.01.2022 20:00 - 26.01.2022 21:00 (CET/CEST)","265","1","832"
"Italy (IT)","26.01.2022 21:00 - 26.01.2022 22:00 (CET/CEST)","260","3","714"
"Italy (IT)","26.01.2022 22:00 - 26.01.2022 23:00 (CET/CEST)","260","3","339"
"Italy (IT)","26.01.2022 23:00 - 27.01.2022 00:00 (CET/CEST)","183","48","272"
"Italy (IT)","27.01.2022 00:00 - 27.01.2022 01:00 (CET/CEST)","185","12","169"
"Italy (IT)","27.01.2022 01:00 - 27.01.2022 02:00 (CET/CEST)","","636","231"
"Italy (IT)","27.01.2022 02:00 - 27.01.2022 03:00 (CET/CEST)","","684","175"
"Italy (IT)","27.01.2022 03:00 - 27.01.2022 04:00 (CET/CEST)","","1135","162"
"Italy (IT)","27.01.2022 04:00 - 27.01.2022 05:00 (CET/CEST)","","980","162"
"Italy (IT)","27.01.2022 05:00 - 27.01.2022 06:00 (CET/CEST)","","862","269"
"Italy (IT)","27.01.2022 06:00 - 27.01.2022 07:00 (CET/CEST)","200","43","550"
"Italy (IT)","27.01.2022 07:00 - 27.01.2022 08:00 (CET/CEST)","433","2","827"
"Italy (IT)","27.01.2022 08:00 - 27.01.2022 09:00 (CET/CEST)","357","2","1202"
"Italy (IT)","27.01.2022 09:00 - 27.01.2022 10:00 (CET/CEST)","297","3","1065"
"Italy (IT)","27.01.2022 10:00 - 27.01.2022 11:00 (CET/CEST)","266","48","869"
"Italy (IT)","27.01.2022 11:00 - 27.01.2022 12:00 (CET/CEST)","265","81","746"
"Italy (IT)","27.01.2022 12:00 - 27.01.2022 13:00 (CET/CEST)","328","10","549"
"Italy (IT)","27.01.2022 13:00 - 27.01.2022 14:00 (CET/CEST)","183","3","318"
"Italy (IT)","27.01.2022 14:00 - 27.01.2022 15:00 (CET/CEST)","183","2","311"
"Italy (IT)","27.01.2022 15:00 - 27.01.2022 16:00 (CET/CEST)","221","25","359"
"Italy (IT)","27.01.2022 16:00 - 27.01.2022 17:00 (CET/CEST)","159","65","572"
"Italy (IT)","27.01.2022 17:00 - 27.01.2022 18:00 (CET/CEST)","582","2","797"
"Italy (IT)","27.01.2022 18:00 - 27.01.2022 19:00 (CET/CEST)","579","3","1000"
"Italy (IT)","27.01.2022 19:00 - 27.01.2022 20:00 (CET/CEST)","664","3","1021"
"Italy (IT)","27.01.2022 20:00 - 27.01.2022 21:00 (CET/CEST)","522","3","718"
"Italy (IT)","27.01.2022 21:00 - 27.01.2022 22:00 (CET/CEST)","5","132","444"
"Italy (IT)","27.01.2022 22:00 - 27.01.2022 23:00 (CET/CEST)","0","201","391"
"Italy (IT)","27.01.2022 23:00 - 28.01.2022 00:00 (CET/CEST)","","655","213"
"Italy (IT)","28.01.2022 00:00 - 28.01.2022 01:00 (CET/CEST)","","1113","235"
"Italy (IT)","28.01.2022 01:00 - 28.01.2022 02:00 (CET/CEST)","","1110","159"
"Italy (IT)","28.01.2022 02:00 - 28.01.2022 03:00 (CET/CEST)","","823","159"
"Italy (IT)","28.01.2022 03:00 - 28.01.2022 04:00 (CET/CEST)","","848","159"
"Italy (IT)","28.01.2022 04:00 - 28.01.2022 05:00 (CET/CEST)","","941","173"
"Italy (IT)","28.01.2022 05:00 - 28.01.2022 06:00 (CET/CEST)","","627","285"
"Italy (IT)","28.01.2022 06:00 - 28.01.2022 07:00 (CET/CEST)","246","","381"
"Italy (IT)","28.01.2022 07:00 - 28.01.2022 08:00 (CET/CEST)","414","","690"
"Italy (IT)","28.01.2022 08:00 - 28.01.2022 09:00 (CET/CEST)","600","1","1061"
"Italy (IT)","28.01.2022 09:00 - 28.01.2022 10:00 (CET/CEST)","522","2","925"
"Italy (IT)","28.01.2022 10:00 - 28.01.2022 11:00 (CET/CEST)","236","2","767"
"Italy (IT)","28.01.2022 11:00 - 28.01.2022 12:00 (CET/CEST)","231","76","668"
"Italy (IT)","28.01.2022 12:00 - 28.01.2022 13:00 (CET/CEST)","116","18","473"
"Italy (IT)","28.01.2022 13:00 - 28.01.2022 14:00 (CET/CEST)","89","116","328"
"Italy (IT)","28.01.2022 14:00 - 28.01.2022 15:00 (CET/CEST)","81","146","325"
"Italy (IT)","28.01.2022 15:00 - 28.01.2022 16:00 (CET/CEST)","159","120","391"
"Italy (IT)","28.01.2022 16:00 - 28.01.2022 17:00 (CET/CEST)","601","2","551"
"Italy (IT)","28.01.2022 17:00 - 28.01.2022 18:00 (CET/CEST)","1112","","756"
"Italy (IT)","28.01.2022 18:00 - 28.01.2022 19:00 (CET/CEST)","947","","1049"
"Italy (IT)","28.01.2022 19:00 - 28.01.2022 20:00 (CET/CEST)","503","","958"
"Italy (IT)","28.01.2022 20:00 - 28.01.2022 21:00 (CET/CEST)","43","2","587"
"Italy (IT)","28.01.2022 21:00 - 28.01.2022 22:00 (CET/CEST)","0","3","414"
"Italy (IT)","28.01.2022 22:00 - 28.01.2022 23:00 (CET/CEST)","0","3","299"
"Italy (IT)","28.01.2022 23:00 - 29.01.2022 00:00 (CET/CEST)","5","12","223"
"Italy (IT)","29.01.2022 00:00 - 29.01.2022 01:00 (CET/CEST)","63","81","245"
"Italy (IT)","29.01.2022 01:00 - 29.01.2022 02:00 (CET/CEST)","8","68","191"
"Italy (IT)","29.01.2022 02:00 - 29.01.2022 03:00 (CET/CEST)","8","2","132"
"Italy (IT)","29.01.2022 03:00 - 29.01.2022 04:00 (CET/CEST)","2","2","129"
"Italy (IT)","29.01.2022 04:00 - 29.01.2022 05:00 (CET/CEST)","0","8","126"
"Italy (IT)","29.01.2022 05:00 - 29.01.2022 06:00 (CET/CEST)","0","82","114"
"Italy (IT)","29.01.2022 06:00 - 29.01.2022 07:00 (CET/CEST)","69","70","268"
"Italy (IT)","29.01.2022 07:00 - 29.01.2022 08:00 (CET/CEST)","177","3","501"
"Italy (IT)","29.01.2022 08:00 - 29.01.2022 09:00 (CET/CEST)","298","3","860"
"Italy (IT)","29.01.2022 09:00 - 29.01.2022 10:00 (CET/CEST)","232","3","617"
"Italy (IT)","29.01.2022 10:00 - 29.01.2022 11:00 (CET/CEST)","86","309","345"
"Italy (IT)","29.01.2022 11:00 - 29.01.2022 12:00 (CET/CEST)","104","443","243"
"Italy (IT)","29.01.2022 12:00 - 29.01.2022 13:00 (CET/CEST)","91","469","258"
"Italy (IT)","29.01.2022 13:00 - 29.01.2022 14:00 (CET/CEST)","85","494","257"
"Italy (IT)","29.01.2022 14:00 - 29.01.2022 15:00 (CET/CEST)","84","462","252"
"Italy (IT)","29.01.2022 15:00 - 29.01.2022 16:00 (CET/CEST)","0","431","280"
"Italy (IT)","29.01.2022 16:00 - 29.01.2022 17:00 (CET/CEST)","32","58","358"
"Italy (IT)","29.01.2022 17:00 - 29.01.2022 18:00 (CET/CEST)","534","3","519"
"Italy (IT)","29.01.2022 18:00 - 29.01.2022 19:00 (CET/CEST)","535","3","850"
"Italy (IT)","29.01.2022 19:00 - 29.01.2022 20:00 (CET/CEST)","614","3","903"
"Italy (IT)","29.01.2022 20:00 - 29.01.2022 21:00 (CET/CEST)","525","3","501"
"Italy (IT)","29.01.2022 21:00 - 29.01.2022 22:00 (CET/CEST)","31","3","330"
"Italy (IT)","29.01.2022 22:00 - 29.01.2022 23:00 (CET/CEST)","2","21","214"
"Italy (IT)","29.01.2022 23:00 - 30.01.2022 00:00 (CET/CEST)","10","58","206"
"Italy (IT)","30.01.2022 00:00 - 30.01.2022 01:00 (CET/CEST)","18","2","357"
"Italy (IT)","30.01.2022 01:00 - 30.01.2022 02:00 (CET/CEST)","15","385","169"
"Italy (IT)","30.01.2022 02:00 - 30.01.2022 03:00 (CET/CEST)","23","387","163"
"Italy (IT)","30.01.2022 03:00 - 30.01.2022 04:00 (CET/CEST)","23","386","164"
"Italy (IT)","30.01.2022 04:00 - 30.01.2022 05:00 (CET/CEST)","22","487","164"
"Italy (IT)","30.01.2022 05:00 - 30.01.2022 06:00 (CET/CEST)","13","489","179"
"Italy (IT)","30.01.2022 06:00 - 30.01.2022 07:00 (CET/CEST)","0","424","213"
"Italy (IT)","30.01.2022 07:00 - 30.01.2022 08:00 (CET/CEST)","10","3","318"
"Italy (IT)","30.01.2022 08:00 - 30.01.2022 09:00 (CET/CEST)","115","2","363"
"Italy (IT)","30.01.2022 09:00 - 30.01.2022 10:00 (CET/CEST)","108","3","279"
"Italy (IT)","30.01.2022 10:00 - 30.01.2022 11:00 (CET/CEST)","147","3","239"
"Italy (IT)","30.01.2022 11:00 - 30.01.2022 12:00 (CET/CEST)","0","9","242"
"Italy (IT)","30.01.2022 12:00 - 30.01.2022 13:00 (CET/CEST)","","188","241"
"Italy (IT)","30.01.2022 13:00 - 30.01.2022 14:00 (CET/CEST)","","1222","237"
"Italy (IT)","30.01.2022 14:00 - 30.01.2022 15:00 (CET/CEST)","","1605","241"
"Italy (IT)","30.01.2022 15:00 - 30.01.2022 16:00 (CET/CEST)","","431","253"
"Italy (IT)","30.01.2022 16:00 - 30.01.2022 17:00 (CET/CEST)","11","3","357"
"Italy (IT)","30.01.2022 17:00 - 30.01.2022 18:00 (CET/CEST)","446","1","465"
"Italy (IT)","30.01.2022 18:00 - 30.01.2022 19:00 (CET/CEST)","1802","1","670"
"Italy (IT)","30.01.2022 19:00 - 30.01.2022 20:00 (CET/CEST)","1799","1","684"
"Italy (IT)","30.01.2022 20:00 - 30.01.2022 21:00 (CET/CEST)","1627","1","583"
"Italy (IT)","30.01.2022 21:00 - 30.01.2022 22:00 (CET/CEST)","450","1","515"
"Italy (IT)","30.01.2022 22:00 - 30.01.2022 23:00 (CET/CEST)","57","1","244"
"Italy (IT)","30.01.2022 23:00 - 31.01.2022 00:00 (CET/CEST)","0","30","204"
"Italy (IT)","31.01.2022 00:00 - 31.01.2022 01:00 (CET/CEST)","0","515","192"
"Italy (IT)","31.01.2022 01:00 - 31.01.2022 02:00 (CET/CEST)","0","772","194"
"Italy (IT)","31.01.2022 02:00 - 31.01.2022 03:00 (CET/CEST)","0","850","194"
"Italy (IT)","31.01.2022 03:00 - 31.01.2022 04:00 (CET/CEST)","0","880","197"
"Italy (IT)","31.01.2022 04:00 - 31.01.2022 05:00 (CET/CEST)","0","911","195"
"Italy (IT)","31.01.2022 05:00 - 31.01.2022 06:00 (CET/CEST)","0","900","227"
"Italy (IT)","31.01.2022 06:00 - 31.01.2022 07:00 (CET/CEST)","0","163","306"
"Italy (IT)","31.01.2022 07:00 - 31.01.2022 08:00 (CET/CEST)","97","3","257"
"Italy (IT)","31.01.2022 08:00 - 31.01.2022 09:00 (CET/CEST)","734","3","659"
"Italy (IT)","31.01.2022 09:00 - 31.01.2022 10:00 (CET/CEST)","453","3","678"
"Italy (IT)","31.01.2022 10:00 - 31.01.2022 11:00 (CET/CEST)","278","3","571"
"Italy (IT)","31.01.2022 11:00 - 31.01.2022 12:00 (CET/CEST)","288","198","527"
"Italy (IT)","31.01.2022 12:00 - 31.01.2022 13:00 (CET/CEST)","194","162","373"
"Italy (IT)","31.01.2022 13:00 - 31.01.2022 14:00 (CET/CEST)","328","2","391"
"Italy (IT)","31.01.2022 14:00 - 31.01.2022 15:00 (CET/CEST)","241","2","485"
"Italy (IT)","31.01.2022 15:00 - 31.01.2022 16:00 (CET/CEST)","524","","553"
"Italy (IT)","31.01.2022 16:00 - 31.01.2022 17:00 (CET/CEST)","491","","601"
"Italy (IT)","31.01.2022 17:00 - 31.01.2022 18:00 (CET/CEST)","689","1","712"
"Italy (IT)","31.01.2022 18:00 - 31.01.2022 19:00 (CET/CEST)","637","2","832"
"Italy (IT)","31.01.2022 19:00 - 31.01.2022 20:00 (CET/CEST)","472","3","720"
"Italy (IT)","31.01.2022 20:00 - 31.01.2022 21:00 (CET/CEST)","275","1","586"
"Italy (IT)","31.01.2022 21:00 - 31.01.2022 22:00 (CET/CEST)","93","2","390"
"Italy (IT)","31.01.2022 22:00 - 31.01.2022 23:00 (CET/CEST)","0","3","334"
"Italy (IT)","31.01.2022 23:00 - 01.02.2022 00:00 (CET/CEST)","0","5","243"
"Italy (IT)","01.02.2022 00:00 - 01.02.2022 01:00 (CET/CEST)","0","103","87"
"Italy (IT)","01.02.2022 01:00 - 01.02.2022 02:00 (CET/CEST)","0","225","96"
"Italy (IT)","01.02.2022 02:00 - 01.02.2022 03:00 (CET/CEST)","","959","87"
"Italy (IT)","01.02.2022 03:00 - 01.02.2022 04:00 (CET/CEST)","","871","87"
"Italy (IT)","01.02.2022 04:00 - 01.02.2022 05:00 (CET/CEST)","","1030","87"
"Italy (IT)","01.02.2022 05:00 - 01.02.2022 06:00 (CET/CEST)","0","154","87"
"Italy (IT)","01.02.2022 06:00 - 01.02.2022 07:00 (CET/CEST)","82","3","485"
"Italy (IT)","01.02.2022 07:00 - 01.02.2022 08:00 (CET/CEST)","263","","666"
"Italy (IT)","01.02.2022 08:00 - 01.02.2022 09:00 (CET/CEST)","561","","827"
"Italy (IT)","01.02.2022 09:00 - 01.02.2022 10:00 (CET/CEST)","645","","811"
"Italy (IT)","01.02.2022 10:00 - 01.02.2022 11:00 (CET/CEST)","801","2","650"
"Italy (IT)","01.02.2022 11:00 - 01.02.2022 12:00 (CET/CEST)","322","2","441"
"Italy (IT)","01.02.2022 12:00 - 01.02.2022 13:00 (CET/CEST)","213","2","239"
"Italy (IT)","01.02.2022 13:00 - 01.02.2022 14:00 (CET/CEST)","213","19","151"
"Italy (IT)","01.02.2022 14:00 - 01.02.2022 15:00 (CET/CEST)","272","86","435"
"Italy (IT)","01.02.2022 15:00 - 01.02.2022 16:00 (CET/CEST)","202","2","605"
"Italy (IT)","01.02.2022 16:00 - 01.02.2022 17:00 (CET/CEST)","354","2","701"
"Italy (IT)","01.02.2022 17:00 - 01.02.2022 18:00 (CET/CEST)","792","176","768"
"Italy (IT)","01.02.2022 18:00 - 01.02.2022 19:00 (CET/CEST)","466","","882"
"Italy (IT)","01.02.2022 19:00 - 01.02.2022 20:00 (CET/CEST)","248","","764"
"Italy (IT)","01.02.2022 20:00 - 01.02.2022 21:00 (CET/CEST)","107","","579"
"Italy (IT)","01.02.2022 21:00 - 01.02.2022 22:00 (CET/CEST)","9","1","328"
"Italy (IT)","01.02.2022 22:00 - 01.02.2022 23:00 (CET/CEST)","46","2","146"
"Italy (IT)","01.02.2022 23:00 - 02.02.2022 00:00 (CET/CEST)","0","8","103"
"Italy (IT)","02.02.2022 00:00 - 02.02.2022 01:00 (CET/CEST)","0","84","116"
"Italy (IT)","02.02.2022 01:00 - 02.02.2022 02:00 (CET/CEST)","","512","123"
"Italy (IT)","02.02.2022 02:00 - 02.02.2022 03:00 (CET/CEST)","","736","117"
"Italy (IT)","02.02.2022 03:00 - 02.02.2022 04:00 (CET/CEST)","","765","117"
"Italy (IT)","02.02.2022 04:00 - 02.02.2022 05:00 (CET/CEST)","0","442","117"
"Italy (IT)","02.02.2022 05:00 - 02.02.2022 06:00 (CET/CEST)","0","3","115"
"Italy (IT)","02.02.2022 06:00 - 02.02.2022 07:00 (CET/CEST)","0","3","246"
"Italy (IT)","02.02.2022 07:00 - 02.02.2022 08:00 (CET/CEST)","101","3","450"
"Italy (IT)","02.02.2022 08:00 - 02.02.2022 09:00 (CET/CEST)","1047","1","657"
"Italy (IT)","02.02.2022 09:00 - 02.02.2022 10:00 (CET/CEST)","469","1","525"
"Italy (IT)","02.02.2022 10:00 - 02.02.2022 11:00 (CET/CEST)","462","81","456"
"Italy (IT)","02.02.2022 11:00 - 02.02.2022 12:00 (CET/CEST)","353","159","466"
"Italy (IT)","02.02.2022 12:00 - 02.02.2022 13:00 (CET/CEST)","252","159","384"
"Italy (IT)","02.02.2022 13:00 - 02.02.2022 14:00 (CET/CEST)","236","159","180"
"Italy (IT)","02.02.2022 14:00 - 02.02.2022 15:00 (CET/CEST)","289","160","265"
"Italy (IT)","02.02.2022 15:00 - 02.02.2022 16:00 (CET/CEST)","157","160","303"
"Italy (IT)","02.02.2022 16:00 - 02.02.2022 17:00 (CET/CEST)","171","107","494"
"Italy (IT)","02.02.2022 17:00 - 02.02.2022 18:00 (CET/CEST)","909","1","614"
"Italy (IT)","02.02.2022 18:00 - 02.02.2022 19:00 (CET/CEST)","732","1","754"
"Italy (IT)","02.02.2022 19:00 - 02.02.2022 20:00 (CET/CEST)","453","1","659"
"Italy (IT)","02.02.2022 20:00 - 02.02.2022 21:00 (CET/CEST)","70","1","472"
"Italy (IT)","02.02.2022 21:00 - 02.02.2022 22:00 (CET/CEST)","0","1","217"
"Italy (IT)","02.02.2022 22:00 - 02.02.2022 23:00 (CET/CEST)","0","3","95"
"Italy (IT)","02.02.2022 23:00 - 03.02.2022 00:00 (CET/CEST)","0","34","98"
"Italy (IT)","03.02.2022 00:00 - 03.02.2022 01:00 (CET/CEST)","","293","160"
"Italy (IT)","03.02.2022 01:00 - 03.02.2022 02:00 (CET/CEST)","","799","91"
"Italy (IT)","03.02.2022 02:00 - 03.02.2022 03:00 (CET/CEST)","","804","84"
"Italy (IT)","03.02.2022 03:00 - 03.02.2022 04:00 (CET/CEST)","","895","85"
"Italy (IT)","03.02.2022 04:00 - 03.02.2022 05:00 (CET/CEST)","","894","84"
"Italy (IT)","03.02.2022 05:00 - 03.02.2022 06:00 (CET/CEST)","","472","85"
"Italy (IT)","03.02.2022 06:00 - 03.02.2022 07:00 (CET/CEST)","0","3","91"
"Italy (IT)","03.02.2022 07:00 - 03.02.2022 08:00 (CET/CEST)","105","3","406"
"Italy (IT)","03.02.2022 08:00 - 03.02.2022 09:00 (CET/CEST)","446","1","538"
"Italy (IT)","03.02.2022 09:00 - 03.02.2022 10:00 (CET/CEST)","251","23","398"
"Italy (IT)","03.02.2022 10:00 - 03.02.2022 11:00 (CET/CEST)","296","49","285"
"Italy (IT)","03.02.2022 11:00 - 03.02.2022 12:00 (CET/CEST)","247","3","250"
"Italy (IT)","03.02.2022 12:00 - 03.02.2022 13:00 (CET/CEST)","252","2","172"
"Italy (IT)","03.02.2022 13:00 - 03.02.2022 14:00 (CET/CEST)","150","2","156"
"Italy (IT)","03.02.2022 14:00 - 03.02.2022 15:00 (CET/CEST)","129","3","221"
"Italy (IT)","03.02.2022 15:00 - 03.02.2022 16:00 (CET/CEST)","154","3","284"
"Italy (IT)","03.02.2022 16:00 - 03.02.2022 17:00 (CET/CEST)","410","28","448"
"Italy (IT)","03.02.2022 17:00 - 03.02.2022 18:00 (CET/CEST)","357","24","625"
"Italy (IT)","03.02.2022 18:00 - 03.02.2022 19:00 (CET/CEST)","665","1","930"
"Italy (IT)","03.02.2022 19:00 - 03.02.2022 20:00 (CET/CEST)","440","1","738"
"Italy (IT)","03.02.2022 20:00 - 03.02.2022 21:00 (CET/CEST)","119","1","504"
"Italy (IT)","03.02.2022 21:00 - 03.02.2022 22:00 (CET/CEST)","128","3","286"
"Italy (IT)","03.02.2022 22:00 - 03.02.2022 23:00 (CET/CEST)","1","28","316"
"Italy (IT)","03.02.2022 23:00 - 04.02.2022 00:00 (CET/CEST)","0","86","169"
"Italy (IT)","04.02.2022 00:00 - 04.02.2022 01:00 (CET/CEST)","","539","86"
"Italy (IT)","04.02.2022 01:00 - 04.02.2022 02:00 (CET/CEST)","","1270","93"
"Italy (IT)","04.02.2022 02:00 - 04.02.2022 03:00 (CET/CEST)","","1440","86"
"Italy (IT)","04.02.2022 03:00 - 04.02.2022 04:00 (CET/CEST)","","1399","86"
"Italy (IT)","04.02.2022 04:00 - 04.02.2022 05:00 (CET/CEST)","","1176","86"
"Italy (IT)","04.02.2022 05:00 - 04.02.2022 06:00 (CET/CEST)","0","750","170"
"Italy (IT)","04.02.2022 06:00 - 04.02.2022 07:00 (CET/CEST)","1","29","316"
"Italy (IT)","04.02.2022 07:00 - 04.02.2022 08:00 (CET/CEST)","229","3","483"
"Italy (IT)","04.02.2022 08:00 - 04.02.2022 09:00 (CET/CEST)","399","3","794"
"Italy (IT)","04.02.2022 09:00 - 04.02.2022 10:00 (CET/CEST)","635","3","790"
"Italy (IT)","04.02.2022 10:00 - 04.02.2022 11:00 (CET/CEST)","543","112","721"
"Italy (IT)","04.02.2022 11:00 - 04.02.2022 12:00 (CET/CEST)","317","3","655"
"Italy (IT)","04.02.2022 12:00 - 04.02.2022 13:00 (CET/CEST)","245","2","326"
"Italy (IT)","04.02.2022 13:00 - 04.02.2022 14:00 (CET/CEST)","183","3","293"
"Italy (IT)","04.02.2022 14:00 - 04.02.2022 15:00 (CET/CEST)","132","2","339"
"Italy (IT)","04.02.2022 15:00 - 04.02.2022 16:00 (CET/CEST)","894","2","526"
"Italy (IT)","04.02.2022 16:00 - 04.02.2022 17:00 (CET/CEST)","268","2","521"
"Italy (IT)","04.02.2022 17:00 - 04.02.2022 18:00 (CET/CEST)","551","1","621"
"Italy (IT)","04.02.2022 18:00 - 04.02.2022 19:00 (CET/CEST)","1105","1","831"
"Italy (IT)","04.02.2022 19:00 - 04.02.2022 20:00 (CET/CEST)","1215","","916"
"Italy (IT)","04.02.2022 20:00 - 04.02.2022 21:00 (CET/CEST)","219","1","555"
"Italy (IT)","04.02.2022 21:00 - 04.02.2022 22:00 (CET/CEST)","69","42","314"
"Italy (IT)","04.02.2022 22:00 - 04.02.2022 23:00 (CET/CEST)","0","114","301"
"Italy (IT)","04.02.2022 23:00 - 05.02.2022 00:00 (CET/CEST)","0","189","149"
"Italy (IT)","05.02.2022 00:00 - 05.02.2022 01:00 (CET/CEST)","0","223","386"
"Italy (IT)","05.02.2022 01:00 - 05.02.2022 02:00 (CET/CEST)","","319","131"
"Italy (IT)","05.02.2022 02:00 - 05.02.2022 03:00 (CET/CEST)","","703","118"
"Italy (IT)","05.02.2022 03:00 - 05.02.2022 04:00 (CET/CEST)","","1028","102"
"Italy (IT)","05.02.2022 04:00 - 05.02.2022 05:00 (CET/CEST)","3","513","117"
"Italy (IT)","05.02.2022 05:00 - 05.02.2022 06:00 (CET/CEST)","5","15","135"
"Italy (IT)","05.02.2022 06:00 - 05.02.2022 07:00 (CET/CEST)","13","2","167"
"Italy (IT)","05.02.2022 07:00 - 05.02.2022 08:00 (CET/CEST)","186","2","559"
"Italy (IT)","05.02.2022 08:00 - 05.02.2022 09:00 (CET/CEST)","211","3","730"
"Italy (IT)","05.02.2022 09:00 - 05.02.2022 10:00 (CET/CEST)","232","3","806"
"Italy (IT)","05.02.2022 10:00 - 05.02.2022 11:00 (CET/CEST)","232","3","705"
"Italy (IT)","05.02.2022 11:00 - 05.02.2022 12:00 (CET/CEST)","87","126","235"
"Italy (IT)","05.02.2022 12:00 - 05.02.2022 13:00 (CET/CEST)","73","160","95"
"Italy (IT)","05.02.2022 13:00 - 05.02.2022 14:00 (CET/CEST)","0","192","94"
"Italy (IT)","05.02.2022 14:00 - 05.02.2022 15:00 (CET/CEST)","0","191","95"
"Italy (IT)","05.02.2022 15:00 - 05.02.2022 16:00 (CET/CEST)","0","191","172"
"Italy (IT)","05.02.2022 16:00 - 05.02.2022 17:00 (CET/CEST)","0","45","219"
"Italy (IT)","05.02.2022 17:00 - 05.02.2022 18:00 (CET/CEST)","120","3","502"
"Italy (IT)","05.02.2022 18:00 - 05.02.2022 19:00 (CET/CEST)","1100","60","716"
"Italy (IT)","05.02.2022 19:00 - 05.02.2022 20:00 (CET/CEST)","1329","17","667"
"Italy (IT)","05.02.2022 20:00 - 05.02.2022 21:00 (CET/CEST)","525","3","720"
"Italy (IT)","05.02.2022 21:00 - 05.02.2022 22:00 (CET/CEST)","409","15","382"
"Italy (IT)","05.02.2022 22:00 - 05.02.2022 23:00 (CET/CEST)","5","296","190"
"Italy (IT)","05.02.2022 23:00 - 06.02.2022 00:00 (CET/CEST)","16","203","153"
"Italy (IT)","06.02.2022 00:00 - 06.02.2022 01:00 (CET/CEST)","267","","190"
"Italy (IT)","06.02.2022 01:00 - 06.02.2022 02:00 (CET/CEST)","131","300","235"
"Italy (IT)","06.02.2022 02:00 - 06.02.2022 03:00 (CET/CEST)","132","1078","149"
"Italy (IT)","06.02.2022 03:00 - 06.02.2022 04:00 (CET/CEST)","117","1040","130"
"Italy (IT)","06.02.2022 04:00 - 06.02.2022 05:00 (CET/CEST)","117","1029","128"
"Italy (IT)","06.02.2022 05:00 - 06.02.2022 06:00 (CET/CEST)","168","717","127"
"Italy (IT)","06.02.2022 06:00 - 06.02.2022 07:00 (CET/CEST)","175","2","129"
"Italy (IT)","06.02.2022 07:00 - 06.02.2022 08:00 (CET/CEST)","397","","163"
"Italy (IT)","06.02.2022 08:00 - 06.02.2022 09:00 (CET/CEST)","702","","241"
"Italy (IT)","06.02.2022 09:00 - 06.02.2022 10:00 (CET/CEST)","495","","197"
"Italy (IT)","06.02.2022 10:00 - 06.02.2022 11:00 (CET/CEST)","133","2","246"
"Italy (IT)","06.02.2022 11:00 - 06.02.2022 12:00 (CET/CEST)","235","2","402"
"Italy (IT)","06.02.2022 12:00 - 06.02.2022 13:00 (CET/CEST)","68","2","405"
"Italy (IT)","06.02.2022 13:00 - 06.02.2022 14:00 (CET/CEST)","8","23","274"
"Italy (IT)","06.02.2022 14:00 - 06.02.2022 15:00 (CET/CEST)","22","169","79"
"Italy (IT)","06.02.2022 15:00 - 06.02.2022 16:00 (CET/CEST)","218","2","253"
"Italy (IT)","06.02.2022 16:00 - 06.02.2022 17:00 (CET/CEST)","1409","60","264"
"Italy (IT)","06.02.2022 17:00 - 06.02.2022 18:00 (CET/CEST)","1566","3","356"
"Italy (IT)","06.02.2022 18:00 - 06.02.2022 19:00 (CET/CEST)","2055","2","668"
"Italy (IT)","06.02.2022 19:00 - 06.02.2022 20:00 (CET/CEST)","1727","2","625"
"Italy (IT)","06.02.2022 20:00 - 06.02.2022 21:00 (CET/CEST)","505","2","351"
"Italy (IT)","06.02.2022 21:00 - 06.02.2022 22:00 (CET/CEST)","28","35","246"
"Italy (IT)","06.02.2022 22:00 - 06.02.2022 23:00 (CET/CEST)","","121","223"
"Italy (IT)","06.02.2022 23:00 - 07.02.2022 00:00 (CET/CEST)","","847","41"
"Italy (IT)","07.02.2022 00:00 - 07.02.2022 01:00 (CET/CEST)","","959","40"
"Italy (IT)","07.02.2022 01:00 - 07.02.2022 02:00 (CET/CEST)","","1930","45"
"Italy (IT)","07.02.2022 02:00 - 07.02.2022 03:00 (CET/CEST)","","2013","38"
"Italy (IT)","07.02.2022 03:00 - 07.02.2022 04:00 (CET/CEST)","","1980","37"
"Italy (IT)","07.02.2022 04:00 - 07.02.2022 05:00 (CET/CEST)","","2286","38"
"Italy (IT)","07.02.2022 05:00 - 07.02.2022 06:00 (CET/CEST)","","814","39"
"Italy (IT)","07.02.2022 06:00 - 07.02.2022 07:00 (CET/CEST)","39","3","141"
"Italy (IT)","07.02.2022 07:00 - 07.02.2022 08:00 (CET/CEST)","1538","3","439"
"Italy (IT)","07.02.2022 08:00 - 07.02.2022 09:00 (CET/CEST)","1526","","855"
"Italy (IT)","07.02.2022 09:00 - 07.02.2022 10:00 (CET/CEST)","1447","","642"
"Italy (IT)","07.02.2022 10:00 - 07.02.2022 11:00 (CET/CEST)","973","","513"
"Italy (IT)","07.02.2022 11:00 - 07.02.2022 12:00 (CET/CEST)","786","","427"
"Italy (IT)","07.02.2022 12:00 - 07.02.2022 13:00 (CET/CEST)","138","","279"
"Italy (IT)","07.02.2022 13:00 - 07.02.2022 14:00 (CET/CEST)","19","83","176"
"Italy (IT)","07.02.2022 14:00 - 07.02.2022 15:00 (CET/CEST)","35","3","237"
"Italy (IT)","07.02.2022 15:00 - 07.02.2022 16:00 (CET/CEST)","190","4","261"
"Italy (IT)","07.02.2022 16:00 - 07.02.2022 17:00 (CET/CEST)","32","3","238"
"Italy (IT)","07.02.2022 17:00 - 07.02.2022 18:00 (CET/CEST)","122","3","331"
"Italy (IT)","07.02.2022 18:00 - 07.02.2022 19:00 (CET/CEST)","1283","1","586"
"Italy (IT)","07.02.2022 19:00 - 07.02.2022 20:00 (CET/CEST)","1319","","640"
"Italy (IT)","07.02.2022 20:00 - 07.02.2022 21:00 (CET/CEST)","688","1","500"
"Italy (IT)","07.02.2022 21:00 - 07.02.2022 22:00 (CET/CEST)","181","1","357"
"Italy (IT)","07.02.2022 22:00 - 07.02.2022 23:00 (CET/CEST)","123","66","133"
"Italy (IT)","07.02.2022 23:00 - 08.02.2022 00:00 (CET/CEST)","0","57","56"
"Italy (IT)","08.02.2022 00:00 - 08.02.2022 01:00 (CET/CEST)","0","532","38"
"Italy (IT)","08.02.2022 01:00 - 08.02.2022 02:00 (CET/CEST)","0","451","47"
"Italy (IT)","08.02.2022 02:00 - 08.02.2022 03:00 (CET/CEST)","0","649","39"
"Italy (IT)","08.02.2022 03:00 - 08.02.2022 04:00 (CET/CEST)","0","1277","39"
"Italy (IT)","08.02.2022 04:00 - 08.02.2022 05:00 (CET/CEST)","0","484","39"
"Italy (IT)","08.02.2022 05:00 - 08.02.2022 06:00 (CET/CEST)","0","451","39"
"Italy (IT)","08.02.2022 06:00 - 08.02.2022 07:00 (CET/CEST)","17","42","255"
"Italy (IT)","08.02.2022 07:00 - 08.02.2022 08:00 (CET/CEST)","892","83","626"
"Italy (IT)","08.02.2022 08:00 - 08.02.2022 09:00 (CET/CEST)","1343","84","700"
"Italy (IT)","08.02.2022 09:00 - 08.02.2022 10:00 (CET/CEST)","606","139","448"
"Italy (IT)","08.02.2022 10:00 - 08.02.2022 11:00 (CET/CEST)","109","472","277"
"Italy (IT)","08.02.2022 11:00 - 08.02.2022 12:00 (CET/CEST)","","1063","122"
"Italy (IT)","08.02.2022 12:00 - 08.02.2022 13:00 (CET/CEST)","","1185","117"
"Italy (IT)","08.02.2022 13:00 - 08.02.2022 14:00 (CET/CEST)","","1340","103"
"Italy (IT)","08.02.2022 14:00 - 08.02.2022 15:00 (CET/CEST)","","1510","116"
"Italy (IT)","08.02.2022 15:00 - 08.02.2022 16:00 (CET/CEST)","3","620","122"
"Italy (IT)","08.02.2022 16:00 - 08.02.2022 17:00 (CET/CEST)","445","79","141"
"Italy (IT)","08.02.2022 17:00 - 08.02.2022 18:00 (CET/CEST)","921","","371"
"Italy (IT)","08.02.2022 18:00 - 08.02.2022 19:00 (CET/CEST)","1148","","771"
"Italy (IT)","08.02.2022 19:00 - 08.02.2022 20:00 (CET/CEST)","993","1","590"
"Italy (IT)","08.02.2022 20:00 - 08.02.2022 21:00 (CET/CEST)","663","1","527"
"Italy (IT)","08.02.2022 21:00 - 08.02.2022 22:00 (CET/CEST)","529","2","222"
"Italy (IT)","08.02.2022 22:00 - 08.02.2022 23:00 (CET/CEST)","149","3","190"
"Italy (IT)","08.02.2022 23:00 - 09.02.2022 00:00 (CET/CEST)","0","163","121"
"Italy (IT)","09.02.2022 00:00 - 09.02.2022 01:00 (CET/CEST)","0","659","134"
"Italy (IT)","09.02.2022 01:00 - 09.02.2022 02:00 (CET/CEST)","0","850","37"
"Italy (IT)","09.02.2022 02:00 - 09.02.2022 03:00 (CET/CEST)","0","1015","37"
"Italy (IT)","09.02.2022 03:00 - 09.02.2022 04:00 (CET/CEST)","0","1137","44"
"Italy (IT)","09.02.2022 04:00 - 09.02.2022 05:00 (CET/CEST)","0","1091","37"
"Italy (IT)","09.02.2022 05:00 - 09.02.2022 06:00 (CET/CEST)","0","526","130"
"Italy (IT)","09.02.2022 06:00 - 09.02.2022 07:00 (CET/CEST)","0","60","203"
"Italy (IT)","09.02.2022 07:00 - 09.02.2022 08:00 (CET/CEST)","836","3","586"
"Italy (IT)","09.02.2022 08:00 - 09.02.2022 09:00 (CET/CEST)","1080","3","697"
"Italy (IT)","09.02.2022 09:00 - 09.02.2022 10:00 (CET/CEST)","862","28","402"
"Italy (IT)","09.02.2022 10:00 - 09.02.2022 11:00 (CET/CEST)","179","225","309"
"Italy (IT)","09.02.2022 11:00 - 09.02.2022 12:00 (CET/CEST)","145","225","61"
"Italy (IT)","09.02.2022 12:00 - 09.02.2022 13:00 (CET/CEST)","","612","42"
"Italy (IT)","09.02.2022 13:00 - 09.02.2022 14:00 (CET/CEST)","","828","47"
"Italy (IT)","09.02.2022 14:00 - 09.02.2022 15:00 (CET/CEST)","","534","56"
"Italy (IT)","09.02.2022 15:00 - 09.02.2022 16:00 (CET/CEST)","2","138","208"
"Italy (IT)","09.02.2022 16:00 - 09.02.2022 17:00 (CET/CEST)","492","1","384"
"Italy (IT)","09.02.2022 17:00 - 09.02.2022 18:00 (CET/CEST)","1139","1","747"
"Italy (IT)","09.02.2022 18:00 - 09.02.2022 19:00 (CET/CEST)","1116","2","826"
"Italy (IT)","09.02.2022 19:00 - 09.02.2022 20:00 (CET/CEST)","1110","3","937"
"Italy (IT)","09.02.2022 20:00 - 09.02.2022 21:00 (CET/CEST)","477","1","644"
"Italy (IT)","09.02.2022 21:00 - 09.02.2022 22:00 (CET/CEST)","72","39","380"
"Italy (IT)","09.02.2022 22:00 - 09.02.2022 23:00 (CET/CEST)","291","2","211"
"Italy (IT)","09.02.2022 23:00 - 10.02.2022 00:00 (CET/CEST)","0","374","112"
"Italy (IT)","10.02.2022 00:00 - 10.02.2022 01:00 (CET/CEST)","262","254","144"
"Italy (IT)","10.02.2022 01:00 - 10.02.2022 02:00 (CET/CEST)","1","858","145"
"Italy (IT)","10.02.2022 02:00 - 10.02.2022 03:00 (CET/CEST)","","1365","24"
"Italy (IT)","10.02.2022 03:00 - 10.02.2022 04:00 (CET/CEST)","","1320","32"
"Italy (IT)","10.02.2022 04:00 - 10.02.2022 05:00 (CET/CEST)","","1382","24"
"Italy (IT)","10.02.2022 05:00 - 10.02.2022 06:00 (CET/CEST)","91","46","116"
"Italy (IT)","10.02.2022 06:00 - 10.02.2022 07:00 (CET/CEST)","396","3","244"
"Italy (IT)","10.02.2022 07:00 - 10.02.2022 08:00 (CET/CEST)","1062","3","681"
"Italy (IT)","10.02.2022 08:00 - 10.02.2022 09:00 (CET/CEST)","1098","3","826"
"Italy (IT)","10.02.2022 09:00 - 10.02.2022 10:00 (CET/CEST)","542","2","575"
"Italy (IT)","10.02.2022 10:00 - 10.02.2022 11:00 (CET/CEST)","307","201","414"
"Italy (IT)","10.02.2022 11:00 - 10.02.2022 12:00 (CET/CEST)","135","150","198"
"Italy (IT)","10.02.2022 12:00 - 10.02.2022 13:00 (CET/CEST)","163","145","46"
"Italy (IT)","10.02.2022 13:00 - 10.02.2022 14:00 (CET/CEST)","65","145","46"
"Italy (IT)","10.02.2022 14:00 - 10.02.2022 15:00 (CET/CEST)","48","145","245"
"Italy (IT)","10.02.2022 15:00 - 10.02.2022 16:00 (CET/CEST)","210","52","328"
"Italy (IT)","10.02.2022 16:00 - 10.02.2022 17:00 (CET/CEST)","283","67","534"
"Italy (IT)","10.02.2022 17:00 - 10.02.2022 18:00 (CET/CEST)","944","1","688"
"Italy (IT)","10.02.2022 18:00 - 10.02.2022 19:00 (CET/CEST)","1250","1","873"
"Italy (IT)","10.02.2022 19:00 - 10.02.2022 20:00 (CET/CEST)","817","1","820"
"Italy (IT)","10.02.2022 20:00 - 10.02.2022 21:00 (CET/CEST)","588","1","640"
"Italy (IT)","10.02.2022 21:00 - 10.02.2022 22:00 (CET/CEST)","218","7","267"
"Italy (IT)","10.02.2022 22:00 - 10.02.2022 23:00 (CET/CEST)","110","11","144"
"Italy (IT)","10.02.2022 23:00 - 11.02.2022 00:00 (CET/CEST)","","59","201"
"Italy (IT)","11.02.2022 00:00 - 11.02.2022 01:00 (CET/CEST)","","802","22"
"Italy (IT)","11.02.2022 01:00 - 11.02.2022 02:00 (CET/CEST)","","1303","22"
"Italy (IT)","11.02.2022 02:00 - 11.02.2022 03:00 (CET/CEST)","","1444","30"
"Italy (IT)","11.02.2022 03:00 - 11.02.2022 04:00 (CET/CEST)","","1343","22"
"Italy (IT)","11.02.2022 04:00 - 11.02.2022 05:00 (CET/CEST)","","1227","22"
"Italy (IT)","11.02.2022 05:00 - 11.02.2022 06:00 (CET/CEST)","","876","103"
"Italy (IT)","11.02.2022 06:00 - 11.02.2022 07:00 (CET/CEST)","18","70","326"
"Italy (IT)","11.02.2022 07:00 - 11.02.2022 08:00 (CET/CEST)","457","1","521"
"Italy (IT)","11.02.2022 08:00 - 11.02.2022 09:00 (CET/CEST)","1131","1","581"
"Italy (IT)","11.02.2022 09:00 - 11.02.2022 10:00 (CET/CEST)","1130","37","469"
"Italy (IT)","11.02.2022 10:00 - 11.02.2022 11:00 (CET/CEST)","653","76","430"
"Italy (IT)","11.02.2022 11:00 - 11.02.2022 12:00 (CET/CEST)","444","8","406"
"Italy (IT)","11.02.2022 12:00 - 11.02.2022 13:00 (CET/CEST)","275","2","384"
"Italy (IT)","11.02.2022 13:00 - 11.02.2022 14:00 (CET/CEST)","0","4","207"
"Italy (IT)","11.02.2022 14:00 - 11.02.2022 15:00 (CET/CEST)","43","2","240"
"Italy (IT)","11.02.2022 15:00 - 11.02.2022 16:00 (CET/CEST)","104","3","317"
"Italy (IT)","11.02.2022 16:00 - 11.02.2022 17:00 (CET/CEST)","5","20","501"
"Italy (IT)","11.02.2022 17:00 - 11.02.2022 18:00 (CET/CEST)","845","15","814"
"Italy (IT)","11.02.2022 18:00 - 11.02.2022 19:00 (CET/CEST)","1788","2","965"
"Italy (IT)","11.02.2022 19:00 - 11.02.2022 20:00 (CET/CEST)","979","2","1018"
"Italy (IT)","11.02.2022 20:00 - 11.02.2022 21:00 (CET/CEST)","343","49","577"
"Italy (IT)","11.02.2022 21:00 - 11.02.2022 22:00 (CET/CEST)","51","355","468"
"Italy (IT)","11.02.2022 22:00 - 11.02.2022 23:00 (CET/CEST)","1","449","189"
"Italy (IT)","11.02.2022 23:00 - 12.02.2022 00:00 (CET/CEST)","0","453","164"
"Italy (IT)","12.02.2022 00:00 - 12.02.2022 01:00 (CET/CEST)","0","24","137"
"Italy (IT)","12.02.2022 01:00 - 12.02.2022 02:00 (CET/CEST)","0","631","25"
"Italy (IT)","12.02.2022 02:00 - 12.02.2022 03:00 (CET/CEST)","0","950","30"
"Italy (IT)","12.02.2022 03:00 - 12.02.2022 04:00 (CET/CEST)","0","1743","25"
"Italy (IT)","12.02.2022 04:00 - 12.02.2022 05:00 (CET/CEST)","0","1211","21"
"Italy (IT)","12.02.2022 05:00 - 12.02.2022 06:00 (CET/CEST)","0","987","27"
"Italy (IT)","12.02.2022 06:00 - 12.02.2022 07:00 (CET/CEST)","0","177","33"
"Italy (IT)","12.02.2022 07:00 - 12.02.2022 08:00 (CET/CEST)","400","3","318"
"Italy (IT)","12.02.2022 08:00 - 12.02.2022 09:00 (CET/CEST)","338","3","560"
"Italy (IT)","12.02.2022 09:00 - 12.02.2022 10:00 (CET/CEST)","619","1","506"
"Italy (IT)","12.02.2022 10:00 - 12.02.2022 11:00 (CET/CEST)","357","10","360"
"Italy (IT)","12.02.2022 11:00 - 12.02.2022 12:00 (CET/CEST)","103","278","53"
"Italy (IT)","12.02.2022 12:00 - 12.02.2022 13:00 (CET/CEST)","242","168","47"
"Italy (IT)","12.02.2022 13:00 - 12.02.2022 14:00 (CET/CEST)","3","231","53"
"Italy (IT)","12.02.2022 14:00 - 12.02.2022 15:00 (CET/CEST)","0","605","53"
"Italy (IT)","12.02.2022 15:00 - 12.02.2022 16:00 (CET/CEST)","0","708","50"
"Italy (IT)","12.02.2022 16:00 - 12.02.2022 17:00 (CET/CEST)","0","56","63"
"Italy (IT)","12.02.2022 17:00 - 12.02.2022 18:00 (CET/CEST)","197","1","151"
"Italy (IT)","12.02.2022 18:00 - 12.02.2022 19:00 (CET/CEST)","767","1","449"
"Italy (IT)","12.02.2022 19:00 - 12.02.2022 20:00 (CET/CEST)","894","1","628"
"Italy (IT)","12.02.2022 20:00 - 12.02.2022 21:00 (CET/CEST)","1119","1","402"
"Italy (IT)","12.02.2022 21:00 - 12.02.2022 22:00 (CET/CEST)","432","1","289"
"Italy (IT)","12.02.2022 22:00 - 12.02.2022 23:00 (CET/CEST)","329","57","208"
"Italy (IT)","12.02.2022 23:00 - 13.02.2022 00:00 (CET/CEST)","143","57","101"
"Italy (IT)","13.02.2022 00:00 - 13.02.2022 01:00 (CET/CEST)","18","189","98"
"Italy (IT)","13.02.2022 01:00 - 13.02.2022 02:00 (CET/CEST)","8","682","155"
"Italy (IT)","13.02.2022 02:00 - 13.02.2022 03:00 (CET/CEST)","8","685","150"
"Italy (IT)","13.02.2022 03:00 - 13.02.2022 04:00 (CET/CEST)","14","886","65"
"Italy (IT)","13.02.2022 04:00 - 13.02.2022 05:00 (CET/CEST)","17","886","24"
"Italy (IT)","13.02.2022 05:00 - 13.02.2022 06:00 (CET/CEST)","17","878","51"
"Italy (IT)","13.02.2022 06:00 - 13.02.2022 07:00 (CET/CEST)","17","61","109"
"Italy (IT)","13.02.2022 07:00 - 13.02.2022 08:00 (CET/CEST)","46","2","123"
"Italy (IT)","13.02.2022 08:00 - 13.02.2022 09:00 (CET/CEST)","119","2","161"
"Italy (IT)","13.02.2022 09:00 - 13.02.2022 10:00 (CET/CEST)","123","2","183"
"Italy (IT)","13.02.2022 10:00 - 13.02.2022 11:00 (CET/CEST)","86","37","126"
"Italy (IT)","13.02.2022 11:00 - 13.02.2022 12:00 (CET/CEST)","0","199","38"
"Italy (IT)","13.02.2022 12:00 - 13.02.2022 13:00 (CET/CEST)","23","131","31"
"Italy (IT)","13.02.2022 13:00 - 13.02.2022 14:00 (CET/CEST)","0","914","38"
"Italy (IT)","13.02.2022 14:00 - 13.02.2022 15:00 (CET/CEST)","18","1186","50"
"Italy (IT)","13.02.2022 15:00 - 13.02.2022 16:00 (CET/CEST)","20","369","97"
"Italy (IT)","13.02.2022 16:00 - 13.02.2022 17:00 (CET/CEST)","0","3","203"
"Italy (IT)","13.02.2022 17:00 - 13.02.2022 18:00 (CET/CEST)","415","2","316"
"Italy (IT)","13.02.2022 18:00 - 13.02.2022 19:00 (CET/CEST)","901","2","666"
"Italy (IT)","13.02.2022 19:00 - 13.02.2022 20:00 (CET/CEST)","1136","2","963"
"Italy (IT)","13.02.2022 20:00 - 13.02.2022 21:00 (CET/CEST)","942","3","880"
"Italy (IT)","13.02.2022 21:00 - 13.02.2022 22:00 (CET/CEST)","688","3","511"
"Italy (IT)","13.02.2022 22:00 - 13.02.2022 23:00 (CET/CEST)","16","5","369"
"Italy (IT)","13.02.2022 23:00 - 14.02.2022 00:00 (CET/CEST)","0","179","195"
"Italy (IT)","14.02.2022 00:00 - 14.02.2022 01:00 (CET/CEST)","0","29","89"
"Italy (IT)","14.02.2022 01:00 - 14.02.2022 02:00 (CET/CEST)","0","807","21"
"Italy (IT)","14.02.2022 02:00 - 14.02.2022 03:00 (CET/CEST)","0","1420","29"
"Italy (IT)","14.02.2022 03:00 - 14.02.2022 04:00 (CET/CEST)","0","1593","21"
"Italy (IT)","14.02.2022 04:00 - 14.02.2022 05:00 (CET/CEST)","0","1504","21"
"Italy (IT)","14.02.2022 05:00 - 14.02.2022 06:00 (CET/CEST)","0","145","57"
"Italy (IT)","14.02.2022 06:00 - 14.02.2022 07:00 (CET/CEST)","82","3","246"
"Italy (IT)","14.02.2022 07:00 - 14.02.2022 08:00 (CET/CEST)","877","3","270"
"Italy (IT)","14.02.2022 08:00 - 14.02.2022 09:00 (CET/CEST)","1026","3","728"
"Italy (IT)","14.02.2022 09:00 - 14.02.2022 10:00 (CET/CEST)","490","3","564"
"Italy (IT)","14.02.2022 10:00 - 14.02.2022 11:00 (CET/CEST)","544","79","302"
"Italy (IT)","14.02.2022 11:00 - 14.02.2022 12:00 (CET/CEST)","1291","35","375"
"Italy (IT)","14.02.2022 12:00 - 14.02.2022 13:00 (CET/CEST)","1024","2","306"
"Italy (IT)","14.02.2022 13:00 - 14.02.2022 14:00 (CET/CEST)","293","3","209"
"Italy (IT)","14.02.2022 14:00 - 14.02.2022 15:00 (CET/CEST)","207","2","297"
"Italy (IT)","14.02.2022 15:00 - 14.02.2022 16:00 (CET/CEST)","209","7","506"
"Italy (IT)","14.02.2022 16:00 - 14.02.2022 17:00 (CET/CEST)","604","43","643"
"Italy (IT)","14.02.2022 17:00 - 14.02.2022 18:00 (CET/CEST)","682","2","688"
"Italy (IT)","14.02.2022 18:00 - 14.02.2022 19:00 (CET/CEST)","440","3","697"
"Italy (IT)","14.02.2022 19:00 - 14.02.2022 20:00 (CET/CEST)","350","3","730"
"Italy (IT)","14.02.2022 20:00 - 14.02.2022 21:00 (CET/CEST)","198","3","495"
"Italy (IT)","14.02.2022 21:00 - 14.02.2022 22:00 (CET/CEST)","0","4","422"
"Italy (IT)","14.02.2022 22:00 - 14.02.2022 23:00 (CET/CEST)","0","24","181"
"Italy (IT)","14.02.2022 23:00 - 15.02.2022 00:00 (CET/CEST)","0","29","155"
"Italy (IT)","15.02.2022 00:00 - 15.02.2022 01:00 (CET/CEST)","0","27","98"
"Italy (IT)","15.02.2022 01:00 - 15.02.2022 02:00 (CET/CEST)","0","896","105"
"Italy (IT)","15.02.2022 02:00 - 15.02.2022 03:00 (CET/CEST)","0","1084","98"
"Italy (IT)","15.02.2022 03:00 - 15.02.2022 04:00 (CET/CEST)","0","1671","21"
"Italy (IT)","15.02.2022 04:00 - 15.02.2022 05:00 (CET/CEST)","0","1243","21"
"Italy (IT)","15.02.2022 05:00 - 15.02.2022 06:00 (CET/CEST)","0","763","90"
"Italy (IT)","15.02.2022 06:00 - 15.02.2022 07:00 (CET/CEST)","0","20","154"
"Italy (IT)","15.02.2022 07:00 - 15.02.2022 08:00 (CET/CEST)","1355","3","514"
"Italy (IT)","15.02.2022 08:00 - 15.02.2022 09:00 (CET/CEST)","1190","3","720"
"Italy (IT)","15.02.2022 09:00 - 15.02.2022 10:00 (CET/CEST)","1260","3","628"
"Italy (IT)","15.02.2022 10:00 - 15.02.2022 11:00 (CET/CEST)","956","3","545"
"Italy (IT)","15.02.2022 11:00 - 15.02.2022 12:00 (CET/CEST)","955","3","446"
"Italy (IT)","15.02.2022 12:00 - 15.02.2022 13:00 (CET/CEST)","2","70","220"
"Italy (IT)","15.02.2022 13:00 - 15.02.2022 14:00 (CET/CEST)","0","42","178"
"Italy (IT)","15.02.2022 14:00 - 15.02.2022 15:00 (CET/CEST)","52","2","270"
"Italy (IT)","15.02.2022 15:00 - 15.02.2022 16:00 (CET/CEST)","53","55","385"
"Italy (IT)","15.02.2022 16:00 - 15.02.2022 17:00 (CET/CEST)","161","8","566"
"Italy (IT)","15.02.2022 17:00 - 15.02.2022 18:00 (CET/CEST)","374","2","600"
"Italy (IT)","15.02.2022 18:00 - 15.02.2022 19:00 (CET/CEST)","666","3","505"
"Italy (IT)","15.02.2022 19:00 - 15.02.2022 20:00 (CET/CEST)","524","3","606"
"Italy (IT)","15.02.2022 20:00 - 15.02.2022 21:00 (CET/CEST)","2","10","511"
"Italy (IT)","15.02.2022 21:00 - 15.02.2022 22:00 (CET/CEST)","","179","268"
"Italy (IT)","15.02.2022 22:00 - 15.02.2022 23:00 (CET/CEST)","","202","157"
"Italy (IT)","15.02.2022 23:00 - 16.02.2022 00:00 (CET/CEST)","","200","112"
"Italy (IT)","16.02.2022 00:00 - 16.02.2022 01:00 (CET/CEST)","","498","62"
"Italy (IT)","16.02.2022 01:00 - 16.02.2022 02:00 (CET/CEST)","","501","23"
"Italy (IT)","16.02.2022 02:00 - 16.02.2022 03:00 (CET/CEST)","","892","15"
"Italy (IT)","16.02.2022 03:00 - 16.02.2022 04:00 (CET/CEST)","","888","15"
"Italy (IT)","16.02.2022 04:00 - 16.02.2022 05:00 (CET/CEST)","","313","15"
"Italy (IT)","16.02.2022 05:00 - 16.02.2022 06:00 (CET/CEST)","","165","119"
"Italy (IT)","16.02.2022 06:00 - 16.02.2022 07:00 (CET/CEST)","324","2","448"
"Italy (IT)","16.02.2022 07:00 - 16.02.2022 08:00 (CET/CEST)","557","2","465"
"Italy (IT)","16.02.2022 08:00 - 16.02.2022 09:00 (CET/CEST)","905","","922"
"Italy (IT)","16.02.2022 09:00 - 16.02.2022 10:00 (CET/CEST)","783","149","846"
"Italy (IT)","16.02.2022 10:00 - 16.02.2022 11:00 (CET/CEST)","457","232","600"
"Italy (IT)","16.02.2022 11:00 - 16.02.2022 12:00 (CET/CEST)","388","369","465"
"Italy (IT)","16.02.2022 12:00 - 16.02.2022 13:00 (CET/CEST)","65","233","278"
"Italy (IT)","16.02.2022 13:00 - 16.02.2022 14:00 (CET/CEST)","77","232","374"
"Italy (IT)","16.02.2022 14:00 - 16.02.2022 15:00 (CET/CEST)","157","231","395"
"Italy (IT)","16.02.2022 15:00 - 16.02.2022 16:00 (CET/CEST)","173","231","368"
"Italy (IT)","16.02.2022 16:00 - 16.02.2022 17:00 (CET/CEST)","0","251","471"
"Italy (IT)","16.02.2022 17:00 - 16.02.2022 18:00 (CET/CEST)","30","231","501"
"Italy (IT)","16.02.2022 18:00 - 16.02.2022 19:00 (CET/CEST)","363","208","710"
"Italy (IT)","16.02.2022 19:00 - 16.02.2022 20:00 (CET/CEST)","586","87","675"
"Italy (IT)","16.02.2022 20:00 - 16.02.2022 21:00 (CET/CEST)","172","81","360"
"Italy (IT)","16.02.2022 21:00 - 16.02.2022 22:00 (CET/CEST)","3","82","135"
"Italy (IT)","16.02.2022 22:00 - 16.02.2022 23:00 (CET/CEST)","0","43","45"
"Italy (IT)","16.02.2022 23:00 - 17.02.2022 00:00 (CET/CEST)","0","422","32"
"Italy (IT)","17.02.2022 00:00 - 17.02.2022 01:00 (CET/CEST)","0","228","41"
"Italy (IT)","17.02.2022 01:00 - 17.02.2022 02:00 (CET/CEST)","0","58","41"
"Italy (IT)","17.02.2022 02:00 - 17.02.2022 03:00 (CET/CEST)","0","939","41"
"Italy (IT)","17.02.2022 03:00 - 17.02.2022 04:00 (CET/CEST)","0","979","41"
"Italy (IT)","17.02.2022 04:00 - 17.02.2022 05:00 (CET/CEST)","0","32","41"
"Italy (IT)","17.02.2022 05:00 - 17.02.2022 06:00 (CET/CEST)","0","28","129"
"Italy (IT)","17.02.2022 06:00 - 17.02.2022 07:00 (CET/CEST)","41","3","259"
"Italy (IT)","17.02.2022 07:00 - 17.02.2022 08:00 (CET/CEST)","57","3","708"
"Italy (IT)","17.02.2022 08:00 - 17.02.2022 09:00 (CET/CEST)","753","3","777"
"Italy (IT)","17.02.2022 09:00 - 17.02.2022 10:00 (CET/CEST)","202","3","470"
"Italy (IT)","17.02.2022 10:00 - 17.02.2022 11:00 (CET/CEST)","166","3","251"
"Italy (IT)","17.02.2022 11:00 - 17.02.2022 12:00 (CET/CEST)","13","2","108"
"Italy (IT)","17.02.2022 12:00 - 17.02.2022 13:00 (CET/CEST)","30","1313","152"
"Italy (IT)","17.02.2022 13:00 - 17.02.2022 14:00 (CET/CEST)","","1826","92"
"Italy (IT)","17.02.2022 14:00 - 17.02.2022 15:00 (CET/CEST)","","862","62"
"Italy (IT)","17.02.2022 15:00 - 17.02.2022 16:00 (CET/CEST)","5","226","116"
"Italy (IT)","17.02.2022 16:00 - 17.02.2022 17:00 (CET/CEST)","410","3","422"
"Italy (IT)","17.02.2022 17:00 - 17.02.2022 18:00 (CET/CEST)","22","3","291"
"Italy (IT)","17.02.2022 18:00 - 17.02.2022 19:00 (CET/CEST)","277","3","442"
"Italy (IT)","17.02.2022 19:00 - 17.02.2022 20:00 (CET/CEST)","625","1","659"
"Italy (IT)","17.02.2022 20:00 - 17.02.2022 21:00 (CET/CEST)","71","9","338"
"Italy (IT)","17.02.2022 21:00 - 17.02.2022 22:00 (CET/CEST)","70","297","207"
"Italy (IT)","17.02.2022 22:00 - 17.02.2022 23:00 (CET/CEST)","53","320","132"
"Italy (IT)","17.02.2022 23:00 - 18.02.2022 00:00 (CET/CEST)","38","321","55"
"Italy (IT)","18.02.2022 00:00 - 18.02.2022 01:00 (CET/CEST)","","69","39"
"Italy (IT)","18.02.2022 01:00 - 18.02.2022 02:00 (CET/CEST)","","2217","105"
"Italy (IT)","18.02.2022 02:00 - 18.02.2022 03:00 (CET/CEST)","","2659","39"
"Italy (IT)","18.02.2022 03:00 - 18.02.2022 04:00 (CET/CEST)","","3097","39"
"Italy (IT)","18.02.2022 04:00 - 18.02.2022 05:00 (CET/CEST)","","2937","40"
"Italy (IT)","18.02.2022 05:00 - 18.02.2022 06:00 (CET/CEST)","","1469","127"
"Italy (IT)","18.02.2022 06:00 - 18.02.2022 07:00 (CET/CEST)","2","32","320"
"Italy (IT)","18.02.2022 07:00 - 18.02.2022 08:00 (CET/CEST)","388","25","503"
"Italy (IT)","18.02.2022 08:00 - 18.02.2022 09:00 (CET/CEST)","1253","","548"
"Italy (IT)","18.02.2022 09:00 - 18.02.2022 10:00 (CET/CEST)","796","","432"
"Italy (IT)","18.02.2022 10:00 - 18.02.2022 11:00 (CET/CEST)","273","","532"
"Italy (IT)","18.02.2022 11:00 - 18.02.2022 12:00 (CET/CEST)","226","2","595"
"Italy (IT)","18.02.2022 12:00 - 18.02.2022 13:00 (CET/CEST)","180","2","238"
"Italy (IT)","18.02.2022 13:00 - 18.02.2022 14:00 (CET/CEST)","146","3","164"
"Italy (IT)","18.02.2022 14:00 - 18.02.2022 15:00 (CET/CEST)","162","3","148"
"Italy (IT)","18.02.2022 15:00 - 18.02.2022 16:00 (CET/CEST)","548","3","151"
"Italy (IT)","18.02.2022 16:00 - 18.02.2022 17:00 (CET/CEST)","445","4","342"
"Italy (IT)","18.02.2022 17:00 - 18.02.2022 18:00 (CET/CEST)","1077","3","419"
"Italy (IT)","18.02.2022 18:00 - 18.02.2022 19:00 (CET/CEST)","1127","3","652"
"Italy (IT)","18.02.2022 19:00 - 18.02.2022 20:00 (CET/CEST)","1003","3","544"
"Italy (IT)","18.02.2022 20:00 - 18.02.2022 21:00 (CET/CEST)","173","3","354"
"Italy (IT)","18.02.2022 21:00 - 18.02.2022 22:00 (CET/CEST)","0","3","199"
"Italy (IT)","18.02.2022 22:00 - 18.02.2022 23:00 (CET/CEST)","0","28","167"
"Italy (IT)","18.02.2022 23:00 - 19.02.2022 00:00 (CET/CEST)","0","152","166"
"Italy (IT)","19.02.2022 00:00 - 19.02.2022 01:00 (CET/CEST)","33","42","129"
"Italy (IT)","19.02.2022 01:00 - 19.02.2022 02:00 (CET/CEST)","0","28","38"
"Italy (IT)","19.02.2022 02:00 - 19.02.2022 03:00 (CET/CEST)","0","28","33"
"Italy (IT)","19.02.2022 03:00 - 19.02.2022 04:00 (CET/CEST)","0","28","33"
"Italy (IT)","19.02.2022 04:00 - 19.02.2022 05:00 (CET/CEST)","0","28","82"
"Italy (IT)","19.02.2022 05:00 - 19.02.2022 06:00 (CET/CEST)","0","28","101"
"Italy (IT)","19.02.2022 06:00 - 19.02.2022 07:00 (CET/CEST)","37","16","152"
"Italy (IT)","19.02.2022 07:00 - 19.02.2022 08:00 (CET/CEST)","916","","498"
"Italy (IT)","19.02.2022 08:00 - 19.02.2022 09:00 (CET/CEST)","1030","","557"
"Italy (IT)","19.02.2022 09:00 - 19.02.2022 10:00 (CET/CEST)","1006","","374"
"Italy (IT)","19.02.2022 10:00 - 19.02.2022 11:00 (CET/CEST)","702","42","447"
"Italy (IT)","19.02.2022 11:00 - 19.02.2022 12:00 (CET/CEST)","170","113","254"
"Italy (IT)","19.02.2022 12:00 - 19.02.2022 13:00 (CET/CEST)","36","145","63"
"Italy (IT)","19.02.2022 13:00 - 19.02.2022 14:00 (CET/CEST)","0","243","105"
"Italy (IT)","19.02.2022 14:00 - 19.02.2022 15:00 (CET/CEST)","0","82","96"
"Italy (IT)","19.02.2022 15:00 - 19.02.2022 16:00 (CET/CEST)","0","75","157"
"Italy (IT)","19.02.2022 16:00 - 19.02.2022 17:00 (CET/CEST)","2","3","171"
"Italy (IT)","19.02.2022 17:00 - 19.02.2022 18:00 (CET/CEST)","368","2","403"
"Italy (IT)","19.02.2022 18:00 - 19.02.2022 19:00 (CET/CEST)","2184","","571"
"Italy (IT)","19.02.2022 19:00 - 19.02.2022 20:00 (CET/CEST)","2224","","771"
"Italy (IT)","19.02.2022 20:00 - 19.02.2022 21:00 (CET/CEST)","1589","","570"
"Italy (IT)","19.02.2022 21:00 - 19.02.2022 22:00 (CET/CEST)","13","1","300"
"Italy (IT)","19.02.2022 22:00 - 19.02.2022 23:00 (CET/CEST)","9","86","79"
"Italy (IT)","19.02.2022 23:00 - 20.02.2022 00:00 (CET/CEST)","9","97","58"
"Italy (IT)","20.02.2022 00:00 - 20.02.2022 01:00 (CET/CEST)","6","26","104"
"Italy (IT)","20.02.2022 01:00 - 20.02.2022 02:00 (CET/CEST)","0","788","34"
"Italy (IT)","20.02.2022 02:00 - 20.02.2022 03:00 (CET/CEST)","0","797","33"
"Italy (IT)","20.02.2022 03:00 - 20.02.2022 04:00 (CET/CEST)","0","798","33"
"Italy (IT)","20.02.2022 04:00 - 20.02.2022 05:00 (CET/CEST)","0","796","33"
"Italy (IT)","20.02.2022 05:00 - 20.02.2022 06:00 (CET/CEST)","0","791","50"
"Italy (IT)","20.02.2022 06:00 - 20.02.2022 07:00 (CET/CEST)","8","14","192"
"Italy (IT)","20.02.2022 07:00 - 20.02.2022 08:00 (CET/CEST)","44","2","207"
"Italy (IT)","20.02.2022 08:00 - 20.02.2022 09:00 (CET/CEST)","140","3","313"
"Italy (IT)","20.02.2022 09:00 - 20.02.2022 10:00 (CET/CEST)","110","3","174"
"Italy (IT)","20.02.2022 10:00 - 20.02.2022 11:00 (CET/CEST)","22","3","96"
"Italy (IT)","20.02.2022 11:00 - 20.02.2022 12:00 (CET/CEST)","0","657","114"
"Italy (IT)","20.02.2022 12:00 - 20.02.2022 13:00 (CET/CEST)","30","670","51"
"Italy (IT)","20.02.2022 13:00 - 20.02.2022 14:00 (CET/CEST)","","950","65"
"Italy (IT)","20.02.2022 14:00 - 20.02.2022 15:00 (CET/CEST)","","1387","59"
"Italy (IT)","20.02.2022 15:00 - 20.02.2022 16:00 (CET/CEST)","","1380","70"
"Italy (IT)","20.02.2022 16:00 - 20.02.2022 17:00 (CET/CEST)","3","363","108"
"Italy (IT)","20.02.2022 17:00 - 20.02.2022 18:00 (CET/CEST)","256","2","396"
"Italy (IT)","20.02.2022 18:00 - 20.02.2022 19:00 (CET/CEST)","1700","","584"
"Italy (IT)","20.02.2022 19:00 - 20.02.2022 20:00 (CET/CEST)","1756","","973"
"Italy (IT)","20.02.2022 20:00 - 20.02.2022 21:00 (CET/CEST)","1756","","775"
"Italy (IT)","20.02.2022 21:00 - 20.02.2022 22:00 (CET/CEST)","1220","","690"
"Italy (IT)","20.02.2022 22:00 - 20.02.2022 23:00 (CET/CEST)","156","","582"
"Italy (IT)","20.02.2022 23:00 - 21.02.2022 00:00 (CET/CEST)","0","51","274"
"Italy (IT)","21.02.2022 00:00 - 21.02.2022 01:00 (CET/CEST)","0","503","32"
"Italy (IT)","21.02.2022 01:00 - 21.02.2022 02:00 (CET/CEST)","","1063","37"
"Italy (IT)","21.02.2022 02:00 - 21.02.2022 03:00 (CET/CEST)","","1782","33"
"Italy (IT)","21.02.2022 03:00 - 21.02.2022 04:00 (CET/CEST)","","2041","32"
"Italy (IT)","21.02.2022 04:00 - 21.02.2022 05:00 (CET/CEST)","","1773","33"
"Italy (IT)","21.02.2022 05:00 - 21.02.2022 06:00 (CET/CEST)","0","574","47"
"Italy (IT)","21.02.2022 06:00 - 21.02.2022 07:00 (CET/CEST)","8","25","154"
"Italy (IT)","21.02.2022 07:00 - 21.02.2022 08:00 (CET/CEST)","754","3","308"
"Italy (IT)","21.02.2022 08:00 - 21.02.2022 09:00 (CET/CEST)","1528","1","425"
"Italy (IT)","21.02.2022 09:00 - 21.02.2022 10:00 (CET/CEST)","924","8","427"
"Italy (IT)","21.02.2022 10:00 - 21.02.2022 11:00 (CET/CEST)","581","386","349"
"Italy (IT)","21.02.2022 11:00 - 21.02.2022 12:00 (CET/CEST)","233","453","333"
"Italy (IT)","21.02.2022 12:00 - 21.02.2022 13:00 (CET/CEST)","45","493","77"
"Italy (IT)","21.02.2022 13:00 - 21.02.2022 14:00 (CET/CEST)","8","495","106"
"Italy (IT)","21.02.2022 14:00 - 21.02.2022 15:00 (CET/CEST)","167","495","87"
"Italy (IT)","21.02.2022 15:00 - 21.02.2022 16:00 (CET/CEST)","175","146","195"
"Italy (IT)","21.02.2022 16:00 - 21.02.2022 17:00 (CET/CEST)","501","1","301"
"Italy (IT)","21.02.2022 17:00 - 21.02.2022 18:00 (CET/CEST)","65","2","430"
"Italy (IT)","21.02.2022 18:00 - 21.02.2022 19:00 (CET/CEST)","65","3","472"
"Italy (IT)","21.02.2022 19:00 - 21.02.2022 20:00 (CET/CEST)","204","3","540"
"Italy (IT)","21.02.2022 20:00 - 21.02.2022 21:00 (CET/CEST)","2","3","367"
"Italy (IT)","21.02.2022 21:00 - 21.02.2022 22:00 (CET/CEST)","0","5","238"
"Italy (IT)","21.02.2022 22:00 - 21.02.2022 23:00 (CET/CEST)","0","29","162"
"Italy (IT)","21.02.2022 23:00 - 22.02.2022 00:00 (CET/CEST)","0","28","160"
"Italy (IT)","22.02.2022 00:00 - 22.02.2022 01:00 (CET/CEST)","0","232","108"
"Italy (IT)","22.02.2022 01:00 - 22.02.2022 02:00 (CET/CEST)","0","894","113"
"Italy (IT)","22.02.2022 02:00 - 22.02.2022 03:00 (CET/CEST)","0","717","31"
"Italy (IT)","22.02.2022 03:00 - 22.02.2022 04:00 (CET/CEST)","0","1173","31"
"Italy (IT)","22.02.2022 04:00 - 22.02.2022 05:00 (CET/CEST)","0","1416","31"
"Italy (IT)","22.02.2022 05:00 - 22.02.2022 06:00 (CET/CEST)","0","1271","47"
"Italy (IT)","22.02.2022 06:00 - 22.02.2022 07:00 (CET/CEST)","0","52","160"
"Italy (IT)","22.02.2022 07:00 - 22.02.2022 08:00 (CET/CEST)","151","3","503"
"Italy (IT)","22.02.2022 08:00 - 22.02.2022 09:00 (CET/CEST)","786","3","530"
"Italy (IT)","22.02.2022 09:00 - 22.02.2022 10:00 (CET/CEST)","259","10","371"
"Italy (IT)","22.02.2022 10:00 - 22.02.2022 11:00 (CET/CEST)","218","155","242"
"Italy (IT)","22.02.2022 11:00 - 22.02.2022 12:00 (CET/CEST)","","753","73"
"Italy (IT)","22.02.2022 12:00 - 22.02.2022 13:00 (CET/CEST)","30","969","65"
"Italy (IT)","22.02.2022 13:00 - 22.02.2022 14:00 (CET/CEST)","","1103","65"
"Italy (IT)","22.02.2022 14:00 - 22.02.2022 15:00 (CET/CEST)","0","533","111"
"Italy (IT)","22.02.2022 15:00 - 22.02.2022 16:00 (CET/CEST)","52","139","157"
"Italy (IT)","22.02.2022 16:00 - 22.02.2022 17:00 (CET/CEST)","150","2","331"
"Italy (IT)","22.02.2022 17:00 - 22.02.2022 18:00 (CET/CEST)","1096","78","431"
"Italy (IT)","22.02.2022 18:00 - 22.02.2022 19:00 (CET/CEST)","1162","28","577"
"Italy (IT)","22.02.2022 19:00 - 22.02.2022 20:00 (CET/CEST)","1198","3","738"
"Italy (IT)","22.02.2022 20:00 - 22.02.2022 21:00 (CET/CEST)","870","3","524"
"Italy (IT)","22.02.2022 21:00 - 22.02.2022 22:00 (CET/CEST)","1","3","388"
"Italy (IT)","22.02.2022 22:00 - 22.02.2022 23:00 (CET/CEST)","0","44","242"
"Italy (IT)","22.02.2022 23:00 - 23.02.2022 00:00 (CET/CEST)","0","87","173"
"Italy (IT)","23.02.2022 00:00 - 23.02.2022 01:00 (CET/CEST)","0","905","188"
"Italy (IT)","23.02.2022 01:00 - 23.02.2022 02:00 (CET/CEST)","3","952","25"
"Italy (IT)","23.02.2022 02:00 - 23.02.2022 03:00 (CET/CEST)","0","1028","20"
"Italy (IT)","23.02.2022 03:00 - 23.02.2022 04:00 (CET/CEST)","0","1028","20"
"Italy (IT)","23.02.2022 04:00 - 23.02.2022 05:00 (CET/CEST)","0","1027","20"
"Italy (IT)","23.02.2022 05:00 - 23.02.2022 06:00 (CET/CEST)","0","677","28"
"Italy (IT)","23.02.2022 06:00 - 23.02.2022 07:00 (CET/CEST)","15","37","231"
"Italy (IT)","23.02.2022 07:00 - 23.02.2022 08:00 (CET/CEST)","1338","2","515"
"Italy (IT)","23.02.2022 08:00 - 23.02.2022 09:00 (CET/CEST)","899","2","777"
"Italy (IT)","23.02.2022 09:00 - 23.02.2022 10:00 (CET/CEST)","1203","2","569"
"Italy (IT)","23.02.2022 10:00 - 23.02.2022 11:00 (CET/CEST)","821","250","495"
"Italy (IT)","23.02.2022 11:00 - 23.02.2022 12:00 (CET/CEST)","191","778","331"
"Italy (IT)","23.02.2022 12:00 - 23.02.2022 13:00 (CET/CEST)","","739","296"
"Italy (IT)","23.02.2022 13:00 - 23.02.2022 14:00 (CET/CEST)","0","621","140"
"Italy (IT)","23.02.2022 14:00 - 23.02.2022 15:00 (CET/CEST)","","293","138"
"Italy (IT)","23.02.2022 15:00 - 23.02.2022 16:00 (CET/CEST)","0","63","143"
"Italy (IT)","23.02.2022 16:00 - 23.02.2022 17:00 (CET/CEST)","233","60","266"
"Italy (IT)","23.02.2022 17:00 - 23.02.2022 18:00 (CET/CEST)","1727","16","371"
"Italy (IT)","23.02.2022 18:00 - 23.02.2022 19:00 (CET/CEST)","1481","1","748"
"Italy (IT)","23.02.2022 19:00 - 23.02.2022 20:00 (CET/CEST)","1499","54","849"
"Italy (IT)","23.02.2022 20:00 - 23.02.2022 21:00 (CET/CEST)","1343","62","724"
"Italy (IT)","23.02.2022 21:00 - 23.02.2022 22:00 (CET/CEST)","865","29","442"
"Italy (IT)","23.02.2022 22:00 - 23.02.2022 23:00 (CET/CEST)","39","27","332"
"Italy (IT)","23.02.2022 23:00 - 24.02.2022 00:00 (CET/CEST)","","83","195"
"Italy (IT)","24.02.2022 00:00 - 24.02.2022 01:00 (CET/CEST)","","1332","185"
"Italy (IT)","24.02.2022 01:00 - 24.02.2022 02:00 (CET/CEST)","","2029","36"
"Italy (IT)","24.02.2022 02:00 - 24.02.2022 03:00 (CET/CEST)","","2131","32"
"Italy (IT)","24.02.2022 03:00 - 24.02.2022 04:00 (CET/CEST)","","2304","31"
"Italy (IT)","24.02.2022 04:00 - 24.02.2022 05:00 (CET/CEST)","","2132","32"
"Italy (IT)","24.02.2022 05:00 - 24.02.2022 06:00 (CET/CEST)","","1594","160"
"Italy (IT)","24.02.2022 06:00 - 24.02.2022 07:00 (CET/CEST)","128","42","249"
"Italy (IT)","24.02.2022 07:00 - 24.02.2022 08:00 (CET/CEST)","1313","","632"
"Italy (IT)","24.02.2022 08:00 - 24.02.2022 09:00 (CET/CEST)","1491","","891"
"Italy (IT)","24.02.2022 09:00 - 24.02.2022 10:00 (CET/CEST)","865","","664"
"Italy (IT)","24.02.2022 10:00 - 24.02.2022 11:00 (CET/CEST)","455","","438"
"Italy (IT)","24.02.2022 11:00 - 24.02.2022 12:00 (CET/CEST)","215","144","440"
"Italy (IT)","24.02.2022 12:00 - 24.02.2022 13:00 (CET/CEST)","55","145","236"
"Italy (IT)","24.02.2022 13:00 - 24.02.2022 14:00 (CET/CEST)","","143","254"
"Italy (IT)","24.02.2022 14:00 - 24.02.2022 15:00 (CET/CEST)","0","4","222"
"Italy (IT)","24.02.2022 15:00 - 24.02.2022 16:00 (CET/CEST)","279","1","443"
"Italy (IT)","24.02.2022 16:00 - 24.02.2022 17:00 (CET/CEST)","426","","641"
"Italy (IT)","24.02.2022 17:00 - 24.02.2022 18:00 (CET/CEST)","1317","1","898"
"Italy (IT)","24.02.2022 18:00 - 24.02.2022 19:00 (CET/CEST)","2685","1","903"
"Italy (IT)","24.02.2022 19:00 - 24.02.2022 20:00 (CET/CEST)","2798","1","988"
"Italy (IT)","24.02.2022 20:00 - 24.02.2022 21:00 (CET/CEST)","1485","","842"
"Italy (IT)","24.02.2022 21:00 - 24.02.2022 22:00 (CET/CEST)","821","1","697"
"Italy (IT)","24.02.2022 22:00 - 24.02.2022 23:00 (CET/CEST)","117","2","520"
"Italy (IT)","24.02.2022 23:00 - 25.02.2022 00:00 (CET/CEST)","0","28","293"
"Italy (IT)","25.02.2022 00:00 - 25.02.2022 01:00 (CET/CEST)","","1740","364"
"Italy (IT)","25.02.2022 01:00 - 25.02.2022 02:00 (CET/CEST)","","2025","213"
"Italy (IT)","25.02.2022 02:00 - 25.02.2022 03:00 (CET/CEST)","","2024","209"
"Italy (IT)","25.02.2022 03:00 - 25.02.2022 04:00 (CET/CEST)","","2012","179"
"Italy (IT)","25.02.2022 04:00 - 25.02.2022 05:00 (CET/CEST)","","2023","189"
"Italy (IT)","25.02.2022 05:00 - 25.02.2022 06:00 (CET/CEST)","","1705","269"
"Italy (IT)","25.02.2022 06:00 - 25.02.2022 07:00 (CET/CEST)","87","83","587"
"Italy (IT)","25.02.2022 07:00 - 25.02.2022 08:00 (CET/CEST)","500","32","791"
"Italy (IT)","25.02.2022 08:00 - 25.02.2022 09:00 (CET/CEST)","1103","66","1024"
"Italy (IT)","25.02.2022 09:00 - 25.02.2022 10:00 (CET/CEST)","387","12","694"
"Italy (IT)","25.02.2022 10:00 - 25.02.2022 11:00 (CET/CEST)","469","2","476"
"Italy (IT)","25.02.2022 11:00 - 25.02.2022 12:00 (CET/CEST)","125","11","444"
"Italy (IT)","25.02.2022 12:00 - 25.02.2022 13:00 (CET/CEST)","55","289","296"
"Italy (IT)","25.02.2022 13:00 - 25.02.2022 14:00 (CET/CEST)","24","287","265"
"Italy (IT)","25.02.2022 14:00 - 25.02.2022 15:00 (CET/CEST)","25","144","277"
"Italy (IT)","25.02.2022 15:00 - 25.02.2022 16:00 (CET/CEST)","121","3","417"
"Italy (IT)","25.02.2022 16:00 - 25.02.2022 17:00 (CET/CEST)","34","3","450"
"Italy (IT)","25.02.2022 17:00 - 25.02.2022 18:00 (CET/CEST)","847","2","698"
"Italy (IT)","25.02.2022 18:00 - 25.02.2022 19:00 (CET/CEST)","2622","2","935"
"Italy (IT)","25.02.2022 19:00 - 25.02.2022 20:00 (CET/CEST)","2384","2","878"
"Italy (IT)","25.02.2022 20:00 - 25.02.2022 21:00 (CET/CEST)","242","2","830"
"Italy (IT)","25.02.2022 21:00 - 25.02.2022 22:00 (CET/CEST)","0","2","661"
"Italy (IT)","25.02.2022 22:00 - 25.02.2022 23:00 (CET/CEST)","0","15","404"
"Italy (IT)","25.02.2022 23:00 - 26.02.2022 00:00 (CET/CEST)","0","24","278"
"Italy (IT)","26.02.2022 00:00 - 26.02.2022 01:00 (CET/CEST)","215","3","311"
"Italy (IT)","26.02.2022 01:00 - 26.02.2022 02:00 (CET/CEST)","0","29","190"
"Italy (IT)","26.02.2022 02:00 - 26.02.2022 03:00 (CET/CEST)","0","646","178"
"Italy (IT)","26.02.2022 03:00 - 26.02.2022 04:00 (CET/CEST)","0","652","141"
"Italy (IT)","26.02.2022 04:00 - 26.02.2022 05:00 (CET/CEST)","0","648","181"
"Italy (IT)","26.02.2022 05:00 - 26.02.2022 06:00 (CET/CEST)","0","228","201"
"Italy (IT)","26.02.2022 06:00 - 26.02.2022 07:00 (CET/CEST)","453","1","451"
"Italy (IT)","26.02.2022 07:00 - 26.02.2022 08:00 (CET/CEST)","1692","","571"
"Italy (IT)","26.02.2022 08:00 - 26.02.2022 09:00 (CET/CEST)","1456","","635"
"Italy (IT)","26.02.2022 09:00 - 26.02.2022 10:00 (CET/CEST)","693","","456"
"Italy (IT)","26.02.2022 10:00 - 26.02.2022 11:00 (CET/CEST)","2","25","499"
"Italy (IT)","26.02.2022 11:00 - 26.02.2022 12:00 (CET/CEST)","0","182","307"
"Italy (IT)","26.02.2022 12:00 - 26.02.2022 13:00 (CET/CEST)","32","287","107"
"Italy (IT)","26.02.2022 13:00 - 26.02.2022 14:00 (CET/CEST)","0","2364","51"
"Italy (IT)","26.02.2022 14:00 - 26.02.2022 15:00 (CET/CEST)","0","1956","50"
"Italy (IT)","26.02.2022 15:00 - 26.02.2022 16:00 (CET/CEST)","85","223","46"
"Italy (IT)","26.02.2022 16:00 - 26.02.2022 17:00 (CET/CEST)","0","113","92"
"Italy (IT)","26.02.2022 17:00 - 26.02.2022 18:00 (CET/CEST)","49","3","185"
"Italy (IT)","26.02.2022 18:00 - 26.02.2022 19:00 (CET/CEST)","1672","","691"
"Italy (IT)","26.02.2022 19:00 - 26.02.2022 20:00 (CET/CEST)","1974","","743"
"Italy (IT)","26.02.2022 20:00 - 26.02.2022 21:00 (CET/CEST)","1180","","382"
"Italy (IT)","26.02.2022 21:00 - 26.02.2022 22:00 (CET/CEST)","163","60","130"
"Italy (IT)","26.02.2022 22:00 - 26.02.2022 23:00 (CET/CEST)","0","350","98"
"Italy (IT)","26.02.2022 23:00 - 27.02.2022 00:00 (CET/CEST)","0","352","74"
"Italy (IT)","27.02.2022 00:00 - 27.02.2022 01:00 (CET/CEST)","0","62","39"
"Italy (IT)","27.02.2022 01:00 - 27.02.2022 02:00 (CET/CEST)","0","237","27"
"Italy (IT)","27.02.2022 02:00 - 27.02.2022 03:00 (CET/CEST)","","1266","31"
"Italy (IT)","27.02.2022 03:00 - 27.02.2022 04:00 (CET/CEST)","","1537","31"
"Italy (IT)","27.02.2022 04:00 - 27.02.2022 05:00 (CET/CEST)","","1531","31"
"Italy (IT)","27.02.2022 05:00 - 27.02.2022 06:00 (CET/CEST)","","1488","76"
"Italy (IT)","27.02.2022 06:00 - 27.02.2022 07:00 (CET/CEST)","0","706","100"
"Italy (IT)","27.02.2022 07:00 - 27.02.2022 08:00 (CET/CEST)","0","36","164"
"Italy (IT)","27.02.2022 08:00 - 27.02.2022 09:00 (CET/CEST)","0","35","213"
"Italy (IT)","27.02.2022 09:00 - 27.02.2022 10:00 (CET/CEST)","0","29","187"
"Italy (IT)","27.02.2022 10:00 - 27.02.2022 11:00 (CET/CEST)","0","857","104"
"Italy (IT)","27.02.2022 11:00 - 27.02.2022 12:00 (CET/CEST)","0","873","75"
"Italy (IT)","27.02.2022 12:00 - 27.02.2022 13:00 (CET/CEST)","31","846","111"
"Italy (IT)","27.02.2022 13:00 - 27.02.2022 14:00 (CET/CEST)","","1759","76"
"Italy (IT)","27.02.2022 14:00 - 27.02.2022 15:00 (CET/CEST)","","1744","95"
"Italy (IT)","27.02.2022 15:00 - 27.02.2022 16:00 (CET/CEST)","0","1310","94"
"Italy (IT)","27.02.2022 16:00 - 27.02.2022 17:00 (CET/CEST)","0","470","118"
"Italy (IT)","27.02.2022 17:00 - 27.02.2022 18:00 (CET/CEST)","129","3","245"
"Italy (IT)","27.02.2022 18:00 - 27.02.2022 19:00 (CET/CEST)","93","1","451"
"Italy (IT)","27.02.2022 19:00 - 27.02.2022 20:00 (CET/CEST)","1060","1","591"
"Italy (IT)","27.02.2022 20:00 - 27.02.2022 21:00 (CET/CEST)","405","63","811"
"Italy (IT)","27.02.2022 21:00 - 27.02.2022 22:00 (CET/CEST)","312","83","451"
"Italy (IT)","27.02.2022 22:00 - 27.02.2022 23:00 (CET/CEST)","102","83","307"
"Italy (IT)","27.02.2022 23:00 - 28.02.2022 00:00 (CET/CEST)","8","189","211"
"Italy (IT)","28.02.2022 00:00 - 28.02.2022 01:00 (CET/CEST)","8","1073","55"
"Italy (IT)","28.02.2022 01:00 - 28.02.2022 02:00 (CET/CEST)","10","1118","59"
"Italy (IT)","28.02.2022 02:00 - 28.02.2022 03:00 (CET/CEST)","10","1135","54"
"Italy (IT)","28.02.2022 03:00 - 28.02.2022 04:00 (CET/CEST)","10","1366","55"
"Italy (IT)","28.02.2022 04:00 - 28.02.2022 05:00 (CET/CEST)","9","1361","55"
"Italy (IT)","28.02.2022 05:00 - 28.02.2022 06:00 (CET/CEST)","0","662","74"
"Italy (IT)","28.02.2022 06:00 - 28.02.2022 07:00 (CET/CEST)","600","165","391"
"Italy (IT)","28.02.2022 07:00 - 28.02.2022 08:00 (CET/CEST)","982","120","871"
"Italy (IT)","28.02.2022 08:00 - 28.02.2022 09:00 (CET/CEST)","1080","161","701"
"Italy (IT)","28.02.2022 09:00 - 28.02.2022 10:00 (CET/CEST)","653","160","497"
"Italy (IT)","28.02.2022 10:00 - 28.02.2022 11:00 (CET/CEST)","0","463","356"
"Italy (IT)","28.02.2022 11:00 - 28.02.2022 12:00 (CET/CEST)","0","864","299"
"Italy (IT)","28.02.2022 12:00 - 28.02.2022 13:00 (CET/CEST)","30","981","152"
"Italy (IT)","28.02.2022 13:00 - 28.02.2022 14:00 (CET/CEST)","","1127","130"
"Italy (IT)","28.02.2022 14:00 - 28.02.2022 15:00 (CET/CEST)","0","568","231"
"Italy (IT)","28.02.2022 15:00 - 28.02.2022 16:00 (CET/CEST)","130","83","240"
"Italy (IT)","28.02.2022 16:00 - 28.02.2022 17:00 (CET/CEST)","391","124","366"
"Italy (IT)","28.02.2022 17:00 - 28.02.2022 18:00 (CET/CEST)","901","45","578"
"Italy (IT)","28.02.2022 18:00 - 28.02.2022 19:00 (CET/CEST)","1403","1","933"
"Italy (IT)","28.02.2022 19:00 - 28.02.2022 20:00 (CET/CEST)","1488","1","957"
"Italy (IT)","28.02.2022 20:00 - 28.02.2022 21:00 (CET/CEST)","1532","1","762"
"Italy (IT)","28.02.2022 21:00 - 28.02.2022 22:00 (CET/CEST)","261","1","450"
"Italy (IT)","28.02.2022 22:00 - 28.02.2022 23:00 (CET/CEST)","0","17","112"
"Italy (IT)","28.02.2022 23:00 - 01.03.2022 00:00 (CET/CEST)","0","202","83"
"Italy (IT)","01.03.2022 00:00 - 01.03.2022 01:00 (CET/CEST)","8","978","220"
"Italy (IT)","01.03.2022 01:00 - 01.03.2022 02:00 (CET/CEST)","0","1177","228"
"Italy (IT)","01.03.2022 02:00 - 01.03.2022 03:00 (CET/CEST)","0","1509","246"
"Italy (IT)","01.03.2022 03:00 - 01.03.2022 04:00 (CET/CEST)","0","1761","201"
"Italy (IT)","01.03.2022 04:00 - 01.03.2022 05:00 (CET/CEST)","0","1625","202"
"Italy (IT)","01.03.2022 05:00 - 01.03.2022 06:00 (CET/CEST)","0","1503","207"
"Italy (IT)","01.03.2022 06:00 - 01.03.2022 07:00 (CET/CEST)","38","11","338"
"Italy (IT)","01.03.2022 07:00 - 01.03.2022 08:00 (CET/CEST)","867","3","411"
"Italy (IT)","01.03.2022 08:00 - 01.03.2022 09:00 (CET/CEST)","1245","","681"
"Italy (IT)","01.03.2022 09:00 - 01.03.2022 10:00 (CET/CEST)","663","","596"
"Italy (IT)","01.03.2022 10:00 - 01.03.2022 11:00 (CET/CEST)","45","9","487"
"Italy (IT)","01.03.2022 11:00 - 01.03.2022 12:00 (CET/CEST)","0","610","412"
"Italy (IT)","01.03.2022 12:00 - 01.03.2022 13:00 (CET/CEST)","28","608","394"
"Italy (IT)","01.03.2022 13:00 - 01.03.2022 14:00 (CET/CEST)","1","694","327"
"Italy (IT)","01.03.2022 14:00 - 01.03.2022 15:00 (CET/CEST)","0","667","308"
"Italy (IT)","01.03.2022 15:00 - 01.03.2022 16:00 (CET/CEST)","0","340","310"
"Italy (IT)","01.03.2022 16:00 - 01.03.2022 17:00 (CET/CEST)","327","1","403"
"Italy (IT)","01.03.2022 17:00 - 01.03.2022 18:00 (CET/CEST)","596","","495"
"Italy (IT)","01.03.2022 18:00 - 01.03.2022 19:00 (CET/CEST)","4347","","1016"
"Italy (IT)","01.03.2022 19:00 - 01.03.2022 20:00 (CET/CEST)","4636","","1164"
"Italy (IT)","01.03.2022 20:00 - 01.03.2022 21:00 (CET/CEST)","288","","628"
"Italy (IT)","01.03.2022 21:00 - 01.03.2022 22:00 (CET/CEST)","1","3","334"
"Italy (IT)","01.03.2022 22:00 - 01.03.2022 23:00 (CET/CEST)","0","54","260"
"Italy (IT)","01.03.2022 23:00 - 02.03.2022 00:00 (CET/CEST)","0","346","260"
"Italy (IT)","02.03.2022 00:00 - 02.03.2022 01:00 (CET/CEST)","0","409","99"
"Italy (IT)","02.03.2022 01:00 - 02.03.2022 02:00 (CET/CEST)","","489","98"
"Italy (IT)","02.03.2022 02:00 - 02.03.2022 03:00 (CET/CEST)","","807","98"
"Italy (IT)","02.03.2022 03:00 - 02.03.2022 04:00 (CET/CEST)","","815","98"
"Italy (IT)","02.03.2022 04:00 - 02.03.2022 05:00 (CET/CEST)","104","606","99"
"Italy (IT)","02.03.2022 05:00 - 02.03.2022 06:00 (CET/CEST)","131","139","168"
"Italy (IT)","02.03.2022 06:00 - 02.03.2022 07:00 (CET/CEST)","205","1","441"
"Italy (IT)","02.03.2022 07:00 - 02.03.2022 08:00 (CET/CEST)","583","1","717"
"Italy (IT)","02.03.2022 08:00 - 02.03.2022 09:00 (CET/CEST)","930","","771"
"Italy (IT)","02.03.2022 09:00 - 02.03.2022 10:00 (CET/CEST)","477","","627"
"Italy (IT)","02.03.2022 10:00 - 02.03.2022 11:00 (CET/CEST)","618","52","556"
"Italy (IT)","02.03.2022 11:00 - 02.03.2022 12:00 (CET/CEST)","303","149","332"
"Italy (IT)","02.03.2022 12:00 - 02.03.2022 13:00 (CET/CEST)","42","374","207"
"Italy (IT)","02.03.2022 13:00 - 02.03.2022 14:00 (CET/CEST)","15","362","189"
"Italy (IT)","02.03.2022 14:00 - 02.03.2022 15:00 (CET/CEST)","98","133","241"
"Italy (IT)","02.03.2022 15:00 - 02.03.2022 16:00 (CET/CEST)","95","145","390"
"Italy (IT)","02.03.2022 16:00 - 02.03.2022 17:00 (CET/CEST)","186","3","450"
"Italy (IT)","02.03.2022 17:00 - 02.03.2022 18:00 (CET/CEST)","553","38","607"
"Italy (IT)","02.03.2022 18:00 - 02.03.2022 19:00 (CET/CEST)","819","1","944"
"Italy (IT)","02.03.2022 19:00 - 02.03.2022 20:00 (CET/CEST)","1286","1","937"
"Italy (IT)","02.03.2022 20:00 - 02.03.2022 21:00 (CET/CEST)","283","1","534"
"Italy (IT)","02.03.2022 21:00 - 02.03.2022 22:00 (CET/CEST)","82","2","428"
"Italy (IT)","02.03.2022 22:00 - 02.03.2022 23:00 (CET/CEST)","0","29","251"
"Italy (IT)","02.03.2022 23:00 - 03.03.2022 00:00 (CET/CEST)","0","151","214"
"Italy (IT)","03.03.2022 00:00 - 03.03.2022 01:00 (CET/CEST)","","829","209"
"Italy (IT)","03.03.2022 01:00 - 03.03.2022 02:00 (CET/CEST)","","940","205"
"Italy (IT)","03.03.2022 02:00 - 03.03.2022 03:00 (CET/CEST)","","2283","216"
"Italy (IT)","03.03.2022 03:00 - 03.03.2022 04:00 (CET/CEST)","","2109","212"
"Italy (IT)","03.03.2022 04:00 - 03.03.2022 05:00 (CET/CEST)","","2265","205"
"Italy (IT)","03.03.2022 05:00 - 03.03.2022 06:00 (CET/CEST)","","556","215"
"Italy (IT)","03.03.2022 06:00 - 03.03.2022 07:00 (CET/CEST)","335","106","656"
"Italy (IT)","03.03.2022 07:00 - 03.03.2022 08:00 (CET/CEST)","2816","12","937"
"Italy (IT)","03.03.2022 08:00 - 03.03.2022 09:00 (CET/CEST)","808","53","1010"
"Italy (IT)","03.03.2022 09:00 - 03.03.2022 10:00 (CET/CEST)","432","92","871"
"Italy (IT)","03.03.2022 10:00 - 03.03.2022 11:00 (CET/CEST)","394","205","587"
"Italy (IT)","03.03.2022 11:00 - 03.03.2022 12:00 (CET/CEST)","245","160","507"
"Italy (IT)","03.03.2022 12:00 - 03.03.2022 13:00 (CET/CEST)","147","157","377"
"Italy (IT)","03.03.2022 13:00 - 03.03.2022 14:00 (CET/CEST)","","463","265"
"Italy (IT)","03.03.2022 14:00 - 03.03.2022 15:00 (CET/CEST)","77","163","505"
"Italy (IT)","03.03.2022 15:00 - 03.03.2022 16:00 (CET/CEST)","108","158","545"
"Italy (IT)","03.03.2022 16:00 - 03.03.2022 17:00 (CET/CEST)","223","99","698"
"Italy (IT)","03.03.2022 17:00 - 03.03.2022 18:00 (CET/CEST)","660","","851"
"Italy (IT)","03.03.2022 18:00 - 03.03.2022 19:00 (CET/CEST)","3282","","1056"
"Italy (IT)","03.03.2022 19:00 - 03.03.2022 20:00 (CET/CEST)","2762","","1129"
"Italy (IT)","03.03.2022 20:00 - 03.03.2022 21:00 (CET/CEST)","446","","845"
"Italy (IT)","03.03.2022 21:00 - 03.03.2022 22:00 (CET/CEST)","166","2","481"
"Italy (IT)","03.03.2022 22:00 - 03.03.2022 23:00 (CET/CEST)","30","3","457"
"Italy (IT)","03.03.2022 23:00 - 04.03.2022 00:00 (CET/CEST)","0","118","527"
"Italy (IT)","04.03.2022 00:00 - 04.03.2022 01:00 (CET/CEST)","0","2095","532"
"Italy (IT)","04.03.2022 01:00 - 04.03.2022 02:00 (CET/CEST)","0","2366","576"
"Italy (IT)","04.03.2022 02:00 - 04.03.2022 03:00 (CET/CEST)","0","2364","266"
"Italy (IT)","04.03.2022 03:00 - 04.03.2022 04:00 (CET/CEST)","0","2355","106"
"Italy (IT)","04.03.2022 04:00 - 04.03.2022 05:00 (CET/CEST)","0","2351","205"
"Italy (IT)","04.03.2022 05:00 - 04.03.2022 06:00 (CET/CEST)","0","2048","289"
"Italy (IT)","04.03.2022 06:00 - 04.03.2022 07:00 (CET/CEST)","249","117","416"
"Italy (IT)","04.03.2022 07:00 - 04.03.2022 08:00 (CET/CEST)","2865","","974"
"Italy (IT)","04.03.2022 08:00 - 04.03.2022 09:00 (CET/CEST)","3326","15","1057"
"Italy (IT)","04.03.2022 09:00 - 04.03.2022 10:00 (CET/CEST)","879","53","866"
"Italy (IT)","04.03.2022 10:00 - 04.03.2022 11:00 (CET/CEST)","331","3","590"
"Italy (IT)","04.03.2022 11:00 - 04.03.2022 12:00 (CET/CEST)","278","7","411"
"Italy (IT)","04.03.2022 12:00 - 04.03.2022 13:00 (CET/CEST)","0","1301","252"
"Italy (IT)","04.03.2022 13:00 - 04.03.2022 14:00 (CET/CEST)","0","1975","283"
"Italy (IT)","04.03.2022 14:00 - 04.03.2022 15:00 (CET/CEST)","0","1654","673"
"Italy (IT)","04.03.2022 15:00 - 04.03.2022 16:00 (CET/CEST)","23","484","676"
"Italy (IT)","04.03.2022 16:00 - 04.03.2022 17:00 (CET/CEST)","48","1","666"
"Italy (IT)","04.03.2022 17:00 - 04.03.2022 18:00 (CET/CEST)","616","39","848"
"Italy (IT)","04.03.2022 18:00 - 04.03.2022 19:00 (CET/CEST)","2778","","1052"
"Italy (IT)","04.03.2022 19:00 - 04.03.2022 20:00 (CET/CEST)","3755","","1068"
"Italy (IT)","04.03.2022 20:00 - 04.03.2022 21:00 (CET/CEST)","2040","","947"
"Italy (IT)","04.03.2022 21:00 - 04.03.2022 22:00 (CET/CEST)","68","","614"
"Italy (IT)","04.03.2022 22:00 - 04.03.2022 23:00 (CET/CEST)","47","63","536"
"Italy (IT)","04.03.2022 23:00 - 05.03.2022 00:00 (CET/CEST)","0","690","506"
"Italy (IT)","05.03.2022 00:00 - 05.03.2022 01:00 (CET/CEST)","6","2","454"
"Italy (IT)","05.03.2022 01:00 - 05.03.2022 02:00 (CET/CEST)","68","6","298"
"Italy (IT)","05.03.2022 02:00 - 05.03.2022 03:00 (CET/CEST)","0","610","207"
"Italy (IT)","05.03.2022 03:00 - 05.03.2022 04:00 (CET/CEST)","0","1037","455"
"Italy (IT)","05.03.2022 04:00 - 05.03.2022 05:00 (CET/CEST)","0","1037","209"
"Italy (IT)","05.03.2022 05:00 - 05.03.2022 06:00 (CET/CEST)","0","219","331"
"Italy (IT)","05.03.2022 06:00 - 05.03.2022 07:00 (CET/CEST)","57","2","449"
"Italy (IT)","05.03.2022 07:00 - 05.03.2022 08:00 (CET/CEST)","362","2","822"
"Italy (IT)","05.03.2022 08:00 - 05.03.2022 09:00 (CET/CEST)","87","2","958"
"Italy (IT)","05.03.2022 09:00 - 05.03.2022 10:00 (CET/CEST)","99","1","752"
"Italy (IT)","05.03.2022 10:00 - 05.03.2022 11:00 (CET/CEST)","60","1","566"
"Italy (IT)","05.03.2022 11:00 - 05.03.2022 12:00 (CET/CEST)","0","7","331"
"Italy (IT)","05.03.2022 12:00 - 05.03.2022 13:00 (CET/CEST)","30","1258","136"
"Italy (IT)","05.03.2022 13:00 - 05.03.2022 14:00 (CET/CEST)","","1440","183"
"Italy (IT)","05.03.2022 14:00 - 05.03.2022 15:00 (CET/CEST)","","1437","129"
"Italy (IT)","05.03.2022 15:00 - 05.03.2022 16:00 (CET/CEST)","","700","127"
"Italy (IT)","05.03.2022 16:00 - 05.03.2022 17:00 (CET/CEST)","0","49","224"
"Italy (IT)","05.03.2022 17:00 - 05.03.2022 18:00 (CET/CEST)","194","75","640"
"Italy (IT)","05.03.2022 18:00 - 05.03.2022 19:00 (CET/CEST)","3414","","1012"
"Italy (IT)","05.03.2022 19:00 - 05.03.2022 20:00 (CET/CEST)","4190","","1177"
"Italy (IT)","05.03.2022 20:00 - 05.03.2022 21:00 (CET/CEST)","1531","","970"
"Italy (IT)","05.03.2022 21:00 - 05.03.2022 22:00 (CET/CEST)","114","1","614"
"Italy (IT)","05.03.2022 22:00 - 05.03.2022 23:00 (CET/CEST)","221","3","540"
"Italy (IT)","05.03.2022 23:00 - 06.03.2022 00:00 (CET/CEST)","107","62","510"
"Italy (IT)","06.03.2022 00:00 - 06.03.2022 01:00 (CET/CEST)","21","41","509"
"Italy (IT)","06.03.2022 01:00 - 06.03.2022 02:00 (CET/CEST)","75","469","569"
"Italy (IT)","06.03.2022 02:00 - 06.03.2022 03:00 (CET/CEST)","76","541","433"
"Italy (IT)","06.03.2022 03:00 - 06.03.2022 04:00 (CET/CEST)","76","629","384"
"Italy (IT)","06.03.2022 04:00 - 06.03.2022 05:00 (CET/CEST)","55","629","484"
"Italy (IT)","06.03.2022 05:00 - 06.03.2022 06:00 (CET/CEST)","55","582","462"
"Italy (IT)","06.03.2022 06:00 - 06.03.2022 07:00 (CET/CEST)","0","523","612"
"Italy (IT)","06.03.2022 07:00 - 06.03.2022 08:00 (CET/CEST)","55","31","602"
"Italy (IT)","06.03.2022 08:00 - 06.03.2022 09:00 (CET/CEST)","131","1","581"
"Italy (IT)","06.03.2022 09:00 - 06.03.2022 10:00 (CET/CEST)","188","2","550"
"Italy (IT)","06.03.2022 10:00 - 06.03.2022 11:00 (CET/CEST)","0","472","493"
"Italy (IT)","06.03.2022 11:00 - 06.03.2022 12:00 (CET/CEST)","","577","322"
"Italy (IT)","06.03.2022 12:00 - 06.03.2022 13:00 (CET/CEST)","30","1076","378"
"Italy (IT)","06.03.2022 13:00 - 06.03.2022 14:00 (CET/CEST)","","1245","405"
"Italy (IT)","06.03.2022 14:00 - 06.03.2022 15:00 (CET/CEST)","","1414","437"
"Italy (IT)","06.03.2022 15:00 - 06.03.2022 16:00 (CET/CEST)","","1440","463"
"Italy (IT)","06.03.2022 16:00 - 06.03.2022 17:00 (CET/CEST)","","592","564"
"Italy (IT)","06.03.2022 17:00 - 06.03.2022 18:00 (CET/CEST)","270","201","669"
"Italy (IT)","06.03.2022 18:00 - 06.03.2022 19:00 (CET/CEST)","2458","","801"
"Italy (IT)","06.03.2022 19:00 - 06.03.2022 20:00 (CET/CEST)","3164","","972"
"Italy (IT)","06.03.2022 20:00 - 06.03.2022 21:00 (CET/CEST)","2407","","934"
"Italy (IT)","06.03.2022 21:00 - 06.03.2022 22:00 (CET/CEST)","895","1","743"
"Italy (IT)","06.03.2022 22:00 - 06.03.2022 23:00 (CET/CEST)","288","1","550"
"Italy (IT)","06.03.2022 23:00 - 07.03.2022 00:00 (CET/CEST)","4","104","421"
"Italy (IT)","07.03.2022 00:00 - 07.03.2022 01:00 (CET/CEST)","0","48","413"
"Italy (IT)","07.03.2022 01:00 - 07.03.2022 02:00 (CET/CEST)","","1206","117"
"Italy (IT)","07.03.2022 02:00 - 07.03.2022 03:00 (CET/CEST)","","2430","142"
"Italy (IT)","07.03.2022 03:00 - 07.03.2022 04:00 (CET/CEST)","","2812","340"
"Italy (IT)","07.03.2022 04:00 - 07.03.2022 05:00 (CET/CEST)","","1857","341"
"Italy (IT)","07.03.2022 05:00 - 07.03.2022 06:00 (CET/CEST)","10","24","453"
"Italy (IT)","07.03.2022 06:00 - 07.03.2022 07:00 (CET/CEST)","1195","18","630"
"Italy (IT)","07.03.2022 07:00 - 07.03.2022 08:00 (CET/CEST)","1762","83","704"
"Italy (IT)","07.03.2022 08:00 - 07.03.2022 09:00 (CET/CEST)","1793","16","810"
"Italy (IT)","07.03.2022 09:00 - 07.03.2022 10:00 (CET/CEST)","1327","53","632"
"Italy (IT)","07.03.2022 10:00 - 07.03.2022 11:00 (CET/CEST)","852","10","520"
"Italy (IT)","07.03.2022 11:00 - 07.03.2022 12:00 (CET/CEST)","225","3","407"
"Italy (IT)","07.03.2022 12:00 - 07.03.2022 13:00 (CET/CEST)","33","2","366"
"Italy (IT)","07.03.2022 13:00 - 07.03.2022 14:00 (CET/CEST)","10","2","299"
"Italy (IT)","07.03.2022 14:00 - 07.03.2022 15:00 (CET/CEST)","10","3","310"
"Italy (IT)","07.03.2022 15:00 - 07.03.2022 16:00 (CET/CEST)","10","3","491"
"Italy (IT)","07.03.2022 16:00 - 07.03.2022 17:00 (CET/CEST)","1082","26","415"
"Italy (IT)","07.03.2022 17:00 - 07.03.2022 18:00 (CET/CEST)","1285","62","648"
"Italy (IT)","07.03.2022 18:00 - 07.03.2022 19:00 (CET/CEST)","2076","","691"
"Italy (IT)","07.03.2022 19:00 - 07.03.2022 20:00 (CET/CEST)","2887","","809"
"Italy (IT)","07.03.2022 20:00 - 07.03.2022 21:00 (CET/CEST)","1972","","755"
"Italy (IT)","07.03.2022 21:00 - 07.03.2022 22:00 (CET/CEST)","1013","1","474"
"Italy (IT)","07.03.2022 22:00 - 07.03.2022 23:00 (CET/CEST)","816","1","418"
"Italy (IT)","07.03.2022 23:00 - 08.03.2022 00:00 (CET/CEST)","61","102","371"
"Italy (IT)","08.03.2022 00:00 - 08.03.2022 01:00 (CET/CEST)","","1300","127"
"Italy (IT)","08.03.2022 01:00 - 08.03.2022 02:00 (CET/CEST)","","1752","60"
"Italy (IT)","08.03.2022 02:00 - 08.03.2022 03:00 (CET/CEST)","","1890","62"
"Italy (IT)","08.03.2022 03:00 - 08.03.2022 04:00 (CET/CEST)","","1765","73"
"Italy (IT)","08.03.2022 04:00 - 08.03.2022 05:00 (CET/CEST)","","1736","75"
"Italy (IT)","08.03.2022 05:00 - 08.03.2022 06:00 (CET/CEST)","1","1245","82"
"Italy (IT)","08.03.2022 06:00 - 08.03.2022 07:00 (CET/CEST)","365","3","293"
"Italy (IT)","08.03.2022 07:00 - 08.03.2022 08:00 (CET/CEST)","538","63","476"
"Italy (IT)","08.03.2022 08:00 - 08.03.2022 09:00 (CET/CEST)","199","139","461"
"Italy (IT)","08.03.2022 09:00 - 08.03.2022 10:00 (CET/CEST)","210","3","390"
"Italy (IT)","08.03.2022 10:00 - 08.03.2022 11:00 (CET/CEST)","406","3","327"
"Italy (IT)","08.03.2022 11:00 - 08.03.2022 12:00 (CET/CEST)","330","3","320"
"Italy (IT)","08.03.2022 12:00 - 08.03.2022 13:00 (CET/CEST)","121","2","134"
"Italy (IT)","08.03.2022 13:00 - 08.03.2022 14:00 (CET/CEST)","1","4","91"
"Italy (IT)","08.03.2022 14:00 - 08.03.2022 15:00 (CET/CEST)","1","50","97"
"Italy (IT)","08.03.2022 15:00 - 08.03.2022 16:00 (CET/CEST)","0","580","226"
"Italy (IT)","08.03.2022 16:00 - 08.03.2022 17:00 (CET/CEST)","0","317","274"
"Italy (IT)","08.03.2022 17:00 - 08.03.2022 18:00 (CET/CEST)","22","35","280"
"Italy (IT)","08.03.2022 18:00 - 08.03.2022 19:00 (CET/CEST)","100","69","463"
"Italy (IT)","08.03.2022 19:00 - 08.03.2022 20:00 (CET/CEST)","247","3","560"
"Italy (IT)","08.03.2022 20:00 - 08.03.2022 21:00 (CET/CEST)","105","3","433"
"Italy (IT)","08.03.2022 21:00 - 08.03.2022 22:00 (CET/CEST)","0","44","241"
"Italy (IT)","08.03.2022 22:00 - 08.03.2022 23:00 (CET/CEST)","0","108","187"
"Italy (IT)","08.03.2022 23:00 - 09.03.2022 00:00 (CET/CEST)","0","110","87"
"Italy (IT)","09.03.2022 00:00 - 09.03.2022 01:00 (CET/CEST)","0","616","87"
"Italy (IT)","09.03.2022 01:00 - 09.03.2022 02:00 (CET/CEST)","0","730","10"
"Italy (IT)","09.03.2022 02:00 - 09.03.2022 03:00 (CET/CEST)","0","890","11"
"Italy (IT)","09.03.2022 03:00 - 09.03.2022 04:00 (CET/CEST)","0","802","11"
"Italy (IT)","09.03.2022 04:00 - 09.03.2022 05:00 (CET/CEST)","0","795","10"
"Italy (IT)","09.03.2022 05:00 - 09.03.2022 06:00 (CET/CEST)","0","413","17"
"Italy (IT)","09.03.2022 06:00 - 09.03.2022 07:00 (CET/CEST)","0","100","133"
"Italy (IT)","09.03.2022 07:00 - 09.03.2022 08:00 (CET/CEST)","264","1","337"
"Italy (IT)","09.03.2022 08:00 - 09.03.2022 09:00 (CET/CEST)","170","","369"
"Italy (IT)","09.03.2022 09:00 - 09.03.2022 10:00 (CET/CEST)","249","2","159"
"Italy (IT)","09.03.2022 10:00 - 09.03.2022 11:00 (CET/CEST)","234","3","118"
"Italy (IT)","09.03.2022 11:00 - 09.03.2022 12:00 (CET/CEST)","216","131","122"
"Italy (IT)","09.03.2022 12:00 - 09.03.2022 13:00 (CET/CEST)","95","301","26"
"Italy (IT)","09.03.2022 13:00 - 09.03.2022 14:00 (CET/CEST)","174","300","26"
"Italy (IT)","09.03.2022 14:00 - 09.03.2022 15:00 (CET/CEST)","185","298","35"
"Italy (IT)","09.03.2022 15:00 - 09.03.2022 16:00 (CET/CEST)","125","296","89"
"Italy (IT)","09.03.2022 16:00 - 09.03.2022 17:00 (CET/CEST)","174","116","108"
"Italy (IT)","09.03.2022 17:00 - 09.03.2022 18:00 (CET/CEST)","193","55","369"
"Italy (IT)","09.03.2022 18:00 - 09.03.2022 19:00 (CET/CEST)","301","17","464"
"Italy (IT)","09.03.2022 19:00 - 09.03.2022 20:00 (CET/CEST)","475","1","518"
"Italy (IT)","09.03.2022 20:00 - 09.03.2022 21:00 (CET/CEST)","69","1","345"
"Italy (IT)","09.03.2022 21:00 - 09.03.2022 22:00 (CET/CEST)","0","27","194"
"Italy (IT)","09.03.2022 22:00 - 09.03.2022 23:00 (CET/CEST)","0","28","173"
"Italy (IT)","09.03.2022 23:00 - 10.03.2022 00:00 (CET/CEST)","0","69","18"
"Italy (IT)","10.03.2022 00:00 - 10.03.2022 01:00 (CET/CEST)","30","973","10"
"Italy (IT)","10.03.2022 01:00 - 10.03.2022 02:00 (CET/CEST)","","1219","10"
"Italy (IT)","10.03.2022 02:00 - 10.03.2022 03:00 (CET/CEST)","","1034","10"
"Italy (IT)","10.03.2022 03:00 - 10.03.2022 04:00 (CET/CEST)","9","1143","10"
"Italy (IT)","10.03.2022 04:00 - 10.03.2022 05:00 (CET/CEST)","52","1057","48"
"Italy (IT)","10.03.2022 05:00 - 10.03.2022 06:00 (CET/CEST)","63","151","37"
"Italy (IT)","10.03.2022 06:00 - 10.03.2022 07:00 (CET/CEST)","1295","","236"
"Italy (IT)","10.03.2022 07:00 - 10.03.2022 08:00 (CET/CEST)","1201","","537"
"Italy (IT)","10.03.2022 08:00 - 10.03.2022 09:00 (CET/CEST)","483","","553"
"Italy (IT)","10.03.2022 09:00 - 10.03.2022 10:00 (CET/CEST)","150","1","272"
"Italy (IT)","10.03.2022 10:00 - 10.03.2022 11:00 (CET/CEST)","114","44","149"
"Italy (IT)","10.03.2022 11:00 - 10.03.2022 12:00 (CET/CEST)","","732","93"
"Italy (IT)","10.03.2022 12:00 - 10.03.2022 13:00 (CET/CEST)","","1108","87"
"Italy (IT)","10.03.2022 13:00 - 10.03.2022 14:00 (CET/CEST)","","1222","89"
"Italy (IT)","10.03.2022 14:00 - 10.03.2022 15:00 (CET/CEST)","","1004","86"
"Italy (IT)","10.03.2022 15:00 - 10.03.2022 16:00 (CET/CEST)","54","4","127"
"Italy (IT)","10.03.2022 16:00 - 10.03.2022 17:00 (CET/CEST)","61","7","115"
"Italy (IT)","10.03.2022 17:00 - 10.03.2022 18:00 (CET/CEST)","486","156","246"
"Italy (IT)","10.03.2022 18:00 - 10.03.2022 19:00 (CET/CEST)","1219","94","443"
"Italy (IT)","10.03.2022 19:00 - 10.03.2022 20:00 (CET/CEST)","1889","2","489"
"Italy (IT)","10.03.2022 20:00 - 10.03.2022 21:00 (CET/CEST)","1049","2","222"
"Italy (IT)","10.03.2022 21:00 - 10.03.2022 22:00 (CET/CEST)","1098","74","160"
"Italy (IT)","10.03.2022 22:00 - 10.03.2022 23:00 (CET/CEST)","435","83","78"
"Italy (IT)","10.03.2022 23:00 - 11.03.2022 00:00 (CET/CEST)","0","798","16"
"Italy (IT)","11.03.2022 00:00 - 11.03.2022 01:00 (CET/CEST)","0","63","10"
"Italy (IT)","11.03.2022 01:00 - 11.03.2022 02:00 (CET/CEST)","0","28","10"
"Italy (IT)","11.03.2022 02:00 - 11.03.2022 03:00 (CET/CEST)","0","28","10"
"Italy (IT)","11.03.2022 03:00 - 11.03.2022 04:00 (CET/CEST)","0","175","10"
"Italy (IT)","11.03.2022 04:00 - 11.03.2022 05:00 (CET/CEST)","0","264","10"
"Italy (IT)","11.03.2022 05:00 - 11.03.2022 06:00 (CET/CEST)","0","263","16"
"Italy (IT)","11.03.2022 06:00 - 11.03.2022 07:00 (CET/CEST)","73","107","122"
"Italy (IT)","11.03.2022 07:00 - 11.03.2022 08:00 (CET/CEST)","139","83","272"
"Italy (IT)","11.03.2022 08:00 - 11.03.2022 09:00 (CET/CEST)","285","82","377"
"Italy (IT)","11.03.2022 09:00 - 11.03.2022 10:00 (CET/CEST)","213","24","240"
"Italy (IT)","11.03.2022 10:00 - 11.03.2022 11:00 (CET/CEST)","347","3","106"
"Italy (IT)","11.03.2022 11:00 - 11.03.2022 12:00 (CET/CEST)","306","3","54"
"Italy (IT)","11.03.2022 12:00 - 11.03.2022 13:00 (CET/CEST)","120","3","39"
"Italy (IT)","11.03.2022 13:00 - 11.03.2022 14:00 (CET/CEST)","0","508","29"
"Italy (IT)","11.03.2022 14:00 - 11.03.2022 15:00 (CET/CEST)","0","119","29"
"Italy (IT)","11.03.2022 15:00 - 11.03.2022 16:00 (CET/CEST)","36","3","29"
"Italy (IT)","11.03.2022 16:00 - 11.03.2022 17:00 (CET/CEST)","22","13","113"
"Italy (IT)","11.03.2022 17:00 - 11.03.2022 18:00 (CET/CEST)","31","160","208"
"Italy (IT)","11.03.2022 18:00 - 11.03.2022 19:00 (CET/CEST)","530","159","577"
"Italy (IT)","11.03.2022 19:00 - 11.03.2022 20:00 (CET/CEST)","1228","158","610"
"Italy (IT)","11.03.2022 20:00 - 11.03.2022 21:00 (CET/CEST)","309","131","388"
"Italy (IT)","11.03.2022 21:00 - 11.03.2022 22:00 (CET/CEST)","96","60","168"
"Italy (IT)","11.03.2022 22:00 - 11.03.2022 23:00 (CET/CEST)","27","3","70"
"Italy (IT)","11.03.2022 23:00 - 12.03.2022 00:00 (CET/CEST)","33","3","22"
"Italy (IT)","12.03.2022 00:00 - 12.03.2022 01:00 (CET/CEST)","473","1","105"
"Italy (IT)","12.03.2022 01:00 - 12.03.2022 02:00 (CET/CEST)","159","2","16"
"Italy (IT)","12.03.2022 02:00 - 12.03.2022 03:00 (CET/CEST)","5","494","16"
"Italy (IT)","12.03.2022 03:00 - 12.03.2022 04:00 (CET/CEST)","0","543","16"
"Italy (IT)","12.03.2022 04:00 - 12.03.2022 05:00 (CET/CEST)","0","574","22"
"Italy (IT)","12.03.2022 05:00 - 12.03.2022 06:00 (CET/CEST)","0","539","22"
"Italy (IT)","12.03.2022 06:00 - 12.03.2022 07:00 (CET/CEST)","0","435","71"
"Italy (IT)","12.03.2022 07:00 - 12.03.2022 08:00 (CET/CEST)","21","2","340"
"Italy (IT)","12.03.2022 08:00 - 12.03.2022 09:00 (CET/CEST)","226","2","409"
"Italy (IT)","12.03.2022 09:00 - 12.03.2022 10:00 (CET/CEST)","272","3","268"
"Italy (IT)","12.03.2022 10:00 - 12.03.2022 11:00 (CET/CEST)","0","295","130"
"Italy (IT)","12.03.2022 11:00 - 12.03.2022 12:00 (CET/CEST)","0","789","100"
"Italy (IT)","12.03.2022 12:00 - 12.03.2022 13:00 (CET/CEST)","","1493","22"
"Italy (IT)","12.03.2022 13:00 - 12.03.2022 14:00 (CET/CEST)","","2306","18"
"Italy (IT)","12.03.2022 14:00 - 12.03.2022 15:00 (CET/CEST)","","2339","18"
"Italy (IT)","12.03.2022 15:00 - 12.03.2022 16:00 (CET/CEST)","","2108","18"
"Italy (IT)","12.03.2022 16:00 - 12.03.2022 17:00 (CET/CEST)","22","11","53"
"Italy (IT)","12.03.2022 17:00 - 12.03.2022 18:00 (CET/CEST)","94","1","193"
"Italy (IT)","12.03.2022 18:00 - 12.03.2022 19:00 (CET/CEST)","768","1","346"
"Italy (IT)","12.03.2022 19:00 - 12.03.2022 20:00 (CET/CEST)","1042","1","433"
"Italy (IT)","12.03.2022 20:00 - 12.03.2022 21:00 (CET/CEST)","856","1","323"
"Italy (IT)","12.03.2022 21:00 - 12.03.2022 22:00 (CET/CEST)","638","1","169"
"Italy (IT)","12.03.2022 22:00 - 12.03.2022 23:00 (CET/CEST)","2","1","64"
"Italy (IT)","12.03.2022 23:00 - 13.03.2022 00:00 (CET/CEST)","82","3","20"
"Italy (IT)","13.03.2022 00:00 - 13.03.2022 01:00 (CET/CEST)","1247","3","145"
"Italy (IT)","13.03.2022 01:00 - 13.03.2022 02:00 (CET/CEST)","857","46","29"
"Italy (IT)","13.03.2022 02:00 - 13.03.2022 03:00 (CET/CEST)","0","534","17"
"Italy (IT)","13.03.2022 03:00 - 13.03.2022 04:00 (CET/CEST)","0","544","16"
"Italy (IT)","13.03.2022 04:00 - 13.03.2022 05:00 (CET/CEST)","0","560","22"
"Italy (IT)","13.03.2022 05:00 - 13.03.2022 06:00 (CET/CEST)","0","619","23"
"Italy (IT)","13.03.2022 06:00 - 13.03.2022 07:00 (CET/CEST)","8","387","103"
"Italy (IT)","13.03.2022 07:00 - 13.03.2022 08:00 (CET/CEST)","8","266","118"
"Italy (IT)","13.03.2022 08:00 - 13.03.2022 09:00 (CET/CEST)","8","602","117"
"Italy (IT)","13.03.2022 09:00 - 13.03.2022 10:00 (CET/CEST)","5","727","88"
"Italy (IT)","13.03.2022 10:00 - 13.03.2022 11:00 (CET/CEST)","","1507","83"
"Italy (IT)","13.03.2022 11:00 - 13.03.2022 12:00 (CET/CEST)","","1743","71"
"Italy (IT)","13.03.2022 12:00 - 13.03.2022 13:00 (CET/CEST)","169","1619","61"
"Italy (IT)","13.03.2022 13:00 - 13.03.2022 14:00 (CET/CEST)","240","2177","60"
"Italy (IT)","13.03.2022 14:00 - 13.03.2022 15:00 (CET/CEST)","8","2212","60"
"Italy (IT)","13.03.2022 15:00 - 13.03.2022 16:00 (CET/CEST)","0","2200","60"
"Italy (IT)","13.03.2022 16:00 - 13.03.2022 17:00 (CET/CEST)","33","344","100"
"Italy (IT)","13.03.2022 17:00 - 13.03.2022 18:00 (CET/CEST)","40","325","304"
"Italy (IT)","13.03.2022 18:00 - 13.03.2022 19:00 (CET/CEST)","943","87","581"
"Italy (IT)","13.03.2022 19:00 - 13.03.2022 20:00 (CET/CEST)","1151","1","711"
"Italy (IT)","13.03.2022 20:00 - 13.03.2022 21:00 (CET/CEST)","1009","1","834"
"Italy (IT)","13.03.2022 21:00 - 13.03.2022 22:00 (CET/CEST)","881","1","406"
"Italy (IT)","13.03.2022 22:00 - 13.03.2022 23:00 (CET/CEST)","494","1","223"
"Italy (IT)","13.03.2022 23:00 - 14.03.2022 00:00 (CET/CEST)","0","4","98"
"Italy (IT)","14.03.2022 00:00 - 14.03.2022 01:00 (CET/CEST)","0","7","19"
"Italy (IT)","14.03.2022 01:00 - 14.03.2022 02:00 (CET/CEST)","0","811","21"
"Italy (IT)","14.03.2022 02:00 - 14.03.2022 03:00 (CET/CEST)","0","1390","16"
"Italy (IT)","14.03.2022 03:00 - 14.03.2022 04:00 (CET/CEST)","0","1262","17"
"Italy (IT)","14.03.2022 04:00 - 14.03.2022 05:00 (CET/CEST)","54","746","25"
"Italy (IT)","14.03.2022 05:00 - 14.03.2022 06:00 (CET/CEST)","56","1","38"
"Italy (IT)","14.03.2022 06:00 - 14.03.2022 07:00 (CET/CEST)","210","1","147"
"Italy (IT)","14.03.2022 07:00 - 14.03.2022 08:00 (CET/CEST)","592","1","299"
"Italy (IT)","14.03.2022 08:00 - 14.03.2022 09:00 (CET/CEST)","925","","428"
"Italy (IT)","14.03.2022 09:00 - 14.03.2022 10:00 (CET/CEST)","858","1","248"
"Italy (IT)","14.03.2022 10:00 - 14.03.2022 11:00 (CET/CEST)","362","","155"
"Italy (IT)","14.03.2022 11:00 - 14.03.2022 12:00 (CET/CEST)","203","45","99"
"Italy (IT)","14.03.2022 12:00 - 14.03.2022 13:00 (CET/CEST)","40","490","16"
"Italy (IT)","14.03.2022 13:00 - 14.03.2022 14:00 (CET/CEST)","40","496","15"
"Italy (IT)","14.03.2022 14:00 - 14.03.2022 15:00 (CET/CEST)","31","490","15"
"Italy (IT)","14.03.2022 15:00 - 14.03.2022 16:00 (CET/CEST)","9","1","56"
"Italy (IT)","14.03.2022 16:00 - 14.03.2022 17:00 (CET/CEST)","333","1","154"
"Italy (IT)","14.03.2022 17:00 - 14.03.2022 18:00 (CET/CEST)","313","1","175"
"Italy (IT)","14.03.2022 18:00 - 14.03.2022 19:00 (CET/CEST)","755","1","307"
"Italy (IT)","14.03.2022 19:00 - 14.03.2022 20:00 (CET/CEST)","1046","1","463"
"Italy (IT)","14.03.2022 20:00 - 14.03.2022 21:00 (CET/CEST)","385","1","186"
"Italy (IT)","14.03.2022 21:00 - 14.03.2022 22:00 (CET/CEST)","296","1","89"
"Italy (IT)","14.03.2022 22:00 - 14.03.2022 23:00 (CET/CEST)","10","1","34"
"Italy (IT)","14.03.2022 23:00 - 15.03.2022 00:00 (CET/CEST)","0","1","16"
"Italy (IT)","15.03.2022 00:00 - 15.03.2022 01:00 (CET/CEST)","0","4","16"
"Italy (IT)","15.03.2022 01:00 - 15.03.2022 02:00 (CET/CEST)","0","673","22"
"Italy (IT)","15.03.2022 02:00 - 15.03.2022 03:00 (CET/CEST)","0","1036","16"
"Italy (IT)","15.03.2022 03:00 - 15.03.2022 04:00 (CET/CEST)","0","742","17"
"Italy (IT)","15.03.2022 04:00 - 15.03.2022 05:00 (CET/CEST)","0","735","33"
"Italy (IT)","15.03.2022 05:00 - 15.03.2022 06:00 (CET/CEST)","0","199","32"
"Italy (IT)","15.03.2022 06:00 - 15.03.2022 07:00 (CET/CEST)","48","3","179"
"Italy (IT)","15.03.2022 07:00 - 15.03.2022 08:00 (CET/CEST)","97","2","264"
"Italy (IT)","15.03.2022 08:00 - 15.03.2022 09:00 (CET/CEST)","200","2","328"
"Italy (IT)","15.03.2022 09:00 - 15.03.2022 10:00 (CET/CEST)","372","2","246"
"Italy (IT)","15.03.2022 10:00 - 15.03.2022 11:00 (CET/CEST)","279","2","100"
"Italy (IT)","15.03.2022 11:00 - 15.03.2022 12:00 (CET/CEST)","243","2","37"
"Italy (IT)","15.03.2022 12:00 - 15.03.2022 13:00 (CET/CEST)","42","16","15"
"Italy (IT)","15.03.2022 13:00 - 15.03.2022 14:00 (CET/CEST)","34","194","72"
"Italy (IT)","15.03.2022 14:00 - 15.03.2022 15:00 (CET/CEST)","101","12","61"
"Italy (IT)","15.03.2022 15:00 - 15.03.2022 16:00 (CET/CEST)","101","3","82"
"Italy (IT)","15.03.2022 16:00 - 15.03.2022 17:00 (CET/CEST)","69","3","99"
"Italy (IT)","15.03.2022 17:00 - 15.03.2022 18:00 (CET/CEST)","94","3","237"
"Italy (IT)","15.03.2022 18:00 - 15.03.2022 19:00 (CET/CEST)","133","3","254"
"Italy (IT)","15.03.2022 19:00 - 15.03.2022 20:00 (CET/CEST)","246","3","544"
"Italy (IT)","15.03.2022 20:00 - 15.03.2022 21:00 (CET/CEST)","29","3","244"
"Italy (IT)","15.03.2022 21:00 - 15.03.2022 22:00 (CET/CEST)","0","3","148"
"Italy (IT)","15.03.2022 22:00 - 15.03.2022 23:00 (CET/CEST)","0","3","75"
"Italy (IT)","15.03.2022 23:00 - 16.03.2022 00:00 (CET/CEST)","0","5","51"
"Italy (IT)","16.03.2022 00:00 - 16.03.2022 01:00 (CET/CEST)","0","424","16"
"Italy (IT)","16.03.2022 01:00 - 16.03.2022 02:00 (CET/CEST)","0","405","16"
"Italy (IT)","16.03.2022 02:00 - 16.03.2022 03:00 (CET/CEST)","0","408","16"
"Italy (IT)","16.03.2022 03:00 - 16.03.2022 04:00 (CET/CEST)","0","699","17"
"Italy (IT)","16.03.2022 04:00 - 16.03.2022 05:00 (CET/CEST)","0","496","25"
"Italy (IT)","16.03.2022 05:00 - 16.03.2022 06:00 (CET/CEST)","0","3","31"
"Italy (IT)","16.03.2022 06:00 - 16.03.2022 07:00 (CET/CEST)","728","3","206"
"Italy (IT)","16.03.2022 07:00 - 16.03.2022 08:00 (CET/CEST)","1044","2","368"
"Italy (IT)","16.03.2022 08:00 - 16.03.2022 09:00 (CET/CEST)","1195","","521"
"Italy (IT)","16.03.2022 09:00 - 16.03.2022 10:00 (CET/CEST)","975","2","385"
"Italy (IT)","16.03.2022 10:00 - 16.03.2022 11:00 (CET/CEST)","147","3","289"
"Italy (IT)","16.03.2022 11:00 - 16.03.2022 12:00 (CET/CEST)","6","359","135"
"Italy (IT)","16.03.2022 12:00 - 16.03.2022 13:00 (CET/CEST)","0","397","194"
"Italy (IT)","16.03.2022 13:00 - 16.03.2022 14:00 (CET/CEST)","0","499","192"
"Italy (IT)","16.03.2022 14:00 - 16.03.2022 15:00 (CET/CEST)","0","336","185"
"Italy (IT)","16.03.2022 15:00 - 16.03.2022 16:00 (CET/CEST)","129","3","65"
"Italy (IT)","16.03.2022 16:00 - 16.03.2022 17:00 (CET/CEST)","175","3","105"
"Italy (IT)","16.03.2022 17:00 - 16.03.2022 18:00 (CET/CEST)","311","3","236"
"Italy (IT)","16.03.2022 18:00 - 16.03.2022 19:00 (CET/CEST)","187","3","295"
"Italy (IT)","16.03.2022 19:00 - 16.03.2022 20:00 (CET/CEST)","232","3","628"
"Italy (IT)","16.03.2022 20:00 - 16.03.2022 21:00 (CET/CEST)","431","3","307"
"Italy (IT)","16.03.2022 21:00 - 16.03.2022 22:00 (CET/CEST)","0","105","107"
"Italy (IT)","16.03.2022 22:00 - 16.03.2022 23:00 (CET/CEST)","0","107","55"
"Italy (IT)","16.03.2022 23:00 - 17.03.2022 00:00 (CET/CEST)","0","108","37"
"Italy (IT)","17.03.2022 00:00 - 17.03.2022 01:00 (CET/CEST)","0","606","23"
"Italy (IT)","17.03.2022 01:00 - 17.03.2022 02:00 (CET/CEST)","0","642","18"
"Italy (IT)","17.03.2022 02:00 - 17.03.2022 03:00 (CET/CEST)","0","683","17"
"Italy (IT)","17.03.2022 03:00 - 17.03.2022 04:00 (CET/CEST)","0","736","18"
"Italy (IT)","17.03.2022 04:00 - 17.03.2022 05:00 (CET/CEST)","0","729","26"
"Italy (IT)","17.03.2022 05:00 - 17.03.2022 06:00 (CET/CEST)","0","557","33"
"Italy (IT)","17.03.2022 06:00 - 17.03.2022 07:00 (CET/CEST)","60","3","83"
"Italy (IT)","17.03.2022 07:00 - 17.03.2022 08:00 (CET/CEST)","1328","","295"
"Italy (IT)","17.03.2022 08:00 - 17.03.2022 09:00 (CET/CEST)","1395","","404"
"Italy (IT)","17.03.2022 09:00 - 17.03.2022 10:00 (CET/CEST)","797","1","375"
"Italy (IT)","17.03.2022 10:00 - 17.03.2022 11:00 (CET/CEST)","1120","182","272"
"Italy (IT)","17.03.2022 11:00 - 17.03.2022 12:00 (CET/CEST)","1306","3","299"
"Italy (IT)","17.03.2022 12:00 - 17.03.2022 13:00 (CET/CEST)","424","3","196"
"Italy (IT)","17.03.2022 13:00 - 17.03.2022 14:00 (CET/CEST)","161","3","52"
"Italy (IT)","17.03.2022 14:00 - 17.03.2022 15:00 (CET/CEST)","45","3","145"
"Italy (IT)","17.03.2022 15:00 - 17.03.2022 16:00 (CET/CEST)","0","3","126"
"Italy (IT)","17.03.2022 16:00 - 17.03.2022 17:00 (CET/CEST)","52","3","334"
"Italy (IT)","17.03.2022 17:00 - 17.03.2022 18:00 (CET/CEST)","548","3","383"
"Italy (IT)","17.03.2022 18:00 - 17.03.2022 19:00 (CET/CEST)","1262","","750"
"Italy (IT)","17.03.2022 19:00 - 17.03.2022 20:00 (CET/CEST)","1087","","681"
"Italy (IT)","17.03.2022 20:00 - 17.03.2022 21:00 (CET/CEST)","682","","334"
"Italy (IT)","17.03.2022 21:00 - 17.03.2022 22:00 (CET/CEST)","12","1","86"
"Italy (IT)","17.03.2022 22:00 - 17.03.2022 23:00 (CET/CEST)","0","489","35"
"Italy (IT)","17.03.2022 23:00 - 18.03.2022 00:00 (CET/CEST)","0","408","17"
"Italy (IT)","18.03.2022 00:00 - 18.03.2022 01:00 (CET/CEST)","","498","17"
"Italy (IT)","18.03.2022 01:00 - 18.03.2022 02:00 (CET/CEST)","","1195","18"
"Italy (IT)","18.03.2022 02:00 - 18.03.2022 03:00 (CET/CEST)","","1401","17"
"Italy (IT)","18.03.2022 03:00 - 18.03.2022 04:00 (CET/CEST)","","1523","18"
"Italy (IT)","18.03.2022 04:00 - 18.03.2022 05:00 (CET/CEST)","","1401","26"
"Italy (IT)","18.03.2022 05:00 - 18.03.2022 06:00 (CET/CEST)","","779","33"
"Italy (IT)","18.03.2022 06:00 - 18.03.2022 07:00 (CET/CEST)","443","9","154"
"Italy (IT)","18.03.2022 07:00 - 18.03.2022 08:00 (CET/CEST)","1166","1","251"
"Italy (IT)","18.03.2022 08:00 - 18.03.2022 09:00 (CET/CEST)","1473","1","454"
"Italy (IT)","18.03.2022 09:00 - 18.03.2022 10:00 (CET/CEST)","1075","1","443"
"Italy (IT)","18.03.2022 10:00 - 18.03.2022 11:00 (CET/CEST)","719","3","154"
"Italy (IT)","18.03.2022 11:00 - 18.03.2022 12:00 (CET/CEST)","302","3","123"
"Italy (IT)","18.03.2022 12:00 - 18.03.2022 13:00 (CET/CEST)","452","3","83"
"Italy (IT)","18.03.2022 13:00 - 18.03.2022 14:00 (CET/CEST)","58","3","85"
"Italy (IT)","18.03.2022 14:00 - 18.03.2022 15:00 (CET/CEST)","4","3","251"
"Italy (IT)","18.03.2022 15:00 - 18.03.2022 16:00 (CET/CEST)","0","3","81"
"Italy (IT)","18.03.2022 16:00 - 18.03.2022 17:00 (CET/CEST)","68","5","137"
"Italy (IT)","18.03.2022 17:00 - 18.03.2022 18:00 (CET/CEST)","35","14","321"
"Italy (IT)","18.03.2022 18:00 - 18.03.2022 19:00 (CET/CEST)","936","1","267"
"Italy (IT)","18.03.2022 19:00 - 18.03.2022 20:00 (CET/CEST)","1000","1","621"
"Italy (IT)","18.03.2022 20:00 - 18.03.2022 21:00 (CET/CEST)","160","2","250"
"Italy (IT)","18.03.2022 21:00 - 18.03.2022 22:00 (CET/CEST)","0","373","150"
"Italy (IT)","18.03.2022 22:00 - 18.03.2022 23:00 (CET/CEST)","0","441","87"
"Italy (IT)","18.03.2022 23:00 - 19.03.2022 00:00 (CET/CEST)","0","485","71"
"Italy (IT)","19.03.2022 00:00 - 19.03.2022 01:00 (CET/CEST)","97","180","93"
"Italy (IT)","19.03.2022 01:00 - 19.03.2022 02:00 (CET/CEST)","","701","17"
"Italy (IT)","19.03.2022 02:00 - 19.03.2022 03:00 (CET/CEST)","","769","18"
"Italy (IT)","19.03.2022 03:00 - 19.03.2022 04:00 (CET/CEST)","","984","19"
"Italy (IT)","19.03.2022 04:00 - 19.03.2022 05:00 (CET/CEST)","0","976","26"
"Italy (IT)","19.03.2022 05:00 - 19.03.2022 06:00 (CET/CEST)","0","593","39"
"Italy (IT)","19.03.2022 06:00 - 19.03.2022 07:00 (CET/CEST)","8","35","68"
"Italy (IT)","19.03.2022 07:00 - 19.03.2022 08:00 (CET/CEST)","1","34","166"
"Italy (IT)","19.03.2022 08:00 - 19.03.2022 09:00 (CET/CEST)","128","3","410"
"Italy (IT)","19.03.2022 09:00 - 19.03.2022 10:00 (CET/CEST)","192","46","434"
"Italy (IT)","19.03.2022 10:00 - 19.03.2022 11:00 (CET/CEST)","151","48","297"
"Italy (IT)","19.03.2022 11:00 - 19.03.2022 12:00 (CET/CEST)","0","520","73"
"Italy (IT)","19.03.2022 12:00 - 19.03.2022 13:00 (CET/CEST)","","544","76"
"Italy (IT)","19.03.2022 13:00 - 19.03.2022 14:00 (CET/CEST)","","630","41"
"Italy (IT)","19.03.2022 14:00 - 19.03.2022 15:00 (CET/CEST)","0","346","73"
"Italy (IT)","19.03.2022 15:00 - 19.03.2022 16:00 (CET/CEST)","0","216","32"
"Italy (IT)","19.03.2022 16:00 - 19.03.2022 17:00 (CET/CEST)","0","4","98"
"Italy (IT)","19.03.2022 17:00 - 19.03.2022 18:00 (CET/CEST)","4","3","146"
"Italy (IT)","19.03.2022 18:00 - 19.03.2022 19:00 (CET/CEST)","842","3","294"
"Italy (IT)","19.03.2022 19:00 - 19.03.2022 20:00 (CET/CEST)","1711","3","603"
"Italy (IT)","19.03.2022 20:00 - 19.03.2022 21:00 (CET/CEST)","1238","3","354"
"Italy (IT)","19.03.2022 21:00 - 19.03.2022 22:00 (CET/CEST)","278","3","175"
"Italy (IT)","19.03.2022 22:00 - 19.03.2022 23:00 (CET/CEST)","4","3","72"
"Italy (IT)","19.03.2022 23:00 - 20.03.2022 00:00 (CET/CEST)","0","51","55"
"Italy (IT)","20.03.2022 00:00 - 20.03.2022 01:00 (CET/CEST)","0","403","17"
"Italy (IT)","20.03.2022 01:00 - 20.03.2022 02:00 (CET/CEST)","51","302","85"
"Italy (IT)","20.03.2022 02:00 - 20.03.2022 03:00 (CET/CEST)","12","212","30"
"Italy (IT)","20.03.2022 03:00 - 20.03.2022 04:00 (CET/CEST)","16","210","28"
"Italy (IT)","20.03.2022 04:00 - 20.03.2022 05:00 (CET/CEST)","71","213","36"
"Italy (IT)","20.03.2022 05:00 - 20.03.2022 06:00 (CET/CEST)","43","207","45"
"Italy (IT)","20.03.2022 06:00 - 20.03.2022 07:00 (CET/CEST)","15","2","54"
"Italy (IT)","20.03.2022 07:00 - 20.03.2022 08:00 (CET/CEST)","19","2","142"
"Italy (IT)","20.03.2022 08:00 - 20.03.2022 09:00 (CET/CEST)","53","2","194"
"Italy (IT)","20.03.2022 09:00 - 20.03.2022 10:00 (CET/CEST)","54","2","156"
"Italy (IT)","20.03.2022 10:00 - 20.03.2022 11:00 (CET/CEST)","18","369","83"
"Italy (IT)","20.03.2022 11:00 - 20.03.2022 12:00 (CET/CEST)","19","372","35"
"Italy (IT)","20.03.2022 12:00 - 20.03.2022 13:00 (CET/CEST)","19","370","80"
"Italy (IT)","20.03.2022 13:00 - 20.03.2022 14:00 (CET/CEST)","18","532","86"
"Italy (IT)","20.03.2022 14:00 - 20.03.2022 15:00 (CET/CEST)","10","536","77"
"Italy (IT)","20.03.2022 15:00 - 20.03.2022 16:00 (CET/CEST)","","742","68"
"Italy (IT)","20.03.2022 16:00 - 20.03.2022 17:00 (CET/CEST)","","523","38"
"Italy (IT)","20.03.2022 17:00 - 20.03.2022 18:00 (CET/CEST)","0","225","129"
"Italy (IT)","20.03.2022 18:00 - 20.03.2022 19:00 (CET/CEST)","447","3","171"
"Italy (IT)","20.03.2022 19:00 - 20.03.2022 20:00 (CET/CEST)","794","1","532"
"Italy (IT)","20.03.2022 20:00 - 20.03.2022 21:00 (CET/CEST)","737","2","497"
"Italy (IT)","20.03.2022 21:00 - 20.03.2022 22:00 (CET/CEST)","75","3","241"
"Italy (IT)","20.03.2022 22:00 - 20.03.2022 23:00 (CET/CEST)","0","4","77"
"Italy (IT)","20.03.2022 23:00 - 21.03.2022 00:00 (CET/CEST)","","16","17"
"Italy (IT)","21.03.2022 00:00 - 21.03.2022 01:00 (CET/CEST)","","851","31"
"Italy (IT)","21.03.2022 01:00 - 21.03.2022 02:00 (CET/CEST)","","818","31"
"Italy (IT)","21.03.2022 02:00 - 21.03.2022 03:00 (CET/CEST)","","985","31"
"Italy (IT)","21.03.2022 03:00 - 21.03.2022 04:00 (CET/CEST)","","757","32"
"Italy (IT)","21.03.2022 04:00 - 21.03.2022 05:00 (CET/CEST)","","565","40"
"Italy (IT)","21.03.2022 05:00 - 21.03.2022 06:00 (CET/CEST)","3","391","47"
"Italy (IT)","21.03.2022 06:00 - 21.03.2022 07:00 (CET/CEST)","1079","8","190"
"Italy (IT)","21.03.2022 07:00 - 21.03.2022 08:00 (CET/CEST)","1275","2","386"
"Italy (IT)","21.03.2022 08:00 - 21.03.2022 09:00 (CET/CEST)","992","2","654"
"Italy (IT)","21.03.2022 09:00 - 21.03.2022 10:00 (CET/CEST)","421","163","735"
"Italy (IT)","21.03.2022 10:00 - 21.03.2022 11:00 (CET/CEST)","","545","250"
"Italy (IT)","21.03.2022 11:00 - 21.03.2022 12:00 (CET/CEST)","","1157","130"
"Italy (IT)","21.03.2022 12:00 - 21.03.2022 13:00 (CET/CEST)","0","1174","25"
"Italy (IT)","21.03.2022 13:00 - 21.03.2022 14:00 (CET/CEST)","","1628","25"
"Italy (IT)","21.03.2022 14:00 - 21.03.2022 15:00 (CET/CEST)","","1018","22"
"Italy (IT)","21.03.2022 15:00 - 21.03.2022 16:00 (CET/CEST)","","377","22"
"Italy (IT)","21.03.2022 16:00 - 21.03.2022 17:00 (CET/CEST)","1","215","70"
"Italy (IT)","21.03.2022 17:00 - 21.03.2022 18:00 (CET/CEST)","526","2","344"
"Italy (IT)","21.03.2022 18:00 - 21.03.2022 19:00 (CET/CEST)","1151","1","730"
"Italy (IT)","21.03.2022 19:00 - 21.03.2022 20:00 (CET/CEST)","1195","1","786"
"Italy (IT)","21.03.2022 20:00 - 21.03.2022 21:00 (CET/CEST)","968","2","415"
"Italy (IT)","21.03.2022 21:00 - 21.03.2022 22:00 (CET/CEST)","337","3","233"
"Italy (IT)","21.03.2022 22:00 - 21.03.2022 23:00 (CET/CEST)","3","4","79"
"Italy (IT)","21.03.2022 23:00 - 22.03.2022 00:00 (CET/CEST)","","311","24"
"Italy (IT)","22.03.2022 00:00 - 22.03.2022 01:00 (CET/CEST)","","1120","104"
"Italy (IT)","22.03.2022 01:00 - 22.03.2022 02:00 (CET/CEST)","","727","118"
"Italy (IT)","22.03.2022 02:00 - 22.03.2022 03:00 (CET/CEST)","","608","119"
"Italy (IT)","22.03.2022 03:00 - 22.03.2022 04:00 (CET/CEST)","","532","120"
"Italy (IT)","22.03.2022 04:00 - 22.03.2022 05:00 (CET/CEST)","","450","127"
"Italy (IT)","22.03.2022 05:00 - 22.03.2022 06:00 (CET/CEST)","5","109","149"
"Italy (IT)","22.03.2022 06:00 - 22.03.2022 07:00 (CET/CEST)","825","3","343"
"Italy (IT)","22.03.2022 07:00 - 22.03.2022 08:00 (CET/CEST)","993","2","466"
"Italy (IT)","22.03.2022 08:00 - 22.03.2022 09:00 (CET/CEST)","916","","464"
"Italy (IT)","22.03.2022 09:00 - 22.03.2022 10:00 (CET/CEST)","110","","297"
"Italy (IT)","22.03.2022 10:00 - 22.03.2022 11:00 (CET/CEST)","0","1067","341"
"Italy (IT)","22.03.2022 11:00 - 22.03.2022 12:00 (CET/CEST)","0","1011","179"
"Italy (IT)","22.03.2022 12:00 - 22.03.2022 13:00 (CET/CEST)","0","548","34"
"Italy (IT)","22.03.2022 13:00 - 22.03.2022 14:00 (CET/CEST)","0","467","34"
"Italy (IT)","22.03.2022 14:00 - 22.03.2022 15:00 (CET/CEST)","0","153","34"
"Italy (IT)","22.03.2022 15:00 - 22.03.2022 16:00 (CET/CEST)","0","144","35"
"Italy (IT)","22.03.2022 16:00 - 22.03.2022 17:00 (CET/CEST)","22","162","65"
"Italy (IT)","22.03.2022 17:00 - 22.03.2022 18:00 (CET/CEST)","420","212","357"
"Italy (IT)","22.03.2022 18:00 - 22.03.2022 19:00 (CET/CEST)","877","1","342"
"Italy (IT)","22.03.2022 19:00 - 22.03.2022 20:00 (CET/CEST)","1514","1","487"
"Italy (IT)","22.03.2022 20:00 - 22.03.2022 21:00 (CET/CEST)","759","1","330"
"Italy (IT)","22.03.2022 21:00 - 22.03.2022 22:00 (CET/CEST)","32","1","75"
"Italy (IT)","22.03.2022 22:00 - 22.03.2022 23:00 (CET/CEST)","26","1","61"
"Italy (IT)","22.03.2022 23:00 - 23.03.2022 00:00 (CET/CEST)","0","372","45"
"Italy (IT)","23.03.2022 00:00 - 23.03.2022 01:00 (CET/CEST)","0","139","27"
"Italy (IT)","23.03.2022 01:00 - 23.03.2022 02:00 (CET/CEST)","0","669","27"
"Italy (IT)","23.03.2022 02:00 - 23.03.2022 03:00 (CET/CEST)","0","384","27"
"Italy (IT)","23.03.2022 03:00 - 23.03.2022 04:00 (CET/CEST)","0","179","28"
"Italy (IT)","23.03.2022 04:00 - 23.03.2022 05:00 (CET/CEST)","0","177","36"
"Italy (IT)","23.03.2022 05:00 - 23.03.2022 06:00 (CET/CEST)","1","2","43"
"Italy (IT)","23.03.2022 06:00 - 23.03.2022 07:00 (CET/CEST)","235","","301"
"Italy (IT)","23.03.2022 07:00 - 23.03.2022 08:00 (CET/CEST)","635","","535"
"Italy (IT)","23.03.2022 08:00 - 23.03.2022 09:00 (CET/CEST)","254","","378"
"Italy (IT)","23.03.2022 09:00 - 23.03.2022 10:00 (CET/CEST)","123","4","265"
"Italy (IT)","23.03.2022 10:00 - 23.03.2022 11:00 (CET/CEST)","94","150","83"
"Italy (IT)","23.03.2022 11:00 - 23.03.2022 12:00 (CET/CEST)","0","425","54"
"Italy (IT)","23.03.2022 12:00 - 23.03.2022 13:00 (CET/CEST)","0","800","46"
"Italy (IT)","23.03.2022 13:00 - 23.03.2022 14:00 (CET/CEST)","0","576","46"
"Italy (IT)","23.03.2022 14:00 - 23.03.2022 15:00 (CET/CEST)","65","431","46"
"Italy (IT)","23.03.2022 15:00 - 23.03.2022 16:00 (CET/CEST)","0","407","47"
"Italy (IT)","23.03.2022 16:00 - 23.03.2022 17:00 (CET/CEST)","5","350","52"
"Italy (IT)","23.03.2022 17:00 - 23.03.2022 18:00 (CET/CEST)","177","1","274"
"Italy (IT)","23.03.2022 18:00 - 23.03.2022 19:00 (CET/CEST)","762","","380"
"Italy (IT)","23.03.2022 19:00 - 23.03.2022 20:00 (CET/CEST)","1381","","824"
"Italy (IT)","23.03.2022 20:00 - 23.03.2022 21:00 (CET/CEST)","443","","350"
"Italy (IT)","23.03.2022 21:00 - 23.03.2022 22:00 (CET/CEST)","391","1","206"
"Italy (IT)","23.03.2022 22:00 - 23.03.2022 23:00 (CET/CEST)","35","1","90"
"Italy (IT)","23.03.2022 23:00 - 24.03.2022 00:00 (CET/CEST)","27","1","65"
"Italy (IT)","24.03.2022 00:00 - 24.03.2022 01:00 (CET/CEST)","17","1","46"
"Italy (IT)","24.03.2022 01:00 - 24.03.2022 02:00 (CET/CEST)","0","474","30"
"Italy (IT)","24.03.2022 02:00 - 24.03.2022 03:00 (CET/CEST)","0","604","46"
"Italy (IT)","24.03.2022 03:00 - 24.03.2022 04:00 (CET/CEST)","0","894","30"
"Italy (IT)","24.03.2022 04:00 - 24.03.2022 05:00 (CET/CEST)","0","766","53"
"Italy (IT)","24.03.2022 05:00 - 24.03.2022 06:00 (CET/CEST)","0","274","62"
"Italy (IT)","24.03.2022 06:00 - 24.03.2022 07:00 (CET/CEST)","263","1","259"
"Italy (IT)","24.03.2022 07:00 - 24.03.2022 08:00 (CET/CEST)","351","","558"
"Italy (IT)","24.03.2022 08:00 - 24.03.2022 09:00 (CET/CEST)","545","","527"
"Italy (IT)","24.03.2022 09:00 - 24.03.2022 10:00 (CET/CEST)","253","","357"
"Italy (IT)","24.03.2022 10:00 - 24.03.2022 11:00 (CET/CEST)","84","5","51"
"Italy (IT)","24.03.2022 11:00 - 24.03.2022 12:00 (CET/CEST)","0","481","46"
"Italy (IT)","24.03.2022 12:00 - 24.03.2022 13:00 (CET/CEST)","0","507","36"
"Italy (IT)","24.03.2022 13:00 - 24.03.2022 14:00 (CET/CEST)","0","587","35"
"Italy (IT)","24.03.2022 14:00 - 24.03.2022 15:00 (CET/CEST)","0","573","36"
"Italy (IT)","24.03.2022 15:00 - 24.03.2022 16:00 (CET/CEST)","15","280","130"
"Italy (IT)","24.03.2022 16:00 - 24.03.2022 17:00 (CET/CEST)","99","1","160"
"Italy (IT)","24.03.2022 17:00 - 24.03.2022 18:00 (CET/CEST)","1044","","564"
"Italy (IT)","24.03.2022 18:00 - 24.03.2022 19:00 (CET/CEST)","1382","","676"
"Italy (IT)","24.03.2022 19:00 - 24.03.2022 20:00 (CET/CEST)","1929","","885"
"Italy (IT)","24.03.2022 20:00 - 24.03.2022 21:00 (CET/CEST)","722","","509"
"Italy (IT)","24.03.2022 21:00 - 24.03.2022 22:00 (CET/CEST)","520","1","352"
"Italy (IT)","24.03.2022 22:00 - 24.03.2022 23:00 (CET/CEST)","31","1","154"
"Italy (IT)","24.03.2022 23:00 - 25.03.2022 00:00 (CET/CEST)","0","61","136"
"Italy (IT)","25.03.2022 00:00 - 25.03.2022 01:00 (CET/CEST)","0","470","31"
"Italy (IT)","25.03.2022 01:00 - 25.03.2022 02:00 (CET/CEST)","0","471","30"
"Italy (IT)","25.03.2022 02:00 - 25.03.2022 03:00 (CET/CEST)","0","469","25"
"Italy (IT)","25.03.2022 03:00 - 25.03.2022 04:00 (CET/CEST)","0","1167","30"
"Italy (IT)","25.03.2022 04:00 - 25.03.2022 05:00 (CET/CEST)","0","1178","30"
"Italy (IT)","25.03.2022 05:00 - 25.03.2022 06:00 (CET/CEST)","0","1055","141"
"Italy (IT)","25.03.2022 06:00 - 25.03.2022 07:00 (CET/CEST)","778","1","504"
"Italy (IT)","25.03.2022 07:00 - 25.03.2022 08:00 (CET/CEST)","962","1","645"
"Italy (IT)","25.03.2022 08:00 - 25.03.2022 09:00 (CET/CEST)","955","1","527"
"Italy (IT)","25.03.2022 09:00 - 25.03.2022 10:00 (CET/CEST)","364","1","256"
"Italy (IT)","25.03.2022 10:00 - 25.03.2022 11:00 (CET/CEST)","441","1","284"
"Italy (IT)","25.03.2022 11:00 - 25.03.2022 12:00 (CET/CEST)","83","483","80"
"Italy (IT)","25.03.2022 12:00 - 25.03.2022 13:00 (CET/CEST)","1","464","83"
"Italy (IT)","25.03.2022 13:00 - 25.03.2022 14:00 (CET/CEST)","0","434","47"
"Italy (IT)","25.03.2022 14:00 - 25.03.2022 15:00 (CET/CEST)","0","330","26"
"Italy (IT)","25.03.2022 15:00 - 25.03.2022 16:00 (CET/CEST)","0","330","26"
"Italy (IT)","25.03.2022 16:00 - 25.03.2022 17:00 (CET/CEST)","0","1","44"
"Italy (IT)","25.03.2022 17:00 - 25.03.2022 18:00 (CET/CEST)","111","3","197"
"Italy (IT)","25.03.2022 18:00 - 25.03.2022 19:00 (CET/CEST)","651","","438"
"Italy (IT)","25.03.2022 19:00 - 25.03.2022 20:00 (CET/CEST)","1360","","645"
"Italy (IT)","25.03.2022 20:00 - 25.03.2022 21:00 (CET/CEST)","665","","458"
"Italy (IT)","25.03.2022 21:00 - 25.03.2022 22:00 (CET/CEST)","276","","288"
"Italy (IT)","25.03.2022 22:00 - 25.03.2022 23:00 (CET/CEST)","0","","69"
"Italy (IT)","25.03.2022 23:00 - 26.03.2022 00:00 (CET/CEST)","0","","42"
"Italy (IT)","26.03.2022 00:00 - 26.03.2022 01:00 (CET/CEST)","0","2","22"
"Italy (IT)","26.03.2022 01:00 - 26.03.2022 02:00 (CET/CEST)","0","53","22"
"Italy (IT)","26.03.2022 02:00 - 26.03.2022 03:00 (CET/CEST)","0","109","22"
"Italy (IT)","26.03.2022 03:00 - 26.03.2022 04:00 (CET/CEST)","0","109","22"
"Italy (IT)","26.03.2022 04:00 - 26.03.2022 05:00 (CET/CEST)","3","109","22"
"Italy (IT)","26.03.2022 05:00 - 26.03.2022 06:00 (CET/CEST)","230","108","26"
"Italy (IT)","26.03.2022 06:00 - 26.03.2022 07:00 (CET/CEST)","140","","181"
"Italy (IT)","26.03.2022 07:00 - 26.03.2022 08:00 (CET/CEST)","153","","435"
"Italy (IT)","26.03.2022 08:00 - 26.03.2022 09:00 (CET/CEST)","251","","455"
"Italy (IT)","26.03.2022 09:00 - 26.03.2022 10:00 (CET/CEST)","256","","289"
"Italy (IT)","26.03.2022 10:00 - 26.03.2022 11:00 (CET/CEST)","123","","72"
"Italy (IT)","26.03.2022 11:00 - 26.03.2022 12:00 (CET/CEST)","33","264","8"
"Italy (IT)","26.03.2022 12:00 - 26.03.2022 13:00 (CET/CEST)","34","517","4"
"Italy (IT)","26.03.2022 13:00 - 26.03.2022 14:00 (CET/CEST)","26","1559","4"
"Italy (IT)","26.03.2022 14:00 - 26.03.2022 15:00 (CET/CEST)","11","1380","4"
"Italy (IT)","26.03.2022 15:00 - 26.03.2022 16:00 (CET/CEST)","0","1235","77"
"Italy (IT)","26.03.2022 16:00 - 26.03.2022 17:00 (CET/CEST)","0","95","36"
"Italy (IT)","26.03.2022 17:00 - 26.03.2022 18:00 (CET/CEST)","117","","249"
"Italy (IT)","26.03.2022 18:00 - 26.03.2022 19:00 (CET/CEST)","1348","","453"
"Italy (IT)","26.03.2022 19:00 - 26.03.2022 20:00 (CET/CEST)","1528","","441"
"Italy (IT)","26.03.2022 20:00 - 26.03.2022 21:00 (CET/CEST)","1349","","172"
"Italy (IT)","26.03.2022 21:00 - 26.03.2022 22:00 (CET/CEST)","10","","139"
"Italy (IT)","26.03.2022 22:00 - 26.03.2022 23:00 (CET/CEST)","5","","158"
"Italy (IT)","26.03.2022 23:00 - 27.03.2022 00:00 (CET/CEST)","127","","179"
"Italy (IT)","27.03.2022 00:00 - 27.03.2022 01:00 (CET/CEST)","31","","132"
"Italy (IT)","27.03.2022 01:00 - 27.03.2022 02:00 (CET/CEST)","0","62","7"
"Italy (IT)","27.03.2022 02:00 - 27.03.2022 03:00 (CET/CEST)","","",""
"Italy (IT)","27.03.2022 03:00 - 27.03.2022 04:00 (CET/CEST)","0","576","6"
"Italy (IT)","27.03.2022 04:00 - 27.03.2022 05:00 (CET/CEST)","0","156","12"
"Italy (IT)","27.03.2022 05:00 - 27.03.2022 06:00 (CET/CEST)","0","422","26"
"Italy (IT)","27.03.2022 06:00 - 27.03.2022 07:00 (CET/CEST)","0","504","60"
"Italy (IT)","27.03.2022 07:00 - 27.03.2022 08:00 (CET/CEST)","13","501","85"
"Italy (IT)","27.03.2022 08:00 - 27.03.2022 09:00 (CET/CEST)","12","497","166"
"Italy (IT)","27.03.2022 09:00 - 27.03.2022 10:00 (CET/CEST)","8","497","92"
"Italy (IT)","27.03.2022 10:00 - 27.03.2022 11:00 (CET/CEST)","0","1041","30"
"Italy (IT)","27.03.2022 11:00 - 27.03.2022 12:00 (CET/CEST)","0","1521","10"
"Italy (IT)","27.03.2022 12:00 - 27.03.2022 13:00 (CET/CEST)","0","1564","4"
"Italy (IT)","27.03.2022 13:00 - 27.03.2022 14:00 (CET/CEST)","0","1605","86"
"Italy (IT)","27.03.2022 14:00 - 27.03.2022 15:00 (CET/CEST)","0","2255","67"
"Italy (IT)","27.03.2022 15:00 - 27.03.2022 16:00 (CET/CEST)","0","2187","5"
"Italy (IT)","27.03.2022 16:00 - 27.03.2022 17:00 (CET/CEST)","0","1774","15"
"Italy (IT)","27.03.2022 17:00 - 27.03.2022 18:00 (CET/CEST)","0","1597","76"
"Italy (IT)","27.03.2022 18:00 - 27.03.2022 19:00 (CET/CEST)","28","66","116"
"Italy (IT)","27.03.2022 19:00 - 27.03.2022 20:00 (CET/CEST)","2391","","325"
"Italy (IT)","27.03.2022 20:00 - 27.03.2022 21:00 (CET/CEST)","2368","","372"
"Italy (IT)","27.03.2022 21:00 - 27.03.2022 22:00 (CET/CEST)","2672","","244"
"Italy (IT)","27.03.2022 22:00 - 27.03.2022 23:00 (CET/CEST)","2313","","225"
"Italy (IT)","27.03.2022 23:00 - 28.03.2022 00:00 (CET/CEST)","219","2","190"
"Italy (IT)","28.03.2022 00:00 - 28.03.2022 01:00 (CET/CEST)","0","761","6"
"Italy (IT)","28.03.2022 01:00 - 28.03.2022 02:00 (CET/CEST)","13","1041","4"
"Italy (IT)","28.03.2022 02:00 - 28.03.2022 03:00 (CET/CEST)","0","1912","4"
"Italy (IT)","28.03.2022 03:00 - 28.03.2022 04:00 (CET/CEST)","0","1921","4"
"Italy (IT)","28.03.2022 04:00 - 28.03.2022 05:00 (CET/CEST)","0","2015","5"
"Italy (IT)","28.03.2022 05:00 - 28.03.2022 06:00 (CET/CEST)","3","709","15"
"Italy (IT)","28.03.2022 06:00 - 28.03.2022 07:00 (CET/CEST)","1046","1","162"
"Italy (IT)","28.03.2022 07:00 - 28.03.2022 08:00 (CET/CEST)","1241","","570"
"Italy (IT)","28.03.2022 08:00 - 28.03.2022 09:00 (CET/CEST)","1684","","637"
"Italy (IT)","28.03.2022 09:00 - 28.03.2022 10:00 (CET/CEST)","1068","","543"
"Italy (IT)","28.03.2022 10:00 - 28.03.2022 11:00 (CET/CEST)","633","","318"
"Italy (IT)","28.03.2022 11:00 - 28.03.2022 12:00 (CET/CEST)","120","","93"
"Italy (IT)","28.03.2022 12:00 - 28.03.2022 13:00 (CET/CEST)","142","","163"
"Italy (IT)","28.03.2022 13:00 - 28.03.2022 14:00 (CET/CEST)","35","189","61"
"Italy (IT)","28.03.2022 14:00 - 28.03.2022 15:00 (CET/CEST)","0","206","41"
"Italy (IT)","28.03.2022 15:00 - 28.03.2022 16:00 (CET/CEST)","0","1","46"
"Italy (IT)","28.03.2022 16:00 - 28.03.2022 17:00 (CET/CEST)","11","","34"
"Italy (IT)","28.03.2022 17:00 - 28.03.2022 18:00 (CET/CEST)","33","","116"
"Italy (IT)","28.03.2022 18:00 - 28.03.2022 19:00 (CET/CEST)","662","","215"
"Italy (IT)","28.03.2022 19:00 - 28.03.2022 20:00 (CET/CEST)","1056","","301"
"Italy (IT)","28.03.2022 20:00 - 28.03.2022 21:00 (CET/CEST)","1007","","324"
"Italy (IT)","28.03.2022 21:00 - 28.03.2022 22:00 (CET/CEST)","943","","221"
"Italy (IT)","28.03.2022 22:00 - 28.03.2022 23:00 (CET/CEST)","38","","180"
"Italy (IT)","28.03.2022 23:00 - 29.03.2022 00:00 (CET/CEST)","0","1","34"
"Italy (IT)","29.03.2022 00:00 - 29.03.2022 01:00 (CET/CEST)","0","2","50"
"Italy (IT)","29.03.2022 01:00 - 29.03.2022 02:00 (CET/CEST)","0","397","50"
"Italy (IT)","29.03.2022 02:00 - 29.03.2022 03:00 (CET/CEST)","0","710","50"
"Italy (IT)","29.03.2022 03:00 - 29.03.2022 04:00 (CET/CEST)","0","1048","50"
"Italy (IT)","29.03.2022 04:00 - 29.03.2022 05:00 (CET/CEST)","0","1048","50"
"Italy (IT)","29.03.2022 05:00 - 29.03.2022 06:00 (CET/CEST)","0","399","72"
"Italy (IT)","29.03.2022 06:00 - 29.03.2022 07:00 (CET/CEST)","184","","150"
"Italy (IT)","29.03.2022 07:00 - 29.03.2022 08:00 (CET/CEST)","211","","328"
"Italy (IT)","29.03.2022 08:00 - 29.03.2022 09:00 (CET/CEST)","431","","527"
"Italy (IT)","29.03.2022 09:00 - 29.03.2022 10:00 (CET/CEST)","364","","407"
"Italy (IT)","29.03.2022 10:00 - 29.03.2022 11:00 (CET/CEST)","335","3","207"
"Italy (IT)","29.03.2022 11:00 - 29.03.2022 12:00 (CET/CEST)","350","57","159"
"Italy (IT)","29.03.2022 12:00 - 29.03.2022 13:00 (CET/CEST)","0","56","51"
"Italy (IT)","29.03.2022 13:00 - 29.03.2022 14:00 (CET/CEST)","0","57","23"
"Italy (IT)","29.03.2022 14:00 - 29.03.2022 15:00 (CET/CEST)","0","106","29"
"Italy (IT)","29.03.2022 15:00 - 29.03.2022 16:00 (CET/CEST)","0","173","30"
"Italy (IT)","29.03.2022 16:00 - 29.03.2022 17:00 (CET/CEST)","0","38","34"
"Italy (IT)","29.03.2022 17:00 - 29.03.2022 18:00 (CET/CEST)","15","","177"
"Italy (IT)","29.03.2022 18:00 - 29.03.2022 19:00 (CET/CEST)","449","","223"
"Italy (IT)","29.03.2022 19:00 - 29.03.2022 20:00 (CET/CEST)","225","","184"
"Italy (IT)","29.03.2022 20:00 - 29.03.2022 21:00 (CET/CEST)","244","","253"
"Italy (IT)","29.03.2022 21:00 - 29.03.2022 22:00 (CET/CEST)","308","","84"
"Italy (IT)","29.03.2022 22:00 - 29.03.2022 23:00 (CET/CEST)","175","","116"
"Italy (IT)","29.03.2022 23:00 - 30.03.2022 00:00 (CET/CEST)","21","","34"
"Italy (IT)","30.03.2022 00:00 - 30.03.2022 01:00 (CET/CEST)","0","","10"
"Italy (IT)","30.03.2022 01:00 - 30.03.2022 02:00 (CET/CEST)","0","2","10"
"Italy (IT)","30.03.2022 02:00 - 30.03.2022 03:00 (CET/CEST)","0","187","10"
"Italy (IT)","30.03.2022 03:00 - 30.03.2022 04:00 (CET/CEST)","0","188","10"
"Italy (IT)","30.03.2022 04:00 - 30.03.2022 05:00 (CET/CEST)","0","255","10"
"Italy (IT)","30.03.2022 05:00 - 30.03.2022 06:00 (CET/CEST)","0","","36"
"Italy (IT)","30.03.2022 06:00 - 30.03.2022 07:00 (CET/CEST)","30","","124"
"Italy (IT)","30.03.2022 07:00 - 30.03.2022 08:00 (CET/CEST)","23","","220"
"Italy (IT)","30.03.2022 08:00 - 30.03.2022 09:00 (CET/CEST)","517","","451"
"Italy (IT)","30.03.2022 09:00 - 30.03.2022 10:00 (CET/CEST)","1231","","808"
"Italy (IT)","30.03.2022 10:00 - 30.03.2022 11:00 (CET/CEST)","1103","","791"
"Italy (IT)","30.03.2022 11:00 - 30.03.2022 12:00 (CET/CEST)","1032","2","737"
"Italy (IT)","30.03.2022 12:00 - 30.03.2022 13:00 (CET/CEST)","906","","683"
"Italy (IT)","30.03.2022 13:00 - 30.03.2022 14:00 (CET/CEST)","212","","599"
"Italy (IT)","30.03.2022 14:00 - 30.03.2022 15:00 (CET/CEST)","248","","499"
"Italy (IT)","30.03.2022 15:00 - 30.03.2022 16:00 (CET/CEST)","294","2","427"
"Italy (IT)","30.03.2022 16:00 - 30.03.2022 17:00 (CET/CEST)","321","","415"
"Italy (IT)","30.03.2022 17:00 - 30.03.2022 18:00 (CET/CEST)","493","","459"
"Italy (IT)","30.03.2022 18:00 - 30.03.2022 19:00 (CET/CEST)","171","","301"
"Italy (IT)","30.03.2022 19:00 - 30.03.2022 20:00 (CET/CEST)","546","","291"
"Italy (IT)","30.03.2022 20:00 - 30.03.2022 21:00 (CET/CEST)","422","","299"
"Italy (IT)","30.03.2022 21:00 - 30.03.2022 22:00 (CET/CEST)","105","","105"
"Italy (IT)","30.03.2022 22:00 - 30.03.2022 23:00 (CET/CEST)","122","","98"
"Italy (IT)","30.03.2022 23:00 - 31.03.2022 00:00 (CET/CEST)","82","7","83"
"Italy (IT)","31.03.2022 00:00 - 31.03.2022 01:00 (CET/CEST)","0","418","13"
"Italy (IT)","31.03.2022 01:00 - 31.03.2022 02:00 (CET/CEST)","0","609","13"
"Italy (IT)","31.03.2022 02:00 - 31.03.2022 03:00 (CET/CEST)","0","1261","13"
"Italy (IT)","31.03.2022 03:00 - 31.03.2022 04:00 (CET/CEST)","0","1404","13"
"Italy (IT)","31.03.2022 04:00 - 31.03.2022 05:00 (CET/CEST)","0","1239","13"
"Italy (IT)","31.03.2022 05:00 - 31.03.2022 06:00 (CET/CEST)","0","583","35"
"Italy (IT)","31.03.2022 06:00 - 31.03.2022 07:00 (CET/CEST)","31","52","111"
"Italy (IT)","31.03.2022 07:00 - 31.03.2022 08:00 (CET/CEST)","499","51","347"
"Italy (IT)","31.03.2022 08:00 - 31.03.2022 09:00 (CET/CEST)","928","5","639"
"Italy (IT)","31.03.2022 09:00 - 31.03.2022 10:00 (CET/CEST)","766","","630"
"Italy (IT)","31.03.2022 10:00 - 31.03.2022 11:00 (CET/CEST)","202","","520"
"Italy (IT)","31.03.2022 11:00 - 31.03.2022 12:00 (CET/CEST)","177","","499"
"Italy (IT)","31.03.2022 12:00 - 31.03.2022 13:00 (CET/CEST)","211","","444"
"Italy (IT)","31.03.2022 13:00 - 31.03.2022 14:00 (CET/CEST)","51","","326"
"Italy (IT)","31.03.2022 14:00 - 31.03.2022 15:00 (CET/CEST)","154","","85"
"Italy (IT)","31.03.2022 15:00 - 31.03.2022 16:00 (CET/CEST)","105","","108"
"Italy (IT)","31.03.2022 16:00 - 31.03.2022 17:00 (CET/CEST)","127","","59"
"Italy (IT)","31.03.2022 17:00 - 31.03.2022 18:00 (CET/CEST)","82","1","71"
"Italy (IT)","31.03.2022 18:00 - 31.03.2022 19:00 (CET/CEST)","49","","191"
"Italy (IT)","31.03.2022 19:00 - 31.03.2022 20:00 (CET/CEST)","750","","460"
"Italy (IT)","31.03.2022 20:00 - 31.03.2022 21:00 (CET/CEST)","1626","","518"
"Italy (IT)","31.03.2022 21:00 - 31.03.2022 22:00 (CET/CEST)","1316","","323"
"Italy (IT)","31.03.2022 22:00 - 31.03.2022 23:00 (CET/CEST)","166","","239"
"Italy (IT)","31.03.2022 23:00 - 01.04.2022 00:00 (CET/CEST)","111","1","63"
"Italy (IT)","01.04.2022 00:00 - 01.04.2022 01:00 (CET/CEST)","0","49","82"
"Italy (IT)","01.04.2022 01:00 - 01.04.2022 02:00 (CET/CEST)","0","110","62"
"Italy (IT)","01.04.2022 02:00 - 01.04.2022 03:00 (CET/CEST)","0","144","62"
"Italy (IT)","01.04.2022 03:00 - 01.04.2022 04:00 (CET/CEST)","0","1343","62"
"Italy (IT)","01.04.2022 04:00 - 01.04.2022 05:00 (CET/CEST)","0","1258","62"
"Italy (IT)","01.04.2022 05:00 - 01.04.2022 06:00 (CET/CEST)","3","187","63"
"Italy (IT)","01.04.2022 06:00 - 01.04.2022 07:00 (CET/CEST)","189","6","170"
"Italy (IT)","01.04.2022 07:00 - 01.04.2022 08:00 (CET/CEST)","703","","769"
"Italy (IT)","01.04.2022 08:00 - 01.04.2022 09:00 (CET/CEST)","1666","","952"
"Italy (IT)","01.04.2022 09:00 - 01.04.2022 10:00 (CET/CEST)","1248","","941"
"Italy (IT)","01.04.2022 10:00 - 01.04.2022 11:00 (CET/CEST)","1059","","892"
"Italy (IT)","01.04.2022 11:00 - 01.04.2022 12:00 (CET/CEST)","819","","803"
"Italy (IT)","01.04.2022 12:00 - 01.04.2022 13:00 (CET/CEST)","408","233","670"
"Italy (IT)","01.04.2022 13:00 - 01.04.2022 14:00 (CET/CEST)","108","402","604"
"Italy (IT)","01.04.2022 14:00 - 01.04.2022 15:00 (CET/CEST)","107","409","532"
"Italy (IT)","01.04.2022 15:00 - 01.04.2022 16:00 (CET/CEST)","95","396","395"
"Italy (IT)","01.04.2022 16:00 - 01.04.2022 17:00 (CET/CEST)","26","232","326"
"Italy (IT)","01.04.2022 17:00 - 01.04.2022 18:00 (CET/CEST)","58","30","194"
"Italy (IT)","01.04.2022 18:00 - 01.04.2022 19:00 (CET/CEST)","67","","323"
"Italy (IT)","01.04.2022 19:00 - 01.04.2022 20:00 (CET/CEST)","99","","506"
"Italy (IT)","01.04.2022 20:00 - 01.04.2022 21:00 (CET/CEST)","142","1","546"
"Italy (IT)","01.04.2022 21:00 - 01.04.2022 22:00 (CET/CEST)","626","29","408"
"Italy (IT)","01.04.2022 22:00 - 01.04.2022 23:00 (CET/CEST)","553","28","161"
"Italy (IT)","01.04.2022 23:00 - 02.04.2022 00:00 (CET/CEST)","447","","129"
"Italy (IT)","02.04.2022 00:00 - 02.04.2022 01:00 (CET/CEST)","212","3","280"
"Italy (IT)","02.04.2022 01:00 - 02.04.2022 02:00 (CET/CEST)","0","1009","140"
"Italy (IT)","02.04.2022 02:00 - 02.04.2022 03:00 (CET/CEST)","0","1094","128"
"Italy (IT)","02.04.2022 03:00 - 02.04.2022 04:00 (CET/CEST)","0","1207","103"
"Italy (IT)","02.04.2022 04:00 - 02.04.2022 05:00 (CET/CEST)","0","1239","103"
"Italy (IT)","02.04.2022 05:00 - 02.04.2022 06:00 (CET/CEST)","1","1232","103"
"Italy (IT)","02.04.2022 06:00 - 02.04.2022 07:00 (CET/CEST)","197","","108"
"Italy (IT)","02.04.2022 07:00 - 02.04.2022 08:00 (CET/CEST)","578","","452"
"Italy (IT)","02.04.2022 08:00 - 02.04.2022 09:00 (CET/CEST)","420","109","470"
"Italy (IT)","02.04.2022 09:00 - 02.04.2022 10:00 (CET/CEST)","387","316","558"
"Italy (IT)","02.04.2022 10:00 - 02.04.2022 11:00 (CET/CEST)","707","226","624"
"Italy (IT)","02.04.2022 11:00 - 02.04.2022 12:00 (CET/CEST)","447","510","239"
"Italy (IT)","02.04.2022 12:00 - 02.04.2022 13:00 (CET/CEST)","800","446","423"
"Italy (IT)","02.04.2022 13:00 - 02.04.2022 14:00 (CET/CEST)","145","720","204"
"Italy (IT)","02.04.2022 14:00 - 02.04.2022 15:00 (CET/CEST)","","1020","325"
"Italy (IT)","02.04.2022 15:00 - 02.04.2022 16:00 (CET/CEST)","","634","164"
"Italy (IT)","02.04.2022 16:00 - 02.04.2022 17:00 (CET/CEST)","53","579","195"
"Italy (IT)","02.04.2022 17:00 - 02.04.2022 18:00 (CET/CEST)","89","146","270"
"Italy (IT)","02.04.2022 18:00 - 02.04.2022 19:00 (CET/CEST)","250","1","626"
"Italy (IT)","02.04.2022 19:00 - 02.04.2022 20:00 (CET/CEST)","847","2","688"
"Italy (IT)","02.04.2022 20:00 - 02.04.2022 21:00 (CET/CEST)","1759","2","704"
"Italy (IT)","02.04.2022 21:00 - 02.04.2022 22:00 (CET/CEST)","1032","2","455"
"Italy (IT)","02.04.2022 22:00 - 02.04.2022 23:00 (CET/CEST)","609","2","285"
"Italy (IT)","02.04.2022 23:00 - 03.04.2022 00:00 (CET/CEST)","670","2","269"
"Italy (IT)","03.04.2022 00:00 - 03.04.2022 01:00 (CET/CEST)","497","38","139"
"Italy (IT)","03.04.2022 01:00 - 03.04.2022 02:00 (CET/CEST)","85","381","137"
"Italy (IT)","03.04.2022 02:00 - 03.04.2022 03:00 (CET/CEST)","1","383","101"
"Italy (IT)","03.04.2022 03:00 - 03.04.2022 04:00 (CET/CEST)","0","1637","262"
"Italy (IT)","03.04.2022 04:00 - 03.04.2022 05:00 (CET/CEST)","0","1826","166"
"Italy (IT)","03.04.2022 05:00 - 03.04.2022 06:00 (CET/CEST)","0","862","142"
"Italy (IT)","03.04.2022 06:00 - 03.04.2022 07:00 (CET/CEST)","0","602","114"
"Italy (IT)","03.04.2022 07:00 - 03.04.2022 08:00 (CET/CEST)","63","135","158"
"Italy (IT)","03.04.2022 08:00 - 03.04.2022 09:00 (CET/CEST)","172","2","216"
"Italy (IT)","03.04.2022 09:00 - 03.04.2022 10:00 (CET/CEST)","76","2","209"
"Italy (IT)","03.04.2022 10:00 - 03.04.2022 11:00 (CET/CEST)","7","117","146"
"Italy (IT)","03.04.2022 11:00 - 03.04.2022 12:00 (CET/CEST)","0","487","110"
"Italy (IT)","03.04.2022 12:00 - 03.04.2022 13:00 (CET/CEST)","0","781","424"
"Italy (IT)","03.04.2022 13:00 - 03.04.2022 14:00 (CET/CEST)","0","976","303"
"Italy (IT)","03.04.2022 14:00 - 03.04.2022 15:00 (CET/CEST)","0","1326","318"
"Italy (IT)","03.04.2022 15:00 - 03.04.2022 16:00 (CET/CEST)","62","1688","329"
"Italy (IT)","03.04.2022 16:00 - 03.04.2022 17:00 (CET/CEST)","21","432","118"
"Italy (IT)","03.04.2022 17:00 - 03.04.2022 18:00 (CET/CEST)","0","324","132"
"Italy (IT)","03.04.2022 18:00 - 03.04.2022 19:00 (CET/CEST)","3","350","218"
"Italy (IT)","03.04.2022 19:00 - 03.04.2022 20:00 (CET/CEST)","636","","431"
"Italy (IT)","03.04.2022 20:00 - 03.04.2022 21:00 (CET/CEST)","1277","","751"
"Italy (IT)","03.04.2022 21:00 - 03.04.2022 22:00 (CET/CEST)","1021","2","474"
"Italy (IT)","03.04.2022 22:00 - 03.04.2022 23:00 (CET/CEST)","1017","31","297"
"Italy (IT)","03.04.2022 23:00 - 04.04.2022 00:00 (CET/CEST)","861","81","214"
"Italy (IT)","04.04.2022 00:00 - 04.04.2022 01:00 (CET/CEST)","60","81","219"
"Italy (IT)","04.04.2022 01:00 - 04.04.2022 02:00 (CET/CEST)","0","350","152"
"Italy (IT)","04.04.2022 02:00 - 04.04.2022 03:00 (CET/CEST)","0","494","147"
"Italy (IT)","04.04.2022 03:00 - 04.04.2022 04:00 (CET/CEST)","0","771","152"
"Italy (IT)","04.04.2022 04:00 - 04.04.2022 05:00 (CET/CEST)","0","475","143"
"Italy (IT)","04.04.2022 05:00 - 04.04.2022 06:00 (CET/CEST)","79","2","177"
"Italy (IT)","04.04.2022 06:00 - 04.04.2022 07:00 (CET/CEST)","107","33","446"
"Italy (IT)","04.04.2022 07:00 - 04.04.2022 08:00 (CET/CEST)","352","18","663"
"Italy (IT)","04.04.2022 08:00 - 04.04.2022 09:00 (CET/CEST)","1066","2","932"
"Italy (IT)","04.04.2022 09:00 - 04.04.2022 10:00 (CET/CEST)","1899","2","754"
"Italy (IT)","04.04.2022 10:00 - 04.04.2022 11:00 (CET/CEST)","445","43","631"
"Italy (IT)","04.04.2022 11:00 - 04.04.2022 12:00 (CET/CEST)","26","81","328"
"Italy (IT)","04.04.2022 12:00 - 04.04.2022 13:00 (CET/CEST)","87","44","173"
"Italy (IT)","04.04.2022 13:00 - 04.04.2022 14:00 (CET/CEST)","81","7","136"
"Italy (IT)","04.04.2022 14:00 - 04.04.2022 15:00 (CET/CEST)","0","526","134"
"Italy (IT)","04.04.2022 15:00 - 04.04.2022 16:00 (CET/CEST)","0","529","151"
"Italy (IT)","04.04.2022 16:00 - 04.04.2022 17:00 (CET/CEST)","0","374","159"
"Italy (IT)","04.04.2022 17:00 - 04.04.2022 18:00 (CET/CEST)","26","13","180"
"Italy (IT)","04.04.2022 18:00 - 04.04.2022 19:00 (CET/CEST)","26","81","255"
"Italy (IT)","04.04.2022 19:00 - 04.04.2022 20:00 (CET/CEST)","105","81","357"
"Italy (IT)","04.04.2022 20:00 - 04.04.2022 21:00 (CET/CEST)","996","5","491"
"Italy (IT)","04.04.2022 21:00 - 04.04.2022 22:00 (CET/CEST)","319","18","343"
"Italy (IT)","04.04.2022 22:00 - 04.04.2022 23:00 (CET/CEST)","64","81","300"
"Italy (IT)","04.04.2022 23:00 - 05.04.2022 00:00 (CET/CEST)","387","43","219"
"Italy (IT)","05.04.2022 00:00 - 05.04.2022 01:00 (CET/CEST)","21","2","197"
"Italy (IT)","05.04.2022 01:00 - 05.04.2022 02:00 (CET/CEST)","42","2","199"
"Italy (IT)","05.04.2022 02:00 - 05.04.2022 03:00 (CET/CEST)","0","350","179"
"Italy (IT)","05.04.2022 03:00 - 05.04.2022 04:00 (CET/CEST)","0","334","156"
"Italy (IT)","05.04.2022 04:00 - 05.04.2022 05:00 (CET/CEST)","0","383","157"
"Italy (IT)","05.04.2022 05:00 - 05.04.2022 06:00 (CET/CEST)","0","401","201"
"Italy (IT)","05.04.2022 06:00 - 05.04.2022 07:00 (CET/CEST)","98","4","292"
"Italy (IT)","05.04.2022 07:00 - 05.04.2022 08:00 (CET/CEST)","223","81","623"
"Italy (IT)","05.04.2022 08:00 - 05.04.2022 09:00 (CET/CEST)","1179","81","935"
"Italy (IT)","05.04.2022 09:00 - 05.04.2022 10:00 (CET/CEST)","622","81","746"
"Italy (IT)","05.04.2022 10:00 - 05.04.2022 11:00 (CET/CEST)","190","81","301"
"Italy (IT)","05.04.2022 11:00 - 05.04.2022 12:00 (CET/CEST)","158","8","232"
"Italy (IT)","05.04.2022 12:00 - 05.04.2022 13:00 (CET/CEST)","128","182","363"
"Italy (IT)","05.04.2022 13:00 - 05.04.2022 14:00 (CET/CEST)","96","357","283"
"Italy (IT)","05.04.2022 14:00 - 05.04.2022 15:00 (CET/CEST)","10","289","311"
"Italy (IT)","05.04.2022 15:00 - 05.04.2022 16:00 (CET/CEST)","9","93","340"
"Italy (IT)","05.04.2022 16:00 - 05.04.2022 17:00 (CET/CEST)","8","261","188"
"Italy (IT)","05.04.2022 17:00 - 05.04.2022 18:00 (CET/CEST)","8","214","272"
"Italy (IT)","05.04.2022 18:00 - 05.04.2022 19:00 (CET/CEST)","1","69","280"
"Italy (IT)","05.04.2022 19:00 - 05.04.2022 20:00 (CET/CEST)","33","2","466"
"Italy (IT)","05.04.2022 20:00 - 05.04.2022 21:00 (CET/CEST)","256","2","708"
"Italy (IT)","05.04.2022 21:00 - 05.04.2022 22:00 (CET/CEST)","24","2","490"
"Italy (IT)","05.04.2022 22:00 - 05.04.2022 23:00 (CET/CEST)","218","15","348"
"Italy (IT)","05.04.2022 23:00 - 06.04.2022 00:00 (CET/CEST)","155","79","365"
"Italy (IT)","06.04.2022 00:00 - 06.04.2022 01:00 (CET/CEST)","136","3","154"
"Italy (IT)","06.04.2022 01:00 - 06.04.2022 02:00 (CET/CEST)","2","4","153"
"Italy (IT)","06.04.2022 02:00 - 06.04.2022 03:00 (CET/CEST)","0","302","153"
"Italy (IT)","06.04.2022 03:00 - 06.04.2022 04:00 (CET/CEST)","0","96","135"
"Italy (IT)","06.04.2022 04:00 - 06.04.2022 05:00 (CET/CEST)","0","3","136"
"Italy (IT)","06.04.2022 05:00 - 06.04.2022 06:00 (CET/CEST)","0","3","156"
"Italy (IT)","06.04.2022 06:00 - 06.04.2022 07:00 (CET/CEST)","57","2","256"
"Italy (IT)","06.04.2022 07:00 - 06.04.2022 08:00 (CET/CEST)","476","","440"
"Italy (IT)","06.04.2022 08:00 - 06.04.2022 09:00 (CET/CEST)","1007","","578"
"Italy (IT)","06.04.2022 09:00 - 06.04.2022 10:00 (CET/CEST)","434","","419"
"Italy (IT)","06.04.2022 10:00 - 06.04.2022 11:00 (CET/CEST)","263","","303"
"Italy (IT)","06.04.2022 11:00 - 06.04.2022 12:00 (CET/CEST)","297","64","258"
"Italy (IT)","06.04.2022 12:00 - 06.04.2022 13:00 (CET/CEST)","","93","292"
"Italy (IT)","06.04.2022 13:00 - 06.04.2022 14:00 (CET/CEST)","5","441","257"
"Italy (IT)","06.04.2022 14:00 - 06.04.2022 15:00 (CET/CEST)","0","590","252"
"Italy (IT)","06.04.2022 15:00 - 06.04.2022 16:00 (CET/CEST)","0","550","171"
"Italy (IT)","06.04.2022 16:00 - 06.04.2022 17:00 (CET/CEST)","0","351","196"
"Italy (IT)","06.04.2022 17:00 - 06.04.2022 18:00 (CET/CEST)","41","151","197"
"Italy (IT)","06.04.2022 18:00 - 06.04.2022 19:00 (CET/CEST)","295","80","245"
"Italy (IT)","06.04.2022 19:00 - 06.04.2022 20:00 (CET/CEST)","1267","20","403"
"Italy (IT)","06.04.2022 20:00 - 06.04.2022 21:00 (CET/CEST)","1251","2","587"
"Italy (IT)","06.04.2022 21:00 - 06.04.2022 22:00 (CET/CEST)","192","2","386"
"Italy (IT)","06.04.2022 22:00 - 06.04.2022 23:00 (CET/CEST)","151","65","275"
"Italy (IT)","06.04.2022 23:00 - 07.04.2022 00:00 (CET/CEST)","0","249","203"
"Italy (IT)","07.04.2022 00:00 - 07.04.2022 01:00 (CET/CEST)","0","601","153"
"Italy (IT)","07.04.2022 01:00 - 07.04.2022 02:00 (CET/CEST)","0","558","133"
"Italy (IT)","07.04.2022 02:00 - 07.04.2022 03:00 (CET/CEST)","0","1169","134"
"Italy (IT)","07.04.2022 03:00 - 07.04.2022 04:00 (CET/CEST)","0","1191","134"
"Italy (IT)","07.04.2022 04:00 - 07.04.2022 05:00 (CET/CEST)","0","1041","134"
"Italy (IT)","07.04.2022 05:00 - 07.04.2022 06:00 (CET/CEST)","0","401","137"
"Italy (IT)","07.04.2022 06:00 - 07.04.2022 07:00 (CET/CEST)","8","2","218"
"Italy (IT)","07.04.2022 07:00 - 07.04.2022 08:00 (CET/CEST)","642","2","274"
"Italy (IT)","07.04.2022 08:00 - 07.04.2022 09:00 (CET/CEST)","1882","2","833"
"Italy (IT)","07.04.2022 09:00 - 07.04.2022 10:00 (CET/CEST)","1271","46","815"
"Italy (IT)","07.04.2022 10:00 - 07.04.2022 11:00 (CET/CEST)","213","66","274"
"Italy (IT)","07.04.2022 11:00 - 07.04.2022 12:00 (CET/CEST)","203","","215"
"Italy (IT)","07.04.2022 12:00 - 07.04.2022 13:00 (CET/CEST)","0","279","158"
"Italy (IT)","07.04.2022 13:00 - 07.04.2022 14:00 (CET/CEST)","0","649","149"
"Italy (IT)","07.04.2022 14:00 - 07.04.2022 15:00 (CET/CEST)","","811","129"
"Italy (IT)","07.04.2022 15:00 - 07.04.2022 16:00 (CET/CEST)","","1148","129"
"Italy (IT)","07.04.2022 16:00 - 07.04.2022 17:00 (CET/CEST)","","1151","214"
"Italy (IT)","07.04.2022 17:00 - 07.04.2022 18:00 (CET/CEST)","0","224","223"
"Italy (IT)","07.04.2022 18:00 - 07.04.2022 19:00 (CET/CEST)","0","2","292"
"Italy (IT)","07.04.2022 19:00 - 07.04.2022 20:00 (CET/CEST)","562","","377"
"Italy (IT)","07.04.2022 20:00 - 07.04.2022 21:00 (CET/CEST)","646","","546"
"Italy (IT)","07.04.2022 21:00 - 07.04.2022 22:00 (CET/CEST)","582","","301"
"Italy (IT)","07.04.2022 22:00 - 07.04.2022 23:00 (CET/CEST)","3","1","217"
"Italy (IT)","07.04.2022 23:00 - 08.04.2022 00:00 (CET/CEST)","0","299","163"
"Italy (IT)","08.04.2022 00:00 - 08.04.2022 01:00 (CET/CEST)","0","238","134"
"Italy (IT)","08.04.2022 01:00 - 08.04.2022 02:00 (CET/CEST)","0","455","134"
"Italy (IT)","08.04.2022 02:00 - 08.04.2022 03:00 (CET/CEST)","0","516","133"
"Italy (IT)","08.04.2022 03:00 - 08.04.2022 04:00 (CET/CEST)","0","515","134"
"Italy (IT)","08.04.2022 04:00 - 08.04.2022 05:00 (CET/CEST)","0","452","134"
"Italy (IT)","08.04.2022 05:00 - 08.04.2022 06:00 (CET/CEST)","0","2","135"
"Italy (IT)","08.04.2022 06:00 - 08.04.2022 07:00 (CET/CEST)","25","","283"
"Italy (IT)","08.04.2022 07:00 - 08.04.2022 08:00 (CET/CEST)","210","","392"
"Italy (IT)","08.04.2022 08:00 - 08.04.2022 09:00 (CET/CEST)","630","","505"
"Italy (IT)","08.04.2022 09:00 - 08.04.2022 10:00 (CET/CEST)","433","","595"
"Italy (IT)","08.04.2022 10:00 - 08.04.2022 11:00 (CET/CEST)","327","","406"
"Italy (IT)","08.04.2022 11:00 - 08.04.2022 12:00 (CET/CEST)","18","304","329"
"Italy (IT)","08.04.2022 12:00 - 08.04.2022 13:00 (CET/CEST)","","456","190"
"Italy (IT)","08.04.2022 13:00 - 08.04.2022 14:00 (CET/CEST)","0","833","187"
"Italy (IT)","08.04.2022 14:00 - 08.04.2022 15:00 (CET/CEST)","0","767","153"
"Italy (IT)","08.04.2022 15:00 - 08.04.2022 16:00 (CET/CEST)","","9","149"
"Italy (IT)","08.04.2022 16:00 - 08.04.2022 17:00 (CET/CEST)","4","2","183"
"Italy (IT)","08.04.2022 17:00 - 08.04.2022 18:00 (CET/CEST)","0","2","211"
"Italy (IT)","08.04.2022 18:00 - 08.04.2022 19:00 (CET/CEST)","16","2","269"
"Italy (IT)","08.04.2022 19:00 - 08.04.2022 20:00 (CET/CEST)","255","2","384"
"Italy (IT)","08.04.2022 20:00 - 08.04.2022 21:00 (CET/CEST)","811","","566"
"Italy (IT)","08.04.2022 21:00 - 08.04.2022 22:00 (CET/CEST)","180","","310"
"Italy (IT)","08.04.2022 22:00 - 08.04.2022 23:00 (CET/CEST)","91","","254"
"Italy (IT)","08.04.2022 23:00 - 09.04.2022 00:00 (CET/CEST)","11","1","171"
"Italy (IT)","09.04.2022 00:00 - 09.04.2022 01:00 (CET/CEST)","0","6","152"
"Italy (IT)","09.04.2022 01:00 - 09.04.2022 02:00 (CET/CEST)","0","111","132"
"Italy (IT)","09.04.2022 02:00 - 09.04.2022 03:00 (CET/CEST)","0","111","132"
"Italy (IT)","09.04.2022 03:00 - 09.04.2022 04:00 (CET/CEST)","0","111","132"
"Italy (IT)","09.04.2022 04:00 - 09.04.2022 05:00 (CET/CEST)","0","109","133"
"Italy (IT)","09.04.2022 05:00 - 09.04.2022 06:00 (CET/CEST)","0","3","133"
"Italy (IT)","09.04.2022 06:00 - 09.04.2022 07:00 (CET/CEST)","0","76","156"
"Italy (IT)","09.04.2022 07:00 - 09.04.2022 08:00 (CET/CEST)","64","80","246"
"Italy (IT)","09.04.2022 08:00 - 09.04.2022 09:00 (CET/CEST)","179","105","348"
"Italy (IT)","09.04.2022 09:00 - 09.04.2022 10:00 (CET/CEST)","226","69","276"
"Italy (IT)","09.04.2022 10:00 - 09.04.2022 11:00 (CET/CEST)","90","2","216"
"Italy (IT)","09.04.2022 11:00 - 09.04.2022 12:00 (CET/CEST)","84","131","167"
"Italy (IT)","09.04.2022 12:00 - 09.04.2022 13:00 (CET/CEST)","84","317","70"
"Italy (IT)","09.04.2022 13:00 - 09.04.2022 14:00 (CET/CEST)","36","646","52"
"Italy (IT)","09.04.2022 14:00 - 09.04.2022 15:00 (CET/CEST)","","1155","52"
"Italy (IT)","09.04.2022 15:00 - 09.04.2022 16:00 (CET/CEST)","","705","56"
"Italy (IT)","09.04.2022 16:00 - 09.04.2022 17:00 (CET/CEST)","0","581","200"
"Italy (IT)","09.04.2022 17:00 - 09.04.2022 18:00 (CET/CEST)","2","2","318"
"Italy (IT)","09.04.2022 18:00 - 09.04.2022 19:00 (CET/CEST)","3","1","320"
"Italy (IT)","09.04.2022 19:00 - 09.04.2022 20:00 (CET/CEST)","416","","435"
"Italy (IT)","09.04.2022 20:00 - 09.04.2022 21:00 (CET/CEST)","485","","568"
"Italy (IT)","09.04.2022 21:00 - 09.04.2022 22:00 (CET/CEST)","687","","465"
"Italy (IT)","09.04.2022 22:00 - 09.04.2022 23:00 (CET/CEST)","696","","452"
"Italy (IT)","09.04.2022 23:00 - 10.04.2022 00:00 (CET/CEST)","589","","190"
"Italy (IT)","10.04.2022 00:00 - 10.04.2022 01:00 (CET/CEST)","704","","256"
"Italy (IT)","10.04.2022 01:00 - 10.04.2022 02:00 (CET/CEST)","409","","165"
"Italy (IT)","10.04.2022 02:00 - 10.04.2022 03:00 (CET/CEST)","465","","189"
"Italy (IT)","10.04.2022 03:00 - 10.04.2022 04:00 (CET/CEST)","521","","91"
"Italy (IT)","10.04.2022 04:00 - 10.04.2022 05:00 (CET/CEST)","520","","100"
"Italy (IT)","10.04.2022 05:00 - 10.04.2022 06:00 (CET/CEST)","421","","153"
"Italy (IT)","10.04.2022 06:00 - 10.04.2022 07:00 (CET/CEST)","401","","152"
"Italy (IT)","10.04.2022 07:00 - 10.04.2022 08:00 (CET/CEST)","350","","142"
"Italy (IT)","10.04.2022 08:00 - 10.04.2022 09:00 (CET/CEST)","2","172","206"
"Italy (IT)","10.04.2022 09:00 - 10.04.2022 10:00 (CET/CEST)","","825","185"
"Italy (IT)","10.04.2022 10:00 - 10.04.2022 11:00 (CET/CEST)","","993","121"
"Italy (IT)","10.04.2022 11:00 - 10.04.2022 12:00 (CET/CEST)","","1348","104"
"Italy (IT)","10.04.2022 12:00 - 10.04.2022 13:00 (CET/CEST)","","1430","196"
"Italy (IT)","10.04.2022 13:00 - 10.04.2022 14:00 (CET/CEST)","","2073","104"
"Italy (IT)","10.04.2022 14:00 - 10.04.2022 15:00 (CET/CEST)","","2488","101"
"Italy (IT)","10.04.2022 15:00 - 10.04.2022 16:00 (CET/CEST)","","2733","218"
"Italy (IT)","10.04.2022 16:00 - 10.04.2022 17:00 (CET/CEST)","","2619","277"
"Italy (IT)","10.04.2022 17:00 - 10.04.2022 18:00 (CET/CEST)","","2470","161"
"Italy (IT)","10.04.2022 18:00 - 10.04.2022 19:00 (CET/CEST)","0","822","214"
"Italy (IT)","10.04.2022 19:00 - 10.04.2022 20:00 (CET/CEST)","311","","304"
"Italy (IT)","10.04.2022 20:00 - 10.04.2022 21:00 (CET/CEST)","461","","471"
"Italy (IT)","10.04.2022 21:00 - 10.04.2022 22:00 (CET/CEST)","402","","266"
"Italy (IT)","10.04.2022 22:00 - 10.04.2022 23:00 (CET/CEST)","262","","240"
"Italy (IT)","10.04.2022 23:00 - 11.04.2022 00:00 (CET/CEST)","29","","253"
"Italy (IT)","11.04.2022 00:00 - 11.04.2022 01:00 (CET/CEST)","10","5","146"
"Italy (IT)","11.04.2022 01:00 - 11.04.2022 02:00 (CET/CEST)","10","492","145"
"Italy (IT)","11.04.2022 02:00 - 11.04.2022 03:00 (CET/CEST)","10","728","141"
"Italy (IT)","11.04.2022 03:00 - 11.04.2022 04:00 (CET/CEST)","0","794","139"
"Italy (IT)","11.04.2022 04:00 - 11.04.2022 05:00 (CET/CEST)","0","793","139"
"Italy (IT)","11.04.2022 05:00 - 11.04.2022 06:00 (CET/CEST)","5","467","140"
"Italy (IT)","11.04.2022 06:00 - 11.04.2022 07:00 (CET/CEST)","1402","","572"
"Italy (IT)","11.04.2022 07:00 - 11.04.2022 08:00 (CET/CEST)","2612","","711"
"Italy (IT)","11.04.2022 08:00 - 11.04.2022 09:00 (CET/CEST)","2475","","641"
"Italy (IT)","11.04.2022 09:00 - 11.04.2022 10:00 (CET/CEST)","262","","305"
"Italy (IT)","11.04.2022 10:00 - 11.04.2022 11:00 (CET/CEST)","65","1","209"
"Italy (IT)","11.04.2022 11:00 - 11.04.2022 12:00 (CET/CEST)","0","973","205"
"Italy (IT)","11.04.2022 12:00 - 11.04.2022 13:00 (CET/CEST)","0","1328","148"
"Italy (IT)","11.04.2022 13:00 - 11.04.2022 14:00 (CET/CEST)","0","1410","148"
"Italy (IT)","11.04.2022 14:00 - 11.04.2022 15:00 (CET/CEST)","0","427","148"
"Italy (IT)","11.04.2022 15:00 - 11.04.2022 16:00 (CET/CEST)","0","561","148"
"Italy (IT)","11.04.2022 16:00 - 11.04.2022 17:00 (CET/CEST)","4","83","175"
"Italy (IT)","11.04.2022 17:00 - 11.04.2022 18:00 (CET/CEST)","0","40","254"
"Italy (IT)","11.04.2022 18:00 - 11.04.2022 19:00 (CET/CEST)","714","","400"
"Italy (IT)","11.04.2022 19:00 - 11.04.2022 20:00 (CET/CEST)","1039","","512"
"Italy (IT)","11.04.2022 20:00 - 11.04.2022 21:00 (CET/CEST)","1007","","584"
"Italy (IT)","11.04.2022 21:00 - 11.04.2022 22:00 (CET/CEST)","472","","399"
"Italy (IT)","11.04.2022 22:00 - 11.04.2022 23:00 (CET/CEST)","37","","270"
"Italy (IT)","11.04.2022 23:00 - 12.04.2022 00:00 (CET/CEST)","0","1","181"
"Italy (IT)","12.04.2022 00:00 - 12.04.2022 01:00 (CET/CEST)","6","2","61"
"Italy (IT)","12.04.2022 01:00 - 12.04.2022 02:00 (CET/CEST)","10","457","60"
"Italy (IT)","12.04.2022 02:00 - 12.04.2022 03:00 (CET/CEST)","10","804","60"
"Italy (IT)","12.04.2022 03:00 - 12.04.2022 04:00 (CET/CEST)","10","807","60"
"Italy (IT)","12.04.2022 04:00 - 12.04.2022 05:00 (CET/CEST)","3","4","60"
"Italy (IT)","12.04.2022 05:00 - 12.04.2022 06:00 (CET/CEST)","0","2","61"
"Italy (IT)","12.04.2022 06:00 - 12.04.2022 07:00 (CET/CEST)","68","2","341"
"Italy (IT)","12.04.2022 07:00 - 12.04.2022 08:00 (CET/CEST)","76","2","451"
"Italy (IT)","12.04.2022 08:00 - 12.04.2022 09:00 (CET/CEST)","765","2","510"
"Italy (IT)","12.04.2022 09:00 - 12.04.2022 10:00 (CET/CEST)","637","2","287"
"Italy (IT)","12.04.2022 10:00 - 12.04.2022 11:00 (CET/CEST)","286","15","206"
"Italy (IT)","12.04.2022 11:00 - 12.04.2022 12:00 (CET/CEST)","166","3","130"
"Italy (IT)","12.04.2022 12:00 - 12.04.2022 13:00 (CET/CEST)","0","381","126"
"Italy (IT)","12.04.2022 13:00 - 12.04.2022 14:00 (CET/CEST)","0","453","127"
"Italy (IT)","12.04.2022 14:00 - 12.04.2022 15:00 (CET/CEST)","0","119","126"
"Italy (IT)","12.04.2022 15:00 - 12.04.2022 16:00 (CET/CEST)","0","156","126"
"Italy (IT)","12.04.2022 16:00 - 12.04.2022 17:00 (CET/CEST)","49","156","130"
"Italy (IT)","12.04.2022 17:00 - 12.04.2022 18:00 (CET/CEST)","0","127","201"
"Italy (IT)","12.04.2022 18:00 - 12.04.2022 19:00 (CET/CEST)","13","1","357"
"Italy (IT)","12.04.2022 19:00 - 12.04.2022 20:00 (CET/CEST)","465","","333"
"Italy (IT)","12.04.2022 20:00 - 12.04.2022 21:00 (CET/CEST)","783","1","683"
"Italy (IT)","12.04.2022 21:00 - 12.04.2022 22:00 (CET/CEST)","32","2","371"
"Italy (IT)","12.04.2022 22:00 - 12.04.2022 23:00 (CET/CEST)","0","3","220"
"Italy (IT)","12.04.2022 23:00 - 13.04.2022 00:00 (CET/CEST)","0","3","171"
"Italy (IT)","13.04.2022 00:00 - 13.04.2022 01:00 (CET/CEST)","0","5","24"
"Italy (IT)","13.04.2022 01:00 - 13.04.2022 02:00 (CET/CEST)","1","54","19"
"Italy (IT)","13.04.2022 02:00 - 13.04.2022 03:00 (CET/CEST)","0","897","19"
"Italy (IT)","13.04.2022 03:00 - 13.04.2022 04:00 (CET/CEST)","0","932","19"
"Italy (IT)","13.04.2022 04:00 - 13.04.2022 05:00 (CET/CEST)","0","925","20"
"Italy (IT)","13.04.2022 05:00 - 13.04.2022 06:00 (CET/CEST)","0","3","19"
"Italy (IT)","13.04.2022 06:00 - 13.04.2022 07:00 (CET/CEST)","31","2","181"
"Italy (IT)","13.04.2022 07:00 - 13.04.2022 08:00 (CET/CEST)","1659","","254"
"Italy (IT)","13.04.2022 08:00 - 13.04.2022 09:00 (CET/CEST)","1729","","444"
"Italy (IT)","13.04.2022 09:00 - 13.04.2022 10:00 (CET/CEST)","150","","285"
"Italy (IT)","13.04.2022 10:00 - 13.04.2022 11:00 (CET/CEST)","109","","187"
"Italy (IT)","13.04.2022 11:00 - 13.04.2022 12:00 (CET/CEST)","151","","130"
"Italy (IT)","13.04.2022 12:00 - 13.04.2022 13:00 (CET/CEST)","101","","152"
"Italy (IT)","13.04.2022 13:00 - 13.04.2022 14:00 (CET/CEST)","0","807","138"
"Italy (IT)","13.04.2022 14:00 - 13.04.2022 15:00 (CET/CEST)","0","1004","134"
"Italy (IT)","13.04.2022 15:00 - 13.04.2022 16:00 (CET/CEST)","54","1089","142"
"Italy (IT)","13.04.2022 16:00 - 13.04.2022 17:00 (CET/CEST)","53","151","121"
"Italy (IT)","13.04.2022 17:00 - 13.04.2022 18:00 (CET/CEST)","18","14","184"
"Italy (IT)","13.04.2022 18:00 - 13.04.2022 19:00 (CET/CEST)","1307","","387"
"Italy (IT)","13.04.2022 19:00 - 13.04.2022 20:00 (CET/CEST)","1746","","562"
"Italy (IT)","13.04.2022 20:00 - 13.04.2022 21:00 (CET/CEST)","1659","","646"
"Italy (IT)","13.04.2022 21:00 - 13.04.2022 22:00 (CET/CEST)","971","","295"
"Italy (IT)","13.04.2022 22:00 - 13.04.2022 23:00 (CET/CEST)","1","","204"
"Italy (IT)","13.04.2022 23:00 - 14.04.2022 00:00 (CET/CEST)","0","2","146"
"Italy (IT)","14.04.2022 00:00 - 14.04.2022 01:00 (CET/CEST)","0","3","20"
"Italy (IT)","14.04.2022 01:00 - 14.04.2022 02:00 (CET/CEST)","0","3","19"
"Italy (IT)","14.04.2022 02:00 - 14.04.2022 03:00 (CET/CEST)","0","3","19"
"Italy (IT)","14.04.2022 03:00 - 14.04.2022 04:00 (CET/CEST)","0","3","20"
"Italy (IT)","14.04.2022 04:00 - 14.04.2022 05:00 (CET/CEST)","0","3","19"
"Italy (IT)","14.04.2022 05:00 - 14.04.2022 06:00 (CET/CEST)","1","3","19"
"Italy (IT)","14.04.2022 06:00 - 14.04.2022 07:00 (CET/CEST)","124","2","75"
"Italy (IT)","14.04.2022 07:00 - 14.04.2022 08:00 (CET/CEST)","231","2","373"
"Italy (IT)","14.04.2022 08:00 - 14.04.2022 09:00 (CET/CEST)","111","2","546"
"Italy (IT)","14.04.2022 09:00 - 14.04.2022 10:00 (CET/CEST)","67","2","312"
"Italy (IT)","14.04.2022 10:00 - 14.04.2022 11:00 (CET/CEST)","8","","145"
"Italy (IT)","14.04.2022 11:00 - 14.04.2022 12:00 (CET/CEST)","7","1","78"
"Italy (IT)","14.04.2022 12:00 - 14.04.2022 13:00 (CET/CEST)","0","285","69"
"Italy (IT)","14.04.2022 13:00 - 14.04.2022 14:00 (CET/CEST)","0","951","73"
"Italy (IT)","14.04.2022 14:00 - 14.04.2022 15:00 (CET/CEST)","0","568","75"
"Italy (IT)","14.04.2022 15:00 - 14.04.2022 16:00 (CET/CEST)","0","4","80"
"Italy (IT)","14.04.2022 16:00 - 14.04.2022 17:00 (CET/CEST)","0","2","118"
"Italy (IT)","14.04.2022 17:00 - 14.04.2022 18:00 (CET/CEST)","39","2","173"
"Italy (IT)","14.04.2022 18:00 - 14.04.2022 19:00 (CET/CEST)","127","","261"
"Italy (IT)","14.04.2022 19:00 - 14.04.2022 20:00 (CET/CEST)","930","","488"
"Italy (IT)","14.04.2022 20:00 - 14.04.2022 21:00 (CET/CEST)","1310","","646"
"Italy (IT)","14.04.2022 21:00 - 14.04.2022 22:00 (CET/CEST)","702","","426"
"Italy (IT)","14.04.2022 22:00 - 14.04.2022 23:00 (CET/CEST)","87","2","263"
"Italy (IT)","14.04.2022 23:00 - 15.04.2022 00:00 (CET/CEST)","0","1","121"
"Italy (IT)","15.04.2022 00:00 - 15.04.2022 01:00 (CET/CEST)","0","1","22"
"Italy (IT)","15.04.2022 01:00 - 15.04.2022 02:00 (CET/CEST)","0","1","19"
"Italy (IT)","15.04.2022 02:00 - 15.04.2022 03:00 (CET/CEST)","0","1","19"
"Italy (IT)","15.04.2022 03:00 - 15.04.2022 04:00 (CET/CEST)","0","1","19"
"Italy (IT)","15.04.2022 04:00 - 15.04.2022 05:00 (CET/CEST)","0","1","20"
"Italy (IT)","15.04.2022 05:00 - 15.04.2022 06:00 (CET/CEST)","5","1","19"
"Italy (IT)","15.04.2022 06:00 - 15.04.2022 07:00 (CET/CEST)","174","","66"
"Italy (IT)","15.04.2022 07:00 - 15.04.2022 08:00 (CET/CEST)","123","","515"
"Italy (IT)","15.04.2022 08:00 - 15.04.2022 09:00 (CET/CEST)","504","","638"
"Italy (IT)","15.04.2022 09:00 - 15.04.2022 10:00 (CET/CEST)","990","","397"
"Italy (IT)","15.04.2022 10:00 - 15.04.2022 11:00 (CET/CEST)","927","","124"
"Italy (IT)","15.04.2022 11:00 - 15.04.2022 12:00 (CET/CEST)","410","1","126"
"Italy (IT)","15.04.2022 12:00 - 15.04.2022 13:00 (CET/CEST)","184","251","77"
"Italy (IT)","15.04.2022 13:00 - 15.04.2022 14:00 (CET/CEST)","0","251","79"
"Italy (IT)","15.04.2022 14:00 - 15.04.2022 15:00 (CET/CEST)","0","335","79"
"Italy (IT)","15.04.2022 15:00 - 15.04.2022 16:00 (CET/CEST)","0","2","78"
"Italy (IT)","15.04.2022 16:00 - 15.04.2022 17:00 (CET/CEST)","3","","93"
"Italy (IT)","15.04.2022 17:00 - 15.04.2022 18:00 (CET/CEST)","113","","123"
"Italy (IT)","15.04.2022 18:00 - 15.04.2022 19:00 (CET/CEST)","349","","199"
"Italy (IT)","15.04.2022 19:00 - 15.04.2022 20:00 (CET/CEST)","493","","681"
"Italy (IT)","15.04.2022 20:00 - 15.04.2022 21:00 (CET/CEST)","671","","851"
"Italy (IT)","15.04.2022 21:00 - 15.04.2022 22:00 (CET/CEST)","193","","447"
"Italy (IT)","15.04.2022 22:00 - 15.04.2022 23:00 (CET/CEST)","138","","148"
"Italy (IT)","15.04.2022 23:00 - 16.04.2022 00:00 (CET/CEST)","0","","127"
"Italy (IT)","16.04.2022 00:00 - 16.04.2022 01:00 (CET/CEST)","0","6","87"
"Italy (IT)","16.04.2022 01:00 - 16.04.2022 02:00 (CET/CEST)","0","111","190"
"Italy (IT)","16.04.2022 02:00 - 16.04.2022 03:00 (CET/CEST)","0","107","89"
"Italy (IT)","16.04.2022 03:00 - 16.04.2022 04:00 (CET/CEST)","0","106","60"
"Italy (IT)","16.04.2022 04:00 - 16.04.2022 05:00 (CET/CEST)","0","102","64"
"Italy (IT)","16.04.2022 05:00 - 16.04.2022 06:00 (CET/CEST)","14","2","147"
"Italy (IT)","16.04.2022 06:00 - 16.04.2022 07:00 (CET/CEST)","13","2","157"
"Italy (IT)","16.04.2022 07:00 - 16.04.2022 08:00 (CET/CEST)","58","2","171"
"Italy (IT)","16.04.2022 08:00 - 16.04.2022 09:00 (CET/CEST)","37","2","222"
"Italy (IT)","16.04.2022 09:00 - 16.04.2022 10:00 (CET/CEST)","28","2","185"
"Italy (IT)","16.04.2022 10:00 - 16.04.2022 11:00 (CET/CEST)","49","13","78"
"Italy (IT)","16.04.2022 11:00 - 16.04.2022 12:00 (CET/CEST)","11","762","74"
"Italy (IT)","16.04.2022 12:00 - 16.04.2022 13:00 (CET/CEST)","","1321","73"
"Italy (IT)","16.04.2022 13:00 - 16.04.2022 14:00 (CET/CEST)","","1781","63"
"Italy (IT)","16.04.2022 14:00 - 16.04.2022 15:00 (CET/CEST)","","2141","71"
"Italy (IT)","16.04.2022 15:00 - 16.04.2022 16:00 (CET/CEST)","","1724","59"
"Italy (IT)","16.04.2022 16:00 - 16.04.2022 17:00 (CET/CEST)","","327","62"
"Italy (IT)","16.04.2022 17:00 - 16.04.2022 18:00 (CET/CEST)","2","130","74"
"Italy (IT)","16.04.2022 18:00 - 16.04.2022 19:00 (CET/CEST)","174","2","217"
"Italy (IT)","16.04.2022 19:00 - 16.04.2022 20:00 (CET/CEST)","1561","","742"
"Italy (IT)","16.04.2022 20:00 - 16.04.2022 21:00 (CET/CEST)","1879","","674"
"Italy (IT)","16.04.2022 21:00 - 16.04.2022 22:00 (CET/CEST)","790","","467"
"Italy (IT)","16.04.2022 22:00 - 16.04.2022 23:00 (CET/CEST)","415","","98"
"Italy (IT)","16.04.2022 23:00 - 17.04.2022 00:00 (CET/CEST)","159","2","37"
"Italy (IT)","17.04.2022 00:00 - 17.04.2022 01:00 (CET/CEST)","113","2","57"
"Italy (IT)","17.04.2022 01:00 - 17.04.2022 02:00 (CET/CEST)","37","2","32"
"Italy (IT)","17.04.2022 02:00 - 17.04.2022 03:00 (CET/CEST)","43","2","37"
"Italy (IT)","17.04.2022 03:00 - 17.04.2022 04:00 (CET/CEST)","9","38","37"
"Italy (IT)","17.04.2022 04:00 - 17.04.2022 05:00 (CET/CEST)","9","39","37"
"Italy (IT)","17.04.2022 05:00 - 17.04.2022 06:00 (CET/CEST)","9","37","37"
"Italy (IT)","17.04.2022 06:00 - 17.04.2022 07:00 (CET/CEST)","9","37","48"
"Italy (IT)","17.04.2022 07:00 - 17.04.2022 08:00 (CET/CEST)","34","2","55"
"Italy (IT)","17.04.2022 08:00 - 17.04.2022 09:00 (CET/CEST)","8","396","211"
"Italy (IT)","17.04.2022 09:00 - 17.04.2022 10:00 (CET/CEST)","0","241","87"
"Italy (IT)","17.04.2022 10:00 - 17.04.2022 11:00 (CET/CEST)","54","2","46"
"Italy (IT)","17.04.2022 11:00 - 17.04.2022 12:00 (CET/CEST)","63","28","55"
"Italy (IT)","17.04.2022 12:00 - 17.04.2022 13:00 (CET/CEST)","","885","78"
"Italy (IT)","17.04.2022 13:00 - 17.04.2022 14:00 (CET/CEST)","","2856","63"
"Italy (IT)","17.04.2022 14:00 - 17.04.2022 15:00 (CET/CEST)","","3681","75"
"Italy (IT)","17.04.2022 15:00 - 17.04.2022 16:00 (CET/CEST)","","2915","77"
"Italy (IT)","17.04.2022 16:00 - 17.04.2022 17:00 (CET/CEST)","","1930","74"
"Italy (IT)","17.04.2022 17:00 - 17.04.2022 18:00 (CET/CEST)","0","929","109"
"Italy (IT)","17.04.2022 18:00 - 17.04.2022 19:00 (CET/CEST)","1","443","115"
"Italy (IT)","17.04.2022 19:00 - 17.04.2022 20:00 (CET/CEST)","445","49","501"
"Italy (IT)","17.04.2022 20:00 - 17.04.2022 21:00 (CET/CEST)","1515","","569"
"Italy (IT)","17.04.2022 21:00 - 17.04.2022 22:00 (CET/CEST)","822","","377"
"Italy (IT)","17.04.2022 22:00 - 17.04.2022 23:00 (CET/CEST)","205","","174"
"Italy (IT)","17.04.2022 23:00 - 18.04.2022 00:00 (CET/CEST)","13","128","125"
"Italy (IT)","18.04.2022 00:00 - 18.04.2022 01:00 (CET/CEST)","11","195","82"
"Italy (IT)","18.04.2022 01:00 - 18.04.2022 02:00 (CET/CEST)","12","193","71"
"Italy (IT)","18.04.2022 02:00 - 18.04.2022 03:00 (CET/CEST)","12","192","87"
"Italy (IT)","18.04.2022 03:00 - 18.04.2022 04:00 (CET/CEST)","12","189","93"
"Italy (IT)","18.04.2022 04:00 - 18.04.2022 05:00 (CET/CEST)","12","188","93"
"Italy (IT)","18.04.2022 05:00 - 18.04.2022 06:00 (CET/CEST)","12","117","94"
"Italy (IT)","18.04.2022 06:00 - 18.04.2022 07:00 (CET/CEST)","12","7","238"
"Italy (IT)","18.04.2022 07:00 - 18.04.2022 08:00 (CET/CEST)","12","7","154"
"Italy (IT)","18.04.2022 08:00 - 18.04.2022 09:00 (CET/CEST)","0","20","125"
"Italy (IT)","18.04.2022 09:00 - 18.04.2022 10:00 (CET/CEST)","0","17","129"
"Italy (IT)","18.04.2022 10:00 - 18.04.2022 11:00 (CET/CEST)","0","214","63"
"Italy (IT)","18.04.2022 11:00 - 18.04.2022 12:00 (CET/CEST)","8","210","64"
"Italy (IT)","18.04.2022 12:00 - 18.04.2022 13:00 (CET/CEST)","","842","105"
"Italy (IT)","18.04.2022 13:00 - 18.04.2022 14:00 (CET/CEST)","","1742","96"
"Italy (IT)","18.04.2022 14:00 - 18.04.2022 15:00 (CET/CEST)","","2026","62"
"Italy (IT)","18.04.2022 15:00 - 18.04.2022 16:00 (CET/CEST)","","1906","69"
"Italy (IT)","18.04.2022 16:00 - 18.04.2022 17:00 (CET/CEST)","","1769","78"
"Italy (IT)","18.04.2022 17:00 - 18.04.2022 18:00 (CET/CEST)","","1602","134"
"Italy (IT)","18.04.2022 18:00 - 18.04.2022 19:00 (CET/CEST)","5","441","192"
"Italy (IT)","18.04.2022 19:00 - 18.04.2022 20:00 (CET/CEST)","333","2","416"
"Italy (IT)","18.04.2022 20:00 - 18.04.2022 21:00 (CET/CEST)","1461","","472"
"Italy (IT)","18.04.2022 21:00 - 18.04.2022 22:00 (CET/CEST)","1271","","499"
"Italy (IT)","18.04.2022 22:00 - 18.04.2022 23:00 (CET/CEST)","248","2","295"
"Italy (IT)","18.04.2022 23:00 - 19.04.2022 00:00 (CET/CEST)","12","2","167"
"Italy (IT)","19.04.2022 00:00 - 19.04.2022 01:00 (CET/CEST)","","923","69"
"Italy (IT)","19.04.2022 01:00 - 19.04.2022 02:00 (CET/CEST)","","1185","23"
"Italy (IT)","19.04.2022 02:00 - 19.04.2022 03:00 (CET/CEST)","","1086","23"
"Italy (IT)","19.04.2022 03:00 - 19.04.2022 04:00 (CET/CEST)","","1282","22"
"Italy (IT)","19.04.2022 04:00 - 19.04.2022 05:00 (CET/CEST)","","1444","23"
"Italy (IT)","19.04.2022 05:00 - 19.04.2022 06:00 (CET/CEST)","","936","45"
"Italy (IT)","19.04.2022 06:00 - 19.04.2022 07:00 (CET/CEST)","1536","2","313"
"Italy (IT)","19.04.2022 07:00 - 19.04.2022 08:00 (CET/CEST)","2731","","343"
"Italy (IT)","19.04.2022 08:00 - 19.04.2022 09:00 (CET/CEST)","2985","","453"
"Italy (IT)","19.04.2022 09:00 - 19.04.2022 10:00 (CET/CEST)","1902","","340"
"Italy (IT)","19.04.2022 10:00 - 19.04.2022 11:00 (CET/CEST)","131","4","199"
"Italy (IT)","19.04.2022 11:00 - 19.04.2022 12:00 (CET/CEST)","0","1020","182"
"Italy (IT)","19.04.2022 12:00 - 19.04.2022 13:00 (CET/CEST)","0","1710","62"
"Italy (IT)","19.04.2022 13:00 - 19.04.2022 14:00 (CET/CEST)","0","1624","61"
"Italy (IT)","19.04.2022 14:00 - 19.04.2022 15:00 (CET/CEST)","0","1359","134"
"Italy (IT)","19.04.2022 15:00 - 19.04.2022 16:00 (CET/CEST)","0","872","132"
"Italy (IT)","19.04.2022 16:00 - 19.04.2022 17:00 (CET/CEST)","0","830","100"
"Italy (IT)","19.04.2022 17:00 - 19.04.2022 18:00 (CET/CEST)","0","861","106"
"Italy (IT)","19.04.2022 18:00 - 19.04.2022 19:00 (CET/CEST)","128","158","307"
"Italy (IT)","19.04.2022 19:00 - 19.04.2022 20:00 (CET/CEST)","2360","","550"
"Italy (IT)","19.04.2022 20:00 - 19.04.2022 21:00 (CET/CEST)","2729","","741"
"Italy (IT)","19.04.2022 21:00 - 19.04.2022 22:00 (CET/CEST)","1324","","437"
"Italy (IT)","19.04.2022 22:00 - 19.04.2022 23:00 (CET/CEST)","169","","103"
"Italy (IT)","19.04.2022 23:00 - 20.04.2022 00:00 (CET/CEST)","69","377","98"
"Italy (IT)","20.04.2022 00:00 - 20.04.2022 01:00 (CET/CEST)","0","4","38"
"Italy (IT)","20.04.2022 01:00 - 20.04.2022 02:00 (CET/CEST)","0","100","20"
"Italy (IT)","20.04.2022 02:00 - 20.04.2022 03:00 (CET/CEST)","0","1151","20"
"Italy (IT)","20.04.2022 03:00 - 20.04.2022 04:00 (CET/CEST)","0","1124","20"
"Italy (IT)","20.04.2022 04:00 - 20.04.2022 05:00 (CET/CEST)","0","1157","20"
"Italy (IT)","20.04.2022 05:00 - 20.04.2022 06:00 (CET/CEST)","0","3","19"
"Italy (IT)","20.04.2022 06:00 - 20.04.2022 07:00 (CET/CEST)","30","2","43"
"Italy (IT)","20.04.2022 07:00 - 20.04.2022 08:00 (CET/CEST)","227","","258"
"Italy (IT)","20.04.2022 08:00 - 20.04.2022 09:00 (CET/CEST)","784","1","474"
"Italy (IT)","20.04.2022 09:00 - 20.04.2022 10:00 (CET/CEST)","1178","","584"
"Italy (IT)","20.04.2022 10:00 - 20.04.2022 11:00 (CET/CEST)","1018","2","403"
"Italy (IT)","20.04.2022 11:00 - 20.04.2022 12:00 (CET/CEST)","256","6","286"
"Italy (IT)","20.04.2022 12:00 - 20.04.2022 13:00 (CET/CEST)","90","284","210"
"Italy (IT)","20.04.2022 13:00 - 20.04.2022 14:00 (CET/CEST)","81","426","174"
"Italy (IT)","20.04.2022 14:00 - 20.04.2022 15:00 (CET/CEST)","39","60","110"
"Italy (IT)","20.04.2022 15:00 - 20.04.2022 16:00 (CET/CEST)","135","2","314"
"Italy (IT)","20.04.2022 16:00 - 20.04.2022 17:00 (CET/CEST)","112","2","245"
"Italy (IT)","20.04.2022 17:00 - 20.04.2022 18:00 (CET/CEST)","442","2","423"
"Italy (IT)","20.04.2022 18:00 - 20.04.2022 19:00 (CET/CEST)","554","2","558"
"Italy (IT)","20.04.2022 19:00 - 20.04.2022 20:00 (CET/CEST)","1590","2","679"
"Italy (IT)","20.04.2022 20:00 - 20.04.2022 21:00 (CET/CEST)","2320","","691"
"Italy (IT)","20.04.2022 21:00 - 20.04.2022 22:00 (CET/CEST)","1155","1","371"
"Italy (IT)","20.04.2022 22:00 - 20.04.2022 23:00 (CET/CEST)","467","2","80"
"Italy (IT)","20.04.2022 23:00 - 21.04.2022 00:00 (CET/CEST)","165","30","76"
"Italy (IT)","21.04.2022 00:00 - 21.04.2022 01:00 (CET/CEST)","194","123","113"
"Italy (IT)","21.04.2022 01:00 - 21.04.2022 02:00 (CET/CEST)","","638","100"
"Italy (IT)","21.04.2022 02:00 - 21.04.2022 03:00 (CET/CEST)","","1556","86"
"Italy (IT)","21.04.2022 03:00 - 21.04.2022 04:00 (CET/CEST)","","1604","101"
"Italy (IT)","21.04.2022 04:00 - 21.04.2022 05:00 (CET/CEST)","","1359","20"
"Italy (IT)","21.04.2022 05:00 - 21.04.2022 06:00 (CET/CEST)","","733","46"
"Italy (IT)","21.04.2022 06:00 - 21.04.2022 07:00 (CET/CEST)","94","3","412"
"Italy (IT)","21.04.2022 07:00 - 21.04.2022 08:00 (CET/CEST)","818","2","596"
"Italy (IT)","21.04.2022 08:00 - 21.04.2022 09:00 (CET/CEST)","1896","","881"
"Italy (IT)","21.04.2022 09:00 - 21.04.2022 10:00 (CET/CEST)","1377","4","710"
"Italy (IT)","21.04.2022 10:00 - 21.04.2022 11:00 (CET/CEST)","882","148","521"
"Italy (IT)","21.04.2022 11:00 - 21.04.2022 12:00 (CET/CEST)","640","56","502"
"Italy (IT)","21.04.2022 12:00 - 21.04.2022 13:00 (CET/CEST)","392","","393"
"Italy (IT)","21.04.2022 13:00 - 21.04.2022 14:00 (CET/CEST)","282","138","207"
"Italy (IT)","21.04.2022 14:00 - 21.04.2022 15:00 (CET/CEST)","404","162","349"
"Italy (IT)","21.04.2022 15:00 - 21.04.2022 16:00 (CET/CEST)","394","148","752"
"Italy (IT)","21.04.2022 16:00 - 21.04.2022 17:00 (CET/CEST)","375","148","711"
"Italy (IT)","21.04.2022 17:00 - 21.04.2022 18:00 (CET/CEST)","382","2","440"
"Italy (IT)","21.04.2022 18:00 - 21.04.2022 19:00 (CET/CEST)","464","3","284"
"Italy (IT)","21.04.2022 19:00 - 21.04.2022 20:00 (CET/CEST)","630","2","700"
"Italy (IT)","21.04.2022 20:00 - 21.04.2022 21:00 (CET/CEST)","553","2","451"
"Italy (IT)","21.04.2022 21:00 - 21.04.2022 22:00 (CET/CEST)","371","2","224"
"Italy (IT)","21.04.2022 22:00 - 21.04.2022 23:00 (CET/CEST)","239","2","74"
"Italy (IT)","21.04.2022 23:00 - 22.04.2022 00:00 (CET/CEST)","370","618","19"
"Italy (IT)","22.04.2022 00:00 - 22.04.2022 01:00 (CET/CEST)","144","338","20"
"Italy (IT)","22.04.2022 01:00 - 22.04.2022 02:00 (CET/CEST)","","1076","20"
"Italy (IT)","22.04.2022 02:00 - 22.04.2022 03:00 (CET/CEST)","","1222","20"
"Italy (IT)","22.04.2022 03:00 - 22.04.2022 04:00 (CET/CEST)","","1234","20"
"Italy (IT)","22.04.2022 04:00 - 22.04.2022 05:00 (CET/CEST)","","1384","20"
"Italy (IT)","22.04.2022 05:00 - 22.04.2022 06:00 (CET/CEST)","","1220","22"
"Italy (IT)","22.04.2022 06:00 - 22.04.2022 07:00 (CET/CEST)","4","18","207"
"Italy (IT)","22.04.2022 07:00 - 22.04.2022 08:00 (CET/CEST)","655","2","456"
"Italy (IT)","22.04.2022 08:00 - 22.04.2022 09:00 (CET/CEST)","1047","","652"
"Italy (IT)","22.04.2022 09:00 - 22.04.2022 10:00 (CET/CEST)","549","","631"
"Italy (IT)","22.04.2022 10:00 - 22.04.2022 11:00 (CET/CEST)","495","7","628"
"Italy (IT)","22.04.2022 11:00 - 22.04.2022 12:00 (CET/CEST)","130","293","625"
"Italy (IT)","22.04.2022 12:00 - 22.04.2022 13:00 (CET/CEST)","100","364","201"
"Italy (IT)","22.04.2022 13:00 - 22.04.2022 14:00 (CET/CEST)","71","512","120"
"Italy (IT)","22.04.2022 14:00 - 22.04.2022 15:00 (CET/CEST)","38","312","243"
"Italy (IT)","22.04.2022 15:00 - 22.04.2022 16:00 (CET/CEST)","55","347","214"
"Italy (IT)","22.04.2022 16:00 - 22.04.2022 17:00 (CET/CEST)","53","2","263"
"Italy (IT)","22.04.2022 17:00 - 22.04.2022 18:00 (CET/CEST)","188","2","366"
"Italy (IT)","22.04.2022 18:00 - 22.04.2022 19:00 (CET/CEST)","1110","","586"
"Italy (IT)","22.04.2022 19:00 - 22.04.2022 20:00 (CET/CEST)","1814","1","704"
"Italy (IT)","22.04.2022 20:00 - 22.04.2022 21:00 (CET/CEST)","2019","41","981"
"Italy (IT)","22.04.2022 21:00 - 22.04.2022 22:00 (CET/CEST)","2292","82","494"
"Italy (IT)","22.04.2022 22:00 - 22.04.2022 23:00 (CET/CEST)","792","26","404"
"Italy (IT)","22.04.2022 23:00 - 23.04.2022 00:00 (CET/CEST)","153","2","37"
"Italy (IT)","23.04.2022 00:00 - 23.04.2022 01:00 (CET/CEST)","0","2","82"
"Italy (IT)","23.04.2022 01:00 - 23.04.2022 02:00 (CET/CEST)","0","2","39"
"Italy (IT)","23.04.2022 02:00 - 23.04.2022 03:00 (CET/CEST)","0","4","40"
"Italy (IT)","23.04.2022 03:00 - 23.04.2022 04:00 (CET/CEST)","0","258","27"
"Italy (IT)","23.04.2022 04:00 - 23.04.2022 05:00 (CET/CEST)","0","260","44"
"Italy (IT)","23.04.2022 05:00 - 23.04.2022 06:00 (CET/CEST)","0","258","111"
"Italy (IT)","23.04.2022 06:00 - 23.04.2022 07:00 (CET/CEST)","0","3","251"
"Italy (IT)","23.04.2022 07:00 - 23.04.2022 08:00 (CET/CEST)","216","","325"
"Italy (IT)","23.04.2022 08:00 - 23.04.2022 09:00 (CET/CEST)","367","","419"
"Italy (IT)","23.04.2022 09:00 - 23.04.2022 10:00 (CET/CEST)","156","3","198"
"Italy (IT)","23.04.2022 10:00 - 23.04.2022 11:00 (CET/CEST)","36","7","43"
"Italy (IT)","23.04.2022 11:00 - 23.04.2022 12:00 (CET/CEST)","","1736","34"
"Italy (IT)","23.04.2022 12:00 - 23.04.2022 13:00 (CET/CEST)","","1714","34"
"Italy (IT)","23.04.2022 13:00 - 23.04.2022 14:00 (CET/CEST)","0","1795","34"
"Italy (IT)","23.04.2022 14:00 - 23.04.2022 15:00 (CET/CEST)","0","1784","34"
"Italy (IT)","23.04.2022 15:00 - 23.04.2022 16:00 (CET/CEST)","0","1476","34"
"Italy (IT)","23.04.2022 16:00 - 23.04.2022 17:00 (CET/CEST)","0","346","34"
"Italy (IT)","23.04.2022 17:00 - 23.04.2022 18:00 (CET/CEST)","0","108","51"
"Italy (IT)","23.04.2022 18:00 - 23.04.2022 19:00 (CET/CEST)","55","2","406"
"Italy (IT)","23.04.2022 19:00 - 23.04.2022 20:00 (CET/CEST)","894","","631"
"Italy (IT)","23.04.2022 20:00 - 23.04.2022 21:00 (CET/CEST)","1749","","729"
"Italy (IT)","23.04.2022 21:00 - 23.04.2022 22:00 (CET/CEST)","950","","476"
"Italy (IT)","23.04.2022 22:00 - 23.04.2022 23:00 (CET/CEST)","297","","251"
"Italy (IT)","23.04.2022 23:00 - 24.04.2022 00:00 (CET/CEST)","10","1","28"
"Italy (IT)","24.04.2022 00:00 - 24.04.2022 01:00 (CET/CEST)","125","2","145"
"Italy (IT)","24.04.2022 01:00 - 24.04.2022 02:00 (CET/CEST)","101","2","67"
"Italy (IT)","24.04.2022 02:00 - 24.04.2022 03:00 (CET/CEST)","20","461","31"
"Italy (IT)","24.04.2022 03:00 - 24.04.2022 04:00 (CET/CEST)","20","382","30"
"Italy (IT)","24.04.2022 04:00 - 24.04.2022 05:00 (CET/CEST)","20","435","30"
"Italy (IT)","24.04.2022 05:00 - 24.04.2022 06:00 (CET/CEST)","20","436","30"
"Italy (IT)","24.04.2022 06:00 - 24.04.2022 07:00 (CET/CEST)","19","344","30"
"Italy (IT)","24.04.2022 07:00 - 24.04.2022 08:00 (CET/CEST)","11","422","112"
"Italy (IT)","24.04.2022 08:00 - 24.04.2022 09:00 (CET/CEST)","11","174","173"
"Italy (IT)","24.04.2022 09:00 - 24.04.2022 10:00 (CET/CEST)","3","358","56"
"Italy (IT)","24.04.2022 10:00 - 24.04.2022 11:00 (CET/CEST)","0","231","251"
"Italy (IT)","24.04.2022 11:00 - 24.04.2022 12:00 (CET/CEST)","31","177","41"
"Italy (IT)","24.04.2022 12:00 - 24.04.2022 13:00 (CET/CEST)","","521","65"
"Italy (IT)","24.04.2022 13:00 - 24.04.2022 14:00 (CET/CEST)","","968","36"
"Italy (IT)","24.04.2022 14:00 - 24.04.2022 15:00 (CET/CEST)","","1245","34"
"Italy (IT)","24.04.2022 15:00 - 24.04.2022 16:00 (CET/CEST)","","1177","34"
"Italy (IT)","24.04.2022 16:00 - 24.04.2022 17:00 (CET/CEST)","","836","112"
"Italy (IT)","24.04.2022 17:00 - 24.04.2022 18:00 (CET/CEST)","","691","115"
"Italy (IT)","24.04.2022 18:00 - 24.04.2022 19:00 (CET/CEST)","136","201","151"
"Italy (IT)","24.04.2022 19:00 - 24.04.2022 20:00 (CET/CEST)","707","58","213"
"Italy (IT)","24.04.2022 20:00 - 24.04.2022 21:00 (CET/CEST)","665","","516"
"Italy (IT)","24.04.2022 21:00 - 24.04.2022 22:00 (CET/CEST)","1598","","393"
"Italy (IT)","24.04.2022 22:00 - 24.04.2022 23:00 (CET/CEST)","658","","205"
"Italy (IT)","24.04.2022 23:00 - 25.04.2022 00:00 (CET/CEST)","670","","197"
"Italy (IT)","25.04.2022 00:00 - 25.04.2022 01:00 (CET/CEST)","750","4","225"
"Italy (IT)","25.04.2022 01:00 - 25.04.2022 02:00 (CET/CEST)","170","152","146"
"Italy (IT)","25.04.2022 02:00 - 25.04.2022 03:00 (CET/CEST)","88","147","96"
"Italy (IT)","25.04.2022 03:00 - 25.04.2022 04:00 (CET/CEST)","9","7","106"
"Italy (IT)","25.04.2022 04:00 - 25.04.2022 05:00 (CET/CEST)","13","7","101"
"Italy (IT)","25.04.2022 05:00 - 25.04.2022 06:00 (CET/CEST)","227","2","78"
"Italy (IT)","25.04.2022 06:00 - 25.04.2022 07:00 (CET/CEST)","445","2","292"
"Italy (IT)","25.04.2022 07:00 - 25.04.2022 08:00 (CET/CEST)","215","2","380"
"Italy (IT)","25.04.2022 08:00 - 25.04.2022 09:00 (CET/CEST)","138","2","299"
"Italy (IT)","25.04.2022 09:00 - 25.04.2022 10:00 (CET/CEST)","137","2","173"
"Italy (IT)","25.04.2022 10:00 - 25.04.2022 11:00 (CET/CEST)","89","5","76"
"Italy (IT)","25.04.2022 11:00 - 25.04.2022 12:00 (CET/CEST)","86","257","121"
"Italy (IT)","25.04.2022 12:00 - 25.04.2022 13:00 (CET/CEST)","42","261","179"
"Italy (IT)","25.04.2022 13:00 - 25.04.2022 14:00 (CET/CEST)","","788","174"
"Italy (IT)","25.04.2022 14:00 - 25.04.2022 15:00 (CET/CEST)","","663","175"
"Italy (IT)","25.04.2022 15:00 - 25.04.2022 16:00 (CET/CEST)","","929","174"
"Italy (IT)","25.04.2022 16:00 - 25.04.2022 17:00 (CET/CEST)","","800","117"
"Italy (IT)","25.04.2022 17:00 - 25.04.2022 18:00 (CET/CEST)","","488","121"
"Italy (IT)","25.04.2022 18:00 - 25.04.2022 19:00 (CET/CEST)","37","2","316"
"Italy (IT)","25.04.2022 19:00 - 25.04.2022 20:00 (CET/CEST)","276","","438"
"Italy (IT)","25.04.2022 20:00 - 25.04.2022 21:00 (CET/CEST)","754","","514"
"Italy (IT)","25.04.2022 21:00 - 25.04.2022 22:00 (CET/CEST)","513","","461"
"Italy (IT)","25.04.2022 22:00 - 25.04.2022 23:00 (CET/CEST)","264","","260"
"Italy (IT)","25.04.2022 23:00 - 26.04.2022 00:00 (CET/CEST)","153","","224"
"Italy (IT)","26.04.2022 00:00 - 26.04.2022 01:00 (CET/CEST)","21","265","20"
"Italy (IT)","26.04.2022 01:00 - 26.04.2022 02:00 (CET/CEST)","0","1267","20"
"Italy (IT)","26.04.2022 02:00 - 26.04.2022 03:00 (CET/CEST)","","1860","20"
"Italy (IT)","26.04.2022 03:00 - 26.04.2022 04:00 (CET/CEST)","","1884","20"
"Italy (IT)","26.04.2022 04:00 - 26.04.2022 05:00 (CET/CEST)","","2087","20"
"Italy (IT)","26.04.2022 05:00 - 26.04.2022 06:00 (CET/CEST)","14","590","21"
"Italy (IT)","26.04.2022 06:00 - 26.04.2022 07:00 (CET/CEST)","264","81","318"
"Italy (IT)","26.04.2022 07:00 - 26.04.2022 08:00 (CET/CEST)","2126","81","527"
"Italy (IT)","26.04.2022 08:00 - 26.04.2022 09:00 (CET/CEST)","2438","28","574"
"Italy (IT)","26.04.2022 09:00 - 26.04.2022 10:00 (CET/CEST)","1044","2","680"
"Italy (IT)","26.04.2022 10:00 - 26.04.2022 11:00 (CET/CEST)","29","2","223"
"Italy (IT)","26.04.2022 11:00 - 26.04.2022 12:00 (CET/CEST)","1","129","107"
"Italy (IT)","26.04.2022 12:00 - 26.04.2022 13:00 (CET/CEST)","1","625","66"
"Italy (IT)","26.04.2022 13:00 - 26.04.2022 14:00 (CET/CEST)","0","1483","58"
"Italy (IT)","26.04.2022 14:00 - 26.04.2022 15:00 (CET/CEST)","36","1345","58"
"Italy (IT)","26.04.2022 15:00 - 26.04.2022 16:00 (CET/CEST)","45","983","58"
"Italy (IT)","26.04.2022 16:00 - 26.04.2022 17:00 (CET/CEST)","0","584","167"
"Italy (IT)","26.04.2022 17:00 - 26.04.2022 18:00 (CET/CEST)","0","172","97"
"Italy (IT)","26.04.2022 18:00 - 26.04.2022 19:00 (CET/CEST)","185","2","247"
"Italy (IT)","26.04.2022 19:00 - 26.04.2022 20:00 (CET/CEST)","1347","34","520"
"Italy (IT)","26.04.2022 20:00 - 26.04.2022 21:00 (CET/CEST)","2069","","920"
"Italy (IT)","26.04.2022 21:00 - 26.04.2022 22:00 (CET/CEST)","850","","439"
"Italy (IT)","26.04.2022 22:00 - 26.04.2022 23:00 (CET/CEST)","3","","168"
"Italy (IT)","26.04.2022 23:00 - 27.04.2022 00:00 (CET/CEST)","0","143","25"
"Italy (IT)","27.04.2022 00:00 - 27.04.2022 01:00 (CET/CEST)","0","569","20"
"Italy (IT)","27.04.2022 01:00 - 27.04.2022 02:00 (CET/CEST)","0","786","20"
"Italy (IT)","27.04.2022 02:00 - 27.04.2022 03:00 (CET/CEST)","0","866","20"
"Italy (IT)","27.04.2022 03:00 - 27.04.2022 04:00 (CET/CEST)","0","894","20"
"Italy (IT)","27.04.2022 04:00 - 27.04.2022 05:00 (CET/CEST)","0","886","20"
"Italy (IT)","27.04.2022 05:00 - 27.04.2022 06:00 (CET/CEST)","0","593","20"
"Italy (IT)","27.04.2022 06:00 - 27.04.2022 07:00 (CET/CEST)","108","","219"
"Italy (IT)","27.04.2022 07:00 - 27.04.2022 08:00 (CET/CEST)","673","","557"
"Italy (IT)","27.04.2022 08:00 - 27.04.2022 09:00 (CET/CEST)","1190","","593"
"Italy (IT)","27.04.2022 09:00 - 27.04.2022 10:00 (CET/CEST)","303","2","252"
"Italy (IT)","27.04.2022 10:00 - 27.04.2022 11:00 (CET/CEST)","279","2","156"
"Italy (IT)","27.04.2022 11:00 - 27.04.2022 12:00 (CET/CEST)","159","382","125"
"Italy (IT)","27.04.2022 12:00 - 27.04.2022 13:00 (CET/CEST)","5","703","122"
"Italy (IT)","27.04.2022 13:00 - 27.04.2022 14:00 (CET/CEST)","0","912","122"
"Italy (IT)","27.04.2022 14:00 - 27.04.2022 15:00 (CET/CEST)","24","772","92"
"Italy (IT)","27.04.2022 15:00 - 27.04.2022 16:00 (CET/CEST)","126","493","92"
"Italy (IT)","27.04.2022 16:00 - 27.04.2022 17:00 (CET/CEST)","168","2","99"
"Italy (IT)","27.04.2022 17:00 - 27.04.2022 18:00 (CET/CEST)","81","149","188"
"Italy (IT)","27.04.2022 18:00 - 27.04.2022 19:00 (CET/CEST)","222","35","401"
"Italy (IT)","27.04.2022 19:00 - 27.04.2022 20:00 (CET/CEST)","1075","57","892"
"Italy (IT)","27.04.2022 20:00 - 27.04.2022 21:00 (CET/CEST)","1457","43","752"
"Italy (IT)","27.04.2022 21:00 - 27.04.2022 22:00 (CET/CEST)","623","48","408"
"Italy (IT)","27.04.2022 22:00 - 27.04.2022 23:00 (CET/CEST)","101","81","123"
"Italy (IT)","27.04.2022 23:00 - 28.04.2022 00:00 (CET/CEST)","45","78","122"
"Italy (IT)","28.04.2022 00:00 - 28.04.2022 01:00 (CET/CEST)","0","54","39"
"Italy (IT)","28.04.2022 01:00 - 28.04.2022 02:00 (CET/CEST)","0","1020","84"
"Italy (IT)","28.04.2022 02:00 - 28.04.2022 03:00 (CET/CEST)","0","997","92"
"Italy (IT)","28.04.2022 03:00 - 28.04.2022 04:00 (CET/CEST)","0","1159","92"
"Italy (IT)","28.04.2022 04:00 - 28.04.2022 05:00 (CET/CEST)","0","1287","90"
"Italy (IT)","28.04.2022 05:00 - 28.04.2022 06:00 (CET/CEST)","0","1059","90"
"Italy (IT)","28.04.2022 06:00 - 28.04.2022 07:00 (CET/CEST)","86","2","112"
"Italy (IT)","28.04.2022 07:00 - 28.04.2022 08:00 (CET/CEST)","1121","2","593"
"Italy (IT)","28.04.2022 08:00 - 28.04.2022 09:00 (CET/CEST)","1518","2","670"
"Italy (IT)","28.04.2022 09:00 - 28.04.2022 10:00 (CET/CEST)","227","2","291"
"Italy (IT)","28.04.2022 10:00 - 28.04.2022 11:00 (CET/CEST)","264","1","206"
"Italy (IT)","28.04.2022 11:00 - 28.04.2022 12:00 (CET/CEST)","223","203","139"
"Italy (IT)","28.04.2022 12:00 - 28.04.2022 13:00 (CET/CEST)","29","456","136"
"Italy (IT)","28.04.2022 13:00 - 28.04.2022 14:00 (CET/CEST)","0","308","162"
"Italy (IT)","28.04.2022 14:00 - 28.04.2022 15:00 (CET/CEST)","123","406","263"
"Italy (IT)","28.04.2022 15:00 - 28.04.2022 16:00 (CET/CEST)","123","386","111"
"Italy (IT)","28.04.2022 16:00 - 28.04.2022 17:00 (CET/CEST)","124","7","172"
"Italy (IT)","28.04.2022 17:00 - 28.04.2022 18:00 (CET/CEST)","192","2","234"
"Italy (IT)","28.04.2022 18:00 - 28.04.2022 19:00 (CET/CEST)","106","132","258"
"Italy (IT)","28.04.2022 19:00 - 28.04.2022 20:00 (CET/CEST)","1948","","821"
"Italy (IT)","28.04.2022 20:00 - 28.04.2022 21:00 (CET/CEST)","1850","","1089"
"Italy (IT)","28.04.2022 21:00 - 28.04.2022 22:00 (CET/CEST)","1282","","720"
"Italy (IT)","28.04.2022 22:00 - 28.04.2022 23:00 (CET/CEST)","192","","326"
"Italy (IT)","28.04.2022 23:00 - 29.04.2022 00:00 (CET/CEST)","57","2","226"
"Italy (IT)","29.04.2022 00:00 - 29.04.2022 01:00 (CET/CEST)","0","454","46"
"Italy (IT)","29.04.2022 01:00 - 29.04.2022 02:00 (CET/CEST)","0","494","45"
"Italy (IT)","29.04.2022 02:00 - 29.04.2022 03:00 (CET/CEST)","0","879","46"
"Italy (IT)","29.04.2022 03:00 - 29.04.2022 04:00 (CET/CEST)","0","1097","45"
"Italy (IT)","29.04.2022 04:00 - 29.04.2022 05:00 (CET/CEST)","0","1084","72"
"Italy (IT)","29.04.2022 05:00 - 29.04.2022 06:00 (CET/CEST)","0","412","62"
"Italy (IT)","29.04.2022 06:00 - 29.04.2022 07:00 (CET/CEST)","731","2","150"
"Italy (IT)","29.04.2022 07:00 - 29.04.2022 08:00 (CET/CEST)","2133","","728"
"Italy (IT)","29.04.2022 08:00 - 29.04.2022 09:00 (CET/CEST)","1226","1","796"
"Italy (IT)","29.04.2022 09:00 - 29.04.2022 10:00 (CET/CEST)","315","6","554"
"Italy (IT)","29.04.2022 10:00 - 29.04.2022 11:00 (CET/CEST)","158","283","157"
"Italy (IT)","29.04.2022 11:00 - 29.04.2022 12:00 (CET/CEST)","86","312","103"
"Italy (IT)","29.04.2022 12:00 - 29.04.2022 13:00 (CET/CEST)","","1032","83"
"Italy (IT)","29.04.2022 13:00 - 29.04.2022 14:00 (CET/CEST)","","1238","82"
"Italy (IT)","29.04.2022 14:00 - 29.04.2022 15:00 (CET/CEST)","","1338","80"
"Italy (IT)","29.04.2022 15:00 - 29.04.2022 16:00 (CET/CEST)","","723","79"
"Italy (IT)","29.04.2022 16:00 - 29.04.2022 17:00 (CET/CEST)","0","156","89"
"Italy (IT)","29.04.2022 17:00 - 29.04.2022 18:00 (CET/CEST)","0","3","158"
"Italy (IT)","29.04.2022 18:00 - 29.04.2022 19:00 (CET/CEST)","296","2","285"
"Italy (IT)","29.04.2022 19:00 - 29.04.2022 20:00 (CET/CEST)","1461","53","679"
"Italy (IT)","29.04.2022 20:00 - 29.04.2022 21:00 (CET/CEST)","1836","","820"
"Italy (IT)","29.04.2022 21:00 - 29.04.2022 22:00 (CET/CEST)","508","1","572"
"Italy (IT)","29.04.2022 22:00 - 29.04.2022 23:00 (CET/CEST)","71","78","140"
"Italy (IT)","29.04.2022 23:00 - 30.04.2022 00:00 (CET/CEST)","0","137","45"
"Italy (IT)","30.04.2022 00:00 - 30.04.2022 01:00 (CET/CEST)","0","65","44"
"Italy (IT)","30.04.2022 01:00 - 30.04.2022 02:00 (CET/CEST)","0","435","44"
"Italy (IT)","30.04.2022 02:00 - 30.04.2022 03:00 (CET/CEST)","","443","44"
"Italy (IT)","30.04.2022 03:00 - 30.04.2022 04:00 (CET/CEST)","","1091","44"
"Italy (IT)","30.04.2022 04:00 - 30.04.2022 05:00 (CET/CEST)","69","783","44"
"Italy (IT)","30.04.2022 05:00 - 30.04.2022 06:00 (CET/CEST)","151","329","102"
"Italy (IT)","30.04.2022 06:00 - 30.04.2022 07:00 (CET/CEST)","156","1","206"
"Italy (IT)","30.04.2022 07:00 - 30.04.2022 08:00 (CET/CEST)","315","","207"
"Italy (IT)","30.04.2022 08:00 - 30.04.2022 09:00 (CET/CEST)","319","","253"
"Italy (IT)","30.04.2022 09:00 - 30.04.2022 10:00 (CET/CEST)","155","112","91"
"Italy (IT)","30.04.2022 10:00 - 30.04.2022 11:00 (CET/CEST)","","886","74"
"Italy (IT)","30.04.2022 11:00 - 30.04.2022 12:00 (CET/CEST)","","901","67"
"Italy (IT)","30.04.2022 12:00 - 30.04.2022 13:00 (CET/CEST)","","1320","63"
"Italy (IT)","30.04.2022 13:00 - 30.04.2022 14:00 (CET/CEST)","0","1725","63"
"Italy (IT)","30.04.2022 14:00 - 30.04.2022 15:00 (CET/CEST)","0","1852","63"
"Italy (IT)","30.04.2022 15:00 - 30.04.2022 16:00 (CET/CEST)","0","1998","67"
"Italy (IT)","30.04.2022 16:00 - 30.04.2022 17:00 (CET/CEST)","0","1697","107"
"Italy (IT)","30.04.2022 17:00 - 30.04.2022 18:00 (CET/CEST)","1","806","95"
"Italy (IT)","30.04.2022 18:00 - 30.04.2022 19:00 (CET/CEST)","296","","168"
"Italy (IT)","30.04.2022 19:00 - 30.04.2022 20:00 (CET/CEST)","1243","","391"
"Italy (IT)","30.04.2022 20:00 - 30.04.2022 21:00 (CET/CEST)","1392","","930"
"Italy (IT)","30.04.2022 21:00 - 30.04.2022 22:00 (CET/CEST)","1096","","581"
"Italy (IT)","30.04.2022 22:00 - 30.04.2022 23:00 (CET/CEST)","439","","271"
"Italy (IT)","30.04.2022 23:00 - 01.05.2022 00:00 (CET/CEST)","162","","124"
"Italy (IT)","01.05.2022 00:00 - 01.05.2022 01:00 (CET/CEST)","449","","402"
"Italy (IT)","01.05.2022 01:00 - 01.05.2022 02:00 (CET/CEST)","114","","305"
"Italy (IT)","01.05.2022 02:00 - 01.05.2022 03:00 (CET/CEST)","89","2","190"
"Italy (IT)","01.05.2022 03:00 - 01.05.2022 04:00 (CET/CEST)","87","2","133"
"Italy (IT)","01.05.2022 04:00 - 01.05.2022 05:00 (CET/CEST)","15","2","126"
"Italy (IT)","01.05.2022 05:00 - 01.05.2022 06:00 (CET/CEST)","73","2","102"
"Italy (IT)","01.05.2022 06:00 - 01.05.2022 07:00 (CET/CEST)","9","297","113"
"Italy (IT)","01.05.2022 07:00 - 01.05.2022 08:00 (CET/CEST)","9","107","81"
"Italy (IT)","01.05.2022 08:00 - 01.05.2022 09:00 (CET/CEST)","121","2","113"
"Italy (IT)","01.05.2022 09:00 - 01.05.2022 10:00 (CET/CEST)","102","3","102"
"Italy (IT)","01.05.2022 10:00 - 01.05.2022 11:00 (CET/CEST)","9","806","94"
"Italy (IT)","01.05.2022 11:00 - 01.05.2022 12:00 (CET/CEST)","7","1427","89"
"Italy (IT)","01.05.2022 12:00 - 01.05.2022 13:00 (CET/CEST)","","1564","102"
"Italy (IT)","01.05.2022 13:00 - 01.05.2022 14:00 (CET/CEST)","","1780","94"
"Italy (IT)","01.05.2022 14:00 - 01.05.2022 15:00 (CET/CEST)","","1821","74"
"Italy (IT)","01.05.2022 15:00 - 01.05.2022 16:00 (CET/CEST)","","1787","78"
"Italy (IT)","01.05.2022 16:00 - 01.05.2022 17:00 (CET/CEST)","9","1348","88"
"Italy (IT)","01.05.2022 17:00 - 01.05.2022 18:00 (CET/CEST)","9","581","88"
"Italy (IT)","01.05.2022 18:00 - 01.05.2022 19:00 (CET/CEST)","70","556","151"
"Italy (IT)","01.05.2022 19:00 - 01.05.2022 20:00 (CET/CEST)","389","246","291"
"Italy (IT)","01.05.2022 20:00 - 01.05.2022 21:00 (CET/CEST)","659","2","541"
"Italy (IT)","01.05.2022 21:00 - 01.05.2022 22:00 (CET/CEST)","661","","571"
"Italy (IT)","01.05.2022 22:00 - 01.05.2022 23:00 (CET/CEST)","497","","212"
"Italy (IT)","01.05.2022 23:00 - 02.05.2022 00:00 (CET/CEST)","87","2","180"
"Italy (IT)","02.05.2022 00:00 - 02.05.2022 01:00 (CET/CEST)","206","2","48"
"Italy (IT)","02.05.2022 01:00 - 02.05.2022 02:00 (CET/CEST)","0","1515","45"
"Italy (IT)","02.05.2022 02:00 - 02.05.2022 03:00 (CET/CEST)","3","1884","45"
"Italy (IT)","02.05.2022 03:00 - 02.05.2022 04:00 (CET/CEST)","11","1836","44"
"Italy (IT)","02.05.2022 04:00 - 02.05.2022 05:00 (CET/CEST)","11","1799","45"
"Italy (IT)","02.05.2022 05:00 - 02.05.2022 06:00 (CET/CEST)","26","79","48"
"Italy (IT)","02.05.2022 06:00 - 02.05.2022 07:00 (CET/CEST)","763","2","314"
"Italy (IT)","02.05.2022 07:00 - 02.05.2022 08:00 (CET/CEST)","1711","","615"
"Italy (IT)","02.05.2022 08:00 - 02.05.2022 09:00 (CET/CEST)","1530","1","426"
"Italy (IT)","02.05.2022 09:00 - 02.05.2022 10:00 (CET/CEST)","679","2","410"
"Italy (IT)","02.05.2022 10:00 - 02.05.2022 11:00 (CET/CEST)","169","154","133"
"Italy (IT)","02.05.2022 11:00 - 02.05.2022 12:00 (CET/CEST)","70","361","67"
"Italy (IT)","02.05.2022 12:00 - 02.05.2022 13:00 (CET/CEST)","0","840","139"
"Italy (IT)","02.05.2022 13:00 - 02.05.2022 14:00 (CET/CEST)","0","712","70"
"Italy (IT)","02.05.2022 14:00 - 02.05.2022 15:00 (CET/CEST)","35","151","71"
"Italy (IT)","02.05.2022 15:00 - 02.05.2022 16:00 (CET/CEST)","0","149","140"
"Italy (IT)","02.05.2022 16:00 - 02.05.2022 17:00 (CET/CEST)","0","145","88"
"Italy (IT)","02.05.2022 17:00 - 02.05.2022 18:00 (CET/CEST)","73","","87"
"Italy (IT)","02.05.2022 18:00 - 02.05.2022 19:00 (CET/CEST)","317","","370"
"Italy (IT)","02.05.2022 19:00 - 02.05.2022 20:00 (CET/CEST)","1036","","585"
"Italy (IT)","02.05.2022 20:00 - 02.05.2022 21:00 (CET/CEST)","929","","608"
"Italy (IT)","02.05.2022 21:00 - 02.05.2022 22:00 (CET/CEST)","509","","359"
"Italy (IT)","02.05.2022 22:00 - 02.05.2022 23:00 (CET/CEST)","202","","268"
"Italy (IT)","02.05.2022 23:00 - 03.05.2022 00:00 (CET/CEST)","51","1","69"
"Italy (IT)","03.05.2022 00:00 - 03.05.2022 01:00 (CET/CEST)","9","5","188"
"Italy (IT)","03.05.2022 01:00 - 03.05.2022 02:00 (CET/CEST)","0","284","46"
"Italy (IT)","03.05.2022 02:00 - 03.05.2022 03:00 (CET/CEST)","0","596","46"
"Italy (IT)","03.05.2022 03:00 - 03.05.2022 04:00 (CET/CEST)","0","684","46"
"Italy (IT)","03.05.2022 04:00 - 03.05.2022 05:00 (CET/CEST)","0","583","48"
"Italy (IT)","03.05.2022 05:00 - 03.05.2022 06:00 (CET/CEST)","0","","50"
"Italy (IT)","03.05.2022 06:00 - 03.05.2022 07:00 (CET/CEST)","121","","130"
"Italy (IT)","03.05.2022 07:00 - 03.05.2022 08:00 (CET/CEST)","589","","405"
"Italy (IT)","03.05.2022 08:00 - 03.05.2022 09:00 (CET/CEST)","681","","673"
"Italy (IT)","03.05.2022 09:00 - 03.05.2022 10:00 (CET/CEST)","561","","634"
"Italy (IT)","03.05.2022 10:00 - 03.05.2022 11:00 (CET/CEST)","284","","335"
"Italy (IT)","03.05.2022 11:00 - 03.05.2022 12:00 (CET/CEST)","242","","339"
"Italy (IT)","03.05.2022 12:00 - 03.05.2022 13:00 (CET/CEST)","0","244","288"
"Italy (IT)","03.05.2022 13:00 - 03.05.2022 14:00 (CET/CEST)","0","316","64"
"Italy (IT)","03.05.2022 14:00 - 03.05.2022 15:00 (CET/CEST)","122","270","65"
"Italy (IT)","03.05.2022 15:00 - 03.05.2022 16:00 (CET/CEST)","124","","130"
"Italy (IT)","03.05.2022 16:00 - 03.05.2022 17:00 (CET/CEST)","188","","90"
"Italy (IT)","03.05.2022 17:00 - 03.05.2022 18:00 (CET/CEST)","333","","262"
"Italy (IT)","03.05.2022 18:00 - 03.05.2022 19:00 (CET/CEST)","456","","398"
"Italy (IT)","03.05.2022 19:00 - 03.05.2022 20:00 (CET/CEST)","705","","771"
"Italy (IT)","03.05.2022 20:00 - 03.05.2022 21:00 (CET/CEST)","988","","826"
"Italy (IT)","03.05.2022 21:00 - 03.05.2022 22:00 (CET/CEST)","524","","508"
"Italy (IT)","03.05.2022 22:00 - 03.05.2022 23:00 (CET/CEST)","235","","125"
"Italy (IT)","03.05.2022 23:00 - 04.05.2022 00:00 (CET/CEST)","2","1","69"
"Italy (IT)","04.05.2022 00:00 - 04.05.2022 01:00 (CET/CEST)","0","256","121"
"Italy (IT)","04.05.2022 01:00 - 04.05.2022 02:00 (CET/CEST)","0","455","49"
"Italy (IT)","04.05.2022 02:00 - 04.05.2022 03:00 (CET/CEST)","0","456","49"
"Italy (IT)","04.05.2022 03:00 - 04.05.2022 04:00 (CET/CEST)","0","645","53"
"Italy (IT)","04.05.2022 04:00 - 04.05.2022 05:00 (CET/CEST)","0","446","53"
"Italy (IT)","04.05.2022 05:00 - 04.05.2022 06:00 (CET/CEST)","0","","54"
"Italy (IT)","04.05.2022 06:00 - 04.05.2022 07:00 (CET/CEST)","318","","678"
"Italy (IT)","04.05.2022 07:00 - 04.05.2022 08:00 (CET/CEST)","652","","908"
"Italy (IT)","04.05.2022 08:00 - 04.05.2022 09:00 (CET/CEST)","484","","562"
"Italy (IT)","04.05.2022 09:00 - 04.05.2022 10:00 (CET/CEST)","294","","317"
"Italy (IT)","04.05.2022 10:00 - 04.05.2022 11:00 (CET/CEST)","222","3","185"
"Italy (IT)","04.05.2022 11:00 - 04.05.2022 12:00 (CET/CEST)","154","202","98"
"Italy (IT)","04.05.2022 12:00 - 04.05.2022 13:00 (CET/CEST)","126","206","74"
"Italy (IT)","04.05.2022 13:00 - 04.05.2022 14:00 (CET/CEST)","0","367","74"
"Italy (IT)","04.05.2022 14:00 - 04.05.2022 15:00 (CET/CEST)","124","177","73"
"Italy (IT)","04.05.2022 15:00 - 04.05.2022 16:00 (CET/CEST)","125","56","131"
"Italy (IT)","04.05.2022 16:00 - 04.05.2022 17:00 (CET/CEST)","537","56","116"
"Italy (IT)","04.05.2022 17:00 - 04.05.2022 18:00 (CET/CEST)","288","1","151"
"Italy (IT)","04.05.2022 18:00 - 04.05.2022 19:00 (CET/CEST)","312","","428"
"Italy (IT)","04.05.2022 19:00 - 04.05.2022 20:00 (CET/CEST)","592","","529"
"Italy (IT)","04.05.2022 20:00 - 04.05.2022 21:00 (CET/CEST)","713","","704"
"Italy (IT)","04.05.2022 21:00 - 04.05.2022 22:00 (CET/CEST)","524","","370"
"Italy (IT)","04.05.2022 22:00 - 04.05.2022 23:00 (CET/CEST)","267","","279"
"Italy (IT)","04.05.2022 23:00 - 05.05.2022 00:00 (CET/CEST)","56","","75"
"Italy (IT)","05.05.2022 00:00 - 05.05.2022 01:00 (CET/CEST)","1","","46"
"Italy (IT)","05.05.2022 01:00 - 05.05.2022 02:00 (CET/CEST)","0","1","45"
"Italy (IT)","05.05.2022 02:00 - 05.05.2022 03:00 (CET/CEST)","0","197","45"
"Italy (IT)","05.05.2022 03:00 - 05.05.2022 04:00 (CET/CEST)","0","198","46"
"Italy (IT)","05.05.2022 04:00 - 05.05.2022 05:00 (CET/CEST)","0","297","45"
"Italy (IT)","05.05.2022 05:00 - 05.05.2022 06:00 (CET/CEST)","2","","52"
"Italy (IT)","05.05.2022 06:00 - 05.05.2022 07:00 (CET/CEST)","140","","543"
"Italy (IT)","05.05.2022 07:00 - 05.05.2022 08:00 (CET/CEST)","329","","832"
"Italy (IT)","05.05.2022 08:00 - 05.05.2022 09:00 (CET/CEST)","1067","","1200"
"Italy (IT)","05.05.2022 09:00 - 05.05.2022 10:00 (CET/CEST)","907","","1054"
"Italy (IT)","05.05.2022 10:00 - 05.05.2022 11:00 (CET/CEST)","1155","59","1049"
"Italy (IT)","05.05.2022 11:00 - 05.05.2022 12:00 (CET/CEST)","1388","67","1209"
"Italy (IT)","05.05.2022 12:00 - 05.05.2022 13:00 (CET/CEST)","793","293","634"
"Italy (IT)","05.05.2022 13:00 - 05.05.2022 14:00 (CET/CEST)","177","363","84"
"Italy (IT)","05.05.2022 14:00 - 05.05.2022 15:00 (CET/CEST)","176","354","369"
"Italy (IT)","05.05.2022 15:00 - 05.05.2022 16:00 (CET/CEST)","604","230","717"
"Italy (IT)","05.05.2022 16:00 - 05.05.2022 17:00 (CET/CEST)","387","146","709"
"Italy (IT)","05.05.2022 17:00 - 05.05.2022 18:00 (CET/CEST)","278","","417"
"Italy (IT)","05.05.2022 18:00 - 05.05.2022 19:00 (CET/CEST)","202","","390"
"Italy (IT)","05.05.2022 19:00 - 05.05.2022 20:00 (CET/CEST)","281","28","640"
"Italy (IT)","05.05.2022 20:00 - 05.05.2022 21:00 (CET/CEST)","459","","647"
"Italy (IT)","05.05.2022 21:00 - 05.05.2022 22:00 (CET/CEST)","208","","351"
"Italy (IT)","05.05.2022 22:00 - 05.05.2022 23:00 (CET/CEST)","75","2","124"
"Italy (IT)","05.05.2022 23:00 - 06.05.2022 00:00 (CET/CEST)","0","150","116"
"Italy (IT)","06.05.2022 00:00 - 06.05.2022 01:00 (CET/CEST)","0","428","47"
"Italy (IT)","06.05.2022 01:00 - 06.05.2022 02:00 (CET/CEST)","0","595","45"
"Italy (IT)","06.05.2022 02:00 - 06.05.2022 03:00 (CET/CEST)","0","715","45"
"Italy (IT)","06.05.2022 03:00 - 06.05.2022 04:00 (CET/CEST)","0","719","46"
"Italy (IT)","06.05.2022 04:00 - 06.05.2022 05:00 (CET/CEST)","0","718","45"
"Italy (IT)","06.05.2022 05:00 - 06.05.2022 06:00 (CET/CEST)","0","390","63"
"Italy (IT)","06.05.2022 06:00 - 06.05.2022 07:00 (CET/CEST)","157","","130"
"Italy (IT)","06.05.2022 07:00 - 06.05.2022 08:00 (CET/CEST)","569","","505"
"Italy (IT)","06.05.2022 08:00 - 06.05.2022 09:00 (CET/CEST)","1367","","790"
"Italy (IT)","06.05.2022 09:00 - 06.05.2022 10:00 (CET/CEST)","718","","750"
"Italy (IT)","06.05.2022 10:00 - 06.05.2022 11:00 (CET/CEST)","616","","523"
"Italy (IT)","06.05.2022 11:00 - 06.05.2022 12:00 (CET/CEST)","723","","526"
"Italy (IT)","06.05.2022 12:00 - 06.05.2022 13:00 (CET/CEST)","12","","206"
"Italy (IT)","06.05.2022 13:00 - 06.05.2022 14:00 (CET/CEST)","6","","140"
"Italy (IT)","06.05.2022 14:00 - 06.05.2022 15:00 (CET/CEST)","13","113","296"
"Italy (IT)","06.05.2022 15:00 - 06.05.2022 16:00 (CET/CEST)","321","136","634"
"Italy (IT)","06.05.2022 16:00 - 06.05.2022 17:00 (CET/CEST)","419","","622"
"Italy (IT)","06.05.2022 17:00 - 06.05.2022 18:00 (CET/CEST)","129","","205"
"Italy (IT)","06.05.2022 18:00 - 06.05.2022 19:00 (CET/CEST)","130","","195"
"Italy (IT)","06.05.2022 19:00 - 06.05.2022 20:00 (CET/CEST)","372","","448"
"Italy (IT)","06.05.2022 20:00 - 06.05.2022 21:00 (CET/CEST)","269","","391"
"Italy (IT)","06.05.2022 21:00 - 06.05.2022 22:00 (CET/CEST)","182","","155"
"Italy (IT)","06.05.2022 22:00 - 06.05.2022 23:00 (CET/CEST)","153","","60"
"Italy (IT)","06.05.2022 23:00 - 07.05.2022 00:00 (CET/CEST)","72","","39"
"Italy (IT)","07.05.2022 00:00 - 07.05.2022 01:00 (CET/CEST)","2","1","80"
"Italy (IT)","07.05.2022 01:00 - 07.05.2022 02:00 (CET/CEST)","0","252","22"
"Italy (IT)","07.05.2022 02:00 - 07.05.2022 03:00 (CET/CEST)","0","372","22"
"Italy (IT)","07.05.2022 03:00 - 07.05.2022 04:00 (CET/CEST)","0","391","22"
"Italy (IT)","07.05.2022 04:00 - 07.05.2022 05:00 (CET/CEST)","0","396","22"
"Italy (IT)","07.05.2022 05:00 - 07.05.2022 06:00 (CET/CEST)","0","369","25"
"Italy (IT)","07.05.2022 06:00 - 07.05.2022 07:00 (CET/CEST)","0","39","174"
"Italy (IT)","07.05.2022 07:00 - 07.05.2022 08:00 (CET/CEST)","129","","378"
"Italy (IT)","07.05.2022 08:00 - 07.05.2022 09:00 (CET/CEST)","358","","501"
"Italy (IT)","07.05.2022 09:00 - 07.05.2022 10:00 (CET/CEST)","382","","664"
"Italy (IT)","07.05.2022 10:00 - 07.05.2022 11:00 (CET/CEST)","312","","372"
"Italy (IT)","07.05.2022 11:00 - 07.05.2022 12:00 (CET/CEST)","55","","99"
"Italy (IT)","07.05.2022 12:00 - 07.05.2022 13:00 (CET/CEST)","0","278","48"
"Italy (IT)","07.05.2022 13:00 - 07.05.2022 14:00 (CET/CEST)","0","722","46"
"Italy (IT)","07.05.2022 14:00 - 07.05.2022 15:00 (CET/CEST)","0","890","46"
"Italy (IT)","07.05.2022 15:00 - 07.05.2022 16:00 (CET/CEST)","0","923","51"
"Italy (IT)","07.05.2022 16:00 - 07.05.2022 17:00 (CET/CEST)","0","205","168"
"Italy (IT)","07.05.2022 17:00 - 07.05.2022 18:00 (CET/CEST)","22","94","183"
"Italy (IT)","07.05.2022 18:00 - 07.05.2022 19:00 (CET/CEST)","331","","334"
"Italy (IT)","07.05.2022 19:00 - 07.05.2022 20:00 (CET/CEST)","1114","","700"
"Italy (IT)","07.05.2022 20:00 - 07.05.2022 21:00 (CET/CEST)","2372","","760"
"Italy (IT)","07.05.2022 21:00 - 07.05.2022 22:00 (CET/CEST)","1414","","487"
"Italy (IT)","07.05.2022 22:00 - 07.05.2022 23:00 (CET/CEST)","183","15","285"
"Italy (IT)","07.05.2022 23:00 - 08.05.2022 00:00 (CET/CEST)","74","3","210"
"Italy (IT)","08.05.2022 00:00 - 08.05.2022 01:00 (CET/CEST)","","450","124"
"Italy (IT)","08.05.2022 01:00 - 08.05.2022 02:00 (CET/CEST)","","699","83"
"Italy (IT)","08.05.2022 02:00 - 08.05.2022 03:00 (CET/CEST)","","716","78"
"Italy (IT)","08.05.2022 03:00 - 08.05.2022 04:00 (CET/CEST)","","726","78"
"Italy (IT)","08.05.2022 04:00 - 08.05.2022 05:00 (CET/CEST)","","728","64"
"Italy (IT)","08.05.2022 05:00 - 08.05.2022 06:00 (CET/CEST)","","1007","78"
"Italy (IT)","08.05.2022 06:00 - 08.05.2022 07:00 (CET/CEST)","","1395","94"
"Italy (IT)","08.05.2022 07:00 - 08.05.2022 08:00 (CET/CEST)","","1434","249"
"Italy (IT)","08.05.2022 08:00 - 08.05.2022 09:00 (CET/CEST)","","1374","256"
"Italy (IT)","08.05.2022 09:00 - 08.05.2022 10:00 (CET/CEST)","43","910","269"
"Italy (IT)","08.05.2022 10:00 - 08.05.2022 11:00 (CET/CEST)","67","800","296"
"Italy (IT)","08.05.2022 11:00 - 08.05.2022 12:00 (CET/CEST)","10","590","244"
"Italy (IT)","08.05.2022 12:00 - 08.05.2022 13:00 (CET/CEST)","0","647","249"
"Italy (IT)","08.05.2022 13:00 - 08.05.2022 14:00 (CET/CEST)","0","690","138"
"Italy (IT)","08.05.2022 14:00 - 08.05.2022 15:00 (CET/CEST)","","786","101"
"Italy (IT)","08.05.2022 15:00 - 08.05.2022 16:00 (CET/CEST)","","1029","88"
"Italy (IT)","08.05.2022 16:00 - 08.05.2022 17:00 (CET/CEST)","","980","122"
"Italy (IT)","08.05.2022 17:00 - 08.05.2022 18:00 (CET/CEST)","0","964","240"
"Italy (IT)","08.05.2022 18:00 - 08.05.2022 19:00 (CET/CEST)","12","581","234"
"Italy (IT)","08.05.2022 19:00 - 08.05.2022 20:00 (CET/CEST)","642","2","429"
"Italy (IT)","08.05.2022 20:00 - 08.05.2022 21:00 (CET/CEST)","2085","","615"
"Italy (IT)","08.05.2022 21:00 - 08.05.2022 22:00 (CET/CEST)","1980","","335"
"Italy (IT)","08.05.2022 22:00 - 08.05.2022 23:00 (CET/CEST)","581","","266"
"Italy (IT)","08.05.2022 23:00 - 09.05.2022 00:00 (CET/CEST)","104","2","109"
"Italy (IT)","09.05.2022 00:00 - 09.05.2022 01:00 (CET/CEST)","0","718","87"
"Italy (IT)","09.05.2022 01:00 - 09.05.2022 02:00 (CET/CEST)","0","1156","102"
"Italy (IT)","09.05.2022 02:00 - 09.05.2022 03:00 (CET/CEST)","","1331","93"
"Italy (IT)","09.05.2022 03:00 - 09.05.2022 04:00 (CET/CEST)","","1815","84"
"Italy (IT)","09.05.2022 04:00 - 09.05.2022 05:00 (CET/CEST)","","1797","97"
"Italy (IT)","09.05.2022 05:00 - 09.05.2022 06:00 (CET/CEST)","","1832","89"
"Italy (IT)","09.05.2022 06:00 - 09.05.2022 07:00 (CET/CEST)","102","18","278"
"Italy (IT)","09.05.2022 07:00 - 09.05.2022 08:00 (CET/CEST)","637","","478"
"Italy (IT)","09.05.2022 08:00 - 09.05.2022 09:00 (CET/CEST)","834","","485"
"Italy (IT)","09.05.2022 09:00 - 09.05.2022 10:00 (CET/CEST)","297","","263"
"Italy (IT)","09.05.2022 10:00 - 09.05.2022 11:00 (CET/CEST)","92","150","196"
"Italy (IT)","09.05.2022 11:00 - 09.05.2022 12:00 (CET/CEST)","40","246","151"
"Italy (IT)","09.05.2022 12:00 - 09.05.2022 13:00 (CET/CEST)","0","1273","88"
"Italy (IT)","09.05.2022 13:00 - 09.05.2022 14:00 (CET/CEST)","0","1408","87"
"Italy (IT)","09.05.2022 14:00 - 09.05.2022 15:00 (CET/CEST)","0","1210","87"
"Italy (IT)","09.05.2022 15:00 - 09.05.2022 16:00 (CET/CEST)","0","342","88"
"Italy (IT)","09.05.2022 16:00 - 09.05.2022 17:00 (CET/CEST)","0","184","243"
"Italy (IT)","09.05.2022 17:00 - 09.05.2022 18:00 (CET/CEST)","153","","197"
"Italy (IT)","09.05.2022 18:00 - 09.05.2022 19:00 (CET/CEST)","909","","324"
"Italy (IT)","09.05.2022 19:00 - 09.05.2022 20:00 (CET/CEST)","1726","","578"
"Italy (IT)","09.05.2022 20:00 - 09.05.2022 21:00 (CET/CEST)","2222","","673"
"Italy (IT)","09.05.2022 21:00 - 09.05.2022 22:00 (CET/CEST)","1836","","414"
"Italy (IT)","09.05.2022 22:00 - 09.05.2022 23:00 (CET/CEST)","1134","","154"
"Italy (IT)","09.05.2022 23:00 - 10.05.2022 00:00 (CET/CEST)","196","","112"
"Italy (IT)","10.05.2022 00:00 - 10.05.2022 01:00 (CET/CEST)","0","181","48"
"Italy (IT)","10.05.2022 01:00 - 10.05.2022 02:00 (CET/CEST)","","399","53"
"Italy (IT)","10.05.2022 02:00 - 10.05.2022 03:00 (CET/CEST)","","1249","55"
"Italy (IT)","10.05.2022 03:00 - 10.05.2022 04:00 (CET/CEST)","","1558","51"
"Italy (IT)","10.05.2022 04:00 - 10.05.2022 05:00 (CET/CEST)","","1554","57"
"Italy (IT)","10.05.2022 05:00 - 10.05.2022 06:00 (CET/CEST)","","464","88"
"Italy (IT)","10.05.2022 06:00 - 10.05.2022 07:00 (CET/CEST)","88","154","246"
"Italy (IT)","10.05.2022 07:00 - 10.05.2022 08:00 (CET/CEST)","311","154","556"
"Italy (IT)","10.05.2022 08:00 - 10.05.2022 09:00 (CET/CEST)","480","91","767"
"Italy (IT)","10.05.2022 09:00 - 10.05.2022 10:00 (CET/CEST)","90","10","340"
"Italy (IT)","10.05.2022 10:00 - 10.05.2022 11:00 (CET/CEST)","0","212","175"
"Italy (IT)","10.05.2022 11:00 - 10.05.2022 12:00 (CET/CEST)","0","382","128"
"Italy (IT)","10.05.2022 12:00 - 10.05.2022 13:00 (CET/CEST)","0","1379","168"
"Italy (IT)","10.05.2022 13:00 - 10.05.2022 14:00 (CET/CEST)","","1425","149"
"Italy (IT)","10.05.2022 14:00 - 10.05.2022 15:00 (CET/CEST)","","1194","108"
"Italy (IT)","10.05.2022 15:00 - 10.05.2022 16:00 (CET/CEST)","64","200","107"
"Italy (IT)","10.05.2022 16:00 - 10.05.2022 17:00 (CET/CEST)","76","166","156"
"Italy (IT)","10.05.2022 17:00 - 10.05.2022 18:00 (CET/CEST)","74","102","317"
"Italy (IT)","10.05.2022 18:00 - 10.05.2022 19:00 (CET/CEST)","248","79","394"
"Italy (IT)","10.05.2022 19:00 - 10.05.2022 20:00 (CET/CEST)","1213","79","647"
"Italy (IT)","10.05.2022 20:00 - 10.05.2022 21:00 (CET/CEST)","2230","13","798"
"Italy (IT)","10.05.2022 21:00 - 10.05.2022 22:00 (CET/CEST)","1682","","564"
"Italy (IT)","10.05.2022 22:00 - 10.05.2022 23:00 (CET/CEST)","448","","299"
"Italy (IT)","10.05.2022 23:00 - 11.05.2022 00:00 (CET/CEST)","27","246","117"
"Italy (IT)","11.05.2022 00:00 - 11.05.2022 01:00 (CET/CEST)","0","407","43"
"Italy (IT)","11.05.2022 01:00 - 11.05.2022 02:00 (CET/CEST)","0","577","41"
"Italy (IT)","11.05.2022 02:00 - 11.05.2022 03:00 (CET/CEST)","0","818","51"
"Italy (IT)","11.05.2022 03:00 - 11.05.2022 04:00 (CET/CEST)","","1030","39"
"Italy (IT)","11.05.2022 04:00 - 11.05.2022 05:00 (CET/CEST)","","1141","44"
"Italy (IT)","11.05.2022 05:00 - 11.05.2022 06:00 (CET/CEST)","0","743","54"
"Italy (IT)","11.05.2022 06:00 - 11.05.2022 07:00 (CET/CEST)","209","","339"
"Italy (IT)","11.05.2022 07:00 - 11.05.2022 08:00 (CET/CEST)","1043","","848"
"Italy (IT)","11.05.2022 08:00 - 11.05.2022 09:00 (CET/CEST)","457","","861"
"Italy (IT)","11.05.2022 09:00 - 11.05.2022 10:00 (CET/CEST)","371","12","410"
"Italy (IT)","11.05.2022 10:00 - 11.05.2022 11:00 (CET/CEST)","4","561","314"
"Italy (IT)","11.05.2022 11:00 - 11.05.2022 12:00 (CET/CEST)","40","705","245"
"Italy (IT)","11.05.2022 12:00 - 11.05.2022 13:00 (CET/CEST)","0","1007","101"
"Italy (IT)","11.05.2022 13:00 - 11.05.2022 14:00 (CET/CEST)","0","1105","102"
"Italy (IT)","11.05.2022 14:00 - 11.05.2022 15:00 (CET/CEST)","0","994","104"
"Italy (IT)","11.05.2022 15:00 - 11.05.2022 16:00 (CET/CEST)","0","519","126"
"Italy (IT)","11.05.2022 16:00 - 11.05.2022 17:00 (CET/CEST)","0","54","200"
"Italy (IT)","11.05.2022 17:00 - 11.05.2022 18:00 (CET/CEST)","293","","263"
"Italy (IT)","11.05.2022 18:00 - 11.05.2022 19:00 (CET/CEST)","352","5","466"
"Italy (IT)","11.05.2022 19:00 - 11.05.2022 20:00 (CET/CEST)","1753","","804"
"Italy (IT)","11.05.2022 20:00 - 11.05.2022 21:00 (CET/CEST)","2142","","996"
"Italy (IT)","11.05.2022 21:00 - 11.05.2022 22:00 (CET/CEST)","1438","","781"
"Italy (IT)","11.05.2022 22:00 - 11.05.2022 23:00 (CET/CEST)","571","","255"
"Italy (IT)","11.05.2022 23:00 - 12.05.2022 00:00 (CET/CEST)","205","","135"
"Italy (IT)","12.05.2022 00:00 - 12.05.2022 01:00 (CET/CEST)","0","114","65"
"Italy (IT)","12.05.2022 01:00 - 12.05.2022 02:00 (CET/CEST)","0","628","33"
"Italy (IT)","12.05.2022 02:00 - 12.05.2022 03:00 (CET/CEST)","0","824","45"
"Italy (IT)","12.05.2022 03:00 - 12.05.2022 04:00 (CET/CEST)","0","968","46"
"Italy (IT)","12.05.2022 04:00 - 12.05.2022 05:00 (CET/CEST)","0","915","50"
"Italy (IT)","12.05.2022 05:00 - 12.05.2022 06:00 (CET/CEST)","116","145","56"
"Italy (IT)","12.05.2022 06:00 - 12.05.2022 07:00 (CET/CEST)","285","","225"
"Italy (IT)","12.05.2022 07:00 - 12.05.2022 08:00 (CET/CEST)","816","","410"
"Italy (IT)","12.05.2022 08:00 - 12.05.2022 09:00 (CET/CEST)","539","","615"
"Italy (IT)","12.05.2022 09:00 - 12.05.2022 10:00 (CET/CEST)","266","","443"
"Italy (IT)","12.05.2022 10:00 - 12.05.2022 11:00 (CET/CEST)","0","73","139"
"Italy (IT)","12.05.2022 11:00 - 12.05.2022 12:00 (CET/CEST)","0","222","108"
"Italy (IT)","12.05.2022 12:00 - 12.05.2022 13:00 (CET/CEST)","0","791","105"
"Italy (IT)","12.05.2022 13:00 - 12.05.2022 14:00 (CET/CEST)","0","1014","150"
"Italy (IT)","12.05.2022 14:00 - 12.05.2022 15:00 (CET/CEST)","0","1022","183"
"Italy (IT)","12.05.2022 15:00 - 12.05.2022 16:00 (CET/CEST)","0","973","210"
"Italy (IT)","12.05.2022 16:00 - 12.05.2022 17:00 (CET/CEST)","122","1","285"
"Italy (IT)","12.05.2022 17:00 - 12.05.2022 18:00 (CET/CEST)","199","","351"
"Italy (IT)","12.05.2022 18:00 - 12.05.2022 19:00 (CET/CEST)","487","","633"
"Italy (IT)","12.05.2022 19:00 - 12.05.2022 20:00 (CET/CEST)","2040","","716"
"Italy (IT)","12.05.2022 20:00 - 12.05.2022 21:00 (CET/CEST)","2848","","693"
"Italy (IT)","12.05.2022 21:00 - 12.05.2022 22:00 (CET/CEST)","1997","","851"
"Italy (IT)","12.05.2022 22:00 - 12.05.2022 23:00 (CET/CEST)","486","","562"
"Italy (IT)","12.05.2022 23:00 - 13.05.2022 00:00 (CET/CEST)","104","2","285"
"Italy (IT)","13.05.2022 00:00 - 13.05.2022 01:00 (CET/CEST)","0","620","404"
"Italy (IT)","13.05.2022 01:00 - 13.05.2022 02:00 (CET/CEST)","0","796","158"
"Italy (IT)","13.05.2022 02:00 - 13.05.2022 03:00 (CET/CEST)","0","864","154"
"Italy (IT)","13.05.2022 03:00 - 13.05.2022 04:00 (CET/CEST)","0","1016","156"
"Italy (IT)","13.05.2022 04:00 - 13.05.2022 05:00 (CET/CEST)","0","1030","149"
"Italy (IT)","13.05.2022 05:00 - 13.05.2022 06:00 (CET/CEST)","30","371","155"
"Italy (IT)","13.05.2022 06:00 - 13.05.2022 07:00 (CET/CEST)","358","","447"
"Italy (IT)","13.05.2022 07:00 - 13.05.2022 08:00 (CET/CEST)","1947","","869"
"Italy (IT)","13.05.2022 08:00 - 13.05.2022 09:00 (CET/CEST)","1732","","1078"
"Italy (IT)","13.05.2022 09:00 - 13.05.2022 10:00 (CET/CEST)","332","","787"
"Italy (IT)","13.05.2022 10:00 - 13.05.2022 11:00 (CET/CEST)","9","171","351"
"Italy (IT)","13.05.2022 11:00 - 13.05.2022 12:00 (CET/CEST)","0","347","255"
"Italy (IT)","13.05.2022 12:00 - 13.05.2022 13:00 (CET/CEST)","0","737","180"
"Italy (IT)","13.05.2022 13:00 - 13.05.2022 14:00 (CET/CEST)","0","966","184"
"Italy (IT)","13.05.2022 14:00 - 13.05.2022 15:00 (CET/CEST)","0","956","219"
"Italy (IT)","13.05.2022 15:00 - 13.05.2022 16:00 (CET/CEST)","0","444","279"
"Italy (IT)","13.05.2022 16:00 - 13.05.2022 17:00 (CET/CEST)","92","","419"
"Italy (IT)","13.05.2022 17:00 - 13.05.2022 18:00 (CET/CEST)","399","","508"
"Italy (IT)","13.05.2022 18:00 - 13.05.2022 19:00 (CET/CEST)","108","","464"
"Italy (IT)","13.05.2022 19:00 - 13.05.2022 20:00 (CET/CEST)","1028","","1018"
"Italy (IT)","13.05.2022 20:00 - 13.05.2022 21:00 (CET/CEST)","1642","","1116"
"Italy (IT)","13.05.2022 21:00 - 13.05.2022 22:00 (CET/CEST)","871","","871"
"Italy (IT)","13.05.2022 22:00 - 13.05.2022 23:00 (CET/CEST)","416","113","494"
"Italy (IT)","13.05.2022 23:00 - 14.05.2022 00:00 (CET/CEST)","211","278","383"
"Italy (IT)","14.05.2022 00:00 - 14.05.2022 01:00 (CET/CEST)","88","1","165"
"Italy (IT)","14.05.2022 01:00 - 14.05.2022 02:00 (CET/CEST)","12","58","103"
"Italy (IT)","14.05.2022 02:00 - 14.05.2022 03:00 (CET/CEST)","12","58","98"
"Italy (IT)","14.05.2022 03:00 - 14.05.2022 04:00 (CET/CEST)","13","58","94"
"Italy (IT)","14.05.2022 04:00 - 14.05.2022 05:00 (CET/CEST)","12","58","98"
"Italy (IT)","14.05.2022 05:00 - 14.05.2022 06:00 (CET/CEST)","12","57","99"
"Italy (IT)","14.05.2022 06:00 - 14.05.2022 07:00 (CET/CEST)","19","","172"
"Italy (IT)","14.05.2022 07:00 - 14.05.2022 08:00 (CET/CEST)","208","","344"
"Italy (IT)","14.05.2022 08:00 - 14.05.2022 09:00 (CET/CEST)","346","","344"
"Italy (IT)","14.05.2022 09:00 - 14.05.2022 10:00 (CET/CEST)","208","","259"
"Italy (IT)","14.05.2022 10:00 - 14.05.2022 11:00 (CET/CEST)","82","2","174"
"Italy (IT)","14.05.2022 11:00 - 14.05.2022 12:00 (CET/CEST)","0","428","146"
"Italy (IT)","14.05.2022 12:00 - 14.05.2022 13:00 (CET/CEST)","0","1015","103"
"Italy (IT)","14.05.2022 13:00 - 14.05.2022 14:00 (CET/CEST)","0","1456","92"
"Italy (IT)","14.05.2022 14:00 - 14.05.2022 15:00 (CET/CEST)","0","1441","94"
"Italy (IT)","14.05.2022 15:00 - 14.05.2022 16:00 (CET/CEST)","0","1386","95"
"Italy (IT)","14.05.2022 16:00 - 14.05.2022 17:00 (CET/CEST)","0","763","190"
"Italy (IT)","14.05.2022 17:00 - 14.05.2022 18:00 (CET/CEST)","10","303","249"
"Italy (IT)","14.05.2022 18:00 - 14.05.2022 19:00 (CET/CEST)","97","","324"
"Italy (IT)","14.05.2022 19:00 - 14.05.2022 20:00 (CET/CEST)","1100","","474"
"Italy (IT)","14.05.2022 20:00 - 14.05.2022 21:00 (CET/CEST)","2048","","677"
"Italy (IT)","14.05.2022 21:00 - 14.05.2022 22:00 (CET/CEST)","1622","","611"
"Italy (IT)","14.05.2022 22:00 - 14.05.2022 23:00 (CET/CEST)","811","","358"
"Italy (IT)","14.05.2022 23:00 - 15.05.2022 00:00 (CET/CEST)","378","","114"
"Italy (IT)","15.05.2022 00:00 - 15.05.2022 01:00 (CET/CEST)","99","1","135"
"Italy (IT)","15.05.2022 01:00 - 15.05.2022 02:00 (CET/CEST)","83","58","120"
"Italy (IT)","15.05.2022 02:00 - 15.05.2022 03:00 (CET/CEST)","83","58","121"
"Italy (IT)","15.05.2022 03:00 - 15.05.2022 04:00 (CET/CEST)","83","167","123"
"Italy (IT)","15.05.2022 04:00 - 15.05.2022 05:00 (CET/CEST)","83","147","121"
"Italy (IT)","15.05.2022 05:00 - 15.05.2022 06:00 (CET/CEST)","33","","122"
"Italy (IT)","15.05.2022 06:00 - 15.05.2022 07:00 (CET/CEST)","45","","159"
"Italy (IT)","15.05.2022 07:00 - 15.05.2022 08:00 (CET/CEST)","0","79","199"
"Italy (IT)","15.05.2022 08:00 - 15.05.2022 09:00 (CET/CEST)","3","649","213"
"Italy (IT)","15.05.2022 09:00 - 15.05.2022 10:00 (CET/CEST)","99","1033","211"
"Italy (IT)","15.05.2022 10:00 - 15.05.2022 11:00 (CET/CEST)","1","889","187"
"Italy (IT)","15.05.2022 11:00 - 15.05.2022 12:00 (CET/CEST)","0","965","128"
"Italy (IT)","15.05.2022 12:00 - 15.05.2022 13:00 (CET/CEST)","","1043","101"
"Italy (IT)","15.05.2022 13:00 - 15.05.2022 14:00 (CET/CEST)","","1307","97"
"Italy (IT)","15.05.2022 14:00 - 15.05.2022 15:00 (CET/CEST)","","1323","93"
"Italy (IT)","15.05.2022 15:00 - 15.05.2022 16:00 (CET/CEST)","0","1041","109"
"Italy (IT)","15.05.2022 16:00 - 15.05.2022 17:00 (CET/CEST)","0","792","151"
"Italy (IT)","15.05.2022 17:00 - 15.05.2022 18:00 (CET/CEST)","0","666","171"
"Italy (IT)","15.05.2022 18:00 - 15.05.2022 19:00 (CET/CEST)","166","430","277"
"Italy (IT)","15.05.2022 19:00 - 15.05.2022 20:00 (CET/CEST)","473","","492"
"Italy (IT)","15.05.2022 20:00 - 15.05.2022 21:00 (CET/CEST)","764","","722"
"Italy (IT)","15.05.2022 21:00 - 15.05.2022 22:00 (CET/CEST)","660","","765"
"Italy (IT)","15.05.2022 22:00 - 15.05.2022 23:00 (CET/CEST)","267","","565"
"Italy (IT)","15.05.2022 23:00 - 16.05.2022 00:00 (CET/CEST)","207","","376"
"Italy (IT)","16.05.2022 00:00 - 16.05.2022 01:00 (CET/CEST)","166","223","168"
"Italy (IT)","16.05.2022 01:00 - 16.05.2022 02:00 (CET/CEST)","0","299","111"
"Italy (IT)","16.05.2022 02:00 - 16.05.2022 03:00 (CET/CEST)","0","830","109"
"Italy (IT)","16.05.2022 03:00 - 16.05.2022 04:00 (CET/CEST)","0","843","98"
"Italy (IT)","16.05.2022 04:00 - 16.05.2022 05:00 (CET/CEST)","0","708","105"
"Italy (IT)","16.05.2022 05:00 - 16.05.2022 06:00 (CET/CEST)","0","350","122"
"Italy (IT)","16.05.2022 06:00 - 16.05.2022 07:00 (CET/CEST)","169","251","478"
"Italy (IT)","16.05.2022 07:00 - 16.05.2022 08:00 (CET/CEST)","443","20","579"
"Italy (IT)","16.05.2022 08:00 - 16.05.2022 09:00 (CET/CEST)","222","","559"
"Italy (IT)","16.05.2022 09:00 - 16.05.2022 10:00 (CET/CEST)","434","","602"
"Italy (IT)","16.05.2022 10:00 - 16.05.2022 11:00 (CET/CEST)","0","28","300"
"Italy (IT)","16.05.2022 11:00 - 16.05.2022 12:00 (CET/CEST)","0","13","264"
"Italy (IT)","16.05.2022 12:00 - 16.05.2022 13:00 (CET/CEST)","0","201","109"
"Italy (IT)","16.05.2022 13:00 - 16.05.2022 14:00 (CET/CEST)","0","342","144"
"Italy (IT)","16.05.2022 14:00 - 16.05.2022 15:00 (CET/CEST)","0","337","164"
"Italy (IT)","16.05.2022 15:00 - 16.05.2022 16:00 (CET/CEST)","0","42","165"
"Italy (IT)","16.05.2022 16:00 - 16.05.2022 17:00 (CET/CEST)","104","","316"
"Italy (IT)","16.05.2022 17:00 - 16.05.2022 18:00 (CET/CEST)","641","","434"
"Italy (IT)","16.05.2022 18:00 - 16.05.2022 19:00 (CET/CEST)","1079","","669"
"Italy (IT)","16.05.2022 19:00 - 16.05.2022 20:00 (CET/CEST)","1212","","1014"
"Italy (IT)","16.05.2022 20:00 - 16.05.2022 21:00 (CET/CEST)","1441","","1065"
"Italy (IT)","16.05.2022 21:00 - 16.05.2022 22:00 (CET/CEST)","831","","753"
"Italy (IT)","16.05.2022 22:00 - 16.05.2022 23:00 (CET/CEST)","194","","473"
"Italy (IT)","16.05.2022 23:00 - 17.05.2022 00:00 (CET/CEST)","131","","324"
"Italy (IT)","17.05.2022 00:00 - 17.05.2022 01:00 (CET/CEST)","0","316","119"
"Italy (IT)","17.05.2022 01:00 - 17.05.2022 02:00 (CET/CEST)","0","845","132"
"Italy (IT)","17.05.2022 02:00 - 17.05.2022 03:00 (CET/CEST)","0","1148","130"
"Italy (IT)","17.05.2022 03:00 - 17.05.2022 04:00 (CET/CEST)","0","1150","119"
"Italy (IT)","17.05.2022 04:00 - 17.05.2022 05:00 (CET/CEST)","0","1010","119"
"Italy (IT)","17.05.2022 05:00 - 17.05.2022 06:00 (CET/CEST)","0","262","237"
"Italy (IT)","17.05.2022 06:00 - 17.05.2022 07:00 (CET/CEST)","288","","380"
"Italy (IT)","17.05.2022 07:00 - 17.05.2022 08:00 (CET/CEST)","258","","478"
"Italy (IT)","17.05.2022 08:00 - 17.05.2022 09:00 (CET/CEST)","479","","761"
"Italy (IT)","17.05.2022 09:00 - 17.05.2022 10:00 (CET/CEST)","446","9","595"
"Italy (IT)","17.05.2022 10:00 - 17.05.2022 11:00 (CET/CEST)","255","157","362"
"Italy (IT)","17.05.2022 11:00 - 17.05.2022 12:00 (CET/CEST)","204","161","336"
"Italy (IT)","17.05.2022 12:00 - 17.05.2022 13:00 (CET/CEST)","0","683","127"
"Italy (IT)","17.05.2022 13:00 - 17.05.2022 14:00 (CET/CEST)","0","836","130"
"Italy (IT)","17.05.2022 14:00 - 17.05.2022 15:00 (CET/CEST)","62","157","164"
"Italy (IT)","17.05.2022 15:00 - 17.05.2022 16:00 (CET/CEST)","0","186","232"
"Italy (IT)","17.05.2022 16:00 - 17.05.2022 17:00 (CET/CEST)","0","110","366"
"Italy (IT)","17.05.2022 17:00 - 17.05.2022 18:00 (CET/CEST)","357","","418"
"Italy (IT)","17.05.2022 18:00 - 17.05.2022 19:00 (CET/CEST)","299","","568"
"Italy (IT)","17.05.2022 19:00 - 17.05.2022 20:00 (CET/CEST)","1303","","944"
"Italy (IT)","17.05.2022 20:00 - 17.05.2022 21:00 (CET/CEST)","1126","","915"
"Italy (IT)","17.05.2022 21:00 - 17.05.2022 22:00 (CET/CEST)","500","","664"
"Italy (IT)","17.05.2022 22:00 - 17.05.2022 23:00 (CET/CEST)","196","","515"
"Italy (IT)","17.05.2022 23:00 - 18.05.2022 00:00 (CET/CEST)","0","17","398"
"Italy (IT)","18.05.2022 00:00 - 18.05.2022 01:00 (CET/CEST)","306","2","193"
"Italy (IT)","18.05.2022 01:00 - 18.05.2022 02:00 (CET/CEST)","137","42","174"
"Italy (IT)","18.05.2022 02:00 - 18.05.2022 03:00 (CET/CEST)","48","55","176"
"Italy (IT)","18.05.2022 03:00 - 18.05.2022 04:00 (CET/CEST)","47","200","133"
"Italy (IT)","18.05.2022 04:00 - 18.05.2022 05:00 (CET/CEST)","0","434","149"
"Italy (IT)","18.05.2022 05:00 - 18.05.2022 06:00 (CET/CEST)","141","338","185"
"Italy (IT)","18.05.2022 06:00 - 18.05.2022 07:00 (CET/CEST)","196","","386"
"Italy (IT)","18.05.2022 07:00 - 18.05.2022 08:00 (CET/CEST)","473","","794"
"Italy (IT)","18.05.2022 08:00 - 18.05.2022 09:00 (CET/CEST)","1161","","995"
"Italy (IT)","18.05.2022 09:00 - 18.05.2022 10:00 (CET/CEST)","422","","684"
"Italy (IT)","18.05.2022 10:00 - 18.05.2022 11:00 (CET/CEST)","367","","520"
"Italy (IT)","18.05.2022 11:00 - 18.05.2022 12:00 (CET/CEST)","12","","286"
"Italy (IT)","18.05.2022 12:00 - 18.05.2022 13:00 (CET/CEST)","90","","176"
"Italy (IT)","18.05.2022 13:00 - 18.05.2022 14:00 (CET/CEST)","39","16","205"
"Italy (IT)","18.05.2022 14:00 - 18.05.2022 15:00 (CET/CEST)","166","188","284"
"Italy (IT)","18.05.2022 15:00 - 18.05.2022 16:00 (CET/CEST)","173","299","333"
"Italy (IT)","18.05.2022 16:00 - 18.05.2022 17:00 (CET/CEST)","246","49","358"
"Italy (IT)","18.05.2022 17:00 - 18.05.2022 18:00 (CET/CEST)","272","","380"
"Italy (IT)","18.05.2022 18:00 - 18.05.2022 19:00 (CET/CEST)","407","","539"
"Italy (IT)","18.05.2022 19:00 - 18.05.2022 20:00 (CET/CEST)","1367","","978"
"Italy (IT)","18.05.2022 20:00 - 18.05.2022 21:00 (CET/CEST)","897","","1058"
"Italy (IT)","18.05.2022 21:00 - 18.05.2022 22:00 (CET/CEST)","594","","996"
"Italy (IT)","18.05.2022 22:00 - 18.05.2022 23:00 (CET/CEST)","217","","420"
"Italy (IT)","18.05.2022 23:00 - 19.05.2022 00:00 (CET/CEST)","97","","277"
"Italy (IT)","19.05.2022 00:00 - 19.05.2022 01:00 (CET/CEST)","327","","153"
"Italy (IT)","19.05.2022 01:00 - 19.05.2022 02:00 (CET/CEST)","136","","170"
"Italy (IT)","19.05.2022 02:00 - 19.05.2022 03:00 (CET/CEST)","64","","169"
"Italy (IT)","19.05.2022 03:00 - 19.05.2022 04:00 (CET/CEST)","62","","169"
"Italy (IT)","19.05.2022 04:00 - 19.05.2022 05:00 (CET/CEST)","135","","160"
"Italy (IT)","19.05.2022 05:00 - 19.05.2022 06:00 (CET/CEST)","96","","201"
"Italy (IT)","19.05.2022 06:00 - 19.05.2022 07:00 (CET/CEST)","345","","368"
"Italy (IT)","19.05.2022 07:00 - 19.05.2022 08:00 (CET/CEST)","510","","578"
"Italy (IT)","19.05.2022 08:00 - 19.05.2022 09:00 (CET/CEST)","503","","593"
"Italy (IT)","19.05.2022 09:00 - 19.05.2022 10:00 (CET/CEST)","474","","525"
"Italy (IT)","19.05.2022 10:00 - 19.05.2022 11:00 (CET/CEST)","518","","345"
"Italy (IT)","19.05.2022 11:00 - 19.05.2022 12:00 (CET/CEST)","167","2","310"
"Italy (IT)","19.05.2022 12:00 - 19.05.2022 13:00 (CET/CEST)","0","482","147"
"Italy (IT)","19.05.2022 13:00 - 19.05.2022 14:00 (CET/CEST)","0","511","132"
"Italy (IT)","19.05.2022 14:00 - 19.05.2022 15:00 (CET/CEST)","49","293","147"
"Italy (IT)","19.05.2022 15:00 - 19.05.2022 16:00 (CET/CEST)","63","293","307"
"Italy (IT)","19.05.2022 16:00 - 19.05.2022 17:00 (CET/CEST)","224","11","351"
"Italy (IT)","19.05.2022 17:00 - 19.05.2022 18:00 (CET/CEST)","387","","490"
"Italy (IT)","19.05.2022 18:00 - 19.05.2022 19:00 (CET/CEST)","962","","868"
"Italy (IT)","19.05.2022 19:00 - 19.05.2022 20:00 (CET/CEST)","1147","","1386"
"Italy (IT)","19.05.2022 20:00 - 19.05.2022 21:00 (CET/CEST)","1530","","1233"
"Italy (IT)","19.05.2022 21:00 - 19.05.2022 22:00 (CET/CEST)","1318","","964"
"Italy (IT)","19.05.2022 22:00 - 19.05.2022 23:00 (CET/CEST)","529","","552"
"Italy (IT)","19.05.2022 23:00 - 20.05.2022 00:00 (CET/CEST)","190","","348"
"Italy (IT)","20.05.2022 00:00 - 20.05.2022 01:00 (CET/CEST)","147","","263"
"Italy (IT)","20.05.2022 01:00 - 20.05.2022 02:00 (CET/CEST)","140","","223"
"Italy (IT)","20.05.2022 02:00 - 20.05.2022 03:00 (CET/CEST)","0","286","257"
"Italy (IT)","20.05.2022 03:00 - 20.05.2022 04:00 (CET/CEST)","0","489","212"
"Italy (IT)","20.05.2022 04:00 - 20.05.2022 05:00 (CET/CEST)","0","453","218"
"Italy (IT)","20.05.2022 05:00 - 20.05.2022 06:00 (CET/CEST)","147","","314"
"Italy (IT)","20.05.2022 06:00 - 20.05.2022 07:00 (CET/CEST)","202","","397"
"Italy (IT)","20.05.2022 07:00 - 20.05.2022 08:00 (CET/CEST)","593","","853"
"Italy (IT)","20.05.2022 08:00 - 20.05.2022 09:00 (CET/CEST)","892","","941"
"Italy (IT)","20.05.2022 09:00 - 20.05.2022 10:00 (CET/CEST)","539","","778"
"Italy (IT)","20.05.2022 10:00 - 20.05.2022 11:00 (CET/CEST)","475","","572"
"Italy (IT)","20.05.2022 11:00 - 20.05.2022 12:00 (CET/CEST)","512","","400"
"Italy (IT)","20.05.2022 12:00 - 20.05.2022 13:00 (CET/CEST)","311","","190"
"Italy (IT)","20.05.2022 13:00 - 20.05.2022 14:00 (CET/CEST)","344","1","189"
"Italy (IT)","20.05.2022 14:00 - 20.05.2022 15:00 (CET/CEST)","417","","204"
"Italy (IT)","20.05.2022 15:00 - 20.05.2022 16:00 (CET/CEST)","295","","286"
"Italy (IT)","20.05.2022 16:00 - 20.05.2022 17:00 (CET/CEST)","373","","455"
"Italy (IT)","20.05.2022 17:00 - 20.05.2022 18:00 (CET/CEST)","541","","482"
"Italy (IT)","20.05.2022 18:00 - 20.05.2022 19:00 (CET/CEST)","581","","719"
"Italy (IT)","20.05.2022 19:00 - 20.05.2022 20:00 (CET/CEST)","957","58","1125"
"Italy (IT)","20.05.2022 20:00 - 20.05.2022 21:00 (CET/CEST)","1118","","1142"
"Italy (IT)","20.05.2022 21:00 - 20.05.2022 22:00 (CET/CEST)","678","","1105"
"Italy (IT)","20.05.2022 22:00 - 20.05.2022 23:00 (CET/CEST)","178","","559"
"Italy (IT)","20.05.2022 23:00 - 21.05.2022 00:00 (CET/CEST)","178","19","449"
"Italy (IT)","21.05.2022 00:00 - 21.05.2022 01:00 (CET/CEST)","378","88","325"
"Italy (IT)","21.05.2022 01:00 - 21.05.2022 02:00 (CET/CEST)","151","209","277"
"Italy (IT)","21.05.2022 02:00 - 21.05.2022 03:00 (CET/CEST)","148","209","258"
"Italy (IT)","21.05.2022 03:00 - 21.05.2022 04:00 (CET/CEST)","164","209","255"
"Italy (IT)","21.05.2022 04:00 - 21.05.2022 05:00 (CET/CEST)","149","209","239"
"Italy (IT)","21.05.2022 05:00 - 21.05.2022 06:00 (CET/CEST)","148","208","336"
"Italy (IT)","21.05.2022 06:00 - 21.05.2022 07:00 (CET/CEST)","393","157","399"
"Italy (IT)","21.05.2022 07:00 - 21.05.2022 08:00 (CET/CEST)","645","157","604"
"Italy (IT)","21.05.2022 08:00 - 21.05.2022 09:00 (CET/CEST)","787","141","859"
"Italy (IT)","21.05.2022 09:00 - 21.05.2022 10:00 (CET/CEST)","736","","569"
"Italy (IT)","21.05.2022 10:00 - 21.05.2022 11:00 (CET/CEST)","334","","417"
"Italy (IT)","21.05.2022 11:00 - 21.05.2022 12:00 (CET/CEST)","230","2","311"
"Italy (IT)","21.05.2022 12:00 - 21.05.2022 13:00 (CET/CEST)","0","489","275"
"Italy (IT)","21.05.2022 13:00 - 21.05.2022 14:00 (CET/CEST)","0","543","223"
"Italy (IT)","21.05.2022 14:00 - 21.05.2022 15:00 (CET/CEST)","0","561","211"
"Italy (IT)","21.05.2022 15:00 - 21.05.2022 16:00 (CET/CEST)","0","693","201"
"Italy (IT)","21.05.2022 16:00 - 21.05.2022 17:00 (CET/CEST)","0","779","311"
"Italy (IT)","21.05.2022 17:00 - 21.05.2022 18:00 (CET/CEST)","310","253","326"
"Italy (IT)","21.05.2022 18:00 - 21.05.2022 19:00 (CET/CEST)","717","170","744"
"Italy (IT)","21.05.2022 19:00 - 21.05.2022 20:00 (CET/CEST)","1375","63","1049"
"Italy (IT)","21.05.2022 20:00 - 21.05.2022 21:00 (CET/CEST)","1178","","1169"
"Italy (IT)","21.05.2022 21:00 - 21.05.2022 22:00 (CET/CEST)","831","","1065"
"Italy (IT)","21.05.2022 22:00 - 21.05.2022 23:00 (CET/CEST)","830","52","826"
"Italy (IT)","21.05.2022 23:00 - 22.05.2022 00:00 (CET/CEST)","210","79","813"
"Italy (IT)","22.05.2022 00:00 - 22.05.2022 01:00 (CET/CEST)","476","124","488"
"Italy (IT)","22.05.2022 01:00 - 22.05.2022 02:00 (CET/CEST)","178","208","323"
"Italy (IT)","22.05.2022 02:00 - 22.05.2022 03:00 (CET/CEST)","146","207","233"
"Italy (IT)","22.05.2022 03:00 - 22.05.2022 04:00 (CET/CEST)","106","92","193"
"Italy (IT)","22.05.2022 04:00 - 22.05.2022 05:00 (CET/CEST)","106","51","234"
"Italy (IT)","22.05.2022 05:00 - 22.05.2022 06:00 (CET/CEST)","106","51","284"
"Italy (IT)","22.05.2022 06:00 - 22.05.2022 07:00 (CET/CEST)","134","","297"
"Italy (IT)","22.05.2022 07:00 - 22.05.2022 08:00 (CET/CEST)","238","2","329"
"Italy (IT)","22.05.2022 08:00 - 22.05.2022 09:00 (CET/CEST)","0","731","359"
"Italy (IT)","22.05.2022 09:00 - 22.05.2022 10:00 (CET/CEST)","0","586","360"
"Italy (IT)","22.05.2022 10:00 - 22.05.2022 11:00 (CET/CEST)","0","613","346"
"Italy (IT)","22.05.2022 11:00 - 22.05.2022 12:00 (CET/CEST)","0","864","350"
"Italy (IT)","22.05.2022 12:00 - 22.05.2022 13:00 (CET/CEST)","126","251","349"
"Italy (IT)","22.05.2022 13:00 - 22.05.2022 14:00 (CET/CEST)","124","300","247"
"Italy (IT)","22.05.2022 14:00 - 22.05.2022 15:00 (CET/CEST)","123","299","206"
"Italy (IT)","22.05.2022 15:00 - 22.05.2022 16:00 (CET/CEST)","43","52","270"
"Italy (IT)","22.05.2022 16:00 - 22.05.2022 17:00 (CET/CEST)","214","51","308"
"Italy (IT)","22.05.2022 17:00 - 22.05.2022 18:00 (CET/CEST)","466","51","389"
"Italy (IT)","22.05.2022 18:00 - 22.05.2022 19:00 (CET/CEST)","570","29","408"
"Italy (IT)","22.05.2022 19:00 - 22.05.2022 20:00 (CET/CEST)","1025","68","653"
"Italy (IT)","22.05.2022 20:00 - 22.05.2022 21:00 (CET/CEST)","659","","904"
"Italy (IT)","22.05.2022 21:00 - 22.05.2022 22:00 (CET/CEST)","1203","","1171"
"Italy (IT)","22.05.2022 22:00 - 22.05.2022 23:00 (CET/CEST)","530","","1047"
"Italy (IT)","22.05.2022 23:00 - 23.05.2022 00:00 (CET/CEST)","861","322","509"
"Italy (IT)","23.05.2022 00:00 - 23.05.2022 01:00 (CET/CEST)","277","238","224"
"Italy (IT)","23.05.2022 01:00 - 23.05.2022 02:00 (CET/CEST)","0","187","203"
"Italy (IT)","23.05.2022 02:00 - 23.05.2022 03:00 (CET/CEST)","0","208","209"
"Italy (IT)","23.05.2022 03:00 - 23.05.2022 04:00 (CET/CEST)","0","272","199"
"Italy (IT)","23.05.2022 04:00 - 23.05.2022 05:00 (CET/CEST)","0","783","207"
"Italy (IT)","23.05.2022 05:00 - 23.05.2022 06:00 (CET/CEST)","1","1012","227"
"Italy (IT)","23.05.2022 06:00 - 23.05.2022 07:00 (CET/CEST)","525","155","872"
"Italy (IT)","23.05.2022 07:00 - 23.05.2022 08:00 (CET/CEST)","1060","155","1320"
"Italy (IT)","23.05.2022 08:00 - 23.05.2022 09:00 (CET/CEST)","1304","98","1657"
"Italy (IT)","23.05.2022 09:00 - 23.05.2022 10:00 (CET/CEST)","1365","","1313"
"Italy (IT)","23.05.2022 10:00 - 23.05.2022 11:00 (CET/CEST)","1016","","862"
"Italy (IT)","23.05.2022 11:00 - 23.05.2022 12:00 (CET/CEST)","610","","590"
"Italy (IT)","23.05.2022 12:00 - 23.05.2022 13:00 (CET/CEST)","656","","398"
"Italy (IT)","23.05.2022 13:00 - 23.05.2022 14:00 (CET/CEST)","265","1","276"
"Italy (IT)","23.05.2022 14:00 - 23.05.2022 15:00 (CET/CEST)","596","145","415"
"Italy (IT)","23.05.2022 15:00 - 23.05.2022 16:00 (CET/CEST)","760","","769"
"Italy (IT)","23.05.2022 16:00 - 23.05.2022 17:00 (CET/CEST)","830","","1057"
"Italy (IT)","23.05.2022 17:00 - 23.05.2022 18:00 (CET/CEST)","699","","935"
"Italy (IT)","23.05.2022 18:00 - 23.05.2022 19:00 (CET/CEST)","1069","","1040"
"Italy (IT)","23.05.2022 19:00 - 23.05.2022 20:00 (CET/CEST)","1380","","1254"
"Italy (IT)","23.05.2022 20:00 - 23.05.2022 21:00 (CET/CEST)","1455","","1002"
"Italy (IT)","23.05.2022 21:00 - 23.05.2022 22:00 (CET/CEST)","1878","","1341"
"Italy (IT)","23.05.2022 22:00 - 23.05.2022 23:00 (CET/CEST)","883","","935"
"Italy (IT)","23.05.2022 23:00 - 24.05.2022 00:00 (CET/CEST)","215","","433"
"Italy (IT)","24.05.2022 00:00 - 24.05.2022 01:00 (CET/CEST)","172","","191"
"Italy (IT)","24.05.2022 01:00 - 24.05.2022 02:00 (CET/CEST)","178","","173"
"Italy (IT)","24.05.2022 02:00 - 24.05.2022 03:00 (CET/CEST)","178","","187"
"Italy (IT)","24.05.2022 03:00 - 24.05.2022 04:00 (CET/CEST)","0","667","218"
"Italy (IT)","24.05.2022 04:00 - 24.05.2022 05:00 (CET/CEST)","0","770","228"
"Italy (IT)","24.05.2022 05:00 - 24.05.2022 06:00 (CET/CEST)","142","","232"
"Italy (IT)","24.05.2022 06:00 - 24.05.2022 07:00 (CET/CEST)","205","","395"
"Italy (IT)","24.05.2022 07:00 - 24.05.2022 08:00 (CET/CEST)","371","","511"
"Italy (IT)","24.05.2022 08:00 - 24.05.2022 09:00 (CET/CEST)","491","","740"
"Italy (IT)","24.05.2022 09:00 - 24.05.2022 10:00 (CET/CEST)","334","","554"
"Italy (IT)","24.05.2022 10:00 - 24.05.2022 11:00 (CET/CEST)","148","","457"
"Italy (IT)","24.05.2022 11:00 - 24.05.2022 12:00 (CET/CEST)","127","","256"
"Italy (IT)","24.05.2022 12:00 - 24.05.2022 13:00 (CET/CEST)","0","65","182"
"Italy (IT)","24.05.2022 13:00 - 24.05.2022 14:00 (CET/CEST)","128","16","187"
"Italy (IT)","24.05.2022 14:00 - 24.05.2022 15:00 (CET/CEST)","127","164","344"
"Italy (IT)","24.05.2022 15:00 - 24.05.2022 16:00 (CET/CEST)","375","231","444"
"Italy (IT)","24.05.2022 16:00 - 24.05.2022 17:00 (CET/CEST)","263","163","559"
"Italy (IT)","24.05.2022 17:00 - 24.05.2022 18:00 (CET/CEST)","319","92","631"
"Italy (IT)","24.05.2022 18:00 - 24.05.2022 19:00 (CET/CEST)","369","27","766"
"Italy (IT)","24.05.2022 19:00 - 24.05.2022 20:00 (CET/CEST)","521","40","880"
"Italy (IT)","24.05.2022 20:00 - 24.05.2022 21:00 (CET/CEST)","715","","866"
"Italy (IT)","24.05.2022 21:00 - 24.05.2022 22:00 (CET/CEST)","441","","828"
"Italy (IT)","24.05.2022 22:00 - 24.05.2022 23:00 (CET/CEST)","341","9","620"
"Italy (IT)","24.05.2022 23:00 - 25.05.2022 00:00 (CET/CEST)","171","79","334"
"Italy (IT)","25.05.2022 00:00 - 25.05.2022 01:00 (CET/CEST)","72","79","249"
"Italy (IT)","25.05.2022 01:00 - 25.05.2022 02:00 (CET/CEST)","32","37","234"
"Italy (IT)","25.05.2022 02:00 - 25.05.2022 03:00 (CET/CEST)","0","982","271"
"Italy (IT)","25.05.2022 03:00 - 25.05.2022 04:00 (CET/CEST)","0","2114","283"
"Italy (IT)","25.05.2022 04:00 - 25.05.2022 05:00 (CET/CEST)","0","2443","286"
"Italy (IT)","25.05.2022 05:00 - 25.05.2022 06:00 (CET/CEST)","0","386","259"
"Italy (IT)","25.05.2022 06:00 - 25.05.2022 07:00 (CET/CEST)","125","","381"
"Italy (IT)","25.05.2022 07:00 - 25.05.2022 08:00 (CET/CEST)","334","","544"
"Italy (IT)","25.05.2022 08:00 - 25.05.2022 09:00 (CET/CEST)","555","","1033"
"Italy (IT)","25.05.2022 09:00 - 25.05.2022 10:00 (CET/CEST)","497","","645"
"Italy (IT)","25.05.2022 10:00 - 25.05.2022 11:00 (CET/CEST)","466","","419"
"Italy (IT)","25.05.2022 11:00 - 25.05.2022 12:00 (CET/CEST)","192","","295"
"Italy (IT)","25.05.2022 12:00 - 25.05.2022 13:00 (CET/CEST)","115","","242"
"Italy (IT)","25.05.2022 13:00 - 25.05.2022 14:00 (CET/CEST)","98","","254"
"Italy (IT)","25.05.2022 14:00 - 25.05.2022 15:00 (CET/CEST)","183","","238"
"Italy (IT)","25.05.2022 15:00 - 25.05.2022 16:00 (CET/CEST)","192","","545"
"Italy (IT)","25.05.2022 16:00 - 25.05.2022 17:00 (CET/CEST)","546","","1050"
"Italy (IT)","25.05.2022 17:00 - 25.05.2022 18:00 (CET/CEST)","583","","884"
"Italy (IT)","25.05.2022 18:00 - 25.05.2022 19:00 (CET/CEST)","663","","916"
"Italy (IT)","25.05.2022 19:00 - 25.05.2022 20:00 (CET/CEST)","669","","1381"
"Italy (IT)","25.05.2022 20:00 - 25.05.2022 21:00 (CET/CEST)","810","","1240"
"Italy (IT)","25.05.2022 21:00 - 25.05.2022 22:00 (CET/CEST)","610","","1033"
"Italy (IT)","25.05.2022 22:00 - 25.05.2022 23:00 (CET/CEST)","385","","507"
"Italy (IT)","25.05.2022 23:00 - 26.05.2022 00:00 (CET/CEST)","480","4","380"
"Italy (IT)","26.05.2022 00:00 - 26.05.2022 01:00 (CET/CEST)","52","266","306"
"Italy (IT)","26.05.2022 01:00 - 26.05.2022 02:00 (CET/CEST)","0","37","282"
"Italy (IT)","26.05.2022 02:00 - 26.05.2022 03:00 (CET/CEST)","0","42","266"
"Italy (IT)","26.05.2022 03:00 - 26.05.2022 04:00 (CET/CEST)","0","936","299"
"Italy (IT)","26.05.2022 04:00 - 26.05.2022 05:00 (CET/CEST)","0","182","292"
"Italy (IT)","26.05.2022 05:00 - 26.05.2022 06:00 (CET/CEST)","14","","301"
"Italy (IT)","26.05.2022 06:00 - 26.05.2022 07:00 (CET/CEST)","166","","337"
"Italy (IT)","26.05.2022 07:00 - 26.05.2022 08:00 (CET/CEST)","401","","705"
"Italy (IT)","26.05.2022 08:00 - 26.05.2022 09:00 (CET/CEST)","1230","","1242"
"Italy (IT)","26.05.2022 09:00 - 26.05.2022 10:00 (CET/CEST)","1140","","1437"
"Italy (IT)","26.05.2022 10:00 - 26.05.2022 11:00 (CET/CEST)","668","","955"
"Italy (IT)","26.05.2022 11:00 - 26.05.2022 12:00 (CET/CEST)","75","1","393"
"Italy (IT)","26.05.2022 12:00 - 26.05.2022 13:00 (CET/CEST)","130","","364"
"Italy (IT)","26.05.2022 13:00 - 26.05.2022 14:00 (CET/CEST)","0","222","327"
"Italy (IT)","26.05.2022 14:00 - 26.05.2022 15:00 (CET/CEST)","233","81","491"
"Italy (IT)","26.05.2022 15:00 - 26.05.2022 16:00 (CET/CEST)","488","79","809"
"Italy (IT)","26.05.2022 16:00 - 26.05.2022 17:00 (CET/CEST)","714","52","1144"
"Italy (IT)","26.05.2022 17:00 - 26.05.2022 18:00 (CET/CEST)","654","","1214"
"Italy (IT)","26.05.2022 18:00 - 26.05.2022 19:00 (CET/CEST)","765","","1225"
"Italy (IT)","26.05.2022 19:00 - 26.05.2022 20:00 (CET/CEST)","1547","","1410"
"Italy (IT)","26.05.2022 20:00 - 26.05.2022 21:00 (CET/CEST)","1536","","1219"
"Italy (IT)","26.05.2022 21:00 - 26.05.2022 22:00 (CET/CEST)","915","","1174"
"Italy (IT)","26.05.2022 22:00 - 26.05.2022 23:00 (CET/CEST)","432","","732"
"Italy (IT)","26.05.2022 23:00 - 27.05.2022 00:00 (CET/CEST)","247","","427"
"Italy (IT)","27.05.2022 00:00 - 27.05.2022 01:00 (CET/CEST)","94","","307"
"Italy (IT)","27.05.2022 01:00 - 27.05.2022 02:00 (CET/CEST)","0","18","250"
"Italy (IT)","27.05.2022 02:00 - 27.05.2022 03:00 (CET/CEST)","23","6","249"
"Italy (IT)","27.05.2022 03:00 - 27.05.2022 04:00 (CET/CEST)","0","491","249"
"Italy (IT)","27.05.2022 04:00 - 27.05.2022 05:00 (CET/CEST)","0","26","249"
"Italy (IT)","27.05.2022 05:00 - 27.05.2022 06:00 (CET/CEST)","15","2","257"
"Italy (IT)","27.05.2022 06:00 - 27.05.2022 07:00 (CET/CEST)","306","2","270"
"Italy (IT)","27.05.2022 07:00 - 27.05.2022 08:00 (CET/CEST)","441","2","676"
"Italy (IT)","27.05.2022 08:00 - 27.05.2022 09:00 (CET/CEST)","735","2","1050"
"Italy (IT)","27.05.2022 09:00 - 27.05.2022 10:00 (CET/CEST)","842","2","884"
"Italy (IT)","27.05.2022 10:00 - 27.05.2022 11:00 (CET/CEST)","597","2","700"
"Italy (IT)","27.05.2022 11:00 - 27.05.2022 12:00 (CET/CEST)","565","2","655"
"Italy (IT)","27.05.2022 12:00 - 27.05.2022 13:00 (CET/CEST)","252","1","327"
"Italy (IT)","27.05.2022 13:00 - 27.05.2022 14:00 (CET/CEST)","340","","268"
"Italy (IT)","27.05.2022 14:00 - 27.05.2022 15:00 (CET/CEST)","208","","289"
"Italy (IT)","27.05.2022 15:00 - 27.05.2022 16:00 (CET/CEST)","200","","431"
"Italy (IT)","27.05.2022 16:00 - 27.05.2022 17:00 (CET/CEST)","347","","402"
"Italy (IT)","27.05.2022 17:00 - 27.05.2022 18:00 (CET/CEST)","540","","554"
"Italy (IT)","27.05.2022 18:00 - 27.05.2022 19:00 (CET/CEST)","492","20","828"
"Italy (IT)","27.05.2022 19:00 - 27.05.2022 20:00 (CET/CEST)","749","56","1178"
"Italy (IT)","27.05.2022 20:00 - 27.05.2022 21:00 (CET/CEST)","680","","976"
"Italy (IT)","27.05.2022 21:00 - 27.05.2022 22:00 (CET/CEST)","534","","965"
"Italy (IT)","27.05.2022 22:00 - 27.05.2022 23:00 (CET/CEST)","283","40","564"
"Italy (IT)","27.05.2022 23:00 - 28.05.2022 00:00 (CET/CEST)","438","79","552"
"Italy (IT)","28.05.2022 00:00 - 28.05.2022 01:00 (CET/CEST)","283","11","776"
"Italy (IT)","28.05.2022 01:00 - 28.05.2022 02:00 (CET/CEST)","78","58","527"
"Italy (IT)","28.05.2022 02:00 - 28.05.2022 03:00 (CET/CEST)","100","58","466"
"Italy (IT)","28.05.2022 03:00 - 28.05.2022 04:00 (CET/CEST)","68","58","324"
"Italy (IT)","28.05.2022 04:00 - 28.05.2022 05:00 (CET/CEST)","67","58","396"
"Italy (IT)","28.05.2022 05:00 - 28.05.2022 06:00 (CET/CEST)","65","57","575"
"Italy (IT)","28.05.2022 06:00 - 28.05.2022 07:00 (CET/CEST)","106","","522"
"Italy (IT)","28.05.2022 07:00 - 28.05.2022 08:00 (CET/CEST)","357","","518"
"Italy (IT)","28.05.2022 08:00 - 28.05.2022 09:00 (CET/CEST)","609","","765"
"Italy (IT)","28.05.2022 09:00 - 28.05.2022 10:00 (CET/CEST)","538","","691"
"Italy (IT)","28.05.2022 10:00 - 28.05.2022 11:00 (CET/CEST)","448","6","472"
"Italy (IT)","28.05.2022 11:00 - 28.05.2022 12:00 (CET/CEST)","0","407","240"
"Italy (IT)","28.05.2022 12:00 - 28.05.2022 13:00 (CET/CEST)","0","572","181"
"Italy (IT)","28.05.2022 13:00 - 28.05.2022 14:00 (CET/CEST)","0","1036","182"
"Italy (IT)","28.05.2022 14:00 - 28.05.2022 15:00 (CET/CEST)","0","1024","181"
"Italy (IT)","28.05.2022 15:00 - 28.05.2022 16:00 (CET/CEST)","0","1102","183"
"Italy (IT)","28.05.2022 16:00 - 28.05.2022 17:00 (CET/CEST)","146","","429"
"Italy (IT)","28.05.2022 17:00 - 28.05.2022 18:00 (CET/CEST)","332","","532"
"Italy (IT)","28.05.2022 18:00 - 28.05.2022 19:00 (CET/CEST)","647","36","902"
"Italy (IT)","28.05.2022 19:00 - 28.05.2022 20:00 (CET/CEST)","1343","12","891"
"Italy (IT)","28.05.2022 20:00 - 28.05.2022 21:00 (CET/CEST)","1499","79","1097"
"Italy (IT)","28.05.2022 21:00 - 28.05.2022 22:00 (CET/CEST)","1086","48","1045"
"Italy (IT)","28.05.2022 22:00 - 28.05.2022 23:00 (CET/CEST)","159","","690"
"Italy (IT)","28.05.2022 23:00 - 29.05.2022 00:00 (CET/CEST)","0","214","564"
"Italy (IT)","29.05.2022 00:00 - 29.05.2022 01:00 (CET/CEST)","85","","459"
"Italy (IT)","29.05.2022 01:00 - 29.05.2022 02:00 (CET/CEST)","67","42","344"
"Italy (IT)","29.05.2022 02:00 - 29.05.2022 03:00 (CET/CEST)","0","84","266"
"Italy (IT)","29.05.2022 03:00 - 29.05.2022 04:00 (CET/CEST)","0","109","288"
"Italy (IT)","29.05.2022 04:00 - 29.05.2022 05:00 (CET/CEST)","0","239","276"
"Italy (IT)","29.05.2022 05:00 - 29.05.2022 06:00 (CET/CEST)","0","280","234"
"Italy (IT)","29.05.2022 06:00 - 29.05.2022 07:00 (CET/CEST)","0","201","197"
"Italy (IT)","29.05.2022 07:00 - 29.05.2022 08:00 (CET/CEST)","8","192","197"
"Italy (IT)","29.05.2022 08:00 - 29.05.2022 09:00 (CET/CEST)","0","21","287"
"Italy (IT)","29.05.2022 09:00 - 29.05.2022 10:00 (CET/CEST)","172","","429"
"Italy (IT)","29.05.2022 10:00 - 29.05.2022 11:00 (CET/CEST)","185","54","369"
"Italy (IT)","29.05.2022 11:00 - 29.05.2022 12:00 (CET/CEST)","125","122","365"
"Italy (IT)","29.05.2022 12:00 - 29.05.2022 13:00 (CET/CEST)","86","197","395"
"Italy (IT)","29.05.2022 13:00 - 29.05.2022 14:00 (CET/CEST)","0","213","286"
"Italy (IT)","29.05.2022 14:00 - 29.05.2022 15:00 (CET/CEST)","0","766","257"
"Italy (IT)","29.05.2022 15:00 - 29.05.2022 16:00 (CET/CEST)","","1631","286"
"Italy (IT)","29.05.2022 16:00 - 29.05.2022 17:00 (CET/CEST)","","772","382"
"Italy (IT)","29.05.2022 17:00 - 29.05.2022 18:00 (CET/CEST)","","267","372"
"Italy (IT)","29.05.2022 18:00 - 29.05.2022 19:00 (CET/CEST)","0","12","371"
"Italy (IT)","29.05.2022 19:00 - 29.05.2022 20:00 (CET/CEST)","319","","577"
"Italy (IT)","29.05.2022 20:00 - 29.05.2022 21:00 (CET/CEST)","309","","658"
"Italy (IT)","29.05.2022 21:00 - 29.05.2022 22:00 (CET/CEST)","560","","548"
"Italy (IT)","29.05.2022 22:00 - 29.05.2022 23:00 (CET/CEST)","558","","560"
"Italy (IT)","29.05.2022 23:00 - 30.05.2022 00:00 (CET/CEST)","171","","506"
"Italy (IT)","30.05.2022 00:00 - 30.05.2022 01:00 (CET/CEST)","100","","328"
"Italy (IT)","30.05.2022 01:00 - 30.05.2022 02:00 (CET/CEST)","45","","260"
"Italy (IT)","30.05.2022 02:00 - 30.05.2022 03:00 (CET/CEST)","0","329","224"
"Italy (IT)","30.05.2022 03:00 - 30.05.2022 04:00 (CET/CEST)","0","1769","267"
"Italy (IT)","30.05.2022 04:00 - 30.05.2022 05:00 (CET/CEST)","0","379","269"
"Italy (IT)","30.05.2022 05:00 - 30.05.2022 06:00 (CET/CEST)","51","57","268"
"Italy (IT)","30.05.2022 06:00 - 30.05.2022 07:00 (CET/CEST)","152","30","440"
"Italy (IT)","30.05.2022 07:00 - 30.05.2022 08:00 (CET/CEST)","398","5","721"
"Italy (IT)","30.05.2022 08:00 - 30.05.2022 09:00 (CET/CEST)","451","","699"
"Italy (IT)","30.05.2022 09:00 - 30.05.2022 10:00 (CET/CEST)","400","","593"
"Italy (IT)","30.05.2022 10:00 - 30.05.2022 11:00 (CET/CEST)","379","","380"
"Italy (IT)","30.05.2022 11:00 - 30.05.2022 12:00 (CET/CEST)","340","","322"
"Italy (IT)","30.05.2022 12:00 - 30.05.2022 13:00 (CET/CEST)","151","5","316"
"Italy (IT)","30.05.2022 13:00 - 30.05.2022 14:00 (CET/CEST)","134","293","274"
"Italy (IT)","30.05.2022 14:00 - 30.05.2022 15:00 (CET/CEST)","138","480","308"
"Italy (IT)","30.05.2022 15:00 - 30.05.2022 16:00 (CET/CEST)","49","320","317"
"Italy (IT)","30.05.2022 16:00 - 30.05.2022 17:00 (CET/CEST)","112","64","347"
"Italy (IT)","30.05.2022 17:00 - 30.05.2022 18:00 (CET/CEST)","284","","366"
"Italy (IT)","30.05.2022 18:00 - 30.05.2022 19:00 (CET/CEST)","349","","571"
"Italy (IT)","30.05.2022 19:00 - 30.05.2022 20:00 (CET/CEST)","799","","825"
"Italy (IT)","30.05.2022 20:00 - 30.05.2022 21:00 (CET/CEST)","1083","","814"
"Italy (IT)","30.05.2022 21:00 - 30.05.2022 22:00 (CET/CEST)","440","","751"
"Italy (IT)","30.05.2022 22:00 - 30.05.2022 23:00 (CET/CEST)","297","","631"
"Italy (IT)","30.05.2022 23:00 - 31.05.2022 00:00 (CET/CEST)","109","","348"
"Italy (IT)","31.05.2022 00:00 - 31.05.2022 01:00 (CET/CEST)","99","","273"
"Italy (IT)","31.05.2022 01:00 - 31.05.2022 02:00 (CET/CEST)","99","","213"
"Italy (IT)","31.05.2022 02:00 - 31.05.2022 03:00 (CET/CEST)","39","","213"
"Italy (IT)","31.05.2022 03:00 - 31.05.2022 04:00 (CET/CEST)","39","","213"
"Italy (IT)","31.05.2022 04:00 - 31.05.2022 05:00 (CET/CEST)","2","","212"
"Italy (IT)","31.05.2022 05:00 - 31.05.2022 06:00 (CET/CEST)","2","","212"
"Italy (IT)","31.05.2022 06:00 - 31.05.2022 07:00 (CET/CEST)","180","","313"
"Italy (IT)","31.05.2022 07:00 - 31.05.2022 08:00 (CET/CEST)","442","","761"
"Italy (IT)","31.05.2022 08:00 - 31.05.2022 09:00 (CET/CEST)","743","","989"
"Italy (IT)","31.05.2022 09:00 - 31.05.2022 10:00 (CET/CEST)","326","","650"
"Italy (IT)","31.05.2022 10:00 - 31.05.2022 11:00 (CET/CEST)","256","","439"
"Italy (IT)","31.05.2022 11:00 - 31.05.2022 12:00 (CET/CEST)","255","","405"
"Italy (IT)","31.05.2022 12:00 - 31.05.2022 13:00 (CET/CEST)","211","","198"
"Italy (IT)","31.05.2022 13:00 - 31.05.2022 14:00 (CET/CEST)","210","","213"
"Italy (IT)","31.05.2022 14:00 - 31.05.2022 15:00 (CET/CEST)","211","","272"
"Italy (IT)","31.05.2022 15:00 - 31.05.2022 16:00 (CET/CEST)","309","","526"
"Italy (IT)","31.05.2022 16:00 - 31.05.2022 17:00 (CET/CEST)","332","","361"
"Italy (IT)","31.05.2022 17:00 - 31.05.2022 18:00 (CET/CEST)","557","","825"
"Italy (IT)","31.05.2022 18:00 - 31.05.2022 19:00 (CET/CEST)","510","","1009"
"Italy (IT)","31.05.2022 19:00 - 31.05.2022 20:00 (CET/CEST)","399","","1035"
"Italy (IT)","31.05.2022 20:00 - 31.05.2022 21:00 (CET/CEST)","566","","999"
"Italy (IT)","31.05.2022 21:00 - 31.05.2022 22:00 (CET/CEST)","515","","999"
"Italy (IT)","31.05.2022 22:00 - 31.05.2022 23:00 (CET/CEST)","315","","825"
"Italy (IT)","31.05.2022 23:00 - 01.06.2022 00:00 (CET/CEST)","237","","463"
"Italy (IT)","01.06.2022 00:00 - 01.06.2022 01:00 (CET/CEST)","0","380","397"
"Italy (IT)","01.06.2022 01:00 - 01.06.2022 02:00 (CET/CEST)","0","700","244"
"Italy (IT)","01.06.2022 02:00 - 01.06.2022 03:00 (CET/CEST)","0","876","203"
"Italy (IT)","01.06.2022 03:00 - 01.06.2022 04:00 (CET/CEST)","0","718","230"
"Italy (IT)","01.06.2022 04:00 - 01.06.2022 05:00 (CET/CEST)","0","598","277"
"Italy (IT)","01.06.2022 05:00 - 01.06.2022 06:00 (CET/CEST)","0","599","400"
"Italy (IT)","01.06.2022 06:00 - 01.06.2022 07:00 (CET/CEST)","96","","498"
"Italy (IT)","01.06.2022 07:00 - 01.06.2022 08:00 (CET/CEST)","703","","1020"
"Italy (IT)","01.06.2022 08:00 - 01.06.2022 09:00 (CET/CEST)","591","","1186"
"Italy (IT)","01.06.2022 09:00 - 01.06.2022 10:00 (CET/CEST)","502","1","867"
"Italy (IT)","01.06.2022 10:00 - 01.06.2022 11:00 (CET/CEST)","377","1","383"
"Italy (IT)","01.06.2022 11:00 - 01.06.2022 12:00 (CET/CEST)","221","6","224"
"Italy (IT)","01.06.2022 12:00 - 01.06.2022 13:00 (CET/CEST)","194","52","149"
"Italy (IT)","01.06.2022 13:00 - 01.06.2022 14:00 (CET/CEST)","183","","144"
"Italy (IT)","01.06.2022 14:00 - 01.06.2022 15:00 (CET/CEST)","427","","230"
"Italy (IT)","01.06.2022 15:00 - 01.06.2022 16:00 (CET/CEST)","485","","421"
"Italy (IT)","01.06.2022 16:00 - 01.06.2022 17:00 (CET/CEST)","681","","441"
"Italy (IT)","01.06.2022 17:00 - 01.06.2022 18:00 (CET/CEST)","1231","","688"
"Italy (IT)","01.06.2022 18:00 - 01.06.2022 19:00 (CET/CEST)","1247","","732"
"Italy (IT)","01.06.2022 19:00 - 01.06.2022 20:00 (CET/CEST)","1870","","841"
"Italy (IT)","01.06.2022 20:00 - 01.06.2022 21:00 (CET/CEST)","1733","","831"
"Italy (IT)","01.06.2022 21:00 - 01.06.2022 22:00 (CET/CEST)","1213","","846"
"Italy (IT)","01.06.2022 22:00 - 01.06.2022 23:00 (CET/CEST)","178","","631"
"Italy (IT)","01.06.2022 23:00 - 02.06.2022 00:00 (CET/CEST)","46","","527"
"Italy (IT)","02.06.2022 00:00 - 02.06.2022 01:00 (CET/CEST)","160","","414"
"Italy (IT)","02.06.2022 01:00 - 02.06.2022 02:00 (CET/CEST)","41","","265"
"Italy (IT)","02.06.2022 02:00 - 02.06.2022 03:00 (CET/CEST)","46","","250"
"Italy (IT)","02.06.2022 03:00 - 02.06.2022 04:00 (CET/CEST)","40","","213"
"Italy (IT)","02.06.2022 04:00 - 02.06.2022 05:00 (CET/CEST)","40","","217"
"Italy (IT)","02.06.2022 05:00 - 02.06.2022 06:00 (CET/CEST)","40","","178"
"Italy (IT)","02.06.2022 06:00 - 02.06.2022 07:00 (CET/CEST)","41","","325"
"Italy (IT)","02.06.2022 07:00 - 02.06.2022 08:00 (CET/CEST)","39","6","376"
"Italy (IT)","02.06.2022 08:00 - 02.06.2022 09:00 (CET/CEST)","153","148","323"
"Italy (IT)","02.06.2022 09:00 - 02.06.2022 10:00 (CET/CEST)","113","","273"
"Italy (IT)","02.06.2022 10:00 - 02.06.2022 11:00 (CET/CEST)","0","26","258"
"Italy (IT)","02.06.2022 11:00 - 02.06.2022 12:00 (CET/CEST)","61","6","254"
"Italy (IT)","02.06.2022 12:00 - 02.06.2022 13:00 (CET/CEST)","44","196","198"
"Italy (IT)","02.06.2022 13:00 - 02.06.2022 14:00 (CET/CEST)","0","332","200"
"Italy (IT)","02.06.2022 14:00 - 02.06.2022 15:00 (CET/CEST)","0","427","229"
"Italy (IT)","02.06.2022 15:00 - 02.06.2022 16:00 (CET/CEST)","0","223","155"
"Italy (IT)","02.06.2022 16:00 - 02.06.2022 17:00 (CET/CEST)","0","421","178"
"Italy (IT)","02.06.2022 17:00 - 02.06.2022 18:00 (CET/CEST)","0","481","324"
"Italy (IT)","02.06.2022 18:00 - 02.06.2022 19:00 (CET/CEST)","181","2","536"
"Italy (IT)","02.06.2022 19:00 - 02.06.2022 20:00 (CET/CEST)","508","2","695"
"Italy (IT)","02.06.2022 20:00 - 02.06.2022 21:00 (CET/CEST)","662","2","685"
"Italy (IT)","02.06.2022 21:00 - 02.06.2022 22:00 (CET/CEST)","308","2","623"
"Italy (IT)","02.06.2022 22:00 - 02.06.2022 23:00 (CET/CEST)","224","2","365"
"Italy (IT)","02.06.2022 23:00 - 03.06.2022 00:00 (CET/CEST)","167","2","271"
"Italy (IT)","03.06.2022 00:00 - 03.06.2022 01:00 (CET/CEST)","210","2","483"
"Italy (IT)","03.06.2022 01:00 - 03.06.2022 02:00 (CET/CEST)","0","122","190"
"Italy (IT)","03.06.2022 02:00 - 03.06.2022 03:00 (CET/CEST)","0","672","187"
"Italy (IT)","03.06.2022 03:00 - 03.06.2022 04:00 (CET/CEST)","0","720","187"
"Italy (IT)","03.06.2022 04:00 - 03.06.2022 05:00 (CET/CEST)","0","752","185"
"Italy (IT)","03.06.2022 05:00 - 03.06.2022 06:00 (CET/CEST)","38","2","143"
"Italy (IT)","03.06.2022 06:00 - 03.06.2022 07:00 (CET/CEST)","39","2","407"
"Italy (IT)","03.06.2022 07:00 - 03.06.2022 08:00 (CET/CEST)","40","2","537"
"Italy (IT)","03.06.2022 08:00 - 03.06.2022 09:00 (CET/CEST)","320","2","644"
"Italy (IT)","03.06.2022 09:00 - 03.06.2022 10:00 (CET/CEST)","242","2","584"
"Italy (IT)","03.06.2022 10:00 - 03.06.2022 11:00 (CET/CEST)","176","2","542"
"Italy (IT)","03.06.2022 11:00 - 03.06.2022 12:00 (CET/CEST)","174","2","557"
"Italy (IT)","03.06.2022 12:00 - 03.06.2022 13:00 (CET/CEST)","270","2","684"
"Italy (IT)","03.06.2022 13:00 - 03.06.2022 14:00 (CET/CEST)","213","2","793"
"Italy (IT)","03.06.2022 14:00 - 03.06.2022 15:00 (CET/CEST)","279","2","846"
"Italy (IT)","03.06.2022 15:00 - 03.06.2022 16:00 (CET/CEST)","318","2","595"
"Italy (IT)","03.06.2022 16:00 - 03.06.2022 17:00 (CET/CEST)","212","2","600"
"Italy (IT)","03.06.2022 17:00 - 03.06.2022 18:00 (CET/CEST)","94","2","576"
"Italy (IT)","03.06.2022 18:00 - 03.06.2022 19:00 (CET/CEST)","263","2","696"
"Italy (IT)","03.06.2022 19:00 - 03.06.2022 20:00 (CET/CEST)","1368","","777"
"Italy (IT)","03.06.2022 20:00 - 03.06.2022 21:00 (CET/CEST)","536","","705"
"Italy (IT)","03.06.2022 21:00 - 03.06.2022 22:00 (CET/CEST)","731","","623"
"Italy (IT)","03.06.2022 22:00 - 03.06.2022 23:00 (CET/CEST)","188","","481"
"Italy (IT)","03.06.2022 23:00 - 04.06.2022 00:00 (CET/CEST)","133","","418"
"Italy (IT)","04.06.2022 00:00 - 04.06.2022 01:00 (CET/CEST)","271","","357"
"Italy (IT)","04.06.2022 01:00 - 04.06.2022 02:00 (CET/CEST)","2","229","210"
"Italy (IT)","04.06.2022 02:00 - 04.06.2022 03:00 (CET/CEST)","0","346","214"
"Italy (IT)","04.06.2022 03:00 - 04.06.2022 04:00 (CET/CEST)","0","471","216"
"Italy (IT)","04.06.2022 04:00 - 04.06.2022 05:00 (CET/CEST)","0","277","203"
"Italy (IT)","04.06.2022 05:00 - 04.06.2022 06:00 (CET/CEST)","0","219","205"
"Italy (IT)","04.06.2022 06:00 - 04.06.2022 07:00 (CET/CEST)","63","252","366"
"Italy (IT)","04.06.2022 07:00 - 04.06.2022 08:00 (CET/CEST)","107","3","380"
"Italy (IT)","04.06.2022 08:00 - 04.06.2022 09:00 (CET/CEST)","144","150","439"
"Italy (IT)","04.06.2022 09:00 - 04.06.2022 10:00 (CET/CEST)","148","152","322"
"Italy (IT)","04.06.2022 10:00 - 04.06.2022 11:00 (CET/CEST)","0","55","276"
"Italy (IT)","04.06.2022 11:00 - 04.06.2022 12:00 (CET/CEST)","0","194","215"
"Italy (IT)","04.06.2022 12:00 - 04.06.2022 13:00 (CET/CEST)","0","87","239"
"Italy (IT)","04.06.2022 13:00 - 04.06.2022 14:00 (CET/CEST)","0","933","170"
"Italy (IT)","04.06.2022 14:00 - 04.06.2022 15:00 (CET/CEST)","0","1032","170"
"Italy (IT)","04.06.2022 15:00 - 04.06.2022 16:00 (CET/CEST)","0","603","171"
"Italy (IT)","04.06.2022 16:00 - 04.06.2022 17:00 (CET/CEST)","63","3","218"
"Italy (IT)","04.06.2022 17:00 - 04.06.2022 18:00 (CET/CEST)","609","","475"
"Italy (IT)","04.06.2022 18:00 - 04.06.2022 19:00 (CET/CEST)","1375","","877"
"Italy (IT)","04.06.2022 19:00 - 04.06.2022 20:00 (CET/CEST)","1670","","1348"
"Italy (IT)","04.06.2022 20:00 - 04.06.2022 21:00 (CET/CEST)","1626","","1091"
"Italy (IT)","04.06.2022 21:00 - 04.06.2022 22:00 (CET/CEST)","1643","","705"
"Italy (IT)","04.06.2022 22:00 - 04.06.2022 23:00 (CET/CEST)","823","1","571"
"Italy (IT)","04.06.2022 23:00 - 05.06.2022 00:00 (CET/CEST)","453","","401"
"Italy (IT)","05.06.2022 00:00 - 05.06.2022 01:00 (CET/CEST)","268","61","333"
"Italy (IT)","05.06.2022 01:00 - 05.06.2022 02:00 (CET/CEST)","0","183","303"
"Italy (IT)","05.06.2022 02:00 - 05.06.2022 03:00 (CET/CEST)","3","584","225"
"Italy (IT)","05.06.2022 03:00 - 05.06.2022 04:00 (CET/CEST)","236","834","307"
"Italy (IT)","05.06.2022 04:00 - 05.06.2022 05:00 (CET/CEST)","3","743","180"
"Italy (IT)","05.06.2022 05:00 - 05.06.2022 06:00 (CET/CEST)","0","305","219"
"Italy (IT)","05.06.2022 06:00 - 05.06.2022 07:00 (CET/CEST)","0","127","295"
"Italy (IT)","05.06.2022 07:00 - 05.06.2022 08:00 (CET/CEST)","28","","352"
"Italy (IT)","05.06.2022 08:00 - 05.06.2022 09:00 (CET/CEST)","128","","356"
"Italy (IT)","05.06.2022 09:00 - 05.06.2022 10:00 (CET/CEST)","127","","324"
"Italy (IT)","05.06.2022 10:00 - 05.06.2022 11:00 (CET/CEST)","125","","364"
"Italy (IT)","05.06.2022 11:00 - 05.06.2022 12:00 (CET/CEST)","106","1","302"
"Italy (IT)","05.06.2022 12:00 - 05.06.2022 13:00 (CET/CEST)","0","338","276"
"Italy (IT)","05.06.2022 13:00 - 05.06.2022 14:00 (CET/CEST)","0","962","203"
"Italy (IT)","05.06.2022 14:00 - 05.06.2022 15:00 (CET/CEST)","0","1663","203"
"Italy (IT)","05.06.2022 15:00 - 05.06.2022 16:00 (CET/CEST)","0","1798","203"
"Italy (IT)","05.06.2022 16:00 - 05.06.2022 17:00 (CET/CEST)","0","238","248"
"Italy (IT)","05.06.2022 17:00 - 05.06.2022 18:00 (CET/CEST)","423","14","292"
"Italy (IT)","05.06.2022 18:00 - 05.06.2022 19:00 (CET/CEST)","311","","359"
"Italy (IT)","05.06.2022 19:00 - 05.06.2022 20:00 (CET/CEST)","512","","629"
"Italy (IT)","05.06.2022 20:00 - 05.06.2022 21:00 (CET/CEST)","767","","653"
"Italy (IT)","05.06.2022 21:00 - 05.06.2022 22:00 (CET/CEST)","459","","611"
"Italy (IT)","05.06.2022 22:00 - 05.06.2022 23:00 (CET/CEST)","328","","334"
"Italy (IT)","05.06.2022 23:00 - 06.06.2022 00:00 (CET/CEST)","279","","234"
"Italy (IT)","06.06.2022 00:00 - 06.06.2022 01:00 (CET/CEST)","711","","178"
"Italy (IT)","06.06.2022 01:00 - 06.06.2022 02:00 (CET/CEST)","35","671","180"
"Italy (IT)","06.06.2022 02:00 - 06.06.2022 03:00 (CET/CEST)","0","942","143"
"Italy (IT)","06.06.2022 03:00 - 06.06.2022 04:00 (CET/CEST)","0","997","139"
"Italy (IT)","06.06.2022 04:00 - 06.06.2022 05:00 (CET/CEST)","0","964","146"
"Italy (IT)","06.06.2022 05:00 - 06.06.2022 06:00 (CET/CEST)","0","947","171"
"Italy (IT)","06.06.2022 06:00 - 06.06.2022 07:00 (CET/CEST)","382","","269"
"Italy (IT)","06.06.2022 07:00 - 06.06.2022 08:00 (CET/CEST)","550","","596"
"Italy (IT)","06.06.2022 08:00 - 06.06.2022 09:00 (CET/CEST)","823","","1000"
"Italy (IT)","06.06.2022 09:00 - 06.06.2022 10:00 (CET/CEST)","927","","768"
"Italy (IT)","06.06.2022 10:00 - 06.06.2022 11:00 (CET/CEST)","775","","585"
"Italy (IT)","06.06.2022 11:00 - 06.06.2022 12:00 (CET/CEST)","637","","413"
"Italy (IT)","06.06.2022 12:00 - 06.06.2022 13:00 (CET/CEST)","400","","208"
"Italy (IT)","06.06.2022 13:00 - 06.06.2022 14:00 (CET/CEST)","202","","216"
"Italy (IT)","06.06.2022 14:00 - 06.06.2022 15:00 (CET/CEST)","203","","458"
"Italy (IT)","06.06.2022 15:00 - 06.06.2022 16:00 (CET/CEST)","240","","556"
"Italy (IT)","06.06.2022 16:00 - 06.06.2022 17:00 (CET/CEST)","436","","717"
"Italy (IT)","06.06.2022 17:00 - 06.06.2022 18:00 (CET/CEST)","472","","657"
"Italy (IT)","06.06.2022 18:00 - 06.06.2022 19:00 (CET/CEST)","745","1","699"
"Italy (IT)","06.06.2022 19:00 - 06.06.2022 20:00 (CET/CEST)","892","2","805"
"Italy (IT)","06.06.2022 20:00 - 06.06.2022 21:00 (CET/CEST)","1113","","772"
"Italy (IT)","06.06.2022 21:00 - 06.06.2022 22:00 (CET/CEST)","752","","749"
"Italy (IT)","06.06.2022 22:00 - 06.06.2022 23:00 (CET/CEST)","514","1","458"
"Italy (IT)","06.06.2022 23:00 - 07.06.2022 00:00 (CET/CEST)","243","2","338"
"Italy (IT)","07.06.2022 00:00 - 07.06.2022 01:00 (CET/CEST)","124","","313"
"Italy (IT)","07.06.2022 01:00 - 07.06.2022 02:00 (CET/CEST)","74","","204"
"Italy (IT)","07.06.2022 02:00 - 07.06.2022 03:00 (CET/CEST)","74","","199"
"Italy (IT)","07.06.2022 03:00 - 07.06.2022 04:00 (CET/CEST)","74","","191"
"Italy (IT)","07.06.2022 04:00 - 07.06.2022 05:00 (CET/CEST)","75","","312"
"Italy (IT)","07.06.2022 05:00 - 07.06.2022 06:00 (CET/CEST)","275","","335"
"Italy (IT)","07.06.2022 06:00 - 07.06.2022 07:00 (CET/CEST)","475","","406"
"Italy (IT)","07.06.2022 07:00 - 07.06.2022 08:00 (CET/CEST)","977","","570"
"Italy (IT)","07.06.2022 08:00 - 07.06.2022 09:00 (CET/CEST)","1226","1","933"
"Italy (IT)","07.06.2022 09:00 - 07.06.2022 10:00 (CET/CEST)","922","2","1260"
"Italy (IT)","07.06.2022 10:00 - 07.06.2022 11:00 (CET/CEST)","433","2","905"
"Italy (IT)","07.06.2022 11:00 - 07.06.2022 12:00 (CET/CEST)","260","2","752"
"Italy (IT)","07.06.2022 12:00 - 07.06.2022 13:00 (CET/CEST)","159","57","334"
"Italy (IT)","07.06.2022 13:00 - 07.06.2022 14:00 (CET/CEST)","78","8","341"
"Italy (IT)","07.06.2022 14:00 - 07.06.2022 15:00 (CET/CEST)","140","151","564"
"Italy (IT)","07.06.2022 15:00 - 07.06.2022 16:00 (CET/CEST)","222","290","664"
"Italy (IT)","07.06.2022 16:00 - 07.06.2022 17:00 (CET/CEST)","195","2","543"
"Italy (IT)","07.06.2022 17:00 - 07.06.2022 18:00 (CET/CEST)","347","","508"
"Italy (IT)","07.06.2022 18:00 - 07.06.2022 19:00 (CET/CEST)","572","","525"
"Italy (IT)","07.06.2022 19:00 - 07.06.2022 20:00 (CET/CEST)","506","2","963"
"Italy (IT)","07.06.2022 20:00 - 07.06.2022 21:00 (CET/CEST)","509","2","990"
"Italy (IT)","07.06.2022 21:00 - 07.06.2022 22:00 (CET/CEST)","498","","937"
"Italy (IT)","07.06.2022 22:00 - 07.06.2022 23:00 (CET/CEST)","394","","539"
"Italy (IT)","07.06.2022 23:00 - 08.06.2022 00:00 (CET/CEST)","140","2","511"
"Italy (IT)","08.06.2022 00:00 - 08.06.2022 01:00 (CET/CEST)","124","2","283"
"Italy (IT)","08.06.2022 01:00 - 08.06.2022 02:00 (CET/CEST)","0","68","279"
"Italy (IT)","08.06.2022 02:00 - 08.06.2022 03:00 (CET/CEST)","0","702","288"
"Italy (IT)","08.06.2022 03:00 - 08.06.2022 04:00 (CET/CEST)","0","815","272"
"Italy (IT)","08.06.2022 04:00 - 08.06.2022 05:00 (CET/CEST)","2","1011","268"
"Italy (IT)","08.06.2022 05:00 - 08.06.2022 06:00 (CET/CEST)","85","472","271"
"Italy (IT)","08.06.2022 06:00 - 08.06.2022 07:00 (CET/CEST)","354","2","631"
"Italy (IT)","08.06.2022 07:00 - 08.06.2022 08:00 (CET/CEST)","852","1","1044"
"Italy (IT)","08.06.2022 08:00 - 08.06.2022 09:00 (CET/CEST)","1069","","1316"
"Italy (IT)","08.06.2022 09:00 - 08.06.2022 10:00 (CET/CEST)","952","","770"
"Italy (IT)","08.06.2022 10:00 - 08.06.2022 11:00 (CET/CEST)","529","","544"
"Italy (IT)","08.06.2022 11:00 - 08.06.2022 12:00 (CET/CEST)","500","","515"
"Italy (IT)","08.06.2022 12:00 - 08.06.2022 13:00 (CET/CEST)","289","","442"
"Italy (IT)","08.06.2022 13:00 - 08.06.2022 14:00 (CET/CEST)","287","","363"
"Italy (IT)","08.06.2022 14:00 - 08.06.2022 15:00 (CET/CEST)","292","","401"
"Italy (IT)","08.06.2022 15:00 - 08.06.2022 16:00 (CET/CEST)","227","","728"
"Italy (IT)","08.06.2022 16:00 - 08.06.2022 17:00 (CET/CEST)","356","","918"
"Italy (IT)","08.06.2022 17:00 - 08.06.2022 18:00 (CET/CEST)","530","","935"
"Italy (IT)","08.06.2022 18:00 - 08.06.2022 19:00 (CET/CEST)","1236","","1057"
"Italy (IT)","08.06.2022 19:00 - 08.06.2022 20:00 (CET/CEST)","1388","","1139"
"Italy (IT)","08.06.2022 20:00 - 08.06.2022 21:00 (CET/CEST)","1021","","949"
"Italy (IT)","08.06.2022 21:00 - 08.06.2022 22:00 (CET/CEST)","930","","745"
"Italy (IT)","08.06.2022 22:00 - 08.06.2022 23:00 (CET/CEST)","545","","618"
"Italy (IT)","08.06.2022 23:00 - 09.06.2022 00:00 (CET/CEST)","212","1","574"
"Italy (IT)","09.06.2022 00:00 - 09.06.2022 01:00 (CET/CEST)","124","2","528"
"Italy (IT)","09.06.2022 01:00 - 09.06.2022 02:00 (CET/CEST)","113","2","365"
"Italy (IT)","09.06.2022 02:00 - 09.06.2022 03:00 (CET/CEST)","61","2","331"
"Italy (IT)","09.06.2022 03:00 - 09.06.2022 04:00 (CET/CEST)","62","2","319"
"Italy (IT)","09.06.2022 04:00 - 09.06.2022 05:00 (CET/CEST)","62","2","329"
"Italy (IT)","09.06.2022 05:00 - 09.06.2022 06:00 (CET/CEST)","74","2","330"
"Italy (IT)","09.06.2022 06:00 - 09.06.2022 07:00 (CET/CEST)","392","2","747"
"Italy (IT)","09.06.2022 07:00 - 09.06.2022 08:00 (CET/CEST)","557","2","817"
"Italy (IT)","09.06.2022 08:00 - 09.06.2022 09:00 (CET/CEST)","1491","2","1242"
"Italy (IT)","09.06.2022 09:00 - 09.06.2022 10:00 (CET/CEST)","1331","","1119"
"Italy (IT)","09.06.2022 10:00 - 09.06.2022 11:00 (CET/CEST)","649","","930"
"Italy (IT)","09.06.2022 11:00 - 09.06.2022 12:00 (CET/CEST)","595","58","966"
"Italy (IT)","09.06.2022 12:00 - 09.06.2022 13:00 (CET/CEST)","406","81","702"
"Italy (IT)","09.06.2022 13:00 - 09.06.2022 14:00 (CET/CEST)","358","127","670"
"Italy (IT)","09.06.2022 14:00 - 09.06.2022 15:00 (CET/CEST)","394","157","832"
"Italy (IT)","09.06.2022 15:00 - 09.06.2022 16:00 (CET/CEST)","372","157","778"
"Italy (IT)","09.06.2022 16:00 - 09.06.2022 17:00 (CET/CEST)","709","150","635"
"Italy (IT)","09.06.2022 17:00 - 09.06.2022 18:00 (CET/CEST)","481","2","528"
"Italy (IT)","09.06.2022 18:00 - 09.06.2022 19:00 (CET/CEST)","529","","667"
"Italy (IT)","09.06.2022 19:00 - 09.06.2022 20:00 (CET/CEST)","627","","1311"
"Italy (IT)","09.06.2022 20:00 - 09.06.2022 21:00 (CET/CEST)","723","","987"
"Italy (IT)","09.06.2022 21:00 - 09.06.2022 22:00 (CET/CEST)","570","","695"
"Italy (IT)","09.06.2022 22:00 - 09.06.2022 23:00 (CET/CEST)","504","","626"
"Italy (IT)","09.06.2022 23:00 - 10.06.2022 00:00 (CET/CEST)","127","","510"
"Italy (IT)","10.06.2022 00:00 - 10.06.2022 01:00 (CET/CEST)","284","66","600"
"Italy (IT)","10.06.2022 01:00 - 10.06.2022 02:00 (CET/CEST)","59","80","485"
"Italy (IT)","10.06.2022 02:00 - 10.06.2022 03:00 (CET/CEST)","96","80","387"
"Italy (IT)","10.06.2022 03:00 - 10.06.2022 04:00 (CET/CEST)","49","79","367"
"Italy (IT)","10.06.2022 04:00 - 10.06.2022 05:00 (CET/CEST)","75","79","416"
"Italy (IT)","10.06.2022 05:00 - 10.06.2022 06:00 (CET/CEST)","52","79","393"
"Italy (IT)","10.06.2022 06:00 - 10.06.2022 07:00 (CET/CEST)","285","79","728"
"Italy (IT)","10.06.2022 07:00 - 10.06.2022 08:00 (CET/CEST)","773","79","992"
"Italy (IT)","10.06.2022 08:00 - 10.06.2022 09:00 (CET/CEST)","854","24","820"
"Italy (IT)","10.06.2022 09:00 - 10.06.2022 10:00 (CET/CEST)","887","","924"
"Italy (IT)","10.06.2022 10:00 - 10.06.2022 11:00 (CET/CEST)","745","","868"
"Italy (IT)","10.06.2022 11:00 - 10.06.2022 12:00 (CET/CEST)","938","","907"
"Italy (IT)","10.06.2022 12:00 - 10.06.2022 13:00 (CET/CEST)","311","","399"
"Italy (IT)","10.06.2022 13:00 - 10.06.2022 14:00 (CET/CEST)","234","","392"
"Italy (IT)","10.06.2022 14:00 - 10.06.2022 15:00 (CET/CEST)","213","","419"
"Italy (IT)","10.06.2022 15:00 - 10.06.2022 16:00 (CET/CEST)","217","","450"
"Italy (IT)","10.06.2022 16:00 - 10.06.2022 17:00 (CET/CEST)","217","258","479"
"Italy (IT)","10.06.2022 17:00 - 10.06.2022 18:00 (CET/CEST)","268","256","503"
"Italy (IT)","10.06.2022 18:00 - 10.06.2022 19:00 (CET/CEST)","556","99","526"
"Italy (IT)","10.06.2022 19:00 - 10.06.2022 20:00 (CET/CEST)","592","","1035"
"Italy (IT)","10.06.2022 20:00 - 10.06.2022 21:00 (CET/CEST)","765","","1069"
"Italy (IT)","10.06.2022 21:00 - 10.06.2022 22:00 (CET/CEST)","630","","982"
"Italy (IT)","10.06.2022 22:00 - 10.06.2022 23:00 (CET/CEST)","385","","948"
"Italy (IT)","10.06.2022 23:00 - 11.06.2022 00:00 (CET/CEST)","193","","644"
"Italy (IT)","11.06.2022 00:00 - 11.06.2022 01:00 (CET/CEST)","133","","311"
"Italy (IT)","11.06.2022 01:00 - 11.06.2022 02:00 (CET/CEST)","147","","238"
"Italy (IT)","11.06.2022 02:00 - 11.06.2022 03:00 (CET/CEST)","167","","207"
"Italy (IT)","11.06.2022 03:00 - 11.06.2022 04:00 (CET/CEST)","145","","237"
"Italy (IT)","11.06.2022 04:00 - 11.06.2022 05:00 (CET/CEST)","62","","257"
"Italy (IT)","11.06.2022 05:00 - 11.06.2022 06:00 (CET/CEST)","63","","278"
"Italy (IT)","11.06.2022 06:00 - 11.06.2022 07:00 (CET/CEST)","143","","289"
"Italy (IT)","11.06.2022 07:00 - 11.06.2022 08:00 (CET/CEST)","158","","475"
"Italy (IT)","11.06.2022 08:00 - 11.06.2022 09:00 (CET/CEST)","216","2","478"
"Italy (IT)","11.06.2022 09:00 - 11.06.2022 10:00 (CET/CEST)","160","72","462"
"Italy (IT)","11.06.2022 10:00 - 11.06.2022 11:00 (CET/CEST)","139","209","429"
"Italy (IT)","11.06.2022 11:00 - 11.06.2022 12:00 (CET/CEST)","132","67","418"
"Italy (IT)","11.06.2022 12:00 - 11.06.2022 13:00 (CET/CEST)","103","437","444"
"Italy (IT)","11.06.2022 13:00 - 11.06.2022 14:00 (CET/CEST)","225","613","397"
"Italy (IT)","11.06.2022 14:00 - 11.06.2022 15:00 (CET/CEST)","103","772","431"
"Italy (IT)","11.06.2022 15:00 - 11.06.2022 16:00 (CET/CEST)","101","668","429"
"Italy (IT)","11.06.2022 16:00 - 11.06.2022 17:00 (CET/CEST)","103","360","455"
"Italy (IT)","11.06.2022 17:00 - 11.06.2022 18:00 (CET/CEST)","207","203","457"
"Italy (IT)","11.06.2022 18:00 - 11.06.2022 19:00 (CET/CEST)","224","","533"
"Italy (IT)","11.06.2022 19:00 - 11.06.2022 20:00 (CET/CEST)","1190","","548"
"Italy (IT)","11.06.2022 20:00 - 11.06.2022 21:00 (CET/CEST)","1329","","725"
"Italy (IT)","11.06.2022 21:00 - 11.06.2022 22:00 (CET/CEST)","1308","","724"
"Italy (IT)","11.06.2022 22:00 - 11.06.2022 23:00 (CET/CEST)","524","","571"
"Italy (IT)","11.06.2022 23:00 - 12.06.2022 00:00 (CET/CEST)","213","","397"
"Italy (IT)","12.06.2022 00:00 - 12.06.2022 01:00 (CET/CEST)","218","","323"
"Italy (IT)","12.06.2022 01:00 - 12.06.2022 02:00 (CET/CEST)","39","42","323"
"Italy (IT)","12.06.2022 02:00 - 12.06.2022 03:00 (CET/CEST)","1","41","283"
"Italy (IT)","12.06.2022 03:00 - 12.06.2022 04:00 (CET/CEST)","47","41","290"
"Italy (IT)","12.06.2022 04:00 - 12.06.2022 05:00 (CET/CEST)","49","42","452"
"Italy (IT)","12.06.2022 05:00 - 12.06.2022 06:00 (CET/CEST)","67","","306"
"Italy (IT)","12.06.2022 06:00 - 12.06.2022 07:00 (CET/CEST)","30","","287"
"Italy (IT)","12.06.2022 07:00 - 12.06.2022 08:00 (CET/CEST)","77","","327"
"Italy (IT)","12.06.2022 08:00 - 12.06.2022 09:00 (CET/CEST)","0","1177","345"
"Italy (IT)","12.06.2022 09:00 - 12.06.2022 10:00 (CET/CEST)","0","1637","335"
"Italy (IT)","12.06.2022 10:00 - 12.06.2022 11:00 (CET/CEST)","0","1584","300"
"Italy (IT)","12.06.2022 11:00 - 12.06.2022 12:00 (CET/CEST)","0","1461","295"
"Italy (IT)","12.06.2022 12:00 - 12.06.2022 13:00 (CET/CEST)","0","1220","282"
"Italy (IT)","12.06.2022 13:00 - 12.06.2022 14:00 (CET/CEST)","","1614","281"
"Italy (IT)","12.06.2022 14:00 - 12.06.2022 15:00 (CET/CEST)","","1362","282"
"Italy (IT)","12.06.2022 15:00 - 12.06.2022 16:00 (CET/CEST)","","1163","285"
"Italy (IT)","12.06.2022 16:00 - 12.06.2022 17:00 (CET/CEST)","6","935","300"
"Italy (IT)","12.06.2022 17:00 - 12.06.2022 18:00 (CET/CEST)","8","417","326"
"Italy (IT)","12.06.2022 18:00 - 12.06.2022 19:00 (CET/CEST)","455","","498"
"Italy (IT)","12.06.2022 19:00 - 12.06.2022 20:00 (CET/CEST)","1809","","864"
"Italy (IT)","12.06.2022 20:00 - 12.06.2022 21:00 (CET/CEST)","1728","","965"
"Italy (IT)","12.06.2022 21:00 - 12.06.2022 22:00 (CET/CEST)","1086","","1041"
"Italy (IT)","12.06.2022 22:00 - 12.06.2022 23:00 (CET/CEST)","720","","1062"
"Italy (IT)","12.06.2022 23:00 - 13.06.2022 00:00 (CET/CEST)","687","","653"
"Italy (IT)","13.06.2022 00:00 - 13.06.2022 01:00 (CET/CEST)","34","","323"
"Italy (IT)","13.06.2022 01:00 - 13.06.2022 02:00 (CET/CEST)","0","2","277"
"Italy (IT)","13.06.2022 02:00 - 13.06.2022 03:00 (CET/CEST)","0","40","230"
"Italy (IT)","13.06.2022 03:00 - 13.06.2022 04:00 (CET/CEST)","0","1","239"
"Italy (IT)","13.06.2022 04:00 - 13.06.2022 05:00 (CET/CEST)","0","","274"
"Italy (IT)","13.06.2022 05:00 - 13.06.2022 06:00 (CET/CEST)","1","","291"
"Italy (IT)","13.06.2022 06:00 - 13.06.2022 07:00 (CET/CEST)","35","","555"
"Italy (IT)","13.06.2022 07:00 - 13.06.2022 08:00 (CET/CEST)","922","","902"
"Italy (IT)","13.06.2022 08:00 - 13.06.2022 09:00 (CET/CEST)","1286","","675"
"Italy (IT)","13.06.2022 09:00 - 13.06.2022 10:00 (CET/CEST)","989","","590"
"Italy (IT)","13.06.2022 10:00 - 13.06.2022 11:00 (CET/CEST)","177","5","454"
"Italy (IT)","13.06.2022 11:00 - 13.06.2022 12:00 (CET/CEST)","177","204","395"
"Italy (IT)","13.06.2022 12:00 - 13.06.2022 13:00 (CET/CEST)","243","80","382"
"Italy (IT)","13.06.2022 13:00 - 13.06.2022 14:00 (CET/CEST)","350","139","391"
"Italy (IT)","13.06.2022 14:00 - 13.06.2022 15:00 (CET/CEST)","407","157","391"
"Italy (IT)","13.06.2022 15:00 - 13.06.2022 16:00 (CET/CEST)","247","129","446"
"Italy (IT)","13.06.2022 16:00 - 13.06.2022 17:00 (CET/CEST)","278","23","546"
"Italy (IT)","13.06.2022 17:00 - 13.06.2022 18:00 (CET/CEST)","100","8","545"
"Italy (IT)","13.06.2022 18:00 - 13.06.2022 19:00 (CET/CEST)","1174","","713"
"Italy (IT)","13.06.2022 19:00 - 13.06.2022 20:00 (CET/CEST)","1432","","1174"
"Italy (IT)","13.06.2022 20:00 - 13.06.2022 21:00 (CET/CEST)","959","","817"
"Italy (IT)","13.06.2022 21:00 - 13.06.2022 22:00 (CET/CEST)","1041","","798"
"Italy (IT)","13.06.2022 22:00 - 13.06.2022 23:00 (CET/CEST)","908","","669"
"Italy (IT)","13.06.2022 23:00 - 14.06.2022 00:00 (CET/CEST)","615","","670"
"Italy (IT)","14.06.2022 00:00 - 14.06.2022 01:00 (CET/CEST)","246","","474"
"Italy (IT)","14.06.2022 01:00 - 14.06.2022 02:00 (CET/CEST)","0","40","443"
"Italy (IT)","14.06.2022 02:00 - 14.06.2022 03:00 (CET/CEST)","0","41","268"
"Italy (IT)","14.06.2022 03:00 - 14.06.2022 04:00 (CET/CEST)","0","190","225"
"Italy (IT)","14.06.2022 04:00 - 14.06.2022 05:00 (CET/CEST)","0","320","236"
"Italy (IT)","14.06.2022 05:00 - 14.06.2022 06:00 (CET/CEST)","9","","266"
"Italy (IT)","14.06.2022 06:00 - 14.06.2022 07:00 (CET/CEST)","168","","409"
"Italy (IT)","14.06.2022 07:00 - 14.06.2022 08:00 (CET/CEST)","498","","942"
"Italy (IT)","14.06.2022 08:00 - 14.06.2022 09:00 (CET/CEST)","526","48","1100"
"Italy (IT)","14.06.2022 09:00 - 14.06.2022 10:00 (CET/CEST)","522","80","833"
"Italy (IT)","14.06.2022 10:00 - 14.06.2022 11:00 (CET/CEST)","422","10","685"
"Italy (IT)","14.06.2022 11:00 - 14.06.2022 12:00 (CET/CEST)","166","","606"
"Italy (IT)","14.06.2022 12:00 - 14.06.2022 13:00 (CET/CEST)","89","","533"
"Italy (IT)","14.06.2022 13:00 - 14.06.2022 14:00 (CET/CEST)","109","5","483"
"Italy (IT)","14.06.2022 14:00 - 14.06.2022 15:00 (CET/CEST)","95","279","723"
"Italy (IT)","14.06.2022 15:00 - 14.06.2022 16:00 (CET/CEST)","110","425","608"
"Italy (IT)","14.06.2022 16:00 - 14.06.2022 17:00 (CET/CEST)","103","1","579"
"Italy (IT)","14.06.2022 17:00 - 14.06.2022 18:00 (CET/CEST)","370","","628"
"Italy (IT)","14.06.2022 18:00 - 14.06.2022 19:00 (CET/CEST)","558","39","654"
"Italy (IT)","14.06.2022 19:00 - 14.06.2022 20:00 (CET/CEST)","1310","3","1179"
"Italy (IT)","14.06.2022 20:00 - 14.06.2022 21:00 (CET/CEST)","1706","","1175"
"Italy (IT)","14.06.2022 21:00 - 14.06.2022 22:00 (CET/CEST)","836","","1022"
"Italy (IT)","14.06.2022 22:00 - 14.06.2022 23:00 (CET/CEST)","511","","624"
"Italy (IT)","14.06.2022 23:00 - 15.06.2022 00:00 (CET/CEST)","312","2","572"
"Italy (IT)","15.06.2022 00:00 - 15.06.2022 01:00 (CET/CEST)","72","4","335"
"Italy (IT)","15.06.2022 01:00 - 15.06.2022 02:00 (CET/CEST)","","282","182"
"Italy (IT)","15.06.2022 02:00 - 15.06.2022 03:00 (CET/CEST)","","681","167"
"Italy (IT)","15.06.2022 03:00 - 15.06.2022 04:00 (CET/CEST)","","6","166"
"Italy (IT)","15.06.2022 04:00 - 15.06.2022 05:00 (CET/CEST)","0","3","172"
"Italy (IT)","15.06.2022 05:00 - 15.06.2022 06:00 (CET/CEST)","1","2","173"
"Italy (IT)","15.06.2022 06:00 - 15.06.2022 07:00 (CET/CEST)","91","2","389"
"Italy (IT)","15.06.2022 07:00 - 15.06.2022 08:00 (CET/CEST)","526","2","815"
"Italy (IT)","15.06.2022 08:00 - 15.06.2022 09:00 (CET/CEST)","1053","2","986"
"Italy (IT)","15.06.2022 09:00 - 15.06.2022 10:00 (CET/CEST)","804","2","780"
"Italy (IT)","15.06.2022 10:00 - 15.06.2022 11:00 (CET/CEST)","603","15","446"
"Italy (IT)","15.06.2022 11:00 - 15.06.2022 12:00 (CET/CEST)","539","227","766"
"Italy (IT)","15.06.2022 12:00 - 15.06.2022 13:00 (CET/CEST)","316","226","416"
"Italy (IT)","15.06.2022 13:00 - 15.06.2022 14:00 (CET/CEST)","61","440","328"
"Italy (IT)","15.06.2022 14:00 - 15.06.2022 15:00 (CET/CEST)","68","558","582"
"Italy (IT)","15.06.2022 15:00 - 15.06.2022 16:00 (CET/CEST)","51","168","767"
"Italy (IT)","15.06.2022 16:00 - 15.06.2022 17:00 (CET/CEST)","523","134","876"
"Italy (IT)","15.06.2022 17:00 - 15.06.2022 18:00 (CET/CEST)","690","34","1005"
"Italy (IT)","15.06.2022 18:00 - 15.06.2022 19:00 (CET/CEST)","939","2","1188"
"Italy (IT)","15.06.2022 19:00 - 15.06.2022 20:00 (CET/CEST)","1060","2","1479"
"Italy (IT)","15.06.2022 20:00 - 15.06.2022 21:00 (CET/CEST)","1026","2","1265"
"Italy (IT)","15.06.2022 21:00 - 15.06.2022 22:00 (CET/CEST)","962","2","1242"
"Italy (IT)","15.06.2022 22:00 - 15.06.2022 23:00 (CET/CEST)","707","2","757"
"Italy (IT)","15.06.2022 23:00 - 16.06.2022 00:00 (CET/CEST)","297","2","473"
"Italy (IT)","16.06.2022 00:00 - 16.06.2022 01:00 (CET/CEST)","122","2","268"
"Italy (IT)","16.06.2022 01:00 - 16.06.2022 02:00 (CET/CEST)","59","3","137"
"Italy (IT)","16.06.2022 02:00 - 16.06.2022 03:00 (CET/CEST)","0","257","146"
"Italy (IT)","16.06.2022 03:00 - 16.06.2022 04:00 (CET/CEST)","0","260","128"
"Italy (IT)","16.06.2022 04:00 - 16.06.2022 05:00 (CET/CEST)","0","260","118"
"Italy (IT)","16.06.2022 05:00 - 16.06.2022 06:00 (CET/CEST)","3","259","120"
"Italy (IT)","16.06.2022 06:00 - 16.06.2022 07:00 (CET/CEST)","211","258","384"
"Italy (IT)","16.06.2022 07:00 - 16.06.2022 08:00 (CET/CEST)","468","3","1237"
"Italy (IT)","16.06.2022 08:00 - 16.06.2022 09:00 (CET/CEST)","1089","2","1257"
"Italy (IT)","16.06.2022 09:00 - 16.06.2022 10:00 (CET/CEST)","1093","1","1072"
"Italy (IT)","16.06.2022 10:00 - 16.06.2022 11:00 (CET/CEST)","892","6","1051"
"Italy (IT)","16.06.2022 11:00 - 16.06.2022 12:00 (CET/CEST)","1066","81","1356"
"Italy (IT)","16.06.2022 12:00 - 16.06.2022 13:00 (CET/CEST)","905","81","1076"
"Italy (IT)","16.06.2022 13:00 - 16.06.2022 14:00 (CET/CEST)","564","81","775"
"Italy (IT)","16.06.2022 14:00 - 16.06.2022 15:00 (CET/CEST)","636","81","809"
"Italy (IT)","16.06.2022 15:00 - 16.06.2022 16:00 (CET/CEST)","546","79","891"
"Italy (IT)","16.06.2022 16:00 - 16.06.2022 17:00 (CET/CEST)","618","57","963"
"Italy (IT)","16.06.2022 17:00 - 16.06.2022 18:00 (CET/CEST)","844","","1253"
"Italy (IT)","16.06.2022 18:00 - 16.06.2022 19:00 (CET/CEST)","1573","","1088"
"Italy (IT)","16.06.2022 19:00 - 16.06.2022 20:00 (CET/CEST)","2100","","1330"
"Italy (IT)","16.06.2022 20:00 - 16.06.2022 21:00 (CET/CEST)","1869","1","1328"
"Italy (IT)","16.06.2022 21:00 - 16.06.2022 22:00 (CET/CEST)","1289","2","1351"
"Italy (IT)","16.06.2022 22:00 - 16.06.2022 23:00 (CET/CEST)","1145","2","1213"
"Italy (IT)","16.06.2022 23:00 - 17.06.2022 00:00 (CET/CEST)","590","2","974"
"Italy (IT)","17.06.2022 00:00 - 17.06.2022 01:00 (CET/CEST)","153","2","407"
"Italy (IT)","17.06.2022 01:00 - 17.06.2022 02:00 (CET/CEST)","0","54","262"
"Italy (IT)","17.06.2022 02:00 - 17.06.2022 03:00 (CET/CEST)","0","135","178"
"Italy (IT)","17.06.2022 03:00 - 17.06.2022 04:00 (CET/CEST)","0","824","241"
"Italy (IT)","17.06.2022 04:00 - 17.06.2022 05:00 (CET/CEST)","0","1127","241"
"Italy (IT)","17.06.2022 05:00 - 17.06.2022 06:00 (CET/CEST)","0","1152","274"
"Italy (IT)","17.06.2022 06:00 - 17.06.2022 07:00 (CET/CEST)","0","213","1043"
"Italy (IT)","17.06.2022 07:00 - 17.06.2022 08:00 (CET/CEST)","345","35","1306"
"Italy (IT)","17.06.2022 08:00 - 17.06.2022 09:00 (CET/CEST)","802","","1487"
"Italy (IT)","17.06.2022 09:00 - 17.06.2022 10:00 (CET/CEST)","1065","","1583"
"Italy (IT)","17.06.2022 10:00 - 17.06.2022 11:00 (CET/CEST)","649","","1554"
"Italy (IT)","17.06.2022 11:00 - 17.06.2022 12:00 (CET/CEST)","347","","1326"
"Italy (IT)","17.06.2022 12:00 - 17.06.2022 13:00 (CET/CEST)","281","","702"
"Italy (IT)","17.06.2022 13:00 - 17.06.2022 14:00 (CET/CEST)","277","","634"
"Italy (IT)","17.06.2022 14:00 - 17.06.2022 15:00 (CET/CEST)","307","24","1085"
"Italy (IT)","17.06.2022 15:00 - 17.06.2022 16:00 (CET/CEST)","903","","1183"
"Italy (IT)","17.06.2022 16:00 - 17.06.2022 17:00 (CET/CEST)","978","","1305"
"Italy (IT)","17.06.2022 17:00 - 17.06.2022 18:00 (CET/CEST)","546","","1046"
"Italy (IT)","17.06.2022 18:00 - 17.06.2022 19:00 (CET/CEST)","630","45","1030"
"Italy (IT)","17.06.2022 19:00 - 17.06.2022 20:00 (CET/CEST)","1278","26","1331"
"Italy (IT)","17.06.2022 20:00 - 17.06.2022 21:00 (CET/CEST)","1621","","1161"
"Italy (IT)","17.06.2022 21:00 - 17.06.2022 22:00 (CET/CEST)","1051","","1022"
"Italy (IT)","17.06.2022 22:00 - 17.06.2022 23:00 (CET/CEST)","608","","986"
"Italy (IT)","17.06.2022 23:00 - 18.06.2022 00:00 (CET/CEST)","271","","722"
"Italy (IT)","18.06.2022 00:00 - 18.06.2022 01:00 (CET/CEST)","229","40","346"
"Italy (IT)","18.06.2022 01:00 - 18.06.2022 02:00 (CET/CEST)","201","75","162"
"Italy (IT)","18.06.2022 02:00 - 18.06.2022 03:00 (CET/CEST)","199","","161"
"Italy (IT)","18.06.2022 03:00 - 18.06.2022 04:00 (CET/CEST)","199","491","347"
"Italy (IT)","18.06.2022 04:00 - 18.06.2022 05:00 (CET/CEST)","199","","276"
"Italy (IT)","18.06.2022 05:00 - 18.06.2022 06:00 (CET/CEST)","202","","273"
"Italy (IT)","18.06.2022 06:00 - 18.06.2022 07:00 (CET/CEST)","73","","529"
"Italy (IT)","18.06.2022 07:00 - 18.06.2022 08:00 (CET/CEST)","247","","414"
"Italy (IT)","18.06.2022 08:00 - 18.06.2022 09:00 (CET/CEST)","509","","396"
"Italy (IT)","18.06.2022 09:00 - 18.06.2022 10:00 (CET/CEST)","248","","383"
"Italy (IT)","18.06.2022 10:00 - 18.06.2022 11:00 (CET/CEST)","0","135","377"
"Italy (IT)","18.06.2022 11:00 - 18.06.2022 12:00 (CET/CEST)","0","358","350"
"Italy (IT)","18.06.2022 12:00 - 18.06.2022 13:00 (CET/CEST)","0","359","316"
"Italy (IT)","18.06.2022 13:00 - 18.06.2022 14:00 (CET/CEST)","0","554","312"
"Italy (IT)","18.06.2022 14:00 - 18.06.2022 15:00 (CET/CEST)","21","901","563"
"Italy (IT)","18.06.2022 15:00 - 18.06.2022 16:00 (CET/CEST)","94","861","340"
"Italy (IT)","18.06.2022 16:00 - 18.06.2022 17:00 (CET/CEST)","3","239","372"
"Italy (IT)","18.06.2022 17:00 - 18.06.2022 18:00 (CET/CEST)","165","","381"
"Italy (IT)","18.06.2022 18:00 - 18.06.2022 19:00 (CET/CEST)","321","43","436"
"Italy (IT)","18.06.2022 19:00 - 18.06.2022 20:00 (CET/CEST)","518","23","1056"
"Italy (IT)","18.06.2022 20:00 - 18.06.2022 21:00 (CET/CEST)","547","","894"
"Italy (IT)","18.06.2022 21:00 - 18.06.2022 22:00 (CET/CEST)","558","","672"
"Italy (IT)","18.06.2022 22:00 - 18.06.2022 23:00 (CET/CEST)","189","","602"
"Italy (IT)","18.06.2022 23:00 - 19.06.2022 00:00 (CET/CEST)","31","","329"
"Italy (IT)","19.06.2022 00:00 - 19.06.2022 01:00 (CET/CEST)","72","","162"
"Italy (IT)","19.06.2022 01:00 - 19.06.2022 02:00 (CET/CEST)","134","","268"
"Italy (IT)","19.06.2022 02:00 - 19.06.2022 03:00 (CET/CEST)","142","23","324"
"Italy (IT)","19.06.2022 03:00 - 19.06.2022 04:00 (CET/CEST)","7","79","203"
"Italy (IT)","19.06.2022 04:00 - 19.06.2022 05:00 (CET/CEST)","0","80","153"
"Italy (IT)","19.06.2022 05:00 - 19.06.2022 06:00 (CET/CEST)","3","79","198"
"Italy (IT)","19.06.2022 06:00 - 19.06.2022 07:00 (CET/CEST)","1","79","251"
"Italy (IT)","19.06.2022 07:00 - 19.06.2022 08:00 (CET/CEST)","28","45","363"
"Italy (IT)","19.06.2022 08:00 - 19.06.2022 09:00 (CET/CEST)","171","","524"
"Italy (IT)","19.06.2022 09:00 - 19.06.2022 10:00 (CET/CEST)","171","","362"
"Italy (IT)","19.06.2022 10:00 - 19.06.2022 11:00 (CET/CEST)","108","","328"
"Italy (IT)","19.06.2022 11:00 - 19.06.2022 12:00 (CET/CEST)","0","207","312"
"Italy (IT)","19.06.2022 12:00 - 19.06.2022 13:00 (CET/CEST)","0","490","271"
"Italy (IT)","19.06.2022 13:00 - 19.06.2022 14:00 (CET/CEST)","0","858","271"
"Italy (IT)","19.06.2022 14:00 - 19.06.2022 15:00 (CET/CEST)","0","868","267"
"Italy (IT)","19.06.2022 15:00 - 19.06.2022 16:00 (CET/CEST)","0","546","273"
"Italy (IT)","19.06.2022 16:00 - 19.06.2022 17:00 (CET/CEST)","0","397","305"
"Italy (IT)","19.06.2022 17:00 - 19.06.2022 18:00 (CET/CEST)","179","423","329"
"Italy (IT)","19.06.2022 18:00 - 19.06.2022 19:00 (CET/CEST)","300","57","545"
"Italy (IT)","19.06.2022 19:00 - 19.06.2022 20:00 (CET/CEST)","716","","1007"
"Italy (IT)","19.06.2022 20:00 - 19.06.2022 21:00 (CET/CEST)","898","","1229"
"Italy (IT)","19.06.2022 21:00 - 19.06.2022 22:00 (CET/CEST)","785","","960"
"Italy (IT)","19.06.2022 22:00 - 19.06.2022 23:00 (CET/CEST)","529","","1006"
"Italy (IT)","19.06.2022 23:00 - 20.06.2022 00:00 (CET/CEST)","422","","588"
"Italy (IT)","20.06.2022 00:00 - 20.06.2022 01:00 (CET/CEST)","620","","404"
"Italy (IT)","20.06.2022 01:00 - 20.06.2022 02:00 (CET/CEST)","87","25","308"
"Italy (IT)","20.06.2022 02:00 - 20.06.2022 03:00 (CET/CEST)","86","80","167"
"Italy (IT)","20.06.2022 03:00 - 20.06.2022 04:00 (CET/CEST)","48","80","160"
"Italy (IT)","20.06.2022 04:00 - 20.06.2022 05:00 (CET/CEST)","87","80","160"
"Italy (IT)","20.06.2022 05:00 - 20.06.2022 06:00 (CET/CEST)","90","80","189"
"Italy (IT)","20.06.2022 06:00 - 20.06.2022 07:00 (CET/CEST)","437","79","634"
"Italy (IT)","20.06.2022 07:00 - 20.06.2022 08:00 (CET/CEST)","1531","79","1117"
"Italy (IT)","20.06.2022 08:00 - 20.06.2022 09:00 (CET/CEST)","2171","79","1262"
"Italy (IT)","20.06.2022 09:00 - 20.06.2022 10:00 (CET/CEST)","1300","80","959"
"Italy (IT)","20.06.2022 10:00 - 20.06.2022 11:00 (CET/CEST)","678","","780"
"Italy (IT)","20.06.2022 11:00 - 20.06.2022 12:00 (CET/CEST)","631","","914"
"Italy (IT)","20.06.2022 12:00 - 20.06.2022 13:00 (CET/CEST)","705","","705"
"Italy (IT)","20.06.2022 13:00 - 20.06.2022 14:00 (CET/CEST)","630","","697"
"Italy (IT)","20.06.2022 14:00 - 20.06.2022 15:00 (CET/CEST)","667","","793"
"Italy (IT)","20.06.2022 15:00 - 20.06.2022 16:00 (CET/CEST)","810","","793"
"Italy (IT)","20.06.2022 16:00 - 20.06.2022 17:00 (CET/CEST)","566","98","935"
"Italy (IT)","20.06.2022 17:00 - 20.06.2022 18:00 (CET/CEST)","559","125","1055"
"Italy (IT)","20.06.2022 18:00 - 20.06.2022 19:00 (CET/CEST)","909","13","1037"
"Italy (IT)","20.06.2022 19:00 - 20.06.2022 20:00 (CET/CEST)","1324","","1135"
"Italy (IT)","20.06.2022 20:00 - 20.06.2022 21:00 (CET/CEST)","1242","","767"
"Italy (IT)","20.06.2022 21:00 - 20.06.2022 22:00 (CET/CEST)","1024","","726"
"Italy (IT)","20.06.2022 22:00 - 20.06.2022 23:00 (CET/CEST)","352","","627"
"Italy (IT)","20.06.2022 23:00 - 21.06.2022 00:00 (CET/CEST)","272","","510"
"Italy (IT)","21.06.2022 00:00 - 21.06.2022 01:00 (CET/CEST)","6","","183"
"Italy (IT)","21.06.2022 01:00 - 21.06.2022 02:00 (CET/CEST)","0","2","180"
"Italy (IT)","21.06.2022 02:00 - 21.06.2022 03:00 (CET/CEST)","0","394","181"
"Italy (IT)","21.06.2022 03:00 - 21.06.2022 04:00 (CET/CEST)","0","1","180"
"Italy (IT)","21.06.2022 04:00 - 21.06.2022 05:00 (CET/CEST)","0","1","180"
"Italy (IT)","21.06.2022 05:00 - 21.06.2022 06:00 (CET/CEST)","43","","200"
"Italy (IT)","21.06.2022 06:00 - 21.06.2022 07:00 (CET/CEST)","335","79","359"
"Italy (IT)","21.06.2022 07:00 - 21.06.2022 08:00 (CET/CEST)","997","50","750"
"Italy (IT)","21.06.2022 08:00 - 21.06.2022 09:00 (CET/CEST)","1472","9","1225"
"Italy (IT)","21.06.2022 09:00 - 21.06.2022 10:00 (CET/CEST)","1622","79","1175"
"Italy (IT)","21.06.2022 10:00 - 21.06.2022 11:00 (CET/CEST)","1456","79","894"
"Italy (IT)","21.06.2022 11:00 - 21.06.2022 12:00 (CET/CEST)","1001","37","835"
"Italy (IT)","21.06.2022 12:00 - 21.06.2022 13:00 (CET/CEST)","565","","650"
"Italy (IT)","21.06.2022 13:00 - 21.06.2022 14:00 (CET/CEST)","623","","725"
"Italy (IT)","21.06.2022 14:00 - 21.06.2022 15:00 (CET/CEST)","622","","897"
"Italy (IT)","21.06.2022 15:00 - 21.06.2022 16:00 (CET/CEST)","939","1","1083"
"Italy (IT)","21.06.2022 16:00 - 21.06.2022 17:00 (CET/CEST)","901","","1255"
"Italy (IT)","21.06.2022 17:00 - 21.06.2022 18:00 (CET/CEST)","1268","","1298"
"Italy (IT)","21.06.2022 18:00 - 21.06.2022 19:00 (CET/CEST)","1433","","1229"
"Italy (IT)","21.06.2022 19:00 - 21.06.2022 20:00 (CET/CEST)","1500","","1315"
"Italy (IT)","21.06.2022 20:00 - 21.06.2022 21:00 (CET/CEST)","1625","","1244"
"Italy (IT)","21.06.2022 21:00 - 21.06.2022 22:00 (CET/CEST)","992","","949"
"Italy (IT)","21.06.2022 22:00 - 21.06.2022 23:00 (CET/CEST)","34","","966"
"Italy (IT)","21.06.2022 23:00 - 22.06.2022 00:00 (CET/CEST)","0","552","739"
"Italy (IT)","22.06.2022 00:00 - 22.06.2022 01:00 (CET/CEST)","0","1472","273"
"Italy (IT)","22.06.2022 01:00 - 22.06.2022 02:00 (CET/CEST)","0","2394","174"
"Italy (IT)","22.06.2022 02:00 - 22.06.2022 03:00 (CET/CEST)","0","2578","170"
"Italy (IT)","22.06.2022 03:00 - 22.06.2022 04:00 (CET/CEST)","0","2800","170"
"Italy (IT)","22.06.2022 04:00 - 22.06.2022 05:00 (CET/CEST)","0","2289","171"
"Italy (IT)","22.06.2022 05:00 - 22.06.2022 06:00 (CET/CEST)","0","1075","183"
"Italy (IT)","22.06.2022 06:00 - 22.06.2022 07:00 (CET/CEST)","0","15","455"
"Italy (IT)","22.06.2022 07:00 - 22.06.2022 08:00 (CET/CEST)","762","","575"
"Italy (IT)","22.06.2022 08:00 - 22.06.2022 09:00 (CET/CEST)","1841","","1012"
"Italy (IT)","22.06.2022 09:00 - 22.06.2022 10:00 (CET/CEST)","1758","","1054"
"Italy (IT)","22.06.2022 10:00 - 22.06.2022 11:00 (CET/CEST)","1987","","948"
"Italy (IT)","22.06.2022 11:00 - 22.06.2022 12:00 (CET/CEST)","1453","","942"
"Italy (IT)","22.06.2022 12:00 - 22.06.2022 13:00 (CET/CEST)","532","","743"
"Italy (IT)","22.06.2022 13:00 - 22.06.2022 14:00 (CET/CEST)","73","3","500"
"Italy (IT)","22.06.2022 14:00 - 22.06.2022 15:00 (CET/CEST)","0","341","554"
"Italy (IT)","22.06.2022 15:00 - 22.06.2022 16:00 (CET/CEST)","256","2","714"
"Italy (IT)","22.06.2022 16:00 - 22.06.2022 17:00 (CET/CEST)","514","","918"
"Italy (IT)","22.06.2022 17:00 - 22.06.2022 18:00 (CET/CEST)","853","","841"
"Italy (IT)","22.06.2022 18:00 - 22.06.2022 19:00 (CET/CEST)","1125","","787"
"Italy (IT)","22.06.2022 19:00 - 22.06.2022 20:00 (CET/CEST)","2021","","1039"
"Italy (IT)","22.06.2022 20:00 - 22.06.2022 21:00 (CET/CEST)","859","","766"
"Italy (IT)","22.06.2022 21:00 - 22.06.2022 22:00 (CET/CEST)","512","","604"
"Italy (IT)","22.06.2022 22:00 - 22.06.2022 23:00 (CET/CEST)","223","","527"
"Italy (IT)","22.06.2022 23:00 - 23.06.2022 00:00 (CET/CEST)","255","7","365"
"Italy (IT)","23.06.2022 00:00 - 23.06.2022 01:00 (CET/CEST)","44","256","187"
"Italy (IT)","23.06.2022 01:00 - 23.06.2022 02:00 (CET/CEST)","0","978","187"
"Italy (IT)","23.06.2022 02:00 - 23.06.2022 03:00 (CET/CEST)","0","1393","187"
"Italy (IT)","23.06.2022 03:00 - 23.06.2022 04:00 (CET/CEST)","0","1316","187"
"Italy (IT)","23.06.2022 04:00 - 23.06.2022 05:00 (CET/CEST)","0","970","187"
"Italy (IT)","23.06.2022 05:00 - 23.06.2022 06:00 (CET/CEST)","0","377","200"
"Italy (IT)","23.06.2022 06:00 - 23.06.2022 07:00 (CET/CEST)","72","2","373"
"Italy (IT)","23.06.2022 07:00 - 23.06.2022 08:00 (CET/CEST)","137","56","453"
"Italy (IT)","23.06.2022 08:00 - 23.06.2022 09:00 (CET/CEST)","656","","590"
"Italy (IT)","23.06.2022 09:00 - 23.06.2022 10:00 (CET/CEST)","804","","640"
"Italy (IT)","23.06.2022 10:00 - 23.06.2022 11:00 (CET/CEST)","658","","521"
"Italy (IT)","23.06.2022 11:00 - 23.06.2022 12:00 (CET/CEST)","351","","457"
"Italy (IT)","23.06.2022 12:00 - 23.06.2022 13:00 (CET/CEST)","279","","434"
"Italy (IT)","23.06.2022 13:00 - 23.06.2022 14:00 (CET/CEST)","419","","540"
"Italy (IT)","23.06.2022 14:00 - 23.06.2022 15:00 (CET/CEST)","752","","540"
"Italy (IT)","23.06.2022 15:00 - 23.06.2022 16:00 (CET/CEST)","1070","","550"
"Italy (IT)","23.06.2022 16:00 - 23.06.2022 17:00 (CET/CEST)","947","","564"
"Italy (IT)","23.06.2022 17:00 - 23.06.2022 18:00 (CET/CEST)","1883","","640"
"Italy (IT)","23.06.2022 18:00 - 23.06.2022 19:00 (CET/CEST)","1085","","646"
"Italy (IT)","23.06.2022 19:00 - 23.06.2022 20:00 (CET/CEST)","1097","","757"
"Italy (IT)","23.06.2022 20:00 - 23.06.2022 21:00 (CET/CEST)","687","","590"
"Italy (IT)","23.06.2022 21:00 - 23.06.2022 22:00 (CET/CEST)","193","79","513"
"Italy (IT)","23.06.2022 22:00 - 23.06.2022 23:00 (CET/CEST)","283","","375"
"Italy (IT)","23.06.2022 23:00 - 24.06.2022 00:00 (CET/CEST)","342","","290"
"Italy (IT)","24.06.2022 00:00 - 24.06.2022 01:00 (CET/CEST)","23","","214"
"Italy (IT)","24.06.2022 01:00 - 24.06.2022 02:00 (CET/CEST)","1","","212"
"Italy (IT)","24.06.2022 02:00 - 24.06.2022 03:00 (CET/CEST)","1","","188"
"Italy (IT)","24.06.2022 03:00 - 24.06.2022 04:00 (CET/CEST)","1","","149"
"Italy (IT)","24.06.2022 04:00 - 24.06.2022 05:00 (CET/CEST)","1","","149"
"Italy (IT)","24.06.2022 05:00 - 24.06.2022 06:00 (CET/CEST)","1","","160"
"Italy (IT)","24.06.2022 06:00 - 24.06.2022 07:00 (CET/CEST)","11","","477"
"Italy (IT)","24.06.2022 07:00 - 24.06.2022 08:00 (CET/CEST)","195","","671"
"Italy (IT)","24.06.2022 08:00 - 24.06.2022 09:00 (CET/CEST)","1853","","1064"
"Italy (IT)","24.06.2022 09:00 - 24.06.2022 10:00 (CET/CEST)","1859","","1111"
"Italy (IT)","24.06.2022 10:00 - 24.06.2022 11:00 (CET/CEST)","1745","","992"
"Italy (IT)","24.06.2022 11:00 - 24.06.2022 12:00 (CET/CEST)","1227","","789"
"Italy (IT)","24.06.2022 12:00 - 24.06.2022 13:00 (CET/CEST)","170","","760"
"Italy (IT)","24.06.2022 13:00 - 24.06.2022 14:00 (CET/CEST)","91","","399"
"Italy (IT)","24.06.2022 14:00 - 24.06.2022 15:00 (CET/CEST)","226","","461"
"Italy (IT)","24.06.2022 15:00 - 24.06.2022 16:00 (CET/CEST)","343","","405"
"Italy (IT)","24.06.2022 16:00 - 24.06.2022 17:00 (CET/CEST)","653","","508"
"Italy (IT)","24.06.2022 17:00 - 24.06.2022 18:00 (CET/CEST)","1203","","703"
"Italy (IT)","24.06.2022 18:00 - 24.06.2022 19:00 (CET/CEST)","1073","","695"
"Italy (IT)","24.06.2022 19:00 - 24.06.2022 20:00 (CET/CEST)","1510","","920"
"Italy (IT)","24.06.2022 20:00 - 24.06.2022 21:00 (CET/CEST)","1575","","984"
"Italy (IT)","24.06.2022 21:00 - 24.06.2022 22:00 (CET/CEST)","933","","784"
"Italy (IT)","24.06.2022 22:00 - 24.06.2022 23:00 (CET/CEST)","946","","652"
"Italy (IT)","24.06.2022 23:00 - 25.06.2022 00:00 (CET/CEST)","0","56","195"
"Italy (IT)","25.06.2022 00:00 - 25.06.2022 01:00 (CET/CEST)","1","","279"
"Italy (IT)","25.06.2022 01:00 - 25.06.2022 02:00 (CET/CEST)","1","","244"
"Italy (IT)","25.06.2022 02:00 - 25.06.2022 03:00 (CET/CEST)","0","724","192"
"Italy (IT)","25.06.2022 03:00 - 25.06.2022 04:00 (CET/CEST)","0","1130","189"
"Italy (IT)","25.06.2022 04:00 - 25.06.2022 05:00 (CET/CEST)","0","1134","189"
"Italy (IT)","25.06.2022 05:00 - 25.06.2022 06:00 (CET/CEST)","0","818","199"
"Italy (IT)","25.06.2022 06:00 - 25.06.2022 07:00 (CET/CEST)","19","436","259"
"Italy (IT)","25.06.2022 07:00 - 25.06.2022 08:00 (CET/CEST)","55","1","350"
"Italy (IT)","25.06.2022 08:00 - 25.06.2022 09:00 (CET/CEST)","298","","472"
"Italy (IT)","25.06.2022 09:00 - 25.06.2022 10:00 (CET/CEST)","268","","465"
"Italy (IT)","25.06.2022 10:00 - 25.06.2022 11:00 (CET/CEST)","211","4","347"
"Italy (IT)","25.06.2022 11:00 - 25.06.2022 12:00 (CET/CEST)","138","360","334"
"Italy (IT)","25.06.2022 12:00 - 25.06.2022 13:00 (CET/CEST)","0","447","284"
"Italy (IT)","25.06.2022 13:00 - 25.06.2022 14:00 (CET/CEST)","0","980","284"
"Italy (IT)","25.06.2022 14:00 - 25.06.2022 15:00 (CET/CEST)","0","542","283"
"Italy (IT)","25.06.2022 15:00 - 25.06.2022 16:00 (CET/CEST)","0","524","284"
"Italy (IT)","25.06.2022 16:00 - 25.06.2022 17:00 (CET/CEST)","0","576","318"
"Italy (IT)","25.06.2022 17:00 - 25.06.2022 18:00 (CET/CEST)","170","252","362"
"Italy (IT)","25.06.2022 18:00 - 25.06.2022 19:00 (CET/CEST)","804","","822"
"Italy (IT)","25.06.2022 19:00 - 25.06.2022 20:00 (CET/CEST)","1677","","1115"
"Italy (IT)","25.06.2022 20:00 - 25.06.2022 21:00 (CET/CEST)","1932","","1206"
"Italy (IT)","25.06.2022 21:00 - 25.06.2022 22:00 (CET/CEST)","868","","1116"
"Italy (IT)","25.06.2022 22:00 - 25.06.2022 23:00 (CET/CEST)","606","","853"
"Italy (IT)","25.06.2022 23:00 - 26.06.2022 00:00 (CET/CEST)","93","","530"
"Italy (IT)","26.06.2022 00:00 - 26.06.2022 01:00 (CET/CEST)","263","","395"
"Italy (IT)","26.06.2022 01:00 - 26.06.2022 02:00 (CET/CEST)","606","4","251"
"Italy (IT)","26.06.2022 02:00 - 26.06.2022 03:00 (CET/CEST)","445","369","237"
"Italy (IT)","26.06.2022 03:00 - 26.06.2022 04:00 (CET/CEST)","144","20","240"
"Italy (IT)","26.06.2022 04:00 - 26.06.2022 05:00 (CET/CEST)","65","2","233"
"Italy (IT)","26.06.2022 05:00 - 26.06.2022 06:00 (CET/CEST)","2","390","259"
"Italy (IT)","26.06.2022 06:00 - 26.06.2022 07:00 (CET/CEST)","29","451","251"
"Italy (IT)","26.06.2022 07:00 - 26.06.2022 08:00 (CET/CEST)","169","446","269"
"Italy (IT)","26.06.2022 08:00 - 26.06.2022 09:00 (CET/CEST)","228","10","353"
"Italy (IT)","26.06.2022 09:00 - 26.06.2022 10:00 (CET/CEST)","225","","335"
"Italy (IT)","26.06.2022 10:00 - 26.06.2022 11:00 (CET/CEST)","50","218","322"
"Italy (IT)","26.06.2022 11:00 - 26.06.2022 12:00 (CET/CEST)","50","645","327"
"Italy (IT)","26.06.2022 12:00 - 26.06.2022 13:00 (CET/CEST)","0","345","281"
"Italy (IT)","26.06.2022 13:00 - 26.06.2022 14:00 (CET/CEST)","0","119","271"
"Italy (IT)","26.06.2022 14:00 - 26.06.2022 15:00 (CET/CEST)","59","27","270"
"Italy (IT)","26.06.2022 15:00 - 26.06.2022 16:00 (CET/CEST)","0","165","273"
"Italy (IT)","26.06.2022 16:00 - 26.06.2022 17:00 (CET/CEST)","3","","350"
"Italy (IT)","26.06.2022 17:00 - 26.06.2022 18:00 (CET/CEST)","324","","455"
"Italy (IT)","26.06.2022 18:00 - 26.06.2022 19:00 (CET/CEST)","1481","","532"
"Italy (IT)","26.06.2022 19:00 - 26.06.2022 20:00 (CET/CEST)","2074","","927"
"Italy (IT)","26.06.2022 20:00 - 26.06.2022 21:00 (CET/CEST)","1266","","1148"
"Italy (IT)","26.06.2022 21:00 - 26.06.2022 22:00 (CET/CEST)","1727","","1131"
"Italy (IT)","26.06.2022 22:00 - 26.06.2022 23:00 (CET/CEST)","1521","","1009"
"Italy (IT)","26.06.2022 23:00 - 27.06.2022 00:00 (CET/CEST)","735","","688"
"Italy (IT)","27.06.2022 00:00 - 27.06.2022 01:00 (CET/CEST)","21","303","208"
"Italy (IT)","27.06.2022 01:00 - 27.06.2022 02:00 (CET/CEST)","0","963","191"
"Italy (IT)","27.06.2022 02:00 - 27.06.2022 03:00 (CET/CEST)","0","977","191"
"Italy (IT)","27.06.2022 03:00 - 27.06.2022 04:00 (CET/CEST)","0","1039","202"
"Italy (IT)","27.06.2022 04:00 - 27.06.2022 05:00 (CET/CEST)","0","1116","203"
"Italy (IT)","27.06.2022 05:00 - 27.06.2022 06:00 (CET/CEST)","0","1798","230"
"Italy (IT)","27.06.2022 06:00 - 27.06.2022 07:00 (CET/CEST)","79","4","393"
"Italy (IT)","27.06.2022 07:00 - 27.06.2022 08:00 (CET/CEST)","673","","588"
"Italy (IT)","27.06.2022 08:00 - 27.06.2022 09:00 (CET/CEST)","1046","","792"
"Italy (IT)","27.06.2022 09:00 - 27.06.2022 10:00 (CET/CEST)","796","","555"
"Italy (IT)","27.06.2022 10:00 - 27.06.2022 11:00 (CET/CEST)","378","","441"
"Italy (IT)","27.06.2022 11:00 - 27.06.2022 12:00 (CET/CEST)","322","","553"
"Italy (IT)","27.06.2022 12:00 - 27.06.2022 13:00 (CET/CEST)","534","","688"
"Italy (IT)","27.06.2022 13:00 - 27.06.2022 14:00 (CET/CEST)","391","","638"
"Italy (IT)","27.06.2022 14:00 - 27.06.2022 15:00 (CET/CEST)","388","","864"
"Italy (IT)","27.06.2022 15:00 - 27.06.2022 16:00 (CET/CEST)","495","","781"
"Italy (IT)","27.06.2022 16:00 - 27.06.2022 17:00 (CET/CEST)","892","","890"
"Italy (IT)","27.06.2022 17:00 - 27.06.2022 18:00 (CET/CEST)","1943","","953"
"Italy (IT)","27.06.2022 18:00 - 27.06.2022 19:00 (CET/CEST)","1735","","1041"
"Italy (IT)","27.06.2022 19:00 - 27.06.2022 20:00 (CET/CEST)","1794","","1110"
"Italy (IT)","27.06.2022 20:00 - 27.06.2022 21:00 (CET/CEST)","1124","","1139"
"Italy (IT)","27.06.2022 21:00 - 27.06.2022 22:00 (CET/CEST)","802","","790"
"Italy (IT)","27.06.2022 22:00 - 27.06.2022 23:00 (CET/CEST)","786","57","623"
"Italy (IT)","27.06.2022 23:00 - 28.06.2022 00:00 (CET/CEST)","83","80","552"
"Italy (IT)","28.06.2022 00:00 - 28.06.2022 01:00 (CET/CEST)","0","962","390"
"Italy (IT)","28.06.2022 01:00 - 28.06.2022 02:00 (CET/CEST)","0","1432","206"
"Italy (IT)","28.06.2022 02:00 - 28.06.2022 03:00 (CET/CEST)","0","2288","152"
"Italy (IT)","28.06.2022 03:00 - 28.06.2022 04:00 (CET/CEST)","0","2121","154"
"Italy (IT)","28.06.2022 04:00 - 28.06.2022 05:00 (CET/CEST)","0","1736","202"
"Italy (IT)","28.06.2022 05:00 - 28.06.2022 06:00 (CET/CEST)","0","1180","236"
"Italy (IT)","28.06.2022 06:00 - 28.06.2022 07:00 (CET/CEST)","0","333","512"
"Italy (IT)","28.06.2022 07:00 - 28.06.2022 08:00 (CET/CEST)","898","","877"
"Italy (IT)","28.06.2022 08:00 - 28.06.2022 09:00 (CET/CEST)","1088","","759"
"Italy (IT)","28.06.2022 09:00 - 28.06.2022 10:00 (CET/CEST)","809","","730"
"Italy (IT)","28.06.2022 10:00 - 28.06.2022 11:00 (CET/CEST)","1503","","881"
"Italy (IT)","28.06.2022 11:00 - 28.06.2022 12:00 (CET/CEST)","1764","","1131"
"Italy (IT)","28.06.2022 12:00 - 28.06.2022 13:00 (CET/CEST)","1738","","1110"
"Italy (IT)","28.06.2022 13:00 - 28.06.2022 14:00 (CET/CEST)","1069","","1083"
"Italy (IT)","28.06.2022 14:00 - 28.06.2022 15:00 (CET/CEST)","1214","","1199"
"Italy (IT)","28.06.2022 15:00 - 28.06.2022 16:00 (CET/CEST)","801","51","1148"
"Italy (IT)","28.06.2022 16:00 - 28.06.2022 17:00 (CET/CEST)","653","80","964"
"Italy (IT)","28.06.2022 17:00 - 28.06.2022 18:00 (CET/CEST)","539","12","830"
"Italy (IT)","28.06.2022 18:00 - 28.06.2022 19:00 (CET/CEST)","685","","925"
"Italy (IT)","28.06.2022 19:00 - 28.06.2022 20:00 (CET/CEST)","854","","1378"
"Italy (IT)","28.06.2022 20:00 - 28.06.2022 21:00 (CET/CEST)","960","","904"
"Italy (IT)","28.06.2022 21:00 - 28.06.2022 22:00 (CET/CEST)","459","","858"
"Italy (IT)","28.06.2022 22:00 - 28.06.2022 23:00 (CET/CEST)","155","72","684"
"Italy (IT)","28.06.2022 23:00 - 29.06.2022 00:00 (CET/CEST)","2","275","538"
"Italy (IT)","29.06.2022 00:00 - 29.06.2022 01:00 (CET/CEST)","0","709","512"
"Italy (IT)","29.06.2022 01:00 - 29.06.2022 02:00 (CET/CEST)","0","801","245"
"Italy (IT)","29.06.2022 02:00 - 29.06.2022 03:00 (CET/CEST)","0","800","242"
"Italy (IT)","29.06.2022 03:00 - 29.06.2022 04:00 (CET/CEST)","0","799","238"
"Italy (IT)","29.06.2022 04:00 - 29.06.2022 05:00 (CET/CEST)","0","714","238"
"Italy (IT)","29.06.2022 05:00 - 29.06.2022 06:00 (CET/CEST)","0","621","264"
"Italy (IT)","29.06.2022 06:00 - 29.06.2022 07:00 (CET/CEST)","0","483","421"
"Italy (IT)","29.06.2022 07:00 - 29.06.2022 08:00 (CET/CEST)","929","","649"
"Italy (IT)","29.06.2022 08:00 - 29.06.2022 09:00 (CET/CEST)","1255","","877"
"Italy (IT)","29.06.2022 09:00 - 29.06.2022 10:00 (CET/CEST)","1351","","682"
"Italy (IT)","29.06.2022 10:00 - 29.06.2022 11:00 (CET/CEST)","783","","636"
"Italy (IT)","29.06.2022 11:00 - 29.06.2022 12:00 (CET/CEST)","681","","629"
"Italy (IT)","29.06.2022 12:00 - 29.06.2022 13:00 (CET/CEST)","416","33","670"
"Italy (IT)","29.06.2022 13:00 - 29.06.2022 14:00 (CET/CEST)","276","80","695"
"Italy (IT)","29.06.2022 14:00 - 29.06.2022 15:00 (CET/CEST)","377","194","654"
"Italy (IT)","29.06.2022 15:00 - 29.06.2022 16:00 (CET/CEST)","402","416","686"
"Italy (IT)","29.06.2022 16:00 - 29.06.2022 17:00 (CET/CEST)","490","173","515"
"Italy (IT)","29.06.2022 17:00 - 29.06.2022 18:00 (CET/CEST)","818","31","768"
"Italy (IT)","29.06.2022 18:00 - 29.06.2022 19:00 (CET/CEST)","1129","","828"
"Italy (IT)","29.06.2022 19:00 - 29.06.2022 20:00 (CET/CEST)","1480","","1051"
"Italy (IT)","29.06.2022 20:00 - 29.06.2022 21:00 (CET/CEST)","1077","","953"
"Italy (IT)","29.06.2022 21:00 - 29.06.2022 22:00 (CET/CEST)","938","","887"
"Italy (IT)","29.06.2022 22:00 - 29.06.2022 23:00 (CET/CEST)","859","","689"
"Italy (IT)","29.06.2022 23:00 - 30.06.2022 00:00 (CET/CEST)","379","","443"
"Italy (IT)","30.06.2022 00:00 - 30.06.2022 01:00 (CET/CEST)","144","","467"
"Italy (IT)","30.06.2022 01:00 - 30.06.2022 02:00 (CET/CEST)","0","14","337"
"Italy (IT)","30.06.2022 02:00 - 30.06.2022 03:00 (CET/CEST)","0","403","335"
"Italy (IT)","30.06.2022 03:00 - 30.06.2022 04:00 (CET/CEST)","0","517","334"
"Italy (IT)","30.06.2022 04:00 - 30.06.2022 05:00 (CET/CEST)","0","915","334"
"Italy (IT)","30.06.2022 05:00 - 30.06.2022 06:00 (CET/CEST)","0","648","356"
"Italy (IT)","30.06.2022 06:00 - 30.06.2022 07:00 (CET/CEST)","59","","456"
"Italy (IT)","30.06.2022 07:00 - 30.06.2022 08:00 (CET/CEST)","1089","","849"
"Italy (IT)","30.06.2022 08:00 - 30.06.2022 09:00 (CET/CEST)","885","","878"
"Italy (IT)","30.06.2022 09:00 - 30.06.2022 10:00 (CET/CEST)","446","","804"
"Italy (IT)","30.06.2022 10:00 - 30.06.2022 11:00 (CET/CEST)","456","","502"
"Italy (IT)","30.06.2022 11:00 - 30.06.2022 12:00 (CET/CEST)","556","","660"
"Italy (IT)","30.06.2022 12:00 - 30.06.2022 13:00 (CET/CEST)","718","","671"
"Italy (IT)","30.06.2022 13:00 - 30.06.2022 14:00 (CET/CEST)","635","2","724"
"Italy (IT)","30.06.2022 14:00 - 30.06.2022 15:00 (CET/CEST)","638","1","779"
"Italy (IT)","30.06.2022 15:00 - 30.06.2022 16:00 (CET/CEST)","580","1","893"
"Italy (IT)","30.06.2022 16:00 - 30.06.2022 17:00 (CET/CEST)","912","2","914"
"Italy (IT)","30.06.2022 17:00 - 30.06.2022 18:00 (CET/CEST)","1070","50","951"
"Italy (IT)","30.06.2022 18:00 - 30.06.2022 19:00 (CET/CEST)","1191","22","1077"
"Italy (IT)","30.06.2022 19:00 - 30.06.2022 20:00 (CET/CEST)","2339","2","1094"
"Italy (IT)","30.06.2022 20:00 - 30.06.2022 21:00 (CET/CEST)","2082","2","1052"
"Italy (IT)","30.06.2022 21:00 - 30.06.2022 22:00 (CET/CEST)","1156","11","835"
"Italy (IT)","30.06.2022 22:00 - 30.06.2022 23:00 (CET/CEST)","916","62","894"
"Italy (IT)","30.06.2022 23:00 - 01.07.2022 00:00 (CET/CEST)","551","2","684"
"Italy (IT)","01.07.2022 00:00 - 01.07.2022 01:00 (CET/CEST)","70","2","444"
"Italy (IT)","01.07.2022 01:00 - 01.07.2022 02:00 (CET/CEST)","0","221","363"
"Italy (IT)","01.07.2022 02:00 - 01.07.2022 03:00 (CET/CEST)","0","410","320"
"Italy (IT)","01.07.2022 03:00 - 01.07.2022 04:00 (CET/CEST)","0","398","319"
"Italy (IT)","01.07.2022 04:00 - 01.07.2022 05:00 (CET/CEST)","0","336","315"
"Italy (IT)","01.07.2022 05:00 - 01.07.2022 06:00 (CET/CEST)","0","137","344"
"Italy (IT)","01.07.2022 06:00 - 01.07.2022 07:00 (CET/CEST)","682","123","495"
"Italy (IT)","01.07.2022 07:00 - 01.07.2022 08:00 (CET/CEST)","907","88","693"
"Italy (IT)","01.07.2022 08:00 - 01.07.2022 09:00 (CET/CEST)","594","2","736"
"Italy (IT)","01.07.2022 09:00 - 01.07.2022 10:00 (CET/CEST)","507","2","711"
"Italy (IT)","01.07.2022 10:00 - 01.07.2022 11:00 (CET/CEST)","465","2","697"
"Italy (IT)","01.07.2022 11:00 - 01.07.2022 12:00 (CET/CEST)","478","2","613"
"Italy (IT)","01.07.2022 12:00 - 01.07.2022 13:00 (CET/CEST)","685","2","581"
"Italy (IT)","01.07.2022 13:00 - 01.07.2022 14:00 (CET/CEST)","247","2","413"
"Italy (IT)","01.07.2022 14:00 - 01.07.2022 15:00 (CET/CEST)","295","2","583"
"Italy (IT)","01.07.2022 15:00 - 01.07.2022 16:00 (CET/CEST)","607","2","695"
"Italy (IT)","01.07.2022 16:00 - 01.07.2022 17:00 (CET/CEST)","600","2","772"
"Italy (IT)","01.07.2022 17:00 - 01.07.2022 18:00 (CET/CEST)","701","2","690"
"Italy (IT)","01.07.2022 18:00 - 01.07.2022 19:00 (CET/CEST)","956","2","673"
"Italy (IT)","01.07.2022 19:00 - 01.07.2022 20:00 (CET/CEST)","1385","3","846"
"Italy (IT)","01.07.2022 20:00 - 01.07.2022 21:00 (CET/CEST)","1814","82","748"
"Italy (IT)","01.07.2022 21:00 - 01.07.2022 22:00 (CET/CEST)","1732","66","748"
"Italy (IT)","01.07.2022 22:00 - 01.07.2022 23:00 (CET/CEST)","1138","67","675"
"Italy (IT)","01.07.2022 23:00 - 02.07.2022 00:00 (CET/CEST)","486","80","588"
"Italy (IT)","02.07.2022 00:00 - 02.07.2022 01:00 (CET/CEST)","7","80","450"
"Italy (IT)","02.07.2022 01:00 - 02.07.2022 02:00 (CET/CEST)","0","179","447"
"Italy (IT)","02.07.2022 02:00 - 02.07.2022 03:00 (CET/CEST)","0","299","436"
"Italy (IT)","02.07.2022 03:00 - 02.07.2022 04:00 (CET/CEST)","0","153","323"
"Italy (IT)","02.07.2022 04:00 - 02.07.2022 05:00 (CET/CEST)","0","2","366"
"Italy (IT)","02.07.2022 05:00 - 02.07.2022 06:00 (CET/CEST)","0","2","374"
"Italy (IT)","02.07.2022 06:00 - 02.07.2022 07:00 (CET/CEST)","1","2","477"
"Italy (IT)","02.07.2022 07:00 - 02.07.2022 08:00 (CET/CEST)","95","2","717"
"Italy (IT)","02.07.2022 08:00 - 02.07.2022 09:00 (CET/CEST)","236","2","610"
"Italy (IT)","02.07.2022 09:00 - 02.07.2022 10:00 (CET/CEST)","141","2","515"
"Italy (IT)","02.07.2022 10:00 - 02.07.2022 11:00 (CET/CEST)","140","2","437"
"Italy (IT)","02.07.2022 11:00 - 02.07.2022 12:00 (CET/CEST)","140","2","368"
"Italy (IT)","02.07.2022 12:00 - 02.07.2022 13:00 (CET/CEST)","91","2","325"
"Italy (IT)","02.07.2022 13:00 - 02.07.2022 14:00 (CET/CEST)","90","6","308"
"Italy (IT)","02.07.2022 14:00 - 02.07.2022 15:00 (CET/CEST)","92","261","283"
"Italy (IT)","02.07.2022 15:00 - 02.07.2022 16:00 (CET/CEST)","92","3","320"
"Italy (IT)","02.07.2022 16:00 - 02.07.2022 17:00 (CET/CEST)","2","","378"
"Italy (IT)","02.07.2022 17:00 - 02.07.2022 18:00 (CET/CEST)","51","","643"
"Italy (IT)","02.07.2022 18:00 - 02.07.2022 19:00 (CET/CEST)","620","","1076"
"Italy (IT)","02.07.2022 19:00 - 02.07.2022 20:00 (CET/CEST)","1721","","1426"
"Italy (IT)","02.07.2022 20:00 - 02.07.2022 21:00 (CET/CEST)","2178","","1366"
"Italy (IT)","02.07.2022 21:00 - 02.07.2022 22:00 (CET/CEST)","1786","","1259"
"Italy (IT)","02.07.2022 22:00 - 02.07.2022 23:00 (CET/CEST)","727","","1183"
"Italy (IT)","02.07.2022 23:00 - 03.07.2022 00:00 (CET/CEST)","451","","929"
"Italy (IT)","03.07.2022 00:00 - 03.07.2022 01:00 (CET/CEST)","0","62","358"
"Italy (IT)","03.07.2022 01:00 - 03.07.2022 02:00 (CET/CEST)","0","515","343"
"Italy (IT)","03.07.2022 02:00 - 03.07.2022 03:00 (CET/CEST)","0","1140","431"
"Italy (IT)","03.07.2022 03:00 - 03.07.2022 04:00 (CET/CEST)","0","1703","447"
"Italy (IT)","03.07.2022 04:00 - 03.07.2022 05:00 (CET/CEST)","0","1789","362"
"Italy (IT)","03.07.2022 05:00 - 03.07.2022 06:00 (CET/CEST)","0","1708","361"
"Italy (IT)","03.07.2022 06:00 - 03.07.2022 07:00 (CET/CEST)","0","1676","396"
"Italy (IT)","03.07.2022 07:00 - 03.07.2022 08:00 (CET/CEST)","0","1448","504"
"Italy (IT)","03.07.2022 08:00 - 03.07.2022 09:00 (CET/CEST)","0","1283","517"
"Italy (IT)","03.07.2022 09:00 - 03.07.2022 10:00 (CET/CEST)","50","746","394"
"Italy (IT)","03.07.2022 10:00 - 03.07.2022 11:00 (CET/CEST)","50","665","363"
"Italy (IT)","03.07.2022 11:00 - 03.07.2022 12:00 (CET/CEST)","50","665","367"
"Italy (IT)","03.07.2022 12:00 - 03.07.2022 13:00 (CET/CEST)","0","264","329"
"Italy (IT)","03.07.2022 13:00 - 03.07.2022 14:00 (CET/CEST)","0","229","324"
"Italy (IT)","03.07.2022 14:00 - 03.07.2022 15:00 (CET/CEST)","0","12","324"
"Italy (IT)","03.07.2022 15:00 - 03.07.2022 16:00 (CET/CEST)","91","","326"
"Italy (IT)","03.07.2022 16:00 - 03.07.2022 17:00 (CET/CEST)","1","","454"
"Italy (IT)","03.07.2022 17:00 - 03.07.2022 18:00 (CET/CEST)","166","","472"
"Italy (IT)","03.07.2022 18:00 - 03.07.2022 19:00 (CET/CEST)","1026","","944"
"Italy (IT)","03.07.2022 19:00 - 03.07.2022 20:00 (CET/CEST)","918","","1144"
"Italy (IT)","03.07.2022 20:00 - 03.07.2022 21:00 (CET/CEST)","1091","","1295"
"Italy (IT)","03.07.2022 21:00 - 03.07.2022 22:00 (CET/CEST)","1212","","1241"
"Italy (IT)","03.07.2022 22:00 - 03.07.2022 23:00 (CET/CEST)","801","","1053"
"Italy (IT)","03.07.2022 23:00 - 04.07.2022 00:00 (CET/CEST)","0","160","842"
"Italy (IT)","04.07.2022 00:00 - 04.07.2022 01:00 (CET/CEST)","0","1940","472"
"Italy (IT)","04.07.2022 01:00 - 04.07.2022 02:00 (CET/CEST)","0","2541","265"
"Italy (IT)","04.07.2022 02:00 - 04.07.2022 03:00 (CET/CEST)","0","2818","204"
"Italy (IT)","04.07.2022 03:00 - 04.07.2022 04:00 (CET/CEST)","0","2730","203"
"Italy (IT)","04.07.2022 04:00 - 04.07.2022 05:00 (CET/CEST)","0","2643","203"
"Italy (IT)","04.07.2022 05:00 - 04.07.2022 06:00 (CET/CEST)","0","2458","240"
"Italy (IT)","04.07.2022 06:00 - 04.07.2022 07:00 (CET/CEST)","0","276","411"
"Italy (IT)","04.07.2022 07:00 - 04.07.2022 08:00 (CET/CEST)","656","","546"
"Italy (IT)","04.07.2022 08:00 - 04.07.2022 09:00 (CET/CEST)","640","","930"
"Italy (IT)","04.07.2022 09:00 - 04.07.2022 10:00 (CET/CEST)","662","","865"
"Italy (IT)","04.07.2022 10:00 - 04.07.2022 11:00 (CET/CEST)","932","","913"
"Italy (IT)","04.07.2022 11:00 - 04.07.2022 12:00 (CET/CEST)","937","","1030"
"Italy (IT)","04.07.2022 12:00 - 04.07.2022 13:00 (CET/CEST)","838","","1049"
"Italy (IT)","04.07.2022 13:00 - 04.07.2022 14:00 (CET/CEST)","453","","856"
"Italy (IT)","04.07.2022 14:00 - 04.07.2022 15:00 (CET/CEST)","400","","611"
"Italy (IT)","04.07.2022 15:00 - 04.07.2022 16:00 (CET/CEST)","549","","876"
"Italy (IT)","04.07.2022 16:00 - 04.07.2022 17:00 (CET/CEST)","928","","616"
"Italy (IT)","04.07.2022 17:00 - 04.07.2022 18:00 (CET/CEST)","698","","689"
"Italy (IT)","04.07.2022 18:00 - 04.07.2022 19:00 (CET/CEST)","819","","673"
"Italy (IT)","04.07.2022 19:00 - 04.07.2022 20:00 (CET/CEST)","1174","","818"
"Italy (IT)","04.07.2022 20:00 - 04.07.2022 21:00 (CET/CEST)","1116","","1008"
"Italy (IT)","04.07.2022 21:00 - 04.07.2022 22:00 (CET/CEST)","1225","","1155"
"Italy (IT)","04.07.2022 22:00 - 04.07.2022 23:00 (CET/CEST)","849","","544"
"Italy (IT)","04.07.2022 23:00 - 05.07.2022 00:00 (CET/CEST)","254","","375"
"Italy (IT)","05.07.2022 00:00 - 05.07.2022 01:00 (CET/CEST)","30","174","563"
"Italy (IT)","05.07.2022 01:00 - 05.07.2022 02:00 (CET/CEST)","0","493","316"
"Italy (IT)","05.07.2022 02:00 - 05.07.2022 03:00 (CET/CEST)","0","493","221"
"Italy (IT)","05.07.2022 03:00 - 05.07.2022 04:00 (CET/CEST)","0","494","221"
"Italy (IT)","05.07.2022 04:00 - 05.07.2022 05:00 (CET/CEST)","188","788","221"
"Italy (IT)","05.07.2022 05:00 - 05.07.2022 06:00 (CET/CEST)","0","783","253"
"Italy (IT)","05.07.2022 06:00 - 05.07.2022 07:00 (CET/CEST)","75","","410"
"Italy (IT)","05.07.2022 07:00 - 05.07.2022 08:00 (CET/CEST)","408","","738"
"Italy (IT)","05.07.2022 08:00 - 05.07.2022 09:00 (CET/CEST)","664","","859"
"Italy (IT)","05.07.2022 09:00 - 05.07.2022 10:00 (CET/CEST)","598","","852"
"Italy (IT)","05.07.2022 10:00 - 05.07.2022 11:00 (CET/CEST)","322","","793"
"Italy (IT)","05.07.2022 11:00 - 05.07.2022 12:00 (CET/CEST)","365","","782"
"Italy (IT)","05.07.2022 12:00 - 05.07.2022 13:00 (CET/CEST)","247","","650"
"Italy (IT)","05.07.2022 13:00 - 05.07.2022 14:00 (CET/CEST)","227","","648"
"Italy (IT)","05.07.2022 14:00 - 05.07.2022 15:00 (CET/CEST)","212","","569"
"Italy (IT)","05.07.2022 15:00 - 05.07.2022 16:00 (CET/CEST)","330","","656"
"Italy (IT)","05.07.2022 16:00 - 05.07.2022 17:00 (CET/CEST)","662","","732"
"Italy (IT)","05.07.2022 17:00 - 05.07.2022 18:00 (CET/CEST)","707","","820"
"Italy (IT)","05.07.2022 18:00 - 05.07.2022 19:00 (CET/CEST)","978","","842"
"Italy (IT)","05.07.2022 19:00 - 05.07.2022 20:00 (CET/CEST)","1994","","1251"
"Italy (IT)","05.07.2022 20:00 - 05.07.2022 21:00 (CET/CEST)","1977","","1276"
"Italy (IT)","05.07.2022 21:00 - 05.07.2022 22:00 (CET/CEST)","1474","","1165"
"Italy (IT)","05.07.2022 22:00 - 05.07.2022 23:00 (CET/CEST)","622","1","806"
"Italy (IT)","05.07.2022 23:00 - 06.07.2022 00:00 (CET/CEST)","349","","638"
"Italy (IT)","06.07.2022 00:00 - 06.07.2022 01:00 (CET/CEST)","103","","593"
"Italy (IT)","06.07.2022 01:00 - 06.07.2022 02:00 (CET/CEST)","0","","250"
"Italy (IT)","06.07.2022 02:00 - 06.07.2022 03:00 (CET/CEST)","0","","185"
"Italy (IT)","06.07.2022 03:00 - 06.07.2022 04:00 (CET/CEST)","0","","185"
"Italy (IT)","06.07.2022 04:00 - 06.07.2022 05:00 (CET/CEST)","0","","185"
"Italy (IT)","06.07.2022 05:00 - 06.07.2022 06:00 (CET/CEST)","159","","214"
"Italy (IT)","06.07.2022 06:00 - 06.07.2022 07:00 (CET/CEST)","2","","479"
"Italy (IT)","06.07.2022 07:00 - 06.07.2022 08:00 (CET/CEST)","320","","752"
"Italy (IT)","06.07.2022 08:00 - 06.07.2022 09:00 (CET/CEST)","964","","684"
"Italy (IT)","06.07.2022 09:00 - 06.07.2022 10:00 (CET/CEST)","901","","664"
"Italy (IT)","06.07.2022 10:00 - 06.07.2022 11:00 (CET/CEST)","807","","469"
"Italy (IT)","06.07.2022 11:00 - 06.07.2022 12:00 (CET/CEST)","533","3","588"
"Italy (IT)","06.07.2022 12:00 - 06.07.2022 13:00 (CET/CEST)","713","9","556"
"Italy (IT)","06.07.2022 13:00 - 06.07.2022 14:00 (CET/CEST)","418","","735"
"Italy (IT)","06.07.2022 14:00 - 06.07.2022 15:00 (CET/CEST)","428","1","845"
"Italy (IT)","06.07.2022 15:00 - 06.07.2022 16:00 (CET/CEST)","697","8","877"
"Italy (IT)","06.07.2022 16:00 - 06.07.2022 17:00 (CET/CEST)","1115","","971"
"Italy (IT)","06.07.2022 17:00 - 06.07.2022 18:00 (CET/CEST)","1679","1","1009"
"Italy (IT)","06.07.2022 18:00 - 06.07.2022 19:00 (CET/CEST)","2164","","1080"
"Italy (IT)","06.07.2022 19:00 - 06.07.2022 20:00 (CET/CEST)","2301","","1179"
"Italy (IT)","06.07.2022 20:00 - 06.07.2022 21:00 (CET/CEST)","1796","","829"
"Italy (IT)","06.07.2022 21:00 - 06.07.2022 22:00 (CET/CEST)","1800","","1061"
"Italy (IT)","06.07.2022 22:00 - 06.07.2022 23:00 (CET/CEST)","1723","","999"
"Italy (IT)","06.07.2022 23:00 - 07.07.2022 00:00 (CET/CEST)","600","","980"
"Italy (IT)","07.07.2022 00:00 - 07.07.2022 01:00 (CET/CEST)","485","","529"
"Italy (IT)","07.07.2022 01:00 - 07.07.2022 02:00 (CET/CEST)","1","","241"
"Italy (IT)","07.07.2022 02:00 - 07.07.2022 03:00 (CET/CEST)","0","","236"
"Italy (IT)","07.07.2022 03:00 - 07.07.2022 04:00 (CET/CEST)","0","","236"
"Italy (IT)","07.07.2022 04:00 - 07.07.2022 05:00 (CET/CEST)","0","","235"
"Italy (IT)","07.07.2022 05:00 - 07.07.2022 06:00 (CET/CEST)","0","","264"
"Italy (IT)","07.07.2022 06:00 - 07.07.2022 07:00 (CET/CEST)","17","","497"
"Italy (IT)","07.07.2022 07:00 - 07.07.2022 08:00 (CET/CEST)","592","","782"
"Italy (IT)","07.07.2022 08:00 - 07.07.2022 09:00 (CET/CEST)","1340","","920"
"Italy (IT)","07.07.2022 09:00 - 07.07.2022 10:00 (CET/CEST)","849","","556"
"Italy (IT)","07.07.2022 10:00 - 07.07.2022 11:00 (CET/CEST)","515","","698"
"Italy (IT)","07.07.2022 11:00 - 07.07.2022 12:00 (CET/CEST)","498","","750"
"Italy (IT)","07.07.2022 12:00 - 07.07.2022 13:00 (CET/CEST)","119","","567"
"Italy (IT)","07.07.2022 13:00 - 07.07.2022 14:00 (CET/CEST)","70","","470"
"Italy (IT)","07.07.2022 14:00 - 07.07.2022 15:00 (CET/CEST)","613","55","858"
"Italy (IT)","07.07.2022 15:00 - 07.07.2022 16:00 (CET/CEST)","505","29","990"
"Italy (IT)","07.07.2022 16:00 - 07.07.2022 17:00 (CET/CEST)","898","","1090"
"Italy (IT)","07.07.2022 17:00 - 07.07.2022 18:00 (CET/CEST)","745","","1042"
"Italy (IT)","07.07.2022 18:00 - 07.07.2022 19:00 (CET/CEST)","1304","","903"
"Italy (IT)","07.07.2022 19:00 - 07.07.2022 20:00 (CET/CEST)","1320","","1213"
"Italy (IT)","07.07.2022 20:00 - 07.07.2022 21:00 (CET/CEST)","934","","764"
"Italy (IT)","07.07.2022 21:00 - 07.07.2022 22:00 (CET/CEST)","624","","613"
"Italy (IT)","07.07.2022 22:00 - 07.07.2022 23:00 (CET/CEST)","0","111","644"
"Italy (IT)","07.07.2022 23:00 - 08.07.2022 00:00 (CET/CEST)","144","","409"
"Italy (IT)","08.07.2022 00:00 - 08.07.2022 01:00 (CET/CEST)","25","","395"
"Italy (IT)","08.07.2022 01:00 - 08.07.2022 02:00 (CET/CEST)","0","1","410"
"Italy (IT)","08.07.2022 02:00 - 08.07.2022 03:00 (CET/CEST)","0","3","334"
"Italy (IT)","08.07.2022 03:00 - 08.07.2022 04:00 (CET/CEST)","0","757","238"
"Italy (IT)","08.07.2022 04:00 - 08.07.2022 05:00 (CET/CEST)","0","1080","236"
"Italy (IT)","08.07.2022 05:00 - 08.07.2022 06:00 (CET/CEST)","0","787","266"
"Italy (IT)","08.07.2022 06:00 - 08.07.2022 07:00 (CET/CEST)","0","151","427"
"Italy (IT)","08.07.2022 07:00 - 08.07.2022 08:00 (CET/CEST)","465","","1124"
"Italy (IT)","08.07.2022 08:00 - 08.07.2022 09:00 (CET/CEST)","558","","1173"
"Italy (IT)","08.07.2022 09:00 - 08.07.2022 10:00 (CET/CEST)","483","","1138"
"Italy (IT)","08.07.2022 10:00 - 08.07.2022 11:00 (CET/CEST)","330","13","967"
"Italy (IT)","08.07.2022 11:00 - 08.07.2022 12:00 (CET/CEST)","121","1","469"
"Italy (IT)","08.07.2022 12:00 - 08.07.2022 13:00 (CET/CEST)","344","434","420"
"Italy (IT)","08.07.2022 13:00 - 08.07.2022 14:00 (CET/CEST)","345","302","573"
"Italy (IT)","08.07.2022 14:00 - 08.07.2022 15:00 (CET/CEST)","376","302","689"
"Italy (IT)","08.07.2022 15:00 - 08.07.2022 16:00 (CET/CEST)","283","439","713"
"Italy (IT)","08.07.2022 16:00 - 08.07.2022 17:00 (CET/CEST)","317","364","476"
"Italy (IT)","08.07.2022 17:00 - 08.07.2022 18:00 (CET/CEST)","856","180","503"
"Italy (IT)","08.07.2022 18:00 - 08.07.2022 19:00 (CET/CEST)","911","108","574"
"Italy (IT)","08.07.2022 19:00 - 08.07.2022 20:00 (CET/CEST)","1414","","767"
"Italy (IT)","08.07.2022 20:00 - 08.07.2022 21:00 (CET/CEST)","1437","","788"
"Italy (IT)","08.07.2022 21:00 - 08.07.2022 22:00 (CET/CEST)","1206","","653"
"Italy (IT)","08.07.2022 22:00 - 08.07.2022 23:00 (CET/CEST)","834","","515"
"Italy (IT)","08.07.2022 23:00 - 09.07.2022 00:00 (CET/CEST)","753","","368"
"Italy (IT)","09.07.2022 00:00 - 09.07.2022 01:00 (CET/CEST)","28","","330"
"Italy (IT)","09.07.2022 01:00 - 09.07.2022 02:00 (CET/CEST)","0","1","276"
"Italy (IT)","09.07.2022 02:00 - 09.07.2022 03:00 (CET/CEST)","0","101","395"
"Italy (IT)","09.07.2022 03:00 - 09.07.2022 04:00 (CET/CEST)","0","1","287"
"Italy (IT)","09.07.2022 04:00 - 09.07.2022 05:00 (CET/CEST)","0","1","263"
"Italy (IT)","09.07.2022 05:00 - 09.07.2022 06:00 (CET/CEST)","0","1","273"
"Italy (IT)","09.07.2022 06:00 - 09.07.2022 07:00 (CET/CEST)","2","","374"
"Italy (IT)","09.07.2022 07:00 - 09.07.2022 08:00 (CET/CEST)","327","","557"
"Italy (IT)","09.07.2022 08:00 - 09.07.2022 09:00 (CET/CEST)","437","","668"
"Italy (IT)","09.07.2022 09:00 - 09.07.2022 10:00 (CET/CEST)","378","","524"
"Italy (IT)","09.07.2022 10:00 - 09.07.2022 11:00 (CET/CEST)","92","181","454"
"Italy (IT)","09.07.2022 11:00 - 09.07.2022 12:00 (CET/CEST)","91","305","381"
"Italy (IT)","09.07.2022 12:00 - 09.07.2022 13:00 (CET/CEST)","","1018","335"
"Italy (IT)","09.07.2022 13:00 - 09.07.2022 14:00 (CET/CEST)","","1288","317"
"Italy (IT)","09.07.2022 14:00 - 09.07.2022 15:00 (CET/CEST)","","1575","317"
"Italy (IT)","09.07.2022 15:00 - 09.07.2022 16:00 (CET/CEST)","","2539","318"
"Italy (IT)","09.07.2022 16:00 - 09.07.2022 17:00 (CET/CEST)","","2394","373"
"Italy (IT)","09.07.2022 17:00 - 09.07.2022 18:00 (CET/CEST)","33","949","423"
"Italy (IT)","09.07.2022 18:00 - 09.07.2022 19:00 (CET/CEST)","124","15","557"
"Italy (IT)","09.07.2022 19:00 - 09.07.2022 20:00 (CET/CEST)","708","","643"
"Italy (IT)","09.07.2022 20:00 - 09.07.2022 21:00 (CET/CEST)","870","","780"
"Italy (IT)","09.07.2022 21:00 - 09.07.2022 22:00 (CET/CEST)","885","","1182"
"Italy (IT)","09.07.2022 22:00 - 09.07.2022 23:00 (CET/CEST)","817","","803"
"Italy (IT)","09.07.2022 23:00 - 10.07.2022 00:00 (CET/CEST)","213","","491"
"Italy (IT)","10.07.2022 00:00 - 10.07.2022 01:00 (CET/CEST)","30","69","231"
"Italy (IT)","10.07.2022 01:00 - 10.07.2022 02:00 (CET/CEST)","9","197","225"
"Italy (IT)","10.07.2022 02:00 - 10.07.2022 03:00 (CET/CEST)","2","274","235"
"Italy (IT)","10.07.2022 03:00 - 10.07.2022 04:00 (CET/CEST)","0","355","238"
"Italy (IT)","10.07.2022 04:00 - 10.07.2022 05:00 (CET/CEST)","0","355","338"
"Italy (IT)","10.07.2022 05:00 - 10.07.2022 06:00 (CET/CEST)","0","354","362"
"Italy (IT)","10.07.2022 06:00 - 10.07.2022 07:00 (CET/CEST)","6","351","337"
"Italy (IT)","10.07.2022 07:00 - 10.07.2022 08:00 (CET/CEST)","12","144","340"
"Italy (IT)","10.07.2022 08:00 - 10.07.2022 09:00 (CET/CEST)","50","518","402"
"Italy (IT)","10.07.2022 09:00 - 10.07.2022 10:00 (CET/CEST)","50","1329","382"
"Italy (IT)","10.07.2022 10:00 - 10.07.2022 11:00 (CET/CEST)","49","1405","349"
"Italy (IT)","10.07.2022 11:00 - 10.07.2022 12:00 (CET/CEST)","50","1206","351"
"Italy (IT)","10.07.2022 12:00 - 10.07.2022 13:00 (CET/CEST)","12","1104","329"
"Italy (IT)","10.07.2022 13:00 - 10.07.2022 14:00 (CET/CEST)","10","1664","323"
"Italy (IT)","10.07.2022 14:00 - 10.07.2022 15:00 (CET/CEST)","10","2324","325"
"Italy (IT)","10.07.2022 15:00 - 10.07.2022 16:00 (CET/CEST)","0","1924","327"
"Italy (IT)","10.07.2022 16:00 - 10.07.2022 17:00 (CET/CEST)","0","2097","360"
"Italy (IT)","10.07.2022 17:00 - 10.07.2022 18:00 (CET/CEST)","0","2069","413"
"Italy (IT)","10.07.2022 18:00 - 10.07.2022 19:00 (CET/CEST)","0","741","551"
"Italy (IT)","10.07.2022 19:00 - 10.07.2022 20:00 (CET/CEST)","152","","763"
"Italy (IT)","10.07.2022 20:00 - 10.07.2022 21:00 (CET/CEST)","639","","861"
"Italy (IT)","10.07.2022 21:00 - 10.07.2022 22:00 (CET/CEST)","1011","","674"
"Italy (IT)","10.07.2022 22:00 - 10.07.2022 23:00 (CET/CEST)","693","","508"
"Italy (IT)","10.07.2022 23:00 - 11.07.2022 00:00 (CET/CEST)","370","","431"
"Italy (IT)","11.07.2022 00:00 - 11.07.2022 01:00 (CET/CEST)","195","","309"
"Italy (IT)","11.07.2022 01:00 - 11.07.2022 02:00 (CET/CEST)","0","2","208"
"Italy (IT)","11.07.2022 02:00 - 11.07.2022 03:00 (CET/CEST)","0","230","206"
"Italy (IT)","11.07.2022 03:00 - 11.07.2022 04:00 (CET/CEST)","0","212","206"
"Italy (IT)","11.07.2022 04:00 - 11.07.2022 05:00 (CET/CEST)","0","237","206"
"Italy (IT)","11.07.2022 05:00 - 11.07.2022 06:00 (CET/CEST)","0","1","243"
"Italy (IT)","11.07.2022 06:00 - 11.07.2022 07:00 (CET/CEST)","1","","407"
"Italy (IT)","11.07.2022 07:00 - 11.07.2022 08:00 (CET/CEST)","396","","706"
"Italy (IT)","11.07.2022 08:00 - 11.07.2022 09:00 (CET/CEST)","809","","780"
"Italy (IT)","11.07.2022 09:00 - 11.07.2022 10:00 (CET/CEST)","436","","552"
"Italy (IT)","11.07.2022 10:00 - 11.07.2022 11:00 (CET/CEST)","169","","429"
"Italy (IT)","11.07.2022 11:00 - 11.07.2022 12:00 (CET/CEST)","85","","425"
"Italy (IT)","11.07.2022 12:00 - 11.07.2022 13:00 (CET/CEST)","91","","301"
"Italy (IT)","11.07.2022 13:00 - 11.07.2022 14:00 (CET/CEST)","91","","295"
"Italy (IT)","11.07.2022 14:00 - 11.07.2022 15:00 (CET/CEST)","91","","308"
"Italy (IT)","11.07.2022 15:00 - 11.07.2022 16:00 (CET/CEST)","93","","377"
"Italy (IT)","11.07.2022 16:00 - 11.07.2022 17:00 (CET/CEST)","253","","416"
"Italy (IT)","11.07.2022 17:00 - 11.07.2022 18:00 (CET/CEST)","398","","434"
"Italy (IT)","11.07.2022 18:00 - 11.07.2022 19:00 (CET/CEST)","513","","571"
"Italy (IT)","11.07.2022 19:00 - 11.07.2022 20:00 (CET/CEST)","1401","","1116"
"Italy (IT)","11.07.2022 20:00 - 11.07.2022 21:00 (CET/CEST)","1860","","1230"
"Italy (IT)","11.07.2022 21:00 - 11.07.2022 22:00 (CET/CEST)","1670","","686"
"Italy (IT)","11.07.2022 22:00 - 11.07.2022 23:00 (CET/CEST)","233","","542"
"Italy (IT)","11.07.2022 23:00 - 12.07.2022 00:00 (CET/CEST)","112","","397"
"Italy (IT)","12.07.2022 00:00 - 12.07.2022 01:00 (CET/CEST)","74","","243"
"Italy (IT)","12.07.2022 01:00 - 12.07.2022 02:00 (CET/CEST)","65","","242"
"Italy (IT)","12.07.2022 02:00 - 12.07.2022 03:00 (CET/CEST)","64","","242"
"Italy (IT)","12.07.2022 03:00 - 12.07.2022 04:00 (CET/CEST)","65","","233"
"Italy (IT)","12.07.2022 04:00 - 12.07.2022 05:00 (CET/CEST)","65","","232"
"Italy (IT)","12.07.2022 05:00 - 12.07.2022 06:00 (CET/CEST)","69","","264"
"Italy (IT)","12.07.2022 06:00 - 12.07.2022 07:00 (CET/CEST)","2","","350"
"Italy (IT)","12.07.2022 07:00 - 12.07.2022 08:00 (CET/CEST)","512","","521"
"Italy (IT)","12.07.2022 08:00 - 12.07.2022 09:00 (CET/CEST)","1003","","717"
"Italy (IT)","12.07.2022 09:00 - 12.07.2022 10:00 (CET/CEST)","911","","479"
"Italy (IT)","12.07.2022 10:00 - 12.07.2022 11:00 (CET/CEST)","896","","332"
"Italy (IT)","12.07.2022 11:00 - 12.07.2022 12:00 (CET/CEST)","564","","291"
"Italy (IT)","12.07.2022 12:00 - 12.07.2022 13:00 (CET/CEST)","92","","383"
"Italy (IT)","12.07.2022 13:00 - 12.07.2022 14:00 (CET/CEST)","90","","470"
"Italy (IT)","12.07.2022 14:00 - 12.07.2022 15:00 (CET/CEST)","94","","467"
"Italy (IT)","12.07.2022 15:00 - 12.07.2022 16:00 (CET/CEST)","110","","489"
"Italy (IT)","12.07.2022 16:00 - 12.07.2022 17:00 (CET/CEST)","46","","393"
"Italy (IT)","12.07.2022 17:00 - 12.07.2022 18:00 (CET/CEST)","439","","464"
"Italy (IT)","12.07.2022 18:00 - 12.07.2022 19:00 (CET/CEST)","1179","","565"
"Italy (IT)","12.07.2022 19:00 - 12.07.2022 20:00 (CET/CEST)","1520","","946"
"Italy (IT)","12.07.2022 20:00 - 12.07.2022 21:00 (CET/CEST)","975","","947"
"Italy (IT)","12.07.2022 21:00 - 12.07.2022 22:00 (CET/CEST)","678","","632"
"Italy (IT)","12.07.2022 22:00 - 12.07.2022 23:00 (CET/CEST)","279","","599"
"Italy (IT)","12.07.2022 23:00 - 13.07.2022 00:00 (CET/CEST)","70","","377"
"Italy (IT)","13.07.2022 00:00 - 13.07.2022 01:00 (CET/CEST)","39","1","172"
"Italy (IT)","13.07.2022 01:00 - 13.07.2022 02:00 (CET/CEST)","0","1","172"
"Italy (IT)","13.07.2022 02:00 - 13.07.2022 03:00 (CET/CEST)","0","1","165"
"Italy (IT)","13.07.2022 03:00 - 13.07.2022 04:00 (CET/CEST)","0","1","160"
"Italy (IT)","13.07.2022 04:00 - 13.07.2022 05:00 (CET/CEST)","0","1","161"
"Italy (IT)","13.07.2022 05:00 - 13.07.2022 06:00 (CET/CEST)","0","1","197"
"Italy (IT)","13.07.2022 06:00 - 13.07.2022 07:00 (CET/CEST)","5","","242"
"Italy (IT)","13.07.2022 07:00 - 13.07.2022 08:00 (CET/CEST)","483","","457"
"Italy (IT)","13.07.2022 08:00 - 13.07.2022 09:00 (CET/CEST)","1018","","941"
"Italy (IT)","13.07.2022 09:00 - 13.07.2022 10:00 (CET/CEST)","863","","1053"
"Italy (IT)","13.07.2022 10:00 - 13.07.2022 11:00 (CET/CEST)","581","","659"
"Italy (IT)","13.07.2022 11:00 - 13.07.2022 12:00 (CET/CEST)","579","","643"
"Italy (IT)","13.07.2022 12:00 - 13.07.2022 13:00 (CET/CEST)","332","","435"
"Italy (IT)","13.07.2022 13:00 - 13.07.2022 14:00 (CET/CEST)","328","","391"
"Italy (IT)","13.07.2022 14:00 - 13.07.2022 15:00 (CET/CEST)","334","134","479"
"Italy (IT)","13.07.2022 15:00 - 13.07.2022 16:00 (CET/CEST)","273","31","441"
"Italy (IT)","13.07.2022 16:00 - 13.07.2022 17:00 (CET/CEST)","376","","579"
"Italy (IT)","13.07.2022 17:00 - 13.07.2022 18:00 (CET/CEST)","750","","645"
"Italy (IT)","13.07.2022 18:00 - 13.07.2022 19:00 (CET/CEST)","982","","989"
"Italy (IT)","13.07.2022 19:00 - 13.07.2022 20:00 (CET/CEST)","1077","","926"
"Italy (IT)","13.07.2022 20:00 - 13.07.2022 21:00 (CET/CEST)","915","","636"
"Italy (IT)","13.07.2022 21:00 - 13.07.2022 22:00 (CET/CEST)","556","","690"
"Italy (IT)","13.07.2022 22:00 - 13.07.2022 23:00 (CET/CEST)","352","","704"
"Italy (IT)","13.07.2022 23:00 - 14.07.2022 00:00 (CET/CEST)","349","","439"
"Italy (IT)","14.07.2022 00:00 - 14.07.2022 01:00 (CET/CEST)","15","","210"
"Italy (IT)","14.07.2022 01:00 - 14.07.2022 02:00 (CET/CEST)","0","1","174"
"Italy (IT)","14.07.2022 02:00 - 14.07.2022 03:00 (CET/CEST)","0","1","173"
"Italy (IT)","14.07.2022 03:00 - 14.07.2022 04:00 (CET/CEST)","0","1","166"
"Italy (IT)","14.07.2022 04:00 - 14.07.2022 05:00 (CET/CEST)","0","1","164"
"Italy (IT)","14.07.2022 05:00 - 14.07.2022 06:00 (CET/CEST)","0","1","196"
"Italy (IT)","14.07.2022 06:00 - 14.07.2022 07:00 (CET/CEST)","0","","264"
"Italy (IT)","14.07.2022 07:00 - 14.07.2022 08:00 (CET/CEST)","101","","581"
"Italy (IT)","14.07.2022 08:00 - 14.07.2022 09:00 (CET/CEST)","316","","859"
"Italy (IT)","14.07.2022 09:00 - 14.07.2022 10:00 (CET/CEST)","620","","659"
"Italy (IT)","14.07.2022 10:00 - 14.07.2022 11:00 (CET/CEST)","553","","538"
"Italy (IT)","14.07.2022 11:00 - 14.07.2022 12:00 (CET/CEST)","553","","525"
"Italy (IT)","14.07.2022 12:00 - 14.07.2022 13:00 (CET/CEST)","46","","442"
"Italy (IT)","14.07.2022 13:00 - 14.07.2022 14:00 (CET/CEST)","0","143","436"
"Italy (IT)","14.07.2022 14:00 - 14.07.2022 15:00 (CET/CEST)","52","","452"
"Italy (IT)","14.07.2022 15:00 - 14.07.2022 16:00 (CET/CEST)","365","","638"
"Italy (IT)","14.07.2022 16:00 - 14.07.2022 17:00 (CET/CEST)","593","","723"
"Italy (IT)","14.07.2022 17:00 - 14.07.2022 18:00 (CET/CEST)","803","","662"
"Italy (IT)","14.07.2022 18:00 - 14.07.2022 19:00 (CET/CEST)","815","","955"
"Italy (IT)","14.07.2022 19:00 - 14.07.2022 20:00 (CET/CEST)","869","","1016"
"Italy (IT)","14.07.2022 20:00 - 14.07.2022 21:00 (CET/CEST)","870","","886"
"Italy (IT)","14.07.2022 21:00 - 14.07.2022 22:00 (CET/CEST)","732","","848"
"Italy (IT)","14.07.2022 22:00 - 14.07.2022 23:00 (CET/CEST)","86","","820"
"Italy (IT)","14.07.2022 23:00 - 15.07.2022 00:00 (CET/CEST)","58","","357"
"Italy (IT)","15.07.2022 00:00 - 15.07.2022 01:00 (CET/CEST)","0","","158"
"Italy (IT)","15.07.2022 01:00 - 15.07.2022 02:00 (CET/CEST)","0","1","196"
"Italy (IT)","15.07.2022 02:00 - 15.07.2022 03:00 (CET/CEST)","0","1","188"
"Italy (IT)","15.07.2022 03:00 - 15.07.2022 04:00 (CET/CEST)","0","1","162"
"Italy (IT)","15.07.2022 04:00 - 15.07.2022 05:00 (CET/CEST)","0","1","163"
"Italy (IT)","15.07.2022 05:00 - 15.07.2022 06:00 (CET/CEST)","0","","198"
"Italy (IT)","15.07.2022 06:00 - 15.07.2022 07:00 (CET/CEST)","40","","246"
"Italy (IT)","15.07.2022 07:00 - 15.07.2022 08:00 (CET/CEST)","428","","546"
"Italy (IT)","15.07.2022 08:00 - 15.07.2022 09:00 (CET/CEST)","1198","","699"
"Italy (IT)","15.07.2022 09:00 - 15.07.2022 10:00 (CET/CEST)","940","","581"
"Italy (IT)","15.07.2022 10:00 - 15.07.2022 11:00 (CET/CEST)","590","","601"
"Italy (IT)","15.07.2022 11:00 - 15.07.2022 12:00 (CET/CEST)","564","","654"
"Italy (IT)","15.07.2022 12:00 - 15.07.2022 13:00 (CET/CEST)","172","","681"
"Italy (IT)","15.07.2022 13:00 - 15.07.2022 14:00 (CET/CEST)","176","","612"
"Italy (IT)","15.07.2022 14:00 - 15.07.2022 15:00 (CET/CEST)","450","","535"
"Italy (IT)","15.07.2022 15:00 - 15.07.2022 16:00 (CET/CEST)","471","44","527"
"Italy (IT)","15.07.2022 16:00 - 15.07.2022 17:00 (CET/CEST)","518","81","597"
"Italy (IT)","15.07.2022 17:00 - 15.07.2022 18:00 (CET/CEST)","668","52","651"
"Italy (IT)","15.07.2022 18:00 - 15.07.2022 19:00 (CET/CEST)","1093","","852"
"Italy (IT)","15.07.2022 19:00 - 15.07.2022 20:00 (CET/CEST)","1606","","1157"
"Italy (IT)","15.07.2022 20:00 - 15.07.2022 21:00 (CET/CEST)","1367","","1065"
"Italy (IT)","15.07.2022 21:00 - 15.07.2022 22:00 (CET/CEST)","1156","","1074"
"Italy (IT)","15.07.2022 22:00 - 15.07.2022 23:00 (CET/CEST)","194","","704"
"Italy (IT)","15.07.2022 23:00 - 16.07.2022 00:00 (CET/CEST)","42","","391"
"Italy (IT)","16.07.2022 00:00 - 16.07.2022 01:00 (CET/CEST)","503","","631"
"Italy (IT)","16.07.2022 01:00 - 16.07.2022 02:00 (CET/CEST)","99","","275"
"Italy (IT)","16.07.2022 02:00 - 16.07.2022 03:00 (CET/CEST)","100","","260"
"Italy (IT)","16.07.2022 03:00 - 16.07.2022 04:00 (CET/CEST)","1","","255"
"Italy (IT)","16.07.2022 04:00 - 16.07.2022 05:00 (CET/CEST)","0","","297"
"Italy (IT)","16.07.2022 05:00 - 16.07.2022 06:00 (CET/CEST)","0","1","250"
"Italy (IT)","16.07.2022 06:00 - 16.07.2022 07:00 (CET/CEST)","30","","307"
"Italy (IT)","16.07.2022 07:00 - 16.07.2022 08:00 (CET/CEST)","360","","625"
"Italy (IT)","16.07.2022 08:00 - 16.07.2022 09:00 (CET/CEST)","377","","891"
"Italy (IT)","16.07.2022 09:00 - 16.07.2022 10:00 (CET/CEST)","258","","766"
"Italy (IT)","16.07.2022 10:00 - 16.07.2022 11:00 (CET/CEST)","139","","563"
"Italy (IT)","16.07.2022 11:00 - 16.07.2022 12:00 (CET/CEST)","135","105","395"
"Italy (IT)","16.07.2022 12:00 - 16.07.2022 13:00 (CET/CEST)","89","160","317"
"Italy (IT)","16.07.2022 13:00 - 16.07.2022 14:00 (CET/CEST)","50","159","262"
"Italy (IT)","16.07.2022 14:00 - 16.07.2022 15:00 (CET/CEST)","50","86","261"
"Italy (IT)","16.07.2022 15:00 - 16.07.2022 16:00 (CET/CEST)","50","80","264"
"Italy (IT)","16.07.2022 16:00 - 16.07.2022 17:00 (CET/CEST)","0","217","411"
"Italy (IT)","16.07.2022 17:00 - 16.07.2022 18:00 (CET/CEST)","51","10","481"
"Italy (IT)","16.07.2022 18:00 - 16.07.2022 19:00 (CET/CEST)","1101","","626"
"Italy (IT)","16.07.2022 19:00 - 16.07.2022 20:00 (CET/CEST)","2093","","1164"
"Italy (IT)","16.07.2022 20:00 - 16.07.2022 21:00 (CET/CEST)","1511","","1246"
"Italy (IT)","16.07.2022 21:00 - 16.07.2022 22:00 (CET/CEST)","1139","","1286"
"Italy (IT)","16.07.2022 22:00 - 16.07.2022 23:00 (CET/CEST)","536","","952"
"Italy (IT)","16.07.2022 23:00 - 17.07.2022 00:00 (CET/CEST)","271","","688"
"Italy (IT)","17.07.2022 00:00 - 17.07.2022 01:00 (CET/CEST)","0","63","636"
"Italy (IT)","17.07.2022 01:00 - 17.07.2022 02:00 (CET/CEST)","0","300","374"
"Italy (IT)","17.07.2022 02:00 - 17.07.2022 03:00 (CET/CEST)","0","300","358"
"Italy (IT)","17.07.2022 03:00 - 17.07.2022 04:00 (CET/CEST)","0","297","280"
"Italy (IT)","17.07.2022 04:00 - 17.07.2022 05:00 (CET/CEST)","0","232","272"
"Italy (IT)","17.07.2022 05:00 - 17.07.2022 06:00 (CET/CEST)","0","298","604"
"Italy (IT)","17.07.2022 06:00 - 17.07.2022 07:00 (CET/CEST)","0","284","284"
"Italy (IT)","17.07.2022 07:00 - 17.07.2022 08:00 (CET/CEST)","1","272","321"
"Italy (IT)","17.07.2022 08:00 - 17.07.2022 09:00 (CET/CEST)","46","180","431"
"Italy (IT)","17.07.2022 09:00 - 17.07.2022 10:00 (CET/CEST)","46","198","467"
"Italy (IT)","17.07.2022 10:00 - 17.07.2022 11:00 (CET/CEST)","45","198","441"
"Italy (IT)","17.07.2022 11:00 - 17.07.2022 12:00 (CET/CEST)","47","198","338"
"Italy (IT)","17.07.2022 12:00 - 17.07.2022 13:00 (CET/CEST)","0","227","399"
"Italy (IT)","17.07.2022 13:00 - 17.07.2022 14:00 (CET/CEST)","0","659","401"
"Italy (IT)","17.07.2022 14:00 - 17.07.2022 15:00 (CET/CEST)","0","542","392"
"Italy (IT)","17.07.2022 15:00 - 17.07.2022 16:00 (CET/CEST)","0","1039","268"
"Italy (IT)","17.07.2022 16:00 - 17.07.2022 17:00 (CET/CEST)","0","982","319"
"Italy (IT)","17.07.2022 17:00 - 17.07.2022 18:00 (CET/CEST)","50","580","422"
"Italy (IT)","17.07.2022 18:00 - 17.07.2022 19:00 (CET/CEST)","159","395","780"
"Italy (IT)","17.07.2022 19:00 - 17.07.2022 20:00 (CET/CEST)","581","","1174"
"Italy (IT)","17.07.2022 20:00 - 17.07.2022 21:00 (CET/CEST)","668","","1277"
"Italy (IT)","17.07.2022 21:00 - 17.07.2022 22:00 (CET/CEST)","623","","1286"
"Italy (IT)","17.07.2022 22:00 - 17.07.2022 23:00 (CET/CEST)","819","","1145"
"Italy (IT)","17.07.2022 23:00 - 18.07.2022 00:00 (CET/CEST)","39","","824"
"Italy (IT)","18.07.2022 00:00 - 18.07.2022 01:00 (CET/CEST)","0","258","223"
"Italy (IT)","18.07.2022 01:00 - 18.07.2022 02:00 (CET/CEST)","0","610","205"
"Italy (IT)","18.07.2022 02:00 - 18.07.2022 03:00 (CET/CEST)","0","460","203"
"Italy (IT)","18.07.2022 03:00 - 18.07.2022 04:00 (CET/CEST)","0","610","205"
"Italy (IT)","18.07.2022 04:00 - 18.07.2022 05:00 (CET/CEST)","0","587","205"
"Italy (IT)","18.07.2022 05:00 - 18.07.2022 06:00 (CET/CEST)","5","187","234"
"Italy (IT)","18.07.2022 06:00 - 18.07.2022 07:00 (CET/CEST)","330","","251"
"Italy (IT)","18.07.2022 07:00 - 18.07.2022 08:00 (CET/CEST)","131","","369"
"Italy (IT)","18.07.2022 08:00 - 18.07.2022 09:00 (CET/CEST)","571","","554"
"Italy (IT)","18.07.2022 09:00 - 18.07.2022 10:00 (CET/CEST)","878","","471"
"Italy (IT)","18.07.2022 10:00 - 18.07.2022 11:00 (CET/CEST)","787","","533"
"Italy (IT)","18.07.2022 11:00 - 18.07.2022 12:00 (CET/CEST)","1209","","769"
"Italy (IT)","18.07.2022 12:00 - 18.07.2022 13:00 (CET/CEST)","217","","721"
"Italy (IT)","18.07.2022 13:00 - 18.07.2022 14:00 (CET/CEST)","0","176","759"
"Italy (IT)","18.07.2022 14:00 - 18.07.2022 15:00 (CET/CEST)","7","","1003"
"Italy (IT)","18.07.2022 15:00 - 18.07.2022 16:00 (CET/CEST)","539","1","1242"
"Italy (IT)","18.07.2022 16:00 - 18.07.2022 17:00 (CET/CEST)","366","1","800"
"Italy (IT)","18.07.2022 17:00 - 18.07.2022 18:00 (CET/CEST)","621","","975"
"Italy (IT)","18.07.2022 18:00 - 18.07.2022 19:00 (CET/CEST)","1772","","1395"
"Italy (IT)","18.07.2022 19:00 - 18.07.2022 20:00 (CET/CEST)","3459","","1562"
"Italy (IT)","18.07.2022 20:00 - 18.07.2022 21:00 (CET/CEST)","3841","","1530"
"Italy (IT)","18.07.2022 21:00 - 18.07.2022 22:00 (CET/CEST)","2875","","1384"
"Italy (IT)","18.07.2022 22:00 - 18.07.2022 23:00 (CET/CEST)","440","","1116"
"Italy (IT)","18.07.2022 23:00 - 19.07.2022 00:00 (CET/CEST)","180","1","539"
"Italy (IT)","19.07.2022 00:00 - 19.07.2022 01:00 (CET/CEST)","131","40","497"
"Italy (IT)","19.07.2022 01:00 - 19.07.2022 02:00 (CET/CEST)","0","931","210"
"Italy (IT)","19.07.2022 02:00 - 19.07.2022 03:00 (CET/CEST)","0","1644","209"
"Italy (IT)","19.07.2022 03:00 - 19.07.2022 04:00 (CET/CEST)","0","1697","209"
"Italy (IT)","19.07.2022 04:00 - 19.07.2022 05:00 (CET/CEST)","0","1690","208"
"Italy (IT)","19.07.2022 05:00 - 19.07.2022 06:00 (CET/CEST)","0","1034","240"
"Italy (IT)","19.07.2022 06:00 - 19.07.2022 07:00 (CET/CEST)","172","37","414"
"Italy (IT)","19.07.2022 07:00 - 19.07.2022 08:00 (CET/CEST)","132","","563"
"Italy (IT)","19.07.2022 08:00 - 19.07.2022 09:00 (CET/CEST)","423","","797"
"Italy (IT)","19.07.2022 09:00 - 19.07.2022 10:00 (CET/CEST)","423","","810"
"Italy (IT)","19.07.2022 10:00 - 19.07.2022 11:00 (CET/CEST)","298","","833"
"Italy (IT)","19.07.2022 11:00 - 19.07.2022 12:00 (CET/CEST)","634","","908"
"Italy (IT)","19.07.2022 12:00 - 19.07.2022 13:00 (CET/CEST)","130","","804"
"Italy (IT)","19.07.2022 13:00 - 19.07.2022 14:00 (CET/CEST)","143","","906"
"Italy (IT)","19.07.2022 14:00 - 19.07.2022 15:00 (CET/CEST)","306","1","1001"
"Italy (IT)","19.07.2022 15:00 - 19.07.2022 16:00 (CET/CEST)","572","1","1014"
"Italy (IT)","19.07.2022 16:00 - 19.07.2022 17:00 (CET/CEST)","741","8","1194"
"Italy (IT)","19.07.2022 17:00 - 19.07.2022 18:00 (CET/CEST)","1450","","1117"
"Italy (IT)","19.07.2022 18:00 - 19.07.2022 19:00 (CET/CEST)","2680","","1207"
"Italy (IT)","19.07.2022 19:00 - 19.07.2022 20:00 (CET/CEST)","3658","","1531"
"Italy (IT)","19.07.2022 20:00 - 19.07.2022 21:00 (CET/CEST)","1702","1","1404"
"Italy (IT)","19.07.2022 21:00 - 19.07.2022 22:00 (CET/CEST)","970","2","1328"
"Italy (IT)","19.07.2022 22:00 - 19.07.2022 23:00 (CET/CEST)","459","2","1089"
"Italy (IT)","19.07.2022 23:00 - 20.07.2022 00:00 (CET/CEST)","112","2","912"
"Italy (IT)","20.07.2022 00:00 - 20.07.2022 01:00 (CET/CEST)","6","959","346"
"Italy (IT)","20.07.2022 01:00 - 20.07.2022 02:00 (CET/CEST)","0","1710","192"
"Italy (IT)","20.07.2022 02:00 - 20.07.2022 03:00 (CET/CEST)","0","1522","191"
"Italy (IT)","20.07.2022 03:00 - 20.07.2022 04:00 (CET/CEST)","0","1520","191"
"Italy (IT)","20.07.2022 04:00 - 20.07.2022 05:00 (CET/CEST)","0","1521","192"
"Italy (IT)","20.07.2022 05:00 - 20.07.2022 06:00 (CET/CEST)","0","1181","240"
"Italy (IT)","20.07.2022 06:00 - 20.07.2022 07:00 (CET/CEST)","0","41","467"
"Italy (IT)","20.07.2022 07:00 - 20.07.2022 08:00 (CET/CEST)","11","2","654"
"Italy (IT)","20.07.2022 08:00 - 20.07.2022 09:00 (CET/CEST)","2063","2","1212"
"Italy (IT)","20.07.2022 09:00 - 20.07.2022 10:00 (CET/CEST)","2363","","1252"
"Italy (IT)","20.07.2022 10:00 - 20.07.2022 11:00 (CET/CEST)","1493","","1234"
"Italy (IT)","20.07.2022 11:00 - 20.07.2022 12:00 (CET/CEST)","1209","1","1215"
"Italy (IT)","20.07.2022 12:00 - 20.07.2022 13:00 (CET/CEST)","1189","","1005"
"Italy (IT)","20.07.2022 13:00 - 20.07.2022 14:00 (CET/CEST)","462","","966"
"Italy (IT)","20.07.2022 14:00 - 20.07.2022 15:00 (CET/CEST)","631","","1003"
"Italy (IT)","20.07.2022 15:00 - 20.07.2022 16:00 (CET/CEST)","1763","","1015"
"Italy (IT)","20.07.2022 16:00 - 20.07.2022 17:00 (CET/CEST)","1934","","1018"
"Italy (IT)","20.07.2022 17:00 - 20.07.2022 18:00 (CET/CEST)","2498","","1330"
"Italy (IT)","20.07.2022 18:00 - 20.07.2022 19:00 (CET/CEST)","2390","","1270"
"Italy (IT)","20.07.2022 19:00 - 20.07.2022 20:00 (CET/CEST)","2571","","1435"
"Italy (IT)","20.07.2022 20:00 - 20.07.2022 21:00 (CET/CEST)","2034","","1322"
"Italy (IT)","20.07.2022 21:00 - 20.07.2022 22:00 (CET/CEST)","803","","1363"
"Italy (IT)","20.07.2022 22:00 - 20.07.2022 23:00 (CET/CEST)","552","50","1165"
"Italy (IT)","20.07.2022 23:00 - 21.07.2022 00:00 (CET/CEST)","348","125","800"
"Italy (IT)","21.07.2022 00:00 - 21.07.2022 01:00 (CET/CEST)","0","151","445"
"Italy (IT)","21.07.2022 01:00 - 21.07.2022 02:00 (CET/CEST)","0","733","225"
"Italy (IT)","21.07.2022 02:00 - 21.07.2022 03:00 (CET/CEST)","0","875","223"
"Italy (IT)","21.07.2022 03:00 - 21.07.2022 04:00 (CET/CEST)","0","906","224"
"Italy (IT)","21.07.2022 04:00 - 21.07.2022 05:00 (CET/CEST)","0","1032","238"
"Italy (IT)","21.07.2022 05:00 - 21.07.2022 06:00 (CET/CEST)","0","1080","252"
"Italy (IT)","21.07.2022 06:00 - 21.07.2022 07:00 (CET/CEST)","0","779","261"
"Italy (IT)","21.07.2022 07:00 - 21.07.2022 08:00 (CET/CEST)","10","152","583"
"Italy (IT)","21.07.2022 08:00 - 21.07.2022 09:00 (CET/CEST)","1180","6","742"
"Italy (IT)","21.07.2022 09:00 - 21.07.2022 10:00 (CET/CEST)","1482","","760"
"Italy (IT)","21.07.2022 10:00 - 21.07.2022 11:00 (CET/CEST)","690","","755"
"Italy (IT)","21.07.2022 11:00 - 21.07.2022 12:00 (CET/CEST)","585","","734"
"Italy (IT)","21.07.2022 12:00 - 21.07.2022 13:00 (CET/CEST)","160","","618"
"Italy (IT)","21.07.2022 13:00 - 21.07.2022 14:00 (CET/CEST)","259","","796"
"Italy (IT)","21.07.2022 14:00 - 21.07.2022 15:00 (CET/CEST)","684","","947"
"Italy (IT)","21.07.2022 15:00 - 21.07.2022 16:00 (CET/CEST)","908","66","1054"
"Italy (IT)","21.07.2022 16:00 - 21.07.2022 17:00 (CET/CEST)","844","118","1104"
"Italy (IT)","21.07.2022 17:00 - 21.07.2022 18:00 (CET/CEST)","1097","","1224"
"Italy (IT)","21.07.2022 18:00 - 21.07.2022 19:00 (CET/CEST)","2988","67","1251"
"Italy (IT)","21.07.2022 19:00 - 21.07.2022 20:00 (CET/CEST)","4786","80","1567"
"Italy (IT)","21.07.2022 20:00 - 21.07.2022 21:00 (CET/CEST)","4532","53","1499"
"Italy (IT)","21.07.2022 21:00 - 21.07.2022 22:00 (CET/CEST)","3550","","1143"
"Italy (IT)","21.07.2022 22:00 - 21.07.2022 23:00 (CET/CEST)","2411","","1107"
"Italy (IT)","21.07.2022 23:00 - 22.07.2022 00:00 (CET/CEST)","878","","989"
"Italy (IT)","22.07.2022 00:00 - 22.07.2022 01:00 (CET/CEST)","34","","396"
"Italy (IT)","22.07.2022 01:00 - 22.07.2022 02:00 (CET/CEST)","0","921","208"
"Italy (IT)","22.07.2022 02:00 - 22.07.2022 03:00 (CET/CEST)","0","987","211"
"Italy (IT)","22.07.2022 03:00 - 22.07.2022 04:00 (CET/CEST)","0","1360","211"
"Italy (IT)","22.07.2022 04:00 - 22.07.2022 05:00 (CET/CEST)","0","1428","284"
"Italy (IT)","22.07.2022 05:00 - 22.07.2022 06:00 (CET/CEST)","0","1423","338"
"Italy (IT)","22.07.2022 06:00 - 22.07.2022 07:00 (CET/CEST)","0","308","554"
"Italy (IT)","22.07.2022 07:00 - 22.07.2022 08:00 (CET/CEST)","4","","902"
"Italy (IT)","22.07.2022 08:00 - 22.07.2022 09:00 (CET/CEST)","559","","1221"
"Italy (IT)","22.07.2022 09:00 - 22.07.2022 10:00 (CET/CEST)","1724","","1412"
"Italy (IT)","22.07.2022 10:00 - 22.07.2022 11:00 (CET/CEST)","1431","","1403"
"Italy (IT)","22.07.2022 11:00 - 22.07.2022 12:00 (CET/CEST)","1196","","1332"
"Italy (IT)","22.07.2022 12:00 - 22.07.2022 13:00 (CET/CEST)","743","","1117"
"Italy (IT)","22.07.2022 13:00 - 22.07.2022 14:00 (CET/CEST)","755","","1174"
"Italy (IT)","22.07.2022 14:00 - 22.07.2022 15:00 (CET/CEST)","1603","","1275"
"Italy (IT)","22.07.2022 15:00 - 22.07.2022 16:00 (CET/CEST)","1618","","1240"
"Italy (IT)","22.07.2022 16:00 - 22.07.2022 17:00 (CET/CEST)","2195","","1146"
"Italy (IT)","22.07.2022 17:00 - 22.07.2022 18:00 (CET/CEST)","2529","","1104"
"Italy (IT)","22.07.2022 18:00 - 22.07.2022 19:00 (CET/CEST)","3367","24","1180"
"Italy (IT)","22.07.2022 19:00 - 22.07.2022 20:00 (CET/CEST)","4283","19","1361"
"Italy (IT)","22.07.2022 20:00 - 22.07.2022 21:00 (CET/CEST)","3060","","1217"
"Italy (IT)","22.07.2022 21:00 - 22.07.2022 22:00 (CET/CEST)","1915","","1131"
"Italy (IT)","22.07.2022 22:00 - 22.07.2022 23:00 (CET/CEST)","599","","1003"
"Italy (IT)","22.07.2022 23:00 - 23.07.2022 00:00 (CET/CEST)","609","","779"
"Italy (IT)","23.07.2022 00:00 - 23.07.2022 01:00 (CET/CEST)","173","","411"
"Italy (IT)","23.07.2022 01:00 - 23.07.2022 02:00 (CET/CEST)","0","714","326"
"Italy (IT)","23.07.2022 02:00 - 23.07.2022 03:00 (CET/CEST)","0","1324","251"
"Italy (IT)","23.07.2022 03:00 - 23.07.2022 04:00 (CET/CEST)","0","1351","243"
"Italy (IT)","23.07.2022 04:00 - 23.07.2022 05:00 (CET/CEST)","0","1203","232"
"Italy (IT)","23.07.2022 05:00 - 23.07.2022 06:00 (CET/CEST)","0","1047","267"
"Italy (IT)","23.07.2022 06:00 - 23.07.2022 07:00 (CET/CEST)","0","1046","391"
"Italy (IT)","23.07.2022 07:00 - 23.07.2022 08:00 (CET/CEST)","0","690","608"
"Italy (IT)","23.07.2022 08:00 - 23.07.2022 09:00 (CET/CEST)","97","97","690"
"Italy (IT)","23.07.2022 09:00 - 23.07.2022 10:00 (CET/CEST)","98","127","601"
"Italy (IT)","23.07.2022 10:00 - 23.07.2022 11:00 (CET/CEST)","73","501","381"
"Italy (IT)","23.07.2022 11:00 - 23.07.2022 12:00 (CET/CEST)","81","944","358"
"Italy (IT)","23.07.2022 12:00 - 23.07.2022 13:00 (CET/CEST)","0","1819","346"
"Italy (IT)","23.07.2022 13:00 - 23.07.2022 14:00 (CET/CEST)","0","1924","469"
"Italy (IT)","23.07.2022 14:00 - 23.07.2022 15:00 (CET/CEST)","0","1917","368"
"Italy (IT)","23.07.2022 15:00 - 23.07.2022 16:00 (CET/CEST)","0","1914","364"
"Italy (IT)","23.07.2022 16:00 - 23.07.2022 17:00 (CET/CEST)","0","1179","389"
"Italy (IT)","23.07.2022 17:00 - 23.07.2022 18:00 (CET/CEST)","53","33","409"
"Italy (IT)","23.07.2022 18:00 - 23.07.2022 19:00 (CET/CEST)","277","45","1110"
"Italy (IT)","23.07.2022 19:00 - 23.07.2022 20:00 (CET/CEST)","882","84","1438"
"Italy (IT)","23.07.2022 20:00 - 23.07.2022 21:00 (CET/CEST)","1182","","1346"
"Italy (IT)","23.07.2022 21:00 - 23.07.2022 22:00 (CET/CEST)","979","","1319"
"Italy (IT)","23.07.2022 22:00 - 23.07.2022 23:00 (CET/CEST)","131","","935"
"Italy (IT)","23.07.2022 23:00 - 24.07.2022 00:00 (CET/CEST)","11","24","522"
"Italy (IT)","24.07.2022 00:00 - 24.07.2022 01:00 (CET/CEST)","0","732","279"
"Italy (IT)","24.07.2022 01:00 - 24.07.2022 02:00 (CET/CEST)","0","842","279"
"Italy (IT)","24.07.2022 02:00 - 24.07.2022 03:00 (CET/CEST)","0","942","301"
"Italy (IT)","24.07.2022 03:00 - 24.07.2022 04:00 (CET/CEST)","0","1373","287"
"Italy (IT)","24.07.2022 04:00 - 24.07.2022 05:00 (CET/CEST)","0","1660","279"
"Italy (IT)","24.07.2022 05:00 - 24.07.2022 06:00 (CET/CEST)","28","1711","308"
"Italy (IT)","24.07.2022 06:00 - 24.07.2022 07:00 (CET/CEST)","39","1605","286"
"Italy (IT)","24.07.2022 07:00 - 24.07.2022 08:00 (CET/CEST)","0","981","344"
"Italy (IT)","24.07.2022 08:00 - 24.07.2022 09:00 (CET/CEST)","50","441","326"
"Italy (IT)","24.07.2022 09:00 - 24.07.2022 10:00 (CET/CEST)","49","414","378"
"Italy (IT)","24.07.2022 10:00 - 24.07.2022 11:00 (CET/CEST)","0","697","358"
"Italy (IT)","24.07.2022 11:00 - 24.07.2022 12:00 (CET/CEST)","0","970","348"
"Italy (IT)","24.07.2022 12:00 - 24.07.2022 13:00 (CET/CEST)","0","1214","334"
"Italy (IT)","24.07.2022 13:00 - 24.07.2022 14:00 (CET/CEST)","0","1761","336"
"Italy (IT)","24.07.2022 14:00 - 24.07.2022 15:00 (CET/CEST)","0","1786","353"
"Italy (IT)","24.07.2022 15:00 - 24.07.2022 16:00 (CET/CEST)","0","1697","327"
"Italy (IT)","24.07.2022 16:00 - 24.07.2022 17:00 (CET/CEST)","0","726","528"
"Italy (IT)","24.07.2022 17:00 - 24.07.2022 18:00 (CET/CEST)","0","479","575"
"Italy (IT)","24.07.2022 18:00 - 24.07.2022 19:00 (CET/CEST)","237","","857"
"Italy (IT)","24.07.2022 19:00 - 24.07.2022 20:00 (CET/CEST)","280","14","1321"
"Italy (IT)","24.07.2022 20:00 - 24.07.2022 21:00 (CET/CEST)","812","80","1069"
"Italy (IT)","24.07.2022 21:00 - 24.07.2022 22:00 (CET/CEST)","660","26","1054"
"Italy (IT)","24.07.2022 22:00 - 24.07.2022 23:00 (CET/CEST)","490","80","1078"
"Italy (IT)","24.07.2022 23:00 - 25.07.2022 00:00 (CET/CEST)","0","88","783"
"Italy (IT)","25.07.2022 00:00 - 25.07.2022 01:00 (CET/CEST)","0","397","234"
"Italy (IT)","25.07.2022 01:00 - 25.07.2022 02:00 (CET/CEST)","0","605","232"
"Italy (IT)","25.07.2022 02:00 - 25.07.2022 03:00 (CET/CEST)","0","1116","232"
"Italy (IT)","25.07.2022 03:00 - 25.07.2022 04:00 (CET/CEST)","0","1461","222"
"Italy (IT)","25.07.2022 04:00 - 25.07.2022 05:00 (CET/CEST)","0","1644","231"
"Italy (IT)","25.07.2022 05:00 - 25.07.2022 06:00 (CET/CEST)","0","1723","264"
"Italy (IT)","25.07.2022 06:00 - 25.07.2022 07:00 (CET/CEST)","0","505","382"
"Italy (IT)","25.07.2022 07:00 - 25.07.2022 08:00 (CET/CEST)","151","","944"
"Italy (IT)","25.07.2022 08:00 - 25.07.2022 09:00 (CET/CEST)","1069","","1019"
"Italy (IT)","25.07.2022 09:00 - 25.07.2022 10:00 (CET/CEST)","1733","","1213"
"Italy (IT)","25.07.2022 10:00 - 25.07.2022 11:00 (CET/CEST)","1886","","1124"
"Italy (IT)","25.07.2022 11:00 - 25.07.2022 12:00 (CET/CEST)","1557","","1067"
"Italy (IT)","25.07.2022 12:00 - 25.07.2022 13:00 (CET/CEST)","707","","987"
"Italy (IT)","25.07.2022 13:00 - 25.07.2022 14:00 (CET/CEST)","922","","1118"
"Italy (IT)","25.07.2022 14:00 - 25.07.2022 15:00 (CET/CEST)","2129","","1101"
"Italy (IT)","25.07.2022 15:00 - 25.07.2022 16:00 (CET/CEST)","2364","","1163"
"Italy (IT)","25.07.2022 16:00 - 25.07.2022 17:00 (CET/CEST)","2401","","1386"
"Italy (IT)","25.07.2022 17:00 - 25.07.2022 18:00 (CET/CEST)","2458","","1526"
"Italy (IT)","25.07.2022 18:00 - 25.07.2022 19:00 (CET/CEST)","2994","","1347"
"Italy (IT)","25.07.2022 19:00 - 25.07.2022 20:00 (CET/CEST)","4159","","1549"
"Italy (IT)","25.07.2022 20:00 - 25.07.2022 21:00 (CET/CEST)","3562","","1286"
"Italy (IT)","25.07.2022 21:00 - 25.07.2022 22:00 (CET/CEST)","2495","","1312"
"Italy (IT)","25.07.2022 22:00 - 25.07.2022 23:00 (CET/CEST)","706","","899"
"Italy (IT)","25.07.2022 23:00 - 26.07.2022 00:00 (CET/CEST)","112","42","668"
"Italy (IT)","26.07.2022 00:00 - 26.07.2022 01:00 (CET/CEST)","0","1871","437"
"Italy (IT)","26.07.2022 01:00 - 26.07.2022 02:00 (CET/CEST)","0","2452","308"
"Italy (IT)","26.07.2022 02:00 - 26.07.2022 03:00 (CET/CEST)","0","2914","308"
"Italy (IT)","26.07.2022 03:00 - 26.07.2022 04:00 (CET/CEST)","0","2960","308"
"Italy (IT)","26.07.2022 04:00 - 26.07.2022 05:00 (CET/CEST)","0","2535","306"
"Italy (IT)","26.07.2022 05:00 - 26.07.2022 06:00 (CET/CEST)","0","2280","305"
"Italy (IT)","26.07.2022 06:00 - 26.07.2022 07:00 (CET/CEST)","0","831","486"
"Italy (IT)","26.07.2022 07:00 - 26.07.2022 08:00 (CET/CEST)","0","716","1136"
"Italy (IT)","26.07.2022 08:00 - 26.07.2022 09:00 (CET/CEST)","1377","170","828"
"Italy (IT)","26.07.2022 09:00 - 26.07.2022 10:00 (CET/CEST)","1449","27","927"
"Italy (IT)","26.07.2022 10:00 - 26.07.2022 11:00 (CET/CEST)","234","","884"
"Italy (IT)","26.07.2022 11:00 - 26.07.2022 12:00 (CET/CEST)","117","","818"
"Italy (IT)","26.07.2022 12:00 - 26.07.2022 13:00 (CET/CEST)","473","","740"
"Italy (IT)","26.07.2022 13:00 - 26.07.2022 14:00 (CET/CEST)","118","392","785"
"Italy (IT)","26.07.2022 14:00 - 26.07.2022 15:00 (CET/CEST)","72","97","1054"
"Italy (IT)","26.07.2022 15:00 - 26.07.2022 16:00 (CET/CEST)","162","125","804"
"Italy (IT)","26.07.2022 16:00 - 26.07.2022 17:00 (CET/CEST)","723","210","920"
"Italy (IT)","26.07.2022 17:00 - 26.07.2022 18:00 (CET/CEST)","1727","","1246"
"Italy (IT)","26.07.2022 18:00 - 26.07.2022 19:00 (CET/CEST)","2080","","1307"
"Italy (IT)","26.07.2022 19:00 - 26.07.2022 20:00 (CET/CEST)","3680","","1201"
"Italy (IT)","26.07.2022 20:00 - 26.07.2022 21:00 (CET/CEST)","2963","","1187"
"Italy (IT)","26.07.2022 21:00 - 26.07.2022 22:00 (CET/CEST)","1026","","1259"
"Italy (IT)","26.07.2022 22:00 - 26.07.2022 23:00 (CET/CEST)","10","","649"
"Italy (IT)","26.07.2022 23:00 - 27.07.2022 00:00 (CET/CEST)","31","40","631"
"Italy (IT)","27.07.2022 00:00 - 27.07.2022 01:00 (CET/CEST)","0","1064","298"
"Italy (IT)","27.07.2022 01:00 - 27.07.2022 02:00 (CET/CEST)","0","1484","260"
"Italy (IT)","27.07.2022 02:00 - 27.07.2022 03:00 (CET/CEST)","0","1925","261"
"Italy (IT)","27.07.2022 03:00 - 27.07.2022 04:00 (CET/CEST)","0","1547","260"
"Italy (IT)","27.07.2022 04:00 - 27.07.2022 05:00 (CET/CEST)","0","1807","257"
"Italy (IT)","27.07.2022 05:00 - 27.07.2022 06:00 (CET/CEST)","0","1262","290"
"Italy (IT)","27.07.2022 06:00 - 27.07.2022 07:00 (CET/CEST)","0","646","385"
"Italy (IT)","27.07.2022 07:00 - 27.07.2022 08:00 (CET/CEST)","181","86","994"
"Italy (IT)","27.07.2022 08:00 - 27.07.2022 09:00 (CET/CEST)","476","","973"
"Italy (IT)","27.07.2022 09:00 - 27.07.2022 10:00 (CET/CEST)","507","","836"
"Italy (IT)","27.07.2022 10:00 - 27.07.2022 11:00 (CET/CEST)","362","","848"
"Italy (IT)","27.07.2022 11:00 - 27.07.2022 12:00 (CET/CEST)","359","","851"
"Italy (IT)","27.07.2022 12:00 - 27.07.2022 13:00 (CET/CEST)","312","","523"
"Italy (IT)","27.07.2022 13:00 - 27.07.2022 14:00 (CET/CEST)","335","","867"
"Italy (IT)","27.07.2022 14:00 - 27.07.2022 15:00 (CET/CEST)","412","","938"
"Italy (IT)","27.07.2022 15:00 - 27.07.2022 16:00 (CET/CEST)","401","","822"
"Italy (IT)","27.07.2022 16:00 - 27.07.2022 17:00 (CET/CEST)","486","","544"
"Italy (IT)","27.07.2022 17:00 - 27.07.2022 18:00 (CET/CEST)","678","","827"
"Italy (IT)","27.07.2022 18:00 - 27.07.2022 19:00 (CET/CEST)","2263","","1206"
"Italy (IT)","27.07.2022 19:00 - 27.07.2022 20:00 (CET/CEST)","3433","","1237"
"Italy (IT)","27.07.2022 20:00 - 27.07.2022 21:00 (CET/CEST)","2840","","1411"
"Italy (IT)","27.07.2022 21:00 - 27.07.2022 22:00 (CET/CEST)","1745","","1465"
"Italy (IT)","27.07.2022 22:00 - 27.07.2022 23:00 (CET/CEST)","1196","","1280"
"Italy (IT)","27.07.2022 23:00 - 28.07.2022 00:00 (CET/CEST)","388","","1133"
"Italy (IT)","28.07.2022 00:00 - 28.07.2022 01:00 (CET/CEST)","0","201","542"
"Italy (IT)","28.07.2022 01:00 - 28.07.2022 02:00 (CET/CEST)","0","702","264"
"Italy (IT)","28.07.2022 02:00 - 28.07.2022 03:00 (CET/CEST)","0","1225","252"
"Italy (IT)","28.07.2022 03:00 - 28.07.2022 04:00 (CET/CEST)","0","1406","252"
"Italy (IT)","28.07.2022 04:00 - 28.07.2022 05:00 (CET/CEST)","0","1146","249"
"Italy (IT)","28.07.2022 05:00 - 28.07.2022 06:00 (CET/CEST)","0","879","279"
"Italy (IT)","28.07.2022 06:00 - 28.07.2022 07:00 (CET/CEST)","0","15","370"
"Italy (IT)","28.07.2022 07:00 - 28.07.2022 08:00 (CET/CEST)","28","","729"
"Italy (IT)","28.07.2022 08:00 - 28.07.2022 09:00 (CET/CEST)","632","","1046"
"Italy (IT)","28.07.2022 09:00 - 28.07.2022 10:00 (CET/CEST)","946","","893"
"Italy (IT)","28.07.2022 10:00 - 28.07.2022 11:00 (CET/CEST)","376","","660"
"Italy (IT)","28.07.2022 11:00 - 28.07.2022 12:00 (CET/CEST)","437","","724"
"Italy (IT)","28.07.2022 12:00 - 28.07.2022 13:00 (CET/CEST)","349","","578"
"Italy (IT)","28.07.2022 13:00 - 28.07.2022 14:00 (CET/CEST)","303","","497"
"Italy (IT)","28.07.2022 14:00 - 28.07.2022 15:00 (CET/CEST)","526","","678"
"Italy (IT)","28.07.2022 15:00 - 28.07.2022 16:00 (CET/CEST)","952","","984"
"Italy (IT)","28.07.2022 16:00 - 28.07.2022 17:00 (CET/CEST)","1146","","1192"
"Italy (IT)","28.07.2022 17:00 - 28.07.2022 18:00 (CET/CEST)","1451","","1162"
"Italy (IT)","28.07.2022 18:00 - 28.07.2022 19:00 (CET/CEST)","2551","","1042"
"Italy (IT)","28.07.2022 19:00 - 28.07.2022 20:00 (CET/CEST)","4325","","1203"
"Italy (IT)","28.07.2022 20:00 - 28.07.2022 21:00 (CET/CEST)","2505","","1169"
"Italy (IT)","28.07.2022 21:00 - 28.07.2022 22:00 (CET/CEST)","1018","","1128"
"Italy (IT)","28.07.2022 22:00 - 28.07.2022 23:00 (CET/CEST)","263","","946"
"Italy (IT)","28.07.2022 23:00 - 29.07.2022 00:00 (CET/CEST)","580","45","717"
"Italy (IT)","29.07.2022 00:00 - 29.07.2022 01:00 (CET/CEST)","76","308","280"
"Italy (IT)","29.07.2022 01:00 - 29.07.2022 02:00 (CET/CEST)","52","381","259"
"Italy (IT)","29.07.2022 02:00 - 29.07.2022 03:00 (CET/CEST)","0","415","262"
"Italy (IT)","29.07.2022 03:00 - 29.07.2022 04:00 (CET/CEST)","0","388","262"
"Italy (IT)","29.07.2022 04:00 - 29.07.2022 05:00 (CET/CEST)","0","944","257"
"Italy (IT)","29.07.2022 05:00 - 29.07.2022 06:00 (CET/CEST)","0","87","262"
"Italy (IT)","29.07.2022 06:00 - 29.07.2022 07:00 (CET/CEST)","59","","266"
"Italy (IT)","29.07.2022 07:00 - 29.07.2022 08:00 (CET/CEST)","90","","400"
"Italy (IT)","29.07.2022 08:00 - 29.07.2022 09:00 (CET/CEST)","534","","773"
"Italy (IT)","29.07.2022 09:00 - 29.07.2022 10:00 (CET/CEST)","564","","756"
"Italy (IT)","29.07.2022 10:00 - 29.07.2022 11:00 (CET/CEST)","490","","533"
"Italy (IT)","29.07.2022 11:00 - 29.07.2022 12:00 (CET/CEST)","480","","606"
"Italy (IT)","29.07.2022 12:00 - 29.07.2022 13:00 (CET/CEST)","416","","723"
"Italy (IT)","29.07.2022 13:00 - 29.07.2022 14:00 (CET/CEST)","205","","473"
"Italy (IT)","29.07.2022 14:00 - 29.07.2022 15:00 (CET/CEST)","413","","467"
"Italy (IT)","29.07.2022 15:00 - 29.07.2022 16:00 (CET/CEST)","400","","485"
"Italy (IT)","29.07.2022 16:00 - 29.07.2022 17:00 (CET/CEST)","962","","727"
"Italy (IT)","29.07.2022 17:00 - 29.07.2022 18:00 (CET/CEST)","1308","","803"
"Italy (IT)","29.07.2022 18:00 - 29.07.2022 19:00 (CET/CEST)","1231","12","807"
"Italy (IT)","29.07.2022 19:00 - 29.07.2022 20:00 (CET/CEST)","1248","26","872"
"Italy (IT)","29.07.2022 20:00 - 29.07.2022 21:00 (CET/CEST)","827","","941"
"Italy (IT)","29.07.2022 21:00 - 29.07.2022 22:00 (CET/CEST)","532","","628"
"Italy (IT)","29.07.2022 22:00 - 29.07.2022 23:00 (CET/CEST)","106","","361"
"Italy (IT)","29.07.2022 23:00 - 30.07.2022 00:00 (CET/CEST)","75","30","337"
"Italy (IT)","30.07.2022 00:00 - 30.07.2022 01:00 (CET/CEST)","60","81","442"
"Italy (IT)","30.07.2022 01:00 - 30.07.2022 02:00 (CET/CEST)","0","33","327"
"Italy (IT)","30.07.2022 02:00 - 30.07.2022 03:00 (CET/CEST)","0","196","287"
"Italy (IT)","30.07.2022 03:00 - 30.07.2022 04:00 (CET/CEST)","0","298","284"
"Italy (IT)","30.07.2022 04:00 - 30.07.2022 05:00 (CET/CEST)","0","298","282"
"Italy (IT)","30.07.2022 05:00 - 30.07.2022 06:00 (CET/CEST)","0","299","280"
"Italy (IT)","30.07.2022 06:00 - 30.07.2022 07:00 (CET/CEST)","0","298","285"
"Italy (IT)","30.07.2022 07:00 - 30.07.2022 08:00 (CET/CEST)","1","296","329"
"Italy (IT)","30.07.2022 08:00 - 30.07.2022 09:00 (CET/CEST)","51","170","404"
"Italy (IT)","30.07.2022 09:00 - 30.07.2022 10:00 (CET/CEST)","51","370","400"
"Italy (IT)","30.07.2022 10:00 - 30.07.2022 11:00 (CET/CEST)","50","656","337"
"Italy (IT)","30.07.2022 11:00 - 30.07.2022 12:00 (CET/CEST)","51","1755","316"
"Italy (IT)","30.07.2022 12:00 - 30.07.2022 13:00 (CET/CEST)","0","1988","317"
"Italy (IT)","30.07.2022 13:00 - 30.07.2022 14:00 (CET/CEST)","0","2587","346"
"Italy (IT)","30.07.2022 14:00 - 30.07.2022 15:00 (CET/CEST)","0","2376","396"
"Italy (IT)","30.07.2022 15:00 - 30.07.2022 16:00 (CET/CEST)","0","2194","394"
"Italy (IT)","30.07.2022 16:00 - 30.07.2022 17:00 (CET/CEST)","0","970","364"
"Italy (IT)","30.07.2022 17:00 - 30.07.2022 18:00 (CET/CEST)","364","21","383"
"Italy (IT)","30.07.2022 18:00 - 30.07.2022 19:00 (CET/CEST)","915","","432"
"Italy (IT)","30.07.2022 19:00 - 30.07.2022 20:00 (CET/CEST)","1920","","750"
"Italy (IT)","30.07.2022 20:00 - 30.07.2022 21:00 (CET/CEST)","1183","","716"
"Italy (IT)","30.07.2022 21:00 - 30.07.2022 22:00 (CET/CEST)","1403","","697"
"Italy (IT)","30.07.2022 22:00 - 30.07.2022 23:00 (CET/CEST)","808","","616"
"Italy (IT)","30.07.2022 23:00 - 31.07.2022 00:00 (CET/CEST)","107","","417"
"Italy (IT)","31.07.2022 00:00 - 31.07.2022 01:00 (CET/CEST)","382","","389"
"Italy (IT)","31.07.2022 01:00 - 31.07.2022 02:00 (CET/CEST)","121","","291"
"Italy (IT)","31.07.2022 02:00 - 31.07.2022 03:00 (CET/CEST)","58","","275"
"Italy (IT)","31.07.2022 03:00 - 31.07.2022 04:00 (CET/CEST)","58","","266"
"Italy (IT)","31.07.2022 04:00 - 31.07.2022 05:00 (CET/CEST)","59","","269"
"Italy (IT)","31.07.2022 05:00 - 31.07.2022 06:00 (CET/CEST)","108","","240"
"Italy (IT)","31.07.2022 06:00 - 31.07.2022 07:00 (CET/CEST)","94","","253"
"Italy (IT)","31.07.2022 07:00 - 31.07.2022 08:00 (CET/CEST)","316","","280"
"Italy (IT)","31.07.2022 08:00 - 31.07.2022 09:00 (CET/CEST)","101","402","374"
"Italy (IT)","31.07.2022 09:00 - 31.07.2022 10:00 (CET/CEST)","99","767","356"
"Italy (IT)","31.07.2022 10:00 - 31.07.2022 11:00 (CET/CEST)","51","907","320"
"Italy (IT)","31.07.2022 11:00 - 31.07.2022 12:00 (CET/CEST)","50","1013","300"
"Italy (IT)","31.07.2022 12:00 - 31.07.2022 13:00 (CET/CEST)","0","1185","301"
"Italy (IT)","31.07.2022 13:00 - 31.07.2022 14:00 (CET/CEST)","0","1746","292"
"Italy (IT)","31.07.2022 14:00 - 31.07.2022 15:00 (CET/CEST)","0","1723","292"
"Italy (IT)","31.07.2022 15:00 - 31.07.2022 16:00 (CET/CEST)","0","1508","294"
"Italy (IT)","31.07.2022 16:00 - 31.07.2022 17:00 (CET/CEST)","0","1488","316"
"Italy (IT)","31.07.2022 17:00 - 31.07.2022 18:00 (CET/CEST)","51","705","385"
"Italy (IT)","31.07.2022 18:00 - 31.07.2022 19:00 (CET/CEST)","144","268","401"
"Italy (IT)","31.07.2022 19:00 - 31.07.2022 20:00 (CET/CEST)","571","","675"
"Italy (IT)","31.07.2022 20:00 - 31.07.2022 21:00 (CET/CEST)","1254","","758"
"Italy (IT)","31.07.2022 21:00 - 31.07.2022 22:00 (CET/CEST)","1842","","986"
"Italy (IT)","31.07.2022 22:00 - 31.07.2022 23:00 (CET/CEST)","925","66","806"
"Italy (IT)","31.07.2022 23:00 - 01.08.2022 00:00 (CET/CEST)","322","80","509"
"Italy (IT)","01.08.2022 00:00 - 01.08.2022 01:00 (CET/CEST)","0","290","216"
"Italy (IT)","01.08.2022 01:00 - 01.08.2022 02:00 (CET/CEST)","0","495","205"
"Italy (IT)","01.08.2022 02:00 - 01.08.2022 03:00 (CET/CEST)","0","580","208"
"Italy (IT)","01.08.2022 03:00 - 01.08.2022 04:00 (CET/CEST)","0","1058","208"
"Italy (IT)","01.08.2022 04:00 - 01.08.2022 05:00 (CET/CEST)","0","1092","205"
"Italy (IT)","01.08.2022 05:00 - 01.08.2022 06:00 (CET/CEST)","0","939","205"
"Italy (IT)","01.08.2022 06:00 - 01.08.2022 07:00 (CET/CEST)","0","407","219"
"Italy (IT)","01.08.2022 07:00 - 01.08.2022 08:00 (CET/CEST)","14","","397"
"Italy (IT)","01.08.2022 08:00 - 01.08.2022 09:00 (CET/CEST)","570","","547"
"Italy (IT)","01.08.2022 09:00 - 01.08.2022 10:00 (CET/CEST)","396","","380"
"Italy (IT)","01.08.2022 10:00 - 01.08.2022 11:00 (CET/CEST)","333","","333"
"Italy (IT)","01.08.2022 11:00 - 01.08.2022 12:00 (CET/CEST)","282","","324"
"Italy (IT)","01.08.2022 12:00 - 01.08.2022 13:00 (CET/CEST)","144","","323"
"Italy (IT)","01.08.2022 13:00 - 01.08.2022 14:00 (CET/CEST)","119","","314"
"Italy (IT)","01.08.2022 14:00 - 01.08.2022 15:00 (CET/CEST)","71","","358"
"Italy (IT)","01.08.2022 15:00 - 01.08.2022 16:00 (CET/CEST)","139","","358"
"Italy (IT)","01.08.2022 16:00 - 01.08.2022 17:00 (CET/CEST)","0","61","378"
"Italy (IT)","01.08.2022 17:00 - 01.08.2022 18:00 (CET/CEST)","160","","531"
"Italy (IT)","01.08.2022 18:00 - 01.08.2022 19:00 (CET/CEST)","1092","","579"
"Italy (IT)","01.08.2022 19:00 - 01.08.2022 20:00 (CET/CEST)","1683","","751"
"Italy (IT)","01.08.2022 20:00 - 01.08.2022 21:00 (CET/CEST)","1302","","696"
"Italy (IT)","01.08.2022 21:00 - 01.08.2022 22:00 (CET/CEST)","859","","700"
"Italy (IT)","01.08.2022 22:00 - 01.08.2022 23:00 (CET/CEST)","292","","570"
"Italy (IT)","01.08.2022 23:00 - 02.08.2022 00:00 (CET/CEST)","499","74","305"
"Italy (IT)","02.08.2022 00:00 - 02.08.2022 01:00 (CET/CEST)","4","79","224"
"Italy (IT)","02.08.2022 01:00 - 02.08.2022 02:00 (CET/CEST)","0","8","204"
"Italy (IT)","02.08.2022 02:00 - 02.08.2022 03:00 (CET/CEST)","0","150","206"
"Italy (IT)","02.08.2022 03:00 - 02.08.2022 04:00 (CET/CEST)","0","81","207"
"Italy (IT)","02.08.2022 04:00 - 02.08.2022 05:00 (CET/CEST)","0","150","204"
"Italy (IT)","02.08.2022 05:00 - 02.08.2022 06:00 (CET/CEST)","0","80","204"
"Italy (IT)","02.08.2022 06:00 - 02.08.2022 07:00 (CET/CEST)","49","","555"
"Italy (IT)","02.08.2022 07:00 - 02.08.2022 08:00 (CET/CEST)","653","","871"
"Italy (IT)","02.08.2022 08:00 - 02.08.2022 09:00 (CET/CEST)","1005","","1212"
"Italy (IT)","02.08.2022 09:00 - 02.08.2022 10:00 (CET/CEST)","636","","1178"
"Italy (IT)","02.08.2022 10:00 - 02.08.2022 11:00 (CET/CEST)","537","","602"
"Italy (IT)","02.08.2022 11:00 - 02.08.2022 12:00 (CET/CEST)","315","","529"
"Italy (IT)","02.08.2022 12:00 - 02.08.2022 13:00 (CET/CEST)","26","3","330"
"Italy (IT)","02.08.2022 13:00 - 02.08.2022 14:00 (CET/CEST)","0","109","288"
"Italy (IT)","02.08.2022 14:00 - 02.08.2022 15:00 (CET/CEST)","45","","309"
"Italy (IT)","02.08.2022 15:00 - 02.08.2022 16:00 (CET/CEST)","54","","448"
"Italy (IT)","02.08.2022 16:00 - 02.08.2022 17:00 (CET/CEST)","290","","372"
"Italy (IT)","02.08.2022 17:00 - 02.08.2022 18:00 (CET/CEST)","500","","661"
"Italy (IT)","02.08.2022 18:00 - 02.08.2022 19:00 (CET/CEST)","1377","","1205"
"Italy (IT)","02.08.2022 19:00 - 02.08.2022 20:00 (CET/CEST)","2627","55","1388"
"Italy (IT)","02.08.2022 20:00 - 02.08.2022 21:00 (CET/CEST)","2107","2","1248"
"Italy (IT)","02.08.2022 21:00 - 02.08.2022 22:00 (CET/CEST)","1411","","1137"
"Italy (IT)","02.08.2022 22:00 - 02.08.2022 23:00 (CET/CEST)","571","","632"
"Italy (IT)","02.08.2022 23:00 - 03.08.2022 00:00 (CET/CEST)","287","","245"
"Italy (IT)","03.08.2022 00:00 - 03.08.2022 01:00 (CET/CEST)","0","2","199"
"Italy (IT)","03.08.2022 01:00 - 03.08.2022 02:00 (CET/CEST)","0","401","199"
"Italy (IT)","03.08.2022 02:00 - 03.08.2022 03:00 (CET/CEST)","0","888","202"
"Italy (IT)","03.08.2022 03:00 - 03.08.2022 04:00 (CET/CEST)","0","990","202"
"Italy (IT)","03.08.2022 04:00 - 03.08.2022 05:00 (CET/CEST)","0","987","199"
"Italy (IT)","03.08.2022 05:00 - 03.08.2022 06:00 (CET/CEST)","0","980","199"
"Italy (IT)","03.08.2022 06:00 - 03.08.2022 07:00 (CET/CEST)","0","513","218"
"Italy (IT)","03.08.2022 07:00 - 03.08.2022 08:00 (CET/CEST)","166","79","549"
"Italy (IT)","03.08.2022 08:00 - 03.08.2022 09:00 (CET/CEST)","861","","813"
"Italy (IT)","03.08.2022 09:00 - 03.08.2022 10:00 (CET/CEST)","378","","544"
"Italy (IT)","03.08.2022 10:00 - 03.08.2022 11:00 (CET/CEST)","272","","279"
"Italy (IT)","03.08.2022 11:00 - 03.08.2022 12:00 (CET/CEST)","280","","264"
"Italy (IT)","03.08.2022 12:00 - 03.08.2022 13:00 (CET/CEST)","182","","641"
"Italy (IT)","03.08.2022 13:00 - 03.08.2022 14:00 (CET/CEST)","188","84","280"
"Italy (IT)","03.08.2022 14:00 - 03.08.2022 15:00 (CET/CEST)","179","","374"
"Italy (IT)","03.08.2022 15:00 - 03.08.2022 16:00 (CET/CEST)","220","","407"
"Italy (IT)","03.08.2022 16:00 - 03.08.2022 17:00 (CET/CEST)","224","","395"
"Italy (IT)","03.08.2022 17:00 - 03.08.2022 18:00 (CET/CEST)","720","","837"
"Italy (IT)","03.08.2022 18:00 - 03.08.2022 19:00 (CET/CEST)","2076","","1128"
"Italy (IT)","03.08.2022 19:00 - 03.08.2022 20:00 (CET/CEST)","3906","36","1311"
"Italy (IT)","03.08.2022 20:00 - 03.08.2022 21:00 (CET/CEST)","3766","","1334"
"Italy (IT)","03.08.2022 21:00 - 03.08.2022 22:00 (CET/CEST)","2470","","1337"
"Italy (IT)","03.08.2022 22:00 - 03.08.2022 23:00 (CET/CEST)","2075","","1137"
"Italy (IT)","03.08.2022 23:00 - 04.08.2022 00:00 (CET/CEST)","1481","4","866"
"Italy (IT)","04.08.2022 00:00 - 04.08.2022 01:00 (CET/CEST)","44","448","268"
"Italy (IT)","04.08.2022 01:00 - 04.08.2022 02:00 (CET/CEST)","13","842","199"
"Italy (IT)","04.08.2022 02:00 - 04.08.2022 03:00 (CET/CEST)","32","2339","229"
"Italy (IT)","04.08.2022 03:00 - 04.08.2022 04:00 (CET/CEST)","0","3177","241"
"Italy (IT)","04.08.2022 04:00 - 04.08.2022 05:00 (CET/CEST)","0","3283","237"
"Italy (IT)","04.08.2022 05:00 - 04.08.2022 06:00 (CET/CEST)","0","2317","208"
"Italy (IT)","04.08.2022 06:00 - 04.08.2022 07:00 (CET/CEST)","0","428","212"
"Italy (IT)","04.08.2022 07:00 - 04.08.2022 08:00 (CET/CEST)","354","2","422"
"Italy (IT)","04.08.2022 08:00 - 04.08.2022 09:00 (CET/CEST)","572","","893"
"Italy (IT)","04.08.2022 09:00 - 04.08.2022 10:00 (CET/CEST)","568","","740"
"Italy (IT)","04.08.2022 10:00 - 04.08.2022 11:00 (CET/CEST)","238","","685"
"Italy (IT)","04.08.2022 11:00 - 04.08.2022 12:00 (CET/CEST)","164","","642"
"Italy (IT)","04.08.2022 12:00 - 04.08.2022 13:00 (CET/CEST)","91","","649"
"Italy (IT)","04.08.2022 13:00 - 04.08.2022 14:00 (CET/CEST)","90","","701"
"Italy (IT)","04.08.2022 14:00 - 04.08.2022 15:00 (CET/CEST)","91","","800"
"Italy (IT)","04.08.2022 15:00 - 04.08.2022 16:00 (CET/CEST)","422","","795"
"Italy (IT)","04.08.2022 16:00 - 04.08.2022 17:00 (CET/CEST)","646","","1000"
"Italy (IT)","04.08.2022 17:00 - 04.08.2022 18:00 (CET/CEST)","1526","","1214"
"Italy (IT)","04.08.2022 18:00 - 04.08.2022 19:00 (CET/CEST)","2771","","1232"
"Italy (IT)","04.08.2022 19:00 - 04.08.2022 20:00 (CET/CEST)","3804","15","1353"
"Italy (IT)","04.08.2022 20:00 - 04.08.2022 21:00 (CET/CEST)","3971","","1310"
"Italy (IT)","04.08.2022 21:00 - 04.08.2022 22:00 (CET/CEST)","3668","","1288"
"Italy (IT)","04.08.2022 22:00 - 04.08.2022 23:00 (CET/CEST)","2067","","1136"
"Italy (IT)","04.08.2022 23:00 - 05.08.2022 00:00 (CET/CEST)","593","4","737"
"Italy (IT)","05.08.2022 00:00 - 05.08.2022 01:00 (CET/CEST)","0","71","382"
"Italy (IT)","05.08.2022 01:00 - 05.08.2022 02:00 (CET/CEST)","0","531","188"
"Italy (IT)","05.08.2022 02:00 - 05.08.2022 03:00 (CET/CEST)","0","576","188"
"Italy (IT)","05.08.2022 03:00 - 05.08.2022 04:00 (CET/CEST)","0","2047","227"
"Italy (IT)","05.08.2022 04:00 - 05.08.2022 05:00 (CET/CEST)","0","1834","223"
"Italy (IT)","05.08.2022 05:00 - 05.08.2022 06:00 (CET/CEST)","0","1637","226"
"Italy (IT)","05.08.2022 06:00 - 05.08.2022 07:00 (CET/CEST)","6","2","218"
"Italy (IT)","05.08.2022 07:00 - 05.08.2022 08:00 (CET/CEST)","128","","392"
"Italy (IT)","05.08.2022 08:00 - 05.08.2022 09:00 (CET/CEST)","301","","607"
"Italy (IT)","05.08.2022 09:00 - 05.08.2022 10:00 (CET/CEST)","301","","593"
"Italy (IT)","05.08.2022 10:00 - 05.08.2022 11:00 (CET/CEST)","125","","638"
"Italy (IT)","05.08.2022 11:00 - 05.08.2022 12:00 (CET/CEST)","35","119","600"
"Italy (IT)","05.08.2022 12:00 - 05.08.2022 13:00 (CET/CEST)","0","711","421"
"Italy (IT)","05.08.2022 13:00 - 05.08.2022 14:00 (CET/CEST)","0","897","302"
"Italy (IT)","05.08.2022 14:00 - 05.08.2022 15:00 (CET/CEST)","0","351","307"
"Italy (IT)","05.08.2022 15:00 - 05.08.2022 16:00 (CET/CEST)","271","249","429"
"Italy (IT)","05.08.2022 16:00 - 05.08.2022 17:00 (CET/CEST)","330","","622"
"Italy (IT)","05.08.2022 17:00 - 05.08.2022 18:00 (CET/CEST)","1323","","949"
"Italy (IT)","05.08.2022 18:00 - 05.08.2022 19:00 (CET/CEST)","2284","","992"
"Italy (IT)","05.08.2022 19:00 - 05.08.2022 20:00 (CET/CEST)","3281","","1153"
"Italy (IT)","05.08.2022 20:00 - 05.08.2022 21:00 (CET/CEST)","2881","","1312"
"Italy (IT)","05.08.2022 21:00 - 05.08.2022 22:00 (CET/CEST)","2222","","1249"
"Italy (IT)","05.08.2022 22:00 - 05.08.2022 23:00 (CET/CEST)","437","","940"
"Italy (IT)","05.08.2022 23:00 - 06.08.2022 00:00 (CET/CEST)","180","","631"
"Italy (IT)","06.08.2022 00:00 - 06.08.2022 01:00 (CET/CEST)","0","","837"
"Italy (IT)","06.08.2022 01:00 - 06.08.2022 02:00 (CET/CEST)","0","1","398"
"Italy (IT)","06.08.2022 02:00 - 06.08.2022 03:00 (CET/CEST)","0","1","258"
"Italy (IT)","06.08.2022 03:00 - 06.08.2022 04:00 (CET/CEST)","0","1","244"
"Italy (IT)","06.08.2022 04:00 - 06.08.2022 05:00 (CET/CEST)","0","1","234"
"Italy (IT)","06.08.2022 05:00 - 06.08.2022 06:00 (CET/CEST)","0","1","234"
"Italy (IT)","06.08.2022 06:00 - 06.08.2022 07:00 (CET/CEST)","0","1","278"
"Italy (IT)","06.08.2022 07:00 - 06.08.2022 08:00 (CET/CEST)","0","","312"
"Italy (IT)","06.08.2022 08:00 - 06.08.2022 09:00 (CET/CEST)","150","","365"
"Italy (IT)","06.08.2022 09:00 - 06.08.2022 10:00 (CET/CEST)","151","","301"
"Italy (IT)","06.08.2022 10:00 - 06.08.2022 11:00 (CET/CEST)","55","21","271"
"Italy (IT)","06.08.2022 11:00 - 06.08.2022 12:00 (CET/CEST)","56","1050","260"
"Italy (IT)","06.08.2022 12:00 - 06.08.2022 13:00 (CET/CEST)","0","1258","259"
"Italy (IT)","06.08.2022 13:00 - 06.08.2022 14:00 (CET/CEST)","0","1731","255"
"Italy (IT)","06.08.2022 14:00 - 06.08.2022 15:00 (CET/CEST)","0","1634","255"
"Italy (IT)","06.08.2022 15:00 - 06.08.2022 16:00 (CET/CEST)","0","1358","366"
"Italy (IT)","06.08.2022 16:00 - 06.08.2022 17:00 (CET/CEST)","23","425","309"
"Italy (IT)","06.08.2022 17:00 - 06.08.2022 18:00 (CET/CEST)","332","1","387"
"Italy (IT)","06.08.2022 18:00 - 06.08.2022 19:00 (CET/CEST)","635","","787"
"Italy (IT)","06.08.2022 19:00 - 06.08.2022 20:00 (CET/CEST)","2273","","824"
"Italy (IT)","06.08.2022 20:00 - 06.08.2022 21:00 (CET/CEST)","2655","","875"
"Italy (IT)","06.08.2022 21:00 - 06.08.2022 22:00 (CET/CEST)","2317","","798"
"Italy (IT)","06.08.2022 22:00 - 06.08.2022 23:00 (CET/CEST)","313","33","682"
"Italy (IT)","06.08.2022 23:00 - 07.08.2022 00:00 (CET/CEST)","110","155","277"
"Italy (IT)","07.08.2022 00:00 - 07.08.2022 01:00 (CET/CEST)","567","","371"
"Italy (IT)","07.08.2022 01:00 - 07.08.2022 02:00 (CET/CEST)","217","","287"
"Italy (IT)","07.08.2022 02:00 - 07.08.2022 03:00 (CET/CEST)","0","1","281"
"Italy (IT)","07.08.2022 03:00 - 07.08.2022 04:00 (CET/CEST)","0","","277"
"Italy (IT)","07.08.2022 04:00 - 07.08.2022 05:00 (CET/CEST)","0","","271"
"Italy (IT)","07.08.2022 05:00 - 07.08.2022 06:00 (CET/CEST)","0","1","282"
"Italy (IT)","07.08.2022 06:00 - 07.08.2022 07:00 (CET/CEST)","0","","287"
"Italy (IT)","07.08.2022 07:00 - 07.08.2022 08:00 (CET/CEST)","0","","355"
"Italy (IT)","07.08.2022 08:00 - 07.08.2022 09:00 (CET/CEST)","145","","575"
"Italy (IT)","07.08.2022 09:00 - 07.08.2022 10:00 (CET/CEST)","144","","375"
"Italy (IT)","07.08.2022 10:00 - 07.08.2022 11:00 (CET/CEST)","50","409","364"
"Italy (IT)","07.08.2022 11:00 - 07.08.2022 12:00 (CET/CEST)","49","418","351"
"Italy (IT)","07.08.2022 12:00 - 07.08.2022 13:00 (CET/CEST)","0","443","307"
"Italy (IT)","07.08.2022 13:00 - 07.08.2022 14:00 (CET/CEST)","0","749","293"
"Italy (IT)","07.08.2022 14:00 - 07.08.2022 15:00 (CET/CEST)","0","1189","299"
"Italy (IT)","07.08.2022 15:00 - 07.08.2022 16:00 (CET/CEST)","0","1632","274"
"Italy (IT)","07.08.2022 16:00 - 07.08.2022 17:00 (CET/CEST)","0","1404","318"
"Italy (IT)","07.08.2022 17:00 - 07.08.2022 18:00 (CET/CEST)","0","363","390"
"Italy (IT)","07.08.2022 18:00 - 07.08.2022 19:00 (CET/CEST)","590","","480"
"Italy (IT)","07.08.2022 19:00 - 07.08.2022 20:00 (CET/CEST)","842","36","770"
"Italy (IT)","07.08.2022 20:00 - 07.08.2022 21:00 (CET/CEST)","904","80","884"
"Italy (IT)","07.08.2022 21:00 - 07.08.2022 22:00 (CET/CEST)","1084","4","873"
"Italy (IT)","07.08.2022 22:00 - 07.08.2022 23:00 (CET/CEST)","650","","677"
"Italy (IT)","07.08.2022 23:00 - 08.08.2022 00:00 (CET/CEST)","587","","398"
"Italy (IT)","08.08.2022 00:00 - 08.08.2022 01:00 (CET/CEST)","8","","343"
"Italy (IT)","08.08.2022 01:00 - 08.08.2022 02:00 (CET/CEST)","0","171","342"
"Italy (IT)","08.08.2022 02:00 - 08.08.2022 03:00 (CET/CEST)","0","569","340"
"Italy (IT)","08.08.2022 03:00 - 08.08.2022 04:00 (CET/CEST)","0","1059","343"
"Italy (IT)","08.08.2022 04:00 - 08.08.2022 05:00 (CET/CEST)","0","498","339"
"Italy (IT)","08.08.2022 05:00 - 08.08.2022 06:00 (CET/CEST)","0","517","376"
"Italy (IT)","08.08.2022 06:00 - 08.08.2022 07:00 (CET/CEST)","0","175","343"
"Italy (IT)","08.08.2022 07:00 - 08.08.2022 08:00 (CET/CEST)","1","147","409"
"Italy (IT)","08.08.2022 08:00 - 08.08.2022 09:00 (CET/CEST)","261","","436"
"Italy (IT)","08.08.2022 09:00 - 08.08.2022 10:00 (CET/CEST)","264","","425"
"Italy (IT)","08.08.2022 10:00 - 08.08.2022 11:00 (CET/CEST)","144","","422"
"Italy (IT)","08.08.2022 11:00 - 08.08.2022 12:00 (CET/CEST)","142","","389"
"Italy (IT)","08.08.2022 12:00 - 08.08.2022 13:00 (CET/CEST)","94","","405"
"Italy (IT)","08.08.2022 13:00 - 08.08.2022 14:00 (CET/CEST)","94","","404"
"Italy (IT)","08.08.2022 14:00 - 08.08.2022 15:00 (CET/CEST)","276","1","401"
"Italy (IT)","08.08.2022 15:00 - 08.08.2022 16:00 (CET/CEST)","0","7","414"
"Italy (IT)","08.08.2022 16:00 - 08.08.2022 17:00 (CET/CEST)","310","","462"
"Italy (IT)","08.08.2022 17:00 - 08.08.2022 18:00 (CET/CEST)","691","","611"
"Italy (IT)","08.08.2022 18:00 - 08.08.2022 19:00 (CET/CEST)","1242","","720"
"Italy (IT)","08.08.2022 19:00 - 08.08.2022 20:00 (CET/CEST)","1719","22","1089"
"Italy (IT)","08.08.2022 20:00 - 08.08.2022 21:00 (CET/CEST)","1532","66","955"
"Italy (IT)","08.08.2022 21:00 - 08.08.2022 22:00 (CET/CEST)","1230","","869"
"Italy (IT)","08.08.2022 22:00 - 08.08.2022 23:00 (CET/CEST)","724","","711"
"Italy (IT)","08.08.2022 23:00 - 09.08.2022 00:00 (CET/CEST)","143","","469"
"Italy (IT)","09.08.2022 00:00 - 09.08.2022 01:00 (CET/CEST)","0","1","355"
"Italy (IT)","09.08.2022 01:00 - 09.08.2022 02:00 (CET/CEST)","0","35","348"
"Italy (IT)","09.08.2022 02:00 - 09.08.2022 03:00 (CET/CEST)","0","81","309"
"Italy (IT)","09.08.2022 03:00 - 09.08.2022 04:00 (CET/CEST)","1","81","295"
"Italy (IT)","09.08.2022 04:00 - 09.08.2022 05:00 (CET/CEST)","0","651","304"
"Italy (IT)","09.08.2022 05:00 - 09.08.2022 06:00 (CET/CEST)","0","402","304"
"Italy (IT)","09.08.2022 06:00 - 09.08.2022 07:00 (CET/CEST)","0","81","312"
"Italy (IT)","09.08.2022 07:00 - 09.08.2022 08:00 (CET/CEST)","2","80","524"
"Italy (IT)","09.08.2022 08:00 - 09.08.2022 09:00 (CET/CEST)","260","80","575"
"Italy (IT)","09.08.2022 09:00 - 09.08.2022 10:00 (CET/CEST)","362","29","363"
"Italy (IT)","09.08.2022 10:00 - 09.08.2022 11:00 (CET/CEST)","147","","351"
"Italy (IT)","09.08.2022 11:00 - 09.08.2022 12:00 (CET/CEST)","140","4","348"
"Italy (IT)","09.08.2022 12:00 - 09.08.2022 13:00 (CET/CEST)","0","221","356"
"Italy (IT)","09.08.2022 13:00 - 09.08.2022 14:00 (CET/CEST)","0","414","383"
"Italy (IT)","09.08.2022 14:00 - 09.08.2022 15:00 (CET/CEST)","0","214","471"
"Italy (IT)","09.08.2022 15:00 - 09.08.2022 16:00 (CET/CEST)","93","405","501"
"Italy (IT)","09.08.2022 16:00 - 09.08.2022 17:00 (CET/CEST)","59","286","448"
"Italy (IT)","09.08.2022 17:00 - 09.08.2022 18:00 (CET/CEST)","483","200","541"
"Italy (IT)","09.08.2022 18:00 - 09.08.2022 19:00 (CET/CEST)","519","71","555"
"Italy (IT)","09.08.2022 19:00 - 09.08.2022 20:00 (CET/CEST)","1102","","766"
"Italy (IT)","09.08.2022 20:00 - 09.08.2022 21:00 (CET/CEST)","1303","","762"
"Italy (IT)","09.08.2022 21:00 - 09.08.2022 22:00 (CET/CEST)","848","","567"
"Italy (IT)","09.08.2022 22:00 - 09.08.2022 23:00 (CET/CEST)","327","","462"
"Italy (IT)","09.08.2022 23:00 - 10.08.2022 00:00 (CET/CEST)","96","","473"
"Italy (IT)","10.08.2022 00:00 - 10.08.2022 01:00 (CET/CEST)","0","16","318"
"Italy (IT)","10.08.2022 01:00 - 10.08.2022 02:00 (CET/CEST)","0","81","277"
"Italy (IT)","10.08.2022 02:00 - 10.08.2022 03:00 (CET/CEST)","0","45","266"
"Italy (IT)","10.08.2022 03:00 - 10.08.2022 04:00 (CET/CEST)","0","3","265"
"Italy (IT)","10.08.2022 04:00 - 10.08.2022 05:00 (CET/CEST)","0","356","265"
"Italy (IT)","10.08.2022 05:00 - 10.08.2022 06:00 (CET/CEST)","0","360","267"
"Italy (IT)","10.08.2022 06:00 - 10.08.2022 07:00 (CET/CEST)","0","1","307"
"Italy (IT)","10.08.2022 07:00 - 10.08.2022 08:00 (CET/CEST)","127","","649"
"Italy (IT)","10.08.2022 08:00 - 10.08.2022 09:00 (CET/CEST)","396","","838"
"Italy (IT)","10.08.2022 09:00 - 10.08.2022 10:00 (CET/CEST)","469","","488"
"Italy (IT)","10.08.2022 10:00 - 10.08.2022 11:00 (CET/CEST)","378","51","449"
"Italy (IT)","10.08.2022 11:00 - 10.08.2022 12:00 (CET/CEST)","106","482","434"
"Italy (IT)","10.08.2022 12:00 - 10.08.2022 13:00 (CET/CEST)","55","510","417"
"Italy (IT)","10.08.2022 13:00 - 10.08.2022 14:00 (CET/CEST)","0","451","402"
"Italy (IT)","10.08.2022 14:00 - 10.08.2022 15:00 (CET/CEST)","0","240","380"
"Italy (IT)","10.08.2022 15:00 - 10.08.2022 16:00 (CET/CEST)","94","229","394"
"Italy (IT)","10.08.2022 16:00 - 10.08.2022 17:00 (CET/CEST)","370","22","411"
"Italy (IT)","10.08.2022 17:00 - 10.08.2022 18:00 (CET/CEST)","639","","504"
"Italy (IT)","10.08.2022 18:00 - 10.08.2022 19:00 (CET/CEST)","1274","","556"
"Italy (IT)","10.08.2022 19:00 - 10.08.2022 20:00 (CET/CEST)","2514","","833"
"Italy (IT)","10.08.2022 20:00 - 10.08.2022 21:00 (CET/CEST)","2369","","1061"
"Italy (IT)","10.08.2022 21:00 - 10.08.2022 22:00 (CET/CEST)","1839","","922"
"Italy (IT)","10.08.2022 22:00 - 10.08.2022 23:00 (CET/CEST)","1119","","540"
"Italy (IT)","10.08.2022 23:00 - 11.08.2022 00:00 (CET/CEST)","382","","471"
"Italy (IT)","11.08.2022 00:00 - 11.08.2022 01:00 (CET/CEST)","33","","245"
"Italy (IT)","11.08.2022 01:00 - 11.08.2022 02:00 (CET/CEST)","0","19","224"
"Italy (IT)","11.08.2022 02:00 - 11.08.2022 03:00 (CET/CEST)","0","81","214"
"Italy (IT)","11.08.2022 03:00 - 11.08.2022 04:00 (CET/CEST)","0","81","211"
"Italy (IT)","11.08.2022 04:00 - 11.08.2022 05:00 (CET/CEST)","0","81","211"
"Italy (IT)","11.08.2022 05:00 - 11.08.2022 06:00 (CET/CEST)","93","63","214"
"Italy (IT)","11.08.2022 06:00 - 11.08.2022 07:00 (CET/CEST)","356","","300"
"Italy (IT)","11.08.2022 07:00 - 11.08.2022 08:00 (CET/CEST)","525","","377"
"Italy (IT)","11.08.2022 08:00 - 11.08.2022 09:00 (CET/CEST)","774","54","730"
"Italy (IT)","11.08.2022 09:00 - 11.08.2022 10:00 (CET/CEST)","654","69","594"
"Italy (IT)","11.08.2022 10:00 - 11.08.2022 11:00 (CET/CEST)","456","38","397"
"Italy (IT)","11.08.2022 11:00 - 11.08.2022 12:00 (CET/CEST)","510","68","374"
"Italy (IT)","11.08.2022 12:00 - 11.08.2022 13:00 (CET/CEST)","300","33","360"
"Italy (IT)","11.08.2022 13:00 - 11.08.2022 14:00 (CET/CEST)","203","149","392"
"Italy (IT)","11.08.2022 14:00 - 11.08.2022 15:00 (CET/CEST)","203","148","386"
"Italy (IT)","11.08.2022 15:00 - 11.08.2022 16:00 (CET/CEST)","204","148","396"
"Italy (IT)","11.08.2022 16:00 - 11.08.2022 17:00 (CET/CEST)","408","147","487"
"Italy (IT)","11.08.2022 17:00 - 11.08.2022 18:00 (CET/CEST)","665","28","526"
"Italy (IT)","11.08.2022 18:00 - 11.08.2022 19:00 (CET/CEST)","936","","632"
"Italy (IT)","11.08.2022 19:00 - 11.08.2022 20:00 (CET/CEST)","1640","","833"
"Italy (IT)","11.08.2022 20:00 - 11.08.2022 21:00 (CET/CEST)","1751","","987"
"Italy (IT)","11.08.2022 21:00 - 11.08.2022 22:00 (CET/CEST)","1767","","675"
"Italy (IT)","11.08.2022 22:00 - 11.08.2022 23:00 (CET/CEST)","645","","526"
"Italy (IT)","11.08.2022 23:00 - 12.08.2022 00:00 (CET/CEST)","276","28","442"
"Italy (IT)","12.08.2022 00:00 - 12.08.2022 01:00 (CET/CEST)","1","80","395"
"Italy (IT)","12.08.2022 01:00 - 12.08.2022 02:00 (CET/CEST)","0","81","234"
"Italy (IT)","12.08.2022 02:00 - 12.08.2022 03:00 (CET/CEST)","0","286","231"
"Italy (IT)","12.08.2022 03:00 - 12.08.2022 04:00 (CET/CEST)","0","322","220"
"Italy (IT)","12.08.2022 04:00 - 12.08.2022 05:00 (CET/CEST)","9","81","232"
"Italy (IT)","12.08.2022 05:00 - 12.08.2022 06:00 (CET/CEST)","2","80","242"
"Italy (IT)","12.08.2022 06:00 - 12.08.2022 07:00 (CET/CEST)","245","79","474"
"Italy (IT)","12.08.2022 07:00 - 12.08.2022 08:00 (CET/CEST)","361","","631"
"Italy (IT)","12.08.2022 08:00 - 12.08.2022 09:00 (CET/CEST)","695","38","918"
"Italy (IT)","12.08.2022 09:00 - 12.08.2022 10:00 (CET/CEST)","272","80","494"
"Italy (IT)","12.08.2022 10:00 - 12.08.2022 11:00 (CET/CEST)","145","71","344"
"Italy (IT)","12.08.2022 11:00 - 12.08.2022 12:00 (CET/CEST)","140","2","353"
"Italy (IT)","12.08.2022 12:00 - 12.08.2022 13:00 (CET/CEST)","90","","318"
"Italy (IT)","12.08.2022 13:00 - 12.08.2022 14:00 (CET/CEST)","0","14","305"
"Italy (IT)","12.08.2022 14:00 - 12.08.2022 15:00 (CET/CEST)","0","116","314"
"Italy (IT)","12.08.2022 15:00 - 12.08.2022 16:00 (CET/CEST)","0","16","334"
"Italy (IT)","12.08.2022 16:00 - 12.08.2022 17:00 (CET/CEST)","158","","387"
"Italy (IT)","12.08.2022 17:00 - 12.08.2022 18:00 (CET/CEST)","339","","485"
"Italy (IT)","12.08.2022 18:00 - 12.08.2022 19:00 (CET/CEST)","451","","492"
"Italy (IT)","12.08.2022 19:00 - 12.08.2022 20:00 (CET/CEST)","782","","619"
"Italy (IT)","12.08.2022 20:00 - 12.08.2022 21:00 (CET/CEST)","977","","605"
"Italy (IT)","12.08.2022 21:00 - 12.08.2022 22:00 (CET/CEST)","737","","510"
"Italy (IT)","12.08.2022 22:00 - 12.08.2022 23:00 (CET/CEST)","327","13","395"
"Italy (IT)","12.08.2022 23:00 - 13.08.2022 00:00 (CET/CEST)","230","80","387"
"Italy (IT)","13.08.2022 00:00 - 13.08.2022 01:00 (CET/CEST)","3","80","320"
"Italy (IT)","13.08.2022 01:00 - 13.08.2022 02:00 (CET/CEST)","5","80","243"
"Italy (IT)","13.08.2022 02:00 - 13.08.2022 03:00 (CET/CEST)","10","150","248"
"Italy (IT)","13.08.2022 03:00 - 13.08.2022 04:00 (CET/CEST)","9","200","249"
"Italy (IT)","13.08.2022 04:00 - 13.08.2022 05:00 (CET/CEST)","9","381","222"
"Italy (IT)","13.08.2022 05:00 - 13.08.2022 06:00 (CET/CEST)","122","125","284"
"Italy (IT)","13.08.2022 06:00 - 13.08.2022 07:00 (CET/CEST)","266","","458"
"Italy (IT)","13.08.2022 07:00 - 13.08.2022 08:00 (CET/CEST)","289","","545"
"Italy (IT)","13.08.2022 08:00 - 13.08.2022 09:00 (CET/CEST)","420","","407"
"Italy (IT)","13.08.2022 09:00 - 13.08.2022 10:00 (CET/CEST)","177","135","342"
"Italy (IT)","13.08.2022 10:00 - 13.08.2022 11:00 (CET/CEST)","79","445","318"
"Italy (IT)","13.08.2022 11:00 - 13.08.2022 12:00 (CET/CEST)","0","933","312"
"Italy (IT)","13.08.2022 12:00 - 13.08.2022 13:00 (CET/CEST)","0","1208","295"
"Italy (IT)","13.08.2022 13:00 - 13.08.2022 14:00 (CET/CEST)","0","1151","293"
"Italy (IT)","13.08.2022 14:00 - 13.08.2022 15:00 (CET/CEST)","0","1013","299"
"Italy (IT)","13.08.2022 15:00 - 13.08.2022 16:00 (CET/CEST)","0","1577","302"
"Italy (IT)","13.08.2022 16:00 - 13.08.2022 17:00 (CET/CEST)","0","1446","324"
"Italy (IT)","13.08.2022 17:00 - 13.08.2022 18:00 (CET/CEST)","53","648","402"
"Italy (IT)","13.08.2022 18:00 - 13.08.2022 19:00 (CET/CEST)","98","1","465"
"Italy (IT)","13.08.2022 19:00 - 13.08.2022 20:00 (CET/CEST)","1108","","615"
"Italy (IT)","13.08.2022 20:00 - 13.08.2022 21:00 (CET/CEST)","1187","","730"
"Italy (IT)","13.08.2022 21:00 - 13.08.2022 22:00 (CET/CEST)","732","","596"
"Italy (IT)","13.08.2022 22:00 - 13.08.2022 23:00 (CET/CEST)","496","","492"
"Italy (IT)","13.08.2022 23:00 - 14.08.2022 00:00 (CET/CEST)","365","","501"
"Italy (IT)","14.08.2022 00:00 - 14.08.2022 01:00 (CET/CEST)","9","","420"
"Italy (IT)","14.08.2022 01:00 - 14.08.2022 02:00 (CET/CEST)","9","34","326"
"Italy (IT)","14.08.2022 02:00 - 14.08.2022 03:00 (CET/CEST)","8","80","310"
"Italy (IT)","14.08.2022 03:00 - 14.08.2022 04:00 (CET/CEST)","18","115","250"
"Italy (IT)","14.08.2022 04:00 - 14.08.2022 05:00 (CET/CEST)","21","158","223"
"Italy (IT)","14.08.2022 05:00 - 14.08.2022 06:00 (CET/CEST)","277","317","227"
"Italy (IT)","14.08.2022 06:00 - 14.08.2022 07:00 (CET/CEST)","367","391","225"
"Italy (IT)","14.08.2022 07:00 - 14.08.2022 08:00 (CET/CEST)","92","297","282"
"Italy (IT)","14.08.2022 08:00 - 14.08.2022 09:00 (CET/CEST)","109","225","346"
"Italy (IT)","14.08.2022 09:00 - 14.08.2022 10:00 (CET/CEST)","0","564","313"
"Italy (IT)","14.08.2022 10:00 - 14.08.2022 11:00 (CET/CEST)","0","548","312"
"Italy (IT)","14.08.2022 11:00 - 14.08.2022 12:00 (CET/CEST)","0","939","303"
"Italy (IT)","14.08.2022 12:00 - 14.08.2022 13:00 (CET/CEST)","0","917","288"
"Italy (IT)","14.08.2022 13:00 - 14.08.2022 14:00 (CET/CEST)","0","808","288"
"Italy (IT)","14.08.2022 14:00 - 14.08.2022 15:00 (CET/CEST)","0","805","283"
"Italy (IT)","14.08.2022 15:00 - 14.08.2022 16:00 (CET/CEST)","0","802","281"
"Italy (IT)","14.08.2022 16:00 - 14.08.2022 17:00 (CET/CEST)","0","417","261"
"Italy (IT)","14.08.2022 17:00 - 14.08.2022 18:00 (CET/CEST)","0","590","372"
"Italy (IT)","14.08.2022 18:00 - 14.08.2022 19:00 (CET/CEST)","685","57","525"
"Italy (IT)","14.08.2022 19:00 - 14.08.2022 20:00 (CET/CEST)","2491","","773"
"Italy (IT)","14.08.2022 20:00 - 14.08.2022 21:00 (CET/CEST)","3629","","988"
"Italy (IT)","14.08.2022 21:00 - 14.08.2022 22:00 (CET/CEST)","3045","","731"
"Italy (IT)","14.08.2022 22:00 - 14.08.2022 23:00 (CET/CEST)","1747","","516"
"Italy (IT)","14.08.2022 23:00 - 15.08.2022 00:00 (CET/CEST)","1042","","509"
"Italy (IT)","15.08.2022 00:00 - 15.08.2022 01:00 (CET/CEST)","714","188","449"
"Italy (IT)","15.08.2022 01:00 - 15.08.2022 02:00 (CET/CEST)","11","209","309"
"Italy (IT)","15.08.2022 02:00 - 15.08.2022 03:00 (CET/CEST)","10","169","309"
"Italy (IT)","15.08.2022 03:00 - 15.08.2022 04:00 (CET/CEST)","9","185","175"
"Italy (IT)","15.08.2022 04:00 - 15.08.2022 05:00 (CET/CEST)","8","240","151"
"Italy (IT)","15.08.2022 05:00 - 15.08.2022 06:00 (CET/CEST)","11","236","151"
"Italy (IT)","15.08.2022 06:00 - 15.08.2022 07:00 (CET/CEST)","84","235","169"
"Italy (IT)","15.08.2022 07:00 - 15.08.2022 08:00 (CET/CEST)","116","128","327"
"Italy (IT)","15.08.2022 08:00 - 15.08.2022 09:00 (CET/CEST)","319","79","388"
"Italy (IT)","15.08.2022 09:00 - 15.08.2022 10:00 (CET/CEST)","206","2","305"
"Italy (IT)","15.08.2022 10:00 - 15.08.2022 11:00 (CET/CEST)","220","","283"
"Italy (IT)","15.08.2022 11:00 - 15.08.2022 12:00 (CET/CEST)","210","","224"
"Italy (IT)","15.08.2022 12:00 - 15.08.2022 13:00 (CET/CEST)","121","15","220"
"Italy (IT)","15.08.2022 13:00 - 15.08.2022 14:00 (CET/CEST)","","1568","261"
"Italy (IT)","15.08.2022 14:00 - 15.08.2022 15:00 (CET/CEST)","0","1831","227"
"Italy (IT)","15.08.2022 15:00 - 15.08.2022 16:00 (CET/CEST)","0","2014","314"
"Italy (IT)","15.08.2022 16:00 - 15.08.2022 17:00 (CET/CEST)","0","125","280"
"Italy (IT)","15.08.2022 17:00 - 15.08.2022 18:00 (CET/CEST)","327","","469"
"Italy (IT)","15.08.2022 18:00 - 15.08.2022 19:00 (CET/CEST)","994","","670"
"Italy (IT)","15.08.2022 19:00 - 15.08.2022 20:00 (CET/CEST)","1650","","727"
"Italy (IT)","15.08.2022 20:00 - 15.08.2022 21:00 (CET/CEST)","1846","","815"
"Italy (IT)","15.08.2022 21:00 - 15.08.2022 22:00 (CET/CEST)","1679","","717"
"Italy (IT)","15.08.2022 22:00 - 15.08.2022 23:00 (CET/CEST)","1443","","522"
"Italy (IT)","15.08.2022 23:00 - 16.08.2022 00:00 (CET/CEST)","303","","457"
"Italy (IT)","16.08.2022 00:00 - 16.08.2022 01:00 (CET/CEST)","138","","202"
"Italy (IT)","16.08.2022 01:00 - 16.08.2022 02:00 (CET/CEST)","0","779","164"
"Italy (IT)","16.08.2022 02:00 - 16.08.2022 03:00 (CET/CEST)","0","1418","191"
"Italy (IT)","16.08.2022 03:00 - 16.08.2022 04:00 (CET/CEST)","94","2337","180"
"Italy (IT)","16.08.2022 04:00 - 16.08.2022 05:00 (CET/CEST)","13","2447","185"
"Italy (IT)","16.08.2022 05:00 - 16.08.2022 06:00 (CET/CEST)","0","1549","228"
"Italy (IT)","16.08.2022 06:00 - 16.08.2022 07:00 (CET/CEST)","345","3","374"
"Italy (IT)","16.08.2022 07:00 - 16.08.2022 08:00 (CET/CEST)","275","","624"
"Italy (IT)","16.08.2022 08:00 - 16.08.2022 09:00 (CET/CEST)","1029","","602"
"Italy (IT)","16.08.2022 09:00 - 16.08.2022 10:00 (CET/CEST)","457","","590"
"Italy (IT)","16.08.2022 10:00 - 16.08.2022 11:00 (CET/CEST)","196","","371"
"Italy (IT)","16.08.2022 11:00 - 16.08.2022 12:00 (CET/CEST)","51","68","292"
"Italy (IT)","16.08.2022 12:00 - 16.08.2022 13:00 (CET/CEST)","0","195","253"
"Italy (IT)","16.08.2022 13:00 - 16.08.2022 14:00 (CET/CEST)","0","218","259"
"Italy (IT)","16.08.2022 14:00 - 16.08.2022 15:00 (CET/CEST)","0","52","229"
"Italy (IT)","16.08.2022 15:00 - 16.08.2022 16:00 (CET/CEST)","8","21","226"
"Italy (IT)","16.08.2022 16:00 - 16.08.2022 17:00 (CET/CEST)","289","47","242"
"Italy (IT)","16.08.2022 17:00 - 16.08.2022 18:00 (CET/CEST)","625","","526"
"Italy (IT)","16.08.2022 18:00 - 16.08.2022 19:00 (CET/CEST)","1098","","1143"
"Italy (IT)","16.08.2022 19:00 - 16.08.2022 20:00 (CET/CEST)","3385","","1110"
"Italy (IT)","16.08.2022 20:00 - 16.08.2022 21:00 (CET/CEST)","4070","","1184"
"Italy (IT)","16.08.2022 21:00 - 16.08.2022 22:00 (CET/CEST)","1650","","1100"
"Italy (IT)","16.08.2022 22:00 - 16.08.2022 23:00 (CET/CEST)","1171","","944"
"Italy (IT)","16.08.2022 23:00 - 17.08.2022 00:00 (CET/CEST)","463","","562"
"Italy (IT)","17.08.2022 00:00 - 17.08.2022 01:00 (CET/CEST)","0","40","219"
"Italy (IT)","17.08.2022 01:00 - 17.08.2022 02:00 (CET/CEST)","0","62","168"
"Italy (IT)","17.08.2022 02:00 - 17.08.2022 03:00 (CET/CEST)","0","211","164"
"Italy (IT)","17.08.2022 03:00 - 17.08.2022 04:00 (CET/CEST)","0","912","159"
"Italy (IT)","17.08.2022 04:00 - 17.08.2022 05:00 (CET/CEST)","0","911","172"
"Italy (IT)","17.08.2022 05:00 - 17.08.2022 06:00 (CET/CEST)","0","639","193"
"Italy (IT)","17.08.2022 06:00 - 17.08.2022 07:00 (CET/CEST)","53","2","461"
"Italy (IT)","17.08.2022 07:00 - 17.08.2022 08:00 (CET/CEST)","50","","553"
"Italy (IT)","17.08.2022 08:00 - 17.08.2022 09:00 (CET/CEST)","453","","602"
"Italy (IT)","17.08.2022 09:00 - 17.08.2022 10:00 (CET/CEST)","445","","424"
"Italy (IT)","17.08.2022 10:00 - 17.08.2022 11:00 (CET/CEST)","517","","345"
"Italy (IT)","17.08.2022 11:00 - 17.08.2022 12:00 (CET/CEST)","285","","306"
"Italy (IT)","17.08.2022 12:00 - 17.08.2022 13:00 (CET/CEST)","234","","277"
"Italy (IT)","17.08.2022 13:00 - 17.08.2022 14:00 (CET/CEST)","274","","274"
"Italy (IT)","17.08.2022 14:00 - 17.08.2022 15:00 (CET/CEST)","212","","271"
"Italy (IT)","17.08.2022 15:00 - 17.08.2022 16:00 (CET/CEST)","134","1","234"
"Italy (IT)","17.08.2022 16:00 - 17.08.2022 17:00 (CET/CEST)","201","","345"
"Italy (IT)","17.08.2022 17:00 - 17.08.2022 18:00 (CET/CEST)","685","","532"
"Italy (IT)","17.08.2022 18:00 - 17.08.2022 19:00 (CET/CEST)","1741","","595"
"Italy (IT)","17.08.2022 19:00 - 17.08.2022 20:00 (CET/CEST)","2883","","744"
"Italy (IT)","17.08.2022 20:00 - 17.08.2022 21:00 (CET/CEST)","2989","","703"
"Italy (IT)","17.08.2022 21:00 - 17.08.2022 22:00 (CET/CEST)","1144","","689"
"Italy (IT)","17.08.2022 22:00 - 17.08.2022 23:00 (CET/CEST)","315","","355"
"Italy (IT)","17.08.2022 23:00 - 18.08.2022 00:00 (CET/CEST)","1","8","252"
"Italy (IT)","18.08.2022 00:00 - 18.08.2022 01:00 (CET/CEST)","0","38","161"
"Italy (IT)","18.08.2022 01:00 - 18.08.2022 02:00 (CET/CEST)","0","52","140"
"Italy (IT)","18.08.2022 02:00 - 18.08.2022 03:00 (CET/CEST)","","1412","140"
"Italy (IT)","18.08.2022 03:00 - 18.08.2022 04:00 (CET/CEST)","","1494","140"
"Italy (IT)","18.08.2022 04:00 - 18.08.2022 05:00 (CET/CEST)","","1462","140"
"Italy (IT)","18.08.2022 05:00 - 18.08.2022 06:00 (CET/CEST)","","4","170"
"Italy (IT)","18.08.2022 06:00 - 18.08.2022 07:00 (CET/CEST)","0","1","199"
"Italy (IT)","18.08.2022 07:00 - 18.08.2022 08:00 (CET/CEST)","153","","459"
"Italy (IT)","18.08.2022 08:00 - 18.08.2022 09:00 (CET/CEST)","921","","608"
"Italy (IT)","18.08.2022 09:00 - 18.08.2022 10:00 (CET/CEST)","911","61","534"
"Italy (IT)","18.08.2022 10:00 - 18.08.2022 11:00 (CET/CEST)","1109","43","411"
"Italy (IT)","18.08.2022 11:00 - 18.08.2022 12:00 (CET/CEST)","865","","594"
"Italy (IT)","18.08.2022 12:00 - 18.08.2022 13:00 (CET/CEST)","537","","673"
"Italy (IT)","18.08.2022 13:00 - 18.08.2022 14:00 (CET/CEST)","9","","314"
"Italy (IT)","18.08.2022 14:00 - 18.08.2022 15:00 (CET/CEST)","0","296","288"
"Italy (IT)","18.08.2022 15:00 - 18.08.2022 16:00 (CET/CEST)","21","794","280"
"Italy (IT)","18.08.2022 16:00 - 18.08.2022 17:00 (CET/CEST)","15","709","295"
"Italy (IT)","18.08.2022 17:00 - 18.08.2022 18:00 (CET/CEST)","475","","410"
"Italy (IT)","18.08.2022 18:00 - 18.08.2022 19:00 (CET/CEST)","1078","","477"
"Italy (IT)","18.08.2022 19:00 - 18.08.2022 20:00 (CET/CEST)","1423","","772"
"Italy (IT)","18.08.2022 20:00 - 18.08.2022 21:00 (CET/CEST)","1193","","645"
"Italy (IT)","18.08.2022 21:00 - 18.08.2022 22:00 (CET/CEST)","1061","","413"
"Italy (IT)","18.08.2022 22:00 - 18.08.2022 23:00 (CET/CEST)","283","","255"
"Italy (IT)","18.08.2022 23:00 - 19.08.2022 00:00 (CET/CEST)","39","","214"
"Italy (IT)","19.08.2022 00:00 - 19.08.2022 01:00 (CET/CEST)","0","151","166"
"Italy (IT)","19.08.2022 01:00 - 19.08.2022 02:00 (CET/CEST)","0","755","163"
"Italy (IT)","19.08.2022 02:00 - 19.08.2022 03:00 (CET/CEST)","0","975","144"
"Italy (IT)","19.08.2022 03:00 - 19.08.2022 04:00 (CET/CEST)","0","1132","151"
"Italy (IT)","19.08.2022 04:00 - 19.08.2022 05:00 (CET/CEST)","0","1386","151"
"Italy (IT)","19.08.2022 05:00 - 19.08.2022 06:00 (CET/CEST)","0","427","176"
"Italy (IT)","19.08.2022 06:00 - 19.08.2022 07:00 (CET/CEST)","0","1","268"
"Italy (IT)","19.08.2022 07:00 - 19.08.2022 08:00 (CET/CEST)","242","","465"
"Italy (IT)","19.08.2022 08:00 - 19.08.2022 09:00 (CET/CEST)","1354","","506"
"Italy (IT)","19.08.2022 09:00 - 19.08.2022 10:00 (CET/CEST)","1264","60","654"
"Italy (IT)","19.08.2022 10:00 - 19.08.2022 11:00 (CET/CEST)","1031","159","797"
"Italy (IT)","19.08.2022 11:00 - 19.08.2022 12:00 (CET/CEST)","702","159","588"
"Italy (IT)","19.08.2022 12:00 - 19.08.2022 13:00 (CET/CEST)","119","159","319"
"Italy (IT)","19.08.2022 13:00 - 19.08.2022 14:00 (CET/CEST)","96","159","249"
"Italy (IT)","19.08.2022 14:00 - 19.08.2022 15:00 (CET/CEST)","94","159","251"
"Italy (IT)","19.08.2022 15:00 - 19.08.2022 16:00 (CET/CEST)","0","159","253"
"Italy (IT)","19.08.2022 16:00 - 19.08.2022 17:00 (CET/CEST)","0","158","289"
"Italy (IT)","19.08.2022 17:00 - 19.08.2022 18:00 (CET/CEST)","594","158","353"
"Italy (IT)","19.08.2022 18:00 - 19.08.2022 19:00 (CET/CEST)","1160","158","428"
"Italy (IT)","19.08.2022 19:00 - 19.08.2022 20:00 (CET/CEST)","1304","98","673"
"Italy (IT)","19.08.2022 20:00 - 19.08.2022 21:00 (CET/CEST)","1480","","854"
"Italy (IT)","19.08.2022 21:00 - 19.08.2022 22:00 (CET/CEST)","1418","","706"
"Italy (IT)","19.08.2022 22:00 - 19.08.2022 23:00 (CET/CEST)","657","","401"
"Italy (IT)","19.08.2022 23:00 - 20.08.2022 00:00 (CET/CEST)","105","","332"
"Italy (IT)","20.08.2022 00:00 - 20.08.2022 01:00 (CET/CEST)","118","1","214"
"Italy (IT)","20.08.2022 01:00 - 20.08.2022 02:00 (CET/CEST)","1","1","205"
"Italy (IT)","20.08.2022 02:00 - 20.08.2022 03:00 (CET/CEST)","0","1","177"
"Italy (IT)","20.08.2022 03:00 - 20.08.2022 04:00 (CET/CEST)","0","1","178"
"Italy (IT)","20.08.2022 04:00 - 20.08.2022 05:00 (CET/CEST)","0","1","168"
"Italy (IT)","20.08.2022 05:00 - 20.08.2022 06:00 (CET/CEST)","2","1","173"
"Italy (IT)","20.08.2022 06:00 - 20.08.2022 07:00 (CET/CEST)","412","","245"
"Italy (IT)","20.08.2022 07:00 - 20.08.2022 08:00 (CET/CEST)","370","","287"
"Italy (IT)","20.08.2022 08:00 - 20.08.2022 09:00 (CET/CEST)","523","","314"
"Italy (IT)","20.08.2022 09:00 - 20.08.2022 10:00 (CET/CEST)","187","","283"
"Italy (IT)","20.08.2022 10:00 - 20.08.2022 11:00 (CET/CEST)","52","292","251"
"Italy (IT)","20.08.2022 11:00 - 20.08.2022 12:00 (CET/CEST)","53","365","208"
"Italy (IT)","20.08.2022 12:00 - 20.08.2022 13:00 (CET/CEST)","3","843","207"
"Italy (IT)","20.08.2022 13:00 - 20.08.2022 14:00 (CET/CEST)","0","893","193"
"Italy (IT)","20.08.2022 14:00 - 20.08.2022 15:00 (CET/CEST)","0","892","193"
"Italy (IT)","20.08.2022 15:00 - 20.08.2022 16:00 (CET/CEST)","0","934","195"
"Italy (IT)","20.08.2022 16:00 - 20.08.2022 17:00 (CET/CEST)","0","688","215"
"Italy (IT)","20.08.2022 17:00 - 20.08.2022 18:00 (CET/CEST)","96","320","338"
"Italy (IT)","20.08.2022 18:00 - 20.08.2022 19:00 (CET/CEST)","708","","769"
"Italy (IT)","20.08.2022 19:00 - 20.08.2022 20:00 (CET/CEST)","2057","","634"
"Italy (IT)","20.08.2022 20:00 - 20.08.2022 21:00 (CET/CEST)","3377","","546"
"Italy (IT)","20.08.2022 21:00 - 20.08.2022 22:00 (CET/CEST)","2904","28","510"
"Italy (IT)","20.08.2022 22:00 - 20.08.2022 23:00 (CET/CEST)","1491","80","702"
"Italy (IT)","20.08.2022 23:00 - 21.08.2022 00:00 (CET/CEST)","789","80","314"
"Italy (IT)","21.08.2022 00:00 - 21.08.2022 01:00 (CET/CEST)","683","80","244"
"Italy (IT)","21.08.2022 01:00 - 21.08.2022 02:00 (CET/CEST)","346","42","227"
"Italy (IT)","21.08.2022 02:00 - 21.08.2022 03:00 (CET/CEST)","2","6","199"
"Italy (IT)","21.08.2022 03:00 - 21.08.2022 04:00 (CET/CEST)","8","92","202"
"Italy (IT)","21.08.2022 04:00 - 21.08.2022 05:00 (CET/CEST)","8","202","170"
"Italy (IT)","21.08.2022 05:00 - 21.08.2022 06:00 (CET/CEST)","8","202","170"
"Italy (IT)","21.08.2022 06:00 - 21.08.2022 07:00 (CET/CEST)","8","202","189"
"Italy (IT)","21.08.2022 07:00 - 21.08.2022 08:00 (CET/CEST)","10","216","208"
"Italy (IT)","21.08.2022 08:00 - 21.08.2022 09:00 (CET/CEST)","0","334","197"
"Italy (IT)","21.08.2022 09:00 - 21.08.2022 10:00 (CET/CEST)","","756","181"
"Italy (IT)","21.08.2022 10:00 - 21.08.2022 11:00 (CET/CEST)","","891","162"
"Italy (IT)","21.08.2022 11:00 - 21.08.2022 12:00 (CET/CEST)","","916","159"
"Italy (IT)","21.08.2022 12:00 - 21.08.2022 13:00 (CET/CEST)","4","865","161"
"Italy (IT)","21.08.2022 13:00 - 21.08.2022 14:00 (CET/CEST)","0","1085","159"
"Italy (IT)","21.08.2022 14:00 - 21.08.2022 15:00 (CET/CEST)","","1600","160"
"Italy (IT)","21.08.2022 15:00 - 21.08.2022 16:00 (CET/CEST)","","2118","163"
"Italy (IT)","21.08.2022 16:00 - 21.08.2022 17:00 (CET/CEST)","","1834","170"
"Italy (IT)","21.08.2022 17:00 - 21.08.2022 18:00 (CET/CEST)","52","809","265"
"Italy (IT)","21.08.2022 18:00 - 21.08.2022 19:00 (CET/CEST)","216","118","385"
"Italy (IT)","21.08.2022 19:00 - 21.08.2022 20:00 (CET/CEST)","1561","28","783"
"Italy (IT)","21.08.2022 20:00 - 21.08.2022 21:00 (CET/CEST)","1970","","1125"
"Italy (IT)","21.08.2022 21:00 - 21.08.2022 22:00 (CET/CEST)","1759","","880"
"Italy (IT)","21.08.2022 22:00 - 21.08.2022 23:00 (CET/CEST)","1125","","484"
"Italy (IT)","21.08.2022 23:00 - 22.08.2022 00:00 (CET/CEST)","247","","487"
"Italy (IT)","22.08.2022 00:00 - 22.08.2022 01:00 (CET/CEST)","0","75","159"
"Italy (IT)","22.08.2022 01:00 - 22.08.2022 02:00 (CET/CEST)","0","582","163"
"Italy (IT)","22.08.2022 02:00 - 22.08.2022 03:00 (CET/CEST)","0","588","125"
"Italy (IT)","22.08.2022 03:00 - 22.08.2022 04:00 (CET/CEST)","0","1207","126"
"Italy (IT)","22.08.2022 04:00 - 22.08.2022 05:00 (CET/CEST)","0","1498","127"
"Italy (IT)","22.08.2022 05:00 - 22.08.2022 06:00 (CET/CEST)","0","847","173"
"Italy (IT)","22.08.2022 06:00 - 22.08.2022 07:00 (CET/CEST)","2","","375"
"Italy (IT)","22.08.2022 07:00 - 22.08.2022 08:00 (CET/CEST)","349","","417"
"Italy (IT)","22.08.2022 08:00 - 22.08.2022 09:00 (CET/CEST)","792","","378"
"Italy (IT)","22.08.2022 09:00 - 22.08.2022 10:00 (CET/CEST)","722","","358"
"Italy (IT)","22.08.2022 10:00 - 22.08.2022 11:00 (CET/CEST)","491","1","327"
"Italy (IT)","22.08.2022 11:00 - 22.08.2022 12:00 (CET/CEST)","194","79","286"
"Italy (IT)","22.08.2022 12:00 - 22.08.2022 13:00 (CET/CEST)","343","79","274"
"Italy (IT)","22.08.2022 13:00 - 22.08.2022 14:00 (CET/CEST)","343","91","280"
"Italy (IT)","22.08.2022 14:00 - 22.08.2022 15:00 (CET/CEST)","342","157","282"
"Italy (IT)","22.08.2022 15:00 - 22.08.2022 16:00 (CET/CEST)","342","123","292"
"Italy (IT)","22.08.2022 16:00 - 22.08.2022 17:00 (CET/CEST)","252","80","333"
"Italy (IT)","22.08.2022 17:00 - 22.08.2022 18:00 (CET/CEST)","439","34","414"
"Italy (IT)","22.08.2022 18:00 - 22.08.2022 19:00 (CET/CEST)","893","","732"
"Italy (IT)","22.08.2022 19:00 - 22.08.2022 20:00 (CET/CEST)","1664","","1016"
"Italy (IT)","22.08.2022 20:00 - 22.08.2022 21:00 (CET/CEST)","1193","","702"
"Italy (IT)","22.08.2022 21:00 - 22.08.2022 22:00 (CET/CEST)","1060","","650"
"Italy (IT)","22.08.2022 22:00 - 22.08.2022 23:00 (CET/CEST)","624","","359"
"Italy (IT)","22.08.2022 23:00 - 23.08.2022 00:00 (CET/CEST)","144","23","259"
"Italy (IT)","23.08.2022 00:00 - 23.08.2022 01:00 (CET/CEST)","0","946","170"
"Italy (IT)","23.08.2022 01:00 - 23.08.2022 02:00 (CET/CEST)","0","1179","144"
"Italy (IT)","23.08.2022 02:00 - 23.08.2022 03:00 (CET/CEST)","0","943","154"
"Italy (IT)","23.08.2022 03:00 - 23.08.2022 04:00 (CET/CEST)","0","1599","154"
"Italy (IT)","23.08.2022 04:00 - 23.08.2022 05:00 (CET/CEST)","0","1288","158"
"Italy (IT)","23.08.2022 05:00 - 23.08.2022 06:00 (CET/CEST)","0","285","176"
"Italy (IT)","23.08.2022 06:00 - 23.08.2022 07:00 (CET/CEST)","52","","537"
"Italy (IT)","23.08.2022 07:00 - 23.08.2022 08:00 (CET/CEST)","1204","","725"
"Italy (IT)","23.08.2022 08:00 - 23.08.2022 09:00 (CET/CEST)","1229","","851"
"Italy (IT)","23.08.2022 09:00 - 23.08.2022 10:00 (CET/CEST)","1100","","766"
"Italy (IT)","23.08.2022 10:00 - 23.08.2022 11:00 (CET/CEST)","443","","355"
"Italy (IT)","23.08.2022 11:00 - 23.08.2022 12:00 (CET/CEST)","190","","301"
"Italy (IT)","23.08.2022 12:00 - 23.08.2022 13:00 (CET/CEST)","91","","301"
"Italy (IT)","23.08.2022 13:00 - 23.08.2022 14:00 (CET/CEST)","190","","262"
"Italy (IT)","23.08.2022 14:00 - 23.08.2022 15:00 (CET/CEST)","205","","270"
"Italy (IT)","23.08.2022 15:00 - 23.08.2022 16:00 (CET/CEST)","219","","305"
"Italy (IT)","23.08.2022 16:00 - 23.08.2022 17:00 (CET/CEST)","115","","335"
"Italy (IT)","23.08.2022 17:00 - 23.08.2022 18:00 (CET/CEST)","738","","507"
"Italy (IT)","23.08.2022 18:00 - 23.08.2022 19:00 (CET/CEST)","2445","","1075"
"Italy (IT)","23.08.2022 19:00 - 23.08.2022 20:00 (CET/CEST)","2478","","1353"
"Italy (IT)","23.08.2022 20:00 - 23.08.2022 21:00 (CET/CEST)","2834","","1399"
"Italy (IT)","23.08.2022 21:00 - 23.08.2022 22:00 (CET/CEST)","2287","","1070"
"Italy (IT)","23.08.2022 22:00 - 23.08.2022 23:00 (CET/CEST)","698","","630"
"Italy (IT)","23.08.2022 23:00 - 24.08.2022 00:00 (CET/CEST)","81","","328"
"Italy (IT)","24.08.2022 00:00 - 24.08.2022 01:00 (CET/CEST)","2","7","142"
"Italy (IT)","24.08.2022 01:00 - 24.08.2022 02:00 (CET/CEST)","61","417","140"
"Italy (IT)","24.08.2022 02:00 - 24.08.2022 03:00 (CET/CEST)","53","1056","140"
"Italy (IT)","24.08.2022 03:00 - 24.08.2022 04:00 (CET/CEST)","39","1021","124"
"Italy (IT)","24.08.2022 04:00 - 24.08.2022 05:00 (CET/CEST)","0","1192","131"
"Italy (IT)","24.08.2022 05:00 - 24.08.2022 06:00 (CET/CEST)","43","1029","221"
"Italy (IT)","24.08.2022 06:00 - 24.08.2022 07:00 (CET/CEST)","68","3","296"
"Italy (IT)","24.08.2022 07:00 - 24.08.2022 08:00 (CET/CEST)","78","","478"
"Italy (IT)","24.08.2022 08:00 - 24.08.2022 09:00 (CET/CEST)","386","","732"
"Italy (IT)","24.08.2022 09:00 - 24.08.2022 10:00 (CET/CEST)","294","","492"
"Italy (IT)","24.08.2022 10:00 - 24.08.2022 11:00 (CET/CEST)","228","","364"
"Italy (IT)","24.08.2022 11:00 - 24.08.2022 12:00 (CET/CEST)","257","37","286"
"Italy (IT)","24.08.2022 12:00 - 24.08.2022 13:00 (CET/CEST)","93","12","266"
"Italy (IT)","24.08.2022 13:00 - 24.08.2022 14:00 (CET/CEST)","116","","256"
"Italy (IT)","24.08.2022 14:00 - 24.08.2022 15:00 (CET/CEST)","290","","254"
"Italy (IT)","24.08.2022 15:00 - 24.08.2022 16:00 (CET/CEST)","305","1","278"
"Italy (IT)","24.08.2022 16:00 - 24.08.2022 17:00 (CET/CEST)","103","","390"
"Italy (IT)","24.08.2022 17:00 - 24.08.2022 18:00 (CET/CEST)","700","","762"
"Italy (IT)","24.08.2022 18:00 - 24.08.2022 19:00 (CET/CEST)","972","","1290"
"Italy (IT)","24.08.2022 19:00 - 24.08.2022 20:00 (CET/CEST)","3630","","1214"
"Italy (IT)","24.08.2022 20:00 - 24.08.2022 21:00 (CET/CEST)","4051","","1192"
"Italy (IT)","24.08.2022 21:00 - 24.08.2022 22:00 (CET/CEST)","1993","","1034"
"Italy (IT)","24.08.2022 22:00 - 24.08.2022 23:00 (CET/CEST)","87","","700"
"Italy (IT)","24.08.2022 23:00 - 25.08.2022 00:00 (CET/CEST)","0","91","323"
"Italy (IT)","25.08.2022 00:00 - 25.08.2022 01:00 (CET/CEST)","12","611","124"
"Italy (IT)","25.08.2022 01:00 - 25.08.2022 02:00 (CET/CEST)","70","1368","111"
"Italy (IT)","25.08.2022 02:00 - 25.08.2022 03:00 (CET/CEST)","53","1443","108"
"Italy (IT)","25.08.2022 03:00 - 25.08.2022 04:00 (CET/CEST)","52","1441","117"
"Italy (IT)","25.08.2022 04:00 - 25.08.2022 05:00 (CET/CEST)","1","1436","117"
"Italy (IT)","25.08.2022 05:00 - 25.08.2022 06:00 (CET/CEST)","57","1037","119"
"Italy (IT)","25.08.2022 06:00 - 25.08.2022 07:00 (CET/CEST)","91","1","393"
"Italy (IT)","25.08.2022 07:00 - 25.08.2022 08:00 (CET/CEST)","142","","491"
"Italy (IT)","25.08.2022 08:00 - 25.08.2022 09:00 (CET/CEST)","321","","447"
"Italy (IT)","25.08.2022 09:00 - 25.08.2022 10:00 (CET/CEST)","302","","341"
"Italy (IT)","25.08.2022 10:00 - 25.08.2022 11:00 (CET/CEST)","182","64","242"
"Italy (IT)","25.08.2022 11:00 - 25.08.2022 12:00 (CET/CEST)","160","18","265"
"Italy (IT)","25.08.2022 12:00 - 25.08.2022 13:00 (CET/CEST)","89","38","228"
"Italy (IT)","25.08.2022 13:00 - 25.08.2022 14:00 (CET/CEST)","90","330","217"
"Italy (IT)","25.08.2022 14:00 - 25.08.2022 15:00 (CET/CEST)","99","300","258"
"Italy (IT)","25.08.2022 15:00 - 25.08.2022 16:00 (CET/CEST)","89","342","454"
"Italy (IT)","25.08.2022 16:00 - 25.08.2022 17:00 (CET/CEST)","1","271","796"
"Italy (IT)","25.08.2022 17:00 - 25.08.2022 18:00 (CET/CEST)","170","","509"
"Italy (IT)","25.08.2022 18:00 - 25.08.2022 19:00 (CET/CEST)","746","","623"
"Italy (IT)","25.08.2022 19:00 - 25.08.2022 20:00 (CET/CEST)","1477","","1174"
"Italy (IT)","25.08.2022 20:00 - 25.08.2022 21:00 (CET/CEST)","1639","","1190"
"Italy (IT)","25.08.2022 21:00 - 25.08.2022 22:00 (CET/CEST)","1044","","897"
"Italy (IT)","25.08.2022 22:00 - 25.08.2022 23:00 (CET/CEST)","290","","466"
"Italy (IT)","25.08.2022 23:00 - 26.08.2022 00:00 (CET/CEST)","113","26","323"
"Italy (IT)","26.08.2022 00:00 - 26.08.2022 01:00 (CET/CEST)","66","479","212"
"Italy (IT)","26.08.2022 01:00 - 26.08.2022 02:00 (CET/CEST)","13","1017","162"
"Italy (IT)","26.08.2022 02:00 - 26.08.2022 03:00 (CET/CEST)","0","1480","152"
"Italy (IT)","26.08.2022 03:00 - 26.08.2022 04:00 (CET/CEST)","0","1721","170"
"Italy (IT)","26.08.2022 04:00 - 26.08.2022 05:00 (CET/CEST)","0","1721","162"
"Italy (IT)","26.08.2022 05:00 - 26.08.2022 06:00 (CET/CEST)","0","1093","187"
"Italy (IT)","26.08.2022 06:00 - 26.08.2022 07:00 (CET/CEST)","391","","633"
"Italy (IT)","26.08.2022 07:00 - 26.08.2022 08:00 (CET/CEST)","758","","884"
"Italy (IT)","26.08.2022 08:00 - 26.08.2022 09:00 (CET/CEST)","1160","","907"
"Italy (IT)","26.08.2022 09:00 - 26.08.2022 10:00 (CET/CEST)","1781","53","891"
"Italy (IT)","26.08.2022 10:00 - 26.08.2022 11:00 (CET/CEST)","1354","44","826"
"Italy (IT)","26.08.2022 11:00 - 26.08.2022 12:00 (CET/CEST)","593","","461"
"Italy (IT)","26.08.2022 12:00 - 26.08.2022 13:00 (CET/CEST)","88","","254"
"Italy (IT)","26.08.2022 13:00 - 26.08.2022 14:00 (CET/CEST)","0","123","223"
"Italy (IT)","26.08.2022 14:00 - 26.08.2022 15:00 (CET/CEST)","0","561","440"
"Italy (IT)","26.08.2022 15:00 - 26.08.2022 16:00 (CET/CEST)","0","565","505"
"Italy (IT)","26.08.2022 16:00 - 26.08.2022 17:00 (CET/CEST)","0","410","725"
"Italy (IT)","26.08.2022 17:00 - 26.08.2022 18:00 (CET/CEST)","144","311","915"
"Italy (IT)","26.08.2022 18:00 - 26.08.2022 19:00 (CET/CEST)","1329","","1245"
"Italy (IT)","26.08.2022 19:00 - 26.08.2022 20:00 (CET/CEST)","4466","","1180"
"Italy (IT)","26.08.2022 20:00 - 26.08.2022 21:00 (CET/CEST)","3749","","1153"
"Italy (IT)","26.08.2022 21:00 - 26.08.2022 22:00 (CET/CEST)","1692","","809"
"Italy (IT)","26.08.2022 22:00 - 26.08.2022 23:00 (CET/CEST)","103","","431"
"Italy (IT)","26.08.2022 23:00 - 27.08.2022 00:00 (CET/CEST)","13","","304"
"Italy (IT)","27.08.2022 00:00 - 27.08.2022 01:00 (CET/CEST)","0","1","401"
"Italy (IT)","27.08.2022 01:00 - 27.08.2022 02:00 (CET/CEST)","3","1","346"
"Italy (IT)","27.08.2022 02:00 - 27.08.2022 03:00 (CET/CEST)","63","1","344"
"Italy (IT)","27.08.2022 03:00 - 27.08.2022 04:00 (CET/CEST)","59","1","226"
"Italy (IT)","27.08.2022 04:00 - 27.08.2022 05:00 (CET/CEST)","26","1","230"
"Italy (IT)","27.08.2022 05:00 - 27.08.2022 06:00 (CET/CEST)","40","1","229"
"Italy (IT)","27.08.2022 06:00 - 27.08.2022 07:00 (CET/CEST)","68","1","427"
"Italy (IT)","27.08.2022 07:00 - 27.08.2022 08:00 (CET/CEST)","68","","600"
"Italy (IT)","27.08.2022 08:00 - 27.08.2022 09:00 (CET/CEST)","166","","621"
"Italy (IT)","27.08.2022 09:00 - 27.08.2022 10:00 (CET/CEST)","136","","626"
"Italy (IT)","27.08.2022 10:00 - 27.08.2022 11:00 (CET/CEST)","50","554","457"
"Italy (IT)","27.08.2022 11:00 - 27.08.2022 12:00 (CET/CEST)","51","1321","353"
"Italy (IT)","27.08.2022 12:00 - 27.08.2022 13:00 (CET/CEST)","51","1076","359"
"Italy (IT)","27.08.2022 13:00 - 27.08.2022 14:00 (CET/CEST)","0","1331","258"
"Italy (IT)","27.08.2022 14:00 - 27.08.2022 15:00 (CET/CEST)","0","1838","326"
"Italy (IT)","27.08.2022 15:00 - 27.08.2022 16:00 (CET/CEST)","0","1477","284"
"Italy (IT)","27.08.2022 16:00 - 27.08.2022 17:00 (CET/CEST)","0","1702","241"
"Italy (IT)","27.08.2022 17:00 - 27.08.2022 18:00 (CET/CEST)","0","538","320"
"Italy (IT)","27.08.2022 18:00 - 27.08.2022 19:00 (CET/CEST)","271","","585"
"Italy (IT)","27.08.2022 19:00 - 27.08.2022 20:00 (CET/CEST)","1542","","1031"
"Italy (IT)","27.08.2022 20:00 - 27.08.2022 21:00 (CET/CEST)","1600","","998"
"Italy (IT)","27.08.2022 21:00 - 27.08.2022 22:00 (CET/CEST)","662","","797"
"Italy (IT)","27.08.2022 22:00 - 27.08.2022 23:00 (CET/CEST)","126","","411"
"Italy (IT)","27.08.2022 23:00 - 28.08.2022 00:00 (CET/CEST)","40","","314"
"Italy (IT)","28.08.2022 00:00 - 28.08.2022 01:00 (CET/CEST)","0","325","269"
"Italy (IT)","28.08.2022 01:00 - 28.08.2022 02:00 (CET/CEST)","9","720","218"
"Italy (IT)","28.08.2022 02:00 - 28.08.2022 03:00 (CET/CEST)","62","715","159"
"Italy (IT)","28.08.2022 03:00 - 28.08.2022 04:00 (CET/CEST)","52","713","160"
"Italy (IT)","28.08.2022 04:00 - 28.08.2022 05:00 (CET/CEST)","0","714","167"
"Italy (IT)","28.08.2022 05:00 - 28.08.2022 06:00 (CET/CEST)","0","713","170"
"Italy (IT)","28.08.2022 06:00 - 28.08.2022 07:00 (CET/CEST)","34","489","198"
"Italy (IT)","28.08.2022 07:00 - 28.08.2022 08:00 (CET/CEST)","8","392","266"
"Italy (IT)","28.08.2022 08:00 - 28.08.2022 09:00 (CET/CEST)","60","304","305"
"Italy (IT)","28.08.2022 09:00 - 28.08.2022 10:00 (CET/CEST)","60","304","318"
"Italy (IT)","28.08.2022 10:00 - 28.08.2022 11:00 (CET/CEST)","60","317","233"
"Italy (IT)","28.08.2022 11:00 - 28.08.2022 12:00 (CET/CEST)","58","752","229"
"Italy (IT)","28.08.2022 12:00 - 28.08.2022 13:00 (CET/CEST)","","1803","154"
"Italy (IT)","28.08.2022 13:00 - 28.08.2022 14:00 (CET/CEST)","","1921","148"
"Italy (IT)","28.08.2022 14:00 - 28.08.2022 15:00 (CET/CEST)","","1918","172"
"Italy (IT)","28.08.2022 15:00 - 28.08.2022 16:00 (CET/CEST)","","861","190"
"Italy (IT)","28.08.2022 16:00 - 28.08.2022 17:00 (CET/CEST)","0","371","261"
"Italy (IT)","28.08.2022 17:00 - 28.08.2022 18:00 (CET/CEST)","183","75","314"
"Italy (IT)","28.08.2022 18:00 - 28.08.2022 19:00 (CET/CEST)","137","","406"
"Italy (IT)","28.08.2022 19:00 - 28.08.2022 20:00 (CET/CEST)","966","","482"
"Italy (IT)","28.08.2022 20:00 - 28.08.2022 21:00 (CET/CEST)","1369","","865"
"Italy (IT)","28.08.2022 21:00 - 28.08.2022 22:00 (CET/CEST)","1422","","900"
"Italy (IT)","28.08.2022 22:00 - 28.08.2022 23:00 (CET/CEST)","742","","915"
"Italy (IT)","28.08.2022 23:00 - 29.08.2022 00:00 (CET/CEST)","260","","467"
"Italy (IT)","29.08.2022 00:00 - 29.08.2022 01:00 (CET/CEST)","13","79","140"
"Italy (IT)","29.08.2022 01:00 - 29.08.2022 02:00 (CET/CEST)","27","124","138"
"Italy (IT)","29.08.2022 02:00 - 29.08.2022 03:00 (CET/CEST)","60","414","119"
"Italy (IT)","29.08.2022 03:00 - 29.08.2022 04:00 (CET/CEST)","53","597","119"
"Italy (IT)","29.08.2022 04:00 - 29.08.2022 05:00 (CET/CEST)","10","598","126"
"Italy (IT)","29.08.2022 05:00 - 29.08.2022 06:00 (CET/CEST)","46","768","128"
"Italy (IT)","29.08.2022 06:00 - 29.08.2022 07:00 (CET/CEST)","158","145","208"
"Italy (IT)","29.08.2022 07:00 - 29.08.2022 08:00 (CET/CEST)","170","104","608"
"Italy (IT)","29.08.2022 08:00 - 29.08.2022 09:00 (CET/CEST)","379","88","785"
"Italy (IT)","29.08.2022 09:00 - 29.08.2022 10:00 (CET/CEST)","228","60","704"
"Italy (IT)","29.08.2022 10:00 - 29.08.2022 11:00 (CET/CEST)","226","82","339"
"Italy (IT)","29.08.2022 11:00 - 29.08.2022 12:00 (CET/CEST)","168","124","318"
"Italy (IT)","29.08.2022 12:00 - 29.08.2022 13:00 (CET/CEST)","117","189","399"
"Italy (IT)","29.08.2022 13:00 - 29.08.2022 14:00 (CET/CEST)","117","238","290"
"Italy (IT)","29.08.2022 14:00 - 29.08.2022 15:00 (CET/CEST)","175","396","384"
"Italy (IT)","29.08.2022 15:00 - 29.08.2022 16:00 (CET/CEST)","346","332","557"
"Italy (IT)","29.08.2022 16:00 - 29.08.2022 17:00 (CET/CEST)","362","420","882"
"Italy (IT)","29.08.2022 17:00 - 29.08.2022 18:00 (CET/CEST)","960","449","1197"
"Italy (IT)","29.08.2022 18:00 - 29.08.2022 19:00 (CET/CEST)","1159","336","1070"
"Italy (IT)","29.08.2022 19:00 - 29.08.2022 20:00 (CET/CEST)","2759","12","1163"
"Italy (IT)","29.08.2022 20:00 - 29.08.2022 21:00 (CET/CEST)","1561","","934"
"Italy (IT)","29.08.2022 21:00 - 29.08.2022 22:00 (CET/CEST)","1356","","915"
"Italy (IT)","29.08.2022 22:00 - 29.08.2022 23:00 (CET/CEST)","674","","612"
"Italy (IT)","29.08.2022 23:00 - 30.08.2022 00:00 (CET/CEST)","92","","487"
"Italy (IT)","30.08.2022 00:00 - 30.08.2022 01:00 (CET/CEST)","0","279","155"
"Italy (IT)","30.08.2022 01:00 - 30.08.2022 02:00 (CET/CEST)","0","405","132"
"Italy (IT)","30.08.2022 02:00 - 30.08.2022 03:00 (CET/CEST)","0","893","112"
"Italy (IT)","30.08.2022 03:00 - 30.08.2022 04:00 (CET/CEST)","0","1127","113"
"Italy (IT)","30.08.2022 04:00 - 30.08.2022 05:00 (CET/CEST)","0","600","123"
"Italy (IT)","30.08.2022 05:00 - 30.08.2022 06:00 (CET/CEST)","27","160","133"
"Italy (IT)","30.08.2022 06:00 - 30.08.2022 07:00 (CET/CEST)","37","103","511"
"Italy (IT)","30.08.2022 07:00 - 30.08.2022 08:00 (CET/CEST)","104","81","1006"
"Italy (IT)","30.08.2022 08:00 - 30.08.2022 09:00 (CET/CEST)","941","148","1296"
"Italy (IT)","30.08.2022 09:00 - 30.08.2022 10:00 (CET/CEST)","1068","42","975"
"Italy (IT)","30.08.2022 10:00 - 30.08.2022 11:00 (CET/CEST)","1267","","626"
"Italy (IT)","30.08.2022 11:00 - 30.08.2022 12:00 (CET/CEST)","1396","","392"
"Italy (IT)","30.08.2022 12:00 - 30.08.2022 13:00 (CET/CEST)","1289","","510"
"Italy (IT)","30.08.2022 13:00 - 30.08.2022 14:00 (CET/CEST)","820","22","495"
"Italy (IT)","30.08.2022 14:00 - 30.08.2022 15:00 (CET/CEST)","1169","81","542"
"Italy (IT)","30.08.2022 15:00 - 30.08.2022 16:00 (CET/CEST)","912","81","696"
"Italy (IT)","30.08.2022 16:00 - 30.08.2022 17:00 (CET/CEST)","477","81","804"
"Italy (IT)","30.08.2022 17:00 - 30.08.2022 18:00 (CET/CEST)","855","119","1029"
"Italy (IT)","30.08.2022 18:00 - 30.08.2022 19:00 (CET/CEST)","754","160","964"
"Italy (IT)","30.08.2022 19:00 - 30.08.2022 20:00 (CET/CEST)","1188","47","978"
"Italy (IT)","30.08.2022 20:00 - 30.08.2022 21:00 (CET/CEST)","2141","","870"
"Italy (IT)","30.08.2022 21:00 - 30.08.2022 22:00 (CET/CEST)","1543","","591"
"Italy (IT)","30.08.2022 22:00 - 30.08.2022 23:00 (CET/CEST)","80","","335"
"Italy (IT)","30.08.2022 23:00 - 31.08.2022 00:00 (CET/CEST)","0","494","302"
"Italy (IT)","31.08.2022 00:00 - 31.08.2022 01:00 (CET/CEST)","0","1036","189"
"Italy (IT)","31.08.2022 01:00 - 31.08.2022 02:00 (CET/CEST)","22","995","169"
"Italy (IT)","31.08.2022 02:00 - 31.08.2022 03:00 (CET/CEST)","13","1389","162"
"Italy (IT)","31.08.2022 03:00 - 31.08.2022 04:00 (CET/CEST)","0","1519","182"
"Italy (IT)","31.08.2022 04:00 - 31.08.2022 05:00 (CET/CEST)","0","1837","190"
"Italy (IT)","31.08.2022 05:00 - 31.08.2022 06:00 (CET/CEST)","0","1949","193"
"Italy (IT)","31.08.2022 06:00 - 31.08.2022 07:00 (CET/CEST)","0","857","463"
"Italy (IT)","31.08.2022 07:00 - 31.08.2022 08:00 (CET/CEST)","289","","752"
"Italy (IT)","31.08.2022 08:00 - 31.08.2022 09:00 (CET/CEST)","1488","","983"
"Italy (IT)","31.08.2022 09:00 - 31.08.2022 10:00 (CET/CEST)","2229","18","793"
"Italy (IT)","31.08.2022 10:00 - 31.08.2022 11:00 (CET/CEST)","1546","160","656"
"Italy (IT)","31.08.2022 11:00 - 31.08.2022 12:00 (CET/CEST)","588","111","586"
"Italy (IT)","31.08.2022 12:00 - 31.08.2022 13:00 (CET/CEST)","138","45","528"
"Italy (IT)","31.08.2022 13:00 - 31.08.2022 14:00 (CET/CEST)","122","81","304"
"Italy (IT)","31.08.2022 14:00 - 31.08.2022 15:00 (CET/CEST)","180","81","428"
"Italy (IT)","31.08.2022 15:00 - 31.08.2022 16:00 (CET/CEST)","587","133","488"
"Italy (IT)","31.08.2022 16:00 - 31.08.2022 17:00 (CET/CEST)","587","160","507"
"Italy (IT)","31.08.2022 17:00 - 31.08.2022 18:00 (CET/CEST)","955","160","545"
"Italy (IT)","31.08.2022 18:00 - 31.08.2022 19:00 (CET/CEST)","1384","160","713"
"Italy (IT)","31.08.2022 19:00 - 31.08.2022 20:00 (CET/CEST)","634","159","713"
"Italy (IT)","31.08.2022 20:00 - 31.08.2022 21:00 (CET/CEST)","406","81","670"
"Italy (IT)","31.08.2022 21:00 - 31.08.2022 22:00 (CET/CEST)","250","148","542"
"Italy (IT)","31.08.2022 22:00 - 31.08.2022 23:00 (CET/CEST)","0","160","317"
"Italy (IT)","31.08.2022 23:00 - 01.09.2022 00:00 (CET/CEST)","0","180","312"
"Italy (IT)","01.09.2022 00:00 - 01.09.2022 01:00 (CET/CEST)","0","480","215"
"Italy (IT)","01.09.2022 01:00 - 01.09.2022 02:00 (CET/CEST)","0","575","175"
"Italy (IT)","01.09.2022 02:00 - 01.09.2022 03:00 (CET/CEST)","0","671","179"
"Italy (IT)","01.09.2022 03:00 - 01.09.2022 04:00 (CET/CEST)","0","1032","179"
"Italy (IT)","01.09.2022 04:00 - 01.09.2022 05:00 (CET/CEST)","0","1048","188"
"Italy (IT)","01.09.2022 05:00 - 01.09.2022 06:00 (CET/CEST)","0","761","188"
"Italy (IT)","01.09.2022 06:00 - 01.09.2022 07:00 (CET/CEST)","1","356","185"
"Italy (IT)","01.09.2022 07:00 - 01.09.2022 08:00 (CET/CEST)","278","158","292"
"Italy (IT)","01.09.2022 08:00 - 01.09.2022 09:00 (CET/CEST)","570","158","507"
"Italy (IT)","01.09.2022 09:00 - 01.09.2022 10:00 (CET/CEST)","963","158","663"
"Italy (IT)","01.09.2022 10:00 - 01.09.2022 11:00 (CET/CEST)","205","158","516"
"Italy (IT)","01.09.2022 11:00 - 01.09.2022 12:00 (CET/CEST)","276","158","406"
"Italy (IT)","01.09.2022 12:00 - 01.09.2022 13:00 (CET/CEST)","147","157","346"
"Italy (IT)","01.09.2022 13:00 - 01.09.2022 14:00 (CET/CEST)","118","157","243"
"Italy (IT)","01.09.2022 14:00 - 01.09.2022 15:00 (CET/CEST)","118","157","335"
"Italy (IT)","01.09.2022 15:00 - 01.09.2022 16:00 (CET/CEST)","85","157","398"
"Italy (IT)","01.09.2022 16:00 - 01.09.2022 17:00 (CET/CEST)","310","158","376"
"Italy (IT)","01.09.2022 17:00 - 01.09.2022 18:00 (CET/CEST)","345","181","543"
"Italy (IT)","01.09.2022 18:00 - 01.09.2022 19:00 (CET/CEST)","324","157","630"
"Italy (IT)","01.09.2022 19:00 - 01.09.2022 20:00 (CET/CEST)","670","80","697"
"Italy (IT)","01.09.2022 20:00 - 01.09.2022 21:00 (CET/CEST)","406","","651"
"Italy (IT)","01.09.2022 21:00 - 01.09.2022 22:00 (CET/CEST)","145","","317"
"Italy (IT)","01.09.2022 22:00 - 01.09.2022 23:00 (CET/CEST)","0","115","285"
"Italy (IT)","01.09.2022 23:00 - 02.09.2022 00:00 (CET/CEST)","0","124","182"
"Italy (IT)","02.09.2022 00:00 - 02.09.2022 01:00 (CET/CEST)","0","188","189"
"Italy (IT)","02.09.2022 01:00 - 02.09.2022 02:00 (CET/CEST)","0","685","189"
"Italy (IT)","02.09.2022 02:00 - 02.09.2022 03:00 (CET/CEST)","0","981","212"
"Italy (IT)","02.09.2022 03:00 - 02.09.2022 04:00 (CET/CEST)","0","969","215"
"Italy (IT)","02.09.2022 04:00 - 02.09.2022 05:00 (CET/CEST)","0","951","199"
"Italy (IT)","02.09.2022 05:00 - 02.09.2022 06:00 (CET/CEST)","0","611","212"
"Italy (IT)","02.09.2022 06:00 - 02.09.2022 07:00 (CET/CEST)","54","12","402"
"Italy (IT)","02.09.2022 07:00 - 02.09.2022 08:00 (CET/CEST)","771","","934"
"Italy (IT)","02.09.2022 08:00 - 02.09.2022 09:00 (CET/CEST)","918","","927"
"Italy (IT)","02.09.2022 09:00 - 02.09.2022 10:00 (CET/CEST)","513","75","855"
"Italy (IT)","02.09.2022 10:00 - 02.09.2022 11:00 (CET/CEST)","230","149","480"
"Italy (IT)","02.09.2022 11:00 - 02.09.2022 12:00 (CET/CEST)","303","156","396"
"Italy (IT)","02.09.2022 12:00 - 02.09.2022 13:00 (CET/CEST)","422","156","384"
"Italy (IT)","02.09.2022 13:00 - 02.09.2022 14:00 (CET/CEST)","118","156","349"
"Italy (IT)","02.09.2022 14:00 - 02.09.2022 15:00 (CET/CEST)","125","155","331"
"Italy (IT)","02.09.2022 15:00 - 02.09.2022 16:00 (CET/CEST)","119","155","291"
"Italy (IT)","02.09.2022 16:00 - 02.09.2022 17:00 (CET/CEST)","59","155","322"
"Italy (IT)","02.09.2022 17:00 - 02.09.2022 18:00 (CET/CEST)","485","130","787"
"Italy (IT)","02.09.2022 18:00 - 02.09.2022 19:00 (CET/CEST)","662","78","886"
"Italy (IT)","02.09.2022 19:00 - 02.09.2022 20:00 (CET/CEST)","1248","31","1069"
"Italy (IT)","02.09.2022 20:00 - 02.09.2022 21:00 (CET/CEST)","837","","1068"
"Italy (IT)","02.09.2022 21:00 - 02.09.2022 22:00 (CET/CEST)","640","","760"
"Italy (IT)","02.09.2022 22:00 - 02.09.2022 23:00 (CET/CEST)","237","113","496"
"Italy (IT)","02.09.2022 23:00 - 03.09.2022 00:00 (CET/CEST)","72","78","344"
"Italy (IT)","03.09.2022 00:00 - 03.09.2022 01:00 (CET/CEST)","0","42","325"
"Italy (IT)","03.09.2022 01:00 - 03.09.2022 02:00 (CET/CEST)","0","69","263"
"Italy (IT)","03.09.2022 02:00 - 03.09.2022 03:00 (CET/CEST)","59","51","255"
"Italy (IT)","03.09.2022 03:00 - 03.09.2022 04:00 (CET/CEST)","30","271","249"
"Italy (IT)","03.09.2022 04:00 - 03.09.2022 05:00 (CET/CEST)","55","308","224"
"Italy (IT)","03.09.2022 05:00 - 03.09.2022 06:00 (CET/CEST)","55","125","207"
"Italy (IT)","03.09.2022 06:00 - 03.09.2022 07:00 (CET/CEST)","60","4","300"
"Italy (IT)","03.09.2022 07:00 - 03.09.2022 08:00 (CET/CEST)","148","","291"
"Italy (IT)","03.09.2022 08:00 - 03.09.2022 09:00 (CET/CEST)","316","","437"
"Italy (IT)","03.09.2022 09:00 - 03.09.2022 10:00 (CET/CEST)","129","1","386"
"Italy (IT)","03.09.2022 10:00 - 03.09.2022 11:00 (CET/CEST)","99","113","264"
"Italy (IT)","03.09.2022 11:00 - 03.09.2022 12:00 (CET/CEST)","78","176","249"
"Italy (IT)","03.09.2022 12:00 - 03.09.2022 13:00 (CET/CEST)","140","66","236"
"Italy (IT)","03.09.2022 13:00 - 03.09.2022 14:00 (CET/CEST)","35","523","236"
"Italy (IT)","03.09.2022 14:00 - 03.09.2022 15:00 (CET/CEST)","0","779","390"
"Italy (IT)","03.09.2022 15:00 - 03.09.2022 16:00 (CET/CEST)","0","362","237"
"Italy (IT)","03.09.2022 16:00 - 03.09.2022 17:00 (CET/CEST)","0","256","255"
"Italy (IT)","03.09.2022 17:00 - 03.09.2022 18:00 (CET/CEST)","52","206","257"
"Italy (IT)","03.09.2022 18:00 - 03.09.2022 19:00 (CET/CEST)","141","60","351"
"Italy (IT)","03.09.2022 19:00 - 03.09.2022 20:00 (CET/CEST)","420","","941"
"Italy (IT)","03.09.2022 20:00 - 03.09.2022 21:00 (CET/CEST)","788","","935"
"Italy (IT)","03.09.2022 21:00 - 03.09.2022 22:00 (CET/CEST)","534","","771"
"Italy (IT)","03.09.2022 22:00 - 03.09.2022 23:00 (CET/CEST)","333","","740"
"Italy (IT)","03.09.2022 23:00 - 04.09.2022 00:00 (CET/CEST)","21","49","544"
"Italy (IT)","04.09.2022 00:00 - 04.09.2022 01:00 (CET/CEST)","173","46","382"
"Italy (IT)","04.09.2022 01:00 - 04.09.2022 02:00 (CET/CEST)","7","87","311"
"Italy (IT)","04.09.2022 02:00 - 04.09.2022 03:00 (CET/CEST)","50","49","311"
"Italy (IT)","04.09.2022 03:00 - 04.09.2022 04:00 (CET/CEST)","9","49","279"
"Italy (IT)","04.09.2022 04:00 - 04.09.2022 05:00 (CET/CEST)","9","49","246"
"Italy (IT)","04.09.2022 05:00 - 04.09.2022 06:00 (CET/CEST)","9","49","264"
"Italy (IT)","04.09.2022 06:00 - 04.09.2022 07:00 (CET/CEST)","86","49","256"
"Italy (IT)","04.09.2022 07:00 - 04.09.2022 08:00 (CET/CEST)","104","","271"
"Italy (IT)","04.09.2022 08:00 - 04.09.2022 09:00 (CET/CEST)","123","22","277"
"Italy (IT)","04.09.2022 09:00 - 04.09.2022 10:00 (CET/CEST)","54","118","314"
"Italy (IT)","04.09.2022 10:00 - 04.09.2022 11:00 (CET/CEST)","115","156","370"
"Italy (IT)","04.09.2022 11:00 - 04.09.2022 12:00 (CET/CEST)","55","221","310"
"Italy (IT)","04.09.2022 12:00 - 04.09.2022 13:00 (CET/CEST)","","618","242"
"Italy (IT)","04.09.2022 13:00 - 04.09.2022 14:00 (CET/CEST)","0","924","233"
"Italy (IT)","04.09.2022 14:00 - 04.09.2022 15:00 (CET/CEST)","0","669","234"
"Italy (IT)","04.09.2022 15:00 - 04.09.2022 16:00 (CET/CEST)","0","1488","234"
"Italy (IT)","04.09.2022 16:00 - 04.09.2022 17:00 (CET/CEST)","0","1265","248"
"Italy (IT)","04.09.2022 17:00 - 04.09.2022 18:00 (CET/CEST)","51","522","307"
"Italy (IT)","04.09.2022 18:00 - 04.09.2022 19:00 (CET/CEST)","415","78","644"
"Italy (IT)","04.09.2022 19:00 - 04.09.2022 20:00 (CET/CEST)","870","","832"
"Italy (IT)","04.09.2022 20:00 - 04.09.2022 21:00 (CET/CEST)","937","","836"
"Italy (IT)","04.09.2022 21:00 - 04.09.2022 22:00 (CET/CEST)","217","","744"
"Italy (IT)","04.09.2022 22:00 - 04.09.2022 23:00 (CET/CEST)","48","","518"
"Italy (IT)","04.09.2022 23:00 - 05.09.2022 00:00 (CET/CEST)","0","111","354"
"Italy (IT)","05.09.2022 00:00 - 05.09.2022 01:00 (CET/CEST)","0","553","208"
"Italy (IT)","05.09.2022 01:00 - 05.09.2022 02:00 (CET/CEST)","10","491","163"
"Italy (IT)","05.09.2022 02:00 - 05.09.2022 03:00 (CET/CEST)","64","488","161"
"Italy (IT)","05.09.2022 03:00 - 05.09.2022 04:00 (CET/CEST)","78","976","161"
"Italy (IT)","05.09.2022 04:00 - 05.09.2022 05:00 (CET/CEST)","78","975","195"
"Italy (IT)","05.09.2022 05:00 - 05.09.2022 06:00 (CET/CEST)","78","670","184"
"Italy (IT)","05.09.2022 06:00 - 05.09.2022 07:00 (CET/CEST)","188","1","279"
"Italy (IT)","05.09.2022 07:00 - 05.09.2022 08:00 (CET/CEST)","623","","660"
"Italy (IT)","05.09.2022 08:00 - 05.09.2022 09:00 (CET/CEST)","1488","","673"
"Italy (IT)","05.09.2022 09:00 - 05.09.2022 10:00 (CET/CEST)","639","","459"
"Italy (IT)","05.09.2022 10:00 - 05.09.2022 11:00 (CET/CEST)","500","","375"
"Italy (IT)","05.09.2022 11:00 - 05.09.2022 12:00 (CET/CEST)","472","","363"
"Italy (IT)","05.09.2022 12:00 - 05.09.2022 13:00 (CET/CEST)","383","","276"
"Italy (IT)","05.09.2022 13:00 - 05.09.2022 14:00 (CET/CEST)","378","","303"
"Italy (IT)","05.09.2022 14:00 - 05.09.2022 15:00 (CET/CEST)","329","","283"
"Italy (IT)","05.09.2022 15:00 - 05.09.2022 16:00 (CET/CEST)","451","","358"
"Italy (IT)","05.09.2022 16:00 - 05.09.2022 17:00 (CET/CEST)","810","3","419"
"Italy (IT)","05.09.2022 17:00 - 05.09.2022 18:00 (CET/CEST)","1130","146","500"
"Italy (IT)","05.09.2022 18:00 - 05.09.2022 19:00 (CET/CEST)","1187","23","701"
"Italy (IT)","05.09.2022 19:00 - 05.09.2022 20:00 (CET/CEST)","1907","","762"
"Italy (IT)","05.09.2022 20:00 - 05.09.2022 21:00 (CET/CEST)","2070","","733"
"Italy (IT)","05.09.2022 21:00 - 05.09.2022 22:00 (CET/CEST)","1430","","600"
"Italy (IT)","05.09.2022 22:00 - 05.09.2022 23:00 (CET/CEST)","628","","393"
"Italy (IT)","05.09.2022 23:00 - 06.09.2022 00:00 (CET/CEST)","270","","256"
"Italy (IT)","06.09.2022 00:00 - 06.09.2022 01:00 (CET/CEST)","134","6","189"
"Italy (IT)","06.09.2022 01:00 - 06.09.2022 02:00 (CET/CEST)","134","493","185"
"Italy (IT)","06.09.2022 02:00 - 06.09.2022 03:00 (CET/CEST)","124","964","203"
"Italy (IT)","06.09.2022 03:00 - 06.09.2022 04:00 (CET/CEST)","42","971","202"
"Italy (IT)","06.09.2022 04:00 - 06.09.2022 05:00 (CET/CEST)","29","963","194"
"Italy (IT)","06.09.2022 05:00 - 06.09.2022 06:00 (CET/CEST)","53","526","208"
"Italy (IT)","06.09.2022 06:00 - 06.09.2022 07:00 (CET/CEST)","80","1","269"
"Italy (IT)","06.09.2022 07:00 - 06.09.2022 08:00 (CET/CEST)","180","","481"
"Italy (IT)","06.09.2022 08:00 - 06.09.2022 09:00 (CET/CEST)","434","","597"
"Italy (IT)","06.09.2022 09:00 - 06.09.2022 10:00 (CET/CEST)","502","","656"
"Italy (IT)","06.09.2022 10:00 - 06.09.2022 11:00 (CET/CEST)","385","","348"
"Italy (IT)","06.09.2022 11:00 - 06.09.2022 12:00 (CET/CEST)","400","","391"
"Italy (IT)","06.09.2022 12:00 - 06.09.2022 13:00 (CET/CEST)","214","","270"
"Italy (IT)","06.09.2022 13:00 - 06.09.2022 14:00 (CET/CEST)","168","","249"
"Italy (IT)","06.09.2022 14:00 - 06.09.2022 15:00 (CET/CEST)","321","","307"
"Italy (IT)","06.09.2022 15:00 - 06.09.2022 16:00 (CET/CEST)","365","","482"
"Italy (IT)","06.09.2022 16:00 - 06.09.2022 17:00 (CET/CEST)","289","","608"
"Italy (IT)","06.09.2022 17:00 - 06.09.2022 18:00 (CET/CEST)","675","81","655"
"Italy (IT)","06.09.2022 18:00 - 06.09.2022 19:00 (CET/CEST)","919","11","986"
"Italy (IT)","06.09.2022 19:00 - 06.09.2022 20:00 (CET/CEST)","1384","","1171"
"Italy (IT)","06.09.2022 20:00 - 06.09.2022 21:00 (CET/CEST)","1792","","1137"
"Italy (IT)","06.09.2022 21:00 - 06.09.2022 22:00 (CET/CEST)","1032","","842"
"Italy (IT)","06.09.2022 22:00 - 06.09.2022 23:00 (CET/CEST)","126","","461"
"Italy (IT)","06.09.2022 23:00 - 07.09.2022 00:00 (CET/CEST)","68","","283"
"Italy (IT)","07.09.2022 00:00 - 07.09.2022 01:00 (CET/CEST)","54","36","225"
"Italy (IT)","07.09.2022 01:00 - 07.09.2022 02:00 (CET/CEST)","134","371","177"
"Italy (IT)","07.09.2022 02:00 - 07.09.2022 03:00 (CET/CEST)","97","660","177"
"Italy (IT)","07.09.2022 03:00 - 07.09.2022 04:00 (CET/CEST)","60","1544","177"
"Italy (IT)","07.09.2022 04:00 - 07.09.2022 05:00 (CET/CEST)","54","1572","177"
"Italy (IT)","07.09.2022 05:00 - 07.09.2022 06:00 (CET/CEST)","61","25","193"
"Italy (IT)","07.09.2022 06:00 - 07.09.2022 07:00 (CET/CEST)","138","","407"
"Italy (IT)","07.09.2022 07:00 - 07.09.2022 08:00 (CET/CEST)","519","","645"
"Italy (IT)","07.09.2022 08:00 - 07.09.2022 09:00 (CET/CEST)","650","","761"
"Italy (IT)","07.09.2022 09:00 - 07.09.2022 10:00 (CET/CEST)","539","2","887"
"Italy (IT)","07.09.2022 10:00 - 07.09.2022 11:00 (CET/CEST)","445","","722"
"Italy (IT)","07.09.2022 11:00 - 07.09.2022 12:00 (CET/CEST)","337","","393"
"Italy (IT)","07.09.2022 12:00 - 07.09.2022 13:00 (CET/CEST)","223","","332"
"Italy (IT)","07.09.2022 13:00 - 07.09.2022 14:00 (CET/CEST)","136","","234"
"Italy (IT)","07.09.2022 14:00 - 07.09.2022 15:00 (CET/CEST)","83","","252"
"Italy (IT)","07.09.2022 15:00 - 07.09.2022 16:00 (CET/CEST)","202","","279"
"Italy (IT)","07.09.2022 16:00 - 07.09.2022 17:00 (CET/CEST)","189","","511"
"Italy (IT)","07.09.2022 17:00 - 07.09.2022 18:00 (CET/CEST)","718","","870"
"Italy (IT)","07.09.2022 18:00 - 07.09.2022 19:00 (CET/CEST)","1145","","954"
"Italy (IT)","07.09.2022 19:00 - 07.09.2022 20:00 (CET/CEST)","1434","","1150"
"Italy (IT)","07.09.2022 20:00 - 07.09.2022 21:00 (CET/CEST)","1354","","1154"
"Italy (IT)","07.09.2022 21:00 - 07.09.2022 22:00 (CET/CEST)","701","","1051"
"Italy (IT)","07.09.2022 22:00 - 07.09.2022 23:00 (CET/CEST)","195","","728"
"Italy (IT)","07.09.2022 23:00 - 08.09.2022 00:00 (CET/CEST)","137","35","273"
"Italy (IT)","08.09.2022 00:00 - 08.09.2022 01:00 (CET/CEST)","102","853","226"
"Italy (IT)","08.09.2022 01:00 - 08.09.2022 02:00 (CET/CEST)","13","1018","207"
"Italy (IT)","08.09.2022 02:00 - 08.09.2022 03:00 (CET/CEST)","0","1373","207"
"Italy (IT)","08.09.2022 03:00 - 08.09.2022 04:00 (CET/CEST)","","1650","209"
"Italy (IT)","08.09.2022 04:00 - 08.09.2022 05:00 (CET/CEST)","0","1330","207"
"Italy (IT)","08.09.2022 05:00 - 08.09.2022 06:00 (CET/CEST)","0","1095","215"
"Italy (IT)","08.09.2022 06:00 - 08.09.2022 07:00 (CET/CEST)","58","","340"
"Italy (IT)","08.09.2022 07:00 - 08.09.2022 08:00 (CET/CEST)","355","","660"
"Italy (IT)","08.09.2022 08:00 - 08.09.2022 09:00 (CET/CEST)","1365","","784"
"Italy (IT)","08.09.2022 09:00 - 08.09.2022 10:00 (CET/CEST)","1406","","746"
"Italy (IT)","08.09.2022 10:00 - 08.09.2022 11:00 (CET/CEST)","544","","589"
"Italy (IT)","08.09.2022 11:00 - 08.09.2022 12:00 (CET/CEST)","329","","430"
"Italy (IT)","08.09.2022 12:00 - 08.09.2022 13:00 (CET/CEST)","222","","283"
"Italy (IT)","08.09.2022 13:00 - 08.09.2022 14:00 (CET/CEST)","0","50","298"
"Italy (IT)","08.09.2022 14:00 - 08.09.2022 15:00 (CET/CEST)","233","","296"
"Italy (IT)","08.09.2022 15:00 - 08.09.2022 16:00 (CET/CEST)","247","","279"
"Italy (IT)","08.09.2022 16:00 - 08.09.2022 17:00 (CET/CEST)","231","","369"
"Italy (IT)","08.09.2022 17:00 - 08.09.2022 18:00 (CET/CEST)","626","","600"
"Italy (IT)","08.09.2022 18:00 - 08.09.2022 19:00 (CET/CEST)","708","","674"
"Italy (IT)","08.09.2022 19:00 - 08.09.2022 20:00 (CET/CEST)","1107","","861"
"Italy (IT)","08.09.2022 20:00 - 08.09.2022 21:00 (CET/CEST)","1737","","872"
"Italy (IT)","08.09.2022 21:00 - 08.09.2022 22:00 (CET/CEST)","1385","","441"
"Italy (IT)","08.09.2022 22:00 - 08.09.2022 23:00 (CET/CEST)","249","8","362"
"Italy (IT)","08.09.2022 23:00 - 09.09.2022 00:00 (CET/CEST)","1","81","257"
"Italy (IT)","09.09.2022 00:00 - 09.09.2022 01:00 (CET/CEST)","15","40","221"
"Italy (IT)","09.09.2022 01:00 - 09.09.2022 02:00 (CET/CEST)","0","375","220"
"Italy (IT)","09.09.2022 02:00 - 09.09.2022 03:00 (CET/CEST)","0","510","219"
"Italy (IT)","09.09.2022 03:00 - 09.09.2022 04:00 (CET/CEST)","0","684","220"
"Italy (IT)","09.09.2022 04:00 - 09.09.2022 05:00 (CET/CEST)","0","683","276"
"Italy (IT)","09.09.2022 05:00 - 09.09.2022 06:00 (CET/CEST)","8","449","256"
"Italy (IT)","09.09.2022 06:00 - 09.09.2022 07:00 (CET/CEST)","373","","282"
"Italy (IT)","09.09.2022 07:00 - 09.09.2022 08:00 (CET/CEST)","666","","613"
"Italy (IT)","09.09.2022 08:00 - 09.09.2022 09:00 (CET/CEST)","1169","","682"
"Italy (IT)","09.09.2022 09:00 - 09.09.2022 10:00 (CET/CEST)","727","","633"
"Italy (IT)","09.09.2022 10:00 - 09.09.2022 11:00 (CET/CEST)","608","","445"
"Italy (IT)","09.09.2022 11:00 - 09.09.2022 12:00 (CET/CEST)","428","141","343"
"Italy (IT)","09.09.2022 12:00 - 09.09.2022 13:00 (CET/CEST)","9","352","274"
"Italy (IT)","09.09.2022 13:00 - 09.09.2022 14:00 (CET/CEST)","0","447","295"
"Italy (IT)","09.09.2022 14:00 - 09.09.2022 15:00 (CET/CEST)","0","517","262"
"Italy (IT)","09.09.2022 15:00 - 09.09.2022 16:00 (CET/CEST)","0","514","263"
"Italy (IT)","09.09.2022 16:00 - 09.09.2022 17:00 (CET/CEST)","301","47","277"
"Italy (IT)","09.09.2022 17:00 - 09.09.2022 18:00 (CET/CEST)","474","","327"
"Italy (IT)","09.09.2022 18:00 - 09.09.2022 19:00 (CET/CEST)","777","62","466"
"Italy (IT)","09.09.2022 19:00 - 09.09.2022 20:00 (CET/CEST)","1240","","590"
"Italy (IT)","09.09.2022 20:00 - 09.09.2022 21:00 (CET/CEST)","1049","","699"
"Italy (IT)","09.09.2022 21:00 - 09.09.2022 22:00 (CET/CEST)","725","","461"
"Italy (IT)","09.09.2022 22:00 - 09.09.2022 23:00 (CET/CEST)","18","","274"
"Italy (IT)","09.09.2022 23:00 - 10.09.2022 00:00 (CET/CEST)","11","19","211"
"Italy (IT)","10.09.2022 00:00 - 10.09.2022 01:00 (CET/CEST)","18","81","200"
"Italy (IT)","10.09.2022 01:00 - 10.09.2022 02:00 (CET/CEST)","5","35","208"
"Italy (IT)","10.09.2022 02:00 - 10.09.2022 03:00 (CET/CEST)","86","","210"
"Italy (IT)","10.09.2022 03:00 - 10.09.2022 04:00 (CET/CEST)","0","240","219"
"Italy (IT)","10.09.2022 04:00 - 10.09.2022 05:00 (CET/CEST)","5","258","217"
"Italy (IT)","10.09.2022 05:00 - 10.09.2022 06:00 (CET/CEST)","130","131","221"
"Italy (IT)","10.09.2022 06:00 - 10.09.2022 07:00 (CET/CEST)","198","","357"
"Italy (IT)","10.09.2022 07:00 - 10.09.2022 08:00 (CET/CEST)","259","","546"
"Italy (IT)","10.09.2022 08:00 - 10.09.2022 09:00 (CET/CEST)","335","","506"
"Italy (IT)","10.09.2022 09:00 - 10.09.2022 10:00 (CET/CEST)","325","","353"
"Italy (IT)","10.09.2022 10:00 - 10.09.2022 11:00 (CET/CEST)","295","","260"
"Italy (IT)","10.09.2022 11:00 - 10.09.2022 12:00 (CET/CEST)","294","","260"
"Italy (IT)","10.09.2022 12:00 - 10.09.2022 13:00 (CET/CEST)","79","1","242"
"Italy (IT)","10.09.2022 13:00 - 10.09.2022 14:00 (CET/CEST)","0","1377","277"
"Italy (IT)","10.09.2022 14:00 - 10.09.2022 15:00 (CET/CEST)","0","1652","278"
"Italy (IT)","10.09.2022 15:00 - 10.09.2022 16:00 (CET/CEST)","0","1557","278"
"Italy (IT)","10.09.2022 16:00 - 10.09.2022 17:00 (CET/CEST)","0","305","238"
"Italy (IT)","10.09.2022 17:00 - 10.09.2022 18:00 (CET/CEST)","389","","335"
"Italy (IT)","10.09.2022 18:00 - 10.09.2022 19:00 (CET/CEST)","1181","","630"
"Italy (IT)","10.09.2022 19:00 - 10.09.2022 20:00 (CET/CEST)","1445","","697"
"Italy (IT)","10.09.2022 20:00 - 10.09.2022 21:00 (CET/CEST)","1790","","691"
"Italy (IT)","10.09.2022 21:00 - 10.09.2022 22:00 (CET/CEST)","1127","","512"
"Italy (IT)","10.09.2022 22:00 - 10.09.2022 23:00 (CET/CEST)","178","","417"
"Italy (IT)","10.09.2022 23:00 - 11.09.2022 00:00 (CET/CEST)","189","","303"
"Italy (IT)","11.09.2022 00:00 - 11.09.2022 01:00 (CET/CEST)","0","1","190"
"Italy (IT)","11.09.2022 01:00 - 11.09.2022 02:00 (CET/CEST)","0","1","175"
"Italy (IT)","11.09.2022 02:00 - 11.09.2022 03:00 (CET/CEST)","0","17","174"
"Italy (IT)","11.09.2022 03:00 - 11.09.2022 04:00 (CET/CEST)","0","52","175"
"Italy (IT)","11.09.2022 04:00 - 11.09.2022 05:00 (CET/CEST)","1","51","175"
"Italy (IT)","11.09.2022 05:00 - 11.09.2022 06:00 (CET/CEST)","5","51","175"
"Italy (IT)","11.09.2022 06:00 - 11.09.2022 07:00 (CET/CEST)","11","51","204"
"Italy (IT)","11.09.2022 07:00 - 11.09.2022 08:00 (CET/CEST)","35","49","352"
"Italy (IT)","11.09.2022 08:00 - 11.09.2022 09:00 (CET/CEST)","193","","308"
"Italy (IT)","11.09.2022 09:00 - 11.09.2022 10:00 (CET/CEST)","52","16","272"
"Italy (IT)","11.09.2022 10:00 - 11.09.2022 11:00 (CET/CEST)","0","815","255"
"Italy (IT)","11.09.2022 11:00 - 11.09.2022 12:00 (CET/CEST)","0","1179","221"
"Italy (IT)","11.09.2022 12:00 - 11.09.2022 13:00 (CET/CEST)","0","1266","234"
"Italy (IT)","11.09.2022 13:00 - 11.09.2022 14:00 (CET/CEST)","0","1286","283"
"Italy (IT)","11.09.2022 14:00 - 11.09.2022 15:00 (CET/CEST)","0","1539","285"
"Italy (IT)","11.09.2022 15:00 - 11.09.2022 16:00 (CET/CEST)","0","1398","247"
"Italy (IT)","11.09.2022 16:00 - 11.09.2022 17:00 (CET/CEST)","","1168","237"
"Italy (IT)","11.09.2022 17:00 - 11.09.2022 18:00 (CET/CEST)","0","328","252"
"Italy (IT)","11.09.2022 18:00 - 11.09.2022 19:00 (CET/CEST)","1039","","458"
"Italy (IT)","11.09.2022 19:00 - 11.09.2022 20:00 (CET/CEST)","526","","558"
"Italy (IT)","11.09.2022 20:00 - 11.09.2022 21:00 (CET/CEST)","1001","","544"
"Italy (IT)","11.09.2022 21:00 - 11.09.2022 22:00 (CET/CEST)","774","","427"
"Italy (IT)","11.09.2022 22:00 - 11.09.2022 23:00 (CET/CEST)","682","","363"
"Italy (IT)","11.09.2022 23:00 - 12.09.2022 00:00 (CET/CEST)","173","","225"
"Italy (IT)","12.09.2022 00:00 - 12.09.2022 01:00 (CET/CEST)","60","55","215"
"Italy (IT)","12.09.2022 01:00 - 12.09.2022 02:00 (CET/CEST)","13","1004","184"
"Italy (IT)","12.09.2022 02:00 - 12.09.2022 03:00 (CET/CEST)","0","1524","184"
"Italy (IT)","12.09.2022 03:00 - 12.09.2022 04:00 (CET/CEST)","0","1775","184"
"Italy (IT)","12.09.2022 04:00 - 12.09.2022 05:00 (CET/CEST)","0","1941","184"
"Italy (IT)","12.09.2022 05:00 - 12.09.2022 06:00 (CET/CEST)","0","1937","190"
"Italy (IT)","12.09.2022 06:00 - 12.09.2022 07:00 (CET/CEST)","160","5","299"
"Italy (IT)","12.09.2022 07:00 - 12.09.2022 08:00 (CET/CEST)","457","","485"
"Italy (IT)","12.09.2022 08:00 - 12.09.2022 09:00 (CET/CEST)","1476","","667"
"Italy (IT)","12.09.2022 09:00 - 12.09.2022 10:00 (CET/CEST)","214","","482"
"Italy (IT)","12.09.2022 10:00 - 12.09.2022 11:00 (CET/CEST)","0","342","252"
"Italy (IT)","12.09.2022 11:00 - 12.09.2022 12:00 (CET/CEST)","0","474","238"
"Italy (IT)","12.09.2022 12:00 - 12.09.2022 13:00 (CET/CEST)","19","19","232"
"Italy (IT)","12.09.2022 13:00 - 12.09.2022 14:00 (CET/CEST)","0","45","233"
"Italy (IT)","12.09.2022 14:00 - 12.09.2022 15:00 (CET/CEST)","0","70","227"
"Italy (IT)","12.09.2022 15:00 - 12.09.2022 16:00 (CET/CEST)","0","12","247"
"Italy (IT)","12.09.2022 16:00 - 12.09.2022 17:00 (CET/CEST)","121","","290"
"Italy (IT)","12.09.2022 17:00 - 12.09.2022 18:00 (CET/CEST)","485","19","427"
"Italy (IT)","12.09.2022 18:00 - 12.09.2022 19:00 (CET/CEST)","1835","52","605"
"Italy (IT)","12.09.2022 19:00 - 12.09.2022 20:00 (CET/CEST)","1946","","735"
"Italy (IT)","12.09.2022 20:00 - 12.09.2022 21:00 (CET/CEST)","2122","","717"
"Italy (IT)","12.09.2022 21:00 - 12.09.2022 22:00 (CET/CEST)","383","","553"
"Italy (IT)","12.09.2022 22:00 - 12.09.2022 23:00 (CET/CEST)","72","27","361"
"Italy (IT)","12.09.2022 23:00 - 13.09.2022 00:00 (CET/CEST)","27","81","212"
"Italy (IT)","13.09.2022 00:00 - 13.09.2022 01:00 (CET/CEST)","43","24","151"
"Italy (IT)","13.09.2022 01:00 - 13.09.2022 02:00 (CET/CEST)","55","46","149"
"Italy (IT)","13.09.2022 02:00 - 13.09.2022 03:00 (CET/CEST)","27","1434","149"
"Italy (IT)","13.09.2022 03:00 - 13.09.2022 04:00 (CET/CEST)","0","1732","149"
"Italy (IT)","13.09.2022 04:00 - 13.09.2022 05:00 (CET/CEST)","0","1868","149"
"Italy (IT)","13.09.2022 05:00 - 13.09.2022 06:00 (CET/CEST)","0","1849","150"
"Italy (IT)","13.09.2022 06:00 - 13.09.2022 07:00 (CET/CEST)","225","","204"
"Italy (IT)","13.09.2022 07:00 - 13.09.2022 08:00 (CET/CEST)","728","","386"
"Italy (IT)","13.09.2022 08:00 - 13.09.2022 09:00 (CET/CEST)","1063","","661"
"Italy (IT)","13.09.2022 09:00 - 13.09.2022 10:00 (CET/CEST)","865","","548"
"Italy (IT)","13.09.2022 10:00 - 13.09.2022 11:00 (CET/CEST)","517","","435"
"Italy (IT)","13.09.2022 11:00 - 13.09.2022 12:00 (CET/CEST)","511","57","355"
"Italy (IT)","13.09.2022 12:00 - 13.09.2022 13:00 (CET/CEST)","400","81","353"
"Italy (IT)","13.09.2022 13:00 - 13.09.2022 14:00 (CET/CEST)","202","230","257"
"Italy (IT)","13.09.2022 14:00 - 13.09.2022 15:00 (CET/CEST)","211","74","265"
"Italy (IT)","13.09.2022 15:00 - 13.09.2022 16:00 (CET/CEST)","221","","269"
"Italy (IT)","13.09.2022 16:00 - 13.09.2022 17:00 (CET/CEST)","455","","327"
"Italy (IT)","13.09.2022 17:00 - 13.09.2022 18:00 (CET/CEST)","527","","562"
"Italy (IT)","13.09.2022 18:00 - 13.09.2022 19:00 (CET/CEST)","783","","564"
"Italy (IT)","13.09.2022 19:00 - 13.09.2022 20:00 (CET/CEST)","838","113","640"
"Italy (IT)","13.09.2022 20:00 - 13.09.2022 21:00 (CET/CEST)","1102","81","694"
"Italy (IT)","13.09.2022 21:00 - 13.09.2022 22:00 (CET/CEST)","158","117","412"
"Italy (IT)","13.09.2022 22:00 - 13.09.2022 23:00 (CET/CEST)","41","161","303"
"Italy (IT)","13.09.2022 23:00 - 14.09.2022 00:00 (CET/CEST)","38","45","162"
"Italy (IT)","14.09.2022 00:00 - 14.09.2022 01:00 (CET/CEST)","94","577","149"
"Italy (IT)","14.09.2022 01:00 - 14.09.2022 02:00 (CET/CEST)","13","933","149"
"Italy (IT)","14.09.2022 02:00 - 14.09.2022 03:00 (CET/CEST)","0","951","149"
"Italy (IT)","14.09.2022 03:00 - 14.09.2022 04:00 (CET/CEST)","0","863","149"
"Italy (IT)","14.09.2022 04:00 - 14.09.2022 05:00 (CET/CEST)","0","665","149"
"Italy (IT)","14.09.2022 05:00 - 14.09.2022 06:00 (CET/CEST)","0","343","152"
"Italy (IT)","14.09.2022 06:00 - 14.09.2022 07:00 (CET/CEST)","3","29","228"
"Italy (IT)","14.09.2022 07:00 - 14.09.2022 08:00 (CET/CEST)","516","","331"
"Italy (IT)","14.09.2022 08:00 - 14.09.2022 09:00 (CET/CEST)","1371","","795"
"Italy (IT)","14.09.2022 09:00 - 14.09.2022 10:00 (CET/CEST)","1221","","727"
"Italy (IT)","14.09.2022 10:00 - 14.09.2022 11:00 (CET/CEST)","1113","","535"
"Italy (IT)","14.09.2022 11:00 - 14.09.2022 12:00 (CET/CEST)","1310","","527"
"Italy (IT)","14.09.2022 12:00 - 14.09.2022 13:00 (CET/CEST)","825","","394"
"Italy (IT)","14.09.2022 13:00 - 14.09.2022 14:00 (CET/CEST)","225","","277"
"Italy (IT)","14.09.2022 14:00 - 14.09.2022 15:00 (CET/CEST)","273","","268"
"Italy (IT)","14.09.2022 15:00 - 14.09.2022 16:00 (CET/CEST)","209","","291"
"Italy (IT)","14.09.2022 16:00 - 14.09.2022 17:00 (CET/CEST)","118","","359"
"Italy (IT)","14.09.2022 17:00 - 14.09.2022 18:00 (CET/CEST)","555","82","440"
"Italy (IT)","14.09.2022 18:00 - 14.09.2022 19:00 (CET/CEST)","492","161","483"
"Italy (IT)","14.09.2022 19:00 - 14.09.2022 20:00 (CET/CEST)","707","93","773"
"Italy (IT)","14.09.2022 20:00 - 14.09.2022 21:00 (CET/CEST)","629","81","599"
"Italy (IT)","14.09.2022 21:00 - 14.09.2022 22:00 (CET/CEST)","255","74","361"
"Italy (IT)","14.09.2022 22:00 - 14.09.2022 23:00 (CET/CEST)","54","14","406"
"Italy (IT)","14.09.2022 23:00 - 15.09.2022 00:00 (CET/CEST)","51","44","160"
"Italy (IT)","15.09.2022 00:00 - 15.09.2022 01:00 (CET/CEST)","49","316","148"
"Italy (IT)","15.09.2022 01:00 - 15.09.2022 02:00 (CET/CEST)","0","690","148"
"Italy (IT)","15.09.2022 02:00 - 15.09.2022 03:00 (CET/CEST)","0","1043","149"
"Italy (IT)","15.09.2022 03:00 - 15.09.2022 04:00 (CET/CEST)","0","1111","148"
"Italy (IT)","15.09.2022 04:00 - 15.09.2022 05:00 (CET/CEST)","0","1178","149"
"Italy (IT)","15.09.2022 05:00 - 15.09.2022 06:00 (CET/CEST)","0","1274","156"
"Italy (IT)","15.09.2022 06:00 - 15.09.2022 07:00 (CET/CEST)","0","153","234"
"Italy (IT)","15.09.2022 07:00 - 15.09.2022 08:00 (CET/CEST)","82","","453"
"Italy (IT)","15.09.2022 08:00 - 15.09.2022 09:00 (CET/CEST)","640","","588"
"Italy (IT)","15.09.2022 09:00 - 15.09.2022 10:00 (CET/CEST)","1702","","696"
"Italy (IT)","15.09.2022 10:00 - 15.09.2022 11:00 (CET/CEST)","1376","","459"
"Italy (IT)","15.09.2022 11:00 - 15.09.2022 12:00 (CET/CEST)","276","","388"
"Italy (IT)","15.09.2022 12:00 - 15.09.2022 13:00 (CET/CEST)","117","","333"
"Italy (IT)","15.09.2022 13:00 - 15.09.2022 14:00 (CET/CEST)","116","","323"
"Italy (IT)","15.09.2022 14:00 - 15.09.2022 15:00 (CET/CEST)","115","","358"
"Italy (IT)","15.09.2022 15:00 - 15.09.2022 16:00 (CET/CEST)","217","","399"
"Italy (IT)","15.09.2022 16:00 - 15.09.2022 17:00 (CET/CEST)","797","","466"
"Italy (IT)","15.09.2022 17:00 - 15.09.2022 18:00 (CET/CEST)","453","72","557"
"Italy (IT)","15.09.2022 18:00 - 15.09.2022 19:00 (CET/CEST)","364","81","557"
"Italy (IT)","15.09.2022 19:00 - 15.09.2022 20:00 (CET/CEST)","772","67","608"
"Italy (IT)","15.09.2022 20:00 - 15.09.2022 21:00 (CET/CEST)","557","47","597"
"Italy (IT)","15.09.2022 21:00 - 15.09.2022 22:00 (CET/CEST)","123","31","392"
"Italy (IT)","15.09.2022 22:00 - 15.09.2022 23:00 (CET/CEST)","0","30","266"
"Italy (IT)","15.09.2022 23:00 - 16.09.2022 00:00 (CET/CEST)","6","31","158"
"Italy (IT)","16.09.2022 00:00 - 16.09.2022 01:00 (CET/CEST)","304","","202"
"Italy (IT)","16.09.2022 01:00 - 16.09.2022 02:00 (CET/CEST)","371","","260"
"Italy (IT)","16.09.2022 02:00 - 16.09.2022 03:00 (CET/CEST)","53","","192"
"Italy (IT)","16.09.2022 03:00 - 16.09.2022 04:00 (CET/CEST)","9","144","197"
"Italy (IT)","16.09.2022 04:00 - 16.09.2022 05:00 (CET/CEST)","8","142","198"
"Italy (IT)","16.09.2022 05:00 - 16.09.2022 06:00 (CET/CEST)","56","","207"
"Italy (IT)","16.09.2022 06:00 - 16.09.2022 07:00 (CET/CEST)","300","","487"
"Italy (IT)","16.09.2022 07:00 - 16.09.2022 08:00 (CET/CEST)","786","","625"
"Italy (IT)","16.09.2022 08:00 - 16.09.2022 09:00 (CET/CEST)","1596","","638"
"Italy (IT)","16.09.2022 09:00 - 16.09.2022 10:00 (CET/CEST)","1217","","520"
"Italy (IT)","16.09.2022 10:00 - 16.09.2022 11:00 (CET/CEST)","681","","529"
"Italy (IT)","16.09.2022 11:00 - 16.09.2022 12:00 (CET/CEST)","283","","307"
"Italy (IT)","16.09.2022 12:00 - 16.09.2022 13:00 (CET/CEST)","29","263","195"
"Italy (IT)","16.09.2022 13:00 - 16.09.2022 14:00 (CET/CEST)","29","331","181"
"Italy (IT)","16.09.2022 14:00 - 16.09.2022 15:00 (CET/CEST)","197","","182"
"Italy (IT)","16.09.2022 15:00 - 16.09.2022 16:00 (CET/CEST)","165","","302"
"Italy (IT)","16.09.2022 16:00 - 16.09.2022 17:00 (CET/CEST)","372","","359"
"Italy (IT)","16.09.2022 17:00 - 16.09.2022 18:00 (CET/CEST)","664","","569"
"Italy (IT)","16.09.2022 18:00 - 16.09.2022 19:00 (CET/CEST)","1396","","578"
"Italy (IT)","16.09.2022 19:00 - 16.09.2022 20:00 (CET/CEST)","1774","","880"
"Italy (IT)","16.09.2022 20:00 - 16.09.2022 21:00 (CET/CEST)","1874","","805"
"Italy (IT)","16.09.2022 21:00 - 16.09.2022 22:00 (CET/CEST)","344","","431"
"Italy (IT)","16.09.2022 22:00 - 16.09.2022 23:00 (CET/CEST)","0","30","318"
"Italy (IT)","16.09.2022 23:00 - 17.09.2022 00:00 (CET/CEST)","0","372","215"
"Italy (IT)","17.09.2022 00:00 - 17.09.2022 01:00 (CET/CEST)","0","647","247"
"Italy (IT)","17.09.2022 01:00 - 17.09.2022 02:00 (CET/CEST)","0","720","241"
"Italy (IT)","17.09.2022 02:00 - 17.09.2022 03:00 (CET/CEST)","53","1067","188"
"Italy (IT)","17.09.2022 03:00 - 17.09.2022 04:00 (CET/CEST)","6","1067","179"
"Italy (IT)","17.09.2022 04:00 - 17.09.2022 05:00 (CET/CEST)","10","1067","166"
"Italy (IT)","17.09.2022 05:00 - 17.09.2022 06:00 (CET/CEST)","5","1064","161"
"Italy (IT)","17.09.2022 06:00 - 17.09.2022 07:00 (CET/CEST)","0","818","171"
"Italy (IT)","17.09.2022 07:00 - 17.09.2022 08:00 (CET/CEST)","0","594","239"
"Italy (IT)","17.09.2022 08:00 - 17.09.2022 09:00 (CET/CEST)","49","467","378"
"Italy (IT)","17.09.2022 09:00 - 17.09.2022 10:00 (CET/CEST)","353","160","521"
"Italy (IT)","17.09.2022 10:00 - 17.09.2022 11:00 (CET/CEST)","185","162","431"
"Italy (IT)","17.09.2022 11:00 - 17.09.2022 12:00 (CET/CEST)","50","561","286"
"Italy (IT)","17.09.2022 12:00 - 17.09.2022 13:00 (CET/CEST)","","985","285"
"Italy (IT)","17.09.2022 13:00 - 17.09.2022 14:00 (CET/CEST)","","1302","285"
"Italy (IT)","17.09.2022 14:00 - 17.09.2022 15:00 (CET/CEST)","","2034","225"
"Italy (IT)","17.09.2022 15:00 - 17.09.2022 16:00 (CET/CEST)","","2169","145"
"Italy (IT)","17.09.2022 16:00 - 17.09.2022 17:00 (CET/CEST)","","1988","143"
"Italy (IT)","17.09.2022 17:00 - 17.09.2022 18:00 (CET/CEST)","85","1163","157"
"Italy (IT)","17.09.2022 18:00 - 17.09.2022 19:00 (CET/CEST)","115","759","314"
"Italy (IT)","17.09.2022 19:00 - 17.09.2022 20:00 (CET/CEST)","886","43","436"
"Italy (IT)","17.09.2022 20:00 - 17.09.2022 21:00 (CET/CEST)","1114","","443"
"Italy (IT)","17.09.2022 21:00 - 17.09.2022 22:00 (CET/CEST)","445","","273"
"Italy (IT)","17.09.2022 22:00 - 17.09.2022 23:00 (CET/CEST)","262","","222"
"Italy (IT)","17.09.2022 23:00 - 18.09.2022 00:00 (CET/CEST)","105","","185"
"Italy (IT)","18.09.2022 00:00 - 18.09.2022 01:00 (CET/CEST)","96","","216"
"Italy (IT)","18.09.2022 01:00 - 18.09.2022 02:00 (CET/CEST)","25","66","244"
"Italy (IT)","18.09.2022 02:00 - 18.09.2022 03:00 (CET/CEST)","58","245","210"
"Italy (IT)","18.09.2022 03:00 - 18.09.2022 04:00 (CET/CEST)","59","543","181"
"Italy (IT)","18.09.2022 04:00 - 18.09.2022 05:00 (CET/CEST)","59","567","181"
"Italy (IT)","18.09.2022 05:00 - 18.09.2022 06:00 (CET/CEST)","132","381","200"
"Italy (IT)","18.09.2022 06:00 - 18.09.2022 07:00 (CET/CEST)","376","66","197"
"Italy (IT)","18.09.2022 07:00 - 18.09.2022 08:00 (CET/CEST)","448","","273"
"Italy (IT)","18.09.2022 08:00 - 18.09.2022 09:00 (CET/CEST)","377","29","312"
"Italy (IT)","18.09.2022 09:00 - 18.09.2022 10:00 (CET/CEST)","106","69","322"
"Italy (IT)","18.09.2022 10:00 - 18.09.2022 11:00 (CET/CEST)","92","554","305"
"Italy (IT)","18.09.2022 11:00 - 18.09.2022 12:00 (CET/CEST)","0","1222","296"
"Italy (IT)","18.09.2022 12:00 - 18.09.2022 13:00 (CET/CEST)","","1770","296"
"Italy (IT)","18.09.2022 13:00 - 18.09.2022 14:00 (CET/CEST)","","2246","254"
"Italy (IT)","18.09.2022 14:00 - 18.09.2022 15:00 (CET/CEST)","","2735","193"
"Italy (IT)","18.09.2022 15:00 - 18.09.2022 16:00 (CET/CEST)","","2910","203"
"Italy (IT)","18.09.2022 16:00 - 18.09.2022 17:00 (CET/CEST)","","1936","276"
"Italy (IT)","18.09.2022 17:00 - 18.09.2022 18:00 (CET/CEST)","99","703","310"
"Italy (IT)","18.09.2022 18:00 - 18.09.2022 19:00 (CET/CEST)","585","61","325"
"Italy (IT)","18.09.2022 19:00 - 18.09.2022 20:00 (CET/CEST)","1500","94","428"
"Italy (IT)","18.09.2022 20:00 - 18.09.2022 21:00 (CET/CEST)","1343","","500"
"Italy (IT)","18.09.2022 21:00 - 18.09.2022 22:00 (CET/CEST)","497","","333"
"Italy (IT)","18.09.2022 22:00 - 18.09.2022 23:00 (CET/CEST)","130","26","258"
"Italy (IT)","18.09.2022 23:00 - 19.09.2022 00:00 (CET/CEST)","29","125","229"
"Italy (IT)","19.09.2022 00:00 - 19.09.2022 01:00 (CET/CEST)","5","164","97"
"Italy (IT)","19.09.2022 01:00 - 19.09.2022 02:00 (CET/CEST)","3","79","78"
"Italy (IT)","19.09.2022 02:00 - 19.09.2022 03:00 (CET/CEST)","252","451","65"
"Italy (IT)","19.09.2022 03:00 - 19.09.2022 04:00 (CET/CEST)","","611","65"
"Italy (IT)","19.09.2022 04:00 - 19.09.2022 05:00 (CET/CEST)","","954","66"
"Italy (IT)","19.09.2022 05:00 - 19.09.2022 06:00 (CET/CEST)","0","700","65"
"Italy (IT)","19.09.2022 06:00 - 19.09.2022 07:00 (CET/CEST)","79","","75"
"Italy (IT)","19.09.2022 07:00 - 19.09.2022 08:00 (CET/CEST)","1031","","418"
"Italy (IT)","19.09.2022 08:00 - 19.09.2022 09:00 (CET/CEST)","1431","","319"
"Italy (IT)","19.09.2022 09:00 - 19.09.2022 10:00 (CET/CEST)","745","","191"
"Italy (IT)","19.09.2022 10:00 - 19.09.2022 11:00 (CET/CEST)","173","2","163"
"Italy (IT)","19.09.2022 11:00 - 19.09.2022 12:00 (CET/CEST)","146","276","150"
"Italy (IT)","19.09.2022 12:00 - 19.09.2022 13:00 (CET/CEST)","97","319","150"
"Italy (IT)","19.09.2022 13:00 - 19.09.2022 14:00 (CET/CEST)","6","677","150"
"Italy (IT)","19.09.2022 14:00 - 19.09.2022 15:00 (CET/CEST)","10","793","150"
"Italy (IT)","19.09.2022 15:00 - 19.09.2022 16:00 (CET/CEST)","3","314","152"
"Italy (IT)","19.09.2022 16:00 - 19.09.2022 17:00 (CET/CEST)","43","","224"
"Italy (IT)","19.09.2022 17:00 - 19.09.2022 18:00 (CET/CEST)","140","","271"
"Italy (IT)","19.09.2022 18:00 - 19.09.2022 19:00 (CET/CEST)","735","76","348"
"Italy (IT)","19.09.2022 19:00 - 19.09.2022 20:00 (CET/CEST)","1983","151","402"
"Italy (IT)","19.09.2022 20:00 - 19.09.2022 21:00 (CET/CEST)","2569","12","378"
"Italy (IT)","19.09.2022 21:00 - 19.09.2022 22:00 (CET/CEST)","328","50","189"
"Italy (IT)","19.09.2022 22:00 - 19.09.2022 23:00 (CET/CEST)","29","115","129"
"Italy (IT)","19.09.2022 23:00 - 20.09.2022 00:00 (CET/CEST)","29","160","89"
"Italy (IT)","20.09.2022 00:00 - 20.09.2022 01:00 (CET/CEST)","1","110","63"
"Italy (IT)","20.09.2022 01:00 - 20.09.2022 02:00 (CET/CEST)","0","59","63"
"Italy (IT)","20.09.2022 02:00 - 20.09.2022 03:00 (CET/CEST)","0","1058","64"
"Italy (IT)","20.09.2022 03:00 - 20.09.2022 04:00 (CET/CEST)","0","1283","63"
"Italy (IT)","20.09.2022 04:00 - 20.09.2022 05:00 (CET/CEST)","0","1683","71"
"Italy (IT)","20.09.2022 05:00 - 20.09.2022 06:00 (CET/CEST)","0","746","67"
"Italy (IT)","20.09.2022 06:00 - 20.09.2022 07:00 (CET/CEST)","89","","75"
"Italy (IT)","20.09.2022 07:00 - 20.09.2022 08:00 (CET/CEST)","1011","","330"
"Italy (IT)","20.09.2022 08:00 - 20.09.2022 09:00 (CET/CEST)","1283","","470"
"Italy (IT)","20.09.2022 09:00 - 20.09.2022 10:00 (CET/CEST)","1008","","401"
"Italy (IT)","20.09.2022 10:00 - 20.09.2022 11:00 (CET/CEST)","100","","173"
"Italy (IT)","20.09.2022 11:00 - 20.09.2022 12:00 (CET/CEST)","119","","158"
"Italy (IT)","20.09.2022 12:00 - 20.09.2022 13:00 (CET/CEST)","137","","140"
"Italy (IT)","20.09.2022 13:00 - 20.09.2022 14:00 (CET/CEST)","150","","140"
"Italy (IT)","20.09.2022 14:00 - 20.09.2022 15:00 (CET/CEST)","16","","141"
"Italy (IT)","20.09.2022 15:00 - 20.09.2022 16:00 (CET/CEST)","2","","141"
"Italy (IT)","20.09.2022 16:00 - 20.09.2022 17:00 (CET/CEST)","28","","172"
"Italy (IT)","20.09.2022 17:00 - 20.09.2022 18:00 (CET/CEST)","972","40","194"
"Italy (IT)","20.09.2022 18:00 - 20.09.2022 19:00 (CET/CEST)","1091","160","274"
"Italy (IT)","20.09.2022 19:00 - 20.09.2022 20:00 (CET/CEST)","1338","52","465"
"Italy (IT)","20.09.2022 20:00 - 20.09.2022 21:00 (CET/CEST)","1203","","670"
"Italy (IT)","20.09.2022 21:00 - 20.09.2022 22:00 (CET/CEST)","1073","","283"
"Italy (IT)","20.09.2022 22:00 - 20.09.2022 23:00 (CET/CEST)","5","47","89"
"Italy (IT)","20.09.2022 23:00 - 21.09.2022 00:00 (CET/CEST)","3","92","27"
"Italy (IT)","21.09.2022 00:00 - 21.09.2022 01:00 (CET/CEST)","6","159","17"
"Italy (IT)","21.09.2022 01:00 - 21.09.2022 02:00 (CET/CEST)","8","206","17"
"Italy (IT)","21.09.2022 02:00 - 21.09.2022 03:00 (CET/CEST)","9","231","17"
"Italy (IT)","21.09.2022 03:00 - 21.09.2022 04:00 (CET/CEST)","8","722","17"
"Italy (IT)","21.09.2022 04:00 - 21.09.2022 05:00 (CET/CEST)","9","720","20"
"Italy (IT)","21.09.2022 05:00 - 21.09.2022 06:00 (CET/CEST)","8","202","24"
"Italy (IT)","21.09.2022 06:00 - 21.09.2022 07:00 (CET/CEST)","552","122","186"
"Italy (IT)","21.09.2022 07:00 - 21.09.2022 08:00 (CET/CEST)","849","","755"
"Italy (IT)","21.09.2022 08:00 - 21.09.2022 09:00 (CET/CEST)","1154","71","627"
"Italy (IT)","21.09.2022 09:00 - 21.09.2022 10:00 (CET/CEST)","987","70","517"
"Italy (IT)","21.09.2022 10:00 - 21.09.2022 11:00 (CET/CEST)","168","","173"
"Italy (IT)","21.09.2022 11:00 - 21.09.2022 12:00 (CET/CEST)","101","4","148"
"Italy (IT)","21.09.2022 12:00 - 21.09.2022 13:00 (CET/CEST)","2","421","131"
"Italy (IT)","21.09.2022 13:00 - 21.09.2022 14:00 (CET/CEST)","","1028","131"
"Italy (IT)","21.09.2022 14:00 - 21.09.2022 15:00 (CET/CEST)","","1284","130"
"Italy (IT)","21.09.2022 15:00 - 21.09.2022 16:00 (CET/CEST)","33","438","130"
"Italy (IT)","21.09.2022 16:00 - 21.09.2022 17:00 (CET/CEST)","31","100","158"
"Italy (IT)","21.09.2022 17:00 - 21.09.2022 18:00 (CET/CEST)","114","","197"
"Italy (IT)","21.09.2022 18:00 - 21.09.2022 19:00 (CET/CEST)","820","80","342"
"Italy (IT)","21.09.2022 19:00 - 21.09.2022 20:00 (CET/CEST)","2041","23","733"
"Italy (IT)","21.09.2022 20:00 - 21.09.2022 21:00 (CET/CEST)","1525","","395"
"Italy (IT)","21.09.2022 21:00 - 21.09.2022 22:00 (CET/CEST)","375","57","234"
"Italy (IT)","21.09.2022 22:00 - 21.09.2022 23:00 (CET/CEST)","146","139","105"
"Italy (IT)","21.09.2022 23:00 - 22.09.2022 00:00 (CET/CEST)","0","173","40"
"Italy (IT)","22.09.2022 00:00 - 22.09.2022 01:00 (CET/CEST)","0","1089","19"
"Italy (IT)","22.09.2022 01:00 - 22.09.2022 02:00 (CET/CEST)","","1065","27"
"Italy (IT)","22.09.2022 02:00 - 22.09.2022 03:00 (CET/CEST)","0","1627","29"
"Italy (IT)","22.09.2022 03:00 - 22.09.2022 04:00 (CET/CEST)","0","1643","23"
"Italy (IT)","22.09.2022 04:00 - 22.09.2022 05:00 (CET/CEST)","0","1491","19"
"Italy (IT)","22.09.2022 05:00 - 22.09.2022 06:00 (CET/CEST)","0","770","23"
"Italy (IT)","22.09.2022 06:00 - 22.09.2022 07:00 (CET/CEST)","290","2","75"
"Italy (IT)","22.09.2022 07:00 - 22.09.2022 08:00 (CET/CEST)","1906","","582"
"Italy (IT)","22.09.2022 08:00 - 22.09.2022 09:00 (CET/CEST)","1962","","513"
"Italy (IT)","22.09.2022 09:00 - 22.09.2022 10:00 (CET/CEST)","809","","400"
"Italy (IT)","22.09.2022 10:00 - 22.09.2022 11:00 (CET/CEST)","341","","203"
"Italy (IT)","22.09.2022 11:00 - 22.09.2022 12:00 (CET/CEST)","406","","92"
"Italy (IT)","22.09.2022 12:00 - 22.09.2022 13:00 (CET/CEST)","336","","89"
"Italy (IT)","22.09.2022 13:00 - 22.09.2022 14:00 (CET/CEST)","337","","89"
"Italy (IT)","22.09.2022 14:00 - 22.09.2022 15:00 (CET/CEST)","254","","91"
"Italy (IT)","22.09.2022 15:00 - 22.09.2022 16:00 (CET/CEST)","292","","176"
"Italy (IT)","22.09.2022 16:00 - 22.09.2022 17:00 (CET/CEST)","315","319","147"
"Italy (IT)","22.09.2022 17:00 - 22.09.2022 18:00 (CET/CEST)","440","423","224"
"Italy (IT)","22.09.2022 18:00 - 22.09.2022 19:00 (CET/CEST)","1746","","415"
"Italy (IT)","22.09.2022 19:00 - 22.09.2022 20:00 (CET/CEST)","2947","","962"
"Italy (IT)","22.09.2022 20:00 - 22.09.2022 21:00 (CET/CEST)","2509","","730"
"Italy (IT)","22.09.2022 21:00 - 22.09.2022 22:00 (CET/CEST)","679","","300"
"Italy (IT)","22.09.2022 22:00 - 22.09.2022 23:00 (CET/CEST)","372","","45"
"Italy (IT)","22.09.2022 23:00 - 23.09.2022 00:00 (CET/CEST)","325","","43"
"Italy (IT)","23.09.2022 00:00 - 23.09.2022 01:00 (CET/CEST)","30","","27"
"Italy (IT)","23.09.2022 01:00 - 23.09.2022 02:00 (CET/CEST)","0","74","24"
"Italy (IT)","23.09.2022 02:00 - 23.09.2022 03:00 (CET/CEST)","0","797","24"
"Italy (IT)","23.09.2022 03:00 - 23.09.2022 04:00 (CET/CEST)","0","857","24"
"Italy (IT)","23.09.2022 04:00 - 23.09.2022 05:00 (CET/CEST)","0","96","24"
"Italy (IT)","23.09.2022 05:00 - 23.09.2022 06:00 (CET/CEST)","1","23","28"
"Italy (IT)","23.09.2022 06:00 - 23.09.2022 07:00 (CET/CEST)","283","","116"
"Italy (IT)","23.09.2022 07:00 - 23.09.2022 08:00 (CET/CEST)","1164","","669"
"Italy (IT)","23.09.2022 08:00 - 23.09.2022 09:00 (CET/CEST)","1328","","783"
"Italy (IT)","23.09.2022 09:00 - 23.09.2022 10:00 (CET/CEST)","1085","","212"
"Italy (IT)","23.09.2022 10:00 - 23.09.2022 11:00 (CET/CEST)","366","18","213"
"Italy (IT)","23.09.2022 11:00 - 23.09.2022 12:00 (CET/CEST)","348","80","173"
"Italy (IT)","23.09.2022 12:00 - 23.09.2022 13:00 (CET/CEST)","97","98","138"
"Italy (IT)","23.09.2022 13:00 - 23.09.2022 14:00 (CET/CEST)","207","158","140"
"Italy (IT)","23.09.2022 14:00 - 23.09.2022 15:00 (CET/CEST)","254","158","143"
"Italy (IT)","23.09.2022 15:00 - 23.09.2022 16:00 (CET/CEST)","254","158","144"
"Italy (IT)","23.09.2022 16:00 - 23.09.2022 17:00 (CET/CEST)","360","137","174"
"Italy (IT)","23.09.2022 17:00 - 23.09.2022 18:00 (CET/CEST)","1332","","264"
"Italy (IT)","23.09.2022 18:00 - 23.09.2022 19:00 (CET/CEST)","1785","","600"
"Italy (IT)","23.09.2022 19:00 - 23.09.2022 20:00 (CET/CEST)","1638","","784"
"Italy (IT)","23.09.2022 20:00 - 23.09.2022 21:00 (CET/CEST)","1262","","656"
"Italy (IT)","23.09.2022 21:00 - 23.09.2022 22:00 (CET/CEST)","680","","309"
"Italy (IT)","23.09.2022 22:00 - 23.09.2022 23:00 (CET/CEST)","305","","60"
"Italy (IT)","23.09.2022 23:00 - 24.09.2022 00:00 (CET/CEST)","302","17","41"
"Italy (IT)","24.09.2022 00:00 - 24.09.2022 01:00 (CET/CEST)","27","421","23"
"Italy (IT)","24.09.2022 01:00 - 24.09.2022 02:00 (CET/CEST)","0","664","33"
"Italy (IT)","24.09.2022 02:00 - 24.09.2022 03:00 (CET/CEST)","0","667","27"
"Italy (IT)","24.09.2022 03:00 - 24.09.2022 04:00 (CET/CEST)","0","667","20"
"Italy (IT)","24.09.2022 04:00 - 24.09.2022 05:00 (CET/CEST)","0","665","20"
"Italy (IT)","24.09.2022 05:00 - 24.09.2022 06:00 (CET/CEST)","1","239","28"
"Italy (IT)","24.09.2022 06:00 - 24.09.2022 07:00 (CET/CEST)","333","","341"
"Italy (IT)","24.09.2022 07:00 - 24.09.2022 08:00 (CET/CEST)","870","","567"
"Italy (IT)","24.09.2022 08:00 - 24.09.2022 09:00 (CET/CEST)","893","","569"
"Italy (IT)","24.09.2022 09:00 - 24.09.2022 10:00 (CET/CEST)","331","44","240"
"Italy (IT)","24.09.2022 10:00 - 24.09.2022 11:00 (CET/CEST)","251","335","174"
"Italy (IT)","24.09.2022 11:00 - 24.09.2022 12:00 (CET/CEST)","47","390","129"
"Italy (IT)","24.09.2022 12:00 - 24.09.2022 13:00 (CET/CEST)","10","355","325"
"Italy (IT)","24.09.2022 13:00 - 24.09.2022 14:00 (CET/CEST)","45","355","333"
"Italy (IT)","24.09.2022 14:00 - 24.09.2022 15:00 (CET/CEST)","179","353","449"
"Italy (IT)","24.09.2022 15:00 - 24.09.2022 16:00 (CET/CEST)","108","352","199"
"Italy (IT)","24.09.2022 16:00 - 24.09.2022 17:00 (CET/CEST)","75","303","209"
"Italy (IT)","24.09.2022 17:00 - 24.09.2022 18:00 (CET/CEST)","357","157","206"
"Italy (IT)","24.09.2022 18:00 - 24.09.2022 19:00 (CET/CEST)","1636","","864"
"Italy (IT)","24.09.2022 19:00 - 24.09.2022 20:00 (CET/CEST)","2185","","1026"
"Italy (IT)","24.09.2022 20:00 - 24.09.2022 21:00 (CET/CEST)","2269","","879"
"Italy (IT)","24.09.2022 21:00 - 24.09.2022 22:00 (CET/CEST)","447","","241"
"Italy (IT)","24.09.2022 22:00 - 24.09.2022 23:00 (CET/CEST)","377","","116"
"Italy (IT)","24.09.2022 23:00 - 25.09.2022 00:00 (CET/CEST)","316","556","73"
"Italy (IT)","25.09.2022 00:00 - 25.09.2022 01:00 (CET/CEST)","54","281","42"
"Italy (IT)","25.09.2022 01:00 - 25.09.2022 02:00 (CET/CEST)","33","488","41"
"Italy (IT)","25.09.2022 02:00 - 25.09.2022 03:00 (CET/CEST)","0","567","51"
"Italy (IT)","25.09.2022 03:00 - 25.09.2022 04:00 (CET/CEST)","0","719","50"
"Italy (IT)","25.09.2022 04:00 - 25.09.2022 05:00 (CET/CEST)","0","754","51"
"Italy (IT)","25.09.2022 05:00 - 25.09.2022 06:00 (CET/CEST)","0","796","55"
"Italy (IT)","25.09.2022 06:00 - 25.09.2022 07:00 (CET/CEST)","174","477","148"
"Italy (IT)","25.09.2022 07:00 - 25.09.2022 08:00 (CET/CEST)","221","106","183"
"Italy (IT)","25.09.2022 08:00 - 25.09.2022 09:00 (CET/CEST)","183","253","206"
"Italy (IT)","25.09.2022 09:00 - 25.09.2022 10:00 (CET/CEST)","172","50","467"
"Italy (IT)","25.09.2022 10:00 - 25.09.2022 11:00 (CET/CEST)","254","","299"
"Italy (IT)","25.09.2022 11:00 - 25.09.2022 12:00 (CET/CEST)","99","112","162"
"Italy (IT)","25.09.2022 12:00 - 25.09.2022 13:00 (CET/CEST)","100","266","161"
"Italy (IT)","25.09.2022 13:00 - 25.09.2022 14:00 (CET/CEST)","100","437","194"
"Italy (IT)","25.09.2022 14:00 - 25.09.2022 15:00 (CET/CEST)","100","470","217"
"Italy (IT)","25.09.2022 15:00 - 25.09.2022 16:00 (CET/CEST)","100","367","409"
"Italy (IT)","25.09.2022 16:00 - 25.09.2022 17:00 (CET/CEST)","367","456","421"
"Italy (IT)","25.09.2022 17:00 - 25.09.2022 18:00 (CET/CEST)","516","614","452"
"Italy (IT)","25.09.2022 18:00 - 25.09.2022 19:00 (CET/CEST)","731","3","575"
"Italy (IT)","25.09.2022 19:00 - 25.09.2022 20:00 (CET/CEST)","2226","","805"
"Italy (IT)","25.09.2022 20:00 - 25.09.2022 21:00 (CET/CEST)","1899","","673"
"Italy (IT)","25.09.2022 21:00 - 25.09.2022 22:00 (CET/CEST)","643","","486"
"Italy (IT)","25.09.2022 22:00 - 25.09.2022 23:00 (CET/CEST)","328","646","339"
"Italy (IT)","25.09.2022 23:00 - 26.09.2022 00:00 (CET/CEST)","318","738","114"
"Italy (IT)","26.09.2022 00:00 - 26.09.2022 01:00 (CET/CEST)","121","797","114"
"Italy (IT)","26.09.2022 01:00 - 26.09.2022 02:00 (CET/CEST)","48","1179","111"
"Italy (IT)","26.09.2022 02:00 - 26.09.2022 03:00 (CET/CEST)","0","1575","111"
"Italy (IT)","26.09.2022 03:00 - 26.09.2022 04:00 (CET/CEST)","0","1794","111"
"Italy (IT)","26.09.2022 04:00 - 26.09.2022 05:00 (CET/CEST)","","1574","153"
"Italy (IT)","26.09.2022 05:00 - 26.09.2022 06:00 (CET/CEST)","","1633","163"
"Italy (IT)","26.09.2022 06:00 - 26.09.2022 07:00 (CET/CEST)","217","1","211"
"Italy (IT)","26.09.2022 07:00 - 26.09.2022 08:00 (CET/CEST)","1650","","368"
"Italy (IT)","26.09.2022 08:00 - 26.09.2022 09:00 (CET/CEST)","1747","","362"
"Italy (IT)","26.09.2022 09:00 - 26.09.2022 10:00 (CET/CEST)","1647","","233"
"Italy (IT)","26.09.2022 10:00 - 26.09.2022 11:00 (CET/CEST)","1500","","513"
"Italy (IT)","26.09.2022 11:00 - 26.09.2022 12:00 (CET/CEST)","767","","470"
"Italy (IT)","26.09.2022 12:00 - 26.09.2022 13:00 (CET/CEST)","369","119","258"
"Italy (IT)","26.09.2022 13:00 - 26.09.2022 14:00 (CET/CEST)","193","159","62"
"Italy (IT)","26.09.2022 14:00 - 26.09.2022 15:00 (CET/CEST)","104","159","65"
"Italy (IT)","26.09.2022 15:00 - 26.09.2022 16:00 (CET/CEST)","102","159","92"
"Italy (IT)","26.09.2022 16:00 - 26.09.2022 17:00 (CET/CEST)","371","158","376"
"Italy (IT)","26.09.2022 17:00 - 26.09.2022 18:00 (CET/CEST)","1253","91","533"
"Italy (IT)","26.09.2022 18:00 - 26.09.2022 19:00 (CET/CEST)","1231","","374"
"Italy (IT)","26.09.2022 19:00 - 26.09.2022 20:00 (CET/CEST)","1537","","719"
"Italy (IT)","26.09.2022 20:00 - 26.09.2022 21:00 (CET/CEST)","1107","","659"
"Italy (IT)","26.09.2022 21:00 - 26.09.2022 22:00 (CET/CEST)","593","","203"
"Italy (IT)","26.09.2022 22:00 - 26.09.2022 23:00 (CET/CEST)","180","115","91"
"Italy (IT)","26.09.2022 23:00 - 27.09.2022 00:00 (CET/CEST)","178","398","50"
"Italy (IT)","27.09.2022 00:00 - 27.09.2022 01:00 (CET/CEST)","23","1069","21"
"Italy (IT)","27.09.2022 01:00 - 27.09.2022 02:00 (CET/CEST)","11","1680","21"
"Italy (IT)","27.09.2022 02:00 - 27.09.2022 03:00 (CET/CEST)","11","1812","21"
"Italy (IT)","27.09.2022 03:00 - 27.09.2022 04:00 (CET/CEST)","11","1903","21"
"Italy (IT)","27.09.2022 04:00 - 27.09.2022 05:00 (CET/CEST)","11","1744","30"
"Italy (IT)","27.09.2022 05:00 - 27.09.2022 06:00 (CET/CEST)","15","890","30"
"Italy (IT)","27.09.2022 06:00 - 27.09.2022 07:00 (CET/CEST)","226","","134"
"Italy (IT)","27.09.2022 07:00 - 27.09.2022 08:00 (CET/CEST)","946","","494"
"Italy (IT)","27.09.2022 08:00 - 27.09.2022 09:00 (CET/CEST)","1177","","792"
"Italy (IT)","27.09.2022 09:00 - 27.09.2022 10:00 (CET/CEST)","1249","","599"
"Italy (IT)","27.09.2022 10:00 - 27.09.2022 11:00 (CET/CEST)","615","205","296"
"Italy (IT)","27.09.2022 11:00 - 27.09.2022 12:00 (CET/CEST)","273","527","200"
"Italy (IT)","27.09.2022 12:00 - 27.09.2022 13:00 (CET/CEST)","92","660","110"
"Italy (IT)","27.09.2022 13:00 - 27.09.2022 14:00 (CET/CEST)","91","722","108"
"Italy (IT)","27.09.2022 14:00 - 27.09.2022 15:00 (CET/CEST)","91","752","108"
"Italy (IT)","27.09.2022 15:00 - 27.09.2022 16:00 (CET/CEST)","2","613","78"
"Italy (IT)","27.09.2022 16:00 - 27.09.2022 17:00 (CET/CEST)","103","266","109"
"Italy (IT)","27.09.2022 17:00 - 27.09.2022 18:00 (CET/CEST)","400","157","450"
"Italy (IT)","27.09.2022 18:00 - 27.09.2022 19:00 (CET/CEST)","592","157","515"
"Italy (IT)","27.09.2022 19:00 - 27.09.2022 20:00 (CET/CEST)","1065","59","798"
"Italy (IT)","27.09.2022 20:00 - 27.09.2022 21:00 (CET/CEST)","1038","","838"
"Italy (IT)","27.09.2022 21:00 - 27.09.2022 22:00 (CET/CEST)","613","","326"
"Italy (IT)","27.09.2022 22:00 - 27.09.2022 23:00 (CET/CEST)","181","12","189"
"Italy (IT)","27.09.2022 23:00 - 28.09.2022 00:00 (CET/CEST)","175","121","187"
"Italy (IT)","28.09.2022 00:00 - 28.09.2022 01:00 (CET/CEST)","4","976","25"
"Italy (IT)","28.09.2022 01:00 - 28.09.2022 02:00 (CET/CEST)","0","1404","23"
"Italy (IT)","28.09.2022 02:00 - 28.09.2022 03:00 (CET/CEST)","0","1544","23"
"Italy (IT)","28.09.2022 03:00 - 28.09.2022 04:00 (CET/CEST)","0","1535","22"
"Italy (IT)","28.09.2022 04:00 - 28.09.2022 05:00 (CET/CEST)","0","1577","26"
"Italy (IT)","28.09.2022 05:00 - 28.09.2022 06:00 (CET/CEST)","0","1103","29"
"Italy (IT)","28.09.2022 06:00 - 28.09.2022 07:00 (CET/CEST)","222","79","87"
"Italy (IT)","28.09.2022 07:00 - 28.09.2022 08:00 (CET/CEST)","994","","568"
"Italy (IT)","28.09.2022 08:00 - 28.09.2022 09:00 (CET/CEST)","1251","","718"
"Italy (IT)","28.09.2022 09:00 - 28.09.2022 10:00 (CET/CEST)","979","20","585"
"Italy (IT)","28.09.2022 10:00 - 28.09.2022 11:00 (CET/CEST)","706","173","466"
"Italy (IT)","28.09.2022 11:00 - 28.09.2022 12:00 (CET/CEST)","646","581","480"
"Italy (IT)","28.09.2022 12:00 - 28.09.2022 13:00 (CET/CEST)","479","456","304"
"Italy (IT)","28.09.2022 13:00 - 28.09.2022 14:00 (CET/CEST)","","903","109"
"Italy (IT)","28.09.2022 14:00 - 28.09.2022 15:00 (CET/CEST)","","491","292"
"Italy (IT)","28.09.2022 15:00 - 28.09.2022 16:00 (CET/CEST)","257","337","528"
"Italy (IT)","28.09.2022 16:00 - 28.09.2022 17:00 (CET/CEST)","786","56","295"
"Italy (IT)","28.09.2022 17:00 - 28.09.2022 18:00 (CET/CEST)","703","","195"
"Italy (IT)","28.09.2022 18:00 - 28.09.2022 19:00 (CET/CEST)","1147","","381"
"Italy (IT)","28.09.2022 19:00 - 28.09.2022 20:00 (CET/CEST)","1698","","599"
"Italy (IT)","28.09.2022 20:00 - 28.09.2022 21:00 (CET/CEST)","1658","","588"
"Italy (IT)","28.09.2022 21:00 - 28.09.2022 22:00 (CET/CEST)","1211","","218"
"Italy (IT)","28.09.2022 22:00 - 28.09.2022 23:00 (CET/CEST)","1283","","493"
"Italy (IT)","28.09.2022 23:00 - 29.09.2022 00:00 (CET/CEST)","661","3","97"
"Italy (IT)","29.09.2022 00:00 - 29.09.2022 01:00 (CET/CEST)","272","74","20"
"Italy (IT)","29.09.2022 01:00 - 29.09.2022 02:00 (CET/CEST)","70","74","20"
"Italy (IT)","29.09.2022 02:00 - 29.09.2022 03:00 (CET/CEST)","4","74","19"
"Italy (IT)","29.09.2022 03:00 - 29.09.2022 04:00 (CET/CEST)","0","106","20"
"Italy (IT)","29.09.2022 04:00 - 29.09.2022 05:00 (CET/CEST)","0","74","19"
"Italy (IT)","29.09.2022 05:00 - 29.09.2022 06:00 (CET/CEST)","5","74","20"
"Italy (IT)","29.09.2022 06:00 - 29.09.2022 07:00 (CET/CEST)","608","","240"
"Italy (IT)","29.09.2022 07:00 - 29.09.2022 08:00 (CET/CEST)","848","","838"
"Italy (IT)","29.09.2022 08:00 - 29.09.2022 09:00 (CET/CEST)","783","","778"
"Italy (IT)","29.09.2022 09:00 - 29.09.2022 10:00 (CET/CEST)","1614","","1012"
"Italy (IT)","29.09.2022 10:00 - 29.09.2022 11:00 (CET/CEST)","590","68","687"
"Italy (IT)","29.09.2022 11:00 - 29.09.2022 12:00 (CET/CEST)","503","80","765"
"Italy (IT)","29.09.2022 12:00 - 29.09.2022 13:00 (CET/CEST)","471","85","697"
"Italy (IT)","29.09.2022 13:00 - 29.09.2022 14:00 (CET/CEST)","291","230","553"
"Italy (IT)","29.09.2022 14:00 - 29.09.2022 15:00 (CET/CEST)","313","80","373"
"Italy (IT)","29.09.2022 15:00 - 29.09.2022 16:00 (CET/CEST)","310","89","237"
"Italy (IT)","29.09.2022 16:00 - 29.09.2022 17:00 (CET/CEST)","526","157","512"
"Italy (IT)","29.09.2022 17:00 - 29.09.2022 18:00 (CET/CEST)","1276","157","657"
"Italy (IT)","29.09.2022 18:00 - 29.09.2022 19:00 (CET/CEST)","931","157","714"
"Italy (IT)","29.09.2022 19:00 - 29.09.2022 20:00 (CET/CEST)","1786","5","947"
"Italy (IT)","29.09.2022 20:00 - 29.09.2022 21:00 (CET/CEST)","1171","3","777"
"Italy (IT)","29.09.2022 21:00 - 29.09.2022 22:00 (CET/CEST)","666","57","275"
"Italy (IT)","29.09.2022 22:00 - 29.09.2022 23:00 (CET/CEST)","316","79","174"
"Italy (IT)","29.09.2022 23:00 - 30.09.2022 00:00 (CET/CEST)","266","62","106"
"Italy (IT)","30.09.2022 00:00 - 30.09.2022 01:00 (CET/CEST)","5","60","20"
"Italy (IT)","30.09.2022 01:00 - 30.09.2022 02:00 (CET/CEST)","0","198","20"
"Italy (IT)","30.09.2022 02:00 - 30.09.2022 03:00 (CET/CEST)","0","222","19"
"Italy (IT)","30.09.2022 03:00 - 30.09.2022 04:00 (CET/CEST)","0","210","19"
"Italy (IT)","30.09.2022 04:00 - 30.09.2022 05:00 (CET/CEST)","0","354","20"
"Italy (IT)","30.09.2022 05:00 - 30.09.2022 06:00 (CET/CEST)","0","153","21"
"Italy (IT)","30.09.2022 06:00 - 30.09.2022 07:00 (CET/CEST)","261","79","305"
"Italy (IT)","30.09.2022 07:00 - 30.09.2022 08:00 (CET/CEST)","1844","","674"
"Italy (IT)","30.09.2022 08:00 - 30.09.2022 09:00 (CET/CEST)","1698","","727"
"Italy (IT)","30.09.2022 09:00 - 30.09.2022 10:00 (CET/CEST)","1696","","818"
"Italy (IT)","30.09.2022 10:00 - 30.09.2022 11:00 (CET/CEST)","1605","120","676"
"Italy (IT)","30.09.2022 11:00 - 30.09.2022 12:00 (CET/CEST)","1737","79","654"
"Italy (IT)","30.09.2022 12:00 - 30.09.2022 13:00 (CET/CEST)","660","139","586"
"Italy (IT)","30.09.2022 13:00 - 30.09.2022 14:00 (CET/CEST)","146","155","407"
"Italy (IT)","30.09.2022 14:00 - 30.09.2022 15:00 (CET/CEST)","223","155","271"
"Italy (IT)","30.09.2022 15:00 - 30.09.2022 16:00 (CET/CEST)","321","155","300"
"Italy (IT)","30.09.2022 16:00 - 30.09.2022 17:00 (CET/CEST)","506","80","336"
"Italy (IT)","30.09.2022 17:00 - 30.09.2022 18:00 (CET/CEST)","510","","251"
"Italy (IT)","30.09.2022 18:00 - 30.09.2022 19:00 (CET/CEST)","1613","","526"
"Italy (IT)","30.09.2022 19:00 - 30.09.2022 20:00 (CET/CEST)","2246","","854"
"Italy (IT)","30.09.2022 20:00 - 30.09.2022 21:00 (CET/CEST)","1741","","605"
"Italy (IT)","30.09.2022 21:00 - 30.09.2022 22:00 (CET/CEST)","756","","443"
"Italy (IT)","30.09.2022 22:00 - 30.09.2022 23:00 (CET/CEST)","515","1","130"
"Italy (IT)","30.09.2022 23:00 - 01.10.2022 00:00 (CET/CEST)","401","2","112"
"Italy (IT)","01.10.2022 00:00 - 01.10.2022 01:00 (CET/CEST)","295","49","70"
"Italy (IT)","01.10.2022 01:00 - 01.10.2022 02:00 (CET/CEST)","80","67","32"
"Italy (IT)","01.10.2022 02:00 - 01.10.2022 03:00 (CET/CEST)","0","82","31"
"Italy (IT)","01.10.2022 03:00 - 01.10.2022 04:00 (CET/CEST)","0","250","31"
"Italy (IT)","01.10.2022 04:00 - 01.10.2022 05:00 (CET/CEST)","0","264","31"
"Italy (IT)","01.10.2022 05:00 - 01.10.2022 06:00 (CET/CEST)","0","161","32"
"Italy (IT)","01.10.2022 06:00 - 01.10.2022 07:00 (CET/CEST)","10","29","68"
"Italy (IT)","01.10.2022 07:00 - 01.10.2022 08:00 (CET/CEST)","288","","422"
"Italy (IT)","01.10.2022 08:00 - 01.10.2022 09:00 (CET/CEST)","219","80","492"
"Italy (IT)","01.10.2022 09:00 - 01.10.2022 10:00 (CET/CEST)","113","158","407"
"Italy (IT)","01.10.2022 10:00 - 01.10.2022 11:00 (CET/CEST)","66","156","335"
"Italy (IT)","01.10.2022 11:00 - 01.10.2022 12:00 (CET/CEST)","113","375","244"
"Italy (IT)","01.10.2022 12:00 - 01.10.2022 13:00 (CET/CEST)","","1217","55"
"Italy (IT)","01.10.2022 13:00 - 01.10.2022 14:00 (CET/CEST)","","1932","54"
"Italy (IT)","01.10.2022 14:00 - 01.10.2022 15:00 (CET/CEST)","","2572","37"
"Italy (IT)","01.10.2022 15:00 - 01.10.2022 16:00 (CET/CEST)","","2874","40"
"Italy (IT)","01.10.2022 16:00 - 01.10.2022 17:00 (CET/CEST)","","2578","58"
"Italy (IT)","01.10.2022 17:00 - 01.10.2022 18:00 (CET/CEST)","","1595","219"
"Italy (IT)","01.10.2022 18:00 - 01.10.2022 19:00 (CET/CEST)","466","448","475"
"Italy (IT)","01.10.2022 19:00 - 01.10.2022 20:00 (CET/CEST)","1230","112","853"
"Italy (IT)","01.10.2022 20:00 - 01.10.2022 21:00 (CET/CEST)","854","","506"
"Italy (IT)","01.10.2022 21:00 - 01.10.2022 22:00 (CET/CEST)","33","83","496"
"Italy (IT)","01.10.2022 22:00 - 01.10.2022 23:00 (CET/CEST)","0","159","396"
"Italy (IT)","01.10.2022 23:00 - 02.10.2022 00:00 (CET/CEST)","0","95","212"
"Italy (IT)","02.10.2022 00:00 - 02.10.2022 01:00 (CET/CEST)","14","41","30"
"Italy (IT)","02.10.2022 01:00 - 02.10.2022 02:00 (CET/CEST)","76","538","19"
"Italy (IT)","02.10.2022 02:00 - 02.10.2022 03:00 (CET/CEST)","69","768","20"
"Italy (IT)","02.10.2022 03:00 - 02.10.2022 04:00 (CET/CEST)","75","951","19"
"Italy (IT)","02.10.2022 04:00 - 02.10.2022 05:00 (CET/CEST)","74","1203","20"
"Italy (IT)","02.10.2022 05:00 - 02.10.2022 06:00 (CET/CEST)","61","1204","20"
"Italy (IT)","02.10.2022 06:00 - 02.10.2022 07:00 (CET/CEST)","51","1355","29"
"Italy (IT)","02.10.2022 07:00 - 02.10.2022 08:00 (CET/CEST)","14","1456","125"
"Italy (IT)","02.10.2022 08:00 - 02.10.2022 09:00 (CET/CEST)","112","1559","166"
"Italy (IT)","02.10.2022 09:00 - 02.10.2022 10:00 (CET/CEST)","49","1044","132"
"Italy (IT)","02.10.2022 10:00 - 02.10.2022 11:00 (CET/CEST)","48","1036","144"
"Italy (IT)","02.10.2022 11:00 - 02.10.2022 12:00 (CET/CEST)","50","1719","166"
"Italy (IT)","02.10.2022 12:00 - 02.10.2022 13:00 (CET/CEST)","0","1873","135"
"Italy (IT)","02.10.2022 13:00 - 02.10.2022 14:00 (CET/CEST)","","1912","136"
"Italy (IT)","02.10.2022 14:00 - 02.10.2022 15:00 (CET/CEST)","","2302","45"
"Italy (IT)","02.10.2022 15:00 - 02.10.2022 16:00 (CET/CEST)","","2426","44"
"Italy (IT)","02.10.2022 16:00 - 02.10.2022 17:00 (CET/CEST)","9","2069","44"
"Italy (IT)","02.10.2022 17:00 - 02.10.2022 18:00 (CET/CEST)","10","1372","84"
"Italy (IT)","02.10.2022 18:00 - 02.10.2022 19:00 (CET/CEST)","124","351","308"
"Italy (IT)","02.10.2022 19:00 - 02.10.2022 20:00 (CET/CEST)","1323","","734"
"Italy (IT)","02.10.2022 20:00 - 02.10.2022 21:00 (CET/CEST)","1155","","696"
"Italy (IT)","02.10.2022 21:00 - 02.10.2022 22:00 (CET/CEST)","464","396","336"
"Italy (IT)","02.10.2022 22:00 - 02.10.2022 23:00 (CET/CEST)","258","299","278"
"Italy (IT)","02.10.2022 23:00 - 03.10.2022 00:00 (CET/CEST)","141","421","157"
"Italy (IT)","03.10.2022 00:00 - 03.10.2022 01:00 (CET/CEST)","0","535","86"
"Italy (IT)","03.10.2022 01:00 - 03.10.2022 02:00 (CET/CEST)","0","1046","74"
"Italy (IT)","03.10.2022 02:00 - 03.10.2022 03:00 (CET/CEST)","0","1406","74"
"Italy (IT)","03.10.2022 03:00 - 03.10.2022 04:00 (CET/CEST)","","1877","74"
"Italy (IT)","03.10.2022 04:00 - 03.10.2022 05:00 (CET/CEST)","","1924","73"
"Italy (IT)","03.10.2022 05:00 - 03.10.2022 06:00 (CET/CEST)","","949","75"
"Italy (IT)","03.10.2022 06:00 - 03.10.2022 07:00 (CET/CEST)","11","24","106"
"Italy (IT)","03.10.2022 07:00 - 03.10.2022 08:00 (CET/CEST)","974","","313"
"Italy (IT)","03.10.2022 08:00 - 03.10.2022 09:00 (CET/CEST)","1452","","842"
"Italy (IT)","03.10.2022 09:00 - 03.10.2022 10:00 (CET/CEST)","331","","529"
"Italy (IT)","03.10.2022 10:00 - 03.10.2022 11:00 (CET/CEST)","57","7","351"
"Italy (IT)","03.10.2022 11:00 - 03.10.2022 12:00 (CET/CEST)","51","103","188"
"Italy (IT)","03.10.2022 12:00 - 03.10.2022 13:00 (CET/CEST)","0","156","164"
"Italy (IT)","03.10.2022 13:00 - 03.10.2022 14:00 (CET/CEST)","0","158","145"
"Italy (IT)","03.10.2022 14:00 - 03.10.2022 15:00 (CET/CEST)","0","279","55"
"Italy (IT)","03.10.2022 15:00 - 03.10.2022 16:00 (CET/CEST)","3","224","79"
"Italy (IT)","03.10.2022 16:00 - 03.10.2022 17:00 (CET/CEST)","129","203","81"
"Italy (IT)","03.10.2022 17:00 - 03.10.2022 18:00 (CET/CEST)","395","","206"
"Italy (IT)","03.10.2022 18:00 - 03.10.2022 19:00 (CET/CEST)","1327","","551"
"Italy (IT)","03.10.2022 19:00 - 03.10.2022 20:00 (CET/CEST)","2666","","1009"
"Italy (IT)","03.10.2022 20:00 - 03.10.2022 21:00 (CET/CEST)","1628","","551"
"Italy (IT)","03.10.2022 21:00 - 03.10.2022 22:00 (CET/CEST)","443","","302"
"Italy (IT)","03.10.2022 22:00 - 03.10.2022 23:00 (CET/CEST)","152","","211"
"Italy (IT)","03.10.2022 23:00 - 04.10.2022 00:00 (CET/CEST)","151","1","170"
"Italy (IT)","04.10.2022 00:00 - 04.10.2022 01:00 (CET/CEST)","152","102","87"
"Italy (IT)","04.10.2022 01:00 - 04.10.2022 02:00 (CET/CEST)","70","103","75"
"Italy (IT)","04.10.2022 02:00 - 04.10.2022 03:00 (CET/CEST)","8","119","74"
"Italy (IT)","04.10.2022 03:00 - 04.10.2022 04:00 (CET/CEST)","0","104","86"
"Italy (IT)","04.10.2022 04:00 - 04.10.2022 05:00 (CET/CEST)","0","25","89"
"Italy (IT)","04.10.2022 05:00 - 04.10.2022 06:00 (CET/CEST)","0","25","101"
"Italy (IT)","04.10.2022 06:00 - 04.10.2022 07:00 (CET/CEST)","27","","332"
"Italy (IT)","04.10.2022 07:00 - 04.10.2022 08:00 (CET/CEST)","686","","612"
"Italy (IT)","04.10.2022 08:00 - 04.10.2022 09:00 (CET/CEST)","955","","727"
"Italy (IT)","04.10.2022 09:00 - 04.10.2022 10:00 (CET/CEST)","484","","541"
"Italy (IT)","04.10.2022 10:00 - 04.10.2022 11:00 (CET/CEST)","103","27","274"
"Italy (IT)","04.10.2022 11:00 - 04.10.2022 12:00 (CET/CEST)","110","140","173"
"Italy (IT)","04.10.2022 12:00 - 04.10.2022 13:00 (CET/CEST)","","672","172"
"Italy (IT)","04.10.2022 13:00 - 04.10.2022 14:00 (CET/CEST)","","1171","173"
"Italy (IT)","04.10.2022 14:00 - 04.10.2022 15:00 (CET/CEST)","","688","81"
"Italy (IT)","04.10.2022 15:00 - 04.10.2022 16:00 (CET/CEST)","4","136","81"
"Italy (IT)","04.10.2022 16:00 - 04.10.2022 17:00 (CET/CEST)","262","80","117"
"Italy (IT)","04.10.2022 17:00 - 04.10.2022 18:00 (CET/CEST)","831","6","248"
"Italy (IT)","04.10.2022 18:00 - 04.10.2022 19:00 (CET/CEST)","1062","","437"
"Italy (IT)","04.10.2022 19:00 - 04.10.2022 20:00 (CET/CEST)","2863","","723"
"Italy (IT)","04.10.2022 20:00 - 04.10.2022 21:00 (CET/CEST)","1743","","477"
"Italy (IT)","04.10.2022 21:00 - 04.10.2022 22:00 (CET/CEST)","207","","329"
"Italy (IT)","04.10.2022 22:00 - 04.10.2022 23:00 (CET/CEST)","1","1","225"
"Italy (IT)","04.10.2022 23:00 - 05.10.2022 00:00 (CET/CEST)","51","1","177"
"Italy (IT)","05.10.2022 00:00 - 05.10.2022 01:00 (CET/CEST)","52","78","104"
"Italy (IT)","05.10.2022 01:00 - 05.10.2022 02:00 (CET/CEST)","52","103","102"
"Italy (IT)","05.10.2022 02:00 - 05.10.2022 03:00 (CET/CEST)","8","108","95"
"Italy (IT)","05.10.2022 03:00 - 05.10.2022 04:00 (CET/CEST)","0","487","94"
"Italy (IT)","05.10.2022 04:00 - 05.10.2022 05:00 (CET/CEST)","0","542","98"
"Italy (IT)","05.10.2022 05:00 - 05.10.2022 06:00 (CET/CEST)","0","110","106"
"Italy (IT)","05.10.2022 06:00 - 05.10.2022 07:00 (CET/CEST)","13","","151"
"Italy (IT)","05.10.2022 07:00 - 05.10.2022 08:00 (CET/CEST)","1696","","380"
"Italy (IT)","05.10.2022 08:00 - 05.10.2022 09:00 (CET/CEST)","1722","","548"
"Italy (IT)","05.10.2022 09:00 - 05.10.2022 10:00 (CET/CEST)","312","","360"
"Italy (IT)","05.10.2022 10:00 - 05.10.2022 11:00 (CET/CEST)","155","","243"
"Italy (IT)","05.10.2022 11:00 - 05.10.2022 12:00 (CET/CEST)","52","5","179"
"Italy (IT)","05.10.2022 12:00 - 05.10.2022 13:00 (CET/CEST)","0","807","150"
"Italy (IT)","05.10.2022 13:00 - 05.10.2022 14:00 (CET/CEST)","","1036","153"
"Italy (IT)","05.10.2022 14:00 - 05.10.2022 15:00 (CET/CEST)","","1258","63"
"Italy (IT)","05.10.2022 15:00 - 05.10.2022 16:00 (CET/CEST)","1","159","87"
"Italy (IT)","05.10.2022 16:00 - 05.10.2022 17:00 (CET/CEST)","101","69","89"
"Italy (IT)","05.10.2022 17:00 - 05.10.2022 18:00 (CET/CEST)","520","","159"
"Italy (IT)","05.10.2022 18:00 - 05.10.2022 19:00 (CET/CEST)","1593","","429"
"Italy (IT)","05.10.2022 19:00 - 05.10.2022 20:00 (CET/CEST)","2235","","616"
"Italy (IT)","05.10.2022 20:00 - 05.10.2022 21:00 (CET/CEST)","1847","","389"
"Italy (IT)","05.10.2022 21:00 - 05.10.2022 22:00 (CET/CEST)","200","","208"
"Italy (IT)","05.10.2022 22:00 - 05.10.2022 23:00 (CET/CEST)","0","102","193"
"Italy (IT)","05.10.2022 23:00 - 06.10.2022 00:00 (CET/CEST)","0","103","179"
"Italy (IT)","06.10.2022 00:00 - 06.10.2022 01:00 (CET/CEST)","0","1057","105"
"Italy (IT)","06.10.2022 01:00 - 06.10.2022 02:00 (CET/CEST)","0","1412","92"
"Italy (IT)","06.10.2022 02:00 - 06.10.2022 03:00 (CET/CEST)","0","1428","92"
"Italy (IT)","06.10.2022 03:00 - 06.10.2022 04:00 (CET/CEST)","0","1427","92"
"Italy (IT)","06.10.2022 04:00 - 06.10.2022 05:00 (CET/CEST)","0","1613","101"
"Italy (IT)","06.10.2022 05:00 - 06.10.2022 06:00 (CET/CEST)","0","1780","116"
"Italy (IT)","06.10.2022 06:00 - 06.10.2022 07:00 (CET/CEST)","26","5","233"
"Italy (IT)","06.10.2022 07:00 - 06.10.2022 08:00 (CET/CEST)","238","","514"
"Italy (IT)","06.10.2022 08:00 - 06.10.2022 09:00 (CET/CEST)","822","","810"
"Italy (IT)","06.10.2022 09:00 - 06.10.2022 10:00 (CET/CEST)","383","","594"
"Italy (IT)","06.10.2022 10:00 - 06.10.2022 11:00 (CET/CEST)","93","","281"
"Italy (IT)","06.10.2022 11:00 - 06.10.2022 12:00 (CET/CEST)","99","11","191"
"Italy (IT)","06.10.2022 12:00 - 06.10.2022 13:00 (CET/CEST)","1","457","178"
"Italy (IT)","06.10.2022 13:00 - 06.10.2022 14:00 (CET/CEST)","0","1082","180"
"Italy (IT)","06.10.2022 14:00 - 06.10.2022 15:00 (CET/CEST)","0","1078","93"
"Italy (IT)","06.10.2022 15:00 - 06.10.2022 16:00 (CET/CEST)","0","503","98"
"Italy (IT)","06.10.2022 16:00 - 06.10.2022 17:00 (CET/CEST)","96","2","106"
"Italy (IT)","06.10.2022 17:00 - 06.10.2022 18:00 (CET/CEST)","109","","237"
"Italy (IT)","06.10.2022 18:00 - 06.10.2022 19:00 (CET/CEST)","467","","394"
"Italy (IT)","06.10.2022 19:00 - 06.10.2022 20:00 (CET/CEST)","3539","","827"
"Italy (IT)","06.10.2022 20:00 - 06.10.2022 21:00 (CET/CEST)","694","","408"
"Italy (IT)","06.10.2022 21:00 - 06.10.2022 22:00 (CET/CEST)","422","","218"
"Italy (IT)","06.10.2022 22:00 - 06.10.2022 23:00 (CET/CEST)","238","","167"
"Italy (IT)","06.10.2022 23:00 - 07.10.2022 00:00 (CET/CEST)","0","636","164"
"Italy (IT)","07.10.2022 00:00 - 07.10.2022 01:00 (CET/CEST)","0","665","49"
"Italy (IT)","07.10.2022 01:00 - 07.10.2022 02:00 (CET/CEST)","0","360","48"
"Italy (IT)","07.10.2022 02:00 - 07.10.2022 03:00 (CET/CEST)","0","105","24"
"Italy (IT)","07.10.2022 03:00 - 07.10.2022 04:00 (CET/CEST)","0","88","25"
"Italy (IT)","07.10.2022 04:00 - 07.10.2022 05:00 (CET/CEST)","0","670","38"
"Italy (IT)","07.10.2022 05:00 - 07.10.2022 06:00 (CET/CEST)","0","70","45"
"Italy (IT)","07.10.2022 06:00 - 07.10.2022 07:00 (CET/CEST)","184","","133"
"Italy (IT)","07.10.2022 07:00 - 07.10.2022 08:00 (CET/CEST)","1289","","650"
"Italy (IT)","07.10.2022 08:00 - 07.10.2022 09:00 (CET/CEST)","1406","","698"
"Italy (IT)","07.10.2022 09:00 - 07.10.2022 10:00 (CET/CEST)","1042","","324"
"Italy (IT)","07.10.2022 10:00 - 07.10.2022 11:00 (CET/CEST)","312","","258"
"Italy (IT)","07.10.2022 11:00 - 07.10.2022 12:00 (CET/CEST)","53","1","196"
"Italy (IT)","07.10.2022 12:00 - 07.10.2022 13:00 (CET/CEST)","0","75","168"
"Italy (IT)","07.10.2022 13:00 - 07.10.2022 14:00 (CET/CEST)","0","118","168"
"Italy (IT)","07.10.2022 14:00 - 07.10.2022 15:00 (CET/CEST)","153","173","83"
"Italy (IT)","07.10.2022 15:00 - 07.10.2022 16:00 (CET/CEST)","156","81","81"
"Italy (IT)","07.10.2022 16:00 - 07.10.2022 17:00 (CET/CEST)","276","","84"
"Italy (IT)","07.10.2022 17:00 - 07.10.2022 18:00 (CET/CEST)","459","","570"
"Italy (IT)","07.10.2022 18:00 - 07.10.2022 19:00 (CET/CEST)","979","","815"
"Italy (IT)","07.10.2022 19:00 - 07.10.2022 20:00 (CET/CEST)","2960","","1005"
"Italy (IT)","07.10.2022 20:00 - 07.10.2022 21:00 (CET/CEST)","1704","","549"
"Italy (IT)","07.10.2022 21:00 - 07.10.2022 22:00 (CET/CEST)","347","","311"
"Italy (IT)","07.10.2022 22:00 - 07.10.2022 23:00 (CET/CEST)","76","27","153"
"Italy (IT)","07.10.2022 23:00 - 08.10.2022 00:00 (CET/CEST)","13","72","148"
"Italy (IT)","08.10.2022 00:00 - 08.10.2022 01:00 (CET/CEST)","256","1","66"
"Italy (IT)","08.10.2022 01:00 - 08.10.2022 02:00 (CET/CEST)","112","1","148"
"Italy (IT)","08.10.2022 02:00 - 08.10.2022 03:00 (CET/CEST)","289","1","143"
"Italy (IT)","08.10.2022 03:00 - 08.10.2022 04:00 (CET/CEST)","33","1","104"
"Italy (IT)","08.10.2022 04:00 - 08.10.2022 05:00 (CET/CEST)","0","25","113"
"Italy (IT)","08.10.2022 05:00 - 08.10.2022 06:00 (CET/CEST)","38","1","152"
"Italy (IT)","08.10.2022 06:00 - 08.10.2022 07:00 (CET/CEST)","164","1","108"
"Italy (IT)","08.10.2022 07:00 - 08.10.2022 08:00 (CET/CEST)","1077","1","217"
"Italy (IT)","08.10.2022 08:00 - 08.10.2022 09:00 (CET/CEST)","635","","210"
"Italy (IT)","08.10.2022 09:00 - 08.10.2022 10:00 (CET/CEST)","101","56","151"
"Italy (IT)","08.10.2022 10:00 - 08.10.2022 11:00 (CET/CEST)","101","73","84"
"Italy (IT)","08.10.2022 11:00 - 08.10.2022 12:00 (CET/CEST)","49","71","131"
"Italy (IT)","08.10.2022 12:00 - 08.10.2022 13:00 (CET/CEST)","","147","155"
"Italy (IT)","08.10.2022 13:00 - 08.10.2022 14:00 (CET/CEST)","","1245","119"
"Italy (IT)","08.10.2022 14:00 - 08.10.2022 15:00 (CET/CEST)","","2141","75"
"Italy (IT)","08.10.2022 15:00 - 08.10.2022 16:00 (CET/CEST)","","2084","97"
"Italy (IT)","08.10.2022 16:00 - 08.10.2022 17:00 (CET/CEST)","0","2107","165"
"Italy (IT)","08.10.2022 17:00 - 08.10.2022 18:00 (CET/CEST)","13","100","76"
"Italy (IT)","08.10.2022 18:00 - 08.10.2022 19:00 (CET/CEST)","1060","","375"
"Italy (IT)","08.10.2022 19:00 - 08.10.2022 20:00 (CET/CEST)","2800","","524"
"Italy (IT)","08.10.2022 20:00 - 08.10.2022 21:00 (CET/CEST)","1604","","387"
"Italy (IT)","08.10.2022 21:00 - 08.10.2022 22:00 (CET/CEST)","760","","122"
"Italy (IT)","08.10.2022 22:00 - 08.10.2022 23:00 (CET/CEST)","51","1","62"
"Italy (IT)","08.10.2022 23:00 - 09.10.2022 00:00 (CET/CEST)","0","3","60"
"Italy (IT)","09.10.2022 00:00 - 09.10.2022 01:00 (CET/CEST)","78","","156"
"Italy (IT)","09.10.2022 01:00 - 09.10.2022 02:00 (CET/CEST)","7","49","123"
"Italy (IT)","09.10.2022 02:00 - 09.10.2022 03:00 (CET/CEST)","7","74","115"
"Italy (IT)","09.10.2022 03:00 - 09.10.2022 04:00 (CET/CEST)","7","74","132"
"Italy (IT)","09.10.2022 04:00 - 09.10.2022 05:00 (CET/CEST)","7","74","90"
"Italy (IT)","09.10.2022 05:00 - 09.10.2022 06:00 (CET/CEST)","101","25","431"
"Italy (IT)","09.10.2022 06:00 - 09.10.2022 07:00 (CET/CEST)","7","49","294"
"Italy (IT)","09.10.2022 07:00 - 09.10.2022 08:00 (CET/CEST)","8","19","309"
"Italy (IT)","09.10.2022 08:00 - 09.10.2022 09:00 (CET/CEST)","43","49","252"
"Italy (IT)","09.10.2022 09:00 - 09.10.2022 10:00 (CET/CEST)","216","","413"
"Italy (IT)","09.10.2022 10:00 - 09.10.2022 11:00 (CET/CEST)","71","46","242"
"Italy (IT)","09.10.2022 11:00 - 09.10.2022 12:00 (CET/CEST)","103","","303"
"Italy (IT)","09.10.2022 12:00 - 09.10.2022 13:00 (CET/CEST)","23","4","355"
"Italy (IT)","09.10.2022 13:00 - 09.10.2022 14:00 (CET/CEST)","10","59","97"
"Italy (IT)","09.10.2022 14:00 - 09.10.2022 15:00 (CET/CEST)","10","251","51"
"Italy (IT)","09.10.2022 15:00 - 09.10.2022 16:00 (CET/CEST)","10","1168","153"
"Italy (IT)","09.10.2022 16:00 - 09.10.2022 17:00 (CET/CEST)","10","779","46"
"Italy (IT)","09.10.2022 17:00 - 09.10.2022 18:00 (CET/CEST)","103","","146"
"Italy (IT)","09.10.2022 18:00 - 09.10.2022 19:00 (CET/CEST)","1120","","446"
"Italy (IT)","09.10.2022 19:00 - 09.10.2022 20:00 (CET/CEST)","1337","","802"
"Italy (IT)","09.10.2022 20:00 - 09.10.2022 21:00 (CET/CEST)","826","","309"
"Italy (IT)","09.10.2022 21:00 - 09.10.2022 22:00 (CET/CEST)","142","","180"
"Italy (IT)","09.10.2022 22:00 - 09.10.2022 23:00 (CET/CEST)","0","80","109"
"Italy (IT)","09.10.2022 23:00 - 10.10.2022 00:00 (CET/CEST)","0","127","36"
"Italy (IT)","10.10.2022 00:00 - 10.10.2022 01:00 (CET/CEST)","1","443","27"
"Italy (IT)","10.10.2022 01:00 - 10.10.2022 02:00 (CET/CEST)","8","463","38"
"Italy (IT)","10.10.2022 02:00 - 10.10.2022 03:00 (CET/CEST)","8","875","40"
"Italy (IT)","10.10.2022 03:00 - 10.10.2022 04:00 (CET/CEST)","8","932","38"
"Italy (IT)","10.10.2022 04:00 - 10.10.2022 05:00 (CET/CEST)","8","500","46"
"Italy (IT)","10.10.2022 05:00 - 10.10.2022 06:00 (CET/CEST)","8","461","82"
"Italy (IT)","10.10.2022 06:00 - 10.10.2022 07:00 (CET/CEST)","9","1","194"
"Italy (IT)","10.10.2022 07:00 - 10.10.2022 08:00 (CET/CEST)","451","1","555"
"Italy (IT)","10.10.2022 08:00 - 10.10.2022 09:00 (CET/CEST)","1432","","760"
"Italy (IT)","10.10.2022 09:00 - 10.10.2022 10:00 (CET/CEST)","1034","","519"
"Italy (IT)","10.10.2022 10:00 - 10.10.2022 11:00 (CET/CEST)","391","","266"
"Italy (IT)","10.10.2022 11:00 - 10.10.2022 12:00 (CET/CEST)","120","","123"
"Italy (IT)","10.10.2022 12:00 - 10.10.2022 13:00 (CET/CEST)","12","7","91"
"Italy (IT)","10.10.2022 13:00 - 10.10.2022 14:00 (CET/CEST)","2","515","82"
"Italy (IT)","10.10.2022 14:00 - 10.10.2022 15:00 (CET/CEST)","2","2","89"
"Italy (IT)","10.10.2022 15:00 - 10.10.2022 16:00 (CET/CEST)","3","5","233"
"Italy (IT)","10.10.2022 16:00 - 10.10.2022 17:00 (CET/CEST)","133","1","369"
"Italy (IT)","10.10.2022 17:00 - 10.10.2022 18:00 (CET/CEST)","177","1","451"
"Italy (IT)","10.10.2022 18:00 - 10.10.2022 19:00 (CET/CEST)","986","","430"
"Italy (IT)","10.10.2022 19:00 - 10.10.2022 20:00 (CET/CEST)","2368","","652"
"Italy (IT)","10.10.2022 20:00 - 10.10.2022 21:00 (CET/CEST)","923","","501"
"Italy (IT)","10.10.2022 21:00 - 10.10.2022 22:00 (CET/CEST)","169","","136"
"Italy (IT)","10.10.2022 22:00 - 10.10.2022 23:00 (CET/CEST)","53","62","65"
"Italy (IT)","10.10.2022 23:00 - 11.10.2022 00:00 (CET/CEST)","8","62","61"
"Italy (IT)","11.10.2022 00:00 - 11.10.2022 01:00 (CET/CEST)","0","158","54"
"Italy (IT)","11.10.2022 01:00 - 11.10.2022 02:00 (CET/CEST)","0","206","55"
"Italy (IT)","11.10.2022 02:00 - 11.10.2022 03:00 (CET/CEST)","0","207","54"
"Italy (IT)","11.10.2022 03:00 - 11.10.2022 04:00 (CET/CEST)","0","207","54"
"Italy (IT)","11.10.2022 04:00 - 11.10.2022 05:00 (CET/CEST)","0","206","62"
"Italy (IT)","11.10.2022 05:00 - 11.10.2022 06:00 (CET/CEST)","0","203","91"
"Italy (IT)","11.10.2022 06:00 - 11.10.2022 07:00 (CET/CEST)","87","1","208"
"Italy (IT)","11.10.2022 07:00 - 11.10.2022 08:00 (CET/CEST)","289","","583"
"Italy (IT)","11.10.2022 08:00 - 11.10.2022 09:00 (CET/CEST)","673","","511"
"Italy (IT)","11.10.2022 09:00 - 11.10.2022 10:00 (CET/CEST)","353","","280"
"Italy (IT)","11.10.2022 10:00 - 11.10.2022 11:00 (CET/CEST)","51","1","211"
"Italy (IT)","11.10.2022 11:00 - 11.10.2022 12:00 (CET/CEST)","57","","73"
"Italy (IT)","11.10.2022 12:00 - 11.10.2022 13:00 (CET/CEST)","2","1","88"
"Italy (IT)","11.10.2022 13:00 - 11.10.2022 14:00 (CET/CEST)","0","34","82"
"Italy (IT)","11.10.2022 14:00 - 11.10.2022 15:00 (CET/CEST)","2","82","81"
"Italy (IT)","11.10.2022 15:00 - 11.10.2022 16:00 (CET/CEST)","1","82","79"
"Italy (IT)","11.10.2022 16:00 - 11.10.2022 17:00 (CET/CEST)","90","3","118"
"Italy (IT)","11.10.2022 17:00 - 11.10.2022 18:00 (CET/CEST)","145","1","223"
"Italy (IT)","11.10.2022 18:00 - 11.10.2022 19:00 (CET/CEST)","584","","468"
"Italy (IT)","11.10.2022 19:00 - 11.10.2022 20:00 (CET/CEST)","4081","","1248"
"Italy (IT)","11.10.2022 20:00 - 11.10.2022 21:00 (CET/CEST)","455","","403"
"Italy (IT)","11.10.2022 21:00 - 11.10.2022 22:00 (CET/CEST)","183","1","246"
"Italy (IT)","11.10.2022 22:00 - 11.10.2022 23:00 (CET/CEST)","55","74","137"
"Italy (IT)","11.10.2022 23:00 - 12.10.2022 00:00 (CET/CEST)","6","74","117"
"Italy (IT)","12.10.2022 00:00 - 12.10.2022 01:00 (CET/CEST)","0","33","55"
"Italy (IT)","12.10.2022 01:00 - 12.10.2022 02:00 (CET/CEST)","0","711","54"
"Italy (IT)","12.10.2022 02:00 - 12.10.2022 03:00 (CET/CEST)","0","1158","48"
"Italy (IT)","12.10.2022 03:00 - 12.10.2022 04:00 (CET/CEST)","0","1411","43"
"Italy (IT)","12.10.2022 04:00 - 12.10.2022 05:00 (CET/CEST)","0","1635","51"
"Italy (IT)","12.10.2022 05:00 - 12.10.2022 06:00 (CET/CEST)","0","540","84"
"Italy (IT)","12.10.2022 06:00 - 12.10.2022 07:00 (CET/CEST)","37","4","198"
"Italy (IT)","12.10.2022 07:00 - 12.10.2022 08:00 (CET/CEST)","722","","696"
"Italy (IT)","12.10.2022 08:00 - 12.10.2022 09:00 (CET/CEST)","837","","753"
"Italy (IT)","12.10.2022 09:00 - 12.10.2022 10:00 (CET/CEST)","120","","409"
"Italy (IT)","12.10.2022 10:00 - 12.10.2022 11:00 (CET/CEST)","136","","201"
"Italy (IT)","12.10.2022 11:00 - 12.10.2022 12:00 (CET/CEST)","111","","107"
"Italy (IT)","12.10.2022 12:00 - 12.10.2022 13:00 (CET/CEST)","38","71","130"
"Italy (IT)","12.10.2022 13:00 - 12.10.2022 14:00 (CET/CEST)","3","549","131"
"Italy (IT)","12.10.2022 14:00 - 12.10.2022 15:00 (CET/CEST)","28","658","128"
"Italy (IT)","12.10.2022 15:00 - 12.10.2022 16:00 (CET/CEST)","1","166","128"
"Italy (IT)","12.10.2022 16:00 - 12.10.2022 17:00 (CET/CEST)","90","112","123"
"Italy (IT)","12.10.2022 17:00 - 12.10.2022 18:00 (CET/CEST)","288","","166"
"Italy (IT)","12.10.2022 18:00 - 12.10.2022 19:00 (CET/CEST)","649","","383"
"Italy (IT)","12.10.2022 19:00 - 12.10.2022 20:00 (CET/CEST)","1618","","718"
"Italy (IT)","12.10.2022 20:00 - 12.10.2022 21:00 (CET/CEST)","195","","283"
"Italy (IT)","12.10.2022 21:00 - 12.10.2022 22:00 (CET/CEST)","95","1","261"
"Italy (IT)","12.10.2022 22:00 - 12.10.2022 23:00 (CET/CEST)","0","2","194"
"Italy (IT)","12.10.2022 23:00 - 13.10.2022 00:00 (CET/CEST)","0","2","192"
"Italy (IT)","13.10.2022 00:00 - 13.10.2022 01:00 (CET/CEST)","0","3","64"
"Italy (IT)","13.10.2022 01:00 - 13.10.2022 02:00 (CET/CEST)","0","501","64"
"Italy (IT)","13.10.2022 02:00 - 13.10.2022 03:00 (CET/CEST)","0","788","72"
"Italy (IT)","13.10.2022 03:00 - 13.10.2022 04:00 (CET/CEST)","0","791","71"
"Italy (IT)","13.10.2022 04:00 - 13.10.2022 05:00 (CET/CEST)","0","790","72"
"Italy (IT)","13.10.2022 05:00 - 13.10.2022 06:00 (CET/CEST)","0","505","119"
"Italy (IT)","13.10.2022 06:00 - 13.10.2022 07:00 (CET/CEST)","4","1","153"
"Italy (IT)","13.10.2022 07:00 - 13.10.2022 08:00 (CET/CEST)","211","","357"
"Italy (IT)","13.10.2022 08:00 - 13.10.2022 09:00 (CET/CEST)","141","","448"
"Italy (IT)","13.10.2022 09:00 - 13.10.2022 10:00 (CET/CEST)","172","","238"
"Italy (IT)","13.10.2022 10:00 - 13.10.2022 11:00 (CET/CEST)","173","","182"
"Italy (IT)","13.10.2022 11:00 - 13.10.2022 12:00 (CET/CEST)","83","","214"
"Italy (IT)","13.10.2022 12:00 - 13.10.2022 13:00 (CET/CEST)","156","1","232"
"Italy (IT)","13.10.2022 13:00 - 13.10.2022 14:00 (CET/CEST)","41","59","70"
"Italy (IT)","13.10.2022 14:00 - 13.10.2022 15:00 (CET/CEST)","0","84","77"
"Italy (IT)","13.10.2022 15:00 - 13.10.2022 16:00 (CET/CEST)","2","83","78"
"Italy (IT)","13.10.2022 16:00 - 13.10.2022 17:00 (CET/CEST)","156","43","185"
"Italy (IT)","13.10.2022 17:00 - 13.10.2022 18:00 (CET/CEST)","270","","496"
"Italy (IT)","13.10.2022 18:00 - 13.10.2022 19:00 (CET/CEST)","592","","523"
"Italy (IT)","13.10.2022 19:00 - 13.10.2022 20:00 (CET/CEST)","1119","","885"
"Italy (IT)","13.10.2022 20:00 - 13.10.2022 21:00 (CET/CEST)","239","","377"
"Italy (IT)","13.10.2022 21:00 - 13.10.2022 22:00 (CET/CEST)","96","1","222"
"Italy (IT)","13.10.2022 22:00 - 13.10.2022 23:00 (CET/CEST)","0","2","70"
"Italy (IT)","13.10.2022 23:00 - 14.10.2022 00:00 (CET/CEST)","0","2","59"
"Italy (IT)","14.10.2022 00:00 - 14.10.2022 01:00 (CET/CEST)","0","316","29"
"Italy (IT)","14.10.2022 01:00 - 14.10.2022 02:00 (CET/CEST)","0","403","18"
"Italy (IT)","14.10.2022 02:00 - 14.10.2022 03:00 (CET/CEST)","0","589","17"
"Italy (IT)","14.10.2022 03:00 - 14.10.2022 04:00 (CET/CEST)","0","620","18"
"Italy (IT)","14.10.2022 04:00 - 14.10.2022 05:00 (CET/CEST)","0","556","29"
"Italy (IT)","14.10.2022 05:00 - 14.10.2022 06:00 (CET/CEST)","0","441","41"
"Italy (IT)","14.10.2022 06:00 - 14.10.2022 07:00 (CET/CEST)","82","1","309"
"Italy (IT)","14.10.2022 07:00 - 14.10.2022 08:00 (CET/CEST)","328","","536"
"Italy (IT)","14.10.2022 08:00 - 14.10.2022 09:00 (CET/CEST)","1031","","744"
"Italy (IT)","14.10.2022 09:00 - 14.10.2022 10:00 (CET/CEST)","536","","423"
"Italy (IT)","14.10.2022 10:00 - 14.10.2022 11:00 (CET/CEST)","119","","205"
"Italy (IT)","14.10.2022 11:00 - 14.10.2022 12:00 (CET/CEST)","51","","194"
"Italy (IT)","14.10.2022 12:00 - 14.10.2022 13:00 (CET/CEST)","0","19","180"
"Italy (IT)","14.10.2022 13:00 - 14.10.2022 14:00 (CET/CEST)","0","164","46"
"Italy (IT)","14.10.2022 14:00 - 14.10.2022 15:00 (CET/CEST)","0","164","48"
"Italy (IT)","14.10.2022 15:00 - 14.10.2022 16:00 (CET/CEST)","2","108","49"
"Italy (IT)","14.10.2022 16:00 - 14.10.2022 17:00 (CET/CEST)","94","34","110"
"Italy (IT)","14.10.2022 17:00 - 14.10.2022 18:00 (CET/CEST)","219","1","338"
"Italy (IT)","14.10.2022 18:00 - 14.10.2022 19:00 (CET/CEST)","691","","425"
"Italy (IT)","14.10.2022 19:00 - 14.10.2022 20:00 (CET/CEST)","901","","789"
"Italy (IT)","14.10.2022 20:00 - 14.10.2022 21:00 (CET/CEST)","571","","392"
"Italy (IT)","14.10.2022 21:00 - 14.10.2022 22:00 (CET/CEST)","232","","152"
"Italy (IT)","14.10.2022 22:00 - 14.10.2022 23:00 (CET/CEST)","65","1","60"
"Italy (IT)","14.10.2022 23:00 - 15.10.2022 00:00 (CET/CEST)","0","106","37"
"Italy (IT)","15.10.2022 00:00 - 15.10.2022 01:00 (CET/CEST)","0","77","27"
"Italy (IT)","15.10.2022 01:00 - 15.10.2022 02:00 (CET/CEST)","0","66","27"
"Italy (IT)","15.10.2022 02:00 - 15.10.2022 03:00 (CET/CEST)","0","66","28"
"Italy (IT)","15.10.2022 03:00 - 15.10.2022 04:00 (CET/CEST)","0","66","27"
"Italy (IT)","15.10.2022 04:00 - 15.10.2022 05:00 (CET/CEST)","0","66","27"
"Italy (IT)","15.10.2022 05:00 - 15.10.2022 06:00 (CET/CEST)","0","69","31"
"Italy (IT)","15.10.2022 06:00 - 15.10.2022 07:00 (CET/CEST)","59","1","165"
"Italy (IT)","15.10.2022 07:00 - 15.10.2022 08:00 (CET/CEST)","310","","273"
"Italy (IT)","15.10.2022 08:00 - 15.10.2022 09:00 (CET/CEST)","560","","189"
"Italy (IT)","15.10.2022 09:00 - 15.10.2022 10:00 (CET/CEST)","265","","172"
"Italy (IT)","15.10.2022 10:00 - 15.10.2022 11:00 (CET/CEST)","0","319","181"
"Italy (IT)","15.10.2022 11:00 - 15.10.2022 12:00 (CET/CEST)","0","573","169"
"Italy (IT)","15.10.2022 12:00 - 15.10.2022 13:00 (CET/CEST)","","1114","86"
"Italy (IT)","15.10.2022 13:00 - 15.10.2022 14:00 (CET/CEST)","","1504","87"
"Italy (IT)","15.10.2022 14:00 - 15.10.2022 15:00 (CET/CEST)","","1545","82"
"Italy (IT)","15.10.2022 15:00 - 15.10.2022 16:00 (CET/CEST)","","830","85"
"Italy (IT)","15.10.2022 16:00 - 15.10.2022 17:00 (CET/CEST)","0","430","84"
"Italy (IT)","15.10.2022 17:00 - 15.10.2022 18:00 (CET/CEST)","103","79","103"
"Italy (IT)","15.10.2022 18:00 - 15.10.2022 19:00 (CET/CEST)","771","162","514"
"Italy (IT)","15.10.2022 19:00 - 15.10.2022 20:00 (CET/CEST)","1265","98","935"
"Italy (IT)","15.10.2022 20:00 - 15.10.2022 21:00 (CET/CEST)","898","93","498"
"Italy (IT)","15.10.2022 21:00 - 15.10.2022 22:00 (CET/CEST)","105","114","219"
"Italy (IT)","15.10.2022 22:00 - 15.10.2022 23:00 (CET/CEST)","0","229","167"
"Italy (IT)","15.10.2022 23:00 - 16.10.2022 00:00 (CET/CEST)","7","226","68"
"Italy (IT)","16.10.2022 00:00 - 16.10.2022 01:00 (CET/CEST)","8","228","29"
"Italy (IT)","16.10.2022 01:00 - 16.10.2022 02:00 (CET/CEST)","8","117","41"
"Italy (IT)","16.10.2022 02:00 - 16.10.2022 03:00 (CET/CEST)","271","141","22"
"Italy (IT)","16.10.2022 03:00 - 16.10.2022 04:00 (CET/CEST)","257","361","21"
"Italy (IT)","16.10.2022 04:00 - 16.10.2022 05:00 (CET/CEST)","452","425","21"
"Italy (IT)","16.10.2022 05:00 - 16.10.2022 06:00 (CET/CEST)","295","285","21"
"Italy (IT)","16.10.2022 06:00 - 16.10.2022 07:00 (CET/CEST)","247","69","33"
"Italy (IT)","16.10.2022 07:00 - 16.10.2022 08:00 (CET/CEST)","336","","216"
"Italy (IT)","16.10.2022 08:00 - 16.10.2022 09:00 (CET/CEST)","474","","229"
"Italy (IT)","16.10.2022 09:00 - 16.10.2022 10:00 (CET/CEST)","20","91","141"
"Italy (IT)","16.10.2022 10:00 - 16.10.2022 11:00 (CET/CEST)","0","390","90"
"Italy (IT)","16.10.2022 11:00 - 16.10.2022 12:00 (CET/CEST)","0","389","90"
"Italy (IT)","16.10.2022 12:00 - 16.10.2022 13:00 (CET/CEST)","0","436","78"
"Italy (IT)","16.10.2022 13:00 - 16.10.2022 14:00 (CET/CEST)","","264","83"
"Italy (IT)","16.10.2022 14:00 - 16.10.2022 15:00 (CET/CEST)","","580","80"
"Italy (IT)","16.10.2022 15:00 - 16.10.2022 16:00 (CET/CEST)","","832","84"
"Italy (IT)","16.10.2022 16:00 - 16.10.2022 17:00 (CET/CEST)","","354","85"
"Italy (IT)","16.10.2022 17:00 - 16.10.2022 18:00 (CET/CEST)","142","8","100"
"Italy (IT)","16.10.2022 18:00 - 16.10.2022 19:00 (CET/CEST)","526","","458"
"Italy (IT)","16.10.2022 19:00 - 16.10.2022 20:00 (CET/CEST)","1912","","655"
"Italy (IT)","16.10.2022 20:00 - 16.10.2022 21:00 (CET/CEST)","686","","410"
"Italy (IT)","16.10.2022 21:00 - 16.10.2022 22:00 (CET/CEST)","168","1","204"
"Italy (IT)","16.10.2022 22:00 - 16.10.2022 23:00 (CET/CEST)","105","46","70"
"Italy (IT)","16.10.2022 23:00 - 17.10.2022 00:00 (CET/CEST)","60","142","54"
"Italy (IT)","17.10.2022 00:00 - 17.10.2022 01:00 (CET/CEST)","35","749","50"
"Italy (IT)","17.10.2022 01:00 - 17.10.2022 02:00 (CET/CEST)","0","1170","47"
"Italy (IT)","17.10.2022 02:00 - 17.10.2022 03:00 (CET/CEST)","0","1259","28"
"Italy (IT)","17.10.2022 03:00 - 17.10.2022 04:00 (CET/CEST)","0","1274","23"
"Italy (IT)","17.10.2022 04:00 - 17.10.2022 05:00 (CET/CEST)","0","1268","20"
"Italy (IT)","17.10.2022 05:00 - 17.10.2022 06:00 (CET/CEST)","8","744","27"
"Italy (IT)","17.10.2022 06:00 - 17.10.2022 07:00 (CET/CEST)","471","","118"
"Italy (IT)","17.10.2022 07:00 - 17.10.2022 08:00 (CET/CEST)","912","","617"
"Italy (IT)","17.10.2022 08:00 - 17.10.2022 09:00 (CET/CEST)","761","","614"
"Italy (IT)","17.10.2022 09:00 - 17.10.2022 10:00 (CET/CEST)","483","","409"
"Italy (IT)","17.10.2022 10:00 - 17.10.2022 11:00 (CET/CEST)","131","29","192"
"Italy (IT)","17.10.2022 11:00 - 17.10.2022 12:00 (CET/CEST)","86","228","105"
"Italy (IT)","17.10.2022 12:00 - 17.10.2022 13:00 (CET/CEST)","10","373","91"
"Italy (IT)","17.10.2022 13:00 - 17.10.2022 14:00 (CET/CEST)","4","368","90"
"Italy (IT)","17.10.2022 14:00 - 17.10.2022 15:00 (CET/CEST)","9","225","59"
"Italy (IT)","17.10.2022 15:00 - 17.10.2022 16:00 (CET/CEST)","11","83","38"
"Italy (IT)","17.10.2022 16:00 - 17.10.2022 17:00 (CET/CEST)","323","83","262"
"Italy (IT)","17.10.2022 17:00 - 17.10.2022 18:00 (CET/CEST)","463","135","905"
"Italy (IT)","17.10.2022 18:00 - 17.10.2022 19:00 (CET/CEST)","1119","162","1056"
"Italy (IT)","17.10.2022 19:00 - 17.10.2022 20:00 (CET/CEST)","2879","124","724"
"Italy (IT)","17.10.2022 20:00 - 17.10.2022 21:00 (CET/CEST)","1412","125","502"
"Italy (IT)","17.10.2022 21:00 - 17.10.2022 22:00 (CET/CEST)","792","162","253"
"Italy (IT)","17.10.2022 22:00 - 17.10.2022 23:00 (CET/CEST)","0","217","101"
"Italy (IT)","17.10.2022 23:00 - 18.10.2022 00:00 (CET/CEST)","55","230","67"
"Italy (IT)","18.10.2022 00:00 - 18.10.2022 01:00 (CET/CEST)","49","36","13"
"Italy (IT)","18.10.2022 01:00 - 18.10.2022 02:00 (CET/CEST)","","1082","13"
"Italy (IT)","18.10.2022 02:00 - 18.10.2022 03:00 (CET/CEST)","","1156","13"
"Italy (IT)","18.10.2022 03:00 - 18.10.2022 04:00 (CET/CEST)","","1154","13"
"Italy (IT)","18.10.2022 04:00 - 18.10.2022 05:00 (CET/CEST)","13","1141","13"
"Italy (IT)","18.10.2022 05:00 - 18.10.2022 06:00 (CET/CEST)","54","566","17"
"Italy (IT)","18.10.2022 06:00 - 18.10.2022 07:00 (CET/CEST)","80","1","178"
"Italy (IT)","18.10.2022 07:00 - 18.10.2022 08:00 (CET/CEST)","1624","","593"
"Italy (IT)","18.10.2022 08:00 - 18.10.2022 09:00 (CET/CEST)","2011","","656"
"Italy (IT)","18.10.2022 09:00 - 18.10.2022 10:00 (CET/CEST)","478","","577"
"Italy (IT)","18.10.2022 10:00 - 18.10.2022 11:00 (CET/CEST)","453","","349"
"Italy (IT)","18.10.2022 11:00 - 18.10.2022 12:00 (CET/CEST)","281","93","259"
"Italy (IT)","18.10.2022 12:00 - 18.10.2022 13:00 (CET/CEST)","49","444","101"
"Italy (IT)","18.10.2022 13:00 - 18.10.2022 14:00 (CET/CEST)","0","971","39"
"Italy (IT)","18.10.2022 14:00 - 18.10.2022 15:00 (CET/CEST)","8","358","44"
"Italy (IT)","18.10.2022 15:00 - 18.10.2022 16:00 (CET/CEST)","12","86","65"
"Italy (IT)","18.10.2022 16:00 - 18.10.2022 17:00 (CET/CEST)","108","45","258"
"Italy (IT)","18.10.2022 17:00 - 18.10.2022 18:00 (CET/CEST)","101","1","388"
"Italy (IT)","18.10.2022 18:00 - 18.10.2022 19:00 (CET/CEST)","1369","","518"
"Italy (IT)","18.10.2022 19:00 - 18.10.2022 20:00 (CET/CEST)","2912","","739"
"Italy (IT)","18.10.2022 20:00 - 18.10.2022 21:00 (CET/CEST)","1009","","433"
"Italy (IT)","18.10.2022 21:00 - 18.10.2022 22:00 (CET/CEST)","100","1","338"
"Italy (IT)","18.10.2022 22:00 - 18.10.2022 23:00 (CET/CEST)","51","2","116"
"Italy (IT)","18.10.2022 23:00 - 19.10.2022 00:00 (CET/CEST)","8","8","43"
"Italy (IT)","19.10.2022 00:00 - 19.10.2022 01:00 (CET/CEST)","0","367","15"
"Italy (IT)","19.10.2022 01:00 - 19.10.2022 02:00 (CET/CEST)","0","820","15"
"Italy (IT)","19.10.2022 02:00 - 19.10.2022 03:00 (CET/CEST)","0","1015","15"
"Italy (IT)","19.10.2022 03:00 - 19.10.2022 04:00 (CET/CEST)","","1043","15"
"Italy (IT)","19.10.2022 04:00 - 19.10.2022 05:00 (CET/CEST)","","1181","29"
"Italy (IT)","19.10.2022 05:00 - 19.10.2022 06:00 (CET/CEST)","","722","35"
"Italy (IT)","19.10.2022 06:00 - 19.10.2022 07:00 (CET/CEST)","547","146","105"
"Italy (IT)","19.10.2022 07:00 - 19.10.2022 08:00 (CET/CEST)","793","","414"
"Italy (IT)","19.10.2022 08:00 - 19.10.2022 09:00 (CET/CEST)","1126","","403"
"Italy (IT)","19.10.2022 09:00 - 19.10.2022 10:00 (CET/CEST)","1522","","355"
"Italy (IT)","19.10.2022 10:00 - 19.10.2022 11:00 (CET/CEST)","205","","203"
"Italy (IT)","19.10.2022 11:00 - 19.10.2022 12:00 (CET/CEST)","211","69","125"
"Italy (IT)","19.10.2022 12:00 - 19.10.2022 13:00 (CET/CEST)","9","83","87"
"Italy (IT)","19.10.2022 13:00 - 19.10.2022 14:00 (CET/CEST)","8","629","87"
"Italy (IT)","19.10.2022 14:00 - 19.10.2022 15:00 (CET/CEST)","209","836","112"
"Italy (IT)","19.10.2022 15:00 - 19.10.2022 16:00 (CET/CEST)","212","134","199"
"Italy (IT)","19.10.2022 16:00 - 19.10.2022 17:00 (CET/CEST)","221","20","308"
"Italy (IT)","19.10.2022 17:00 - 19.10.2022 18:00 (CET/CEST)","341","","370"
"Italy (IT)","19.10.2022 18:00 - 19.10.2022 19:00 (CET/CEST)","480","","346"
"Italy (IT)","19.10.2022 19:00 - 19.10.2022 20:00 (CET/CEST)","976","","858"
"Italy (IT)","19.10.2022 20:00 - 19.10.2022 21:00 (CET/CEST)","747","","558"
"Italy (IT)","19.10.2022 21:00 - 19.10.2022 22:00 (CET/CEST)","238","1","192"
"Italy (IT)","19.10.2022 22:00 - 19.10.2022 23:00 (CET/CEST)","173","29","181"
"Italy (IT)","19.10.2022 23:00 - 20.10.2022 00:00 (CET/CEST)","173","827","56"
"Italy (IT)","20.10.2022 00:00 - 20.10.2022 01:00 (CET/CEST)","142","805","13"
"Italy (IT)","20.10.2022 01:00 - 20.10.2022 02:00 (CET/CEST)","0","915","19"
"Italy (IT)","20.10.2022 02:00 - 20.10.2022 03:00 (CET/CEST)","0","915","20"
"Italy (IT)","20.10.2022 03:00 - 20.10.2022 04:00 (CET/CEST)","0","914","21"
"Italy (IT)","20.10.2022 04:00 - 20.10.2022 05:00 (CET/CEST)","","915","35"
"Italy (IT)","20.10.2022 05:00 - 20.10.2022 06:00 (CET/CEST)","","1051","46"
"Italy (IT)","20.10.2022 06:00 - 20.10.2022 07:00 (CET/CEST)","0","53","221"
"Italy (IT)","20.10.2022 07:00 - 20.10.2022 08:00 (CET/CEST)","279","","644"
"Italy (IT)","20.10.2022 08:00 - 20.10.2022 09:00 (CET/CEST)","417","","693"
"Italy (IT)","20.10.2022 09:00 - 20.10.2022 10:00 (CET/CEST)","224","30","496"
"Italy (IT)","20.10.2022 10:00 - 20.10.2022 11:00 (CET/CEST)","29","39","251"
"Italy (IT)","20.10.2022 11:00 - 20.10.2022 12:00 (CET/CEST)","","587","136"
"Italy (IT)","20.10.2022 12:00 - 20.10.2022 13:00 (CET/CEST)","","712","99"
"Italy (IT)","20.10.2022 13:00 - 20.10.2022 14:00 (CET/CEST)","","709","97"
"Italy (IT)","20.10.2022 14:00 - 20.10.2022 15:00 (CET/CEST)","0","554","87"
"Italy (IT)","20.10.2022 15:00 - 20.10.2022 16:00 (CET/CEST)","4","162","82"
"Italy (IT)","20.10.2022 16:00 - 20.10.2022 17:00 (CET/CEST)","14","111","447"
"Italy (IT)","20.10.2022 17:00 - 20.10.2022 18:00 (CET/CEST)","530","4","670"
"Italy (IT)","20.10.2022 18:00 - 20.10.2022 19:00 (CET/CEST)","1163","","477"
"Italy (IT)","20.10.2022 19:00 - 20.10.2022 20:00 (CET/CEST)","2455","","755"
"Italy (IT)","20.10.2022 20:00 - 20.10.2022 21:00 (CET/CEST)","984","","361"
"Italy (IT)","20.10.2022 21:00 - 20.10.2022 22:00 (CET/CEST)","130","","250"
"Italy (IT)","20.10.2022 22:00 - 20.10.2022 23:00 (CET/CEST)","61","2","190"
"Italy (IT)","20.10.2022 23:00 - 21.10.2022 00:00 (CET/CEST)","1","83","56"
"Italy (IT)","21.10.2022 00:00 - 21.10.2022 01:00 (CET/CEST)","0","393","13"
"Italy (IT)","21.10.2022 01:00 - 21.10.2022 02:00 (CET/CEST)","0","1213","13"
"Italy (IT)","21.10.2022 02:00 - 21.10.2022 03:00 (CET/CEST)","0","1246","13"
"Italy (IT)","21.10.2022 03:00 - 21.10.2022 04:00 (CET/CEST)","0","1226","13"
"Italy (IT)","21.10.2022 04:00 - 21.10.2022 05:00 (CET/CEST)","0","1339","13"
"Italy (IT)","21.10.2022 05:00 - 21.10.2022 06:00 (CET/CEST)","0","1330","24"
"Italy (IT)","21.10.2022 06:00 - 21.10.2022 07:00 (CET/CEST)","0","54","40"
"Italy (IT)","21.10.2022 07:00 - 21.10.2022 08:00 (CET/CEST)","152","","308"
"Italy (IT)","21.10.2022 08:00 - 21.10.2022 09:00 (CET/CEST)","738","","589"
"Italy (IT)","21.10.2022 09:00 - 21.10.2022 10:00 (CET/CEST)","246","","363"
"Italy (IT)","21.10.2022 10:00 - 21.10.2022 11:00 (CET/CEST)","124","1","169"
"Italy (IT)","21.10.2022 11:00 - 21.10.2022 12:00 (CET/CEST)","2","78","52"
"Italy (IT)","21.10.2022 12:00 - 21.10.2022 13:00 (CET/CEST)","0","556","51"
"Italy (IT)","21.10.2022 13:00 - 21.10.2022 14:00 (CET/CEST)","0","505","45"
"Italy (IT)","21.10.2022 14:00 - 21.10.2022 15:00 (CET/CEST)","0","203","41"
"Italy (IT)","21.10.2022 15:00 - 21.10.2022 16:00 (CET/CEST)","97","82","46"
"Italy (IT)","21.10.2022 16:00 - 21.10.2022 17:00 (CET/CEST)","228","8","313"
"Italy (IT)","21.10.2022 17:00 - 21.10.2022 18:00 (CET/CEST)","112","","368"
"Italy (IT)","21.10.2022 18:00 - 21.10.2022 19:00 (CET/CEST)","305","","376"
"Italy (IT)","21.10.2022 19:00 - 21.10.2022 20:00 (CET/CEST)","825","","539"
"Italy (IT)","21.10.2022 20:00 - 21.10.2022 21:00 (CET/CEST)","319","","295"
"Italy (IT)","21.10.2022 21:00 - 21.10.2022 22:00 (CET/CEST)","96","1","174"
"Italy (IT)","21.10.2022 22:00 - 21.10.2022 23:00 (CET/CEST)","6","1","65"
"Italy (IT)","21.10.2022 23:00 - 22.10.2022 00:00 (CET/CEST)","6","1","56"
"Italy (IT)","22.10.2022 00:00 - 22.10.2022 01:00 (CET/CEST)","0","1","13"
"Italy (IT)","22.10.2022 01:00 - 22.10.2022 02:00 (CET/CEST)","5","1","13"
"Italy (IT)","22.10.2022 02:00 - 22.10.2022 03:00 (CET/CEST)","0","35","13"
"Italy (IT)","22.10.2022 03:00 - 22.10.2022 04:00 (CET/CEST)","0","15","50"
"Italy (IT)","22.10.2022 04:00 - 22.10.2022 05:00 (CET/CEST)","0","449","39"
"Italy (IT)","22.10.2022 05:00 - 22.10.2022 06:00 (CET/CEST)","0","566","54"
"Italy (IT)","22.10.2022 06:00 - 22.10.2022 07:00 (CET/CEST)","4","90","105"
"Italy (IT)","22.10.2022 07:00 - 22.10.2022 08:00 (CET/CEST)","387","","184"
"Italy (IT)","22.10.2022 08:00 - 22.10.2022 09:00 (CET/CEST)","466","","275"
"Italy (IT)","22.10.2022 09:00 - 22.10.2022 10:00 (CET/CEST)","616","","280"
"Italy (IT)","22.10.2022 10:00 - 22.10.2022 11:00 (CET/CEST)","240","152","202"
"Italy (IT)","22.10.2022 11:00 - 22.10.2022 12:00 (CET/CEST)","65","460","97"
"Italy (IT)","22.10.2022 12:00 - 22.10.2022 13:00 (CET/CEST)","","439","93"
"Italy (IT)","22.10.2022 13:00 - 22.10.2022 14:00 (CET/CEST)","","470","89"
"Italy (IT)","22.10.2022 14:00 - 22.10.2022 15:00 (CET/CEST)","","890","90"
"Italy (IT)","22.10.2022 15:00 - 22.10.2022 16:00 (CET/CEST)","","979","90"
"Italy (IT)","22.10.2022 16:00 - 22.10.2022 17:00 (CET/CEST)","0","165","130"
"Italy (IT)","22.10.2022 17:00 - 22.10.2022 18:00 (CET/CEST)","73","","149"
"Italy (IT)","22.10.2022 18:00 - 22.10.2022 19:00 (CET/CEST)","700","","309"
"Italy (IT)","22.10.2022 19:00 - 22.10.2022 20:00 (CET/CEST)","890","","421"
"Italy (IT)","22.10.2022 20:00 - 22.10.2022 21:00 (CET/CEST)","461","","220"
"Italy (IT)","22.10.2022 21:00 - 22.10.2022 22:00 (CET/CEST)","173","1","166"
"Italy (IT)","22.10.2022 22:00 - 22.10.2022 23:00 (CET/CEST)","21","1","151"
"Italy (IT)","22.10.2022 23:00 - 23.10.2022 00:00 (CET/CEST)","0","13","110"
"Italy (IT)","23.10.2022 00:00 - 23.10.2022 01:00 (CET/CEST)","97","1","73"
"Italy (IT)","23.10.2022 01:00 - 23.10.2022 02:00 (CET/CEST)","98","","75"
"Italy (IT)","23.10.2022 02:00 - 23.10.2022 03:00 (CET/CEST)","52","","79"
"Italy (IT)","23.10.2022 03:00 - 23.10.2022 04:00 (CET/CEST)","26","617","77"
"Italy (IT)","23.10.2022 04:00 - 23.10.2022 05:00 (CET/CEST)","24","654","80"
"Italy (IT)","23.10.2022 05:00 - 23.10.2022 06:00 (CET/CEST)","22","647","87"
"Italy (IT)","23.10.2022 06:00 - 23.10.2022 07:00 (CET/CEST)","107","","126"
"Italy (IT)","23.10.2022 07:00 - 23.10.2022 08:00 (CET/CEST)","274","","205"
"Italy (IT)","23.10.2022 08:00 - 23.10.2022 09:00 (CET/CEST)","188","","287"
"Italy (IT)","23.10.2022 09:00 - 23.10.2022 10:00 (CET/CEST)","254","","345"
"Italy (IT)","23.10.2022 10:00 - 23.10.2022 11:00 (CET/CEST)","231","","147"
"Italy (IT)","23.10.2022 11:00 - 23.10.2022 12:00 (CET/CEST)","9","138","104"
"Italy (IT)","23.10.2022 12:00 - 23.10.2022 13:00 (CET/CEST)","141","","89"
"Italy (IT)","23.10.2022 13:00 - 23.10.2022 14:00 (CET/CEST)","123","503","90"
"Italy (IT)","23.10.2022 14:00 - 23.10.2022 15:00 (CET/CEST)","0","728","92"
"Italy (IT)","23.10.2022 15:00 - 23.10.2022 16:00 (CET/CEST)","102","32","91"
"Italy (IT)","23.10.2022 16:00 - 23.10.2022 17:00 (CET/CEST)","304","16","122"
"Italy (IT)","23.10.2022 17:00 - 23.10.2022 18:00 (CET/CEST)","316","1","223"
"Italy (IT)","23.10.2022 18:00 - 23.10.2022 19:00 (CET/CEST)","1073","","576"
"Italy (IT)","23.10.2022 19:00 - 23.10.2022 20:00 (CET/CEST)","2347","","984"
"Italy (IT)","23.10.2022 20:00 - 23.10.2022 21:00 (CET/CEST)","1587","","549"
"Italy (IT)","23.10.2022 21:00 - 23.10.2022 22:00 (CET/CEST)","870","","243"
"Italy (IT)","23.10.2022 22:00 - 23.10.2022 23:00 (CET/CEST)","131","1","198"
"Italy (IT)","23.10.2022 23:00 - 24.10.2022 00:00 (CET/CEST)","92","","68"
"Italy (IT)","24.10.2022 00:00 - 24.10.2022 01:00 (CET/CEST)","17","274","35"
"Italy (IT)","24.10.2022 01:00 - 24.10.2022 02:00 (CET/CEST)","9","511","33"
"Italy (IT)","24.10.2022 02:00 - 24.10.2022 03:00 (CET/CEST)","0","978","33"
"Italy (IT)","24.10.2022 03:00 - 24.10.2022 04:00 (CET/CEST)","0","1451","43"
"Italy (IT)","24.10.2022 04:00 - 24.10.2022 05:00 (CET/CEST)","","1620","45"
"Italy (IT)","24.10.2022 05:00 - 24.10.2022 06:00 (CET/CEST)","","1007","61"
"Italy (IT)","24.10.2022 06:00 - 24.10.2022 07:00 (CET/CEST)","270","2","242"
"Italy (IT)","24.10.2022 07:00 - 24.10.2022 08:00 (CET/CEST)","1376","2","599"
"Italy (IT)","24.10.2022 08:00 - 24.10.2022 09:00 (CET/CEST)","1691","","530"
"Italy (IT)","24.10.2022 09:00 - 24.10.2022 10:00 (CET/CEST)","1380","","423"
"Italy (IT)","24.10.2022 10:00 - 24.10.2022 11:00 (CET/CEST)","363","1","291"
"Italy (IT)","24.10.2022 11:00 - 24.10.2022 12:00 (CET/CEST)","0","499","97"
"Italy (IT)","24.10.2022 12:00 - 24.10.2022 13:00 (CET/CEST)","0","711","67"
"Italy (IT)","24.10.2022 13:00 - 24.10.2022 14:00 (CET/CEST)","0","795","66"
"Italy (IT)","24.10.2022 14:00 - 24.10.2022 15:00 (CET/CEST)","0","820","67"
"Italy (IT)","24.10.2022 15:00 - 24.10.2022 16:00 (CET/CEST)","1","424","76"
"Italy (IT)","24.10.2022 16:00 - 24.10.2022 17:00 (CET/CEST)","390","150","170"
"Italy (IT)","24.10.2022 17:00 - 24.10.2022 18:00 (CET/CEST)","695","103","287"
"Italy (IT)","24.10.2022 18:00 - 24.10.2022 19:00 (CET/CEST)","1031","","647"
"Italy (IT)","24.10.2022 19:00 - 24.10.2022 20:00 (CET/CEST)","2209","","792"
"Italy (IT)","24.10.2022 20:00 - 24.10.2022 21:00 (CET/CEST)","1192","","307"
"Italy (IT)","24.10.2022 21:00 - 24.10.2022 22:00 (CET/CEST)","342","","212"
"Italy (IT)","24.10.2022 22:00 - 24.10.2022 23:00 (CET/CEST)","127","2","82"
"Italy (IT)","24.10.2022 23:00 - 25.10.2022 00:00 (CET/CEST)","50","3","83"
"Italy (IT)","25.10.2022 00:00 - 25.10.2022 01:00 (CET/CEST)","","420","62"
"Italy (IT)","25.10.2022 01:00 - 25.10.2022 02:00 (CET/CEST)","","642","62"
"Italy (IT)","25.10.2022 02:00 - 25.10.2022 03:00 (CET/CEST)","","667","62"
"Italy (IT)","25.10.2022 03:00 - 25.10.2022 04:00 (CET/CEST)","","896","62"
"Italy (IT)","25.10.2022 04:00 - 25.10.2022 05:00 (CET/CEST)","","921","66"
"Italy (IT)","25.10.2022 05:00 - 25.10.2022 06:00 (CET/CEST)","","902","72"
"Italy (IT)","25.10.2022 06:00 - 25.10.2022 07:00 (CET/CEST)","213","7","170"
"Italy (IT)","25.10.2022 07:00 - 25.10.2022 08:00 (CET/CEST)","351","","255"
"Italy (IT)","25.10.2022 08:00 - 25.10.2022 09:00 (CET/CEST)","446","","713"
"Italy (IT)","25.10.2022 09:00 - 25.10.2022 10:00 (CET/CEST)","198","3","596"
"Italy (IT)","25.10.2022 10:00 - 25.10.2022 11:00 (CET/CEST)","210","3","472"
"Italy (IT)","25.10.2022 11:00 - 25.10.2022 12:00 (CET/CEST)","139","3","207"
"Italy (IT)","25.10.2022 12:00 - 25.10.2022 13:00 (CET/CEST)","57","4","170"
"Italy (IT)","25.10.2022 13:00 - 25.10.2022 14:00 (CET/CEST)","51","276","174"
"Italy (IT)","25.10.2022 14:00 - 25.10.2022 15:00 (CET/CEST)","85","256","170"
"Italy (IT)","25.10.2022 15:00 - 25.10.2022 16:00 (CET/CEST)","165","3","171"
"Italy (IT)","25.10.2022 16:00 - 25.10.2022 17:00 (CET/CEST)","196","12","187"
"Italy (IT)","25.10.2022 17:00 - 25.10.2022 18:00 (CET/CEST)","1115","160","544"
"Italy (IT)","25.10.2022 18:00 - 25.10.2022 19:00 (CET/CEST)","1713","102","691"
"Italy (IT)","25.10.2022 19:00 - 25.10.2022 20:00 (CET/CEST)","1874","2","975"
"Italy (IT)","25.10.2022 20:00 - 25.10.2022 21:00 (CET/CEST)","1037","2","373"
"Italy (IT)","25.10.2022 21:00 - 25.10.2022 22:00 (CET/CEST)","302","73","274"
"Italy (IT)","25.10.2022 22:00 - 25.10.2022 23:00 (CET/CEST)","237","84","233"
"Italy (IT)","25.10.2022 23:00 - 26.10.2022 00:00 (CET/CEST)","49","87","230"
"Italy (IT)","26.10.2022 00:00 - 26.10.2022 01:00 (CET/CEST)","55","380","156"
"Italy (IT)","26.10.2022 01:00 - 26.10.2022 02:00 (CET/CEST)","","1045","155"
"Italy (IT)","26.10.2022 02:00 - 26.10.2022 03:00 (CET/CEST)","","1486","155"
"Italy (IT)","26.10.2022 03:00 - 26.10.2022 04:00 (CET/CEST)","","1199","155"
"Italy (IT)","26.10.2022 04:00 - 26.10.2022 05:00 (CET/CEST)","","785","157"
"Italy (IT)","26.10.2022 05:00 - 26.10.2022 06:00 (CET/CEST)","22","412","158"
"Italy (IT)","26.10.2022 06:00 - 26.10.2022 07:00 (CET/CEST)","49","68","288"
"Italy (IT)","26.10.2022 07:00 - 26.10.2022 08:00 (CET/CEST)","540","","625"
"Italy (IT)","26.10.2022 08:00 - 26.10.2022 09:00 (CET/CEST)","1664","","858"
"Italy (IT)","26.10.2022 09:00 - 26.10.2022 10:00 (CET/CEST)","1547","","716"
"Italy (IT)","26.10.2022 10:00 - 26.10.2022 11:00 (CET/CEST)","683","3","457"
"Italy (IT)","26.10.2022 11:00 - 26.10.2022 12:00 (CET/CEST)","479","31","378"
"Italy (IT)","26.10.2022 12:00 - 26.10.2022 13:00 (CET/CEST)","139","31","201"
"Italy (IT)","26.10.2022 13:00 - 26.10.2022 14:00 (CET/CEST)","55","144","99"
"Italy (IT)","26.10.2022 14:00 - 26.10.2022 15:00 (CET/CEST)","127","169","134"
"Italy (IT)","26.10.2022 15:00 - 26.10.2022 16:00 (CET/CEST)","120","31","134"
"Italy (IT)","26.10.2022 16:00 - 26.10.2022 17:00 (CET/CEST)","154","31","475"
"Italy (IT)","26.10.2022 17:00 - 26.10.2022 18:00 (CET/CEST)","581","76","861"
"Italy (IT)","26.10.2022 18:00 - 26.10.2022 19:00 (CET/CEST)","1987","29","819"
"Italy (IT)","26.10.2022 19:00 - 26.10.2022 20:00 (CET/CEST)","2923","2","751"
"Italy (IT)","26.10.2022 20:00 - 26.10.2022 21:00 (CET/CEST)","1287","2","549"
"Italy (IT)","26.10.2022 21:00 - 26.10.2022 22:00 (CET/CEST)","889","2","496"
"Italy (IT)","26.10.2022 22:00 - 26.10.2022 23:00 (CET/CEST)","634","78","421"
"Italy (IT)","26.10.2022 23:00 - 27.10.2022 00:00 (CET/CEST)","637","84","428"
"Italy (IT)","27.10.2022 00:00 - 27.10.2022 01:00 (CET/CEST)","95","139","23"
"Italy (IT)","27.10.2022 01:00 - 27.10.2022 02:00 (CET/CEST)","","426","29"
"Italy (IT)","27.10.2022 02:00 - 27.10.2022 03:00 (CET/CEST)","44","411","29"
"Italy (IT)","27.10.2022 03:00 - 27.10.2022 04:00 (CET/CEST)","","646","29"
"Italy (IT)","27.10.2022 04:00 - 27.10.2022 05:00 (CET/CEST)","","494","30"
"Italy (IT)","27.10.2022 05:00 - 27.10.2022 06:00 (CET/CEST)","270","290","48"
"Italy (IT)","27.10.2022 06:00 - 27.10.2022 07:00 (CET/CEST)","793","","212"
"Italy (IT)","27.10.2022 07:00 - 27.10.2022 08:00 (CET/CEST)","1135","","346"
"Italy (IT)","27.10.2022 08:00 - 27.10.2022 09:00 (CET/CEST)","1296","","449"
"Italy (IT)","27.10.2022 09:00 - 27.10.2022 10:00 (CET/CEST)","771","6","168"
"Italy (IT)","27.10.2022 10:00 - 27.10.2022 11:00 (CET/CEST)","596","31","127"
"Italy (IT)","27.10.2022 11:00 - 27.10.2022 12:00 (CET/CEST)","211","108","75"
"Italy (IT)","27.10.2022 12:00 - 27.10.2022 13:00 (CET/CEST)","","159","65"
"Italy (IT)","27.10.2022 13:00 - 27.10.2022 14:00 (CET/CEST)","","206","32"
"Italy (IT)","27.10.2022 14:00 - 27.10.2022 15:00 (CET/CEST)","55","279","53"
"Italy (IT)","27.10.2022 15:00 - 27.10.2022 16:00 (CET/CEST)","163","64","151"
"Italy (IT)","27.10.2022 16:00 - 27.10.2022 17:00 (CET/CEST)","350","31","195"
"Italy (IT)","27.10.2022 17:00 - 27.10.2022 18:00 (CET/CEST)","498","75","298"
"Italy (IT)","27.10.2022 18:00 - 27.10.2022 19:00 (CET/CEST)","1003","63","425"
"Italy (IT)","27.10.2022 19:00 - 27.10.2022 20:00 (CET/CEST)","1157","2","465"
"Italy (IT)","27.10.2022 20:00 - 27.10.2022 21:00 (CET/CEST)","987","2","331"
"Italy (IT)","27.10.2022 21:00 - 27.10.2022 22:00 (CET/CEST)","390","36","275"
"Italy (IT)","27.10.2022 22:00 - 27.10.2022 23:00 (CET/CEST)","28","85","161"
"Italy (IT)","27.10.2022 23:00 - 28.10.2022 00:00 (CET/CEST)","8","84","78"
"Italy (IT)","28.10.2022 00:00 - 28.10.2022 01:00 (CET/CEST)","37","25","87"
"Italy (IT)","28.10.2022 01:00 - 28.10.2022 02:00 (CET/CEST)","36","9","35"
"Italy (IT)","28.10.2022 02:00 - 28.10.2022 03:00 (CET/CEST)","","893","29"
"Italy (IT)","28.10.2022 03:00 - 28.10.2022 04:00 (CET/CEST)","","1547","29"
"Italy (IT)","28.10.2022 04:00 - 28.10.2022 05:00 (CET/CEST)","","1600","29"
"Italy (IT)","28.10.2022 05:00 - 28.10.2022 06:00 (CET/CEST)","62","3","38"
"Italy (IT)","28.10.2022 06:00 - 28.10.2022 07:00 (CET/CEST)","372","","179"
"Italy (IT)","28.10.2022 07:00 - 28.10.2022 08:00 (CET/CEST)","613","","308"
"Italy (IT)","28.10.2022 08:00 - 28.10.2022 09:00 (CET/CEST)","605","","463"
"Italy (IT)","28.10.2022 09:00 - 28.10.2022 10:00 (CET/CEST)","516","1","391"
"Italy (IT)","28.10.2022 10:00 - 28.10.2022 11:00 (CET/CEST)","266","2","228"
"Italy (IT)","28.10.2022 11:00 - 28.10.2022 12:00 (CET/CEST)","","51","78"
"Italy (IT)","28.10.2022 12:00 - 28.10.2022 13:00 (CET/CEST)","","243","46"
"Italy (IT)","28.10.2022 13:00 - 28.10.2022 14:00 (CET/CEST)","","267","46"
"Italy (IT)","28.10.2022 14:00 - 28.10.2022 15:00 (CET/CEST)","5","212","46"
"Italy (IT)","28.10.2022 15:00 - 28.10.2022 16:00 (CET/CEST)","198","3","63"
"Italy (IT)","28.10.2022 16:00 - 28.10.2022 17:00 (CET/CEST)","369","8","184"
"Italy (IT)","28.10.2022 17:00 - 28.10.2022 18:00 (CET/CEST)","760","84","310"
"Italy (IT)","28.10.2022 18:00 - 28.10.2022 19:00 (CET/CEST)","1065","48","531"
"Italy (IT)","28.10.2022 19:00 - 28.10.2022 20:00 (CET/CEST)","1508","2","770"
"Italy (IT)","28.10.2022 20:00 - 28.10.2022 21:00 (CET/CEST)","1007","2","521"
"Italy (IT)","28.10.2022 21:00 - 28.10.2022 22:00 (CET/CEST)","377","51","240"
"Italy (IT)","28.10.2022 22:00 - 28.10.2022 23:00 (CET/CEST)","83","85","184"
"Italy (IT)","28.10.2022 23:00 - 29.10.2022 00:00 (CET/CEST)","28","85","139"
"Italy (IT)","29.10.2022 00:00 - 29.10.2022 01:00 (CET/CEST)","27","64","108"
"Italy (IT)","29.10.2022 01:00 - 29.10.2022 02:00 (CET/CEST)","28","3","19"
"Italy (IT)","29.10.2022 02:00 - 29.10.2022 03:00 (CET/CEST)","1","3","19"
"Italy (IT)","29.10.2022 03:00 - 29.10.2022 04:00 (CET/CEST)","2","3","19"
"Italy (IT)","29.10.2022 04:00 - 29.10.2022 05:00 (CET/CEST)","30","3","26"
"Italy (IT)","29.10.2022 05:00 - 29.10.2022 06:00 (CET/CEST)","30","3","26"
"Italy (IT)","29.10.2022 06:00 - 29.10.2022 07:00 (CET/CEST)","113","3","126"
"Italy (IT)","29.10.2022 07:00 - 29.10.2022 08:00 (CET/CEST)","376","2","387"
"Italy (IT)","29.10.2022 08:00 - 29.10.2022 09:00 (CET/CEST)","477","","476"
"Italy (IT)","29.10.2022 09:00 - 29.10.2022 10:00 (CET/CEST)","488","3","527"
"Italy (IT)","29.10.2022 10:00 - 29.10.2022 11:00 (CET/CEST)","123","3","174"
"Italy (IT)","29.10.2022 11:00 - 29.10.2022 12:00 (CET/CEST)","66","30","44"
"Italy (IT)","29.10.2022 12:00 - 29.10.2022 13:00 (CET/CEST)","","40","48"
"Italy (IT)","29.10.2022 13:00 - 29.10.2022 14:00 (CET/CEST)","","40","51"
"Italy (IT)","29.10.2022 14:00 - 29.10.2022 15:00 (CET/CEST)","","40","52"
"Italy (IT)","29.10.2022 15:00 - 29.10.2022 16:00 (CET/CEST)","82","31","79"
"Italy (IT)","29.10.2022 16:00 - 29.10.2022 17:00 (CET/CEST)","118","31","150"
"Italy (IT)","29.10.2022 17:00 - 29.10.2022 18:00 (CET/CEST)","468","4","394"
"Italy (IT)","29.10.2022 18:00 - 29.10.2022 19:00 (CET/CEST)","1250","","892"
"Italy (IT)","29.10.2022 19:00 - 29.10.2022 20:00 (CET/CEST)","1529","","546"
"Italy (IT)","29.10.2022 20:00 - 29.10.2022 21:00 (CET/CEST)","1121","","260"
"Italy (IT)","29.10.2022 21:00 - 29.10.2022 22:00 (CET/CEST)","419","3","176"
"Italy (IT)","29.10.2022 22:00 - 29.10.2022 23:00 (CET/CEST)","192","3","155"
"Italy (IT)","29.10.2022 23:00 - 30.10.2022 00:00 (CET/CEST)","113","3","123"
"Italy (IT)","30.10.2022 00:00 - 30.10.2022 01:00 (CET/CEST)","37","3","316"
"Italy (IT)","30.10.2022 01:00 - 30.10.2022 02:00 (CET/CEST)","28","3","46"
"Italy (IT)","30.10.2022 02:00 - 30.10.2022 03:00 (CET/CEST)","26","3","42"
"Italy (IT)","30.10.2022 02:00 - 30.10.2022 03:00 (CET/CEST)","26","3","43"
"Italy (IT)","30.10.2022 03:00 - 30.10.2022 04:00 (CET/CEST)","33","3","27"
"Italy (IT)","30.10.2022 04:00 - 30.10.2022 05:00 (CET/CEST)","47","2","28"
"Italy (IT)","30.10.2022 05:00 - 30.10.2022 06:00 (CET/CEST)","52","2","29"
"Italy (IT)","30.10.2022 06:00 - 30.10.2022 07:00 (CET/CEST)","25","2","113"
"Italy (IT)","30.10.2022 07:00 - 30.10.2022 08:00 (CET/CEST)","111","2","427"
"Italy (IT)","30.10.2022 08:00 - 30.10.2022 09:00 (CET/CEST)","163","6","228"
"Italy (IT)","30.10.2022 09:00 - 30.10.2022 10:00 (CET/CEST)","58","282","91"
"Italy (IT)","30.10.2022 10:00 - 30.10.2022 11:00 (CET/CEST)","","385","58"
"Italy (IT)","30.10.2022 11:00 - 30.10.2022 12:00 (CET/CEST)","","572","51"
"Italy (IT)","30.10.2022 12:00 - 30.10.2022 13:00 (CET/CEST)","0","255","51"
"Italy (IT)","30.10.2022 13:00 - 30.10.2022 14:00 (CET/CEST)","0","354","53"
"Italy (IT)","30.10.2022 14:00 - 30.10.2022 15:00 (CET/CEST)","6","3","53"
"Italy (IT)","30.10.2022 15:00 - 30.10.2022 16:00 (CET/CEST)","11","3","151"
"Italy (IT)","30.10.2022 16:00 - 30.10.2022 17:00 (CET/CEST)","16","3","236"
"Italy (IT)","30.10.2022 17:00 - 30.10.2022 18:00 (CET/CEST)","459","","436"
"Italy (IT)","30.10.2022 18:00 - 30.10.2022 19:00 (CET/CEST)","949","","454"
"Italy (IT)","30.10.2022 19:00 - 30.10.2022 20:00 (CET/CEST)","807","","311"
"Italy (IT)","30.10.2022 20:00 - 30.10.2022 21:00 (CET/CEST)","506","","235"
"Italy (IT)","30.10.2022 21:00 - 30.10.2022 22:00 (CET/CEST)","313","3","189"
"Italy (IT)","30.10.2022 22:00 - 30.10.2022 23:00 (CET/CEST)","315","3","146"
"Italy (IT)","30.10.2022 23:00 - 31.10.2022 00:00 (CET/CEST)","189","3","133"
"Italy (IT)","31.10.2022 00:00 - 31.10.2022 01:00 (CET/CEST)","5","3","87"
"Italy (IT)","31.10.2022 01:00 - 31.10.2022 02:00 (CET/CEST)","3","3","55"
"Italy (IT)","31.10.2022 02:00 - 31.10.2022 03:00 (CET/CEST)","5","3","54"
"Italy (IT)","31.10.2022 03:00 - 31.10.2022 04:00 (CET/CEST)","0","901","55"
"Italy (IT)","31.10.2022 04:00 - 31.10.2022 05:00 (CET/CEST)","0","397","56"
"Italy (IT)","31.10.2022 05:00 - 31.10.2022 06:00 (CET/CEST)","3","3","71"
"Italy (IT)","31.10.2022 06:00 - 31.10.2022 07:00 (CET/CEST)","152","","221"
"Italy (IT)","31.10.2022 07:00 - 31.10.2022 08:00 (CET/CEST)","620","","230"
"Italy (IT)","31.10.2022 08:00 - 31.10.2022 09:00 (CET/CEST)","495","","123"
"Italy (IT)","31.10.2022 09:00 - 31.10.2022 10:00 (CET/CEST)","259","1","99"
"Italy (IT)","31.10.2022 10:00 - 31.10.2022 11:00 (CET/CEST)","159","5","49"
"Italy (IT)","31.10.2022 11:00 - 31.10.2022 12:00 (CET/CEST)","11","148","45"
"Italy (IT)","31.10.2022 12:00 - 31.10.2022 13:00 (CET/CEST)","","148","47"
"Italy (IT)","31.10.2022 13:00 - 31.10.2022 14:00 (CET/CEST)","","146","60"
"Italy (IT)","31.10.2022 14:00 - 31.10.2022 15:00 (CET/CEST)","0","4","112"
"Italy (IT)","31.10.2022 15:00 - 31.10.2022 16:00 (CET/CEST)","25","35","116"
"Italy (IT)","31.10.2022 16:00 - 31.10.2022 17:00 (CET/CEST)","218","116","278"
"Italy (IT)","31.10.2022 17:00 - 31.10.2022 18:00 (CET/CEST)","2046","40","519"
"Italy (IT)","31.10.2022 18:00 - 31.10.2022 19:00 (CET/CEST)","1317","2","444"
"Italy (IT)","31.10.2022 19:00 - 31.10.2022 20:00 (CET/CEST)","835","2","325"
"Italy (IT)","31.10.2022 20:00 - 31.10.2022 21:00 (CET/CEST)","373","2","214"
"Italy (IT)","31.10.2022 21:00 - 31.10.2022 22:00 (CET/CEST)","176","3","179"
"Italy (IT)","31.10.2022 22:00 - 31.10.2022 23:00 (CET/CEST)","80","72","138"
"Italy (IT)","31.10.2022 23:00 - 01.11.2022 00:00 (CET/CEST)","0","374","70"
"Italy (IT)","01.11.2022 00:00 - 01.11.2022 01:00 (CET/CEST)","0","5","29"
"Italy (IT)","01.11.2022 01:00 - 01.11.2022 02:00 (CET/CEST)","35","3","31"
"Italy (IT)","01.11.2022 02:00 - 01.11.2022 03:00 (CET/CEST)","0","3","30"
"Italy (IT)","01.11.2022 03:00 - 01.11.2022 04:00 (CET/CEST)","0","7","30"
"Italy (IT)","01.11.2022 04:00 - 01.11.2022 05:00 (CET/CEST)","0","6","30"
"Italy (IT)","01.11.2022 05:00 - 01.11.2022 06:00 (CET/CEST)","0","7","33"
"Italy (IT)","01.11.2022 06:00 - 01.11.2022 07:00 (CET/CEST)","0","5","174"
"Italy (IT)","01.11.2022 07:00 - 01.11.2022 08:00 (CET/CEST)","76","3","282"
"Italy (IT)","01.11.2022 08:00 - 01.11.2022 09:00 (CET/CEST)","58","109","249"
"Italy (IT)","01.11.2022 09:00 - 01.11.2022 10:00 (CET/CEST)","0","131","175"
"Italy (IT)","01.11.2022 10:00 - 01.11.2022 11:00 (CET/CEST)","0","101","143"
"Italy (IT)","01.11.2022 11:00 - 01.11.2022 12:00 (CET/CEST)","0","95","143"
"Italy (IT)","01.11.2022 12:00 - 01.11.2022 13:00 (CET/CEST)","","76","55"
"Italy (IT)","01.11.2022 13:00 - 01.11.2022 14:00 (CET/CEST)","","172","52"
"Italy (IT)","01.11.2022 14:00 - 01.11.2022 15:00 (CET/CEST)","142","145","59"
"Italy (IT)","01.11.2022 15:00 - 01.11.2022 16:00 (CET/CEST)","13","3","170"
"Italy (IT)","01.11.2022 16:00 - 01.11.2022 17:00 (CET/CEST)","226","2","345"
"Italy (IT)","01.11.2022 17:00 - 01.11.2022 18:00 (CET/CEST)","541","","453"
"Italy (IT)","01.11.2022 18:00 - 01.11.2022 19:00 (CET/CEST)","2076","","450"
"Italy (IT)","01.11.2022 19:00 - 01.11.2022 20:00 (CET/CEST)","1692","","352"
"Italy (IT)","01.11.2022 20:00 - 01.11.2022 21:00 (CET/CEST)","1014","","291"
"Italy (IT)","01.11.2022 21:00 - 01.11.2022 22:00 (CET/CEST)","610","","174"
"Italy (IT)","01.11.2022 22:00 - 01.11.2022 23:00 (CET/CEST)","179","","68"
"Italy (IT)","01.11.2022 23:00 - 02.11.2022 00:00 (CET/CEST)","128","3","47"
"Italy (IT)","02.11.2022 00:00 - 02.11.2022 01:00 (CET/CEST)","0","576","27"
"Italy (IT)","02.11.2022 01:00 - 02.11.2022 02:00 (CET/CEST)","","581","27"
"Italy (IT)","02.11.2022 02:00 - 02.11.2022 03:00 (CET/CEST)","","627","28"
"Italy (IT)","02.11.2022 03:00 - 02.11.2022 04:00 (CET/CEST)","","791","100"
"Italy (IT)","02.11.2022 04:00 - 02.11.2022 05:00 (CET/CEST)","","1118","117"
"Italy (IT)","02.11.2022 05:00 - 02.11.2022 06:00 (CET/CEST)","","814","74"
"Italy (IT)","02.11.2022 06:00 - 02.11.2022 07:00 (CET/CEST)","443","2","148"
"Italy (IT)","02.11.2022 07:00 - 02.11.2022 08:00 (CET/CEST)","666","2","200"
"Italy (IT)","02.11.2022 08:00 - 02.11.2022 09:00 (CET/CEST)","889","2","226"
"Italy (IT)","02.11.2022 09:00 - 02.11.2022 10:00 (CET/CEST)","888","2","184"
"Italy (IT)","02.11.2022 10:00 - 02.11.2022 11:00 (CET/CEST)","602","2","89"
"Italy (IT)","02.11.2022 11:00 - 02.11.2022 12:00 (CET/CEST)","900","5","75"
"Italy (IT)","02.11.2022 12:00 - 02.11.2022 13:00 (CET/CEST)","","213","164"
"Italy (IT)","02.11.2022 13:00 - 02.11.2022 14:00 (CET/CEST)","44","145","150"
"Italy (IT)","02.11.2022 14:00 - 02.11.2022 15:00 (CET/CEST)","238","1","160"
"Italy (IT)","02.11.2022 15:00 - 02.11.2022 16:00 (CET/CEST)","511","2","186"
"Italy (IT)","02.11.2022 16:00 - 02.11.2022 17:00 (CET/CEST)","981","2","261"
"Italy (IT)","02.11.2022 17:00 - 02.11.2022 18:00 (CET/CEST)","1482","81","728"
"Italy (IT)","02.11.2022 18:00 - 02.11.2022 19:00 (CET/CEST)","2787","85","817"
"Italy (IT)","02.11.2022 19:00 - 02.11.2022 20:00 (CET/CEST)","2522","84","726"
"Italy (IT)","02.11.2022 20:00 - 02.11.2022 21:00 (CET/CEST)","1263","84","285"
"Italy (IT)","02.11.2022 21:00 - 02.11.2022 22:00 (CET/CEST)","824","84","195"
"Italy (IT)","02.11.2022 22:00 - 02.11.2022 23:00 (CET/CEST)","658","156","123"
"Italy (IT)","02.11.2022 23:00 - 03.11.2022 00:00 (CET/CEST)","472","169","21"
"Italy (IT)","03.11.2022 00:00 - 03.11.2022 01:00 (CET/CEST)","0","1342","18"
"Italy (IT)","03.11.2022 01:00 - 03.11.2022 02:00 (CET/CEST)","0","1495","18"
"Italy (IT)","03.11.2022 02:00 - 03.11.2022 03:00 (CET/CEST)","0","1493","18"
"Italy (IT)","03.11.2022 03:00 - 03.11.2022 04:00 (CET/CEST)","0","1751","18"
"Italy (IT)","03.11.2022 04:00 - 03.11.2022 05:00 (CET/CEST)","0","1491","26"
"Italy (IT)","03.11.2022 05:00 - 03.11.2022 06:00 (CET/CEST)","1","1355","26"
"Italy (IT)","03.11.2022 06:00 - 03.11.2022 07:00 (CET/CEST)","150","1","73"
"Italy (IT)","03.11.2022 07:00 - 03.11.2022 08:00 (CET/CEST)","753","1","207"
"Italy (IT)","03.11.2022 08:00 - 03.11.2022 09:00 (CET/CEST)","1221","1","248"
"Italy (IT)","03.11.2022 09:00 - 03.11.2022 10:00 (CET/CEST)","1098","1","231"
"Italy (IT)","03.11.2022 10:00 - 03.11.2022 11:00 (CET/CEST)","385","40","193"
"Italy (IT)","03.11.2022 11:00 - 03.11.2022 12:00 (CET/CEST)","299","242","149"
"Italy (IT)","03.11.2022 12:00 - 03.11.2022 13:00 (CET/CEST)","212","313","133"
"Italy (IT)","03.11.2022 13:00 - 03.11.2022 14:00 (CET/CEST)","166","313","136"
"Italy (IT)","03.11.2022 14:00 - 03.11.2022 15:00 (CET/CEST)","360","312","330"
"Italy (IT)","03.11.2022 15:00 - 03.11.2022 16:00 (CET/CEST)","467","165","472"
"Italy (IT)","03.11.2022 16:00 - 03.11.2022 17:00 (CET/CEST)","1064","","985"
"Italy (IT)","03.11.2022 17:00 - 03.11.2022 18:00 (CET/CEST)","1414","","820"
"Italy (IT)","03.11.2022 18:00 - 03.11.2022 19:00 (CET/CEST)","1618","","711"
"Italy (IT)","03.11.2022 19:00 - 03.11.2022 20:00 (CET/CEST)","1432","","353"
"Italy (IT)","03.11.2022 20:00 - 03.11.2022 21:00 (CET/CEST)","1015","","385"
"Italy (IT)","03.11.2022 21:00 - 03.11.2022 22:00 (CET/CEST)","348","","213"
"Italy (IT)","03.11.2022 22:00 - 03.11.2022 23:00 (CET/CEST)","190","1","148"
"Italy (IT)","03.11.2022 23:00 - 04.11.2022 00:00 (CET/CEST)","0","974","148"
"Italy (IT)","04.11.2022 00:00 - 04.11.2022 01:00 (CET/CEST)","0","758","26"
"Italy (IT)","04.11.2022 01:00 - 04.11.2022 02:00 (CET/CEST)","0","610","26"
"Italy (IT)","04.11.2022 02:00 - 04.11.2022 03:00 (CET/CEST)","0","923","26"
"Italy (IT)","04.11.2022 03:00 - 04.11.2022 04:00 (CET/CEST)","0","1356","25"
"Italy (IT)","04.11.2022 04:00 - 04.11.2022 05:00 (CET/CEST)","0","1359","57"
"Italy (IT)","04.11.2022 05:00 - 04.11.2022 06:00 (CET/CEST)","0","1337","57"
"Italy (IT)","04.11.2022 06:00 - 04.11.2022 07:00 (CET/CEST)","190","1","172"
"Italy (IT)","04.11.2022 07:00 - 04.11.2022 08:00 (CET/CEST)","328","1","218"
"Italy (IT)","04.11.2022 08:00 - 04.11.2022 09:00 (CET/CEST)","1559","128","434"
"Italy (IT)","04.11.2022 09:00 - 04.11.2022 10:00 (CET/CEST)","914","150","437"
"Italy (IT)","04.11.2022 10:00 - 04.11.2022 11:00 (CET/CEST)","388","231","286"
"Italy (IT)","04.11.2022 11:00 - 04.11.2022 12:00 (CET/CEST)","179","468","239"
"Italy (IT)","04.11.2022 12:00 - 04.11.2022 13:00 (CET/CEST)","152","715","187"
"Italy (IT)","04.11.2022 13:00 - 04.11.2022 14:00 (CET/CEST)","99","712","146"
"Italy (IT)","04.11.2022 14:00 - 04.11.2022 15:00 (CET/CEST)","282","633","192"
"Italy (IT)","04.11.2022 15:00 - 04.11.2022 16:00 (CET/CEST)","680","310","285"
"Italy (IT)","04.11.2022 16:00 - 04.11.2022 17:00 (CET/CEST)","660","192","230"
"Italy (IT)","04.11.2022 17:00 - 04.11.2022 18:00 (CET/CEST)","1529","75","360"
"Italy (IT)","04.11.2022 18:00 - 04.11.2022 19:00 (CET/CEST)","1879","85","299"
"Italy (IT)","04.11.2022 19:00 - 04.11.2022 20:00 (CET/CEST)","1390","84","313"
"Italy (IT)","04.11.2022 20:00 - 04.11.2022 21:00 (CET/CEST)","469","54","200"
"Italy (IT)","04.11.2022 21:00 - 04.11.2022 22:00 (CET/CEST)","264","40","145"
"Italy (IT)","04.11.2022 22:00 - 04.11.2022 23:00 (CET/CEST)","127","148","136"
"Italy (IT)","04.11.2022 23:00 - 05.11.2022 00:00 (CET/CEST)","84","117","28"
"Italy (IT)","05.11.2022 00:00 - 05.11.2022 01:00 (CET/CEST)","31","85","26"
"Italy (IT)","05.11.2022 01:00 - 05.11.2022 02:00 (CET/CEST)","9","11","29"
"Italy (IT)","05.11.2022 02:00 - 05.11.2022 03:00 (CET/CEST)","69","2","33"
"Italy (IT)","05.11.2022 03:00 - 05.11.2022 04:00 (CET/CEST)","63","146","33"
"Italy (IT)","05.11.2022 04:00 - 05.11.2022 05:00 (CET/CEST)","66","247","35"
"Italy (IT)","05.11.2022 05:00 - 05.11.2022 06:00 (CET/CEST)","74","110","42"
"Italy (IT)","05.11.2022 06:00 - 05.11.2022 07:00 (CET/CEST)","292","2","57"
"Italy (IT)","05.11.2022 07:00 - 05.11.2022 08:00 (CET/CEST)","444","3","186"
"Italy (IT)","05.11.2022 08:00 - 05.11.2022 09:00 (CET/CEST)","495","3","550"
"Italy (IT)","05.11.2022 09:00 - 05.11.2022 10:00 (CET/CEST)","455","3","430"
"Italy (IT)","05.11.2022 10:00 - 05.11.2022 11:00 (CET/CEST)","469","3","205"
"Italy (IT)","05.11.2022 11:00 - 05.11.2022 12:00 (CET/CEST)","111","3","93"
"Italy (IT)","05.11.2022 12:00 - 05.11.2022 13:00 (CET/CEST)","69","3","133"
"Italy (IT)","05.11.2022 13:00 - 05.11.2022 14:00 (CET/CEST)","62","48","133"
"Italy (IT)","05.11.2022 14:00 - 05.11.2022 15:00 (CET/CEST)","55","98","131"
"Italy (IT)","05.11.2022 15:00 - 05.11.2022 16:00 (CET/CEST)","97","41","130"
"Italy (IT)","05.11.2022 16:00 - 05.11.2022 17:00 (CET/CEST)","283","85","135"
"Italy (IT)","05.11.2022 17:00 - 05.11.2022 18:00 (CET/CEST)","481","85","552"
"Italy (IT)","05.11.2022 18:00 - 05.11.2022 19:00 (CET/CEST)","777","18","845"
"Italy (IT)","05.11.2022 19:00 - 05.11.2022 20:00 (CET/CEST)","744","2","349"
"Italy (IT)","05.11.2022 20:00 - 05.11.2022 21:00 (CET/CEST)","576","3","243"
"Italy (IT)","05.11.2022 21:00 - 05.11.2022 22:00 (CET/CEST)","360","3","168"
"Italy (IT)","05.11.2022 22:00 - 05.11.2022 23:00 (CET/CEST)","105","80","118"
"Italy (IT)","05.11.2022 23:00 - 06.11.2022 00:00 (CET/CEST)","","278","29"
"Italy (IT)","06.11.2022 00:00 - 06.11.2022 01:00 (CET/CEST)","82","341","28"
"Italy (IT)","06.11.2022 01:00 - 06.11.2022 02:00 (CET/CEST)","88","212","30"
"Italy (IT)","06.11.2022 02:00 - 06.11.2022 03:00 (CET/CEST)","43","143","30"
"Italy (IT)","06.11.2022 03:00 - 06.11.2022 04:00 (CET/CEST)","42","2","30"
"Italy (IT)","06.11.2022 04:00 - 06.11.2022 05:00 (CET/CEST)","10","9","28"
"Italy (IT)","06.11.2022 05:00 - 06.11.2022 06:00 (CET/CEST)","10","8","37"
"Italy (IT)","06.11.2022 06:00 - 06.11.2022 07:00 (CET/CEST)","222","2","52"
"Italy (IT)","06.11.2022 07:00 - 06.11.2022 08:00 (CET/CEST)","153","140","133"
"Italy (IT)","06.11.2022 08:00 - 06.11.2022 09:00 (CET/CEST)","93","149","198"
"Italy (IT)","06.11.2022 09:00 - 06.11.2022 10:00 (CET/CEST)","159","277","135"
"Italy (IT)","06.11.2022 10:00 - 06.11.2022 11:00 (CET/CEST)","214","258","93"
"Italy (IT)","06.11.2022 11:00 - 06.11.2022 12:00 (CET/CEST)","26","314","90"
"Italy (IT)","06.11.2022 12:00 - 06.11.2022 13:00 (CET/CEST)","67","339","94"
"Italy (IT)","06.11.2022 13:00 - 06.11.2022 14:00 (CET/CEST)","34","339","96"
"Italy (IT)","06.11.2022 14:00 - 06.11.2022 15:00 (CET/CEST)","70","338","101"
"Italy (IT)","06.11.2022 15:00 - 06.11.2022 16:00 (CET/CEST)","75","298","103"
"Italy (IT)","06.11.2022 16:00 - 06.11.2022 17:00 (CET/CEST)","153","58","101"
"Italy (IT)","06.11.2022 17:00 - 06.11.2022 18:00 (CET/CEST)","394","2","307"
"Italy (IT)","06.11.2022 18:00 - 06.11.2022 19:00 (CET/CEST)","726","2","345"
"Italy (IT)","06.11.2022 19:00 - 06.11.2022 20:00 (CET/CEST)","1409","","436"
"Italy (IT)","06.11.2022 20:00 - 06.11.2022 21:00 (CET/CEST)","1138","","274"
"Italy (IT)","06.11.2022 21:00 - 06.11.2022 22:00 (CET/CEST)","260","","115"
"Italy (IT)","06.11.2022 22:00 - 06.11.2022 23:00 (CET/CEST)","387","2","115"
"Italy (IT)","06.11.2022 23:00 - 07.11.2022 00:00 (CET/CEST)","190","5","30"
"Italy (IT)","07.11.2022 00:00 - 07.11.2022 01:00 (CET/CEST)","85","147","31"
"Italy (IT)","07.11.2022 01:00 - 07.11.2022 02:00 (CET/CEST)","","1455","32"
"Italy (IT)","07.11.2022 02:00 - 07.11.2022 03:00 (CET/CEST)","","2296","32"
"Italy (IT)","07.11.2022 03:00 - 07.11.2022 04:00 (CET/CEST)","","2267","32"
"Italy (IT)","07.11.2022 04:00 - 07.11.2022 05:00 (CET/CEST)","115","1205","32"
"Italy (IT)","07.11.2022 05:00 - 07.11.2022 06:00 (CET/CEST)","34","545","38"
"Italy (IT)","07.11.2022 06:00 - 07.11.2022 07:00 (CET/CEST)","126","26","182"
"Italy (IT)","07.11.2022 07:00 - 07.11.2022 08:00 (CET/CEST)","254","3","359"
"Italy (IT)","07.11.2022 08:00 - 07.11.2022 09:00 (CET/CEST)","358","3","417"
"Italy (IT)","07.11.2022 09:00 - 07.11.2022 10:00 (CET/CEST)","444","3","424"
"Italy (IT)","07.11.2022 10:00 - 07.11.2022 11:00 (CET/CEST)","89","3","61"
"Italy (IT)","07.11.2022 11:00 - 07.11.2022 12:00 (CET/CEST)","68","54","64"
"Italy (IT)","07.11.2022 12:00 - 07.11.2022 13:00 (CET/CEST)","70","85","53"
"Italy (IT)","07.11.2022 13:00 - 07.11.2022 14:00 (CET/CEST)","40","85","57"
"Italy (IT)","07.11.2022 14:00 - 07.11.2022 15:00 (CET/CEST)","66","85","116"
"Italy (IT)","07.11.2022 15:00 - 07.11.2022 16:00 (CET/CEST)","88","85","242"
"Italy (IT)","07.11.2022 16:00 - 07.11.2022 17:00 (CET/CEST)","1310","","833"
"Italy (IT)","07.11.2022 17:00 - 07.11.2022 18:00 (CET/CEST)","1379","","943"
"Italy (IT)","07.11.2022 18:00 - 07.11.2022 19:00 (CET/CEST)","1221","1","989"
"Italy (IT)","07.11.2022 19:00 - 07.11.2022 20:00 (CET/CEST)","1218","","891"
"Italy (IT)","07.11.2022 20:00 - 07.11.2022 21:00 (CET/CEST)","645","1","630"
"Italy (IT)","07.11.2022 21:00 - 07.11.2022 22:00 (CET/CEST)","135","1","337"
"Italy (IT)","07.11.2022 22:00 - 07.11.2022 23:00 (CET/CEST)","0","69","145"
"Italy (IT)","07.11.2022 23:00 - 08.11.2022 00:00 (CET/CEST)","0","512","142"
"Italy (IT)","08.11.2022 00:00 - 08.11.2022 01:00 (CET/CEST)","0","9","292"
"Italy (IT)","08.11.2022 01:00 - 08.11.2022 02:00 (CET/CEST)","2","3","220"
"Italy (IT)","08.11.2022 02:00 - 08.11.2022 03:00 (CET/CEST)","5","3","24"
"Italy (IT)","08.11.2022 03:00 - 08.11.2022 04:00 (CET/CEST)","4","575","283"
"Italy (IT)","08.11.2022 04:00 - 08.11.2022 05:00 (CET/CEST)","103","2","244"
"Italy (IT)","08.11.2022 05:00 - 08.11.2022 06:00 (CET/CEST)","7","2","152"
"Italy (IT)","08.11.2022 06:00 - 08.11.2022 07:00 (CET/CEST)","100","2","291"
"Italy (IT)","08.11.2022 07:00 - 08.11.2022 08:00 (CET/CEST)","270","3","455"
"Italy (IT)","08.11.2022 08:00 - 08.11.2022 09:00 (CET/CEST)","1064","3","344"
"Italy (IT)","08.11.2022 09:00 - 08.11.2022 10:00 (CET/CEST)","129","3","287"
"Italy (IT)","08.11.2022 10:00 - 08.11.2022 11:00 (CET/CEST)","237","3","132"
"Italy (IT)","08.11.2022 11:00 - 08.11.2022 12:00 (CET/CEST)","410","2","109"
"Italy (IT)","08.11.2022 12:00 - 08.11.2022 13:00 (CET/CEST)","194","3","29"
"Italy (IT)","08.11.2022 13:00 - 08.11.2022 14:00 (CET/CEST)","224","2","40"
"Italy (IT)","08.11.2022 14:00 - 08.11.2022 15:00 (CET/CEST)","222","2","60"
"Italy (IT)","08.11.2022 15:00 - 08.11.2022 16:00 (CET/CEST)","412","3","460"
"Italy (IT)","08.11.2022 16:00 - 08.11.2022 17:00 (CET/CEST)","1729","2","842"
"Italy (IT)","08.11.2022 17:00 - 08.11.2022 18:00 (CET/CEST)","2384","","1145"
"Italy (IT)","08.11.2022 18:00 - 08.11.2022 19:00 (CET/CEST)","1523","","1014"
"Italy (IT)","08.11.2022 19:00 - 08.11.2022 20:00 (CET/CEST)","901","","619"
"Italy (IT)","08.11.2022 20:00 - 08.11.2022 21:00 (CET/CEST)","639","2","416"
"Italy (IT)","08.11.2022 21:00 - 08.11.2022 22:00 (CET/CEST)","71","2","294"
"Italy (IT)","08.11.2022 22:00 - 08.11.2022 23:00 (CET/CEST)","87","3","60"
"Italy (IT)","08.11.2022 23:00 - 09.11.2022 00:00 (CET/CEST)","11","7","42"
"Italy (IT)","09.11.2022 00:00 - 09.11.2022 01:00 (CET/CEST)","0","488","23"
"Italy (IT)","09.11.2022 01:00 - 09.11.2022 02:00 (CET/CEST)","0","1031","23"
"Italy (IT)","09.11.2022 02:00 - 09.11.2022 03:00 (CET/CEST)","0","1153","23"
"Italy (IT)","09.11.2022 03:00 - 09.11.2022 04:00 (CET/CEST)","0","1090","23"
"Italy (IT)","09.11.2022 04:00 - 09.11.2022 05:00 (CET/CEST)","0","1058","23"
"Italy (IT)","09.11.2022 05:00 - 09.11.2022 06:00 (CET/CEST)","0","792","37"
"Italy (IT)","09.11.2022 06:00 - 09.11.2022 07:00 (CET/CEST)","42","1","230"
"Italy (IT)","09.11.2022 07:00 - 09.11.2022 08:00 (CET/CEST)","772","1","676"
"Italy (IT)","09.11.2022 08:00 - 09.11.2022 09:00 (CET/CEST)","1187","1","710"
"Italy (IT)","09.11.2022 09:00 - 09.11.2022 10:00 (CET/CEST)","929","2","534"
"Italy (IT)","09.11.2022 10:00 - 09.11.2022 11:00 (CET/CEST)","441","2","452"
"Italy (IT)","09.11.2022 11:00 - 09.11.2022 12:00 (CET/CEST)","478","2","544"
"Italy (IT)","09.11.2022 12:00 - 09.11.2022 13:00 (CET/CEST)","408","","425"
"Italy (IT)","09.11.2022 13:00 - 09.11.2022 14:00 (CET/CEST)","324","2","244"
"Italy (IT)","09.11.2022 14:00 - 09.11.2022 15:00 (CET/CEST)","830","3","439"
"Italy (IT)","09.11.2022 15:00 - 09.11.2022 16:00 (CET/CEST)","1268","2","551"
"Italy (IT)","09.11.2022 16:00 - 09.11.2022 17:00 (CET/CEST)","1980","","1011"
"Italy (IT)","09.11.2022 17:00 - 09.11.2022 18:00 (CET/CEST)","2661","","1179"
"Italy (IT)","09.11.2022 18:00 - 09.11.2022 19:00 (CET/CEST)","1961","","1194"
"Italy (IT)","09.11.2022 19:00 - 09.11.2022 20:00 (CET/CEST)","974","","999"
"Italy (IT)","09.11.2022 20:00 - 09.11.2022 21:00 (CET/CEST)","692","","665"
"Italy (IT)","09.11.2022 21:00 - 09.11.2022 22:00 (CET/CEST)","181","","531"
"Italy (IT)","09.11.2022 22:00 - 09.11.2022 23:00 (CET/CEST)","68","1","251"
"Italy (IT)","09.11.2022 23:00 - 10.11.2022 00:00 (CET/CEST)","0","203","189"
"Italy (IT)","10.11.2022 00:00 - 10.11.2022 01:00 (CET/CEST)","8","907","53"
"Italy (IT)","10.11.2022 01:00 - 10.11.2022 02:00 (CET/CEST)","","1621","40"
"Italy (IT)","10.11.2022 02:00 - 10.11.2022 03:00 (CET/CEST)","","1865","38"
"Italy (IT)","10.11.2022 03:00 - 10.11.2022 04:00 (CET/CEST)","","1835","37"
"Italy (IT)","10.11.2022 04:00 - 10.11.2022 05:00 (CET/CEST)","0","1856","33"
"Italy (IT)","10.11.2022 05:00 - 10.11.2022 06:00 (CET/CEST)","0","1875","136"
"Italy (IT)","10.11.2022 06:00 - 10.11.2022 07:00 (CET/CEST)","0","703","295"
"Italy (IT)","10.11.2022 07:00 - 10.11.2022 08:00 (CET/CEST)","293","2","578"
"Italy (IT)","10.11.2022 08:00 - 10.11.2022 09:00 (CET/CEST)","551","1","596"
"Italy (IT)","10.11.2022 09:00 - 10.11.2022 10:00 (CET/CEST)","533","","562"
"Italy (IT)","10.11.2022 10:00 - 10.11.2022 11:00 (CET/CEST)","245","12","256"
"Italy (IT)","10.11.2022 11:00 - 10.11.2022 12:00 (CET/CEST)","248","83","199"
"Italy (IT)","10.11.2022 12:00 - 10.11.2022 13:00 (CET/CEST)","47","145","180"
"Italy (IT)","10.11.2022 13:00 - 10.11.2022 14:00 (CET/CEST)","28","163","116"
"Italy (IT)","10.11.2022 14:00 - 10.11.2022 15:00 (CET/CEST)","406","155","271"
"Italy (IT)","10.11.2022 15:00 - 10.11.2022 16:00 (CET/CEST)","741","23","489"
"Italy (IT)","10.11.2022 16:00 - 10.11.2022 17:00 (CET/CEST)","1066","","534"
"Italy (IT)","10.11.2022 17:00 - 10.11.2022 18:00 (CET/CEST)","1474","","663"
"Italy (IT)","10.11.2022 18:00 - 10.11.2022 19:00 (CET/CEST)","683","","629"
"Italy (IT)","10.11.2022 19:00 - 10.11.2022 20:00 (CET/CEST)","245","28","459"
"Italy (IT)","10.11.2022 20:00 - 10.11.2022 21:00 (CET/CEST)","144","","350"
"Italy (IT)","10.11.2022 21:00 - 10.11.2022 22:00 (CET/CEST)","65","","94"
"Italy (IT)","10.11.2022 22:00 - 10.11.2022 23:00 (CET/CEST)","407","","68"
"Italy (IT)","10.11.2022 23:00 - 11.11.2022 00:00 (CET/CEST)","403","4","68"
"Italy (IT)","11.11.2022 00:00 - 11.11.2022 01:00 (CET/CEST)","395","556","35"
"Italy (IT)","11.11.2022 01:00 - 11.11.2022 02:00 (CET/CEST)","0","741","58"
"Italy (IT)","11.11.2022 02:00 - 11.11.2022 03:00 (CET/CEST)","0","724","34"
"Italy (IT)","11.11.2022 03:00 - 11.11.2022 04:00 (CET/CEST)","0","896","34"
"Italy (IT)","11.11.2022 04:00 - 11.11.2022 05:00 (CET/CEST)","0","894","34"
"Italy (IT)","11.11.2022 05:00 - 11.11.2022 06:00 (CET/CEST)","0","878","40"
"Italy (IT)","11.11.2022 06:00 - 11.11.2022 07:00 (CET/CEST)","83","2","205"
"Italy (IT)","11.11.2022 07:00 - 11.11.2022 08:00 (CET/CEST)","191","","447"
"Italy (IT)","11.11.2022 08:00 - 11.11.2022 09:00 (CET/CEST)","287","","538"
"Italy (IT)","11.11.2022 09:00 - 11.11.2022 10:00 (CET/CEST)","145","1","339"
"Italy (IT)","11.11.2022 10:00 - 11.11.2022 11:00 (CET/CEST)","312","28","159"
"Italy (IT)","11.11.2022 11:00 - 11.11.2022 12:00 (CET/CEST)","6","28","123"
"Italy (IT)","11.11.2022 12:00 - 11.11.2022 13:00 (CET/CEST)","9","95","105"
"Italy (IT)","11.11.2022 13:00 - 11.11.2022 14:00 (CET/CEST)","91","","108"
"Italy (IT)","11.11.2022 14:00 - 11.11.2022 15:00 (CET/CEST)","172","","247"
"Italy (IT)","11.11.2022 15:00 - 11.11.2022 16:00 (CET/CEST)","54","7","255"
"Italy (IT)","11.11.2022 16:00 - 11.11.2022 17:00 (CET/CEST)","1655","","594"
"Italy (IT)","11.11.2022 17:00 - 11.11.2022 18:00 (CET/CEST)","1932","","744"
"Italy (IT)","11.11.2022 18:00 - 11.11.2022 19:00 (CET/CEST)","1759","","674"
"Italy (IT)","11.11.2022 19:00 - 11.11.2022 20:00 (CET/CEST)","564","","451"
"Italy (IT)","11.11.2022 20:00 - 11.11.2022 21:00 (CET/CEST)","222","1","267"
"Italy (IT)","11.11.2022 21:00 - 11.11.2022 22:00 (CET/CEST)","399","7","186"
"Italy (IT)","11.11.2022 22:00 - 11.11.2022 23:00 (CET/CEST)","150","850","87"
"Italy (IT)","11.11.2022 23:00 - 12.11.2022 00:00 (CET/CEST)","237","893","23"
"Italy (IT)","12.11.2022 00:00 - 12.11.2022 01:00 (CET/CEST)","52","641","20"
"Italy (IT)","12.11.2022 01:00 - 12.11.2022 02:00 (CET/CEST)","0","791","21"
"Italy (IT)","12.11.2022 02:00 - 12.11.2022 03:00 (CET/CEST)","0","861","20"
"Italy (IT)","12.11.2022 03:00 - 12.11.2022 04:00 (CET/CEST)","0","867","21"
"Italy (IT)","12.11.2022 04:00 - 12.11.2022 05:00 (CET/CEST)","0","1020","42"
"Italy (IT)","12.11.2022 05:00 - 12.11.2022 06:00 (CET/CEST)","0","1021","60"
"Italy (IT)","12.11.2022 06:00 - 12.11.2022 07:00 (CET/CEST)","0","498","29"
"Italy (IT)","12.11.2022 07:00 - 12.11.2022 08:00 (CET/CEST)","4","405","108"
"Italy (IT)","12.11.2022 08:00 - 12.11.2022 09:00 (CET/CEST)","248","1","209"
"Italy (IT)","12.11.2022 09:00 - 12.11.2022 10:00 (CET/CEST)","236","1","192"
"Italy (IT)","12.11.2022 10:00 - 12.11.2022 11:00 (CET/CEST)","146","1","111"
"Italy (IT)","12.11.2022 11:00 - 12.11.2022 12:00 (CET/CEST)","69","470","191"
"Italy (IT)","12.11.2022 12:00 - 12.11.2022 13:00 (CET/CEST)","0","498","362"
"Italy (IT)","12.11.2022 13:00 - 12.11.2022 14:00 (CET/CEST)","6","560","326"
"Italy (IT)","12.11.2022 14:00 - 12.11.2022 15:00 (CET/CEST)","12","351","289"
"Italy (IT)","12.11.2022 15:00 - 12.11.2022 16:00 (CET/CEST)","262","","138"
"Italy (IT)","12.11.2022 16:00 - 12.11.2022 17:00 (CET/CEST)","750","","188"
"Italy (IT)","12.11.2022 17:00 - 12.11.2022 18:00 (CET/CEST)","2369","","776"
"Italy (IT)","12.11.2022 18:00 - 12.11.2022 19:00 (CET/CEST)","2534","","610"
"Italy (IT)","12.11.2022 19:00 - 12.11.2022 20:00 (CET/CEST)","1893","","353"
"Italy (IT)","12.11.2022 20:00 - 12.11.2022 21:00 (CET/CEST)","1644","","217"
"Italy (IT)","12.11.2022 21:00 - 12.11.2022 22:00 (CET/CEST)","292","1","87"
"Italy (IT)","12.11.2022 22:00 - 12.11.2022 23:00 (CET/CEST)","60","1","91"
"Italy (IT)","12.11.2022 23:00 - 13.11.2022 00:00 (CET/CEST)","32","","29"
"Italy (IT)","13.11.2022 00:00 - 13.11.2022 01:00 (CET/CEST)","40","","26"
"Italy (IT)","13.11.2022 01:00 - 13.11.2022 02:00 (CET/CEST)","12","286","25"
"Italy (IT)","13.11.2022 02:00 - 13.11.2022 03:00 (CET/CEST)","102","335","26"
"Italy (IT)","13.11.2022 03:00 - 13.11.2022 04:00 (CET/CEST)","0","605","27"
"Italy (IT)","13.11.2022 04:00 - 13.11.2022 05:00 (CET/CEST)","0","638","30"
"Italy (IT)","13.11.2022 05:00 - 13.11.2022 06:00 (CET/CEST)","0","601","28"
"Italy (IT)","13.11.2022 06:00 - 13.11.2022 07:00 (CET/CEST)","0","361","112"
"Italy (IT)","13.11.2022 07:00 - 13.11.2022 08:00 (CET/CEST)","13","238","168"
"Italy (IT)","13.11.2022 08:00 - 13.11.2022 09:00 (CET/CEST)","13","309","231"
"Italy (IT)","13.11.2022 09:00 - 13.11.2022 10:00 (CET/CEST)","13","307","229"
"Italy (IT)","13.11.2022 10:00 - 13.11.2022 11:00 (CET/CEST)","16","","102"
"Italy (IT)","13.11.2022 11:00 - 13.11.2022 12:00 (CET/CEST)","15","","76"
"Italy (IT)","13.11.2022 12:00 - 13.11.2022 13:00 (CET/CEST)","14","","77"
"Italy (IT)","13.11.2022 13:00 - 13.11.2022 14:00 (CET/CEST)","14","","118"
"Italy (IT)","13.11.2022 14:00 - 13.11.2022 15:00 (CET/CEST)","39","149","96"
"Italy (IT)","13.11.2022 15:00 - 13.11.2022 16:00 (CET/CEST)","53","116","139"
"Italy (IT)","13.11.2022 16:00 - 13.11.2022 17:00 (CET/CEST)","656","","238"
"Italy (IT)","13.11.2022 17:00 - 13.11.2022 18:00 (CET/CEST)","834","","491"
"Italy (IT)","13.11.2022 18:00 - 13.11.2022 19:00 (CET/CEST)","828","","546"
"Italy (IT)","13.11.2022 19:00 - 13.11.2022 20:00 (CET/CEST)","847","","324"
"Italy (IT)","13.11.2022 20:00 - 13.11.2022 21:00 (CET/CEST)","466","","210"
"Italy (IT)","13.11.2022 21:00 - 13.11.2022 22:00 (CET/CEST)","131","1","151"
"Italy (IT)","13.11.2022 22:00 - 13.11.2022 23:00 (CET/CEST)","8","1","136"
"Italy (IT)","13.11.2022 23:00 - 14.11.2022 00:00 (CET/CEST)","3","116","49"
"Italy (IT)","14.11.2022 00:00 - 14.11.2022 01:00 (CET/CEST)","","1387","26"
"Italy (IT)","14.11.2022 01:00 - 14.11.2022 02:00 (CET/CEST)","","1664","26"
"Italy (IT)","14.11.2022 02:00 - 14.11.2022 03:00 (CET/CEST)","","1919","41"
"Italy (IT)","14.11.2022 03:00 - 14.11.2022 04:00 (CET/CEST)","","1926","25"
"Italy (IT)","14.11.2022 04:00 - 14.11.2022 05:00 (CET/CEST)","","1783","26"
"Italy (IT)","14.11.2022 05:00 - 14.11.2022 06:00 (CET/CEST)","12","1390","29"
"Italy (IT)","14.11.2022 06:00 - 14.11.2022 07:00 (CET/CEST)","194","2","109"
"Italy (IT)","14.11.2022 07:00 - 14.11.2022 08:00 (CET/CEST)","238","2","375"
"Italy (IT)","14.11.2022 08:00 - 14.11.2022 09:00 (CET/CEST)","1107","3","447"
"Italy (IT)","14.11.2022 09:00 - 14.11.2022 10:00 (CET/CEST)","1018","2","432"
"Italy (IT)","14.11.2022 10:00 - 14.11.2022 11:00 (CET/CEST)","650","2","348"
"Italy (IT)","14.11.2022 11:00 - 14.11.2022 12:00 (CET/CEST)","357","2","296"
"Italy (IT)","14.11.2022 12:00 - 14.11.2022 13:00 (CET/CEST)","163","2","121"
"Italy (IT)","14.11.2022 13:00 - 14.11.2022 14:00 (CET/CEST)","61","3","110"
"Italy (IT)","14.11.2022 14:00 - 14.11.2022 15:00 (CET/CEST)","72","3","152"
"Italy (IT)","14.11.2022 15:00 - 14.11.2022 16:00 (CET/CEST)","569","1","515"
"Italy (IT)","14.11.2022 16:00 - 14.11.2022 17:00 (CET/CEST)","631","","932"
"Italy (IT)","14.11.2022 17:00 - 14.11.2022 18:00 (CET/CEST)","1368","","828"
"Italy (IT)","14.11.2022 18:00 - 14.11.2022 19:00 (CET/CEST)","755","19","681"
"Italy (IT)","14.11.2022 19:00 - 14.11.2022 20:00 (CET/CEST)","984","185","680"
"Italy (IT)","14.11.2022 20:00 - 14.11.2022 21:00 (CET/CEST)","705","","496"
"Italy (IT)","14.11.2022 21:00 - 14.11.2022 22:00 (CET/CEST)","74","1","115"
"Italy (IT)","14.11.2022 22:00 - 14.11.2022 23:00 (CET/CEST)","6","3","84"
"Italy (IT)","14.11.2022 23:00 - 15.11.2022 00:00 (CET/CEST)","","330","63"
"Italy (IT)","15.11.2022 00:00 - 15.11.2022 01:00 (CET/CEST)","","1019","19"
"Italy (IT)","15.11.2022 01:00 - 15.11.2022 02:00 (CET/CEST)","","1304","18"
"Italy (IT)","15.11.2022 02:00 - 15.11.2022 03:00 (CET/CEST)","","1331","18"
"Italy (IT)","15.11.2022 03:00 - 15.11.2022 04:00 (CET/CEST)","12","1328","19"
"Italy (IT)","15.11.2022 04:00 - 15.11.2022 05:00 (CET/CEST)","21","1323","18"
"Italy (IT)","15.11.2022 05:00 - 15.11.2022 06:00 (CET/CEST)","23","435","24"
"Italy (IT)","15.11.2022 06:00 - 15.11.2022 07:00 (CET/CEST)","82","2","282"
"Italy (IT)","15.11.2022 07:00 - 15.11.2022 08:00 (CET/CEST)","64","3","568"
"Italy (IT)","15.11.2022 08:00 - 15.11.2022 09:00 (CET/CEST)","160","3","735"
"Italy (IT)","15.11.2022 09:00 - 15.11.2022 10:00 (CET/CEST)","115","2","693"
"Italy (IT)","15.11.2022 10:00 - 15.11.2022 11:00 (CET/CEST)","207","1","491"
"Italy (IT)","15.11.2022 11:00 - 15.11.2022 12:00 (CET/CEST)","244","1","535"
"Italy (IT)","15.11.2022 12:00 - 15.11.2022 13:00 (CET/CEST)","197","3","347"
"Italy (IT)","15.11.2022 13:00 - 15.11.2022 14:00 (CET/CEST)","177","3","370"
"Italy (IT)","15.11.2022 14:00 - 15.11.2022 15:00 (CET/CEST)","162","3","459"
"Italy (IT)","15.11.2022 15:00 - 15.11.2022 16:00 (CET/CEST)","341","3","654"
"Italy (IT)","15.11.2022 16:00 - 15.11.2022 17:00 (CET/CEST)","981","3","744"
"Italy (IT)","15.11.2022 17:00 - 15.11.2022 18:00 (CET/CEST)","1104","2","741"
"Italy (IT)","15.11.2022 18:00 - 15.11.2022 19:00 (CET/CEST)","816","2","697"
"Italy (IT)","15.11.2022 19:00 - 15.11.2022 20:00 (CET/CEST)","322","2","709"
"Italy (IT)","15.11.2022 20:00 - 15.11.2022 21:00 (CET/CEST)","202","3","485"
"Italy (IT)","15.11.2022 21:00 - 15.11.2022 22:00 (CET/CEST)","63","3","336"
"Italy (IT)","15.11.2022 22:00 - 15.11.2022 23:00 (CET/CEST)","0","233","317"
"Italy (IT)","15.11.2022 23:00 - 16.11.2022 00:00 (CET/CEST)","0","298","150"
"Italy (IT)","16.11.2022 00:00 - 16.11.2022 01:00 (CET/CEST)","0","762","151"
"Italy (IT)","16.11.2022 01:00 - 16.11.2022 02:00 (CET/CEST)","0","906","114"
"Italy (IT)","16.11.2022 02:00 - 16.11.2022 03:00 (CET/CEST)","","819","45"
"Italy (IT)","16.11.2022 03:00 - 16.11.2022 04:00 (CET/CEST)","","990","46"
"Italy (IT)","16.11.2022 04:00 - 16.11.2022 05:00 (CET/CEST)","","1066","85"
"Italy (IT)","16.11.2022 05:00 - 16.11.2022 06:00 (CET/CEST)","0","274","158"
"Italy (IT)","16.11.2022 06:00 - 16.11.2022 07:00 (CET/CEST)","60","3","316"
"Italy (IT)","16.11.2022 07:00 - 16.11.2022 08:00 (CET/CEST)","73","3","526"
"Italy (IT)","16.11.2022 08:00 - 16.11.2022 09:00 (CET/CEST)","1038","3","976"
"Italy (IT)","16.11.2022 09:00 - 16.11.2022 10:00 (CET/CEST)","1199","3","1070"
"Italy (IT)","16.11.2022 10:00 - 16.11.2022 11:00 (CET/CEST)","390","50","963"
"Italy (IT)","16.11.2022 11:00 - 16.11.2022 12:00 (CET/CEST)","229","85","718"
"Italy (IT)","16.11.2022 12:00 - 16.11.2022 13:00 (CET/CEST)","177","85","680"
"Italy (IT)","16.11.2022 13:00 - 16.11.2022 14:00 (CET/CEST)","307","75","393"
"Italy (IT)","16.11.2022 14:00 - 16.11.2022 15:00 (CET/CEST)","357","2","395"
"Italy (IT)","16.11.2022 15:00 - 16.11.2022 16:00 (CET/CEST)","1337","","474"
"Italy (IT)","16.11.2022 16:00 - 16.11.2022 17:00 (CET/CEST)","1377","","666"
"Italy (IT)","16.11.2022 17:00 - 16.11.2022 18:00 (CET/CEST)","2009","2","900"
"Italy (IT)","16.11.2022 18:00 - 16.11.2022 19:00 (CET/CEST)","1417","2","748"
"Italy (IT)","16.11.2022 19:00 - 16.11.2022 20:00 (CET/CEST)","938","2","812"
"Italy (IT)","16.11.2022 20:00 - 16.11.2022 21:00 (CET/CEST)","166","1","667"
"Italy (IT)","16.11.2022 21:00 - 16.11.2022 22:00 (CET/CEST)","31","2","424"
"Italy (IT)","16.11.2022 22:00 - 16.11.2022 23:00 (CET/CEST)","1","3","257"
"Italy (IT)","16.11.2022 23:00 - 17.11.2022 00:00 (CET/CEST)","0","166","139"
"Italy (IT)","17.11.2022 00:00 - 17.11.2022 01:00 (CET/CEST)","0","215","74"
"Italy (IT)","17.11.2022 01:00 - 17.11.2022 02:00 (CET/CEST)","0","259","67"
"Italy (IT)","17.11.2022 02:00 - 17.11.2022 03:00 (CET/CEST)","0","260","31"
"Italy (IT)","17.11.2022 03:00 - 17.11.2022 04:00 (CET/CEST)","","840","34"
"Italy (IT)","17.11.2022 04:00 - 17.11.2022 05:00 (CET/CEST)","","409","53"
"Italy (IT)","17.11.2022 05:00 - 17.11.2022 06:00 (CET/CEST)","1","57","103"
"Italy (IT)","17.11.2022 06:00 - 17.11.2022 07:00 (CET/CEST)","312","3","377"
"Italy (IT)","17.11.2022 07:00 - 17.11.2022 08:00 (CET/CEST)","827","3","545"
"Italy (IT)","17.11.2022 08:00 - 17.11.2022 09:00 (CET/CEST)","746","3","612"
"Italy (IT)","17.11.2022 09:00 - 17.11.2022 10:00 (CET/CEST)","555","3","511"
"Italy (IT)","17.11.2022 10:00 - 17.11.2022 11:00 (CET/CEST)","65","3","353"
"Italy (IT)","17.11.2022 11:00 - 17.11.2022 12:00 (CET/CEST)","41","77","321"
"Italy (IT)","17.11.2022 12:00 - 17.11.2022 13:00 (CET/CEST)","0","85","191"
"Italy (IT)","17.11.2022 13:00 - 17.11.2022 14:00 (CET/CEST)","26","85","216"
"Italy (IT)","17.11.2022 14:00 - 17.11.2022 15:00 (CET/CEST)","27","85","307"
"Italy (IT)","17.11.2022 15:00 - 17.11.2022 16:00 (CET/CEST)","0","42","390"
"Italy (IT)","17.11.2022 16:00 - 17.11.2022 17:00 (CET/CEST)","468","1","577"
"Italy (IT)","17.11.2022 17:00 - 17.11.2022 18:00 (CET/CEST)","429","1","708"
"Italy (IT)","17.11.2022 18:00 - 17.11.2022 19:00 (CET/CEST)","575","2","726"
"Italy (IT)","17.11.2022 19:00 - 17.11.2022 20:00 (CET/CEST)","558","2","703"
"Italy (IT)","17.11.2022 20:00 - 17.11.2022 21:00 (CET/CEST)","128","2","575"
"Italy (IT)","17.11.2022 21:00 - 17.11.2022 22:00 (CET/CEST)","33","3","326"
"Italy (IT)","17.11.2022 22:00 - 17.11.2022 23:00 (CET/CEST)","3","3","248"
"Italy (IT)","17.11.2022 23:00 - 18.11.2022 00:00 (CET/CEST)","0","4","178"
"Italy (IT)","18.11.2022 00:00 - 18.11.2022 01:00 (CET/CEST)","6","622","147"
"Italy (IT)","18.11.2022 01:00 - 18.11.2022 02:00 (CET/CEST)","0","693","141"
"Italy (IT)","18.11.2022 02:00 - 18.11.2022 03:00 (CET/CEST)","0","933","107"
"Italy (IT)","18.11.2022 03:00 - 18.11.2022 04:00 (CET/CEST)","0","1211","126"
"Italy (IT)","18.11.2022 04:00 - 18.11.2022 05:00 (CET/CEST)","0","1200","117"
"Italy (IT)","18.11.2022 05:00 - 18.11.2022 06:00 (CET/CEST)","0","576","155"
"Italy (IT)","18.11.2022 06:00 - 18.11.2022 07:00 (CET/CEST)","9","2","277"
"Italy (IT)","18.11.2022 07:00 - 18.11.2022 08:00 (CET/CEST)","200","","585"
"Italy (IT)","18.11.2022 08:00 - 18.11.2022 09:00 (CET/CEST)","313","7","666"
"Italy (IT)","18.11.2022 09:00 - 18.11.2022 10:00 (CET/CEST)","116","283","688"
"Italy (IT)","18.11.2022 10:00 - 18.11.2022 11:00 (CET/CEST)","142","308","525"
"Italy (IT)","18.11.2022 11:00 - 18.11.2022 12:00 (CET/CEST)","49","382","418"
"Italy (IT)","18.11.2022 12:00 - 18.11.2022 13:00 (CET/CEST)","25","382","379"
"Italy (IT)","18.11.2022 13:00 - 18.11.2022 14:00 (CET/CEST)","25","566","430"
"Italy (IT)","18.11.2022 14:00 - 18.11.2022 15:00 (CET/CEST)","426","346","481"
"Italy (IT)","18.11.2022 15:00 - 18.11.2022 16:00 (CET/CEST)","488","95","522"
"Italy (IT)","18.11.2022 16:00 - 18.11.2022 17:00 (CET/CEST)","710","96","721"
"Italy (IT)","18.11.2022 17:00 - 18.11.2022 18:00 (CET/CEST)","1833","46","946"
"Italy (IT)","18.11.2022 18:00 - 18.11.2022 19:00 (CET/CEST)","908","6","970"
"Italy (IT)","18.11.2022 19:00 - 18.11.2022 20:00 (CET/CEST)","435","","800"
"Italy (IT)","18.11.2022 20:00 - 18.11.2022 21:00 (CET/CEST)","812","","604"
"Italy (IT)","18.11.2022 21:00 - 18.11.2022 22:00 (CET/CEST)","790","1","541"
"Italy (IT)","18.11.2022 22:00 - 18.11.2022 23:00 (CET/CEST)","573","1","298"
"Italy (IT)","18.11.2022 23:00 - 19.11.2022 00:00 (CET/CEST)","27","5","262"
"Italy (IT)","19.11.2022 00:00 - 19.11.2022 01:00 (CET/CEST)","0","611","178"
"Italy (IT)","19.11.2022 01:00 - 19.11.2022 02:00 (CET/CEST)","0","415","190"
"Italy (IT)","19.11.2022 02:00 - 19.11.2022 03:00 (CET/CEST)","0","384","169"
"Italy (IT)","19.11.2022 03:00 - 19.11.2022 04:00 (CET/CEST)","0","392","113"
"Italy (IT)","19.11.2022 04:00 - 19.11.2022 05:00 (CET/CEST)","0","577","117"
"Italy (IT)","19.11.2022 05:00 - 19.11.2022 06:00 (CET/CEST)","0","384","124"
"Italy (IT)","19.11.2022 06:00 - 19.11.2022 07:00 (CET/CEST)","0","72","164"
"Italy (IT)","19.11.2022 07:00 - 19.11.2022 08:00 (CET/CEST)","43","3","421"
"Italy (IT)","19.11.2022 08:00 - 19.11.2022 09:00 (CET/CEST)","311","2","637"
"Italy (IT)","19.11.2022 09:00 - 19.11.2022 10:00 (CET/CEST)","487","2","844"
"Italy (IT)","19.11.2022 10:00 - 19.11.2022 11:00 (CET/CEST)","416","108","616"
"Italy (IT)","19.11.2022 11:00 - 19.11.2022 12:00 (CET/CEST)","104","151","453"
"Italy (IT)","19.11.2022 12:00 - 19.11.2022 13:00 (CET/CEST)","26","159","458"
"Italy (IT)","19.11.2022 13:00 - 19.11.2022 14:00 (CET/CEST)","0","150","310"
"Italy (IT)","19.11.2022 14:00 - 19.11.2022 15:00 (CET/CEST)","0","150","314"
"Italy (IT)","19.11.2022 15:00 - 19.11.2022 16:00 (CET/CEST)","3","41","325"
"Italy (IT)","19.11.2022 16:00 - 19.11.2022 17:00 (CET/CEST)","775","1","496"
"Italy (IT)","19.11.2022 17:00 - 19.11.2022 18:00 (CET/CEST)","1797","1","1249"
"Italy (IT)","19.11.2022 18:00 - 19.11.2022 19:00 (CET/CEST)","2210","1","967"
"Italy (IT)","19.11.2022 19:00 - 19.11.2022 20:00 (CET/CEST)","1277","1","783"
"Italy (IT)","19.11.2022 20:00 - 19.11.2022 21:00 (CET/CEST)","626","1","479"
"Italy (IT)","19.11.2022 21:00 - 19.11.2022 22:00 (CET/CEST)","64","1","366"
"Italy (IT)","19.11.2022 22:00 - 19.11.2022 23:00 (CET/CEST)","33","1","330"
"Italy (IT)","19.11.2022 23:00 - 20.11.2022 00:00 (CET/CEST)","4","3","223"
"Italy (IT)","20.11.2022 00:00 - 20.11.2022 01:00 (CET/CEST)","0","48","176"
"Italy (IT)","20.11.2022 01:00 - 20.11.2022 02:00 (CET/CEST)","0","547","192"
"Italy (IT)","20.11.2022 02:00 - 20.11.2022 03:00 (CET/CEST)","0","810","204"
"Italy (IT)","20.11.2022 03:00 - 20.11.2022 04:00 (CET/CEST)","0","805","112"
"Italy (IT)","20.11.2022 04:00 - 20.11.2022 05:00 (CET/CEST)","0","905","113"
"Italy (IT)","20.11.2022 05:00 - 20.11.2022 06:00 (CET/CEST)","82","674","209"
"Italy (IT)","20.11.2022 06:00 - 20.11.2022 07:00 (CET/CEST)","0","652","393"
"Italy (IT)","20.11.2022 07:00 - 20.11.2022 08:00 (CET/CEST)","45","2","485"
"Italy (IT)","20.11.2022 08:00 - 20.11.2022 09:00 (CET/CEST)","101","2","572"
"Italy (IT)","20.11.2022 09:00 - 20.11.2022 10:00 (CET/CEST)","97","9","508"
"Italy (IT)","20.11.2022 10:00 - 20.11.2022 11:00 (CET/CEST)","8","113","232"
"Italy (IT)","20.11.2022 11:00 - 20.11.2022 12:00 (CET/CEST)","9","416","260"
"Italy (IT)","20.11.2022 12:00 - 20.11.2022 13:00 (CET/CEST)","8","485","252"
"Italy (IT)","20.11.2022 13:00 - 20.11.2022 14:00 (CET/CEST)","8","445","212"
"Italy (IT)","20.11.2022 14:00 - 20.11.2022 15:00 (CET/CEST)","8","355","232"
"Italy (IT)","20.11.2022 15:00 - 20.11.2022 16:00 (CET/CEST)","8","337","331"
"Italy (IT)","20.11.2022 16:00 - 20.11.2022 17:00 (CET/CEST)","9","255","462"
"Italy (IT)","20.11.2022 17:00 - 20.11.2022 18:00 (CET/CEST)","879","1","770"
"Italy (IT)","20.11.2022 18:00 - 20.11.2022 19:00 (CET/CEST)","1325","147","887"
"Italy (IT)","20.11.2022 19:00 - 20.11.2022 20:00 (CET/CEST)","1029","25","730"
"Italy (IT)","20.11.2022 20:00 - 20.11.2022 21:00 (CET/CEST)","185","1","589"
"Italy (IT)","20.11.2022 21:00 - 20.11.2022 22:00 (CET/CEST)","51","2","369"
"Italy (IT)","20.11.2022 22:00 - 20.11.2022 23:00 (CET/CEST)","35","6","243"
"Italy (IT)","20.11.2022 23:00 - 21.11.2022 00:00 (CET/CEST)","8","237","199"
"Italy (IT)","21.11.2022 00:00 - 21.11.2022 01:00 (CET/CEST)","7","1050","176"
"Italy (IT)","21.11.2022 01:00 - 21.11.2022 02:00 (CET/CEST)","","1382","175"
"Italy (IT)","21.11.2022 02:00 - 21.11.2022 03:00 (CET/CEST)","","1213","174"
"Italy (IT)","21.11.2022 03:00 - 21.11.2022 04:00 (CET/CEST)","0","1109","176"
"Italy (IT)","21.11.2022 04:00 - 21.11.2022 05:00 (CET/CEST)","","1200","177"
"Italy (IT)","21.11.2022 05:00 - 21.11.2022 06:00 (CET/CEST)","","1408","183"
"Italy (IT)","21.11.2022 06:00 - 21.11.2022 07:00 (CET/CEST)","196","6","480"
"Italy (IT)","21.11.2022 07:00 - 21.11.2022 08:00 (CET/CEST)","837","2","750"
"Italy (IT)","21.11.2022 08:00 - 21.11.2022 09:00 (CET/CEST)","1912","2","832"
"Italy (IT)","21.11.2022 09:00 - 21.11.2022 10:00 (CET/CEST)","941","2","748"
"Italy (IT)","21.11.2022 10:00 - 21.11.2022 11:00 (CET/CEST)","22","142","476"
"Italy (IT)","21.11.2022 11:00 - 21.11.2022 12:00 (CET/CEST)","26","293","456"
"Italy (IT)","21.11.2022 12:00 - 21.11.2022 13:00 (CET/CEST)","","391","432"
"Italy (IT)","21.11.2022 13:00 - 21.11.2022 14:00 (CET/CEST)","136","310","454"
"Italy (IT)","21.11.2022 14:00 - 21.11.2022 15:00 (CET/CEST)","223","3","580"
"Italy (IT)","21.11.2022 15:00 - 21.11.2022 16:00 (CET/CEST)","690","1","724"
"Italy (IT)","21.11.2022 16:00 - 21.11.2022 17:00 (CET/CEST)","651","","703"
"Italy (IT)","21.11.2022 17:00 - 21.11.2022 18:00 (CET/CEST)","1167","1","763"
"Italy (IT)","21.11.2022 18:00 - 21.11.2022 19:00 (CET/CEST)","1246","1","699"
"Italy (IT)","21.11.2022 19:00 - 21.11.2022 20:00 (CET/CEST)","547","","621"
"Italy (IT)","21.11.2022 20:00 - 21.11.2022 21:00 (CET/CEST)","529","2","423"
"Italy (IT)","21.11.2022 21:00 - 21.11.2022 22:00 (CET/CEST)","543","2","387"
"Italy (IT)","21.11.2022 22:00 - 21.11.2022 23:00 (CET/CEST)","411","2","308"
"Italy (IT)","21.11.2022 23:00 - 22.11.2022 00:00 (CET/CEST)","297","2","231"
"Italy (IT)","22.11.2022 00:00 - 22.11.2022 01:00 (CET/CEST)","26","391","185"
"Italy (IT)","22.11.2022 01:00 - 22.11.2022 02:00 (CET/CEST)","","547","113"
"Italy (IT)","22.11.2022 02:00 - 22.11.2022 03:00 (CET/CEST)","","931","113"
"Italy (IT)","22.11.2022 03:00 - 22.11.2022 04:00 (CET/CEST)","","1127","113"
"Italy (IT)","22.11.2022 04:00 - 22.11.2022 05:00 (CET/CEST)","","1073","284"
"Italy (IT)","22.11.2022 05:00 - 22.11.2022 06:00 (CET/CEST)","","1062","202"
"Italy (IT)","22.11.2022 06:00 - 22.11.2022 07:00 (CET/CEST)","","1216","637"
"Italy (IT)","22.11.2022 07:00 - 22.11.2022 08:00 (CET/CEST)","","756","781"
"Italy (IT)","22.11.2022 08:00 - 22.11.2022 09:00 (CET/CEST)","345","252","612"
"Italy (IT)","22.11.2022 09:00 - 22.11.2022 10:00 (CET/CEST)","1093","269","893"
"Italy (IT)","22.11.2022 10:00 - 22.11.2022 11:00 (CET/CEST)","1332","178","775"
"Italy (IT)","22.11.2022 11:00 - 22.11.2022 12:00 (CET/CEST)","1131","418","906"
"Italy (IT)","22.11.2022 12:00 - 22.11.2022 13:00 (CET/CEST)","553","481","538"
"Italy (IT)","22.11.2022 13:00 - 22.11.2022 14:00 (CET/CEST)","0","626","460"
"Italy (IT)","22.11.2022 14:00 - 22.11.2022 15:00 (CET/CEST)","2","562","461"
"Italy (IT)","22.11.2022 15:00 - 22.11.2022 16:00 (CET/CEST)","21","485","488"
"Italy (IT)","22.11.2022 16:00 - 22.11.2022 17:00 (CET/CEST)","513","83","609"
"Italy (IT)","22.11.2022 17:00 - 22.11.2022 18:00 (CET/CEST)","856","172","911"
"Italy (IT)","22.11.2022 18:00 - 22.11.2022 19:00 (CET/CEST)","759","2","825"
"Italy (IT)","22.11.2022 19:00 - 22.11.2022 20:00 (CET/CEST)","529","3","795"
"Italy (IT)","22.11.2022 20:00 - 22.11.2022 21:00 (CET/CEST)","97","3","475"
"Italy (IT)","22.11.2022 21:00 - 22.11.2022 22:00 (CET/CEST)","7","146","389"
"Italy (IT)","22.11.2022 22:00 - 22.11.2022 23:00 (CET/CEST)","5","417","316"
"Italy (IT)","22.11.2022 23:00 - 23.11.2022 00:00 (CET/CEST)","1","319","208"
"Italy (IT)","23.11.2022 00:00 - 23.11.2022 01:00 (CET/CEST)","","712","112"
"Italy (IT)","23.11.2022 01:00 - 23.11.2022 02:00 (CET/CEST)","","1287","112"
"Italy (IT)","23.11.2022 02:00 - 23.11.2022 03:00 (CET/CEST)","","983","112"
"Italy (IT)","23.11.2022 03:00 - 23.11.2022 04:00 (CET/CEST)","","918","111"
"Italy (IT)","23.11.2022 04:00 - 23.11.2022 05:00 (CET/CEST)","0","1233","113"
"Italy (IT)","23.11.2022 05:00 - 23.11.2022 06:00 (CET/CEST)","0","777","113"
"Italy (IT)","23.11.2022 06:00 - 23.11.2022 07:00 (CET/CEST)","0","529","209"
"Italy (IT)","23.11.2022 07:00 - 23.11.2022 08:00 (CET/CEST)","204","1","719"
"Italy (IT)","23.11.2022 08:00 - 23.11.2022 09:00 (CET/CEST)","574","1","876"
"Italy (IT)","23.11.2022 09:00 - 23.11.2022 10:00 (CET/CEST)","442","1","853"
"Italy (IT)","23.11.2022 10:00 - 23.11.2022 11:00 (CET/CEST)","26","2","587"
"Italy (IT)","23.11.2022 11:00 - 23.11.2022 12:00 (CET/CEST)","0","2","448"
"Italy (IT)","23.11.2022 12:00 - 23.11.2022 13:00 (CET/CEST)","0","2","318"
"Italy (IT)","23.11.2022 13:00 - 23.11.2022 14:00 (CET/CEST)","0","108","335"
"Italy (IT)","23.11.2022 14:00 - 23.11.2022 15:00 (CET/CEST)","0","162","441"
"Italy (IT)","23.11.2022 15:00 - 23.11.2022 16:00 (CET/CEST)","0","162","581"
"Italy (IT)","23.11.2022 16:00 - 23.11.2022 17:00 (CET/CEST)","136","161","801"
"Italy (IT)","23.11.2022 17:00 - 23.11.2022 18:00 (CET/CEST)","1221","82","1171"
"Italy (IT)","23.11.2022 18:00 - 23.11.2022 19:00 (CET/CEST)","1093","2","891"
"Italy (IT)","23.11.2022 19:00 - 23.11.2022 20:00 (CET/CEST)","1306","2","723"
"Italy (IT)","23.11.2022 20:00 - 23.11.2022 21:00 (CET/CEST)","1077","2","673"
"Italy (IT)","23.11.2022 21:00 - 23.11.2022 22:00 (CET/CEST)","411","2","636"
"Italy (IT)","23.11.2022 22:00 - 23.11.2022 23:00 (CET/CEST)","242","157","385"
"Italy (IT)","23.11.2022 23:00 - 24.11.2022 00:00 (CET/CEST)","0","161","352"
"Italy (IT)","24.11.2022 00:00 - 24.11.2022 01:00 (CET/CEST)","0","57","248"
"Italy (IT)","24.11.2022 01:00 - 24.11.2022 02:00 (CET/CEST)","0","263","215"
"Italy (IT)","24.11.2022 02:00 - 24.11.2022 03:00 (CET/CEST)","0","523","233"
"Italy (IT)","24.11.2022 03:00 - 24.11.2022 04:00 (CET/CEST)","0","714","207"
"Italy (IT)","24.11.2022 04:00 - 24.11.2022 05:00 (CET/CEST)","0","632","199"
"Italy (IT)","24.11.2022 05:00 - 24.11.2022 06:00 (CET/CEST)","0","468","229"
"Italy (IT)","24.11.2022 06:00 - 24.11.2022 07:00 (CET/CEST)","0","34","352"
"Italy (IT)","24.11.2022 07:00 - 24.11.2022 08:00 (CET/CEST)","12","17","679"
"Italy (IT)","24.11.2022 08:00 - 24.11.2022 09:00 (CET/CEST)","870","143","687"
"Italy (IT)","24.11.2022 09:00 - 24.11.2022 10:00 (CET/CEST)","360","161","538"
"Italy (IT)","24.11.2022 10:00 - 24.11.2022 11:00 (CET/CEST)","1","161","451"
"Italy (IT)","24.11.2022 11:00 - 24.11.2022 12:00 (CET/CEST)","0","162","402"
"Italy (IT)","24.11.2022 12:00 - 24.11.2022 13:00 (CET/CEST)","0","162","353"
"Italy (IT)","24.11.2022 13:00 - 24.11.2022 14:00 (CET/CEST)","","425","352"
"Italy (IT)","24.11.2022 14:00 - 24.11.2022 15:00 (CET/CEST)","0","197","518"
"Italy (IT)","24.11.2022 15:00 - 24.11.2022 16:00 (CET/CEST)","166","160","1109"
"Italy (IT)","24.11.2022 16:00 - 24.11.2022 17:00 (CET/CEST)","1002","60","1285"
"Italy (IT)","24.11.2022 17:00 - 24.11.2022 18:00 (CET/CEST)","1777","","1195"
"Italy (IT)","24.11.2022 18:00 - 24.11.2022 19:00 (CET/CEST)","1180","","720"
"Italy (IT)","24.11.2022 19:00 - 24.11.2022 20:00 (CET/CEST)","671","","747"
"Italy (IT)","24.11.2022 20:00 - 24.11.2022 21:00 (CET/CEST)","529","","590"
"Italy (IT)","24.11.2022 21:00 - 24.11.2022 22:00 (CET/CEST)","244","1","494"
"Italy (IT)","24.11.2022 22:00 - 24.11.2022 23:00 (CET/CEST)","156","1","349"
"Italy (IT)","24.11.2022 23:00 - 25.11.2022 00:00 (CET/CEST)","124","1","330"
"Italy (IT)","25.11.2022 00:00 - 25.11.2022 01:00 (CET/CEST)","0","40","284"
"Italy (IT)","25.11.2022 01:00 - 25.11.2022 02:00 (CET/CEST)","0","437","282"
"Italy (IT)","25.11.2022 02:00 - 25.11.2022 03:00 (CET/CEST)","0","54","175"
"Italy (IT)","25.11.2022 03:00 - 25.11.2022 04:00 (CET/CEST)","0","55","173"
"Italy (IT)","25.11.2022 04:00 - 25.11.2022 05:00 (CET/CEST)","0","230","175"
"Italy (IT)","25.11.2022 05:00 - 25.11.2022 06:00 (CET/CEST)","0","27","225"
"Italy (IT)","25.11.2022 06:00 - 25.11.2022 07:00 (CET/CEST)","0","1","332"
"Italy (IT)","25.11.2022 07:00 - 25.11.2022 08:00 (CET/CEST)","9","1","547"
"Italy (IT)","25.11.2022 08:00 - 25.11.2022 09:00 (CET/CEST)","357","1","829"
"Italy (IT)","25.11.2022 09:00 - 25.11.2022 10:00 (CET/CEST)","394","53","756"
"Italy (IT)","25.11.2022 10:00 - 25.11.2022 11:00 (CET/CEST)","106","149","542"
"Italy (IT)","25.11.2022 11:00 - 25.11.2022 12:00 (CET/CEST)","130","162","499"
"Italy (IT)","25.11.2022 12:00 - 25.11.2022 13:00 (CET/CEST)","0","281","412"
"Italy (IT)","25.11.2022 13:00 - 25.11.2022 14:00 (CET/CEST)","","272","409"
"Italy (IT)","25.11.2022 14:00 - 25.11.2022 15:00 (CET/CEST)","0","162","498"
"Italy (IT)","25.11.2022 15:00 - 25.11.2022 16:00 (CET/CEST)","12","76","739"
"Italy (IT)","25.11.2022 16:00 - 25.11.2022 17:00 (CET/CEST)","293","1","749"
"Italy (IT)","25.11.2022 17:00 - 25.11.2022 18:00 (CET/CEST)","521","","973"
"Italy (IT)","25.11.2022 18:00 - 25.11.2022 19:00 (CET/CEST)","388","","898"
"Italy (IT)","25.11.2022 19:00 - 25.11.2022 20:00 (CET/CEST)","651","1","779"
"Italy (IT)","25.11.2022 20:00 - 25.11.2022 21:00 (CET/CEST)","467","1","594"
"Italy (IT)","25.11.2022 21:00 - 25.11.2022 22:00 (CET/CEST)","158","1","547"
"Italy (IT)","25.11.2022 22:00 - 25.11.2022 23:00 (CET/CEST)","148","1","440"
"Italy (IT)","25.11.2022 23:00 - 26.11.2022 00:00 (CET/CEST)","251","69","366"
"Italy (IT)","26.11.2022 00:00 - 26.11.2022 01:00 (CET/CEST)","723","139","463"
"Italy (IT)","26.11.2022 01:00 - 26.11.2022 02:00 (CET/CEST)","150","60","495"
"Italy (IT)","26.11.2022 02:00 - 26.11.2022 03:00 (CET/CEST)","5","134","294"
"Italy (IT)","26.11.2022 03:00 - 26.11.2022 04:00 (CET/CEST)","5","220","216"
"Italy (IT)","26.11.2022 04:00 - 26.11.2022 05:00 (CET/CEST)","5","347","257"
"Italy (IT)","26.11.2022 05:00 - 26.11.2022 06:00 (CET/CEST)","5","238","223"
"Italy (IT)","26.11.2022 06:00 - 26.11.2022 07:00 (CET/CEST)","63","160","374"
"Italy (IT)","26.11.2022 07:00 - 26.11.2022 08:00 (CET/CEST)","58","160","620"
"Italy (IT)","26.11.2022 08:00 - 26.11.2022 09:00 (CET/CEST)","317","160","638"
"Italy (IT)","26.11.2022 09:00 - 26.11.2022 10:00 (CET/CEST)","376","160","563"
"Italy (IT)","26.11.2022 10:00 - 26.11.2022 11:00 (CET/CEST)","450","160","684"
"Italy (IT)","26.11.2022 11:00 - 26.11.2022 12:00 (CET/CEST)","534","160","599"
"Italy (IT)","26.11.2022 12:00 - 26.11.2022 13:00 (CET/CEST)","253","159","538"
"Italy (IT)","26.11.2022 13:00 - 26.11.2022 14:00 (CET/CEST)","65","159","381"
"Italy (IT)","26.11.2022 14:00 - 26.11.2022 15:00 (CET/CEST)","24","159","351"
"Italy (IT)","26.11.2022 15:00 - 26.11.2022 16:00 (CET/CEST)","30","159","402"
"Italy (IT)","26.11.2022 16:00 - 26.11.2022 17:00 (CET/CEST)","280","159","720"
"Italy (IT)","26.11.2022 17:00 - 26.11.2022 18:00 (CET/CEST)","671","6","907"
"Italy (IT)","26.11.2022 18:00 - 26.11.2022 19:00 (CET/CEST)","715","","923"
"Italy (IT)","26.11.2022 19:00 - 26.11.2022 20:00 (CET/CEST)","662","","941"
"Italy (IT)","26.11.2022 20:00 - 26.11.2022 21:00 (CET/CEST)","283","","871"
"Italy (IT)","26.11.2022 21:00 - 26.11.2022 22:00 (CET/CEST)","107","","624"
"Italy (IT)","26.11.2022 22:00 - 26.11.2022 23:00 (CET/CEST)","75","16","410"
"Italy (IT)","26.11.2022 23:00 - 27.11.2022 00:00 (CET/CEST)","82","21","337"
"Italy (IT)","27.11.2022 00:00 - 27.11.2022 01:00 (CET/CEST)","25","84","200"
"Italy (IT)","27.11.2022 01:00 - 27.11.2022 02:00 (CET/CEST)","","507","211"
"Italy (IT)","27.11.2022 02:00 - 27.11.2022 03:00 (CET/CEST)","","807","209"
"Italy (IT)","27.11.2022 03:00 - 27.11.2022 04:00 (CET/CEST)","","806","320"
"Italy (IT)","27.11.2022 04:00 - 27.11.2022 05:00 (CET/CEST)","","835","290"
"Italy (IT)","27.11.2022 05:00 - 27.11.2022 06:00 (CET/CEST)","","840","286"
"Italy (IT)","27.11.2022 06:00 - 27.11.2022 07:00 (CET/CEST)","","724","411"
"Italy (IT)","27.11.2022 07:00 - 27.11.2022 08:00 (CET/CEST)","","559","550"
"Italy (IT)","27.11.2022 08:00 - 27.11.2022 09:00 (CET/CEST)","","374","517"
"Italy (IT)","27.11.2022 09:00 - 27.11.2022 10:00 (CET/CEST)","36","160","523"
"Italy (IT)","27.11.2022 10:00 - 27.11.2022 11:00 (CET/CEST)","37","175","424"
"Italy (IT)","27.11.2022 11:00 - 27.11.2022 12:00 (CET/CEST)","37","371","364"
"Italy (IT)","27.11.2022 12:00 - 27.11.2022 13:00 (CET/CEST)","38","534","326"
"Italy (IT)","27.11.2022 13:00 - 27.11.2022 14:00 (CET/CEST)","37","178","235"
"Italy (IT)","27.11.2022 14:00 - 27.11.2022 15:00 (CET/CEST)","57","437","285"
"Italy (IT)","27.11.2022 15:00 - 27.11.2022 16:00 (CET/CEST)","1212","305","548"
"Italy (IT)","27.11.2022 16:00 - 27.11.2022 17:00 (CET/CEST)","1155","55","622"
"Italy (IT)","27.11.2022 17:00 - 27.11.2022 18:00 (CET/CEST)","1019","","592"
"Italy (IT)","27.11.2022 18:00 - 27.11.2022 19:00 (CET/CEST)","859","","716"
"Italy (IT)","27.11.2022 19:00 - 27.11.2022 20:00 (CET/CEST)","1446","","956"
"Italy (IT)","27.11.2022 20:00 - 27.11.2022 21:00 (CET/CEST)","1683","","896"
"Italy (IT)","27.11.2022 21:00 - 27.11.2022 22:00 (CET/CEST)","833","","752"
"Italy (IT)","27.11.2022 22:00 - 27.11.2022 23:00 (CET/CEST)","268","1","652"
"Italy (IT)","27.11.2022 23:00 - 28.11.2022 00:00 (CET/CEST)","189","","335"
"Italy (IT)","28.11.2022 00:00 - 28.11.2022 01:00 (CET/CEST)","128","271","285"
"Italy (IT)","28.11.2022 01:00 - 28.11.2022 02:00 (CET/CEST)","67","903","212"
"Italy (IT)","28.11.2022 02:00 - 28.11.2022 03:00 (CET/CEST)","52","1270","210"
"Italy (IT)","28.11.2022 03:00 - 28.11.2022 04:00 (CET/CEST)","0","1283","210"
"Italy (IT)","28.11.2022 04:00 - 28.11.2022 05:00 (CET/CEST)","0","1280","209"
"Italy (IT)","28.11.2022 05:00 - 28.11.2022 06:00 (CET/CEST)","0","1037","274"
"Italy (IT)","28.11.2022 06:00 - 28.11.2022 07:00 (CET/CEST)","55","280","325"
"Italy (IT)","28.11.2022 07:00 - 28.11.2022 08:00 (CET/CEST)","272","","603"
"Italy (IT)","28.11.2022 08:00 - 28.11.2022 09:00 (CET/CEST)","329","","989"
"Italy (IT)","28.11.2022 09:00 - 28.11.2022 10:00 (CET/CEST)","329","","805"
"Italy (IT)","28.11.2022 10:00 - 28.11.2022 11:00 (CET/CEST)","329","","715"
"Italy (IT)","28.11.2022 11:00 - 28.11.2022 12:00 (CET/CEST)","324","","866"
"Italy (IT)","28.11.2022 12:00 - 28.11.2022 13:00 (CET/CEST)","457","81","924"
"Italy (IT)","28.11.2022 13:00 - 28.11.2022 14:00 (CET/CEST)","304","81","613"
"Italy (IT)","28.11.2022 14:00 - 28.11.2022 15:00 (CET/CEST)","68","60","661"
"Italy (IT)","28.11.2022 15:00 - 28.11.2022 16:00 (CET/CEST)","183","","886"
"Italy (IT)","28.11.2022 16:00 - 28.11.2022 17:00 (CET/CEST)","242","","942"
"Italy (IT)","28.11.2022 17:00 - 28.11.2022 18:00 (CET/CEST)","730","","898"
"Italy (IT)","28.11.2022 18:00 - 28.11.2022 19:00 (CET/CEST)","762","","762"
"Italy (IT)","28.11.2022 19:00 - 28.11.2022 20:00 (CET/CEST)","804","","755"
"Italy (IT)","28.11.2022 20:00 - 28.11.2022 21:00 (CET/CEST)","312","","620"
"Italy (IT)","28.11.2022 21:00 - 28.11.2022 22:00 (CET/CEST)","100","","418"
"Italy (IT)","28.11.2022 22:00 - 28.11.2022 23:00 (CET/CEST)","66","","310"
"Italy (IT)","28.11.2022 23:00 - 29.11.2022 00:00 (CET/CEST)","24","242","310"
"Italy (IT)","29.11.2022 00:00 - 29.11.2022 01:00 (CET/CEST)","24","969","260"
"Italy (IT)","29.11.2022 01:00 - 29.11.2022 02:00 (CET/CEST)","24","1252","182"
"Italy (IT)","29.11.2022 02:00 - 29.11.2022 03:00 (CET/CEST)","","1568","125"
"Italy (IT)","29.11.2022 03:00 - 29.11.2022 04:00 (CET/CEST)","","1465","125"
"Italy (IT)","29.11.2022 04:00 - 29.11.2022 05:00 (CET/CEST)","24","1244","124"
"Italy (IT)","29.11.2022 05:00 - 29.11.2022 06:00 (CET/CEST)","24","1080","250"
"Italy (IT)","29.11.2022 06:00 - 29.11.2022 07:00 (CET/CEST)","24","161","394"
"Italy (IT)","29.11.2022 07:00 - 29.11.2022 08:00 (CET/CEST)","135","","684"
"Italy (IT)","29.11.2022 08:00 - 29.11.2022 09:00 (CET/CEST)","505","","900"
"Italy (IT)","29.11.2022 09:00 - 29.11.2022 10:00 (CET/CEST)","685","","1005"
"Italy (IT)","29.11.2022 10:00 - 29.11.2022 11:00 (CET/CEST)","335","22","816"
"Italy (IT)","29.11.2022 11:00 - 29.11.2022 12:00 (CET/CEST)","352","81","745"
"Italy (IT)","29.11.2022 12:00 - 29.11.2022 13:00 (CET/CEST)","154","60","647"
"Italy (IT)","29.11.2022 13:00 - 29.11.2022 14:00 (CET/CEST)","83","3","543"
"Italy (IT)","29.11.2022 14:00 - 29.11.2022 15:00 (CET/CEST)","131","","756"
"Italy (IT)","29.11.2022 15:00 - 29.11.2022 16:00 (CET/CEST)","247","","702"
"Italy (IT)","29.11.2022 16:00 - 29.11.2022 17:00 (CET/CEST)","677","","771"
"Italy (IT)","29.11.2022 17:00 - 29.11.2022 18:00 (CET/CEST)","1089","","1016"
"Italy (IT)","29.11.2022 18:00 - 29.11.2022 19:00 (CET/CEST)","1033","","1069"
"Italy (IT)","29.11.2022 19:00 - 29.11.2022 20:00 (CET/CEST)","800","","920"
"Italy (IT)","29.11.2022 20:00 - 29.11.2022 21:00 (CET/CEST)","378","","559"
"Italy (IT)","29.11.2022 21:00 - 29.11.2022 22:00 (CET/CEST)","301","","574"
"Italy (IT)","29.11.2022 22:00 - 29.11.2022 23:00 (CET/CEST)","312","","613"
"Italy (IT)","29.11.2022 23:00 - 30.11.2022 00:00 (CET/CEST)","49","329","540"
"Italy (IT)","30.11.2022 00:00 - 30.11.2022 01:00 (CET/CEST)","28","721","203"
"Italy (IT)","30.11.2022 01:00 - 30.11.2022 02:00 (CET/CEST)","29","993","201"
"Italy (IT)","30.11.2022 02:00 - 30.11.2022 03:00 (CET/CEST)","25","1495","201"
"Italy (IT)","30.11.2022 03:00 - 30.11.2022 04:00 (CET/CEST)","0","1502","201"
"Italy (IT)","30.11.2022 04:00 - 30.11.2022 05:00 (CET/CEST)","28","1269","201"
"Italy (IT)","30.11.2022 05:00 - 30.11.2022 06:00 (CET/CEST)","29","877","212"
"Italy (IT)","30.11.2022 06:00 - 30.11.2022 07:00 (CET/CEST)","29","105","451"
"Italy (IT)","30.11.2022 07:00 - 30.11.2022 08:00 (CET/CEST)","59","80","682"
"Italy (IT)","30.11.2022 08:00 - 30.11.2022 09:00 (CET/CEST)","407","","704"
"Italy (IT)","30.11.2022 09:00 - 30.11.2022 10:00 (CET/CEST)","311","15","729"
"Italy (IT)","30.11.2022 10:00 - 30.11.2022 11:00 (CET/CEST)","286","81","664"
"Italy (IT)","30.11.2022 11:00 - 30.11.2022 12:00 (CET/CEST)","193","81","649"
"Italy (IT)","30.11.2022 12:00 - 30.11.2022 13:00 (CET/CEST)","103","81","565"
"Italy (IT)","30.11.2022 13:00 - 30.11.2022 14:00 (CET/CEST)","260","81","653"
"Italy (IT)","30.11.2022 14:00 - 30.11.2022 15:00 (CET/CEST)","580","81","937"
"Italy (IT)","30.11.2022 15:00 - 30.11.2022 16:00 (CET/CEST)","595","16","1018"
"Italy (IT)","30.11.2022 16:00 - 30.11.2022 17:00 (CET/CEST)","448","","733"
"Italy (IT)","30.11.2022 17:00 - 30.11.2022 18:00 (CET/CEST)","1042","","854"
"Italy (IT)","30.11.2022 18:00 - 30.11.2022 19:00 (CET/CEST)","973","","915"
"Italy (IT)","30.11.2022 19:00 - 30.11.2022 20:00 (CET/CEST)","854","","683"
"Italy (IT)","30.11.2022 20:00 - 30.11.2022 21:00 (CET/CEST)","344","","529"
"Italy (IT)","30.11.2022 21:00 - 30.11.2022 22:00 (CET/CEST)","173","","367"
"Italy (IT)","30.11.2022 22:00 - 30.11.2022 23:00 (CET/CEST)","73","1","238"
"Italy (IT)","30.11.2022 23:00 - 01.12.2022 00:00 (CET/CEST)","23","268","232"
"Italy (IT)","01.12.2022 00:00 - 01.12.2022 01:00 (CET/CEST)","24","359","189"
"Italy (IT)","01.12.2022 01:00 - 01.12.2022 02:00 (CET/CEST)","24","739","186"
"Italy (IT)","01.12.2022 02:00 - 01.12.2022 03:00 (CET/CEST)","","840","172"
"Italy (IT)","01.12.2022 03:00 - 01.12.2022 04:00 (CET/CEST)","","827","110"
"Italy (IT)","01.12.2022 04:00 - 01.12.2022 05:00 (CET/CEST)","0","536","127"
"Italy (IT)","01.12.2022 05:00 - 01.12.2022 06:00 (CET/CEST)","0","532","204"
"Italy (IT)","01.12.2022 06:00 - 01.12.2022 07:00 (CET/CEST)","0","301","270"
"Italy (IT)","01.12.2022 07:00 - 01.12.2022 08:00 (CET/CEST)","75","27","620"
"Italy (IT)","01.12.2022 08:00 - 01.12.2022 09:00 (CET/CEST)","268","","675"
"Italy (IT)","01.12.2022 09:00 - 01.12.2022 10:00 (CET/CEST)","293","","654"
"Italy (IT)","01.12.2022 10:00 - 01.12.2022 11:00 (CET/CEST)","235","49","469"
"Italy (IT)","01.12.2022 11:00 - 01.12.2022 12:00 (CET/CEST)","209","81","457"
"Italy (IT)","01.12.2022 12:00 - 01.12.2022 13:00 (CET/CEST)","142","81","457"
"Italy (IT)","01.12.2022 13:00 - 01.12.2022 14:00 (CET/CEST)","144","81","450"
"Italy (IT)","01.12.2022 14:00 - 01.12.2022 15:00 (CET/CEST)","188","14","501"
"Italy (IT)","01.12.2022 15:00 - 01.12.2022 16:00 (CET/CEST)","431","78","741"
"Italy (IT)","01.12.2022 16:00 - 01.12.2022 17:00 (CET/CEST)","540","81","749"
"Italy (IT)","01.12.2022 17:00 - 01.12.2022 18:00 (CET/CEST)","637","81","1078"
"Italy (IT)","01.12.2022 18:00 - 01.12.2022 19:00 (CET/CEST)","636","81","800"
"Italy (IT)","01.12.2022 19:00 - 01.12.2022 20:00 (CET/CEST)","604","81","594"
"Italy (IT)","01.12.2022 20:00 - 01.12.2022 21:00 (CET/CEST)","801","81","592"
"Italy (IT)","01.12.2022 21:00 - 01.12.2022 22:00 (CET/CEST)","713","94","586"
"Italy (IT)","01.12.2022 22:00 - 01.12.2022 23:00 (CET/CEST)","38","160","283"
"Italy (IT)","01.12.2022 23:00 - 02.12.2022 00:00 (CET/CEST)","24","126","258"
"Italy (IT)","02.12.2022 00:00 - 02.12.2022 01:00 (CET/CEST)","24","1","137"
"Italy (IT)","02.12.2022 01:00 - 02.12.2022 02:00 (CET/CEST)","24","446","144"
"Italy (IT)","02.12.2022 02:00 - 02.12.2022 03:00 (CET/CEST)","24","496","143"
"Italy (IT)","02.12.2022 03:00 - 02.12.2022 04:00 (CET/CEST)","24","496","143"
"Italy (IT)","02.12.2022 04:00 - 02.12.2022 05:00 (CET/CEST)","24","493","151"
"Italy (IT)","02.12.2022 05:00 - 02.12.2022 06:00 (CET/CEST)","23","274","152"
"Italy (IT)","02.12.2022 06:00 - 02.12.2022 07:00 (CET/CEST)","29","80","247"
"Italy (IT)","02.12.2022 07:00 - 02.12.2022 08:00 (CET/CEST)","62","21","679"
"Italy (IT)","02.12.2022 08:00 - 02.12.2022 09:00 (CET/CEST)","322","","814"
"Italy (IT)","02.12.2022 09:00 - 02.12.2022 10:00 (CET/CEST)","299","","732"
"Italy (IT)","02.12.2022 10:00 - 02.12.2022 11:00 (CET/CEST)","93","","618"
"Italy (IT)","02.12.2022 11:00 - 02.12.2022 12:00 (CET/CEST)","135","","907"
"Italy (IT)","02.12.2022 12:00 - 02.12.2022 13:00 (CET/CEST)","118","","863"
"Italy (IT)","02.12.2022 13:00 - 02.12.2022 14:00 (CET/CEST)","70","","919"
"Italy (IT)","02.12.2022 14:00 - 02.12.2022 15:00 (CET/CEST)","100","","1008"
"Italy (IT)","02.12.2022 15:00 - 02.12.2022 16:00 (CET/CEST)","404","","941"
"Italy (IT)","02.12.2022 16:00 - 02.12.2022 17:00 (CET/CEST)","572","","905"
"Italy (IT)","02.12.2022 17:00 - 02.12.2022 18:00 (CET/CEST)","707","","1031"
"Italy (IT)","02.12.2022 18:00 - 02.12.2022 19:00 (CET/CEST)","525","","622"
"Italy (IT)","02.12.2022 19:00 - 02.12.2022 20:00 (CET/CEST)","525","","647"
"Italy (IT)","02.12.2022 20:00 - 02.12.2022 21:00 (CET/CEST)","423","","569"
"Italy (IT)","02.12.2022 21:00 - 02.12.2022 22:00 (CET/CEST)","201","","310"
"Italy (IT)","02.12.2022 22:00 - 02.12.2022 23:00 (CET/CEST)","92","","284"
"Italy (IT)","02.12.2022 23:00 - 03.12.2022 00:00 (CET/CEST)","48","57","166"
"Italy (IT)","03.12.2022 00:00 - 03.12.2022 01:00 (CET/CEST)","0","107","85"
"Italy (IT)","03.12.2022 01:00 - 03.12.2022 02:00 (CET/CEST)","0","156","56"
"Italy (IT)","03.12.2022 02:00 - 03.12.2022 03:00 (CET/CEST)","0","155","55"
"Italy (IT)","03.12.2022 03:00 - 03.12.2022 04:00 (CET/CEST)","0","603","55"
"Italy (IT)","03.12.2022 04:00 - 03.12.2022 05:00 (CET/CEST)","0","818","55"
"Italy (IT)","03.12.2022 05:00 - 03.12.2022 06:00 (CET/CEST)","0","833","55"
"Italy (IT)","03.12.2022 06:00 - 03.12.2022 07:00 (CET/CEST)","0","102","70"
"Italy (IT)","03.12.2022 07:00 - 03.12.2022 08:00 (CET/CEST)","34","1","229"
"Italy (IT)","03.12.2022 08:00 - 03.12.2022 09:00 (CET/CEST)","208","","545"
"Italy (IT)","03.12.2022 09:00 - 03.12.2022 10:00 (CET/CEST)","321","","655"
"Italy (IT)","03.12.2022 10:00 - 03.12.2022 11:00 (CET/CEST)","337","","572"
"Italy (IT)","03.12.2022 11:00 - 03.12.2022 12:00 (CET/CEST)","319","","457"
"Italy (IT)","03.12.2022 12:00 - 03.12.2022 13:00 (CET/CEST)","179","63","469"
"Italy (IT)","03.12.2022 13:00 - 03.12.2022 14:00 (CET/CEST)","188","129","459"
"Italy (IT)","03.12.2022 14:00 - 03.12.2022 15:00 (CET/CEST)","238","120","377"
"Italy (IT)","03.12.2022 15:00 - 03.12.2022 16:00 (CET/CEST)","76","34","354"
"Italy (IT)","03.12.2022 16:00 - 03.12.2022 17:00 (CET/CEST)","472","","608"
"Italy (IT)","03.12.2022 17:00 - 03.12.2022 18:00 (CET/CEST)","663","","966"
"Italy (IT)","03.12.2022 18:00 - 03.12.2022 19:00 (CET/CEST)","397","","716"
"Italy (IT)","03.12.2022 19:00 - 03.12.2022 20:00 (CET/CEST)","370","","561"
"Italy (IT)","03.12.2022 20:00 - 03.12.2022 21:00 (CET/CEST)","211","","273"
"Italy (IT)","03.12.2022 21:00 - 03.12.2022 22:00 (CET/CEST)","178","197","116"
"Italy (IT)","03.12.2022 22:00 - 03.12.2022 23:00 (CET/CEST)","91","198","62"
"Italy (IT)","03.12.2022 23:00 - 04.12.2022 00:00 (CET/CEST)","0","81","85"
"Italy (IT)","04.12.2022 00:00 - 04.12.2022 01:00 (CET/CEST)","0","93","115"
"Italy (IT)","04.12.2022 01:00 - 04.12.2022 02:00 (CET/CEST)","0","232","44"
"Italy (IT)","04.12.2022 02:00 - 04.12.2022 03:00 (CET/CEST)","0","340","45"
"Italy (IT)","04.12.2022 03:00 - 04.12.2022 04:00 (CET/CEST)","0","777","46"
"Italy (IT)","04.12.2022 04:00 - 04.12.2022 05:00 (CET/CEST)","0","1177","45"
"Italy (IT)","04.12.2022 05:00 - 04.12.2022 06:00 (CET/CEST)","0","1205","52"
"Italy (IT)","04.12.2022 06:00 - 04.12.2022 07:00 (CET/CEST)","0","1108","49"
"Italy (IT)","04.12.2022 07:00 - 04.12.2022 08:00 (CET/CEST)","6","579","96"
"Italy (IT)","04.12.2022 08:00 - 04.12.2022 09:00 (CET/CEST)","7","619","98"
"Italy (IT)","04.12.2022 09:00 - 04.12.2022 10:00 (CET/CEST)","195","159","347"
"Italy (IT)","04.12.2022 10:00 - 04.12.2022 11:00 (CET/CEST)","137","159","262"
"Italy (IT)","04.12.2022 11:00 - 04.12.2022 12:00 (CET/CEST)","62","159","421"
"Italy (IT)","04.12.2022 12:00 - 04.12.2022 13:00 (CET/CEST)","50","159","544"
"Italy (IT)","04.12.2022 13:00 - 04.12.2022 14:00 (CET/CEST)","70","159","333"
"Italy (IT)","04.12.2022 14:00 - 04.12.2022 15:00 (CET/CEST)","37","158","351"
"Italy (IT)","04.12.2022 15:00 - 04.12.2022 16:00 (CET/CEST)","26","101","463"
"Italy (IT)","04.12.2022 16:00 - 04.12.2022 17:00 (CET/CEST)","205","","617"
"Italy (IT)","04.12.2022 17:00 - 04.12.2022 18:00 (CET/CEST)","875","","720"
"Italy (IT)","04.12.2022 18:00 - 04.12.2022 19:00 (CET/CEST)","1364","","940"
"Italy (IT)","04.12.2022 19:00 - 04.12.2022 20:00 (CET/CEST)","1399","1","797"
"Italy (IT)","04.12.2022 20:00 - 04.12.2022 21:00 (CET/CEST)","1222","1","660"
"Italy (IT)","04.12.2022 21:00 - 04.12.2022 22:00 (CET/CEST)","85","1","322"
"Italy (IT)","04.12.2022 22:00 - 04.12.2022 23:00 (CET/CEST)","25","6","300"
"Italy (IT)","04.12.2022 23:00 - 05.12.2022 00:00 (CET/CEST)","1","7","216"
"Italy (IT)","05.12.2022 00:00 - 05.12.2022 01:00 (CET/CEST)","197","1","94"
"Italy (IT)","05.12.2022 01:00 - 05.12.2022 02:00 (CET/CEST)","0","71","98"
"Italy (IT)","05.12.2022 02:00 - 05.12.2022 03:00 (CET/CEST)","0","109","98"
"Italy (IT)","05.12.2022 03:00 - 05.12.2022 04:00 (CET/CEST)","0","1142","98"
"Italy (IT)","05.12.2022 04:00 - 05.12.2022 05:00 (CET/CEST)","0","177","98"
"Italy (IT)","05.12.2022 05:00 - 05.12.2022 06:00 (CET/CEST)","0","209","102"
"Italy (IT)","05.12.2022 06:00 - 05.12.2022 07:00 (CET/CEST)","165","6","539"
"Italy (IT)","05.12.2022 07:00 - 05.12.2022 08:00 (CET/CEST)","838","1","648"
"Italy (IT)","05.12.2022 08:00 - 05.12.2022 09:00 (CET/CEST)","954","","767"
"Italy (IT)","05.12.2022 09:00 - 05.12.2022 10:00 (CET/CEST)","431","2","703"
"Italy (IT)","05.12.2022 10:00 - 05.12.2022 11:00 (CET/CEST)","311","80","561"
"Italy (IT)","05.12.2022 11:00 - 05.12.2022 12:00 (CET/CEST)","55","80","539"
"Italy (IT)","05.12.2022 12:00 - 05.12.2022 13:00 (CET/CEST)","352","80","558"
"Italy (IT)","05.12.2022 13:00 - 05.12.2022 14:00 (CET/CEST)","232","80","559"
"Italy (IT)","05.12.2022 14:00 - 05.12.2022 15:00 (CET/CEST)","195","80","585"
"Italy (IT)","05.12.2022 15:00 - 05.12.2022 16:00 (CET/CEST)","213","77","478"
"Italy (IT)","05.12.2022 16:00 - 05.12.2022 17:00 (CET/CEST)","345","","620"
"Italy (IT)","05.12.2022 17:00 - 05.12.2022 18:00 (CET/CEST)","635","","664"
"Italy (IT)","05.12.2022 18:00 - 05.12.2022 19:00 (CET/CEST)","917","","729"
"Italy (IT)","05.12.2022 19:00 - 05.12.2022 20:00 (CET/CEST)","696","","578"
"Italy (IT)","05.12.2022 20:00 - 05.12.2022 21:00 (CET/CEST)","463","","649"
"Italy (IT)","05.12.2022 21:00 - 05.12.2022 22:00 (CET/CEST)","104","1","624"
"Italy (IT)","05.12.2022 22:00 - 05.12.2022 23:00 (CET/CEST)","113","73","368"
"Italy (IT)","05.12.2022 23:00 - 06.12.2022 00:00 (CET/CEST)","0","684","198"
"Italy (IT)","06.12.2022 00:00 - 06.12.2022 01:00 (CET/CEST)","0","992","95"
"Italy (IT)","06.12.2022 01:00 - 06.12.2022 02:00 (CET/CEST)","0","1026","95"
"Italy (IT)","06.12.2022 02:00 - 06.12.2022 03:00 (CET/CEST)","0","1025","95"
"Italy (IT)","06.12.2022 03:00 - 06.12.2022 04:00 (CET/CEST)","0","1031","95"
"Italy (IT)","06.12.2022 04:00 - 06.12.2022 05:00 (CET/CEST)","0","1309","95"
"Italy (IT)","06.12.2022 05:00 - 06.12.2022 06:00 (CET/CEST)","0","1017","97"
"Italy (IT)","06.12.2022 06:00 - 06.12.2022 07:00 (CET/CEST)","0","254","354"
"Italy (IT)","06.12.2022 07:00 - 06.12.2022 08:00 (CET/CEST)","267","1","507"
"Italy (IT)","06.12.2022 08:00 - 06.12.2022 09:00 (CET/CEST)","817","","754"
"Italy (IT)","06.12.2022 09:00 - 06.12.2022 10:00 (CET/CEST)","753","","880"
"Italy (IT)","06.12.2022 10:00 - 06.12.2022 11:00 (CET/CEST)","358","","717"
"Italy (IT)","06.12.2022 11:00 - 06.12.2022 12:00 (CET/CEST)","187","1","635"
"Italy (IT)","06.12.2022 12:00 - 06.12.2022 13:00 (CET/CEST)","149","","612"
"Italy (IT)","06.12.2022 13:00 - 06.12.2022 14:00 (CET/CEST)","168","","603"
"Italy (IT)","06.12.2022 14:00 - 06.12.2022 15:00 (CET/CEST)","177","","672"
"Italy (IT)","06.12.2022 15:00 - 06.12.2022 16:00 (CET/CEST)","413","","750"
"Italy (IT)","06.12.2022 16:00 - 06.12.2022 17:00 (CET/CEST)","316","","765"
"Italy (IT)","06.12.2022 17:00 - 06.12.2022 18:00 (CET/CEST)","678","","1034"
"Italy (IT)","06.12.2022 18:00 - 06.12.2022 19:00 (CET/CEST)","570","","823"
"Italy (IT)","06.12.2022 19:00 - 06.12.2022 20:00 (CET/CEST)","495","","789"
"Italy (IT)","06.12.2022 20:00 - 06.12.2022 21:00 (CET/CEST)","230","","654"
"Italy (IT)","06.12.2022 21:00 - 06.12.2022 22:00 (CET/CEST)","137","1","401"
"Italy (IT)","06.12.2022 22:00 - 06.12.2022 23:00 (CET/CEST)","75","2","307"
"Italy (IT)","06.12.2022 23:00 - 07.12.2022 00:00 (CET/CEST)","26","2","253"
"Italy (IT)","07.12.2022 00:00 - 07.12.2022 01:00 (CET/CEST)","0","102","95"
"Italy (IT)","07.12.2022 01:00 - 07.12.2022 02:00 (CET/CEST)","0","164","102"
"Italy (IT)","07.12.2022 02:00 - 07.12.2022 03:00 (CET/CEST)","0","188","100"
"Italy (IT)","07.12.2022 03:00 - 07.12.2022 04:00 (CET/CEST)","0","188","101"
"Italy (IT)","07.12.2022 04:00 - 07.12.2022 05:00 (CET/CEST)","0","393","101"
"Italy (IT)","07.12.2022 05:00 - 07.12.2022 06:00 (CET/CEST)","0","168","107"
"Italy (IT)","07.12.2022 06:00 - 07.12.2022 07:00 (CET/CEST)","6","50","476"
"Italy (IT)","07.12.2022 07:00 - 07.12.2022 08:00 (CET/CEST)","302","1","664"
"Italy (IT)","07.12.2022 08:00 - 07.12.2022 09:00 (CET/CEST)","657","2","838"
"Italy (IT)","07.12.2022 09:00 - 07.12.2022 10:00 (CET/CEST)","702","135","1121"
"Italy (IT)","07.12.2022 10:00 - 07.12.2022 11:00 (CET/CEST)","396","51","745"
"Italy (IT)","07.12.2022 11:00 - 07.12.2022 12:00 (CET/CEST)","153","81","514"
"Italy (IT)","07.12.2022 12:00 - 07.12.2022 13:00 (CET/CEST)","123","222","514"
"Italy (IT)","07.12.2022 13:00 - 07.12.2022 14:00 (CET/CEST)","109","240","402"
"Italy (IT)","07.12.2022 14:00 - 07.12.2022 15:00 (CET/CEST)","141","375","599"
"Italy (IT)","07.12.2022 15:00 - 07.12.2022 16:00 (CET/CEST)","442","168","743"
"Italy (IT)","07.12.2022 16:00 - 07.12.2022 17:00 (CET/CEST)","351","","724"
"Italy (IT)","07.12.2022 17:00 - 07.12.2022 18:00 (CET/CEST)","699","","1084"
"Italy (IT)","07.12.2022 18:00 - 07.12.2022 19:00 (CET/CEST)","558","","894"
"Italy (IT)","07.12.2022 19:00 - 07.12.2022 20:00 (CET/CEST)","556","","751"
"Italy (IT)","07.12.2022 20:00 - 07.12.2022 21:00 (CET/CEST)","262","","713"
"Italy (IT)","07.12.2022 21:00 - 07.12.2022 22:00 (CET/CEST)","41","","500"
"Italy (IT)","07.12.2022 22:00 - 07.12.2022 23:00 (CET/CEST)","17","1","353"
"Italy (IT)","07.12.2022 23:00 - 08.12.2022 00:00 (CET/CEST)","0","34","303"
"Italy (IT)","08.12.2022 00:00 - 08.12.2022 01:00 (CET/CEST)","118","82","383"
"Italy (IT)","08.12.2022 01:00 - 08.12.2022 02:00 (CET/CEST)","0","84","212"
"Italy (IT)","08.12.2022 02:00 - 08.12.2022 03:00 (CET/CEST)","0","448","145"
"Italy (IT)","08.12.2022 03:00 - 08.12.2022 04:00 (CET/CEST)","0","478","101"
"Italy (IT)","08.12.2022 04:00 - 08.12.2022 05:00 (CET/CEST)","0","474","100"
"Italy (IT)","08.12.2022 05:00 - 08.12.2022 06:00 (CET/CEST)","0","98","102"
"Italy (IT)","08.12.2022 06:00 - 08.12.2022 07:00 (CET/CEST)","0","83","160"
"Italy (IT)","08.12.2022 07:00 - 08.12.2022 08:00 (CET/CEST)","221","8","656"
"Italy (IT)","08.12.2022 08:00 - 08.12.2022 09:00 (CET/CEST)","717","","962"
"Italy (IT)","08.12.2022 09:00 - 08.12.2022 10:00 (CET/CEST)","239","38","820"
"Italy (IT)","08.12.2022 10:00 - 08.12.2022 11:00 (CET/CEST)","247","98","563"
"Italy (IT)","08.12.2022 11:00 - 08.12.2022 12:00 (CET/CEST)","119","160","428"
"Italy (IT)","08.12.2022 12:00 - 08.12.2022 13:00 (CET/CEST)","127","161","408"
"Italy (IT)","08.12.2022 13:00 - 08.12.2022 14:00 (CET/CEST)","0","154","395"
"Italy (IT)","08.12.2022 14:00 - 08.12.2022 15:00 (CET/CEST)","0","533","376"
"Italy (IT)","08.12.2022 15:00 - 08.12.2022 16:00 (CET/CEST)","0","458","379"
"Italy (IT)","08.12.2022 16:00 - 08.12.2022 17:00 (CET/CEST)","677","227","499"
"Italy (IT)","08.12.2022 17:00 - 08.12.2022 18:00 (CET/CEST)","1116","","720"
"Italy (IT)","08.12.2022 18:00 - 08.12.2022 19:00 (CET/CEST)","1042","","667"
"Italy (IT)","08.12.2022 19:00 - 08.12.2022 20:00 (CET/CEST)","957","1","624"
"Italy (IT)","08.12.2022 20:00 - 08.12.2022 21:00 (CET/CEST)","669","1","621"
"Italy (IT)","08.12.2022 21:00 - 08.12.2022 22:00 (CET/CEST)","352","1","353"
"Italy (IT)","08.12.2022 22:00 - 08.12.2022 23:00 (CET/CEST)","0","75","245"
"Italy (IT)","08.12.2022 23:00 - 09.12.2022 00:00 (CET/CEST)","0","62","240"
"Italy (IT)","09.12.2022 00:00 - 09.12.2022 01:00 (CET/CEST)","0","4","247"
"Italy (IT)","09.12.2022 01:00 - 09.12.2022 02:00 (CET/CEST)","0","340","187"
"Italy (IT)","09.12.2022 02:00 - 09.12.2022 03:00 (CET/CEST)","0","726","110"
"Italy (IT)","09.12.2022 03:00 - 09.12.2022 04:00 (CET/CEST)","0","984","110"
"Italy (IT)","09.12.2022 04:00 - 09.12.2022 05:00 (CET/CEST)","0","1607","110"
"Italy (IT)","09.12.2022 05:00 - 09.12.2022 06:00 (CET/CEST)","0","480","115"
"Italy (IT)","09.12.2022 06:00 - 09.12.2022 07:00 (CET/CEST)","46","81","316"
"Italy (IT)","09.12.2022 07:00 - 09.12.2022 08:00 (CET/CEST)","44","81","503"
"Italy (IT)","09.12.2022 08:00 - 09.12.2022 09:00 (CET/CEST)","167","80","678"
"Italy (IT)","09.12.2022 09:00 - 09.12.2022 10:00 (CET/CEST)","290","32","723"
"Italy (IT)","09.12.2022 10:00 - 09.12.2022 11:00 (CET/CEST)","166","80","625"
"Italy (IT)","09.12.2022 11:00 - 09.12.2022 12:00 (CET/CEST)","254","80","637"
"Italy (IT)","09.12.2022 12:00 - 09.12.2022 13:00 (CET/CEST)","371","30","660"
"Italy (IT)","09.12.2022 13:00 - 09.12.2022 14:00 (CET/CEST)","216","","665"
"Italy (IT)","09.12.2022 14:00 - 09.12.2022 15:00 (CET/CEST)","170","205","579"
"Italy (IT)","09.12.2022 15:00 - 09.12.2022 16:00 (CET/CEST)","191","423","569"
"Italy (IT)","09.12.2022 16:00 - 09.12.2022 17:00 (CET/CEST)","151","17","674"
"Italy (IT)","09.12.2022 17:00 - 09.12.2022 18:00 (CET/CEST)","396","","698"
"Italy (IT)","09.12.2022 18:00 - 09.12.2022 19:00 (CET/CEST)","385","","677"
"Italy (IT)","09.12.2022 19:00 - 09.12.2022 20:00 (CET/CEST)","460","","769"
"Italy (IT)","09.12.2022 20:00 - 09.12.2022 21:00 (CET/CEST)","240","","551"
"Italy (IT)","09.12.2022 21:00 - 09.12.2022 22:00 (CET/CEST)","56","1","388"
"Italy (IT)","09.12.2022 22:00 - 09.12.2022 23:00 (CET/CEST)","12","2","299"
"Italy (IT)","09.12.2022 23:00 - 10.12.2022 00:00 (CET/CEST)","6","2","248"
"Italy (IT)","10.12.2022 00:00 - 10.12.2022 01:00 (CET/CEST)","13","3","154"
"Italy (IT)","10.12.2022 01:00 - 10.12.2022 02:00 (CET/CEST)","0","175","128"
"Italy (IT)","10.12.2022 02:00 - 10.12.2022 03:00 (CET/CEST)","","294","128"
"Italy (IT)","10.12.2022 03:00 - 10.12.2022 04:00 (CET/CEST)","","504","128"
"Italy (IT)","10.12.2022 04:00 - 10.12.2022 05:00 (CET/CEST)","","393","128"
"Italy (IT)","10.12.2022 05:00 - 10.12.2022 06:00 (CET/CEST)","11","273","128"
"Italy (IT)","10.12.2022 06:00 - 10.12.2022 07:00 (CET/CEST)","21","175","163"
"Italy (IT)","10.12.2022 07:00 - 10.12.2022 08:00 (CET/CEST)","8","59","170"
"Italy (IT)","10.12.2022 08:00 - 10.12.2022 09:00 (CET/CEST)","8","","384"
"Italy (IT)","10.12.2022 09:00 - 10.12.2022 10:00 (CET/CEST)","8","","449"
"Italy (IT)","10.12.2022 10:00 - 10.12.2022 11:00 (CET/CEST)","19","62","416"
"Italy (IT)","10.12.2022 11:00 - 10.12.2022 12:00 (CET/CEST)","299","","509"
"Italy (IT)","10.12.2022 12:00 - 10.12.2022 13:00 (CET/CEST)","22","","477"
"Italy (IT)","10.12.2022 13:00 - 10.12.2022 14:00 (CET/CEST)","8","1","373"
"Italy (IT)","10.12.2022 14:00 - 10.12.2022 15:00 (CET/CEST)","8","1","374"
"Italy (IT)","10.12.2022 15:00 - 10.12.2022 16:00 (CET/CEST)","9","1","395"
"Italy (IT)","10.12.2022 16:00 - 10.12.2022 17:00 (CET/CEST)","35","","408"
"Italy (IT)","10.12.2022 17:00 - 10.12.2022 18:00 (CET/CEST)","88","","574"
"Italy (IT)","10.12.2022 18:00 - 10.12.2022 19:00 (CET/CEST)","197","","556"
"Italy (IT)","10.12.2022 19:00 - 10.12.2022 20:00 (CET/CEST)","226","","724"
"Italy (IT)","10.12.2022 20:00 - 10.12.2022 21:00 (CET/CEST)","65","60","533"
"Italy (IT)","10.12.2022 21:00 - 10.12.2022 22:00 (CET/CEST)","0","223","376"
"Italy (IT)","10.12.2022 22:00 - 10.12.2022 23:00 (CET/CEST)","","280","325"
"Italy (IT)","10.12.2022 23:00 - 11.12.2022 00:00 (CET/CEST)","331","220","214"
"Italy (IT)","11.12.2022 00:00 - 11.12.2022 01:00 (CET/CEST)","41","22","139"
"Italy (IT)","11.12.2022 01:00 - 11.12.2022 02:00 (CET/CEST)","0","79","140"
"Italy (IT)","11.12.2022 02:00 - 11.12.2022 03:00 (CET/CEST)","0","175","140"
"Italy (IT)","11.12.2022 03:00 - 11.12.2022 04:00 (CET/CEST)","0","161","146"
"Italy (IT)","11.12.2022 04:00 - 11.12.2022 05:00 (CET/CEST)","0","169","131"
"Italy (IT)","11.12.2022 05:00 - 11.12.2022 06:00 (CET/CEST)","0","159","149"
"Italy (IT)","11.12.2022 06:00 - 11.12.2022 07:00 (CET/CEST)","0","117","194"
"Italy (IT)","11.12.2022 07:00 - 11.12.2022 08:00 (CET/CEST)","0","6","193"
"Italy (IT)","11.12.2022 08:00 - 11.12.2022 09:00 (CET/CEST)","0","5","281"
"Italy (IT)","11.12.2022 09:00 - 11.12.2022 10:00 (CET/CEST)","11","77","377"
"Italy (IT)","11.12.2022 10:00 - 11.12.2022 11:00 (CET/CEST)","18","214","353"
"Italy (IT)","11.12.2022 11:00 - 11.12.2022 12:00 (CET/CEST)","245","452","360"
"Italy (IT)","11.12.2022 12:00 - 11.12.2022 13:00 (CET/CEST)","243","499","428"
"Italy (IT)","11.12.2022 13:00 - 11.12.2022 14:00 (CET/CEST)","8","567","261"
"Italy (IT)","11.12.2022 14:00 - 11.12.2022 15:00 (CET/CEST)","283","182","440"
"Italy (IT)","11.12.2022 15:00 - 11.12.2022 16:00 (CET/CEST)","770","79","656"
"Italy (IT)","11.12.2022 16:00 - 11.12.2022 17:00 (CET/CEST)","739","","824"
"Italy (IT)","11.12.2022 17:00 - 11.12.2022 18:00 (CET/CEST)","531","","880"
"Italy (IT)","11.12.2022 18:00 - 11.12.2022 19:00 (CET/CEST)","576","","902"
"Italy (IT)","11.12.2022 19:00 - 11.12.2022 20:00 (CET/CEST)","494","","736"
"Italy (IT)","11.12.2022 20:00 - 11.12.2022 21:00 (CET/CEST)","514","1","756"
"Italy (IT)","11.12.2022 21:00 - 11.12.2022 22:00 (CET/CEST)","336","1","694"
"Italy (IT)","11.12.2022 22:00 - 11.12.2022 23:00 (CET/CEST)","168","1","437"
"Italy (IT)","11.12.2022 23:00 - 12.12.2022 00:00 (CET/CEST)","138","4","267"
"Italy (IT)","12.12.2022 00:00 - 12.12.2022 01:00 (CET/CEST)","98","6","233"
"Italy (IT)","12.12.2022 01:00 - 12.12.2022 02:00 (CET/CEST)","56","78","241"
"Italy (IT)","12.12.2022 02:00 - 12.12.2022 03:00 (CET/CEST)","41","78","241"
"Italy (IT)","12.12.2022 03:00 - 12.12.2022 04:00 (CET/CEST)","0","78","241"
"Italy (IT)","12.12.2022 04:00 - 12.12.2022 05:00 (CET/CEST)","0","78","241"
"Italy (IT)","12.12.2022 05:00 - 12.12.2022 06:00 (CET/CEST)","0","61","245"
"Italy (IT)","12.12.2022 06:00 - 12.12.2022 07:00 (CET/CEST)","89","74","467"
"Italy (IT)","12.12.2022 07:00 - 12.12.2022 08:00 (CET/CEST)","412","","728"
"Italy (IT)","12.12.2022 08:00 - 12.12.2022 09:00 (CET/CEST)","1338","","995"
"Italy (IT)","12.12.2022 09:00 - 12.12.2022 10:00 (CET/CEST)","1763","","999"
"Italy (IT)","12.12.2022 10:00 - 12.12.2022 11:00 (CET/CEST)","231","","901"
"Italy (IT)","12.12.2022 11:00 - 12.12.2022 12:00 (CET/CEST)","149","","827"
"Italy (IT)","12.12.2022 12:00 - 12.12.2022 13:00 (CET/CEST)","134","","773"
"Italy (IT)","12.12.2022 13:00 - 12.12.2022 14:00 (CET/CEST)","56","","652"
"Italy (IT)","12.12.2022 14:00 - 12.12.2022 15:00 (CET/CEST)","76","","695"
"Italy (IT)","12.12.2022 15:00 - 12.12.2022 16:00 (CET/CEST)","337","5","736"
"Italy (IT)","12.12.2022 16:00 - 12.12.2022 17:00 (CET/CEST)","567","66","893"
"Italy (IT)","12.12.2022 17:00 - 12.12.2022 18:00 (CET/CEST)","1065","","1009"
"Italy (IT)","12.12.2022 18:00 - 12.12.2022 19:00 (CET/CEST)","929","","849"
"Italy (IT)","12.12.2022 19:00 - 12.12.2022 20:00 (CET/CEST)","397","","799"
"Italy (IT)","12.12.2022 20:00 - 12.12.2022 21:00 (CET/CEST)","361","","646"
"Italy (IT)","12.12.2022 21:00 - 12.12.2022 22:00 (CET/CEST)","132","","513"
"Italy (IT)","12.12.2022 22:00 - 12.12.2022 23:00 (CET/CEST)","34","41","414"
"Italy (IT)","12.12.2022 23:00 - 13.12.2022 00:00 (CET/CEST)","65","","354"
"Italy (IT)","13.12.2022 00:00 - 13.12.2022 01:00 (CET/CEST)","19","335","230"
"Italy (IT)","13.12.2022 01:00 - 13.12.2022 02:00 (CET/CEST)","19","550","242"
"Italy (IT)","13.12.2022 02:00 - 13.12.2022 03:00 (CET/CEST)","19","741","242"
"Italy (IT)","13.12.2022 03:00 - 13.12.2022 04:00 (CET/CEST)","18","875","242"
"Italy (IT)","13.12.2022 04:00 - 13.12.2022 05:00 (CET/CEST)","19","874","242"
"Italy (IT)","13.12.2022 05:00 - 13.12.2022 06:00 (CET/CEST)","19","675","251"
"Italy (IT)","13.12.2022 06:00 - 13.12.2022 07:00 (CET/CEST)","19","129","477"
"Italy (IT)","13.12.2022 07:00 - 13.12.2022 08:00 (CET/CEST)","487","4","854"
"Italy (IT)","13.12.2022 08:00 - 13.12.2022 09:00 (CET/CEST)","696","","967"
"Italy (IT)","13.12.2022 09:00 - 13.12.2022 10:00 (CET/CEST)","651","","956"
"Italy (IT)","13.12.2022 10:00 - 13.12.2022 11:00 (CET/CEST)","557","","893"
"Italy (IT)","13.12.2022 11:00 - 13.12.2022 12:00 (CET/CEST)","1030","","869"
"Italy (IT)","13.12.2022 12:00 - 13.12.2022 13:00 (CET/CEST)","668","","875"
"Italy (IT)","13.12.2022 13:00 - 13.12.2022 14:00 (CET/CEST)","377","","778"
"Italy (IT)","13.12.2022 14:00 - 13.12.2022 15:00 (CET/CEST)","522","","938"
"Italy (IT)","13.12.2022 15:00 - 13.12.2022 16:00 (CET/CEST)","1494","","1006"
"Italy (IT)","13.12.2022 16:00 - 13.12.2022 17:00 (CET/CEST)","1540","","1104"
"Italy (IT)","13.12.2022 17:00 - 13.12.2022 18:00 (CET/CEST)","2052","","1138"
"Italy (IT)","13.12.2022 18:00 - 13.12.2022 19:00 (CET/CEST)","1372","","944"
"Italy (IT)","13.12.2022 19:00 - 13.12.2022 20:00 (CET/CEST)","525","","864"
"Italy (IT)","13.12.2022 20:00 - 13.12.2022 21:00 (CET/CEST)","323","","717"
"Italy (IT)","13.12.2022 21:00 - 13.12.2022 22:00 (CET/CEST)","89","","517"
"Italy (IT)","13.12.2022 22:00 - 13.12.2022 23:00 (CET/CEST)","59","","420"
"Italy (IT)","13.12.2022 23:00 - 14.12.2022 00:00 (CET/CEST)","20","37","379"
"Italy (IT)","14.12.2022 00:00 - 14.12.2022 01:00 (CET/CEST)","17","836","270"
"Italy (IT)","14.12.2022 01:00 - 14.12.2022 02:00 (CET/CEST)","0","933","216"
"Italy (IT)","14.12.2022 02:00 - 14.12.2022 03:00 (CET/CEST)","0","991","216"
"Italy (IT)","14.12.2022 03:00 - 14.12.2022 04:00 (CET/CEST)","0","1204","215"
"Italy (IT)","14.12.2022 04:00 - 14.12.2022 05:00 (CET/CEST)","19","1189","216"
"Italy (IT)","14.12.2022 05:00 - 14.12.2022 06:00 (CET/CEST)","19","1156","226"
"Italy (IT)","14.12.2022 06:00 - 14.12.2022 07:00 (CET/CEST)","21","93","543"
"Italy (IT)","14.12.2022 07:00 - 14.12.2022 08:00 (CET/CEST)","565","","745"
"Italy (IT)","14.12.2022 08:00 - 14.12.2022 09:00 (CET/CEST)","912","","848"
"Italy (IT)","14.12.2022 09:00 - 14.12.2022 10:00 (CET/CEST)","705","","801"
"Italy (IT)","14.12.2022 10:00 - 14.12.2022 11:00 (CET/CEST)","429","","716"
"Italy (IT)","14.12.2022 11:00 - 14.12.2022 12:00 (CET/CEST)","404","","786"
"Italy (IT)","14.12.2022 12:00 - 14.12.2022 13:00 (CET/CEST)","753","","786"
"Italy (IT)","14.12.2022 13:00 - 14.12.2022 14:00 (CET/CEST)","275","","728"
"Italy (IT)","14.12.2022 14:00 - 14.12.2022 15:00 (CET/CEST)","1049","","728"
"Italy (IT)","14.12.2022 15:00 - 14.12.2022 16:00 (CET/CEST)","1040","","793"
"Italy (IT)","14.12.2022 16:00 - 14.12.2022 17:00 (CET/CEST)","637","","691"
"Italy (IT)","14.12.2022 17:00 - 14.12.2022 18:00 (CET/CEST)","675","","697"
"Italy (IT)","14.12.2022 18:00 - 14.12.2022 19:00 (CET/CEST)","519","","716"
"Italy (IT)","14.12.2022 19:00 - 14.12.2022 20:00 (CET/CEST)","435","","700"
"Italy (IT)","14.12.2022 20:00 - 14.12.2022 21:00 (CET/CEST)","364","","636"
"Italy (IT)","14.12.2022 21:00 - 14.12.2022 22:00 (CET/CEST)","66","","520"
"Italy (IT)","14.12.2022 22:00 - 14.12.2022 23:00 (CET/CEST)","14","","464"
"Italy (IT)","14.12.2022 23:00 - 15.12.2022 00:00 (CET/CEST)","13","4","254"
"Italy (IT)","15.12.2022 00:00 - 15.12.2022 01:00 (CET/CEST)","14","275","252"
"Italy (IT)","15.12.2022 01:00 - 15.12.2022 02:00 (CET/CEST)","14","304","252"
"Italy (IT)","15.12.2022 02:00 - 15.12.2022 03:00 (CET/CEST)","0","1223","251"
"Italy (IT)","15.12.2022 03:00 - 15.12.2022 04:00 (CET/CEST)","0","1158","251"
"Italy (IT)","15.12.2022 04:00 - 15.12.2022 05:00 (CET/CEST)","24","664","259"
"Italy (IT)","15.12.2022 05:00 - 15.12.2022 06:00 (CET/CEST)","24","468","243"
"Italy (IT)","15.12.2022 06:00 - 15.12.2022 07:00 (CET/CEST)","260","","389"
"Italy (IT)","15.12.2022 07:00 - 15.12.2022 08:00 (CET/CEST)","510","","652"
"Italy (IT)","15.12.2022 08:00 - 15.12.2022 09:00 (CET/CEST)","960","","754"
"Italy (IT)","15.12.2022 09:00 - 15.12.2022 10:00 (CET/CEST)","463","","663"
"Italy (IT)","15.12.2022 10:00 - 15.12.2022 11:00 (CET/CEST)","274","","595"
"Italy (IT)","15.12.2022 11:00 - 15.12.2022 12:00 (CET/CEST)","447","","597"
"Italy (IT)","15.12.2022 12:00 - 15.12.2022 13:00 (CET/CEST)","1205","","607"
"Italy (IT)","15.12.2022 13:00 - 15.12.2022 14:00 (CET/CEST)","1120","","651"
"Italy (IT)","15.12.2022 14:00 - 15.12.2022 15:00 (CET/CEST)","1180","","791"
"Italy (IT)","15.12.2022 15:00 - 15.12.2022 16:00 (CET/CEST)","1093","","767"
"Italy (IT)","15.12.2022 16:00 - 15.12.2022 17:00 (CET/CEST)","1361","","981"
"Italy (IT)","15.12.2022 17:00 - 15.12.2022 18:00 (CET/CEST)","1372","","1102"
"Italy (IT)","15.12.2022 18:00 - 15.12.2022 19:00 (CET/CEST)","1032","","914"
"Italy (IT)","15.12.2022 19:00 - 15.12.2022 20:00 (CET/CEST)","537","","659"
"Italy (IT)","15.12.2022 20:00 - 15.12.2022 21:00 (CET/CEST)","536","","745"
"Italy (IT)","15.12.2022 21:00 - 15.12.2022 22:00 (CET/CEST)","579","","838"
"Italy (IT)","15.12.2022 22:00 - 15.12.2022 23:00 (CET/CEST)","182","","435"
"Italy (IT)","15.12.2022 23:00 - 16.12.2022 00:00 (CET/CEST)","13","26","277"
"Italy (IT)","16.12.2022 00:00 - 16.12.2022 01:00 (CET/CEST)","13","74","219"
"Italy (IT)","16.12.2022 01:00 - 16.12.2022 02:00 (CET/CEST)","20","460","219"
"Italy (IT)","16.12.2022 02:00 - 16.12.2022 03:00 (CET/CEST)","","961","218"
"Italy (IT)","16.12.2022 03:00 - 16.12.2022 04:00 (CET/CEST)","0","953","218"
"Italy (IT)","16.12.2022 04:00 - 16.12.2022 05:00 (CET/CEST)","0","951","219"
"Italy (IT)","16.12.2022 05:00 - 16.12.2022 06:00 (CET/CEST)","0","782","218"
"Italy (IT)","16.12.2022 06:00 - 16.12.2022 07:00 (CET/CEST)","98","40","474"
"Italy (IT)","16.12.2022 07:00 - 16.12.2022 08:00 (CET/CEST)","334","","754"
"Italy (IT)","16.12.2022 08:00 - 16.12.2022 09:00 (CET/CEST)","857","","891"
"Italy (IT)","16.12.2022 09:00 - 16.12.2022 10:00 (CET/CEST)","677","89","908"
"Italy (IT)","16.12.2022 10:00 - 16.12.2022 11:00 (CET/CEST)","423","","693"
"Italy (IT)","16.12.2022 11:00 - 16.12.2022 12:00 (CET/CEST)","454","","651"
"Italy (IT)","16.12.2022 12:00 - 16.12.2022 13:00 (CET/CEST)","450","179","619"
"Italy (IT)","16.12.2022 13:00 - 16.12.2022 14:00 (CET/CEST)","379","","627"
"Italy (IT)","16.12.2022 14:00 - 16.12.2022 15:00 (CET/CEST)","412","","610"
"Italy (IT)","16.12.2022 15:00 - 16.12.2022 16:00 (CET/CEST)","415","","612"
"Italy (IT)","16.12.2022 16:00 - 16.12.2022 17:00 (CET/CEST)","464","","674"
"Italy (IT)","16.12.2022 17:00 - 16.12.2022 18:00 (CET/CEST)","818","","708"
"Italy (IT)","16.12.2022 18:00 - 16.12.2022 19:00 (CET/CEST)","787","","677"
"Italy (IT)","16.12.2022 19:00 - 16.12.2022 20:00 (CET/CEST)","823","","650"
"Italy (IT)","16.12.2022 20:00 - 16.12.2022 21:00 (CET/CEST)","464","","663"
"Italy (IT)","16.12.2022 21:00 - 16.12.2022 22:00 (CET/CEST)","297","","433"
"Italy (IT)","16.12.2022 22:00 - 16.12.2022 23:00 (CET/CEST)","59","26","334"
"Italy (IT)","16.12.2022 23:00 - 17.12.2022 00:00 (CET/CEST)","21","27","258"
"Italy (IT)","17.12.2022 00:00 - 17.12.2022 01:00 (CET/CEST)","0","729","349"
"Italy (IT)","17.12.2022 01:00 - 17.12.2022 02:00 (CET/CEST)","0","662","257"
"Italy (IT)","17.12.2022 02:00 - 17.12.2022 03:00 (CET/CEST)","13","615","256"
"Italy (IT)","17.12.2022 03:00 - 17.12.2022 04:00 (CET/CEST)","13","615","256"
"Italy (IT)","17.12.2022 04:00 - 17.12.2022 05:00 (CET/CEST)","13","590","257"
"Italy (IT)","17.12.2022 05:00 - 17.12.2022 06:00 (CET/CEST)","13","74","257"
"Italy (IT)","17.12.2022 06:00 - 17.12.2022 07:00 (CET/CEST)","13","74","274"
"Italy (IT)","17.12.2022 07:00 - 17.12.2022 08:00 (CET/CEST)","13","2","290"
"Italy (IT)","17.12.2022 08:00 - 17.12.2022 09:00 (CET/CEST)","83","","342"
"Italy (IT)","17.12.2022 09:00 - 17.12.2022 10:00 (CET/CEST)","902","","741"
"Italy (IT)","17.12.2022 10:00 - 17.12.2022 11:00 (CET/CEST)","1514","","831"
"Italy (IT)","17.12.2022 11:00 - 17.12.2022 12:00 (CET/CEST)","718","","453"
"Italy (IT)","17.12.2022 12:00 - 17.12.2022 13:00 (CET/CEST)","60","","281"
"Italy (IT)","17.12.2022 13:00 - 17.12.2022 14:00 (CET/CEST)","60","1","259"
"Italy (IT)","17.12.2022 14:00 - 17.12.2022 15:00 (CET/CEST)","177","","239"
"Italy (IT)","17.12.2022 15:00 - 17.12.2022 16:00 (CET/CEST)","217","","269"
"Italy (IT)","17.12.2022 16:00 - 17.12.2022 17:00 (CET/CEST)","613","","321"
"Italy (IT)","17.12.2022 17:00 - 17.12.2022 18:00 (CET/CEST)","1320","","591"
"Italy (IT)","17.12.2022 18:00 - 17.12.2022 19:00 (CET/CEST)","1635","","877"
"Italy (IT)","17.12.2022 19:00 - 17.12.2022 20:00 (CET/CEST)","1041","","659"
"Italy (IT)","17.12.2022 20:00 - 17.12.2022 21:00 (CET/CEST)","944","","458"
"Italy (IT)","17.12.2022 21:00 - 17.12.2022 22:00 (CET/CEST)","172","","347"
"Italy (IT)","17.12.2022 22:00 - 17.12.2022 23:00 (CET/CEST)","171","","285"
"Italy (IT)","17.12.2022 23:00 - 18.12.2022 00:00 (CET/CEST)","56","19","445"
"Italy (IT)","18.12.2022 00:00 - 18.12.2022 01:00 (CET/CEST)","19","30","249"
"Italy (IT)","18.12.2022 01:00 - 18.12.2022 02:00 (CET/CEST)","19","49","247"
"Italy (IT)","18.12.2022 02:00 - 18.12.2022 03:00 (CET/CEST)","19","70","253"
"Italy (IT)","18.12.2022 03:00 - 18.12.2022 04:00 (CET/CEST)","17","70","254"
"Italy (IT)","18.12.2022 04:00 - 18.12.2022 05:00 (CET/CEST)","0","146","256"
"Italy (IT)","18.12.2022 05:00 - 18.12.2022 06:00 (CET/CEST)","0","148","256"
"Italy (IT)","18.12.2022 06:00 - 18.12.2022 07:00 (CET/CEST)","0","120","263"
"Italy (IT)","18.12.2022 07:00 - 18.12.2022 08:00 (CET/CEST)","9","68","285"
"Italy (IT)","18.12.2022 08:00 - 18.12.2022 09:00 (CET/CEST)","71","25","335"
"Italy (IT)","18.12.2022 09:00 - 18.12.2022 10:00 (CET/CEST)","120","27","333"
"Italy (IT)","18.12.2022 10:00 - 18.12.2022 11:00 (CET/CEST)","49","25","390"
"Italy (IT)","18.12.2022 11:00 - 18.12.2022 12:00 (CET/CEST)","72","26","344"
"Italy (IT)","18.12.2022 12:00 - 18.12.2022 13:00 (CET/CEST)","12","22","296"
"Italy (IT)","18.12.2022 13:00 - 18.12.2022 14:00 (CET/CEST)","0","80","233"
"Italy (IT)","18.12.2022 14:00 - 18.12.2022 15:00 (CET/CEST)","0","153","227"
"Italy (IT)","18.12.2022 15:00 - 18.12.2022 16:00 (CET/CEST)","12","65","247"
"Italy (IT)","18.12.2022 16:00 - 18.12.2022 17:00 (CET/CEST)","150","","365"
"Italy (IT)","18.12.2022 17:00 - 18.12.2022 18:00 (CET/CEST)","1227","","931"
"Italy (IT)","18.12.2022 18:00 - 18.12.2022 19:00 (CET/CEST)","417","","1017"
"Italy (IT)","18.12.2022 19:00 - 18.12.2022 20:00 (CET/CEST)","761","","1023"
"Italy (IT)","18.12.2022 20:00 - 18.12.2022 21:00 (CET/CEST)","594","","812"
"Italy (IT)","18.12.2022 21:00 - 18.12.2022 22:00 (CET/CEST)","192","","412"
"Italy (IT)","18.12.2022 22:00 - 18.12.2022 23:00 (CET/CEST)","21","","332"
"Italy (IT)","18.12.2022 23:00 - 19.12.2022 00:00 (CET/CEST)","18","108","249"
"Italy (IT)","19.12.2022 00:00 - 19.12.2022 01:00 (CET/CEST)","23","114","198"
"Italy (IT)","19.12.2022 01:00 - 19.12.2022 02:00 (CET/CEST)","30","121","195"
"Italy (IT)","19.12.2022 02:00 - 19.12.2022 03:00 (CET/CEST)","30","828","215"
"Italy (IT)","19.12.2022 03:00 - 19.12.2022 04:00 (CET/CEST)","28","1133","219"
"Italy (IT)","19.12.2022 04:00 - 19.12.2022 05:00 (CET/CEST)","28","1240","266"
"Italy (IT)","19.12.2022 05:00 - 19.12.2022 06:00 (CET/CEST)","30","222","300"
"Italy (IT)","19.12.2022 06:00 - 19.12.2022 07:00 (CET/CEST)","129","41","303"
"Italy (IT)","19.12.2022 07:00 - 19.12.2022 08:00 (CET/CEST)","243","","457"
"Italy (IT)","19.12.2022 08:00 - 19.12.2022 09:00 (CET/CEST)","940","","804"
"Italy (IT)","19.12.2022 09:00 - 19.12.2022 10:00 (CET/CEST)","411","","540"
"Italy (IT)","19.12.2022 10:00 - 19.12.2022 11:00 (CET/CEST)","234","","333"
"Italy (IT)","19.12.2022 11:00 - 19.12.2022 12:00 (CET/CEST)","456","","234"
"Italy (IT)","19.12.2022 12:00 - 19.12.2022 13:00 (CET/CEST)","345","","226"
"Italy (IT)","19.12.2022 13:00 - 19.12.2022 14:00 (CET/CEST)","335","","229"
"Italy (IT)","19.12.2022 14:00 - 19.12.2022 15:00 (CET/CEST)","324","","288"
"Italy (IT)","19.12.2022 15:00 - 19.12.2022 16:00 (CET/CEST)","261","","437"
"Italy (IT)","19.12.2022 16:00 - 19.12.2022 17:00 (CET/CEST)","488","","528"
"Italy (IT)","19.12.2022 17:00 - 19.12.2022 18:00 (CET/CEST)","330","","543"
"Italy (IT)","19.12.2022 18:00 - 19.12.2022 19:00 (CET/CEST)","270","254","517"
"Italy (IT)","19.12.2022 19:00 - 19.12.2022 20:00 (CET/CEST)","251","729","507"
"Italy (IT)","19.12.2022 20:00 - 19.12.2022 21:00 (CET/CEST)","103","529","334"
"Italy (IT)","19.12.2022 21:00 - 19.12.2022 22:00 (CET/CEST)","133","","314"
"Italy (IT)","19.12.2022 22:00 - 19.12.2022 23:00 (CET/CEST)","120","2","275"
"Italy (IT)","19.12.2022 23:00 - 20.12.2022 00:00 (CET/CEST)","119","206","272"
"Italy (IT)","20.12.2022 00:00 - 20.12.2022 01:00 (CET/CEST)","21","755","303"
"Italy (IT)","20.12.2022 01:00 - 20.12.2022 02:00 (CET/CEST)","14","1376","225"
"Italy (IT)","20.12.2022 02:00 - 20.12.2022 03:00 (CET/CEST)","14","1395","223"
"Italy (IT)","20.12.2022 03:00 - 20.12.2022 04:00 (CET/CEST)","14","1397","228"
"Italy (IT)","20.12.2022 04:00 - 20.12.2022 05:00 (CET/CEST)","14","1518","223"
"Italy (IT)","20.12.2022 05:00 - 20.12.2022 06:00 (CET/CEST)","15","1514","220"
"Italy (IT)","20.12.2022 06:00 - 20.12.2022 07:00 (CET/CEST)","120","1155","269"
"Italy (IT)","20.12.2022 07:00 - 20.12.2022 08:00 (CET/CEST)","134","","452"
"Italy (IT)","20.12.2022 08:00 - 20.12.2022 09:00 (CET/CEST)","653","","621"
"Italy (IT)","20.12.2022 09:00 - 20.12.2022 10:00 (CET/CEST)","777","","486"
"Italy (IT)","20.12.2022 10:00 - 20.12.2022 11:00 (CET/CEST)","1205","","454"
"Italy (IT)","20.12.2022 11:00 - 20.12.2022 12:00 (CET/CEST)","580","","373"
"Italy (IT)","20.12.2022 12:00 - 20.12.2022 13:00 (CET/CEST)","0","128","211"
"Italy (IT)","20.12.2022 13:00 - 20.12.2022 14:00 (CET/CEST)","15","130","212"
"Italy (IT)","20.12.2022 14:00 - 20.12.2022 15:00 (CET/CEST)","336","140","373"
"Italy (IT)","20.12.2022 15:00 - 20.12.2022 16:00 (CET/CEST)","439","135","440"
"Italy (IT)","20.12.2022 16:00 - 20.12.2022 17:00 (CET/CEST)","501","","505"
"Italy (IT)","20.12.2022 17:00 - 20.12.2022 18:00 (CET/CEST)","708","","566"
"Italy (IT)","20.12.2022 18:00 - 20.12.2022 19:00 (CET/CEST)","341","154","566"
"Italy (IT)","20.12.2022 19:00 - 20.12.2022 20:00 (CET/CEST)","374","547","581"
"Italy (IT)","20.12.2022 20:00 - 20.12.2022 21:00 (CET/CEST)","149","275","327"
"Italy (IT)","20.12.2022 21:00 - 20.12.2022 22:00 (CET/CEST)","120","210","247"
"Italy (IT)","20.12.2022 22:00 - 20.12.2022 23:00 (CET/CEST)","122","453","217"
"Italy (IT)","20.12.2022 23:00 - 21.12.2022 00:00 (CET/CEST)","121","558","195"
"Italy (IT)","21.12.2022 00:00 - 21.12.2022 01:00 (CET/CEST)","21","123","148"
"Italy (IT)","21.12.2022 01:00 - 21.12.2022 02:00 (CET/CEST)","19","801","145"
"Italy (IT)","21.12.2022 02:00 - 21.12.2022 03:00 (CET/CEST)","19","1601","138"
"Italy (IT)","21.12.2022 03:00 - 21.12.2022 04:00 (CET/CEST)","19","1971","138"
"Italy (IT)","21.12.2022 04:00 - 21.12.2022 05:00 (CET/CEST)","15","2162","146"
"Italy (IT)","21.12.2022 05:00 - 21.12.2022 06:00 (CET/CEST)","20","155","148"
"Italy (IT)","21.12.2022 06:00 - 21.12.2022 07:00 (CET/CEST)","215","50","188"
"Italy (IT)","21.12.2022 07:00 - 21.12.2022 08:00 (CET/CEST)","279","","528"
"Italy (IT)","21.12.2022 08:00 - 21.12.2022 09:00 (CET/CEST)","510","","843"
"Italy (IT)","21.12.2022 09:00 - 21.12.2022 10:00 (CET/CEST)","764","","648"
"Italy (IT)","21.12.2022 10:00 - 21.12.2022 11:00 (CET/CEST)","934","","514"
"Italy (IT)","21.12.2022 11:00 - 21.12.2022 12:00 (CET/CEST)","716","","472"
"Italy (IT)","21.12.2022 12:00 - 21.12.2022 13:00 (CET/CEST)","13","41","372"
"Italy (IT)","21.12.2022 13:00 - 21.12.2022 14:00 (CET/CEST)","0","71","278"
"Italy (IT)","21.12.2022 14:00 - 21.12.2022 15:00 (CET/CEST)","348","","395"
"Italy (IT)","21.12.2022 15:00 - 21.12.2022 16:00 (CET/CEST)","666","","571"
"Italy (IT)","21.12.2022 16:00 - 21.12.2022 17:00 (CET/CEST)","479","","835"
"Italy (IT)","21.12.2022 17:00 - 21.12.2022 18:00 (CET/CEST)","650","","803"
"Italy (IT)","21.12.2022 18:00 - 21.12.2022 19:00 (CET/CEST)","579","","599"
"Italy (IT)","21.12.2022 19:00 - 21.12.2022 20:00 (CET/CEST)","744","","594"
"Italy (IT)","21.12.2022 20:00 - 21.12.2022 21:00 (CET/CEST)","318","","471"
"Italy (IT)","21.12.2022 21:00 - 21.12.2022 22:00 (CET/CEST)","225","54","354"
"Italy (IT)","21.12.2022 22:00 - 21.12.2022 23:00 (CET/CEST)","226","103","284"
"Italy (IT)","21.12.2022 23:00 - 22.12.2022 00:00 (CET/CEST)","226","103","254"
"Italy (IT)","22.12.2022 00:00 - 22.12.2022 01:00 (CET/CEST)","48","141","224"
"Italy (IT)","22.12.2022 01:00 - 22.12.2022 02:00 (CET/CEST)","0","1118","224"
"Italy (IT)","22.12.2022 02:00 - 22.12.2022 03:00 (CET/CEST)","0","1040","224"
"Italy (IT)","22.12.2022 03:00 - 22.12.2022 04:00 (CET/CEST)","0","948","226"
"Italy (IT)","22.12.2022 04:00 - 22.12.2022 05:00 (CET/CEST)","0","1032","234"
"Italy (IT)","22.12.2022 05:00 - 22.12.2022 06:00 (CET/CEST)","37","98","233"
"Italy (IT)","22.12.2022 06:00 - 22.12.2022 07:00 (CET/CEST)","40","91","345"
"Italy (IT)","22.12.2022 07:00 - 22.12.2022 08:00 (CET/CEST)","1224","","559"
"Italy (IT)","22.12.2022 08:00 - 22.12.2022 09:00 (CET/CEST)","1650","","660"
"Italy (IT)","22.12.2022 09:00 - 22.12.2022 10:00 (CET/CEST)","1180","","500"
"Italy (IT)","22.12.2022 10:00 - 22.12.2022 11:00 (CET/CEST)","288","","390"
"Italy (IT)","22.12.2022 11:00 - 22.12.2022 12:00 (CET/CEST)","276","54","263"
"Italy (IT)","22.12.2022 12:00 - 22.12.2022 13:00 (CET/CEST)","225","152","205"
"Italy (IT)","22.12.2022 13:00 - 22.12.2022 14:00 (CET/CEST)","241","161","207"
"Italy (IT)","22.12.2022 14:00 - 22.12.2022 15:00 (CET/CEST)","285","161","230"
"Italy (IT)","22.12.2022 15:00 - 22.12.2022 16:00 (CET/CEST)","289","49","384"
"Italy (IT)","22.12.2022 16:00 - 22.12.2022 17:00 (CET/CEST)","1100","","479"
"Italy (IT)","22.12.2022 17:00 - 22.12.2022 18:00 (CET/CEST)","1045","","593"
"Italy (IT)","22.12.2022 18:00 - 22.12.2022 19:00 (CET/CEST)","781","","561"
"Italy (IT)","22.12.2022 19:00 - 22.12.2022 20:00 (CET/CEST)","807","","522"
"Italy (IT)","22.12.2022 20:00 - 22.12.2022 21:00 (CET/CEST)","185","","411"
"Italy (IT)","22.12.2022 21:00 - 22.12.2022 22:00 (CET/CEST)","85","101","289"
"Italy (IT)","22.12.2022 22:00 - 22.12.2022 23:00 (CET/CEST)","85","100","242"
"Italy (IT)","22.12.2022 23:00 - 23.12.2022 00:00 (CET/CEST)","85","583","172"
"Italy (IT)","23.12.2022 00:00 - 23.12.2022 01:00 (CET/CEST)","45","146","169"
"Italy (IT)","23.12.2022 01:00 - 23.12.2022 02:00 (CET/CEST)","34","638","175"
"Italy (IT)","23.12.2022 02:00 - 23.12.2022 03:00 (CET/CEST)","34","1186","177"
"Italy (IT)","23.12.2022 03:00 - 23.12.2022 04:00 (CET/CEST)","0","1372","177"
"Italy (IT)","23.12.2022 04:00 - 23.12.2022 05:00 (CET/CEST)","0","1399","177"
"Italy (IT)","23.12.2022 05:00 - 23.12.2022 06:00 (CET/CEST)","0","1281","185"
"Italy (IT)","23.12.2022 06:00 - 23.12.2022 07:00 (CET/CEST)","0","943","226"
"Italy (IT)","23.12.2022 07:00 - 23.12.2022 08:00 (CET/CEST)","116","","321"
"Italy (IT)","23.12.2022 08:00 - 23.12.2022 09:00 (CET/CEST)","297","","461"
"Italy (IT)","23.12.2022 09:00 - 23.12.2022 10:00 (CET/CEST)","315","","390"
"Italy (IT)","23.12.2022 10:00 - 23.12.2022 11:00 (CET/CEST)","309","110","312"
"Italy (IT)","23.12.2022 11:00 - 23.12.2022 12:00 (CET/CEST)","244","161","254"
"Italy (IT)","23.12.2022 12:00 - 23.12.2022 13:00 (CET/CEST)","248","200","231"
"Italy (IT)","23.12.2022 13:00 - 23.12.2022 14:00 (CET/CEST)","253","161","283"
"Italy (IT)","23.12.2022 14:00 - 23.12.2022 15:00 (CET/CEST)","256","101","231"
"Italy (IT)","23.12.2022 15:00 - 23.12.2022 16:00 (CET/CEST)","256","2","316"
"Italy (IT)","23.12.2022 16:00 - 23.12.2022 17:00 (CET/CEST)","266","","448"
"Italy (IT)","23.12.2022 17:00 - 23.12.2022 18:00 (CET/CEST)","1636","","564"
"Italy (IT)","23.12.2022 18:00 - 23.12.2022 19:00 (CET/CEST)","1080","","464"
"Italy (IT)","23.12.2022 19:00 - 23.12.2022 20:00 (CET/CEST)","492","","484"
"Italy (IT)","23.12.2022 20:00 - 23.12.2022 21:00 (CET/CEST)","189","","335"
"Italy (IT)","23.12.2022 21:00 - 23.12.2022 22:00 (CET/CEST)","50","2","266"
"Italy (IT)","23.12.2022 22:00 - 23.12.2022 23:00 (CET/CEST)","44","3","235"
"Italy (IT)","23.12.2022 23:00 - 24.12.2022 00:00 (CET/CEST)","43","553","208"
"Italy (IT)","24.12.2022 00:00 - 24.12.2022 01:00 (CET/CEST)","0","819","137"
"Italy (IT)","24.12.2022 01:00 - 24.12.2022 02:00 (CET/CEST)","0","941","131"
"Italy (IT)","24.12.2022 02:00 - 24.12.2022 03:00 (CET/CEST)","34","1259","132"
"Italy (IT)","24.12.2022 03:00 - 24.12.2022 04:00 (CET/CEST)","8","1488","133"
"Italy (IT)","24.12.2022 04:00 - 24.12.2022 05:00 (CET/CEST)","0","1487","122"
"Italy (IT)","24.12.2022 05:00 - 24.12.2022 06:00 (CET/CEST)","0","1526","132"
"Italy (IT)","24.12.2022 06:00 - 24.12.2022 07:00 (CET/CEST)","0","1659","130"
"Italy (IT)","24.12.2022 07:00 - 24.12.2022 08:00 (CET/CEST)","0","1112","117"
"Italy (IT)","24.12.2022 08:00 - 24.12.2022 09:00 (CET/CEST)","48","407","212"
"Italy (IT)","24.12.2022 09:00 - 24.12.2022 10:00 (CET/CEST)","49","71","226"
"Italy (IT)","24.12.2022 10:00 - 24.12.2022 11:00 (CET/CEST)","49","23","219"
"Italy (IT)","24.12.2022 11:00 - 24.12.2022 12:00 (CET/CEST)","49","4","284"
"Italy (IT)","24.12.2022 12:00 - 24.12.2022 13:00 (CET/CEST)","49","3","169"
"Italy (IT)","24.12.2022 13:00 - 24.12.2022 14:00 (CET/CEST)","49","4","142"
"Italy (IT)","24.12.2022 14:00 - 24.12.2022 15:00 (CET/CEST)","49","3","149"
"Italy (IT)","24.12.2022 15:00 - 24.12.2022 16:00 (CET/CEST)","80","","185"
"Italy (IT)","24.12.2022 16:00 - 24.12.2022 17:00 (CET/CEST)","178","","312"
"Italy (IT)","24.12.2022 17:00 - 24.12.2022 18:00 (CET/CEST)","1064","","679"
"Italy (IT)","24.12.2022 18:00 - 24.12.2022 19:00 (CET/CEST)","1217","","895"
"Italy (IT)","24.12.2022 19:00 - 24.12.2022 20:00 (CET/CEST)","1702","","722"
"Italy (IT)","24.12.2022 20:00 - 24.12.2022 21:00 (CET/CEST)","272","","593"
"Italy (IT)","24.12.2022 21:00 - 24.12.2022 22:00 (CET/CEST)","70","","206"
"Italy (IT)","24.12.2022 22:00 - 24.12.2022 23:00 (CET/CEST)","12","","144"
"Italy (IT)","24.12.2022 23:00 - 25.12.2022 00:00 (CET/CEST)","17","1","141"
"Italy (IT)","25.12.2022 00:00 - 25.12.2022 01:00 (CET/CEST)","95","8","95"
"Italy (IT)","25.12.2022 01:00 - 25.12.2022 02:00 (CET/CEST)","4","3","91"
"Italy (IT)","25.12.2022 02:00 - 25.12.2022 03:00 (CET/CEST)","12","170","74"
"Italy (IT)","25.12.2022 03:00 - 25.12.2022 04:00 (CET/CEST)","2","574","80"
"Italy (IT)","25.12.2022 04:00 - 25.12.2022 05:00 (CET/CEST)","0","756","79"
"Italy (IT)","25.12.2022 05:00 - 25.12.2022 06:00 (CET/CEST)","0","952","92"
"Italy (IT)","25.12.2022 06:00 - 25.12.2022 07:00 (CET/CEST)","0","1335","97"
"Italy (IT)","25.12.2022 07:00 - 25.12.2022 08:00 (CET/CEST)","0","1133","124"
"Italy (IT)","25.12.2022 08:00 - 25.12.2022 09:00 (CET/CEST)","18","672","169"
"Italy (IT)","25.12.2022 09:00 - 25.12.2022 10:00 (CET/CEST)","18","58","148"
"Italy (IT)","25.12.2022 10:00 - 25.12.2022 11:00 (CET/CEST)","4","22","274"
"Italy (IT)","25.12.2022 11:00 - 25.12.2022 12:00 (CET/CEST)","0","24","157"
"Italy (IT)","25.12.2022 12:00 - 25.12.2022 13:00 (CET/CEST)","0","25","227"
"Italy (IT)","25.12.2022 13:00 - 25.12.2022 14:00 (CET/CEST)","0","16","94"
"Italy (IT)","25.12.2022 14:00 - 25.12.2022 15:00 (CET/CEST)","0","813","99"
"Italy (IT)","25.12.2022 15:00 - 25.12.2022 16:00 (CET/CEST)","0","788","143"
"Italy (IT)","25.12.2022 16:00 - 25.12.2022 17:00 (CET/CEST)","120","521","225"
"Italy (IT)","25.12.2022 17:00 - 25.12.2022 18:00 (CET/CEST)","112","797","321"
"Italy (IT)","25.12.2022 18:00 - 25.12.2022 19:00 (CET/CEST)","906","","379"
"Italy (IT)","25.12.2022 19:00 - 25.12.2022 20:00 (CET/CEST)","1659","43","409"
"Italy (IT)","25.12.2022 20:00 - 25.12.2022 21:00 (CET/CEST)","1572","84","297"
"Italy (IT)","25.12.2022 21:00 - 25.12.2022 22:00 (CET/CEST)","300","","167"
"Italy (IT)","25.12.2022 22:00 - 25.12.2022 23:00 (CET/CEST)","22","","164"
"Italy (IT)","25.12.2022 23:00 - 26.12.2022 00:00 (CET/CEST)","19","","127"
"Italy (IT)","26.12.2022 00:00 - 26.12.2022 01:00 (CET/CEST)","55","","96"
"Italy (IT)","26.12.2022 01:00 - 26.12.2022 02:00 (CET/CEST)","17","151","104"
"Italy (IT)","26.12.2022 02:00 - 26.12.2022 03:00 (CET/CEST)","17","781","110"
"Italy (IT)","26.12.2022 03:00 - 26.12.2022 04:00 (CET/CEST)","","669","143"
"Italy (IT)","26.12.2022 04:00 - 26.12.2022 05:00 (CET/CEST)","","1335","178"
"Italy (IT)","26.12.2022 05:00 - 26.12.2022 06:00 (CET/CEST)","","763","118"
"Italy (IT)","26.12.2022 06:00 - 26.12.2022 07:00 (CET/CEST)","","336","99"
"Italy (IT)","26.12.2022 07:00 - 26.12.2022 08:00 (CET/CEST)","314","81","178"
"Italy (IT)","26.12.2022 08:00 - 26.12.2022 09:00 (CET/CEST)","13","165","261"
"Italy (IT)","26.12.2022 09:00 - 26.12.2022 10:00 (CET/CEST)","60","81","282"
"Italy (IT)","26.12.2022 10:00 - 26.12.2022 11:00 (CET/CEST)","77","48","208"
"Italy (IT)","26.12.2022 11:00 - 26.12.2022 12:00 (CET/CEST)","73","1","136"
"Italy (IT)","26.12.2022 12:00 - 26.12.2022 13:00 (CET/CEST)","181","1","147"
"Italy (IT)","26.12.2022 13:00 - 26.12.2022 14:00 (CET/CEST)","156","1","181"
"Italy (IT)","26.12.2022 14:00 - 26.12.2022 15:00 (CET/CEST)","60","1","120"
"Italy (IT)","26.12.2022 15:00 - 26.12.2022 16:00 (CET/CEST)","396","1","215"
"Italy (IT)","26.12.2022 16:00 - 26.12.2022 17:00 (CET/CEST)","1195","","339"
"Italy (IT)","26.12.2022 17:00 - 26.12.2022 18:00 (CET/CEST)","2031","","348"
"Italy (IT)","26.12.2022 18:00 - 26.12.2022 19:00 (CET/CEST)","1953","","310"
"Italy (IT)","26.12.2022 19:00 - 26.12.2022 20:00 (CET/CEST)","1943","1","476"
"Italy (IT)","26.12.2022 20:00 - 26.12.2022 21:00 (CET/CEST)","1505","1","289"
"Italy (IT)","26.12.2022 21:00 - 26.12.2022 22:00 (CET/CEST)","410","1","220"
"Italy (IT)","26.12.2022 22:00 - 26.12.2022 23:00 (CET/CEST)","184","1","158"
"Italy (IT)","26.12.2022 23:00 - 27.12.2022 00:00 (CET/CEST)","8","23","105"
"Italy (IT)","27.12.2022 00:00 - 27.12.2022 01:00 (CET/CEST)","2","871","57"
"Italy (IT)","27.12.2022 01:00 - 27.12.2022 02:00 (CET/CEST)","4","1166","90"
"Italy (IT)","27.12.2022 02:00 - 27.12.2022 03:00 (CET/CEST)","0","1650","65"
"Italy (IT)","27.12.2022 03:00 - 27.12.2022 04:00 (CET/CEST)","0","1927","76"
"Italy (IT)","27.12.2022 04:00 - 27.12.2022 05:00 (CET/CEST)","0","2033","59"
"Italy (IT)","27.12.2022 05:00 - 27.12.2022 06:00 (CET/CEST)","0","1788","88"
"Italy (IT)","27.12.2022 06:00 - 27.12.2022 07:00 (CET/CEST)","4","51","114"
"Italy (IT)","27.12.2022 07:00 - 27.12.2022 08:00 (CET/CEST)","119","","218"
"Italy (IT)","27.12.2022 08:00 - 27.12.2022 09:00 (CET/CEST)","340","","457"
"Italy (IT)","27.12.2022 09:00 - 27.12.2022 10:00 (CET/CEST)","198","","360"
"Italy (IT)","27.12.2022 10:00 - 27.12.2022 11:00 (CET/CEST)","9","85","347"
"Italy (IT)","27.12.2022 11:00 - 27.12.2022 12:00 (CET/CEST)","0","317","247"
"Italy (IT)","27.12.2022 12:00 - 27.12.2022 13:00 (CET/CEST)","85","84","210"
"Italy (IT)","27.12.2022 13:00 - 27.12.2022 14:00 (CET/CEST)","85","515","229"
"Italy (IT)","27.12.2022 14:00 - 27.12.2022 15:00 (CET/CEST)","86","","218"
"Italy (IT)","27.12.2022 15:00 - 27.12.2022 16:00 (CET/CEST)","95","","320"
"Italy (IT)","27.12.2022 16:00 - 27.12.2022 17:00 (CET/CEST)","465","","591"
"Italy (IT)","27.12.2022 17:00 - 27.12.2022 18:00 (CET/CEST)","737","","798"
"Italy (IT)","27.12.2022 18:00 - 27.12.2022 19:00 (CET/CEST)","719","","599"
"Italy (IT)","27.12.2022 19:00 - 27.12.2022 20:00 (CET/CEST)","640","","670"
"Italy (IT)","27.12.2022 20:00 - 27.12.2022 21:00 (CET/CEST)","405","","492"
"Italy (IT)","27.12.2022 21:00 - 27.12.2022 22:00 (CET/CEST)","34","","305"
"Italy (IT)","27.12.2022 22:00 - 27.12.2022 23:00 (CET/CEST)","7","28","198"
"Italy (IT)","27.12.2022 23:00 - 28.12.2022 00:00 (CET/CEST)","0","528","117"
"Italy (IT)","28.12.2022 00:00 - 28.12.2022 01:00 (CET/CEST)","0","387","63"
"Italy (IT)","28.12.2022 01:00 - 28.12.2022 02:00 (CET/CEST)","0","916","63"
"Italy (IT)","28.12.2022 02:00 - 28.12.2022 03:00 (CET/CEST)","0","1140","62"
"Italy (IT)","28.12.2022 03:00 - 28.12.2022 04:00 (CET/CEST)","0","1789","62"
"Italy (IT)","28.12.2022 04:00 - 28.12.2022 05:00 (CET/CEST)","0","1752","64"
"Italy (IT)","28.12.2022 05:00 - 28.12.2022 06:00 (CET/CEST)","0","1161","72"
"Italy (IT)","28.12.2022 06:00 - 28.12.2022 07:00 (CET/CEST)","52","187","95"
"Italy (IT)","28.12.2022 07:00 - 28.12.2022 08:00 (CET/CEST)","607","","252"
"Italy (IT)","28.12.2022 08:00 - 28.12.2022 09:00 (CET/CEST)","850","","451"
"Italy (IT)","28.12.2022 09:00 - 28.12.2022 10:00 (CET/CEST)","677","","442"
"Italy (IT)","28.12.2022 10:00 - 28.12.2022 11:00 (CET/CEST)","486","","279"
"Italy (IT)","28.12.2022 11:00 - 28.12.2022 12:00 (CET/CEST)","314","","221"
"Italy (IT)","28.12.2022 12:00 - 28.12.2022 13:00 (CET/CEST)","100","236","164"
"Italy (IT)","28.12.2022 13:00 - 28.12.2022 14:00 (CET/CEST)","84","293","241"
"Italy (IT)","28.12.2022 14:00 - 28.12.2022 15:00 (CET/CEST)","95","","279"
"Italy (IT)","28.12.2022 15:00 - 28.12.2022 16:00 (CET/CEST)","258","","337"
"Italy (IT)","28.12.2022 16:00 - 28.12.2022 17:00 (CET/CEST)","956","","514"
"Italy (IT)","28.12.2022 17:00 - 28.12.2022 18:00 (CET/CEST)","1547","","941"
"Italy (IT)","28.12.2022 18:00 - 28.12.2022 19:00 (CET/CEST)","1528","","775"
"Italy (IT)","28.12.2022 19:00 - 28.12.2022 20:00 (CET/CEST)","1439","","611"
"Italy (IT)","28.12.2022 20:00 - 28.12.2022 21:00 (CET/CEST)","867","","504"
"Italy (IT)","28.12.2022 21:00 - 28.12.2022 22:00 (CET/CEST)","224","","355"
"Italy (IT)","28.12.2022 22:00 - 28.12.2022 23:00 (CET/CEST)","83","1","236"
"Italy (IT)","28.12.2022 23:00 - 29.12.2022 00:00 (CET/CEST)","17","1","134"
"Italy (IT)","29.12.2022 00:00 - 29.12.2022 01:00 (CET/CEST)","0","19","124"
"Italy (IT)","29.12.2022 01:00 - 29.12.2022 02:00 (CET/CEST)","0","56","63"
"Italy (IT)","29.12.2022 02:00 - 29.12.2022 03:00 (CET/CEST)","0","1045","80"
"Italy (IT)","29.12.2022 03:00 - 29.12.2022 04:00 (CET/CEST)","0","1233","58"
"Italy (IT)","29.12.2022 04:00 - 29.12.2022 05:00 (CET/CEST)","0","1015","82"
"Italy (IT)","29.12.2022 05:00 - 29.12.2022 06:00 (CET/CEST)","0","911","82"
"Italy (IT)","29.12.2022 06:00 - 29.12.2022 07:00 (CET/CEST)","0","81","84"
"Italy (IT)","29.12.2022 07:00 - 29.12.2022 08:00 (CET/CEST)","228","1","523"
"Italy (IT)","29.12.2022 08:00 - 29.12.2022 09:00 (CET/CEST)","727","","784"
"Italy (IT)","29.12.2022 09:00 - 29.12.2022 10:00 (CET/CEST)","458","","535"
"Italy (IT)","29.12.2022 10:00 - 29.12.2022 11:00 (CET/CEST)","245","","314"
"Italy (IT)","29.12.2022 11:00 - 29.12.2022 12:00 (CET/CEST)","165","219","202"
"Italy (IT)","29.12.2022 12:00 - 29.12.2022 13:00 (CET/CEST)","125","220","143"
"Italy (IT)","29.12.2022 13:00 - 29.12.2022 14:00 (CET/CEST)","125","215","162"
"Italy (IT)","29.12.2022 14:00 - 29.12.2022 15:00 (CET/CEST)","125","122","175"
"Italy (IT)","29.12.2022 15:00 - 29.12.2022 16:00 (CET/CEST)","176","","217"
"Italy (IT)","29.12.2022 16:00 - 29.12.2022 17:00 (CET/CEST)","718","","527"
"Italy (IT)","29.12.2022 17:00 - 29.12.2022 18:00 (CET/CEST)","1275","","669"
"Italy (IT)","29.12.2022 18:00 - 29.12.2022 19:00 (CET/CEST)","1278","","683"
"Italy (IT)","29.12.2022 19:00 - 29.12.2022 20:00 (CET/CEST)","1421","","642"
"Italy (IT)","29.12.2022 20:00 - 29.12.2022 21:00 (CET/CEST)","369","","581"
"Italy (IT)","29.12.2022 21:00 - 29.12.2022 22:00 (CET/CEST)","84","","406"
"Italy (IT)","29.12.2022 22:00 - 29.12.2022 23:00 (CET/CEST)","213","1","130"
"Italy (IT)","29.12.2022 23:00 - 30.12.2022 00:00 (CET/CEST)","370","","72"
"Italy (IT)","30.12.2022 00:00 - 30.12.2022 01:00 (CET/CEST)","5","22","91"
"Italy (IT)","30.12.2022 01:00 - 30.12.2022 02:00 (CET/CEST)","7","407","93"
"Italy (IT)","30.12.2022 02:00 - 30.12.2022 03:00 (CET/CEST)","7","881","94"
"Italy (IT)","30.12.2022 03:00 - 30.12.2022 04:00 (CET/CEST)","6","1247","92"
"Italy (IT)","30.12.2022 04:00 - 30.12.2022 05:00 (CET/CEST)","7","1272","94"
"Italy (IT)","30.12.2022 05:00 - 30.12.2022 06:00 (CET/CEST)","7","626","94"
"Italy (IT)","30.12.2022 06:00 - 30.12.2022 07:00 (CET/CEST)","0","468","116"
"Italy (IT)","30.12.2022 07:00 - 30.12.2022 08:00 (CET/CEST)","265","28","433"
"Italy (IT)","30.12.2022 08:00 - 30.12.2022 09:00 (CET/CEST)","946","28","510"
"Italy (IT)","30.12.2022 09:00 - 30.12.2022 10:00 (CET/CEST)","798","1","478"
"Italy (IT)","30.12.2022 10:00 - 30.12.2022 11:00 (CET/CEST)","491","","358"
"Italy (IT)","30.12.2022 11:00 - 30.12.2022 12:00 (CET/CEST)","462","","286"
"Italy (IT)","30.12.2022 12:00 - 30.12.2022 13:00 (CET/CEST)","387","","159"
"Italy (IT)","30.12.2022 13:00 - 30.12.2022 14:00 (CET/CEST)","205","","136"
"Italy (IT)","30.12.2022 14:00 - 30.12.2022 15:00 (CET/CEST)","126","","232"
"Italy (IT)","30.12.2022 15:00 - 30.12.2022 16:00 (CET/CEST)","288","","581"
"Italy (IT)","30.12.2022 16:00 - 30.12.2022 17:00 (CET/CEST)","890","","737"
"Italy (IT)","30.12.2022 17:00 - 30.12.2022 18:00 (CET/CEST)","1326","","970"
"Italy (IT)","30.12.2022 18:00 - 30.12.2022 19:00 (CET/CEST)","1484","","987"
"Italy (IT)","30.12.2022 19:00 - 30.12.2022 20:00 (CET/CEST)","1652","","1078"
"Italy (IT)","30.12.2022 20:00 - 30.12.2022 21:00 (CET/CEST)","1343","","838"
"Italy (IT)","30.12.2022 21:00 - 30.12.2022 22:00 (CET/CEST)","157","","448"
"Italy (IT)","30.12.2022 22:00 - 30.12.2022 23:00 (CET/CEST)","115","4","309"
"Italy (IT)","30.12.2022 23:00 - 31.12.2022 00:00 (CET/CEST)","1","27","126"
"Italy (IT)","31.12.2022 00:00 - 31.12.2022 01:00 (CET/CEST)","0","67","207"
"Italy (IT)","31.12.2022 01:00 - 31.12.2022 02:00 (CET/CEST)","0","540","80"
"Italy (IT)","31.12.2022 02:00 - 31.12.2022 03:00 (CET/CEST)","0","1052","88"
"Italy (IT)","31.12.2022 03:00 - 31.12.2022 04:00 (CET/CEST)","0","901","186"
"Italy (IT)","31.12.2022 04:00 - 31.12.2022 05:00 (CET/CEST)","0","640","210"
"Italy (IT)","31.12.2022 05:00 - 31.12.2022 06:00 (CET/CEST)","0","270","219"
"Italy (IT)","31.12.2022 06:00 - 31.12.2022 07:00 (CET/CEST)","0","22","216"
"Italy (IT)","31.12.2022 07:00 - 31.12.2022 08:00 (CET/CEST)","2","1","576"
"Italy (IT)","31.12.2022 08:00 - 31.12.2022 09:00 (CET/CEST)","2","1","512"
"Italy (IT)","31.12.2022 09:00 - 31.12.2022 10:00 (CET/CEST)","62","1","318"
"Italy (IT)","31.12.2022 10:00 - 31.12.2022 11:00 (CET/CEST)","0","117","241"
"Italy (IT)","31.12.2022 11:00 - 31.12.2022 12:00 (CET/CEST)","0","116","207"
"Italy (IT)","31.12.2022 12:00 - 31.12.2022 13:00 (CET/CEST)","0","108","197"
"Italy (IT)","31.12.2022 13:00 - 31.12.2022 14:00 (CET/CEST)","0","5","191"
"Italy (IT)","31.12.2022 14:00 - 31.12.2022 15:00 (CET/CEST)","0","2","201"
"Italy (IT)","31.12.2022 15:00 - 31.12.2022 16:00 (CET/CEST)","0","1","222"
"Italy (IT)","31.12.2022 16:00 - 31.12.2022 17:00 (CET/CEST)","248","1","439"
"Italy (IT)","31.12.2022 17:00 - 31.12.2022 18:00 (CET/CEST)","1210","","686"
"Italy (IT)","31.12.2022 18:00 - 31.12.2022 19:00 (CET/CEST)","1093","","852"
"Italy (IT)","31.12.2022 19:00 - 31.12.2022 20:00 (CET/CEST)","737","","598"
"Italy (IT)","31.12.2022 20:00 - 31.12.2022 21:00 (CET/CEST)","323","1","484"
"Italy (IT)","31.12.2022 21:00 - 31.12.2022 22:00 (CET/CEST)","79","3","365"
"Italy (IT)","31.12.2022 22:00 - 31.12.2022 23:00 (CET/CEST)","53","27","216"
"Italy (IT)","31.12.2022 23:00 - 01.01.2023 00:00 (CET/CEST)","0","182","223"
