"Area","MTU","Hydro Run-of-river and poundage  - Actual Aggregated [MW]"
"France (FR)","01.01.2020 00:00 - 01.01.2020 01:00 (CET/CEST)","6139"
"France (FR)","01.01.2020 01:00 - 01.01.2020 02:00 (CET/CEST)","5920"
"France (FR)","01.01.2020 02:00 - 01.01.2020 03:00 (CET/CEST)","5793"
"France (FR)","01.01.2020 03:00 - 01.01.2020 04:00 (CET/CEST)","5559"
"France (FR)","01.01.2020 04:00 - 01.01.2020 05:00 (CET/CEST)","5400"
"France (FR)","01.01.2020 05:00 - 01.01.2020 06:00 (CET/CEST)","5347"
"France (FR)","01.01.2020 06:00 - 01.01.2020 07:00 (CET/CEST)","5224"
"France (FR)","01.01.2020 07:00 - 01.01.2020 08:00 (CET/CEST)","5226"
"France (FR)","01.01.2020 08:00 - 01.01.2020 09:00 (CET/CEST)","5345"
"France (FR)","01.01.2020 09:00 - 01.01.2020 10:00 (CET/CEST)","5444"
"France (FR)","01.01.2020 10:00 - 01.01.2020 11:00 (CET/CEST)","5446"
"France (FR)","01.01.2020 11:00 - 01.01.2020 12:00 (CET/CEST)","5367"
"France (FR)","01.01.2020 12:00 - 01.01.2020 13:00 (CET/CEST)","5399"
"France (FR)","01.01.2020 13:00 - 01.01.2020 14:00 (CET/CEST)","5444"
"France (FR)","01.01.2020 14:00 - 01.01.2020 15:00 (CET/CEST)","5389"
"France (FR)","01.01.2020 15:00 - 01.01.2020 16:00 (CET/CEST)","5479"
"France (FR)","01.01.2020 16:00 - 01.01.2020 17:00 (CET/CEST)","5896"
"France (FR)","01.01.2020 17:00 - 01.01.2020 18:00 (CET/CEST)","6176"
"France (FR)","01.01.2020 18:00 - 01.01.2020 19:00 (CET/CEST)","6413"
"France (FR)","01.01.2020 19:00 - 01.01.2020 20:00 (CET/CEST)","6591"
"France (FR)","01.01.2020 20:00 - 01.01.2020 21:00 (CET/CEST)","6486"
"France (FR)","01.01.2020 21:00 - 01.01.2020 22:00 (CET/CEST)","6153"
"France (FR)","01.01.2020 22:00 - 01.01.2020 23:00 (CET/CEST)","6026"
"France (FR)","01.01.2020 23:00 - 02.01.2020 00:00 (CET/CEST)","5797"
"France (FR)","02.01.2020 00:00 - 02.01.2020 01:00 (CET/CEST)","5376"
"France (FR)","02.01.2020 01:00 - 02.01.2020 02:00 (CET/CEST)","5154"
"France (FR)","02.01.2020 02:00 - 02.01.2020 03:00 (CET/CEST)","5075"
"France (FR)","02.01.2020 03:00 - 02.01.2020 04:00 (CET/CEST)","5113"
"France (FR)","02.01.2020 04:00 - 02.01.2020 05:00 (CET/CEST)","5174"
"France (FR)","02.01.2020 05:00 - 02.01.2020 06:00 (CET/CEST)","5217"
"France (FR)","02.01.2020 06:00 - 02.01.2020 07:00 (CET/CEST)","5533"
"France (FR)","02.01.2020 07:00 - 02.01.2020 08:00 (CET/CEST)","5946"
"France (FR)","02.01.2020 08:00 - 02.01.2020 09:00 (CET/CEST)","5993"
"France (FR)","02.01.2020 09:00 - 02.01.2020 10:00 (CET/CEST)","6236"
"France (FR)","02.01.2020 10:00 - 02.01.2020 11:00 (CET/CEST)","6427"
"France (FR)","02.01.2020 11:00 - 02.01.2020 12:00 (CET/CEST)","6445"
"France (FR)","02.01.2020 12:00 - 02.01.2020 13:00 (CET/CEST)","6489"
"France (FR)","02.01.2020 13:00 - 02.01.2020 14:00 (CET/CEST)","6396"
"France (FR)","02.01.2020 14:00 - 02.01.2020 15:00 (CET/CEST)","6243"
"France (FR)","02.01.2020 15:00 - 02.01.2020 16:00 (CET/CEST)","6316"
"France (FR)","02.01.2020 16:00 - 02.01.2020 17:00 (CET/CEST)","6488"
"France (FR)","02.01.2020 17:00 - 02.01.2020 18:00 (CET/CEST)","6796"
"France (FR)","02.01.2020 18:00 - 02.01.2020 19:00 (CET/CEST)","6935"
"France (FR)","02.01.2020 19:00 - 02.01.2020 20:00 (CET/CEST)","6693"
"France (FR)","02.01.2020 20:00 - 02.01.2020 21:00 (CET/CEST)","6341"
"France (FR)","02.01.2020 21:00 - 02.01.2020 22:00 (CET/CEST)","5915"
"France (FR)","02.01.2020 22:00 - 02.01.2020 23:00 (CET/CEST)","5623"
"France (FR)","02.01.2020 23:00 - 03.01.2020 00:00 (CET/CEST)","5520"
"France (FR)","03.01.2020 00:00 - 03.01.2020 01:00 (CET/CEST)","5321"
"France (FR)","03.01.2020 01:00 - 03.01.2020 02:00 (CET/CEST)","5097"
"France (FR)","03.01.2020 02:00 - 03.01.2020 03:00 (CET/CEST)","4855"
"France (FR)","03.01.2020 03:00 - 03.01.2020 04:00 (CET/CEST)","4820"
"France (FR)","03.01.2020 04:00 - 03.01.2020 05:00 (CET/CEST)","4863"
"France (FR)","03.01.2020 05:00 - 03.01.2020 06:00 (CET/CEST)","4892"
"France (FR)","03.01.2020 06:00 - 03.01.2020 07:00 (CET/CEST)","4984"
"France (FR)","03.01.2020 07:00 - 03.01.2020 08:00 (CET/CEST)","5378"
"France (FR)","03.01.2020 08:00 - 03.01.2020 09:00 (CET/CEST)","5700"
"France (FR)","03.01.2020 09:00 - 03.01.2020 10:00 (CET/CEST)","5992"
"France (FR)","03.01.2020 10:00 - 03.01.2020 11:00 (CET/CEST)","6124"
"France (FR)","03.01.2020 11:00 - 03.01.2020 12:00 (CET/CEST)","6119"
"France (FR)","03.01.2020 12:00 - 03.01.2020 13:00 (CET/CEST)","6032"
"France (FR)","03.01.2020 13:00 - 03.01.2020 14:00 (CET/CEST)","5823"
"France (FR)","03.01.2020 14:00 - 03.01.2020 15:00 (CET/CEST)","5633"
"France (FR)","03.01.2020 15:00 - 03.01.2020 16:00 (CET/CEST)","5560"
"France (FR)","03.01.2020 16:00 - 03.01.2020 17:00 (CET/CEST)","5769"
"France (FR)","03.01.2020 17:00 - 03.01.2020 18:00 (CET/CEST)","6148"
"France (FR)","03.01.2020 18:00 - 03.01.2020 19:00 (CET/CEST)","6570"
"France (FR)","03.01.2020 19:00 - 03.01.2020 20:00 (CET/CEST)","6641"
"France (FR)","03.01.2020 20:00 - 03.01.2020 21:00 (CET/CEST)","6128"
"France (FR)","03.01.2020 21:00 - 03.01.2020 22:00 (CET/CEST)","5747"
"France (FR)","03.01.2020 22:00 - 03.01.2020 23:00 (CET/CEST)","5691"
"France (FR)","03.01.2020 23:00 - 04.01.2020 00:00 (CET/CEST)","5462"
"France (FR)","04.01.2020 00:00 - 04.01.2020 01:00 (CET/CEST)","5233"
"France (FR)","04.01.2020 01:00 - 04.01.2020 02:00 (CET/CEST)","4781"
"France (FR)","04.01.2020 02:00 - 04.01.2020 03:00 (CET/CEST)","4631"
"France (FR)","04.01.2020 03:00 - 04.01.2020 04:00 (CET/CEST)","4573"
"France (FR)","04.01.2020 04:00 - 04.01.2020 05:00 (CET/CEST)","4537"
"France (FR)","04.01.2020 05:00 - 04.01.2020 06:00 (CET/CEST)","4620"
"France (FR)","04.01.2020 06:00 - 04.01.2020 07:00 (CET/CEST)","4727"
"France (FR)","04.01.2020 07:00 - 04.01.2020 08:00 (CET/CEST)","4856"
"France (FR)","04.01.2020 08:00 - 04.01.2020 09:00 (CET/CEST)","5071"
"France (FR)","04.01.2020 09:00 - 04.01.2020 10:00 (CET/CEST)","5383"
"France (FR)","04.01.2020 10:00 - 04.01.2020 11:00 (CET/CEST)","5448"
"France (FR)","04.01.2020 11:00 - 04.01.2020 12:00 (CET/CEST)","5348"
"France (FR)","04.01.2020 12:00 - 04.01.2020 13:00 (CET/CEST)","5051"
"France (FR)","04.01.2020 13:00 - 04.01.2020 14:00 (CET/CEST)","4883"
"France (FR)","04.01.2020 14:00 - 04.01.2020 15:00 (CET/CEST)","4787"
"France (FR)","04.01.2020 15:00 - 04.01.2020 16:00 (CET/CEST)","4760"
"France (FR)","04.01.2020 16:00 - 04.01.2020 17:00 (CET/CEST)","4888"
"France (FR)","04.01.2020 17:00 - 04.01.2020 18:00 (CET/CEST)","5440"
"France (FR)","04.01.2020 18:00 - 04.01.2020 19:00 (CET/CEST)","5868"
"France (FR)","04.01.2020 19:00 - 04.01.2020 20:00 (CET/CEST)","6102"
"France (FR)","04.01.2020 20:00 - 04.01.2020 21:00 (CET/CEST)","5678"
"France (FR)","04.01.2020 21:00 - 04.01.2020 22:00 (CET/CEST)","5400"
"France (FR)","04.01.2020 22:00 - 04.01.2020 23:00 (CET/CEST)","5293"
"France (FR)","04.01.2020 23:00 - 05.01.2020 00:00 (CET/CEST)","5041"
"France (FR)","05.01.2020 00:00 - 05.01.2020 01:00 (CET/CEST)","4826"
"France (FR)","05.01.2020 01:00 - 05.01.2020 02:00 (CET/CEST)","4730"
"France (FR)","05.01.2020 02:00 - 05.01.2020 03:00 (CET/CEST)","4479"
"France (FR)","05.01.2020 03:00 - 05.01.2020 04:00 (CET/CEST)","4247"
"France (FR)","05.01.2020 04:00 - 05.01.2020 05:00 (CET/CEST)","4069"
"France (FR)","05.01.2020 05:00 - 05.01.2020 06:00 (CET/CEST)","3960"
"France (FR)","05.01.2020 06:00 - 05.01.2020 07:00 (CET/CEST)","3981"
"France (FR)","05.01.2020 07:00 - 05.01.2020 08:00 (CET/CEST)","4245"
"France (FR)","05.01.2020 08:00 - 05.01.2020 09:00 (CET/CEST)","4434"
"France (FR)","05.01.2020 09:00 - 05.01.2020 10:00 (CET/CEST)","4653"
"France (FR)","05.01.2020 10:00 - 05.01.2020 11:00 (CET/CEST)","4754"
"France (FR)","05.01.2020 11:00 - 05.01.2020 12:00 (CET/CEST)","4821"
"France (FR)","05.01.2020 12:00 - 05.01.2020 13:00 (CET/CEST)","4742"
"France (FR)","05.01.2020 13:00 - 05.01.2020 14:00 (CET/CEST)","4615"
"France (FR)","05.01.2020 14:00 - 05.01.2020 15:00 (CET/CEST)","4594"
"France (FR)","05.01.2020 15:00 - 05.01.2020 16:00 (CET/CEST)","4518"
"France (FR)","05.01.2020 16:00 - 05.01.2020 17:00 (CET/CEST)","4730"
"France (FR)","05.01.2020 17:00 - 05.01.2020 18:00 (CET/CEST)","5139"
"France (FR)","05.01.2020 18:00 - 05.01.2020 19:00 (CET/CEST)","5815"
"France (FR)","05.01.2020 19:00 - 05.01.2020 20:00 (CET/CEST)","6087"
"France (FR)","05.01.2020 20:00 - 05.01.2020 21:00 (CET/CEST)","5920"
"France (FR)","05.01.2020 21:00 - 05.01.2020 22:00 (CET/CEST)","5567"
"France (FR)","05.01.2020 22:00 - 05.01.2020 23:00 (CET/CEST)","5191"
"France (FR)","05.01.2020 23:00 - 06.01.2020 00:00 (CET/CEST)","4713"
"France (FR)","06.01.2020 00:00 - 06.01.2020 01:00 (CET/CEST)","4259"
"France (FR)","06.01.2020 01:00 - 06.01.2020 02:00 (CET/CEST)","4065"
"France (FR)","06.01.2020 02:00 - 06.01.2020 03:00 (CET/CEST)","3967"
"France (FR)","06.01.2020 03:00 - 06.01.2020 04:00 (CET/CEST)","3907"
"France (FR)","06.01.2020 04:00 - 06.01.2020 05:00 (CET/CEST)","3904"
"France (FR)","06.01.2020 05:00 - 06.01.2020 06:00 (CET/CEST)","3924"
"France (FR)","06.01.2020 06:00 - 06.01.2020 07:00 (CET/CEST)","4199"
"France (FR)","06.01.2020 07:00 - 06.01.2020 08:00 (CET/CEST)","4839"
"France (FR)","06.01.2020 08:00 - 06.01.2020 09:00 (CET/CEST)","5427"
"France (FR)","06.01.2020 09:00 - 06.01.2020 10:00 (CET/CEST)","5657"
"France (FR)","06.01.2020 10:00 - 06.01.2020 11:00 (CET/CEST)","5627"
"France (FR)","06.01.2020 11:00 - 06.01.2020 12:00 (CET/CEST)","5483"
"France (FR)","06.01.2020 12:00 - 06.01.2020 13:00 (CET/CEST)","5182"
"France (FR)","06.01.2020 13:00 - 06.01.2020 14:00 (CET/CEST)","4956"
"France (FR)","06.01.2020 14:00 - 06.01.2020 15:00 (CET/CEST)","4650"
"France (FR)","06.01.2020 15:00 - 06.01.2020 16:00 (CET/CEST)","4811"
"France (FR)","06.01.2020 16:00 - 06.01.2020 17:00 (CET/CEST)","5016"
"France (FR)","06.01.2020 17:00 - 06.01.2020 18:00 (CET/CEST)","5714"
"France (FR)","06.01.2020 18:00 - 06.01.2020 19:00 (CET/CEST)","6196"
"France (FR)","06.01.2020 19:00 - 06.01.2020 20:00 (CET/CEST)","6487"
"France (FR)","06.01.2020 20:00 - 06.01.2020 21:00 (CET/CEST)","6386"
"France (FR)","06.01.2020 21:00 - 06.01.2020 22:00 (CET/CEST)","5859"
"France (FR)","06.01.2020 22:00 - 06.01.2020 23:00 (CET/CEST)","5451"
"France (FR)","06.01.2020 23:00 - 07.01.2020 00:00 (CET/CEST)","5065"
"France (FR)","07.01.2020 00:00 - 07.01.2020 01:00 (CET/CEST)","4371"
"France (FR)","07.01.2020 01:00 - 07.01.2020 02:00 (CET/CEST)","4148"
"France (FR)","07.01.2020 02:00 - 07.01.2020 03:00 (CET/CEST)","4070"
"France (FR)","07.01.2020 03:00 - 07.01.2020 04:00 (CET/CEST)","3945"
"France (FR)","07.01.2020 04:00 - 07.01.2020 05:00 (CET/CEST)","3966"
"France (FR)","07.01.2020 05:00 - 07.01.2020 06:00 (CET/CEST)","4117"
"France (FR)","07.01.2020 06:00 - 07.01.2020 07:00 (CET/CEST)","4661"
"France (FR)","07.01.2020 07:00 - 07.01.2020 08:00 (CET/CEST)","5515"
"France (FR)","07.01.2020 08:00 - 07.01.2020 09:00 (CET/CEST)","6177"
"France (FR)","07.01.2020 09:00 - 07.01.2020 10:00 (CET/CEST)","6494"
"France (FR)","07.01.2020 10:00 - 07.01.2020 11:00 (CET/CEST)","6468"
"France (FR)","07.01.2020 11:00 - 07.01.2020 12:00 (CET/CEST)","6342"
"France (FR)","07.01.2020 12:00 - 07.01.2020 13:00 (CET/CEST)","6078"
"France (FR)","07.01.2020 13:00 - 07.01.2020 14:00 (CET/CEST)","5837"
"France (FR)","07.01.2020 14:00 - 07.01.2020 15:00 (CET/CEST)","5439"
"France (FR)","07.01.2020 15:00 - 07.01.2020 16:00 (CET/CEST)","5330"
"France (FR)","07.01.2020 16:00 - 07.01.2020 17:00 (CET/CEST)","5551"
"France (FR)","07.01.2020 17:00 - 07.01.2020 18:00 (CET/CEST)","6037"
"France (FR)","07.01.2020 18:00 - 07.01.2020 19:00 (CET/CEST)","6354"
"France (FR)","07.01.2020 19:00 - 07.01.2020 20:00 (CET/CEST)","6397"
"France (FR)","07.01.2020 20:00 - 07.01.2020 21:00 (CET/CEST)","6025"
"France (FR)","07.01.2020 21:00 - 07.01.2020 22:00 (CET/CEST)","5388"
"France (FR)","07.01.2020 22:00 - 07.01.2020 23:00 (CET/CEST)","5039"
"France (FR)","07.01.2020 23:00 - 08.01.2020 00:00 (CET/CEST)","4792"
"France (FR)","08.01.2020 00:00 - 08.01.2020 01:00 (CET/CEST)","4397"
"France (FR)","08.01.2020 01:00 - 08.01.2020 02:00 (CET/CEST)","4050"
"France (FR)","08.01.2020 02:00 - 08.01.2020 03:00 (CET/CEST)","3887"
"France (FR)","08.01.2020 03:00 - 08.01.2020 04:00 (CET/CEST)","3781"
"France (FR)","08.01.2020 04:00 - 08.01.2020 05:00 (CET/CEST)","3777"
"France (FR)","08.01.2020 05:00 - 08.01.2020 06:00 (CET/CEST)","3944"
"France (FR)","08.01.2020 06:00 - 08.01.2020 07:00 (CET/CEST)","4310"
"France (FR)","08.01.2020 07:00 - 08.01.2020 08:00 (CET/CEST)","4954"
"France (FR)","08.01.2020 08:00 - 08.01.2020 09:00 (CET/CEST)","5490"
"France (FR)","08.01.2020 09:00 - 08.01.2020 10:00 (CET/CEST)","5695"
"France (FR)","08.01.2020 10:00 - 08.01.2020 11:00 (CET/CEST)","5831"
"France (FR)","08.01.2020 11:00 - 08.01.2020 12:00 (CET/CEST)","5825"
"France (FR)","08.01.2020 12:00 - 08.01.2020 13:00 (CET/CEST)","5852"
"France (FR)","08.01.2020 13:00 - 08.01.2020 14:00 (CET/CEST)","5567"
"France (FR)","08.01.2020 14:00 - 08.01.2020 15:00 (CET/CEST)","5490"
"France (FR)","08.01.2020 15:00 - 08.01.2020 16:00 (CET/CEST)","5666"
"France (FR)","08.01.2020 16:00 - 08.01.2020 17:00 (CET/CEST)","5964"
"France (FR)","08.01.2020 17:00 - 08.01.2020 18:00 (CET/CEST)","6410"
"France (FR)","08.01.2020 18:00 - 08.01.2020 19:00 (CET/CEST)","6808"
"France (FR)","08.01.2020 19:00 - 08.01.2020 20:00 (CET/CEST)","6693"
"France (FR)","08.01.2020 20:00 - 08.01.2020 21:00 (CET/CEST)","6419"
"France (FR)","08.01.2020 21:00 - 08.01.2020 22:00 (CET/CEST)","5938"
"France (FR)","08.01.2020 22:00 - 08.01.2020 23:00 (CET/CEST)","5759"
"France (FR)","08.01.2020 23:00 - 09.01.2020 00:00 (CET/CEST)","5418"
"France (FR)","09.01.2020 00:00 - 09.01.2020 01:00 (CET/CEST)","5036"
"France (FR)","09.01.2020 01:00 - 09.01.2020 02:00 (CET/CEST)","4415"
"France (FR)","09.01.2020 02:00 - 09.01.2020 03:00 (CET/CEST)","4038"
"France (FR)","09.01.2020 03:00 - 09.01.2020 04:00 (CET/CEST)","3896"
"France (FR)","09.01.2020 04:00 - 09.01.2020 05:00 (CET/CEST)","3919"
"France (FR)","09.01.2020 05:00 - 09.01.2020 06:00 (CET/CEST)","3958"
"France (FR)","09.01.2020 06:00 - 09.01.2020 07:00 (CET/CEST)","4415"
"France (FR)","09.01.2020 07:00 - 09.01.2020 08:00 (CET/CEST)","5167"
"France (FR)","09.01.2020 08:00 - 09.01.2020 09:00 (CET/CEST)","5779"
"France (FR)","09.01.2020 09:00 - 09.01.2020 10:00 (CET/CEST)","6067"
"France (FR)","09.01.2020 10:00 - 09.01.2020 11:00 (CET/CEST)","6090"
"France (FR)","09.01.2020 11:00 - 09.01.2020 12:00 (CET/CEST)","5759"
"France (FR)","09.01.2020 12:00 - 09.01.2020 13:00 (CET/CEST)","5241"
"France (FR)","09.01.2020 13:00 - 09.01.2020 14:00 (CET/CEST)","4966"
"France (FR)","09.01.2020 14:00 - 09.01.2020 15:00 (CET/CEST)","4865"
"France (FR)","09.01.2020 15:00 - 09.01.2020 16:00 (CET/CEST)","4969"
"France (FR)","09.01.2020 16:00 - 09.01.2020 17:00 (CET/CEST)","5091"
"France (FR)","09.01.2020 17:00 - 09.01.2020 18:00 (CET/CEST)","5325"
"France (FR)","09.01.2020 18:00 - 09.01.2020 19:00 (CET/CEST)","5778"
"France (FR)","09.01.2020 19:00 - 09.01.2020 20:00 (CET/CEST)","6035"
"France (FR)","09.01.2020 20:00 - 09.01.2020 21:00 (CET/CEST)","5746"
"France (FR)","09.01.2020 21:00 - 09.01.2020 22:00 (CET/CEST)","5325"
"France (FR)","09.01.2020 22:00 - 09.01.2020 23:00 (CET/CEST)","5126"
"France (FR)","09.01.2020 23:00 - 10.01.2020 00:00 (CET/CEST)","4794"
"France (FR)","10.01.2020 00:00 - 10.01.2020 01:00 (CET/CEST)","4439"
"France (FR)","10.01.2020 01:00 - 10.01.2020 02:00 (CET/CEST)","4079"
"France (FR)","10.01.2020 02:00 - 10.01.2020 03:00 (CET/CEST)","3780"
"France (FR)","10.01.2020 03:00 - 10.01.2020 04:00 (CET/CEST)","3611"
"France (FR)","10.01.2020 04:00 - 10.01.2020 05:00 (CET/CEST)","3592"
"France (FR)","10.01.2020 05:00 - 10.01.2020 06:00 (CET/CEST)","3669"
"France (FR)","10.01.2020 06:00 - 10.01.2020 07:00 (CET/CEST)","4052"
"France (FR)","10.01.2020 07:00 - 10.01.2020 08:00 (CET/CEST)","4566"
"France (FR)","10.01.2020 08:00 - 10.01.2020 09:00 (CET/CEST)","5207"
"France (FR)","10.01.2020 09:00 - 10.01.2020 10:00 (CET/CEST)","5644"
"France (FR)","10.01.2020 10:00 - 10.01.2020 11:00 (CET/CEST)","5581"
"France (FR)","10.01.2020 11:00 - 10.01.2020 12:00 (CET/CEST)","5543"
"France (FR)","10.01.2020 12:00 - 10.01.2020 13:00 (CET/CEST)","5308"
"France (FR)","10.01.2020 13:00 - 10.01.2020 14:00 (CET/CEST)","5206"
"France (FR)","10.01.2020 14:00 - 10.01.2020 15:00 (CET/CEST)","5132"
"France (FR)","10.01.2020 15:00 - 10.01.2020 16:00 (CET/CEST)","5095"
"France (FR)","10.01.2020 16:00 - 10.01.2020 17:00 (CET/CEST)","5177"
"France (FR)","10.01.2020 17:00 - 10.01.2020 18:00 (CET/CEST)","5639"
"France (FR)","10.01.2020 18:00 - 10.01.2020 19:00 (CET/CEST)","6307"
"France (FR)","10.01.2020 19:00 - 10.01.2020 20:00 (CET/CEST)","6363"
"France (FR)","10.01.2020 20:00 - 10.01.2020 21:00 (CET/CEST)","6106"
"France (FR)","10.01.2020 21:00 - 10.01.2020 22:00 (CET/CEST)","5719"
"France (FR)","10.01.2020 22:00 - 10.01.2020 23:00 (CET/CEST)","5320"
"France (FR)","10.01.2020 23:00 - 11.01.2020 00:00 (CET/CEST)","5045"
"France (FR)","11.01.2020 00:00 - 11.01.2020 01:00 (CET/CEST)","4487"
"France (FR)","11.01.2020 01:00 - 11.01.2020 02:00 (CET/CEST)","4079"
"France (FR)","11.01.2020 02:00 - 11.01.2020 03:00 (CET/CEST)","3778"
"France (FR)","11.01.2020 03:00 - 11.01.2020 04:00 (CET/CEST)","3551"
"France (FR)","11.01.2020 04:00 - 11.01.2020 05:00 (CET/CEST)","3403"
"France (FR)","11.01.2020 05:00 - 11.01.2020 06:00 (CET/CEST)","3402"
"France (FR)","11.01.2020 06:00 - 11.01.2020 07:00 (CET/CEST)","3563"
"France (FR)","11.01.2020 07:00 - 11.01.2020 08:00 (CET/CEST)","3952"
"France (FR)","11.01.2020 08:00 - 11.01.2020 09:00 (CET/CEST)","4243"
"France (FR)","11.01.2020 09:00 - 11.01.2020 10:00 (CET/CEST)","4486"
"France (FR)","11.01.2020 10:00 - 11.01.2020 11:00 (CET/CEST)","4503"
"France (FR)","11.01.2020 11:00 - 11.01.2020 12:00 (CET/CEST)","4558"
"France (FR)","11.01.2020 12:00 - 11.01.2020 13:00 (CET/CEST)","4463"
"France (FR)","11.01.2020 13:00 - 11.01.2020 14:00 (CET/CEST)","4219"
"France (FR)","11.01.2020 14:00 - 11.01.2020 15:00 (CET/CEST)","3956"
"France (FR)","11.01.2020 15:00 - 11.01.2020 16:00 (CET/CEST)","3938"
"France (FR)","11.01.2020 16:00 - 11.01.2020 17:00 (CET/CEST)","3818"
"France (FR)","11.01.2020 17:00 - 11.01.2020 18:00 (CET/CEST)","4131"
"France (FR)","11.01.2020 18:00 - 11.01.2020 19:00 (CET/CEST)","4793"
"France (FR)","11.01.2020 19:00 - 11.01.2020 20:00 (CET/CEST)","4954"
"France (FR)","11.01.2020 20:00 - 11.01.2020 21:00 (CET/CEST)","4618"
"France (FR)","11.01.2020 21:00 - 11.01.2020 22:00 (CET/CEST)","4197"
"France (FR)","11.01.2020 22:00 - 11.01.2020 23:00 (CET/CEST)","4065"
"France (FR)","11.01.2020 23:00 - 12.01.2020 00:00 (CET/CEST)","3963"
"France (FR)","12.01.2020 00:00 - 12.01.2020 01:00 (CET/CEST)","3613"
"France (FR)","12.01.2020 01:00 - 12.01.2020 02:00 (CET/CEST)","3337"
"France (FR)","12.01.2020 02:00 - 12.01.2020 03:00 (CET/CEST)","3162"
"France (FR)","12.01.2020 03:00 - 12.01.2020 04:00 (CET/CEST)","2961"
"France (FR)","12.01.2020 04:00 - 12.01.2020 05:00 (CET/CEST)","2717"
"France (FR)","12.01.2020 05:00 - 12.01.2020 06:00 (CET/CEST)","2639"
"France (FR)","12.01.2020 06:00 - 12.01.2020 07:00 (CET/CEST)","2729"
"France (FR)","12.01.2020 07:00 - 12.01.2020 08:00 (CET/CEST)","2899"
"France (FR)","12.01.2020 08:00 - 12.01.2020 09:00 (CET/CEST)","3168"
"France (FR)","12.01.2020 09:00 - 12.01.2020 10:00 (CET/CEST)","3374"
"France (FR)","12.01.2020 10:00 - 12.01.2020 11:00 (CET/CEST)","3535"
"France (FR)","12.01.2020 11:00 - 12.01.2020 12:00 (CET/CEST)","3695"
"France (FR)","12.01.2020 12:00 - 12.01.2020 13:00 (CET/CEST)","3663"
"France (FR)","12.01.2020 13:00 - 12.01.2020 14:00 (CET/CEST)","3507"
"France (FR)","12.01.2020 14:00 - 12.01.2020 15:00 (CET/CEST)","3279"
"France (FR)","12.01.2020 15:00 - 12.01.2020 16:00 (CET/CEST)","3154"
"France (FR)","12.01.2020 16:00 - 12.01.2020 17:00 (CET/CEST)","3244"
"France (FR)","12.01.2020 17:00 - 12.01.2020 18:00 (CET/CEST)","3519"
"France (FR)","12.01.2020 18:00 - 12.01.2020 19:00 (CET/CEST)","4107"
"France (FR)","12.01.2020 19:00 - 12.01.2020 20:00 (CET/CEST)","4664"
"France (FR)","12.01.2020 20:00 - 12.01.2020 21:00 (CET/CEST)","4445"
"France (FR)","12.01.2020 21:00 - 12.01.2020 22:00 (CET/CEST)","4088"
"France (FR)","12.01.2020 22:00 - 12.01.2020 23:00 (CET/CEST)","3865"
"France (FR)","12.01.2020 23:00 - 13.01.2020 00:00 (CET/CEST)","3728"
"France (FR)","13.01.2020 00:00 - 13.01.2020 01:00 (CET/CEST)","3317"
"France (FR)","13.01.2020 01:00 - 13.01.2020 02:00 (CET/CEST)","3114"
"France (FR)","13.01.2020 02:00 - 13.01.2020 03:00 (CET/CEST)","3042"
"France (FR)","13.01.2020 03:00 - 13.01.2020 04:00 (CET/CEST)","2958"
"France (FR)","13.01.2020 04:00 - 13.01.2020 05:00 (CET/CEST)","2934"
"France (FR)","13.01.2020 05:00 - 13.01.2020 06:00 (CET/CEST)","2943"
"France (FR)","13.01.2020 06:00 - 13.01.2020 07:00 (CET/CEST)","3662"
"France (FR)","13.01.2020 07:00 - 13.01.2020 08:00 (CET/CEST)","4739"
"France (FR)","13.01.2020 08:00 - 13.01.2020 09:00 (CET/CEST)","5370"
"France (FR)","13.01.2020 09:00 - 13.01.2020 10:00 (CET/CEST)","5908"
"France (FR)","13.01.2020 10:00 - 13.01.2020 11:00 (CET/CEST)","5859"
"France (FR)","13.01.2020 11:00 - 13.01.2020 12:00 (CET/CEST)","5826"
"France (FR)","13.01.2020 12:00 - 13.01.2020 13:00 (CET/CEST)","5592"
"France (FR)","13.01.2020 13:00 - 13.01.2020 14:00 (CET/CEST)","5758"
"France (FR)","13.01.2020 14:00 - 13.01.2020 15:00 (CET/CEST)","5426"
"France (FR)","13.01.2020 15:00 - 13.01.2020 16:00 (CET/CEST)","5389"
"France (FR)","13.01.2020 16:00 - 13.01.2020 17:00 (CET/CEST)","5434"
"France (FR)","13.01.2020 17:00 - 13.01.2020 18:00 (CET/CEST)","5818"
"France (FR)","13.01.2020 18:00 - 13.01.2020 19:00 (CET/CEST)","6070"
"France (FR)","13.01.2020 19:00 - 13.01.2020 20:00 (CET/CEST)","5885"
"France (FR)","13.01.2020 20:00 - 13.01.2020 21:00 (CET/CEST)","5122"
"France (FR)","13.01.2020 21:00 - 13.01.2020 22:00 (CET/CEST)","4757"
"France (FR)","13.01.2020 22:00 - 13.01.2020 23:00 (CET/CEST)","4435"
"France (FR)","13.01.2020 23:00 - 14.01.2020 00:00 (CET/CEST)","4322"
"France (FR)","14.01.2020 00:00 - 14.01.2020 01:00 (CET/CEST)","3942"
"France (FR)","14.01.2020 01:00 - 14.01.2020 02:00 (CET/CEST)","3626"
"France (FR)","14.01.2020 02:00 - 14.01.2020 03:00 (CET/CEST)","3457"
"France (FR)","14.01.2020 03:00 - 14.01.2020 04:00 (CET/CEST)","3323"
"France (FR)","14.01.2020 04:00 - 14.01.2020 05:00 (CET/CEST)","3301"
"France (FR)","14.01.2020 05:00 - 14.01.2020 06:00 (CET/CEST)","3348"
"France (FR)","14.01.2020 06:00 - 14.01.2020 07:00 (CET/CEST)","3520"
"France (FR)","14.01.2020 07:00 - 14.01.2020 08:00 (CET/CEST)","4252"
"France (FR)","14.01.2020 08:00 - 14.01.2020 09:00 (CET/CEST)","5030"
"France (FR)","14.01.2020 09:00 - 14.01.2020 10:00 (CET/CEST)","5151"
"France (FR)","14.01.2020 10:00 - 14.01.2020 11:00 (CET/CEST)","5197"
"France (FR)","14.01.2020 11:00 - 14.01.2020 12:00 (CET/CEST)","5025"
"France (FR)","14.01.2020 12:00 - 14.01.2020 13:00 (CET/CEST)","4587"
"France (FR)","14.01.2020 13:00 - 14.01.2020 14:00 (CET/CEST)","4598"
"France (FR)","14.01.2020 14:00 - 14.01.2020 15:00 (CET/CEST)","4417"
"France (FR)","14.01.2020 15:00 - 14.01.2020 16:00 (CET/CEST)","4375"
"France (FR)","14.01.2020 16:00 - 14.01.2020 17:00 (CET/CEST)","4551"
"France (FR)","14.01.2020 17:00 - 14.01.2020 18:00 (CET/CEST)","5122"
"France (FR)","14.01.2020 18:00 - 14.01.2020 19:00 (CET/CEST)","5555"
"France (FR)","14.01.2020 19:00 - 14.01.2020 20:00 (CET/CEST)","5439"
"France (FR)","14.01.2020 20:00 - 14.01.2020 21:00 (CET/CEST)","4904"
"France (FR)","14.01.2020 21:00 - 14.01.2020 22:00 (CET/CEST)","4486"
"France (FR)","14.01.2020 22:00 - 14.01.2020 23:00 (CET/CEST)","4135"
"France (FR)","14.01.2020 23:00 - 15.01.2020 00:00 (CET/CEST)","3765"
"France (FR)","15.01.2020 00:00 - 15.01.2020 01:00 (CET/CEST)","3453"
"France (FR)","15.01.2020 01:00 - 15.01.2020 02:00 (CET/CEST)","3238"
"France (FR)","15.01.2020 02:00 - 15.01.2020 03:00 (CET/CEST)","3161"
"France (FR)","15.01.2020 03:00 - 15.01.2020 04:00 (CET/CEST)","3114"
"France (FR)","15.01.2020 04:00 - 15.01.2020 05:00 (CET/CEST)","3101"
"France (FR)","15.01.2020 05:00 - 15.01.2020 06:00 (CET/CEST)","3205"
"France (FR)","15.01.2020 06:00 - 15.01.2020 07:00 (CET/CEST)","3679"
"France (FR)","15.01.2020 07:00 - 15.01.2020 08:00 (CET/CEST)","4334"
"France (FR)","15.01.2020 08:00 - 15.01.2020 09:00 (CET/CEST)","4771"
"France (FR)","15.01.2020 09:00 - 15.01.2020 10:00 (CET/CEST)","4786"
"France (FR)","15.01.2020 10:00 - 15.01.2020 11:00 (CET/CEST)","4673"
"France (FR)","15.01.2020 11:00 - 15.01.2020 12:00 (CET/CEST)","4504"
"France (FR)","15.01.2020 12:00 - 15.01.2020 13:00 (CET/CEST)","4229"
"France (FR)","15.01.2020 13:00 - 15.01.2020 14:00 (CET/CEST)","4207"
"France (FR)","15.01.2020 14:00 - 15.01.2020 15:00 (CET/CEST)","4369"
"France (FR)","15.01.2020 15:00 - 15.01.2020 16:00 (CET/CEST)","4409"
"France (FR)","15.01.2020 16:00 - 15.01.2020 17:00 (CET/CEST)","4615"
"France (FR)","15.01.2020 17:00 - 15.01.2020 18:00 (CET/CEST)","5207"
"France (FR)","15.01.2020 18:00 - 15.01.2020 19:00 (CET/CEST)","5685"
"France (FR)","15.01.2020 19:00 - 15.01.2020 20:00 (CET/CEST)","5721"
"France (FR)","15.01.2020 20:00 - 15.01.2020 21:00 (CET/CEST)","5479"
"France (FR)","15.01.2020 21:00 - 15.01.2020 22:00 (CET/CEST)","4983"
"France (FR)","15.01.2020 22:00 - 15.01.2020 23:00 (CET/CEST)","4775"
"France (FR)","15.01.2020 23:00 - 16.01.2020 00:00 (CET/CEST)","4442"
"France (FR)","16.01.2020 00:00 - 16.01.2020 01:00 (CET/CEST)","4041"
"France (FR)","16.01.2020 01:00 - 16.01.2020 02:00 (CET/CEST)","3591"
"France (FR)","16.01.2020 02:00 - 16.01.2020 03:00 (CET/CEST)","3400"
"France (FR)","16.01.2020 03:00 - 16.01.2020 04:00 (CET/CEST)","3413"
"France (FR)","16.01.2020 04:00 - 16.01.2020 05:00 (CET/CEST)","3408"
"France (FR)","16.01.2020 05:00 - 16.01.2020 06:00 (CET/CEST)","3516"
"France (FR)","16.01.2020 06:00 - 16.01.2020 07:00 (CET/CEST)","4086"
"France (FR)","16.01.2020 07:00 - 16.01.2020 08:00 (CET/CEST)","4927"
"France (FR)","16.01.2020 08:00 - 16.01.2020 09:00 (CET/CEST)","5504"
"France (FR)","16.01.2020 09:00 - 16.01.2020 10:00 (CET/CEST)","5547"
"France (FR)","16.01.2020 10:00 - 16.01.2020 11:00 (CET/CEST)","5400"
"France (FR)","16.01.2020 11:00 - 16.01.2020 12:00 (CET/CEST)","5266"
"France (FR)","16.01.2020 12:00 - 16.01.2020 13:00 (CET/CEST)","4702"
"France (FR)","16.01.2020 13:00 - 16.01.2020 14:00 (CET/CEST)","4512"
"France (FR)","16.01.2020 14:00 - 16.01.2020 15:00 (CET/CEST)","4373"
"France (FR)","16.01.2020 15:00 - 16.01.2020 16:00 (CET/CEST)","4461"
"France (FR)","16.01.2020 16:00 - 16.01.2020 17:00 (CET/CEST)","4592"
"France (FR)","16.01.2020 17:00 - 16.01.2020 18:00 (CET/CEST)","5019"
"France (FR)","16.01.2020 18:00 - 16.01.2020 19:00 (CET/CEST)","5177"
"France (FR)","16.01.2020 19:00 - 16.01.2020 20:00 (CET/CEST)","5105"
"France (FR)","16.01.2020 20:00 - 16.01.2020 21:00 (CET/CEST)","4873"
"France (FR)","16.01.2020 21:00 - 16.01.2020 22:00 (CET/CEST)","4592"
"France (FR)","16.01.2020 22:00 - 16.01.2020 23:00 (CET/CEST)","4242"
"France (FR)","16.01.2020 23:00 - 17.01.2020 00:00 (CET/CEST)","3950"
"France (FR)","17.01.2020 00:00 - 17.01.2020 01:00 (CET/CEST)","3654"
"France (FR)","17.01.2020 01:00 - 17.01.2020 02:00 (CET/CEST)","3278"
"France (FR)","17.01.2020 02:00 - 17.01.2020 03:00 (CET/CEST)","3125"
"France (FR)","17.01.2020 03:00 - 17.01.2020 04:00 (CET/CEST)","3214"
"France (FR)","17.01.2020 04:00 - 17.01.2020 05:00 (CET/CEST)","3364"
"France (FR)","17.01.2020 05:00 - 17.01.2020 06:00 (CET/CEST)","3434"
"France (FR)","17.01.2020 06:00 - 17.01.2020 07:00 (CET/CEST)","3797"
"France (FR)","17.01.2020 07:00 - 17.01.2020 08:00 (CET/CEST)","4616"
"France (FR)","17.01.2020 08:00 - 17.01.2020 09:00 (CET/CEST)","5159"
"France (FR)","17.01.2020 09:00 - 17.01.2020 10:00 (CET/CEST)","5427"
"France (FR)","17.01.2020 10:00 - 17.01.2020 11:00 (CET/CEST)","5165"
"France (FR)","17.01.2020 11:00 - 17.01.2020 12:00 (CET/CEST)","4988"
"France (FR)","17.01.2020 12:00 - 17.01.2020 13:00 (CET/CEST)","4823"
"France (FR)","17.01.2020 13:00 - 17.01.2020 14:00 (CET/CEST)","4723"
"France (FR)","17.01.2020 14:00 - 17.01.2020 15:00 (CET/CEST)","4664"
"France (FR)","17.01.2020 15:00 - 17.01.2020 16:00 (CET/CEST)","4618"
"France (FR)","17.01.2020 16:00 - 17.01.2020 17:00 (CET/CEST)","4974"
"France (FR)","17.01.2020 17:00 - 17.01.2020 18:00 (CET/CEST)","5443"
"France (FR)","17.01.2020 18:00 - 17.01.2020 19:00 (CET/CEST)","6117"
"France (FR)","17.01.2020 19:00 - 17.01.2020 20:00 (CET/CEST)","6129"
"France (FR)","17.01.2020 20:00 - 17.01.2020 21:00 (CET/CEST)","5563"
"France (FR)","17.01.2020 21:00 - 17.01.2020 22:00 (CET/CEST)","4996"
"France (FR)","17.01.2020 22:00 - 17.01.2020 23:00 (CET/CEST)","4739"
"France (FR)","17.01.2020 23:00 - 18.01.2020 00:00 (CET/CEST)","4515"
"France (FR)","18.01.2020 00:00 - 18.01.2020 01:00 (CET/CEST)","4004"
"France (FR)","18.01.2020 01:00 - 18.01.2020 02:00 (CET/CEST)","3679"
"France (FR)","18.01.2020 02:00 - 18.01.2020 03:00 (CET/CEST)","3483"
"France (FR)","18.01.2020 03:00 - 18.01.2020 04:00 (CET/CEST)","3407"
"France (FR)","18.01.2020 04:00 - 18.01.2020 05:00 (CET/CEST)","3426"
"France (FR)","18.01.2020 05:00 - 18.01.2020 06:00 (CET/CEST)","3498"
"France (FR)","18.01.2020 06:00 - 18.01.2020 07:00 (CET/CEST)","3704"
"France (FR)","18.01.2020 07:00 - 18.01.2020 08:00 (CET/CEST)","4016"
"France (FR)","18.01.2020 08:00 - 18.01.2020 09:00 (CET/CEST)","4448"
"France (FR)","18.01.2020 09:00 - 18.01.2020 10:00 (CET/CEST)","4884"
"France (FR)","18.01.2020 10:00 - 18.01.2020 11:00 (CET/CEST)","5046"
"France (FR)","18.01.2020 11:00 - 18.01.2020 12:00 (CET/CEST)","4928"
"France (FR)","18.01.2020 12:00 - 18.01.2020 13:00 (CET/CEST)","4742"
"France (FR)","18.01.2020 13:00 - 18.01.2020 14:00 (CET/CEST)","4430"
"France (FR)","18.01.2020 14:00 - 18.01.2020 15:00 (CET/CEST)","3939"
"France (FR)","18.01.2020 15:00 - 18.01.2020 16:00 (CET/CEST)","3968"
"France (FR)","18.01.2020 16:00 - 18.01.2020 17:00 (CET/CEST)","3978"
"France (FR)","18.01.2020 17:00 - 18.01.2020 18:00 (CET/CEST)","4742"
"France (FR)","18.01.2020 18:00 - 18.01.2020 19:00 (CET/CEST)","5451"
"France (FR)","18.01.2020 19:00 - 18.01.2020 20:00 (CET/CEST)","5498"
"France (FR)","18.01.2020 20:00 - 18.01.2020 21:00 (CET/CEST)","5039"
"France (FR)","18.01.2020 21:00 - 18.01.2020 22:00 (CET/CEST)","4567"
"France (FR)","18.01.2020 22:00 - 18.01.2020 23:00 (CET/CEST)","4239"
"France (FR)","18.01.2020 23:00 - 19.01.2020 00:00 (CET/CEST)","4032"
"France (FR)","19.01.2020 00:00 - 19.01.2020 01:00 (CET/CEST)","3960"
"France (FR)","19.01.2020 01:00 - 19.01.2020 02:00 (CET/CEST)","3534"
"France (FR)","19.01.2020 02:00 - 19.01.2020 03:00 (CET/CEST)","3328"
"France (FR)","19.01.2020 03:00 - 19.01.2020 04:00 (CET/CEST)","2991"
"France (FR)","19.01.2020 04:00 - 19.01.2020 05:00 (CET/CEST)","2816"
"France (FR)","19.01.2020 05:00 - 19.01.2020 06:00 (CET/CEST)","2840"
"France (FR)","19.01.2020 06:00 - 19.01.2020 07:00 (CET/CEST)","2992"
"France (FR)","19.01.2020 07:00 - 19.01.2020 08:00 (CET/CEST)","3180"
"France (FR)","19.01.2020 08:00 - 19.01.2020 09:00 (CET/CEST)","3349"
"France (FR)","19.01.2020 09:00 - 19.01.2020 10:00 (CET/CEST)","3723"
"France (FR)","19.01.2020 10:00 - 19.01.2020 11:00 (CET/CEST)","3871"
"France (FR)","19.01.2020 11:00 - 19.01.2020 12:00 (CET/CEST)","3885"
"France (FR)","19.01.2020 12:00 - 19.01.2020 13:00 (CET/CEST)","3803"
"France (FR)","19.01.2020 13:00 - 19.01.2020 14:00 (CET/CEST)","3617"
"France (FR)","19.01.2020 14:00 - 19.01.2020 15:00 (CET/CEST)","3324"
"France (FR)","19.01.2020 15:00 - 19.01.2020 16:00 (CET/CEST)","3215"
"France (FR)","19.01.2020 16:00 - 19.01.2020 17:00 (CET/CEST)","3308"
"France (FR)","19.01.2020 17:00 - 19.01.2020 18:00 (CET/CEST)","3691"
"France (FR)","19.01.2020 18:00 - 19.01.2020 19:00 (CET/CEST)","4389"
"France (FR)","19.01.2020 19:00 - 19.01.2020 20:00 (CET/CEST)","4794"
"France (FR)","19.01.2020 20:00 - 19.01.2020 21:00 (CET/CEST)","4787"
"France (FR)","19.01.2020 21:00 - 19.01.2020 22:00 (CET/CEST)","4408"
"France (FR)","19.01.2020 22:00 - 19.01.2020 23:00 (CET/CEST)","4185"
"France (FR)","19.01.2020 23:00 - 20.01.2020 00:00 (CET/CEST)","3859"
"France (FR)","20.01.2020 00:00 - 20.01.2020 01:00 (CET/CEST)","3461"
"France (FR)","20.01.2020 01:00 - 20.01.2020 02:00 (CET/CEST)","3346"
"France (FR)","20.01.2020 02:00 - 20.01.2020 03:00 (CET/CEST)","3181"
"France (FR)","20.01.2020 03:00 - 20.01.2020 04:00 (CET/CEST)","3102"
"France (FR)","20.01.2020 04:00 - 20.01.2020 05:00 (CET/CEST)","3143"
"France (FR)","20.01.2020 05:00 - 20.01.2020 06:00 (CET/CEST)","3371"
"France (FR)","20.01.2020 06:00 - 20.01.2020 07:00 (CET/CEST)","4060"
"France (FR)","20.01.2020 07:00 - 20.01.2020 08:00 (CET/CEST)","5135"
"France (FR)","20.01.2020 08:00 - 20.01.2020 09:00 (CET/CEST)","5835"
"France (FR)","20.01.2020 09:00 - 20.01.2020 10:00 (CET/CEST)","6162"
"France (FR)","20.01.2020 10:00 - 20.01.2020 11:00 (CET/CEST)","6063"
"France (FR)","20.01.2020 11:00 - 20.01.2020 12:00 (CET/CEST)","5800"
"France (FR)","20.01.2020 12:00 - 20.01.2020 13:00 (CET/CEST)","5583"
"France (FR)","20.01.2020 13:00 - 20.01.2020 14:00 (CET/CEST)","5263"
"France (FR)","20.01.2020 14:00 - 20.01.2020 15:00 (CET/CEST)","5101"
"France (FR)","20.01.2020 15:00 - 20.01.2020 16:00 (CET/CEST)","5098"
"France (FR)","20.01.2020 16:00 - 20.01.2020 17:00 (CET/CEST)","5480"
"France (FR)","20.01.2020 17:00 - 20.01.2020 18:00 (CET/CEST)","6045"
"France (FR)","20.01.2020 18:00 - 20.01.2020 19:00 (CET/CEST)","6387"
"France (FR)","20.01.2020 19:00 - 20.01.2020 20:00 (CET/CEST)","6348"
"France (FR)","20.01.2020 20:00 - 20.01.2020 21:00 (CET/CEST)","6055"
"France (FR)","20.01.2020 21:00 - 20.01.2020 22:00 (CET/CEST)","5634"
"France (FR)","20.01.2020 22:00 - 20.01.2020 23:00 (CET/CEST)","5356"
"France (FR)","20.01.2020 23:00 - 21.01.2020 00:00 (CET/CEST)","5052"
"France (FR)","21.01.2020 00:00 - 21.01.2020 01:00 (CET/CEST)","4432"
"France (FR)","21.01.2020 01:00 - 21.01.2020 02:00 (CET/CEST)","4140"
"France (FR)","21.01.2020 02:00 - 21.01.2020 03:00 (CET/CEST)","4011"
"France (FR)","21.01.2020 03:00 - 21.01.2020 04:00 (CET/CEST)","3866"
"France (FR)","21.01.2020 04:00 - 21.01.2020 05:00 (CET/CEST)","3794"
"France (FR)","21.01.2020 05:00 - 21.01.2020 06:00 (CET/CEST)","3949"
"France (FR)","21.01.2020 06:00 - 21.01.2020 07:00 (CET/CEST)","4794"
"France (FR)","21.01.2020 07:00 - 21.01.2020 08:00 (CET/CEST)","5569"
"France (FR)","21.01.2020 08:00 - 21.01.2020 09:00 (CET/CEST)","6093"
"France (FR)","21.01.2020 09:00 - 21.01.2020 10:00 (CET/CEST)","6428"
"France (FR)","21.01.2020 10:00 - 21.01.2020 11:00 (CET/CEST)","6288"
"France (FR)","21.01.2020 11:00 - 21.01.2020 12:00 (CET/CEST)","5685"
"France (FR)","21.01.2020 12:00 - 21.01.2020 13:00 (CET/CEST)","5297"
"France (FR)","21.01.2020 13:00 - 21.01.2020 14:00 (CET/CEST)","5084"
"France (FR)","21.01.2020 14:00 - 21.01.2020 15:00 (CET/CEST)","4998"
"France (FR)","21.01.2020 15:00 - 21.01.2020 16:00 (CET/CEST)","5106"
"France (FR)","21.01.2020 16:00 - 21.01.2020 17:00 (CET/CEST)","5725"
"France (FR)","21.01.2020 17:00 - 21.01.2020 18:00 (CET/CEST)","6191"
"France (FR)","21.01.2020 18:00 - 21.01.2020 19:00 (CET/CEST)","6449"
"France (FR)","21.01.2020 19:00 - 21.01.2020 20:00 (CET/CEST)","6545"
"France (FR)","21.01.2020 20:00 - 21.01.2020 21:00 (CET/CEST)","6323"
"France (FR)","21.01.2020 21:00 - 21.01.2020 22:00 (CET/CEST)","5828"
"France (FR)","21.01.2020 22:00 - 21.01.2020 23:00 (CET/CEST)","5374"
"France (FR)","21.01.2020 23:00 - 22.01.2020 00:00 (CET/CEST)","4929"
"France (FR)","22.01.2020 00:00 - 22.01.2020 01:00 (CET/CEST)","4513"
"France (FR)","22.01.2020 01:00 - 22.01.2020 02:00 (CET/CEST)","3954"
"France (FR)","22.01.2020 02:00 - 22.01.2020 03:00 (CET/CEST)","3790"
"France (FR)","22.01.2020 03:00 - 22.01.2020 04:00 (CET/CEST)","3597"
"France (FR)","22.01.2020 04:00 - 22.01.2020 05:00 (CET/CEST)","3539"
"France (FR)","22.01.2020 05:00 - 22.01.2020 06:00 (CET/CEST)","3693"
"France (FR)","22.01.2020 06:00 - 22.01.2020 07:00 (CET/CEST)","4283"
"France (FR)","22.01.2020 07:00 - 22.01.2020 08:00 (CET/CEST)","5426"
"France (FR)","22.01.2020 08:00 - 22.01.2020 09:00 (CET/CEST)","6109"
"France (FR)","22.01.2020 09:00 - 22.01.2020 10:00 (CET/CEST)","6331"
"France (FR)","22.01.2020 10:00 - 22.01.2020 11:00 (CET/CEST)","6050"
"France (FR)","22.01.2020 11:00 - 22.01.2020 12:00 (CET/CEST)","5851"
"France (FR)","22.01.2020 12:00 - 22.01.2020 13:00 (CET/CEST)","5455"
"France (FR)","22.01.2020 13:00 - 22.01.2020 14:00 (CET/CEST)","5255"
"France (FR)","22.01.2020 14:00 - 22.01.2020 15:00 (CET/CEST)","5119"
"France (FR)","22.01.2020 15:00 - 22.01.2020 16:00 (CET/CEST)","5190"
"France (FR)","22.01.2020 16:00 - 22.01.2020 17:00 (CET/CEST)","5583"
"France (FR)","22.01.2020 17:00 - 22.01.2020 18:00 (CET/CEST)","6078"
"France (FR)","22.01.2020 18:00 - 22.01.2020 19:00 (CET/CEST)","6464"
"France (FR)","22.01.2020 19:00 - 22.01.2020 20:00 (CET/CEST)","6510"
"France (FR)","22.01.2020 20:00 - 22.01.2020 21:00 (CET/CEST)","6210"
"France (FR)","22.01.2020 21:00 - 22.01.2020 22:00 (CET/CEST)","5652"
"France (FR)","22.01.2020 22:00 - 22.01.2020 23:00 (CET/CEST)","5386"
"France (FR)","22.01.2020 23:00 - 23.01.2020 00:00 (CET/CEST)","5171"
"France (FR)","23.01.2020 00:00 - 23.01.2020 01:00 (CET/CEST)","4847"
"France (FR)","23.01.2020 01:00 - 23.01.2020 02:00 (CET/CEST)","4381"
"France (FR)","23.01.2020 02:00 - 23.01.2020 03:00 (CET/CEST)","3933"
"France (FR)","23.01.2020 03:00 - 23.01.2020 04:00 (CET/CEST)","3667"
"France (FR)","23.01.2020 04:00 - 23.01.2020 05:00 (CET/CEST)","3731"
"France (FR)","23.01.2020 05:00 - 23.01.2020 06:00 (CET/CEST)","4015"
"France (FR)","23.01.2020 06:00 - 23.01.2020 07:00 (CET/CEST)","4582"
"France (FR)","23.01.2020 07:00 - 23.01.2020 08:00 (CET/CEST)","5381"
"France (FR)","23.01.2020 08:00 - 23.01.2020 09:00 (CET/CEST)","6175"
"France (FR)","23.01.2020 09:00 - 23.01.2020 10:00 (CET/CEST)","6389"
"France (FR)","23.01.2020 10:00 - 23.01.2020 11:00 (CET/CEST)","6190"
"France (FR)","23.01.2020 11:00 - 23.01.2020 12:00 (CET/CEST)","5957"
"France (FR)","23.01.2020 12:00 - 23.01.2020 13:00 (CET/CEST)","5649"
"France (FR)","23.01.2020 13:00 - 23.01.2020 14:00 (CET/CEST)","5341"
"France (FR)","23.01.2020 14:00 - 23.01.2020 15:00 (CET/CEST)","5258"
"France (FR)","23.01.2020 15:00 - 23.01.2020 16:00 (CET/CEST)","5414"
"France (FR)","23.01.2020 16:00 - 23.01.2020 17:00 (CET/CEST)","5635"
"France (FR)","23.01.2020 17:00 - 23.01.2020 18:00 (CET/CEST)","5860"
"France (FR)","23.01.2020 18:00 - 23.01.2020 19:00 (CET/CEST)","6171"
"France (FR)","23.01.2020 19:00 - 23.01.2020 20:00 (CET/CEST)","6108"
"France (FR)","23.01.2020 20:00 - 23.01.2020 21:00 (CET/CEST)","5639"
"France (FR)","23.01.2020 21:00 - 23.01.2020 22:00 (CET/CEST)","5458"
"France (FR)","23.01.2020 22:00 - 23.01.2020 23:00 (CET/CEST)","5336"
"France (FR)","23.01.2020 23:00 - 24.01.2020 00:00 (CET/CEST)","5129"
"France (FR)","24.01.2020 00:00 - 24.01.2020 01:00 (CET/CEST)","4842"
"France (FR)","24.01.2020 01:00 - 24.01.2020 02:00 (CET/CEST)","4457"
"France (FR)","24.01.2020 02:00 - 24.01.2020 03:00 (CET/CEST)","4139"
"France (FR)","24.01.2020 03:00 - 24.01.2020 04:00 (CET/CEST)","3986"
"France (FR)","24.01.2020 04:00 - 24.01.2020 05:00 (CET/CEST)","4076"
"France (FR)","24.01.2020 05:00 - 24.01.2020 06:00 (CET/CEST)","4203"
"France (FR)","24.01.2020 06:00 - 24.01.2020 07:00 (CET/CEST)","4907"
"France (FR)","24.01.2020 07:00 - 24.01.2020 08:00 (CET/CEST)","5701"
"France (FR)","24.01.2020 08:00 - 24.01.2020 09:00 (CET/CEST)","6261"
"France (FR)","24.01.2020 09:00 - 24.01.2020 10:00 (CET/CEST)","6450"
"France (FR)","24.01.2020 10:00 - 24.01.2020 11:00 (CET/CEST)","6334"
"France (FR)","24.01.2020 11:00 - 24.01.2020 12:00 (CET/CEST)","6180"
"France (FR)","24.01.2020 12:00 - 24.01.2020 13:00 (CET/CEST)","5868"
"France (FR)","24.01.2020 13:00 - 24.01.2020 14:00 (CET/CEST)","5686"
"France (FR)","24.01.2020 14:00 - 24.01.2020 15:00 (CET/CEST)","5548"
"France (FR)","24.01.2020 15:00 - 24.01.2020 16:00 (CET/CEST)","5641"
"France (FR)","24.01.2020 16:00 - 24.01.2020 17:00 (CET/CEST)","5891"
"France (FR)","24.01.2020 17:00 - 24.01.2020 18:00 (CET/CEST)","6215"
"France (FR)","24.01.2020 18:00 - 24.01.2020 19:00 (CET/CEST)","6631"
"France (FR)","24.01.2020 19:00 - 24.01.2020 20:00 (CET/CEST)","6704"
"France (FR)","24.01.2020 20:00 - 24.01.2020 21:00 (CET/CEST)","6181"
"France (FR)","24.01.2020 21:00 - 24.01.2020 22:00 (CET/CEST)","5792"
"France (FR)","24.01.2020 22:00 - 24.01.2020 23:00 (CET/CEST)","5553"
"France (FR)","24.01.2020 23:00 - 25.01.2020 00:00 (CET/CEST)","5519"
"France (FR)","25.01.2020 00:00 - 25.01.2020 01:00 (CET/CEST)","5149"
"France (FR)","25.01.2020 01:00 - 25.01.2020 02:00 (CET/CEST)","4828"
"France (FR)","25.01.2020 02:00 - 25.01.2020 03:00 (CET/CEST)","4455"
"France (FR)","25.01.2020 03:00 - 25.01.2020 04:00 (CET/CEST)","3935"
"France (FR)","25.01.2020 04:00 - 25.01.2020 05:00 (CET/CEST)","3621"
"France (FR)","25.01.2020 05:00 - 25.01.2020 06:00 (CET/CEST)","3738"
"France (FR)","25.01.2020 06:00 - 25.01.2020 07:00 (CET/CEST)","4191"
"France (FR)","25.01.2020 07:00 - 25.01.2020 08:00 (CET/CEST)","4714"
"France (FR)","25.01.2020 08:00 - 25.01.2020 09:00 (CET/CEST)","5099"
"France (FR)","25.01.2020 09:00 - 25.01.2020 10:00 (CET/CEST)","5426"
"France (FR)","25.01.2020 10:00 - 25.01.2020 11:00 (CET/CEST)","5697"
"France (FR)","25.01.2020 11:00 - 25.01.2020 12:00 (CET/CEST)","5640"
"France (FR)","25.01.2020 12:00 - 25.01.2020 13:00 (CET/CEST)","5484"
"France (FR)","25.01.2020 13:00 - 25.01.2020 14:00 (CET/CEST)","5368"
"France (FR)","25.01.2020 14:00 - 25.01.2020 15:00 (CET/CEST)","5180"
"France (FR)","25.01.2020 15:00 - 25.01.2020 16:00 (CET/CEST)","5152"
"France (FR)","25.01.2020 16:00 - 25.01.2020 17:00 (CET/CEST)","5145"
"France (FR)","25.01.2020 17:00 - 25.01.2020 18:00 (CET/CEST)","5699"
"France (FR)","25.01.2020 18:00 - 25.01.2020 19:00 (CET/CEST)","6009"
"France (FR)","25.01.2020 19:00 - 25.01.2020 20:00 (CET/CEST)","6000"
"France (FR)","25.01.2020 20:00 - 25.01.2020 21:00 (CET/CEST)","5537"
"France (FR)","25.01.2020 21:00 - 25.01.2020 22:00 (CET/CEST)","4971"
"France (FR)","25.01.2020 22:00 - 25.01.2020 23:00 (CET/CEST)","4803"
"France (FR)","25.01.2020 23:00 - 26.01.2020 00:00 (CET/CEST)","4686"
"France (FR)","26.01.2020 00:00 - 26.01.2020 01:00 (CET/CEST)","4499"
"France (FR)","26.01.2020 01:00 - 26.01.2020 02:00 (CET/CEST)","4147"
"France (FR)","26.01.2020 02:00 - 26.01.2020 03:00 (CET/CEST)","3937"
"France (FR)","26.01.2020 03:00 - 26.01.2020 04:00 (CET/CEST)","3584"
"France (FR)","26.01.2020 04:00 - 26.01.2020 05:00 (CET/CEST)","3234"
"France (FR)","26.01.2020 05:00 - 26.01.2020 06:00 (CET/CEST)","3084"
"France (FR)","26.01.2020 06:00 - 26.01.2020 07:00 (CET/CEST)","3312"
"France (FR)","26.01.2020 07:00 - 26.01.2020 08:00 (CET/CEST)","3610"
"France (FR)","26.01.2020 08:00 - 26.01.2020 09:00 (CET/CEST)","3737"
"France (FR)","26.01.2020 09:00 - 26.01.2020 10:00 (CET/CEST)","4003"
"France (FR)","26.01.2020 10:00 - 26.01.2020 11:00 (CET/CEST)","4340"
"France (FR)","26.01.2020 11:00 - 26.01.2020 12:00 (CET/CEST)","4646"
"France (FR)","26.01.2020 12:00 - 26.01.2020 13:00 (CET/CEST)","4574"
"France (FR)","26.01.2020 13:00 - 26.01.2020 14:00 (CET/CEST)","4235"
"France (FR)","26.01.2020 14:00 - 26.01.2020 15:00 (CET/CEST)","4024"
"France (FR)","26.01.2020 15:00 - 26.01.2020 16:00 (CET/CEST)","3894"
"France (FR)","26.01.2020 16:00 - 26.01.2020 17:00 (CET/CEST)","3843"
"France (FR)","26.01.2020 17:00 - 26.01.2020 18:00 (CET/CEST)","4034"
"France (FR)","26.01.2020 18:00 - 26.01.2020 19:00 (CET/CEST)","4477"
"France (FR)","26.01.2020 19:00 - 26.01.2020 20:00 (CET/CEST)","4716"
"France (FR)","26.01.2020 20:00 - 26.01.2020 21:00 (CET/CEST)","4318"
"France (FR)","26.01.2020 21:00 - 26.01.2020 22:00 (CET/CEST)","3970"
"France (FR)","26.01.2020 22:00 - 26.01.2020 23:00 (CET/CEST)","3868"
"France (FR)","26.01.2020 23:00 - 27.01.2020 00:00 (CET/CEST)","3719"
"France (FR)","27.01.2020 00:00 - 27.01.2020 01:00 (CET/CEST)","3640"
"France (FR)","27.01.2020 01:00 - 27.01.2020 02:00 (CET/CEST)","3361"
"France (FR)","27.01.2020 02:00 - 27.01.2020 03:00 (CET/CEST)","3235"
"France (FR)","27.01.2020 03:00 - 27.01.2020 04:00 (CET/CEST)","3256"
"France (FR)","27.01.2020 04:00 - 27.01.2020 05:00 (CET/CEST)","3322"
"France (FR)","27.01.2020 05:00 - 27.01.2020 06:00 (CET/CEST)","3422"
"France (FR)","27.01.2020 06:00 - 27.01.2020 07:00 (CET/CEST)","3996"
"France (FR)","27.01.2020 07:00 - 27.01.2020 08:00 (CET/CEST)","4519"
"France (FR)","27.01.2020 08:00 - 27.01.2020 09:00 (CET/CEST)","5004"
"France (FR)","27.01.2020 09:00 - 27.01.2020 10:00 (CET/CEST)","5351"
"France (FR)","27.01.2020 10:00 - 27.01.2020 11:00 (CET/CEST)","5295"
"France (FR)","27.01.2020 11:00 - 27.01.2020 12:00 (CET/CEST)","5149"
"France (FR)","27.01.2020 12:00 - 27.01.2020 13:00 (CET/CEST)","4988"
"France (FR)","27.01.2020 13:00 - 27.01.2020 14:00 (CET/CEST)","4866"
"France (FR)","27.01.2020 14:00 - 27.01.2020 15:00 (CET/CEST)","4759"
"France (FR)","27.01.2020 15:00 - 27.01.2020 16:00 (CET/CEST)","4616"
"France (FR)","27.01.2020 16:00 - 27.01.2020 17:00 (CET/CEST)","4949"
"France (FR)","27.01.2020 17:00 - 27.01.2020 18:00 (CET/CEST)","5175"
"France (FR)","27.01.2020 18:00 - 27.01.2020 19:00 (CET/CEST)","5545"
"France (FR)","27.01.2020 19:00 - 27.01.2020 20:00 (CET/CEST)","5672"
"France (FR)","27.01.2020 20:00 - 27.01.2020 21:00 (CET/CEST)","5369"
"France (FR)","27.01.2020 21:00 - 27.01.2020 22:00 (CET/CEST)","4931"
"France (FR)","27.01.2020 22:00 - 27.01.2020 23:00 (CET/CEST)","4684"
"France (FR)","27.01.2020 23:00 - 28.01.2020 00:00 (CET/CEST)","4372"
"France (FR)","28.01.2020 00:00 - 28.01.2020 01:00 (CET/CEST)","4010"
"France (FR)","28.01.2020 01:00 - 28.01.2020 02:00 (CET/CEST)","3638"
"France (FR)","28.01.2020 02:00 - 28.01.2020 03:00 (CET/CEST)","3555"
"France (FR)","28.01.2020 03:00 - 28.01.2020 04:00 (CET/CEST)","3518"
"France (FR)","28.01.2020 04:00 - 28.01.2020 05:00 (CET/CEST)","3535"
"France (FR)","28.01.2020 05:00 - 28.01.2020 06:00 (CET/CEST)","3617"
"France (FR)","28.01.2020 06:00 - 28.01.2020 07:00 (CET/CEST)","3954"
"France (FR)","28.01.2020 07:00 - 28.01.2020 08:00 (CET/CEST)","4546"
"France (FR)","28.01.2020 08:00 - 28.01.2020 09:00 (CET/CEST)","5028"
"France (FR)","28.01.2020 09:00 - 28.01.2020 10:00 (CET/CEST)","5251"
"France (FR)","28.01.2020 10:00 - 28.01.2020 11:00 (CET/CEST)","5410"
"France (FR)","28.01.2020 11:00 - 28.01.2020 12:00 (CET/CEST)","5201"
"France (FR)","28.01.2020 12:00 - 28.01.2020 13:00 (CET/CEST)","4784"
"France (FR)","28.01.2020 13:00 - 28.01.2020 14:00 (CET/CEST)","4598"
"France (FR)","28.01.2020 14:00 - 28.01.2020 15:00 (CET/CEST)","4398"
"France (FR)","28.01.2020 15:00 - 28.01.2020 16:00 (CET/CEST)","4346"
"France (FR)","28.01.2020 16:00 - 28.01.2020 17:00 (CET/CEST)","4382"
"France (FR)","28.01.2020 17:00 - 28.01.2020 18:00 (CET/CEST)","4840"
"France (FR)","28.01.2020 18:00 - 28.01.2020 19:00 (CET/CEST)","5305"
"France (FR)","28.01.2020 19:00 - 28.01.2020 20:00 (CET/CEST)","5528"
"France (FR)","28.01.2020 20:00 - 28.01.2020 21:00 (CET/CEST)","5302"
"France (FR)","28.01.2020 21:00 - 28.01.2020 22:00 (CET/CEST)","4725"
"France (FR)","28.01.2020 22:00 - 28.01.2020 23:00 (CET/CEST)","4622"
"France (FR)","28.01.2020 23:00 - 29.01.2020 00:00 (CET/CEST)","4613"
"France (FR)","29.01.2020 00:00 - 29.01.2020 01:00 (CET/CEST)","4267"
"France (FR)","29.01.2020 01:00 - 29.01.2020 02:00 (CET/CEST)","3938"
"France (FR)","29.01.2020 02:00 - 29.01.2020 03:00 (CET/CEST)","3913"
"France (FR)","29.01.2020 03:00 - 29.01.2020 04:00 (CET/CEST)","3895"
"France (FR)","29.01.2020 04:00 - 29.01.2020 05:00 (CET/CEST)","3733"
"France (FR)","29.01.2020 05:00 - 29.01.2020 06:00 (CET/CEST)","3772"
"France (FR)","29.01.2020 06:00 - 29.01.2020 07:00 (CET/CEST)","4184"
"France (FR)","29.01.2020 07:00 - 29.01.2020 08:00 (CET/CEST)","4969"
"France (FR)","29.01.2020 08:00 - 29.01.2020 09:00 (CET/CEST)","5406"
"France (FR)","29.01.2020 09:00 - 29.01.2020 10:00 (CET/CEST)","5681"
"France (FR)","29.01.2020 10:00 - 29.01.2020 11:00 (CET/CEST)","5619"
"France (FR)","29.01.2020 11:00 - 29.01.2020 12:00 (CET/CEST)","5450"
"France (FR)","29.01.2020 12:00 - 29.01.2020 13:00 (CET/CEST)","5346"
"France (FR)","29.01.2020 13:00 - 29.01.2020 14:00 (CET/CEST)","5251"
"France (FR)","29.01.2020 14:00 - 29.01.2020 15:00 (CET/CEST)","5223"
"France (FR)","29.01.2020 15:00 - 29.01.2020 16:00 (CET/CEST)","5280"
"France (FR)","29.01.2020 16:00 - 29.01.2020 17:00 (CET/CEST)","5313"
"France (FR)","29.01.2020 17:00 - 29.01.2020 18:00 (CET/CEST)","5769"
"France (FR)","29.01.2020 18:00 - 29.01.2020 19:00 (CET/CEST)","6276"
"France (FR)","29.01.2020 19:00 - 29.01.2020 20:00 (CET/CEST)","6295"
"France (FR)","29.01.2020 20:00 - 29.01.2020 21:00 (CET/CEST)","6058"
"France (FR)","29.01.2020 21:00 - 29.01.2020 22:00 (CET/CEST)","5734"
"France (FR)","29.01.2020 22:00 - 29.01.2020 23:00 (CET/CEST)","5340"
"France (FR)","29.01.2020 23:00 - 30.01.2020 00:00 (CET/CEST)","5162"
"France (FR)","30.01.2020 00:00 - 30.01.2020 01:00 (CET/CEST)","4807"
"France (FR)","30.01.2020 01:00 - 30.01.2020 02:00 (CET/CEST)","4288"
"France (FR)","30.01.2020 02:00 - 30.01.2020 03:00 (CET/CEST)","4209"
"France (FR)","30.01.2020 03:00 - 30.01.2020 04:00 (CET/CEST)","4100"
"France (FR)","30.01.2020 04:00 - 30.01.2020 05:00 (CET/CEST)","4046"
"France (FR)","30.01.2020 05:00 - 30.01.2020 06:00 (CET/CEST)","4225"
"France (FR)","30.01.2020 06:00 - 30.01.2020 07:00 (CET/CEST)","4518"
"France (FR)","30.01.2020 07:00 - 30.01.2020 08:00 (CET/CEST)","5364"
"France (FR)","30.01.2020 08:00 - 30.01.2020 09:00 (CET/CEST)","5677"
"France (FR)","30.01.2020 09:00 - 30.01.2020 10:00 (CET/CEST)","5933"
"France (FR)","30.01.2020 10:00 - 30.01.2020 11:00 (CET/CEST)","5754"
"France (FR)","30.01.2020 11:00 - 30.01.2020 12:00 (CET/CEST)","5470"
"France (FR)","30.01.2020 12:00 - 30.01.2020 13:00 (CET/CEST)","5403"
"France (FR)","30.01.2020 13:00 - 30.01.2020 14:00 (CET/CEST)","5149"
"France (FR)","30.01.2020 14:00 - 30.01.2020 15:00 (CET/CEST)","5218"
"France (FR)","30.01.2020 15:00 - 30.01.2020 16:00 (CET/CEST)","5257"
"France (FR)","30.01.2020 16:00 - 30.01.2020 17:00 (CET/CEST)","5648"
"France (FR)","30.01.2020 17:00 - 30.01.2020 18:00 (CET/CEST)","5952"
"France (FR)","30.01.2020 18:00 - 30.01.2020 19:00 (CET/CEST)","6234"
"France (FR)","30.01.2020 19:00 - 30.01.2020 20:00 (CET/CEST)","5955"
"France (FR)","30.01.2020 20:00 - 30.01.2020 21:00 (CET/CEST)","5414"
"France (FR)","30.01.2020 21:00 - 30.01.2020 22:00 (CET/CEST)","5129"
"France (FR)","30.01.2020 22:00 - 30.01.2020 23:00 (CET/CEST)","5019"
"France (FR)","30.01.2020 23:00 - 31.01.2020 00:00 (CET/CEST)","4986"
"France (FR)","31.01.2020 00:00 - 31.01.2020 01:00 (CET/CEST)","4684"
"France (FR)","31.01.2020 01:00 - 31.01.2020 02:00 (CET/CEST)","4478"
"France (FR)","31.01.2020 02:00 - 31.01.2020 03:00 (CET/CEST)","4476"
"France (FR)","31.01.2020 03:00 - 31.01.2020 04:00 (CET/CEST)","4401"
"France (FR)","31.01.2020 04:00 - 31.01.2020 05:00 (CET/CEST)","4389"
"France (FR)","31.01.2020 05:00 - 31.01.2020 06:00 (CET/CEST)","4550"
"France (FR)","31.01.2020 06:00 - 31.01.2020 07:00 (CET/CEST)","4839"
"France (FR)","31.01.2020 07:00 - 31.01.2020 08:00 (CET/CEST)","5641"
"France (FR)","31.01.2020 08:00 - 31.01.2020 09:00 (CET/CEST)","6108"
"France (FR)","31.01.2020 09:00 - 31.01.2020 10:00 (CET/CEST)","6276"
"France (FR)","31.01.2020 10:00 - 31.01.2020 11:00 (CET/CEST)","6302"
"France (FR)","31.01.2020 11:00 - 31.01.2020 12:00 (CET/CEST)","6100"
"France (FR)","31.01.2020 12:00 - 31.01.2020 13:00 (CET/CEST)","5836"
"France (FR)","31.01.2020 13:00 - 31.01.2020 14:00 (CET/CEST)","5532"
"France (FR)","31.01.2020 14:00 - 31.01.2020 15:00 (CET/CEST)","5058"
"France (FR)","31.01.2020 15:00 - 31.01.2020 16:00 (CET/CEST)","5154"
"France (FR)","31.01.2020 16:00 - 31.01.2020 17:00 (CET/CEST)","5276"
"France (FR)","31.01.2020 17:00 - 31.01.2020 18:00 (CET/CEST)","5632"
"France (FR)","31.01.2020 18:00 - 31.01.2020 19:00 (CET/CEST)","5956"
"France (FR)","31.01.2020 19:00 - 31.01.2020 20:00 (CET/CEST)","6048"
"France (FR)","31.01.2020 20:00 - 31.01.2020 21:00 (CET/CEST)","5922"
"France (FR)","31.01.2020 21:00 - 31.01.2020 22:00 (CET/CEST)","5574"
"France (FR)","31.01.2020 22:00 - 31.01.2020 23:00 (CET/CEST)","5395"
"France (FR)","31.01.2020 23:00 - 01.02.2020 00:00 (CET/CEST)","5211"
"France (FR)","01.02.2020 00:00 - 01.02.2020 01:00 (CET/CEST)","4823"
"France (FR)","01.02.2020 01:00 - 01.02.2020 02:00 (CET/CEST)","4704"
"France (FR)","01.02.2020 02:00 - 01.02.2020 03:00 (CET/CEST)","4574"
"France (FR)","01.02.2020 03:00 - 01.02.2020 04:00 (CET/CEST)","4596"
"France (FR)","01.02.2020 04:00 - 01.02.2020 05:00 (CET/CEST)","4656"
"France (FR)","01.02.2020 05:00 - 01.02.2020 06:00 (CET/CEST)","4747"
"France (FR)","01.02.2020 06:00 - 01.02.2020 07:00 (CET/CEST)","4745"
"France (FR)","01.02.2020 07:00 - 01.02.2020 08:00 (CET/CEST)","4922"
"France (FR)","01.02.2020 08:00 - 01.02.2020 09:00 (CET/CEST)","5126"
"France (FR)","01.02.2020 09:00 - 01.02.2020 10:00 (CET/CEST)","5439"
"France (FR)","01.02.2020 10:00 - 01.02.2020 11:00 (CET/CEST)","5513"
"France (FR)","01.02.2020 11:00 - 01.02.2020 12:00 (CET/CEST)","5432"
"France (FR)","01.02.2020 12:00 - 01.02.2020 13:00 (CET/CEST)","5488"
"France (FR)","01.02.2020 13:00 - 01.02.2020 14:00 (CET/CEST)","5098"
"France (FR)","01.02.2020 14:00 - 01.02.2020 15:00 (CET/CEST)","4921"
"France (FR)","01.02.2020 15:00 - 01.02.2020 16:00 (CET/CEST)","4986"
"France (FR)","01.02.2020 16:00 - 01.02.2020 17:00 (CET/CEST)","5082"
"France (FR)","01.02.2020 17:00 - 01.02.2020 18:00 (CET/CEST)","5247"
"France (FR)","01.02.2020 18:00 - 01.02.2020 19:00 (CET/CEST)","5872"
"France (FR)","01.02.2020 19:00 - 01.02.2020 20:00 (CET/CEST)","6098"
"France (FR)","01.02.2020 20:00 - 01.02.2020 21:00 (CET/CEST)","5412"
"France (FR)","01.02.2020 21:00 - 01.02.2020 22:00 (CET/CEST)","5070"
"France (FR)","01.02.2020 22:00 - 01.02.2020 23:00 (CET/CEST)","5093"
"France (FR)","01.02.2020 23:00 - 02.02.2020 00:00 (CET/CEST)","5122"
"France (FR)","02.02.2020 00:00 - 02.02.2020 01:00 (CET/CEST)","4958"
"France (FR)","02.02.2020 01:00 - 02.02.2020 02:00 (CET/CEST)","4821"
"France (FR)","02.02.2020 02:00 - 02.02.2020 03:00 (CET/CEST)","4744"
"France (FR)","02.02.2020 03:00 - 02.02.2020 04:00 (CET/CEST)","4644"
"France (FR)","02.02.2020 04:00 - 02.02.2020 05:00 (CET/CEST)","4709"
"France (FR)","02.02.2020 05:00 - 02.02.2020 06:00 (CET/CEST)","4744"
"France (FR)","02.02.2020 06:00 - 02.02.2020 07:00 (CET/CEST)","4873"
"France (FR)","02.02.2020 07:00 - 02.02.2020 08:00 (CET/CEST)","4883"
"France (FR)","02.02.2020 08:00 - 02.02.2020 09:00 (CET/CEST)","4986"
"France (FR)","02.02.2020 09:00 - 02.02.2020 10:00 (CET/CEST)","5128"
"France (FR)","02.02.2020 10:00 - 02.02.2020 11:00 (CET/CEST)","5179"
"France (FR)","02.02.2020 11:00 - 02.02.2020 12:00 (CET/CEST)","5266"
"France (FR)","02.02.2020 12:00 - 02.02.2020 13:00 (CET/CEST)","5356"
"France (FR)","02.02.2020 13:00 - 02.02.2020 14:00 (CET/CEST)","5025"
"France (FR)","02.02.2020 14:00 - 02.02.2020 15:00 (CET/CEST)","4905"
"France (FR)","02.02.2020 15:00 - 02.02.2020 16:00 (CET/CEST)","4906"
"France (FR)","02.02.2020 16:00 - 02.02.2020 17:00 (CET/CEST)","5164"
"France (FR)","02.02.2020 17:00 - 02.02.2020 18:00 (CET/CEST)","5385"
"France (FR)","02.02.2020 18:00 - 02.02.2020 19:00 (CET/CEST)","6073"
"France (FR)","02.02.2020 19:00 - 02.02.2020 20:00 (CET/CEST)","6378"
"France (FR)","02.02.2020 20:00 - 02.02.2020 21:00 (CET/CEST)","5996"
"France (FR)","02.02.2020 21:00 - 02.02.2020 22:00 (CET/CEST)","5813"
"France (FR)","02.02.2020 22:00 - 02.02.2020 23:00 (CET/CEST)","5788"
"France (FR)","02.02.2020 23:00 - 03.02.2020 00:00 (CET/CEST)","5675"
"France (FR)","03.02.2020 00:00 - 03.02.2020 01:00 (CET/CEST)","5456"
"France (FR)","03.02.2020 01:00 - 03.02.2020 02:00 (CET/CEST)","5426"
"France (FR)","03.02.2020 02:00 - 03.02.2020 03:00 (CET/CEST)","5410"
"France (FR)","03.02.2020 03:00 - 03.02.2020 04:00 (CET/CEST)","5374"
"France (FR)","03.02.2020 04:00 - 03.02.2020 05:00 (CET/CEST)","5398"
"France (FR)","03.02.2020 05:00 - 03.02.2020 06:00 (CET/CEST)","5485"
"France (FR)","03.02.2020 06:00 - 03.02.2020 07:00 (CET/CEST)","5660"
"France (FR)","03.02.2020 07:00 - 03.02.2020 08:00 (CET/CEST)","5986"
"France (FR)","03.02.2020 08:00 - 03.02.2020 09:00 (CET/CEST)","6259"
"France (FR)","03.02.2020 09:00 - 03.02.2020 10:00 (CET/CEST)","6129"
"France (FR)","03.02.2020 10:00 - 03.02.2020 11:00 (CET/CEST)","5919"
"France (FR)","03.02.2020 11:00 - 03.02.2020 12:00 (CET/CEST)","5778"
"France (FR)","03.02.2020 12:00 - 03.02.2020 13:00 (CET/CEST)","5661"
"France (FR)","03.02.2020 13:00 - 03.02.2020 14:00 (CET/CEST)","5572"
"France (FR)","03.02.2020 14:00 - 03.02.2020 15:00 (CET/CEST)","5440"
"France (FR)","03.02.2020 15:00 - 03.02.2020 16:00 (CET/CEST)","5415"
"France (FR)","03.02.2020 16:00 - 03.02.2020 17:00 (CET/CEST)","5557"
"France (FR)","03.02.2020 17:00 - 03.02.2020 18:00 (CET/CEST)","5789"
"France (FR)","03.02.2020 18:00 - 03.02.2020 19:00 (CET/CEST)","6378"
"France (FR)","03.02.2020 19:00 - 03.02.2020 20:00 (CET/CEST)","6407"
"France (FR)","03.02.2020 20:00 - 03.02.2020 21:00 (CET/CEST)","5936"
"France (FR)","03.02.2020 21:00 - 03.02.2020 22:00 (CET/CEST)","5754"
"France (FR)","03.02.2020 22:00 - 03.02.2020 23:00 (CET/CEST)","5638"
"France (FR)","03.02.2020 23:00 - 04.02.2020 00:00 (CET/CEST)","5592"
"France (FR)","04.02.2020 00:00 - 04.02.2020 01:00 (CET/CEST)","5468"
"France (FR)","04.02.2020 01:00 - 04.02.2020 02:00 (CET/CEST)","5455"
"France (FR)","04.02.2020 02:00 - 04.02.2020 03:00 (CET/CEST)","5324"
"France (FR)","04.02.2020 03:00 - 04.02.2020 04:00 (CET/CEST)","5293"
"France (FR)","04.02.2020 04:00 - 04.02.2020 05:00 (CET/CEST)","5346"
"France (FR)","04.02.2020 05:00 - 04.02.2020 06:00 (CET/CEST)","5323"
"France (FR)","04.02.2020 06:00 - 04.02.2020 07:00 (CET/CEST)","5485"
"France (FR)","04.02.2020 07:00 - 04.02.2020 08:00 (CET/CEST)","5737"
"France (FR)","04.02.2020 08:00 - 04.02.2020 09:00 (CET/CEST)","6044"
"France (FR)","04.02.2020 09:00 - 04.02.2020 10:00 (CET/CEST)","5895"
"France (FR)","04.02.2020 10:00 - 04.02.2020 11:00 (CET/CEST)","5675"
"France (FR)","04.02.2020 11:00 - 04.02.2020 12:00 (CET/CEST)","5561"
"France (FR)","04.02.2020 12:00 - 04.02.2020 13:00 (CET/CEST)","5452"
"France (FR)","04.02.2020 13:00 - 04.02.2020 14:00 (CET/CEST)","5406"
"France (FR)","04.02.2020 14:00 - 04.02.2020 15:00 (CET/CEST)","5277"
"France (FR)","04.02.2020 15:00 - 04.02.2020 16:00 (CET/CEST)","5411"
"France (FR)","04.02.2020 16:00 - 04.02.2020 17:00 (CET/CEST)","5838"
"France (FR)","04.02.2020 17:00 - 04.02.2020 18:00 (CET/CEST)","6202"
"France (FR)","04.02.2020 18:00 - 04.02.2020 19:00 (CET/CEST)","6739"
"France (FR)","04.02.2020 19:00 - 04.02.2020 20:00 (CET/CEST)","6935"
"France (FR)","04.02.2020 20:00 - 04.02.2020 21:00 (CET/CEST)","6623"
"France (FR)","04.02.2020 21:00 - 04.02.2020 22:00 (CET/CEST)","6239"
"France (FR)","04.02.2020 22:00 - 04.02.2020 23:00 (CET/CEST)","6125"
"France (FR)","04.02.2020 23:00 - 05.02.2020 00:00 (CET/CEST)","6050"
"France (FR)","05.02.2020 00:00 - 05.02.2020 01:00 (CET/CEST)","5768"
"France (FR)","05.02.2020 01:00 - 05.02.2020 02:00 (CET/CEST)","5650"
"France (FR)","05.02.2020 02:00 - 05.02.2020 03:00 (CET/CEST)","5505"
"France (FR)","05.02.2020 03:00 - 05.02.2020 04:00 (CET/CEST)","5390"
"France (FR)","05.02.2020 04:00 - 05.02.2020 05:00 (CET/CEST)","5433"
"France (FR)","05.02.2020 05:00 - 05.02.2020 06:00 (CET/CEST)","5667"
"France (FR)","05.02.2020 06:00 - 05.02.2020 07:00 (CET/CEST)","6291"
"France (FR)","05.02.2020 07:00 - 05.02.2020 08:00 (CET/CEST)","6984"
"France (FR)","05.02.2020 08:00 - 05.02.2020 09:00 (CET/CEST)","7127"
"France (FR)","05.02.2020 09:00 - 05.02.2020 10:00 (CET/CEST)","7122"
"France (FR)","05.02.2020 10:00 - 05.02.2020 11:00 (CET/CEST)","6909"
"France (FR)","05.02.2020 11:00 - 05.02.2020 12:00 (CET/CEST)","6528"
"France (FR)","05.02.2020 12:00 - 05.02.2020 13:00 (CET/CEST)","6321"
"France (FR)","05.02.2020 13:00 - 05.02.2020 14:00 (CET/CEST)","6173"
"France (FR)","05.02.2020 14:00 - 05.02.2020 15:00 (CET/CEST)","5996"
"France (FR)","05.02.2020 15:00 - 05.02.2020 16:00 (CET/CEST)","5999"
"France (FR)","05.02.2020 16:00 - 05.02.2020 17:00 (CET/CEST)","6243"
"France (FR)","05.02.2020 17:00 - 05.02.2020 18:00 (CET/CEST)","6552"
"France (FR)","05.02.2020 18:00 - 05.02.2020 19:00 (CET/CEST)","7044"
"France (FR)","05.02.2020 19:00 - 05.02.2020 20:00 (CET/CEST)","7196"
"France (FR)","05.02.2020 20:00 - 05.02.2020 21:00 (CET/CEST)","6919"
"France (FR)","05.02.2020 21:00 - 05.02.2020 22:00 (CET/CEST)","6708"
"France (FR)","05.02.2020 22:00 - 05.02.2020 23:00 (CET/CEST)","6454"
"France (FR)","05.02.2020 23:00 - 06.02.2020 00:00 (CET/CEST)","6404"
"France (FR)","06.02.2020 00:00 - 06.02.2020 01:00 (CET/CEST)","6208"
"France (FR)","06.02.2020 01:00 - 06.02.2020 02:00 (CET/CEST)","5912"
"France (FR)","06.02.2020 02:00 - 06.02.2020 03:00 (CET/CEST)","5579"
"France (FR)","06.02.2020 03:00 - 06.02.2020 04:00 (CET/CEST)","5512"
"France (FR)","06.02.2020 04:00 - 06.02.2020 05:00 (CET/CEST)","5608"
"France (FR)","06.02.2020 05:00 - 06.02.2020 06:00 (CET/CEST)","5657"
"France (FR)","06.02.2020 06:00 - 06.02.2020 07:00 (CET/CEST)","6306"
"France (FR)","06.02.2020 07:00 - 06.02.2020 08:00 (CET/CEST)","6776"
"France (FR)","06.02.2020 08:00 - 06.02.2020 09:00 (CET/CEST)","7066"
"France (FR)","06.02.2020 09:00 - 06.02.2020 10:00 (CET/CEST)","7231"
"France (FR)","06.02.2020 10:00 - 06.02.2020 11:00 (CET/CEST)","7047"
"France (FR)","06.02.2020 11:00 - 06.02.2020 12:00 (CET/CEST)","6898"
"France (FR)","06.02.2020 12:00 - 06.02.2020 13:00 (CET/CEST)","6628"
"France (FR)","06.02.2020 13:00 - 06.02.2020 14:00 (CET/CEST)","6439"
"France (FR)","06.02.2020 14:00 - 06.02.2020 15:00 (CET/CEST)","6261"
"France (FR)","06.02.2020 15:00 - 06.02.2020 16:00 (CET/CEST)","6178"
"France (FR)","06.02.2020 16:00 - 06.02.2020 17:00 (CET/CEST)","6378"
"France (FR)","06.02.2020 17:00 - 06.02.2020 18:00 (CET/CEST)","6756"
"France (FR)","06.02.2020 18:00 - 06.02.2020 19:00 (CET/CEST)","7112"
"France (FR)","06.02.2020 19:00 - 06.02.2020 20:00 (CET/CEST)","7506"
"France (FR)","06.02.2020 20:00 - 06.02.2020 21:00 (CET/CEST)","7346"
"France (FR)","06.02.2020 21:00 - 06.02.2020 22:00 (CET/CEST)","7032"
"France (FR)","06.02.2020 22:00 - 06.02.2020 23:00 (CET/CEST)","6764"
"France (FR)","06.02.2020 23:00 - 07.02.2020 00:00 (CET/CEST)","6671"
"France (FR)","07.02.2020 00:00 - 07.02.2020 01:00 (CET/CEST)","6185"
"France (FR)","07.02.2020 01:00 - 07.02.2020 02:00 (CET/CEST)","5990"
"France (FR)","07.02.2020 02:00 - 07.02.2020 03:00 (CET/CEST)","5856"
"France (FR)","07.02.2020 03:00 - 07.02.2020 04:00 (CET/CEST)","5708"
"France (FR)","07.02.2020 04:00 - 07.02.2020 05:00 (CET/CEST)","5632"
"France (FR)","07.02.2020 05:00 - 07.02.2020 06:00 (CET/CEST)","5710"
"France (FR)","07.02.2020 06:00 - 07.02.2020 07:00 (CET/CEST)","6266"
"France (FR)","07.02.2020 07:00 - 07.02.2020 08:00 (CET/CEST)","7078"
"France (FR)","07.02.2020 08:00 - 07.02.2020 09:00 (CET/CEST)","7404"
"France (FR)","07.02.2020 09:00 - 07.02.2020 10:00 (CET/CEST)","7353"
"France (FR)","07.02.2020 10:00 - 07.02.2020 11:00 (CET/CEST)","7324"
"France (FR)","07.02.2020 11:00 - 07.02.2020 12:00 (CET/CEST)","7100"
"France (FR)","07.02.2020 12:00 - 07.02.2020 13:00 (CET/CEST)","6759"
"France (FR)","07.02.2020 13:00 - 07.02.2020 14:00 (CET/CEST)","6450"
"France (FR)","07.02.2020 14:00 - 07.02.2020 15:00 (CET/CEST)","6050"
"France (FR)","07.02.2020 15:00 - 07.02.2020 16:00 (CET/CEST)","6047"
"France (FR)","07.02.2020 16:00 - 07.02.2020 17:00 (CET/CEST)","6285"
"France (FR)","07.02.2020 17:00 - 07.02.2020 18:00 (CET/CEST)","6862"
"France (FR)","07.02.2020 18:00 - 07.02.2020 19:00 (CET/CEST)","7149"
"France (FR)","07.02.2020 19:00 - 07.02.2020 20:00 (CET/CEST)","7023"
"France (FR)","07.02.2020 20:00 - 07.02.2020 21:00 (CET/CEST)","6637"
"France (FR)","07.02.2020 21:00 - 07.02.2020 22:00 (CET/CEST)","6114"
"France (FR)","07.02.2020 22:00 - 07.02.2020 23:00 (CET/CEST)","6086"
"France (FR)","07.02.2020 23:00 - 08.02.2020 00:00 (CET/CEST)","6004"
"France (FR)","08.02.2020 00:00 - 08.02.2020 01:00 (CET/CEST)","5631"
"France (FR)","08.02.2020 01:00 - 08.02.2020 02:00 (CET/CEST)","5373"
"France (FR)","08.02.2020 02:00 - 08.02.2020 03:00 (CET/CEST)","5183"
"France (FR)","08.02.2020 03:00 - 08.02.2020 04:00 (CET/CEST)","5085"
"France (FR)","08.02.2020 04:00 - 08.02.2020 05:00 (CET/CEST)","5088"
"France (FR)","08.02.2020 05:00 - 08.02.2020 06:00 (CET/CEST)","5054"
"France (FR)","08.02.2020 06:00 - 08.02.2020 07:00 (CET/CEST)","5116"
"France (FR)","08.02.2020 07:00 - 08.02.2020 08:00 (CET/CEST)","5219"
"France (FR)","08.02.2020 08:00 - 08.02.2020 09:00 (CET/CEST)","5433"
"France (FR)","08.02.2020 09:00 - 08.02.2020 10:00 (CET/CEST)","5663"
"France (FR)","08.02.2020 10:00 - 08.02.2020 11:00 (CET/CEST)","5777"
"France (FR)","08.02.2020 11:00 - 08.02.2020 12:00 (CET/CEST)","5711"
"France (FR)","08.02.2020 12:00 - 08.02.2020 13:00 (CET/CEST)","6008"
"France (FR)","08.02.2020 13:00 - 08.02.2020 14:00 (CET/CEST)","5662"
"France (FR)","08.02.2020 14:00 - 08.02.2020 15:00 (CET/CEST)","5495"
"France (FR)","08.02.2020 15:00 - 08.02.2020 16:00 (CET/CEST)","5562"
"France (FR)","08.02.2020 16:00 - 08.02.2020 17:00 (CET/CEST)","5641"
"France (FR)","08.02.2020 17:00 - 08.02.2020 18:00 (CET/CEST)","5935"
"France (FR)","08.02.2020 18:00 - 08.02.2020 19:00 (CET/CEST)","6433"
"France (FR)","08.02.2020 19:00 - 08.02.2020 20:00 (CET/CEST)","6325"
"France (FR)","08.02.2020 20:00 - 08.02.2020 21:00 (CET/CEST)","5869"
"France (FR)","08.02.2020 21:00 - 08.02.2020 22:00 (CET/CEST)","5438"
"France (FR)","08.02.2020 22:00 - 08.02.2020 23:00 (CET/CEST)","5377"
"France (FR)","08.02.2020 23:00 - 09.02.2020 00:00 (CET/CEST)","5420"
"France (FR)","09.02.2020 00:00 - 09.02.2020 01:00 (CET/CEST)","5355"
"France (FR)","09.02.2020 01:00 - 09.02.2020 02:00 (CET/CEST)","5280"
"France (FR)","09.02.2020 02:00 - 09.02.2020 03:00 (CET/CEST)","5197"
"France (FR)","09.02.2020 03:00 - 09.02.2020 04:00 (CET/CEST)","4988"
"France (FR)","09.02.2020 04:00 - 09.02.2020 05:00 (CET/CEST)","4854"
"France (FR)","09.02.2020 05:00 - 09.02.2020 06:00 (CET/CEST)","4809"
"France (FR)","09.02.2020 06:00 - 09.02.2020 07:00 (CET/CEST)","4806"
"France (FR)","09.02.2020 07:00 - 09.02.2020 08:00 (CET/CEST)","4801"
"France (FR)","09.02.2020 08:00 - 09.02.2020 09:00 (CET/CEST)","4780"
"France (FR)","09.02.2020 09:00 - 09.02.2020 10:00 (CET/CEST)","4838"
"France (FR)","09.02.2020 10:00 - 09.02.2020 11:00 (CET/CEST)","5051"
"France (FR)","09.02.2020 11:00 - 09.02.2020 12:00 (CET/CEST)","5188"
"France (FR)","09.02.2020 12:00 - 09.02.2020 13:00 (CET/CEST)","5172"
"France (FR)","09.02.2020 13:00 - 09.02.2020 14:00 (CET/CEST)","5004"
"France (FR)","09.02.2020 14:00 - 09.02.2020 15:00 (CET/CEST)","4860"
"France (FR)","09.02.2020 15:00 - 09.02.2020 16:00 (CET/CEST)","4757"
"France (FR)","09.02.2020 16:00 - 09.02.2020 17:00 (CET/CEST)","4768"
"France (FR)","09.02.2020 17:00 - 09.02.2020 18:00 (CET/CEST)","4921"
"France (FR)","09.02.2020 18:00 - 09.02.2020 19:00 (CET/CEST)","5429"
"France (FR)","09.02.2020 19:00 - 09.02.2020 20:00 (CET/CEST)","5685"
"France (FR)","09.02.2020 20:00 - 09.02.2020 21:00 (CET/CEST)","5424"
"France (FR)","09.02.2020 21:00 - 09.02.2020 22:00 (CET/CEST)","5006"
"France (FR)","09.02.2020 22:00 - 09.02.2020 23:00 (CET/CEST)","5091"
"France (FR)","09.02.2020 23:00 - 10.02.2020 00:00 (CET/CEST)","5099"
"France (FR)","10.02.2020 00:00 - 10.02.2020 01:00 (CET/CEST)","5074"
"France (FR)","10.02.2020 01:00 - 10.02.2020 02:00 (CET/CEST)","5021"
"France (FR)","10.02.2020 02:00 - 10.02.2020 03:00 (CET/CEST)","4993"
"France (FR)","10.02.2020 03:00 - 10.02.2020 04:00 (CET/CEST)","4894"
"France (FR)","10.02.2020 04:00 - 10.02.2020 05:00 (CET/CEST)","4875"
"France (FR)","10.02.2020 05:00 - 10.02.2020 06:00 (CET/CEST)","4924"
"France (FR)","10.02.2020 06:00 - 10.02.2020 07:00 (CET/CEST)","5042"
"France (FR)","10.02.2020 07:00 - 10.02.2020 08:00 (CET/CEST)","5368"
"France (FR)","10.02.2020 08:00 - 10.02.2020 09:00 (CET/CEST)","5692"
"France (FR)","10.02.2020 09:00 - 10.02.2020 10:00 (CET/CEST)","5771"
"France (FR)","10.02.2020 10:00 - 10.02.2020 11:00 (CET/CEST)","5535"
"France (FR)","10.02.2020 11:00 - 10.02.2020 12:00 (CET/CEST)","5445"
"France (FR)","10.02.2020 12:00 - 10.02.2020 13:00 (CET/CEST)","5491"
"France (FR)","10.02.2020 13:00 - 10.02.2020 14:00 (CET/CEST)","5383"
"France (FR)","10.02.2020 14:00 - 10.02.2020 15:00 (CET/CEST)","5283"
"France (FR)","10.02.2020 15:00 - 10.02.2020 16:00 (CET/CEST)","5259"
"France (FR)","10.02.2020 16:00 - 10.02.2020 17:00 (CET/CEST)","5264"
"France (FR)","10.02.2020 17:00 - 10.02.2020 18:00 (CET/CEST)","5476"
"France (FR)","10.02.2020 18:00 - 10.02.2020 19:00 (CET/CEST)","6113"
"France (FR)","10.02.2020 19:00 - 10.02.2020 20:00 (CET/CEST)","6287"
"France (FR)","10.02.2020 20:00 - 10.02.2020 21:00 (CET/CEST)","5910"
"France (FR)","10.02.2020 21:00 - 10.02.2020 22:00 (CET/CEST)","5533"
"France (FR)","10.02.2020 22:00 - 10.02.2020 23:00 (CET/CEST)","5321"
"France (FR)","10.02.2020 23:00 - 11.02.2020 00:00 (CET/CEST)","5346"
"France (FR)","11.02.2020 00:00 - 11.02.2020 01:00 (CET/CEST)","5147"
"France (FR)","11.02.2020 01:00 - 11.02.2020 02:00 (CET/CEST)","5086"
"France (FR)","11.02.2020 02:00 - 11.02.2020 03:00 (CET/CEST)","5011"
"France (FR)","11.02.2020 03:00 - 11.02.2020 04:00 (CET/CEST)","5062"
"France (FR)","11.02.2020 04:00 - 11.02.2020 05:00 (CET/CEST)","5084"
"France (FR)","11.02.2020 05:00 - 11.02.2020 06:00 (CET/CEST)","5018"
"France (FR)","11.02.2020 06:00 - 11.02.2020 07:00 (CET/CEST)","5240"
"France (FR)","11.02.2020 07:00 - 11.02.2020 08:00 (CET/CEST)","5702"
"France (FR)","11.02.2020 08:00 - 11.02.2020 09:00 (CET/CEST)","6158"
"France (FR)","11.02.2020 09:00 - 11.02.2020 10:00 (CET/CEST)","6174"
"France (FR)","11.02.2020 10:00 - 11.02.2020 11:00 (CET/CEST)","5605"
"France (FR)","11.02.2020 11:00 - 11.02.2020 12:00 (CET/CEST)","5388"
"France (FR)","11.02.2020 12:00 - 11.02.2020 13:00 (CET/CEST)","5585"
"France (FR)","11.02.2020 13:00 - 11.02.2020 14:00 (CET/CEST)","5509"
"France (FR)","11.02.2020 14:00 - 11.02.2020 15:00 (CET/CEST)","5401"
"France (FR)","11.02.2020 15:00 - 11.02.2020 16:00 (CET/CEST)","5418"
"France (FR)","11.02.2020 16:00 - 11.02.2020 17:00 (CET/CEST)","5574"
"France (FR)","11.02.2020 17:00 - 11.02.2020 18:00 (CET/CEST)","5733"
"France (FR)","11.02.2020 18:00 - 11.02.2020 19:00 (CET/CEST)","6364"
"France (FR)","11.02.2020 19:00 - 11.02.2020 20:00 (CET/CEST)","6562"
"France (FR)","11.02.2020 20:00 - 11.02.2020 21:00 (CET/CEST)","6270"
"France (FR)","11.02.2020 21:00 - 11.02.2020 22:00 (CET/CEST)","5809"
"France (FR)","11.02.2020 22:00 - 11.02.2020 23:00 (CET/CEST)","5690"
"France (FR)","11.02.2020 23:00 - 12.02.2020 00:00 (CET/CEST)","5673"
"France (FR)","12.02.2020 00:00 - 12.02.2020 01:00 (CET/CEST)","5398"
"France (FR)","12.02.2020 01:00 - 12.02.2020 02:00 (CET/CEST)","5177"
"France (FR)","12.02.2020 02:00 - 12.02.2020 03:00 (CET/CEST)","5071"
"France (FR)","12.02.2020 03:00 - 12.02.2020 04:00 (CET/CEST)","4906"
"France (FR)","12.02.2020 04:00 - 12.02.2020 05:00 (CET/CEST)","4849"
"France (FR)","12.02.2020 05:00 - 12.02.2020 06:00 (CET/CEST)","4806"
"France (FR)","12.02.2020 06:00 - 12.02.2020 07:00 (CET/CEST)","5175"
"France (FR)","12.02.2020 07:00 - 12.02.2020 08:00 (CET/CEST)","5860"
"France (FR)","12.02.2020 08:00 - 12.02.2020 09:00 (CET/CEST)","6214"
"France (FR)","12.02.2020 09:00 - 12.02.2020 10:00 (CET/CEST)","6061"
"France (FR)","12.02.2020 10:00 - 12.02.2020 11:00 (CET/CEST)","5907"
"France (FR)","12.02.2020 11:00 - 12.02.2020 12:00 (CET/CEST)","5761"
"France (FR)","12.02.2020 12:00 - 12.02.2020 13:00 (CET/CEST)","5685"
"France (FR)","12.02.2020 13:00 - 12.02.2020 14:00 (CET/CEST)","5591"
"France (FR)","12.02.2020 14:00 - 12.02.2020 15:00 (CET/CEST)","5391"
"France (FR)","12.02.2020 15:00 - 12.02.2020 16:00 (CET/CEST)","5288"
"France (FR)","12.02.2020 16:00 - 12.02.2020 17:00 (CET/CEST)","5603"
"France (FR)","12.02.2020 17:00 - 12.02.2020 18:00 (CET/CEST)","5906"
"France (FR)","12.02.2020 18:00 - 12.02.2020 19:00 (CET/CEST)","6327"
"France (FR)","12.02.2020 19:00 - 12.02.2020 20:00 (CET/CEST)","6795"
"France (FR)","12.02.2020 20:00 - 12.02.2020 21:00 (CET/CEST)","6410"
"France (FR)","12.02.2020 21:00 - 12.02.2020 22:00 (CET/CEST)","6075"
"France (FR)","12.02.2020 22:00 - 12.02.2020 23:00 (CET/CEST)","5944"
"France (FR)","12.02.2020 23:00 - 13.02.2020 00:00 (CET/CEST)","5847"
"France (FR)","13.02.2020 00:00 - 13.02.2020 01:00 (CET/CEST)","5325"
"France (FR)","13.02.2020 01:00 - 13.02.2020 02:00 (CET/CEST)","5044"
"France (FR)","13.02.2020 02:00 - 13.02.2020 03:00 (CET/CEST)","4935"
"France (FR)","13.02.2020 03:00 - 13.02.2020 04:00 (CET/CEST)","4912"
"France (FR)","13.02.2020 04:00 - 13.02.2020 05:00 (CET/CEST)","4953"
"France (FR)","13.02.2020 05:00 - 13.02.2020 06:00 (CET/CEST)","5066"
"France (FR)","13.02.2020 06:00 - 13.02.2020 07:00 (CET/CEST)","5400"
"France (FR)","13.02.2020 07:00 - 13.02.2020 08:00 (CET/CEST)","6042"
"France (FR)","13.02.2020 08:00 - 13.02.2020 09:00 (CET/CEST)","6279"
"France (FR)","13.02.2020 09:00 - 13.02.2020 10:00 (CET/CEST)","6317"
"France (FR)","13.02.2020 10:00 - 13.02.2020 11:00 (CET/CEST)","6238"
"France (FR)","13.02.2020 11:00 - 13.02.2020 12:00 (CET/CEST)","6109"
"France (FR)","13.02.2020 12:00 - 13.02.2020 13:00 (CET/CEST)","5793"
"France (FR)","13.02.2020 13:00 - 13.02.2020 14:00 (CET/CEST)","5728"
"France (FR)","13.02.2020 14:00 - 13.02.2020 15:00 (CET/CEST)","5684"
"France (FR)","13.02.2020 15:00 - 13.02.2020 16:00 (CET/CEST)","5582"
"France (FR)","13.02.2020 16:00 - 13.02.2020 17:00 (CET/CEST)","5668"
"France (FR)","13.02.2020 17:00 - 13.02.2020 18:00 (CET/CEST)","5845"
"France (FR)","13.02.2020 18:00 - 13.02.2020 19:00 (CET/CEST)","6483"
"France (FR)","13.02.2020 19:00 - 13.02.2020 20:00 (CET/CEST)","6807"
"France (FR)","13.02.2020 20:00 - 13.02.2020 21:00 (CET/CEST)","6312"
"France (FR)","13.02.2020 21:00 - 13.02.2020 22:00 (CET/CEST)","5846"
"France (FR)","13.02.2020 22:00 - 13.02.2020 23:00 (CET/CEST)","5717"
"France (FR)","13.02.2020 23:00 - 14.02.2020 00:00 (CET/CEST)","5683"
"France (FR)","14.02.2020 00:00 - 14.02.2020 01:00 (CET/CEST)","5392"
"France (FR)","14.02.2020 01:00 - 14.02.2020 02:00 (CET/CEST)","5147"
"France (FR)","14.02.2020 02:00 - 14.02.2020 03:00 (CET/CEST)","5224"
"France (FR)","14.02.2020 03:00 - 14.02.2020 04:00 (CET/CEST)","5249"
"France (FR)","14.02.2020 04:00 - 14.02.2020 05:00 (CET/CEST)","5296"
"France (FR)","14.02.2020 05:00 - 14.02.2020 06:00 (CET/CEST)","5495"
"France (FR)","14.02.2020 06:00 - 14.02.2020 07:00 (CET/CEST)","5936"
"France (FR)","14.02.2020 07:00 - 14.02.2020 08:00 (CET/CEST)","6434"
"France (FR)","14.02.2020 08:00 - 14.02.2020 09:00 (CET/CEST)","6640"
"France (FR)","14.02.2020 09:00 - 14.02.2020 10:00 (CET/CEST)","6782"
"France (FR)","14.02.2020 10:00 - 14.02.2020 11:00 (CET/CEST)","6765"
"France (FR)","14.02.2020 11:00 - 14.02.2020 12:00 (CET/CEST)","6660"
"France (FR)","14.02.2020 12:00 - 14.02.2020 13:00 (CET/CEST)","6485"
"France (FR)","14.02.2020 13:00 - 14.02.2020 14:00 (CET/CEST)","6010"
"France (FR)","14.02.2020 14:00 - 14.02.2020 15:00 (CET/CEST)","5836"
"France (FR)","14.02.2020 15:00 - 14.02.2020 16:00 (CET/CEST)","5681"
"France (FR)","14.02.2020 16:00 - 14.02.2020 17:00 (CET/CEST)","5724"
"France (FR)","14.02.2020 17:00 - 14.02.2020 18:00 (CET/CEST)","6000"
"France (FR)","14.02.2020 18:00 - 14.02.2020 19:00 (CET/CEST)","6779"
"France (FR)","14.02.2020 19:00 - 14.02.2020 20:00 (CET/CEST)","7047"
"France (FR)","14.02.2020 20:00 - 14.02.2020 21:00 (CET/CEST)","6651"
"France (FR)","14.02.2020 21:00 - 14.02.2020 22:00 (CET/CEST)","6264"
"France (FR)","14.02.2020 22:00 - 14.02.2020 23:00 (CET/CEST)","5942"
"France (FR)","14.02.2020 23:00 - 15.02.2020 00:00 (CET/CEST)","5724"
"France (FR)","15.02.2020 00:00 - 15.02.2020 01:00 (CET/CEST)","5699"
"France (FR)","15.02.2020 01:00 - 15.02.2020 02:00 (CET/CEST)","5611"
"France (FR)","15.02.2020 02:00 - 15.02.2020 03:00 (CET/CEST)","5484"
"France (FR)","15.02.2020 03:00 - 15.02.2020 04:00 (CET/CEST)","5486"
"France (FR)","15.02.2020 04:00 - 15.02.2020 05:00 (CET/CEST)","5501"
"France (FR)","15.02.2020 05:00 - 15.02.2020 06:00 (CET/CEST)","5425"
"France (FR)","15.02.2020 06:00 - 15.02.2020 07:00 (CET/CEST)","5586"
"France (FR)","15.02.2020 07:00 - 15.02.2020 08:00 (CET/CEST)","5707"
"France (FR)","15.02.2020 08:00 - 15.02.2020 09:00 (CET/CEST)","5977"
"France (FR)","15.02.2020 09:00 - 15.02.2020 10:00 (CET/CEST)","6004"
"France (FR)","15.02.2020 10:00 - 15.02.2020 11:00 (CET/CEST)","5985"
"France (FR)","15.02.2020 11:00 - 15.02.2020 12:00 (CET/CEST)","5697"
"France (FR)","15.02.2020 12:00 - 15.02.2020 13:00 (CET/CEST)","5386"
"France (FR)","15.02.2020 13:00 - 15.02.2020 14:00 (CET/CEST)","5129"
"France (FR)","15.02.2020 14:00 - 15.02.2020 15:00 (CET/CEST)","5019"
"France (FR)","15.02.2020 15:00 - 15.02.2020 16:00 (CET/CEST)","5221"
"France (FR)","15.02.2020 16:00 - 15.02.2020 17:00 (CET/CEST)","5440"
"France (FR)","15.02.2020 17:00 - 15.02.2020 18:00 (CET/CEST)","5587"
"France (FR)","15.02.2020 18:00 - 15.02.2020 19:00 (CET/CEST)","6143"
"France (FR)","15.02.2020 19:00 - 15.02.2020 20:00 (CET/CEST)","6253"
"France (FR)","15.02.2020 20:00 - 15.02.2020 21:00 (CET/CEST)","5690"
"France (FR)","15.02.2020 21:00 - 15.02.2020 22:00 (CET/CEST)","5375"
"France (FR)","15.02.2020 22:00 - 15.02.2020 23:00 (CET/CEST)","5281"
"France (FR)","15.02.2020 23:00 - 16.02.2020 00:00 (CET/CEST)","5245"
"France (FR)","16.02.2020 00:00 - 16.02.2020 01:00 (CET/CEST)","4947"
"France (FR)","16.02.2020 01:00 - 16.02.2020 02:00 (CET/CEST)","4813"
"France (FR)","16.02.2020 02:00 - 16.02.2020 03:00 (CET/CEST)","4600"
"France (FR)","16.02.2020 03:00 - 16.02.2020 04:00 (CET/CEST)","4487"
"France (FR)","16.02.2020 04:00 - 16.02.2020 05:00 (CET/CEST)","4507"
"France (FR)","16.02.2020 05:00 - 16.02.2020 06:00 (CET/CEST)","4586"
"France (FR)","16.02.2020 06:00 - 16.02.2020 07:00 (CET/CEST)","4597"
"France (FR)","16.02.2020 07:00 - 16.02.2020 08:00 (CET/CEST)","4655"
"France (FR)","16.02.2020 08:00 - 16.02.2020 09:00 (CET/CEST)","4853"
"France (FR)","16.02.2020 09:00 - 16.02.2020 10:00 (CET/CEST)","4967"
"France (FR)","16.02.2020 10:00 - 16.02.2020 11:00 (CET/CEST)","5006"
"France (FR)","16.02.2020 11:00 - 16.02.2020 12:00 (CET/CEST)","5051"
"France (FR)","16.02.2020 12:00 - 16.02.2020 13:00 (CET/CEST)","5043"
"France (FR)","16.02.2020 13:00 - 16.02.2020 14:00 (CET/CEST)","4868"
"France (FR)","16.02.2020 14:00 - 16.02.2020 15:00 (CET/CEST)","4730"
"France (FR)","16.02.2020 15:00 - 16.02.2020 16:00 (CET/CEST)","4561"
"France (FR)","16.02.2020 16:00 - 16.02.2020 17:00 (CET/CEST)","4577"
"France (FR)","16.02.2020 17:00 - 16.02.2020 18:00 (CET/CEST)","4756"
"France (FR)","16.02.2020 18:00 - 16.02.2020 19:00 (CET/CEST)","5199"
"France (FR)","16.02.2020 19:00 - 16.02.2020 20:00 (CET/CEST)","5561"
"France (FR)","16.02.2020 20:00 - 16.02.2020 21:00 (CET/CEST)","5308"
"France (FR)","16.02.2020 21:00 - 16.02.2020 22:00 (CET/CEST)","4984"
"France (FR)","16.02.2020 22:00 - 16.02.2020 23:00 (CET/CEST)","4898"
"France (FR)","16.02.2020 23:00 - 17.02.2020 00:00 (CET/CEST)","4855"
"France (FR)","17.02.2020 00:00 - 17.02.2020 01:00 (CET/CEST)","4586"
"France (FR)","17.02.2020 01:00 - 17.02.2020 02:00 (CET/CEST)","4434"
"France (FR)","17.02.2020 02:00 - 17.02.2020 03:00 (CET/CEST)","4380"
"France (FR)","17.02.2020 03:00 - 17.02.2020 04:00 (CET/CEST)","4381"
"France (FR)","17.02.2020 04:00 - 17.02.2020 05:00 (CET/CEST)","4381"
"France (FR)","17.02.2020 05:00 - 17.02.2020 06:00 (CET/CEST)","4568"
"France (FR)","17.02.2020 06:00 - 17.02.2020 07:00 (CET/CEST)","4958"
"France (FR)","17.02.2020 07:00 - 17.02.2020 08:00 (CET/CEST)","5381"
"France (FR)","17.02.2020 08:00 - 17.02.2020 09:00 (CET/CEST)","5743"
"France (FR)","17.02.2020 09:00 - 17.02.2020 10:00 (CET/CEST)","6089"
"France (FR)","17.02.2020 10:00 - 17.02.2020 11:00 (CET/CEST)","6070"
"France (FR)","17.02.2020 11:00 - 17.02.2020 12:00 (CET/CEST)","5817"
"France (FR)","17.02.2020 12:00 - 17.02.2020 13:00 (CET/CEST)","5739"
"France (FR)","17.02.2020 13:00 - 17.02.2020 14:00 (CET/CEST)","5477"
"France (FR)","17.02.2020 14:00 - 17.02.2020 15:00 (CET/CEST)","5231"
"France (FR)","17.02.2020 15:00 - 17.02.2020 16:00 (CET/CEST)","5048"
"France (FR)","17.02.2020 16:00 - 17.02.2020 17:00 (CET/CEST)","5209"
"France (FR)","17.02.2020 17:00 - 17.02.2020 18:00 (CET/CEST)","5633"
"France (FR)","17.02.2020 18:00 - 17.02.2020 19:00 (CET/CEST)","6368"
"France (FR)","17.02.2020 19:00 - 17.02.2020 20:00 (CET/CEST)","6615"
"France (FR)","17.02.2020 20:00 - 17.02.2020 21:00 (CET/CEST)","6260"
"France (FR)","17.02.2020 21:00 - 17.02.2020 22:00 (CET/CEST)","5841"
"France (FR)","17.02.2020 22:00 - 17.02.2020 23:00 (CET/CEST)","5526"
"France (FR)","17.02.2020 23:00 - 18.02.2020 00:00 (CET/CEST)","5491"
"France (FR)","18.02.2020 00:00 - 18.02.2020 01:00 (CET/CEST)","5106"
"France (FR)","18.02.2020 01:00 - 18.02.2020 02:00 (CET/CEST)","4883"
"France (FR)","18.02.2020 02:00 - 18.02.2020 03:00 (CET/CEST)","4998"
"France (FR)","18.02.2020 03:00 - 18.02.2020 04:00 (CET/CEST)","4803"
"France (FR)","18.02.2020 04:00 - 18.02.2020 05:00 (CET/CEST)","4875"
"France (FR)","18.02.2020 05:00 - 18.02.2020 06:00 (CET/CEST)","4893"
"France (FR)","18.02.2020 06:00 - 18.02.2020 07:00 (CET/CEST)","5467"
"France (FR)","18.02.2020 07:00 - 18.02.2020 08:00 (CET/CEST)","6290"
"France (FR)","18.02.2020 08:00 - 18.02.2020 09:00 (CET/CEST)","6344"
"France (FR)","18.02.2020 09:00 - 18.02.2020 10:00 (CET/CEST)","6424"
"France (FR)","18.02.2020 10:00 - 18.02.2020 11:00 (CET/CEST)","6221"
"France (FR)","18.02.2020 11:00 - 18.02.2020 12:00 (CET/CEST)","5729"
"France (FR)","18.02.2020 12:00 - 18.02.2020 13:00 (CET/CEST)","5410"
"France (FR)","18.02.2020 13:00 - 18.02.2020 14:00 (CET/CEST)","5279"
"France (FR)","18.02.2020 14:00 - 18.02.2020 15:00 (CET/CEST)","5214"
"France (FR)","18.02.2020 15:00 - 18.02.2020 16:00 (CET/CEST)","5270"
"France (FR)","18.02.2020 16:00 - 18.02.2020 17:00 (CET/CEST)","5519"
"France (FR)","18.02.2020 17:00 - 18.02.2020 18:00 (CET/CEST)","5845"
"France (FR)","18.02.2020 18:00 - 18.02.2020 19:00 (CET/CEST)","6376"
"France (FR)","18.02.2020 19:00 - 18.02.2020 20:00 (CET/CEST)","6750"
"France (FR)","18.02.2020 20:00 - 18.02.2020 21:00 (CET/CEST)","6465"
"France (FR)","18.02.2020 21:00 - 18.02.2020 22:00 (CET/CEST)","6014"
"France (FR)","18.02.2020 22:00 - 18.02.2020 23:00 (CET/CEST)","5586"
"France (FR)","18.02.2020 23:00 - 19.02.2020 00:00 (CET/CEST)","5329"
"France (FR)","19.02.2020 00:00 - 19.02.2020 01:00 (CET/CEST)","5027"
"France (FR)","19.02.2020 01:00 - 19.02.2020 02:00 (CET/CEST)","4841"
"France (FR)","19.02.2020 02:00 - 19.02.2020 03:00 (CET/CEST)","4792"
"France (FR)","19.02.2020 03:00 - 19.02.2020 04:00 (CET/CEST)","4861"
"France (FR)","19.02.2020 04:00 - 19.02.2020 05:00 (CET/CEST)","4834"
"France (FR)","19.02.2020 05:00 - 19.02.2020 06:00 (CET/CEST)","5011"
"France (FR)","19.02.2020 06:00 - 19.02.2020 07:00 (CET/CEST)","5466"
"France (FR)","19.02.2020 07:00 - 19.02.2020 08:00 (CET/CEST)","6060"
"France (FR)","19.02.2020 08:00 - 19.02.2020 09:00 (CET/CEST)","6244"
"France (FR)","19.02.2020 09:00 - 19.02.2020 10:00 (CET/CEST)","6264"
"France (FR)","19.02.2020 10:00 - 19.02.2020 11:00 (CET/CEST)","6474"
"France (FR)","19.02.2020 11:00 - 19.02.2020 12:00 (CET/CEST)","6180"
"France (FR)","19.02.2020 12:00 - 19.02.2020 13:00 (CET/CEST)","5903"
"France (FR)","19.02.2020 13:00 - 19.02.2020 14:00 (CET/CEST)","5467"
"France (FR)","19.02.2020 14:00 - 19.02.2020 15:00 (CET/CEST)","5320"
"France (FR)","19.02.2020 15:00 - 19.02.2020 16:00 (CET/CEST)","5445"
"France (FR)","19.02.2020 16:00 - 19.02.2020 17:00 (CET/CEST)","5822"
"France (FR)","19.02.2020 17:00 - 19.02.2020 18:00 (CET/CEST)","6374"
"France (FR)","19.02.2020 18:00 - 19.02.2020 19:00 (CET/CEST)","6528"
"France (FR)","19.02.2020 19:00 - 19.02.2020 20:00 (CET/CEST)","6791"
"France (FR)","19.02.2020 20:00 - 19.02.2020 21:00 (CET/CEST)","6692"
"France (FR)","19.02.2020 21:00 - 19.02.2020 22:00 (CET/CEST)","6356"
"France (FR)","19.02.2020 22:00 - 19.02.2020 23:00 (CET/CEST)","6029"
"France (FR)","19.02.2020 23:00 - 20.02.2020 00:00 (CET/CEST)","6043"
"France (FR)","20.02.2020 00:00 - 20.02.2020 01:00 (CET/CEST)","5614"
"France (FR)","20.02.2020 01:00 - 20.02.2020 02:00 (CET/CEST)","5172"
"France (FR)","20.02.2020 02:00 - 20.02.2020 03:00 (CET/CEST)","5043"
"France (FR)","20.02.2020 03:00 - 20.02.2020 04:00 (CET/CEST)","5024"
"France (FR)","20.02.2020 04:00 - 20.02.2020 05:00 (CET/CEST)","5072"
"France (FR)","20.02.2020 05:00 - 20.02.2020 06:00 (CET/CEST)","5397"
"France (FR)","20.02.2020 06:00 - 20.02.2020 07:00 (CET/CEST)","6027"
"France (FR)","20.02.2020 07:00 - 20.02.2020 08:00 (CET/CEST)","6324"
"France (FR)","20.02.2020 08:00 - 20.02.2020 09:00 (CET/CEST)","6548"
"France (FR)","20.02.2020 09:00 - 20.02.2020 10:00 (CET/CEST)","6728"
"France (FR)","20.02.2020 10:00 - 20.02.2020 11:00 (CET/CEST)","6668"
"France (FR)","20.02.2020 11:00 - 20.02.2020 12:00 (CET/CEST)","6506"
"France (FR)","20.02.2020 12:00 - 20.02.2020 13:00 (CET/CEST)","6240"
"France (FR)","20.02.2020 13:00 - 20.02.2020 14:00 (CET/CEST)","5851"
"France (FR)","20.02.2020 14:00 - 20.02.2020 15:00 (CET/CEST)","5660"
"France (FR)","20.02.2020 15:00 - 20.02.2020 16:00 (CET/CEST)","5590"
"France (FR)","20.02.2020 16:00 - 20.02.2020 17:00 (CET/CEST)","5519"
"France (FR)","20.02.2020 17:00 - 20.02.2020 18:00 (CET/CEST)","6058"
"France (FR)","20.02.2020 18:00 - 20.02.2020 19:00 (CET/CEST)","6574"
"France (FR)","20.02.2020 19:00 - 20.02.2020 20:00 (CET/CEST)","6669"
"France (FR)","20.02.2020 20:00 - 20.02.2020 21:00 (CET/CEST)","6371"
"France (FR)","20.02.2020 21:00 - 20.02.2020 22:00 (CET/CEST)","5867"
"France (FR)","20.02.2020 22:00 - 20.02.2020 23:00 (CET/CEST)","5969"
"France (FR)","20.02.2020 23:00 - 21.02.2020 00:00 (CET/CEST)","5879"
"France (FR)","21.02.2020 00:00 - 21.02.2020 01:00 (CET/CEST)","5552"
"France (FR)","21.02.2020 01:00 - 21.02.2020 02:00 (CET/CEST)","5361"
"France (FR)","21.02.2020 02:00 - 21.02.2020 03:00 (CET/CEST)","5154"
"France (FR)","21.02.2020 03:00 - 21.02.2020 04:00 (CET/CEST)","4999"
"France (FR)","21.02.2020 04:00 - 21.02.2020 05:00 (CET/CEST)","4980"
"France (FR)","21.02.2020 05:00 - 21.02.2020 06:00 (CET/CEST)","5125"
"France (FR)","21.02.2020 06:00 - 21.02.2020 07:00 (CET/CEST)","5851"
"France (FR)","21.02.2020 07:00 - 21.02.2020 08:00 (CET/CEST)","6685"
"France (FR)","21.02.2020 08:00 - 21.02.2020 09:00 (CET/CEST)","6916"
"France (FR)","21.02.2020 09:00 - 21.02.2020 10:00 (CET/CEST)","6926"
"France (FR)","21.02.2020 10:00 - 21.02.2020 11:00 (CET/CEST)","6915"
"France (FR)","21.02.2020 11:00 - 21.02.2020 12:00 (CET/CEST)","6734"
"France (FR)","21.02.2020 12:00 - 21.02.2020 13:00 (CET/CEST)","6192"
"France (FR)","21.02.2020 13:00 - 21.02.2020 14:00 (CET/CEST)","5761"
"France (FR)","21.02.2020 14:00 - 21.02.2020 15:00 (CET/CEST)","5561"
"France (FR)","21.02.2020 15:00 - 21.02.2020 16:00 (CET/CEST)","5531"
"France (FR)","21.02.2020 16:00 - 21.02.2020 17:00 (CET/CEST)","5741"
"France (FR)","21.02.2020 17:00 - 21.02.2020 18:00 (CET/CEST)","6347"
"France (FR)","21.02.2020 18:00 - 21.02.2020 19:00 (CET/CEST)","6897"
"France (FR)","21.02.2020 19:00 - 21.02.2020 20:00 (CET/CEST)","7005"
"France (FR)","21.02.2020 20:00 - 21.02.2020 21:00 (CET/CEST)","6652"
"France (FR)","21.02.2020 21:00 - 21.02.2020 22:00 (CET/CEST)","6224"
"France (FR)","21.02.2020 22:00 - 21.02.2020 23:00 (CET/CEST)","6274"
"France (FR)","21.02.2020 23:00 - 22.02.2020 00:00 (CET/CEST)","6087"
"France (FR)","22.02.2020 00:00 - 22.02.2020 01:00 (CET/CEST)","5788"
"France (FR)","22.02.2020 01:00 - 22.02.2020 02:00 (CET/CEST)","5441"
"France (FR)","22.02.2020 02:00 - 22.02.2020 03:00 (CET/CEST)","5058"
"France (FR)","22.02.2020 03:00 - 22.02.2020 04:00 (CET/CEST)","4780"
"France (FR)","22.02.2020 04:00 - 22.02.2020 05:00 (CET/CEST)","4691"
"France (FR)","22.02.2020 05:00 - 22.02.2020 06:00 (CET/CEST)","4736"
"France (FR)","22.02.2020 06:00 - 22.02.2020 07:00 (CET/CEST)","4862"
"France (FR)","22.02.2020 07:00 - 22.02.2020 08:00 (CET/CEST)","4910"
"France (FR)","22.02.2020 08:00 - 22.02.2020 09:00 (CET/CEST)","5145"
"France (FR)","22.02.2020 09:00 - 22.02.2020 10:00 (CET/CEST)","5787"
"France (FR)","22.02.2020 10:00 - 22.02.2020 11:00 (CET/CEST)","5702"
"France (FR)","22.02.2020 11:00 - 22.02.2020 12:00 (CET/CEST)","5429"
"France (FR)","22.02.2020 12:00 - 22.02.2020 13:00 (CET/CEST)","5311"
"France (FR)","22.02.2020 13:00 - 22.02.2020 14:00 (CET/CEST)","5118"
"France (FR)","22.02.2020 14:00 - 22.02.2020 15:00 (CET/CEST)","4896"
"France (FR)","22.02.2020 15:00 - 22.02.2020 16:00 (CET/CEST)","4768"
"France (FR)","22.02.2020 16:00 - 22.02.2020 17:00 (CET/CEST)","4769"
"France (FR)","22.02.2020 17:00 - 22.02.2020 18:00 (CET/CEST)","4917"
"France (FR)","22.02.2020 18:00 - 22.02.2020 19:00 (CET/CEST)","5537"
"France (FR)","22.02.2020 19:00 - 22.02.2020 20:00 (CET/CEST)","6043"
"France (FR)","22.02.2020 20:00 - 22.02.2020 21:00 (CET/CEST)","5420"
"France (FR)","22.02.2020 21:00 - 22.02.2020 22:00 (CET/CEST)","5233"
"France (FR)","22.02.2020 22:00 - 22.02.2020 23:00 (CET/CEST)","5354"
"France (FR)","22.02.2020 23:00 - 23.02.2020 00:00 (CET/CEST)","5402"
"France (FR)","23.02.2020 00:00 - 23.02.2020 01:00 (CET/CEST)","4871"
"France (FR)","23.02.2020 01:00 - 23.02.2020 02:00 (CET/CEST)","4716"
"France (FR)","23.02.2020 02:00 - 23.02.2020 03:00 (CET/CEST)","4549"
"France (FR)","23.02.2020 03:00 - 23.02.2020 04:00 (CET/CEST)","4379"
"France (FR)","23.02.2020 04:00 - 23.02.2020 05:00 (CET/CEST)","4374"
"France (FR)","23.02.2020 05:00 - 23.02.2020 06:00 (CET/CEST)","4304"
"France (FR)","23.02.2020 06:00 - 23.02.2020 07:00 (CET/CEST)","4343"
"France (FR)","23.02.2020 07:00 - 23.02.2020 08:00 (CET/CEST)","4418"
"France (FR)","23.02.2020 08:00 - 23.02.2020 09:00 (CET/CEST)","4408"
"France (FR)","23.02.2020 09:00 - 23.02.2020 10:00 (CET/CEST)","4510"
"France (FR)","23.02.2020 10:00 - 23.02.2020 11:00 (CET/CEST)","4725"
"France (FR)","23.02.2020 11:00 - 23.02.2020 12:00 (CET/CEST)","4858"
"France (FR)","23.02.2020 12:00 - 23.02.2020 13:00 (CET/CEST)","4774"
"France (FR)","23.02.2020 13:00 - 23.02.2020 14:00 (CET/CEST)","4456"
"France (FR)","23.02.2020 14:00 - 23.02.2020 15:00 (CET/CEST)","4424"
"France (FR)","23.02.2020 15:00 - 23.02.2020 16:00 (CET/CEST)","4355"
"France (FR)","23.02.2020 16:00 - 23.02.2020 17:00 (CET/CEST)","4337"
"France (FR)","23.02.2020 17:00 - 23.02.2020 18:00 (CET/CEST)","4285"
"France (FR)","23.02.2020 18:00 - 23.02.2020 19:00 (CET/CEST)","4599"
"France (FR)","23.02.2020 19:00 - 23.02.2020 20:00 (CET/CEST)","4946"
"France (FR)","23.02.2020 20:00 - 23.02.2020 21:00 (CET/CEST)","4695"
"France (FR)","23.02.2020 21:00 - 23.02.2020 22:00 (CET/CEST)","4465"
"France (FR)","23.02.2020 22:00 - 23.02.2020 23:00 (CET/CEST)","4474"
"France (FR)","23.02.2020 23:00 - 24.02.2020 00:00 (CET/CEST)","4604"
"France (FR)","24.02.2020 00:00 - 24.02.2020 01:00 (CET/CEST)","4479"
"France (FR)","24.02.2020 01:00 - 24.02.2020 02:00 (CET/CEST)","4131"
"France (FR)","24.02.2020 02:00 - 24.02.2020 03:00 (CET/CEST)","4184"
"France (FR)","24.02.2020 03:00 - 24.02.2020 04:00 (CET/CEST)","4229"
"France (FR)","24.02.2020 04:00 - 24.02.2020 05:00 (CET/CEST)","4201"
"France (FR)","24.02.2020 05:00 - 24.02.2020 06:00 (CET/CEST)","4424"
"France (FR)","24.02.2020 06:00 - 24.02.2020 07:00 (CET/CEST)","5106"
"France (FR)","24.02.2020 07:00 - 24.02.2020 08:00 (CET/CEST)","5646"
"France (FR)","24.02.2020 08:00 - 24.02.2020 09:00 (CET/CEST)","5960"
"France (FR)","24.02.2020 09:00 - 24.02.2020 10:00 (CET/CEST)","6350"
"France (FR)","24.02.2020 10:00 - 24.02.2020 11:00 (CET/CEST)","6090"
"France (FR)","24.02.2020 11:00 - 24.02.2020 12:00 (CET/CEST)","5955"
"France (FR)","24.02.2020 12:00 - 24.02.2020 13:00 (CET/CEST)","5699"
"France (FR)","24.02.2020 13:00 - 24.02.2020 14:00 (CET/CEST)","5393"
"France (FR)","24.02.2020 14:00 - 24.02.2020 15:00 (CET/CEST)","5210"
"France (FR)","24.02.2020 15:00 - 24.02.2020 16:00 (CET/CEST)","5137"
"France (FR)","24.02.2020 16:00 - 24.02.2020 17:00 (CET/CEST)","5018"
"France (FR)","24.02.2020 17:00 - 24.02.2020 18:00 (CET/CEST)","5270"
"France (FR)","24.02.2020 18:00 - 24.02.2020 19:00 (CET/CEST)","5785"
"France (FR)","24.02.2020 19:00 - 24.02.2020 20:00 (CET/CEST)","5941"
"France (FR)","24.02.2020 20:00 - 24.02.2020 21:00 (CET/CEST)","5726"
"France (FR)","24.02.2020 21:00 - 24.02.2020 22:00 (CET/CEST)","5295"
"France (FR)","24.02.2020 22:00 - 24.02.2020 23:00 (CET/CEST)","4901"
"France (FR)","24.02.2020 23:00 - 25.02.2020 00:00 (CET/CEST)","4846"
"France (FR)","25.02.2020 00:00 - 25.02.2020 01:00 (CET/CEST)","4947"
"France (FR)","25.02.2020 01:00 - 25.02.2020 02:00 (CET/CEST)","4851"
"France (FR)","25.02.2020 02:00 - 25.02.2020 03:00 (CET/CEST)","4796"
"France (FR)","25.02.2020 03:00 - 25.02.2020 04:00 (CET/CEST)","4796"
"France (FR)","25.02.2020 04:00 - 25.02.2020 05:00 (CET/CEST)","4662"
"France (FR)","25.02.2020 05:00 - 25.02.2020 06:00 (CET/CEST)","4694"
"France (FR)","25.02.2020 06:00 - 25.02.2020 07:00 (CET/CEST)","5126"
"France (FR)","25.02.2020 07:00 - 25.02.2020 08:00 (CET/CEST)","5591"
"France (FR)","25.02.2020 08:00 - 25.02.2020 09:00 (CET/CEST)","5915"
"France (FR)","25.02.2020 09:00 - 25.02.2020 10:00 (CET/CEST)","6331"
"France (FR)","25.02.2020 10:00 - 25.02.2020 11:00 (CET/CEST)","6210"
"France (FR)","25.02.2020 11:00 - 25.02.2020 12:00 (CET/CEST)","5637"
"France (FR)","25.02.2020 12:00 - 25.02.2020 13:00 (CET/CEST)","5575"
"France (FR)","25.02.2020 13:00 - 25.02.2020 14:00 (CET/CEST)","5460"
"France (FR)","25.02.2020 14:00 - 25.02.2020 15:00 (CET/CEST)","5400"
"France (FR)","25.02.2020 15:00 - 25.02.2020 16:00 (CET/CEST)","5307"
"France (FR)","25.02.2020 16:00 - 25.02.2020 17:00 (CET/CEST)","5321"
"France (FR)","25.02.2020 17:00 - 25.02.2020 18:00 (CET/CEST)","5373"
"France (FR)","25.02.2020 18:00 - 25.02.2020 19:00 (CET/CEST)","5898"
"France (FR)","25.02.2020 19:00 - 25.02.2020 20:00 (CET/CEST)","6361"
"France (FR)","25.02.2020 20:00 - 25.02.2020 21:00 (CET/CEST)","6300"
"France (FR)","25.02.2020 21:00 - 25.02.2020 22:00 (CET/CEST)","5777"
"France (FR)","25.02.2020 22:00 - 25.02.2020 23:00 (CET/CEST)","5494"
"France (FR)","25.02.2020 23:00 - 26.02.2020 00:00 (CET/CEST)","5137"
"France (FR)","26.02.2020 00:00 - 26.02.2020 01:00 (CET/CEST)","5120"
"France (FR)","26.02.2020 01:00 - 26.02.2020 02:00 (CET/CEST)","5031"
"France (FR)","26.02.2020 02:00 - 26.02.2020 03:00 (CET/CEST)","4758"
"France (FR)","26.02.2020 03:00 - 26.02.2020 04:00 (CET/CEST)","4835"
"France (FR)","26.02.2020 04:00 - 26.02.2020 05:00 (CET/CEST)","4908"
"France (FR)","26.02.2020 05:00 - 26.02.2020 06:00 (CET/CEST)","5102"
"France (FR)","26.02.2020 06:00 - 26.02.2020 07:00 (CET/CEST)","5471"
"France (FR)","26.02.2020 07:00 - 26.02.2020 08:00 (CET/CEST)","6276"
"France (FR)","26.02.2020 08:00 - 26.02.2020 09:00 (CET/CEST)","6413"
"France (FR)","26.02.2020 09:00 - 26.02.2020 10:00 (CET/CEST)","6483"
"France (FR)","26.02.2020 10:00 - 26.02.2020 11:00 (CET/CEST)","6439"
"France (FR)","26.02.2020 11:00 - 26.02.2020 12:00 (CET/CEST)","6370"
"France (FR)","26.02.2020 12:00 - 26.02.2020 13:00 (CET/CEST)","6262"
"France (FR)","26.02.2020 13:00 - 26.02.2020 14:00 (CET/CEST)","6074"
"France (FR)","26.02.2020 14:00 - 26.02.2020 15:00 (CET/CEST)","5844"
"France (FR)","26.02.2020 15:00 - 26.02.2020 16:00 (CET/CEST)","5737"
"France (FR)","26.02.2020 16:00 - 26.02.2020 17:00 (CET/CEST)","5827"
"France (FR)","26.02.2020 17:00 - 26.02.2020 18:00 (CET/CEST)","6483"
"France (FR)","26.02.2020 18:00 - 26.02.2020 19:00 (CET/CEST)","7067"
"France (FR)","26.02.2020 19:00 - 26.02.2020 20:00 (CET/CEST)","7143"
"France (FR)","26.02.2020 20:00 - 26.02.2020 21:00 (CET/CEST)","7023"
"France (FR)","26.02.2020 21:00 - 26.02.2020 22:00 (CET/CEST)","6872"
"France (FR)","26.02.2020 22:00 - 26.02.2020 23:00 (CET/CEST)","6686"
"France (FR)","26.02.2020 23:00 - 27.02.2020 00:00 (CET/CEST)","6310"
"France (FR)","27.02.2020 00:00 - 27.02.2020 01:00 (CET/CEST)","6094"
"France (FR)","27.02.2020 01:00 - 27.02.2020 02:00 (CET/CEST)","6021"
"France (FR)","27.02.2020 02:00 - 27.02.2020 03:00 (CET/CEST)","5834"
"France (FR)","27.02.2020 03:00 - 27.02.2020 04:00 (CET/CEST)","5849"
"France (FR)","27.02.2020 04:00 - 27.02.2020 05:00 (CET/CEST)","5882"
"France (FR)","27.02.2020 05:00 - 27.02.2020 06:00 (CET/CEST)","5953"
"France (FR)","27.02.2020 06:00 - 27.02.2020 07:00 (CET/CEST)","6301"
"France (FR)","27.02.2020 07:00 - 27.02.2020 08:00 (CET/CEST)","6553"
"France (FR)","27.02.2020 08:00 - 27.02.2020 09:00 (CET/CEST)","6790"
"France (FR)","27.02.2020 09:00 - 27.02.2020 10:00 (CET/CEST)","6861"
"France (FR)","27.02.2020 10:00 - 27.02.2020 11:00 (CET/CEST)","6852"
"France (FR)","27.02.2020 11:00 - 27.02.2020 12:00 (CET/CEST)","6697"
"France (FR)","27.02.2020 12:00 - 27.02.2020 13:00 (CET/CEST)","6696"
"France (FR)","27.02.2020 13:00 - 27.02.2020 14:00 (CET/CEST)","6727"
"France (FR)","27.02.2020 14:00 - 27.02.2020 15:00 (CET/CEST)","6533"
"France (FR)","27.02.2020 15:00 - 27.02.2020 16:00 (CET/CEST)","6250"
"France (FR)","27.02.2020 16:00 - 27.02.2020 17:00 (CET/CEST)","6402"
"France (FR)","27.02.2020 17:00 - 27.02.2020 18:00 (CET/CEST)","6700"
"France (FR)","27.02.2020 18:00 - 27.02.2020 19:00 (CET/CEST)","7003"
"France (FR)","27.02.2020 19:00 - 27.02.2020 20:00 (CET/CEST)","7262"
"France (FR)","27.02.2020 20:00 - 27.02.2020 21:00 (CET/CEST)","7252"
"France (FR)","27.02.2020 21:00 - 27.02.2020 22:00 (CET/CEST)","7227"
"France (FR)","27.02.2020 22:00 - 27.02.2020 23:00 (CET/CEST)","6909"
"France (FR)","27.02.2020 23:00 - 28.02.2020 00:00 (CET/CEST)","6570"
"France (FR)","28.02.2020 00:00 - 28.02.2020 01:00 (CET/CEST)","6103"
"France (FR)","28.02.2020 01:00 - 28.02.2020 02:00 (CET/CEST)","6179"
"France (FR)","28.02.2020 02:00 - 28.02.2020 03:00 (CET/CEST)","6285"
"France (FR)","28.02.2020 03:00 - 28.02.2020 04:00 (CET/CEST)","6141"
"France (FR)","28.02.2020 04:00 - 28.02.2020 05:00 (CET/CEST)","6201"
"France (FR)","28.02.2020 05:00 - 28.02.2020 06:00 (CET/CEST)","6422"
"France (FR)","28.02.2020 06:00 - 28.02.2020 07:00 (CET/CEST)","6648"
"France (FR)","28.02.2020 07:00 - 28.02.2020 08:00 (CET/CEST)","7027"
"France (FR)","28.02.2020 08:00 - 28.02.2020 09:00 (CET/CEST)","7355"
"France (FR)","28.02.2020 09:00 - 28.02.2020 10:00 (CET/CEST)","7381"
"France (FR)","28.02.2020 10:00 - 28.02.2020 11:00 (CET/CEST)","6993"
"France (FR)","28.02.2020 11:00 - 28.02.2020 12:00 (CET/CEST)","6831"
"France (FR)","28.02.2020 12:00 - 28.02.2020 13:00 (CET/CEST)","6703"
"France (FR)","28.02.2020 13:00 - 28.02.2020 14:00 (CET/CEST)","6451"
"France (FR)","28.02.2020 14:00 - 28.02.2020 15:00 (CET/CEST)","6432"
"France (FR)","28.02.2020 15:00 - 28.02.2020 16:00 (CET/CEST)","6466"
"France (FR)","28.02.2020 16:00 - 28.02.2020 17:00 (CET/CEST)","6451"
"France (FR)","28.02.2020 17:00 - 28.02.2020 18:00 (CET/CEST)","7022"
"France (FR)","28.02.2020 18:00 - 28.02.2020 19:00 (CET/CEST)","7073"
"France (FR)","28.02.2020 19:00 - 28.02.2020 20:00 (CET/CEST)","7240"
"France (FR)","28.02.2020 20:00 - 28.02.2020 21:00 (CET/CEST)","6807"
"France (FR)","28.02.2020 21:00 - 28.02.2020 22:00 (CET/CEST)","6543"
"France (FR)","28.02.2020 22:00 - 28.02.2020 23:00 (CET/CEST)","6169"
"France (FR)","28.02.2020 23:00 - 29.02.2020 00:00 (CET/CEST)","6116"
"France (FR)","29.02.2020 00:00 - 29.02.2020 01:00 (CET/CEST)","5873"
"France (FR)","29.02.2020 01:00 - 29.02.2020 02:00 (CET/CEST)","5678"
"France (FR)","29.02.2020 02:00 - 29.02.2020 03:00 (CET/CEST)","5661"
"France (FR)","29.02.2020 03:00 - 29.02.2020 04:00 (CET/CEST)","5651"
"France (FR)","29.02.2020 04:00 - 29.02.2020 05:00 (CET/CEST)","5402"
"France (FR)","29.02.2020 05:00 - 29.02.2020 06:00 (CET/CEST)","5335"
"France (FR)","29.02.2020 06:00 - 29.02.2020 07:00 (CET/CEST)","5329"
"France (FR)","29.02.2020 07:00 - 29.02.2020 08:00 (CET/CEST)","5356"
"France (FR)","29.02.2020 08:00 - 29.02.2020 09:00 (CET/CEST)","5581"
"France (FR)","29.02.2020 09:00 - 29.02.2020 10:00 (CET/CEST)","5765"
"France (FR)","29.02.2020 10:00 - 29.02.2020 11:00 (CET/CEST)","5787"
"France (FR)","29.02.2020 11:00 - 29.02.2020 12:00 (CET/CEST)","5646"
"France (FR)","29.02.2020 12:00 - 29.02.2020 13:00 (CET/CEST)","5386"
"France (FR)","29.02.2020 13:00 - 29.02.2020 14:00 (CET/CEST)","5322"
"France (FR)","29.02.2020 14:00 - 29.02.2020 15:00 (CET/CEST)","5275"
"France (FR)","29.02.2020 15:00 - 29.02.2020 16:00 (CET/CEST)","5259"
"France (FR)","29.02.2020 16:00 - 29.02.2020 17:00 (CET/CEST)","5365"
"France (FR)","29.02.2020 17:00 - 29.02.2020 18:00 (CET/CEST)","5444"
"France (FR)","29.02.2020 18:00 - 29.02.2020 19:00 (CET/CEST)","5800"
"France (FR)","29.02.2020 19:00 - 29.02.2020 20:00 (CET/CEST)","5994"
"France (FR)","29.02.2020 20:00 - 29.02.2020 21:00 (CET/CEST)","5915"
"France (FR)","29.02.2020 21:00 - 29.02.2020 22:00 (CET/CEST)","5718"
"France (FR)","29.02.2020 22:00 - 29.02.2020 23:00 (CET/CEST)","5619"
"France (FR)","29.02.2020 23:00 - 01.03.2020 00:00 (CET/CEST)","5566"
"France (FR)","01.03.2020 00:00 - 01.03.2020 01:00 (CET/CEST)","5472"
"France (FR)","01.03.2020 01:00 - 01.03.2020 02:00 (CET/CEST)","5383"
"France (FR)","01.03.2020 02:00 - 01.03.2020 03:00 (CET/CEST)","5347"
"France (FR)","01.03.2020 03:00 - 01.03.2020 04:00 (CET/CEST)","5289"
"France (FR)","01.03.2020 04:00 - 01.03.2020 05:00 (CET/CEST)","5287"
"France (FR)","01.03.2020 05:00 - 01.03.2020 06:00 (CET/CEST)","5305"
"France (FR)","01.03.2020 06:00 - 01.03.2020 07:00 (CET/CEST)","5443"
"France (FR)","01.03.2020 07:00 - 01.03.2020 08:00 (CET/CEST)","5459"
"France (FR)","01.03.2020 08:00 - 01.03.2020 09:00 (CET/CEST)","5527"
"France (FR)","01.03.2020 09:00 - 01.03.2020 10:00 (CET/CEST)","5527"
"France (FR)","01.03.2020 10:00 - 01.03.2020 11:00 (CET/CEST)","5524"
"France (FR)","01.03.2020 11:00 - 01.03.2020 12:00 (CET/CEST)","5567"
"France (FR)","01.03.2020 12:00 - 01.03.2020 13:00 (CET/CEST)","5498"
"France (FR)","01.03.2020 13:00 - 01.03.2020 14:00 (CET/CEST)","5427"
"France (FR)","01.03.2020 14:00 - 01.03.2020 15:00 (CET/CEST)","5493"
"France (FR)","01.03.2020 15:00 - 01.03.2020 16:00 (CET/CEST)","5660"
"France (FR)","01.03.2020 16:00 - 01.03.2020 17:00 (CET/CEST)","5717"
"France (FR)","01.03.2020 17:00 - 01.03.2020 18:00 (CET/CEST)","5910"
"France (FR)","01.03.2020 18:00 - 01.03.2020 19:00 (CET/CEST)","6470"
"France (FR)","01.03.2020 19:00 - 01.03.2020 20:00 (CET/CEST)","6829"
"France (FR)","01.03.2020 20:00 - 01.03.2020 21:00 (CET/CEST)","6692"
"France (FR)","01.03.2020 21:00 - 01.03.2020 22:00 (CET/CEST)","6328"
"France (FR)","01.03.2020 22:00 - 01.03.2020 23:00 (CET/CEST)","6138"
"France (FR)","01.03.2020 23:00 - 02.03.2020 00:00 (CET/CEST)","6243"
"France (FR)","02.03.2020 00:00 - 02.03.2020 01:00 (CET/CEST)","5961"
"France (FR)","02.03.2020 01:00 - 02.03.2020 02:00 (CET/CEST)","5848"
"France (FR)","02.03.2020 02:00 - 02.03.2020 03:00 (CET/CEST)","5752"
"France (FR)","02.03.2020 03:00 - 02.03.2020 04:00 (CET/CEST)","5787"
"France (FR)","02.03.2020 04:00 - 02.03.2020 05:00 (CET/CEST)","5872"
"France (FR)","02.03.2020 05:00 - 02.03.2020 06:00 (CET/CEST)","6038"
"France (FR)","02.03.2020 06:00 - 02.03.2020 07:00 (CET/CEST)","6302"
"France (FR)","02.03.2020 07:00 - 02.03.2020 08:00 (CET/CEST)","6748"
"France (FR)","02.03.2020 08:00 - 02.03.2020 09:00 (CET/CEST)","6889"
"France (FR)","02.03.2020 09:00 - 02.03.2020 10:00 (CET/CEST)","7034"
"France (FR)","02.03.2020 10:00 - 02.03.2020 11:00 (CET/CEST)","6853"
"France (FR)","02.03.2020 11:00 - 02.03.2020 12:00 (CET/CEST)","6901"
"France (FR)","02.03.2020 12:00 - 02.03.2020 13:00 (CET/CEST)","7001"
"France (FR)","02.03.2020 13:00 - 02.03.2020 14:00 (CET/CEST)","6930"
"France (FR)","02.03.2020 14:00 - 02.03.2020 15:00 (CET/CEST)","6892"
"France (FR)","02.03.2020 15:00 - 02.03.2020 16:00 (CET/CEST)","6909"
"France (FR)","02.03.2020 16:00 - 02.03.2020 17:00 (CET/CEST)","6869"
"France (FR)","02.03.2020 17:00 - 02.03.2020 18:00 (CET/CEST)","6948"
"France (FR)","02.03.2020 18:00 - 02.03.2020 19:00 (CET/CEST)","7244"
"France (FR)","02.03.2020 19:00 - 02.03.2020 20:00 (CET/CEST)","7407"
"France (FR)","02.03.2020 20:00 - 02.03.2020 21:00 (CET/CEST)","7247"
"France (FR)","02.03.2020 21:00 - 02.03.2020 22:00 (CET/CEST)","6885"
"France (FR)","02.03.2020 22:00 - 02.03.2020 23:00 (CET/CEST)","6649"
"France (FR)","02.03.2020 23:00 - 03.03.2020 00:00 (CET/CEST)","6455"
"France (FR)","03.03.2020 00:00 - 03.03.2020 01:00 (CET/CEST)","6207"
"France (FR)","03.03.2020 01:00 - 03.03.2020 02:00 (CET/CEST)","6088"
"France (FR)","03.03.2020 02:00 - 03.03.2020 03:00 (CET/CEST)","6059"
"France (FR)","03.03.2020 03:00 - 03.03.2020 04:00 (CET/CEST)","6068"
"France (FR)","03.03.2020 04:00 - 03.03.2020 05:00 (CET/CEST)","6081"
"France (FR)","03.03.2020 05:00 - 03.03.2020 06:00 (CET/CEST)","6180"
"France (FR)","03.03.2020 06:00 - 03.03.2020 07:00 (CET/CEST)","6359"
"France (FR)","03.03.2020 07:00 - 03.03.2020 08:00 (CET/CEST)","6837"
"France (FR)","03.03.2020 08:00 - 03.03.2020 09:00 (CET/CEST)","6989"
"France (FR)","03.03.2020 09:00 - 03.03.2020 10:00 (CET/CEST)","7058"
"France (FR)","03.03.2020 10:00 - 03.03.2020 11:00 (CET/CEST)","6811"
"France (FR)","03.03.2020 11:00 - 03.03.2020 12:00 (CET/CEST)","6746"
"France (FR)","03.03.2020 12:00 - 03.03.2020 13:00 (CET/CEST)","6706"
"France (FR)","03.03.2020 13:00 - 03.03.2020 14:00 (CET/CEST)","6613"
"France (FR)","03.03.2020 14:00 - 03.03.2020 15:00 (CET/CEST)","6483"
"France (FR)","03.03.2020 15:00 - 03.03.2020 16:00 (CET/CEST)","6432"
"France (FR)","03.03.2020 16:00 - 03.03.2020 17:00 (CET/CEST)","6598"
"France (FR)","03.03.2020 17:00 - 03.03.2020 18:00 (CET/CEST)","7071"
"France (FR)","03.03.2020 18:00 - 03.03.2020 19:00 (CET/CEST)","7234"
"France (FR)","03.03.2020 19:00 - 03.03.2020 20:00 (CET/CEST)","7322"
"France (FR)","03.03.2020 20:00 - 03.03.2020 21:00 (CET/CEST)","7179"
"France (FR)","03.03.2020 21:00 - 03.03.2020 22:00 (CET/CEST)","6920"
"France (FR)","03.03.2020 22:00 - 03.03.2020 23:00 (CET/CEST)","6664"
"France (FR)","03.03.2020 23:00 - 04.03.2020 00:00 (CET/CEST)","6480"
"France (FR)","04.03.2020 00:00 - 04.03.2020 01:00 (CET/CEST)","6450"
"France (FR)","04.03.2020 01:00 - 04.03.2020 02:00 (CET/CEST)","6265"
"France (FR)","04.03.2020 02:00 - 04.03.2020 03:00 (CET/CEST)","6207"
"France (FR)","04.03.2020 03:00 - 04.03.2020 04:00 (CET/CEST)","6234"
"France (FR)","04.03.2020 04:00 - 04.03.2020 05:00 (CET/CEST)","6295"
"France (FR)","04.03.2020 05:00 - 04.03.2020 06:00 (CET/CEST)","6368"
"France (FR)","04.03.2020 06:00 - 04.03.2020 07:00 (CET/CEST)","6668"
"France (FR)","04.03.2020 07:00 - 04.03.2020 08:00 (CET/CEST)","7096"
"France (FR)","04.03.2020 08:00 - 04.03.2020 09:00 (CET/CEST)","7054"
"France (FR)","04.03.2020 09:00 - 04.03.2020 10:00 (CET/CEST)","6926"
"France (FR)","04.03.2020 10:00 - 04.03.2020 11:00 (CET/CEST)","6913"
"France (FR)","04.03.2020 11:00 - 04.03.2020 12:00 (CET/CEST)","6919"
"France (FR)","04.03.2020 12:00 - 04.03.2020 13:00 (CET/CEST)","6844"
"France (FR)","04.03.2020 13:00 - 04.03.2020 14:00 (CET/CEST)","6837"
"France (FR)","04.03.2020 14:00 - 04.03.2020 15:00 (CET/CEST)","6699"
"France (FR)","04.03.2020 15:00 - 04.03.2020 16:00 (CET/CEST)","6746"
"France (FR)","04.03.2020 16:00 - 04.03.2020 17:00 (CET/CEST)","7129"
"France (FR)","04.03.2020 17:00 - 04.03.2020 18:00 (CET/CEST)","7396"
"France (FR)","04.03.2020 18:00 - 04.03.2020 19:00 (CET/CEST)","7389"
"France (FR)","04.03.2020 19:00 - 04.03.2020 20:00 (CET/CEST)","7504"
"France (FR)","04.03.2020 20:00 - 04.03.2020 21:00 (CET/CEST)","7378"
"France (FR)","04.03.2020 21:00 - 04.03.2020 22:00 (CET/CEST)","7180"
"France (FR)","04.03.2020 22:00 - 04.03.2020 23:00 (CET/CEST)","6928"
"France (FR)","04.03.2020 23:00 - 05.03.2020 00:00 (CET/CEST)","6758"
"France (FR)","05.03.2020 00:00 - 05.03.2020 01:00 (CET/CEST)","6727"
"France (FR)","05.03.2020 01:00 - 05.03.2020 02:00 (CET/CEST)","6623"
"France (FR)","05.03.2020 02:00 - 05.03.2020 03:00 (CET/CEST)","6625"
"France (FR)","05.03.2020 03:00 - 05.03.2020 04:00 (CET/CEST)","6503"
"France (FR)","05.03.2020 04:00 - 05.03.2020 05:00 (CET/CEST)","6496"
"France (FR)","05.03.2020 05:00 - 05.03.2020 06:00 (CET/CEST)","6498"
"France (FR)","05.03.2020 06:00 - 05.03.2020 07:00 (CET/CEST)","6724"
"France (FR)","05.03.2020 07:00 - 05.03.2020 08:00 (CET/CEST)","7248"
"France (FR)","05.03.2020 08:00 - 05.03.2020 09:00 (CET/CEST)","7227"
"France (FR)","05.03.2020 09:00 - 05.03.2020 10:00 (CET/CEST)","7005"
"France (FR)","05.03.2020 10:00 - 05.03.2020 11:00 (CET/CEST)","7191"
"France (FR)","05.03.2020 11:00 - 05.03.2020 12:00 (CET/CEST)","7182"
"France (FR)","05.03.2020 12:00 - 05.03.2020 13:00 (CET/CEST)","7193"
"France (FR)","05.03.2020 13:00 - 05.03.2020 14:00 (CET/CEST)","7143"
"France (FR)","05.03.2020 14:00 - 05.03.2020 15:00 (CET/CEST)","6951"
"France (FR)","05.03.2020 15:00 - 05.03.2020 16:00 (CET/CEST)","6845"
"France (FR)","05.03.2020 16:00 - 05.03.2020 17:00 (CET/CEST)","6728"
"France (FR)","05.03.2020 17:00 - 05.03.2020 18:00 (CET/CEST)","6751"
"France (FR)","05.03.2020 18:00 - 05.03.2020 19:00 (CET/CEST)","6917"
"France (FR)","05.03.2020 19:00 - 05.03.2020 20:00 (CET/CEST)","7270"
"France (FR)","05.03.2020 20:00 - 05.03.2020 21:00 (CET/CEST)","7097"
"France (FR)","05.03.2020 21:00 - 05.03.2020 22:00 (CET/CEST)","6934"
"France (FR)","05.03.2020 22:00 - 05.03.2020 23:00 (CET/CEST)","6889"
"France (FR)","05.03.2020 23:00 - 06.03.2020 00:00 (CET/CEST)","6791"
"France (FR)","06.03.2020 00:00 - 06.03.2020 01:00 (CET/CEST)","6560"
"France (FR)","06.03.2020 01:00 - 06.03.2020 02:00 (CET/CEST)","6420"
"France (FR)","06.03.2020 02:00 - 06.03.2020 03:00 (CET/CEST)","6292"
"France (FR)","06.03.2020 03:00 - 06.03.2020 04:00 (CET/CEST)","6163"
"France (FR)","06.03.2020 04:00 - 06.03.2020 05:00 (CET/CEST)","6205"
"France (FR)","06.03.2020 05:00 - 06.03.2020 06:00 (CET/CEST)","6229"
"France (FR)","06.03.2020 06:00 - 06.03.2020 07:00 (CET/CEST)","6686"
"France (FR)","06.03.2020 07:00 - 06.03.2020 08:00 (CET/CEST)","7052"
"France (FR)","06.03.2020 08:00 - 06.03.2020 09:00 (CET/CEST)","7168"
"France (FR)","06.03.2020 09:00 - 06.03.2020 10:00 (CET/CEST)","7283"
"France (FR)","06.03.2020 10:00 - 06.03.2020 11:00 (CET/CEST)","7245"
"France (FR)","06.03.2020 11:00 - 06.03.2020 12:00 (CET/CEST)","7206"
"France (FR)","06.03.2020 12:00 - 06.03.2020 13:00 (CET/CEST)","7100"
"France (FR)","06.03.2020 13:00 - 06.03.2020 14:00 (CET/CEST)","7068"
"France (FR)","06.03.2020 14:00 - 06.03.2020 15:00 (CET/CEST)","6982"
"France (FR)","06.03.2020 15:00 - 06.03.2020 16:00 (CET/CEST)","6890"
"France (FR)","06.03.2020 16:00 - 06.03.2020 17:00 (CET/CEST)","6953"
"France (FR)","06.03.2020 17:00 - 06.03.2020 18:00 (CET/CEST)","7126"
"France (FR)","06.03.2020 18:00 - 06.03.2020 19:00 (CET/CEST)","7248"
"France (FR)","06.03.2020 19:00 - 06.03.2020 20:00 (CET/CEST)","7353"
"France (FR)","06.03.2020 20:00 - 06.03.2020 21:00 (CET/CEST)","7335"
"France (FR)","06.03.2020 21:00 - 06.03.2020 22:00 (CET/CEST)","7371"
"France (FR)","06.03.2020 22:00 - 06.03.2020 23:00 (CET/CEST)","7147"
"France (FR)","06.03.2020 23:00 - 07.03.2020 00:00 (CET/CEST)","6902"
"France (FR)","07.03.2020 00:00 - 07.03.2020 01:00 (CET/CEST)","6892"
"France (FR)","07.03.2020 01:00 - 07.03.2020 02:00 (CET/CEST)","6616"
"France (FR)","07.03.2020 02:00 - 07.03.2020 03:00 (CET/CEST)","6429"
"France (FR)","07.03.2020 03:00 - 07.03.2020 04:00 (CET/CEST)","6428"
"France (FR)","07.03.2020 04:00 - 07.03.2020 05:00 (CET/CEST)","6517"
"France (FR)","07.03.2020 05:00 - 07.03.2020 06:00 (CET/CEST)","6574"
"France (FR)","07.03.2020 06:00 - 07.03.2020 07:00 (CET/CEST)","6810"
"France (FR)","07.03.2020 07:00 - 07.03.2020 08:00 (CET/CEST)","7015"
"France (FR)","07.03.2020 08:00 - 07.03.2020 09:00 (CET/CEST)","7121"
"France (FR)","07.03.2020 09:00 - 07.03.2020 10:00 (CET/CEST)","7155"
"France (FR)","07.03.2020 10:00 - 07.03.2020 11:00 (CET/CEST)","7213"
"France (FR)","07.03.2020 11:00 - 07.03.2020 12:00 (CET/CEST)","6948"
"France (FR)","07.03.2020 12:00 - 07.03.2020 13:00 (CET/CEST)","6811"
"France (FR)","07.03.2020 13:00 - 07.03.2020 14:00 (CET/CEST)","6713"
"France (FR)","07.03.2020 14:00 - 07.03.2020 15:00 (CET/CEST)","6588"
"France (FR)","07.03.2020 15:00 - 07.03.2020 16:00 (CET/CEST)","6713"
"France (FR)","07.03.2020 16:00 - 07.03.2020 17:00 (CET/CEST)","6672"
"France (FR)","07.03.2020 17:00 - 07.03.2020 18:00 (CET/CEST)","6934"
"France (FR)","07.03.2020 18:00 - 07.03.2020 19:00 (CET/CEST)","7327"
"France (FR)","07.03.2020 19:00 - 07.03.2020 20:00 (CET/CEST)","7388"
"France (FR)","07.03.2020 20:00 - 07.03.2020 21:00 (CET/CEST)","7431"
"France (FR)","07.03.2020 21:00 - 07.03.2020 22:00 (CET/CEST)","7380"
"France (FR)","07.03.2020 22:00 - 07.03.2020 23:00 (CET/CEST)","7049"
"France (FR)","07.03.2020 23:00 - 08.03.2020 00:00 (CET/CEST)","6924"
"France (FR)","08.03.2020 00:00 - 08.03.2020 01:00 (CET/CEST)","6650"
"France (FR)","08.03.2020 01:00 - 08.03.2020 02:00 (CET/CEST)","6473"
"France (FR)","08.03.2020 02:00 - 08.03.2020 03:00 (CET/CEST)","6304"
"France (FR)","08.03.2020 03:00 - 08.03.2020 04:00 (CET/CEST)","6217"
"France (FR)","08.03.2020 04:00 - 08.03.2020 05:00 (CET/CEST)","6221"
"France (FR)","08.03.2020 05:00 - 08.03.2020 06:00 (CET/CEST)","6150"
"France (FR)","08.03.2020 06:00 - 08.03.2020 07:00 (CET/CEST)","6304"
"France (FR)","08.03.2020 07:00 - 08.03.2020 08:00 (CET/CEST)","6406"
"France (FR)","08.03.2020 08:00 - 08.03.2020 09:00 (CET/CEST)","6506"
"France (FR)","08.03.2020 09:00 - 08.03.2020 10:00 (CET/CEST)","6532"
"France (FR)","08.03.2020 10:00 - 08.03.2020 11:00 (CET/CEST)","6568"
"France (FR)","08.03.2020 11:00 - 08.03.2020 12:00 (CET/CEST)","6718"
"France (FR)","08.03.2020 12:00 - 08.03.2020 13:00 (CET/CEST)","6679"
"France (FR)","08.03.2020 13:00 - 08.03.2020 14:00 (CET/CEST)","6493"
"France (FR)","08.03.2020 14:00 - 08.03.2020 15:00 (CET/CEST)","6272"
"France (FR)","08.03.2020 15:00 - 08.03.2020 16:00 (CET/CEST)","6223"
"France (FR)","08.03.2020 16:00 - 08.03.2020 17:00 (CET/CEST)","6492"
"France (FR)","08.03.2020 17:00 - 08.03.2020 18:00 (CET/CEST)","6527"
"France (FR)","08.03.2020 18:00 - 08.03.2020 19:00 (CET/CEST)","7049"
"France (FR)","08.03.2020 19:00 - 08.03.2020 20:00 (CET/CEST)","7286"
"France (FR)","08.03.2020 20:00 - 08.03.2020 21:00 (CET/CEST)","7372"
"France (FR)","08.03.2020 21:00 - 08.03.2020 22:00 (CET/CEST)","7290"
"France (FR)","08.03.2020 22:00 - 08.03.2020 23:00 (CET/CEST)","7198"
"France (FR)","08.03.2020 23:00 - 09.03.2020 00:00 (CET/CEST)","7168"
"France (FR)","09.03.2020 00:00 - 09.03.2020 01:00 (CET/CEST)","6775"
"France (FR)","09.03.2020 01:00 - 09.03.2020 02:00 (CET/CEST)","6773"
"France (FR)","09.03.2020 02:00 - 09.03.2020 03:00 (CET/CEST)","6630"
"France (FR)","09.03.2020 03:00 - 09.03.2020 04:00 (CET/CEST)","6512"
"France (FR)","09.03.2020 04:00 - 09.03.2020 05:00 (CET/CEST)","6438"
"France (FR)","09.03.2020 05:00 - 09.03.2020 06:00 (CET/CEST)","6555"
"France (FR)","09.03.2020 06:00 - 09.03.2020 07:00 (CET/CEST)","6970"
"France (FR)","09.03.2020 07:00 - 09.03.2020 08:00 (CET/CEST)","7211"
"France (FR)","09.03.2020 08:00 - 09.03.2020 09:00 (CET/CEST)","7376"
"France (FR)","09.03.2020 09:00 - 09.03.2020 10:00 (CET/CEST)","7505"
"France (FR)","09.03.2020 10:00 - 09.03.2020 11:00 (CET/CEST)","7611"
"France (FR)","09.03.2020 11:00 - 09.03.2020 12:00 (CET/CEST)","7499"
"France (FR)","09.03.2020 12:00 - 09.03.2020 13:00 (CET/CEST)","7342"
"France (FR)","09.03.2020 13:00 - 09.03.2020 14:00 (CET/CEST)","7285"
"France (FR)","09.03.2020 14:00 - 09.03.2020 15:00 (CET/CEST)","7026"
"France (FR)","09.03.2020 15:00 - 09.03.2020 16:00 (CET/CEST)","6872"
"France (FR)","09.03.2020 16:00 - 09.03.2020 17:00 (CET/CEST)","6854"
"France (FR)","09.03.2020 17:00 - 09.03.2020 18:00 (CET/CEST)","7332"
"France (FR)","09.03.2020 18:00 - 09.03.2020 19:00 (CET/CEST)","7597"
"France (FR)","09.03.2020 19:00 - 09.03.2020 20:00 (CET/CEST)","7685"
"France (FR)","09.03.2020 20:00 - 09.03.2020 21:00 (CET/CEST)","7616"
"France (FR)","09.03.2020 21:00 - 09.03.2020 22:00 (CET/CEST)","7228"
"France (FR)","09.03.2020 22:00 - 09.03.2020 23:00 (CET/CEST)","6848"
"France (FR)","09.03.2020 23:00 - 10.03.2020 00:00 (CET/CEST)","6708"
"France (FR)","10.03.2020 00:00 - 10.03.2020 01:00 (CET/CEST)","6554"
"France (FR)","10.03.2020 01:00 - 10.03.2020 02:00 (CET/CEST)","6378"
"France (FR)","10.03.2020 02:00 - 10.03.2020 03:00 (CET/CEST)","6354"
"France (FR)","10.03.2020 03:00 - 10.03.2020 04:00 (CET/CEST)","6245"
"France (FR)","10.03.2020 04:00 - 10.03.2020 05:00 (CET/CEST)","5967"
"France (FR)","10.03.2020 05:00 - 10.03.2020 06:00 (CET/CEST)","6004"
"France (FR)","10.03.2020 06:00 - 10.03.2020 07:00 (CET/CEST)","6384"
"France (FR)","10.03.2020 07:00 - 10.03.2020 08:00 (CET/CEST)","6888"
"France (FR)","10.03.2020 08:00 - 10.03.2020 09:00 (CET/CEST)","7011"
"France (FR)","10.03.2020 09:00 - 10.03.2020 10:00 (CET/CEST)","7079"
"France (FR)","10.03.2020 10:00 - 10.03.2020 11:00 (CET/CEST)","7143"
"France (FR)","10.03.2020 11:00 - 10.03.2020 12:00 (CET/CEST)","7047"
"France (FR)","10.03.2020 12:00 - 10.03.2020 13:00 (CET/CEST)","7190"
"France (FR)","10.03.2020 13:00 - 10.03.2020 14:00 (CET/CEST)","7055"
"France (FR)","10.03.2020 14:00 - 10.03.2020 15:00 (CET/CEST)","6727"
"France (FR)","10.03.2020 15:00 - 10.03.2020 16:00 (CET/CEST)","6444"
"France (FR)","10.03.2020 16:00 - 10.03.2020 17:00 (CET/CEST)","6387"
"France (FR)","10.03.2020 17:00 - 10.03.2020 18:00 (CET/CEST)","6562"
"France (FR)","10.03.2020 18:00 - 10.03.2020 19:00 (CET/CEST)","6983"
"France (FR)","10.03.2020 19:00 - 10.03.2020 20:00 (CET/CEST)","7271"
"France (FR)","10.03.2020 20:00 - 10.03.2020 21:00 (CET/CEST)","7171"
"France (FR)","10.03.2020 21:00 - 10.03.2020 22:00 (CET/CEST)","6711"
"France (FR)","10.03.2020 22:00 - 10.03.2020 23:00 (CET/CEST)","6716"
"France (FR)","10.03.2020 23:00 - 11.03.2020 00:00 (CET/CEST)","6775"
"France (FR)","11.03.2020 00:00 - 11.03.2020 01:00 (CET/CEST)","6418"
"France (FR)","11.03.2020 01:00 - 11.03.2020 02:00 (CET/CEST)","6425"
"France (FR)","11.03.2020 02:00 - 11.03.2020 03:00 (CET/CEST)","6290"
"France (FR)","11.03.2020 03:00 - 11.03.2020 04:00 (CET/CEST)","6189"
"France (FR)","11.03.2020 04:00 - 11.03.2020 05:00 (CET/CEST)","6246"
"France (FR)","11.03.2020 05:00 - 11.03.2020 06:00 (CET/CEST)","6199"
"France (FR)","11.03.2020 06:00 - 11.03.2020 07:00 (CET/CEST)","6726"
"France (FR)","11.03.2020 07:00 - 11.03.2020 08:00 (CET/CEST)","7174"
"France (FR)","11.03.2020 08:00 - 11.03.2020 09:00 (CET/CEST)","7219"
"France (FR)","11.03.2020 09:00 - 11.03.2020 10:00 (CET/CEST)","6910"
"France (FR)","11.03.2020 10:00 - 11.03.2020 11:00 (CET/CEST)","7044"
"France (FR)","11.03.2020 11:00 - 11.03.2020 12:00 (CET/CEST)","6936"
"France (FR)","11.03.2020 12:00 - 11.03.2020 13:00 (CET/CEST)","6676"
"France (FR)","11.03.2020 13:00 - 11.03.2020 14:00 (CET/CEST)","6469"
"France (FR)","11.03.2020 14:00 - 11.03.2020 15:00 (CET/CEST)","6295"
"France (FR)","11.03.2020 15:00 - 11.03.2020 16:00 (CET/CEST)","6227"
"France (FR)","11.03.2020 16:00 - 11.03.2020 17:00 (CET/CEST)","6514"
"France (FR)","11.03.2020 17:00 - 11.03.2020 18:00 (CET/CEST)","7080"
"France (FR)","11.03.2020 18:00 - 11.03.2020 19:00 (CET/CEST)","7140"
"France (FR)","11.03.2020 19:00 - 11.03.2020 20:00 (CET/CEST)","7390"
"France (FR)","11.03.2020 20:00 - 11.03.2020 21:00 (CET/CEST)","7342"
"France (FR)","11.03.2020 21:00 - 11.03.2020 22:00 (CET/CEST)","6829"
"France (FR)","11.03.2020 22:00 - 11.03.2020 23:00 (CET/CEST)","6495"
"France (FR)","11.03.2020 23:00 - 12.03.2020 00:00 (CET/CEST)","6456"
"France (FR)","12.03.2020 00:00 - 12.03.2020 01:00 (CET/CEST)","6517"
"France (FR)","12.03.2020 01:00 - 12.03.2020 02:00 (CET/CEST)","6551"
"France (FR)","12.03.2020 02:00 - 12.03.2020 03:00 (CET/CEST)","6356"
"France (FR)","12.03.2020 03:00 - 12.03.2020 04:00 (CET/CEST)","6256"
"France (FR)","12.03.2020 04:00 - 12.03.2020 05:00 (CET/CEST)","6415"
"France (FR)","12.03.2020 05:00 - 12.03.2020 06:00 (CET/CEST)","6469"
"France (FR)","12.03.2020 06:00 - 12.03.2020 07:00 (CET/CEST)","6552"
"France (FR)","12.03.2020 07:00 - 12.03.2020 08:00 (CET/CEST)","7015"
"France (FR)","12.03.2020 08:00 - 12.03.2020 09:00 (CET/CEST)","7020"
"France (FR)","12.03.2020 09:00 - 12.03.2020 10:00 (CET/CEST)","7138"
"France (FR)","12.03.2020 10:00 - 12.03.2020 11:00 (CET/CEST)","7048"
"France (FR)","12.03.2020 11:00 - 12.03.2020 12:00 (CET/CEST)","7021"
"France (FR)","12.03.2020 12:00 - 12.03.2020 13:00 (CET/CEST)","7165"
"France (FR)","12.03.2020 13:00 - 12.03.2020 14:00 (CET/CEST)","7176"
"France (FR)","12.03.2020 14:00 - 12.03.2020 15:00 (CET/CEST)","6961"
"France (FR)","12.03.2020 15:00 - 12.03.2020 16:00 (CET/CEST)","6772"
"France (FR)","12.03.2020 16:00 - 12.03.2020 17:00 (CET/CEST)","6823"
"France (FR)","12.03.2020 17:00 - 12.03.2020 18:00 (CET/CEST)","7209"
"France (FR)","12.03.2020 18:00 - 12.03.2020 19:00 (CET/CEST)","7264"
"France (FR)","12.03.2020 19:00 - 12.03.2020 20:00 (CET/CEST)","7422"
"France (FR)","12.03.2020 20:00 - 12.03.2020 21:00 (CET/CEST)","7416"
"France (FR)","12.03.2020 21:00 - 12.03.2020 22:00 (CET/CEST)","7132"
"France (FR)","12.03.2020 22:00 - 12.03.2020 23:00 (CET/CEST)","6780"
"France (FR)","12.03.2020 23:00 - 13.03.2020 00:00 (CET/CEST)","6765"
"France (FR)","13.03.2020 00:00 - 13.03.2020 01:00 (CET/CEST)","6608"
"France (FR)","13.03.2020 01:00 - 13.03.2020 02:00 (CET/CEST)","6639"
"France (FR)","13.03.2020 02:00 - 13.03.2020 03:00 (CET/CEST)","6746"
"France (FR)","13.03.2020 03:00 - 13.03.2020 04:00 (CET/CEST)","6584"
"France (FR)","13.03.2020 04:00 - 13.03.2020 05:00 (CET/CEST)","6616"
"France (FR)","13.03.2020 05:00 - 13.03.2020 06:00 (CET/CEST)","6866"
"France (FR)","13.03.2020 06:00 - 13.03.2020 07:00 (CET/CEST)","7010"
"France (FR)","13.03.2020 07:00 - 13.03.2020 08:00 (CET/CEST)","7272"
"France (FR)","13.03.2020 08:00 - 13.03.2020 09:00 (CET/CEST)","7484"
"France (FR)","13.03.2020 09:00 - 13.03.2020 10:00 (CET/CEST)","7453"
"France (FR)","13.03.2020 10:00 - 13.03.2020 11:00 (CET/CEST)","7143"
"France (FR)","13.03.2020 11:00 - 13.03.2020 12:00 (CET/CEST)","6976"
"France (FR)","13.03.2020 12:00 - 13.03.2020 13:00 (CET/CEST)","7014"
"France (FR)","13.03.2020 13:00 - 13.03.2020 14:00 (CET/CEST)","7088"
"France (FR)","13.03.2020 14:00 - 13.03.2020 15:00 (CET/CEST)","6984"
"France (FR)","13.03.2020 15:00 - 13.03.2020 16:00 (CET/CEST)","6910"
"France (FR)","13.03.2020 16:00 - 13.03.2020 17:00 (CET/CEST)","7098"
"France (FR)","13.03.2020 17:00 - 13.03.2020 18:00 (CET/CEST)","7387"
"France (FR)","13.03.2020 18:00 - 13.03.2020 19:00 (CET/CEST)","7834"
"France (FR)","13.03.2020 19:00 - 13.03.2020 20:00 (CET/CEST)","7906"
"France (FR)","13.03.2020 20:00 - 13.03.2020 21:00 (CET/CEST)","7981"
"France (FR)","13.03.2020 21:00 - 13.03.2020 22:00 (CET/CEST)","7868"
"France (FR)","13.03.2020 22:00 - 13.03.2020 23:00 (CET/CEST)","7691"
"France (FR)","13.03.2020 23:00 - 14.03.2020 00:00 (CET/CEST)","7386"
"France (FR)","14.03.2020 00:00 - 14.03.2020 01:00 (CET/CEST)","7368"
"France (FR)","14.03.2020 01:00 - 14.03.2020 02:00 (CET/CEST)","7389"
"France (FR)","14.03.2020 02:00 - 14.03.2020 03:00 (CET/CEST)","7258"
"France (FR)","14.03.2020 03:00 - 14.03.2020 04:00 (CET/CEST)","6974"
"France (FR)","14.03.2020 04:00 - 14.03.2020 05:00 (CET/CEST)","6907"
"France (FR)","14.03.2020 05:00 - 14.03.2020 06:00 (CET/CEST)","7069"
"France (FR)","14.03.2020 06:00 - 14.03.2020 07:00 (CET/CEST)","7270"
"France (FR)","14.03.2020 07:00 - 14.03.2020 08:00 (CET/CEST)","7421"
"France (FR)","14.03.2020 08:00 - 14.03.2020 09:00 (CET/CEST)","7502"
"France (FR)","14.03.2020 09:00 - 14.03.2020 10:00 (CET/CEST)","7511"
"France (FR)","14.03.2020 10:00 - 14.03.2020 11:00 (CET/CEST)","7152"
"France (FR)","14.03.2020 11:00 - 14.03.2020 12:00 (CET/CEST)","6941"
"France (FR)","14.03.2020 12:00 - 14.03.2020 13:00 (CET/CEST)","6827"
"France (FR)","14.03.2020 13:00 - 14.03.2020 14:00 (CET/CEST)","6757"
"France (FR)","14.03.2020 14:00 - 14.03.2020 15:00 (CET/CEST)","6805"
"France (FR)","14.03.2020 15:00 - 14.03.2020 16:00 (CET/CEST)","6869"
"France (FR)","14.03.2020 16:00 - 14.03.2020 17:00 (CET/CEST)","6939"
"France (FR)","14.03.2020 17:00 - 14.03.2020 18:00 (CET/CEST)","7206"
"France (FR)","14.03.2020 18:00 - 14.03.2020 19:00 (CET/CEST)","7545"
"France (FR)","14.03.2020 19:00 - 14.03.2020 20:00 (CET/CEST)","7512"
"France (FR)","14.03.2020 20:00 - 14.03.2020 21:00 (CET/CEST)","7416"
"France (FR)","14.03.2020 21:00 - 14.03.2020 22:00 (CET/CEST)","7004"
"France (FR)","14.03.2020 22:00 - 14.03.2020 23:00 (CET/CEST)","6892"
"France (FR)","14.03.2020 23:00 - 15.03.2020 00:00 (CET/CEST)","6951"
"France (FR)","15.03.2020 00:00 - 15.03.2020 01:00 (CET/CEST)","6759"
"France (FR)","15.03.2020 01:00 - 15.03.2020 02:00 (CET/CEST)","6519"
"France (FR)","15.03.2020 02:00 - 15.03.2020 03:00 (CET/CEST)","6521"
"France (FR)","15.03.2020 03:00 - 15.03.2020 04:00 (CET/CEST)","6529"
"France (FR)","15.03.2020 04:00 - 15.03.2020 05:00 (CET/CEST)","6429"
"France (FR)","15.03.2020 05:00 - 15.03.2020 06:00 (CET/CEST)","6351"
"France (FR)","15.03.2020 06:00 - 15.03.2020 07:00 (CET/CEST)","6367"
"France (FR)","15.03.2020 07:00 - 15.03.2020 08:00 (CET/CEST)","6260"
"France (FR)","15.03.2020 08:00 - 15.03.2020 09:00 (CET/CEST)","6181"
"France (FR)","15.03.2020 09:00 - 15.03.2020 10:00 (CET/CEST)","6282"
"France (FR)","15.03.2020 10:00 - 15.03.2020 11:00 (CET/CEST)","6332"
"France (FR)","15.03.2020 11:00 - 15.03.2020 12:00 (CET/CEST)","6131"
"France (FR)","15.03.2020 12:00 - 15.03.2020 13:00 (CET/CEST)","6178"
"France (FR)","15.03.2020 13:00 - 15.03.2020 14:00 (CET/CEST)","6116"
"France (FR)","15.03.2020 14:00 - 15.03.2020 15:00 (CET/CEST)","6226"
"France (FR)","15.03.2020 15:00 - 15.03.2020 16:00 (CET/CEST)","6251"
"France (FR)","15.03.2020 16:00 - 15.03.2020 17:00 (CET/CEST)","6341"
"France (FR)","15.03.2020 17:00 - 15.03.2020 18:00 (CET/CEST)","6579"
"France (FR)","15.03.2020 18:00 - 15.03.2020 19:00 (CET/CEST)","6928"
"France (FR)","15.03.2020 19:00 - 15.03.2020 20:00 (CET/CEST)","7258"
"France (FR)","15.03.2020 20:00 - 15.03.2020 21:00 (CET/CEST)","7410"
"France (FR)","15.03.2020 21:00 - 15.03.2020 22:00 (CET/CEST)","7134"
"France (FR)","15.03.2020 22:00 - 15.03.2020 23:00 (CET/CEST)","6990"
"France (FR)","15.03.2020 23:00 - 16.03.2020 00:00 (CET/CEST)","7035"
"France (FR)","16.03.2020 00:00 - 16.03.2020 01:00 (CET/CEST)","6632"
"France (FR)","16.03.2020 01:00 - 16.03.2020 02:00 (CET/CEST)","6435"
"France (FR)","16.03.2020 02:00 - 16.03.2020 03:00 (CET/CEST)","6465"
"France (FR)","16.03.2020 03:00 - 16.03.2020 04:00 (CET/CEST)","6569"
"France (FR)","16.03.2020 04:00 - 16.03.2020 05:00 (CET/CEST)","6618"
"France (FR)","16.03.2020 05:00 - 16.03.2020 06:00 (CET/CEST)","6705"
"France (FR)","16.03.2020 06:00 - 16.03.2020 07:00 (CET/CEST)","6915"
"France (FR)","16.03.2020 07:00 - 16.03.2020 08:00 (CET/CEST)","7147"
"France (FR)","16.03.2020 08:00 - 16.03.2020 09:00 (CET/CEST)","7221"
"France (FR)","16.03.2020 09:00 - 16.03.2020 10:00 (CET/CEST)","6974"
"France (FR)","16.03.2020 10:00 - 16.03.2020 11:00 (CET/CEST)","6793"
"France (FR)","16.03.2020 11:00 - 16.03.2020 12:00 (CET/CEST)","6712"
"France (FR)","16.03.2020 12:00 - 16.03.2020 13:00 (CET/CEST)","6799"
"France (FR)","16.03.2020 13:00 - 16.03.2020 14:00 (CET/CEST)","6741"
"France (FR)","16.03.2020 14:00 - 16.03.2020 15:00 (CET/CEST)","6598"
"France (FR)","16.03.2020 15:00 - 16.03.2020 16:00 (CET/CEST)","6706"
"France (FR)","16.03.2020 16:00 - 16.03.2020 17:00 (CET/CEST)","7084"
"France (FR)","16.03.2020 17:00 - 16.03.2020 18:00 (CET/CEST)","7341"
"France (FR)","16.03.2020 18:00 - 16.03.2020 19:00 (CET/CEST)","7659"
"France (FR)","16.03.2020 19:00 - 16.03.2020 20:00 (CET/CEST)","7788"
"France (FR)","16.03.2020 20:00 - 16.03.2020 21:00 (CET/CEST)","7796"
"France (FR)","16.03.2020 21:00 - 16.03.2020 22:00 (CET/CEST)","7605"
"France (FR)","16.03.2020 22:00 - 16.03.2020 23:00 (CET/CEST)","7435"
"France (FR)","16.03.2020 23:00 - 17.03.2020 00:00 (CET/CEST)","7110"
"France (FR)","17.03.2020 00:00 - 17.03.2020 01:00 (CET/CEST)","6956"
"France (FR)","17.03.2020 01:00 - 17.03.2020 02:00 (CET/CEST)","6829"
"France (FR)","17.03.2020 02:00 - 17.03.2020 03:00 (CET/CEST)","6694"
"France (FR)","17.03.2020 03:00 - 17.03.2020 04:00 (CET/CEST)","6483"
"France (FR)","17.03.2020 04:00 - 17.03.2020 05:00 (CET/CEST)","6578"
"France (FR)","17.03.2020 05:00 - 17.03.2020 06:00 (CET/CEST)","6667"
"France (FR)","17.03.2020 06:00 - 17.03.2020 07:00 (CET/CEST)","7085"
"France (FR)","17.03.2020 07:00 - 17.03.2020 08:00 (CET/CEST)","7284"
"France (FR)","17.03.2020 08:00 - 17.03.2020 09:00 (CET/CEST)","7573"
"France (FR)","17.03.2020 09:00 - 17.03.2020 10:00 (CET/CEST)","7371"
"France (FR)","17.03.2020 10:00 - 17.03.2020 11:00 (CET/CEST)","7172"
"France (FR)","17.03.2020 11:00 - 17.03.2020 12:00 (CET/CEST)","6855"
"France (FR)","17.03.2020 12:00 - 17.03.2020 13:00 (CET/CEST)","6836"
"France (FR)","17.03.2020 13:00 - 17.03.2020 14:00 (CET/CEST)","6727"
"France (FR)","17.03.2020 14:00 - 17.03.2020 15:00 (CET/CEST)","6530"
"France (FR)","17.03.2020 15:00 - 17.03.2020 16:00 (CET/CEST)","6485"
"France (FR)","17.03.2020 16:00 - 17.03.2020 17:00 (CET/CEST)","6574"
"France (FR)","17.03.2020 17:00 - 17.03.2020 18:00 (CET/CEST)","7136"
"France (FR)","17.03.2020 18:00 - 17.03.2020 19:00 (CET/CEST)","7321"
"France (FR)","17.03.2020 19:00 - 17.03.2020 20:00 (CET/CEST)","7663"
"France (FR)","17.03.2020 20:00 - 17.03.2020 21:00 (CET/CEST)","7628"
"France (FR)","17.03.2020 21:00 - 17.03.2020 22:00 (CET/CEST)","7404"
"France (FR)","17.03.2020 22:00 - 17.03.2020 23:00 (CET/CEST)","7024"
"France (FR)","17.03.2020 23:00 - 18.03.2020 00:00 (CET/CEST)","6950"
"France (FR)","18.03.2020 00:00 - 18.03.2020 01:00 (CET/CEST)","6558"
"France (FR)","18.03.2020 01:00 - 18.03.2020 02:00 (CET/CEST)","6292"
"France (FR)","18.03.2020 02:00 - 18.03.2020 03:00 (CET/CEST)","6189"
"France (FR)","18.03.2020 03:00 - 18.03.2020 04:00 (CET/CEST)","6098"
"France (FR)","18.03.2020 04:00 - 18.03.2020 05:00 (CET/CEST)","6076"
"France (FR)","18.03.2020 05:00 - 18.03.2020 06:00 (CET/CEST)","6302"
"France (FR)","18.03.2020 06:00 - 18.03.2020 07:00 (CET/CEST)","6670"
"France (FR)","18.03.2020 07:00 - 18.03.2020 08:00 (CET/CEST)","7034"
"France (FR)","18.03.2020 08:00 - 18.03.2020 09:00 (CET/CEST)","7233"
"France (FR)","18.03.2020 09:00 - 18.03.2020 10:00 (CET/CEST)","7073"
"France (FR)","18.03.2020 10:00 - 18.03.2020 11:00 (CET/CEST)","6644"
"France (FR)","18.03.2020 11:00 - 18.03.2020 12:00 (CET/CEST)","6528"
"France (FR)","18.03.2020 12:00 - 18.03.2020 13:00 (CET/CEST)","6486"
"France (FR)","18.03.2020 13:00 - 18.03.2020 14:00 (CET/CEST)","6346"
"France (FR)","18.03.2020 14:00 - 18.03.2020 15:00 (CET/CEST)","6234"
"France (FR)","18.03.2020 15:00 - 18.03.2020 16:00 (CET/CEST)","6360"
"France (FR)","18.03.2020 16:00 - 18.03.2020 17:00 (CET/CEST)","6982"
"France (FR)","18.03.2020 17:00 - 18.03.2020 18:00 (CET/CEST)","7253"
"France (FR)","18.03.2020 18:00 - 18.03.2020 19:00 (CET/CEST)","7587"
"France (FR)","18.03.2020 19:00 - 18.03.2020 20:00 (CET/CEST)","7848"
"France (FR)","18.03.2020 20:00 - 18.03.2020 21:00 (CET/CEST)","7823"
"France (FR)","18.03.2020 21:00 - 18.03.2020 22:00 (CET/CEST)","7714"
"France (FR)","18.03.2020 22:00 - 18.03.2020 23:00 (CET/CEST)","7633"
"France (FR)","18.03.2020 23:00 - 19.03.2020 00:00 (CET/CEST)","7415"
"France (FR)","19.03.2020 00:00 - 19.03.2020 01:00 (CET/CEST)","6921"
"France (FR)","19.03.2020 01:00 - 19.03.2020 02:00 (CET/CEST)","6601"
"France (FR)","19.03.2020 02:00 - 19.03.2020 03:00 (CET/CEST)","6334"
"France (FR)","19.03.2020 03:00 - 19.03.2020 04:00 (CET/CEST)","6210"
"France (FR)","19.03.2020 04:00 - 19.03.2020 05:00 (CET/CEST)","6247"
"France (FR)","19.03.2020 05:00 - 19.03.2020 06:00 (CET/CEST)","6557"
"France (FR)","19.03.2020 06:00 - 19.03.2020 07:00 (CET/CEST)","7060"
"France (FR)","19.03.2020 07:00 - 19.03.2020 08:00 (CET/CEST)","7196"
"France (FR)","19.03.2020 08:00 - 19.03.2020 09:00 (CET/CEST)","7307"
"France (FR)","19.03.2020 09:00 - 19.03.2020 10:00 (CET/CEST)","7288"
"France (FR)","19.03.2020 10:00 - 19.03.2020 11:00 (CET/CEST)","7076"
"France (FR)","19.03.2020 11:00 - 19.03.2020 12:00 (CET/CEST)","6813"
"France (FR)","19.03.2020 12:00 - 19.03.2020 13:00 (CET/CEST)","6481"
"France (FR)","19.03.2020 13:00 - 19.03.2020 14:00 (CET/CEST)","6324"
"France (FR)","19.03.2020 14:00 - 19.03.2020 15:00 (CET/CEST)","6215"
"France (FR)","19.03.2020 15:00 - 19.03.2020 16:00 (CET/CEST)","6107"
"France (FR)","19.03.2020 16:00 - 19.03.2020 17:00 (CET/CEST)","6097"
"France (FR)","19.03.2020 17:00 - 19.03.2020 18:00 (CET/CEST)","6279"
"France (FR)","19.03.2020 18:00 - 19.03.2020 19:00 (CET/CEST)","6780"
"France (FR)","19.03.2020 19:00 - 19.03.2020 20:00 (CET/CEST)","7336"
"France (FR)","19.03.2020 20:00 - 19.03.2020 21:00 (CET/CEST)","7460"
"France (FR)","19.03.2020 21:00 - 19.03.2020 22:00 (CET/CEST)","7161"
"France (FR)","19.03.2020 22:00 - 19.03.2020 23:00 (CET/CEST)","7113"
"France (FR)","19.03.2020 23:00 - 20.03.2020 00:00 (CET/CEST)","7014"
"France (FR)","20.03.2020 00:00 - 20.03.2020 01:00 (CET/CEST)","6869"
"France (FR)","20.03.2020 01:00 - 20.03.2020 02:00 (CET/CEST)","6719"
"France (FR)","20.03.2020 02:00 - 20.03.2020 03:00 (CET/CEST)","6602"
"France (FR)","20.03.2020 03:00 - 20.03.2020 04:00 (CET/CEST)","6353"
"France (FR)","20.03.2020 04:00 - 20.03.2020 05:00 (CET/CEST)","6350"
"France (FR)","20.03.2020 05:00 - 20.03.2020 06:00 (CET/CEST)","6506"
"France (FR)","20.03.2020 06:00 - 20.03.2020 07:00 (CET/CEST)","6867"
"France (FR)","20.03.2020 07:00 - 20.03.2020 08:00 (CET/CEST)","7021"
"France (FR)","20.03.2020 08:00 - 20.03.2020 09:00 (CET/CEST)","7109"
"France (FR)","20.03.2020 09:00 - 20.03.2020 10:00 (CET/CEST)","7172"
"France (FR)","20.03.2020 10:00 - 20.03.2020 11:00 (CET/CEST)","6994"
"France (FR)","20.03.2020 11:00 - 20.03.2020 12:00 (CET/CEST)","6856"
"France (FR)","20.03.2020 12:00 - 20.03.2020 13:00 (CET/CEST)","6823"
"France (FR)","20.03.2020 13:00 - 20.03.2020 14:00 (CET/CEST)","6392"
"France (FR)","20.03.2020 14:00 - 20.03.2020 15:00 (CET/CEST)","6167"
"France (FR)","20.03.2020 15:00 - 20.03.2020 16:00 (CET/CEST)","6097"
"France (FR)","20.03.2020 16:00 - 20.03.2020 17:00 (CET/CEST)","6074"
"France (FR)","20.03.2020 17:00 - 20.03.2020 18:00 (CET/CEST)","6074"
"France (FR)","20.03.2020 18:00 - 20.03.2020 19:00 (CET/CEST)","6319"
"France (FR)","20.03.2020 19:00 - 20.03.2020 20:00 (CET/CEST)","6845"
"France (FR)","20.03.2020 20:00 - 20.03.2020 21:00 (CET/CEST)","7020"
"France (FR)","20.03.2020 21:00 - 20.03.2020 22:00 (CET/CEST)","6753"
"France (FR)","20.03.2020 22:00 - 20.03.2020 23:00 (CET/CEST)","6780"
"France (FR)","20.03.2020 23:00 - 21.03.2020 00:00 (CET/CEST)","6765"
"France (FR)","21.03.2020 00:00 - 21.03.2020 01:00 (CET/CEST)","6350"
"France (FR)","21.03.2020 01:00 - 21.03.2020 02:00 (CET/CEST)","6131"
"France (FR)","21.03.2020 02:00 - 21.03.2020 03:00 (CET/CEST)","5913"
"France (FR)","21.03.2020 03:00 - 21.03.2020 04:00 (CET/CEST)","5876"
"France (FR)","21.03.2020 04:00 - 21.03.2020 05:00 (CET/CEST)","5776"
"France (FR)","21.03.2020 05:00 - 21.03.2020 06:00 (CET/CEST)","5770"
"France (FR)","21.03.2020 06:00 - 21.03.2020 07:00 (CET/CEST)","5719"
"France (FR)","21.03.2020 07:00 - 21.03.2020 08:00 (CET/CEST)","5720"
"France (FR)","21.03.2020 08:00 - 21.03.2020 09:00 (CET/CEST)","5791"
"France (FR)","21.03.2020 09:00 - 21.03.2020 10:00 (CET/CEST)","5909"
"France (FR)","21.03.2020 10:00 - 21.03.2020 11:00 (CET/CEST)","5815"
"France (FR)","21.03.2020 11:00 - 21.03.2020 12:00 (CET/CEST)","5652"
"France (FR)","21.03.2020 12:00 - 21.03.2020 13:00 (CET/CEST)","5357"
"France (FR)","21.03.2020 13:00 - 21.03.2020 14:00 (CET/CEST)","5134"
"France (FR)","21.03.2020 14:00 - 21.03.2020 15:00 (CET/CEST)","4992"
"France (FR)","21.03.2020 15:00 - 21.03.2020 16:00 (CET/CEST)","5155"
"France (FR)","21.03.2020 16:00 - 21.03.2020 17:00 (CET/CEST)","5452"
"France (FR)","21.03.2020 17:00 - 21.03.2020 18:00 (CET/CEST)","5779"
"France (FR)","21.03.2020 18:00 - 21.03.2020 19:00 (CET/CEST)","6114"
"France (FR)","21.03.2020 19:00 - 21.03.2020 20:00 (CET/CEST)","6339"
"France (FR)","21.03.2020 20:00 - 21.03.2020 21:00 (CET/CEST)","6320"
"France (FR)","21.03.2020 21:00 - 21.03.2020 22:00 (CET/CEST)","6210"
"France (FR)","21.03.2020 22:00 - 21.03.2020 23:00 (CET/CEST)","6154"
"France (FR)","21.03.2020 23:00 - 22.03.2020 00:00 (CET/CEST)","6015"
"France (FR)","22.03.2020 00:00 - 22.03.2020 01:00 (CET/CEST)","5721"
"France (FR)","22.03.2020 01:00 - 22.03.2020 02:00 (CET/CEST)","5512"
"France (FR)","22.03.2020 02:00 - 22.03.2020 03:00 (CET/CEST)","5394"
"France (FR)","22.03.2020 03:00 - 22.03.2020 04:00 (CET/CEST)","5366"
"France (FR)","22.03.2020 04:00 - 22.03.2020 05:00 (CET/CEST)","5386"
"France (FR)","22.03.2020 05:00 - 22.03.2020 06:00 (CET/CEST)","5368"
"France (FR)","22.03.2020 06:00 - 22.03.2020 07:00 (CET/CEST)","5374"
"France (FR)","22.03.2020 07:00 - 22.03.2020 08:00 (CET/CEST)","5269"
"France (FR)","22.03.2020 08:00 - 22.03.2020 09:00 (CET/CEST)","5306"
"France (FR)","22.03.2020 09:00 - 22.03.2020 10:00 (CET/CEST)","5368"
"France (FR)","22.03.2020 10:00 - 22.03.2020 11:00 (CET/CEST)","5417"
"France (FR)","22.03.2020 11:00 - 22.03.2020 12:00 (CET/CEST)","5408"
"France (FR)","22.03.2020 12:00 - 22.03.2020 13:00 (CET/CEST)","5247"
"France (FR)","22.03.2020 13:00 - 22.03.2020 14:00 (CET/CEST)","4842"
"France (FR)","22.03.2020 14:00 - 22.03.2020 15:00 (CET/CEST)","4318"
"France (FR)","22.03.2020 15:00 - 22.03.2020 16:00 (CET/CEST)","4304"
"France (FR)","22.03.2020 16:00 - 22.03.2020 17:00 (CET/CEST)","4744"
"France (FR)","22.03.2020 17:00 - 22.03.2020 18:00 (CET/CEST)","5076"
"France (FR)","22.03.2020 18:00 - 22.03.2020 19:00 (CET/CEST)","5406"
"France (FR)","22.03.2020 19:00 - 22.03.2020 20:00 (CET/CEST)","5620"
"France (FR)","22.03.2020 20:00 - 22.03.2020 21:00 (CET/CEST)","5848"
"France (FR)","22.03.2020 21:00 - 22.03.2020 22:00 (CET/CEST)","5881"
"France (FR)","22.03.2020 22:00 - 22.03.2020 23:00 (CET/CEST)","5885"
"France (FR)","22.03.2020 23:00 - 23.03.2020 00:00 (CET/CEST)","5672"
"France (FR)","23.03.2020 00:00 - 23.03.2020 01:00 (CET/CEST)","5342"
"France (FR)","23.03.2020 01:00 - 23.03.2020 02:00 (CET/CEST)","5204"
"France (FR)","23.03.2020 02:00 - 23.03.2020 03:00 (CET/CEST)","4743"
"France (FR)","23.03.2020 03:00 - 23.03.2020 04:00 (CET/CEST)","4720"
"France (FR)","23.03.2020 04:00 - 23.03.2020 05:00 (CET/CEST)","4771"
"France (FR)","23.03.2020 05:00 - 23.03.2020 06:00 (CET/CEST)","4924"
"France (FR)","23.03.2020 06:00 - 23.03.2020 07:00 (CET/CEST)","5424"
"France (FR)","23.03.2020 07:00 - 23.03.2020 08:00 (CET/CEST)","5687"
"France (FR)","23.03.2020 08:00 - 23.03.2020 09:00 (CET/CEST)","5587"
"France (FR)","23.03.2020 09:00 - 23.03.2020 10:00 (CET/CEST)","5494"
"France (FR)","23.03.2020 10:00 - 23.03.2020 11:00 (CET/CEST)","5463"
"France (FR)","23.03.2020 11:00 - 23.03.2020 12:00 (CET/CEST)","5413"
"France (FR)","23.03.2020 12:00 - 23.03.2020 13:00 (CET/CEST)","5256"
"France (FR)","23.03.2020 13:00 - 23.03.2020 14:00 (CET/CEST)","5151"
"France (FR)","23.03.2020 14:00 - 23.03.2020 15:00 (CET/CEST)","5156"
"France (FR)","23.03.2020 15:00 - 23.03.2020 16:00 (CET/CEST)","5229"
"France (FR)","23.03.2020 16:00 - 23.03.2020 17:00 (CET/CEST)","5292"
"France (FR)","23.03.2020 17:00 - 23.03.2020 18:00 (CET/CEST)","5669"
"France (FR)","23.03.2020 18:00 - 23.03.2020 19:00 (CET/CEST)","6352"
"France (FR)","23.03.2020 19:00 - 23.03.2020 20:00 (CET/CEST)","6770"
"France (FR)","23.03.2020 20:00 - 23.03.2020 21:00 (CET/CEST)","6700"
"France (FR)","23.03.2020 21:00 - 23.03.2020 22:00 (CET/CEST)","6439"
"France (FR)","23.03.2020 22:00 - 23.03.2020 23:00 (CET/CEST)","6307"
"France (FR)","23.03.2020 23:00 - 24.03.2020 00:00 (CET/CEST)","6175"
"France (FR)","24.03.2020 00:00 - 24.03.2020 01:00 (CET/CEST)","5759"
"France (FR)","24.03.2020 01:00 - 24.03.2020 02:00 (CET/CEST)","5486"
"France (FR)","24.03.2020 02:00 - 24.03.2020 03:00 (CET/CEST)","5244"
"France (FR)","24.03.2020 03:00 - 24.03.2020 04:00 (CET/CEST)","5141"
"France (FR)","24.03.2020 04:00 - 24.03.2020 05:00 (CET/CEST)","5158"
"France (FR)","24.03.2020 05:00 - 24.03.2020 06:00 (CET/CEST)","5255"
"France (FR)","24.03.2020 06:00 - 24.03.2020 07:00 (CET/CEST)","6041"
"France (FR)","24.03.2020 07:00 - 24.03.2020 08:00 (CET/CEST)","6247"
"France (FR)","24.03.2020 08:00 - 24.03.2020 09:00 (CET/CEST)","6070"
"France (FR)","24.03.2020 09:00 - 24.03.2020 10:00 (CET/CEST)","5668"
"France (FR)","24.03.2020 10:00 - 24.03.2020 11:00 (CET/CEST)","5471"
"France (FR)","24.03.2020 11:00 - 24.03.2020 12:00 (CET/CEST)","5481"
"France (FR)","24.03.2020 12:00 - 24.03.2020 13:00 (CET/CEST)","5398"
"France (FR)","24.03.2020 13:00 - 24.03.2020 14:00 (CET/CEST)","5282"
"France (FR)","24.03.2020 14:00 - 24.03.2020 15:00 (CET/CEST)","5355"
"France (FR)","24.03.2020 15:00 - 24.03.2020 16:00 (CET/CEST)","5470"
"France (FR)","24.03.2020 16:00 - 24.03.2020 17:00 (CET/CEST)","5368"
"France (FR)","24.03.2020 17:00 - 24.03.2020 18:00 (CET/CEST)","5768"
"France (FR)","24.03.2020 18:00 - 24.03.2020 19:00 (CET/CEST)","6317"
"France (FR)","24.03.2020 19:00 - 24.03.2020 20:00 (CET/CEST)","6689"
"France (FR)","24.03.2020 20:00 - 24.03.2020 21:00 (CET/CEST)","6742"
"France (FR)","24.03.2020 21:00 - 24.03.2020 22:00 (CET/CEST)","6285"
"France (FR)","24.03.2020 22:00 - 24.03.2020 23:00 (CET/CEST)","5898"
"France (FR)","24.03.2020 23:00 - 25.03.2020 00:00 (CET/CEST)","5773"
"France (FR)","25.03.2020 00:00 - 25.03.2020 01:00 (CET/CEST)","5252"
"France (FR)","25.03.2020 01:00 - 25.03.2020 02:00 (CET/CEST)","4762"
"France (FR)","25.03.2020 02:00 - 25.03.2020 03:00 (CET/CEST)","4724"
"France (FR)","25.03.2020 03:00 - 25.03.2020 04:00 (CET/CEST)","4688"
"France (FR)","25.03.2020 04:00 - 25.03.2020 05:00 (CET/CEST)","4665"
"France (FR)","25.03.2020 05:00 - 25.03.2020 06:00 (CET/CEST)","4999"
"France (FR)","25.03.2020 06:00 - 25.03.2020 07:00 (CET/CEST)","5923"
"France (FR)","25.03.2020 07:00 - 25.03.2020 08:00 (CET/CEST)","6240"
"France (FR)","25.03.2020 08:00 - 25.03.2020 09:00 (CET/CEST)","6289"
"France (FR)","25.03.2020 09:00 - 25.03.2020 10:00 (CET/CEST)","6017"
"France (FR)","25.03.2020 10:00 - 25.03.2020 11:00 (CET/CEST)","5530"
"France (FR)","25.03.2020 11:00 - 25.03.2020 12:00 (CET/CEST)","5387"
"France (FR)","25.03.2020 12:00 - 25.03.2020 13:00 (CET/CEST)","5253"
"France (FR)","25.03.2020 13:00 - 25.03.2020 14:00 (CET/CEST)","5090"
"France (FR)","25.03.2020 14:00 - 25.03.2020 15:00 (CET/CEST)","5031"
"France (FR)","25.03.2020 15:00 - 25.03.2020 16:00 (CET/CEST)","5126"
"France (FR)","25.03.2020 16:00 - 25.03.2020 17:00 (CET/CEST)","5421"
"France (FR)","25.03.2020 17:00 - 25.03.2020 18:00 (CET/CEST)","5570"
"France (FR)","25.03.2020 18:00 - 25.03.2020 19:00 (CET/CEST)","6160"
"France (FR)","25.03.2020 19:00 - 25.03.2020 20:00 (CET/CEST)","6556"
"France (FR)","25.03.2020 20:00 - 25.03.2020 21:00 (CET/CEST)","6509"
"France (FR)","25.03.2020 21:00 - 25.03.2020 22:00 (CET/CEST)","6254"
"France (FR)","25.03.2020 22:00 - 25.03.2020 23:00 (CET/CEST)","5984"
"France (FR)","25.03.2020 23:00 - 26.03.2020 00:00 (CET/CEST)","5571"
"France (FR)","26.03.2020 00:00 - 26.03.2020 01:00 (CET/CEST)","5189"
"France (FR)","26.03.2020 01:00 - 26.03.2020 02:00 (CET/CEST)","4879"
"France (FR)","26.03.2020 02:00 - 26.03.2020 03:00 (CET/CEST)","4691"
"France (FR)","26.03.2020 03:00 - 26.03.2020 04:00 (CET/CEST)","4656"
"France (FR)","26.03.2020 04:00 - 26.03.2020 05:00 (CET/CEST)","4572"
"France (FR)","26.03.2020 05:00 - 26.03.2020 06:00 (CET/CEST)","4763"
"France (FR)","26.03.2020 06:00 - 26.03.2020 07:00 (CET/CEST)","5607"
"France (FR)","26.03.2020 07:00 - 26.03.2020 08:00 (CET/CEST)","6045"
"France (FR)","26.03.2020 08:00 - 26.03.2020 09:00 (CET/CEST)","6003"
"France (FR)","26.03.2020 09:00 - 26.03.2020 10:00 (CET/CEST)","5596"
"France (FR)","26.03.2020 10:00 - 26.03.2020 11:00 (CET/CEST)","5310"
"France (FR)","26.03.2020 11:00 - 26.03.2020 12:00 (CET/CEST)","5141"
"France (FR)","26.03.2020 12:00 - 26.03.2020 13:00 (CET/CEST)","5072"
"France (FR)","26.03.2020 13:00 - 26.03.2020 14:00 (CET/CEST)","4785"
"France (FR)","26.03.2020 14:00 - 26.03.2020 15:00 (CET/CEST)","4842"
"France (FR)","26.03.2020 15:00 - 26.03.2020 16:00 (CET/CEST)","4909"
"France (FR)","26.03.2020 16:00 - 26.03.2020 17:00 (CET/CEST)","5008"
"France (FR)","26.03.2020 17:00 - 26.03.2020 18:00 (CET/CEST)","5312"
"France (FR)","26.03.2020 18:00 - 26.03.2020 19:00 (CET/CEST)","5881"
"France (FR)","26.03.2020 19:00 - 26.03.2020 20:00 (CET/CEST)","6363"
"France (FR)","26.03.2020 20:00 - 26.03.2020 21:00 (CET/CEST)","6362"
"France (FR)","26.03.2020 21:00 - 26.03.2020 22:00 (CET/CEST)","6134"
"France (FR)","26.03.2020 22:00 - 26.03.2020 23:00 (CET/CEST)","5997"
"France (FR)","26.03.2020 23:00 - 27.03.2020 00:00 (CET/CEST)","5667"
"France (FR)","27.03.2020 00:00 - 27.03.2020 01:00 (CET/CEST)","5385"
"France (FR)","27.03.2020 01:00 - 27.03.2020 02:00 (CET/CEST)","5077"
"France (FR)","27.03.2020 02:00 - 27.03.2020 03:00 (CET/CEST)","4896"
"France (FR)","27.03.2020 03:00 - 27.03.2020 04:00 (CET/CEST)","4849"
"France (FR)","27.03.2020 04:00 - 27.03.2020 05:00 (CET/CEST)","4854"
"France (FR)","27.03.2020 05:00 - 27.03.2020 06:00 (CET/CEST)","5085"
"France (FR)","27.03.2020 06:00 - 27.03.2020 07:00 (CET/CEST)","5873"
"France (FR)","27.03.2020 07:00 - 27.03.2020 08:00 (CET/CEST)","6366"
"France (FR)","27.03.2020 08:00 - 27.03.2020 09:00 (CET/CEST)","6451"
"France (FR)","27.03.2020 09:00 - 27.03.2020 10:00 (CET/CEST)","6075"
"France (FR)","27.03.2020 10:00 - 27.03.2020 11:00 (CET/CEST)","5712"
"France (FR)","27.03.2020 11:00 - 27.03.2020 12:00 (CET/CEST)","5433"
"France (FR)","27.03.2020 12:00 - 27.03.2020 13:00 (CET/CEST)","5318"
"France (FR)","27.03.2020 13:00 - 27.03.2020 14:00 (CET/CEST)","5255"
"France (FR)","27.03.2020 14:00 - 27.03.2020 15:00 (CET/CEST)","5095"
"France (FR)","27.03.2020 15:00 - 27.03.2020 16:00 (CET/CEST)","4991"
"France (FR)","27.03.2020 16:00 - 27.03.2020 17:00 (CET/CEST)","5011"
"France (FR)","27.03.2020 17:00 - 27.03.2020 18:00 (CET/CEST)","5270"
"France (FR)","27.03.2020 18:00 - 27.03.2020 19:00 (CET/CEST)","5839"
"France (FR)","27.03.2020 19:00 - 27.03.2020 20:00 (CET/CEST)","6370"
"France (FR)","27.03.2020 20:00 - 27.03.2020 21:00 (CET/CEST)","6211"
"France (FR)","27.03.2020 21:00 - 27.03.2020 22:00 (CET/CEST)","5863"
"France (FR)","27.03.2020 22:00 - 27.03.2020 23:00 (CET/CEST)","6141"
"France (FR)","27.03.2020 23:00 - 28.03.2020 00:00 (CET/CEST)","5963"
"France (FR)","28.03.2020 00:00 - 28.03.2020 01:00 (CET/CEST)","6048"
"France (FR)","28.03.2020 01:00 - 28.03.2020 02:00 (CET/CEST)","5677"
"France (FR)","28.03.2020 02:00 - 28.03.2020 03:00 (CET/CEST)","5474"
"France (FR)","28.03.2020 03:00 - 28.03.2020 04:00 (CET/CEST)","5382"
"France (FR)","28.03.2020 04:00 - 28.03.2020 05:00 (CET/CEST)","5238"
"France (FR)","28.03.2020 05:00 - 28.03.2020 06:00 (CET/CEST)","5219"
"France (FR)","28.03.2020 06:00 - 28.03.2020 07:00 (CET/CEST)","4979"
"France (FR)","28.03.2020 07:00 - 28.03.2020 08:00 (CET/CEST)","4882"
"France (FR)","28.03.2020 08:00 - 28.03.2020 09:00 (CET/CEST)","4785"
"France (FR)","28.03.2020 09:00 - 28.03.2020 10:00 (CET/CEST)","4564"
"France (FR)","28.03.2020 10:00 - 28.03.2020 11:00 (CET/CEST)","4382"
"France (FR)","28.03.2020 11:00 - 28.03.2020 12:00 (CET/CEST)","4197"
"France (FR)","28.03.2020 12:00 - 28.03.2020 13:00 (CET/CEST)","3986"
"France (FR)","28.03.2020 13:00 - 28.03.2020 14:00 (CET/CEST)","3927"
"France (FR)","28.03.2020 14:00 - 28.03.2020 15:00 (CET/CEST)","3901"
"France (FR)","28.03.2020 15:00 - 28.03.2020 16:00 (CET/CEST)","3854"
"France (FR)","28.03.2020 16:00 - 28.03.2020 17:00 (CET/CEST)","3867"
"France (FR)","28.03.2020 17:00 - 28.03.2020 18:00 (CET/CEST)","4192"
"France (FR)","28.03.2020 18:00 - 28.03.2020 19:00 (CET/CEST)","4633"
"France (FR)","28.03.2020 19:00 - 28.03.2020 20:00 (CET/CEST)","5295"
"France (FR)","28.03.2020 20:00 - 28.03.2020 21:00 (CET/CEST)","5397"
"France (FR)","28.03.2020 21:00 - 28.03.2020 22:00 (CET/CEST)","5251"
"France (FR)","28.03.2020 22:00 - 28.03.2020 23:00 (CET/CEST)","5123"
"France (FR)","28.03.2020 23:00 - 29.03.2020 00:00 (CET/CEST)","5097"
"France (FR)","29.03.2020 00:00 - 29.03.2020 01:00 (CET/CEST)","4658"
"France (FR)","29.03.2020 01:00 - 29.03.2020 02:00 (CET/CEST)","4584"
"France (FR)","29.03.2020 02:00 - 29.03.2020 03:00 (CET/CEST)",""
"France (FR)","29.03.2020 03:00 - 29.03.2020 04:00 (CET/CEST)","4452"
"France (FR)","29.03.2020 04:00 - 29.03.2020 05:00 (CET/CEST)","4319"
"France (FR)","29.03.2020 05:00 - 29.03.2020 06:00 (CET/CEST)","4063"
"France (FR)","29.03.2020 06:00 - 29.03.2020 07:00 (CET/CEST)","3834"
"France (FR)","29.03.2020 07:00 - 29.03.2020 08:00 (CET/CEST)","3706"
"France (FR)","29.03.2020 08:00 - 29.03.2020 09:00 (CET/CEST)","3737"
"France (FR)","29.03.2020 09:00 - 29.03.2020 10:00 (CET/CEST)","3767"
"France (FR)","29.03.2020 10:00 - 29.03.2020 11:00 (CET/CEST)","3897"
"France (FR)","29.03.2020 11:00 - 29.03.2020 12:00 (CET/CEST)","4026"
"France (FR)","29.03.2020 12:00 - 29.03.2020 13:00 (CET/CEST)","4112"
"France (FR)","29.03.2020 13:00 - 29.03.2020 14:00 (CET/CEST)","3784"
"France (FR)","29.03.2020 14:00 - 29.03.2020 15:00 (CET/CEST)","3625"
"France (FR)","29.03.2020 15:00 - 29.03.2020 16:00 (CET/CEST)","3627"
"France (FR)","29.03.2020 16:00 - 29.03.2020 17:00 (CET/CEST)","3736"
"France (FR)","29.03.2020 17:00 - 29.03.2020 18:00 (CET/CEST)","3862"
"France (FR)","29.03.2020 18:00 - 29.03.2020 19:00 (CET/CEST)","4151"
"France (FR)","29.03.2020 19:00 - 29.03.2020 20:00 (CET/CEST)","4390"
"France (FR)","29.03.2020 20:00 - 29.03.2020 21:00 (CET/CEST)","4798"
"France (FR)","29.03.2020 21:00 - 29.03.2020 22:00 (CET/CEST)","4896"
"France (FR)","29.03.2020 22:00 - 29.03.2020 23:00 (CET/CEST)","5011"
"France (FR)","29.03.2020 23:00 - 30.03.2020 00:00 (CET/CEST)","4913"
"France (FR)","30.03.2020 00:00 - 30.03.2020 01:00 (CET/CEST)","4436"
"France (FR)","30.03.2020 01:00 - 30.03.2020 02:00 (CET/CEST)","4183"
"France (FR)","30.03.2020 02:00 - 30.03.2020 03:00 (CET/CEST)","3850"
"France (FR)","30.03.2020 03:00 - 30.03.2020 04:00 (CET/CEST)","3983"
"France (FR)","30.03.2020 04:00 - 30.03.2020 05:00 (CET/CEST)","4082"
"France (FR)","30.03.2020 05:00 - 30.03.2020 06:00 (CET/CEST)","4254"
"France (FR)","30.03.2020 06:00 - 30.03.2020 07:00 (CET/CEST)","4767"
"France (FR)","30.03.2020 07:00 - 30.03.2020 08:00 (CET/CEST)","5097"
"France (FR)","30.03.2020 08:00 - 30.03.2020 09:00 (CET/CEST)","5529"
"France (FR)","30.03.2020 09:00 - 30.03.2020 10:00 (CET/CEST)","5792"
"France (FR)","30.03.2020 10:00 - 30.03.2020 11:00 (CET/CEST)","5574"
"France (FR)","30.03.2020 11:00 - 30.03.2020 12:00 (CET/CEST)","5580"
"France (FR)","30.03.2020 12:00 - 30.03.2020 13:00 (CET/CEST)","5415"
"France (FR)","30.03.2020 13:00 - 30.03.2020 14:00 (CET/CEST)","5181"
"France (FR)","30.03.2020 14:00 - 30.03.2020 15:00 (CET/CEST)","4938"
"France (FR)","30.03.2020 15:00 - 30.03.2020 16:00 (CET/CEST)","4799"
"France (FR)","30.03.2020 16:00 - 30.03.2020 17:00 (CET/CEST)","4869"
"France (FR)","30.03.2020 17:00 - 30.03.2020 18:00 (CET/CEST)","4922"
"France (FR)","30.03.2020 18:00 - 30.03.2020 19:00 (CET/CEST)","5183"
"France (FR)","30.03.2020 19:00 - 30.03.2020 20:00 (CET/CEST)","5436"
"France (FR)","30.03.2020 20:00 - 30.03.2020 21:00 (CET/CEST)","6074"
"France (FR)","30.03.2020 21:00 - 30.03.2020 22:00 (CET/CEST)","6113"
"France (FR)","30.03.2020 22:00 - 30.03.2020 23:00 (CET/CEST)","5888"
"France (FR)","30.03.2020 23:00 - 31.03.2020 00:00 (CET/CEST)","5812"
"France (FR)","31.03.2020 00:00 - 31.03.2020 01:00 (CET/CEST)","5088"
"France (FR)","31.03.2020 01:00 - 31.03.2020 02:00 (CET/CEST)","4813"
"France (FR)","31.03.2020 02:00 - 31.03.2020 03:00 (CET/CEST)","4616"
"France (FR)","31.03.2020 03:00 - 31.03.2020 04:00 (CET/CEST)","4620"
"France (FR)","31.03.2020 04:00 - 31.03.2020 05:00 (CET/CEST)","4674"
"France (FR)","31.03.2020 05:00 - 31.03.2020 06:00 (CET/CEST)","4799"
"France (FR)","31.03.2020 06:00 - 31.03.2020 07:00 (CET/CEST)","5327"
"France (FR)","31.03.2020 07:00 - 31.03.2020 08:00 (CET/CEST)","5556"
"France (FR)","31.03.2020 08:00 - 31.03.2020 09:00 (CET/CEST)","5689"
"France (FR)","31.03.2020 09:00 - 31.03.2020 10:00 (CET/CEST)","5752"
"France (FR)","31.03.2020 10:00 - 31.03.2020 11:00 (CET/CEST)","5476"
"France (FR)","31.03.2020 11:00 - 31.03.2020 12:00 (CET/CEST)","5277"
"France (FR)","31.03.2020 12:00 - 31.03.2020 13:00 (CET/CEST)","5005"
"France (FR)","31.03.2020 13:00 - 31.03.2020 14:00 (CET/CEST)","4634"
"France (FR)","31.03.2020 14:00 - 31.03.2020 15:00 (CET/CEST)","4383"
"France (FR)","31.03.2020 15:00 - 31.03.2020 16:00 (CET/CEST)","4287"
"France (FR)","31.03.2020 16:00 - 31.03.2020 17:00 (CET/CEST)","4367"
"France (FR)","31.03.2020 17:00 - 31.03.2020 18:00 (CET/CEST)","4533"
"France (FR)","31.03.2020 18:00 - 31.03.2020 19:00 (CET/CEST)","4820"
"France (FR)","31.03.2020 19:00 - 31.03.2020 20:00 (CET/CEST)","5226"
"France (FR)","31.03.2020 20:00 - 31.03.2020 21:00 (CET/CEST)","5690"
"France (FR)","31.03.2020 21:00 - 31.03.2020 22:00 (CET/CEST)","5808"
"France (FR)","31.03.2020 22:00 - 31.03.2020 23:00 (CET/CEST)","5528"
"France (FR)","31.03.2020 23:00 - 01.04.2020 00:00 (CET/CEST)","5155"
"France (FR)","01.04.2020 00:00 - 01.04.2020 01:00 (CET/CEST)","4732"
"France (FR)","01.04.2020 01:00 - 01.04.2020 02:00 (CET/CEST)","4417"
"France (FR)","01.04.2020 02:00 - 01.04.2020 03:00 (CET/CEST)","4160"
"France (FR)","01.04.2020 03:00 - 01.04.2020 04:00 (CET/CEST)","4098"
"France (FR)","01.04.2020 04:00 - 01.04.2020 05:00 (CET/CEST)","4182"
"France (FR)","01.04.2020 05:00 - 01.04.2020 06:00 (CET/CEST)","4349"
"France (FR)","01.04.2020 06:00 - 01.04.2020 07:00 (CET/CEST)","4995"
"France (FR)","01.04.2020 07:00 - 01.04.2020 08:00 (CET/CEST)","5593"
"France (FR)","01.04.2020 08:00 - 01.04.2020 09:00 (CET/CEST)","5843"
"France (FR)","01.04.2020 09:00 - 01.04.2020 10:00 (CET/CEST)","5804"
"France (FR)","01.04.2020 10:00 - 01.04.2020 11:00 (CET/CEST)","5308"
"France (FR)","01.04.2020 11:00 - 01.04.2020 12:00 (CET/CEST)","4899"
"France (FR)","01.04.2020 12:00 - 01.04.2020 13:00 (CET/CEST)","4676"
"France (FR)","01.04.2020 13:00 - 01.04.2020 14:00 (CET/CEST)","4453"
"France (FR)","01.04.2020 14:00 - 01.04.2020 15:00 (CET/CEST)","4215"
"France (FR)","01.04.2020 15:00 - 01.04.2020 16:00 (CET/CEST)","4228"
"France (FR)","01.04.2020 16:00 - 01.04.2020 17:00 (CET/CEST)","4298"
"France (FR)","01.04.2020 17:00 - 01.04.2020 18:00 (CET/CEST)","4572"
"France (FR)","01.04.2020 18:00 - 01.04.2020 19:00 (CET/CEST)","5240"
"France (FR)","01.04.2020 19:00 - 01.04.2020 20:00 (CET/CEST)","5832"
"France (FR)","01.04.2020 20:00 - 01.04.2020 21:00 (CET/CEST)","6031"
"France (FR)","01.04.2020 21:00 - 01.04.2020 22:00 (CET/CEST)","6030"
"France (FR)","01.04.2020 22:00 - 01.04.2020 23:00 (CET/CEST)","5893"
"France (FR)","01.04.2020 23:00 - 02.04.2020 00:00 (CET/CEST)","5685"
"France (FR)","02.04.2020 00:00 - 02.04.2020 01:00 (CET/CEST)","4953"
"France (FR)","02.04.2020 01:00 - 02.04.2020 02:00 (CET/CEST)","4656"
"France (FR)","02.04.2020 02:00 - 02.04.2020 03:00 (CET/CEST)","4350"
"France (FR)","02.04.2020 03:00 - 02.04.2020 04:00 (CET/CEST)","4243"
"France (FR)","02.04.2020 04:00 - 02.04.2020 05:00 (CET/CEST)","4402"
"France (FR)","02.04.2020 05:00 - 02.04.2020 06:00 (CET/CEST)","4830"
"France (FR)","02.04.2020 06:00 - 02.04.2020 07:00 (CET/CEST)","5526"
"France (FR)","02.04.2020 07:00 - 02.04.2020 08:00 (CET/CEST)","5978"
"France (FR)","02.04.2020 08:00 - 02.04.2020 09:00 (CET/CEST)","6112"
"France (FR)","02.04.2020 09:00 - 02.04.2020 10:00 (CET/CEST)","5973"
"France (FR)","02.04.2020 10:00 - 02.04.2020 11:00 (CET/CEST)","5361"
"France (FR)","02.04.2020 11:00 - 02.04.2020 12:00 (CET/CEST)","5041"
"France (FR)","02.04.2020 12:00 - 02.04.2020 13:00 (CET/CEST)","4813"
"France (FR)","02.04.2020 13:00 - 02.04.2020 14:00 (CET/CEST)","4301"
"France (FR)","02.04.2020 14:00 - 02.04.2020 15:00 (CET/CEST)","4048"
"France (FR)","02.04.2020 15:00 - 02.04.2020 16:00 (CET/CEST)","3941"
"France (FR)","02.04.2020 16:00 - 02.04.2020 17:00 (CET/CEST)","4042"
"France (FR)","02.04.2020 17:00 - 02.04.2020 18:00 (CET/CEST)","4258"
"France (FR)","02.04.2020 18:00 - 02.04.2020 19:00 (CET/CEST)","4858"
"France (FR)","02.04.2020 19:00 - 02.04.2020 20:00 (CET/CEST)","5508"
"France (FR)","02.04.2020 20:00 - 02.04.2020 21:00 (CET/CEST)","5609"
"France (FR)","02.04.2020 21:00 - 02.04.2020 22:00 (CET/CEST)","5502"
"France (FR)","02.04.2020 22:00 - 02.04.2020 23:00 (CET/CEST)","5397"
"France (FR)","02.04.2020 23:00 - 03.04.2020 00:00 (CET/CEST)","5282"
"France (FR)","03.04.2020 00:00 - 03.04.2020 01:00 (CET/CEST)","4644"
"France (FR)","03.04.2020 01:00 - 03.04.2020 02:00 (CET/CEST)","4340"
"France (FR)","03.04.2020 02:00 - 03.04.2020 03:00 (CET/CEST)","4159"
"France (FR)","03.04.2020 03:00 - 03.04.2020 04:00 (CET/CEST)","4103"
"France (FR)","03.04.2020 04:00 - 03.04.2020 05:00 (CET/CEST)","3997"
"France (FR)","03.04.2020 05:00 - 03.04.2020 06:00 (CET/CEST)","4138"
"France (FR)","03.04.2020 06:00 - 03.04.2020 07:00 (CET/CEST)","4680"
"France (FR)","03.04.2020 07:00 - 03.04.2020 08:00 (CET/CEST)","5490"
"France (FR)","03.04.2020 08:00 - 03.04.2020 09:00 (CET/CEST)","5931"
"France (FR)","03.04.2020 09:00 - 03.04.2020 10:00 (CET/CEST)","5688"
"France (FR)","03.04.2020 10:00 - 03.04.2020 11:00 (CET/CEST)","5535"
"France (FR)","03.04.2020 11:00 - 03.04.2020 12:00 (CET/CEST)","5365"
"France (FR)","03.04.2020 12:00 - 03.04.2020 13:00 (CET/CEST)","4995"
"France (FR)","03.04.2020 13:00 - 03.04.2020 14:00 (CET/CEST)","4660"
"France (FR)","03.04.2020 14:00 - 03.04.2020 15:00 (CET/CEST)","4326"
"France (FR)","03.04.2020 15:00 - 03.04.2020 16:00 (CET/CEST)","4254"
"France (FR)","03.04.2020 16:00 - 03.04.2020 17:00 (CET/CEST)","4276"
"France (FR)","03.04.2020 17:00 - 03.04.2020 18:00 (CET/CEST)","4468"
"France (FR)","03.04.2020 18:00 - 03.04.2020 19:00 (CET/CEST)","4995"
"France (FR)","03.04.2020 19:00 - 03.04.2020 20:00 (CET/CEST)","5499"
"France (FR)","03.04.2020 20:00 - 03.04.2020 21:00 (CET/CEST)","5940"
"France (FR)","03.04.2020 21:00 - 03.04.2020 22:00 (CET/CEST)","6259"
"France (FR)","03.04.2020 22:00 - 03.04.2020 23:00 (CET/CEST)","6043"
"France (FR)","03.04.2020 23:00 - 04.04.2020 00:00 (CET/CEST)","5841"
"France (FR)","04.04.2020 00:00 - 04.04.2020 01:00 (CET/CEST)","5712"
"France (FR)","04.04.2020 01:00 - 04.04.2020 02:00 (CET/CEST)","5293"
"France (FR)","04.04.2020 02:00 - 04.04.2020 03:00 (CET/CEST)","4959"
"France (FR)","04.04.2020 03:00 - 04.04.2020 04:00 (CET/CEST)","4731"
"France (FR)","04.04.2020 04:00 - 04.04.2020 05:00 (CET/CEST)","4585"
"France (FR)","04.04.2020 05:00 - 04.04.2020 06:00 (CET/CEST)","4534"
"France (FR)","04.04.2020 06:00 - 04.04.2020 07:00 (CET/CEST)","4470"
"France (FR)","04.04.2020 07:00 - 04.04.2020 08:00 (CET/CEST)","4593"
"France (FR)","04.04.2020 08:00 - 04.04.2020 09:00 (CET/CEST)","4513"
"France (FR)","04.04.2020 09:00 - 04.04.2020 10:00 (CET/CEST)","4462"
"France (FR)","04.04.2020 10:00 - 04.04.2020 11:00 (CET/CEST)","4418"
"France (FR)","04.04.2020 11:00 - 04.04.2020 12:00 (CET/CEST)","4138"
"France (FR)","04.04.2020 12:00 - 04.04.2020 13:00 (CET/CEST)","3995"
"France (FR)","04.04.2020 13:00 - 04.04.2020 14:00 (CET/CEST)","3734"
"France (FR)","04.04.2020 14:00 - 04.04.2020 15:00 (CET/CEST)","3567"
"France (FR)","04.04.2020 15:00 - 04.04.2020 16:00 (CET/CEST)","3443"
"France (FR)","04.04.2020 16:00 - 04.04.2020 17:00 (CET/CEST)","3398"
"France (FR)","04.04.2020 17:00 - 04.04.2020 18:00 (CET/CEST)","3462"
"France (FR)","04.04.2020 18:00 - 04.04.2020 19:00 (CET/CEST)","3579"
"France (FR)","04.04.2020 19:00 - 04.04.2020 20:00 (CET/CEST)","3923"
"France (FR)","04.04.2020 20:00 - 04.04.2020 21:00 (CET/CEST)","4330"
"France (FR)","04.04.2020 21:00 - 04.04.2020 22:00 (CET/CEST)","4756"
"France (FR)","04.04.2020 22:00 - 04.04.2020 23:00 (CET/CEST)","4891"
"France (FR)","04.04.2020 23:00 - 05.04.2020 00:00 (CET/CEST)","4776"
"France (FR)","05.04.2020 00:00 - 05.04.2020 01:00 (CET/CEST)","4400"
"France (FR)","05.04.2020 01:00 - 05.04.2020 02:00 (CET/CEST)","3947"
"France (FR)","05.04.2020 02:00 - 05.04.2020 03:00 (CET/CEST)","3626"
"France (FR)","05.04.2020 03:00 - 05.04.2020 04:00 (CET/CEST)","3446"
"France (FR)","05.04.2020 04:00 - 05.04.2020 05:00 (CET/CEST)","3334"
"France (FR)","05.04.2020 05:00 - 05.04.2020 06:00 (CET/CEST)","3341"
"France (FR)","05.04.2020 06:00 - 05.04.2020 07:00 (CET/CEST)","3325"
"France (FR)","05.04.2020 07:00 - 05.04.2020 08:00 (CET/CEST)","3375"
"France (FR)","05.04.2020 08:00 - 05.04.2020 09:00 (CET/CEST)","3294"
"France (FR)","05.04.2020 09:00 - 05.04.2020 10:00 (CET/CEST)","3231"
"France (FR)","05.04.2020 10:00 - 05.04.2020 11:00 (CET/CEST)","3431"
"France (FR)","05.04.2020 11:00 - 05.04.2020 12:00 (CET/CEST)","3556"
"France (FR)","05.04.2020 12:00 - 05.04.2020 13:00 (CET/CEST)","3466"
"France (FR)","05.04.2020 13:00 - 05.04.2020 14:00 (CET/CEST)","3240"
"France (FR)","05.04.2020 14:00 - 05.04.2020 15:00 (CET/CEST)","2902"
"France (FR)","05.04.2020 15:00 - 05.04.2020 16:00 (CET/CEST)","2782"
"France (FR)","05.04.2020 16:00 - 05.04.2020 17:00 (CET/CEST)","2898"
"France (FR)","05.04.2020 17:00 - 05.04.2020 18:00 (CET/CEST)","3010"
"France (FR)","05.04.2020 18:00 - 05.04.2020 19:00 (CET/CEST)","3374"
"France (FR)","05.04.2020 19:00 - 05.04.2020 20:00 (CET/CEST)","3698"
"France (FR)","05.04.2020 20:00 - 05.04.2020 21:00 (CET/CEST)","4036"
"France (FR)","05.04.2020 21:00 - 05.04.2020 22:00 (CET/CEST)","4153"
"France (FR)","05.04.2020 22:00 - 05.04.2020 23:00 (CET/CEST)","3969"
"France (FR)","05.04.2020 23:00 - 06.04.2020 00:00 (CET/CEST)","3839"
"France (FR)","06.04.2020 00:00 - 06.04.2020 01:00 (CET/CEST)","3516"
"France (FR)","06.04.2020 01:00 - 06.04.2020 02:00 (CET/CEST)","3310"
"France (FR)","06.04.2020 02:00 - 06.04.2020 03:00 (CET/CEST)","3073"
"France (FR)","06.04.2020 03:00 - 06.04.2020 04:00 (CET/CEST)","3083"
"France (FR)","06.04.2020 04:00 - 06.04.2020 05:00 (CET/CEST)","3297"
"France (FR)","06.04.2020 05:00 - 06.04.2020 06:00 (CET/CEST)","3665"
"France (FR)","06.04.2020 06:00 - 06.04.2020 07:00 (CET/CEST)","4155"
"France (FR)","06.04.2020 07:00 - 06.04.2020 08:00 (CET/CEST)","4373"
"France (FR)","06.04.2020 08:00 - 06.04.2020 09:00 (CET/CEST)","4605"
"France (FR)","06.04.2020 09:00 - 06.04.2020 10:00 (CET/CEST)","4581"
"France (FR)","06.04.2020 10:00 - 06.04.2020 11:00 (CET/CEST)","4226"
"France (FR)","06.04.2020 11:00 - 06.04.2020 12:00 (CET/CEST)","4022"
"France (FR)","06.04.2020 12:00 - 06.04.2020 13:00 (CET/CEST)","3663"
"France (FR)","06.04.2020 13:00 - 06.04.2020 14:00 (CET/CEST)","3567"
"France (FR)","06.04.2020 14:00 - 06.04.2020 15:00 (CET/CEST)","3415"
"France (FR)","06.04.2020 15:00 - 06.04.2020 16:00 (CET/CEST)","3324"
"France (FR)","06.04.2020 16:00 - 06.04.2020 17:00 (CET/CEST)","3465"
"France (FR)","06.04.2020 17:00 - 06.04.2020 18:00 (CET/CEST)","3900"
"France (FR)","06.04.2020 18:00 - 06.04.2020 19:00 (CET/CEST)","4402"
"France (FR)","06.04.2020 19:00 - 06.04.2020 20:00 (CET/CEST)","4810"
"France (FR)","06.04.2020 20:00 - 06.04.2020 21:00 (CET/CEST)","5228"
"France (FR)","06.04.2020 21:00 - 06.04.2020 22:00 (CET/CEST)","5323"
"France (FR)","06.04.2020 22:00 - 06.04.2020 23:00 (CET/CEST)","5460"
"France (FR)","06.04.2020 23:00 - 07.04.2020 00:00 (CET/CEST)","5729"
"France (FR)","07.04.2020 00:00 - 07.04.2020 01:00 (CET/CEST)","5063"
"France (FR)","07.04.2020 01:00 - 07.04.2020 02:00 (CET/CEST)","4861"
"France (FR)","07.04.2020 02:00 - 07.04.2020 03:00 (CET/CEST)","4407"
"France (FR)","07.04.2020 03:00 - 07.04.2020 04:00 (CET/CEST)","4092"
"France (FR)","07.04.2020 04:00 - 07.04.2020 05:00 (CET/CEST)","3966"
"France (FR)","07.04.2020 05:00 - 07.04.2020 06:00 (CET/CEST)","4001"
"France (FR)","07.04.2020 06:00 - 07.04.2020 07:00 (CET/CEST)","4414"
"France (FR)","07.04.2020 07:00 - 07.04.2020 08:00 (CET/CEST)","4798"
"France (FR)","07.04.2020 08:00 - 07.04.2020 09:00 (CET/CEST)","5298"
"France (FR)","07.04.2020 09:00 - 07.04.2020 10:00 (CET/CEST)","5311"
"France (FR)","07.04.2020 10:00 - 07.04.2020 11:00 (CET/CEST)","4882"
"France (FR)","07.04.2020 11:00 - 07.04.2020 12:00 (CET/CEST)","4712"
"France (FR)","07.04.2020 12:00 - 07.04.2020 13:00 (CET/CEST)","4701"
"France (FR)","07.04.2020 13:00 - 07.04.2020 14:00 (CET/CEST)","4420"
"France (FR)","07.04.2020 14:00 - 07.04.2020 15:00 (CET/CEST)","4015"
"France (FR)","07.04.2020 15:00 - 07.04.2020 16:00 (CET/CEST)","3868"
"France (FR)","07.04.2020 16:00 - 07.04.2020 17:00 (CET/CEST)","3675"
"France (FR)","07.04.2020 17:00 - 07.04.2020 18:00 (CET/CEST)","3724"
"France (FR)","07.04.2020 18:00 - 07.04.2020 19:00 (CET/CEST)","4171"
"France (FR)","07.04.2020 19:00 - 07.04.2020 20:00 (CET/CEST)","4553"
"France (FR)","07.04.2020 20:00 - 07.04.2020 21:00 (CET/CEST)","4614"
"France (FR)","07.04.2020 21:00 - 07.04.2020 22:00 (CET/CEST)","4570"
"France (FR)","07.04.2020 22:00 - 07.04.2020 23:00 (CET/CEST)","4809"
"France (FR)","07.04.2020 23:00 - 08.04.2020 00:00 (CET/CEST)","5176"
"France (FR)","08.04.2020 00:00 - 08.04.2020 01:00 (CET/CEST)","4757"
"France (FR)","08.04.2020 01:00 - 08.04.2020 02:00 (CET/CEST)","4422"
"France (FR)","08.04.2020 02:00 - 08.04.2020 03:00 (CET/CEST)","4051"
"France (FR)","08.04.2020 03:00 - 08.04.2020 04:00 (CET/CEST)","3862"
"France (FR)","08.04.2020 04:00 - 08.04.2020 05:00 (CET/CEST)","3656"
"France (FR)","08.04.2020 05:00 - 08.04.2020 06:00 (CET/CEST)","3517"
"France (FR)","08.04.2020 06:00 - 08.04.2020 07:00 (CET/CEST)","3733"
"France (FR)","08.04.2020 07:00 - 08.04.2020 08:00 (CET/CEST)","4230"
"France (FR)","08.04.2020 08:00 - 08.04.2020 09:00 (CET/CEST)","4773"
"France (FR)","08.04.2020 09:00 - 08.04.2020 10:00 (CET/CEST)","4935"
"France (FR)","08.04.2020 10:00 - 08.04.2020 11:00 (CET/CEST)","4638"
"France (FR)","08.04.2020 11:00 - 08.04.2020 12:00 (CET/CEST)","4742"
"France (FR)","08.04.2020 12:00 - 08.04.2020 13:00 (CET/CEST)","4941"
"France (FR)","08.04.2020 13:00 - 08.04.2020 14:00 (CET/CEST)","4847"
"France (FR)","08.04.2020 14:00 - 08.04.2020 15:00 (CET/CEST)","4414"
"France (FR)","08.04.2020 15:00 - 08.04.2020 16:00 (CET/CEST)","4087"
"France (FR)","08.04.2020 16:00 - 08.04.2020 17:00 (CET/CEST)","4061"
"France (FR)","08.04.2020 17:00 - 08.04.2020 18:00 (CET/CEST)","3924"
"France (FR)","08.04.2020 18:00 - 08.04.2020 19:00 (CET/CEST)","4379"
"France (FR)","08.04.2020 19:00 - 08.04.2020 20:00 (CET/CEST)","4943"
"France (FR)","08.04.2020 20:00 - 08.04.2020 21:00 (CET/CEST)","5119"
"France (FR)","08.04.2020 21:00 - 08.04.2020 22:00 (CET/CEST)","5043"
"France (FR)","08.04.2020 22:00 - 08.04.2020 23:00 (CET/CEST)","5124"
"France (FR)","08.04.2020 23:00 - 09.04.2020 00:00 (CET/CEST)","5612"
"France (FR)","09.04.2020 00:00 - 09.04.2020 01:00 (CET/CEST)","5361"
"France (FR)","09.04.2020 01:00 - 09.04.2020 02:00 (CET/CEST)","5218"
"France (FR)","09.04.2020 02:00 - 09.04.2020 03:00 (CET/CEST)","4796"
"France (FR)","09.04.2020 03:00 - 09.04.2020 04:00 (CET/CEST)","4670"
"France (FR)","09.04.2020 04:00 - 09.04.2020 05:00 (CET/CEST)","4596"
"France (FR)","09.04.2020 05:00 - 09.04.2020 06:00 (CET/CEST)","4468"
"France (FR)","09.04.2020 06:00 - 09.04.2020 07:00 (CET/CEST)","4698"
"France (FR)","09.04.2020 07:00 - 09.04.2020 08:00 (CET/CEST)","5100"
"France (FR)","09.04.2020 08:00 - 09.04.2020 09:00 (CET/CEST)","5180"
"France (FR)","09.04.2020 09:00 - 09.04.2020 10:00 (CET/CEST)","5309"
"France (FR)","09.04.2020 10:00 - 09.04.2020 11:00 (CET/CEST)","4909"
"France (FR)","09.04.2020 11:00 - 09.04.2020 12:00 (CET/CEST)","4763"
"France (FR)","09.04.2020 12:00 - 09.04.2020 13:00 (CET/CEST)","4574"
"France (FR)","09.04.2020 13:00 - 09.04.2020 14:00 (CET/CEST)","4199"
"France (FR)","09.04.2020 14:00 - 09.04.2020 15:00 (CET/CEST)","3905"
"France (FR)","09.04.2020 15:00 - 09.04.2020 16:00 (CET/CEST)","3870"
"France (FR)","09.04.2020 16:00 - 09.04.2020 17:00 (CET/CEST)","3972"
"France (FR)","09.04.2020 17:00 - 09.04.2020 18:00 (CET/CEST)","4129"
"France (FR)","09.04.2020 18:00 - 09.04.2020 19:00 (CET/CEST)","4508"
"France (FR)","09.04.2020 19:00 - 09.04.2020 20:00 (CET/CEST)","5218"
"France (FR)","09.04.2020 20:00 - 09.04.2020 21:00 (CET/CEST)","5487"
"France (FR)","09.04.2020 21:00 - 09.04.2020 22:00 (CET/CEST)","5328"
"France (FR)","09.04.2020 22:00 - 09.04.2020 23:00 (CET/CEST)","5320"
"France (FR)","09.04.2020 23:00 - 10.04.2020 00:00 (CET/CEST)","5254"
"France (FR)","10.04.2020 00:00 - 10.04.2020 01:00 (CET/CEST)","5042"
"France (FR)","10.04.2020 01:00 - 10.04.2020 02:00 (CET/CEST)","4634"
"France (FR)","10.04.2020 02:00 - 10.04.2020 03:00 (CET/CEST)","4276"
"France (FR)","10.04.2020 03:00 - 10.04.2020 04:00 (CET/CEST)","3927"
"France (FR)","10.04.2020 04:00 - 10.04.2020 05:00 (CET/CEST)","3730"
"France (FR)","10.04.2020 05:00 - 10.04.2020 06:00 (CET/CEST)","3858"
"France (FR)","10.04.2020 06:00 - 10.04.2020 07:00 (CET/CEST)","4029"
"France (FR)","10.04.2020 07:00 - 10.04.2020 08:00 (CET/CEST)","4376"
"France (FR)","10.04.2020 08:00 - 10.04.2020 09:00 (CET/CEST)","4835"
"France (FR)","10.04.2020 09:00 - 10.04.2020 10:00 (CET/CEST)","4799"
"France (FR)","10.04.2020 10:00 - 10.04.2020 11:00 (CET/CEST)","4447"
"France (FR)","10.04.2020 11:00 - 10.04.2020 12:00 (CET/CEST)","4083"
"France (FR)","10.04.2020 12:00 - 10.04.2020 13:00 (CET/CEST)","3719"
"France (FR)","10.04.2020 13:00 - 10.04.2020 14:00 (CET/CEST)","3572"
"France (FR)","10.04.2020 14:00 - 10.04.2020 15:00 (CET/CEST)","3501"
"France (FR)","10.04.2020 15:00 - 10.04.2020 16:00 (CET/CEST)","3526"
"France (FR)","10.04.2020 16:00 - 10.04.2020 17:00 (CET/CEST)","3593"
"France (FR)","10.04.2020 17:00 - 10.04.2020 18:00 (CET/CEST)","3688"
"France (FR)","10.04.2020 18:00 - 10.04.2020 19:00 (CET/CEST)","4087"
"France (FR)","10.04.2020 19:00 - 10.04.2020 20:00 (CET/CEST)","4487"
"France (FR)","10.04.2020 20:00 - 10.04.2020 21:00 (CET/CEST)","4756"
"France (FR)","10.04.2020 21:00 - 10.04.2020 22:00 (CET/CEST)","4689"
"France (FR)","10.04.2020 22:00 - 10.04.2020 23:00 (CET/CEST)","4793"
"France (FR)","10.04.2020 23:00 - 11.04.2020 00:00 (CET/CEST)","5353"
"France (FR)","11.04.2020 00:00 - 11.04.2020 01:00 (CET/CEST)","5076"
"France (FR)","11.04.2020 01:00 - 11.04.2020 02:00 (CET/CEST)","4813"
"France (FR)","11.04.2020 02:00 - 11.04.2020 03:00 (CET/CEST)","4715"
"France (FR)","11.04.2020 03:00 - 11.04.2020 04:00 (CET/CEST)","4523"
"France (FR)","11.04.2020 04:00 - 11.04.2020 05:00 (CET/CEST)","4316"
"France (FR)","11.04.2020 05:00 - 11.04.2020 06:00 (CET/CEST)","4178"
"France (FR)","11.04.2020 06:00 - 11.04.2020 07:00 (CET/CEST)","4047"
"France (FR)","11.04.2020 07:00 - 11.04.2020 08:00 (CET/CEST)","3858"
"France (FR)","11.04.2020 08:00 - 11.04.2020 09:00 (CET/CEST)","3974"
"France (FR)","11.04.2020 09:00 - 11.04.2020 10:00 (CET/CEST)","4203"
"France (FR)","11.04.2020 10:00 - 11.04.2020 11:00 (CET/CEST)","3892"
"France (FR)","11.04.2020 11:00 - 11.04.2020 12:00 (CET/CEST)","3830"
"France (FR)","11.04.2020 12:00 - 11.04.2020 13:00 (CET/CEST)","3708"
"France (FR)","11.04.2020 13:00 - 11.04.2020 14:00 (CET/CEST)","3527"
"France (FR)","11.04.2020 14:00 - 11.04.2020 15:00 (CET/CEST)","3489"
"France (FR)","11.04.2020 15:00 - 11.04.2020 16:00 (CET/CEST)","3549"
"France (FR)","11.04.2020 16:00 - 11.04.2020 17:00 (CET/CEST)","3545"
"France (FR)","11.04.2020 17:00 - 11.04.2020 18:00 (CET/CEST)","3707"
"France (FR)","11.04.2020 18:00 - 11.04.2020 19:00 (CET/CEST)","4324"
"France (FR)","11.04.2020 19:00 - 11.04.2020 20:00 (CET/CEST)","4765"
"France (FR)","11.04.2020 20:00 - 11.04.2020 21:00 (CET/CEST)","5069"
"France (FR)","11.04.2020 21:00 - 11.04.2020 22:00 (CET/CEST)","5271"
"France (FR)","11.04.2020 22:00 - 11.04.2020 23:00 (CET/CEST)","5258"
"France (FR)","11.04.2020 23:00 - 12.04.2020 00:00 (CET/CEST)","5475"
"France (FR)","12.04.2020 00:00 - 12.04.2020 01:00 (CET/CEST)","5114"
"France (FR)","12.04.2020 01:00 - 12.04.2020 02:00 (CET/CEST)","4596"
"France (FR)","12.04.2020 02:00 - 12.04.2020 03:00 (CET/CEST)","4343"
"France (FR)","12.04.2020 03:00 - 12.04.2020 04:00 (CET/CEST)","4139"
"France (FR)","12.04.2020 04:00 - 12.04.2020 05:00 (CET/CEST)","3927"
"France (FR)","12.04.2020 05:00 - 12.04.2020 06:00 (CET/CEST)","3873"
"France (FR)","12.04.2020 06:00 - 12.04.2020 07:00 (CET/CEST)","3891"
"France (FR)","12.04.2020 07:00 - 12.04.2020 08:00 (CET/CEST)","3805"
"France (FR)","12.04.2020 08:00 - 12.04.2020 09:00 (CET/CEST)","3603"
"France (FR)","12.04.2020 09:00 - 12.04.2020 10:00 (CET/CEST)","3669"
"France (FR)","12.04.2020 10:00 - 12.04.2020 11:00 (CET/CEST)","3567"
"France (FR)","12.04.2020 11:00 - 12.04.2020 12:00 (CET/CEST)","3461"
"France (FR)","12.04.2020 12:00 - 12.04.2020 13:00 (CET/CEST)","3361"
"France (FR)","12.04.2020 13:00 - 12.04.2020 14:00 (CET/CEST)","3222"
"France (FR)","12.04.2020 14:00 - 12.04.2020 15:00 (CET/CEST)","3287"
"France (FR)","12.04.2020 15:00 - 12.04.2020 16:00 (CET/CEST)","3488"
"France (FR)","12.04.2020 16:00 - 12.04.2020 17:00 (CET/CEST)","3692"
"France (FR)","12.04.2020 17:00 - 12.04.2020 18:00 (CET/CEST)","3932"
"France (FR)","12.04.2020 18:00 - 12.04.2020 19:00 (CET/CEST)","4184"
"France (FR)","12.04.2020 19:00 - 12.04.2020 20:00 (CET/CEST)","4588"
"France (FR)","12.04.2020 20:00 - 12.04.2020 21:00 (CET/CEST)","4817"
"France (FR)","12.04.2020 21:00 - 12.04.2020 22:00 (CET/CEST)","4955"
"France (FR)","12.04.2020 22:00 - 12.04.2020 23:00 (CET/CEST)","5018"
"France (FR)","12.04.2020 23:00 - 13.04.2020 00:00 (CET/CEST)","4716"
"France (FR)","13.04.2020 00:00 - 13.04.2020 01:00 (CET/CEST)","4295"
"France (FR)","13.04.2020 01:00 - 13.04.2020 02:00 (CET/CEST)","4029"
"France (FR)","13.04.2020 02:00 - 13.04.2020 03:00 (CET/CEST)","3692"
"France (FR)","13.04.2020 03:00 - 13.04.2020 04:00 (CET/CEST)","3657"
"France (FR)","13.04.2020 04:00 - 13.04.2020 05:00 (CET/CEST)","3502"
"France (FR)","13.04.2020 05:00 - 13.04.2020 06:00 (CET/CEST)","3450"
"France (FR)","13.04.2020 06:00 - 13.04.2020 07:00 (CET/CEST)","3458"
"France (FR)","13.04.2020 07:00 - 13.04.2020 08:00 (CET/CEST)","3317"
"France (FR)","13.04.2020 08:00 - 13.04.2020 09:00 (CET/CEST)","3271"
"France (FR)","13.04.2020 09:00 - 13.04.2020 10:00 (CET/CEST)","3230"
"France (FR)","13.04.2020 10:00 - 13.04.2020 11:00 (CET/CEST)","3230"
"France (FR)","13.04.2020 11:00 - 13.04.2020 12:00 (CET/CEST)","3278"
"France (FR)","13.04.2020 12:00 - 13.04.2020 13:00 (CET/CEST)","3364"
"France (FR)","13.04.2020 13:00 - 13.04.2020 14:00 (CET/CEST)","3190"
"France (FR)","13.04.2020 14:00 - 13.04.2020 15:00 (CET/CEST)","3030"
"France (FR)","13.04.2020 15:00 - 13.04.2020 16:00 (CET/CEST)","3061"
"France (FR)","13.04.2020 16:00 - 13.04.2020 17:00 (CET/CEST)","3176"
"France (FR)","13.04.2020 17:00 - 13.04.2020 18:00 (CET/CEST)","3235"
"France (FR)","13.04.2020 18:00 - 13.04.2020 19:00 (CET/CEST)","3627"
"France (FR)","13.04.2020 19:00 - 13.04.2020 20:00 (CET/CEST)","3684"
"France (FR)","13.04.2020 20:00 - 13.04.2020 21:00 (CET/CEST)","3657"
"France (FR)","13.04.2020 21:00 - 13.04.2020 22:00 (CET/CEST)","3817"
"France (FR)","13.04.2020 22:00 - 13.04.2020 23:00 (CET/CEST)","3798"
"France (FR)","13.04.2020 23:00 - 14.04.2020 00:00 (CET/CEST)","3722"
"France (FR)","14.04.2020 00:00 - 14.04.2020 01:00 (CET/CEST)","3779"
"France (FR)","14.04.2020 01:00 - 14.04.2020 02:00 (CET/CEST)","3811"
"France (FR)","14.04.2020 02:00 - 14.04.2020 03:00 (CET/CEST)","3824"
"France (FR)","14.04.2020 03:00 - 14.04.2020 04:00 (CET/CEST)","3786"
"France (FR)","14.04.2020 04:00 - 14.04.2020 05:00 (CET/CEST)","3898"
"France (FR)","14.04.2020 05:00 - 14.04.2020 06:00 (CET/CEST)","3936"
"France (FR)","14.04.2020 06:00 - 14.04.2020 07:00 (CET/CEST)","3927"
"France (FR)","14.04.2020 07:00 - 14.04.2020 08:00 (CET/CEST)","4176"
"France (FR)","14.04.2020 08:00 - 14.04.2020 09:00 (CET/CEST)","4418"
"France (FR)","14.04.2020 09:00 - 14.04.2020 10:00 (CET/CEST)","4544"
"France (FR)","14.04.2020 10:00 - 14.04.2020 11:00 (CET/CEST)","4583"
"France (FR)","14.04.2020 11:00 - 14.04.2020 12:00 (CET/CEST)","4563"
"France (FR)","14.04.2020 12:00 - 14.04.2020 13:00 (CET/CEST)","4770"
"France (FR)","14.04.2020 13:00 - 14.04.2020 14:00 (CET/CEST)","4523"
"France (FR)","14.04.2020 14:00 - 14.04.2020 15:00 (CET/CEST)","4233"
"France (FR)","14.04.2020 15:00 - 14.04.2020 16:00 (CET/CEST)","4089"
"France (FR)","14.04.2020 16:00 - 14.04.2020 17:00 (CET/CEST)","4178"
"France (FR)","14.04.2020 17:00 - 14.04.2020 18:00 (CET/CEST)","4278"
"France (FR)","14.04.2020 18:00 - 14.04.2020 19:00 (CET/CEST)","4453"
"France (FR)","14.04.2020 19:00 - 14.04.2020 20:00 (CET/CEST)","5044"
"France (FR)","14.04.2020 20:00 - 14.04.2020 21:00 (CET/CEST)","4975"
"France (FR)","14.04.2020 21:00 - 14.04.2020 22:00 (CET/CEST)","4885"
"France (FR)","14.04.2020 22:00 - 14.04.2020 23:00 (CET/CEST)","5128"
"France (FR)","14.04.2020 23:00 - 15.04.2020 00:00 (CET/CEST)","5200"
"France (FR)","15.04.2020 00:00 - 15.04.2020 01:00 (CET/CEST)","5181"
"France (FR)","15.04.2020 01:00 - 15.04.2020 02:00 (CET/CEST)","4806"
"France (FR)","15.04.2020 02:00 - 15.04.2020 03:00 (CET/CEST)","4663"
"France (FR)","15.04.2020 03:00 - 15.04.2020 04:00 (CET/CEST)","4378"
"France (FR)","15.04.2020 04:00 - 15.04.2020 05:00 (CET/CEST)","4265"
"France (FR)","15.04.2020 05:00 - 15.04.2020 06:00 (CET/CEST)","4309"
"France (FR)","15.04.2020 06:00 - 15.04.2020 07:00 (CET/CEST)","4468"
"France (FR)","15.04.2020 07:00 - 15.04.2020 08:00 (CET/CEST)","4793"
"France (FR)","15.04.2020 08:00 - 15.04.2020 09:00 (CET/CEST)","5048"
"France (FR)","15.04.2020 09:00 - 15.04.2020 10:00 (CET/CEST)","4996"
"France (FR)","15.04.2020 10:00 - 15.04.2020 11:00 (CET/CEST)","4812"
"France (FR)","15.04.2020 11:00 - 15.04.2020 12:00 (CET/CEST)","4654"
"France (FR)","15.04.2020 12:00 - 15.04.2020 13:00 (CET/CEST)","4218"
"France (FR)","15.04.2020 13:00 - 15.04.2020 14:00 (CET/CEST)","3957"
"France (FR)","15.04.2020 14:00 - 15.04.2020 15:00 (CET/CEST)","3729"
"France (FR)","15.04.2020 15:00 - 15.04.2020 16:00 (CET/CEST)","3754"
"France (FR)","15.04.2020 16:00 - 15.04.2020 17:00 (CET/CEST)","3821"
"France (FR)","15.04.2020 17:00 - 15.04.2020 18:00 (CET/CEST)","4058"
"France (FR)","15.04.2020 18:00 - 15.04.2020 19:00 (CET/CEST)","4451"
"France (FR)","15.04.2020 19:00 - 15.04.2020 20:00 (CET/CEST)","4828"
"France (FR)","15.04.2020 20:00 - 15.04.2020 21:00 (CET/CEST)","5190"
"France (FR)","15.04.2020 21:00 - 15.04.2020 22:00 (CET/CEST)","5321"
"France (FR)","15.04.2020 22:00 - 15.04.2020 23:00 (CET/CEST)","5461"
"France (FR)","15.04.2020 23:00 - 16.04.2020 00:00 (CET/CEST)","5446"
"France (FR)","16.04.2020 00:00 - 16.04.2020 01:00 (CET/CEST)","5137"
"France (FR)","16.04.2020 01:00 - 16.04.2020 02:00 (CET/CEST)","4498"
"France (FR)","16.04.2020 02:00 - 16.04.2020 03:00 (CET/CEST)","4245"
"France (FR)","16.04.2020 03:00 - 16.04.2020 04:00 (CET/CEST)","4032"
"France (FR)","16.04.2020 04:00 - 16.04.2020 05:00 (CET/CEST)","3988"
"France (FR)","16.04.2020 05:00 - 16.04.2020 06:00 (CET/CEST)","4011"
"France (FR)","16.04.2020 06:00 - 16.04.2020 07:00 (CET/CEST)","4040"
"France (FR)","16.04.2020 07:00 - 16.04.2020 08:00 (CET/CEST)","4297"
"France (FR)","16.04.2020 08:00 - 16.04.2020 09:00 (CET/CEST)","4570"
"France (FR)","16.04.2020 09:00 - 16.04.2020 10:00 (CET/CEST)","4876"
"France (FR)","16.04.2020 10:00 - 16.04.2020 11:00 (CET/CEST)","4824"
"France (FR)","16.04.2020 11:00 - 16.04.2020 12:00 (CET/CEST)","4772"
"France (FR)","16.04.2020 12:00 - 16.04.2020 13:00 (CET/CEST)","4887"
"France (FR)","16.04.2020 13:00 - 16.04.2020 14:00 (CET/CEST)","4762"
"France (FR)","16.04.2020 14:00 - 16.04.2020 15:00 (CET/CEST)","4602"
"France (FR)","16.04.2020 15:00 - 16.04.2020 16:00 (CET/CEST)","4292"
"France (FR)","16.04.2020 16:00 - 16.04.2020 17:00 (CET/CEST)","4309"
"France (FR)","16.04.2020 17:00 - 16.04.2020 18:00 (CET/CEST)","4344"
"France (FR)","16.04.2020 18:00 - 16.04.2020 19:00 (CET/CEST)","4843"
"France (FR)","16.04.2020 19:00 - 16.04.2020 20:00 (CET/CEST)","5173"
"France (FR)","16.04.2020 20:00 - 16.04.2020 21:00 (CET/CEST)","5457"
"France (FR)","16.04.2020 21:00 - 16.04.2020 22:00 (CET/CEST)","5713"
"France (FR)","16.04.2020 22:00 - 16.04.2020 23:00 (CET/CEST)","5738"
"France (FR)","16.04.2020 23:00 - 17.04.2020 00:00 (CET/CEST)","5850"
"France (FR)","17.04.2020 00:00 - 17.04.2020 01:00 (CET/CEST)","5150"
"France (FR)","17.04.2020 01:00 - 17.04.2020 02:00 (CET/CEST)","4661"
"France (FR)","17.04.2020 02:00 - 17.04.2020 03:00 (CET/CEST)","4154"
"France (FR)","17.04.2020 03:00 - 17.04.2020 04:00 (CET/CEST)","3936"
"France (FR)","17.04.2020 04:00 - 17.04.2020 05:00 (CET/CEST)","3858"
"France (FR)","17.04.2020 05:00 - 17.04.2020 06:00 (CET/CEST)","3873"
"France (FR)","17.04.2020 06:00 - 17.04.2020 07:00 (CET/CEST)","3972"
"France (FR)","17.04.2020 07:00 - 17.04.2020 08:00 (CET/CEST)","4224"
"France (FR)","17.04.2020 08:00 - 17.04.2020 09:00 (CET/CEST)","4513"
"France (FR)","17.04.2020 09:00 - 17.04.2020 10:00 (CET/CEST)","4726"
"France (FR)","17.04.2020 10:00 - 17.04.2020 11:00 (CET/CEST)","5049"
"France (FR)","17.04.2020 11:00 - 17.04.2020 12:00 (CET/CEST)","5059"
"France (FR)","17.04.2020 12:00 - 17.04.2020 13:00 (CET/CEST)","4923"
"France (FR)","17.04.2020 13:00 - 17.04.2020 14:00 (CET/CEST)","4641"
"France (FR)","17.04.2020 14:00 - 17.04.2020 15:00 (CET/CEST)","4509"
"France (FR)","17.04.2020 15:00 - 17.04.2020 16:00 (CET/CEST)","4457"
"France (FR)","17.04.2020 16:00 - 17.04.2020 17:00 (CET/CEST)","4547"
"France (FR)","17.04.2020 17:00 - 17.04.2020 18:00 (CET/CEST)","4683"
"France (FR)","17.04.2020 18:00 - 17.04.2020 19:00 (CET/CEST)","4941"
"France (FR)","17.04.2020 19:00 - 17.04.2020 20:00 (CET/CEST)","5162"
"France (FR)","17.04.2020 20:00 - 17.04.2020 21:00 (CET/CEST)","5361"
"France (FR)","17.04.2020 21:00 - 17.04.2020 22:00 (CET/CEST)","5722"
"France (FR)","17.04.2020 22:00 - 17.04.2020 23:00 (CET/CEST)","5900"
"France (FR)","17.04.2020 23:00 - 18.04.2020 00:00 (CET/CEST)","5759"
"France (FR)","18.04.2020 00:00 - 18.04.2020 01:00 (CET/CEST)","5385"
"France (FR)","18.04.2020 01:00 - 18.04.2020 02:00 (CET/CEST)","4900"
"France (FR)","18.04.2020 02:00 - 18.04.2020 03:00 (CET/CEST)","4701"
"France (FR)","18.04.2020 03:00 - 18.04.2020 04:00 (CET/CEST)","4491"
"France (FR)","18.04.2020 04:00 - 18.04.2020 05:00 (CET/CEST)","4300"
"France (FR)","18.04.2020 05:00 - 18.04.2020 06:00 (CET/CEST)","4231"
"France (FR)","18.04.2020 06:00 - 18.04.2020 07:00 (CET/CEST)","4214"
"France (FR)","18.04.2020 07:00 - 18.04.2020 08:00 (CET/CEST)","4168"
"France (FR)","18.04.2020 08:00 - 18.04.2020 09:00 (CET/CEST)","4377"
"France (FR)","18.04.2020 09:00 - 18.04.2020 10:00 (CET/CEST)","4661"
"France (FR)","18.04.2020 10:00 - 18.04.2020 11:00 (CET/CEST)","4801"
"France (FR)","18.04.2020 11:00 - 18.04.2020 12:00 (CET/CEST)","4914"
"France (FR)","18.04.2020 12:00 - 18.04.2020 13:00 (CET/CEST)","4903"
"France (FR)","18.04.2020 13:00 - 18.04.2020 14:00 (CET/CEST)","4615"
"France (FR)","18.04.2020 14:00 - 18.04.2020 15:00 (CET/CEST)","4301"
"France (FR)","18.04.2020 15:00 - 18.04.2020 16:00 (CET/CEST)","4214"
"France (FR)","18.04.2020 16:00 - 18.04.2020 17:00 (CET/CEST)","4314"
"France (FR)","18.04.2020 17:00 - 18.04.2020 18:00 (CET/CEST)","4423"
"France (FR)","18.04.2020 18:00 - 18.04.2020 19:00 (CET/CEST)","4656"
"France (FR)","18.04.2020 19:00 - 18.04.2020 20:00 (CET/CEST)","4933"
"France (FR)","18.04.2020 20:00 - 18.04.2020 21:00 (CET/CEST)","5227"
"France (FR)","18.04.2020 21:00 - 18.04.2020 22:00 (CET/CEST)","5434"
"France (FR)","18.04.2020 22:00 - 18.04.2020 23:00 (CET/CEST)","5543"
"France (FR)","18.04.2020 23:00 - 19.04.2020 00:00 (CET/CEST)","5643"
"France (FR)","19.04.2020 00:00 - 19.04.2020 01:00 (CET/CEST)","5129"
"France (FR)","19.04.2020 01:00 - 19.04.2020 02:00 (CET/CEST)","4809"
"France (FR)","19.04.2020 02:00 - 19.04.2020 03:00 (CET/CEST)","4637"
"France (FR)","19.04.2020 03:00 - 19.04.2020 04:00 (CET/CEST)","4474"
"France (FR)","19.04.2020 04:00 - 19.04.2020 05:00 (CET/CEST)","4289"
"France (FR)","19.04.2020 05:00 - 19.04.2020 06:00 (CET/CEST)","4338"
"France (FR)","19.04.2020 06:00 - 19.04.2020 07:00 (CET/CEST)","4240"
"France (FR)","19.04.2020 07:00 - 19.04.2020 08:00 (CET/CEST)","4204"
"France (FR)","19.04.2020 08:00 - 19.04.2020 09:00 (CET/CEST)","4176"
"France (FR)","19.04.2020 09:00 - 19.04.2020 10:00 (CET/CEST)","4170"
"France (FR)","19.04.2020 10:00 - 19.04.2020 11:00 (CET/CEST)","4178"
"France (FR)","19.04.2020 11:00 - 19.04.2020 12:00 (CET/CEST)","4180"
"France (FR)","19.04.2020 12:00 - 19.04.2020 13:00 (CET/CEST)","4161"
"France (FR)","19.04.2020 13:00 - 19.04.2020 14:00 (CET/CEST)","3933"
"France (FR)","19.04.2020 14:00 - 19.04.2020 15:00 (CET/CEST)","3661"
"France (FR)","19.04.2020 15:00 - 19.04.2020 16:00 (CET/CEST)","3642"
"France (FR)","19.04.2020 16:00 - 19.04.2020 17:00 (CET/CEST)","3416"
"France (FR)","19.04.2020 17:00 - 19.04.2020 18:00 (CET/CEST)","3773"
"France (FR)","19.04.2020 18:00 - 19.04.2020 19:00 (CET/CEST)","4013"
"France (FR)","19.04.2020 19:00 - 19.04.2020 20:00 (CET/CEST)","4389"
"France (FR)","19.04.2020 20:00 - 19.04.2020 21:00 (CET/CEST)","4472"
"France (FR)","19.04.2020 21:00 - 19.04.2020 22:00 (CET/CEST)","4651"
"France (FR)","19.04.2020 22:00 - 19.04.2020 23:00 (CET/CEST)","4656"
"France (FR)","19.04.2020 23:00 - 20.04.2020 00:00 (CET/CEST)","4543"
"France (FR)","20.04.2020 00:00 - 20.04.2020 01:00 (CET/CEST)","4474"
"France (FR)","20.04.2020 01:00 - 20.04.2020 02:00 (CET/CEST)","4246"
"France (FR)","20.04.2020 02:00 - 20.04.2020 03:00 (CET/CEST)","4171"
"France (FR)","20.04.2020 03:00 - 20.04.2020 04:00 (CET/CEST)","4128"
"France (FR)","20.04.2020 04:00 - 20.04.2020 05:00 (CET/CEST)","4076"
"France (FR)","20.04.2020 05:00 - 20.04.2020 06:00 (CET/CEST)","4116"
"France (FR)","20.04.2020 06:00 - 20.04.2020 07:00 (CET/CEST)","4298"
"France (FR)","20.04.2020 07:00 - 20.04.2020 08:00 (CET/CEST)","4776"
"France (FR)","20.04.2020 08:00 - 20.04.2020 09:00 (CET/CEST)","4889"
"France (FR)","20.04.2020 09:00 - 20.04.2020 10:00 (CET/CEST)","5042"
"France (FR)","20.04.2020 10:00 - 20.04.2020 11:00 (CET/CEST)","5028"
"France (FR)","20.04.2020 11:00 - 20.04.2020 12:00 (CET/CEST)","5007"
"France (FR)","20.04.2020 12:00 - 20.04.2020 13:00 (CET/CEST)","4574"
"France (FR)","20.04.2020 13:00 - 20.04.2020 14:00 (CET/CEST)","4210"
"France (FR)","20.04.2020 14:00 - 20.04.2020 15:00 (CET/CEST)","4032"
"France (FR)","20.04.2020 15:00 - 20.04.2020 16:00 (CET/CEST)","3863"
"France (FR)","20.04.2020 16:00 - 20.04.2020 17:00 (CET/CEST)","3876"
"France (FR)","20.04.2020 17:00 - 20.04.2020 18:00 (CET/CEST)","4400"
"France (FR)","20.04.2020 18:00 - 20.04.2020 19:00 (CET/CEST)","5054"
"France (FR)","20.04.2020 19:00 - 20.04.2020 20:00 (CET/CEST)","5571"
"France (FR)","20.04.2020 20:00 - 20.04.2020 21:00 (CET/CEST)","5525"
"France (FR)","20.04.2020 21:00 - 20.04.2020 22:00 (CET/CEST)","5237"
"France (FR)","20.04.2020 22:00 - 20.04.2020 23:00 (CET/CEST)","5294"
"France (FR)","20.04.2020 23:00 - 21.04.2020 00:00 (CET/CEST)","5322"
"France (FR)","21.04.2020 00:00 - 21.04.2020 01:00 (CET/CEST)","4894"
"France (FR)","21.04.2020 01:00 - 21.04.2020 02:00 (CET/CEST)","4626"
"France (FR)","21.04.2020 02:00 - 21.04.2020 03:00 (CET/CEST)","4442"
"France (FR)","21.04.2020 03:00 - 21.04.2020 04:00 (CET/CEST)","4332"
"France (FR)","21.04.2020 04:00 - 21.04.2020 05:00 (CET/CEST)","4246"
"France (FR)","21.04.2020 05:00 - 21.04.2020 06:00 (CET/CEST)","4220"
"France (FR)","21.04.2020 06:00 - 21.04.2020 07:00 (CET/CEST)","4560"
"France (FR)","21.04.2020 07:00 - 21.04.2020 08:00 (CET/CEST)","4960"
"France (FR)","21.04.2020 08:00 - 21.04.2020 09:00 (CET/CEST)","5230"
"France (FR)","21.04.2020 09:00 - 21.04.2020 10:00 (CET/CEST)","5152"
"France (FR)","21.04.2020 10:00 - 21.04.2020 11:00 (CET/CEST)","4834"
"France (FR)","21.04.2020 11:00 - 21.04.2020 12:00 (CET/CEST)","4816"
"France (FR)","21.04.2020 12:00 - 21.04.2020 13:00 (CET/CEST)","4957"
"France (FR)","21.04.2020 13:00 - 21.04.2020 14:00 (CET/CEST)","4840"
"France (FR)","21.04.2020 14:00 - 21.04.2020 15:00 (CET/CEST)","4564"
"France (FR)","21.04.2020 15:00 - 21.04.2020 16:00 (CET/CEST)","4478"
"France (FR)","21.04.2020 16:00 - 21.04.2020 17:00 (CET/CEST)","4496"
"France (FR)","21.04.2020 17:00 - 21.04.2020 18:00 (CET/CEST)","4637"
"France (FR)","21.04.2020 18:00 - 21.04.2020 19:00 (CET/CEST)","4932"
"France (FR)","21.04.2020 19:00 - 21.04.2020 20:00 (CET/CEST)","5033"
"France (FR)","21.04.2020 20:00 - 21.04.2020 21:00 (CET/CEST)","5023"
"France (FR)","21.04.2020 21:00 - 21.04.2020 22:00 (CET/CEST)","5122"
"France (FR)","21.04.2020 22:00 - 21.04.2020 23:00 (CET/CEST)","4922"
"France (FR)","21.04.2020 23:00 - 22.04.2020 00:00 (CET/CEST)","4960"
"France (FR)","22.04.2020 00:00 - 22.04.2020 01:00 (CET/CEST)","4825"
"France (FR)","22.04.2020 01:00 - 22.04.2020 02:00 (CET/CEST)","4764"
"France (FR)","22.04.2020 02:00 - 22.04.2020 03:00 (CET/CEST)","4670"
"France (FR)","22.04.2020 03:00 - 22.04.2020 04:00 (CET/CEST)","4650"
"France (FR)","22.04.2020 04:00 - 22.04.2020 05:00 (CET/CEST)","4502"
"France (FR)","22.04.2020 05:00 - 22.04.2020 06:00 (CET/CEST)","4401"
"France (FR)","22.04.2020 06:00 - 22.04.2020 07:00 (CET/CEST)","4552"
"France (FR)","22.04.2020 07:00 - 22.04.2020 08:00 (CET/CEST)","4915"
"France (FR)","22.04.2020 08:00 - 22.04.2020 09:00 (CET/CEST)","5172"
"France (FR)","22.04.2020 09:00 - 22.04.2020 10:00 (CET/CEST)","4936"
"France (FR)","22.04.2020 10:00 - 22.04.2020 11:00 (CET/CEST)","4681"
"France (FR)","22.04.2020 11:00 - 22.04.2020 12:00 (CET/CEST)","4617"
"France (FR)","22.04.2020 12:00 - 22.04.2020 13:00 (CET/CEST)","4502"
"France (FR)","22.04.2020 13:00 - 22.04.2020 14:00 (CET/CEST)","4315"
"France (FR)","22.04.2020 14:00 - 22.04.2020 15:00 (CET/CEST)","4227"
"France (FR)","22.04.2020 15:00 - 22.04.2020 16:00 (CET/CEST)","4319"
"France (FR)","22.04.2020 16:00 - 22.04.2020 17:00 (CET/CEST)","4240"
"France (FR)","22.04.2020 17:00 - 22.04.2020 18:00 (CET/CEST)","4496"
"France (FR)","22.04.2020 18:00 - 22.04.2020 19:00 (CET/CEST)","5064"
"France (FR)","22.04.2020 19:00 - 22.04.2020 20:00 (CET/CEST)","5519"
"France (FR)","22.04.2020 20:00 - 22.04.2020 21:00 (CET/CEST)","5815"
"France (FR)","22.04.2020 21:00 - 22.04.2020 22:00 (CET/CEST)","6055"
"France (FR)","22.04.2020 22:00 - 22.04.2020 23:00 (CET/CEST)","5784"
"France (FR)","22.04.2020 23:00 - 23.04.2020 00:00 (CET/CEST)","5810"
"France (FR)","23.04.2020 00:00 - 23.04.2020 01:00 (CET/CEST)","5578"
"France (FR)","23.04.2020 01:00 - 23.04.2020 02:00 (CET/CEST)","5280"
"France (FR)","23.04.2020 02:00 - 23.04.2020 03:00 (CET/CEST)","5035"
"France (FR)","23.04.2020 03:00 - 23.04.2020 04:00 (CET/CEST)","4828"
"France (FR)","23.04.2020 04:00 - 23.04.2020 05:00 (CET/CEST)","4804"
"France (FR)","23.04.2020 05:00 - 23.04.2020 06:00 (CET/CEST)","4725"
"France (FR)","23.04.2020 06:00 - 23.04.2020 07:00 (CET/CEST)","4872"
"France (FR)","23.04.2020 07:00 - 23.04.2020 08:00 (CET/CEST)","5141"
"France (FR)","23.04.2020 08:00 - 23.04.2020 09:00 (CET/CEST)","5400"
"France (FR)","23.04.2020 09:00 - 23.04.2020 10:00 (CET/CEST)","5749"
"France (FR)","23.04.2020 10:00 - 23.04.2020 11:00 (CET/CEST)","5606"
"France (FR)","23.04.2020 11:00 - 23.04.2020 12:00 (CET/CEST)","5620"
"France (FR)","23.04.2020 12:00 - 23.04.2020 13:00 (CET/CEST)","5588"
"France (FR)","23.04.2020 13:00 - 23.04.2020 14:00 (CET/CEST)","5311"
"France (FR)","23.04.2020 14:00 - 23.04.2020 15:00 (CET/CEST)","5051"
"France (FR)","23.04.2020 15:00 - 23.04.2020 16:00 (CET/CEST)","4901"
"France (FR)","23.04.2020 16:00 - 23.04.2020 17:00 (CET/CEST)","4877"
"France (FR)","23.04.2020 17:00 - 23.04.2020 18:00 (CET/CEST)","4885"
"France (FR)","23.04.2020 18:00 - 23.04.2020 19:00 (CET/CEST)","5159"
"France (FR)","23.04.2020 19:00 - 23.04.2020 20:00 (CET/CEST)","5577"
"France (FR)","23.04.2020 20:00 - 23.04.2020 21:00 (CET/CEST)","5804"
"France (FR)","23.04.2020 21:00 - 23.04.2020 22:00 (CET/CEST)","6037"
"France (FR)","23.04.2020 22:00 - 23.04.2020 23:00 (CET/CEST)","6070"
"France (FR)","23.04.2020 23:00 - 24.04.2020 00:00 (CET/CEST)","6053"
"France (FR)","24.04.2020 00:00 - 24.04.2020 01:00 (CET/CEST)","5884"
"France (FR)","24.04.2020 01:00 - 24.04.2020 02:00 (CET/CEST)","5607"
"France (FR)","24.04.2020 02:00 - 24.04.2020 03:00 (CET/CEST)","5269"
"France (FR)","24.04.2020 03:00 - 24.04.2020 04:00 (CET/CEST)","4969"
"France (FR)","24.04.2020 04:00 - 24.04.2020 05:00 (CET/CEST)","4895"
"France (FR)","24.04.2020 05:00 - 24.04.2020 06:00 (CET/CEST)","4725"
"France (FR)","24.04.2020 06:00 - 24.04.2020 07:00 (CET/CEST)","4723"
"France (FR)","24.04.2020 07:00 - 24.04.2020 08:00 (CET/CEST)","5019"
"France (FR)","24.04.2020 08:00 - 24.04.2020 09:00 (CET/CEST)","5184"
"France (FR)","24.04.2020 09:00 - 24.04.2020 10:00 (CET/CEST)","5379"
"France (FR)","24.04.2020 10:00 - 24.04.2020 11:00 (CET/CEST)","5208"
"France (FR)","24.04.2020 11:00 - 24.04.2020 12:00 (CET/CEST)","5016"
"France (FR)","24.04.2020 12:00 - 24.04.2020 13:00 (CET/CEST)","4960"
"France (FR)","24.04.2020 13:00 - 24.04.2020 14:00 (CET/CEST)","4870"
"France (FR)","24.04.2020 14:00 - 24.04.2020 15:00 (CET/CEST)","4782"
"France (FR)","24.04.2020 15:00 - 24.04.2020 16:00 (CET/CEST)","4780"
"France (FR)","24.04.2020 16:00 - 24.04.2020 17:00 (CET/CEST)","4697"
"France (FR)","24.04.2020 17:00 - 24.04.2020 18:00 (CET/CEST)","4865"
"France (FR)","24.04.2020 18:00 - 24.04.2020 19:00 (CET/CEST)","5114"
"France (FR)","24.04.2020 19:00 - 24.04.2020 20:00 (CET/CEST)","5676"
"France (FR)","24.04.2020 20:00 - 24.04.2020 21:00 (CET/CEST)","5700"
"France (FR)","24.04.2020 21:00 - 24.04.2020 22:00 (CET/CEST)","5527"
"France (FR)","24.04.2020 22:00 - 24.04.2020 23:00 (CET/CEST)","5401"
"France (FR)","24.04.2020 23:00 - 25.04.2020 00:00 (CET/CEST)","5060"
"France (FR)","25.04.2020 00:00 - 25.04.2020 01:00 (CET/CEST)","5049"
"France (FR)","25.04.2020 01:00 - 25.04.2020 02:00 (CET/CEST)","4950"
"France (FR)","25.04.2020 02:00 - 25.04.2020 03:00 (CET/CEST)","4634"
"France (FR)","25.04.2020 03:00 - 25.04.2020 04:00 (CET/CEST)","4502"
"France (FR)","25.04.2020 04:00 - 25.04.2020 05:00 (CET/CEST)","4524"
"France (FR)","25.04.2020 05:00 - 25.04.2020 06:00 (CET/CEST)","4403"
"France (FR)","25.04.2020 06:00 - 25.04.2020 07:00 (CET/CEST)","4440"
"France (FR)","25.04.2020 07:00 - 25.04.2020 08:00 (CET/CEST)","4490"
"France (FR)","25.04.2020 08:00 - 25.04.2020 09:00 (CET/CEST)","4573"
"France (FR)","25.04.2020 09:00 - 25.04.2020 10:00 (CET/CEST)","4557"
"France (FR)","25.04.2020 10:00 - 25.04.2020 11:00 (CET/CEST)","4507"
"France (FR)","25.04.2020 11:00 - 25.04.2020 12:00 (CET/CEST)","4529"
"France (FR)","25.04.2020 12:00 - 25.04.2020 13:00 (CET/CEST)","4392"
"France (FR)","25.04.2020 13:00 - 25.04.2020 14:00 (CET/CEST)","4281"
"France (FR)","25.04.2020 14:00 - 25.04.2020 15:00 (CET/CEST)","4213"
"France (FR)","25.04.2020 15:00 - 25.04.2020 16:00 (CET/CEST)","4215"
"France (FR)","25.04.2020 16:00 - 25.04.2020 17:00 (CET/CEST)","4276"
"France (FR)","25.04.2020 17:00 - 25.04.2020 18:00 (CET/CEST)","4465"
"France (FR)","25.04.2020 18:00 - 25.04.2020 19:00 (CET/CEST)","4584"
"France (FR)","25.04.2020 19:00 - 25.04.2020 20:00 (CET/CEST)","4860"
"France (FR)","25.04.2020 20:00 - 25.04.2020 21:00 (CET/CEST)","5062"
"France (FR)","25.04.2020 21:00 - 25.04.2020 22:00 (CET/CEST)","5171"
"France (FR)","25.04.2020 22:00 - 25.04.2020 23:00 (CET/CEST)","5085"
"France (FR)","25.04.2020 23:00 - 26.04.2020 00:00 (CET/CEST)","5084"
"France (FR)","26.04.2020 00:00 - 26.04.2020 01:00 (CET/CEST)","4898"
"France (FR)","26.04.2020 01:00 - 26.04.2020 02:00 (CET/CEST)","4710"
"France (FR)","26.04.2020 02:00 - 26.04.2020 03:00 (CET/CEST)","4650"
"France (FR)","26.04.2020 03:00 - 26.04.2020 04:00 (CET/CEST)","4569"
"France (FR)","26.04.2020 04:00 - 26.04.2020 05:00 (CET/CEST)","4539"
"France (FR)","26.04.2020 05:00 - 26.04.2020 06:00 (CET/CEST)","4464"
"France (FR)","26.04.2020 06:00 - 26.04.2020 07:00 (CET/CEST)","4260"
"France (FR)","26.04.2020 07:00 - 26.04.2020 08:00 (CET/CEST)","4136"
"France (FR)","26.04.2020 08:00 - 26.04.2020 09:00 (CET/CEST)","4169"
"France (FR)","26.04.2020 09:00 - 26.04.2020 10:00 (CET/CEST)","4226"
"France (FR)","26.04.2020 10:00 - 26.04.2020 11:00 (CET/CEST)","4221"
"France (FR)","26.04.2020 11:00 - 26.04.2020 12:00 (CET/CEST)","4322"
"France (FR)","26.04.2020 12:00 - 26.04.2020 13:00 (CET/CEST)","4325"
"France (FR)","26.04.2020 13:00 - 26.04.2020 14:00 (CET/CEST)","4275"
"France (FR)","26.04.2020 14:00 - 26.04.2020 15:00 (CET/CEST)","4304"
"France (FR)","26.04.2020 15:00 - 26.04.2020 16:00 (CET/CEST)","4330"
"France (FR)","26.04.2020 16:00 - 26.04.2020 17:00 (CET/CEST)","4378"
"France (FR)","26.04.2020 17:00 - 26.04.2020 18:00 (CET/CEST)","4519"
"France (FR)","26.04.2020 18:00 - 26.04.2020 19:00 (CET/CEST)","4441"
"France (FR)","26.04.2020 19:00 - 26.04.2020 20:00 (CET/CEST)","4588"
"France (FR)","26.04.2020 20:00 - 26.04.2020 21:00 (CET/CEST)","4890"
"France (FR)","26.04.2020 21:00 - 26.04.2020 22:00 (CET/CEST)","5318"
"France (FR)","26.04.2020 22:00 - 26.04.2020 23:00 (CET/CEST)","5319"
"France (FR)","26.04.2020 23:00 - 27.04.2020 00:00 (CET/CEST)","5259"
"France (FR)","27.04.2020 00:00 - 27.04.2020 01:00 (CET/CEST)","4797"
"France (FR)","27.04.2020 01:00 - 27.04.2020 02:00 (CET/CEST)","4714"
"France (FR)","27.04.2020 02:00 - 27.04.2020 03:00 (CET/CEST)","4719"
"France (FR)","27.04.2020 03:00 - 27.04.2020 04:00 (CET/CEST)","4483"
"France (FR)","27.04.2020 04:00 - 27.04.2020 05:00 (CET/CEST)","4452"
"France (FR)","27.04.2020 05:00 - 27.04.2020 06:00 (CET/CEST)","4544"
"France (FR)","27.04.2020 06:00 - 27.04.2020 07:00 (CET/CEST)","4761"
"France (FR)","27.04.2020 07:00 - 27.04.2020 08:00 (CET/CEST)","5091"
"France (FR)","27.04.2020 08:00 - 27.04.2020 09:00 (CET/CEST)","5368"
"France (FR)","27.04.2020 09:00 - 27.04.2020 10:00 (CET/CEST)","5731"
"France (FR)","27.04.2020 10:00 - 27.04.2020 11:00 (CET/CEST)","5491"
"France (FR)","27.04.2020 11:00 - 27.04.2020 12:00 (CET/CEST)","5329"
"France (FR)","27.04.2020 12:00 - 27.04.2020 13:00 (CET/CEST)","5258"
"France (FR)","27.04.2020 13:00 - 27.04.2020 14:00 (CET/CEST)","5008"
"France (FR)","27.04.2020 14:00 - 27.04.2020 15:00 (CET/CEST)","4954"
"France (FR)","27.04.2020 15:00 - 27.04.2020 16:00 (CET/CEST)","4945"
"France (FR)","27.04.2020 16:00 - 27.04.2020 17:00 (CET/CEST)","5011"
"France (FR)","27.04.2020 17:00 - 27.04.2020 18:00 (CET/CEST)","5146"
"France (FR)","27.04.2020 18:00 - 27.04.2020 19:00 (CET/CEST)","5586"
"France (FR)","27.04.2020 19:00 - 27.04.2020 20:00 (CET/CEST)","5911"
"France (FR)","27.04.2020 20:00 - 27.04.2020 21:00 (CET/CEST)","6107"
"France (FR)","27.04.2020 21:00 - 27.04.2020 22:00 (CET/CEST)","6153"
"France (FR)","27.04.2020 22:00 - 27.04.2020 23:00 (CET/CEST)","6008"
"France (FR)","27.04.2020 23:00 - 28.04.2020 00:00 (CET/CEST)","6033"
"France (FR)","28.04.2020 00:00 - 28.04.2020 01:00 (CET/CEST)","5590"
"France (FR)","28.04.2020 01:00 - 28.04.2020 02:00 (CET/CEST)","5151"
"France (FR)","28.04.2020 02:00 - 28.04.2020 03:00 (CET/CEST)","5214"
"France (FR)","28.04.2020 03:00 - 28.04.2020 04:00 (CET/CEST)","5218"
"France (FR)","28.04.2020 04:00 - 28.04.2020 05:00 (CET/CEST)","5221"
"France (FR)","28.04.2020 05:00 - 28.04.2020 06:00 (CET/CEST)","5262"
"France (FR)","28.04.2020 06:00 - 28.04.2020 07:00 (CET/CEST)","5259"
"France (FR)","28.04.2020 07:00 - 28.04.2020 08:00 (CET/CEST)","5318"
"France (FR)","28.04.2020 08:00 - 28.04.2020 09:00 (CET/CEST)","5437"
"France (FR)","28.04.2020 09:00 - 28.04.2020 10:00 (CET/CEST)","5400"
"France (FR)","28.04.2020 10:00 - 28.04.2020 11:00 (CET/CEST)","5513"
"France (FR)","28.04.2020 11:00 - 28.04.2020 12:00 (CET/CEST)","5435"
"France (FR)","28.04.2020 12:00 - 28.04.2020 13:00 (CET/CEST)","5728"
"France (FR)","28.04.2020 13:00 - 28.04.2020 14:00 (CET/CEST)","5399"
"France (FR)","28.04.2020 14:00 - 28.04.2020 15:00 (CET/CEST)","5138"
"France (FR)","28.04.2020 15:00 - 28.04.2020 16:00 (CET/CEST)","4968"
"France (FR)","28.04.2020 16:00 - 28.04.2020 17:00 (CET/CEST)","5047"
"France (FR)","28.04.2020 17:00 - 28.04.2020 18:00 (CET/CEST)","5202"
"France (FR)","28.04.2020 18:00 - 28.04.2020 19:00 (CET/CEST)","5442"
"France (FR)","28.04.2020 19:00 - 28.04.2020 20:00 (CET/CEST)","5839"
"France (FR)","28.04.2020 20:00 - 28.04.2020 21:00 (CET/CEST)","5900"
"France (FR)","28.04.2020 21:00 - 28.04.2020 22:00 (CET/CEST)","6149"
"France (FR)","28.04.2020 22:00 - 28.04.2020 23:00 (CET/CEST)","6137"
"France (FR)","28.04.2020 23:00 - 29.04.2020 00:00 (CET/CEST)","6156"
"France (FR)","29.04.2020 00:00 - 29.04.2020 01:00 (CET/CEST)","5836"
"France (FR)","29.04.2020 01:00 - 29.04.2020 02:00 (CET/CEST)","5443"
"France (FR)","29.04.2020 02:00 - 29.04.2020 03:00 (CET/CEST)","5194"
"France (FR)","29.04.2020 03:00 - 29.04.2020 04:00 (CET/CEST)","5057"
"France (FR)","29.04.2020 04:00 - 29.04.2020 05:00 (CET/CEST)","5081"
"France (FR)","29.04.2020 05:00 - 29.04.2020 06:00 (CET/CEST)","5082"
"France (FR)","29.04.2020 06:00 - 29.04.2020 07:00 (CET/CEST)","5198"
"France (FR)","29.04.2020 07:00 - 29.04.2020 08:00 (CET/CEST)","5384"
"France (FR)","29.04.2020 08:00 - 29.04.2020 09:00 (CET/CEST)","5625"
"France (FR)","29.04.2020 09:00 - 29.04.2020 10:00 (CET/CEST)","5813"
"France (FR)","29.04.2020 10:00 - 29.04.2020 11:00 (CET/CEST)","5874"
"France (FR)","29.04.2020 11:00 - 29.04.2020 12:00 (CET/CEST)","5926"
"France (FR)","29.04.2020 12:00 - 29.04.2020 13:00 (CET/CEST)","6100"
"France (FR)","29.04.2020 13:00 - 29.04.2020 14:00 (CET/CEST)","5582"
"France (FR)","29.04.2020 14:00 - 29.04.2020 15:00 (CET/CEST)","5293"
"France (FR)","29.04.2020 15:00 - 29.04.2020 16:00 (CET/CEST)","4960"
"France (FR)","29.04.2020 16:00 - 29.04.2020 17:00 (CET/CEST)","4889"
"France (FR)","29.04.2020 17:00 - 29.04.2020 18:00 (CET/CEST)","4968"
"France (FR)","29.04.2020 18:00 - 29.04.2020 19:00 (CET/CEST)","5382"
"France (FR)","29.04.2020 19:00 - 29.04.2020 20:00 (CET/CEST)","5825"
"France (FR)","29.04.2020 20:00 - 29.04.2020 21:00 (CET/CEST)","5822"
"France (FR)","29.04.2020 21:00 - 29.04.2020 22:00 (CET/CEST)","5867"
"France (FR)","29.04.2020 22:00 - 29.04.2020 23:00 (CET/CEST)","5923"
"France (FR)","29.04.2020 23:00 - 30.04.2020 00:00 (CET/CEST)","5958"
"France (FR)","30.04.2020 00:00 - 30.04.2020 01:00 (CET/CEST)","5587"
"France (FR)","30.04.2020 01:00 - 30.04.2020 02:00 (CET/CEST)","5093"
"France (FR)","30.04.2020 02:00 - 30.04.2020 03:00 (CET/CEST)","4736"
"France (FR)","30.04.2020 03:00 - 30.04.2020 04:00 (CET/CEST)","4633"
"France (FR)","30.04.2020 04:00 - 30.04.2020 05:00 (CET/CEST)","4748"
"France (FR)","30.04.2020 05:00 - 30.04.2020 06:00 (CET/CEST)","4858"
"France (FR)","30.04.2020 06:00 - 30.04.2020 07:00 (CET/CEST)","5070"
"France (FR)","30.04.2020 07:00 - 30.04.2020 08:00 (CET/CEST)","5340"
"France (FR)","30.04.2020 08:00 - 30.04.2020 09:00 (CET/CEST)","5535"
"France (FR)","30.04.2020 09:00 - 30.04.2020 10:00 (CET/CEST)","5632"
"France (FR)","30.04.2020 10:00 - 30.04.2020 11:00 (CET/CEST)","5588"
"France (FR)","30.04.2020 11:00 - 30.04.2020 12:00 (CET/CEST)","5620"
"France (FR)","30.04.2020 12:00 - 30.04.2020 13:00 (CET/CEST)","5611"
"France (FR)","30.04.2020 13:00 - 30.04.2020 14:00 (CET/CEST)","5330"
"France (FR)","30.04.2020 14:00 - 30.04.2020 15:00 (CET/CEST)","4910"
"France (FR)","30.04.2020 15:00 - 30.04.2020 16:00 (CET/CEST)","4595"
"France (FR)","30.04.2020 16:00 - 30.04.2020 17:00 (CET/CEST)","4614"
"France (FR)","30.04.2020 17:00 - 30.04.2020 18:00 (CET/CEST)","4973"
"France (FR)","30.04.2020 18:00 - 30.04.2020 19:00 (CET/CEST)","5342"
"France (FR)","30.04.2020 19:00 - 30.04.2020 20:00 (CET/CEST)","5596"
"France (FR)","30.04.2020 20:00 - 30.04.2020 21:00 (CET/CEST)","5615"
"France (FR)","30.04.2020 21:00 - 30.04.2020 22:00 (CET/CEST)","5811"
"France (FR)","30.04.2020 22:00 - 30.04.2020 23:00 (CET/CEST)","5985"
"France (FR)","30.04.2020 23:00 - 01.05.2020 00:00 (CET/CEST)","5985"
"France (FR)","01.05.2020 00:00 - 01.05.2020 01:00 (CET/CEST)","5665"
"France (FR)","01.05.2020 01:00 - 01.05.2020 02:00 (CET/CEST)","5444"
"France (FR)","01.05.2020 02:00 - 01.05.2020 03:00 (CET/CEST)","5281"
"France (FR)","01.05.2020 03:00 - 01.05.2020 04:00 (CET/CEST)","5061"
"France (FR)","01.05.2020 04:00 - 01.05.2020 05:00 (CET/CEST)","4967"
"France (FR)","01.05.2020 05:00 - 01.05.2020 06:00 (CET/CEST)","4941"
"France (FR)","01.05.2020 06:00 - 01.05.2020 07:00 (CET/CEST)","4971"
"France (FR)","01.05.2020 07:00 - 01.05.2020 08:00 (CET/CEST)","5053"
"France (FR)","01.05.2020 08:00 - 01.05.2020 09:00 (CET/CEST)","5295"
"France (FR)","01.05.2020 09:00 - 01.05.2020 10:00 (CET/CEST)","5479"
"France (FR)","01.05.2020 10:00 - 01.05.2020 11:00 (CET/CEST)","5487"
"France (FR)","01.05.2020 11:00 - 01.05.2020 12:00 (CET/CEST)","5450"
"France (FR)","01.05.2020 12:00 - 01.05.2020 13:00 (CET/CEST)","5139"
"France (FR)","01.05.2020 13:00 - 01.05.2020 14:00 (CET/CEST)","4879"
"France (FR)","01.05.2020 14:00 - 01.05.2020 15:00 (CET/CEST)","4790"
"France (FR)","01.05.2020 15:00 - 01.05.2020 16:00 (CET/CEST)","4739"
"France (FR)","01.05.2020 16:00 - 01.05.2020 17:00 (CET/CEST)","4795"
"France (FR)","01.05.2020 17:00 - 01.05.2020 18:00 (CET/CEST)","5161"
"France (FR)","01.05.2020 18:00 - 01.05.2020 19:00 (CET/CEST)","5560"
"France (FR)","01.05.2020 19:00 - 01.05.2020 20:00 (CET/CEST)","5762"
"France (FR)","01.05.2020 20:00 - 01.05.2020 21:00 (CET/CEST)","5933"
"France (FR)","01.05.2020 21:00 - 01.05.2020 22:00 (CET/CEST)","6303"
"France (FR)","01.05.2020 22:00 - 01.05.2020 23:00 (CET/CEST)","6267"
"France (FR)","01.05.2020 23:00 - 02.05.2020 00:00 (CET/CEST)","6141"
"France (FR)","02.05.2020 00:00 - 02.05.2020 01:00 (CET/CEST)","6051"
"France (FR)","02.05.2020 01:00 - 02.05.2020 02:00 (CET/CEST)","6084"
"France (FR)","02.05.2020 02:00 - 02.05.2020 03:00 (CET/CEST)","5834"
"France (FR)","02.05.2020 03:00 - 02.05.2020 04:00 (CET/CEST)","5815"
"France (FR)","02.05.2020 04:00 - 02.05.2020 05:00 (CET/CEST)","5771"
"France (FR)","02.05.2020 05:00 - 02.05.2020 06:00 (CET/CEST)","5784"
"France (FR)","02.05.2020 06:00 - 02.05.2020 07:00 (CET/CEST)","5981"
"France (FR)","02.05.2020 07:00 - 02.05.2020 08:00 (CET/CEST)","6170"
"France (FR)","02.05.2020 08:00 - 02.05.2020 09:00 (CET/CEST)","6415"
"France (FR)","02.05.2020 09:00 - 02.05.2020 10:00 (CET/CEST)","6495"
"France (FR)","02.05.2020 10:00 - 02.05.2020 11:00 (CET/CEST)","6497"
"France (FR)","02.05.2020 11:00 - 02.05.2020 12:00 (CET/CEST)","6579"
"France (FR)","02.05.2020 12:00 - 02.05.2020 13:00 (CET/CEST)","6385"
"France (FR)","02.05.2020 13:00 - 02.05.2020 14:00 (CET/CEST)","6162"
"France (FR)","02.05.2020 14:00 - 02.05.2020 15:00 (CET/CEST)","5816"
"France (FR)","02.05.2020 15:00 - 02.05.2020 16:00 (CET/CEST)","5736"
"France (FR)","02.05.2020 16:00 - 02.05.2020 17:00 (CET/CEST)","5700"
"France (FR)","02.05.2020 17:00 - 02.05.2020 18:00 (CET/CEST)","5961"
"France (FR)","02.05.2020 18:00 - 02.05.2020 19:00 (CET/CEST)","6225"
"France (FR)","02.05.2020 19:00 - 02.05.2020 20:00 (CET/CEST)","6591"
"France (FR)","02.05.2020 20:00 - 02.05.2020 21:00 (CET/CEST)","7013"
"France (FR)","02.05.2020 21:00 - 02.05.2020 22:00 (CET/CEST)","7156"
"France (FR)","02.05.2020 22:00 - 02.05.2020 23:00 (CET/CEST)","7104"
"France (FR)","02.05.2020 23:00 - 03.05.2020 00:00 (CET/CEST)","7051"
"France (FR)","03.05.2020 00:00 - 03.05.2020 01:00 (CET/CEST)","6777"
"France (FR)","03.05.2020 01:00 - 03.05.2020 02:00 (CET/CEST)","6597"
"France (FR)","03.05.2020 02:00 - 03.05.2020 03:00 (CET/CEST)","6300"
"France (FR)","03.05.2020 03:00 - 03.05.2020 04:00 (CET/CEST)","6205"
"France (FR)","03.05.2020 04:00 - 03.05.2020 05:00 (CET/CEST)","6138"
"France (FR)","03.05.2020 05:00 - 03.05.2020 06:00 (CET/CEST)","6092"
"France (FR)","03.05.2020 06:00 - 03.05.2020 07:00 (CET/CEST)","6176"
"France (FR)","03.05.2020 07:00 - 03.05.2020 08:00 (CET/CEST)","6103"
"France (FR)","03.05.2020 08:00 - 03.05.2020 09:00 (CET/CEST)","6332"
"France (FR)","03.05.2020 09:00 - 03.05.2020 10:00 (CET/CEST)","6427"
"France (FR)","03.05.2020 10:00 - 03.05.2020 11:00 (CET/CEST)","6501"
"France (FR)","03.05.2020 11:00 - 03.05.2020 12:00 (CET/CEST)","6547"
"France (FR)","03.05.2020 12:00 - 03.05.2020 13:00 (CET/CEST)","6561"
"France (FR)","03.05.2020 13:00 - 03.05.2020 14:00 (CET/CEST)","6264"
"France (FR)","03.05.2020 14:00 - 03.05.2020 15:00 (CET/CEST)","6185"
"France (FR)","03.05.2020 15:00 - 03.05.2020 16:00 (CET/CEST)","6082"
"France (FR)","03.05.2020 16:00 - 03.05.2020 17:00 (CET/CEST)","6098"
"France (FR)","03.05.2020 17:00 - 03.05.2020 18:00 (CET/CEST)","6278"
"France (FR)","03.05.2020 18:00 - 03.05.2020 19:00 (CET/CEST)","6508"
"France (FR)","03.05.2020 19:00 - 03.05.2020 20:00 (CET/CEST)","6666"
"France (FR)","03.05.2020 20:00 - 03.05.2020 21:00 (CET/CEST)","6989"
"France (FR)","03.05.2020 21:00 - 03.05.2020 22:00 (CET/CEST)","7178"
"France (FR)","03.05.2020 22:00 - 03.05.2020 23:00 (CET/CEST)","7120"
"France (FR)","03.05.2020 23:00 - 04.05.2020 00:00 (CET/CEST)","7132"
"France (FR)","04.05.2020 00:00 - 04.05.2020 01:00 (CET/CEST)","6987"
"France (FR)","04.05.2020 01:00 - 04.05.2020 02:00 (CET/CEST)","6585"
"France (FR)","04.05.2020 02:00 - 04.05.2020 03:00 (CET/CEST)","6137"
"France (FR)","04.05.2020 03:00 - 04.05.2020 04:00 (CET/CEST)","5961"
"France (FR)","04.05.2020 04:00 - 04.05.2020 05:00 (CET/CEST)","5855"
"France (FR)","04.05.2020 05:00 - 04.05.2020 06:00 (CET/CEST)","5829"
"France (FR)","04.05.2020 06:00 - 04.05.2020 07:00 (CET/CEST)","6095"
"France (FR)","04.05.2020 07:00 - 04.05.2020 08:00 (CET/CEST)","6282"
"France (FR)","04.05.2020 08:00 - 04.05.2020 09:00 (CET/CEST)","6758"
"France (FR)","04.05.2020 09:00 - 04.05.2020 10:00 (CET/CEST)","7065"
"France (FR)","04.05.2020 10:00 - 04.05.2020 11:00 (CET/CEST)","7099"
"France (FR)","04.05.2020 11:00 - 04.05.2020 12:00 (CET/CEST)","7098"
"France (FR)","04.05.2020 12:00 - 04.05.2020 13:00 (CET/CEST)","7149"
"France (FR)","04.05.2020 13:00 - 04.05.2020 14:00 (CET/CEST)","6794"
"France (FR)","04.05.2020 14:00 - 04.05.2020 15:00 (CET/CEST)","6264"
"France (FR)","04.05.2020 15:00 - 04.05.2020 16:00 (CET/CEST)","5993"
"France (FR)","04.05.2020 16:00 - 04.05.2020 17:00 (CET/CEST)","5960"
"France (FR)","04.05.2020 17:00 - 04.05.2020 18:00 (CET/CEST)","6102"
"France (FR)","04.05.2020 18:00 - 04.05.2020 19:00 (CET/CEST)","6200"
"France (FR)","04.05.2020 19:00 - 04.05.2020 20:00 (CET/CEST)","6473"
"France (FR)","04.05.2020 20:00 - 04.05.2020 21:00 (CET/CEST)","6706"
"France (FR)","04.05.2020 21:00 - 04.05.2020 22:00 (CET/CEST)","7005"
"France (FR)","04.05.2020 22:00 - 04.05.2020 23:00 (CET/CEST)","7025"
"France (FR)","04.05.2020 23:00 - 05.05.2020 00:00 (CET/CEST)","7024"
"France (FR)","05.05.2020 00:00 - 05.05.2020 01:00 (CET/CEST)","6590"
"France (FR)","05.05.2020 01:00 - 05.05.2020 02:00 (CET/CEST)","6248"
"France (FR)","05.05.2020 02:00 - 05.05.2020 03:00 (CET/CEST)","5964"
"France (FR)","05.05.2020 03:00 - 05.05.2020 04:00 (CET/CEST)","5740"
"France (FR)","05.05.2020 04:00 - 05.05.2020 05:00 (CET/CEST)","5676"
"France (FR)","05.05.2020 05:00 - 05.05.2020 06:00 (CET/CEST)","5642"
"France (FR)","05.05.2020 06:00 - 05.05.2020 07:00 (CET/CEST)","5750"
"France (FR)","05.05.2020 07:00 - 05.05.2020 08:00 (CET/CEST)","5904"
"France (FR)","05.05.2020 08:00 - 05.05.2020 09:00 (CET/CEST)","6180"
"France (FR)","05.05.2020 09:00 - 05.05.2020 10:00 (CET/CEST)","6455"
"France (FR)","05.05.2020 10:00 - 05.05.2020 11:00 (CET/CEST)","6538"
"France (FR)","05.05.2020 11:00 - 05.05.2020 12:00 (CET/CEST)","6461"
"France (FR)","05.05.2020 12:00 - 05.05.2020 13:00 (CET/CEST)","6334"
"France (FR)","05.05.2020 13:00 - 05.05.2020 14:00 (CET/CEST)","6288"
"France (FR)","05.05.2020 14:00 - 05.05.2020 15:00 (CET/CEST)","6075"
"France (FR)","05.05.2020 15:00 - 05.05.2020 16:00 (CET/CEST)","5962"
"France (FR)","05.05.2020 16:00 - 05.05.2020 17:00 (CET/CEST)","6009"
"France (FR)","05.05.2020 17:00 - 05.05.2020 18:00 (CET/CEST)","6185"
"France (FR)","05.05.2020 18:00 - 05.05.2020 19:00 (CET/CEST)","6330"
"France (FR)","05.05.2020 19:00 - 05.05.2020 20:00 (CET/CEST)","6580"
"France (FR)","05.05.2020 20:00 - 05.05.2020 21:00 (CET/CEST)","7058"
"France (FR)","05.05.2020 21:00 - 05.05.2020 22:00 (CET/CEST)","7193"
"France (FR)","05.05.2020 22:00 - 05.05.2020 23:00 (CET/CEST)","7165"
"France (FR)","05.05.2020 23:00 - 06.05.2020 00:00 (CET/CEST)","7278"
"France (FR)","06.05.2020 00:00 - 06.05.2020 01:00 (CET/CEST)","6915"
"France (FR)","06.05.2020 01:00 - 06.05.2020 02:00 (CET/CEST)","6749"
"France (FR)","06.05.2020 02:00 - 06.05.2020 03:00 (CET/CEST)","6610"
"France (FR)","06.05.2020 03:00 - 06.05.2020 04:00 (CET/CEST)","6281"
"France (FR)","06.05.2020 04:00 - 06.05.2020 05:00 (CET/CEST)","6209"
"France (FR)","06.05.2020 05:00 - 06.05.2020 06:00 (CET/CEST)","6307"
"France (FR)","06.05.2020 06:00 - 06.05.2020 07:00 (CET/CEST)","6489"
"France (FR)","06.05.2020 07:00 - 06.05.2020 08:00 (CET/CEST)","6641"
"France (FR)","06.05.2020 08:00 - 06.05.2020 09:00 (CET/CEST)","6996"
"France (FR)","06.05.2020 09:00 - 06.05.2020 10:00 (CET/CEST)","6974"
"France (FR)","06.05.2020 10:00 - 06.05.2020 11:00 (CET/CEST)","6794"
"France (FR)","06.05.2020 11:00 - 06.05.2020 12:00 (CET/CEST)","6776"
"France (FR)","06.05.2020 12:00 - 06.05.2020 13:00 (CET/CEST)","6749"
"France (FR)","06.05.2020 13:00 - 06.05.2020 14:00 (CET/CEST)","6617"
"France (FR)","06.05.2020 14:00 - 06.05.2020 15:00 (CET/CEST)","6332"
"France (FR)","06.05.2020 15:00 - 06.05.2020 16:00 (CET/CEST)","6200"
"France (FR)","06.05.2020 16:00 - 06.05.2020 17:00 (CET/CEST)","6056"
"France (FR)","06.05.2020 17:00 - 06.05.2020 18:00 (CET/CEST)","6398"
"France (FR)","06.05.2020 18:00 - 06.05.2020 19:00 (CET/CEST)","6799"
"France (FR)","06.05.2020 19:00 - 06.05.2020 20:00 (CET/CEST)","7165"
"France (FR)","06.05.2020 20:00 - 06.05.2020 21:00 (CET/CEST)","7338"
"France (FR)","06.05.2020 21:00 - 06.05.2020 22:00 (CET/CEST)","7432"
"France (FR)","06.05.2020 22:00 - 06.05.2020 23:00 (CET/CEST)","7198"
"France (FR)","06.05.2020 23:00 - 07.05.2020 00:00 (CET/CEST)","7009"
"France (FR)","07.05.2020 00:00 - 07.05.2020 01:00 (CET/CEST)","6768"
"France (FR)","07.05.2020 01:00 - 07.05.2020 02:00 (CET/CEST)","6587"
"France (FR)","07.05.2020 02:00 - 07.05.2020 03:00 (CET/CEST)","6327"
"France (FR)","07.05.2020 03:00 - 07.05.2020 04:00 (CET/CEST)","6151"
"France (FR)","07.05.2020 04:00 - 07.05.2020 05:00 (CET/CEST)","6064"
"France (FR)","07.05.2020 05:00 - 07.05.2020 06:00 (CET/CEST)","6254"
"France (FR)","07.05.2020 06:00 - 07.05.2020 07:00 (CET/CEST)","6674"
"France (FR)","07.05.2020 07:00 - 07.05.2020 08:00 (CET/CEST)","6929"
"France (FR)","07.05.2020 08:00 - 07.05.2020 09:00 (CET/CEST)","7139"
"France (FR)","07.05.2020 09:00 - 07.05.2020 10:00 (CET/CEST)","7141"
"France (FR)","07.05.2020 10:00 - 07.05.2020 11:00 (CET/CEST)","6808"
"France (FR)","07.05.2020 11:00 - 07.05.2020 12:00 (CET/CEST)","6839"
"France (FR)","07.05.2020 12:00 - 07.05.2020 13:00 (CET/CEST)","6799"
"France (FR)","07.05.2020 13:00 - 07.05.2020 14:00 (CET/CEST)","6508"
"France (FR)","07.05.2020 14:00 - 07.05.2020 15:00 (CET/CEST)","6182"
"France (FR)","07.05.2020 15:00 - 07.05.2020 16:00 (CET/CEST)","6178"
"France (FR)","07.05.2020 16:00 - 07.05.2020 17:00 (CET/CEST)","6261"
"France (FR)","07.05.2020 17:00 - 07.05.2020 18:00 (CET/CEST)","6541"
"France (FR)","07.05.2020 18:00 - 07.05.2020 19:00 (CET/CEST)","6871"
"France (FR)","07.05.2020 19:00 - 07.05.2020 20:00 (CET/CEST)","7117"
"France (FR)","07.05.2020 20:00 - 07.05.2020 21:00 (CET/CEST)","7358"
"France (FR)","07.05.2020 21:00 - 07.05.2020 22:00 (CET/CEST)","7216"
"France (FR)","07.05.2020 22:00 - 07.05.2020 23:00 (CET/CEST)","7094"
"France (FR)","07.05.2020 23:00 - 08.05.2020 00:00 (CET/CEST)","7173"
"France (FR)","08.05.2020 00:00 - 08.05.2020 01:00 (CET/CEST)","6927"
"France (FR)","08.05.2020 01:00 - 08.05.2020 02:00 (CET/CEST)","6922"
"France (FR)","08.05.2020 02:00 - 08.05.2020 03:00 (CET/CEST)","6733"
"France (FR)","08.05.2020 03:00 - 08.05.2020 04:00 (CET/CEST)","6518"
"France (FR)","08.05.2020 04:00 - 08.05.2020 05:00 (CET/CEST)","6165"
"France (FR)","08.05.2020 05:00 - 08.05.2020 06:00 (CET/CEST)","5776"
"France (FR)","08.05.2020 06:00 - 08.05.2020 07:00 (CET/CEST)","5695"
"France (FR)","08.05.2020 07:00 - 08.05.2020 08:00 (CET/CEST)","5716"
"France (FR)","08.05.2020 08:00 - 08.05.2020 09:00 (CET/CEST)","5983"
"France (FR)","08.05.2020 09:00 - 08.05.2020 10:00 (CET/CEST)","6309"
"France (FR)","08.05.2020 10:00 - 08.05.2020 11:00 (CET/CEST)","6415"
"France (FR)","08.05.2020 11:00 - 08.05.2020 12:00 (CET/CEST)","6565"
"France (FR)","08.05.2020 12:00 - 08.05.2020 13:00 (CET/CEST)","6745"
"France (FR)","08.05.2020 13:00 - 08.05.2020 14:00 (CET/CEST)","6501"
"France (FR)","08.05.2020 14:00 - 08.05.2020 15:00 (CET/CEST)","6139"
"France (FR)","08.05.2020 15:00 - 08.05.2020 16:00 (CET/CEST)","5979"
"France (FR)","08.05.2020 16:00 - 08.05.2020 17:00 (CET/CEST)","6005"
"France (FR)","08.05.2020 17:00 - 08.05.2020 18:00 (CET/CEST)","6164"
"France (FR)","08.05.2020 18:00 - 08.05.2020 19:00 (CET/CEST)","6305"
"France (FR)","08.05.2020 19:00 - 08.05.2020 20:00 (CET/CEST)","6611"
"France (FR)","08.05.2020 20:00 - 08.05.2020 21:00 (CET/CEST)","6802"
"France (FR)","08.05.2020 21:00 - 08.05.2020 22:00 (CET/CEST)","6999"
"France (FR)","08.05.2020 22:00 - 08.05.2020 23:00 (CET/CEST)","7060"
"France (FR)","08.05.2020 23:00 - 09.05.2020 00:00 (CET/CEST)","7026"
"France (FR)","09.05.2020 00:00 - 09.05.2020 01:00 (CET/CEST)","6744"
"France (FR)","09.05.2020 01:00 - 09.05.2020 02:00 (CET/CEST)","6565"
"France (FR)","09.05.2020 02:00 - 09.05.2020 03:00 (CET/CEST)","6447"
"France (FR)","09.05.2020 03:00 - 09.05.2020 04:00 (CET/CEST)","6202"
"France (FR)","09.05.2020 04:00 - 09.05.2020 05:00 (CET/CEST)","6164"
"France (FR)","09.05.2020 05:00 - 09.05.2020 06:00 (CET/CEST)","6189"
"France (FR)","09.05.2020 06:00 - 09.05.2020 07:00 (CET/CEST)","6086"
"France (FR)","09.05.2020 07:00 - 09.05.2020 08:00 (CET/CEST)","6090"
"France (FR)","09.05.2020 08:00 - 09.05.2020 09:00 (CET/CEST)","6168"
"France (FR)","09.05.2020 09:00 - 09.05.2020 10:00 (CET/CEST)","6191"
"France (FR)","09.05.2020 10:00 - 09.05.2020 11:00 (CET/CEST)","6219"
"France (FR)","09.05.2020 11:00 - 09.05.2020 12:00 (CET/CEST)","6169"
"France (FR)","09.05.2020 12:00 - 09.05.2020 13:00 (CET/CEST)","6145"
"France (FR)","09.05.2020 13:00 - 09.05.2020 14:00 (CET/CEST)","6156"
"France (FR)","09.05.2020 14:00 - 09.05.2020 15:00 (CET/CEST)","5908"
"France (FR)","09.05.2020 15:00 - 09.05.2020 16:00 (CET/CEST)","5914"
"France (FR)","09.05.2020 16:00 - 09.05.2020 17:00 (CET/CEST)","6023"
"France (FR)","09.05.2020 17:00 - 09.05.2020 18:00 (CET/CEST)","6211"
"France (FR)","09.05.2020 18:00 - 09.05.2020 19:00 (CET/CEST)","6474"
"France (FR)","09.05.2020 19:00 - 09.05.2020 20:00 (CET/CEST)","6670"
"France (FR)","09.05.2020 20:00 - 09.05.2020 21:00 (CET/CEST)","6894"
"France (FR)","09.05.2020 21:00 - 09.05.2020 22:00 (CET/CEST)","6944"
"France (FR)","09.05.2020 22:00 - 09.05.2020 23:00 (CET/CEST)","6924"
"France (FR)","09.05.2020 23:00 - 10.05.2020 00:00 (CET/CEST)","6888"
"France (FR)","10.05.2020 00:00 - 10.05.2020 01:00 (CET/CEST)","6912"
"France (FR)","10.05.2020 01:00 - 10.05.2020 02:00 (CET/CEST)","6635"
"France (FR)","10.05.2020 02:00 - 10.05.2020 03:00 (CET/CEST)","6510"
"France (FR)","10.05.2020 03:00 - 10.05.2020 04:00 (CET/CEST)","6342"
"France (FR)","10.05.2020 04:00 - 10.05.2020 05:00 (CET/CEST)","6222"
"France (FR)","10.05.2020 05:00 - 10.05.2020 06:00 (CET/CEST)","6095"
"France (FR)","10.05.2020 06:00 - 10.05.2020 07:00 (CET/CEST)","5813"
"France (FR)","10.05.2020 07:00 - 10.05.2020 08:00 (CET/CEST)","5584"
"France (FR)","10.05.2020 08:00 - 10.05.2020 09:00 (CET/CEST)","5581"
"France (FR)","10.05.2020 09:00 - 10.05.2020 10:00 (CET/CEST)","5690"
"France (FR)","10.05.2020 10:00 - 10.05.2020 11:00 (CET/CEST)","5682"
"France (FR)","10.05.2020 11:00 - 10.05.2020 12:00 (CET/CEST)","5618"
"France (FR)","10.05.2020 12:00 - 10.05.2020 13:00 (CET/CEST)","5565"
"France (FR)","10.05.2020 13:00 - 10.05.2020 14:00 (CET/CEST)","5557"
"France (FR)","10.05.2020 14:00 - 10.05.2020 15:00 (CET/CEST)","5424"
"France (FR)","10.05.2020 15:00 - 10.05.2020 16:00 (CET/CEST)","5266"
"France (FR)","10.05.2020 16:00 - 10.05.2020 17:00 (CET/CEST)","5227"
"France (FR)","10.05.2020 17:00 - 10.05.2020 18:00 (CET/CEST)","5511"
"France (FR)","10.05.2020 18:00 - 10.05.2020 19:00 (CET/CEST)","5762"
"France (FR)","10.05.2020 19:00 - 10.05.2020 20:00 (CET/CEST)","5929"
"France (FR)","10.05.2020 20:00 - 10.05.2020 21:00 (CET/CEST)","6167"
"France (FR)","10.05.2020 21:00 - 10.05.2020 22:00 (CET/CEST)","6348"
"France (FR)","10.05.2020 22:00 - 10.05.2020 23:00 (CET/CEST)","6269"
"France (FR)","10.05.2020 23:00 - 11.05.2020 00:00 (CET/CEST)","6175"
"France (FR)","11.05.2020 00:00 - 11.05.2020 01:00 (CET/CEST)","5945"
"France (FR)","11.05.2020 01:00 - 11.05.2020 02:00 (CET/CEST)","5721"
"France (FR)","11.05.2020 02:00 - 11.05.2020 03:00 (CET/CEST)","5595"
"France (FR)","11.05.2020 03:00 - 11.05.2020 04:00 (CET/CEST)","5588"
"France (FR)","11.05.2020 04:00 - 11.05.2020 05:00 (CET/CEST)","5527"
"France (FR)","11.05.2020 05:00 - 11.05.2020 06:00 (CET/CEST)","5601"
"France (FR)","11.05.2020 06:00 - 11.05.2020 07:00 (CET/CEST)","5909"
"France (FR)","11.05.2020 07:00 - 11.05.2020 08:00 (CET/CEST)","6102"
"France (FR)","11.05.2020 08:00 - 11.05.2020 09:00 (CET/CEST)","6187"
"France (FR)","11.05.2020 09:00 - 11.05.2020 10:00 (CET/CEST)","6508"
"France (FR)","11.05.2020 10:00 - 11.05.2020 11:00 (CET/CEST)","6511"
"France (FR)","11.05.2020 11:00 - 11.05.2020 12:00 (CET/CEST)","6600"
"France (FR)","11.05.2020 12:00 - 11.05.2020 13:00 (CET/CEST)","6798"
"France (FR)","11.05.2020 13:00 - 11.05.2020 14:00 (CET/CEST)","6798"
"France (FR)","11.05.2020 14:00 - 11.05.2020 15:00 (CET/CEST)","6836"
"France (FR)","11.05.2020 15:00 - 11.05.2020 16:00 (CET/CEST)","6834"
"France (FR)","11.05.2020 16:00 - 11.05.2020 17:00 (CET/CEST)","6648"
"France (FR)","11.05.2020 17:00 - 11.05.2020 18:00 (CET/CEST)","6692"
"France (FR)","11.05.2020 18:00 - 11.05.2020 19:00 (CET/CEST)","6880"
"France (FR)","11.05.2020 19:00 - 11.05.2020 20:00 (CET/CEST)","6983"
"France (FR)","11.05.2020 20:00 - 11.05.2020 21:00 (CET/CEST)","7023"
"France (FR)","11.05.2020 21:00 - 11.05.2020 22:00 (CET/CEST)","7257"
"France (FR)","11.05.2020 22:00 - 11.05.2020 23:00 (CET/CEST)","7371"
"France (FR)","11.05.2020 23:00 - 12.05.2020 00:00 (CET/CEST)","7327"
"France (FR)","12.05.2020 00:00 - 12.05.2020 01:00 (CET/CEST)","7174"
"France (FR)","12.05.2020 01:00 - 12.05.2020 02:00 (CET/CEST)","6868"
"France (FR)","12.05.2020 02:00 - 12.05.2020 03:00 (CET/CEST)","6767"
"France (FR)","12.05.2020 03:00 - 12.05.2020 04:00 (CET/CEST)","6742"
"France (FR)","12.05.2020 04:00 - 12.05.2020 05:00 (CET/CEST)","6785"
"France (FR)","12.05.2020 05:00 - 12.05.2020 06:00 (CET/CEST)","6921"
"France (FR)","12.05.2020 06:00 - 12.05.2020 07:00 (CET/CEST)","7198"
"France (FR)","12.05.2020 07:00 - 12.05.2020 08:00 (CET/CEST)","7466"
"France (FR)","12.05.2020 08:00 - 12.05.2020 09:00 (CET/CEST)","7528"
"France (FR)","12.05.2020 09:00 - 12.05.2020 10:00 (CET/CEST)","7290"
"France (FR)","12.05.2020 10:00 - 12.05.2020 11:00 (CET/CEST)","7105"
"France (FR)","12.05.2020 11:00 - 12.05.2020 12:00 (CET/CEST)","7069"
"France (FR)","12.05.2020 12:00 - 12.05.2020 13:00 (CET/CEST)","7044"
"France (FR)","12.05.2020 13:00 - 12.05.2020 14:00 (CET/CEST)","6968"
"France (FR)","12.05.2020 14:00 - 12.05.2020 15:00 (CET/CEST)","6943"
"France (FR)","12.05.2020 15:00 - 12.05.2020 16:00 (CET/CEST)","6940"
"France (FR)","12.05.2020 16:00 - 12.05.2020 17:00 (CET/CEST)","6941"
"France (FR)","12.05.2020 17:00 - 12.05.2020 18:00 (CET/CEST)","7272"
"France (FR)","12.05.2020 18:00 - 12.05.2020 19:00 (CET/CEST)","7544"
"France (FR)","12.05.2020 19:00 - 12.05.2020 20:00 (CET/CEST)","7654"
"France (FR)","12.05.2020 20:00 - 12.05.2020 21:00 (CET/CEST)","7690"
"France (FR)","12.05.2020 21:00 - 12.05.2020 22:00 (CET/CEST)","7715"
"France (FR)","12.05.2020 22:00 - 12.05.2020 23:00 (CET/CEST)","7683"
"France (FR)","12.05.2020 23:00 - 13.05.2020 00:00 (CET/CEST)","7481"
"France (FR)","13.05.2020 00:00 - 13.05.2020 01:00 (CET/CEST)","7368"
"France (FR)","13.05.2020 01:00 - 13.05.2020 02:00 (CET/CEST)","7294"
"France (FR)","13.05.2020 02:00 - 13.05.2020 03:00 (CET/CEST)","7153"
"France (FR)","13.05.2020 03:00 - 13.05.2020 04:00 (CET/CEST)","7017"
"France (FR)","13.05.2020 04:00 - 13.05.2020 05:00 (CET/CEST)","6985"
"France (FR)","13.05.2020 05:00 - 13.05.2020 06:00 (CET/CEST)","6992"
"France (FR)","13.05.2020 06:00 - 13.05.2020 07:00 (CET/CEST)","7014"
"France (FR)","13.05.2020 07:00 - 13.05.2020 08:00 (CET/CEST)","7208"
"France (FR)","13.05.2020 08:00 - 13.05.2020 09:00 (CET/CEST)","7299"
"France (FR)","13.05.2020 09:00 - 13.05.2020 10:00 (CET/CEST)","7289"
"France (FR)","13.05.2020 10:00 - 13.05.2020 11:00 (CET/CEST)","7310"
"France (FR)","13.05.2020 11:00 - 13.05.2020 12:00 (CET/CEST)","7491"
"France (FR)","13.05.2020 12:00 - 13.05.2020 13:00 (CET/CEST)","7489"
"France (FR)","13.05.2020 13:00 - 13.05.2020 14:00 (CET/CEST)","7325"
"France (FR)","13.05.2020 14:00 - 13.05.2020 15:00 (CET/CEST)","7063"
"France (FR)","13.05.2020 15:00 - 13.05.2020 16:00 (CET/CEST)","6949"
"France (FR)","13.05.2020 16:00 - 13.05.2020 17:00 (CET/CEST)","7059"
"France (FR)","13.05.2020 17:00 - 13.05.2020 18:00 (CET/CEST)","7214"
"France (FR)","13.05.2020 18:00 - 13.05.2020 19:00 (CET/CEST)","7418"
"France (FR)","13.05.2020 19:00 - 13.05.2020 20:00 (CET/CEST)","7574"
"France (FR)","13.05.2020 20:00 - 13.05.2020 21:00 (CET/CEST)","7398"
"France (FR)","13.05.2020 21:00 - 13.05.2020 22:00 (CET/CEST)","7307"
"France (FR)","13.05.2020 22:00 - 13.05.2020 23:00 (CET/CEST)","7357"
"France (FR)","13.05.2020 23:00 - 14.05.2020 00:00 (CET/CEST)","7431"
"France (FR)","14.05.2020 00:00 - 14.05.2020 01:00 (CET/CEST)","7355"
"France (FR)","14.05.2020 01:00 - 14.05.2020 02:00 (CET/CEST)","7170"
"France (FR)","14.05.2020 02:00 - 14.05.2020 03:00 (CET/CEST)","7100"
"France (FR)","14.05.2020 03:00 - 14.05.2020 04:00 (CET/CEST)","7059"
"France (FR)","14.05.2020 04:00 - 14.05.2020 05:00 (CET/CEST)","7056"
"France (FR)","14.05.2020 05:00 - 14.05.2020 06:00 (CET/CEST)","7133"
"France (FR)","14.05.2020 06:00 - 14.05.2020 07:00 (CET/CEST)","7269"
"France (FR)","14.05.2020 07:00 - 14.05.2020 08:00 (CET/CEST)","7543"
"France (FR)","14.05.2020 08:00 - 14.05.2020 09:00 (CET/CEST)","7769"
"France (FR)","14.05.2020 09:00 - 14.05.2020 10:00 (CET/CEST)","7609"
"France (FR)","14.05.2020 10:00 - 14.05.2020 11:00 (CET/CEST)","7284"
"France (FR)","14.05.2020 11:00 - 14.05.2020 12:00 (CET/CEST)","7250"
"France (FR)","14.05.2020 12:00 - 14.05.2020 13:00 (CET/CEST)","7198"
"France (FR)","14.05.2020 13:00 - 14.05.2020 14:00 (CET/CEST)","7141"
"France (FR)","14.05.2020 14:00 - 14.05.2020 15:00 (CET/CEST)","6980"
"France (FR)","14.05.2020 15:00 - 14.05.2020 16:00 (CET/CEST)","6924"
"France (FR)","14.05.2020 16:00 - 14.05.2020 17:00 (CET/CEST)","6937"
"France (FR)","14.05.2020 17:00 - 14.05.2020 18:00 (CET/CEST)","7124"
"France (FR)","14.05.2020 18:00 - 14.05.2020 19:00 (CET/CEST)","7447"
"France (FR)","14.05.2020 19:00 - 14.05.2020 20:00 (CET/CEST)","7699"
"France (FR)","14.05.2020 20:00 - 14.05.2020 21:00 (CET/CEST)","7652"
"France (FR)","14.05.2020 21:00 - 14.05.2020 22:00 (CET/CEST)","7434"
"France (FR)","14.05.2020 22:00 - 14.05.2020 23:00 (CET/CEST)","7637"
"France (FR)","14.05.2020 23:00 - 15.05.2020 00:00 (CET/CEST)","7625"
"France (FR)","15.05.2020 00:00 - 15.05.2020 01:00 (CET/CEST)","7298"
"France (FR)","15.05.2020 01:00 - 15.05.2020 02:00 (CET/CEST)","7245"
"France (FR)","15.05.2020 02:00 - 15.05.2020 03:00 (CET/CEST)","7148"
"France (FR)","15.05.2020 03:00 - 15.05.2020 04:00 (CET/CEST)","6979"
"France (FR)","15.05.2020 04:00 - 15.05.2020 05:00 (CET/CEST)","6912"
"France (FR)","15.05.2020 05:00 - 15.05.2020 06:00 (CET/CEST)","6936"
"France (FR)","15.05.2020 06:00 - 15.05.2020 07:00 (CET/CEST)","7136"
"France (FR)","15.05.2020 07:00 - 15.05.2020 08:00 (CET/CEST)","7432"
"France (FR)","15.05.2020 08:00 - 15.05.2020 09:00 (CET/CEST)","7518"
"France (FR)","15.05.2020 09:00 - 15.05.2020 10:00 (CET/CEST)","7471"
"France (FR)","15.05.2020 10:00 - 15.05.2020 11:00 (CET/CEST)","7220"
"France (FR)","15.05.2020 11:00 - 15.05.2020 12:00 (CET/CEST)","7283"
"France (FR)","15.05.2020 12:00 - 15.05.2020 13:00 (CET/CEST)","7234"
"France (FR)","15.05.2020 13:00 - 15.05.2020 14:00 (CET/CEST)","7100"
"France (FR)","15.05.2020 14:00 - 15.05.2020 15:00 (CET/CEST)","7078"
"France (FR)","15.05.2020 15:00 - 15.05.2020 16:00 (CET/CEST)","6981"
"France (FR)","15.05.2020 16:00 - 15.05.2020 17:00 (CET/CEST)","6929"
"France (FR)","15.05.2020 17:00 - 15.05.2020 18:00 (CET/CEST)","7009"
"France (FR)","15.05.2020 18:00 - 15.05.2020 19:00 (CET/CEST)","7294"
"France (FR)","15.05.2020 19:00 - 15.05.2020 20:00 (CET/CEST)","7568"
"France (FR)","15.05.2020 20:00 - 15.05.2020 21:00 (CET/CEST)","7647"
"France (FR)","15.05.2020 21:00 - 15.05.2020 22:00 (CET/CEST)","7553"
"France (FR)","15.05.2020 22:00 - 15.05.2020 23:00 (CET/CEST)","7556"
"France (FR)","15.05.2020 23:00 - 16.05.2020 00:00 (CET/CEST)","7439"
"France (FR)","16.05.2020 00:00 - 16.05.2020 01:00 (CET/CEST)","7252"
"France (FR)","16.05.2020 01:00 - 16.05.2020 02:00 (CET/CEST)","7161"
"France (FR)","16.05.2020 02:00 - 16.05.2020 03:00 (CET/CEST)","7073"
"France (FR)","16.05.2020 03:00 - 16.05.2020 04:00 (CET/CEST)","6971"
"France (FR)","16.05.2020 04:00 - 16.05.2020 05:00 (CET/CEST)","6803"
"France (FR)","16.05.2020 05:00 - 16.05.2020 06:00 (CET/CEST)","6741"
"France (FR)","16.05.2020 06:00 - 16.05.2020 07:00 (CET/CEST)","6775"
"France (FR)","16.05.2020 07:00 - 16.05.2020 08:00 (CET/CEST)","6903"
"France (FR)","16.05.2020 08:00 - 16.05.2020 09:00 (CET/CEST)","7006"
"France (FR)","16.05.2020 09:00 - 16.05.2020 10:00 (CET/CEST)","6949"
"France (FR)","16.05.2020 10:00 - 16.05.2020 11:00 (CET/CEST)","6818"
"France (FR)","16.05.2020 11:00 - 16.05.2020 12:00 (CET/CEST)","6652"
"France (FR)","16.05.2020 12:00 - 16.05.2020 13:00 (CET/CEST)","6524"
"France (FR)","16.05.2020 13:00 - 16.05.2020 14:00 (CET/CEST)","6330"
"France (FR)","16.05.2020 14:00 - 16.05.2020 15:00 (CET/CEST)","6262"
"France (FR)","16.05.2020 15:00 - 16.05.2020 16:00 (CET/CEST)","6267"
"France (FR)","16.05.2020 16:00 - 16.05.2020 17:00 (CET/CEST)","6310"
"France (FR)","16.05.2020 17:00 - 16.05.2020 18:00 (CET/CEST)","6518"
"France (FR)","16.05.2020 18:00 - 16.05.2020 19:00 (CET/CEST)","6802"
"France (FR)","16.05.2020 19:00 - 16.05.2020 20:00 (CET/CEST)","7013"
"France (FR)","16.05.2020 20:00 - 16.05.2020 21:00 (CET/CEST)","7112"
"France (FR)","16.05.2020 21:00 - 16.05.2020 22:00 (CET/CEST)","7277"
"France (FR)","16.05.2020 22:00 - 16.05.2020 23:00 (CET/CEST)","7219"
"France (FR)","16.05.2020 23:00 - 17.05.2020 00:00 (CET/CEST)","7147"
"France (FR)","17.05.2020 00:00 - 17.05.2020 01:00 (CET/CEST)","6921"
"France (FR)","17.05.2020 01:00 - 17.05.2020 02:00 (CET/CEST)","6516"
"France (FR)","17.05.2020 02:00 - 17.05.2020 03:00 (CET/CEST)","6334"
"France (FR)","17.05.2020 03:00 - 17.05.2020 04:00 (CET/CEST)","6254"
"France (FR)","17.05.2020 04:00 - 17.05.2020 05:00 (CET/CEST)","6289"
"France (FR)","17.05.2020 05:00 - 17.05.2020 06:00 (CET/CEST)","6204"
"France (FR)","17.05.2020 06:00 - 17.05.2020 07:00 (CET/CEST)","6165"
"France (FR)","17.05.2020 07:00 - 17.05.2020 08:00 (CET/CEST)","6070"
"France (FR)","17.05.2020 08:00 - 17.05.2020 09:00 (CET/CEST)","6143"
"France (FR)","17.05.2020 09:00 - 17.05.2020 10:00 (CET/CEST)","6103"
"France (FR)","17.05.2020 10:00 - 17.05.2020 11:00 (CET/CEST)","6046"
"France (FR)","17.05.2020 11:00 - 17.05.2020 12:00 (CET/CEST)","6063"
"France (FR)","17.05.2020 12:00 - 17.05.2020 13:00 (CET/CEST)","5698"
"France (FR)","17.05.2020 13:00 - 17.05.2020 14:00 (CET/CEST)","5356"
"France (FR)","17.05.2020 14:00 - 17.05.2020 15:00 (CET/CEST)","4935"
"France (FR)","17.05.2020 15:00 - 17.05.2020 16:00 (CET/CEST)","4896"
"France (FR)","17.05.2020 16:00 - 17.05.2020 17:00 (CET/CEST)","5232"
"France (FR)","17.05.2020 17:00 - 17.05.2020 18:00 (CET/CEST)","5638"
"France (FR)","17.05.2020 18:00 - 17.05.2020 19:00 (CET/CEST)","5927"
"France (FR)","17.05.2020 19:00 - 17.05.2020 20:00 (CET/CEST)","6364"
"France (FR)","17.05.2020 20:00 - 17.05.2020 21:00 (CET/CEST)","6574"
"France (FR)","17.05.2020 21:00 - 17.05.2020 22:00 (CET/CEST)","6925"
"France (FR)","17.05.2020 22:00 - 17.05.2020 23:00 (CET/CEST)","6730"
"France (FR)","17.05.2020 23:00 - 18.05.2020 00:00 (CET/CEST)","6713"
"France (FR)","18.05.2020 00:00 - 18.05.2020 01:00 (CET/CEST)","6409"
"France (FR)","18.05.2020 01:00 - 18.05.2020 02:00 (CET/CEST)","6185"
"France (FR)","18.05.2020 02:00 - 18.05.2020 03:00 (CET/CEST)","5999"
"France (FR)","18.05.2020 03:00 - 18.05.2020 04:00 (CET/CEST)","5915"
"France (FR)","18.05.2020 04:00 - 18.05.2020 05:00 (CET/CEST)","5953"
"France (FR)","18.05.2020 05:00 - 18.05.2020 06:00 (CET/CEST)","6178"
"France (FR)","18.05.2020 06:00 - 18.05.2020 07:00 (CET/CEST)","6269"
"France (FR)","18.05.2020 07:00 - 18.05.2020 08:00 (CET/CEST)","6593"
"France (FR)","18.05.2020 08:00 - 18.05.2020 09:00 (CET/CEST)","6937"
"France (FR)","18.05.2020 09:00 - 18.05.2020 10:00 (CET/CEST)","7096"
"France (FR)","18.05.2020 10:00 - 18.05.2020 11:00 (CET/CEST)","7048"
"France (FR)","18.05.2020 11:00 - 18.05.2020 12:00 (CET/CEST)","7054"
"France (FR)","18.05.2020 12:00 - 18.05.2020 13:00 (CET/CEST)","6737"
"France (FR)","18.05.2020 13:00 - 18.05.2020 14:00 (CET/CEST)","6492"
"France (FR)","18.05.2020 14:00 - 18.05.2020 15:00 (CET/CEST)","6279"
"France (FR)","18.05.2020 15:00 - 18.05.2020 16:00 (CET/CEST)","6207"
"France (FR)","18.05.2020 16:00 - 18.05.2020 17:00 (CET/CEST)","6375"
"France (FR)","18.05.2020 17:00 - 18.05.2020 18:00 (CET/CEST)","6452"
"France (FR)","18.05.2020 18:00 - 18.05.2020 19:00 (CET/CEST)","6710"
"France (FR)","18.05.2020 19:00 - 18.05.2020 20:00 (CET/CEST)","7031"
"France (FR)","18.05.2020 20:00 - 18.05.2020 21:00 (CET/CEST)","6926"
"France (FR)","18.05.2020 21:00 - 18.05.2020 22:00 (CET/CEST)","6828"
"France (FR)","18.05.2020 22:00 - 18.05.2020 23:00 (CET/CEST)","7132"
"France (FR)","18.05.2020 23:00 - 19.05.2020 00:00 (CET/CEST)","7089"
"France (FR)","19.05.2020 00:00 - 19.05.2020 01:00 (CET/CEST)","6548"
"France (FR)","19.05.2020 01:00 - 19.05.2020 02:00 (CET/CEST)","6358"
"France (FR)","19.05.2020 02:00 - 19.05.2020 03:00 (CET/CEST)","6194"
"France (FR)","19.05.2020 03:00 - 19.05.2020 04:00 (CET/CEST)","6097"
"France (FR)","19.05.2020 04:00 - 19.05.2020 05:00 (CET/CEST)","6091"
"France (FR)","19.05.2020 05:00 - 19.05.2020 06:00 (CET/CEST)","6243"
"France (FR)","19.05.2020 06:00 - 19.05.2020 07:00 (CET/CEST)","6328"
"France (FR)","19.05.2020 07:00 - 19.05.2020 08:00 (CET/CEST)","6486"
"France (FR)","19.05.2020 08:00 - 19.05.2020 09:00 (CET/CEST)","6646"
"France (FR)","19.05.2020 09:00 - 19.05.2020 10:00 (CET/CEST)","6650"
"France (FR)","19.05.2020 10:00 - 19.05.2020 11:00 (CET/CEST)","6585"
"France (FR)","19.05.2020 11:00 - 19.05.2020 12:00 (CET/CEST)","6372"
"France (FR)","19.05.2020 12:00 - 19.05.2020 13:00 (CET/CEST)","6115"
"France (FR)","19.05.2020 13:00 - 19.05.2020 14:00 (CET/CEST)","5964"
"France (FR)","19.05.2020 14:00 - 19.05.2020 15:00 (CET/CEST)","5903"
"France (FR)","19.05.2020 15:00 - 19.05.2020 16:00 (CET/CEST)","5742"
"France (FR)","19.05.2020 16:00 - 19.05.2020 17:00 (CET/CEST)","5864"
"France (FR)","19.05.2020 17:00 - 19.05.2020 18:00 (CET/CEST)","6062"
"France (FR)","19.05.2020 18:00 - 19.05.2020 19:00 (CET/CEST)","6471"
"France (FR)","19.05.2020 19:00 - 19.05.2020 20:00 (CET/CEST)","6888"
"France (FR)","19.05.2020 20:00 - 19.05.2020 21:00 (CET/CEST)","6731"
"France (FR)","19.05.2020 21:00 - 19.05.2020 22:00 (CET/CEST)","6602"
"France (FR)","19.05.2020 22:00 - 19.05.2020 23:00 (CET/CEST)","7040"
"France (FR)","19.05.2020 23:00 - 20.05.2020 00:00 (CET/CEST)","6962"
"France (FR)","20.05.2020 00:00 - 20.05.2020 01:00 (CET/CEST)","6692"
"France (FR)","20.05.2020 01:00 - 20.05.2020 02:00 (CET/CEST)","6386"
"France (FR)","20.05.2020 02:00 - 20.05.2020 03:00 (CET/CEST)","6069"
"France (FR)","20.05.2020 03:00 - 20.05.2020 04:00 (CET/CEST)","5768"
"France (FR)","20.05.2020 04:00 - 20.05.2020 05:00 (CET/CEST)","5701"
"France (FR)","20.05.2020 05:00 - 20.05.2020 06:00 (CET/CEST)","5715"
"France (FR)","20.05.2020 06:00 - 20.05.2020 07:00 (CET/CEST)","5858"
"France (FR)","20.05.2020 07:00 - 20.05.2020 08:00 (CET/CEST)","6010"
"France (FR)","20.05.2020 08:00 - 20.05.2020 09:00 (CET/CEST)","6143"
"France (FR)","20.05.2020 09:00 - 20.05.2020 10:00 (CET/CEST)","6272"
"France (FR)","20.05.2020 10:00 - 20.05.2020 11:00 (CET/CEST)","6457"
"France (FR)","20.05.2020 11:00 - 20.05.2020 12:00 (CET/CEST)","6698"
"France (FR)","20.05.2020 12:00 - 20.05.2020 13:00 (CET/CEST)","6656"
"France (FR)","20.05.2020 13:00 - 20.05.2020 14:00 (CET/CEST)","6419"
"France (FR)","20.05.2020 14:00 - 20.05.2020 15:00 (CET/CEST)","6165"
"France (FR)","20.05.2020 15:00 - 20.05.2020 16:00 (CET/CEST)","6025"
"France (FR)","20.05.2020 16:00 - 20.05.2020 17:00 (CET/CEST)","6037"
"France (FR)","20.05.2020 17:00 - 20.05.2020 18:00 (CET/CEST)","6149"
"France (FR)","20.05.2020 18:00 - 20.05.2020 19:00 (CET/CEST)","6374"
"France (FR)","20.05.2020 19:00 - 20.05.2020 20:00 (CET/CEST)","6625"
"France (FR)","20.05.2020 20:00 - 20.05.2020 21:00 (CET/CEST)","6450"
"France (FR)","20.05.2020 21:00 - 20.05.2020 22:00 (CET/CEST)","6315"
"France (FR)","20.05.2020 22:00 - 20.05.2020 23:00 (CET/CEST)","6577"
"France (FR)","20.05.2020 23:00 - 21.05.2020 00:00 (CET/CEST)","6651"
"France (FR)","21.05.2020 00:00 - 21.05.2020 01:00 (CET/CEST)","6286"
"France (FR)","21.05.2020 01:00 - 21.05.2020 02:00 (CET/CEST)","6066"
"France (FR)","21.05.2020 02:00 - 21.05.2020 03:00 (CET/CEST)","5830"
"France (FR)","21.05.2020 03:00 - 21.05.2020 04:00 (CET/CEST)","5489"
"France (FR)","21.05.2020 04:00 - 21.05.2020 05:00 (CET/CEST)","5296"
"France (FR)","21.05.2020 05:00 - 21.05.2020 06:00 (CET/CEST)","5277"
"France (FR)","21.05.2020 06:00 - 21.05.2020 07:00 (CET/CEST)","5311"
"France (FR)","21.05.2020 07:00 - 21.05.2020 08:00 (CET/CEST)","5461"
"France (FR)","21.05.2020 08:00 - 21.05.2020 09:00 (CET/CEST)","5506"
"France (FR)","21.05.2020 09:00 - 21.05.2020 10:00 (CET/CEST)","5454"
"France (FR)","21.05.2020 10:00 - 21.05.2020 11:00 (CET/CEST)","5530"
"France (FR)","21.05.2020 11:00 - 21.05.2020 12:00 (CET/CEST)","5544"
"France (FR)","21.05.2020 12:00 - 21.05.2020 13:00 (CET/CEST)","5551"
"France (FR)","21.05.2020 13:00 - 21.05.2020 14:00 (CET/CEST)","5514"
"France (FR)","21.05.2020 14:00 - 21.05.2020 15:00 (CET/CEST)","5395"
"France (FR)","21.05.2020 15:00 - 21.05.2020 16:00 (CET/CEST)","5298"
"France (FR)","21.05.2020 16:00 - 21.05.2020 17:00 (CET/CEST)","5389"
"France (FR)","21.05.2020 17:00 - 21.05.2020 18:00 (CET/CEST)","5701"
"France (FR)","21.05.2020 18:00 - 21.05.2020 19:00 (CET/CEST)","5977"
"France (FR)","21.05.2020 19:00 - 21.05.2020 20:00 (CET/CEST)","6155"
"France (FR)","21.05.2020 20:00 - 21.05.2020 21:00 (CET/CEST)","6135"
"France (FR)","21.05.2020 21:00 - 21.05.2020 22:00 (CET/CEST)","6242"
"France (FR)","21.05.2020 22:00 - 21.05.2020 23:00 (CET/CEST)","6203"
"France (FR)","21.05.2020 23:00 - 22.05.2020 00:00 (CET/CEST)","6143"
"France (FR)","22.05.2020 00:00 - 22.05.2020 01:00 (CET/CEST)","6060"
"France (FR)","22.05.2020 01:00 - 22.05.2020 02:00 (CET/CEST)","5719"
"France (FR)","22.05.2020 02:00 - 22.05.2020 03:00 (CET/CEST)","5355"
"France (FR)","22.05.2020 03:00 - 22.05.2020 04:00 (CET/CEST)","5110"
"France (FR)","22.05.2020 04:00 - 22.05.2020 05:00 (CET/CEST)","4938"
"France (FR)","22.05.2020 05:00 - 22.05.2020 06:00 (CET/CEST)","5003"
"France (FR)","22.05.2020 06:00 - 22.05.2020 07:00 (CET/CEST)","5228"
"France (FR)","22.05.2020 07:00 - 22.05.2020 08:00 (CET/CEST)","5450"
"France (FR)","22.05.2020 08:00 - 22.05.2020 09:00 (CET/CEST)","5758"
"France (FR)","22.05.2020 09:00 - 22.05.2020 10:00 (CET/CEST)","5922"
"France (FR)","22.05.2020 10:00 - 22.05.2020 11:00 (CET/CEST)","5901"
"France (FR)","22.05.2020 11:00 - 22.05.2020 12:00 (CET/CEST)","6053"
"France (FR)","22.05.2020 12:00 - 22.05.2020 13:00 (CET/CEST)","5976"
"France (FR)","22.05.2020 13:00 - 22.05.2020 14:00 (CET/CEST)","5860"
"France (FR)","22.05.2020 14:00 - 22.05.2020 15:00 (CET/CEST)","5715"
"France (FR)","22.05.2020 15:00 - 22.05.2020 16:00 (CET/CEST)","5513"
"France (FR)","22.05.2020 16:00 - 22.05.2020 17:00 (CET/CEST)","5399"
"France (FR)","22.05.2020 17:00 - 22.05.2020 18:00 (CET/CEST)","5493"
"France (FR)","22.05.2020 18:00 - 22.05.2020 19:00 (CET/CEST)","5844"
"France (FR)","22.05.2020 19:00 - 22.05.2020 20:00 (CET/CEST)","6185"
"France (FR)","22.05.2020 20:00 - 22.05.2020 21:00 (CET/CEST)","6208"
"France (FR)","22.05.2020 21:00 - 22.05.2020 22:00 (CET/CEST)","6263"
"France (FR)","22.05.2020 22:00 - 22.05.2020 23:00 (CET/CEST)","6230"
"France (FR)","22.05.2020 23:00 - 23.05.2020 00:00 (CET/CEST)","6256"
"France (FR)","23.05.2020 00:00 - 23.05.2020 01:00 (CET/CEST)","6188"
"France (FR)","23.05.2020 01:00 - 23.05.2020 02:00 (CET/CEST)","5951"
"France (FR)","23.05.2020 02:00 - 23.05.2020 03:00 (CET/CEST)","5780"
"France (FR)","23.05.2020 03:00 - 23.05.2020 04:00 (CET/CEST)","5625"
"France (FR)","23.05.2020 04:00 - 23.05.2020 05:00 (CET/CEST)","5385"
"France (FR)","23.05.2020 05:00 - 23.05.2020 06:00 (CET/CEST)","5231"
"France (FR)","23.05.2020 06:00 - 23.05.2020 07:00 (CET/CEST)","5122"
"France (FR)","23.05.2020 07:00 - 23.05.2020 08:00 (CET/CEST)","5070"
"France (FR)","23.05.2020 08:00 - 23.05.2020 09:00 (CET/CEST)","5142"
"France (FR)","23.05.2020 09:00 - 23.05.2020 10:00 (CET/CEST)","5064"
"France (FR)","23.05.2020 10:00 - 23.05.2020 11:00 (CET/CEST)","4803"
"France (FR)","23.05.2020 11:00 - 23.05.2020 12:00 (CET/CEST)","4887"
"France (FR)","23.05.2020 12:00 - 23.05.2020 13:00 (CET/CEST)","5060"
"France (FR)","23.05.2020 13:00 - 23.05.2020 14:00 (CET/CEST)","5194"
"France (FR)","23.05.2020 14:00 - 23.05.2020 15:00 (CET/CEST)","5203"
"France (FR)","23.05.2020 15:00 - 23.05.2020 16:00 (CET/CEST)","5159"
"France (FR)","23.05.2020 16:00 - 23.05.2020 17:00 (CET/CEST)","5099"
"France (FR)","23.05.2020 17:00 - 23.05.2020 18:00 (CET/CEST)","5126"
"France (FR)","23.05.2020 18:00 - 23.05.2020 19:00 (CET/CEST)","5305"
"France (FR)","23.05.2020 19:00 - 23.05.2020 20:00 (CET/CEST)","5504"
"France (FR)","23.05.2020 20:00 - 23.05.2020 21:00 (CET/CEST)","5822"
"France (FR)","23.05.2020 21:00 - 23.05.2020 22:00 (CET/CEST)","6061"
"France (FR)","23.05.2020 22:00 - 23.05.2020 23:00 (CET/CEST)","5964"
"France (FR)","23.05.2020 23:00 - 24.05.2020 00:00 (CET/CEST)","5810"
"France (FR)","24.05.2020 00:00 - 24.05.2020 01:00 (CET/CEST)","5646"
"France (FR)","24.05.2020 01:00 - 24.05.2020 02:00 (CET/CEST)","5545"
"France (FR)","24.05.2020 02:00 - 24.05.2020 03:00 (CET/CEST)","5137"
"France (FR)","24.05.2020 03:00 - 24.05.2020 04:00 (CET/CEST)","4683"
"France (FR)","24.05.2020 04:00 - 24.05.2020 05:00 (CET/CEST)","4492"
"France (FR)","24.05.2020 05:00 - 24.05.2020 06:00 (CET/CEST)","4297"
"France (FR)","24.05.2020 06:00 - 24.05.2020 07:00 (CET/CEST)","4284"
"France (FR)","24.05.2020 07:00 - 24.05.2020 08:00 (CET/CEST)","4441"
"France (FR)","24.05.2020 08:00 - 24.05.2020 09:00 (CET/CEST)","4613"
"France (FR)","24.05.2020 09:00 - 24.05.2020 10:00 (CET/CEST)","4708"
"France (FR)","24.05.2020 10:00 - 24.05.2020 11:00 (CET/CEST)","4775"
"France (FR)","24.05.2020 11:00 - 24.05.2020 12:00 (CET/CEST)","4875"
"France (FR)","24.05.2020 12:00 - 24.05.2020 13:00 (CET/CEST)","5009"
"France (FR)","24.05.2020 13:00 - 24.05.2020 14:00 (CET/CEST)","5058"
"France (FR)","24.05.2020 14:00 - 24.05.2020 15:00 (CET/CEST)","4723"
"France (FR)","24.05.2020 15:00 - 24.05.2020 16:00 (CET/CEST)","4579"
"France (FR)","24.05.2020 16:00 - 24.05.2020 17:00 (CET/CEST)","4542"
"France (FR)","24.05.2020 17:00 - 24.05.2020 18:00 (CET/CEST)","4720"
"France (FR)","24.05.2020 18:00 - 24.05.2020 19:00 (CET/CEST)","5283"
"France (FR)","24.05.2020 19:00 - 24.05.2020 20:00 (CET/CEST)","5646"
"France (FR)","24.05.2020 20:00 - 24.05.2020 21:00 (CET/CEST)","5825"
"France (FR)","24.05.2020 21:00 - 24.05.2020 22:00 (CET/CEST)","5852"
"France (FR)","24.05.2020 22:00 - 24.05.2020 23:00 (CET/CEST)","5876"
"France (FR)","24.05.2020 23:00 - 25.05.2020 00:00 (CET/CEST)","5689"
"France (FR)","25.05.2020 00:00 - 25.05.2020 01:00 (CET/CEST)","5240"
"France (FR)","25.05.2020 01:00 - 25.05.2020 02:00 (CET/CEST)","5090"
"France (FR)","25.05.2020 02:00 - 25.05.2020 03:00 (CET/CEST)","5049"
"France (FR)","25.05.2020 03:00 - 25.05.2020 04:00 (CET/CEST)","5094"
"France (FR)","25.05.2020 04:00 - 25.05.2020 05:00 (CET/CEST)","5191"
"France (FR)","25.05.2020 05:00 - 25.05.2020 06:00 (CET/CEST)","5208"
"France (FR)","25.05.2020 06:00 - 25.05.2020 07:00 (CET/CEST)","5433"
"France (FR)","25.05.2020 07:00 - 25.05.2020 08:00 (CET/CEST)","5846"
"France (FR)","25.05.2020 08:00 - 25.05.2020 09:00 (CET/CEST)","6071"
"France (FR)","25.05.2020 09:00 - 25.05.2020 10:00 (CET/CEST)","5938"
"France (FR)","25.05.2020 10:00 - 25.05.2020 11:00 (CET/CEST)","5652"
"France (FR)","25.05.2020 11:00 - 25.05.2020 12:00 (CET/CEST)","5443"
"France (FR)","25.05.2020 12:00 - 25.05.2020 13:00 (CET/CEST)","5406"
"France (FR)","25.05.2020 13:00 - 25.05.2020 14:00 (CET/CEST)","5494"
"France (FR)","25.05.2020 14:00 - 25.05.2020 15:00 (CET/CEST)","5581"
"France (FR)","25.05.2020 15:00 - 25.05.2020 16:00 (CET/CEST)","5643"
"France (FR)","25.05.2020 16:00 - 25.05.2020 17:00 (CET/CEST)","5614"
"France (FR)","25.05.2020 17:00 - 25.05.2020 18:00 (CET/CEST)","5833"
"France (FR)","25.05.2020 18:00 - 25.05.2020 19:00 (CET/CEST)","6147"
"France (FR)","25.05.2020 19:00 - 25.05.2020 20:00 (CET/CEST)","6370"
"France (FR)","25.05.2020 20:00 - 25.05.2020 21:00 (CET/CEST)","6439"
"France (FR)","25.05.2020 21:00 - 25.05.2020 22:00 (CET/CEST)","6322"
"France (FR)","25.05.2020 22:00 - 25.05.2020 23:00 (CET/CEST)","6412"
"France (FR)","25.05.2020 23:00 - 26.05.2020 00:00 (CET/CEST)","6335"
"France (FR)","26.05.2020 00:00 - 26.05.2020 01:00 (CET/CEST)","6106"
"France (FR)","26.05.2020 01:00 - 26.05.2020 02:00 (CET/CEST)","5583"
"France (FR)","26.05.2020 02:00 - 26.05.2020 03:00 (CET/CEST)","5377"
"France (FR)","26.05.2020 03:00 - 26.05.2020 04:00 (CET/CEST)","5099"
"France (FR)","26.05.2020 04:00 - 26.05.2020 05:00 (CET/CEST)","4980"
"France (FR)","26.05.2020 05:00 - 26.05.2020 06:00 (CET/CEST)","5002"
"France (FR)","26.05.2020 06:00 - 26.05.2020 07:00 (CET/CEST)","5184"
"France (FR)","26.05.2020 07:00 - 26.05.2020 08:00 (CET/CEST)","5543"
"France (FR)","26.05.2020 08:00 - 26.05.2020 09:00 (CET/CEST)","6029"
"France (FR)","26.05.2020 09:00 - 26.05.2020 10:00 (CET/CEST)","6311"
"France (FR)","26.05.2020 10:00 - 26.05.2020 11:00 (CET/CEST)","6016"
"France (FR)","26.05.2020 11:00 - 26.05.2020 12:00 (CET/CEST)","5733"
"France (FR)","26.05.2020 12:00 - 26.05.2020 13:00 (CET/CEST)","5582"
"France (FR)","26.05.2020 13:00 - 26.05.2020 14:00 (CET/CEST)","5289"
"France (FR)","26.05.2020 14:00 - 26.05.2020 15:00 (CET/CEST)","5145"
"France (FR)","26.05.2020 15:00 - 26.05.2020 16:00 (CET/CEST)","5031"
"France (FR)","26.05.2020 16:00 - 26.05.2020 17:00 (CET/CEST)","5235"
"France (FR)","26.05.2020 17:00 - 26.05.2020 18:00 (CET/CEST)","5478"
"France (FR)","26.05.2020 18:00 - 26.05.2020 19:00 (CET/CEST)","5827"
"France (FR)","26.05.2020 19:00 - 26.05.2020 20:00 (CET/CEST)","6323"
"France (FR)","26.05.2020 20:00 - 26.05.2020 21:00 (CET/CEST)","6182"
"France (FR)","26.05.2020 21:00 - 26.05.2020 22:00 (CET/CEST)","5968"
"France (FR)","26.05.2020 22:00 - 26.05.2020 23:00 (CET/CEST)","6174"
"France (FR)","26.05.2020 23:00 - 27.05.2020 00:00 (CET/CEST)","6111"
"France (FR)","27.05.2020 00:00 - 27.05.2020 01:00 (CET/CEST)","5673"
"France (FR)","27.05.2020 01:00 - 27.05.2020 02:00 (CET/CEST)","5280"
"France (FR)","27.05.2020 02:00 - 27.05.2020 03:00 (CET/CEST)","4998"
"France (FR)","27.05.2020 03:00 - 27.05.2020 04:00 (CET/CEST)","4751"
"France (FR)","27.05.2020 04:00 - 27.05.2020 05:00 (CET/CEST)","4605"
"France (FR)","27.05.2020 05:00 - 27.05.2020 06:00 (CET/CEST)","4662"
"France (FR)","27.05.2020 06:00 - 27.05.2020 07:00 (CET/CEST)","4770"
"France (FR)","27.05.2020 07:00 - 27.05.2020 08:00 (CET/CEST)","5000"
"France (FR)","27.05.2020 08:00 - 27.05.2020 09:00 (CET/CEST)","5645"
"France (FR)","27.05.2020 09:00 - 27.05.2020 10:00 (CET/CEST)","5717"
"France (FR)","27.05.2020 10:00 - 27.05.2020 11:00 (CET/CEST)","5787"
"France (FR)","27.05.2020 11:00 - 27.05.2020 12:00 (CET/CEST)","5749"
"France (FR)","27.05.2020 12:00 - 27.05.2020 13:00 (CET/CEST)","5519"
"France (FR)","27.05.2020 13:00 - 27.05.2020 14:00 (CET/CEST)","5329"
"France (FR)","27.05.2020 14:00 - 27.05.2020 15:00 (CET/CEST)","5221"
"France (FR)","27.05.2020 15:00 - 27.05.2020 16:00 (CET/CEST)","5194"
"France (FR)","27.05.2020 16:00 - 27.05.2020 17:00 (CET/CEST)","5343"
"France (FR)","27.05.2020 17:00 - 27.05.2020 18:00 (CET/CEST)","5580"
"France (FR)","27.05.2020 18:00 - 27.05.2020 19:00 (CET/CEST)","5791"
"France (FR)","27.05.2020 19:00 - 27.05.2020 20:00 (CET/CEST)","5958"
"France (FR)","27.05.2020 20:00 - 27.05.2020 21:00 (CET/CEST)","5969"
"France (FR)","27.05.2020 21:00 - 27.05.2020 22:00 (CET/CEST)","5882"
"France (FR)","27.05.2020 22:00 - 27.05.2020 23:00 (CET/CEST)","5874"
"France (FR)","27.05.2020 23:00 - 28.05.2020 00:00 (CET/CEST)","5660"
"France (FR)","28.05.2020 00:00 - 28.05.2020 01:00 (CET/CEST)","5292"
"France (FR)","28.05.2020 01:00 - 28.05.2020 02:00 (CET/CEST)","4952"
"France (FR)","28.05.2020 02:00 - 28.05.2020 03:00 (CET/CEST)","4703"
"France (FR)","28.05.2020 03:00 - 28.05.2020 04:00 (CET/CEST)","4693"
"France (FR)","28.05.2020 04:00 - 28.05.2020 05:00 (CET/CEST)","4622"
"France (FR)","28.05.2020 05:00 - 28.05.2020 06:00 (CET/CEST)","4658"
"France (FR)","28.05.2020 06:00 - 28.05.2020 07:00 (CET/CEST)","4859"
"France (FR)","28.05.2020 07:00 - 28.05.2020 08:00 (CET/CEST)","5202"
"France (FR)","28.05.2020 08:00 - 28.05.2020 09:00 (CET/CEST)","5684"
"France (FR)","28.05.2020 09:00 - 28.05.2020 10:00 (CET/CEST)","5814"
"France (FR)","28.05.2020 10:00 - 28.05.2020 11:00 (CET/CEST)","5706"
"France (FR)","28.05.2020 11:00 - 28.05.2020 12:00 (CET/CEST)","5447"
"France (FR)","28.05.2020 12:00 - 28.05.2020 13:00 (CET/CEST)","5113"
"France (FR)","28.05.2020 13:00 - 28.05.2020 14:00 (CET/CEST)","4994"
"France (FR)","28.05.2020 14:00 - 28.05.2020 15:00 (CET/CEST)","4788"
"France (FR)","28.05.2020 15:00 - 28.05.2020 16:00 (CET/CEST)","4819"
"France (FR)","28.05.2020 16:00 - 28.05.2020 17:00 (CET/CEST)","5031"
"France (FR)","28.05.2020 17:00 - 28.05.2020 18:00 (CET/CEST)","5413"
"France (FR)","28.05.2020 18:00 - 28.05.2020 19:00 (CET/CEST)","5759"
"France (FR)","28.05.2020 19:00 - 28.05.2020 20:00 (CET/CEST)","6084"
"France (FR)","28.05.2020 20:00 - 28.05.2020 21:00 (CET/CEST)","5901"
"France (FR)","28.05.2020 21:00 - 28.05.2020 22:00 (CET/CEST)","5712"
"France (FR)","28.05.2020 22:00 - 28.05.2020 23:00 (CET/CEST)","5776"
"France (FR)","28.05.2020 23:00 - 29.05.2020 00:00 (CET/CEST)","5565"
"France (FR)","29.05.2020 00:00 - 29.05.2020 01:00 (CET/CEST)","5329"
"France (FR)","29.05.2020 01:00 - 29.05.2020 02:00 (CET/CEST)","4968"
"France (FR)","29.05.2020 02:00 - 29.05.2020 03:00 (CET/CEST)","4693"
"France (FR)","29.05.2020 03:00 - 29.05.2020 04:00 (CET/CEST)","4596"
"France (FR)","29.05.2020 04:00 - 29.05.2020 05:00 (CET/CEST)","4706"
"France (FR)","29.05.2020 05:00 - 29.05.2020 06:00 (CET/CEST)","4723"
"France (FR)","29.05.2020 06:00 - 29.05.2020 07:00 (CET/CEST)","4765"
"France (FR)","29.05.2020 07:00 - 29.05.2020 08:00 (CET/CEST)","5126"
"France (FR)","29.05.2020 08:00 - 29.05.2020 09:00 (CET/CEST)","5407"
"France (FR)","29.05.2020 09:00 - 29.05.2020 10:00 (CET/CEST)","5298"
"France (FR)","29.05.2020 10:00 - 29.05.2020 11:00 (CET/CEST)","5229"
"France (FR)","29.05.2020 11:00 - 29.05.2020 12:00 (CET/CEST)","5203"
"France (FR)","29.05.2020 12:00 - 29.05.2020 13:00 (CET/CEST)","5236"
"France (FR)","29.05.2020 13:00 - 29.05.2020 14:00 (CET/CEST)","5207"
"France (FR)","29.05.2020 14:00 - 29.05.2020 15:00 (CET/CEST)","5049"
"France (FR)","29.05.2020 15:00 - 29.05.2020 16:00 (CET/CEST)","4865"
"France (FR)","29.05.2020 16:00 - 29.05.2020 17:00 (CET/CEST)","4984"
"France (FR)","29.05.2020 17:00 - 29.05.2020 18:00 (CET/CEST)","5266"
"France (FR)","29.05.2020 18:00 - 29.05.2020 19:00 (CET/CEST)","5652"
"France (FR)","29.05.2020 19:00 - 29.05.2020 20:00 (CET/CEST)","6333"
"France (FR)","29.05.2020 20:00 - 29.05.2020 21:00 (CET/CEST)","6065"
"France (FR)","29.05.2020 21:00 - 29.05.2020 22:00 (CET/CEST)","5911"
"France (FR)","29.05.2020 22:00 - 29.05.2020 23:00 (CET/CEST)","5851"
"France (FR)","29.05.2020 23:00 - 30.05.2020 00:00 (CET/CEST)","5622"
"France (FR)","30.05.2020 00:00 - 30.05.2020 01:00 (CET/CEST)","5228"
"France (FR)","30.05.2020 01:00 - 30.05.2020 02:00 (CET/CEST)","5039"
"France (FR)","30.05.2020 02:00 - 30.05.2020 03:00 (CET/CEST)","5002"
"France (FR)","30.05.2020 03:00 - 30.05.2020 04:00 (CET/CEST)","4940"
"France (FR)","30.05.2020 04:00 - 30.05.2020 05:00 (CET/CEST)","4798"
"France (FR)","30.05.2020 05:00 - 30.05.2020 06:00 (CET/CEST)","4882"
"France (FR)","30.05.2020 06:00 - 30.05.2020 07:00 (CET/CEST)","4957"
"France (FR)","30.05.2020 07:00 - 30.05.2020 08:00 (CET/CEST)","4986"
"France (FR)","30.05.2020 08:00 - 30.05.2020 09:00 (CET/CEST)","4973"
"France (FR)","30.05.2020 09:00 - 30.05.2020 10:00 (CET/CEST)","4871"
"France (FR)","30.05.2020 10:00 - 30.05.2020 11:00 (CET/CEST)","4643"
"France (FR)","30.05.2020 11:00 - 30.05.2020 12:00 (CET/CEST)","4396"
"France (FR)","30.05.2020 12:00 - 30.05.2020 13:00 (CET/CEST)","4195"
"France (FR)","30.05.2020 13:00 - 30.05.2020 14:00 (CET/CEST)","4073"
"France (FR)","30.05.2020 14:00 - 30.05.2020 15:00 (CET/CEST)","4029"
"France (FR)","30.05.2020 15:00 - 30.05.2020 16:00 (CET/CEST)","3977"
"France (FR)","30.05.2020 16:00 - 30.05.2020 17:00 (CET/CEST)","4037"
"France (FR)","30.05.2020 17:00 - 30.05.2020 18:00 (CET/CEST)","4304"
"France (FR)","30.05.2020 18:00 - 30.05.2020 19:00 (CET/CEST)","4698"
"France (FR)","30.05.2020 19:00 - 30.05.2020 20:00 (CET/CEST)","5233"
"France (FR)","30.05.2020 20:00 - 30.05.2020 21:00 (CET/CEST)","5226"
"France (FR)","30.05.2020 21:00 - 30.05.2020 22:00 (CET/CEST)","5053"
"France (FR)","30.05.2020 22:00 - 30.05.2020 23:00 (CET/CEST)","4938"
"France (FR)","30.05.2020 23:00 - 31.05.2020 00:00 (CET/CEST)","4844"
"France (FR)","31.05.2020 00:00 - 31.05.2020 01:00 (CET/CEST)","4672"
"France (FR)","31.05.2020 01:00 - 31.05.2020 02:00 (CET/CEST)","4527"
"France (FR)","31.05.2020 02:00 - 31.05.2020 03:00 (CET/CEST)","4464"
"France (FR)","31.05.2020 03:00 - 31.05.2020 04:00 (CET/CEST)","4287"
"France (FR)","31.05.2020 04:00 - 31.05.2020 05:00 (CET/CEST)","4131"
"France (FR)","31.05.2020 05:00 - 31.05.2020 06:00 (CET/CEST)","4099"
"France (FR)","31.05.2020 06:00 - 31.05.2020 07:00 (CET/CEST)","4055"
"France (FR)","31.05.2020 07:00 - 31.05.2020 08:00 (CET/CEST)","4123"
"France (FR)","31.05.2020 08:00 - 31.05.2020 09:00 (CET/CEST)","4288"
"France (FR)","31.05.2020 09:00 - 31.05.2020 10:00 (CET/CEST)","4218"
"France (FR)","31.05.2020 10:00 - 31.05.2020 11:00 (CET/CEST)","4166"
"France (FR)","31.05.2020 11:00 - 31.05.2020 12:00 (CET/CEST)","3910"
"France (FR)","31.05.2020 12:00 - 31.05.2020 13:00 (CET/CEST)","3858"
"France (FR)","31.05.2020 13:00 - 31.05.2020 14:00 (CET/CEST)","3615"
"France (FR)","31.05.2020 14:00 - 31.05.2020 15:00 (CET/CEST)","3163"
"France (FR)","31.05.2020 15:00 - 31.05.2020 16:00 (CET/CEST)","3148"
"France (FR)","31.05.2020 16:00 - 31.05.2020 17:00 (CET/CEST)","3158"
"France (FR)","31.05.2020 17:00 - 31.05.2020 18:00 (CET/CEST)","3642"
"France (FR)","31.05.2020 18:00 - 31.05.2020 19:00 (CET/CEST)","3991"
"France (FR)","31.05.2020 19:00 - 31.05.2020 20:00 (CET/CEST)","4456"
"France (FR)","31.05.2020 20:00 - 31.05.2020 21:00 (CET/CEST)","4683"
"France (FR)","31.05.2020 21:00 - 31.05.2020 22:00 (CET/CEST)","4808"
"France (FR)","31.05.2020 22:00 - 31.05.2020 23:00 (CET/CEST)","4693"
"France (FR)","31.05.2020 23:00 - 01.06.2020 00:00 (CET/CEST)","4518"
"France (FR)","01.06.2020 00:00 - 01.06.2020 01:00 (CET/CEST)","4040"
"France (FR)","01.06.2020 01:00 - 01.06.2020 02:00 (CET/CEST)","3825"
"France (FR)","01.06.2020 02:00 - 01.06.2020 03:00 (CET/CEST)","3780"
"France (FR)","01.06.2020 03:00 - 01.06.2020 04:00 (CET/CEST)","3816"
"France (FR)","01.06.2020 04:00 - 01.06.2020 05:00 (CET/CEST)","3815"
"France (FR)","01.06.2020 05:00 - 01.06.2020 06:00 (CET/CEST)","3763"
"France (FR)","01.06.2020 06:00 - 01.06.2020 07:00 (CET/CEST)","3752"
"France (FR)","01.06.2020 07:00 - 01.06.2020 08:00 (CET/CEST)","3906"
"France (FR)","01.06.2020 08:00 - 01.06.2020 09:00 (CET/CEST)","4016"
"France (FR)","01.06.2020 09:00 - 01.06.2020 10:00 (CET/CEST)","3843"
"France (FR)","01.06.2020 10:00 - 01.06.2020 11:00 (CET/CEST)","3550"
"France (FR)","01.06.2020 11:00 - 01.06.2020 12:00 (CET/CEST)","3458"
"France (FR)","01.06.2020 12:00 - 01.06.2020 13:00 (CET/CEST)","3353"
"France (FR)","01.06.2020 13:00 - 01.06.2020 14:00 (CET/CEST)","3151"
"France (FR)","01.06.2020 14:00 - 01.06.2020 15:00 (CET/CEST)","3136"
"France (FR)","01.06.2020 15:00 - 01.06.2020 16:00 (CET/CEST)","3156"
"France (FR)","01.06.2020 16:00 - 01.06.2020 17:00 (CET/CEST)","3174"
"France (FR)","01.06.2020 17:00 - 01.06.2020 18:00 (CET/CEST)","3444"
"France (FR)","01.06.2020 18:00 - 01.06.2020 19:00 (CET/CEST)","4237"
"France (FR)","01.06.2020 19:00 - 01.06.2020 20:00 (CET/CEST)","4748"
"France (FR)","01.06.2020 20:00 - 01.06.2020 21:00 (CET/CEST)","4883"
"France (FR)","01.06.2020 21:00 - 01.06.2020 22:00 (CET/CEST)","4863"
"France (FR)","01.06.2020 22:00 - 01.06.2020 23:00 (CET/CEST)","4655"
"France (FR)","01.06.2020 23:00 - 02.06.2020 00:00 (CET/CEST)","4670"
"France (FR)","02.06.2020 00:00 - 02.06.2020 01:00 (CET/CEST)","4365"
"France (FR)","02.06.2020 01:00 - 02.06.2020 02:00 (CET/CEST)","4042"
"France (FR)","02.06.2020 02:00 - 02.06.2020 03:00 (CET/CEST)","3995"
"France (FR)","02.06.2020 03:00 - 02.06.2020 04:00 (CET/CEST)","3922"
"France (FR)","02.06.2020 04:00 - 02.06.2020 05:00 (CET/CEST)","3838"
"France (FR)","02.06.2020 05:00 - 02.06.2020 06:00 (CET/CEST)","3705"
"France (FR)","02.06.2020 06:00 - 02.06.2020 07:00 (CET/CEST)","3907"
"France (FR)","02.06.2020 07:00 - 02.06.2020 08:00 (CET/CEST)","4249"
"France (FR)","02.06.2020 08:00 - 02.06.2020 09:00 (CET/CEST)","4559"
"France (FR)","02.06.2020 09:00 - 02.06.2020 10:00 (CET/CEST)","4927"
"France (FR)","02.06.2020 10:00 - 02.06.2020 11:00 (CET/CEST)","4980"
"France (FR)","02.06.2020 11:00 - 02.06.2020 12:00 (CET/CEST)","4973"
"France (FR)","02.06.2020 12:00 - 02.06.2020 13:00 (CET/CEST)","4917"
"France (FR)","02.06.2020 13:00 - 02.06.2020 14:00 (CET/CEST)","4775"
"France (FR)","02.06.2020 14:00 - 02.06.2020 15:00 (CET/CEST)","4608"
"France (FR)","02.06.2020 15:00 - 02.06.2020 16:00 (CET/CEST)","4613"
"France (FR)","02.06.2020 16:00 - 02.06.2020 17:00 (CET/CEST)","4622"
"France (FR)","02.06.2020 17:00 - 02.06.2020 18:00 (CET/CEST)","4730"
"France (FR)","02.06.2020 18:00 - 02.06.2020 19:00 (CET/CEST)","5203"
"France (FR)","02.06.2020 19:00 - 02.06.2020 20:00 (CET/CEST)","5445"
"France (FR)","02.06.2020 20:00 - 02.06.2020 21:00 (CET/CEST)","5609"
"France (FR)","02.06.2020 21:00 - 02.06.2020 22:00 (CET/CEST)","5564"
"France (FR)","02.06.2020 22:00 - 02.06.2020 23:00 (CET/CEST)","5602"
"France (FR)","02.06.2020 23:00 - 03.06.2020 00:00 (CET/CEST)","5674"
"France (FR)","03.06.2020 00:00 - 03.06.2020 01:00 (CET/CEST)","5213"
"France (FR)","03.06.2020 01:00 - 03.06.2020 02:00 (CET/CEST)","4913"
"France (FR)","03.06.2020 02:00 - 03.06.2020 03:00 (CET/CEST)","4531"
"France (FR)","03.06.2020 03:00 - 03.06.2020 04:00 (CET/CEST)","4429"
"France (FR)","03.06.2020 04:00 - 03.06.2020 05:00 (CET/CEST)","4392"
"France (FR)","03.06.2020 05:00 - 03.06.2020 06:00 (CET/CEST)","4357"
"France (FR)","03.06.2020 06:00 - 03.06.2020 07:00 (CET/CEST)","4469"
"France (FR)","03.06.2020 07:00 - 03.06.2020 08:00 (CET/CEST)","4777"
"France (FR)","03.06.2020 08:00 - 03.06.2020 09:00 (CET/CEST)","5245"
"France (FR)","03.06.2020 09:00 - 03.06.2020 10:00 (CET/CEST)","5254"
"France (FR)","03.06.2020 10:00 - 03.06.2020 11:00 (CET/CEST)","5451"
"France (FR)","03.06.2020 11:00 - 03.06.2020 12:00 (CET/CEST)","5289"
"France (FR)","03.06.2020 12:00 - 03.06.2020 13:00 (CET/CEST)","5155"
"France (FR)","03.06.2020 13:00 - 03.06.2020 14:00 (CET/CEST)","5015"
"France (FR)","03.06.2020 14:00 - 03.06.2020 15:00 (CET/CEST)","4721"
"France (FR)","03.06.2020 15:00 - 03.06.2020 16:00 (CET/CEST)","4682"
"France (FR)","03.06.2020 16:00 - 03.06.2020 17:00 (CET/CEST)","4779"
"France (FR)","03.06.2020 17:00 - 03.06.2020 18:00 (CET/CEST)","4909"
"France (FR)","03.06.2020 18:00 - 03.06.2020 19:00 (CET/CEST)","5142"
"France (FR)","03.06.2020 19:00 - 03.06.2020 20:00 (CET/CEST)","5498"
"France (FR)","03.06.2020 20:00 - 03.06.2020 21:00 (CET/CEST)","5619"
"France (FR)","03.06.2020 21:00 - 03.06.2020 22:00 (CET/CEST)","5516"
"France (FR)","03.06.2020 22:00 - 03.06.2020 23:00 (CET/CEST)","5485"
"France (FR)","03.06.2020 23:00 - 04.06.2020 00:00 (CET/CEST)","5501"
"France (FR)","04.06.2020 00:00 - 04.06.2020 01:00 (CET/CEST)","5184"
"France (FR)","04.06.2020 01:00 - 04.06.2020 02:00 (CET/CEST)","4764"
"France (FR)","04.06.2020 02:00 - 04.06.2020 03:00 (CET/CEST)","4339"
"France (FR)","04.06.2020 03:00 - 04.06.2020 04:00 (CET/CEST)","4195"
"France (FR)","04.06.2020 04:00 - 04.06.2020 05:00 (CET/CEST)","4287"
"France (FR)","04.06.2020 05:00 - 04.06.2020 06:00 (CET/CEST)","4409"
"France (FR)","04.06.2020 06:00 - 04.06.2020 07:00 (CET/CEST)","4635"
"France (FR)","04.06.2020 07:00 - 04.06.2020 08:00 (CET/CEST)","5016"
"France (FR)","04.06.2020 08:00 - 04.06.2020 09:00 (CET/CEST)","5508"
"France (FR)","04.06.2020 09:00 - 04.06.2020 10:00 (CET/CEST)","5779"
"France (FR)","04.06.2020 10:00 - 04.06.2020 11:00 (CET/CEST)","5969"
"France (FR)","04.06.2020 11:00 - 04.06.2020 12:00 (CET/CEST)","5953"
"France (FR)","04.06.2020 12:00 - 04.06.2020 13:00 (CET/CEST)","5914"
"France (FR)","04.06.2020 13:00 - 04.06.2020 14:00 (CET/CEST)","5542"
"France (FR)","04.06.2020 14:00 - 04.06.2020 15:00 (CET/CEST)","5265"
"France (FR)","04.06.2020 15:00 - 04.06.2020 16:00 (CET/CEST)","5107"
"France (FR)","04.06.2020 16:00 - 04.06.2020 17:00 (CET/CEST)","4981"
"France (FR)","04.06.2020 17:00 - 04.06.2020 18:00 (CET/CEST)","5111"
"France (FR)","04.06.2020 18:00 - 04.06.2020 19:00 (CET/CEST)","5507"
"France (FR)","04.06.2020 19:00 - 04.06.2020 20:00 (CET/CEST)","5574"
"France (FR)","04.06.2020 20:00 - 04.06.2020 21:00 (CET/CEST)","5616"
"France (FR)","04.06.2020 21:00 - 04.06.2020 22:00 (CET/CEST)","5589"
"France (FR)","04.06.2020 22:00 - 04.06.2020 23:00 (CET/CEST)","5607"
"France (FR)","04.06.2020 23:00 - 05.06.2020 00:00 (CET/CEST)","5658"
"France (FR)","05.06.2020 00:00 - 05.06.2020 01:00 (CET/CEST)","5510"
"France (FR)","05.06.2020 01:00 - 05.06.2020 02:00 (CET/CEST)","5256"
"France (FR)","05.06.2020 02:00 - 05.06.2020 03:00 (CET/CEST)","5066"
"France (FR)","05.06.2020 03:00 - 05.06.2020 04:00 (CET/CEST)","4914"
"France (FR)","05.06.2020 04:00 - 05.06.2020 05:00 (CET/CEST)","4837"
"France (FR)","05.06.2020 05:00 - 05.06.2020 06:00 (CET/CEST)","4944"
"France (FR)","05.06.2020 06:00 - 05.06.2020 07:00 (CET/CEST)","5243"
"France (FR)","05.06.2020 07:00 - 05.06.2020 08:00 (CET/CEST)","5448"
"France (FR)","05.06.2020 08:00 - 05.06.2020 09:00 (CET/CEST)","5633"
"France (FR)","05.06.2020 09:00 - 05.06.2020 10:00 (CET/CEST)","5996"
"France (FR)","05.06.2020 10:00 - 05.06.2020 11:00 (CET/CEST)","5940"
"France (FR)","05.06.2020 11:00 - 05.06.2020 12:00 (CET/CEST)","5871"
"France (FR)","05.06.2020 12:00 - 05.06.2020 13:00 (CET/CEST)","5676"
"France (FR)","05.06.2020 13:00 - 05.06.2020 14:00 (CET/CEST)","5407"
"France (FR)","05.06.2020 14:00 - 05.06.2020 15:00 (CET/CEST)","5272"
"France (FR)","05.06.2020 15:00 - 05.06.2020 16:00 (CET/CEST)","5272"
"France (FR)","05.06.2020 16:00 - 05.06.2020 17:00 (CET/CEST)","5144"
"France (FR)","05.06.2020 17:00 - 05.06.2020 18:00 (CET/CEST)","5161"
"France (FR)","05.06.2020 18:00 - 05.06.2020 19:00 (CET/CEST)","5493"
"France (FR)","05.06.2020 19:00 - 05.06.2020 20:00 (CET/CEST)","5646"
"France (FR)","05.06.2020 20:00 - 05.06.2020 21:00 (CET/CEST)","5815"
"France (FR)","05.06.2020 21:00 - 05.06.2020 22:00 (CET/CEST)","5831"
"France (FR)","05.06.2020 22:00 - 05.06.2020 23:00 (CET/CEST)","5852"
"France (FR)","05.06.2020 23:00 - 06.06.2020 00:00 (CET/CEST)","5795"
"France (FR)","06.06.2020 00:00 - 06.06.2020 01:00 (CET/CEST)","5403"
"France (FR)","06.06.2020 01:00 - 06.06.2020 02:00 (CET/CEST)","5069"
"France (FR)","06.06.2020 02:00 - 06.06.2020 03:00 (CET/CEST)","4910"
"France (FR)","06.06.2020 03:00 - 06.06.2020 04:00 (CET/CEST)","4652"
"France (FR)","06.06.2020 04:00 - 06.06.2020 05:00 (CET/CEST)","4369"
"France (FR)","06.06.2020 05:00 - 06.06.2020 06:00 (CET/CEST)","4157"
"France (FR)","06.06.2020 06:00 - 06.06.2020 07:00 (CET/CEST)","4335"
"France (FR)","06.06.2020 07:00 - 06.06.2020 08:00 (CET/CEST)","4419"
"France (FR)","06.06.2020 08:00 - 06.06.2020 09:00 (CET/CEST)","4540"
"France (FR)","06.06.2020 09:00 - 06.06.2020 10:00 (CET/CEST)","4656"
"France (FR)","06.06.2020 10:00 - 06.06.2020 11:00 (CET/CEST)","4821"
"France (FR)","06.06.2020 11:00 - 06.06.2020 12:00 (CET/CEST)","4821"
"France (FR)","06.06.2020 12:00 - 06.06.2020 13:00 (CET/CEST)","4848"
"France (FR)","06.06.2020 13:00 - 06.06.2020 14:00 (CET/CEST)","4809"
"France (FR)","06.06.2020 14:00 - 06.06.2020 15:00 (CET/CEST)","4529"
"France (FR)","06.06.2020 15:00 - 06.06.2020 16:00 (CET/CEST)","4353"
"France (FR)","06.06.2020 16:00 - 06.06.2020 17:00 (CET/CEST)","4488"
"France (FR)","06.06.2020 17:00 - 06.06.2020 18:00 (CET/CEST)","4745"
"France (FR)","06.06.2020 18:00 - 06.06.2020 19:00 (CET/CEST)","5155"
"France (FR)","06.06.2020 19:00 - 06.06.2020 20:00 (CET/CEST)","5601"
"France (FR)","06.06.2020 20:00 - 06.06.2020 21:00 (CET/CEST)","5727"
"France (FR)","06.06.2020 21:00 - 06.06.2020 22:00 (CET/CEST)","5783"
"France (FR)","06.06.2020 22:00 - 06.06.2020 23:00 (CET/CEST)","5696"
"France (FR)","06.06.2020 23:00 - 07.06.2020 00:00 (CET/CEST)","5737"
"France (FR)","07.06.2020 00:00 - 07.06.2020 01:00 (CET/CEST)","5703"
"France (FR)","07.06.2020 01:00 - 07.06.2020 02:00 (CET/CEST)","5601"
"France (FR)","07.06.2020 02:00 - 07.06.2020 03:00 (CET/CEST)","5530"
"France (FR)","07.06.2020 03:00 - 07.06.2020 04:00 (CET/CEST)","5413"
"France (FR)","07.06.2020 04:00 - 07.06.2020 05:00 (CET/CEST)","5335"
"France (FR)","07.06.2020 05:00 - 07.06.2020 06:00 (CET/CEST)","5236"
"France (FR)","07.06.2020 06:00 - 07.06.2020 07:00 (CET/CEST)","5170"
"France (FR)","07.06.2020 07:00 - 07.06.2020 08:00 (CET/CEST)","5357"
"France (FR)","07.06.2020 08:00 - 07.06.2020 09:00 (CET/CEST)","5482"
"France (FR)","07.06.2020 09:00 - 07.06.2020 10:00 (CET/CEST)","5558"
"France (FR)","07.06.2020 10:00 - 07.06.2020 11:00 (CET/CEST)","5573"
"France (FR)","07.06.2020 11:00 - 07.06.2020 12:00 (CET/CEST)","5546"
"France (FR)","07.06.2020 12:00 - 07.06.2020 13:00 (CET/CEST)","5682"
"France (FR)","07.06.2020 13:00 - 07.06.2020 14:00 (CET/CEST)","5622"
"France (FR)","07.06.2020 14:00 - 07.06.2020 15:00 (CET/CEST)","5410"
"France (FR)","07.06.2020 15:00 - 07.06.2020 16:00 (CET/CEST)","5423"
"France (FR)","07.06.2020 16:00 - 07.06.2020 17:00 (CET/CEST)","5519"
"France (FR)","07.06.2020 17:00 - 07.06.2020 18:00 (CET/CEST)","5649"
"France (FR)","07.06.2020 18:00 - 07.06.2020 19:00 (CET/CEST)","5831"
"France (FR)","07.06.2020 19:00 - 07.06.2020 20:00 (CET/CEST)","6199"
"France (FR)","07.06.2020 20:00 - 07.06.2020 21:00 (CET/CEST)","6209"
"France (FR)","07.06.2020 21:00 - 07.06.2020 22:00 (CET/CEST)","6211"
"France (FR)","07.06.2020 22:00 - 07.06.2020 23:00 (CET/CEST)","6225"
"France (FR)","07.06.2020 23:00 - 08.06.2020 00:00 (CET/CEST)","6127"
"France (FR)","08.06.2020 00:00 - 08.06.2020 01:00 (CET/CEST)","5790"
"France (FR)","08.06.2020 01:00 - 08.06.2020 02:00 (CET/CEST)","5505"
"France (FR)","08.06.2020 02:00 - 08.06.2020 03:00 (CET/CEST)","5322"
"France (FR)","08.06.2020 03:00 - 08.06.2020 04:00 (CET/CEST)","5140"
"France (FR)","08.06.2020 04:00 - 08.06.2020 05:00 (CET/CEST)","5103"
"France (FR)","08.06.2020 05:00 - 08.06.2020 06:00 (CET/CEST)","5308"
"France (FR)","08.06.2020 06:00 - 08.06.2020 07:00 (CET/CEST)","5522"
"France (FR)","08.06.2020 07:00 - 08.06.2020 08:00 (CET/CEST)","5845"
"France (FR)","08.06.2020 08:00 - 08.06.2020 09:00 (CET/CEST)","5987"
"France (FR)","08.06.2020 09:00 - 08.06.2020 10:00 (CET/CEST)","6102"
"France (FR)","08.06.2020 10:00 - 08.06.2020 11:00 (CET/CEST)","6070"
"France (FR)","08.06.2020 11:00 - 08.06.2020 12:00 (CET/CEST)","6094"
"France (FR)","08.06.2020 12:00 - 08.06.2020 13:00 (CET/CEST)","5970"
"France (FR)","08.06.2020 13:00 - 08.06.2020 14:00 (CET/CEST)","5806"
"France (FR)","08.06.2020 14:00 - 08.06.2020 15:00 (CET/CEST)","5615"
"France (FR)","08.06.2020 15:00 - 08.06.2020 16:00 (CET/CEST)","5557"
"France (FR)","08.06.2020 16:00 - 08.06.2020 17:00 (CET/CEST)","5523"
"France (FR)","08.06.2020 17:00 - 08.06.2020 18:00 (CET/CEST)","5616"
"France (FR)","08.06.2020 18:00 - 08.06.2020 19:00 (CET/CEST)","5773"
"France (FR)","08.06.2020 19:00 - 08.06.2020 20:00 (CET/CEST)","5961"
"France (FR)","08.06.2020 20:00 - 08.06.2020 21:00 (CET/CEST)","5988"
"France (FR)","08.06.2020 21:00 - 08.06.2020 22:00 (CET/CEST)","5998"
"France (FR)","08.06.2020 22:00 - 08.06.2020 23:00 (CET/CEST)","5839"
"France (FR)","08.06.2020 23:00 - 09.06.2020 00:00 (CET/CEST)","5705"
"France (FR)","09.06.2020 00:00 - 09.06.2020 01:00 (CET/CEST)","5423"
"France (FR)","09.06.2020 01:00 - 09.06.2020 02:00 (CET/CEST)","5178"
"France (FR)","09.06.2020 02:00 - 09.06.2020 03:00 (CET/CEST)","5144"
"France (FR)","09.06.2020 03:00 - 09.06.2020 04:00 (CET/CEST)","5093"
"France (FR)","09.06.2020 04:00 - 09.06.2020 05:00 (CET/CEST)","5111"
"France (FR)","09.06.2020 05:00 - 09.06.2020 06:00 (CET/CEST)","5136"
"France (FR)","09.06.2020 06:00 - 09.06.2020 07:00 (CET/CEST)","5308"
"France (FR)","09.06.2020 07:00 - 09.06.2020 08:00 (CET/CEST)","5642"
"France (FR)","09.06.2020 08:00 - 09.06.2020 09:00 (CET/CEST)","5848"
"France (FR)","09.06.2020 09:00 - 09.06.2020 10:00 (CET/CEST)","6084"
"France (FR)","09.06.2020 10:00 - 09.06.2020 11:00 (CET/CEST)","6051"
"France (FR)","09.06.2020 11:00 - 09.06.2020 12:00 (CET/CEST)","6063"
"France (FR)","09.06.2020 12:00 - 09.06.2020 13:00 (CET/CEST)","5985"
"France (FR)","09.06.2020 13:00 - 09.06.2020 14:00 (CET/CEST)","5981"
"France (FR)","09.06.2020 14:00 - 09.06.2020 15:00 (CET/CEST)","5721"
"France (FR)","09.06.2020 15:00 - 09.06.2020 16:00 (CET/CEST)","5637"
"France (FR)","09.06.2020 16:00 - 09.06.2020 17:00 (CET/CEST)","5687"
"France (FR)","09.06.2020 17:00 - 09.06.2020 18:00 (CET/CEST)","5893"
"France (FR)","09.06.2020 18:00 - 09.06.2020 19:00 (CET/CEST)","5999"
"France (FR)","09.06.2020 19:00 - 09.06.2020 20:00 (CET/CEST)","6276"
"France (FR)","09.06.2020 20:00 - 09.06.2020 21:00 (CET/CEST)","6385"
"France (FR)","09.06.2020 21:00 - 09.06.2020 22:00 (CET/CEST)","6352"
"France (FR)","09.06.2020 22:00 - 09.06.2020 23:00 (CET/CEST)","6261"
"France (FR)","09.06.2020 23:00 - 10.06.2020 00:00 (CET/CEST)","6089"
"France (FR)","10.06.2020 00:00 - 10.06.2020 01:00 (CET/CEST)","5891"
"France (FR)","10.06.2020 01:00 - 10.06.2020 02:00 (CET/CEST)","5640"
"France (FR)","10.06.2020 02:00 - 10.06.2020 03:00 (CET/CEST)","5520"
"France (FR)","10.06.2020 03:00 - 10.06.2020 04:00 (CET/CEST)","5504"
"France (FR)","10.06.2020 04:00 - 10.06.2020 05:00 (CET/CEST)","5506"
"France (FR)","10.06.2020 05:00 - 10.06.2020 06:00 (CET/CEST)","5600"
"France (FR)","10.06.2020 06:00 - 10.06.2020 07:00 (CET/CEST)","5937"
"France (FR)","10.06.2020 07:00 - 10.06.2020 08:00 (CET/CEST)","5945"
"France (FR)","10.06.2020 08:00 - 10.06.2020 09:00 (CET/CEST)","6358"
"France (FR)","10.06.2020 09:00 - 10.06.2020 10:00 (CET/CEST)","6448"
"France (FR)","10.06.2020 10:00 - 10.06.2020 11:00 (CET/CEST)","6448"
"France (FR)","10.06.2020 11:00 - 10.06.2020 12:00 (CET/CEST)","6374"
"France (FR)","10.06.2020 12:00 - 10.06.2020 13:00 (CET/CEST)","6330"
"France (FR)","10.06.2020 13:00 - 10.06.2020 14:00 (CET/CEST)","6216"
"France (FR)","10.06.2020 14:00 - 10.06.2020 15:00 (CET/CEST)","6221"
"France (FR)","10.06.2020 15:00 - 10.06.2020 16:00 (CET/CEST)","6195"
"France (FR)","10.06.2020 16:00 - 10.06.2020 17:00 (CET/CEST)","6219"
"France (FR)","10.06.2020 17:00 - 10.06.2020 18:00 (CET/CEST)","6251"
"France (FR)","10.06.2020 18:00 - 10.06.2020 19:00 (CET/CEST)","6365"
"France (FR)","10.06.2020 19:00 - 10.06.2020 20:00 (CET/CEST)","6519"
"France (FR)","10.06.2020 20:00 - 10.06.2020 21:00 (CET/CEST)","6483"
"France (FR)","10.06.2020 21:00 - 10.06.2020 22:00 (CET/CEST)","6477"
"France (FR)","10.06.2020 22:00 - 10.06.2020 23:00 (CET/CEST)","6417"
"France (FR)","10.06.2020 23:00 - 11.06.2020 00:00 (CET/CEST)","6258"
"France (FR)","11.06.2020 00:00 - 11.06.2020 01:00 (CET/CEST)","5888"
"France (FR)","11.06.2020 01:00 - 11.06.2020 02:00 (CET/CEST)","5808"
"France (FR)","11.06.2020 02:00 - 11.06.2020 03:00 (CET/CEST)","5797"
"France (FR)","11.06.2020 03:00 - 11.06.2020 04:00 (CET/CEST)","5738"
"France (FR)","11.06.2020 04:00 - 11.06.2020 05:00 (CET/CEST)","5797"
"France (FR)","11.06.2020 05:00 - 11.06.2020 06:00 (CET/CEST)","5808"
"France (FR)","11.06.2020 06:00 - 11.06.2020 07:00 (CET/CEST)","5870"
"France (FR)","11.06.2020 07:00 - 11.06.2020 08:00 (CET/CEST)","6027"
"France (FR)","11.06.2020 08:00 - 11.06.2020 09:00 (CET/CEST)","6258"
"France (FR)","11.06.2020 09:00 - 11.06.2020 10:00 (CET/CEST)","6128"
"France (FR)","11.06.2020 10:00 - 11.06.2020 11:00 (CET/CEST)","6128"
"France (FR)","11.06.2020 11:00 - 11.06.2020 12:00 (CET/CEST)","6114"
"France (FR)","11.06.2020 12:00 - 11.06.2020 13:00 (CET/CEST)","5919"
"France (FR)","11.06.2020 13:00 - 11.06.2020 14:00 (CET/CEST)","5850"
"France (FR)","11.06.2020 14:00 - 11.06.2020 15:00 (CET/CEST)","5737"
"France (FR)","11.06.2020 15:00 - 11.06.2020 16:00 (CET/CEST)","5761"
"France (FR)","11.06.2020 16:00 - 11.06.2020 17:00 (CET/CEST)","5904"
"France (FR)","11.06.2020 17:00 - 11.06.2020 18:00 (CET/CEST)","6118"
"France (FR)","11.06.2020 18:00 - 11.06.2020 19:00 (CET/CEST)","6385"
"France (FR)","11.06.2020 19:00 - 11.06.2020 20:00 (CET/CEST)","6611"
"France (FR)","11.06.2020 20:00 - 11.06.2020 21:00 (CET/CEST)","6500"
"France (FR)","11.06.2020 21:00 - 11.06.2020 22:00 (CET/CEST)","6509"
"France (FR)","11.06.2020 22:00 - 11.06.2020 23:00 (CET/CEST)","6422"
"France (FR)","11.06.2020 23:00 - 12.06.2020 00:00 (CET/CEST)","6128"
"France (FR)","12.06.2020 00:00 - 12.06.2020 01:00 (CET/CEST)","5876"
"France (FR)","12.06.2020 01:00 - 12.06.2020 02:00 (CET/CEST)","5861"
"France (FR)","12.06.2020 02:00 - 12.06.2020 03:00 (CET/CEST)","5729"
"France (FR)","12.06.2020 03:00 - 12.06.2020 04:00 (CET/CEST)","5567"
"France (FR)","12.06.2020 04:00 - 12.06.2020 05:00 (CET/CEST)","5627"
"France (FR)","12.06.2020 05:00 - 12.06.2020 06:00 (CET/CEST)","5715"
"France (FR)","12.06.2020 06:00 - 12.06.2020 07:00 (CET/CEST)","5926"
"France (FR)","12.06.2020 07:00 - 12.06.2020 08:00 (CET/CEST)","6125"
"France (FR)","12.06.2020 08:00 - 12.06.2020 09:00 (CET/CEST)","6248"
"France (FR)","12.06.2020 09:00 - 12.06.2020 10:00 (CET/CEST)","6176"
"France (FR)","12.06.2020 10:00 - 12.06.2020 11:00 (CET/CEST)","6119"
"France (FR)","12.06.2020 11:00 - 12.06.2020 12:00 (CET/CEST)","6142"
"France (FR)","12.06.2020 12:00 - 12.06.2020 13:00 (CET/CEST)","6130"
"France (FR)","12.06.2020 13:00 - 12.06.2020 14:00 (CET/CEST)","6038"
"France (FR)","12.06.2020 14:00 - 12.06.2020 15:00 (CET/CEST)","5727"
"France (FR)","12.06.2020 15:00 - 12.06.2020 16:00 (CET/CEST)","5707"
"France (FR)","12.06.2020 16:00 - 12.06.2020 17:00 (CET/CEST)","5936"
"France (FR)","12.06.2020 17:00 - 12.06.2020 18:00 (CET/CEST)","6233"
"France (FR)","12.06.2020 18:00 - 12.06.2020 19:00 (CET/CEST)","6640"
"France (FR)","12.06.2020 19:00 - 12.06.2020 20:00 (CET/CEST)","6814"
"France (FR)","12.06.2020 20:00 - 12.06.2020 21:00 (CET/CEST)","6734"
"France (FR)","12.06.2020 21:00 - 12.06.2020 22:00 (CET/CEST)","6640"
"France (FR)","12.06.2020 22:00 - 12.06.2020 23:00 (CET/CEST)","6567"
"France (FR)","12.06.2020 23:00 - 13.06.2020 00:00 (CET/CEST)","6483"
"France (FR)","13.06.2020 00:00 - 13.06.2020 01:00 (CET/CEST)","6404"
"France (FR)","13.06.2020 01:00 - 13.06.2020 02:00 (CET/CEST)","6097"
"France (FR)","13.06.2020 02:00 - 13.06.2020 03:00 (CET/CEST)","5921"
"France (FR)","13.06.2020 03:00 - 13.06.2020 04:00 (CET/CEST)","5736"
"France (FR)","13.06.2020 04:00 - 13.06.2020 05:00 (CET/CEST)","5630"
"France (FR)","13.06.2020 05:00 - 13.06.2020 06:00 (CET/CEST)","5745"
"France (FR)","13.06.2020 06:00 - 13.06.2020 07:00 (CET/CEST)","5896"
"France (FR)","13.06.2020 07:00 - 13.06.2020 08:00 (CET/CEST)","6196"
"France (FR)","13.06.2020 08:00 - 13.06.2020 09:00 (CET/CEST)","6345"
"France (FR)","13.06.2020 09:00 - 13.06.2020 10:00 (CET/CEST)","6169"
"France (FR)","13.06.2020 10:00 - 13.06.2020 11:00 (CET/CEST)","5960"
"France (FR)","13.06.2020 11:00 - 13.06.2020 12:00 (CET/CEST)","5751"
"France (FR)","13.06.2020 12:00 - 13.06.2020 13:00 (CET/CEST)","5731"
"France (FR)","13.06.2020 13:00 - 13.06.2020 14:00 (CET/CEST)","5699"
"France (FR)","13.06.2020 14:00 - 13.06.2020 15:00 (CET/CEST)","5698"
"France (FR)","13.06.2020 15:00 - 13.06.2020 16:00 (CET/CEST)","5716"
"France (FR)","13.06.2020 16:00 - 13.06.2020 17:00 (CET/CEST)","5854"
"France (FR)","13.06.2020 17:00 - 13.06.2020 18:00 (CET/CEST)","6060"
"France (FR)","13.06.2020 18:00 - 13.06.2020 19:00 (CET/CEST)","6308"
"France (FR)","13.06.2020 19:00 - 13.06.2020 20:00 (CET/CEST)","6496"
"France (FR)","13.06.2020 20:00 - 13.06.2020 21:00 (CET/CEST)","6589"
"France (FR)","13.06.2020 21:00 - 13.06.2020 22:00 (CET/CEST)","6574"
"France (FR)","13.06.2020 22:00 - 13.06.2020 23:00 (CET/CEST)","6531"
"France (FR)","13.06.2020 23:00 - 14.06.2020 00:00 (CET/CEST)","6509"
"France (FR)","14.06.2020 00:00 - 14.06.2020 01:00 (CET/CEST)","6327"
"France (FR)","14.06.2020 01:00 - 14.06.2020 02:00 (CET/CEST)","6141"
"France (FR)","14.06.2020 02:00 - 14.06.2020 03:00 (CET/CEST)","5924"
"France (FR)","14.06.2020 03:00 - 14.06.2020 04:00 (CET/CEST)","5767"
"France (FR)","14.06.2020 04:00 - 14.06.2020 05:00 (CET/CEST)","5642"
"France (FR)","14.06.2020 05:00 - 14.06.2020 06:00 (CET/CEST)","5626"
"France (FR)","14.06.2020 06:00 - 14.06.2020 07:00 (CET/CEST)","5671"
"France (FR)","14.06.2020 07:00 - 14.06.2020 08:00 (CET/CEST)","5706"
"France (FR)","14.06.2020 08:00 - 14.06.2020 09:00 (CET/CEST)","5756"
"France (FR)","14.06.2020 09:00 - 14.06.2020 10:00 (CET/CEST)","5832"
"France (FR)","14.06.2020 10:00 - 14.06.2020 11:00 (CET/CEST)","5945"
"France (FR)","14.06.2020 11:00 - 14.06.2020 12:00 (CET/CEST)","5947"
"France (FR)","14.06.2020 12:00 - 14.06.2020 13:00 (CET/CEST)","5925"
"France (FR)","14.06.2020 13:00 - 14.06.2020 14:00 (CET/CEST)","5861"
"France (FR)","14.06.2020 14:00 - 14.06.2020 15:00 (CET/CEST)","5712"
"France (FR)","14.06.2020 15:00 - 14.06.2020 16:00 (CET/CEST)","5647"
"France (FR)","14.06.2020 16:00 - 14.06.2020 17:00 (CET/CEST)","5598"
"France (FR)","14.06.2020 17:00 - 14.06.2020 18:00 (CET/CEST)","5665"
"France (FR)","14.06.2020 18:00 - 14.06.2020 19:00 (CET/CEST)","6151"
"France (FR)","14.06.2020 19:00 - 14.06.2020 20:00 (CET/CEST)","6371"
"France (FR)","14.06.2020 20:00 - 14.06.2020 21:00 (CET/CEST)","6364"
"France (FR)","14.06.2020 21:00 - 14.06.2020 22:00 (CET/CEST)","6330"
"France (FR)","14.06.2020 22:00 - 14.06.2020 23:00 (CET/CEST)","6280"
"France (FR)","14.06.2020 23:00 - 15.06.2020 00:00 (CET/CEST)","5995"
"France (FR)","15.06.2020 00:00 - 15.06.2020 01:00 (CET/CEST)","5779"
"France (FR)","15.06.2020 01:00 - 15.06.2020 02:00 (CET/CEST)","5411"
"France (FR)","15.06.2020 02:00 - 15.06.2020 03:00 (CET/CEST)","5231"
"France (FR)","15.06.2020 03:00 - 15.06.2020 04:00 (CET/CEST)","5192"
"France (FR)","15.06.2020 04:00 - 15.06.2020 05:00 (CET/CEST)","5154"
"France (FR)","15.06.2020 05:00 - 15.06.2020 06:00 (CET/CEST)","5074"
"France (FR)","15.06.2020 06:00 - 15.06.2020 07:00 (CET/CEST)","5384"
"France (FR)","15.06.2020 07:00 - 15.06.2020 08:00 (CET/CEST)","5870"
"France (FR)","15.06.2020 08:00 - 15.06.2020 09:00 (CET/CEST)","6087"
"France (FR)","15.06.2020 09:00 - 15.06.2020 10:00 (CET/CEST)","6364"
"France (FR)","15.06.2020 10:00 - 15.06.2020 11:00 (CET/CEST)","6334"
"France (FR)","15.06.2020 11:00 - 15.06.2020 12:00 (CET/CEST)","6261"
"France (FR)","15.06.2020 12:00 - 15.06.2020 13:00 (CET/CEST)","6265"
"France (FR)","15.06.2020 13:00 - 15.06.2020 14:00 (CET/CEST)","6277"
"France (FR)","15.06.2020 14:00 - 15.06.2020 15:00 (CET/CEST)","6085"
"France (FR)","15.06.2020 15:00 - 15.06.2020 16:00 (CET/CEST)","6039"
"France (FR)","15.06.2020 16:00 - 15.06.2020 17:00 (CET/CEST)","6241"
"France (FR)","15.06.2020 17:00 - 15.06.2020 18:00 (CET/CEST)","6261"
"France (FR)","15.06.2020 18:00 - 15.06.2020 19:00 (CET/CEST)","6560"
"France (FR)","15.06.2020 19:00 - 15.06.2020 20:00 (CET/CEST)","6674"
"France (FR)","15.06.2020 20:00 - 15.06.2020 21:00 (CET/CEST)","6767"
"France (FR)","15.06.2020 21:00 - 15.06.2020 22:00 (CET/CEST)","6711"
"France (FR)","15.06.2020 22:00 - 15.06.2020 23:00 (CET/CEST)","6560"
"France (FR)","15.06.2020 23:00 - 16.06.2020 00:00 (CET/CEST)","6297"
"France (FR)","16.06.2020 00:00 - 16.06.2020 01:00 (CET/CEST)","6087"
"France (FR)","16.06.2020 01:00 - 16.06.2020 02:00 (CET/CEST)","5685"
"France (FR)","16.06.2020 02:00 - 16.06.2020 03:00 (CET/CEST)","5522"
"France (FR)","16.06.2020 03:00 - 16.06.2020 04:00 (CET/CEST)","5430"
"France (FR)","16.06.2020 04:00 - 16.06.2020 05:00 (CET/CEST)","5468"
"France (FR)","16.06.2020 05:00 - 16.06.2020 06:00 (CET/CEST)","5635"
"France (FR)","16.06.2020 06:00 - 16.06.2020 07:00 (CET/CEST)","5902"
"France (FR)","16.06.2020 07:00 - 16.06.2020 08:00 (CET/CEST)","6129"
"France (FR)","16.06.2020 08:00 - 16.06.2020 09:00 (CET/CEST)","6409"
"France (FR)","16.06.2020 09:00 - 16.06.2020 10:00 (CET/CEST)","6635"
"France (FR)","16.06.2020 10:00 - 16.06.2020 11:00 (CET/CEST)","6622"
"France (FR)","16.06.2020 11:00 - 16.06.2020 12:00 (CET/CEST)","6531"
"France (FR)","16.06.2020 12:00 - 16.06.2020 13:00 (CET/CEST)","6419"
"France (FR)","16.06.2020 13:00 - 16.06.2020 14:00 (CET/CEST)","6282"
"France (FR)","16.06.2020 14:00 - 16.06.2020 15:00 (CET/CEST)","6082"
"France (FR)","16.06.2020 15:00 - 16.06.2020 16:00 (CET/CEST)","6026"
"France (FR)","16.06.2020 16:00 - 16.06.2020 17:00 (CET/CEST)","6053"
"France (FR)","16.06.2020 17:00 - 16.06.2020 18:00 (CET/CEST)","6177"
"France (FR)","16.06.2020 18:00 - 16.06.2020 19:00 (CET/CEST)","6442"
"France (FR)","16.06.2020 19:00 - 16.06.2020 20:00 (CET/CEST)","6629"
"France (FR)","16.06.2020 20:00 - 16.06.2020 21:00 (CET/CEST)","6659"
"France (FR)","16.06.2020 21:00 - 16.06.2020 22:00 (CET/CEST)","6626"
"France (FR)","16.06.2020 22:00 - 16.06.2020 23:00 (CET/CEST)","6414"
"France (FR)","16.06.2020 23:00 - 17.06.2020 00:00 (CET/CEST)","6368"
"France (FR)","17.06.2020 00:00 - 17.06.2020 01:00 (CET/CEST)","6160"
"France (FR)","17.06.2020 01:00 - 17.06.2020 02:00 (CET/CEST)","5842"
"France (FR)","17.06.2020 02:00 - 17.06.2020 03:00 (CET/CEST)","5638"
"France (FR)","17.06.2020 03:00 - 17.06.2020 04:00 (CET/CEST)","5570"
"France (FR)","17.06.2020 04:00 - 17.06.2020 05:00 (CET/CEST)","5545"
"France (FR)","17.06.2020 05:00 - 17.06.2020 06:00 (CET/CEST)","5609"
"France (FR)","17.06.2020 06:00 - 17.06.2020 07:00 (CET/CEST)","5924"
"France (FR)","17.06.2020 07:00 - 17.06.2020 08:00 (CET/CEST)","6180"
"France (FR)","17.06.2020 08:00 - 17.06.2020 09:00 (CET/CEST)","6341"
"France (FR)","17.06.2020 09:00 - 17.06.2020 10:00 (CET/CEST)","6535"
"France (FR)","17.06.2020 10:00 - 17.06.2020 11:00 (CET/CEST)","6566"
"France (FR)","17.06.2020 11:00 - 17.06.2020 12:00 (CET/CEST)","6475"
"France (FR)","17.06.2020 12:00 - 17.06.2020 13:00 (CET/CEST)","6557"
"France (FR)","17.06.2020 13:00 - 17.06.2020 14:00 (CET/CEST)","6414"
"France (FR)","17.06.2020 14:00 - 17.06.2020 15:00 (CET/CEST)","6274"
"France (FR)","17.06.2020 15:00 - 17.06.2020 16:00 (CET/CEST)","6206"
"France (FR)","17.06.2020 16:00 - 17.06.2020 17:00 (CET/CEST)","6207"
"France (FR)","17.06.2020 17:00 - 17.06.2020 18:00 (CET/CEST)","6440"
"France (FR)","17.06.2020 18:00 - 17.06.2020 19:00 (CET/CEST)","6638"
"France (FR)","17.06.2020 19:00 - 17.06.2020 20:00 (CET/CEST)","6857"
"France (FR)","17.06.2020 20:00 - 17.06.2020 21:00 (CET/CEST)","6815"
"France (FR)","17.06.2020 21:00 - 17.06.2020 22:00 (CET/CEST)","6703"
"France (FR)","17.06.2020 22:00 - 17.06.2020 23:00 (CET/CEST)","6620"
"France (FR)","17.06.2020 23:00 - 18.06.2020 00:00 (CET/CEST)","6514"
"France (FR)","18.06.2020 00:00 - 18.06.2020 01:00 (CET/CEST)","6400"
"France (FR)","18.06.2020 01:00 - 18.06.2020 02:00 (CET/CEST)","6131"
"France (FR)","18.06.2020 02:00 - 18.06.2020 03:00 (CET/CEST)","5927"
"France (FR)","18.06.2020 03:00 - 18.06.2020 04:00 (CET/CEST)","5856"
"France (FR)","18.06.2020 04:00 - 18.06.2020 05:00 (CET/CEST)","5857"
"France (FR)","18.06.2020 05:00 - 18.06.2020 06:00 (CET/CEST)","5881"
"France (FR)","18.06.2020 06:00 - 18.06.2020 07:00 (CET/CEST)","6146"
"France (FR)","18.06.2020 07:00 - 18.06.2020 08:00 (CET/CEST)","6577"
"France (FR)","18.06.2020 08:00 - 18.06.2020 09:00 (CET/CEST)","6743"
"France (FR)","18.06.2020 09:00 - 18.06.2020 10:00 (CET/CEST)","6770"
"France (FR)","18.06.2020 10:00 - 18.06.2020 11:00 (CET/CEST)","6801"
"France (FR)","18.06.2020 11:00 - 18.06.2020 12:00 (CET/CEST)","6764"
"France (FR)","18.06.2020 12:00 - 18.06.2020 13:00 (CET/CEST)","6648"
"France (FR)","18.06.2020 13:00 - 18.06.2020 14:00 (CET/CEST)","6493"
"France (FR)","18.06.2020 14:00 - 18.06.2020 15:00 (CET/CEST)","6322"
"France (FR)","18.06.2020 15:00 - 18.06.2020 16:00 (CET/CEST)","6252"
"France (FR)","18.06.2020 16:00 - 18.06.2020 17:00 (CET/CEST)","6189"
"France (FR)","18.06.2020 17:00 - 18.06.2020 18:00 (CET/CEST)","6342"
"France (FR)","18.06.2020 18:00 - 18.06.2020 19:00 (CET/CEST)","6469"
"France (FR)","18.06.2020 19:00 - 18.06.2020 20:00 (CET/CEST)","6600"
"France (FR)","18.06.2020 20:00 - 18.06.2020 21:00 (CET/CEST)","6675"
"France (FR)","18.06.2020 21:00 - 18.06.2020 22:00 (CET/CEST)","6638"
"France (FR)","18.06.2020 22:00 - 18.06.2020 23:00 (CET/CEST)","6612"
"France (FR)","18.06.2020 23:00 - 19.06.2020 00:00 (CET/CEST)","6490"
"France (FR)","19.06.2020 00:00 - 19.06.2020 01:00 (CET/CEST)","6270"
"France (FR)","19.06.2020 01:00 - 19.06.2020 02:00 (CET/CEST)","5902"
"France (FR)","19.06.2020 02:00 - 19.06.2020 03:00 (CET/CEST)","5689"
"France (FR)","19.06.2020 03:00 - 19.06.2020 04:00 (CET/CEST)","5469"
"France (FR)","19.06.2020 04:00 - 19.06.2020 05:00 (CET/CEST)","5430"
"France (FR)","19.06.2020 05:00 - 19.06.2020 06:00 (CET/CEST)","5445"
"France (FR)","19.06.2020 06:00 - 19.06.2020 07:00 (CET/CEST)","5731"
"France (FR)","19.06.2020 07:00 - 19.06.2020 08:00 (CET/CEST)","6050"
"France (FR)","19.06.2020 08:00 - 19.06.2020 09:00 (CET/CEST)","6267"
"France (FR)","19.06.2020 09:00 - 19.06.2020 10:00 (CET/CEST)","6424"
"France (FR)","19.06.2020 10:00 - 19.06.2020 11:00 (CET/CEST)","6463"
"France (FR)","19.06.2020 11:00 - 19.06.2020 12:00 (CET/CEST)","6500"
"France (FR)","19.06.2020 12:00 - 19.06.2020 13:00 (CET/CEST)","6380"
"France (FR)","19.06.2020 13:00 - 19.06.2020 14:00 (CET/CEST)","6219"
"France (FR)","19.06.2020 14:00 - 19.06.2020 15:00 (CET/CEST)","6058"
"France (FR)","19.06.2020 15:00 - 19.06.2020 16:00 (CET/CEST)","5997"
"France (FR)","19.06.2020 16:00 - 19.06.2020 17:00 (CET/CEST)","5996"
"France (FR)","19.06.2020 17:00 - 19.06.2020 18:00 (CET/CEST)","6323"
"France (FR)","19.06.2020 18:00 - 19.06.2020 19:00 (CET/CEST)","6479"
"France (FR)","19.06.2020 19:00 - 19.06.2020 20:00 (CET/CEST)","6671"
"France (FR)","19.06.2020 20:00 - 19.06.2020 21:00 (CET/CEST)","6651"
"France (FR)","19.06.2020 21:00 - 19.06.2020 22:00 (CET/CEST)","6528"
"France (FR)","19.06.2020 22:00 - 19.06.2020 23:00 (CET/CEST)","6427"
"France (FR)","19.06.2020 23:00 - 20.06.2020 00:00 (CET/CEST)","6623"
"France (FR)","20.06.2020 00:00 - 20.06.2020 01:00 (CET/CEST)","6501"
"France (FR)","20.06.2020 01:00 - 20.06.2020 02:00 (CET/CEST)","6310"
"France (FR)","20.06.2020 02:00 - 20.06.2020 03:00 (CET/CEST)","6132"
"France (FR)","20.06.2020 03:00 - 20.06.2020 04:00 (CET/CEST)","5893"
"France (FR)","20.06.2020 04:00 - 20.06.2020 05:00 (CET/CEST)","5747"
"France (FR)","20.06.2020 05:00 - 20.06.2020 06:00 (CET/CEST)","5761"
"France (FR)","20.06.2020 06:00 - 20.06.2020 07:00 (CET/CEST)","5784"
"France (FR)","20.06.2020 07:00 - 20.06.2020 08:00 (CET/CEST)","5826"
"France (FR)","20.06.2020 08:00 - 20.06.2020 09:00 (CET/CEST)","5725"
"France (FR)","20.06.2020 09:00 - 20.06.2020 10:00 (CET/CEST)","5628"
"France (FR)","20.06.2020 10:00 - 20.06.2020 11:00 (CET/CEST)","5627"
"France (FR)","20.06.2020 11:00 - 20.06.2020 12:00 (CET/CEST)","5700"
"France (FR)","20.06.2020 12:00 - 20.06.2020 13:00 (CET/CEST)","5682"
"France (FR)","20.06.2020 13:00 - 20.06.2020 14:00 (CET/CEST)","5546"
"France (FR)","20.06.2020 14:00 - 20.06.2020 15:00 (CET/CEST)","5482"
"France (FR)","20.06.2020 15:00 - 20.06.2020 16:00 (CET/CEST)","5335"
"France (FR)","20.06.2020 16:00 - 20.06.2020 17:00 (CET/CEST)","5322"
"France (FR)","20.06.2020 17:00 - 20.06.2020 18:00 (CET/CEST)","5515"
"France (FR)","20.06.2020 18:00 - 20.06.2020 19:00 (CET/CEST)","5682"
"France (FR)","20.06.2020 19:00 - 20.06.2020 20:00 (CET/CEST)","5884"
"France (FR)","20.06.2020 20:00 - 20.06.2020 21:00 (CET/CEST)","6035"
"France (FR)","20.06.2020 21:00 - 20.06.2020 22:00 (CET/CEST)","6108"
"France (FR)","20.06.2020 22:00 - 20.06.2020 23:00 (CET/CEST)","6152"
"France (FR)","20.06.2020 23:00 - 21.06.2020 00:00 (CET/CEST)","6120"
"France (FR)","21.06.2020 00:00 - 21.06.2020 01:00 (CET/CEST)","5861"
"France (FR)","21.06.2020 01:00 - 21.06.2020 02:00 (CET/CEST)","5640"
"France (FR)","21.06.2020 02:00 - 21.06.2020 03:00 (CET/CEST)","5420"
"France (FR)","21.06.2020 03:00 - 21.06.2020 04:00 (CET/CEST)","5227"
"France (FR)","21.06.2020 04:00 - 21.06.2020 05:00 (CET/CEST)","5101"
"France (FR)","21.06.2020 05:00 - 21.06.2020 06:00 (CET/CEST)","4974"
"France (FR)","21.06.2020 06:00 - 21.06.2020 07:00 (CET/CEST)","4975"
"France (FR)","21.06.2020 07:00 - 21.06.2020 08:00 (CET/CEST)","4991"
"France (FR)","21.06.2020 08:00 - 21.06.2020 09:00 (CET/CEST)","5124"
"France (FR)","21.06.2020 09:00 - 21.06.2020 10:00 (CET/CEST)","5108"
"France (FR)","21.06.2020 10:00 - 21.06.2020 11:00 (CET/CEST)","4997"
"France (FR)","21.06.2020 11:00 - 21.06.2020 12:00 (CET/CEST)","4877"
"France (FR)","21.06.2020 12:00 - 21.06.2020 13:00 (CET/CEST)","4826"
"France (FR)","21.06.2020 13:00 - 21.06.2020 14:00 (CET/CEST)","4812"
"France (FR)","21.06.2020 14:00 - 21.06.2020 15:00 (CET/CEST)","4744"
"France (FR)","21.06.2020 15:00 - 21.06.2020 16:00 (CET/CEST)","4739"
"France (FR)","21.06.2020 16:00 - 21.06.2020 17:00 (CET/CEST)","4824"
"France (FR)","21.06.2020 17:00 - 21.06.2020 18:00 (CET/CEST)","4948"
"France (FR)","21.06.2020 18:00 - 21.06.2020 19:00 (CET/CEST)","5151"
"France (FR)","21.06.2020 19:00 - 21.06.2020 20:00 (CET/CEST)","5287"
"France (FR)","21.06.2020 20:00 - 21.06.2020 21:00 (CET/CEST)","5519"
"France (FR)","21.06.2020 21:00 - 21.06.2020 22:00 (CET/CEST)","5674"
"France (FR)","21.06.2020 22:00 - 21.06.2020 23:00 (CET/CEST)","5892"
"France (FR)","21.06.2020 23:00 - 22.06.2020 00:00 (CET/CEST)","5764"
"France (FR)","22.06.2020 00:00 - 22.06.2020 01:00 (CET/CEST)","5510"
"France (FR)","22.06.2020 01:00 - 22.06.2020 02:00 (CET/CEST)","5214"
"France (FR)","22.06.2020 02:00 - 22.06.2020 03:00 (CET/CEST)","4954"
"France (FR)","22.06.2020 03:00 - 22.06.2020 04:00 (CET/CEST)","4739"
"France (FR)","22.06.2020 04:00 - 22.06.2020 05:00 (CET/CEST)","4663"
"France (FR)","22.06.2020 05:00 - 22.06.2020 06:00 (CET/CEST)","4531"
"France (FR)","22.06.2020 06:00 - 22.06.2020 07:00 (CET/CEST)","4763"
"France (FR)","22.06.2020 07:00 - 22.06.2020 08:00 (CET/CEST)","5306"
"France (FR)","22.06.2020 08:00 - 22.06.2020 09:00 (CET/CEST)","5688"
"France (FR)","22.06.2020 09:00 - 22.06.2020 10:00 (CET/CEST)","5742"
"France (FR)","22.06.2020 10:00 - 22.06.2020 11:00 (CET/CEST)","5671"
"France (FR)","22.06.2020 11:00 - 22.06.2020 12:00 (CET/CEST)","5489"
"France (FR)","22.06.2020 12:00 - 22.06.2020 13:00 (CET/CEST)","5549"
"France (FR)","22.06.2020 13:00 - 22.06.2020 14:00 (CET/CEST)","5463"
"France (FR)","22.06.2020 14:00 - 22.06.2020 15:00 (CET/CEST)","5331"
"France (FR)","22.06.2020 15:00 - 22.06.2020 16:00 (CET/CEST)","5484"
"France (FR)","22.06.2020 16:00 - 22.06.2020 17:00 (CET/CEST)","5570"
"France (FR)","22.06.2020 17:00 - 22.06.2020 18:00 (CET/CEST)","5443"
"France (FR)","22.06.2020 18:00 - 22.06.2020 19:00 (CET/CEST)","5721"
"France (FR)","22.06.2020 19:00 - 22.06.2020 20:00 (CET/CEST)","6189"
"France (FR)","22.06.2020 20:00 - 22.06.2020 21:00 (CET/CEST)","6224"
"France (FR)","22.06.2020 21:00 - 22.06.2020 22:00 (CET/CEST)","6211"
"France (FR)","22.06.2020 22:00 - 22.06.2020 23:00 (CET/CEST)","6024"
"France (FR)","22.06.2020 23:00 - 23.06.2020 00:00 (CET/CEST)","5839"
"France (FR)","23.06.2020 00:00 - 23.06.2020 01:00 (CET/CEST)","5499"
"France (FR)","23.06.2020 01:00 - 23.06.2020 02:00 (CET/CEST)","5272"
"France (FR)","23.06.2020 02:00 - 23.06.2020 03:00 (CET/CEST)","5150"
"France (FR)","23.06.2020 03:00 - 23.06.2020 04:00 (CET/CEST)","5086"
"France (FR)","23.06.2020 04:00 - 23.06.2020 05:00 (CET/CEST)","5091"
"France (FR)","23.06.2020 05:00 - 23.06.2020 06:00 (CET/CEST)","5046"
"France (FR)","23.06.2020 06:00 - 23.06.2020 07:00 (CET/CEST)","5124"
"France (FR)","23.06.2020 07:00 - 23.06.2020 08:00 (CET/CEST)","5381"
"France (FR)","23.06.2020 08:00 - 23.06.2020 09:00 (CET/CEST)","5451"
"France (FR)","23.06.2020 09:00 - 23.06.2020 10:00 (CET/CEST)","5305"
"France (FR)","23.06.2020 10:00 - 23.06.2020 11:00 (CET/CEST)","5140"
"France (FR)","23.06.2020 11:00 - 23.06.2020 12:00 (CET/CEST)","5125"
"France (FR)","23.06.2020 12:00 - 23.06.2020 13:00 (CET/CEST)","5050"
"France (FR)","23.06.2020 13:00 - 23.06.2020 14:00 (CET/CEST)","5137"
"France (FR)","23.06.2020 14:00 - 23.06.2020 15:00 (CET/CEST)","5252"
"France (FR)","23.06.2020 15:00 - 23.06.2020 16:00 (CET/CEST)","5154"
"France (FR)","23.06.2020 16:00 - 23.06.2020 17:00 (CET/CEST)","5078"
"France (FR)","23.06.2020 17:00 - 23.06.2020 18:00 (CET/CEST)","5178"
"France (FR)","23.06.2020 18:00 - 23.06.2020 19:00 (CET/CEST)","5509"
"France (FR)","23.06.2020 19:00 - 23.06.2020 20:00 (CET/CEST)","6009"
"France (FR)","23.06.2020 20:00 - 23.06.2020 21:00 (CET/CEST)","6098"
"France (FR)","23.06.2020 21:00 - 23.06.2020 22:00 (CET/CEST)","6029"
"France (FR)","23.06.2020 22:00 - 23.06.2020 23:00 (CET/CEST)","5916"
"France (FR)","23.06.2020 23:00 - 24.06.2020 00:00 (CET/CEST)","5644"
"France (FR)","24.06.2020 00:00 - 24.06.2020 01:00 (CET/CEST)","5243"
"France (FR)","24.06.2020 01:00 - 24.06.2020 02:00 (CET/CEST)","4978"
"France (FR)","24.06.2020 02:00 - 24.06.2020 03:00 (CET/CEST)","4935"
"France (FR)","24.06.2020 03:00 - 24.06.2020 04:00 (CET/CEST)","4920"
"France (FR)","24.06.2020 04:00 - 24.06.2020 05:00 (CET/CEST)","4991"
"France (FR)","24.06.2020 05:00 - 24.06.2020 06:00 (CET/CEST)","5119"
"France (FR)","24.06.2020 06:00 - 24.06.2020 07:00 (CET/CEST)","5293"
"France (FR)","24.06.2020 07:00 - 24.06.2020 08:00 (CET/CEST)","5637"
"France (FR)","24.06.2020 08:00 - 24.06.2020 09:00 (CET/CEST)","5788"
"France (FR)","24.06.2020 09:00 - 24.06.2020 10:00 (CET/CEST)","5692"
"France (FR)","24.06.2020 10:00 - 24.06.2020 11:00 (CET/CEST)","5686"
"France (FR)","24.06.2020 11:00 - 24.06.2020 12:00 (CET/CEST)","5620"
"France (FR)","24.06.2020 12:00 - 24.06.2020 13:00 (CET/CEST)","5517"
"France (FR)","24.06.2020 13:00 - 24.06.2020 14:00 (CET/CEST)","5265"
"France (FR)","24.06.2020 14:00 - 24.06.2020 15:00 (CET/CEST)","5294"
"France (FR)","24.06.2020 15:00 - 24.06.2020 16:00 (CET/CEST)","5284"
"France (FR)","24.06.2020 16:00 - 24.06.2020 17:00 (CET/CEST)","5469"
"France (FR)","24.06.2020 17:00 - 24.06.2020 18:00 (CET/CEST)","5725"
"France (FR)","24.06.2020 18:00 - 24.06.2020 19:00 (CET/CEST)","6082"
"France (FR)","24.06.2020 19:00 - 24.06.2020 20:00 (CET/CEST)","6307"
"France (FR)","24.06.2020 20:00 - 24.06.2020 21:00 (CET/CEST)","6331"
"France (FR)","24.06.2020 21:00 - 24.06.2020 22:00 (CET/CEST)","6237"
"France (FR)","24.06.2020 22:00 - 24.06.2020 23:00 (CET/CEST)","5912"
"France (FR)","24.06.2020 23:00 - 25.06.2020 00:00 (CET/CEST)","5546"
"France (FR)","25.06.2020 00:00 - 25.06.2020 01:00 (CET/CEST)","5148"
"France (FR)","25.06.2020 01:00 - 25.06.2020 02:00 (CET/CEST)","4953"
"France (FR)","25.06.2020 02:00 - 25.06.2020 03:00 (CET/CEST)","4851"
"France (FR)","25.06.2020 03:00 - 25.06.2020 04:00 (CET/CEST)","4858"
"France (FR)","25.06.2020 04:00 - 25.06.2020 05:00 (CET/CEST)","4841"
"France (FR)","25.06.2020 05:00 - 25.06.2020 06:00 (CET/CEST)","4859"
"France (FR)","25.06.2020 06:00 - 25.06.2020 07:00 (CET/CEST)","5027"
"France (FR)","25.06.2020 07:00 - 25.06.2020 08:00 (CET/CEST)","5290"
"France (FR)","25.06.2020 08:00 - 25.06.2020 09:00 (CET/CEST)","5563"
"France (FR)","25.06.2020 09:00 - 25.06.2020 10:00 (CET/CEST)","5706"
"France (FR)","25.06.2020 10:00 - 25.06.2020 11:00 (CET/CEST)","5593"
"France (FR)","25.06.2020 11:00 - 25.06.2020 12:00 (CET/CEST)","5454"
"France (FR)","25.06.2020 12:00 - 25.06.2020 13:00 (CET/CEST)","5336"
"France (FR)","25.06.2020 13:00 - 25.06.2020 14:00 (CET/CEST)","5295"
"France (FR)","25.06.2020 14:00 - 25.06.2020 15:00 (CET/CEST)","5259"
"France (FR)","25.06.2020 15:00 - 25.06.2020 16:00 (CET/CEST)","5226"
"France (FR)","25.06.2020 16:00 - 25.06.2020 17:00 (CET/CEST)","5337"
"France (FR)","25.06.2020 17:00 - 25.06.2020 18:00 (CET/CEST)","5615"
"France (FR)","25.06.2020 18:00 - 25.06.2020 19:00 (CET/CEST)","5908"
"France (FR)","25.06.2020 19:00 - 25.06.2020 20:00 (CET/CEST)","6155"
"France (FR)","25.06.2020 20:00 - 25.06.2020 21:00 (CET/CEST)","6080"
"France (FR)","25.06.2020 21:00 - 25.06.2020 22:00 (CET/CEST)","5799"
"France (FR)","25.06.2020 22:00 - 25.06.2020 23:00 (CET/CEST)","5656"
"France (FR)","25.06.2020 23:00 - 26.06.2020 00:00 (CET/CEST)","5399"
"France (FR)","26.06.2020 00:00 - 26.06.2020 01:00 (CET/CEST)","5156"
"France (FR)","26.06.2020 01:00 - 26.06.2020 02:00 (CET/CEST)","4913"
"France (FR)","26.06.2020 02:00 - 26.06.2020 03:00 (CET/CEST)","4836"
"France (FR)","26.06.2020 03:00 - 26.06.2020 04:00 (CET/CEST)","4864"
"France (FR)","26.06.2020 04:00 - 26.06.2020 05:00 (CET/CEST)","4855"
"France (FR)","26.06.2020 05:00 - 26.06.2020 06:00 (CET/CEST)","4996"
"France (FR)","26.06.2020 06:00 - 26.06.2020 07:00 (CET/CEST)","5499"
"France (FR)","26.06.2020 07:00 - 26.06.2020 08:00 (CET/CEST)","5890"
"France (FR)","26.06.2020 08:00 - 26.06.2020 09:00 (CET/CEST)","5902"
"France (FR)","26.06.2020 09:00 - 26.06.2020 10:00 (CET/CEST)","5901"
"France (FR)","26.06.2020 10:00 - 26.06.2020 11:00 (CET/CEST)","5847"
"France (FR)","26.06.2020 11:00 - 26.06.2020 12:00 (CET/CEST)","5898"
"France (FR)","26.06.2020 12:00 - 26.06.2020 13:00 (CET/CEST)","5738"
"France (FR)","26.06.2020 13:00 - 26.06.2020 14:00 (CET/CEST)","5514"
"France (FR)","26.06.2020 14:00 - 26.06.2020 15:00 (CET/CEST)","5323"
"France (FR)","26.06.2020 15:00 - 26.06.2020 16:00 (CET/CEST)","5197"
"France (FR)","26.06.2020 16:00 - 26.06.2020 17:00 (CET/CEST)","5386"
"France (FR)","26.06.2020 17:00 - 26.06.2020 18:00 (CET/CEST)","5648"
"France (FR)","26.06.2020 18:00 - 26.06.2020 19:00 (CET/CEST)","6104"
"France (FR)","26.06.2020 19:00 - 26.06.2020 20:00 (CET/CEST)","6373"
"France (FR)","26.06.2020 20:00 - 26.06.2020 21:00 (CET/CEST)","6381"
"France (FR)","26.06.2020 21:00 - 26.06.2020 22:00 (CET/CEST)","6206"
"France (FR)","26.06.2020 22:00 - 26.06.2020 23:00 (CET/CEST)","5973"
"France (FR)","26.06.2020 23:00 - 27.06.2020 00:00 (CET/CEST)","5788"
"France (FR)","27.06.2020 00:00 - 27.06.2020 01:00 (CET/CEST)","5514"
"France (FR)","27.06.2020 01:00 - 27.06.2020 02:00 (CET/CEST)","5137"
"France (FR)","27.06.2020 02:00 - 27.06.2020 03:00 (CET/CEST)","4869"
"France (FR)","27.06.2020 03:00 - 27.06.2020 04:00 (CET/CEST)","4948"
"France (FR)","27.06.2020 04:00 - 27.06.2020 05:00 (CET/CEST)","4969"
"France (FR)","27.06.2020 05:00 - 27.06.2020 06:00 (CET/CEST)","5006"
"France (FR)","27.06.2020 06:00 - 27.06.2020 07:00 (CET/CEST)","5298"
"France (FR)","27.06.2020 07:00 - 27.06.2020 08:00 (CET/CEST)","5444"
"France (FR)","27.06.2020 08:00 - 27.06.2020 09:00 (CET/CEST)","5544"
"France (FR)","27.06.2020 09:00 - 27.06.2020 10:00 (CET/CEST)","5505"
"France (FR)","27.06.2020 10:00 - 27.06.2020 11:00 (CET/CEST)","5403"
"France (FR)","27.06.2020 11:00 - 27.06.2020 12:00 (CET/CEST)","5195"
"France (FR)","27.06.2020 12:00 - 27.06.2020 13:00 (CET/CEST)","4890"
"France (FR)","27.06.2020 13:00 - 27.06.2020 14:00 (CET/CEST)","4683"
"France (FR)","27.06.2020 14:00 - 27.06.2020 15:00 (CET/CEST)","4664"
"France (FR)","27.06.2020 15:00 - 27.06.2020 16:00 (CET/CEST)","4691"
"France (FR)","27.06.2020 16:00 - 27.06.2020 17:00 (CET/CEST)","4882"
"France (FR)","27.06.2020 17:00 - 27.06.2020 18:00 (CET/CEST)","5250"
"France (FR)","27.06.2020 18:00 - 27.06.2020 19:00 (CET/CEST)","5677"
"France (FR)","27.06.2020 19:00 - 27.06.2020 20:00 (CET/CEST)","6044"
"France (FR)","27.06.2020 20:00 - 27.06.2020 21:00 (CET/CEST)","6113"
"France (FR)","27.06.2020 21:00 - 27.06.2020 22:00 (CET/CEST)","6000"
"France (FR)","27.06.2020 22:00 - 27.06.2020 23:00 (CET/CEST)","5828"
"France (FR)","27.06.2020 23:00 - 28.06.2020 00:00 (CET/CEST)","5596"
"France (FR)","28.06.2020 00:00 - 28.06.2020 01:00 (CET/CEST)","5298"
"France (FR)","28.06.2020 01:00 - 28.06.2020 02:00 (CET/CEST)","5153"
"France (FR)","28.06.2020 02:00 - 28.06.2020 03:00 (CET/CEST)","4948"
"France (FR)","28.06.2020 03:00 - 28.06.2020 04:00 (CET/CEST)","4681"
"France (FR)","28.06.2020 04:00 - 28.06.2020 05:00 (CET/CEST)","4568"
"France (FR)","28.06.2020 05:00 - 28.06.2020 06:00 (CET/CEST)","4559"
"France (FR)","28.06.2020 06:00 - 28.06.2020 07:00 (CET/CEST)","4629"
"France (FR)","28.06.2020 07:00 - 28.06.2020 08:00 (CET/CEST)","4773"
"France (FR)","28.06.2020 08:00 - 28.06.2020 09:00 (CET/CEST)","4920"
"France (FR)","28.06.2020 09:00 - 28.06.2020 10:00 (CET/CEST)","4971"
"France (FR)","28.06.2020 10:00 - 28.06.2020 11:00 (CET/CEST)","4909"
"France (FR)","28.06.2020 11:00 - 28.06.2020 12:00 (CET/CEST)","4886"
"France (FR)","28.06.2020 12:00 - 28.06.2020 13:00 (CET/CEST)","4843"
"France (FR)","28.06.2020 13:00 - 28.06.2020 14:00 (CET/CEST)","4551"
"France (FR)","28.06.2020 14:00 - 28.06.2020 15:00 (CET/CEST)","4213"
"France (FR)","28.06.2020 15:00 - 28.06.2020 16:00 (CET/CEST)","4138"
"France (FR)","28.06.2020 16:00 - 28.06.2020 17:00 (CET/CEST)","4231"
"France (FR)","28.06.2020 17:00 - 28.06.2020 18:00 (CET/CEST)","4618"
"France (FR)","28.06.2020 18:00 - 28.06.2020 19:00 (CET/CEST)","5164"
"France (FR)","28.06.2020 19:00 - 28.06.2020 20:00 (CET/CEST)","5535"
"France (FR)","28.06.2020 20:00 - 28.06.2020 21:00 (CET/CEST)","5718"
"France (FR)","28.06.2020 21:00 - 28.06.2020 22:00 (CET/CEST)","5683"
"France (FR)","28.06.2020 22:00 - 28.06.2020 23:00 (CET/CEST)","5627"
"France (FR)","28.06.2020 23:00 - 29.06.2020 00:00 (CET/CEST)","5537"
"France (FR)","29.06.2020 00:00 - 29.06.2020 01:00 (CET/CEST)","4976"
"France (FR)","29.06.2020 01:00 - 29.06.2020 02:00 (CET/CEST)","4562"
"France (FR)","29.06.2020 02:00 - 29.06.2020 03:00 (CET/CEST)","4337"
"France (FR)","29.06.2020 03:00 - 29.06.2020 04:00 (CET/CEST)","4268"
"France (FR)","29.06.2020 04:00 - 29.06.2020 05:00 (CET/CEST)","4396"
"France (FR)","29.06.2020 05:00 - 29.06.2020 06:00 (CET/CEST)","4637"
"France (FR)","29.06.2020 06:00 - 29.06.2020 07:00 (CET/CEST)","5274"
"France (FR)","29.06.2020 07:00 - 29.06.2020 08:00 (CET/CEST)","5690"
"France (FR)","29.06.2020 08:00 - 29.06.2020 09:00 (CET/CEST)","5945"
"France (FR)","29.06.2020 09:00 - 29.06.2020 10:00 (CET/CEST)","5985"
"France (FR)","29.06.2020 10:00 - 29.06.2020 11:00 (CET/CEST)","5856"
"France (FR)","29.06.2020 11:00 - 29.06.2020 12:00 (CET/CEST)","5545"
"France (FR)","29.06.2020 12:00 - 29.06.2020 13:00 (CET/CEST)","5383"
"France (FR)","29.06.2020 13:00 - 29.06.2020 14:00 (CET/CEST)","5194"
"France (FR)","29.06.2020 14:00 - 29.06.2020 15:00 (CET/CEST)","4935"
"France (FR)","29.06.2020 15:00 - 29.06.2020 16:00 (CET/CEST)","4808"
"France (FR)","29.06.2020 16:00 - 29.06.2020 17:00 (CET/CEST)","4959"
"France (FR)","29.06.2020 17:00 - 29.06.2020 18:00 (CET/CEST)","5125"
"France (FR)","29.06.2020 18:00 - 29.06.2020 19:00 (CET/CEST)","5403"
"France (FR)","29.06.2020 19:00 - 29.06.2020 20:00 (CET/CEST)","5726"
"France (FR)","29.06.2020 20:00 - 29.06.2020 21:00 (CET/CEST)","5941"
"France (FR)","29.06.2020 21:00 - 29.06.2020 22:00 (CET/CEST)","6088"
"France (FR)","29.06.2020 22:00 - 29.06.2020 23:00 (CET/CEST)","5943"
"France (FR)","29.06.2020 23:00 - 30.06.2020 00:00 (CET/CEST)","5704"
"France (FR)","30.06.2020 00:00 - 30.06.2020 01:00 (CET/CEST)","5388"
"France (FR)","30.06.2020 01:00 - 30.06.2020 02:00 (CET/CEST)","4997"
"France (FR)","30.06.2020 02:00 - 30.06.2020 03:00 (CET/CEST)","4717"
"France (FR)","30.06.2020 03:00 - 30.06.2020 04:00 (CET/CEST)","4494"
"France (FR)","30.06.2020 04:00 - 30.06.2020 05:00 (CET/CEST)","4376"
"France (FR)","30.06.2020 05:00 - 30.06.2020 06:00 (CET/CEST)","4488"
"France (FR)","30.06.2020 06:00 - 30.06.2020 07:00 (CET/CEST)","4620"
"France (FR)","30.06.2020 07:00 - 30.06.2020 08:00 (CET/CEST)","4887"
"France (FR)","30.06.2020 08:00 - 30.06.2020 09:00 (CET/CEST)","5002"
"France (FR)","30.06.2020 09:00 - 30.06.2020 10:00 (CET/CEST)","5194"
"France (FR)","30.06.2020 10:00 - 30.06.2020 11:00 (CET/CEST)","5268"
"France (FR)","30.06.2020 11:00 - 30.06.2020 12:00 (CET/CEST)","5177"
"France (FR)","30.06.2020 12:00 - 30.06.2020 13:00 (CET/CEST)","5303"
"France (FR)","30.06.2020 13:00 - 30.06.2020 14:00 (CET/CEST)","5295"
"France (FR)","30.06.2020 14:00 - 30.06.2020 15:00 (CET/CEST)","5014"
"France (FR)","30.06.2020 15:00 - 30.06.2020 16:00 (CET/CEST)","4925"
"France (FR)","30.06.2020 16:00 - 30.06.2020 17:00 (CET/CEST)","5012"
"France (FR)","30.06.2020 17:00 - 30.06.2020 18:00 (CET/CEST)","5133"
"France (FR)","30.06.2020 18:00 - 30.06.2020 19:00 (CET/CEST)","5219"
"France (FR)","30.06.2020 19:00 - 30.06.2020 20:00 (CET/CEST)","5346"
"France (FR)","30.06.2020 20:00 - 30.06.2020 21:00 (CET/CEST)","5483"
"France (FR)","30.06.2020 21:00 - 30.06.2020 22:00 (CET/CEST)","5398"
"France (FR)","30.06.2020 22:00 - 30.06.2020 23:00 (CET/CEST)","5389"
"France (FR)","30.06.2020 23:00 - 01.07.2020 00:00 (CET/CEST)","5302"
"France (FR)","01.07.2020 00:00 - 01.07.2020 01:00 (CET/CEST)","5133"
"France (FR)","01.07.2020 01:00 - 01.07.2020 02:00 (CET/CEST)","4941"
"France (FR)","01.07.2020 02:00 - 01.07.2020 03:00 (CET/CEST)","4805"
"France (FR)","01.07.2020 03:00 - 01.07.2020 04:00 (CET/CEST)","4728"
"France (FR)","01.07.2020 04:00 - 01.07.2020 05:00 (CET/CEST)","4728"
"France (FR)","01.07.2020 05:00 - 01.07.2020 06:00 (CET/CEST)","4786"
"France (FR)","01.07.2020 06:00 - 01.07.2020 07:00 (CET/CEST)","5068"
"France (FR)","01.07.2020 07:00 - 01.07.2020 08:00 (CET/CEST)","5148"
"France (FR)","01.07.2020 08:00 - 01.07.2020 09:00 (CET/CEST)","5459"
"France (FR)","01.07.2020 09:00 - 01.07.2020 10:00 (CET/CEST)","5594"
"France (FR)","01.07.2020 10:00 - 01.07.2020 11:00 (CET/CEST)","5463"
"France (FR)","01.07.2020 11:00 - 01.07.2020 12:00 (CET/CEST)","5438"
"France (FR)","01.07.2020 12:00 - 01.07.2020 13:00 (CET/CEST)","5495"
"France (FR)","01.07.2020 13:00 - 01.07.2020 14:00 (CET/CEST)","5235"
"France (FR)","01.07.2020 14:00 - 01.07.2020 15:00 (CET/CEST)","5082"
"France (FR)","01.07.2020 15:00 - 01.07.2020 16:00 (CET/CEST)","5013"
"France (FR)","01.07.2020 16:00 - 01.07.2020 17:00 (CET/CEST)","5081"
"France (FR)","01.07.2020 17:00 - 01.07.2020 18:00 (CET/CEST)","5222"
"France (FR)","01.07.2020 18:00 - 01.07.2020 19:00 (CET/CEST)","5486"
"France (FR)","01.07.2020 19:00 - 01.07.2020 20:00 (CET/CEST)","7650"
"France (FR)","01.07.2020 20:00 - 01.07.2020 21:00 (CET/CEST)","11430"
"France (FR)","01.07.2020 21:00 - 01.07.2020 22:00 (CET/CEST)","5751"
"France (FR)","01.07.2020 22:00 - 01.07.2020 23:00 (CET/CEST)","5771"
"France (FR)","01.07.2020 23:00 - 02.07.2020 00:00 (CET/CEST)","5635"
"France (FR)","02.07.2020 00:00 - 02.07.2020 01:00 (CET/CEST)","5496"
"France (FR)","02.07.2020 01:00 - 02.07.2020 02:00 (CET/CEST)","4953"
"France (FR)","02.07.2020 02:00 - 02.07.2020 03:00 (CET/CEST)","4656"
"France (FR)","02.07.2020 03:00 - 02.07.2020 04:00 (CET/CEST)","4540"
"France (FR)","02.07.2020 04:00 - 02.07.2020 05:00 (CET/CEST)","4494"
"France (FR)","02.07.2020 05:00 - 02.07.2020 06:00 (CET/CEST)","4540"
"France (FR)","02.07.2020 06:00 - 02.07.2020 07:00 (CET/CEST)","4977"
"France (FR)","02.07.2020 07:00 - 02.07.2020 08:00 (CET/CEST)","5235"
"France (FR)","02.07.2020 08:00 - 02.07.2020 09:00 (CET/CEST)","5530"
"France (FR)","02.07.2020 09:00 - 02.07.2020 10:00 (CET/CEST)","5813"
"France (FR)","02.07.2020 10:00 - 02.07.2020 11:00 (CET/CEST)","5928"
"France (FR)","02.07.2020 11:00 - 02.07.2020 12:00 (CET/CEST)","5784"
"France (FR)","02.07.2020 12:00 - 02.07.2020 13:00 (CET/CEST)","5779"
"France (FR)","02.07.2020 13:00 - 02.07.2020 14:00 (CET/CEST)","5705"
"France (FR)","02.07.2020 14:00 - 02.07.2020 15:00 (CET/CEST)","5476"
"France (FR)","02.07.2020 15:00 - 02.07.2020 16:00 (CET/CEST)","5225"
"France (FR)","02.07.2020 16:00 - 02.07.2020 17:00 (CET/CEST)","5266"
"France (FR)","02.07.2020 17:00 - 02.07.2020 18:00 (CET/CEST)","5534"
"France (FR)","02.07.2020 18:00 - 02.07.2020 19:00 (CET/CEST)","5657"
"France (FR)","02.07.2020 19:00 - 02.07.2020 20:00 (CET/CEST)","5926"
"France (FR)","02.07.2020 20:00 - 02.07.2020 21:00 (CET/CEST)","5998"
"France (FR)","02.07.2020 21:00 - 02.07.2020 22:00 (CET/CEST)","5832"
"France (FR)","02.07.2020 22:00 - 02.07.2020 23:00 (CET/CEST)","6003"
"France (FR)","02.07.2020 23:00 - 03.07.2020 00:00 (CET/CEST)","5809"
"France (FR)","03.07.2020 00:00 - 03.07.2020 01:00 (CET/CEST)","5473"
"France (FR)","03.07.2020 01:00 - 03.07.2020 02:00 (CET/CEST)","5145"
"France (FR)","03.07.2020 02:00 - 03.07.2020 03:00 (CET/CEST)","4803"
"France (FR)","03.07.2020 03:00 - 03.07.2020 04:00 (CET/CEST)","4694"
"France (FR)","03.07.2020 04:00 - 03.07.2020 05:00 (CET/CEST)","4775"
"France (FR)","03.07.2020 05:00 - 03.07.2020 06:00 (CET/CEST)","5045"
"France (FR)","03.07.2020 06:00 - 03.07.2020 07:00 (CET/CEST)","5428"
"France (FR)","03.07.2020 07:00 - 03.07.2020 08:00 (CET/CEST)","5823"
"France (FR)","03.07.2020 08:00 - 03.07.2020 09:00 (CET/CEST)","5994"
"France (FR)","03.07.2020 09:00 - 03.07.2020 10:00 (CET/CEST)","5781"
"France (FR)","03.07.2020 10:00 - 03.07.2020 11:00 (CET/CEST)","5789"
"France (FR)","03.07.2020 11:00 - 03.07.2020 12:00 (CET/CEST)","5570"
"France (FR)","03.07.2020 12:00 - 03.07.2020 13:00 (CET/CEST)","5689"
"France (FR)","03.07.2020 13:00 - 03.07.2020 14:00 (CET/CEST)","5678"
"France (FR)","03.07.2020 14:00 - 03.07.2020 15:00 (CET/CEST)","5376"
"France (FR)","03.07.2020 15:00 - 03.07.2020 16:00 (CET/CEST)","5086"
"France (FR)","03.07.2020 16:00 - 03.07.2020 17:00 (CET/CEST)","5054"
"France (FR)","03.07.2020 17:00 - 03.07.2020 18:00 (CET/CEST)","5183"
"France (FR)","03.07.2020 18:00 - 03.07.2020 19:00 (CET/CEST)","5449"
"France (FR)","03.07.2020 19:00 - 03.07.2020 20:00 (CET/CEST)","5553"
"France (FR)","03.07.2020 20:00 - 03.07.2020 21:00 (CET/CEST)","5594"
"France (FR)","03.07.2020 21:00 - 03.07.2020 22:00 (CET/CEST)","5487"
"France (FR)","03.07.2020 22:00 - 03.07.2020 23:00 (CET/CEST)","5548"
"France (FR)","03.07.2020 23:00 - 04.07.2020 00:00 (CET/CEST)","5499"
"France (FR)","04.07.2020 00:00 - 04.07.2020 01:00 (CET/CEST)","5242"
"France (FR)","04.07.2020 01:00 - 04.07.2020 02:00 (CET/CEST)","5083"
"France (FR)","04.07.2020 02:00 - 04.07.2020 03:00 (CET/CEST)","4976"
"France (FR)","04.07.2020 03:00 - 04.07.2020 04:00 (CET/CEST)","4784"
"France (FR)","04.07.2020 04:00 - 04.07.2020 05:00 (CET/CEST)","4574"
"France (FR)","04.07.2020 05:00 - 04.07.2020 06:00 (CET/CEST)","4445"
"France (FR)","04.07.2020 06:00 - 04.07.2020 07:00 (CET/CEST)","4369"
"France (FR)","04.07.2020 07:00 - 04.07.2020 08:00 (CET/CEST)","4334"
"France (FR)","04.07.2020 08:00 - 04.07.2020 09:00 (CET/CEST)","4378"
"France (FR)","04.07.2020 09:00 - 04.07.2020 10:00 (CET/CEST)","4489"
"France (FR)","04.07.2020 10:00 - 04.07.2020 11:00 (CET/CEST)","4511"
"France (FR)","04.07.2020 11:00 - 04.07.2020 12:00 (CET/CEST)","4756"
"France (FR)","04.07.2020 12:00 - 04.07.2020 13:00 (CET/CEST)","4786"
"France (FR)","04.07.2020 13:00 - 04.07.2020 14:00 (CET/CEST)","4585"
"France (FR)","04.07.2020 14:00 - 04.07.2020 15:00 (CET/CEST)","4517"
"France (FR)","04.07.2020 15:00 - 04.07.2020 16:00 (CET/CEST)","4523"
"France (FR)","04.07.2020 16:00 - 04.07.2020 17:00 (CET/CEST)","4408"
"France (FR)","04.07.2020 17:00 - 04.07.2020 18:00 (CET/CEST)","4453"
"France (FR)","04.07.2020 18:00 - 04.07.2020 19:00 (CET/CEST)","4603"
"France (FR)","04.07.2020 19:00 - 04.07.2020 20:00 (CET/CEST)","4753"
"France (FR)","04.07.2020 20:00 - 04.07.2020 21:00 (CET/CEST)","4761"
"France (FR)","04.07.2020 21:00 - 04.07.2020 22:00 (CET/CEST)","4800"
"France (FR)","04.07.2020 22:00 - 04.07.2020 23:00 (CET/CEST)","4808"
"France (FR)","04.07.2020 23:00 - 05.07.2020 00:00 (CET/CEST)","4871"
"France (FR)","05.07.2020 00:00 - 05.07.2020 01:00 (CET/CEST)","4607"
"France (FR)","05.07.2020 01:00 - 05.07.2020 02:00 (CET/CEST)","4415"
"France (FR)","05.07.2020 02:00 - 05.07.2020 03:00 (CET/CEST)","4280"
"France (FR)","05.07.2020 03:00 - 05.07.2020 04:00 (CET/CEST)","4030"
"France (FR)","05.07.2020 04:00 - 05.07.2020 05:00 (CET/CEST)","3665"
"France (FR)","05.07.2020 05:00 - 05.07.2020 06:00 (CET/CEST)","3550"
"France (FR)","05.07.2020 06:00 - 05.07.2020 07:00 (CET/CEST)","3590"
"France (FR)","05.07.2020 07:00 - 05.07.2020 08:00 (CET/CEST)","3650"
"France (FR)","05.07.2020 08:00 - 05.07.2020 09:00 (CET/CEST)","3628"
"France (FR)","05.07.2020 09:00 - 05.07.2020 10:00 (CET/CEST)","3787"
"France (FR)","05.07.2020 10:00 - 05.07.2020 11:00 (CET/CEST)","3950"
"France (FR)","05.07.2020 11:00 - 05.07.2020 12:00 (CET/CEST)","4028"
"France (FR)","05.07.2020 12:00 - 05.07.2020 13:00 (CET/CEST)","4093"
"France (FR)","05.07.2020 13:00 - 05.07.2020 14:00 (CET/CEST)","3941"
"France (FR)","05.07.2020 14:00 - 05.07.2020 15:00 (CET/CEST)","3886"
"France (FR)","05.07.2020 15:00 - 05.07.2020 16:00 (CET/CEST)","3804"
"France (FR)","05.07.2020 16:00 - 05.07.2020 17:00 (CET/CEST)","3616"
"France (FR)","05.07.2020 17:00 - 05.07.2020 18:00 (CET/CEST)","3563"
"France (FR)","05.07.2020 18:00 - 05.07.2020 19:00 (CET/CEST)","3707"
"France (FR)","05.07.2020 19:00 - 05.07.2020 20:00 (CET/CEST)","3750"
"France (FR)","05.07.2020 20:00 - 05.07.2020 21:00 (CET/CEST)","3866"
"France (FR)","05.07.2020 21:00 - 05.07.2020 22:00 (CET/CEST)","4030"
"France (FR)","05.07.2020 22:00 - 05.07.2020 23:00 (CET/CEST)","4063"
"France (FR)","05.07.2020 23:00 - 06.07.2020 00:00 (CET/CEST)","4129"
"France (FR)","06.07.2020 00:00 - 06.07.2020 01:00 (CET/CEST)","4095"
"France (FR)","06.07.2020 01:00 - 06.07.2020 02:00 (CET/CEST)","4050"
"France (FR)","06.07.2020 02:00 - 06.07.2020 03:00 (CET/CEST)","4089"
"France (FR)","06.07.2020 03:00 - 06.07.2020 04:00 (CET/CEST)","4058"
"France (FR)","06.07.2020 04:00 - 06.07.2020 05:00 (CET/CEST)","4034"
"France (FR)","06.07.2020 05:00 - 06.07.2020 06:00 (CET/CEST)","3938"
"France (FR)","06.07.2020 06:00 - 06.07.2020 07:00 (CET/CEST)","3935"
"France (FR)","06.07.2020 07:00 - 06.07.2020 08:00 (CET/CEST)","4084"
"France (FR)","06.07.2020 08:00 - 06.07.2020 09:00 (CET/CEST)","4290"
"France (FR)","06.07.2020 09:00 - 06.07.2020 10:00 (CET/CEST)","4617"
"France (FR)","06.07.2020 10:00 - 06.07.2020 11:00 (CET/CEST)","4707"
"France (FR)","06.07.2020 11:00 - 06.07.2020 12:00 (CET/CEST)","4784"
"France (FR)","06.07.2020 12:00 - 06.07.2020 13:00 (CET/CEST)","4936"
"France (FR)","06.07.2020 13:00 - 06.07.2020 14:00 (CET/CEST)","4991"
"France (FR)","06.07.2020 14:00 - 06.07.2020 15:00 (CET/CEST)","4957"
"France (FR)","06.07.2020 15:00 - 06.07.2020 16:00 (CET/CEST)","4914"
"France (FR)","06.07.2020 16:00 - 06.07.2020 17:00 (CET/CEST)","4875"
"France (FR)","06.07.2020 17:00 - 06.07.2020 18:00 (CET/CEST)","4911"
"France (FR)","06.07.2020 18:00 - 06.07.2020 19:00 (CET/CEST)","4846"
"France (FR)","06.07.2020 19:00 - 06.07.2020 20:00 (CET/CEST)","4930"
"France (FR)","06.07.2020 20:00 - 06.07.2020 21:00 (CET/CEST)","4944"
"France (FR)","06.07.2020 21:00 - 06.07.2020 22:00 (CET/CEST)","4788"
"France (FR)","06.07.2020 22:00 - 06.07.2020 23:00 (CET/CEST)","4837"
"France (FR)","06.07.2020 23:00 - 07.07.2020 00:00 (CET/CEST)","4940"
"France (FR)","07.07.2020 00:00 - 07.07.2020 01:00 (CET/CEST)","4678"
"France (FR)","07.07.2020 01:00 - 07.07.2020 02:00 (CET/CEST)","4466"
"France (FR)","07.07.2020 02:00 - 07.07.2020 03:00 (CET/CEST)","4283"
"France (FR)","07.07.2020 03:00 - 07.07.2020 04:00 (CET/CEST)","4217"
"France (FR)","07.07.2020 04:00 - 07.07.2020 05:00 (CET/CEST)","4235"
"France (FR)","07.07.2020 05:00 - 07.07.2020 06:00 (CET/CEST)","4171"
"France (FR)","07.07.2020 06:00 - 07.07.2020 07:00 (CET/CEST)","4205"
"France (FR)","07.07.2020 07:00 - 07.07.2020 08:00 (CET/CEST)","4453"
"France (FR)","07.07.2020 08:00 - 07.07.2020 09:00 (CET/CEST)","4503"
"France (FR)","07.07.2020 09:00 - 07.07.2020 10:00 (CET/CEST)","4603"
"France (FR)","07.07.2020 10:00 - 07.07.2020 11:00 (CET/CEST)","4595"
"France (FR)","07.07.2020 11:00 - 07.07.2020 12:00 (CET/CEST)","4646"
"France (FR)","07.07.2020 12:00 - 07.07.2020 13:00 (CET/CEST)","4876"
"France (FR)","07.07.2020 13:00 - 07.07.2020 14:00 (CET/CEST)","4966"
"France (FR)","07.07.2020 14:00 - 07.07.2020 15:00 (CET/CEST)","4736"
"France (FR)","07.07.2020 15:00 - 07.07.2020 16:00 (CET/CEST)","4678"
"France (FR)","07.07.2020 16:00 - 07.07.2020 17:00 (CET/CEST)","4847"
"France (FR)","07.07.2020 17:00 - 07.07.2020 18:00 (CET/CEST)","4809"
"France (FR)","07.07.2020 18:00 - 07.07.2020 19:00 (CET/CEST)","5170"
"France (FR)","07.07.2020 19:00 - 07.07.2020 20:00 (CET/CEST)","5186"
"France (FR)","07.07.2020 20:00 - 07.07.2020 21:00 (CET/CEST)","5158"
"France (FR)","07.07.2020 21:00 - 07.07.2020 22:00 (CET/CEST)","5115"
"France (FR)","07.07.2020 22:00 - 07.07.2020 23:00 (CET/CEST)","5138"
"France (FR)","07.07.2020 23:00 - 08.07.2020 00:00 (CET/CEST)","5040"
"France (FR)","08.07.2020 00:00 - 08.07.2020 01:00 (CET/CEST)","4561"
"France (FR)","08.07.2020 01:00 - 08.07.2020 02:00 (CET/CEST)","4334"
"France (FR)","08.07.2020 02:00 - 08.07.2020 03:00 (CET/CEST)","4220"
"France (FR)","08.07.2020 03:00 - 08.07.2020 04:00 (CET/CEST)","4137"
"France (FR)","08.07.2020 04:00 - 08.07.2020 05:00 (CET/CEST)","4141"
"France (FR)","08.07.2020 05:00 - 08.07.2020 06:00 (CET/CEST)","4188"
"France (FR)","08.07.2020 06:00 - 08.07.2020 07:00 (CET/CEST)","4321"
"France (FR)","08.07.2020 07:00 - 08.07.2020 08:00 (CET/CEST)","4781"
"France (FR)","08.07.2020 08:00 - 08.07.2020 09:00 (CET/CEST)","4931"
"France (FR)","08.07.2020 09:00 - 08.07.2020 10:00 (CET/CEST)","5007"
"France (FR)","08.07.2020 10:00 - 08.07.2020 11:00 (CET/CEST)","4994"
"France (FR)","08.07.2020 11:00 - 08.07.2020 12:00 (CET/CEST)","4834"
"France (FR)","08.07.2020 12:00 - 08.07.2020 13:00 (CET/CEST)","4652"
"France (FR)","08.07.2020 13:00 - 08.07.2020 14:00 (CET/CEST)","4544"
"France (FR)","08.07.2020 14:00 - 08.07.2020 15:00 (CET/CEST)","4594"
"France (FR)","08.07.2020 15:00 - 08.07.2020 16:00 (CET/CEST)","4574"
"France (FR)","08.07.2020 16:00 - 08.07.2020 17:00 (CET/CEST)","4757"
"France (FR)","08.07.2020 17:00 - 08.07.2020 18:00 (CET/CEST)","4857"
"France (FR)","08.07.2020 18:00 - 08.07.2020 19:00 (CET/CEST)","5096"
"France (FR)","08.07.2020 19:00 - 08.07.2020 20:00 (CET/CEST)","5273"
"France (FR)","08.07.2020 20:00 - 08.07.2020 21:00 (CET/CEST)","5086"
"France (FR)","08.07.2020 21:00 - 08.07.2020 22:00 (CET/CEST)","4836"
"France (FR)","08.07.2020 22:00 - 08.07.2020 23:00 (CET/CEST)","4711"
"France (FR)","08.07.2020 23:00 - 09.07.2020 00:00 (CET/CEST)","4656"
"France (FR)","09.07.2020 00:00 - 09.07.2020 01:00 (CET/CEST)","4636"
"France (FR)","09.07.2020 01:00 - 09.07.2020 02:00 (CET/CEST)","4095"
"France (FR)","09.07.2020 02:00 - 09.07.2020 03:00 (CET/CEST)","4007"
"France (FR)","09.07.2020 03:00 - 09.07.2020 04:00 (CET/CEST)","4098"
"France (FR)","09.07.2020 04:00 - 09.07.2020 05:00 (CET/CEST)","4072"
"France (FR)","09.07.2020 05:00 - 09.07.2020 06:00 (CET/CEST)","4228"
"France (FR)","09.07.2020 06:00 - 09.07.2020 07:00 (CET/CEST)","4604"
"France (FR)","09.07.2020 07:00 - 09.07.2020 08:00 (CET/CEST)","4844"
"France (FR)","09.07.2020 08:00 - 09.07.2020 09:00 (CET/CEST)","4979"
"France (FR)","09.07.2020 09:00 - 09.07.2020 10:00 (CET/CEST)","5028"
"France (FR)","09.07.2020 10:00 - 09.07.2020 11:00 (CET/CEST)","4886"
"France (FR)","09.07.2020 11:00 - 09.07.2020 12:00 (CET/CEST)","4779"
"France (FR)","09.07.2020 12:00 - 09.07.2020 13:00 (CET/CEST)","4697"
"France (FR)","09.07.2020 13:00 - 09.07.2020 14:00 (CET/CEST)","4451"
"France (FR)","09.07.2020 14:00 - 09.07.2020 15:00 (CET/CEST)","4409"
"France (FR)","09.07.2020 15:00 - 09.07.2020 16:00 (CET/CEST)","4589"
"France (FR)","09.07.2020 16:00 - 09.07.2020 17:00 (CET/CEST)","4922"
"France (FR)","09.07.2020 17:00 - 09.07.2020 18:00 (CET/CEST)","5128"
"France (FR)","09.07.2020 18:00 - 09.07.2020 19:00 (CET/CEST)","5489"
"France (FR)","09.07.2020 19:00 - 09.07.2020 20:00 (CET/CEST)","5484"
"France (FR)","09.07.2020 20:00 - 09.07.2020 21:00 (CET/CEST)","5429"
"France (FR)","09.07.2020 21:00 - 09.07.2020 22:00 (CET/CEST)","5127"
"France (FR)","09.07.2020 22:00 - 09.07.2020 23:00 (CET/CEST)","4903"
"France (FR)","09.07.2020 23:00 - 10.07.2020 00:00 (CET/CEST)","4738"
"France (FR)","10.07.2020 00:00 - 10.07.2020 01:00 (CET/CEST)","4211"
"France (FR)","10.07.2020 01:00 - 10.07.2020 02:00 (CET/CEST)","3759"
"France (FR)","10.07.2020 02:00 - 10.07.2020 03:00 (CET/CEST)","3653"
"France (FR)","10.07.2020 03:00 - 10.07.2020 04:00 (CET/CEST)","3703"
"France (FR)","10.07.2020 04:00 - 10.07.2020 05:00 (CET/CEST)","3680"
"France (FR)","10.07.2020 05:00 - 10.07.2020 06:00 (CET/CEST)","3743"
"France (FR)","10.07.2020 06:00 - 10.07.2020 07:00 (CET/CEST)","4048"
"France (FR)","10.07.2020 07:00 - 10.07.2020 08:00 (CET/CEST)","4365"
"France (FR)","10.07.2020 08:00 - 10.07.2020 09:00 (CET/CEST)","4939"
"France (FR)","10.07.2020 09:00 - 10.07.2020 10:00 (CET/CEST)","4998"
"France (FR)","10.07.2020 10:00 - 10.07.2020 11:00 (CET/CEST)","4903"
"France (FR)","10.07.2020 11:00 - 10.07.2020 12:00 (CET/CEST)","4669"
"France (FR)","10.07.2020 12:00 - 10.07.2020 13:00 (CET/CEST)","4532"
"France (FR)","10.07.2020 13:00 - 10.07.2020 14:00 (CET/CEST)","4310"
"France (FR)","10.07.2020 14:00 - 10.07.2020 15:00 (CET/CEST)","3973"
"France (FR)","10.07.2020 15:00 - 10.07.2020 16:00 (CET/CEST)","4056"
"France (FR)","10.07.2020 16:00 - 10.07.2020 17:00 (CET/CEST)","4290"
"France (FR)","10.07.2020 17:00 - 10.07.2020 18:00 (CET/CEST)","4581"
"France (FR)","10.07.2020 18:00 - 10.07.2020 19:00 (CET/CEST)","4805"
"France (FR)","10.07.2020 19:00 - 10.07.2020 20:00 (CET/CEST)","4863"
"France (FR)","10.07.2020 20:00 - 10.07.2020 21:00 (CET/CEST)","4786"
"France (FR)","10.07.2020 21:00 - 10.07.2020 22:00 (CET/CEST)","4581"
"France (FR)","10.07.2020 22:00 - 10.07.2020 23:00 (CET/CEST)","4643"
"France (FR)","10.07.2020 23:00 - 11.07.2020 00:00 (CET/CEST)","4765"
"France (FR)","11.07.2020 00:00 - 11.07.2020 01:00 (CET/CEST)","4463"
"France (FR)","11.07.2020 01:00 - 11.07.2020 02:00 (CET/CEST)","4047"
"France (FR)","11.07.2020 02:00 - 11.07.2020 03:00 (CET/CEST)","3895"
"France (FR)","11.07.2020 03:00 - 11.07.2020 04:00 (CET/CEST)","3870"
"France (FR)","11.07.2020 04:00 - 11.07.2020 05:00 (CET/CEST)","3958"
"France (FR)","11.07.2020 05:00 - 11.07.2020 06:00 (CET/CEST)","3899"
"France (FR)","11.07.2020 06:00 - 11.07.2020 07:00 (CET/CEST)","3911"
"France (FR)","11.07.2020 07:00 - 11.07.2020 08:00 (CET/CEST)","3821"
"France (FR)","11.07.2020 08:00 - 11.07.2020 09:00 (CET/CEST)","3682"
"France (FR)","11.07.2020 09:00 - 11.07.2020 10:00 (CET/CEST)","3771"
"France (FR)","11.07.2020 10:00 - 11.07.2020 11:00 (CET/CEST)","3764"
"France (FR)","11.07.2020 11:00 - 11.07.2020 12:00 (CET/CEST)","3763"
"France (FR)","11.07.2020 12:00 - 11.07.2020 13:00 (CET/CEST)","3723"
"France (FR)","11.07.2020 13:00 - 11.07.2020 14:00 (CET/CEST)","3725"
"France (FR)","11.07.2020 14:00 - 11.07.2020 15:00 (CET/CEST)","3716"
"France (FR)","11.07.2020 15:00 - 11.07.2020 16:00 (CET/CEST)","3745"
"France (FR)","11.07.2020 16:00 - 11.07.2020 17:00 (CET/CEST)","3938"
"France (FR)","11.07.2020 17:00 - 11.07.2020 18:00 (CET/CEST)","3990"
"France (FR)","11.07.2020 18:00 - 11.07.2020 19:00 (CET/CEST)","4155"
"France (FR)","11.07.2020 19:00 - 11.07.2020 20:00 (CET/CEST)","4523"
"France (FR)","11.07.2020 20:00 - 11.07.2020 21:00 (CET/CEST)","4818"
"France (FR)","11.07.2020 21:00 - 11.07.2020 22:00 (CET/CEST)","4914"
"France (FR)","11.07.2020 22:00 - 11.07.2020 23:00 (CET/CEST)","4920"
"France (FR)","11.07.2020 23:00 - 12.07.2020 00:00 (CET/CEST)","4716"
"France (FR)","12.07.2020 00:00 - 12.07.2020 01:00 (CET/CEST)","4258"
"France (FR)","12.07.2020 01:00 - 12.07.2020 02:00 (CET/CEST)","3934"
"France (FR)","12.07.2020 02:00 - 12.07.2020 03:00 (CET/CEST)","3838"
"France (FR)","12.07.2020 03:00 - 12.07.2020 04:00 (CET/CEST)","3740"
"France (FR)","12.07.2020 04:00 - 12.07.2020 05:00 (CET/CEST)","3795"
"France (FR)","12.07.2020 05:00 - 12.07.2020 06:00 (CET/CEST)","3822"
"France (FR)","12.07.2020 06:00 - 12.07.2020 07:00 (CET/CEST)","3843"
"France (FR)","12.07.2020 07:00 - 12.07.2020 08:00 (CET/CEST)","3813"
"France (FR)","12.07.2020 08:00 - 12.07.2020 09:00 (CET/CEST)","3697"
"France (FR)","12.07.2020 09:00 - 12.07.2020 10:00 (CET/CEST)","3518"
"France (FR)","12.07.2020 10:00 - 12.07.2020 11:00 (CET/CEST)","3491"
"France (FR)","12.07.2020 11:00 - 12.07.2020 12:00 (CET/CEST)","3586"
"France (FR)","12.07.2020 12:00 - 12.07.2020 13:00 (CET/CEST)","3562"
"France (FR)","12.07.2020 13:00 - 12.07.2020 14:00 (CET/CEST)","3525"
"France (FR)","12.07.2020 14:00 - 12.07.2020 15:00 (CET/CEST)","3472"
"France (FR)","12.07.2020 15:00 - 12.07.2020 16:00 (CET/CEST)","3444"
"France (FR)","12.07.2020 16:00 - 12.07.2020 17:00 (CET/CEST)","3562"
"France (FR)","12.07.2020 17:00 - 12.07.2020 18:00 (CET/CEST)","3703"
"France (FR)","12.07.2020 18:00 - 12.07.2020 19:00 (CET/CEST)","3892"
"France (FR)","12.07.2020 19:00 - 12.07.2020 20:00 (CET/CEST)","4203"
"France (FR)","12.07.2020 20:00 - 12.07.2020 21:00 (CET/CEST)","4336"
"France (FR)","12.07.2020 21:00 - 12.07.2020 22:00 (CET/CEST)","4356"
"France (FR)","12.07.2020 22:00 - 12.07.2020 23:00 (CET/CEST)","4319"
"France (FR)","12.07.2020 23:00 - 13.07.2020 00:00 (CET/CEST)","4070"
"France (FR)","13.07.2020 00:00 - 13.07.2020 01:00 (CET/CEST)","3913"
"France (FR)","13.07.2020 01:00 - 13.07.2020 02:00 (CET/CEST)","3677"
"France (FR)","13.07.2020 02:00 - 13.07.2020 03:00 (CET/CEST)","3662"
"France (FR)","13.07.2020 03:00 - 13.07.2020 04:00 (CET/CEST)","3611"
"France (FR)","13.07.2020 04:00 - 13.07.2020 05:00 (CET/CEST)","3587"
"France (FR)","13.07.2020 05:00 - 13.07.2020 06:00 (CET/CEST)","3725"
"France (FR)","13.07.2020 06:00 - 13.07.2020 07:00 (CET/CEST)","3904"
"France (FR)","13.07.2020 07:00 - 13.07.2020 08:00 (CET/CEST)","4014"
"France (FR)","13.07.2020 08:00 - 13.07.2020 09:00 (CET/CEST)","4060"
"France (FR)","13.07.2020 09:00 - 13.07.2020 10:00 (CET/CEST)","4058"
"France (FR)","13.07.2020 10:00 - 13.07.2020 11:00 (CET/CEST)","4111"
"France (FR)","13.07.2020 11:00 - 13.07.2020 12:00 (CET/CEST)","4145"
"France (FR)","13.07.2020 12:00 - 13.07.2020 13:00 (CET/CEST)","4290"
"France (FR)","13.07.2020 13:00 - 13.07.2020 14:00 (CET/CEST)","4213"
"France (FR)","13.07.2020 14:00 - 13.07.2020 15:00 (CET/CEST)","4183"
"France (FR)","13.07.2020 15:00 - 13.07.2020 16:00 (CET/CEST)","4223"
"France (FR)","13.07.2020 16:00 - 13.07.2020 17:00 (CET/CEST)","4288"
"France (FR)","13.07.2020 17:00 - 13.07.2020 18:00 (CET/CEST)","4514"
"France (FR)","13.07.2020 18:00 - 13.07.2020 19:00 (CET/CEST)","5003"
"France (FR)","13.07.2020 19:00 - 13.07.2020 20:00 (CET/CEST)","5390"
"France (FR)","13.07.2020 20:00 - 13.07.2020 21:00 (CET/CEST)","5316"
"France (FR)","13.07.2020 21:00 - 13.07.2020 22:00 (CET/CEST)","5051"
"France (FR)","13.07.2020 22:00 - 13.07.2020 23:00 (CET/CEST)","4790"
"France (FR)","13.07.2020 23:00 - 14.07.2020 00:00 (CET/CEST)","4541"
"France (FR)","14.07.2020 00:00 - 14.07.2020 01:00 (CET/CEST)","4223"
"France (FR)","14.07.2020 01:00 - 14.07.2020 02:00 (CET/CEST)","3750"
"France (FR)","14.07.2020 02:00 - 14.07.2020 03:00 (CET/CEST)","3584"
"France (FR)","14.07.2020 03:00 - 14.07.2020 04:00 (CET/CEST)","3418"
"France (FR)","14.07.2020 04:00 - 14.07.2020 05:00 (CET/CEST)","3416"
"France (FR)","14.07.2020 05:00 - 14.07.2020 06:00 (CET/CEST)","3443"
"France (FR)","14.07.2020 06:00 - 14.07.2020 07:00 (CET/CEST)","3597"
"France (FR)","14.07.2020 07:00 - 14.07.2020 08:00 (CET/CEST)","3683"
"France (FR)","14.07.2020 08:00 - 14.07.2020 09:00 (CET/CEST)","3821"
"France (FR)","14.07.2020 09:00 - 14.07.2020 10:00 (CET/CEST)","3950"
"France (FR)","14.07.2020 10:00 - 14.07.2020 11:00 (CET/CEST)","3991"
"France (FR)","14.07.2020 11:00 - 14.07.2020 12:00 (CET/CEST)","4133"
"France (FR)","14.07.2020 12:00 - 14.07.2020 13:00 (CET/CEST)","4051"
"France (FR)","14.07.2020 13:00 - 14.07.2020 14:00 (CET/CEST)","4112"
"France (FR)","14.07.2020 14:00 - 14.07.2020 15:00 (CET/CEST)","4003"
"France (FR)","14.07.2020 15:00 - 14.07.2020 16:00 (CET/CEST)","3946"
"France (FR)","14.07.2020 16:00 - 14.07.2020 17:00 (CET/CEST)","3949"
"France (FR)","14.07.2020 17:00 - 14.07.2020 18:00 (CET/CEST)","4272"
"France (FR)","14.07.2020 18:00 - 14.07.2020 19:00 (CET/CEST)","4479"
"France (FR)","14.07.2020 19:00 - 14.07.2020 20:00 (CET/CEST)","4881"
"France (FR)","14.07.2020 20:00 - 14.07.2020 21:00 (CET/CEST)","4736"
"France (FR)","14.07.2020 21:00 - 14.07.2020 22:00 (CET/CEST)","4651"
"France (FR)","14.07.2020 22:00 - 14.07.2020 23:00 (CET/CEST)","4572"
"France (FR)","14.07.2020 23:00 - 15.07.2020 00:00 (CET/CEST)","4231"
"France (FR)","15.07.2020 00:00 - 15.07.2020 01:00 (CET/CEST)","4020"
"France (FR)","15.07.2020 01:00 - 15.07.2020 02:00 (CET/CEST)","3641"
"France (FR)","15.07.2020 02:00 - 15.07.2020 03:00 (CET/CEST)","3402"
"France (FR)","15.07.2020 03:00 - 15.07.2020 04:00 (CET/CEST)","3350"
"France (FR)","15.07.2020 04:00 - 15.07.2020 05:00 (CET/CEST)","3326"
"France (FR)","15.07.2020 05:00 - 15.07.2020 06:00 (CET/CEST)","3379"
"France (FR)","15.07.2020 06:00 - 15.07.2020 07:00 (CET/CEST)","3588"
"France (FR)","15.07.2020 07:00 - 15.07.2020 08:00 (CET/CEST)","3956"
"France (FR)","15.07.2020 08:00 - 15.07.2020 09:00 (CET/CEST)","4464"
"France (FR)","15.07.2020 09:00 - 15.07.2020 10:00 (CET/CEST)","4617"
"France (FR)","15.07.2020 10:00 - 15.07.2020 11:00 (CET/CEST)","4446"
"France (FR)","15.07.2020 11:00 - 15.07.2020 12:00 (CET/CEST)","4439"
"France (FR)","15.07.2020 12:00 - 15.07.2020 13:00 (CET/CEST)","4337"
"France (FR)","15.07.2020 13:00 - 15.07.2020 14:00 (CET/CEST)","4143"
"France (FR)","15.07.2020 14:00 - 15.07.2020 15:00 (CET/CEST)","4074"
"France (FR)","15.07.2020 15:00 - 15.07.2020 16:00 (CET/CEST)","4081"
"France (FR)","15.07.2020 16:00 - 15.07.2020 17:00 (CET/CEST)","4062"
"France (FR)","15.07.2020 17:00 - 15.07.2020 18:00 (CET/CEST)","4258"
"France (FR)","15.07.2020 18:00 - 15.07.2020 19:00 (CET/CEST)","4639"
"France (FR)","15.07.2020 19:00 - 15.07.2020 20:00 (CET/CEST)","4726"
"France (FR)","15.07.2020 20:00 - 15.07.2020 21:00 (CET/CEST)","4657"
"France (FR)","15.07.2020 21:00 - 15.07.2020 22:00 (CET/CEST)","4567"
"France (FR)","15.07.2020 22:00 - 15.07.2020 23:00 (CET/CEST)","4459"
"France (FR)","15.07.2020 23:00 - 16.07.2020 00:00 (CET/CEST)","4294"
"France (FR)","16.07.2020 00:00 - 16.07.2020 01:00 (CET/CEST)","4096"
"France (FR)","16.07.2020 01:00 - 16.07.2020 02:00 (CET/CEST)","3779"
"France (FR)","16.07.2020 02:00 - 16.07.2020 03:00 (CET/CEST)","3363"
"France (FR)","16.07.2020 03:00 - 16.07.2020 04:00 (CET/CEST)","3232"
"France (FR)","16.07.2020 04:00 - 16.07.2020 05:00 (CET/CEST)","3175"
"France (FR)","16.07.2020 05:00 - 16.07.2020 06:00 (CET/CEST)","3136"
"France (FR)","16.07.2020 06:00 - 16.07.2020 07:00 (CET/CEST)","3279"
"France (FR)","16.07.2020 07:00 - 16.07.2020 08:00 (CET/CEST)","3580"
"France (FR)","16.07.2020 08:00 - 16.07.2020 09:00 (CET/CEST)","4082"
"France (FR)","16.07.2020 09:00 - 16.07.2020 10:00 (CET/CEST)","4174"
"France (FR)","16.07.2020 10:00 - 16.07.2020 11:00 (CET/CEST)","4359"
"France (FR)","16.07.2020 11:00 - 16.07.2020 12:00 (CET/CEST)","4326"
"France (FR)","16.07.2020 12:00 - 16.07.2020 13:00 (CET/CEST)","4276"
"France (FR)","16.07.2020 13:00 - 16.07.2020 14:00 (CET/CEST)","4116"
"France (FR)","16.07.2020 14:00 - 16.07.2020 15:00 (CET/CEST)","4046"
"France (FR)","16.07.2020 15:00 - 16.07.2020 16:00 (CET/CEST)","4025"
"France (FR)","16.07.2020 16:00 - 16.07.2020 17:00 (CET/CEST)","4101"
"France (FR)","16.07.2020 17:00 - 16.07.2020 18:00 (CET/CEST)","4363"
"France (FR)","16.07.2020 18:00 - 16.07.2020 19:00 (CET/CEST)","4599"
"France (FR)","16.07.2020 19:00 - 16.07.2020 20:00 (CET/CEST)","4801"
"France (FR)","16.07.2020 20:00 - 16.07.2020 21:00 (CET/CEST)","4785"
"France (FR)","16.07.2020 21:00 - 16.07.2020 22:00 (CET/CEST)","4702"
"France (FR)","16.07.2020 22:00 - 16.07.2020 23:00 (CET/CEST)","4555"
"France (FR)","16.07.2020 23:00 - 17.07.2020 00:00 (CET/CEST)","4172"
"France (FR)","17.07.2020 00:00 - 17.07.2020 01:00 (CET/CEST)","3794"
"France (FR)","17.07.2020 01:00 - 17.07.2020 02:00 (CET/CEST)","3628"
"France (FR)","17.07.2020 02:00 - 17.07.2020 03:00 (CET/CEST)","3502"
"France (FR)","17.07.2020 03:00 - 17.07.2020 04:00 (CET/CEST)","3311"
"France (FR)","17.07.2020 04:00 - 17.07.2020 05:00 (CET/CEST)","3267"
"France (FR)","17.07.2020 05:00 - 17.07.2020 06:00 (CET/CEST)","3302"
"France (FR)","17.07.2020 06:00 - 17.07.2020 07:00 (CET/CEST)","3408"
"France (FR)","17.07.2020 07:00 - 17.07.2020 08:00 (CET/CEST)","3708"
"France (FR)","17.07.2020 08:00 - 17.07.2020 09:00 (CET/CEST)","4174"
"France (FR)","17.07.2020 09:00 - 17.07.2020 10:00 (CET/CEST)","4426"
"France (FR)","17.07.2020 10:00 - 17.07.2020 11:00 (CET/CEST)","4454"
"France (FR)","17.07.2020 11:00 - 17.07.2020 12:00 (CET/CEST)","4411"
"France (FR)","17.07.2020 12:00 - 17.07.2020 13:00 (CET/CEST)","4233"
"France (FR)","17.07.2020 13:00 - 17.07.2020 14:00 (CET/CEST)","4132"
"France (FR)","17.07.2020 14:00 - 17.07.2020 15:00 (CET/CEST)","4038"
"France (FR)","17.07.2020 15:00 - 17.07.2020 16:00 (CET/CEST)","4014"
"France (FR)","17.07.2020 16:00 - 17.07.2020 17:00 (CET/CEST)","3917"
"France (FR)","17.07.2020 17:00 - 17.07.2020 18:00 (CET/CEST)","4217"
"France (FR)","17.07.2020 18:00 - 17.07.2020 19:00 (CET/CEST)","4421"
"France (FR)","17.07.2020 19:00 - 17.07.2020 20:00 (CET/CEST)","4692"
"France (FR)","17.07.2020 20:00 - 17.07.2020 21:00 (CET/CEST)","4786"
"France (FR)","17.07.2020 21:00 - 17.07.2020 22:00 (CET/CEST)","4803"
"France (FR)","17.07.2020 22:00 - 17.07.2020 23:00 (CET/CEST)","4810"
"France (FR)","17.07.2020 23:00 - 18.07.2020 00:00 (CET/CEST)","4674"
"France (FR)","18.07.2020 00:00 - 18.07.2020 01:00 (CET/CEST)","4205"
"France (FR)","18.07.2020 01:00 - 18.07.2020 02:00 (CET/CEST)","3826"
"France (FR)","18.07.2020 02:00 - 18.07.2020 03:00 (CET/CEST)","3584"
"France (FR)","18.07.2020 03:00 - 18.07.2020 04:00 (CET/CEST)","3381"
"France (FR)","18.07.2020 04:00 - 18.07.2020 05:00 (CET/CEST)","3328"
"France (FR)","18.07.2020 05:00 - 18.07.2020 06:00 (CET/CEST)","3374"
"France (FR)","18.07.2020 06:00 - 18.07.2020 07:00 (CET/CEST)","3509"
"France (FR)","18.07.2020 07:00 - 18.07.2020 08:00 (CET/CEST)","3515"
"France (FR)","18.07.2020 08:00 - 18.07.2020 09:00 (CET/CEST)","3453"
"France (FR)","18.07.2020 09:00 - 18.07.2020 10:00 (CET/CEST)","3326"
"France (FR)","18.07.2020 10:00 - 18.07.2020 11:00 (CET/CEST)","3367"
"France (FR)","18.07.2020 11:00 - 18.07.2020 12:00 (CET/CEST)","3354"
"France (FR)","18.07.2020 12:00 - 18.07.2020 13:00 (CET/CEST)","3165"
"France (FR)","18.07.2020 13:00 - 18.07.2020 14:00 (CET/CEST)","3107"
"France (FR)","18.07.2020 14:00 - 18.07.2020 15:00 (CET/CEST)","2931"
"France (FR)","18.07.2020 15:00 - 18.07.2020 16:00 (CET/CEST)","2881"
"France (FR)","18.07.2020 16:00 - 18.07.2020 17:00 (CET/CEST)","2926"
"France (FR)","18.07.2020 17:00 - 18.07.2020 18:00 (CET/CEST)","3045"
"France (FR)","18.07.2020 18:00 - 18.07.2020 19:00 (CET/CEST)","3331"
"France (FR)","18.07.2020 19:00 - 18.07.2020 20:00 (CET/CEST)","3274"
"France (FR)","18.07.2020 20:00 - 18.07.2020 21:00 (CET/CEST)","3381"
"France (FR)","18.07.2020 21:00 - 18.07.2020 22:00 (CET/CEST)","3633"
"France (FR)","18.07.2020 22:00 - 18.07.2020 23:00 (CET/CEST)","3510"
"France (FR)","18.07.2020 23:00 - 19.07.2020 00:00 (CET/CEST)","3620"
"France (FR)","19.07.2020 00:00 - 19.07.2020 01:00 (CET/CEST)","3415"
"France (FR)","19.07.2020 01:00 - 19.07.2020 02:00 (CET/CEST)","3276"
"France (FR)","19.07.2020 02:00 - 19.07.2020 03:00 (CET/CEST)","3122"
"France (FR)","19.07.2020 03:00 - 19.07.2020 04:00 (CET/CEST)","2937"
"France (FR)","19.07.2020 04:00 - 19.07.2020 05:00 (CET/CEST)","2786"
"France (FR)","19.07.2020 05:00 - 19.07.2020 06:00 (CET/CEST)","2777"
"France (FR)","19.07.2020 06:00 - 19.07.2020 07:00 (CET/CEST)","2927"
"France (FR)","19.07.2020 07:00 - 19.07.2020 08:00 (CET/CEST)","2905"
"France (FR)","19.07.2020 08:00 - 19.07.2020 09:00 (CET/CEST)","2974"
"France (FR)","19.07.2020 09:00 - 19.07.2020 10:00 (CET/CEST)","2981"
"France (FR)","19.07.2020 10:00 - 19.07.2020 11:00 (CET/CEST)","2992"
"France (FR)","19.07.2020 11:00 - 19.07.2020 12:00 (CET/CEST)","3070"
"France (FR)","19.07.2020 12:00 - 19.07.2020 13:00 (CET/CEST)","3012"
"France (FR)","19.07.2020 13:00 - 19.07.2020 14:00 (CET/CEST)","2976"
"France (FR)","19.07.2020 14:00 - 19.07.2020 15:00 (CET/CEST)","2799"
"France (FR)","19.07.2020 15:00 - 19.07.2020 16:00 (CET/CEST)","2725"
"France (FR)","19.07.2020 16:00 - 19.07.2020 17:00 (CET/CEST)","2673"
"France (FR)","19.07.2020 17:00 - 19.07.2020 18:00 (CET/CEST)","2813"
"France (FR)","19.07.2020 18:00 - 19.07.2020 19:00 (CET/CEST)","3084"
"France (FR)","19.07.2020 19:00 - 19.07.2020 20:00 (CET/CEST)","3361"
"France (FR)","19.07.2020 20:00 - 19.07.2020 21:00 (CET/CEST)","3329"
"France (FR)","19.07.2020 21:00 - 19.07.2020 22:00 (CET/CEST)","3411"
"France (FR)","19.07.2020 22:00 - 19.07.2020 23:00 (CET/CEST)","3469"
"France (FR)","19.07.2020 23:00 - 20.07.2020 00:00 (CET/CEST)","3365"
"France (FR)","20.07.2020 00:00 - 20.07.2020 01:00 (CET/CEST)","3220"
"France (FR)","20.07.2020 01:00 - 20.07.2020 02:00 (CET/CEST)","3093"
"France (FR)","20.07.2020 02:00 - 20.07.2020 03:00 (CET/CEST)","3188"
"France (FR)","20.07.2020 03:00 - 20.07.2020 04:00 (CET/CEST)","3069"
"France (FR)","20.07.2020 04:00 - 20.07.2020 05:00 (CET/CEST)","2972"
"France (FR)","20.07.2020 05:00 - 20.07.2020 06:00 (CET/CEST)","2869"
"France (FR)","20.07.2020 06:00 - 20.07.2020 07:00 (CET/CEST)","3036"
"France (FR)","20.07.2020 07:00 - 20.07.2020 08:00 (CET/CEST)","3413"
"France (FR)","20.07.2020 08:00 - 20.07.2020 09:00 (CET/CEST)","3822"
"France (FR)","20.07.2020 09:00 - 20.07.2020 10:00 (CET/CEST)","4029"
"France (FR)","20.07.2020 10:00 - 20.07.2020 11:00 (CET/CEST)","3929"
"France (FR)","20.07.2020 11:00 - 20.07.2020 12:00 (CET/CEST)","4059"
"France (FR)","20.07.2020 12:00 - 20.07.2020 13:00 (CET/CEST)","4066"
"France (FR)","20.07.2020 13:00 - 20.07.2020 14:00 (CET/CEST)","3994"
"France (FR)","20.07.2020 14:00 - 20.07.2020 15:00 (CET/CEST)","3870"
"France (FR)","20.07.2020 15:00 - 20.07.2020 16:00 (CET/CEST)","3823"
"France (FR)","20.07.2020 16:00 - 20.07.2020 17:00 (CET/CEST)","3770"
"France (FR)","20.07.2020 17:00 - 20.07.2020 18:00 (CET/CEST)","3869"
"France (FR)","20.07.2020 18:00 - 20.07.2020 19:00 (CET/CEST)","3978"
"France (FR)","20.07.2020 19:00 - 20.07.2020 20:00 (CET/CEST)","4269"
"France (FR)","20.07.2020 20:00 - 20.07.2020 21:00 (CET/CEST)","4342"
"France (FR)","20.07.2020 21:00 - 20.07.2020 22:00 (CET/CEST)","4196"
"France (FR)","20.07.2020 22:00 - 20.07.2020 23:00 (CET/CEST)","3928"
"France (FR)","20.07.2020 23:00 - 21.07.2020 00:00 (CET/CEST)","3798"
"France (FR)","21.07.2020 00:00 - 21.07.2020 01:00 (CET/CEST)","3700"
"France (FR)","21.07.2020 01:00 - 21.07.2020 02:00 (CET/CEST)","3362"
"France (FR)","21.07.2020 02:00 - 21.07.2020 03:00 (CET/CEST)","3208"
"France (FR)","21.07.2020 03:00 - 21.07.2020 04:00 (CET/CEST)","3209"
"France (FR)","21.07.2020 04:00 - 21.07.2020 05:00 (CET/CEST)","3136"
"France (FR)","21.07.2020 05:00 - 21.07.2020 06:00 (CET/CEST)","3079"
"France (FR)","21.07.2020 06:00 - 21.07.2020 07:00 (CET/CEST)","3118"
"France (FR)","21.07.2020 07:00 - 21.07.2020 08:00 (CET/CEST)","3432"
"France (FR)","21.07.2020 08:00 - 21.07.2020 09:00 (CET/CEST)","3572"
"France (FR)","21.07.2020 09:00 - 21.07.2020 10:00 (CET/CEST)","3783"
"France (FR)","21.07.2020 10:00 - 21.07.2020 11:00 (CET/CEST)","3837"
"France (FR)","21.07.2020 11:00 - 21.07.2020 12:00 (CET/CEST)","3850"
"France (FR)","21.07.2020 12:00 - 21.07.2020 13:00 (CET/CEST)","4016"
"France (FR)","21.07.2020 13:00 - 21.07.2020 14:00 (CET/CEST)","3939"
"France (FR)","21.07.2020 14:00 - 21.07.2020 15:00 (CET/CEST)","3794"
"France (FR)","21.07.2020 15:00 - 21.07.2020 16:00 (CET/CEST)","3493"
"France (FR)","21.07.2020 16:00 - 21.07.2020 17:00 (CET/CEST)","3536"
"France (FR)","21.07.2020 17:00 - 21.07.2020 18:00 (CET/CEST)","3596"
"France (FR)","21.07.2020 18:00 - 21.07.2020 19:00 (CET/CEST)","3864"
"France (FR)","21.07.2020 19:00 - 21.07.2020 20:00 (CET/CEST)","4225"
"France (FR)","21.07.2020 20:00 - 21.07.2020 21:00 (CET/CEST)","4281"
"France (FR)","21.07.2020 21:00 - 21.07.2020 22:00 (CET/CEST)","4110"
"France (FR)","21.07.2020 22:00 - 21.07.2020 23:00 (CET/CEST)","3983"
"France (FR)","21.07.2020 23:00 - 22.07.2020 00:00 (CET/CEST)","3852"
"France (FR)","22.07.2020 00:00 - 22.07.2020 01:00 (CET/CEST)","3645"
"France (FR)","22.07.2020 01:00 - 22.07.2020 02:00 (CET/CEST)","3382"
"France (FR)","22.07.2020 02:00 - 22.07.2020 03:00 (CET/CEST)","3336"
"France (FR)","22.07.2020 03:00 - 22.07.2020 04:00 (CET/CEST)","3305"
"France (FR)","22.07.2020 04:00 - 22.07.2020 05:00 (CET/CEST)","3223"
"France (FR)","22.07.2020 05:00 - 22.07.2020 06:00 (CET/CEST)","3032"
"France (FR)","22.07.2020 06:00 - 22.07.2020 07:00 (CET/CEST)","3120"
"France (FR)","22.07.2020 07:00 - 22.07.2020 08:00 (CET/CEST)","3365"
"France (FR)","22.07.2020 08:00 - 22.07.2020 09:00 (CET/CEST)","3731"
"France (FR)","22.07.2020 09:00 - 22.07.2020 10:00 (CET/CEST)","4070"
"France (FR)","22.07.2020 10:00 - 22.07.2020 11:00 (CET/CEST)","4075"
"France (FR)","22.07.2020 11:00 - 22.07.2020 12:00 (CET/CEST)","4022"
"France (FR)","22.07.2020 12:00 - 22.07.2020 13:00 (CET/CEST)","4034"
"France (FR)","22.07.2020 13:00 - 22.07.2020 14:00 (CET/CEST)","4166"
"France (FR)","22.07.2020 14:00 - 22.07.2020 15:00 (CET/CEST)","4168"
"France (FR)","22.07.2020 15:00 - 22.07.2020 16:00 (CET/CEST)","4121"
"France (FR)","22.07.2020 16:00 - 22.07.2020 17:00 (CET/CEST)","4262"
"France (FR)","22.07.2020 17:00 - 22.07.2020 18:00 (CET/CEST)","4393"
"France (FR)","22.07.2020 18:00 - 22.07.2020 19:00 (CET/CEST)","4440"
"France (FR)","22.07.2020 19:00 - 22.07.2020 20:00 (CET/CEST)","4740"
"France (FR)","22.07.2020 20:00 - 22.07.2020 21:00 (CET/CEST)","4721"
"France (FR)","22.07.2020 21:00 - 22.07.2020 22:00 (CET/CEST)","4492"
"France (FR)","22.07.2020 22:00 - 22.07.2020 23:00 (CET/CEST)","4373"
"France (FR)","22.07.2020 23:00 - 23.07.2020 00:00 (CET/CEST)","4057"
"France (FR)","23.07.2020 00:00 - 23.07.2020 01:00 (CET/CEST)","3730"
"France (FR)","23.07.2020 01:00 - 23.07.2020 02:00 (CET/CEST)","3647"
"France (FR)","23.07.2020 02:00 - 23.07.2020 03:00 (CET/CEST)","3513"
"France (FR)","23.07.2020 03:00 - 23.07.2020 04:00 (CET/CEST)","3379"
"France (FR)","23.07.2020 04:00 - 23.07.2020 05:00 (CET/CEST)","3343"
"France (FR)","23.07.2020 05:00 - 23.07.2020 06:00 (CET/CEST)","3367"
"France (FR)","23.07.2020 06:00 - 23.07.2020 07:00 (CET/CEST)","3498"
"France (FR)","23.07.2020 07:00 - 23.07.2020 08:00 (CET/CEST)","3736"
"France (FR)","23.07.2020 08:00 - 23.07.2020 09:00 (CET/CEST)","3925"
"France (FR)","23.07.2020 09:00 - 23.07.2020 10:00 (CET/CEST)","4191"
"France (FR)","23.07.2020 10:00 - 23.07.2020 11:00 (CET/CEST)","4288"
"France (FR)","23.07.2020 11:00 - 23.07.2020 12:00 (CET/CEST)","4249"
"France (FR)","23.07.2020 12:00 - 23.07.2020 13:00 (CET/CEST)","4114"
"France (FR)","23.07.2020 13:00 - 23.07.2020 14:00 (CET/CEST)","4157"
"France (FR)","23.07.2020 14:00 - 23.07.2020 15:00 (CET/CEST)","4161"
"France (FR)","23.07.2020 15:00 - 23.07.2020 16:00 (CET/CEST)","4012"
"France (FR)","23.07.2020 16:00 - 23.07.2020 17:00 (CET/CEST)","4051"
"France (FR)","23.07.2020 17:00 - 23.07.2020 18:00 (CET/CEST)","4209"
"France (FR)","23.07.2020 18:00 - 23.07.2020 19:00 (CET/CEST)","4472"
"France (FR)","23.07.2020 19:00 - 23.07.2020 20:00 (CET/CEST)","4659"
"France (FR)","23.07.2020 20:00 - 23.07.2020 21:00 (CET/CEST)","4730"
"France (FR)","23.07.2020 21:00 - 23.07.2020 22:00 (CET/CEST)","4635"
"France (FR)","23.07.2020 22:00 - 23.07.2020 23:00 (CET/CEST)","4521"
"France (FR)","23.07.2020 23:00 - 24.07.2020 00:00 (CET/CEST)","4218"
"France (FR)","24.07.2020 00:00 - 24.07.2020 01:00 (CET/CEST)","3882"
"France (FR)","24.07.2020 01:00 - 24.07.2020 02:00 (CET/CEST)","3639"
"France (FR)","24.07.2020 02:00 - 24.07.2020 03:00 (CET/CEST)","3609"
"France (FR)","24.07.2020 03:00 - 24.07.2020 04:00 (CET/CEST)","3608"
"France (FR)","24.07.2020 04:00 - 24.07.2020 05:00 (CET/CEST)","3632"
"France (FR)","24.07.2020 05:00 - 24.07.2020 06:00 (CET/CEST)","3561"
"France (FR)","24.07.2020 06:00 - 24.07.2020 07:00 (CET/CEST)","3756"
"France (FR)","24.07.2020 07:00 - 24.07.2020 08:00 (CET/CEST)","4114"
"France (FR)","24.07.2020 08:00 - 24.07.2020 09:00 (CET/CEST)","4283"
"France (FR)","24.07.2020 09:00 - 24.07.2020 10:00 (CET/CEST)","4504"
"France (FR)","24.07.2020 10:00 - 24.07.2020 11:00 (CET/CEST)","4714"
"France (FR)","24.07.2020 11:00 - 24.07.2020 12:00 (CET/CEST)","4644"
"France (FR)","24.07.2020 12:00 - 24.07.2020 13:00 (CET/CEST)","4607"
"France (FR)","24.07.2020 13:00 - 24.07.2020 14:00 (CET/CEST)","4386"
"France (FR)","24.07.2020 14:00 - 24.07.2020 15:00 (CET/CEST)","4251"
"France (FR)","24.07.2020 15:00 - 24.07.2020 16:00 (CET/CEST)","4127"
"France (FR)","24.07.2020 16:00 - 24.07.2020 17:00 (CET/CEST)","4163"
"France (FR)","24.07.2020 17:00 - 24.07.2020 18:00 (CET/CEST)","4375"
"France (FR)","24.07.2020 18:00 - 24.07.2020 19:00 (CET/CEST)","4596"
"France (FR)","24.07.2020 19:00 - 24.07.2020 20:00 (CET/CEST)","4629"
"France (FR)","24.07.2020 20:00 - 24.07.2020 21:00 (CET/CEST)","4636"
"France (FR)","24.07.2020 21:00 - 24.07.2020 22:00 (CET/CEST)","4666"
"France (FR)","24.07.2020 22:00 - 24.07.2020 23:00 (CET/CEST)","4577"
"France (FR)","24.07.2020 23:00 - 25.07.2020 00:00 (CET/CEST)","4366"
"France (FR)","25.07.2020 00:00 - 25.07.2020 01:00 (CET/CEST)","4048"
"France (FR)","25.07.2020 01:00 - 25.07.2020 02:00 (CET/CEST)","3870"
"France (FR)","25.07.2020 02:00 - 25.07.2020 03:00 (CET/CEST)","3839"
"France (FR)","25.07.2020 03:00 - 25.07.2020 04:00 (CET/CEST)","3627"
"France (FR)","25.07.2020 04:00 - 25.07.2020 05:00 (CET/CEST)","3518"
"France (FR)","25.07.2020 05:00 - 25.07.2020 06:00 (CET/CEST)","3412"
"France (FR)","25.07.2020 06:00 - 25.07.2020 07:00 (CET/CEST)","3399"
"France (FR)","25.07.2020 07:00 - 25.07.2020 08:00 (CET/CEST)","3360"
"France (FR)","25.07.2020 08:00 - 25.07.2020 09:00 (CET/CEST)","3451"
"France (FR)","25.07.2020 09:00 - 25.07.2020 10:00 (CET/CEST)","3491"
"France (FR)","25.07.2020 10:00 - 25.07.2020 11:00 (CET/CEST)","3473"
"France (FR)","25.07.2020 11:00 - 25.07.2020 12:00 (CET/CEST)","3536"
"France (FR)","25.07.2020 12:00 - 25.07.2020 13:00 (CET/CEST)","3423"
"France (FR)","25.07.2020 13:00 - 25.07.2020 14:00 (CET/CEST)","3231"
"France (FR)","25.07.2020 14:00 - 25.07.2020 15:00 (CET/CEST)","3187"
"France (FR)","25.07.2020 15:00 - 25.07.2020 16:00 (CET/CEST)","3225"
"France (FR)","25.07.2020 16:00 - 25.07.2020 17:00 (CET/CEST)","3231"
"France (FR)","25.07.2020 17:00 - 25.07.2020 18:00 (CET/CEST)","3483"
"France (FR)","25.07.2020 18:00 - 25.07.2020 19:00 (CET/CEST)","3769"
"France (FR)","25.07.2020 19:00 - 25.07.2020 20:00 (CET/CEST)","4131"
"France (FR)","25.07.2020 20:00 - 25.07.2020 21:00 (CET/CEST)","4243"
"France (FR)","25.07.2020 21:00 - 25.07.2020 22:00 (CET/CEST)","4229"
"France (FR)","25.07.2020 22:00 - 25.07.2020 23:00 (CET/CEST)","3966"
"France (FR)","25.07.2020 23:00 - 26.07.2020 00:00 (CET/CEST)","3757"
"France (FR)","26.07.2020 00:00 - 26.07.2020 01:00 (CET/CEST)","3448"
"France (FR)","26.07.2020 01:00 - 26.07.2020 02:00 (CET/CEST)","3060"
"France (FR)","26.07.2020 02:00 - 26.07.2020 03:00 (CET/CEST)","2936"
"France (FR)","26.07.2020 03:00 - 26.07.2020 04:00 (CET/CEST)","3009"
"France (FR)","26.07.2020 04:00 - 26.07.2020 05:00 (CET/CEST)","2974"
"France (FR)","26.07.2020 05:00 - 26.07.2020 06:00 (CET/CEST)","2957"
"France (FR)","26.07.2020 06:00 - 26.07.2020 07:00 (CET/CEST)","3021"
"France (FR)","26.07.2020 07:00 - 26.07.2020 08:00 (CET/CEST)","3141"
"France (FR)","26.07.2020 08:00 - 26.07.2020 09:00 (CET/CEST)","3062"
"France (FR)","26.07.2020 09:00 - 26.07.2020 10:00 (CET/CEST)","2999"
"France (FR)","26.07.2020 10:00 - 26.07.2020 11:00 (CET/CEST)","3089"
"France (FR)","26.07.2020 11:00 - 26.07.2020 12:00 (CET/CEST)","3058"
"France (FR)","26.07.2020 12:00 - 26.07.2020 13:00 (CET/CEST)","3068"
"France (FR)","26.07.2020 13:00 - 26.07.2020 14:00 (CET/CEST)","2821"
"France (FR)","26.07.2020 14:00 - 26.07.2020 15:00 (CET/CEST)","2689"
"France (FR)","26.07.2020 15:00 - 26.07.2020 16:00 (CET/CEST)","2708"
"France (FR)","26.07.2020 16:00 - 26.07.2020 17:00 (CET/CEST)","3010"
"France (FR)","26.07.2020 17:00 - 26.07.2020 18:00 (CET/CEST)","3030"
"France (FR)","26.07.2020 18:00 - 26.07.2020 19:00 (CET/CEST)","3292"
"France (FR)","26.07.2020 19:00 - 26.07.2020 20:00 (CET/CEST)","3532"
"France (FR)","26.07.2020 20:00 - 26.07.2020 21:00 (CET/CEST)","3671"
"France (FR)","26.07.2020 21:00 - 26.07.2020 22:00 (CET/CEST)","3591"
"France (FR)","26.07.2020 22:00 - 26.07.2020 23:00 (CET/CEST)","3763"
"France (FR)","26.07.2020 23:00 - 27.07.2020 00:00 (CET/CEST)","3723"
"France (FR)","27.07.2020 00:00 - 27.07.2020 01:00 (CET/CEST)","3402"
"France (FR)","27.07.2020 01:00 - 27.07.2020 02:00 (CET/CEST)","3203"
"France (FR)","27.07.2020 02:00 - 27.07.2020 03:00 (CET/CEST)","3097"
"France (FR)","27.07.2020 03:00 - 27.07.2020 04:00 (CET/CEST)","3065"
"France (FR)","27.07.2020 04:00 - 27.07.2020 05:00 (CET/CEST)","3098"
"France (FR)","27.07.2020 05:00 - 27.07.2020 06:00 (CET/CEST)","3129"
"France (FR)","27.07.2020 06:00 - 27.07.2020 07:00 (CET/CEST)","3192"
"France (FR)","27.07.2020 07:00 - 27.07.2020 08:00 (CET/CEST)","3379"
"France (FR)","27.07.2020 08:00 - 27.07.2020 09:00 (CET/CEST)","3473"
"France (FR)","27.07.2020 09:00 - 27.07.2020 10:00 (CET/CEST)","3658"
"France (FR)","27.07.2020 10:00 - 27.07.2020 11:00 (CET/CEST)","3609"
"France (FR)","27.07.2020 11:00 - 27.07.2020 12:00 (CET/CEST)","3664"
"France (FR)","27.07.2020 12:00 - 27.07.2020 13:00 (CET/CEST)","3774"
"France (FR)","27.07.2020 13:00 - 27.07.2020 14:00 (CET/CEST)","3723"
"France (FR)","27.07.2020 14:00 - 27.07.2020 15:00 (CET/CEST)","3485"
"France (FR)","27.07.2020 15:00 - 27.07.2020 16:00 (CET/CEST)","3488"
"France (FR)","27.07.2020 16:00 - 27.07.2020 17:00 (CET/CEST)","3375"
"France (FR)","27.07.2020 17:00 - 27.07.2020 18:00 (CET/CEST)","3478"
"France (FR)","27.07.2020 18:00 - 27.07.2020 19:00 (CET/CEST)","3937"
"France (FR)","27.07.2020 19:00 - 27.07.2020 20:00 (CET/CEST)","4233"
"France (FR)","27.07.2020 20:00 - 27.07.2020 21:00 (CET/CEST)","4262"
"France (FR)","27.07.2020 21:00 - 27.07.2020 22:00 (CET/CEST)","4153"
"France (FR)","27.07.2020 22:00 - 27.07.2020 23:00 (CET/CEST)","4097"
"France (FR)","27.07.2020 23:00 - 28.07.2020 00:00 (CET/CEST)","3770"
"France (FR)","28.07.2020 00:00 - 28.07.2020 01:00 (CET/CEST)","3478"
"France (FR)","28.07.2020 01:00 - 28.07.2020 02:00 (CET/CEST)","3153"
"France (FR)","28.07.2020 02:00 - 28.07.2020 03:00 (CET/CEST)","2779"
"France (FR)","28.07.2020 03:00 - 28.07.2020 04:00 (CET/CEST)","2760"
"France (FR)","28.07.2020 04:00 - 28.07.2020 05:00 (CET/CEST)","2722"
"France (FR)","28.07.2020 05:00 - 28.07.2020 06:00 (CET/CEST)","2809"
"France (FR)","28.07.2020 06:00 - 28.07.2020 07:00 (CET/CEST)","3106"
"France (FR)","28.07.2020 07:00 - 28.07.2020 08:00 (CET/CEST)","3521"
"France (FR)","28.07.2020 08:00 - 28.07.2020 09:00 (CET/CEST)","3773"
"France (FR)","28.07.2020 09:00 - 28.07.2020 10:00 (CET/CEST)","3871"
"France (FR)","28.07.2020 10:00 - 28.07.2020 11:00 (CET/CEST)","3887"
"France (FR)","28.07.2020 11:00 - 28.07.2020 12:00 (CET/CEST)","3994"
"France (FR)","28.07.2020 12:00 - 28.07.2020 13:00 (CET/CEST)","4078"
"France (FR)","28.07.2020 13:00 - 28.07.2020 14:00 (CET/CEST)","3861"
"France (FR)","28.07.2020 14:00 - 28.07.2020 15:00 (CET/CEST)","3721"
"France (FR)","28.07.2020 15:00 - 28.07.2020 16:00 (CET/CEST)","3434"
"France (FR)","28.07.2020 16:00 - 28.07.2020 17:00 (CET/CEST)","3511"
"France (FR)","28.07.2020 17:00 - 28.07.2020 18:00 (CET/CEST)","3577"
"France (FR)","28.07.2020 18:00 - 28.07.2020 19:00 (CET/CEST)","3966"
"France (FR)","28.07.2020 19:00 - 28.07.2020 20:00 (CET/CEST)","4077"
"France (FR)","28.07.2020 20:00 - 28.07.2020 21:00 (CET/CEST)","4144"
"France (FR)","28.07.2020 21:00 - 28.07.2020 22:00 (CET/CEST)","4045"
"France (FR)","28.07.2020 22:00 - 28.07.2020 23:00 (CET/CEST)","3874"
"France (FR)","28.07.2020 23:00 - 29.07.2020 00:00 (CET/CEST)","3618"
"France (FR)","29.07.2020 00:00 - 29.07.2020 01:00 (CET/CEST)","3276"
"France (FR)","29.07.2020 01:00 - 29.07.2020 02:00 (CET/CEST)","2997"
"France (FR)","29.07.2020 02:00 - 29.07.2020 03:00 (CET/CEST)","2939"
"France (FR)","29.07.2020 03:00 - 29.07.2020 04:00 (CET/CEST)","2901"
"France (FR)","29.07.2020 04:00 - 29.07.2020 05:00 (CET/CEST)","2881"
"France (FR)","29.07.2020 05:00 - 29.07.2020 06:00 (CET/CEST)","3063"
"France (FR)","29.07.2020 06:00 - 29.07.2020 07:00 (CET/CEST)","3407"
"France (FR)","29.07.2020 07:00 - 29.07.2020 08:00 (CET/CEST)","3903"
"France (FR)","29.07.2020 08:00 - 29.07.2020 09:00 (CET/CEST)","4081"
"France (FR)","29.07.2020 09:00 - 29.07.2020 10:00 (CET/CEST)","4102"
"France (FR)","29.07.2020 10:00 - 29.07.2020 11:00 (CET/CEST)","4137"
"France (FR)","29.07.2020 11:00 - 29.07.2020 12:00 (CET/CEST)","4141"
"France (FR)","29.07.2020 12:00 - 29.07.2020 13:00 (CET/CEST)","4187"
"France (FR)","29.07.2020 13:00 - 29.07.2020 14:00 (CET/CEST)","4046"
"France (FR)","29.07.2020 14:00 - 29.07.2020 15:00 (CET/CEST)","3833"
"France (FR)","29.07.2020 15:00 - 29.07.2020 16:00 (CET/CEST)","3690"
"France (FR)","29.07.2020 16:00 - 29.07.2020 17:00 (CET/CEST)","3670"
"France (FR)","29.07.2020 17:00 - 29.07.2020 18:00 (CET/CEST)","3739"
"France (FR)","29.07.2020 18:00 - 29.07.2020 19:00 (CET/CEST)","4100"
"France (FR)","29.07.2020 19:00 - 29.07.2020 20:00 (CET/CEST)","4400"
"France (FR)","29.07.2020 20:00 - 29.07.2020 21:00 (CET/CEST)","4353"
"France (FR)","29.07.2020 21:00 - 29.07.2020 22:00 (CET/CEST)","4139"
"France (FR)","29.07.2020 22:00 - 29.07.2020 23:00 (CET/CEST)","4112"
"France (FR)","29.07.2020 23:00 - 30.07.2020 00:00 (CET/CEST)","3881"
"France (FR)","30.07.2020 00:00 - 30.07.2020 01:00 (CET/CEST)","3412"
"France (FR)","30.07.2020 01:00 - 30.07.2020 02:00 (CET/CEST)","3051"
"France (FR)","30.07.2020 02:00 - 30.07.2020 03:00 (CET/CEST)","2977"
"France (FR)","30.07.2020 03:00 - 30.07.2020 04:00 (CET/CEST)","2991"
"France (FR)","30.07.2020 04:00 - 30.07.2020 05:00 (CET/CEST)","3007"
"France (FR)","30.07.2020 05:00 - 30.07.2020 06:00 (CET/CEST)","3001"
"France (FR)","30.07.2020 06:00 - 30.07.2020 07:00 (CET/CEST)","3135"
"France (FR)","30.07.2020 07:00 - 30.07.2020 08:00 (CET/CEST)","3422"
"France (FR)","30.07.2020 08:00 - 30.07.2020 09:00 (CET/CEST)","3763"
"France (FR)","30.07.2020 09:00 - 30.07.2020 10:00 (CET/CEST)","3977"
"France (FR)","30.07.2020 10:00 - 30.07.2020 11:00 (CET/CEST)","4055"
"France (FR)","30.07.2020 11:00 - 30.07.2020 12:00 (CET/CEST)","4041"
"France (FR)","30.07.2020 12:00 - 30.07.2020 13:00 (CET/CEST)","3875"
"France (FR)","30.07.2020 13:00 - 30.07.2020 14:00 (CET/CEST)","3819"
"France (FR)","30.07.2020 14:00 - 30.07.2020 15:00 (CET/CEST)","3665"
"France (FR)","30.07.2020 15:00 - 30.07.2020 16:00 (CET/CEST)","3481"
"France (FR)","30.07.2020 16:00 - 30.07.2020 17:00 (CET/CEST)","3630"
"France (FR)","30.07.2020 17:00 - 30.07.2020 18:00 (CET/CEST)","3837"
"France (FR)","30.07.2020 18:00 - 30.07.2020 19:00 (CET/CEST)","4062"
"France (FR)","30.07.2020 19:00 - 30.07.2020 20:00 (CET/CEST)","4494"
"France (FR)","30.07.2020 20:00 - 30.07.2020 21:00 (CET/CEST)","4653"
"France (FR)","30.07.2020 21:00 - 30.07.2020 22:00 (CET/CEST)","4633"
"France (FR)","30.07.2020 22:00 - 30.07.2020 23:00 (CET/CEST)","4598"
"France (FR)","30.07.2020 23:00 - 31.07.2020 00:00 (CET/CEST)","4026"
"France (FR)","31.07.2020 00:00 - 31.07.2020 01:00 (CET/CEST)","3624"
"France (FR)","31.07.2020 01:00 - 31.07.2020 02:00 (CET/CEST)","3222"
"France (FR)","31.07.2020 02:00 - 31.07.2020 03:00 (CET/CEST)","2928"
"France (FR)","31.07.2020 03:00 - 31.07.2020 04:00 (CET/CEST)","2861"
"France (FR)","31.07.2020 04:00 - 31.07.2020 05:00 (CET/CEST)","2971"
"France (FR)","31.07.2020 05:00 - 31.07.2020 06:00 (CET/CEST)","3171"
"France (FR)","31.07.2020 06:00 - 31.07.2020 07:00 (CET/CEST)","3345"
"France (FR)","31.07.2020 07:00 - 31.07.2020 08:00 (CET/CEST)","3530"
"France (FR)","31.07.2020 08:00 - 31.07.2020 09:00 (CET/CEST)","3806"
"France (FR)","31.07.2020 09:00 - 31.07.2020 10:00 (CET/CEST)","4014"
"France (FR)","31.07.2020 10:00 - 31.07.2020 11:00 (CET/CEST)","3996"
"France (FR)","31.07.2020 11:00 - 31.07.2020 12:00 (CET/CEST)","4031"
"France (FR)","31.07.2020 12:00 - 31.07.2020 13:00 (CET/CEST)","3993"
"France (FR)","31.07.2020 13:00 - 31.07.2020 14:00 (CET/CEST)","3986"
"France (FR)","31.07.2020 14:00 - 31.07.2020 15:00 (CET/CEST)","3817"
"France (FR)","31.07.2020 15:00 - 31.07.2020 16:00 (CET/CEST)","3852"
"France (FR)","31.07.2020 16:00 - 31.07.2020 17:00 (CET/CEST)","4044"
"France (FR)","31.07.2020 17:00 - 31.07.2020 18:00 (CET/CEST)","4185"
"France (FR)","31.07.2020 18:00 - 31.07.2020 19:00 (CET/CEST)","4326"
"France (FR)","31.07.2020 19:00 - 31.07.2020 20:00 (CET/CEST)","4590"
"France (FR)","31.07.2020 20:00 - 31.07.2020 21:00 (CET/CEST)","4584"
"France (FR)","31.07.2020 21:00 - 31.07.2020 22:00 (CET/CEST)","4492"
"France (FR)","31.07.2020 22:00 - 31.07.2020 23:00 (CET/CEST)","4415"
"France (FR)","31.07.2020 23:00 - 01.08.2020 00:00 (CET/CEST)","4426"
"France (FR)","01.08.2020 00:00 - 01.08.2020 01:00 (CET/CEST)","3960"
"France (FR)","01.08.2020 01:00 - 01.08.2020 02:00 (CET/CEST)","3783"
"France (FR)","01.08.2020 02:00 - 01.08.2020 03:00 (CET/CEST)","3553"
"France (FR)","01.08.2020 03:00 - 01.08.2020 04:00 (CET/CEST)","3273"
"France (FR)","01.08.2020 04:00 - 01.08.2020 05:00 (CET/CEST)","3255"
"France (FR)","01.08.2020 05:00 - 01.08.2020 06:00 (CET/CEST)","3226"
"France (FR)","01.08.2020 06:00 - 01.08.2020 07:00 (CET/CEST)","3284"
"France (FR)","01.08.2020 07:00 - 01.08.2020 08:00 (CET/CEST)","3362"
"France (FR)","01.08.2020 08:00 - 01.08.2020 09:00 (CET/CEST)","3595"
"France (FR)","01.08.2020 09:00 - 01.08.2020 10:00 (CET/CEST)","3772"
"France (FR)","01.08.2020 10:00 - 01.08.2020 11:00 (CET/CEST)","3937"
"France (FR)","01.08.2020 11:00 - 01.08.2020 12:00 (CET/CEST)","4102"
"France (FR)","01.08.2020 12:00 - 01.08.2020 13:00 (CET/CEST)","4225"
"France (FR)","01.08.2020 13:00 - 01.08.2020 14:00 (CET/CEST)","3990"
"France (FR)","01.08.2020 14:00 - 01.08.2020 15:00 (CET/CEST)","3639"
"France (FR)","01.08.2020 15:00 - 01.08.2020 16:00 (CET/CEST)","3433"
"France (FR)","01.08.2020 16:00 - 01.08.2020 17:00 (CET/CEST)","3435"
"France (FR)","01.08.2020 17:00 - 01.08.2020 18:00 (CET/CEST)","3658"
"France (FR)","01.08.2020 18:00 - 01.08.2020 19:00 (CET/CEST)","3991"
"France (FR)","01.08.2020 19:00 - 01.08.2020 20:00 (CET/CEST)","4122"
"France (FR)","01.08.2020 20:00 - 01.08.2020 21:00 (CET/CEST)","4112"
"France (FR)","01.08.2020 21:00 - 01.08.2020 22:00 (CET/CEST)","4129"
"France (FR)","01.08.2020 22:00 - 01.08.2020 23:00 (CET/CEST)","4243"
"France (FR)","01.08.2020 23:00 - 02.08.2020 00:00 (CET/CEST)","4161"
"France (FR)","02.08.2020 00:00 - 02.08.2020 01:00 (CET/CEST)","3840"
"France (FR)","02.08.2020 01:00 - 02.08.2020 02:00 (CET/CEST)","3713"
"France (FR)","02.08.2020 02:00 - 02.08.2020 03:00 (CET/CEST)","3348"
"France (FR)","02.08.2020 03:00 - 02.08.2020 04:00 (CET/CEST)","2995"
"France (FR)","02.08.2020 04:00 - 02.08.2020 05:00 (CET/CEST)","2876"
"France (FR)","02.08.2020 05:00 - 02.08.2020 06:00 (CET/CEST)","2877"
"France (FR)","02.08.2020 06:00 - 02.08.2020 07:00 (CET/CEST)","2942"
"France (FR)","02.08.2020 07:00 - 02.08.2020 08:00 (CET/CEST)","2952"
"France (FR)","02.08.2020 08:00 - 02.08.2020 09:00 (CET/CEST)","3132"
"France (FR)","02.08.2020 09:00 - 02.08.2020 10:00 (CET/CEST)","3182"
"France (FR)","02.08.2020 10:00 - 02.08.2020 11:00 (CET/CEST)","3279"
"France (FR)","02.08.2020 11:00 - 02.08.2020 12:00 (CET/CEST)","3529"
"France (FR)","02.08.2020 12:00 - 02.08.2020 13:00 (CET/CEST)","3557"
"France (FR)","02.08.2020 13:00 - 02.08.2020 14:00 (CET/CEST)","3586"
"France (FR)","02.08.2020 14:00 - 02.08.2020 15:00 (CET/CEST)","3531"
"France (FR)","02.08.2020 15:00 - 02.08.2020 16:00 (CET/CEST)","3337"
"France (FR)","02.08.2020 16:00 - 02.08.2020 17:00 (CET/CEST)","3234"
"France (FR)","02.08.2020 17:00 - 02.08.2020 18:00 (CET/CEST)","3272"
"France (FR)","02.08.2020 18:00 - 02.08.2020 19:00 (CET/CEST)","3458"
"France (FR)","02.08.2020 19:00 - 02.08.2020 20:00 (CET/CEST)","3644"
"France (FR)","02.08.2020 20:00 - 02.08.2020 21:00 (CET/CEST)","3902"
"France (FR)","02.08.2020 21:00 - 02.08.2020 22:00 (CET/CEST)","3971"
"France (FR)","02.08.2020 22:00 - 02.08.2020 23:00 (CET/CEST)","4103"
"France (FR)","02.08.2020 23:00 - 03.08.2020 00:00 (CET/CEST)","4011"
"France (FR)","03.08.2020 00:00 - 03.08.2020 01:00 (CET/CEST)","3797"
"France (FR)","03.08.2020 01:00 - 03.08.2020 02:00 (CET/CEST)","3603"
"France (FR)","03.08.2020 02:00 - 03.08.2020 03:00 (CET/CEST)","3336"
"France (FR)","03.08.2020 03:00 - 03.08.2020 04:00 (CET/CEST)","3254"
"France (FR)","03.08.2020 04:00 - 03.08.2020 05:00 (CET/CEST)","3167"
"France (FR)","03.08.2020 05:00 - 03.08.2020 06:00 (CET/CEST)","3191"
"France (FR)","03.08.2020 06:00 - 03.08.2020 07:00 (CET/CEST)","3299"
"France (FR)","03.08.2020 07:00 - 03.08.2020 08:00 (CET/CEST)","3365"
"France (FR)","03.08.2020 08:00 - 03.08.2020 09:00 (CET/CEST)","3632"
"France (FR)","03.08.2020 09:00 - 03.08.2020 10:00 (CET/CEST)","3780"
"France (FR)","03.08.2020 10:00 - 03.08.2020 11:00 (CET/CEST)","3871"
"France (FR)","03.08.2020 11:00 - 03.08.2020 12:00 (CET/CEST)","3985"
"France (FR)","03.08.2020 12:00 - 03.08.2020 13:00 (CET/CEST)","4193"
"France (FR)","03.08.2020 13:00 - 03.08.2020 14:00 (CET/CEST)","4113"
"France (FR)","03.08.2020 14:00 - 03.08.2020 15:00 (CET/CEST)","3893"
"France (FR)","03.08.2020 15:00 - 03.08.2020 16:00 (CET/CEST)","3675"
"France (FR)","03.08.2020 16:00 - 03.08.2020 17:00 (CET/CEST)","3583"
"France (FR)","03.08.2020 17:00 - 03.08.2020 18:00 (CET/CEST)","3628"
"France (FR)","03.08.2020 18:00 - 03.08.2020 19:00 (CET/CEST)","3817"
"France (FR)","03.08.2020 19:00 - 03.08.2020 20:00 (CET/CEST)","3972"
"France (FR)","03.08.2020 20:00 - 03.08.2020 21:00 (CET/CEST)","3998"
"France (FR)","03.08.2020 21:00 - 03.08.2020 22:00 (CET/CEST)","3923"
"France (FR)","03.08.2020 22:00 - 03.08.2020 23:00 (CET/CEST)","3932"
"France (FR)","03.08.2020 23:00 - 04.08.2020 00:00 (CET/CEST)","4013"
"France (FR)","04.08.2020 00:00 - 04.08.2020 01:00 (CET/CEST)","3881"
"France (FR)","04.08.2020 01:00 - 04.08.2020 02:00 (CET/CEST)","3632"
"France (FR)","04.08.2020 02:00 - 04.08.2020 03:00 (CET/CEST)","3508"
"France (FR)","04.08.2020 03:00 - 04.08.2020 04:00 (CET/CEST)","3497"
"France (FR)","04.08.2020 04:00 - 04.08.2020 05:00 (CET/CEST)","3485"
"France (FR)","04.08.2020 05:00 - 04.08.2020 06:00 (CET/CEST)","3465"
"France (FR)","04.08.2020 06:00 - 04.08.2020 07:00 (CET/CEST)","3571"
"France (FR)","04.08.2020 07:00 - 04.08.2020 08:00 (CET/CEST)","3778"
"France (FR)","04.08.2020 08:00 - 04.08.2020 09:00 (CET/CEST)","3864"
"France (FR)","04.08.2020 09:00 - 04.08.2020 10:00 (CET/CEST)","3949"
"France (FR)","04.08.2020 10:00 - 04.08.2020 11:00 (CET/CEST)","3888"
"France (FR)","04.08.2020 11:00 - 04.08.2020 12:00 (CET/CEST)","3922"
"France (FR)","04.08.2020 12:00 - 04.08.2020 13:00 (CET/CEST)","3937"
"France (FR)","04.08.2020 13:00 - 04.08.2020 14:00 (CET/CEST)","3960"
"France (FR)","04.08.2020 14:00 - 04.08.2020 15:00 (CET/CEST)","3995"
"France (FR)","04.08.2020 15:00 - 04.08.2020 16:00 (CET/CEST)","4092"
"France (FR)","04.08.2020 16:00 - 04.08.2020 17:00 (CET/CEST)","4063"
"France (FR)","04.08.2020 17:00 - 04.08.2020 18:00 (CET/CEST)","4176"
"France (FR)","04.08.2020 18:00 - 04.08.2020 19:00 (CET/CEST)","4291"
"France (FR)","04.08.2020 19:00 - 04.08.2020 20:00 (CET/CEST)","4335"
"France (FR)","04.08.2020 20:00 - 04.08.2020 21:00 (CET/CEST)","4321"
"France (FR)","04.08.2020 21:00 - 04.08.2020 22:00 (CET/CEST)","4268"
"France (FR)","04.08.2020 22:00 - 04.08.2020 23:00 (CET/CEST)","4125"
"France (FR)","04.08.2020 23:00 - 05.08.2020 00:00 (CET/CEST)","3949"
"France (FR)","05.08.2020 00:00 - 05.08.2020 01:00 (CET/CEST)","3781"
"France (FR)","05.08.2020 01:00 - 05.08.2020 02:00 (CET/CEST)","3736"
"France (FR)","05.08.2020 02:00 - 05.08.2020 03:00 (CET/CEST)","3643"
"France (FR)","05.08.2020 03:00 - 05.08.2020 04:00 (CET/CEST)","3582"
"France (FR)","05.08.2020 04:00 - 05.08.2020 05:00 (CET/CEST)","3597"
"France (FR)","05.08.2020 05:00 - 05.08.2020 06:00 (CET/CEST)","3584"
"France (FR)","05.08.2020 06:00 - 05.08.2020 07:00 (CET/CEST)","3573"
"France (FR)","05.08.2020 07:00 - 05.08.2020 08:00 (CET/CEST)","3738"
"France (FR)","05.08.2020 08:00 - 05.08.2020 09:00 (CET/CEST)","3817"
"France (FR)","05.08.2020 09:00 - 05.08.2020 10:00 (CET/CEST)","3804"
"France (FR)","05.08.2020 10:00 - 05.08.2020 11:00 (CET/CEST)","3728"
"France (FR)","05.08.2020 11:00 - 05.08.2020 12:00 (CET/CEST)","3570"
"France (FR)","05.08.2020 12:00 - 05.08.2020 13:00 (CET/CEST)","3627"
"France (FR)","05.08.2020 13:00 - 05.08.2020 14:00 (CET/CEST)","3774"
"France (FR)","05.08.2020 14:00 - 05.08.2020 15:00 (CET/CEST)","3620"
"France (FR)","05.08.2020 15:00 - 05.08.2020 16:00 (CET/CEST)","3580"
"France (FR)","05.08.2020 16:00 - 05.08.2020 17:00 (CET/CEST)","3670"
"France (FR)","05.08.2020 17:00 - 05.08.2020 18:00 (CET/CEST)","3767"
"France (FR)","05.08.2020 18:00 - 05.08.2020 19:00 (CET/CEST)","3902"
"France (FR)","05.08.2020 19:00 - 05.08.2020 20:00 (CET/CEST)","4138"
"France (FR)","05.08.2020 20:00 - 05.08.2020 21:00 (CET/CEST)","4120"
"France (FR)","05.08.2020 21:00 - 05.08.2020 22:00 (CET/CEST)","4075"
"France (FR)","05.08.2020 22:00 - 05.08.2020 23:00 (CET/CEST)","4079"
"France (FR)","05.08.2020 23:00 - 06.08.2020 00:00 (CET/CEST)","4019"
"France (FR)","06.08.2020 00:00 - 06.08.2020 01:00 (CET/CEST)","3799"
"France (FR)","06.08.2020 01:00 - 06.08.2020 02:00 (CET/CEST)","3615"
"France (FR)","06.08.2020 02:00 - 06.08.2020 03:00 (CET/CEST)","3498"
"France (FR)","06.08.2020 03:00 - 06.08.2020 04:00 (CET/CEST)","3400"
"France (FR)","06.08.2020 04:00 - 06.08.2020 05:00 (CET/CEST)","3358"
"France (FR)","06.08.2020 05:00 - 06.08.2020 06:00 (CET/CEST)","3488"
"France (FR)","06.08.2020 06:00 - 06.08.2020 07:00 (CET/CEST)","3539"
"France (FR)","06.08.2020 07:00 - 06.08.2020 08:00 (CET/CEST)","3543"
"France (FR)","06.08.2020 08:00 - 06.08.2020 09:00 (CET/CEST)","3631"
"France (FR)","06.08.2020 09:00 - 06.08.2020 10:00 (CET/CEST)","3727"
"France (FR)","06.08.2020 10:00 - 06.08.2020 11:00 (CET/CEST)","3773"
"France (FR)","06.08.2020 11:00 - 06.08.2020 12:00 (CET/CEST)","3732"
"France (FR)","06.08.2020 12:00 - 06.08.2020 13:00 (CET/CEST)","3709"
"France (FR)","06.08.2020 13:00 - 06.08.2020 14:00 (CET/CEST)","3803"
"France (FR)","06.08.2020 14:00 - 06.08.2020 15:00 (CET/CEST)","3847"
"France (FR)","06.08.2020 15:00 - 06.08.2020 16:00 (CET/CEST)","3892"
"France (FR)","06.08.2020 16:00 - 06.08.2020 17:00 (CET/CEST)","3910"
"France (FR)","06.08.2020 17:00 - 06.08.2020 18:00 (CET/CEST)","4037"
"France (FR)","06.08.2020 18:00 - 06.08.2020 19:00 (CET/CEST)","4109"
"France (FR)","06.08.2020 19:00 - 06.08.2020 20:00 (CET/CEST)","4329"
"France (FR)","06.08.2020 20:00 - 06.08.2020 21:00 (CET/CEST)","4341"
"France (FR)","06.08.2020 21:00 - 06.08.2020 22:00 (CET/CEST)","4196"
"France (FR)","06.08.2020 22:00 - 06.08.2020 23:00 (CET/CEST)","4080"
"France (FR)","06.08.2020 23:00 - 07.08.2020 00:00 (CET/CEST)","3957"
"France (FR)","07.08.2020 00:00 - 07.08.2020 01:00 (CET/CEST)","3640"
"France (FR)","07.08.2020 01:00 - 07.08.2020 02:00 (CET/CEST)","3516"
"France (FR)","07.08.2020 02:00 - 07.08.2020 03:00 (CET/CEST)","3436"
"France (FR)","07.08.2020 03:00 - 07.08.2020 04:00 (CET/CEST)","3425"
"France (FR)","07.08.2020 04:00 - 07.08.2020 05:00 (CET/CEST)","3410"
"France (FR)","07.08.2020 05:00 - 07.08.2020 06:00 (CET/CEST)","3364"
"France (FR)","07.08.2020 06:00 - 07.08.2020 07:00 (CET/CEST)","3505"
"France (FR)","07.08.2020 07:00 - 07.08.2020 08:00 (CET/CEST)","3625"
"France (FR)","07.08.2020 08:00 - 07.08.2020 09:00 (CET/CEST)","3835"
"France (FR)","07.08.2020 09:00 - 07.08.2020 10:00 (CET/CEST)","3912"
"France (FR)","07.08.2020 10:00 - 07.08.2020 11:00 (CET/CEST)","3829"
"France (FR)","07.08.2020 11:00 - 07.08.2020 12:00 (CET/CEST)","3843"
"France (FR)","07.08.2020 12:00 - 07.08.2020 13:00 (CET/CEST)","3800"
"France (FR)","07.08.2020 13:00 - 07.08.2020 14:00 (CET/CEST)","3772"
"France (FR)","07.08.2020 14:00 - 07.08.2020 15:00 (CET/CEST)","3825"
"France (FR)","07.08.2020 15:00 - 07.08.2020 16:00 (CET/CEST)","3794"
"France (FR)","07.08.2020 16:00 - 07.08.2020 17:00 (CET/CEST)","3798"
"France (FR)","07.08.2020 17:00 - 07.08.2020 18:00 (CET/CEST)","3990"
"France (FR)","07.08.2020 18:00 - 07.08.2020 19:00 (CET/CEST)","4168"
"France (FR)","07.08.2020 19:00 - 07.08.2020 20:00 (CET/CEST)","4384"
"France (FR)","07.08.2020 20:00 - 07.08.2020 21:00 (CET/CEST)","4392"
"France (FR)","07.08.2020 21:00 - 07.08.2020 22:00 (CET/CEST)","4205"
"France (FR)","07.08.2020 22:00 - 07.08.2020 23:00 (CET/CEST)","4079"
"France (FR)","07.08.2020 23:00 - 08.08.2020 00:00 (CET/CEST)","3928"
"France (FR)","08.08.2020 00:00 - 08.08.2020 01:00 (CET/CEST)","3730"
"France (FR)","08.08.2020 01:00 - 08.08.2020 02:00 (CET/CEST)","3467"
"France (FR)","08.08.2020 02:00 - 08.08.2020 03:00 (CET/CEST)","3380"
"France (FR)","08.08.2020 03:00 - 08.08.2020 04:00 (CET/CEST)","3316"
"France (FR)","08.08.2020 04:00 - 08.08.2020 05:00 (CET/CEST)","3301"
"France (FR)","08.08.2020 05:00 - 08.08.2020 06:00 (CET/CEST)","3354"
"France (FR)","08.08.2020 06:00 - 08.08.2020 07:00 (CET/CEST)","3499"
"France (FR)","08.08.2020 07:00 - 08.08.2020 08:00 (CET/CEST)","3665"
"France (FR)","08.08.2020 08:00 - 08.08.2020 09:00 (CET/CEST)","3638"
"France (FR)","08.08.2020 09:00 - 08.08.2020 10:00 (CET/CEST)","3648"
"France (FR)","08.08.2020 10:00 - 08.08.2020 11:00 (CET/CEST)","3628"
"France (FR)","08.08.2020 11:00 - 08.08.2020 12:00 (CET/CEST)","3713"
"France (FR)","08.08.2020 12:00 - 08.08.2020 13:00 (CET/CEST)","3776"
"France (FR)","08.08.2020 13:00 - 08.08.2020 14:00 (CET/CEST)","3780"
"France (FR)","08.08.2020 14:00 - 08.08.2020 15:00 (CET/CEST)","3660"
"France (FR)","08.08.2020 15:00 - 08.08.2020 16:00 (CET/CEST)","3671"
"France (FR)","08.08.2020 16:00 - 08.08.2020 17:00 (CET/CEST)","3805"
"France (FR)","08.08.2020 17:00 - 08.08.2020 18:00 (CET/CEST)","3904"
"France (FR)","08.08.2020 18:00 - 08.08.2020 19:00 (CET/CEST)","4187"
"France (FR)","08.08.2020 19:00 - 08.08.2020 20:00 (CET/CEST)","4287"
"France (FR)","08.08.2020 20:00 - 08.08.2020 21:00 (CET/CEST)","4240"
"France (FR)","08.08.2020 21:00 - 08.08.2020 22:00 (CET/CEST)","4243"
"France (FR)","08.08.2020 22:00 - 08.08.2020 23:00 (CET/CEST)","4147"
"France (FR)","08.08.2020 23:00 - 09.08.2020 00:00 (CET/CEST)","4052"
"France (FR)","09.08.2020 00:00 - 09.08.2020 01:00 (CET/CEST)","3830"
"France (FR)","09.08.2020 01:00 - 09.08.2020 02:00 (CET/CEST)","3539"
"France (FR)","09.08.2020 02:00 - 09.08.2020 03:00 (CET/CEST)","3374"
"France (FR)","09.08.2020 03:00 - 09.08.2020 04:00 (CET/CEST)","3438"
"France (FR)","09.08.2020 04:00 - 09.08.2020 05:00 (CET/CEST)","3437"
"France (FR)","09.08.2020 05:00 - 09.08.2020 06:00 (CET/CEST)","3487"
"France (FR)","09.08.2020 06:00 - 09.08.2020 07:00 (CET/CEST)","3419"
"France (FR)","09.08.2020 07:00 - 09.08.2020 08:00 (CET/CEST)","3257"
"France (FR)","09.08.2020 08:00 - 09.08.2020 09:00 (CET/CEST)","3206"
"France (FR)","09.08.2020 09:00 - 09.08.2020 10:00 (CET/CEST)","3165"
"France (FR)","09.08.2020 10:00 - 09.08.2020 11:00 (CET/CEST)","3140"
"France (FR)","09.08.2020 11:00 - 09.08.2020 12:00 (CET/CEST)","3168"
"France (FR)","09.08.2020 12:00 - 09.08.2020 13:00 (CET/CEST)","3174"
"France (FR)","09.08.2020 13:00 - 09.08.2020 14:00 (CET/CEST)","3181"
"France (FR)","09.08.2020 14:00 - 09.08.2020 15:00 (CET/CEST)","3162"
"France (FR)","09.08.2020 15:00 - 09.08.2020 16:00 (CET/CEST)","3306"
"France (FR)","09.08.2020 16:00 - 09.08.2020 17:00 (CET/CEST)","3538"
"France (FR)","09.08.2020 17:00 - 09.08.2020 18:00 (CET/CEST)","3668"
"France (FR)","09.08.2020 18:00 - 09.08.2020 19:00 (CET/CEST)","3748"
"France (FR)","09.08.2020 19:00 - 09.08.2020 20:00 (CET/CEST)","3862"
"France (FR)","09.08.2020 20:00 - 09.08.2020 21:00 (CET/CEST)","3914"
"France (FR)","09.08.2020 21:00 - 09.08.2020 22:00 (CET/CEST)","3951"
"France (FR)","09.08.2020 22:00 - 09.08.2020 23:00 (CET/CEST)","3948"
"France (FR)","09.08.2020 23:00 - 10.08.2020 00:00 (CET/CEST)","3719"
"France (FR)","10.08.2020 00:00 - 10.08.2020 01:00 (CET/CEST)","3510"
"France (FR)","10.08.2020 01:00 - 10.08.2020 02:00 (CET/CEST)","3232"
"France (FR)","10.08.2020 02:00 - 10.08.2020 03:00 (CET/CEST)","3158"
"France (FR)","10.08.2020 03:00 - 10.08.2020 04:00 (CET/CEST)","3251"
"France (FR)","10.08.2020 04:00 - 10.08.2020 05:00 (CET/CEST)","3319"
"France (FR)","10.08.2020 05:00 - 10.08.2020 06:00 (CET/CEST)","3371"
"France (FR)","10.08.2020 06:00 - 10.08.2020 07:00 (CET/CEST)","3503"
"France (FR)","10.08.2020 07:00 - 10.08.2020 08:00 (CET/CEST)","3653"
"France (FR)","10.08.2020 08:00 - 10.08.2020 09:00 (CET/CEST)","3756"
"France (FR)","10.08.2020 09:00 - 10.08.2020 10:00 (CET/CEST)","3706"
"France (FR)","10.08.2020 10:00 - 10.08.2020 11:00 (CET/CEST)","3675"
"France (FR)","10.08.2020 11:00 - 10.08.2020 12:00 (CET/CEST)","3691"
"France (FR)","10.08.2020 12:00 - 10.08.2020 13:00 (CET/CEST)","3691"
"France (FR)","10.08.2020 13:00 - 10.08.2020 14:00 (CET/CEST)","3576"
"France (FR)","10.08.2020 14:00 - 10.08.2020 15:00 (CET/CEST)","3525"
"France (FR)","10.08.2020 15:00 - 10.08.2020 16:00 (CET/CEST)","3578"
"France (FR)","10.08.2020 16:00 - 10.08.2020 17:00 (CET/CEST)","3678"
"France (FR)","10.08.2020 17:00 - 10.08.2020 18:00 (CET/CEST)","3871"
"France (FR)","10.08.2020 18:00 - 10.08.2020 19:00 (CET/CEST)","4175"
"France (FR)","10.08.2020 19:00 - 10.08.2020 20:00 (CET/CEST)","4318"
"France (FR)","10.08.2020 20:00 - 10.08.2020 21:00 (CET/CEST)","4205"
"France (FR)","10.08.2020 21:00 - 10.08.2020 22:00 (CET/CEST)","4145"
"France (FR)","10.08.2020 22:00 - 10.08.2020 23:00 (CET/CEST)","3966"
"France (FR)","10.08.2020 23:00 - 11.08.2020 00:00 (CET/CEST)","3770"
"France (FR)","11.08.2020 00:00 - 11.08.2020 01:00 (CET/CEST)","3418"
"France (FR)","11.08.2020 01:00 - 11.08.2020 02:00 (CET/CEST)","3199"
"France (FR)","11.08.2020 02:00 - 11.08.2020 03:00 (CET/CEST)","3061"
"France (FR)","11.08.2020 03:00 - 11.08.2020 04:00 (CET/CEST)","3059"
"France (FR)","11.08.2020 04:00 - 11.08.2020 05:00 (CET/CEST)","3166"
"France (FR)","11.08.2020 05:00 - 11.08.2020 06:00 (CET/CEST)","3307"
"France (FR)","11.08.2020 06:00 - 11.08.2020 07:00 (CET/CEST)","3453"
"France (FR)","11.08.2020 07:00 - 11.08.2020 08:00 (CET/CEST)","3578"
"France (FR)","11.08.2020 08:00 - 11.08.2020 09:00 (CET/CEST)","3715"
"France (FR)","11.08.2020 09:00 - 11.08.2020 10:00 (CET/CEST)","3742"
"France (FR)","11.08.2020 10:00 - 11.08.2020 11:00 (CET/CEST)","3748"
"France (FR)","11.08.2020 11:00 - 11.08.2020 12:00 (CET/CEST)","3705"
"France (FR)","11.08.2020 12:00 - 11.08.2020 13:00 (CET/CEST)","3720"
"France (FR)","11.08.2020 13:00 - 11.08.2020 14:00 (CET/CEST)","3751"
"France (FR)","11.08.2020 14:00 - 11.08.2020 15:00 (CET/CEST)","3487"
"France (FR)","11.08.2020 15:00 - 11.08.2020 16:00 (CET/CEST)","3381"
"France (FR)","11.08.2020 16:00 - 11.08.2020 17:00 (CET/CEST)","3519"
"France (FR)","11.08.2020 17:00 - 11.08.2020 18:00 (CET/CEST)","3816"
"France (FR)","11.08.2020 18:00 - 11.08.2020 19:00 (CET/CEST)","4050"
"France (FR)","11.08.2020 19:00 - 11.08.2020 20:00 (CET/CEST)","4122"
"France (FR)","11.08.2020 20:00 - 11.08.2020 21:00 (CET/CEST)","4081"
"France (FR)","11.08.2020 21:00 - 11.08.2020 22:00 (CET/CEST)","3964"
"France (FR)","11.08.2020 22:00 - 11.08.2020 23:00 (CET/CEST)","3956"
"France (FR)","11.08.2020 23:00 - 12.08.2020 00:00 (CET/CEST)","3735"
"France (FR)","12.08.2020 00:00 - 12.08.2020 01:00 (CET/CEST)","3429"
"France (FR)","12.08.2020 01:00 - 12.08.2020 02:00 (CET/CEST)","3102"
"France (FR)","12.08.2020 02:00 - 12.08.2020 03:00 (CET/CEST)","3034"
"France (FR)","12.08.2020 03:00 - 12.08.2020 04:00 (CET/CEST)","2978"
"France (FR)","12.08.2020 04:00 - 12.08.2020 05:00 (CET/CEST)","2987"
"France (FR)","12.08.2020 05:00 - 12.08.2020 06:00 (CET/CEST)","3034"
"France (FR)","12.08.2020 06:00 - 12.08.2020 07:00 (CET/CEST)","3087"
"France (FR)","12.08.2020 07:00 - 12.08.2020 08:00 (CET/CEST)","3315"
"France (FR)","12.08.2020 08:00 - 12.08.2020 09:00 (CET/CEST)","3503"
"France (FR)","12.08.2020 09:00 - 12.08.2020 10:00 (CET/CEST)","3384"
"France (FR)","12.08.2020 10:00 - 12.08.2020 11:00 (CET/CEST)","3432"
"France (FR)","12.08.2020 11:00 - 12.08.2020 12:00 (CET/CEST)","3565"
"France (FR)","12.08.2020 12:00 - 12.08.2020 13:00 (CET/CEST)","3678"
"France (FR)","12.08.2020 13:00 - 12.08.2020 14:00 (CET/CEST)","3399"
"France (FR)","12.08.2020 14:00 - 12.08.2020 15:00 (CET/CEST)","3227"
"France (FR)","12.08.2020 15:00 - 12.08.2020 16:00 (CET/CEST)","3153"
"France (FR)","12.08.2020 16:00 - 12.08.2020 17:00 (CET/CEST)","3147"
"France (FR)","12.08.2020 17:00 - 12.08.2020 18:00 (CET/CEST)","3439"
"France (FR)","12.08.2020 18:00 - 12.08.2020 19:00 (CET/CEST)","3845"
"France (FR)","12.08.2020 19:00 - 12.08.2020 20:00 (CET/CEST)","3967"
"France (FR)","12.08.2020 20:00 - 12.08.2020 21:00 (CET/CEST)","3886"
"France (FR)","12.08.2020 21:00 - 12.08.2020 22:00 (CET/CEST)","3738"
"France (FR)","12.08.2020 22:00 - 12.08.2020 23:00 (CET/CEST)","3590"
"France (FR)","12.08.2020 23:00 - 13.08.2020 00:00 (CET/CEST)","3404"
"France (FR)","13.08.2020 00:00 - 13.08.2020 01:00 (CET/CEST)","3090"
"France (FR)","13.08.2020 01:00 - 13.08.2020 02:00 (CET/CEST)","2826"
"France (FR)","13.08.2020 02:00 - 13.08.2020 03:00 (CET/CEST)","2651"
"France (FR)","13.08.2020 03:00 - 13.08.2020 04:00 (CET/CEST)","2642"
"France (FR)","13.08.2020 04:00 - 13.08.2020 05:00 (CET/CEST)","2649"
"France (FR)","13.08.2020 05:00 - 13.08.2020 06:00 (CET/CEST)","2784"
"France (FR)","13.08.2020 06:00 - 13.08.2020 07:00 (CET/CEST)","2986"
"France (FR)","13.08.2020 07:00 - 13.08.2020 08:00 (CET/CEST)","3172"
"France (FR)","13.08.2020 08:00 - 13.08.2020 09:00 (CET/CEST)","3266"
"France (FR)","13.08.2020 09:00 - 13.08.2020 10:00 (CET/CEST)","3211"
"France (FR)","13.08.2020 10:00 - 13.08.2020 11:00 (CET/CEST)","3326"
"France (FR)","13.08.2020 11:00 - 13.08.2020 12:00 (CET/CEST)","3392"
"France (FR)","13.08.2020 12:00 - 13.08.2020 13:00 (CET/CEST)","3395"
"France (FR)","13.08.2020 13:00 - 13.08.2020 14:00 (CET/CEST)","3291"
"France (FR)","13.08.2020 14:00 - 13.08.2020 15:00 (CET/CEST)","3120"
"France (FR)","13.08.2020 15:00 - 13.08.2020 16:00 (CET/CEST)","3157"
"France (FR)","13.08.2020 16:00 - 13.08.2020 17:00 (CET/CEST)","3247"
"France (FR)","13.08.2020 17:00 - 13.08.2020 18:00 (CET/CEST)","3426"
"France (FR)","13.08.2020 18:00 - 13.08.2020 19:00 (CET/CEST)","3647"
"France (FR)","13.08.2020 19:00 - 13.08.2020 20:00 (CET/CEST)","3949"
"France (FR)","13.08.2020 20:00 - 13.08.2020 21:00 (CET/CEST)","3921"
"France (FR)","13.08.2020 21:00 - 13.08.2020 22:00 (CET/CEST)","3835"
"France (FR)","13.08.2020 22:00 - 13.08.2020 23:00 (CET/CEST)","3776"
"France (FR)","13.08.2020 23:00 - 14.08.2020 00:00 (CET/CEST)","3523"
"France (FR)","14.08.2020 00:00 - 14.08.2020 01:00 (CET/CEST)","3255"
"France (FR)","14.08.2020 01:00 - 14.08.2020 02:00 (CET/CEST)","3114"
"France (FR)","14.08.2020 02:00 - 14.08.2020 03:00 (CET/CEST)","2907"
"France (FR)","14.08.2020 03:00 - 14.08.2020 04:00 (CET/CEST)","2940"
"France (FR)","14.08.2020 04:00 - 14.08.2020 05:00 (CET/CEST)","2973"
"France (FR)","14.08.2020 05:00 - 14.08.2020 06:00 (CET/CEST)","2993"
"France (FR)","14.08.2020 06:00 - 14.08.2020 07:00 (CET/CEST)","3141"
"France (FR)","14.08.2020 07:00 - 14.08.2020 08:00 (CET/CEST)","3281"
"France (FR)","14.08.2020 08:00 - 14.08.2020 09:00 (CET/CEST)","3550"
"France (FR)","14.08.2020 09:00 - 14.08.2020 10:00 (CET/CEST)","3514"
"France (FR)","14.08.2020 10:00 - 14.08.2020 11:00 (CET/CEST)","3534"
"France (FR)","14.08.2020 11:00 - 14.08.2020 12:00 (CET/CEST)","3610"
"France (FR)","14.08.2020 12:00 - 14.08.2020 13:00 (CET/CEST)","3610"
"France (FR)","14.08.2020 13:00 - 14.08.2020 14:00 (CET/CEST)","3519"
"France (FR)","14.08.2020 14:00 - 14.08.2020 15:00 (CET/CEST)","3354"
"France (FR)","14.08.2020 15:00 - 14.08.2020 16:00 (CET/CEST)","3317"
"France (FR)","14.08.2020 16:00 - 14.08.2020 17:00 (CET/CEST)","3350"
"France (FR)","14.08.2020 17:00 - 14.08.2020 18:00 (CET/CEST)","3528"
"France (FR)","14.08.2020 18:00 - 14.08.2020 19:00 (CET/CEST)","3788"
"France (FR)","14.08.2020 19:00 - 14.08.2020 20:00 (CET/CEST)","3975"
"France (FR)","14.08.2020 20:00 - 14.08.2020 21:00 (CET/CEST)","4037"
"France (FR)","14.08.2020 21:00 - 14.08.2020 22:00 (CET/CEST)","3904"
"France (FR)","14.08.2020 22:00 - 14.08.2020 23:00 (CET/CEST)","3839"
"France (FR)","14.08.2020 23:00 - 15.08.2020 00:00 (CET/CEST)","3627"
"France (FR)","15.08.2020 00:00 - 15.08.2020 01:00 (CET/CEST)","3369"
"France (FR)","15.08.2020 01:00 - 15.08.2020 02:00 (CET/CEST)","3200"
"France (FR)","15.08.2020 02:00 - 15.08.2020 03:00 (CET/CEST)","3084"
"France (FR)","15.08.2020 03:00 - 15.08.2020 04:00 (CET/CEST)","2938"
"France (FR)","15.08.2020 04:00 - 15.08.2020 05:00 (CET/CEST)","2928"
"France (FR)","15.08.2020 05:00 - 15.08.2020 06:00 (CET/CEST)","2956"
"France (FR)","15.08.2020 06:00 - 15.08.2020 07:00 (CET/CEST)","2954"
"France (FR)","15.08.2020 07:00 - 15.08.2020 08:00 (CET/CEST)","2784"
"France (FR)","15.08.2020 08:00 - 15.08.2020 09:00 (CET/CEST)","2837"
"France (FR)","15.08.2020 09:00 - 15.08.2020 10:00 (CET/CEST)","2871"
"France (FR)","15.08.2020 10:00 - 15.08.2020 11:00 (CET/CEST)","2899"
"France (FR)","15.08.2020 11:00 - 15.08.2020 12:00 (CET/CEST)","2880"
"France (FR)","15.08.2020 12:00 - 15.08.2020 13:00 (CET/CEST)","2774"
"France (FR)","15.08.2020 13:00 - 15.08.2020 14:00 (CET/CEST)","2805"
"France (FR)","15.08.2020 14:00 - 15.08.2020 15:00 (CET/CEST)","2750"
"France (FR)","15.08.2020 15:00 - 15.08.2020 16:00 (CET/CEST)","2650"
"France (FR)","15.08.2020 16:00 - 15.08.2020 17:00 (CET/CEST)","2718"
"France (FR)","15.08.2020 17:00 - 15.08.2020 18:00 (CET/CEST)","3013"
"France (FR)","15.08.2020 18:00 - 15.08.2020 19:00 (CET/CEST)","3129"
"France (FR)","15.08.2020 19:00 - 15.08.2020 20:00 (CET/CEST)","3221"
"France (FR)","15.08.2020 20:00 - 15.08.2020 21:00 (CET/CEST)","3325"
"France (FR)","15.08.2020 21:00 - 15.08.2020 22:00 (CET/CEST)","3298"
"France (FR)","15.08.2020 22:00 - 15.08.2020 23:00 (CET/CEST)","3261"
"France (FR)","15.08.2020 23:00 - 16.08.2020 00:00 (CET/CEST)","3029"
"France (FR)","16.08.2020 00:00 - 16.08.2020 01:00 (CET/CEST)","2832"
"France (FR)","16.08.2020 01:00 - 16.08.2020 02:00 (CET/CEST)","2647"
"France (FR)","16.08.2020 02:00 - 16.08.2020 03:00 (CET/CEST)","2584"
"France (FR)","16.08.2020 03:00 - 16.08.2020 04:00 (CET/CEST)","2537"
"France (FR)","16.08.2020 04:00 - 16.08.2020 05:00 (CET/CEST)","2511"
"France (FR)","16.08.2020 05:00 - 16.08.2020 06:00 (CET/CEST)","2532"
"France (FR)","16.08.2020 06:00 - 16.08.2020 07:00 (CET/CEST)","2484"
"France (FR)","16.08.2020 07:00 - 16.08.2020 08:00 (CET/CEST)","2416"
"France (FR)","16.08.2020 08:00 - 16.08.2020 09:00 (CET/CEST)","2532"
"France (FR)","16.08.2020 09:00 - 16.08.2020 10:00 (CET/CEST)","2632"
"France (FR)","16.08.2020 10:00 - 16.08.2020 11:00 (CET/CEST)","2720"
"France (FR)","16.08.2020 11:00 - 16.08.2020 12:00 (CET/CEST)","2594"
"France (FR)","16.08.2020 12:00 - 16.08.2020 13:00 (CET/CEST)","2474"
"France (FR)","16.08.2020 13:00 - 16.08.2020 14:00 (CET/CEST)","2451"
"France (FR)","16.08.2020 14:00 - 16.08.2020 15:00 (CET/CEST)","2359"
"France (FR)","16.08.2020 15:00 - 16.08.2020 16:00 (CET/CEST)","2283"
"France (FR)","16.08.2020 16:00 - 16.08.2020 17:00 (CET/CEST)","2447"
"France (FR)","16.08.2020 17:00 - 16.08.2020 18:00 (CET/CEST)","2712"
"France (FR)","16.08.2020 18:00 - 16.08.2020 19:00 (CET/CEST)","2940"
"France (FR)","16.08.2020 19:00 - 16.08.2020 20:00 (CET/CEST)","3016"
"France (FR)","16.08.2020 20:00 - 16.08.2020 21:00 (CET/CEST)","3115"
"France (FR)","16.08.2020 21:00 - 16.08.2020 22:00 (CET/CEST)","3149"
"France (FR)","16.08.2020 22:00 - 16.08.2020 23:00 (CET/CEST)","3101"
"France (FR)","16.08.2020 23:00 - 17.08.2020 00:00 (CET/CEST)","3142"
"France (FR)","17.08.2020 00:00 - 17.08.2020 01:00 (CET/CEST)","2997"
"France (FR)","17.08.2020 01:00 - 17.08.2020 02:00 (CET/CEST)","2939"
"France (FR)","17.08.2020 02:00 - 17.08.2020 03:00 (CET/CEST)","2676"
"France (FR)","17.08.2020 03:00 - 17.08.2020 04:00 (CET/CEST)","2581"
"France (FR)","17.08.2020 04:00 - 17.08.2020 05:00 (CET/CEST)","2519"
"France (FR)","17.08.2020 05:00 - 17.08.2020 06:00 (CET/CEST)","2551"
"France (FR)","17.08.2020 06:00 - 17.08.2020 07:00 (CET/CEST)","2803"
"France (FR)","17.08.2020 07:00 - 17.08.2020 08:00 (CET/CEST)","2957"
"France (FR)","17.08.2020 08:00 - 17.08.2020 09:00 (CET/CEST)","3193"
"France (FR)","17.08.2020 09:00 - 17.08.2020 10:00 (CET/CEST)","3223"
"France (FR)","17.08.2020 10:00 - 17.08.2020 11:00 (CET/CEST)","3285"
"France (FR)","17.08.2020 11:00 - 17.08.2020 12:00 (CET/CEST)","3327"
"France (FR)","17.08.2020 12:00 - 17.08.2020 13:00 (CET/CEST)","3425"
"France (FR)","17.08.2020 13:00 - 17.08.2020 14:00 (CET/CEST)","3437"
"France (FR)","17.08.2020 14:00 - 17.08.2020 15:00 (CET/CEST)","3253"
"France (FR)","17.08.2020 15:00 - 17.08.2020 16:00 (CET/CEST)","3128"
"France (FR)","17.08.2020 16:00 - 17.08.2020 17:00 (CET/CEST)","3297"
"France (FR)","17.08.2020 17:00 - 17.08.2020 18:00 (CET/CEST)","3596"
"France (FR)","17.08.2020 18:00 - 17.08.2020 19:00 (CET/CEST)","3907"
"France (FR)","17.08.2020 19:00 - 17.08.2020 20:00 (CET/CEST)","4113"
"France (FR)","17.08.2020 20:00 - 17.08.2020 21:00 (CET/CEST)","4082"
"France (FR)","17.08.2020 21:00 - 17.08.2020 22:00 (CET/CEST)","3853"
"France (FR)","17.08.2020 22:00 - 17.08.2020 23:00 (CET/CEST)","3847"
"France (FR)","17.08.2020 23:00 - 18.08.2020 00:00 (CET/CEST)","3842"
"France (FR)","18.08.2020 00:00 - 18.08.2020 01:00 (CET/CEST)","3539"
"France (FR)","18.08.2020 01:00 - 18.08.2020 02:00 (CET/CEST)","3204"
"France (FR)","18.08.2020 02:00 - 18.08.2020 03:00 (CET/CEST)","3036"
"France (FR)","18.08.2020 03:00 - 18.08.2020 04:00 (CET/CEST)","2967"
"France (FR)","18.08.2020 04:00 - 18.08.2020 05:00 (CET/CEST)","2984"
"France (FR)","18.08.2020 05:00 - 18.08.2020 06:00 (CET/CEST)","3091"
"France (FR)","18.08.2020 06:00 - 18.08.2020 07:00 (CET/CEST)","3227"
"France (FR)","18.08.2020 07:00 - 18.08.2020 08:00 (CET/CEST)","3401"
"France (FR)","18.08.2020 08:00 - 18.08.2020 09:00 (CET/CEST)","3463"
"France (FR)","18.08.2020 09:00 - 18.08.2020 10:00 (CET/CEST)","3403"
"France (FR)","18.08.2020 10:00 - 18.08.2020 11:00 (CET/CEST)","3560"
"France (FR)","18.08.2020 11:00 - 18.08.2020 12:00 (CET/CEST)","3683"
"France (FR)","18.08.2020 12:00 - 18.08.2020 13:00 (CET/CEST)","3556"
"France (FR)","18.08.2020 13:00 - 18.08.2020 14:00 (CET/CEST)","3514"
"France (FR)","18.08.2020 14:00 - 18.08.2020 15:00 (CET/CEST)","3434"
"France (FR)","18.08.2020 15:00 - 18.08.2020 16:00 (CET/CEST)","3304"
"France (FR)","18.08.2020 16:00 - 18.08.2020 17:00 (CET/CEST)","3243"
"France (FR)","18.08.2020 17:00 - 18.08.2020 18:00 (CET/CEST)","3311"
"France (FR)","18.08.2020 18:00 - 18.08.2020 19:00 (CET/CEST)","3710"
"France (FR)","18.08.2020 19:00 - 18.08.2020 20:00 (CET/CEST)","3892"
"France (FR)","18.08.2020 20:00 - 18.08.2020 21:00 (CET/CEST)","3873"
"France (FR)","18.08.2020 21:00 - 18.08.2020 22:00 (CET/CEST)","3811"
"France (FR)","18.08.2020 22:00 - 18.08.2020 23:00 (CET/CEST)","3602"
"France (FR)","18.08.2020 23:00 - 19.08.2020 00:00 (CET/CEST)","3636"
"France (FR)","19.08.2020 00:00 - 19.08.2020 01:00 (CET/CEST)","3568"
"France (FR)","19.08.2020 01:00 - 19.08.2020 02:00 (CET/CEST)","3153"
"France (FR)","19.08.2020 02:00 - 19.08.2020 03:00 (CET/CEST)","2964"
"France (FR)","19.08.2020 03:00 - 19.08.2020 04:00 (CET/CEST)","2902"
"France (FR)","19.08.2020 04:00 - 19.08.2020 05:00 (CET/CEST)","2763"
"France (FR)","19.08.2020 05:00 - 19.08.2020 06:00 (CET/CEST)","2869"
"France (FR)","19.08.2020 06:00 - 19.08.2020 07:00 (CET/CEST)","2991"
"France (FR)","19.08.2020 07:00 - 19.08.2020 08:00 (CET/CEST)","3203"
"France (FR)","19.08.2020 08:00 - 19.08.2020 09:00 (CET/CEST)","3346"
"France (FR)","19.08.2020 09:00 - 19.08.2020 10:00 (CET/CEST)","3401"
"France (FR)","19.08.2020 10:00 - 19.08.2020 11:00 (CET/CEST)","3404"
"France (FR)","19.08.2020 11:00 - 19.08.2020 12:00 (CET/CEST)","3380"
"France (FR)","19.08.2020 12:00 - 19.08.2020 13:00 (CET/CEST)","3440"
"France (FR)","19.08.2020 13:00 - 19.08.2020 14:00 (CET/CEST)","3356"
"France (FR)","19.08.2020 14:00 - 19.08.2020 15:00 (CET/CEST)","3257"
"France (FR)","19.08.2020 15:00 - 19.08.2020 16:00 (CET/CEST)","3189"
"France (FR)","19.08.2020 16:00 - 19.08.2020 17:00 (CET/CEST)","3224"
"France (FR)","19.08.2020 17:00 - 19.08.2020 18:00 (CET/CEST)","3363"
"France (FR)","19.08.2020 18:00 - 19.08.2020 19:00 (CET/CEST)","3819"
"France (FR)","19.08.2020 19:00 - 19.08.2020 20:00 (CET/CEST)","3917"
"France (FR)","19.08.2020 20:00 - 19.08.2020 21:00 (CET/CEST)","3830"
"France (FR)","19.08.2020 21:00 - 19.08.2020 22:00 (CET/CEST)","3606"
"France (FR)","19.08.2020 22:00 - 19.08.2020 23:00 (CET/CEST)","3424"
"France (FR)","19.08.2020 23:00 - 20.08.2020 00:00 (CET/CEST)","3355"
"France (FR)","20.08.2020 00:00 - 20.08.2020 01:00 (CET/CEST)","3204"
"France (FR)","20.08.2020 01:00 - 20.08.2020 02:00 (CET/CEST)","3030"
"France (FR)","20.08.2020 02:00 - 20.08.2020 03:00 (CET/CEST)","2922"
"France (FR)","20.08.2020 03:00 - 20.08.2020 04:00 (CET/CEST)","2893"
"France (FR)","20.08.2020 04:00 - 20.08.2020 05:00 (CET/CEST)","2901"
"France (FR)","20.08.2020 05:00 - 20.08.2020 06:00 (CET/CEST)","2848"
"France (FR)","20.08.2020 06:00 - 20.08.2020 07:00 (CET/CEST)","2969"
"France (FR)","20.08.2020 07:00 - 20.08.2020 08:00 (CET/CEST)","3214"
"France (FR)","20.08.2020 08:00 - 20.08.2020 09:00 (CET/CEST)","3342"
"France (FR)","20.08.2020 09:00 - 20.08.2020 10:00 (CET/CEST)","3426"
"France (FR)","20.08.2020 10:00 - 20.08.2020 11:00 (CET/CEST)","3432"
"France (FR)","20.08.2020 11:00 - 20.08.2020 12:00 (CET/CEST)","3358"
"France (FR)","20.08.2020 12:00 - 20.08.2020 13:00 (CET/CEST)","3338"
"France (FR)","20.08.2020 13:00 - 20.08.2020 14:00 (CET/CEST)","3252"
"France (FR)","20.08.2020 14:00 - 20.08.2020 15:00 (CET/CEST)","3124"
"France (FR)","20.08.2020 15:00 - 20.08.2020 16:00 (CET/CEST)","3057"
"France (FR)","20.08.2020 16:00 - 20.08.2020 17:00 (CET/CEST)","3243"
"France (FR)","20.08.2020 17:00 - 20.08.2020 18:00 (CET/CEST)","3440"
"France (FR)","20.08.2020 18:00 - 20.08.2020 19:00 (CET/CEST)","3720"
"France (FR)","20.08.2020 19:00 - 20.08.2020 20:00 (CET/CEST)","3986"
"France (FR)","20.08.2020 20:00 - 20.08.2020 21:00 (CET/CEST)","3920"
"France (FR)","20.08.2020 21:00 - 20.08.2020 22:00 (CET/CEST)","3737"
"France (FR)","20.08.2020 22:00 - 20.08.2020 23:00 (CET/CEST)","3639"
"France (FR)","20.08.2020 23:00 - 21.08.2020 00:00 (CET/CEST)","3441"
"France (FR)","21.08.2020 00:00 - 21.08.2020 01:00 (CET/CEST)","3459"
"France (FR)","21.08.2020 01:00 - 21.08.2020 02:00 (CET/CEST)","3084"
"France (FR)","21.08.2020 02:00 - 21.08.2020 03:00 (CET/CEST)","2969"
"France (FR)","21.08.2020 03:00 - 21.08.2020 04:00 (CET/CEST)","2916"
"France (FR)","21.08.2020 04:00 - 21.08.2020 05:00 (CET/CEST)","2906"
"France (FR)","21.08.2020 05:00 - 21.08.2020 06:00 (CET/CEST)","2842"
"France (FR)","21.08.2020 06:00 - 21.08.2020 07:00 (CET/CEST)","2903"
"France (FR)","21.08.2020 07:00 - 21.08.2020 08:00 (CET/CEST)","3118"
"France (FR)","21.08.2020 08:00 - 21.08.2020 09:00 (CET/CEST)","3452"
"France (FR)","21.08.2020 09:00 - 21.08.2020 10:00 (CET/CEST)","3412"
"France (FR)","21.08.2020 10:00 - 21.08.2020 11:00 (CET/CEST)","3343"
"France (FR)","21.08.2020 11:00 - 21.08.2020 12:00 (CET/CEST)","3344"
"France (FR)","21.08.2020 12:00 - 21.08.2020 13:00 (CET/CEST)","3340"
"France (FR)","21.08.2020 13:00 - 21.08.2020 14:00 (CET/CEST)","3387"
"France (FR)","21.08.2020 14:00 - 21.08.2020 15:00 (CET/CEST)","3342"
"France (FR)","21.08.2020 15:00 - 21.08.2020 16:00 (CET/CEST)","3258"
"France (FR)","21.08.2020 16:00 - 21.08.2020 17:00 (CET/CEST)","3311"
"France (FR)","21.08.2020 17:00 - 21.08.2020 18:00 (CET/CEST)","3474"
"France (FR)","21.08.2020 18:00 - 21.08.2020 19:00 (CET/CEST)","3676"
"France (FR)","21.08.2020 19:00 - 21.08.2020 20:00 (CET/CEST)","3767"
"France (FR)","21.08.2020 20:00 - 21.08.2020 21:00 (CET/CEST)","3637"
"France (FR)","21.08.2020 21:00 - 21.08.2020 22:00 (CET/CEST)","3641"
"France (FR)","21.08.2020 22:00 - 21.08.2020 23:00 (CET/CEST)","3574"
"France (FR)","21.08.2020 23:00 - 22.08.2020 00:00 (CET/CEST)","3392"
"France (FR)","22.08.2020 00:00 - 22.08.2020 01:00 (CET/CEST)","3134"
"France (FR)","22.08.2020 01:00 - 22.08.2020 02:00 (CET/CEST)","3036"
"France (FR)","22.08.2020 02:00 - 22.08.2020 03:00 (CET/CEST)","2888"
"France (FR)","22.08.2020 03:00 - 22.08.2020 04:00 (CET/CEST)","2727"
"France (FR)","22.08.2020 04:00 - 22.08.2020 05:00 (CET/CEST)","2680"
"France (FR)","22.08.2020 05:00 - 22.08.2020 06:00 (CET/CEST)","2664"
"France (FR)","22.08.2020 06:00 - 22.08.2020 07:00 (CET/CEST)","2724"
"France (FR)","22.08.2020 07:00 - 22.08.2020 08:00 (CET/CEST)","2648"
"France (FR)","22.08.2020 08:00 - 22.08.2020 09:00 (CET/CEST)","2696"
"France (FR)","22.08.2020 09:00 - 22.08.2020 10:00 (CET/CEST)","2760"
"France (FR)","22.08.2020 10:00 - 22.08.2020 11:00 (CET/CEST)","2700"
"France (FR)","22.08.2020 11:00 - 22.08.2020 12:00 (CET/CEST)","2720"
"France (FR)","22.08.2020 12:00 - 22.08.2020 13:00 (CET/CEST)","2762"
"France (FR)","22.08.2020 13:00 - 22.08.2020 14:00 (CET/CEST)","2748"
"France (FR)","22.08.2020 14:00 - 22.08.2020 15:00 (CET/CEST)","2616"
"France (FR)","22.08.2020 15:00 - 22.08.2020 16:00 (CET/CEST)","2541"
"France (FR)","22.08.2020 16:00 - 22.08.2020 17:00 (CET/CEST)","2655"
"France (FR)","22.08.2020 17:00 - 22.08.2020 18:00 (CET/CEST)","2723"
"France (FR)","22.08.2020 18:00 - 22.08.2020 19:00 (CET/CEST)","2841"
"France (FR)","22.08.2020 19:00 - 22.08.2020 20:00 (CET/CEST)","2857"
"France (FR)","22.08.2020 20:00 - 22.08.2020 21:00 (CET/CEST)","2904"
"France (FR)","22.08.2020 21:00 - 22.08.2020 22:00 (CET/CEST)","3067"
"France (FR)","22.08.2020 22:00 - 22.08.2020 23:00 (CET/CEST)","3161"
"France (FR)","22.08.2020 23:00 - 23.08.2020 00:00 (CET/CEST)","2975"
"France (FR)","23.08.2020 00:00 - 23.08.2020 01:00 (CET/CEST)","2806"
"France (FR)","23.08.2020 01:00 - 23.08.2020 02:00 (CET/CEST)","2728"
"France (FR)","23.08.2020 02:00 - 23.08.2020 03:00 (CET/CEST)","2696"
"France (FR)","23.08.2020 03:00 - 23.08.2020 04:00 (CET/CEST)","2583"
"France (FR)","23.08.2020 04:00 - 23.08.2020 05:00 (CET/CEST)","2555"
"France (FR)","23.08.2020 05:00 - 23.08.2020 06:00 (CET/CEST)","2527"
"France (FR)","23.08.2020 06:00 - 23.08.2020 07:00 (CET/CEST)","2536"
"France (FR)","23.08.2020 07:00 - 23.08.2020 08:00 (CET/CEST)","2428"
"France (FR)","23.08.2020 08:00 - 23.08.2020 09:00 (CET/CEST)","2393"
"France (FR)","23.08.2020 09:00 - 23.08.2020 10:00 (CET/CEST)","2499"
"France (FR)","23.08.2020 10:00 - 23.08.2020 11:00 (CET/CEST)","2526"
"France (FR)","23.08.2020 11:00 - 23.08.2020 12:00 (CET/CEST)","2478"
"France (FR)","23.08.2020 12:00 - 23.08.2020 13:00 (CET/CEST)","2455"
"France (FR)","23.08.2020 13:00 - 23.08.2020 14:00 (CET/CEST)","2449"
"France (FR)","23.08.2020 14:00 - 23.08.2020 15:00 (CET/CEST)","2500"
"France (FR)","23.08.2020 15:00 - 23.08.2020 16:00 (CET/CEST)","2561"
"France (FR)","23.08.2020 16:00 - 23.08.2020 17:00 (CET/CEST)","2573"
"France (FR)","23.08.2020 17:00 - 23.08.2020 18:00 (CET/CEST)","2712"
"France (FR)","23.08.2020 18:00 - 23.08.2020 19:00 (CET/CEST)","2784"
"France (FR)","23.08.2020 19:00 - 23.08.2020 20:00 (CET/CEST)","2776"
"France (FR)","23.08.2020 20:00 - 23.08.2020 21:00 (CET/CEST)","2735"
"France (FR)","23.08.2020 21:00 - 23.08.2020 22:00 (CET/CEST)","2779"
"France (FR)","23.08.2020 22:00 - 23.08.2020 23:00 (CET/CEST)","2826"
"France (FR)","23.08.2020 23:00 - 24.08.2020 00:00 (CET/CEST)","2757"
"France (FR)","24.08.2020 00:00 - 24.08.2020 01:00 (CET/CEST)","2602"
"France (FR)","24.08.2020 01:00 - 24.08.2020 02:00 (CET/CEST)","2368"
"France (FR)","24.08.2020 02:00 - 24.08.2020 03:00 (CET/CEST)","2380"
"France (FR)","24.08.2020 03:00 - 24.08.2020 04:00 (CET/CEST)","2496"
"France (FR)","24.08.2020 04:00 - 24.08.2020 05:00 (CET/CEST)","2471"
"France (FR)","24.08.2020 05:00 - 24.08.2020 06:00 (CET/CEST)","2486"
"France (FR)","24.08.2020 06:00 - 24.08.2020 07:00 (CET/CEST)","2736"
"France (FR)","24.08.2020 07:00 - 24.08.2020 08:00 (CET/CEST)","2972"
"France (FR)","24.08.2020 08:00 - 24.08.2020 09:00 (CET/CEST)","2868"
"France (FR)","24.08.2020 09:00 - 24.08.2020 10:00 (CET/CEST)","2833"
"France (FR)","24.08.2020 10:00 - 24.08.2020 11:00 (CET/CEST)","2820"
"France (FR)","24.08.2020 11:00 - 24.08.2020 12:00 (CET/CEST)","2886"
"France (FR)","24.08.2020 12:00 - 24.08.2020 13:00 (CET/CEST)","2812"
"France (FR)","24.08.2020 13:00 - 24.08.2020 14:00 (CET/CEST)","2751"
"France (FR)","24.08.2020 14:00 - 24.08.2020 15:00 (CET/CEST)","2663"
"France (FR)","24.08.2020 15:00 - 24.08.2020 16:00 (CET/CEST)","2795"
"France (FR)","24.08.2020 16:00 - 24.08.2020 17:00 (CET/CEST)","2891"
"France (FR)","24.08.2020 17:00 - 24.08.2020 18:00 (CET/CEST)","3196"
"France (FR)","24.08.2020 18:00 - 24.08.2020 19:00 (CET/CEST)","3459"
"France (FR)","24.08.2020 19:00 - 24.08.2020 20:00 (CET/CEST)","3674"
"France (FR)","24.08.2020 20:00 - 24.08.2020 21:00 (CET/CEST)","3578"
"France (FR)","24.08.2020 21:00 - 24.08.2020 22:00 (CET/CEST)","3381"
"France (FR)","24.08.2020 22:00 - 24.08.2020 23:00 (CET/CEST)","3200"
"France (FR)","24.08.2020 23:00 - 25.08.2020 00:00 (CET/CEST)","2988"
"France (FR)","25.08.2020 00:00 - 25.08.2020 01:00 (CET/CEST)","2833"
"France (FR)","25.08.2020 01:00 - 25.08.2020 02:00 (CET/CEST)","2605"
"France (FR)","25.08.2020 02:00 - 25.08.2020 03:00 (CET/CEST)","2455"
"France (FR)","25.08.2020 03:00 - 25.08.2020 04:00 (CET/CEST)","2451"
"France (FR)","25.08.2020 04:00 - 25.08.2020 05:00 (CET/CEST)","2532"
"France (FR)","25.08.2020 05:00 - 25.08.2020 06:00 (CET/CEST)","2553"
"France (FR)","25.08.2020 06:00 - 25.08.2020 07:00 (CET/CEST)","2632"
"France (FR)","25.08.2020 07:00 - 25.08.2020 08:00 (CET/CEST)","2824"
"France (FR)","25.08.2020 08:00 - 25.08.2020 09:00 (CET/CEST)","2868"
"France (FR)","25.08.2020 09:00 - 25.08.2020 10:00 (CET/CEST)","2724"
"France (FR)","25.08.2020 10:00 - 25.08.2020 11:00 (CET/CEST)","2682"
"France (FR)","25.08.2020 11:00 - 25.08.2020 12:00 (CET/CEST)","2604"
"France (FR)","25.08.2020 12:00 - 25.08.2020 13:00 (CET/CEST)","2597"
"France (FR)","25.08.2020 13:00 - 25.08.2020 14:00 (CET/CEST)","2556"
"France (FR)","25.08.2020 14:00 - 25.08.2020 15:00 (CET/CEST)","2403"
"France (FR)","25.08.2020 15:00 - 25.08.2020 16:00 (CET/CEST)","2426"
"France (FR)","25.08.2020 16:00 - 25.08.2020 17:00 (CET/CEST)","2600"
"France (FR)","25.08.2020 17:00 - 25.08.2020 18:00 (CET/CEST)","2840"
"France (FR)","25.08.2020 18:00 - 25.08.2020 19:00 (CET/CEST)","2832"
"France (FR)","25.08.2020 19:00 - 25.08.2020 20:00 (CET/CEST)","2928"
"France (FR)","25.08.2020 20:00 - 25.08.2020 21:00 (CET/CEST)","2855"
"France (FR)","25.08.2020 21:00 - 25.08.2020 22:00 (CET/CEST)","2678"
"France (FR)","25.08.2020 22:00 - 25.08.2020 23:00 (CET/CEST)","2508"
"France (FR)","25.08.2020 23:00 - 26.08.2020 00:00 (CET/CEST)","2557"
"France (FR)","26.08.2020 00:00 - 26.08.2020 01:00 (CET/CEST)","2534"
"France (FR)","26.08.2020 01:00 - 26.08.2020 02:00 (CET/CEST)","2232"
"France (FR)","26.08.2020 02:00 - 26.08.2020 03:00 (CET/CEST)","2165"
"France (FR)","26.08.2020 03:00 - 26.08.2020 04:00 (CET/CEST)","2160"
"France (FR)","26.08.2020 04:00 - 26.08.2020 05:00 (CET/CEST)","2149"
"France (FR)","26.08.2020 05:00 - 26.08.2020 06:00 (CET/CEST)","2226"
"France (FR)","26.08.2020 06:00 - 26.08.2020 07:00 (CET/CEST)","2339"
"France (FR)","26.08.2020 07:00 - 26.08.2020 08:00 (CET/CEST)","2492"
"France (FR)","26.08.2020 08:00 - 26.08.2020 09:00 (CET/CEST)","2444"
"France (FR)","26.08.2020 09:00 - 26.08.2020 10:00 (CET/CEST)","2423"
"France (FR)","26.08.2020 10:00 - 26.08.2020 11:00 (CET/CEST)","2357"
"France (FR)","26.08.2020 11:00 - 26.08.2020 12:00 (CET/CEST)","2479"
"France (FR)","26.08.2020 12:00 - 26.08.2020 13:00 (CET/CEST)","2508"
"France (FR)","26.08.2020 13:00 - 26.08.2020 14:00 (CET/CEST)","2508"
"France (FR)","26.08.2020 14:00 - 26.08.2020 15:00 (CET/CEST)","2419"
"France (FR)","26.08.2020 15:00 - 26.08.2020 16:00 (CET/CEST)","2368"
"France (FR)","26.08.2020 16:00 - 26.08.2020 17:00 (CET/CEST)","2356"
"France (FR)","26.08.2020 17:00 - 26.08.2020 18:00 (CET/CEST)","2526"
"France (FR)","26.08.2020 18:00 - 26.08.2020 19:00 (CET/CEST)","2869"
"France (FR)","26.08.2020 19:00 - 26.08.2020 20:00 (CET/CEST)","3191"
"France (FR)","26.08.2020 20:00 - 26.08.2020 21:00 (CET/CEST)","3333"
"France (FR)","26.08.2020 21:00 - 26.08.2020 22:00 (CET/CEST)","3189"
"France (FR)","26.08.2020 22:00 - 26.08.2020 23:00 (CET/CEST)","3002"
"France (FR)","26.08.2020 23:00 - 27.08.2020 00:00 (CET/CEST)","2834"
"France (FR)","27.08.2020 00:00 - 27.08.2020 01:00 (CET/CEST)","2478"
"France (FR)","27.08.2020 01:00 - 27.08.2020 02:00 (CET/CEST)","2217"
"France (FR)","27.08.2020 02:00 - 27.08.2020 03:00 (CET/CEST)","2113"
"France (FR)","27.08.2020 03:00 - 27.08.2020 04:00 (CET/CEST)","2142"
"France (FR)","27.08.2020 04:00 - 27.08.2020 05:00 (CET/CEST)","2080"
"France (FR)","27.08.2020 05:00 - 27.08.2020 06:00 (CET/CEST)","2105"
"France (FR)","27.08.2020 06:00 - 27.08.2020 07:00 (CET/CEST)","2244"
"France (FR)","27.08.2020 07:00 - 27.08.2020 08:00 (CET/CEST)","2391"
"France (FR)","27.08.2020 08:00 - 27.08.2020 09:00 (CET/CEST)","2549"
"France (FR)","27.08.2020 09:00 - 27.08.2020 10:00 (CET/CEST)","2481"
"France (FR)","27.08.2020 10:00 - 27.08.2020 11:00 (CET/CEST)","2399"
"France (FR)","27.08.2020 11:00 - 27.08.2020 12:00 (CET/CEST)","2420"
"France (FR)","27.08.2020 12:00 - 27.08.2020 13:00 (CET/CEST)","2578"
"France (FR)","27.08.2020 13:00 - 27.08.2020 14:00 (CET/CEST)","2655"
"France (FR)","27.08.2020 14:00 - 27.08.2020 15:00 (CET/CEST)","2645"
"France (FR)","27.08.2020 15:00 - 27.08.2020 16:00 (CET/CEST)","2555"
"France (FR)","27.08.2020 16:00 - 27.08.2020 17:00 (CET/CEST)","2515"
"France (FR)","27.08.2020 17:00 - 27.08.2020 18:00 (CET/CEST)","2631"
"France (FR)","27.08.2020 18:00 - 27.08.2020 19:00 (CET/CEST)","2974"
"France (FR)","27.08.2020 19:00 - 27.08.2020 20:00 (CET/CEST)","3387"
"France (FR)","27.08.2020 20:00 - 27.08.2020 21:00 (CET/CEST)","3448"
"France (FR)","27.08.2020 21:00 - 27.08.2020 22:00 (CET/CEST)","3280"
"France (FR)","27.08.2020 22:00 - 27.08.2020 23:00 (CET/CEST)","2968"
"France (FR)","27.08.2020 23:00 - 28.08.2020 00:00 (CET/CEST)","2645"
"France (FR)","28.08.2020 00:00 - 28.08.2020 01:00 (CET/CEST)","2596"
"France (FR)","28.08.2020 01:00 - 28.08.2020 02:00 (CET/CEST)","2347"
"France (FR)","28.08.2020 02:00 - 28.08.2020 03:00 (CET/CEST)","2136"
"France (FR)","28.08.2020 03:00 - 28.08.2020 04:00 (CET/CEST)","2227"
"France (FR)","28.08.2020 04:00 - 28.08.2020 05:00 (CET/CEST)","2149"
"France (FR)","28.08.2020 05:00 - 28.08.2020 06:00 (CET/CEST)","2135"
"France (FR)","28.08.2020 06:00 - 28.08.2020 07:00 (CET/CEST)","2267"
"France (FR)","28.08.2020 07:00 - 28.08.2020 08:00 (CET/CEST)","2442"
"France (FR)","28.08.2020 08:00 - 28.08.2020 09:00 (CET/CEST)","2483"
"France (FR)","28.08.2020 09:00 - 28.08.2020 10:00 (CET/CEST)","2647"
"France (FR)","28.08.2020 10:00 - 28.08.2020 11:00 (CET/CEST)","2563"
"France (FR)","28.08.2020 11:00 - 28.08.2020 12:00 (CET/CEST)","2521"
"France (FR)","28.08.2020 12:00 - 28.08.2020 13:00 (CET/CEST)","2517"
"France (FR)","28.08.2020 13:00 - 28.08.2020 14:00 (CET/CEST)","2535"
"France (FR)","28.08.2020 14:00 - 28.08.2020 15:00 (CET/CEST)","2520"
"France (FR)","28.08.2020 15:00 - 28.08.2020 16:00 (CET/CEST)","2468"
"France (FR)","28.08.2020 16:00 - 28.08.2020 17:00 (CET/CEST)","2493"
"France (FR)","28.08.2020 17:00 - 28.08.2020 18:00 (CET/CEST)","2642"
"France (FR)","28.08.2020 18:00 - 28.08.2020 19:00 (CET/CEST)","2950"
"France (FR)","28.08.2020 19:00 - 28.08.2020 20:00 (CET/CEST)","3062"
"France (FR)","28.08.2020 20:00 - 28.08.2020 21:00 (CET/CEST)","3144"
"France (FR)","28.08.2020 21:00 - 28.08.2020 22:00 (CET/CEST)","3276"
"France (FR)","28.08.2020 22:00 - 28.08.2020 23:00 (CET/CEST)","3119"
"France (FR)","28.08.2020 23:00 - 29.08.2020 00:00 (CET/CEST)","3021"
"France (FR)","29.08.2020 00:00 - 29.08.2020 01:00 (CET/CEST)","2807"
"France (FR)","29.08.2020 01:00 - 29.08.2020 02:00 (CET/CEST)","2690"
"France (FR)","29.08.2020 02:00 - 29.08.2020 03:00 (CET/CEST)","2609"
"France (FR)","29.08.2020 03:00 - 29.08.2020 04:00 (CET/CEST)","2474"
"France (FR)","29.08.2020 04:00 - 29.08.2020 05:00 (CET/CEST)","2434"
"France (FR)","29.08.2020 05:00 - 29.08.2020 06:00 (CET/CEST)","2400"
"France (FR)","29.08.2020 06:00 - 29.08.2020 07:00 (CET/CEST)","2516"
"France (FR)","29.08.2020 07:00 - 29.08.2020 08:00 (CET/CEST)","2614"
"France (FR)","29.08.2020 08:00 - 29.08.2020 09:00 (CET/CEST)","2606"
"France (FR)","29.08.2020 09:00 - 29.08.2020 10:00 (CET/CEST)","2785"
"France (FR)","29.08.2020 10:00 - 29.08.2020 11:00 (CET/CEST)","2840"
"France (FR)","29.08.2020 11:00 - 29.08.2020 12:00 (CET/CEST)","2809"
"France (FR)","29.08.2020 12:00 - 29.08.2020 13:00 (CET/CEST)","2865"
"France (FR)","29.08.2020 13:00 - 29.08.2020 14:00 (CET/CEST)","2706"
"France (FR)","29.08.2020 14:00 - 29.08.2020 15:00 (CET/CEST)","2611"
"France (FR)","29.08.2020 15:00 - 29.08.2020 16:00 (CET/CEST)","2475"
"France (FR)","29.08.2020 16:00 - 29.08.2020 17:00 (CET/CEST)","2497"
"France (FR)","29.08.2020 17:00 - 29.08.2020 18:00 (CET/CEST)","2774"
"France (FR)","29.08.2020 18:00 - 29.08.2020 19:00 (CET/CEST)","2928"
"France (FR)","29.08.2020 19:00 - 29.08.2020 20:00 (CET/CEST)","3074"
"France (FR)","29.08.2020 20:00 - 29.08.2020 21:00 (CET/CEST)","3150"
"France (FR)","29.08.2020 21:00 - 29.08.2020 22:00 (CET/CEST)","3138"
"France (FR)","29.08.2020 22:00 - 29.08.2020 23:00 (CET/CEST)","3122"
"France (FR)","29.08.2020 23:00 - 30.08.2020 00:00 (CET/CEST)","3037"
"France (FR)","30.08.2020 00:00 - 30.08.2020 01:00 (CET/CEST)","2943"
"France (FR)","30.08.2020 01:00 - 30.08.2020 02:00 (CET/CEST)","2818"
"France (FR)","30.08.2020 02:00 - 30.08.2020 03:00 (CET/CEST)","2613"
"France (FR)","30.08.2020 03:00 - 30.08.2020 04:00 (CET/CEST)","2530"
"France (FR)","30.08.2020 04:00 - 30.08.2020 05:00 (CET/CEST)","2484"
"France (FR)","30.08.2020 05:00 - 30.08.2020 06:00 (CET/CEST)","2483"
"France (FR)","30.08.2020 06:00 - 30.08.2020 07:00 (CET/CEST)","2540"
"France (FR)","30.08.2020 07:00 - 30.08.2020 08:00 (CET/CEST)","2645"
"France (FR)","30.08.2020 08:00 - 30.08.2020 09:00 (CET/CEST)","2866"
"France (FR)","30.08.2020 09:00 - 30.08.2020 10:00 (CET/CEST)","2886"
"France (FR)","30.08.2020 10:00 - 30.08.2020 11:00 (CET/CEST)","2977"
"France (FR)","30.08.2020 11:00 - 30.08.2020 12:00 (CET/CEST)","3124"
"France (FR)","30.08.2020 12:00 - 30.08.2020 13:00 (CET/CEST)","3228"
"France (FR)","30.08.2020 13:00 - 30.08.2020 14:00 (CET/CEST)","3219"
"France (FR)","30.08.2020 14:00 - 30.08.2020 15:00 (CET/CEST)","3054"
"France (FR)","30.08.2020 15:00 - 30.08.2020 16:00 (CET/CEST)","3037"
"France (FR)","30.08.2020 16:00 - 30.08.2020 17:00 (CET/CEST)","3141"
"France (FR)","30.08.2020 17:00 - 30.08.2020 18:00 (CET/CEST)","3281"
"France (FR)","30.08.2020 18:00 - 30.08.2020 19:00 (CET/CEST)","3496"
"France (FR)","30.08.2020 19:00 - 30.08.2020 20:00 (CET/CEST)","3635"
"France (FR)","30.08.2020 20:00 - 30.08.2020 21:00 (CET/CEST)","3635"
"France (FR)","30.08.2020 21:00 - 30.08.2020 22:00 (CET/CEST)","3614"
"France (FR)","30.08.2020 22:00 - 30.08.2020 23:00 (CET/CEST)","3694"
"France (FR)","30.08.2020 23:00 - 31.08.2020 00:00 (CET/CEST)","3648"
"France (FR)","31.08.2020 00:00 - 31.08.2020 01:00 (CET/CEST)","3500"
"France (FR)","31.08.2020 01:00 - 31.08.2020 02:00 (CET/CEST)","3367"
"France (FR)","31.08.2020 02:00 - 31.08.2020 03:00 (CET/CEST)","3255"
"France (FR)","31.08.2020 03:00 - 31.08.2020 04:00 (CET/CEST)","3143"
"France (FR)","31.08.2020 04:00 - 31.08.2020 05:00 (CET/CEST)","3121"
"France (FR)","31.08.2020 05:00 - 31.08.2020 06:00 (CET/CEST)","3220"
"France (FR)","31.08.2020 06:00 - 31.08.2020 07:00 (CET/CEST)","3475"
"France (FR)","31.08.2020 07:00 - 31.08.2020 08:00 (CET/CEST)","3741"
"France (FR)","31.08.2020 08:00 - 31.08.2020 09:00 (CET/CEST)","3899"
"France (FR)","31.08.2020 09:00 - 31.08.2020 10:00 (CET/CEST)","3857"
"France (FR)","31.08.2020 10:00 - 31.08.2020 11:00 (CET/CEST)","3657"
"France (FR)","31.08.2020 11:00 - 31.08.2020 12:00 (CET/CEST)","3636"
"France (FR)","31.08.2020 12:00 - 31.08.2020 13:00 (CET/CEST)","3651"
"France (FR)","31.08.2020 13:00 - 31.08.2020 14:00 (CET/CEST)","3520"
"France (FR)","31.08.2020 14:00 - 31.08.2020 15:00 (CET/CEST)","3400"
"France (FR)","31.08.2020 15:00 - 31.08.2020 16:00 (CET/CEST)","3332"
"France (FR)","31.08.2020 16:00 - 31.08.2020 17:00 (CET/CEST)","3448"
"France (FR)","31.08.2020 17:00 - 31.08.2020 18:00 (CET/CEST)","3630"
"France (FR)","31.08.2020 18:00 - 31.08.2020 19:00 (CET/CEST)","3786"
"France (FR)","31.08.2020 19:00 - 31.08.2020 20:00 (CET/CEST)","4023"
"France (FR)","31.08.2020 20:00 - 31.08.2020 21:00 (CET/CEST)","4046"
"France (FR)","31.08.2020 21:00 - 31.08.2020 22:00 (CET/CEST)","3871"
"France (FR)","31.08.2020 22:00 - 31.08.2020 23:00 (CET/CEST)","3636"
"France (FR)","31.08.2020 23:00 - 01.09.2020 00:00 (CET/CEST)","3725"
"France (FR)","01.09.2020 00:00 - 01.09.2020 01:00 (CET/CEST)","3469"
"France (FR)","01.09.2020 01:00 - 01.09.2020 02:00 (CET/CEST)","3242"
"France (FR)","01.09.2020 02:00 - 01.09.2020 03:00 (CET/CEST)","3105"
"France (FR)","01.09.2020 03:00 - 01.09.2020 04:00 (CET/CEST)","3034"
"France (FR)","01.09.2020 04:00 - 01.09.2020 05:00 (CET/CEST)","2955"
"France (FR)","01.09.2020 05:00 - 01.09.2020 06:00 (CET/CEST)","3019"
"France (FR)","01.09.2020 06:00 - 01.09.2020 07:00 (CET/CEST)","3226"
"France (FR)","01.09.2020 07:00 - 01.09.2020 08:00 (CET/CEST)","3582"
"France (FR)","01.09.2020 08:00 - 01.09.2020 09:00 (CET/CEST)","3884"
"France (FR)","01.09.2020 09:00 - 01.09.2020 10:00 (CET/CEST)","3850"
"France (FR)","01.09.2020 10:00 - 01.09.2020 11:00 (CET/CEST)","3809"
"France (FR)","01.09.2020 11:00 - 01.09.2020 12:00 (CET/CEST)","3861"
"France (FR)","01.09.2020 12:00 - 01.09.2020 13:00 (CET/CEST)","4009"
"France (FR)","01.09.2020 13:00 - 01.09.2020 14:00 (CET/CEST)","3805"
"France (FR)","01.09.2020 14:00 - 01.09.2020 15:00 (CET/CEST)","3635"
"France (FR)","01.09.2020 15:00 - 01.09.2020 16:00 (CET/CEST)","3397"
"France (FR)","01.09.2020 16:00 - 01.09.2020 17:00 (CET/CEST)","3298"
"France (FR)","01.09.2020 17:00 - 01.09.2020 18:00 (CET/CEST)","3476"
"France (FR)","01.09.2020 18:00 - 01.09.2020 19:00 (CET/CEST)","3781"
"France (FR)","01.09.2020 19:00 - 01.09.2020 20:00 (CET/CEST)","3965"
"France (FR)","01.09.2020 20:00 - 01.09.2020 21:00 (CET/CEST)","4085"
"France (FR)","01.09.2020 21:00 - 01.09.2020 22:00 (CET/CEST)","3872"
"France (FR)","01.09.2020 22:00 - 01.09.2020 23:00 (CET/CEST)","3547"
"France (FR)","01.09.2020 23:00 - 02.09.2020 00:00 (CET/CEST)","3512"
"France (FR)","02.09.2020 00:00 - 02.09.2020 01:00 (CET/CEST)","3511"
"France (FR)","02.09.2020 01:00 - 02.09.2020 02:00 (CET/CEST)","3364"
"France (FR)","02.09.2020 02:00 - 02.09.2020 03:00 (CET/CEST)","3213"
"France (FR)","02.09.2020 03:00 - 02.09.2020 04:00 (CET/CEST)","3127"
"France (FR)","02.09.2020 04:00 - 02.09.2020 05:00 (CET/CEST)","2983"
"France (FR)","02.09.2020 05:00 - 02.09.2020 06:00 (CET/CEST)","2952"
"France (FR)","02.09.2020 06:00 - 02.09.2020 07:00 (CET/CEST)","3355"
"France (FR)","02.09.2020 07:00 - 02.09.2020 08:00 (CET/CEST)","3752"
"France (FR)","02.09.2020 08:00 - 02.09.2020 09:00 (CET/CEST)","3966"
"France (FR)","02.09.2020 09:00 - 02.09.2020 10:00 (CET/CEST)","3879"
"France (FR)","02.09.2020 10:00 - 02.09.2020 11:00 (CET/CEST)","3815"
"France (FR)","02.09.2020 11:00 - 02.09.2020 12:00 (CET/CEST)","3714"
"France (FR)","02.09.2020 12:00 - 02.09.2020 13:00 (CET/CEST)","3665"
"France (FR)","02.09.2020 13:00 - 02.09.2020 14:00 (CET/CEST)","3533"
"France (FR)","02.09.2020 14:00 - 02.09.2020 15:00 (CET/CEST)","3389"
"France (FR)","02.09.2020 15:00 - 02.09.2020 16:00 (CET/CEST)","3348"
"France (FR)","02.09.2020 16:00 - 02.09.2020 17:00 (CET/CEST)","3475"
"France (FR)","02.09.2020 17:00 - 02.09.2020 18:00 (CET/CEST)","3730"
"France (FR)","02.09.2020 18:00 - 02.09.2020 19:00 (CET/CEST)","4032"
"France (FR)","02.09.2020 19:00 - 02.09.2020 20:00 (CET/CEST)","4324"
"France (FR)","02.09.2020 20:00 - 02.09.2020 21:00 (CET/CEST)","4301"
"France (FR)","02.09.2020 21:00 - 02.09.2020 22:00 (CET/CEST)","4008"
"France (FR)","02.09.2020 22:00 - 02.09.2020 23:00 (CET/CEST)","3680"
"France (FR)","02.09.2020 23:00 - 03.09.2020 00:00 (CET/CEST)","3525"
"France (FR)","03.09.2020 00:00 - 03.09.2020 01:00 (CET/CEST)","3421"
"France (FR)","03.09.2020 01:00 - 03.09.2020 02:00 (CET/CEST)","3283"
"France (FR)","03.09.2020 02:00 - 03.09.2020 03:00 (CET/CEST)","3191"
"France (FR)","03.09.2020 03:00 - 03.09.2020 04:00 (CET/CEST)","3102"
"France (FR)","03.09.2020 04:00 - 03.09.2020 05:00 (CET/CEST)","3021"
"France (FR)","03.09.2020 05:00 - 03.09.2020 06:00 (CET/CEST)","2907"
"France (FR)","03.09.2020 06:00 - 03.09.2020 07:00 (CET/CEST)","3143"
"France (FR)","03.09.2020 07:00 - 03.09.2020 08:00 (CET/CEST)","3493"
"France (FR)","03.09.2020 08:00 - 03.09.2020 09:00 (CET/CEST)","3730"
"France (FR)","03.09.2020 09:00 - 03.09.2020 10:00 (CET/CEST)","3621"
"France (FR)","03.09.2020 10:00 - 03.09.2020 11:00 (CET/CEST)","3502"
"France (FR)","03.09.2020 11:00 - 03.09.2020 12:00 (CET/CEST)","3493"
"France (FR)","03.09.2020 12:00 - 03.09.2020 13:00 (CET/CEST)","3607"
"France (FR)","03.09.2020 13:00 - 03.09.2020 14:00 (CET/CEST)","3610"
"France (FR)","03.09.2020 14:00 - 03.09.2020 15:00 (CET/CEST)","3477"
"France (FR)","03.09.2020 15:00 - 03.09.2020 16:00 (CET/CEST)","3366"
"France (FR)","03.09.2020 16:00 - 03.09.2020 17:00 (CET/CEST)","3365"
"France (FR)","03.09.2020 17:00 - 03.09.2020 18:00 (CET/CEST)","3398"
"France (FR)","03.09.2020 18:00 - 03.09.2020 19:00 (CET/CEST)","3603"
"France (FR)","03.09.2020 19:00 - 03.09.2020 20:00 (CET/CEST)","3716"
"France (FR)","03.09.2020 20:00 - 03.09.2020 21:00 (CET/CEST)","3749"
"France (FR)","03.09.2020 21:00 - 03.09.2020 22:00 (CET/CEST)","3647"
"France (FR)","03.09.2020 22:00 - 03.09.2020 23:00 (CET/CEST)","3368"
"France (FR)","03.09.2020 23:00 - 04.09.2020 00:00 (CET/CEST)","3214"
"France (FR)","04.09.2020 00:00 - 04.09.2020 01:00 (CET/CEST)","3220"
"France (FR)","04.09.2020 01:00 - 04.09.2020 02:00 (CET/CEST)","3063"
"France (FR)","04.09.2020 02:00 - 04.09.2020 03:00 (CET/CEST)","3003"
"France (FR)","04.09.2020 03:00 - 04.09.2020 04:00 (CET/CEST)","2909"
"France (FR)","04.09.2020 04:00 - 04.09.2020 05:00 (CET/CEST)","2875"
"France (FR)","04.09.2020 05:00 - 04.09.2020 06:00 (CET/CEST)","2876"
"France (FR)","04.09.2020 06:00 - 04.09.2020 07:00 (CET/CEST)","2926"
"France (FR)","04.09.2020 07:00 - 04.09.2020 08:00 (CET/CEST)","3135"
"France (FR)","04.09.2020 08:00 - 04.09.2020 09:00 (CET/CEST)","3369"
"France (FR)","04.09.2020 09:00 - 04.09.2020 10:00 (CET/CEST)","3375"
"France (FR)","04.09.2020 10:00 - 04.09.2020 11:00 (CET/CEST)","3349"
"France (FR)","04.09.2020 11:00 - 04.09.2020 12:00 (CET/CEST)","3323"
"France (FR)","04.09.2020 12:00 - 04.09.2020 13:00 (CET/CEST)","3343"
"France (FR)","04.09.2020 13:00 - 04.09.2020 14:00 (CET/CEST)","3371"
"France (FR)","04.09.2020 14:00 - 04.09.2020 15:00 (CET/CEST)","3196"
"France (FR)","04.09.2020 15:00 - 04.09.2020 16:00 (CET/CEST)","3059"
"France (FR)","04.09.2020 16:00 - 04.09.2020 17:00 (CET/CEST)","3094"
"France (FR)","04.09.2020 17:00 - 04.09.2020 18:00 (CET/CEST)","3168"
"France (FR)","04.09.2020 18:00 - 04.09.2020 19:00 (CET/CEST)","3300"
"France (FR)","04.09.2020 19:00 - 04.09.2020 20:00 (CET/CEST)","3528"
"France (FR)","04.09.2020 20:00 - 04.09.2020 21:00 (CET/CEST)","3543"
"France (FR)","04.09.2020 21:00 - 04.09.2020 22:00 (CET/CEST)","3462"
"France (FR)","04.09.2020 22:00 - 04.09.2020 23:00 (CET/CEST)","3014"
"France (FR)","04.09.2020 23:00 - 05.09.2020 00:00 (CET/CEST)","2802"
"France (FR)","05.09.2020 00:00 - 05.09.2020 01:00 (CET/CEST)","2816"
"France (FR)","05.09.2020 01:00 - 05.09.2020 02:00 (CET/CEST)","2864"
"France (FR)","05.09.2020 02:00 - 05.09.2020 03:00 (CET/CEST)","2872"
"France (FR)","05.09.2020 03:00 - 05.09.2020 04:00 (CET/CEST)","2815"
"France (FR)","05.09.2020 04:00 - 05.09.2020 05:00 (CET/CEST)","2821"
"France (FR)","05.09.2020 05:00 - 05.09.2020 06:00 (CET/CEST)","2833"
"France (FR)","05.09.2020 06:00 - 05.09.2020 07:00 (CET/CEST)","2787"
"France (FR)","05.09.2020 07:00 - 05.09.2020 08:00 (CET/CEST)","2773"
"France (FR)","05.09.2020 08:00 - 05.09.2020 09:00 (CET/CEST)","2882"
"France (FR)","05.09.2020 09:00 - 05.09.2020 10:00 (CET/CEST)","2873"
"France (FR)","05.09.2020 10:00 - 05.09.2020 11:00 (CET/CEST)","2883"
"France (FR)","05.09.2020 11:00 - 05.09.2020 12:00 (CET/CEST)","2964"
"France (FR)","05.09.2020 12:00 - 05.09.2020 13:00 (CET/CEST)","2963"
"France (FR)","05.09.2020 13:00 - 05.09.2020 14:00 (CET/CEST)","3069"
"France (FR)","05.09.2020 14:00 - 05.09.2020 15:00 (CET/CEST)","3018"
"France (FR)","05.09.2020 15:00 - 05.09.2020 16:00 (CET/CEST)","3000"
"France (FR)","05.09.2020 16:00 - 05.09.2020 17:00 (CET/CEST)","2998"
"France (FR)","05.09.2020 17:00 - 05.09.2020 18:00 (CET/CEST)","3001"
"France (FR)","05.09.2020 18:00 - 05.09.2020 19:00 (CET/CEST)","3092"
"France (FR)","05.09.2020 19:00 - 05.09.2020 20:00 (CET/CEST)","3220"
"France (FR)","05.09.2020 20:00 - 05.09.2020 21:00 (CET/CEST)","3256"
"France (FR)","05.09.2020 21:00 - 05.09.2020 22:00 (CET/CEST)","3228"
"France (FR)","05.09.2020 22:00 - 05.09.2020 23:00 (CET/CEST)","3107"
"France (FR)","05.09.2020 23:00 - 06.09.2020 00:00 (CET/CEST)","3025"
"France (FR)","06.09.2020 00:00 - 06.09.2020 01:00 (CET/CEST)","2818"
"France (FR)","06.09.2020 01:00 - 06.09.2020 02:00 (CET/CEST)","2785"
"France (FR)","06.09.2020 02:00 - 06.09.2020 03:00 (CET/CEST)","2835"
"France (FR)","06.09.2020 03:00 - 06.09.2020 04:00 (CET/CEST)","2806"
"France (FR)","06.09.2020 04:00 - 06.09.2020 05:00 (CET/CEST)","2738"
"France (FR)","06.09.2020 05:00 - 06.09.2020 06:00 (CET/CEST)","2780"
"France (FR)","06.09.2020 06:00 - 06.09.2020 07:00 (CET/CEST)","2786"
"France (FR)","06.09.2020 07:00 - 06.09.2020 08:00 (CET/CEST)","2715"
"France (FR)","06.09.2020 08:00 - 06.09.2020 09:00 (CET/CEST)","2742"
"France (FR)","06.09.2020 09:00 - 06.09.2020 10:00 (CET/CEST)","2708"
"France (FR)","06.09.2020 10:00 - 06.09.2020 11:00 (CET/CEST)","2695"
"France (FR)","06.09.2020 11:00 - 06.09.2020 12:00 (CET/CEST)","2719"
"France (FR)","06.09.2020 12:00 - 06.09.2020 13:00 (CET/CEST)","2752"
"France (FR)","06.09.2020 13:00 - 06.09.2020 14:00 (CET/CEST)","2710"
"France (FR)","06.09.2020 14:00 - 06.09.2020 15:00 (CET/CEST)","2729"
"France (FR)","06.09.2020 15:00 - 06.09.2020 16:00 (CET/CEST)","2693"
"France (FR)","06.09.2020 16:00 - 06.09.2020 17:00 (CET/CEST)","2690"
"France (FR)","06.09.2020 17:00 - 06.09.2020 18:00 (CET/CEST)","2773"
"France (FR)","06.09.2020 18:00 - 06.09.2020 19:00 (CET/CEST)","3004"
"France (FR)","06.09.2020 19:00 - 06.09.2020 20:00 (CET/CEST)","3068"
"France (FR)","06.09.2020 20:00 - 06.09.2020 21:00 (CET/CEST)","3097"
"France (FR)","06.09.2020 21:00 - 06.09.2020 22:00 (CET/CEST)","3069"
"France (FR)","06.09.2020 22:00 - 06.09.2020 23:00 (CET/CEST)","3009"
"France (FR)","06.09.2020 23:00 - 07.09.2020 00:00 (CET/CEST)","2884"
"France (FR)","07.09.2020 00:00 - 07.09.2020 01:00 (CET/CEST)","2687"
"France (FR)","07.09.2020 01:00 - 07.09.2020 02:00 (CET/CEST)","2608"
"France (FR)","07.09.2020 02:00 - 07.09.2020 03:00 (CET/CEST)","2697"
"France (FR)","07.09.2020 03:00 - 07.09.2020 04:00 (CET/CEST)","2722"
"France (FR)","07.09.2020 04:00 - 07.09.2020 05:00 (CET/CEST)","2730"
"France (FR)","07.09.2020 05:00 - 07.09.2020 06:00 (CET/CEST)","2793"
"France (FR)","07.09.2020 06:00 - 07.09.2020 07:00 (CET/CEST)","2878"
"France (FR)","07.09.2020 07:00 - 07.09.2020 08:00 (CET/CEST)","2994"
"France (FR)","07.09.2020 08:00 - 07.09.2020 09:00 (CET/CEST)","3258"
"France (FR)","07.09.2020 09:00 - 07.09.2020 10:00 (CET/CEST)","3137"
"France (FR)","07.09.2020 10:00 - 07.09.2020 11:00 (CET/CEST)","2895"
"France (FR)","07.09.2020 11:00 - 07.09.2020 12:00 (CET/CEST)","2769"
"France (FR)","07.09.2020 12:00 - 07.09.2020 13:00 (CET/CEST)","2632"
"France (FR)","07.09.2020 13:00 - 07.09.2020 14:00 (CET/CEST)","2566"
"France (FR)","07.09.2020 14:00 - 07.09.2020 15:00 (CET/CEST)","2680"
"France (FR)","07.09.2020 15:00 - 07.09.2020 16:00 (CET/CEST)","2721"
"France (FR)","07.09.2020 16:00 - 07.09.2020 17:00 (CET/CEST)","2802"
"France (FR)","07.09.2020 17:00 - 07.09.2020 18:00 (CET/CEST)","3042"
"France (FR)","07.09.2020 18:00 - 07.09.2020 19:00 (CET/CEST)","3338"
"France (FR)","07.09.2020 19:00 - 07.09.2020 20:00 (CET/CEST)","3584"
"France (FR)","07.09.2020 20:00 - 07.09.2020 21:00 (CET/CEST)","3420"
"France (FR)","07.09.2020 21:00 - 07.09.2020 22:00 (CET/CEST)","3189"
"France (FR)","07.09.2020 22:00 - 07.09.2020 23:00 (CET/CEST)","2935"
"France (FR)","07.09.2020 23:00 - 08.09.2020 00:00 (CET/CEST)","2728"
"France (FR)","08.09.2020 00:00 - 08.09.2020 01:00 (CET/CEST)","2620"
"France (FR)","08.09.2020 01:00 - 08.09.2020 02:00 (CET/CEST)","2617"
"France (FR)","08.09.2020 02:00 - 08.09.2020 03:00 (CET/CEST)","2657"
"France (FR)","08.09.2020 03:00 - 08.09.2020 04:00 (CET/CEST)","2705"
"France (FR)","08.09.2020 04:00 - 08.09.2020 05:00 (CET/CEST)","2700"
"France (FR)","08.09.2020 05:00 - 08.09.2020 06:00 (CET/CEST)","2733"
"France (FR)","08.09.2020 06:00 - 08.09.2020 07:00 (CET/CEST)","2812"
"France (FR)","08.09.2020 07:00 - 08.09.2020 08:00 (CET/CEST)","2807"
"France (FR)","08.09.2020 08:00 - 08.09.2020 09:00 (CET/CEST)","2949"
"France (FR)","08.09.2020 09:00 - 08.09.2020 10:00 (CET/CEST)","2836"
"France (FR)","08.09.2020 10:00 - 08.09.2020 11:00 (CET/CEST)","2751"
"France (FR)","08.09.2020 11:00 - 08.09.2020 12:00 (CET/CEST)","2621"
"France (FR)","08.09.2020 12:00 - 08.09.2020 13:00 (CET/CEST)","2630"
"France (FR)","08.09.2020 13:00 - 08.09.2020 14:00 (CET/CEST)","2530"
"France (FR)","08.09.2020 14:00 - 08.09.2020 15:00 (CET/CEST)","2553"
"France (FR)","08.09.2020 15:00 - 08.09.2020 16:00 (CET/CEST)","2628"
"France (FR)","08.09.2020 16:00 - 08.09.2020 17:00 (CET/CEST)","2685"
"France (FR)","08.09.2020 17:00 - 08.09.2020 18:00 (CET/CEST)","2904"
"France (FR)","08.09.2020 18:00 - 08.09.2020 19:00 (CET/CEST)","3250"
"France (FR)","08.09.2020 19:00 - 08.09.2020 20:00 (CET/CEST)","3638"
"France (FR)","08.09.2020 20:00 - 08.09.2020 21:00 (CET/CEST)","3577"
"France (FR)","08.09.2020 21:00 - 08.09.2020 22:00 (CET/CEST)","3110"
"France (FR)","08.09.2020 22:00 - 08.09.2020 23:00 (CET/CEST)","2828"
"France (FR)","08.09.2020 23:00 - 09.09.2020 00:00 (CET/CEST)","2664"
"France (FR)","09.09.2020 00:00 - 09.09.2020 01:00 (CET/CEST)","2538"
"France (FR)","09.09.2020 01:00 - 09.09.2020 02:00 (CET/CEST)","2512"
"France (FR)","09.09.2020 02:00 - 09.09.2020 03:00 (CET/CEST)","2460"
"France (FR)","09.09.2020 03:00 - 09.09.2020 04:00 (CET/CEST)","2479"
"France (FR)","09.09.2020 04:00 - 09.09.2020 05:00 (CET/CEST)","2510"
"France (FR)","09.09.2020 05:00 - 09.09.2020 06:00 (CET/CEST)","2539"
"France (FR)","09.09.2020 06:00 - 09.09.2020 07:00 (CET/CEST)","2644"
"France (FR)","09.09.2020 07:00 - 09.09.2020 08:00 (CET/CEST)","2726"
"France (FR)","09.09.2020 08:00 - 09.09.2020 09:00 (CET/CEST)","2737"
"France (FR)","09.09.2020 09:00 - 09.09.2020 10:00 (CET/CEST)","2781"
"France (FR)","09.09.2020 10:00 - 09.09.2020 11:00 (CET/CEST)","2773"
"France (FR)","09.09.2020 11:00 - 09.09.2020 12:00 (CET/CEST)","2845"
"France (FR)","09.09.2020 12:00 - 09.09.2020 13:00 (CET/CEST)","3103"
"France (FR)","09.09.2020 13:00 - 09.09.2020 14:00 (CET/CEST)","3010"
"France (FR)","09.09.2020 14:00 - 09.09.2020 15:00 (CET/CEST)","2903"
"France (FR)","09.09.2020 15:00 - 09.09.2020 16:00 (CET/CEST)","2808"
"France (FR)","09.09.2020 16:00 - 09.09.2020 17:00 (CET/CEST)","2739"
"France (FR)","09.09.2020 17:00 - 09.09.2020 18:00 (CET/CEST)","2851"
"France (FR)","09.09.2020 18:00 - 09.09.2020 19:00 (CET/CEST)","3223"
"France (FR)","09.09.2020 19:00 - 09.09.2020 20:00 (CET/CEST)","3373"
"France (FR)","09.09.2020 20:00 - 09.09.2020 21:00 (CET/CEST)","3270"
"France (FR)","09.09.2020 21:00 - 09.09.2020 22:00 (CET/CEST)","2915"
"France (FR)","09.09.2020 22:00 - 09.09.2020 23:00 (CET/CEST)","2829"
"France (FR)","09.09.2020 23:00 - 10.09.2020 00:00 (CET/CEST)","2694"
"France (FR)","10.09.2020 00:00 - 10.09.2020 01:00 (CET/CEST)","2582"
"France (FR)","10.09.2020 01:00 - 10.09.2020 02:00 (CET/CEST)","2411"
"France (FR)","10.09.2020 02:00 - 10.09.2020 03:00 (CET/CEST)","2396"
"France (FR)","10.09.2020 03:00 - 10.09.2020 04:00 (CET/CEST)","2433"
"France (FR)","10.09.2020 04:00 - 10.09.2020 05:00 (CET/CEST)","2448"
"France (FR)","10.09.2020 05:00 - 10.09.2020 06:00 (CET/CEST)","2498"
"France (FR)","10.09.2020 06:00 - 10.09.2020 07:00 (CET/CEST)","2569"
"France (FR)","10.09.2020 07:00 - 10.09.2020 08:00 (CET/CEST)","2691"
"France (FR)","10.09.2020 08:00 - 10.09.2020 09:00 (CET/CEST)","3015"
"France (FR)","10.09.2020 09:00 - 10.09.2020 10:00 (CET/CEST)","2986"
"France (FR)","10.09.2020 10:00 - 10.09.2020 11:00 (CET/CEST)","2838"
"France (FR)","10.09.2020 11:00 - 10.09.2020 12:00 (CET/CEST)","2806"
"France (FR)","10.09.2020 12:00 - 10.09.2020 13:00 (CET/CEST)","2742"
"France (FR)","10.09.2020 13:00 - 10.09.2020 14:00 (CET/CEST)","2739"
"France (FR)","10.09.2020 14:00 - 10.09.2020 15:00 (CET/CEST)","2783"
"France (FR)","10.09.2020 15:00 - 10.09.2020 16:00 (CET/CEST)","2684"
"France (FR)","10.09.2020 16:00 - 10.09.2020 17:00 (CET/CEST)","2672"
"France (FR)","10.09.2020 17:00 - 10.09.2020 18:00 (CET/CEST)","2954"
"France (FR)","10.09.2020 18:00 - 10.09.2020 19:00 (CET/CEST)","3430"
"France (FR)","10.09.2020 19:00 - 10.09.2020 20:00 (CET/CEST)","3678"
"France (FR)","10.09.2020 20:00 - 10.09.2020 21:00 (CET/CEST)","3612"
"France (FR)","10.09.2020 21:00 - 10.09.2020 22:00 (CET/CEST)","3044"
"France (FR)","10.09.2020 22:00 - 10.09.2020 23:00 (CET/CEST)","2850"
"France (FR)","10.09.2020 23:00 - 11.09.2020 00:00 (CET/CEST)","2693"
"France (FR)","11.09.2020 00:00 - 11.09.2020 01:00 (CET/CEST)","2548"
"France (FR)","11.09.2020 01:00 - 11.09.2020 02:00 (CET/CEST)","2436"
"France (FR)","11.09.2020 02:00 - 11.09.2020 03:00 (CET/CEST)","2392"
"France (FR)","11.09.2020 03:00 - 11.09.2020 04:00 (CET/CEST)","2403"
"France (FR)","11.09.2020 04:00 - 11.09.2020 05:00 (CET/CEST)","2402"
"France (FR)","11.09.2020 05:00 - 11.09.2020 06:00 (CET/CEST)","2444"
"France (FR)","11.09.2020 06:00 - 11.09.2020 07:00 (CET/CEST)","2572"
"France (FR)","11.09.2020 07:00 - 11.09.2020 08:00 (CET/CEST)","2805"
"France (FR)","11.09.2020 08:00 - 11.09.2020 09:00 (CET/CEST)","3098"
"France (FR)","11.09.2020 09:00 - 11.09.2020 10:00 (CET/CEST)","3025"
"France (FR)","11.09.2020 10:00 - 11.09.2020 11:00 (CET/CEST)","2837"
"France (FR)","11.09.2020 11:00 - 11.09.2020 12:00 (CET/CEST)","2739"
"France (FR)","11.09.2020 12:00 - 11.09.2020 13:00 (CET/CEST)","2730"
"France (FR)","11.09.2020 13:00 - 11.09.2020 14:00 (CET/CEST)","2647"
"France (FR)","11.09.2020 14:00 - 11.09.2020 15:00 (CET/CEST)","2589"
"France (FR)","11.09.2020 15:00 - 11.09.2020 16:00 (CET/CEST)","2555"
"France (FR)","11.09.2020 16:00 - 11.09.2020 17:00 (CET/CEST)","2536"
"France (FR)","11.09.2020 17:00 - 11.09.2020 18:00 (CET/CEST)","2670"
"France (FR)","11.09.2020 18:00 - 11.09.2020 19:00 (CET/CEST)","2947"
"France (FR)","11.09.2020 19:00 - 11.09.2020 20:00 (CET/CEST)","3220"
"France (FR)","11.09.2020 20:00 - 11.09.2020 21:00 (CET/CEST)","3165"
"France (FR)","11.09.2020 21:00 - 11.09.2020 22:00 (CET/CEST)","2822"
"France (FR)","11.09.2020 22:00 - 11.09.2020 23:00 (CET/CEST)","2712"
"France (FR)","11.09.2020 23:00 - 12.09.2020 00:00 (CET/CEST)","2638"
"France (FR)","12.09.2020 00:00 - 12.09.2020 01:00 (CET/CEST)","2592"
"France (FR)","12.09.2020 01:00 - 12.09.2020 02:00 (CET/CEST)","2485"
"France (FR)","12.09.2020 02:00 - 12.09.2020 03:00 (CET/CEST)","2362"
"France (FR)","12.09.2020 03:00 - 12.09.2020 04:00 (CET/CEST)","2215"
"France (FR)","12.09.2020 04:00 - 12.09.2020 05:00 (CET/CEST)","2194"
"France (FR)","12.09.2020 05:00 - 12.09.2020 06:00 (CET/CEST)","2244"
"France (FR)","12.09.2020 06:00 - 12.09.2020 07:00 (CET/CEST)","2275"
"France (FR)","12.09.2020 07:00 - 12.09.2020 08:00 (CET/CEST)","2414"
"France (FR)","12.09.2020 08:00 - 12.09.2020 09:00 (CET/CEST)","2456"
"France (FR)","12.09.2020 09:00 - 12.09.2020 10:00 (CET/CEST)","2503"
"France (FR)","12.09.2020 10:00 - 12.09.2020 11:00 (CET/CEST)","2465"
"France (FR)","12.09.2020 11:00 - 12.09.2020 12:00 (CET/CEST)","2467"
"France (FR)","12.09.2020 12:00 - 12.09.2020 13:00 (CET/CEST)","2474"
"France (FR)","12.09.2020 13:00 - 12.09.2020 14:00 (CET/CEST)","2499"
"France (FR)","12.09.2020 14:00 - 12.09.2020 15:00 (CET/CEST)","2475"
"France (FR)","12.09.2020 15:00 - 12.09.2020 16:00 (CET/CEST)","2460"
"France (FR)","12.09.2020 16:00 - 12.09.2020 17:00 (CET/CEST)","2455"
"France (FR)","12.09.2020 17:00 - 12.09.2020 18:00 (CET/CEST)","2491"
"France (FR)","12.09.2020 18:00 - 12.09.2020 19:00 (CET/CEST)","2685"
"France (FR)","12.09.2020 19:00 - 12.09.2020 20:00 (CET/CEST)","2824"
"France (FR)","12.09.2020 20:00 - 12.09.2020 21:00 (CET/CEST)","2830"
"France (FR)","12.09.2020 21:00 - 12.09.2020 22:00 (CET/CEST)","2783"
"France (FR)","12.09.2020 22:00 - 12.09.2020 23:00 (CET/CEST)","2719"
"France (FR)","12.09.2020 23:00 - 13.09.2020 00:00 (CET/CEST)","2569"
"France (FR)","13.09.2020 00:00 - 13.09.2020 01:00 (CET/CEST)","2374"
"France (FR)","13.09.2020 01:00 - 13.09.2020 02:00 (CET/CEST)","2241"
"France (FR)","13.09.2020 02:00 - 13.09.2020 03:00 (CET/CEST)","2215"
"France (FR)","13.09.2020 03:00 - 13.09.2020 04:00 (CET/CEST)","2126"
"France (FR)","13.09.2020 04:00 - 13.09.2020 05:00 (CET/CEST)","2072"
"France (FR)","13.09.2020 05:00 - 13.09.2020 06:00 (CET/CEST)","2198"
"France (FR)","13.09.2020 06:00 - 13.09.2020 07:00 (CET/CEST)","2257"
"France (FR)","13.09.2020 07:00 - 13.09.2020 08:00 (CET/CEST)","2219"
"France (FR)","13.09.2020 08:00 - 13.09.2020 09:00 (CET/CEST)","2160"
"France (FR)","13.09.2020 09:00 - 13.09.2020 10:00 (CET/CEST)","2244"
"France (FR)","13.09.2020 10:00 - 13.09.2020 11:00 (CET/CEST)","2354"
"France (FR)","13.09.2020 11:00 - 13.09.2020 12:00 (CET/CEST)","2405"
"France (FR)","13.09.2020 12:00 - 13.09.2020 13:00 (CET/CEST)","2287"
"France (FR)","13.09.2020 13:00 - 13.09.2020 14:00 (CET/CEST)","2223"
"France (FR)","13.09.2020 14:00 - 13.09.2020 15:00 (CET/CEST)","2253"
"France (FR)","13.09.2020 15:00 - 13.09.2020 16:00 (CET/CEST)","2288"
"France (FR)","13.09.2020 16:00 - 13.09.2020 17:00 (CET/CEST)","2266"
"France (FR)","13.09.2020 17:00 - 13.09.2020 18:00 (CET/CEST)","2267"
"France (FR)","13.09.2020 18:00 - 13.09.2020 19:00 (CET/CEST)","2476"
"France (FR)","13.09.2020 19:00 - 13.09.2020 20:00 (CET/CEST)","2785"
"France (FR)","13.09.2020 20:00 - 13.09.2020 21:00 (CET/CEST)","2819"
"France (FR)","13.09.2020 21:00 - 13.09.2020 22:00 (CET/CEST)","2835"
"France (FR)","13.09.2020 22:00 - 13.09.2020 23:00 (CET/CEST)","2846"
"France (FR)","13.09.2020 23:00 - 14.09.2020 00:00 (CET/CEST)","2637"
"France (FR)","14.09.2020 00:00 - 14.09.2020 01:00 (CET/CEST)","2355"
"France (FR)","14.09.2020 01:00 - 14.09.2020 02:00 (CET/CEST)","2138"
"France (FR)","14.09.2020 02:00 - 14.09.2020 03:00 (CET/CEST)","2098"
"France (FR)","14.09.2020 03:00 - 14.09.2020 04:00 (CET/CEST)","2109"
"France (FR)","14.09.2020 04:00 - 14.09.2020 05:00 (CET/CEST)","2094"
"France (FR)","14.09.2020 05:00 - 14.09.2020 06:00 (CET/CEST)","2166"
"France (FR)","14.09.2020 06:00 - 14.09.2020 07:00 (CET/CEST)","2312"
"France (FR)","14.09.2020 07:00 - 14.09.2020 08:00 (CET/CEST)","2484"
"France (FR)","14.09.2020 08:00 - 14.09.2020 09:00 (CET/CEST)","2600"
"France (FR)","14.09.2020 09:00 - 14.09.2020 10:00 (CET/CEST)","2703"
"France (FR)","14.09.2020 10:00 - 14.09.2020 11:00 (CET/CEST)","2643"
"France (FR)","14.09.2020 11:00 - 14.09.2020 12:00 (CET/CEST)","2694"
"France (FR)","14.09.2020 12:00 - 14.09.2020 13:00 (CET/CEST)","2558"
"France (FR)","14.09.2020 13:00 - 14.09.2020 14:00 (CET/CEST)","2471"
"France (FR)","14.09.2020 14:00 - 14.09.2020 15:00 (CET/CEST)","2454"
"France (FR)","14.09.2020 15:00 - 14.09.2020 16:00 (CET/CEST)","2709"
"France (FR)","14.09.2020 16:00 - 14.09.2020 17:00 (CET/CEST)","2744"
"France (FR)","14.09.2020 17:00 - 14.09.2020 18:00 (CET/CEST)","2895"
"France (FR)","14.09.2020 18:00 - 14.09.2020 19:00 (CET/CEST)","3313"
"France (FR)","14.09.2020 19:00 - 14.09.2020 20:00 (CET/CEST)","3607"
"France (FR)","14.09.2020 20:00 - 14.09.2020 21:00 (CET/CEST)","3561"
"France (FR)","14.09.2020 21:00 - 14.09.2020 22:00 (CET/CEST)","3199"
"France (FR)","14.09.2020 22:00 - 14.09.2020 23:00 (CET/CEST)","3079"
"France (FR)","14.09.2020 23:00 - 15.09.2020 00:00 (CET/CEST)","2848"
"France (FR)","15.09.2020 00:00 - 15.09.2020 01:00 (CET/CEST)","2601"
"France (FR)","15.09.2020 01:00 - 15.09.2020 02:00 (CET/CEST)","2329"
"France (FR)","15.09.2020 02:00 - 15.09.2020 03:00 (CET/CEST)","2158"
"France (FR)","15.09.2020 03:00 - 15.09.2020 04:00 (CET/CEST)","2142"
"France (FR)","15.09.2020 04:00 - 15.09.2020 05:00 (CET/CEST)","2184"
"France (FR)","15.09.2020 05:00 - 15.09.2020 06:00 (CET/CEST)","2198"
"France (FR)","15.09.2020 06:00 - 15.09.2020 07:00 (CET/CEST)","2375"
"France (FR)","15.09.2020 07:00 - 15.09.2020 08:00 (CET/CEST)","2731"
"France (FR)","15.09.2020 08:00 - 15.09.2020 09:00 (CET/CEST)","3003"
"France (FR)","15.09.2020 09:00 - 15.09.2020 10:00 (CET/CEST)","3169"
"France (FR)","15.09.2020 10:00 - 15.09.2020 11:00 (CET/CEST)","3280"
"France (FR)","15.09.2020 11:00 - 15.09.2020 12:00 (CET/CEST)","3233"
"France (FR)","15.09.2020 12:00 - 15.09.2020 13:00 (CET/CEST)","3229"
"France (FR)","15.09.2020 13:00 - 15.09.2020 14:00 (CET/CEST)","3086"
"France (FR)","15.09.2020 14:00 - 15.09.2020 15:00 (CET/CEST)","3075"
"France (FR)","15.09.2020 15:00 - 15.09.2020 16:00 (CET/CEST)","2955"
"France (FR)","15.09.2020 16:00 - 15.09.2020 17:00 (CET/CEST)","3030"
"France (FR)","15.09.2020 17:00 - 15.09.2020 18:00 (CET/CEST)","3204"
"France (FR)","15.09.2020 18:00 - 15.09.2020 19:00 (CET/CEST)","3679"
"France (FR)","15.09.2020 19:00 - 15.09.2020 20:00 (CET/CEST)","3966"
"France (FR)","15.09.2020 20:00 - 15.09.2020 21:00 (CET/CEST)","3926"
"France (FR)","15.09.2020 21:00 - 15.09.2020 22:00 (CET/CEST)","3437"
"France (FR)","15.09.2020 22:00 - 15.09.2020 23:00 (CET/CEST)","3169"
"France (FR)","15.09.2020 23:00 - 16.09.2020 00:00 (CET/CEST)","3152"
"France (FR)","16.09.2020 00:00 - 16.09.2020 01:00 (CET/CEST)","2916"
"France (FR)","16.09.2020 01:00 - 16.09.2020 02:00 (CET/CEST)","2622"
"France (FR)","16.09.2020 02:00 - 16.09.2020 03:00 (CET/CEST)","2477"
"France (FR)","16.09.2020 03:00 - 16.09.2020 04:00 (CET/CEST)","2331"
"France (FR)","16.09.2020 04:00 - 16.09.2020 05:00 (CET/CEST)","2273"
"France (FR)","16.09.2020 05:00 - 16.09.2020 06:00 (CET/CEST)","2323"
"France (FR)","16.09.2020 06:00 - 16.09.2020 07:00 (CET/CEST)","2647"
"France (FR)","16.09.2020 07:00 - 16.09.2020 08:00 (CET/CEST)","3044"
"France (FR)","16.09.2020 08:00 - 16.09.2020 09:00 (CET/CEST)","3237"
"France (FR)","16.09.2020 09:00 - 16.09.2020 10:00 (CET/CEST)","3302"
"France (FR)","16.09.2020 10:00 - 16.09.2020 11:00 (CET/CEST)","3281"
"France (FR)","16.09.2020 11:00 - 16.09.2020 12:00 (CET/CEST)","3254"
"France (FR)","16.09.2020 12:00 - 16.09.2020 13:00 (CET/CEST)","3194"
"France (FR)","16.09.2020 13:00 - 16.09.2020 14:00 (CET/CEST)","3111"
"France (FR)","16.09.2020 14:00 - 16.09.2020 15:00 (CET/CEST)","3009"
"France (FR)","16.09.2020 15:00 - 16.09.2020 16:00 (CET/CEST)","2934"
"France (FR)","16.09.2020 16:00 - 16.09.2020 17:00 (CET/CEST)","2799"
"France (FR)","16.09.2020 17:00 - 16.09.2020 18:00 (CET/CEST)","2950"
"France (FR)","16.09.2020 18:00 - 16.09.2020 19:00 (CET/CEST)","3340"
"France (FR)","16.09.2020 19:00 - 16.09.2020 20:00 (CET/CEST)","3541"
"France (FR)","16.09.2020 20:00 - 16.09.2020 21:00 (CET/CEST)","3393"
"France (FR)","16.09.2020 21:00 - 16.09.2020 22:00 (CET/CEST)","2994"
"France (FR)","16.09.2020 22:00 - 16.09.2020 23:00 (CET/CEST)","2784"
"France (FR)","16.09.2020 23:00 - 17.09.2020 00:00 (CET/CEST)","2884"
"France (FR)","17.09.2020 00:00 - 17.09.2020 01:00 (CET/CEST)","2710"
"France (FR)","17.09.2020 01:00 - 17.09.2020 02:00 (CET/CEST)","2447"
"France (FR)","17.09.2020 02:00 - 17.09.2020 03:00 (CET/CEST)","2314"
"France (FR)","17.09.2020 03:00 - 17.09.2020 04:00 (CET/CEST)","2264"
"France (FR)","17.09.2020 04:00 - 17.09.2020 05:00 (CET/CEST)","2147"
"France (FR)","17.09.2020 05:00 - 17.09.2020 06:00 (CET/CEST)","2146"
"France (FR)","17.09.2020 06:00 - 17.09.2020 07:00 (CET/CEST)","2393"
"France (FR)","17.09.2020 07:00 - 17.09.2020 08:00 (CET/CEST)","2591"
"France (FR)","17.09.2020 08:00 - 17.09.2020 09:00 (CET/CEST)","2735"
"France (FR)","17.09.2020 09:00 - 17.09.2020 10:00 (CET/CEST)","2909"
"France (FR)","17.09.2020 10:00 - 17.09.2020 11:00 (CET/CEST)","2899"
"France (FR)","17.09.2020 11:00 - 17.09.2020 12:00 (CET/CEST)","2997"
"France (FR)","17.09.2020 12:00 - 17.09.2020 13:00 (CET/CEST)","2892"
"France (FR)","17.09.2020 13:00 - 17.09.2020 14:00 (CET/CEST)","2823"
"France (FR)","17.09.2020 14:00 - 17.09.2020 15:00 (CET/CEST)","2667"
"France (FR)","17.09.2020 15:00 - 17.09.2020 16:00 (CET/CEST)","2592"
"France (FR)","17.09.2020 16:00 - 17.09.2020 17:00 (CET/CEST)","2643"
"France (FR)","17.09.2020 17:00 - 17.09.2020 18:00 (CET/CEST)","2893"
"France (FR)","17.09.2020 18:00 - 17.09.2020 19:00 (CET/CEST)","3188"
"France (FR)","17.09.2020 19:00 - 17.09.2020 20:00 (CET/CEST)","3347"
"France (FR)","17.09.2020 20:00 - 17.09.2020 21:00 (CET/CEST)","3097"
"France (FR)","17.09.2020 21:00 - 17.09.2020 22:00 (CET/CEST)","2847"
"France (FR)","17.09.2020 22:00 - 17.09.2020 23:00 (CET/CEST)","2597"
"France (FR)","17.09.2020 23:00 - 18.09.2020 00:00 (CET/CEST)","2538"
"France (FR)","18.09.2020 00:00 - 18.09.2020 01:00 (CET/CEST)","2479"
"France (FR)","18.09.2020 01:00 - 18.09.2020 02:00 (CET/CEST)","2360"
"France (FR)","18.09.2020 02:00 - 18.09.2020 03:00 (CET/CEST)","2311"
"France (FR)","18.09.2020 03:00 - 18.09.2020 04:00 (CET/CEST)","2341"
"France (FR)","18.09.2020 04:00 - 18.09.2020 05:00 (CET/CEST)","2320"
"France (FR)","18.09.2020 05:00 - 18.09.2020 06:00 (CET/CEST)","2143"
"France (FR)","18.09.2020 06:00 - 18.09.2020 07:00 (CET/CEST)","2376"
"France (FR)","18.09.2020 07:00 - 18.09.2020 08:00 (CET/CEST)","2632"
"France (FR)","18.09.2020 08:00 - 18.09.2020 09:00 (CET/CEST)","2661"
"France (FR)","18.09.2020 09:00 - 18.09.2020 10:00 (CET/CEST)","2630"
"France (FR)","18.09.2020 10:00 - 18.09.2020 11:00 (CET/CEST)","2606"
"France (FR)","18.09.2020 11:00 - 18.09.2020 12:00 (CET/CEST)","2619"
"France (FR)","18.09.2020 12:00 - 18.09.2020 13:00 (CET/CEST)","2678"
"France (FR)","18.09.2020 13:00 - 18.09.2020 14:00 (CET/CEST)","2636"
"France (FR)","18.09.2020 14:00 - 18.09.2020 15:00 (CET/CEST)","2629"
"France (FR)","18.09.2020 15:00 - 18.09.2020 16:00 (CET/CEST)","2623"
"France (FR)","18.09.2020 16:00 - 18.09.2020 17:00 (CET/CEST)","2657"
"France (FR)","18.09.2020 17:00 - 18.09.2020 18:00 (CET/CEST)","2896"
"France (FR)","18.09.2020 18:00 - 18.09.2020 19:00 (CET/CEST)","3172"
"France (FR)","18.09.2020 19:00 - 18.09.2020 20:00 (CET/CEST)","3211"
"France (FR)","18.09.2020 20:00 - 18.09.2020 21:00 (CET/CEST)","3014"
"France (FR)","18.09.2020 21:00 - 18.09.2020 22:00 (CET/CEST)","2819"
"France (FR)","18.09.2020 22:00 - 18.09.2020 23:00 (CET/CEST)","2766"
"France (FR)","18.09.2020 23:00 - 19.09.2020 00:00 (CET/CEST)","2670"
"France (FR)","19.09.2020 00:00 - 19.09.2020 01:00 (CET/CEST)","2548"
"France (FR)","19.09.2020 01:00 - 19.09.2020 02:00 (CET/CEST)","2399"
"France (FR)","19.09.2020 02:00 - 19.09.2020 03:00 (CET/CEST)","2353"
"France (FR)","19.09.2020 03:00 - 19.09.2020 04:00 (CET/CEST)","2279"
"France (FR)","19.09.2020 04:00 - 19.09.2020 05:00 (CET/CEST)","2258"
"France (FR)","19.09.2020 05:00 - 19.09.2020 06:00 (CET/CEST)","2182"
"France (FR)","19.09.2020 06:00 - 19.09.2020 07:00 (CET/CEST)","2113"
"France (FR)","19.09.2020 07:00 - 19.09.2020 08:00 (CET/CEST)","2223"
"France (FR)","19.09.2020 08:00 - 19.09.2020 09:00 (CET/CEST)","2273"
"France (FR)","19.09.2020 09:00 - 19.09.2020 10:00 (CET/CEST)","2257"
"France (FR)","19.09.2020 10:00 - 19.09.2020 11:00 (CET/CEST)","2146"
"France (FR)","19.09.2020 11:00 - 19.09.2020 12:00 (CET/CEST)","2162"
"France (FR)","19.09.2020 12:00 - 19.09.2020 13:00 (CET/CEST)","2293"
"France (FR)","19.09.2020 13:00 - 19.09.2020 14:00 (CET/CEST)","2325"
"France (FR)","19.09.2020 14:00 - 19.09.2020 15:00 (CET/CEST)","2330"
"France (FR)","19.09.2020 15:00 - 19.09.2020 16:00 (CET/CEST)","2301"
"France (FR)","19.09.2020 16:00 - 19.09.2020 17:00 (CET/CEST)","2407"
"France (FR)","19.09.2020 17:00 - 19.09.2020 18:00 (CET/CEST)","2495"
"France (FR)","19.09.2020 18:00 - 19.09.2020 19:00 (CET/CEST)","2688"
"France (FR)","19.09.2020 19:00 - 19.09.2020 20:00 (CET/CEST)","2907"
"France (FR)","19.09.2020 20:00 - 19.09.2020 21:00 (CET/CEST)","2822"
"France (FR)","19.09.2020 21:00 - 19.09.2020 22:00 (CET/CEST)","2594"
"France (FR)","19.09.2020 22:00 - 19.09.2020 23:00 (CET/CEST)","2336"
"France (FR)","19.09.2020 23:00 - 20.09.2020 00:00 (CET/CEST)","2333"
"France (FR)","20.09.2020 00:00 - 20.09.2020 01:00 (CET/CEST)","2368"
"France (FR)","20.09.2020 01:00 - 20.09.2020 02:00 (CET/CEST)","2266"
"France (FR)","20.09.2020 02:00 - 20.09.2020 03:00 (CET/CEST)","2180"
"France (FR)","20.09.2020 03:00 - 20.09.2020 04:00 (CET/CEST)","2112"
"France (FR)","20.09.2020 04:00 - 20.09.2020 05:00 (CET/CEST)","2170"
"France (FR)","20.09.2020 05:00 - 20.09.2020 06:00 (CET/CEST)","2210"
"France (FR)","20.09.2020 06:00 - 20.09.2020 07:00 (CET/CEST)","2225"
"France (FR)","20.09.2020 07:00 - 20.09.2020 08:00 (CET/CEST)","2234"
"France (FR)","20.09.2020 08:00 - 20.09.2020 09:00 (CET/CEST)","2317"
"France (FR)","20.09.2020 09:00 - 20.09.2020 10:00 (CET/CEST)","2301"
"France (FR)","20.09.2020 10:00 - 20.09.2020 11:00 (CET/CEST)","2271"
"France (FR)","20.09.2020 11:00 - 20.09.2020 12:00 (CET/CEST)","2395"
"France (FR)","20.09.2020 12:00 - 20.09.2020 13:00 (CET/CEST)","2356"
"France (FR)","20.09.2020 13:00 - 20.09.2020 14:00 (CET/CEST)","2419"
"France (FR)","20.09.2020 14:00 - 20.09.2020 15:00 (CET/CEST)","2441"
"France (FR)","20.09.2020 15:00 - 20.09.2020 16:00 (CET/CEST)","2367"
"France (FR)","20.09.2020 16:00 - 20.09.2020 17:00 (CET/CEST)","2350"
"France (FR)","20.09.2020 17:00 - 20.09.2020 18:00 (CET/CEST)","2534"
"France (FR)","20.09.2020 18:00 - 20.09.2020 19:00 (CET/CEST)","2825"
"France (FR)","20.09.2020 19:00 - 20.09.2020 20:00 (CET/CEST)","2900"
"France (FR)","20.09.2020 20:00 - 20.09.2020 21:00 (CET/CEST)","2889"
"France (FR)","20.09.2020 21:00 - 20.09.2020 22:00 (CET/CEST)","2888"
"France (FR)","20.09.2020 22:00 - 20.09.2020 23:00 (CET/CEST)","2764"
"France (FR)","20.09.2020 23:00 - 21.09.2020 00:00 (CET/CEST)","2615"
"France (FR)","21.09.2020 00:00 - 21.09.2020 01:00 (CET/CEST)","2387"
"France (FR)","21.09.2020 01:00 - 21.09.2020 02:00 (CET/CEST)","2361"
"France (FR)","21.09.2020 02:00 - 21.09.2020 03:00 (CET/CEST)","2367"
"France (FR)","21.09.2020 03:00 - 21.09.2020 04:00 (CET/CEST)","2378"
"France (FR)","21.09.2020 04:00 - 21.09.2020 05:00 (CET/CEST)","2339"
"France (FR)","21.09.2020 05:00 - 21.09.2020 06:00 (CET/CEST)","2438"
"France (FR)","21.09.2020 06:00 - 21.09.2020 07:00 (CET/CEST)","2737"
"France (FR)","21.09.2020 07:00 - 21.09.2020 08:00 (CET/CEST)","2886"
"France (FR)","21.09.2020 08:00 - 21.09.2020 09:00 (CET/CEST)","2809"
"France (FR)","21.09.2020 09:00 - 21.09.2020 10:00 (CET/CEST)","2811"
"France (FR)","21.09.2020 10:00 - 21.09.2020 11:00 (CET/CEST)","2722"
"France (FR)","21.09.2020 11:00 - 21.09.2020 12:00 (CET/CEST)","2634"
"France (FR)","21.09.2020 12:00 - 21.09.2020 13:00 (CET/CEST)","2652"
"France (FR)","21.09.2020 13:00 - 21.09.2020 14:00 (CET/CEST)","2658"
"France (FR)","21.09.2020 14:00 - 21.09.2020 15:00 (CET/CEST)","2739"
"France (FR)","21.09.2020 15:00 - 21.09.2020 16:00 (CET/CEST)","2747"
"France (FR)","21.09.2020 16:00 - 21.09.2020 17:00 (CET/CEST)","2870"
"France (FR)","21.09.2020 17:00 - 21.09.2020 18:00 (CET/CEST)","3133"
"France (FR)","21.09.2020 18:00 - 21.09.2020 19:00 (CET/CEST)","3566"
"France (FR)","21.09.2020 19:00 - 21.09.2020 20:00 (CET/CEST)","3901"
"France (FR)","21.09.2020 20:00 - 21.09.2020 21:00 (CET/CEST)","3609"
"France (FR)","21.09.2020 21:00 - 21.09.2020 22:00 (CET/CEST)","3144"
"France (FR)","21.09.2020 22:00 - 21.09.2020 23:00 (CET/CEST)","2892"
"France (FR)","21.09.2020 23:00 - 22.09.2020 00:00 (CET/CEST)","2711"
"France (FR)","22.09.2020 00:00 - 22.09.2020 01:00 (CET/CEST)","2543"
"France (FR)","22.09.2020 01:00 - 22.09.2020 02:00 (CET/CEST)","2329"
"France (FR)","22.09.2020 02:00 - 22.09.2020 03:00 (CET/CEST)","2377"
"France (FR)","22.09.2020 03:00 - 22.09.2020 04:00 (CET/CEST)","2395"
"France (FR)","22.09.2020 04:00 - 22.09.2020 05:00 (CET/CEST)","2360"
"France (FR)","22.09.2020 05:00 - 22.09.2020 06:00 (CET/CEST)","2456"
"France (FR)","22.09.2020 06:00 - 22.09.2020 07:00 (CET/CEST)","2820"
"France (FR)","22.09.2020 07:00 - 22.09.2020 08:00 (CET/CEST)","3285"
"France (FR)","22.09.2020 08:00 - 22.09.2020 09:00 (CET/CEST)","3414"
"France (FR)","22.09.2020 09:00 - 22.09.2020 10:00 (CET/CEST)","3219"
"France (FR)","22.09.2020 10:00 - 22.09.2020 11:00 (CET/CEST)","3058"
"France (FR)","22.09.2020 11:00 - 22.09.2020 12:00 (CET/CEST)","2980"
"France (FR)","22.09.2020 12:00 - 22.09.2020 13:00 (CET/CEST)","2825"
"France (FR)","22.09.2020 13:00 - 22.09.2020 14:00 (CET/CEST)","2742"
"France (FR)","22.09.2020 14:00 - 22.09.2020 15:00 (CET/CEST)","2839"
"France (FR)","22.09.2020 15:00 - 22.09.2020 16:00 (CET/CEST)","2761"
"France (FR)","22.09.2020 16:00 - 22.09.2020 17:00 (CET/CEST)","2897"
"France (FR)","22.09.2020 17:00 - 22.09.2020 18:00 (CET/CEST)","3161"
"France (FR)","22.09.2020 18:00 - 22.09.2020 19:00 (CET/CEST)","3540"
"France (FR)","22.09.2020 19:00 - 22.09.2020 20:00 (CET/CEST)","3967"
"France (FR)","22.09.2020 20:00 - 22.09.2020 21:00 (CET/CEST)","3631"
"France (FR)","22.09.2020 21:00 - 22.09.2020 22:00 (CET/CEST)","3130"
"France (FR)","22.09.2020 22:00 - 22.09.2020 23:00 (CET/CEST)","2937"
"France (FR)","22.09.2020 23:00 - 23.09.2020 00:00 (CET/CEST)","2766"
"France (FR)","23.09.2020 00:00 - 23.09.2020 01:00 (CET/CEST)","2555"
"France (FR)","23.09.2020 01:00 - 23.09.2020 02:00 (CET/CEST)","2400"
"France (FR)","23.09.2020 02:00 - 23.09.2020 03:00 (CET/CEST)","2362"
"France (FR)","23.09.2020 03:00 - 23.09.2020 04:00 (CET/CEST)","2409"
"France (FR)","23.09.2020 04:00 - 23.09.2020 05:00 (CET/CEST)","2408"
"France (FR)","23.09.2020 05:00 - 23.09.2020 06:00 (CET/CEST)","2464"
"France (FR)","23.09.2020 06:00 - 23.09.2020 07:00 (CET/CEST)","2789"
"France (FR)","23.09.2020 07:00 - 23.09.2020 08:00 (CET/CEST)","3125"
"France (FR)","23.09.2020 08:00 - 23.09.2020 09:00 (CET/CEST)","3243"
"France (FR)","23.09.2020 09:00 - 23.09.2020 10:00 (CET/CEST)","3293"
"France (FR)","23.09.2020 10:00 - 23.09.2020 11:00 (CET/CEST)","3136"
"France (FR)","23.09.2020 11:00 - 23.09.2020 12:00 (CET/CEST)","3046"
"France (FR)","23.09.2020 12:00 - 23.09.2020 13:00 (CET/CEST)","2817"
"France (FR)","23.09.2020 13:00 - 23.09.2020 14:00 (CET/CEST)","2646"
"France (FR)","23.09.2020 14:00 - 23.09.2020 15:00 (CET/CEST)","2608"
"France (FR)","23.09.2020 15:00 - 23.09.2020 16:00 (CET/CEST)","2685"
"France (FR)","23.09.2020 16:00 - 23.09.2020 17:00 (CET/CEST)","2828"
"France (FR)","23.09.2020 17:00 - 23.09.2020 18:00 (CET/CEST)","3029"
"France (FR)","23.09.2020 18:00 - 23.09.2020 19:00 (CET/CEST)","3585"
"France (FR)","23.09.2020 19:00 - 23.09.2020 20:00 (CET/CEST)","3935"
"France (FR)","23.09.2020 20:00 - 23.09.2020 21:00 (CET/CEST)","3422"
"France (FR)","23.09.2020 21:00 - 23.09.2020 22:00 (CET/CEST)","3082"
"France (FR)","23.09.2020 22:00 - 23.09.2020 23:00 (CET/CEST)","2801"
"France (FR)","23.09.2020 23:00 - 24.09.2020 00:00 (CET/CEST)","2686"
"France (FR)","24.09.2020 00:00 - 24.09.2020 01:00 (CET/CEST)","2531"
"France (FR)","24.09.2020 01:00 - 24.09.2020 02:00 (CET/CEST)","2353"
"France (FR)","24.09.2020 02:00 - 24.09.2020 03:00 (CET/CEST)","2267"
"France (FR)","24.09.2020 03:00 - 24.09.2020 04:00 (CET/CEST)","2216"
"France (FR)","24.09.2020 04:00 - 24.09.2020 05:00 (CET/CEST)","2314"
"France (FR)","24.09.2020 05:00 - 24.09.2020 06:00 (CET/CEST)","2393"
"France (FR)","24.09.2020 06:00 - 24.09.2020 07:00 (CET/CEST)","2577"
"France (FR)","24.09.2020 07:00 - 24.09.2020 08:00 (CET/CEST)","2784"
"France (FR)","24.09.2020 08:00 - 24.09.2020 09:00 (CET/CEST)","3175"
"France (FR)","24.09.2020 09:00 - 24.09.2020 10:00 (CET/CEST)","3121"
"France (FR)","24.09.2020 10:00 - 24.09.2020 11:00 (CET/CEST)","3018"
"France (FR)","24.09.2020 11:00 - 24.09.2020 12:00 (CET/CEST)","2887"
"France (FR)","24.09.2020 12:00 - 24.09.2020 13:00 (CET/CEST)","2775"
"France (FR)","24.09.2020 13:00 - 24.09.2020 14:00 (CET/CEST)","2677"
"France (FR)","24.09.2020 14:00 - 24.09.2020 15:00 (CET/CEST)","2688"
"France (FR)","24.09.2020 15:00 - 24.09.2020 16:00 (CET/CEST)","2781"
"France (FR)","24.09.2020 16:00 - 24.09.2020 17:00 (CET/CEST)","2707"
"France (FR)","24.09.2020 17:00 - 24.09.2020 18:00 (CET/CEST)","2972"
"France (FR)","24.09.2020 18:00 - 24.09.2020 19:00 (CET/CEST)","3413"
"France (FR)","24.09.2020 19:00 - 24.09.2020 20:00 (CET/CEST)","3761"
"France (FR)","24.09.2020 20:00 - 24.09.2020 21:00 (CET/CEST)","3488"
"France (FR)","24.09.2020 21:00 - 24.09.2020 22:00 (CET/CEST)","2993"
"France (FR)","24.09.2020 22:00 - 24.09.2020 23:00 (CET/CEST)","2583"
"France (FR)","24.09.2020 23:00 - 25.09.2020 00:00 (CET/CEST)","2492"
"France (FR)","25.09.2020 00:00 - 25.09.2020 01:00 (CET/CEST)","2473"
"France (FR)","25.09.2020 01:00 - 25.09.2020 02:00 (CET/CEST)","2455"
"France (FR)","25.09.2020 02:00 - 25.09.2020 03:00 (CET/CEST)","2384"
"France (FR)","25.09.2020 03:00 - 25.09.2020 04:00 (CET/CEST)","2353"
"France (FR)","25.09.2020 04:00 - 25.09.2020 05:00 (CET/CEST)","2389"
"France (FR)","25.09.2020 05:00 - 25.09.2020 06:00 (CET/CEST)","2557"
"France (FR)","25.09.2020 06:00 - 25.09.2020 07:00 (CET/CEST)","2922"
"France (FR)","25.09.2020 07:00 - 25.09.2020 08:00 (CET/CEST)","3243"
"France (FR)","25.09.2020 08:00 - 25.09.2020 09:00 (CET/CEST)","3597"
"France (FR)","25.09.2020 09:00 - 25.09.2020 10:00 (CET/CEST)","3709"
"France (FR)","25.09.2020 10:00 - 25.09.2020 11:00 (CET/CEST)","3545"
"France (FR)","25.09.2020 11:00 - 25.09.2020 12:00 (CET/CEST)","3482"
"France (FR)","25.09.2020 12:00 - 25.09.2020 13:00 (CET/CEST)","3167"
"France (FR)","25.09.2020 13:00 - 25.09.2020 14:00 (CET/CEST)","2972"
"France (FR)","25.09.2020 14:00 - 25.09.2020 15:00 (CET/CEST)","2774"
"France (FR)","25.09.2020 15:00 - 25.09.2020 16:00 (CET/CEST)","2832"
"France (FR)","25.09.2020 16:00 - 25.09.2020 17:00 (CET/CEST)","2933"
"France (FR)","25.09.2020 17:00 - 25.09.2020 18:00 (CET/CEST)","3144"
"France (FR)","25.09.2020 18:00 - 25.09.2020 19:00 (CET/CEST)","3655"
"France (FR)","25.09.2020 19:00 - 25.09.2020 20:00 (CET/CEST)","4015"
"France (FR)","25.09.2020 20:00 - 25.09.2020 21:00 (CET/CEST)","3908"
"France (FR)","25.09.2020 21:00 - 25.09.2020 22:00 (CET/CEST)","3717"
"France (FR)","25.09.2020 22:00 - 25.09.2020 23:00 (CET/CEST)","3554"
"France (FR)","25.09.2020 23:00 - 26.09.2020 00:00 (CET/CEST)","3347"
"France (FR)","26.09.2020 00:00 - 26.09.2020 01:00 (CET/CEST)","3079"
"France (FR)","26.09.2020 01:00 - 26.09.2020 02:00 (CET/CEST)","2894"
"France (FR)","26.09.2020 02:00 - 26.09.2020 03:00 (CET/CEST)","2841"
"France (FR)","26.09.2020 03:00 - 26.09.2020 04:00 (CET/CEST)","2809"
"France (FR)","26.09.2020 04:00 - 26.09.2020 05:00 (CET/CEST)","2829"
"France (FR)","26.09.2020 05:00 - 26.09.2020 06:00 (CET/CEST)","2831"
"France (FR)","26.09.2020 06:00 - 26.09.2020 07:00 (CET/CEST)","2956"
"France (FR)","26.09.2020 07:00 - 26.09.2020 08:00 (CET/CEST)","3189"
"France (FR)","26.09.2020 08:00 - 26.09.2020 09:00 (CET/CEST)","3542"
"France (FR)","26.09.2020 09:00 - 26.09.2020 10:00 (CET/CEST)","3731"
"France (FR)","26.09.2020 10:00 - 26.09.2020 11:00 (CET/CEST)","3802"
"France (FR)","26.09.2020 11:00 - 26.09.2020 12:00 (CET/CEST)","3752"
"France (FR)","26.09.2020 12:00 - 26.09.2020 13:00 (CET/CEST)","3627"
"France (FR)","26.09.2020 13:00 - 26.09.2020 14:00 (CET/CEST)","3546"
"France (FR)","26.09.2020 14:00 - 26.09.2020 15:00 (CET/CEST)","3445"
"France (FR)","26.09.2020 15:00 - 26.09.2020 16:00 (CET/CEST)","3441"
"France (FR)","26.09.2020 16:00 - 26.09.2020 17:00 (CET/CEST)","3468"
"France (FR)","26.09.2020 17:00 - 26.09.2020 18:00 (CET/CEST)","3461"
"France (FR)","26.09.2020 18:00 - 26.09.2020 19:00 (CET/CEST)","3686"
"France (FR)","26.09.2020 19:00 - 26.09.2020 20:00 (CET/CEST)","3981"
"France (FR)","26.09.2020 20:00 - 26.09.2020 21:00 (CET/CEST)","4021"
"France (FR)","26.09.2020 21:00 - 26.09.2020 22:00 (CET/CEST)","3882"
"France (FR)","26.09.2020 22:00 - 26.09.2020 23:00 (CET/CEST)","3808"
"France (FR)","26.09.2020 23:00 - 27.09.2020 00:00 (CET/CEST)","3696"
"France (FR)","27.09.2020 00:00 - 27.09.2020 01:00 (CET/CEST)","3570"
"France (FR)","27.09.2020 01:00 - 27.09.2020 02:00 (CET/CEST)","3294"
"France (FR)","27.09.2020 02:00 - 27.09.2020 03:00 (CET/CEST)","3154"
"France (FR)","27.09.2020 03:00 - 27.09.2020 04:00 (CET/CEST)","3103"
"France (FR)","27.09.2020 04:00 - 27.09.2020 05:00 (CET/CEST)","3079"
"France (FR)","27.09.2020 05:00 - 27.09.2020 06:00 (CET/CEST)","3060"
"France (FR)","27.09.2020 06:00 - 27.09.2020 07:00 (CET/CEST)","3135"
"France (FR)","27.09.2020 07:00 - 27.09.2020 08:00 (CET/CEST)","3301"
"France (FR)","27.09.2020 08:00 - 27.09.2020 09:00 (CET/CEST)","3455"
"France (FR)","27.09.2020 09:00 - 27.09.2020 10:00 (CET/CEST)","3628"
"France (FR)","27.09.2020 10:00 - 27.09.2020 11:00 (CET/CEST)","3833"
"France (FR)","27.09.2020 11:00 - 27.09.2020 12:00 (CET/CEST)","3870"
"France (FR)","27.09.2020 12:00 - 27.09.2020 13:00 (CET/CEST)","3784"
"France (FR)","27.09.2020 13:00 - 27.09.2020 14:00 (CET/CEST)","3511"
"France (FR)","27.09.2020 14:00 - 27.09.2020 15:00 (CET/CEST)","3353"
"France (FR)","27.09.2020 15:00 - 27.09.2020 16:00 (CET/CEST)","3261"
"France (FR)","27.09.2020 16:00 - 27.09.2020 17:00 (CET/CEST)","3196"
"France (FR)","27.09.2020 17:00 - 27.09.2020 18:00 (CET/CEST)","3298"
"France (FR)","27.09.2020 18:00 - 27.09.2020 19:00 (CET/CEST)","3784"
"France (FR)","27.09.2020 19:00 - 27.09.2020 20:00 (CET/CEST)","4090"
"France (FR)","27.09.2020 20:00 - 27.09.2020 21:00 (CET/CEST)","4139"
"France (FR)","27.09.2020 21:00 - 27.09.2020 22:00 (CET/CEST)","4137"
"France (FR)","27.09.2020 22:00 - 27.09.2020 23:00 (CET/CEST)","3942"
"France (FR)","27.09.2020 23:00 - 28.09.2020 00:00 (CET/CEST)","3845"
"France (FR)","28.09.2020 00:00 - 28.09.2020 01:00 (CET/CEST)","3547"
"France (FR)","28.09.2020 01:00 - 28.09.2020 02:00 (CET/CEST)","3191"
"France (FR)","28.09.2020 02:00 - 28.09.2020 03:00 (CET/CEST)","2909"
"France (FR)","28.09.2020 03:00 - 28.09.2020 04:00 (CET/CEST)","2881"
"France (FR)","28.09.2020 04:00 - 28.09.2020 05:00 (CET/CEST)","2845"
"France (FR)","28.09.2020 05:00 - 28.09.2020 06:00 (CET/CEST)","2941"
"France (FR)","28.09.2020 06:00 - 28.09.2020 07:00 (CET/CEST)","3412"
"France (FR)","28.09.2020 07:00 - 28.09.2020 08:00 (CET/CEST)","3641"
"France (FR)","28.09.2020 08:00 - 28.09.2020 09:00 (CET/CEST)","3651"
"France (FR)","28.09.2020 09:00 - 28.09.2020 10:00 (CET/CEST)","3822"
"France (FR)","28.09.2020 10:00 - 28.09.2020 11:00 (CET/CEST)","3897"
"France (FR)","28.09.2020 11:00 - 28.09.2020 12:00 (CET/CEST)","4039"
"France (FR)","28.09.2020 12:00 - 28.09.2020 13:00 (CET/CEST)","3925"
"France (FR)","28.09.2020 13:00 - 28.09.2020 14:00 (CET/CEST)","3669"
"France (FR)","28.09.2020 14:00 - 28.09.2020 15:00 (CET/CEST)","3522"
"France (FR)","28.09.2020 15:00 - 28.09.2020 16:00 (CET/CEST)","3426"
"France (FR)","28.09.2020 16:00 - 28.09.2020 17:00 (CET/CEST)","3538"
"France (FR)","28.09.2020 17:00 - 28.09.2020 18:00 (CET/CEST)","3805"
"France (FR)","28.09.2020 18:00 - 28.09.2020 19:00 (CET/CEST)","4132"
"France (FR)","28.09.2020 19:00 - 28.09.2020 20:00 (CET/CEST)","4623"
"France (FR)","28.09.2020 20:00 - 28.09.2020 21:00 (CET/CEST)","4241"
"France (FR)","28.09.2020 21:00 - 28.09.2020 22:00 (CET/CEST)","3808"
"France (FR)","28.09.2020 22:00 - 28.09.2020 23:00 (CET/CEST)","3769"
"France (FR)","28.09.2020 23:00 - 29.09.2020 00:00 (CET/CEST)","3743"
"France (FR)","29.09.2020 00:00 - 29.09.2020 01:00 (CET/CEST)","3383"
"France (FR)","29.09.2020 01:00 - 29.09.2020 02:00 (CET/CEST)","3069"
"France (FR)","29.09.2020 02:00 - 29.09.2020 03:00 (CET/CEST)","2913"
"France (FR)","29.09.2020 03:00 - 29.09.2020 04:00 (CET/CEST)","2861"
"France (FR)","29.09.2020 04:00 - 29.09.2020 05:00 (CET/CEST)","2883"
"France (FR)","29.09.2020 05:00 - 29.09.2020 06:00 (CET/CEST)","2975"
"France (FR)","29.09.2020 06:00 - 29.09.2020 07:00 (CET/CEST)","3269"
"France (FR)","29.09.2020 07:00 - 29.09.2020 08:00 (CET/CEST)","3875"
"France (FR)","29.09.2020 08:00 - 29.09.2020 09:00 (CET/CEST)","3918"
"France (FR)","29.09.2020 09:00 - 29.09.2020 10:00 (CET/CEST)","3762"
"France (FR)","29.09.2020 10:00 - 29.09.2020 11:00 (CET/CEST)","3786"
"France (FR)","29.09.2020 11:00 - 29.09.2020 12:00 (CET/CEST)","3756"
"France (FR)","29.09.2020 12:00 - 29.09.2020 13:00 (CET/CEST)","3585"
"France (FR)","29.09.2020 13:00 - 29.09.2020 14:00 (CET/CEST)","3500"
"France (FR)","29.09.2020 14:00 - 29.09.2020 15:00 (CET/CEST)","3305"
"France (FR)","29.09.2020 15:00 - 29.09.2020 16:00 (CET/CEST)","3296"
"France (FR)","29.09.2020 16:00 - 29.09.2020 17:00 (CET/CEST)","3400"
"France (FR)","29.09.2020 17:00 - 29.09.2020 18:00 (CET/CEST)","3868"
"France (FR)","29.09.2020 18:00 - 29.09.2020 19:00 (CET/CEST)","4403"
"France (FR)","29.09.2020 19:00 - 29.09.2020 20:00 (CET/CEST)","4947"
"France (FR)","29.09.2020 20:00 - 29.09.2020 21:00 (CET/CEST)","4792"
"France (FR)","29.09.2020 21:00 - 29.09.2020 22:00 (CET/CEST)","4221"
"France (FR)","29.09.2020 22:00 - 29.09.2020 23:00 (CET/CEST)","3950"
"France (FR)","29.09.2020 23:00 - 30.09.2020 00:00 (CET/CEST)","3977"
"France (FR)","30.09.2020 00:00 - 30.09.2020 01:00 (CET/CEST)","3695"
"France (FR)","30.09.2020 01:00 - 30.09.2020 02:00 (CET/CEST)","3281"
"France (FR)","30.09.2020 02:00 - 30.09.2020 03:00 (CET/CEST)","3074"
"France (FR)","30.09.2020 03:00 - 30.09.2020 04:00 (CET/CEST)","2876"
"France (FR)","30.09.2020 04:00 - 30.09.2020 05:00 (CET/CEST)","2796"
"France (FR)","30.09.2020 05:00 - 30.09.2020 06:00 (CET/CEST)","2813"
"France (FR)","30.09.2020 06:00 - 30.09.2020 07:00 (CET/CEST)","2898"
"France (FR)","30.09.2020 07:00 - 30.09.2020 08:00 (CET/CEST)","3418"
"France (FR)","30.09.2020 08:00 - 30.09.2020 09:00 (CET/CEST)","3731"
"France (FR)","30.09.2020 09:00 - 30.09.2020 10:00 (CET/CEST)","3542"
"France (FR)","30.09.2020 10:00 - 30.09.2020 11:00 (CET/CEST)","3439"
"France (FR)","30.09.2020 11:00 - 30.09.2020 12:00 (CET/CEST)","3555"
"France (FR)","30.09.2020 12:00 - 30.09.2020 13:00 (CET/CEST)","3428"
"France (FR)","30.09.2020 13:00 - 30.09.2020 14:00 (CET/CEST)","3279"
"France (FR)","30.09.2020 14:00 - 30.09.2020 15:00 (CET/CEST)","3318"
"France (FR)","30.09.2020 15:00 - 30.09.2020 16:00 (CET/CEST)","3198"
"France (FR)","30.09.2020 16:00 - 30.09.2020 17:00 (CET/CEST)","3224"
"France (FR)","30.09.2020 17:00 - 30.09.2020 18:00 (CET/CEST)","3463"
"France (FR)","30.09.2020 18:00 - 30.09.2020 19:00 (CET/CEST)","3911"
"France (FR)","30.09.2020 19:00 - 30.09.2020 20:00 (CET/CEST)","4154"
"France (FR)","30.09.2020 20:00 - 30.09.2020 21:00 (CET/CEST)","4056"
"France (FR)","30.09.2020 21:00 - 30.09.2020 22:00 (CET/CEST)","3705"
"France (FR)","30.09.2020 22:00 - 30.09.2020 23:00 (CET/CEST)","3573"
"France (FR)","30.09.2020 23:00 - 01.10.2020 00:00 (CET/CEST)","3407"
"France (FR)","01.10.2020 00:00 - 01.10.2020 01:00 (CET/CEST)","3243"
"France (FR)","01.10.2020 01:00 - 01.10.2020 02:00 (CET/CEST)","2975"
"France (FR)","01.10.2020 02:00 - 01.10.2020 03:00 (CET/CEST)","2917"
"France (FR)","01.10.2020 03:00 - 01.10.2020 04:00 (CET/CEST)","2826"
"France (FR)","01.10.2020 04:00 - 01.10.2020 05:00 (CET/CEST)","2656"
"France (FR)","01.10.2020 05:00 - 01.10.2020 06:00 (CET/CEST)","2626"
"France (FR)","01.10.2020 06:00 - 01.10.2020 07:00 (CET/CEST)","2936"
"France (FR)","01.10.2020 07:00 - 01.10.2020 08:00 (CET/CEST)","3501"
"France (FR)","01.10.2020 08:00 - 01.10.2020 09:00 (CET/CEST)","3849"
"France (FR)","01.10.2020 09:00 - 01.10.2020 10:00 (CET/CEST)","3787"
"France (FR)","01.10.2020 10:00 - 01.10.2020 11:00 (CET/CEST)","3662"
"France (FR)","01.10.2020 11:00 - 01.10.2020 12:00 (CET/CEST)","3853"
"France (FR)","01.10.2020 12:00 - 01.10.2020 13:00 (CET/CEST)","3696"
"France (FR)","01.10.2020 13:00 - 01.10.2020 14:00 (CET/CEST)","3427"
"France (FR)","01.10.2020 14:00 - 01.10.2020 15:00 (CET/CEST)","3305"
"France (FR)","01.10.2020 15:00 - 01.10.2020 16:00 (CET/CEST)","3262"
"France (FR)","01.10.2020 16:00 - 01.10.2020 17:00 (CET/CEST)","3287"
"France (FR)","01.10.2020 17:00 - 01.10.2020 18:00 (CET/CEST)","3536"
"France (FR)","01.10.2020 18:00 - 01.10.2020 19:00 (CET/CEST)","3947"
"France (FR)","01.10.2020 19:00 - 01.10.2020 20:00 (CET/CEST)","4446"
"France (FR)","01.10.2020 20:00 - 01.10.2020 21:00 (CET/CEST)","4234"
"France (FR)","01.10.2020 21:00 - 01.10.2020 22:00 (CET/CEST)","3770"
"France (FR)","01.10.2020 22:00 - 01.10.2020 23:00 (CET/CEST)","3590"
"France (FR)","01.10.2020 23:00 - 02.10.2020 00:00 (CET/CEST)","3652"
"France (FR)","02.10.2020 00:00 - 02.10.2020 01:00 (CET/CEST)","3513"
"France (FR)","02.10.2020 01:00 - 02.10.2020 02:00 (CET/CEST)","3238"
"France (FR)","02.10.2020 02:00 - 02.10.2020 03:00 (CET/CEST)","3078"
"France (FR)","02.10.2020 03:00 - 02.10.2020 04:00 (CET/CEST)","2985"
"France (FR)","02.10.2020 04:00 - 02.10.2020 05:00 (CET/CEST)","2872"
"France (FR)","02.10.2020 05:00 - 02.10.2020 06:00 (CET/CEST)","2665"
"France (FR)","02.10.2020 06:00 - 02.10.2020 07:00 (CET/CEST)","2839"
"France (FR)","02.10.2020 07:00 - 02.10.2020 08:00 (CET/CEST)","3458"
"France (FR)","02.10.2020 08:00 - 02.10.2020 09:00 (CET/CEST)","4026"
"France (FR)","02.10.2020 09:00 - 02.10.2020 10:00 (CET/CEST)","3939"
"France (FR)","02.10.2020 10:00 - 02.10.2020 11:00 (CET/CEST)","3900"
"France (FR)","02.10.2020 11:00 - 02.10.2020 12:00 (CET/CEST)","3924"
"France (FR)","02.10.2020 12:00 - 02.10.2020 13:00 (CET/CEST)","4127"
"France (FR)","02.10.2020 13:00 - 02.10.2020 14:00 (CET/CEST)","3909"
"France (FR)","02.10.2020 14:00 - 02.10.2020 15:00 (CET/CEST)","3814"
"France (FR)","02.10.2020 15:00 - 02.10.2020 16:00 (CET/CEST)","3786"
"France (FR)","02.10.2020 16:00 - 02.10.2020 17:00 (CET/CEST)","3830"
"France (FR)","02.10.2020 17:00 - 02.10.2020 18:00 (CET/CEST)","3921"
"France (FR)","02.10.2020 18:00 - 02.10.2020 19:00 (CET/CEST)","4182"
"France (FR)","02.10.2020 19:00 - 02.10.2020 20:00 (CET/CEST)","4657"
"France (FR)","02.10.2020 20:00 - 02.10.2020 21:00 (CET/CEST)","4550"
"France (FR)","02.10.2020 21:00 - 02.10.2020 22:00 (CET/CEST)","4361"
"France (FR)","02.10.2020 22:00 - 02.10.2020 23:00 (CET/CEST)","4311"
"France (FR)","02.10.2020 23:00 - 03.10.2020 00:00 (CET/CEST)","4288"
"France (FR)","03.10.2020 00:00 - 03.10.2020 01:00 (CET/CEST)","4410"
"France (FR)","03.10.2020 01:00 - 03.10.2020 02:00 (CET/CEST)","4350"
"France (FR)","03.10.2020 02:00 - 03.10.2020 03:00 (CET/CEST)","4320"
"France (FR)","03.10.2020 03:00 - 03.10.2020 04:00 (CET/CEST)","4353"
"France (FR)","03.10.2020 04:00 - 03.10.2020 05:00 (CET/CEST)","4364"
"France (FR)","03.10.2020 05:00 - 03.10.2020 06:00 (CET/CEST)","4273"
"France (FR)","03.10.2020 06:00 - 03.10.2020 07:00 (CET/CEST)","4168"
"France (FR)","03.10.2020 07:00 - 03.10.2020 08:00 (CET/CEST)","4273"
"France (FR)","03.10.2020 08:00 - 03.10.2020 09:00 (CET/CEST)","4362"
"France (FR)","03.10.2020 09:00 - 03.10.2020 10:00 (CET/CEST)","4495"
"France (FR)","03.10.2020 10:00 - 03.10.2020 11:00 (CET/CEST)","4528"
"France (FR)","03.10.2020 11:00 - 03.10.2020 12:00 (CET/CEST)","4598"
"France (FR)","03.10.2020 12:00 - 03.10.2020 13:00 (CET/CEST)","4656"
"France (FR)","03.10.2020 13:00 - 03.10.2020 14:00 (CET/CEST)","4712"
"France (FR)","03.10.2020 14:00 - 03.10.2020 15:00 (CET/CEST)","4656"
"France (FR)","03.10.2020 15:00 - 03.10.2020 16:00 (CET/CEST)","4710"
"France (FR)","03.10.2020 16:00 - 03.10.2020 17:00 (CET/CEST)","4733"
"France (FR)","03.10.2020 17:00 - 03.10.2020 18:00 (CET/CEST)","4729"
"France (FR)","03.10.2020 18:00 - 03.10.2020 19:00 (CET/CEST)","4909"
"France (FR)","03.10.2020 19:00 - 03.10.2020 20:00 (CET/CEST)","5262"
"France (FR)","03.10.2020 20:00 - 03.10.2020 21:00 (CET/CEST)","5078"
"France (FR)","03.10.2020 21:00 - 03.10.2020 22:00 (CET/CEST)","4998"
"France (FR)","03.10.2020 22:00 - 03.10.2020 23:00 (CET/CEST)","4897"
"France (FR)","03.10.2020 23:00 - 04.10.2020 00:00 (CET/CEST)","4828"
"France (FR)","04.10.2020 00:00 - 04.10.2020 01:00 (CET/CEST)","5022"
"France (FR)","04.10.2020 01:00 - 04.10.2020 02:00 (CET/CEST)","5093"
"France (FR)","04.10.2020 02:00 - 04.10.2020 03:00 (CET/CEST)","4992"
"France (FR)","04.10.2020 03:00 - 04.10.2020 04:00 (CET/CEST)","4938"
"France (FR)","04.10.2020 04:00 - 04.10.2020 05:00 (CET/CEST)","4926"
"France (FR)","04.10.2020 05:00 - 04.10.2020 06:00 (CET/CEST)","4823"
"France (FR)","04.10.2020 06:00 - 04.10.2020 07:00 (CET/CEST)","4653"
"France (FR)","04.10.2020 07:00 - 04.10.2020 08:00 (CET/CEST)","4647"
"France (FR)","04.10.2020 08:00 - 04.10.2020 09:00 (CET/CEST)","4697"
"France (FR)","04.10.2020 09:00 - 04.10.2020 10:00 (CET/CEST)","4771"
"France (FR)","04.10.2020 10:00 - 04.10.2020 11:00 (CET/CEST)","4794"
"France (FR)","04.10.2020 11:00 - 04.10.2020 12:00 (CET/CEST)","4774"
"France (FR)","04.10.2020 12:00 - 04.10.2020 13:00 (CET/CEST)","4828"
"France (FR)","04.10.2020 13:00 - 04.10.2020 14:00 (CET/CEST)","4849"
"France (FR)","04.10.2020 14:00 - 04.10.2020 15:00 (CET/CEST)","4780"
"France (FR)","04.10.2020 15:00 - 04.10.2020 16:00 (CET/CEST)","4706"
"France (FR)","04.10.2020 16:00 - 04.10.2020 17:00 (CET/CEST)","4737"
"France (FR)","04.10.2020 17:00 - 04.10.2020 18:00 (CET/CEST)","4993"
"France (FR)","04.10.2020 18:00 - 04.10.2020 19:00 (CET/CEST)","5058"
"France (FR)","04.10.2020 19:00 - 04.10.2020 20:00 (CET/CEST)","5275"
"France (FR)","04.10.2020 20:00 - 04.10.2020 21:00 (CET/CEST)","5202"
"France (FR)","04.10.2020 21:00 - 04.10.2020 22:00 (CET/CEST)","5008"
"France (FR)","04.10.2020 22:00 - 04.10.2020 23:00 (CET/CEST)","4935"
"France (FR)","04.10.2020 23:00 - 05.10.2020 00:00 (CET/CEST)","4887"
"France (FR)","05.10.2020 00:00 - 05.10.2020 01:00 (CET/CEST)","4740"
"France (FR)","05.10.2020 01:00 - 05.10.2020 02:00 (CET/CEST)","4868"
"France (FR)","05.10.2020 02:00 - 05.10.2020 03:00 (CET/CEST)","4832"
"France (FR)","05.10.2020 03:00 - 05.10.2020 04:00 (CET/CEST)","4751"
"France (FR)","05.10.2020 04:00 - 05.10.2020 05:00 (CET/CEST)","4737"
"France (FR)","05.10.2020 05:00 - 05.10.2020 06:00 (CET/CEST)","4710"
"France (FR)","05.10.2020 06:00 - 05.10.2020 07:00 (CET/CEST)","4870"
"France (FR)","05.10.2020 07:00 - 05.10.2020 08:00 (CET/CEST)","4926"
"France (FR)","05.10.2020 08:00 - 05.10.2020 09:00 (CET/CEST)","4947"
"France (FR)","05.10.2020 09:00 - 05.10.2020 10:00 (CET/CEST)","4803"
"France (FR)","05.10.2020 10:00 - 05.10.2020 11:00 (CET/CEST)","4857"
"France (FR)","05.10.2020 11:00 - 05.10.2020 12:00 (CET/CEST)","4546"
"France (FR)","05.10.2020 12:00 - 05.10.2020 13:00 (CET/CEST)","4609"
"France (FR)","05.10.2020 13:00 - 05.10.2020 14:00 (CET/CEST)","4663"
"France (FR)","05.10.2020 14:00 - 05.10.2020 15:00 (CET/CEST)","4625"
"France (FR)","05.10.2020 15:00 - 05.10.2020 16:00 (CET/CEST)","4579"
"France (FR)","05.10.2020 16:00 - 05.10.2020 17:00 (CET/CEST)","4639"
"France (FR)","05.10.2020 17:00 - 05.10.2020 18:00 (CET/CEST)","4817"
"France (FR)","05.10.2020 18:00 - 05.10.2020 19:00 (CET/CEST)","5115"
"France (FR)","05.10.2020 19:00 - 05.10.2020 20:00 (CET/CEST)","5365"
"France (FR)","05.10.2020 20:00 - 05.10.2020 21:00 (CET/CEST)","5324"
"France (FR)","05.10.2020 21:00 - 05.10.2020 22:00 (CET/CEST)","5260"
"France (FR)","05.10.2020 22:00 - 05.10.2020 23:00 (CET/CEST)","4747"
"France (FR)","05.10.2020 23:00 - 06.10.2020 00:00 (CET/CEST)","4629"
"France (FR)","06.10.2020 00:00 - 06.10.2020 01:00 (CET/CEST)","4437"
"France (FR)","06.10.2020 01:00 - 06.10.2020 02:00 (CET/CEST)","4355"
"France (FR)","06.10.2020 02:00 - 06.10.2020 03:00 (CET/CEST)","4391"
"France (FR)","06.10.2020 03:00 - 06.10.2020 04:00 (CET/CEST)","4383"
"France (FR)","06.10.2020 04:00 - 06.10.2020 05:00 (CET/CEST)","4398"
"France (FR)","06.10.2020 05:00 - 06.10.2020 06:00 (CET/CEST)","4390"
"France (FR)","06.10.2020 06:00 - 06.10.2020 07:00 (CET/CEST)","4552"
"France (FR)","06.10.2020 07:00 - 06.10.2020 08:00 (CET/CEST)","4573"
"France (FR)","06.10.2020 08:00 - 06.10.2020 09:00 (CET/CEST)","4641"
"France (FR)","06.10.2020 09:00 - 06.10.2020 10:00 (CET/CEST)","4667"
"France (FR)","06.10.2020 10:00 - 06.10.2020 11:00 (CET/CEST)","4488"
"France (FR)","06.10.2020 11:00 - 06.10.2020 12:00 (CET/CEST)","4427"
"France (FR)","06.10.2020 12:00 - 06.10.2020 13:00 (CET/CEST)","4538"
"France (FR)","06.10.2020 13:00 - 06.10.2020 14:00 (CET/CEST)","4694"
"France (FR)","06.10.2020 14:00 - 06.10.2020 15:00 (CET/CEST)","4634"
"France (FR)","06.10.2020 15:00 - 06.10.2020 16:00 (CET/CEST)","4514"
"France (FR)","06.10.2020 16:00 - 06.10.2020 17:00 (CET/CEST)","4590"
"France (FR)","06.10.2020 17:00 - 06.10.2020 18:00 (CET/CEST)","4715"
"France (FR)","06.10.2020 18:00 - 06.10.2020 19:00 (CET/CEST)","4890"
"France (FR)","06.10.2020 19:00 - 06.10.2020 20:00 (CET/CEST)","5003"
"France (FR)","06.10.2020 20:00 - 06.10.2020 21:00 (CET/CEST)","5015"
"France (FR)","06.10.2020 21:00 - 06.10.2020 22:00 (CET/CEST)","4894"
"France (FR)","06.10.2020 22:00 - 06.10.2020 23:00 (CET/CEST)","4764"
"France (FR)","06.10.2020 23:00 - 07.10.2020 00:00 (CET/CEST)","4605"
"France (FR)","07.10.2020 00:00 - 07.10.2020 01:00 (CET/CEST)","4547"
"France (FR)","07.10.2020 01:00 - 07.10.2020 02:00 (CET/CEST)","4483"
"France (FR)","07.10.2020 02:00 - 07.10.2020 03:00 (CET/CEST)","4567"
"France (FR)","07.10.2020 03:00 - 07.10.2020 04:00 (CET/CEST)","4625"
"France (FR)","07.10.2020 04:00 - 07.10.2020 05:00 (CET/CEST)","4643"
"France (FR)","07.10.2020 05:00 - 07.10.2020 06:00 (CET/CEST)","4622"
"France (FR)","07.10.2020 06:00 - 07.10.2020 07:00 (CET/CEST)","4778"
"France (FR)","07.10.2020 07:00 - 07.10.2020 08:00 (CET/CEST)","4895"
"France (FR)","07.10.2020 08:00 - 07.10.2020 09:00 (CET/CEST)","4925"
"France (FR)","07.10.2020 09:00 - 07.10.2020 10:00 (CET/CEST)","5046"
"France (FR)","07.10.2020 10:00 - 07.10.2020 11:00 (CET/CEST)","4817"
"France (FR)","07.10.2020 11:00 - 07.10.2020 12:00 (CET/CEST)","4843"
"France (FR)","07.10.2020 12:00 - 07.10.2020 13:00 (CET/CEST)","4823"
"France (FR)","07.10.2020 13:00 - 07.10.2020 14:00 (CET/CEST)","4920"
"France (FR)","07.10.2020 14:00 - 07.10.2020 15:00 (CET/CEST)","4894"
"France (FR)","07.10.2020 15:00 - 07.10.2020 16:00 (CET/CEST)","4768"
"France (FR)","07.10.2020 16:00 - 07.10.2020 17:00 (CET/CEST)","4892"
"France (FR)","07.10.2020 17:00 - 07.10.2020 18:00 (CET/CEST)","5119"
"France (FR)","07.10.2020 18:00 - 07.10.2020 19:00 (CET/CEST)","5331"
"France (FR)","07.10.2020 19:00 - 07.10.2020 20:00 (CET/CEST)","5542"
"France (FR)","07.10.2020 20:00 - 07.10.2020 21:00 (CET/CEST)","5473"
"France (FR)","07.10.2020 21:00 - 07.10.2020 22:00 (CET/CEST)","5089"
"France (FR)","07.10.2020 22:00 - 07.10.2020 23:00 (CET/CEST)","4963"
"France (FR)","07.10.2020 23:00 - 08.10.2020 00:00 (CET/CEST)","4910"
"France (FR)","08.10.2020 00:00 - 08.10.2020 01:00 (CET/CEST)","4648"
"France (FR)","08.10.2020 01:00 - 08.10.2020 02:00 (CET/CEST)","4533"
"France (FR)","08.10.2020 02:00 - 08.10.2020 03:00 (CET/CEST)","4493"
"France (FR)","08.10.2020 03:00 - 08.10.2020 04:00 (CET/CEST)","4483"
"France (FR)","08.10.2020 04:00 - 08.10.2020 05:00 (CET/CEST)","4493"
"France (FR)","08.10.2020 05:00 - 08.10.2020 06:00 (CET/CEST)","4539"
"France (FR)","08.10.2020 06:00 - 08.10.2020 07:00 (CET/CEST)","4618"
"France (FR)","08.10.2020 07:00 - 08.10.2020 08:00 (CET/CEST)","4763"
"France (FR)","08.10.2020 08:00 - 08.10.2020 09:00 (CET/CEST)","4902"
"France (FR)","08.10.2020 09:00 - 08.10.2020 10:00 (CET/CEST)","4812"
"France (FR)","08.10.2020 10:00 - 08.10.2020 11:00 (CET/CEST)","4706"
"France (FR)","08.10.2020 11:00 - 08.10.2020 12:00 (CET/CEST)","4654"
"France (FR)","08.10.2020 12:00 - 08.10.2020 13:00 (CET/CEST)","4518"
"France (FR)","08.10.2020 13:00 - 08.10.2020 14:00 (CET/CEST)","4479"
"France (FR)","08.10.2020 14:00 - 08.10.2020 15:00 (CET/CEST)","4436"
"France (FR)","08.10.2020 15:00 - 08.10.2020 16:00 (CET/CEST)","4424"
"France (FR)","08.10.2020 16:00 - 08.10.2020 17:00 (CET/CEST)","4494"
"France (FR)","08.10.2020 17:00 - 08.10.2020 18:00 (CET/CEST)","4563"
"France (FR)","08.10.2020 18:00 - 08.10.2020 19:00 (CET/CEST)","4794"
"France (FR)","08.10.2020 19:00 - 08.10.2020 20:00 (CET/CEST)","5048"
"France (FR)","08.10.2020 20:00 - 08.10.2020 21:00 (CET/CEST)","5124"
"France (FR)","08.10.2020 21:00 - 08.10.2020 22:00 (CET/CEST)","4804"
"France (FR)","08.10.2020 22:00 - 08.10.2020 23:00 (CET/CEST)","4680"
"France (FR)","08.10.2020 23:00 - 09.10.2020 00:00 (CET/CEST)","4575"
"France (FR)","09.10.2020 00:00 - 09.10.2020 01:00 (CET/CEST)","4465"
"France (FR)","09.10.2020 01:00 - 09.10.2020 02:00 (CET/CEST)","4230"
"France (FR)","09.10.2020 02:00 - 09.10.2020 03:00 (CET/CEST)","4289"
"France (FR)","09.10.2020 03:00 - 09.10.2020 04:00 (CET/CEST)","4322"
"France (FR)","09.10.2020 04:00 - 09.10.2020 05:00 (CET/CEST)","4322"
"France (FR)","09.10.2020 05:00 - 09.10.2020 06:00 (CET/CEST)","4348"
"France (FR)","09.10.2020 06:00 - 09.10.2020 07:00 (CET/CEST)","4510"
"France (FR)","09.10.2020 07:00 - 09.10.2020 08:00 (CET/CEST)","5088"
"France (FR)","09.10.2020 08:00 - 09.10.2020 09:00 (CET/CEST)","5170"
"France (FR)","09.10.2020 09:00 - 09.10.2020 10:00 (CET/CEST)","5082"
"France (FR)","09.10.2020 10:00 - 09.10.2020 11:00 (CET/CEST)","4973"
"France (FR)","09.10.2020 11:00 - 09.10.2020 12:00 (CET/CEST)","4933"
"France (FR)","09.10.2020 12:00 - 09.10.2020 13:00 (CET/CEST)","4629"
"France (FR)","09.10.2020 13:00 - 09.10.2020 14:00 (CET/CEST)","4472"
"France (FR)","09.10.2020 14:00 - 09.10.2020 15:00 (CET/CEST)","4334"
"France (FR)","09.10.2020 15:00 - 09.10.2020 16:00 (CET/CEST)","4171"
"France (FR)","09.10.2020 16:00 - 09.10.2020 17:00 (CET/CEST)","4234"
"France (FR)","09.10.2020 17:00 - 09.10.2020 18:00 (CET/CEST)","4441"
"France (FR)","09.10.2020 18:00 - 09.10.2020 19:00 (CET/CEST)","4759"
"France (FR)","09.10.2020 19:00 - 09.10.2020 20:00 (CET/CEST)","5145"
"France (FR)","09.10.2020 20:00 - 09.10.2020 21:00 (CET/CEST)","4877"
"France (FR)","09.10.2020 21:00 - 09.10.2020 22:00 (CET/CEST)","4608"
"France (FR)","09.10.2020 22:00 - 09.10.2020 23:00 (CET/CEST)","4482"
"France (FR)","09.10.2020 23:00 - 10.10.2020 00:00 (CET/CEST)","4351"
"France (FR)","10.10.2020 00:00 - 10.10.2020 01:00 (CET/CEST)","4083"
"France (FR)","10.10.2020 01:00 - 10.10.2020 02:00 (CET/CEST)","3869"
"France (FR)","10.10.2020 02:00 - 10.10.2020 03:00 (CET/CEST)","3701"
"France (FR)","10.10.2020 03:00 - 10.10.2020 04:00 (CET/CEST)","3472"
"France (FR)","10.10.2020 04:00 - 10.10.2020 05:00 (CET/CEST)","3525"
"France (FR)","10.10.2020 05:00 - 10.10.2020 06:00 (CET/CEST)","3701"
"France (FR)","10.10.2020 06:00 - 10.10.2020 07:00 (CET/CEST)","3793"
"France (FR)","10.10.2020 07:00 - 10.10.2020 08:00 (CET/CEST)","3881"
"France (FR)","10.10.2020 08:00 - 10.10.2020 09:00 (CET/CEST)","4067"
"France (FR)","10.10.2020 09:00 - 10.10.2020 10:00 (CET/CEST)","4180"
"France (FR)","10.10.2020 10:00 - 10.10.2020 11:00 (CET/CEST)","4147"
"France (FR)","10.10.2020 11:00 - 10.10.2020 12:00 (CET/CEST)","4068"
"France (FR)","10.10.2020 12:00 - 10.10.2020 13:00 (CET/CEST)","3879"
"France (FR)","10.10.2020 13:00 - 10.10.2020 14:00 (CET/CEST)","3624"
"France (FR)","10.10.2020 14:00 - 10.10.2020 15:00 (CET/CEST)","3485"
"France (FR)","10.10.2020 15:00 - 10.10.2020 16:00 (CET/CEST)","3473"
"France (FR)","10.10.2020 16:00 - 10.10.2020 17:00 (CET/CEST)","3563"
"France (FR)","10.10.2020 17:00 - 10.10.2020 18:00 (CET/CEST)","3861"
"France (FR)","10.10.2020 18:00 - 10.10.2020 19:00 (CET/CEST)","4250"
"France (FR)","10.10.2020 19:00 - 10.10.2020 20:00 (CET/CEST)","4463"
"France (FR)","10.10.2020 20:00 - 10.10.2020 21:00 (CET/CEST)","4382"
"France (FR)","10.10.2020 21:00 - 10.10.2020 22:00 (CET/CEST)","4171"
"France (FR)","10.10.2020 22:00 - 10.10.2020 23:00 (CET/CEST)","4043"
"France (FR)","10.10.2020 23:00 - 11.10.2020 00:00 (CET/CEST)","3919"
"France (FR)","11.10.2020 00:00 - 11.10.2020 01:00 (CET/CEST)","3762"
"France (FR)","11.10.2020 01:00 - 11.10.2020 02:00 (CET/CEST)","3438"
"France (FR)","11.10.2020 02:00 - 11.10.2020 03:00 (CET/CEST)","3290"
"France (FR)","11.10.2020 03:00 - 11.10.2020 04:00 (CET/CEST)","3187"
"France (FR)","11.10.2020 04:00 - 11.10.2020 05:00 (CET/CEST)","3103"
"France (FR)","11.10.2020 05:00 - 11.10.2020 06:00 (CET/CEST)","3088"
"France (FR)","11.10.2020 06:00 - 11.10.2020 07:00 (CET/CEST)","3238"
"France (FR)","11.10.2020 07:00 - 11.10.2020 08:00 (CET/CEST)","3374"
"France (FR)","11.10.2020 08:00 - 11.10.2020 09:00 (CET/CEST)","3606"
"France (FR)","11.10.2020 09:00 - 11.10.2020 10:00 (CET/CEST)","3790"
"France (FR)","11.10.2020 10:00 - 11.10.2020 11:00 (CET/CEST)","4004"
"France (FR)","11.10.2020 11:00 - 11.10.2020 12:00 (CET/CEST)","4003"
"France (FR)","11.10.2020 12:00 - 11.10.2020 13:00 (CET/CEST)","3893"
"France (FR)","11.10.2020 13:00 - 11.10.2020 14:00 (CET/CEST)","3582"
"France (FR)","11.10.2020 14:00 - 11.10.2020 15:00 (CET/CEST)","3247"
"France (FR)","11.10.2020 15:00 - 11.10.2020 16:00 (CET/CEST)","3187"
"France (FR)","11.10.2020 16:00 - 11.10.2020 17:00 (CET/CEST)","3260"
"France (FR)","11.10.2020 17:00 - 11.10.2020 18:00 (CET/CEST)","3528"
"France (FR)","11.10.2020 18:00 - 11.10.2020 19:00 (CET/CEST)","3912"
"France (FR)","11.10.2020 19:00 - 11.10.2020 20:00 (CET/CEST)","4339"
"France (FR)","11.10.2020 20:00 - 11.10.2020 21:00 (CET/CEST)","4277"
"France (FR)","11.10.2020 21:00 - 11.10.2020 22:00 (CET/CEST)","4100"
"France (FR)","11.10.2020 22:00 - 11.10.2020 23:00 (CET/CEST)","3824"
"France (FR)","11.10.2020 23:00 - 12.10.2020 00:00 (CET/CEST)","3667"
"France (FR)","12.10.2020 00:00 - 12.10.2020 01:00 (CET/CEST)","3403"
"France (FR)","12.10.2020 01:00 - 12.10.2020 02:00 (CET/CEST)","3295"
"France (FR)","12.10.2020 02:00 - 12.10.2020 03:00 (CET/CEST)","3252"
"France (FR)","12.10.2020 03:00 - 12.10.2020 04:00 (CET/CEST)","3186"
"France (FR)","12.10.2020 04:00 - 12.10.2020 05:00 (CET/CEST)","3198"
"France (FR)","12.10.2020 05:00 - 12.10.2020 06:00 (CET/CEST)","3334"
"France (FR)","12.10.2020 06:00 - 12.10.2020 07:00 (CET/CEST)","3837"
"France (FR)","12.10.2020 07:00 - 12.10.2020 08:00 (CET/CEST)","4335"
"France (FR)","12.10.2020 08:00 - 12.10.2020 09:00 (CET/CEST)","4654"
"France (FR)","12.10.2020 09:00 - 12.10.2020 10:00 (CET/CEST)","4836"
"France (FR)","12.10.2020 10:00 - 12.10.2020 11:00 (CET/CEST)","4728"
"France (FR)","12.10.2020 11:00 - 12.10.2020 12:00 (CET/CEST)","4557"
"France (FR)","12.10.2020 12:00 - 12.10.2020 13:00 (CET/CEST)","4239"
"France (FR)","12.10.2020 13:00 - 12.10.2020 14:00 (CET/CEST)","3902"
"France (FR)","12.10.2020 14:00 - 12.10.2020 15:00 (CET/CEST)","3640"
"France (FR)","12.10.2020 15:00 - 12.10.2020 16:00 (CET/CEST)","3587"
"France (FR)","12.10.2020 16:00 - 12.10.2020 17:00 (CET/CEST)","3841"
"France (FR)","12.10.2020 17:00 - 12.10.2020 18:00 (CET/CEST)","4259"
"France (FR)","12.10.2020 18:00 - 12.10.2020 19:00 (CET/CEST)","5042"
"France (FR)","12.10.2020 19:00 - 12.10.2020 20:00 (CET/CEST)","5268"
"France (FR)","12.10.2020 20:00 - 12.10.2020 21:00 (CET/CEST)","4953"
"France (FR)","12.10.2020 21:00 - 12.10.2020 22:00 (CET/CEST)","4482"
"France (FR)","12.10.2020 22:00 - 12.10.2020 23:00 (CET/CEST)","3998"
"France (FR)","12.10.2020 23:00 - 13.10.2020 00:00 (CET/CEST)","3879"
"France (FR)","13.10.2020 00:00 - 13.10.2020 01:00 (CET/CEST)","3741"
"France (FR)","13.10.2020 01:00 - 13.10.2020 02:00 (CET/CEST)","3656"
"France (FR)","13.10.2020 02:00 - 13.10.2020 03:00 (CET/CEST)","3552"
"France (FR)","13.10.2020 03:00 - 13.10.2020 04:00 (CET/CEST)","3513"
"France (FR)","13.10.2020 04:00 - 13.10.2020 05:00 (CET/CEST)","3460"
"France (FR)","13.10.2020 05:00 - 13.10.2020 06:00 (CET/CEST)","3483"
"France (FR)","13.10.2020 06:00 - 13.10.2020 07:00 (CET/CEST)","3982"
"France (FR)","13.10.2020 07:00 - 13.10.2020 08:00 (CET/CEST)","4677"
"France (FR)","13.10.2020 08:00 - 13.10.2020 09:00 (CET/CEST)","4710"
"France (FR)","13.10.2020 09:00 - 13.10.2020 10:00 (CET/CEST)","4735"
"France (FR)","13.10.2020 10:00 - 13.10.2020 11:00 (CET/CEST)","4501"
"France (FR)","13.10.2020 11:00 - 13.10.2020 12:00 (CET/CEST)","4366"
"France (FR)","13.10.2020 12:00 - 13.10.2020 13:00 (CET/CEST)","4308"
"France (FR)","13.10.2020 13:00 - 13.10.2020 14:00 (CET/CEST)","4157"
"France (FR)","13.10.2020 14:00 - 13.10.2020 15:00 (CET/CEST)","3836"
"France (FR)","13.10.2020 15:00 - 13.10.2020 16:00 (CET/CEST)","3732"
"France (FR)","13.10.2020 16:00 - 13.10.2020 17:00 (CET/CEST)","3945"
"France (FR)","13.10.2020 17:00 - 13.10.2020 18:00 (CET/CEST)","4259"
"France (FR)","13.10.2020 18:00 - 13.10.2020 19:00 (CET/CEST)","4684"
"France (FR)","13.10.2020 19:00 - 13.10.2020 20:00 (CET/CEST)","5114"
"France (FR)","13.10.2020 20:00 - 13.10.2020 21:00 (CET/CEST)","4624"
"France (FR)","13.10.2020 21:00 - 13.10.2020 22:00 (CET/CEST)","4227"
"France (FR)","13.10.2020 22:00 - 13.10.2020 23:00 (CET/CEST)","3832"
"France (FR)","13.10.2020 23:00 - 14.10.2020 00:00 (CET/CEST)","3667"
"France (FR)","14.10.2020 00:00 - 14.10.2020 01:00 (CET/CEST)","3657"
"France (FR)","14.10.2020 01:00 - 14.10.2020 02:00 (CET/CEST)","3597"
"France (FR)","14.10.2020 02:00 - 14.10.2020 03:00 (CET/CEST)","3544"
"France (FR)","14.10.2020 03:00 - 14.10.2020 04:00 (CET/CEST)","3372"
"France (FR)","14.10.2020 04:00 - 14.10.2020 05:00 (CET/CEST)","3276"
"France (FR)","14.10.2020 05:00 - 14.10.2020 06:00 (CET/CEST)","3267"
"France (FR)","14.10.2020 06:00 - 14.10.2020 07:00 (CET/CEST)","3567"
"France (FR)","14.10.2020 07:00 - 14.10.2020 08:00 (CET/CEST)","4003"
"France (FR)","14.10.2020 08:00 - 14.10.2020 09:00 (CET/CEST)","4153"
"France (FR)","14.10.2020 09:00 - 14.10.2020 10:00 (CET/CEST)","4351"
"France (FR)","14.10.2020 10:00 - 14.10.2020 11:00 (CET/CEST)","4341"
"France (FR)","14.10.2020 11:00 - 14.10.2020 12:00 (CET/CEST)","4310"
"France (FR)","14.10.2020 12:00 - 14.10.2020 13:00 (CET/CEST)","4279"
"France (FR)","14.10.2020 13:00 - 14.10.2020 14:00 (CET/CEST)","4168"
"France (FR)","14.10.2020 14:00 - 14.10.2020 15:00 (CET/CEST)","3845"
"France (FR)","14.10.2020 15:00 - 14.10.2020 16:00 (CET/CEST)","3622"
"France (FR)","14.10.2020 16:00 - 14.10.2020 17:00 (CET/CEST)","3607"
"France (FR)","14.10.2020 17:00 - 14.10.2020 18:00 (CET/CEST)","3854"
"France (FR)","14.10.2020 18:00 - 14.10.2020 19:00 (CET/CEST)","4348"
"France (FR)","14.10.2020 19:00 - 14.10.2020 20:00 (CET/CEST)","4941"
"France (FR)","14.10.2020 20:00 - 14.10.2020 21:00 (CET/CEST)","4635"
"France (FR)","14.10.2020 21:00 - 14.10.2020 22:00 (CET/CEST)","4365"
"France (FR)","14.10.2020 22:00 - 14.10.2020 23:00 (CET/CEST)","4350"
"France (FR)","14.10.2020 23:00 - 15.10.2020 00:00 (CET/CEST)","4081"
"France (FR)","15.10.2020 00:00 - 15.10.2020 01:00 (CET/CEST)","3856"
"France (FR)","15.10.2020 01:00 - 15.10.2020 02:00 (CET/CEST)","3615"
"France (FR)","15.10.2020 02:00 - 15.10.2020 03:00 (CET/CEST)","3499"
"France (FR)","15.10.2020 03:00 - 15.10.2020 04:00 (CET/CEST)","3386"
"France (FR)","15.10.2020 04:00 - 15.10.2020 05:00 (CET/CEST)","3443"
"France (FR)","15.10.2020 05:00 - 15.10.2020 06:00 (CET/CEST)","3627"
"France (FR)","15.10.2020 06:00 - 15.10.2020 07:00 (CET/CEST)","3836"
"France (FR)","15.10.2020 07:00 - 15.10.2020 08:00 (CET/CEST)","4160"
"France (FR)","15.10.2020 08:00 - 15.10.2020 09:00 (CET/CEST)","4268"
"France (FR)","15.10.2020 09:00 - 15.10.2020 10:00 (CET/CEST)","4432"
"France (FR)","15.10.2020 10:00 - 15.10.2020 11:00 (CET/CEST)","4301"
"France (FR)","15.10.2020 11:00 - 15.10.2020 12:00 (CET/CEST)","4203"
"France (FR)","15.10.2020 12:00 - 15.10.2020 13:00 (CET/CEST)","3967"
"France (FR)","15.10.2020 13:00 - 15.10.2020 14:00 (CET/CEST)","3737"
"France (FR)","15.10.2020 14:00 - 15.10.2020 15:00 (CET/CEST)","3586"
"France (FR)","15.10.2020 15:00 - 15.10.2020 16:00 (CET/CEST)","3614"
"France (FR)","15.10.2020 16:00 - 15.10.2020 17:00 (CET/CEST)","3616"
"France (FR)","15.10.2020 17:00 - 15.10.2020 18:00 (CET/CEST)","4071"
"France (FR)","15.10.2020 18:00 - 15.10.2020 19:00 (CET/CEST)","4818"
"France (FR)","15.10.2020 19:00 - 15.10.2020 20:00 (CET/CEST)","5031"
"France (FR)","15.10.2020 20:00 - 15.10.2020 21:00 (CET/CEST)","4880"
"France (FR)","15.10.2020 21:00 - 15.10.2020 22:00 (CET/CEST)","4424"
"France (FR)","15.10.2020 22:00 - 15.10.2020 23:00 (CET/CEST)","4133"
"France (FR)","15.10.2020 23:00 - 16.10.2020 00:00 (CET/CEST)","3968"
"France (FR)","16.10.2020 00:00 - 16.10.2020 01:00 (CET/CEST)","3728"
"France (FR)","16.10.2020 01:00 - 16.10.2020 02:00 (CET/CEST)","3549"
"France (FR)","16.10.2020 02:00 - 16.10.2020 03:00 (CET/CEST)","3514"
"France (FR)","16.10.2020 03:00 - 16.10.2020 04:00 (CET/CEST)","3354"
"France (FR)","16.10.2020 04:00 - 16.10.2020 05:00 (CET/CEST)","3185"
"France (FR)","16.10.2020 05:00 - 16.10.2020 06:00 (CET/CEST)","3301"
"France (FR)","16.10.2020 06:00 - 16.10.2020 07:00 (CET/CEST)","3794"
"France (FR)","16.10.2020 07:00 - 16.10.2020 08:00 (CET/CEST)","4521"
"France (FR)","16.10.2020 08:00 - 16.10.2020 09:00 (CET/CEST)","4735"
"France (FR)","16.10.2020 09:00 - 16.10.2020 10:00 (CET/CEST)","4718"
"France (FR)","16.10.2020 10:00 - 16.10.2020 11:00 (CET/CEST)","4642"
"France (FR)","16.10.2020 11:00 - 16.10.2020 12:00 (CET/CEST)","4791"
"France (FR)","16.10.2020 12:00 - 16.10.2020 13:00 (CET/CEST)","4767"
"France (FR)","16.10.2020 13:00 - 16.10.2020 14:00 (CET/CEST)","4604"
"France (FR)","16.10.2020 14:00 - 16.10.2020 15:00 (CET/CEST)","4388"
"France (FR)","16.10.2020 15:00 - 16.10.2020 16:00 (CET/CEST)","4345"
"France (FR)","16.10.2020 16:00 - 16.10.2020 17:00 (CET/CEST)","4316"
"France (FR)","16.10.2020 17:00 - 16.10.2020 18:00 (CET/CEST)","4744"
"France (FR)","16.10.2020 18:00 - 16.10.2020 19:00 (CET/CEST)","5071"
"France (FR)","16.10.2020 19:00 - 16.10.2020 20:00 (CET/CEST)","5325"
"France (FR)","16.10.2020 20:00 - 16.10.2020 21:00 (CET/CEST)","5205"
"France (FR)","16.10.2020 21:00 - 16.10.2020 22:00 (CET/CEST)","4993"
"France (FR)","16.10.2020 22:00 - 16.10.2020 23:00 (CET/CEST)","4844"
"France (FR)","16.10.2020 23:00 - 17.10.2020 00:00 (CET/CEST)","4816"
"France (FR)","17.10.2020 00:00 - 17.10.2020 01:00 (CET/CEST)","4514"
"France (FR)","17.10.2020 01:00 - 17.10.2020 02:00 (CET/CEST)","4356"
"France (FR)","17.10.2020 02:00 - 17.10.2020 03:00 (CET/CEST)","4185"
"France (FR)","17.10.2020 03:00 - 17.10.2020 04:00 (CET/CEST)","4149"
"France (FR)","17.10.2020 04:00 - 17.10.2020 05:00 (CET/CEST)","3979"
"France (FR)","17.10.2020 05:00 - 17.10.2020 06:00 (CET/CEST)","3771"
"France (FR)","17.10.2020 06:00 - 17.10.2020 07:00 (CET/CEST)","3973"
"France (FR)","17.10.2020 07:00 - 17.10.2020 08:00 (CET/CEST)","4055"
"France (FR)","17.10.2020 08:00 - 17.10.2020 09:00 (CET/CEST)","4368"
"France (FR)","17.10.2020 09:00 - 17.10.2020 10:00 (CET/CEST)","4686"
"France (FR)","17.10.2020 10:00 - 17.10.2020 11:00 (CET/CEST)","4520"
"France (FR)","17.10.2020 11:00 - 17.10.2020 12:00 (CET/CEST)","4376"
"France (FR)","17.10.2020 12:00 - 17.10.2020 13:00 (CET/CEST)","4365"
"France (FR)","17.10.2020 13:00 - 17.10.2020 14:00 (CET/CEST)","4076"
"France (FR)","17.10.2020 14:00 - 17.10.2020 15:00 (CET/CEST)","3809"
"France (FR)","17.10.2020 15:00 - 17.10.2020 16:00 (CET/CEST)","3786"
"France (FR)","17.10.2020 16:00 - 17.10.2020 17:00 (CET/CEST)","3759"
"France (FR)","17.10.2020 17:00 - 17.10.2020 18:00 (CET/CEST)","4062"
"France (FR)","17.10.2020 18:00 - 17.10.2020 19:00 (CET/CEST)","4597"
"France (FR)","17.10.2020 19:00 - 17.10.2020 20:00 (CET/CEST)","4892"
"France (FR)","17.10.2020 20:00 - 17.10.2020 21:00 (CET/CEST)","4837"
"France (FR)","17.10.2020 21:00 - 17.10.2020 22:00 (CET/CEST)","4512"
"France (FR)","17.10.2020 22:00 - 17.10.2020 23:00 (CET/CEST)","4354"
"France (FR)","17.10.2020 23:00 - 18.10.2020 00:00 (CET/CEST)","4199"
"France (FR)","18.10.2020 00:00 - 18.10.2020 01:00 (CET/CEST)","4067"
"France (FR)","18.10.2020 01:00 - 18.10.2020 02:00 (CET/CEST)","3836"
"France (FR)","18.10.2020 02:00 - 18.10.2020 03:00 (CET/CEST)","3705"
"France (FR)","18.10.2020 03:00 - 18.10.2020 04:00 (CET/CEST)","3592"
"France (FR)","18.10.2020 04:00 - 18.10.2020 05:00 (CET/CEST)","3501"
"France (FR)","18.10.2020 05:00 - 18.10.2020 06:00 (CET/CEST)","3494"
"France (FR)","18.10.2020 06:00 - 18.10.2020 07:00 (CET/CEST)","3532"
"France (FR)","18.10.2020 07:00 - 18.10.2020 08:00 (CET/CEST)","3592"
"France (FR)","18.10.2020 08:00 - 18.10.2020 09:00 (CET/CEST)","3702"
"France (FR)","18.10.2020 09:00 - 18.10.2020 10:00 (CET/CEST)","3689"
"France (FR)","18.10.2020 10:00 - 18.10.2020 11:00 (CET/CEST)","3580"
"France (FR)","18.10.2020 11:00 - 18.10.2020 12:00 (CET/CEST)","3634"
"France (FR)","18.10.2020 12:00 - 18.10.2020 13:00 (CET/CEST)","3610"
"France (FR)","18.10.2020 13:00 - 18.10.2020 14:00 (CET/CEST)","3409"
"France (FR)","18.10.2020 14:00 - 18.10.2020 15:00 (CET/CEST)","3196"
"France (FR)","18.10.2020 15:00 - 18.10.2020 16:00 (CET/CEST)","3226"
"France (FR)","18.10.2020 16:00 - 18.10.2020 17:00 (CET/CEST)","3231"
"France (FR)","18.10.2020 17:00 - 18.10.2020 18:00 (CET/CEST)","3316"
"France (FR)","18.10.2020 18:00 - 18.10.2020 19:00 (CET/CEST)","3656"
"France (FR)","18.10.2020 19:00 - 18.10.2020 20:00 (CET/CEST)","4433"
"France (FR)","18.10.2020 20:00 - 18.10.2020 21:00 (CET/CEST)","4622"
"France (FR)","18.10.2020 21:00 - 18.10.2020 22:00 (CET/CEST)","4268"
"France (FR)","18.10.2020 22:00 - 18.10.2020 23:00 (CET/CEST)","4080"
"France (FR)","18.10.2020 23:00 - 19.10.2020 00:00 (CET/CEST)","3853"
"France (FR)","19.10.2020 00:00 - 19.10.2020 01:00 (CET/CEST)","3688"
"France (FR)","19.10.2020 01:00 - 19.10.2020 02:00 (CET/CEST)","3593"
"France (FR)","19.10.2020 02:00 - 19.10.2020 03:00 (CET/CEST)","3454"
"France (FR)","19.10.2020 03:00 - 19.10.2020 04:00 (CET/CEST)","3306"
"France (FR)","19.10.2020 04:00 - 19.10.2020 05:00 (CET/CEST)","3234"
"France (FR)","19.10.2020 05:00 - 19.10.2020 06:00 (CET/CEST)","3435"
"France (FR)","19.10.2020 06:00 - 19.10.2020 07:00 (CET/CEST)","3824"
"France (FR)","19.10.2020 07:00 - 19.10.2020 08:00 (CET/CEST)","4513"
"France (FR)","19.10.2020 08:00 - 19.10.2020 09:00 (CET/CEST)","4959"
"France (FR)","19.10.2020 09:00 - 19.10.2020 10:00 (CET/CEST)","5172"
"France (FR)","19.10.2020 10:00 - 19.10.2020 11:00 (CET/CEST)","4978"
"France (FR)","19.10.2020 11:00 - 19.10.2020 12:00 (CET/CEST)","4842"
"France (FR)","19.10.2020 12:00 - 19.10.2020 13:00 (CET/CEST)","4664"
"France (FR)","19.10.2020 13:00 - 19.10.2020 14:00 (CET/CEST)","4239"
"France (FR)","19.10.2020 14:00 - 19.10.2020 15:00 (CET/CEST)","3986"
"France (FR)","19.10.2020 15:00 - 19.10.2020 16:00 (CET/CEST)","4008"
"France (FR)","19.10.2020 16:00 - 19.10.2020 17:00 (CET/CEST)","4055"
"France (FR)","19.10.2020 17:00 - 19.10.2020 18:00 (CET/CEST)","4484"
"France (FR)","19.10.2020 18:00 - 19.10.2020 19:00 (CET/CEST)","4920"
"France (FR)","19.10.2020 19:00 - 19.10.2020 20:00 (CET/CEST)","5031"
"France (FR)","19.10.2020 20:00 - 19.10.2020 21:00 (CET/CEST)","4791"
"France (FR)","19.10.2020 21:00 - 19.10.2020 22:00 (CET/CEST)","4429"
"France (FR)","19.10.2020 22:00 - 19.10.2020 23:00 (CET/CEST)","4015"
"France (FR)","19.10.2020 23:00 - 20.10.2020 00:00 (CET/CEST)","3557"
"France (FR)","20.10.2020 00:00 - 20.10.2020 01:00 (CET/CEST)","3284"
"France (FR)","20.10.2020 01:00 - 20.10.2020 02:00 (CET/CEST)","3305"
"France (FR)","20.10.2020 02:00 - 20.10.2020 03:00 (CET/CEST)","3332"
"France (FR)","20.10.2020 03:00 - 20.10.2020 04:00 (CET/CEST)","3316"
"France (FR)","20.10.2020 04:00 - 20.10.2020 05:00 (CET/CEST)","3206"
"France (FR)","20.10.2020 05:00 - 20.10.2020 06:00 (CET/CEST)","3267"
"France (FR)","20.10.2020 06:00 - 20.10.2020 07:00 (CET/CEST)","3525"
"France (FR)","20.10.2020 07:00 - 20.10.2020 08:00 (CET/CEST)","3846"
"France (FR)","20.10.2020 08:00 - 20.10.2020 09:00 (CET/CEST)","4508"
"France (FR)","20.10.2020 09:00 - 20.10.2020 10:00 (CET/CEST)","4609"
"France (FR)","20.10.2020 10:00 - 20.10.2020 11:00 (CET/CEST)","4533"
"France (FR)","20.10.2020 11:00 - 20.10.2020 12:00 (CET/CEST)","4262"
"France (FR)","20.10.2020 12:00 - 20.10.2020 13:00 (CET/CEST)","4301"
"France (FR)","20.10.2020 13:00 - 20.10.2020 14:00 (CET/CEST)","4082"
"France (FR)","20.10.2020 14:00 - 20.10.2020 15:00 (CET/CEST)","3831"
"France (FR)","20.10.2020 15:00 - 20.10.2020 16:00 (CET/CEST)","3749"
"France (FR)","20.10.2020 16:00 - 20.10.2020 17:00 (CET/CEST)","3883"
"France (FR)","20.10.2020 17:00 - 20.10.2020 18:00 (CET/CEST)","4391"
"France (FR)","20.10.2020 18:00 - 20.10.2020 19:00 (CET/CEST)","4731"
"France (FR)","20.10.2020 19:00 - 20.10.2020 20:00 (CET/CEST)","4767"
"France (FR)","20.10.2020 20:00 - 20.10.2020 21:00 (CET/CEST)","4562"
"France (FR)","20.10.2020 21:00 - 20.10.2020 22:00 (CET/CEST)","4357"
"France (FR)","20.10.2020 22:00 - 20.10.2020 23:00 (CET/CEST)","3848"
"France (FR)","20.10.2020 23:00 - 21.10.2020 00:00 (CET/CEST)","3398"
"France (FR)","21.10.2020 00:00 - 21.10.2020 01:00 (CET/CEST)","3139"
"France (FR)","21.10.2020 01:00 - 21.10.2020 02:00 (CET/CEST)","2930"
"France (FR)","21.10.2020 02:00 - 21.10.2020 03:00 (CET/CEST)","2981"
"France (FR)","21.10.2020 03:00 - 21.10.2020 04:00 (CET/CEST)","2965"
"France (FR)","21.10.2020 04:00 - 21.10.2020 05:00 (CET/CEST)","3034"
"France (FR)","21.10.2020 05:00 - 21.10.2020 06:00 (CET/CEST)","3215"
"France (FR)","21.10.2020 06:00 - 21.10.2020 07:00 (CET/CEST)","3595"
"France (FR)","21.10.2020 07:00 - 21.10.2020 08:00 (CET/CEST)","3957"
"France (FR)","21.10.2020 08:00 - 21.10.2020 09:00 (CET/CEST)","4322"
"France (FR)","21.10.2020 09:00 - 21.10.2020 10:00 (CET/CEST)","4408"
"France (FR)","21.10.2020 10:00 - 21.10.2020 11:00 (CET/CEST)","4015"
"France (FR)","21.10.2020 11:00 - 21.10.2020 12:00 (CET/CEST)","3871"
"France (FR)","21.10.2020 12:00 - 21.10.2020 13:00 (CET/CEST)","3638"
"France (FR)","21.10.2020 13:00 - 21.10.2020 14:00 (CET/CEST)","3456"
"France (FR)","21.10.2020 14:00 - 21.10.2020 15:00 (CET/CEST)","3270"
"France (FR)","21.10.2020 15:00 - 21.10.2020 16:00 (CET/CEST)","3368"
"France (FR)","21.10.2020 16:00 - 21.10.2020 17:00 (CET/CEST)","3390"
"France (FR)","21.10.2020 17:00 - 21.10.2020 18:00 (CET/CEST)","3644"
"France (FR)","21.10.2020 18:00 - 21.10.2020 19:00 (CET/CEST)","4158"
"France (FR)","21.10.2020 19:00 - 21.10.2020 20:00 (CET/CEST)","4632"
"France (FR)","21.10.2020 20:00 - 21.10.2020 21:00 (CET/CEST)","4385"
"France (FR)","21.10.2020 21:00 - 21.10.2020 22:00 (CET/CEST)","4005"
"France (FR)","21.10.2020 22:00 - 21.10.2020 23:00 (CET/CEST)","3810"
"France (FR)","21.10.2020 23:00 - 22.10.2020 00:00 (CET/CEST)","3634"
"France (FR)","22.10.2020 00:00 - 22.10.2020 01:00 (CET/CEST)","3294"
"France (FR)","22.10.2020 01:00 - 22.10.2020 02:00 (CET/CEST)","2947"
"France (FR)","22.10.2020 02:00 - 22.10.2020 03:00 (CET/CEST)","2818"
"France (FR)","22.10.2020 03:00 - 22.10.2020 04:00 (CET/CEST)","2995"
"France (FR)","22.10.2020 04:00 - 22.10.2020 05:00 (CET/CEST)","3093"
"France (FR)","22.10.2020 05:00 - 22.10.2020 06:00 (CET/CEST)","3182"
"France (FR)","22.10.2020 06:00 - 22.10.2020 07:00 (CET/CEST)","3367"
"France (FR)","22.10.2020 07:00 - 22.10.2020 08:00 (CET/CEST)","3665"
"France (FR)","22.10.2020 08:00 - 22.10.2020 09:00 (CET/CEST)","3783"
"France (FR)","22.10.2020 09:00 - 22.10.2020 10:00 (CET/CEST)","4104"
"France (FR)","22.10.2020 10:00 - 22.10.2020 11:00 (CET/CEST)","4067"
"France (FR)","22.10.2020 11:00 - 22.10.2020 12:00 (CET/CEST)","4055"
"France (FR)","22.10.2020 12:00 - 22.10.2020 13:00 (CET/CEST)","3868"
"France (FR)","22.10.2020 13:00 - 22.10.2020 14:00 (CET/CEST)","3875"
"France (FR)","22.10.2020 14:00 - 22.10.2020 15:00 (CET/CEST)","3782"
"France (FR)","22.10.2020 15:00 - 22.10.2020 16:00 (CET/CEST)","3672"
"France (FR)","22.10.2020 16:00 - 22.10.2020 17:00 (CET/CEST)","3839"
"France (FR)","22.10.2020 17:00 - 22.10.2020 18:00 (CET/CEST)","4301"
"France (FR)","22.10.2020 18:00 - 22.10.2020 19:00 (CET/CEST)","4774"
"France (FR)","22.10.2020 19:00 - 22.10.2020 20:00 (CET/CEST)","4971"
"France (FR)","22.10.2020 20:00 - 22.10.2020 21:00 (CET/CEST)","4819"
"France (FR)","22.10.2020 21:00 - 22.10.2020 22:00 (CET/CEST)","4411"
"France (FR)","22.10.2020 22:00 - 22.10.2020 23:00 (CET/CEST)","4100"
"France (FR)","22.10.2020 23:00 - 23.10.2020 00:00 (CET/CEST)","3847"
"France (FR)","23.10.2020 00:00 - 23.10.2020 01:00 (CET/CEST)","3676"
"France (FR)","23.10.2020 01:00 - 23.10.2020 02:00 (CET/CEST)","3408"
"France (FR)","23.10.2020 02:00 - 23.10.2020 03:00 (CET/CEST)","3228"
"France (FR)","23.10.2020 03:00 - 23.10.2020 04:00 (CET/CEST)","3345"
"France (FR)","23.10.2020 04:00 - 23.10.2020 05:00 (CET/CEST)","3446"
"France (FR)","23.10.2020 05:00 - 23.10.2020 06:00 (CET/CEST)","3671"
"France (FR)","23.10.2020 06:00 - 23.10.2020 07:00 (CET/CEST)","4212"
"France (FR)","23.10.2020 07:00 - 23.10.2020 08:00 (CET/CEST)","4790"
"France (FR)","23.10.2020 08:00 - 23.10.2020 09:00 (CET/CEST)","5075"
"France (FR)","23.10.2020 09:00 - 23.10.2020 10:00 (CET/CEST)","5213"
"France (FR)","23.10.2020 10:00 - 23.10.2020 11:00 (CET/CEST)","4865"
"France (FR)","23.10.2020 11:00 - 23.10.2020 12:00 (CET/CEST)","4842"
"France (FR)","23.10.2020 12:00 - 23.10.2020 13:00 (CET/CEST)","4650"
"France (FR)","23.10.2020 13:00 - 23.10.2020 14:00 (CET/CEST)","4433"
"France (FR)","23.10.2020 14:00 - 23.10.2020 15:00 (CET/CEST)","4245"
"France (FR)","23.10.2020 15:00 - 23.10.2020 16:00 (CET/CEST)","4188"
"France (FR)","23.10.2020 16:00 - 23.10.2020 17:00 (CET/CEST)","4351"
"France (FR)","23.10.2020 17:00 - 23.10.2020 18:00 (CET/CEST)","4950"
"France (FR)","23.10.2020 18:00 - 23.10.2020 19:00 (CET/CEST)","5351"
"France (FR)","23.10.2020 19:00 - 23.10.2020 20:00 (CET/CEST)","5646"
"France (FR)","23.10.2020 20:00 - 23.10.2020 21:00 (CET/CEST)","5620"
"France (FR)","23.10.2020 21:00 - 23.10.2020 22:00 (CET/CEST)","5162"
"France (FR)","23.10.2020 22:00 - 23.10.2020 23:00 (CET/CEST)","5025"
"France (FR)","23.10.2020 23:00 - 24.10.2020 00:00 (CET/CEST)","4946"
"France (FR)","24.10.2020 00:00 - 24.10.2020 01:00 (CET/CEST)","5053"
"France (FR)","24.10.2020 01:00 - 24.10.2020 02:00 (CET/CEST)","4948"
"France (FR)","24.10.2020 02:00 - 24.10.2020 03:00 (CET/CEST)","4774"
"France (FR)","24.10.2020 03:00 - 24.10.2020 04:00 (CET/CEST)","4562"
"France (FR)","24.10.2020 04:00 - 24.10.2020 05:00 (CET/CEST)","4615"
"France (FR)","24.10.2020 05:00 - 24.10.2020 06:00 (CET/CEST)","4689"
"France (FR)","24.10.2020 06:00 - 24.10.2020 07:00 (CET/CEST)","4760"
"France (FR)","24.10.2020 07:00 - 24.10.2020 08:00 (CET/CEST)","4959"
"France (FR)","24.10.2020 08:00 - 24.10.2020 09:00 (CET/CEST)","5155"
"France (FR)","24.10.2020 09:00 - 24.10.2020 10:00 (CET/CEST)","5274"
"France (FR)","24.10.2020 10:00 - 24.10.2020 11:00 (CET/CEST)","5350"
"France (FR)","24.10.2020 11:00 - 24.10.2020 12:00 (CET/CEST)","5308"
"France (FR)","24.10.2020 12:00 - 24.10.2020 13:00 (CET/CEST)","5207"
"France (FR)","24.10.2020 13:00 - 24.10.2020 14:00 (CET/CEST)","4945"
"France (FR)","24.10.2020 14:00 - 24.10.2020 15:00 (CET/CEST)","4822"
"France (FR)","24.10.2020 15:00 - 24.10.2020 16:00 (CET/CEST)","4772"
"France (FR)","24.10.2020 16:00 - 24.10.2020 17:00 (CET/CEST)","4774"
"France (FR)","24.10.2020 17:00 - 24.10.2020 18:00 (CET/CEST)","4887"
"France (FR)","24.10.2020 18:00 - 24.10.2020 19:00 (CET/CEST)","5222"
"France (FR)","24.10.2020 19:00 - 24.10.2020 20:00 (CET/CEST)","5521"
"France (FR)","24.10.2020 20:00 - 24.10.2020 21:00 (CET/CEST)","5365"
"France (FR)","24.10.2020 21:00 - 24.10.2020 22:00 (CET/CEST)","5130"
"France (FR)","24.10.2020 22:00 - 24.10.2020 23:00 (CET/CEST)","5023"
"France (FR)","24.10.2020 23:00 - 25.10.2020 00:00 (CET/CEST)","4852"
"France (FR)","25.10.2020 00:00 - 25.10.2020 01:00 (CET/CEST)","4787"
"France (FR)","25.10.2020 01:00 - 25.10.2020 02:00 (CET/CEST)","4633"
"France (FR)","25.10.2020 02:00 - 25.10.2020 03:00 (CET/CEST)","4479"
"France (FR)","25.10.2020 02:00 - 25.10.2020 03:00 (CET/CEST)","4325"
"France (FR)","25.10.2020 03:00 - 25.10.2020 04:00 (CET/CEST)","4317"
"France (FR)","25.10.2020 04:00 - 25.10.2020 05:00 (CET/CEST)","4111"
"France (FR)","25.10.2020 05:00 - 25.10.2020 06:00 (CET/CEST)","4037"
"France (FR)","25.10.2020 06:00 - 25.10.2020 07:00 (CET/CEST)","4253"
"France (FR)","25.10.2020 07:00 - 25.10.2020 08:00 (CET/CEST)","4151"
"France (FR)","25.10.2020 08:00 - 25.10.2020 09:00 (CET/CEST)","4101"
"France (FR)","25.10.2020 09:00 - 25.10.2020 10:00 (CET/CEST)","4206"
"France (FR)","25.10.2020 10:00 - 25.10.2020 11:00 (CET/CEST)","4141"
"France (FR)","25.10.2020 11:00 - 25.10.2020 12:00 (CET/CEST)","4203"
"France (FR)","25.10.2020 12:00 - 25.10.2020 13:00 (CET/CEST)","4255"
"France (FR)","25.10.2020 13:00 - 25.10.2020 14:00 (CET/CEST)","4177"
"France (FR)","25.10.2020 14:00 - 25.10.2020 15:00 (CET/CEST)","4175"
"France (FR)","25.10.2020 15:00 - 25.10.2020 16:00 (CET/CEST)","4186"
"France (FR)","25.10.2020 16:00 - 25.10.2020 17:00 (CET/CEST)","4332"
"France (FR)","25.10.2020 17:00 - 25.10.2020 18:00 (CET/CEST)","4716"
"France (FR)","25.10.2020 18:00 - 25.10.2020 19:00 (CET/CEST)","5019"
"France (FR)","25.10.2020 19:00 - 25.10.2020 20:00 (CET/CEST)","5337"
"France (FR)","25.10.2020 20:00 - 25.10.2020 21:00 (CET/CEST)","4886"
"France (FR)","25.10.2020 21:00 - 25.10.2020 22:00 (CET/CEST)","4649"
"France (FR)","25.10.2020 22:00 - 25.10.2020 23:00 (CET/CEST)","4503"
"France (FR)","25.10.2020 23:00 - 26.10.2020 00:00 (CET/CEST)","4449"
"France (FR)","26.10.2020 00:00 - 26.10.2020 01:00 (CET/CEST)","4231"
"France (FR)","26.10.2020 01:00 - 26.10.2020 02:00 (CET/CEST)","4119"
"France (FR)","26.10.2020 02:00 - 26.10.2020 03:00 (CET/CEST)","4016"
"France (FR)","26.10.2020 03:00 - 26.10.2020 04:00 (CET/CEST)","3947"
"France (FR)","26.10.2020 04:00 - 26.10.2020 05:00 (CET/CEST)","3971"
"France (FR)","26.10.2020 05:00 - 26.10.2020 06:00 (CET/CEST)","4048"
"France (FR)","26.10.2020 06:00 - 26.10.2020 07:00 (CET/CEST)","4269"
"France (FR)","26.10.2020 07:00 - 26.10.2020 08:00 (CET/CEST)","4589"
"France (FR)","26.10.2020 08:00 - 26.10.2020 09:00 (CET/CEST)","4793"
"France (FR)","26.10.2020 09:00 - 26.10.2020 10:00 (CET/CEST)","4930"
"France (FR)","26.10.2020 10:00 - 26.10.2020 11:00 (CET/CEST)","5079"
"France (FR)","26.10.2020 11:00 - 26.10.2020 12:00 (CET/CEST)","5150"
"France (FR)","26.10.2020 12:00 - 26.10.2020 13:00 (CET/CEST)","5128"
"France (FR)","26.10.2020 13:00 - 26.10.2020 14:00 (CET/CEST)","5120"
"France (FR)","26.10.2020 14:00 - 26.10.2020 15:00 (CET/CEST)","5014"
"France (FR)","26.10.2020 15:00 - 26.10.2020 16:00 (CET/CEST)","5099"
"France (FR)","26.10.2020 16:00 - 26.10.2020 17:00 (CET/CEST)","5224"
"France (FR)","26.10.2020 17:00 - 26.10.2020 18:00 (CET/CEST)","5416"
"France (FR)","26.10.2020 18:00 - 26.10.2020 19:00 (CET/CEST)","5695"
"France (FR)","26.10.2020 19:00 - 26.10.2020 20:00 (CET/CEST)","5898"
"France (FR)","26.10.2020 20:00 - 26.10.2020 21:00 (CET/CEST)","5723"
"France (FR)","26.10.2020 21:00 - 26.10.2020 22:00 (CET/CEST)","5518"
"France (FR)","26.10.2020 22:00 - 26.10.2020 23:00 (CET/CEST)","5541"
"France (FR)","26.10.2020 23:00 - 27.10.2020 00:00 (CET/CEST)","5397"
"France (FR)","27.10.2020 00:00 - 27.10.2020 01:00 (CET/CEST)","5183"
"France (FR)","27.10.2020 01:00 - 27.10.2020 02:00 (CET/CEST)","5030"
"France (FR)","27.10.2020 02:00 - 27.10.2020 03:00 (CET/CEST)","4916"
"France (FR)","27.10.2020 03:00 - 27.10.2020 04:00 (CET/CEST)","4878"
"France (FR)","27.10.2020 04:00 - 27.10.2020 05:00 (CET/CEST)","4994"
"France (FR)","27.10.2020 05:00 - 27.10.2020 06:00 (CET/CEST)","5077"
"France (FR)","27.10.2020 06:00 - 27.10.2020 07:00 (CET/CEST)","5146"
"France (FR)","27.10.2020 07:00 - 27.10.2020 08:00 (CET/CEST)","5549"
"France (FR)","27.10.2020 08:00 - 27.10.2020 09:00 (CET/CEST)","5706"
"France (FR)","27.10.2020 09:00 - 27.10.2020 10:00 (CET/CEST)","5727"
"France (FR)","27.10.2020 10:00 - 27.10.2020 11:00 (CET/CEST)","5451"
"France (FR)","27.10.2020 11:00 - 27.10.2020 12:00 (CET/CEST)","5452"
"France (FR)","27.10.2020 12:00 - 27.10.2020 13:00 (CET/CEST)","5284"
"France (FR)","27.10.2020 13:00 - 27.10.2020 14:00 (CET/CEST)","5148"
"France (FR)","27.10.2020 14:00 - 27.10.2020 15:00 (CET/CEST)","5067"
"France (FR)","27.10.2020 15:00 - 27.10.2020 16:00 (CET/CEST)","5097"
"France (FR)","27.10.2020 16:00 - 27.10.2020 17:00 (CET/CEST)","5206"
"France (FR)","27.10.2020 17:00 - 27.10.2020 18:00 (CET/CEST)","5459"
"France (FR)","27.10.2020 18:00 - 27.10.2020 19:00 (CET/CEST)","5762"
"France (FR)","27.10.2020 19:00 - 27.10.2020 20:00 (CET/CEST)","5865"
"France (FR)","27.10.2020 20:00 - 27.10.2020 21:00 (CET/CEST)","5676"
"France (FR)","27.10.2020 21:00 - 27.10.2020 22:00 (CET/CEST)","5379"
"France (FR)","27.10.2020 22:00 - 27.10.2020 23:00 (CET/CEST)","5256"
"France (FR)","27.10.2020 23:00 - 28.10.2020 00:00 (CET/CEST)","5248"
"France (FR)","28.10.2020 00:00 - 28.10.2020 01:00 (CET/CEST)","5337"
"France (FR)","28.10.2020 01:00 - 28.10.2020 02:00 (CET/CEST)","5185"
"France (FR)","28.10.2020 02:00 - 28.10.2020 03:00 (CET/CEST)","4948"
"France (FR)","28.10.2020 03:00 - 28.10.2020 04:00 (CET/CEST)","4771"
"France (FR)","28.10.2020 04:00 - 28.10.2020 05:00 (CET/CEST)","4747"
"France (FR)","28.10.2020 05:00 - 28.10.2020 06:00 (CET/CEST)","4825"
"France (FR)","28.10.2020 06:00 - 28.10.2020 07:00 (CET/CEST)","4934"
"France (FR)","28.10.2020 07:00 - 28.10.2020 08:00 (CET/CEST)","5245"
"France (FR)","28.10.2020 08:00 - 28.10.2020 09:00 (CET/CEST)","5304"
"France (FR)","28.10.2020 09:00 - 28.10.2020 10:00 (CET/CEST)","5280"
"France (FR)","28.10.2020 10:00 - 28.10.2020 11:00 (CET/CEST)","5293"
"France (FR)","28.10.2020 11:00 - 28.10.2020 12:00 (CET/CEST)","5231"
"France (FR)","28.10.2020 12:00 - 28.10.2020 13:00 (CET/CEST)","5251"
"France (FR)","28.10.2020 13:00 - 28.10.2020 14:00 (CET/CEST)","5255"
"France (FR)","28.10.2020 14:00 - 28.10.2020 15:00 (CET/CEST)","5142"
"France (FR)","28.10.2020 15:00 - 28.10.2020 16:00 (CET/CEST)","5159"
"France (FR)","28.10.2020 16:00 - 28.10.2020 17:00 (CET/CEST)","5272"
"France (FR)","28.10.2020 17:00 - 28.10.2020 18:00 (CET/CEST)","5683"
"France (FR)","28.10.2020 18:00 - 28.10.2020 19:00 (CET/CEST)","6064"
"France (FR)","28.10.2020 19:00 - 28.10.2020 20:00 (CET/CEST)","5986"
"France (FR)","28.10.2020 20:00 - 28.10.2020 21:00 (CET/CEST)","5676"
"France (FR)","28.10.2020 21:00 - 28.10.2020 22:00 (CET/CEST)","5520"
"France (FR)","28.10.2020 22:00 - 28.10.2020 23:00 (CET/CEST)","5439"
"France (FR)","28.10.2020 23:00 - 29.10.2020 00:00 (CET/CEST)","5397"
"France (FR)","29.10.2020 00:00 - 29.10.2020 01:00 (CET/CEST)","5146"
"France (FR)","29.10.2020 01:00 - 29.10.2020 02:00 (CET/CEST)","4928"
"France (FR)","29.10.2020 02:00 - 29.10.2020 03:00 (CET/CEST)","4801"
"France (FR)","29.10.2020 03:00 - 29.10.2020 04:00 (CET/CEST)","4809"
"France (FR)","29.10.2020 04:00 - 29.10.2020 05:00 (CET/CEST)","4866"
"France (FR)","29.10.2020 05:00 - 29.10.2020 06:00 (CET/CEST)","4946"
"France (FR)","29.10.2020 06:00 - 29.10.2020 07:00 (CET/CEST)","5204"
"France (FR)","29.10.2020 07:00 - 29.10.2020 08:00 (CET/CEST)","5441"
"France (FR)","29.10.2020 08:00 - 29.10.2020 09:00 (CET/CEST)","5530"
"France (FR)","29.10.2020 09:00 - 29.10.2020 10:00 (CET/CEST)","5601"
"France (FR)","29.10.2020 10:00 - 29.10.2020 11:00 (CET/CEST)","5585"
"France (FR)","29.10.2020 11:00 - 29.10.2020 12:00 (CET/CEST)","5511"
"France (FR)","29.10.2020 12:00 - 29.10.2020 13:00 (CET/CEST)","5469"
"France (FR)","29.10.2020 13:00 - 29.10.2020 14:00 (CET/CEST)","5383"
"France (FR)","29.10.2020 14:00 - 29.10.2020 15:00 (CET/CEST)","5138"
"France (FR)","29.10.2020 15:00 - 29.10.2020 16:00 (CET/CEST)","5191"
"France (FR)","29.10.2020 16:00 - 29.10.2020 17:00 (CET/CEST)","5435"
"France (FR)","29.10.2020 17:00 - 29.10.2020 18:00 (CET/CEST)","5848"
"France (FR)","29.10.2020 18:00 - 29.10.2020 19:00 (CET/CEST)","5958"
"France (FR)","29.10.2020 19:00 - 29.10.2020 20:00 (CET/CEST)","6076"
"France (FR)","29.10.2020 20:00 - 29.10.2020 21:00 (CET/CEST)","5858"
"France (FR)","29.10.2020 21:00 - 29.10.2020 22:00 (CET/CEST)","5647"
"France (FR)","29.10.2020 22:00 - 29.10.2020 23:00 (CET/CEST)","5446"
"France (FR)","29.10.2020 23:00 - 30.10.2020 00:00 (CET/CEST)","5334"
"France (FR)","30.10.2020 00:00 - 30.10.2020 01:00 (CET/CEST)","5224"
"France (FR)","30.10.2020 01:00 - 30.10.2020 02:00 (CET/CEST)","5082"
"France (FR)","30.10.2020 02:00 - 30.10.2020 03:00 (CET/CEST)","4859"
"France (FR)","30.10.2020 03:00 - 30.10.2020 04:00 (CET/CEST)","4701"
"France (FR)","30.10.2020 04:00 - 30.10.2020 05:00 (CET/CEST)","4746"
"France (FR)","30.10.2020 05:00 - 30.10.2020 06:00 (CET/CEST)","4845"
"France (FR)","30.10.2020 06:00 - 30.10.2020 07:00 (CET/CEST)","5096"
"France (FR)","30.10.2020 07:00 - 30.10.2020 08:00 (CET/CEST)","5254"
"France (FR)","30.10.2020 08:00 - 30.10.2020 09:00 (CET/CEST)","5204"
"France (FR)","30.10.2020 09:00 - 30.10.2020 10:00 (CET/CEST)","5184"
"France (FR)","30.10.2020 10:00 - 30.10.2020 11:00 (CET/CEST)","5424"
"France (FR)","30.10.2020 11:00 - 30.10.2020 12:00 (CET/CEST)","5599"
"France (FR)","30.10.2020 12:00 - 30.10.2020 13:00 (CET/CEST)","5517"
"France (FR)","30.10.2020 13:00 - 30.10.2020 14:00 (CET/CEST)","5332"
"France (FR)","30.10.2020 14:00 - 30.10.2020 15:00 (CET/CEST)","5136"
"France (FR)","30.10.2020 15:00 - 30.10.2020 16:00 (CET/CEST)","5103"
"France (FR)","30.10.2020 16:00 - 30.10.2020 17:00 (CET/CEST)","5412"
"France (FR)","30.10.2020 17:00 - 30.10.2020 18:00 (CET/CEST)","5871"
"France (FR)","30.10.2020 18:00 - 30.10.2020 19:00 (CET/CEST)","6069"
"France (FR)","30.10.2020 19:00 - 30.10.2020 20:00 (CET/CEST)","6112"
"France (FR)","30.10.2020 20:00 - 30.10.2020 21:00 (CET/CEST)","5797"
"France (FR)","30.10.2020 21:00 - 30.10.2020 22:00 (CET/CEST)","5549"
"France (FR)","30.10.2020 22:00 - 30.10.2020 23:00 (CET/CEST)","5583"
"France (FR)","30.10.2020 23:00 - 31.10.2020 00:00 (CET/CEST)","5664"
"France (FR)","31.10.2020 00:00 - 31.10.2020 01:00 (CET/CEST)","5493"
"France (FR)","31.10.2020 01:00 - 31.10.2020 02:00 (CET/CEST)","5332"
"France (FR)","31.10.2020 02:00 - 31.10.2020 03:00 (CET/CEST)","5109"
"France (FR)","31.10.2020 03:00 - 31.10.2020 04:00 (CET/CEST)","4906"
"France (FR)","31.10.2020 04:00 - 31.10.2020 05:00 (CET/CEST)","4883"
"France (FR)","31.10.2020 05:00 - 31.10.2020 06:00 (CET/CEST)","4923"
"France (FR)","31.10.2020 06:00 - 31.10.2020 07:00 (CET/CEST)","4992"
"France (FR)","31.10.2020 07:00 - 31.10.2020 08:00 (CET/CEST)","5098"
"France (FR)","31.10.2020 08:00 - 31.10.2020 09:00 (CET/CEST)","5180"
"France (FR)","31.10.2020 09:00 - 31.10.2020 10:00 (CET/CEST)","5148"
"France (FR)","31.10.2020 10:00 - 31.10.2020 11:00 (CET/CEST)","5229"
"France (FR)","31.10.2020 11:00 - 31.10.2020 12:00 (CET/CEST)","5254"
"France (FR)","31.10.2020 12:00 - 31.10.2020 13:00 (CET/CEST)","5200"
"France (FR)","31.10.2020 13:00 - 31.10.2020 14:00 (CET/CEST)","5104"
"France (FR)","31.10.2020 14:00 - 31.10.2020 15:00 (CET/CEST)","4963"
"France (FR)","31.10.2020 15:00 - 31.10.2020 16:00 (CET/CEST)","4886"
"France (FR)","31.10.2020 16:00 - 31.10.2020 17:00 (CET/CEST)","4936"
"France (FR)","31.10.2020 17:00 - 31.10.2020 18:00 (CET/CEST)","5067"
"France (FR)","31.10.2020 18:00 - 31.10.2020 19:00 (CET/CEST)","5162"
"France (FR)","31.10.2020 19:00 - 31.10.2020 20:00 (CET/CEST)","5289"
"France (FR)","31.10.2020 20:00 - 31.10.2020 21:00 (CET/CEST)","5264"
"France (FR)","31.10.2020 21:00 - 31.10.2020 22:00 (CET/CEST)","4957"
"France (FR)","31.10.2020 22:00 - 31.10.2020 23:00 (CET/CEST)","4979"
"France (FR)","31.10.2020 23:00 - 01.11.2020 00:00 (CET/CEST)","4952"
"France (FR)","01.11.2020 00:00 - 01.11.2020 01:00 (CET/CEST)","4850"
"France (FR)","01.11.2020 01:00 - 01.11.2020 02:00 (CET/CEST)","4742"
"France (FR)","01.11.2020 02:00 - 01.11.2020 03:00 (CET/CEST)","4663"
"France (FR)","01.11.2020 03:00 - 01.11.2020 04:00 (CET/CEST)","4450"
"France (FR)","01.11.2020 04:00 - 01.11.2020 05:00 (CET/CEST)","4287"
"France (FR)","01.11.2020 05:00 - 01.11.2020 06:00 (CET/CEST)","4314"
"France (FR)","01.11.2020 06:00 - 01.11.2020 07:00 (CET/CEST)","4277"
"France (FR)","01.11.2020 07:00 - 01.11.2020 08:00 (CET/CEST)","4238"
"France (FR)","01.11.2020 08:00 - 01.11.2020 09:00 (CET/CEST)","4376"
"France (FR)","01.11.2020 09:00 - 01.11.2020 10:00 (CET/CEST)","4429"
"France (FR)","01.11.2020 10:00 - 01.11.2020 11:00 (CET/CEST)","4415"
"France (FR)","01.11.2020 11:00 - 01.11.2020 12:00 (CET/CEST)","4556"
"France (FR)","01.11.2020 12:00 - 01.11.2020 13:00 (CET/CEST)","4519"
"France (FR)","01.11.2020 13:00 - 01.11.2020 14:00 (CET/CEST)","4468"
"France (FR)","01.11.2020 14:00 - 01.11.2020 15:00 (CET/CEST)","4323"
"France (FR)","01.11.2020 15:00 - 01.11.2020 16:00 (CET/CEST)","4279"
"France (FR)","01.11.2020 16:00 - 01.11.2020 17:00 (CET/CEST)","4170"
"France (FR)","01.11.2020 17:00 - 01.11.2020 18:00 (CET/CEST)","4346"
"France (FR)","01.11.2020 18:00 - 01.11.2020 19:00 (CET/CEST)","4655"
"France (FR)","01.11.2020 19:00 - 01.11.2020 20:00 (CET/CEST)","4716"
"France (FR)","01.11.2020 20:00 - 01.11.2020 21:00 (CET/CEST)","4540"
"France (FR)","01.11.2020 21:00 - 01.11.2020 22:00 (CET/CEST)","4393"
"France (FR)","01.11.2020 22:00 - 01.11.2020 23:00 (CET/CEST)","4279"
"France (FR)","01.11.2020 23:00 - 02.11.2020 00:00 (CET/CEST)","4355"
"France (FR)","02.11.2020 00:00 - 02.11.2020 01:00 (CET/CEST)","4261"
"France (FR)","02.11.2020 01:00 - 02.11.2020 02:00 (CET/CEST)","4149"
"France (FR)","02.11.2020 02:00 - 02.11.2020 03:00 (CET/CEST)","4078"
"France (FR)","02.11.2020 03:00 - 02.11.2020 04:00 (CET/CEST)","3794"
"France (FR)","02.11.2020 04:00 - 02.11.2020 05:00 (CET/CEST)","3793"
"France (FR)","02.11.2020 05:00 - 02.11.2020 06:00 (CET/CEST)","4101"
"France (FR)","02.11.2020 06:00 - 02.11.2020 07:00 (CET/CEST)","4236"
"France (FR)","02.11.2020 07:00 - 02.11.2020 08:00 (CET/CEST)","4295"
"France (FR)","02.11.2020 08:00 - 02.11.2020 09:00 (CET/CEST)","4375"
"France (FR)","02.11.2020 09:00 - 02.11.2020 10:00 (CET/CEST)","4438"
"France (FR)","02.11.2020 10:00 - 02.11.2020 11:00 (CET/CEST)","4479"
"France (FR)","02.11.2020 11:00 - 02.11.2020 12:00 (CET/CEST)","4563"
"France (FR)","02.11.2020 12:00 - 02.11.2020 13:00 (CET/CEST)","4462"
"France (FR)","02.11.2020 13:00 - 02.11.2020 14:00 (CET/CEST)","4486"
"France (FR)","02.11.2020 14:00 - 02.11.2020 15:00 (CET/CEST)","4446"
"France (FR)","02.11.2020 15:00 - 02.11.2020 16:00 (CET/CEST)","4471"
"France (FR)","02.11.2020 16:00 - 02.11.2020 17:00 (CET/CEST)","4638"
"France (FR)","02.11.2020 17:00 - 02.11.2020 18:00 (CET/CEST)","4807"
"France (FR)","02.11.2020 18:00 - 02.11.2020 19:00 (CET/CEST)","5035"
"France (FR)","02.11.2020 19:00 - 02.11.2020 20:00 (CET/CEST)","5074"
"France (FR)","02.11.2020 20:00 - 02.11.2020 21:00 (CET/CEST)","4880"
"France (FR)","02.11.2020 21:00 - 02.11.2020 22:00 (CET/CEST)","4422"
"France (FR)","02.11.2020 22:00 - 02.11.2020 23:00 (CET/CEST)","4216"
"France (FR)","02.11.2020 23:00 - 03.11.2020 00:00 (CET/CEST)","4174"
"France (FR)","03.11.2020 00:00 - 03.11.2020 01:00 (CET/CEST)","4051"
"France (FR)","03.11.2020 01:00 - 03.11.2020 02:00 (CET/CEST)","3940"
"France (FR)","03.11.2020 02:00 - 03.11.2020 03:00 (CET/CEST)","3888"
"France (FR)","03.11.2020 03:00 - 03.11.2020 04:00 (CET/CEST)","3788"
"France (FR)","03.11.2020 04:00 - 03.11.2020 05:00 (CET/CEST)","3686"
"France (FR)","03.11.2020 05:00 - 03.11.2020 06:00 (CET/CEST)","3678"
"France (FR)","03.11.2020 06:00 - 03.11.2020 07:00 (CET/CEST)","3928"
"France (FR)","03.11.2020 07:00 - 03.11.2020 08:00 (CET/CEST)","4456"
"France (FR)","03.11.2020 08:00 - 03.11.2020 09:00 (CET/CEST)","4493"
"France (FR)","03.11.2020 09:00 - 03.11.2020 10:00 (CET/CEST)","4575"
"France (FR)","03.11.2020 10:00 - 03.11.2020 11:00 (CET/CEST)","4459"
"France (FR)","03.11.2020 11:00 - 03.11.2020 12:00 (CET/CEST)","4502"
"France (FR)","03.11.2020 12:00 - 03.11.2020 13:00 (CET/CEST)","4516"
"France (FR)","03.11.2020 13:00 - 03.11.2020 14:00 (CET/CEST)","4453"
"France (FR)","03.11.2020 14:00 - 03.11.2020 15:00 (CET/CEST)","4301"
"France (FR)","03.11.2020 15:00 - 03.11.2020 16:00 (CET/CEST)","4282"
"France (FR)","03.11.2020 16:00 - 03.11.2020 17:00 (CET/CEST)","4395"
"France (FR)","03.11.2020 17:00 - 03.11.2020 18:00 (CET/CEST)","4755"
"France (FR)","03.11.2020 18:00 - 03.11.2020 19:00 (CET/CEST)","4996"
"France (FR)","03.11.2020 19:00 - 03.11.2020 20:00 (CET/CEST)","4927"
"France (FR)","03.11.2020 20:00 - 03.11.2020 21:00 (CET/CEST)","5006"
"France (FR)","03.11.2020 21:00 - 03.11.2020 22:00 (CET/CEST)","4795"
"France (FR)","03.11.2020 22:00 - 03.11.2020 23:00 (CET/CEST)","4619"
"France (FR)","03.11.2020 23:00 - 04.11.2020 00:00 (CET/CEST)","4404"
"France (FR)","04.11.2020 00:00 - 04.11.2020 01:00 (CET/CEST)","4330"
"France (FR)","04.11.2020 01:00 - 04.11.2020 02:00 (CET/CEST)","4092"
"France (FR)","04.11.2020 02:00 - 04.11.2020 03:00 (CET/CEST)","4042"
"France (FR)","04.11.2020 03:00 - 04.11.2020 04:00 (CET/CEST)","3946"
"France (FR)","04.11.2020 04:00 - 04.11.2020 05:00 (CET/CEST)","3886"
"France (FR)","04.11.2020 05:00 - 04.11.2020 06:00 (CET/CEST)","3786"
"France (FR)","04.11.2020 06:00 - 04.11.2020 07:00 (CET/CEST)","4122"
"France (FR)","04.11.2020 07:00 - 04.11.2020 08:00 (CET/CEST)","4476"
"France (FR)","04.11.2020 08:00 - 04.11.2020 09:00 (CET/CEST)","4516"
"France (FR)","04.11.2020 09:00 - 04.11.2020 10:00 (CET/CEST)","4410"
"France (FR)","04.11.2020 10:00 - 04.11.2020 11:00 (CET/CEST)","4551"
"France (FR)","04.11.2020 11:00 - 04.11.2020 12:00 (CET/CEST)","4581"
"France (FR)","04.11.2020 12:00 - 04.11.2020 13:00 (CET/CEST)","4477"
"France (FR)","04.11.2020 13:00 - 04.11.2020 14:00 (CET/CEST)","4481"
"France (FR)","04.11.2020 14:00 - 04.11.2020 15:00 (CET/CEST)","4573"
"France (FR)","04.11.2020 15:00 - 04.11.2020 16:00 (CET/CEST)","4586"
"France (FR)","04.11.2020 16:00 - 04.11.2020 17:00 (CET/CEST)","4842"
"France (FR)","04.11.2020 17:00 - 04.11.2020 18:00 (CET/CEST)","5076"
"France (FR)","04.11.2020 18:00 - 04.11.2020 19:00 (CET/CEST)","5366"
"France (FR)","04.11.2020 19:00 - 04.11.2020 20:00 (CET/CEST)","5111"
"France (FR)","04.11.2020 20:00 - 04.11.2020 21:00 (CET/CEST)","4869"
"France (FR)","04.11.2020 21:00 - 04.11.2020 22:00 (CET/CEST)","4573"
"France (FR)","04.11.2020 22:00 - 04.11.2020 23:00 (CET/CEST)","4185"
"France (FR)","04.11.2020 23:00 - 05.11.2020 00:00 (CET/CEST)","3882"
"France (FR)","05.11.2020 00:00 - 05.11.2020 01:00 (CET/CEST)","3676"
"France (FR)","05.11.2020 01:00 - 05.11.2020 02:00 (CET/CEST)","3746"
"France (FR)","05.11.2020 02:00 - 05.11.2020 03:00 (CET/CEST)","3751"
"France (FR)","05.11.2020 03:00 - 05.11.2020 04:00 (CET/CEST)","3689"
"France (FR)","05.11.2020 04:00 - 05.11.2020 05:00 (CET/CEST)","3609"
"France (FR)","05.11.2020 05:00 - 05.11.2020 06:00 (CET/CEST)","3584"
"France (FR)","05.11.2020 06:00 - 05.11.2020 07:00 (CET/CEST)","3881"
"France (FR)","05.11.2020 07:00 - 05.11.2020 08:00 (CET/CEST)","4453"
"France (FR)","05.11.2020 08:00 - 05.11.2020 09:00 (CET/CEST)","4656"
"France (FR)","05.11.2020 09:00 - 05.11.2020 10:00 (CET/CEST)","4707"
"France (FR)","05.11.2020 10:00 - 05.11.2020 11:00 (CET/CEST)","4629"
"France (FR)","05.11.2020 11:00 - 05.11.2020 12:00 (CET/CEST)","4363"
"France (FR)","05.11.2020 12:00 - 05.11.2020 13:00 (CET/CEST)","4224"
"France (FR)","05.11.2020 13:00 - 05.11.2020 14:00 (CET/CEST)","4209"
"France (FR)","05.11.2020 14:00 - 05.11.2020 15:00 (CET/CEST)","4206"
"France (FR)","05.11.2020 15:00 - 05.11.2020 16:00 (CET/CEST)","4256"
"France (FR)","05.11.2020 16:00 - 05.11.2020 17:00 (CET/CEST)","4515"
"France (FR)","05.11.2020 17:00 - 05.11.2020 18:00 (CET/CEST)","4781"
"France (FR)","05.11.2020 18:00 - 05.11.2020 19:00 (CET/CEST)","4990"
"France (FR)","05.11.2020 19:00 - 05.11.2020 20:00 (CET/CEST)","5115"
"France (FR)","05.11.2020 20:00 - 05.11.2020 21:00 (CET/CEST)","4947"
"France (FR)","05.11.2020 21:00 - 05.11.2020 22:00 (CET/CEST)","4490"
"France (FR)","05.11.2020 22:00 - 05.11.2020 23:00 (CET/CEST)","4102"
"France (FR)","05.11.2020 23:00 - 06.11.2020 00:00 (CET/CEST)","3988"
"France (FR)","06.11.2020 00:00 - 06.11.2020 01:00 (CET/CEST)","3476"
"France (FR)","06.11.2020 01:00 - 06.11.2020 02:00 (CET/CEST)","3372"
"France (FR)","06.11.2020 02:00 - 06.11.2020 03:00 (CET/CEST)","3343"
"France (FR)","06.11.2020 03:00 - 06.11.2020 04:00 (CET/CEST)","3508"
"France (FR)","06.11.2020 04:00 - 06.11.2020 05:00 (CET/CEST)","3501"
"France (FR)","06.11.2020 05:00 - 06.11.2020 06:00 (CET/CEST)","3459"
"France (FR)","06.11.2020 06:00 - 06.11.2020 07:00 (CET/CEST)","3850"
"France (FR)","06.11.2020 07:00 - 06.11.2020 08:00 (CET/CEST)","4421"
"France (FR)","06.11.2020 08:00 - 06.11.2020 09:00 (CET/CEST)","4710"
"France (FR)","06.11.2020 09:00 - 06.11.2020 10:00 (CET/CEST)","4626"
"France (FR)","06.11.2020 10:00 - 06.11.2020 11:00 (CET/CEST)","4506"
"France (FR)","06.11.2020 11:00 - 06.11.2020 12:00 (CET/CEST)","4221"
"France (FR)","06.11.2020 12:00 - 06.11.2020 13:00 (CET/CEST)","4127"
"France (FR)","06.11.2020 13:00 - 06.11.2020 14:00 (CET/CEST)","4073"
"France (FR)","06.11.2020 14:00 - 06.11.2020 15:00 (CET/CEST)","4148"
"France (FR)","06.11.2020 15:00 - 06.11.2020 16:00 (CET/CEST)","4391"
"France (FR)","06.11.2020 16:00 - 06.11.2020 17:00 (CET/CEST)","4462"
"France (FR)","06.11.2020 17:00 - 06.11.2020 18:00 (CET/CEST)","4697"
"France (FR)","06.11.2020 18:00 - 06.11.2020 19:00 (CET/CEST)","4589"
"France (FR)","06.11.2020 19:00 - 06.11.2020 20:00 (CET/CEST)","4615"
"France (FR)","06.11.2020 20:00 - 06.11.2020 21:00 (CET/CEST)","4389"
"France (FR)","06.11.2020 21:00 - 06.11.2020 22:00 (CET/CEST)","3999"
"France (FR)","06.11.2020 22:00 - 06.11.2020 23:00 (CET/CEST)","3699"
"France (FR)","06.11.2020 23:00 - 07.11.2020 00:00 (CET/CEST)","3669"
"France (FR)","07.11.2020 00:00 - 07.11.2020 01:00 (CET/CEST)","3436"
"France (FR)","07.11.2020 01:00 - 07.11.2020 02:00 (CET/CEST)","3184"
"France (FR)","07.11.2020 02:00 - 07.11.2020 03:00 (CET/CEST)","3121"
"France (FR)","07.11.2020 03:00 - 07.11.2020 04:00 (CET/CEST)","3154"
"France (FR)","07.11.2020 04:00 - 07.11.2020 05:00 (CET/CEST)","3129"
"France (FR)","07.11.2020 05:00 - 07.11.2020 06:00 (CET/CEST)","3170"
"France (FR)","07.11.2020 06:00 - 07.11.2020 07:00 (CET/CEST)","3340"
"France (FR)","07.11.2020 07:00 - 07.11.2020 08:00 (CET/CEST)","3500"
"France (FR)","07.11.2020 08:00 - 07.11.2020 09:00 (CET/CEST)","3735"
"France (FR)","07.11.2020 09:00 - 07.11.2020 10:00 (CET/CEST)","3834"
"France (FR)","07.11.2020 10:00 - 07.11.2020 11:00 (CET/CEST)","3746"
"France (FR)","07.11.2020 11:00 - 07.11.2020 12:00 (CET/CEST)","3498"
"France (FR)","07.11.2020 12:00 - 07.11.2020 13:00 (CET/CEST)","3805"
"France (FR)","07.11.2020 13:00 - 07.11.2020 14:00 (CET/CEST)","3812"
"France (FR)","07.11.2020 14:00 - 07.11.2020 15:00 (CET/CEST)","3743"
"France (FR)","07.11.2020 15:00 - 07.11.2020 16:00 (CET/CEST)","3893"
"France (FR)","07.11.2020 16:00 - 07.11.2020 17:00 (CET/CEST)","4180"
"France (FR)","07.11.2020 17:00 - 07.11.2020 18:00 (CET/CEST)","4493"
"France (FR)","07.11.2020 18:00 - 07.11.2020 19:00 (CET/CEST)","4651"
"France (FR)","07.11.2020 19:00 - 07.11.2020 20:00 (CET/CEST)","4735"
"France (FR)","07.11.2020 20:00 - 07.11.2020 21:00 (CET/CEST)","4405"
"France (FR)","07.11.2020 21:00 - 07.11.2020 22:00 (CET/CEST)","4143"
"France (FR)","07.11.2020 22:00 - 07.11.2020 23:00 (CET/CEST)","3853"
"France (FR)","07.11.2020 23:00 - 08.11.2020 00:00 (CET/CEST)","3736"
"France (FR)","08.11.2020 00:00 - 08.11.2020 01:00 (CET/CEST)","3432"
"France (FR)","08.11.2020 01:00 - 08.11.2020 02:00 (CET/CEST)","3247"
"France (FR)","08.11.2020 02:00 - 08.11.2020 03:00 (CET/CEST)","3225"
"France (FR)","08.11.2020 03:00 - 08.11.2020 04:00 (CET/CEST)","3264"
"France (FR)","08.11.2020 04:00 - 08.11.2020 05:00 (CET/CEST)","3311"
"France (FR)","08.11.2020 05:00 - 08.11.2020 06:00 (CET/CEST)","3354"
"France (FR)","08.11.2020 06:00 - 08.11.2020 07:00 (CET/CEST)","3235"
"France (FR)","08.11.2020 07:00 - 08.11.2020 08:00 (CET/CEST)","3071"
"France (FR)","08.11.2020 08:00 - 08.11.2020 09:00 (CET/CEST)","3260"
"France (FR)","08.11.2020 09:00 - 08.11.2020 10:00 (CET/CEST)","3277"
"France (FR)","08.11.2020 10:00 - 08.11.2020 11:00 (CET/CEST)","3299"
"France (FR)","08.11.2020 11:00 - 08.11.2020 12:00 (CET/CEST)","3305"
"France (FR)","08.11.2020 12:00 - 08.11.2020 13:00 (CET/CEST)","3421"
"France (FR)","08.11.2020 13:00 - 08.11.2020 14:00 (CET/CEST)","3507"
"France (FR)","08.11.2020 14:00 - 08.11.2020 15:00 (CET/CEST)","3592"
"France (FR)","08.11.2020 15:00 - 08.11.2020 16:00 (CET/CEST)","3580"
"France (FR)","08.11.2020 16:00 - 08.11.2020 17:00 (CET/CEST)","3779"
"France (FR)","08.11.2020 17:00 - 08.11.2020 18:00 (CET/CEST)","4207"
"France (FR)","08.11.2020 18:00 - 08.11.2020 19:00 (CET/CEST)","4443"
"France (FR)","08.11.2020 19:00 - 08.11.2020 20:00 (CET/CEST)","4501"
"France (FR)","08.11.2020 20:00 - 08.11.2020 21:00 (CET/CEST)","4394"
"France (FR)","08.11.2020 21:00 - 08.11.2020 22:00 (CET/CEST)","4197"
"France (FR)","08.11.2020 22:00 - 08.11.2020 23:00 (CET/CEST)","3987"
"France (FR)","08.11.2020 23:00 - 09.11.2020 00:00 (CET/CEST)","3735"
"France (FR)","09.11.2020 00:00 - 09.11.2020 01:00 (CET/CEST)","3453"
"France (FR)","09.11.2020 01:00 - 09.11.2020 02:00 (CET/CEST)","3278"
"France (FR)","09.11.2020 02:00 - 09.11.2020 03:00 (CET/CEST)","3288"
"France (FR)","09.11.2020 03:00 - 09.11.2020 04:00 (CET/CEST)","3330"
"France (FR)","09.11.2020 04:00 - 09.11.2020 05:00 (CET/CEST)","3360"
"France (FR)","09.11.2020 05:00 - 09.11.2020 06:00 (CET/CEST)","3590"
"France (FR)","09.11.2020 06:00 - 09.11.2020 07:00 (CET/CEST)","4056"
"France (FR)","09.11.2020 07:00 - 09.11.2020 08:00 (CET/CEST)","4402"
"France (FR)","09.11.2020 08:00 - 09.11.2020 09:00 (CET/CEST)","4524"
"France (FR)","09.11.2020 09:00 - 09.11.2020 10:00 (CET/CEST)","4610"
"France (FR)","09.11.2020 10:00 - 09.11.2020 11:00 (CET/CEST)","4521"
"France (FR)","09.11.2020 11:00 - 09.11.2020 12:00 (CET/CEST)","4409"
"France (FR)","09.11.2020 12:00 - 09.11.2020 13:00 (CET/CEST)","4265"
"France (FR)","09.11.2020 13:00 - 09.11.2020 14:00 (CET/CEST)","4268"
"France (FR)","09.11.2020 14:00 - 09.11.2020 15:00 (CET/CEST)","4400"
"France (FR)","09.11.2020 15:00 - 09.11.2020 16:00 (CET/CEST)","4507"
"France (FR)","09.11.2020 16:00 - 09.11.2020 17:00 (CET/CEST)","4793"
"France (FR)","09.11.2020 17:00 - 09.11.2020 18:00 (CET/CEST)","5343"
"France (FR)","09.11.2020 18:00 - 09.11.2020 19:00 (CET/CEST)","5755"
"France (FR)","09.11.2020 19:00 - 09.11.2020 20:00 (CET/CEST)","5654"
"France (FR)","09.11.2020 20:00 - 09.11.2020 21:00 (CET/CEST)","5359"
"France (FR)","09.11.2020 21:00 - 09.11.2020 22:00 (CET/CEST)","4847"
"France (FR)","09.11.2020 22:00 - 09.11.2020 23:00 (CET/CEST)","4193"
"France (FR)","09.11.2020 23:00 - 10.11.2020 00:00 (CET/CEST)","3867"
"France (FR)","10.11.2020 00:00 - 10.11.2020 01:00 (CET/CEST)","3606"
"France (FR)","10.11.2020 01:00 - 10.11.2020 02:00 (CET/CEST)","3412"
"France (FR)","10.11.2020 02:00 - 10.11.2020 03:00 (CET/CEST)","3340"
"France (FR)","10.11.2020 03:00 - 10.11.2020 04:00 (CET/CEST)","3359"
"France (FR)","10.11.2020 04:00 - 10.11.2020 05:00 (CET/CEST)","3430"
"France (FR)","10.11.2020 05:00 - 10.11.2020 06:00 (CET/CEST)","3541"
"France (FR)","10.11.2020 06:00 - 10.11.2020 07:00 (CET/CEST)","4152"
"France (FR)","10.11.2020 07:00 - 10.11.2020 08:00 (CET/CEST)","4794"
"France (FR)","10.11.2020 08:00 - 10.11.2020 09:00 (CET/CEST)","5220"
"France (FR)","10.11.2020 09:00 - 10.11.2020 10:00 (CET/CEST)","5398"
"France (FR)","10.11.2020 10:00 - 10.11.2020 11:00 (CET/CEST)","5161"
"France (FR)","10.11.2020 11:00 - 10.11.2020 12:00 (CET/CEST)","4988"
"France (FR)","10.11.2020 12:00 - 10.11.2020 13:00 (CET/CEST)","4826"
"France (FR)","10.11.2020 13:00 - 10.11.2020 14:00 (CET/CEST)","4581"
"France (FR)","10.11.2020 14:00 - 10.11.2020 15:00 (CET/CEST)","4512"
"France (FR)","10.11.2020 15:00 - 10.11.2020 16:00 (CET/CEST)","4640"
"France (FR)","10.11.2020 16:00 - 10.11.2020 17:00 (CET/CEST)","4940"
"France (FR)","10.11.2020 17:00 - 10.11.2020 18:00 (CET/CEST)","5456"
"France (FR)","10.11.2020 18:00 - 10.11.2020 19:00 (CET/CEST)","6020"
"France (FR)","10.11.2020 19:00 - 10.11.2020 20:00 (CET/CEST)","6070"
"France (FR)","10.11.2020 20:00 - 10.11.2020 21:00 (CET/CEST)","5636"
"France (FR)","10.11.2020 21:00 - 10.11.2020 22:00 (CET/CEST)","5038"
"France (FR)","10.11.2020 22:00 - 10.11.2020 23:00 (CET/CEST)","4531"
"France (FR)","10.11.2020 23:00 - 11.11.2020 00:00 (CET/CEST)","4222"
"France (FR)","11.11.2020 00:00 - 11.11.2020 01:00 (CET/CEST)","3974"
"France (FR)","11.11.2020 01:00 - 11.11.2020 02:00 (CET/CEST)","3706"
"France (FR)","11.11.2020 02:00 - 11.11.2020 03:00 (CET/CEST)","3638"
"France (FR)","11.11.2020 03:00 - 11.11.2020 04:00 (CET/CEST)","3382"
"France (FR)","11.11.2020 04:00 - 11.11.2020 05:00 (CET/CEST)","3415"
"France (FR)","11.11.2020 05:00 - 11.11.2020 06:00 (CET/CEST)","3466"
"France (FR)","11.11.2020 06:00 - 11.11.2020 07:00 (CET/CEST)","3609"
"France (FR)","11.11.2020 07:00 - 11.11.2020 08:00 (CET/CEST)","3987"
"France (FR)","11.11.2020 08:00 - 11.11.2020 09:00 (CET/CEST)","4456"
"France (FR)","11.11.2020 09:00 - 11.11.2020 10:00 (CET/CEST)","4555"
"France (FR)","11.11.2020 10:00 - 11.11.2020 11:00 (CET/CEST)","4482"
"France (FR)","11.11.2020 11:00 - 11.11.2020 12:00 (CET/CEST)","4384"
"France (FR)","11.11.2020 12:00 - 11.11.2020 13:00 (CET/CEST)","4401"
"France (FR)","11.11.2020 13:00 - 11.11.2020 14:00 (CET/CEST)","4213"
"France (FR)","11.11.2020 14:00 - 11.11.2020 15:00 (CET/CEST)","3930"
"France (FR)","11.11.2020 15:00 - 11.11.2020 16:00 (CET/CEST)","3730"
"France (FR)","11.11.2020 16:00 - 11.11.2020 17:00 (CET/CEST)","3945"
"France (FR)","11.11.2020 17:00 - 11.11.2020 18:00 (CET/CEST)","4440"
"France (FR)","11.11.2020 18:00 - 11.11.2020 19:00 (CET/CEST)","5118"
"France (FR)","11.11.2020 19:00 - 11.11.2020 20:00 (CET/CEST)","5080"
"France (FR)","11.11.2020 20:00 - 11.11.2020 21:00 (CET/CEST)","4655"
"France (FR)","11.11.2020 21:00 - 11.11.2020 22:00 (CET/CEST)","4231"
"France (FR)","11.11.2020 22:00 - 11.11.2020 23:00 (CET/CEST)","3885"
"France (FR)","11.11.2020 23:00 - 12.11.2020 00:00 (CET/CEST)","3517"
"France (FR)","12.11.2020 00:00 - 12.11.2020 01:00 (CET/CEST)","3159"
"France (FR)","12.11.2020 01:00 - 12.11.2020 02:00 (CET/CEST)","2795"
"France (FR)","12.11.2020 02:00 - 12.11.2020 03:00 (CET/CEST)","2706"
"France (FR)","12.11.2020 03:00 - 12.11.2020 04:00 (CET/CEST)","2732"
"France (FR)","12.11.2020 04:00 - 12.11.2020 05:00 (CET/CEST)","2787"
"France (FR)","12.11.2020 05:00 - 12.11.2020 06:00 (CET/CEST)","2787"
"France (FR)","12.11.2020 06:00 - 12.11.2020 07:00 (CET/CEST)","3122"
"France (FR)","12.11.2020 07:00 - 12.11.2020 08:00 (CET/CEST)","3798"
"France (FR)","12.11.2020 08:00 - 12.11.2020 09:00 (CET/CEST)","4278"
"France (FR)","12.11.2020 09:00 - 12.11.2020 10:00 (CET/CEST)","4384"
"France (FR)","12.11.2020 10:00 - 12.11.2020 11:00 (CET/CEST)","4396"
"France (FR)","12.11.2020 11:00 - 12.11.2020 12:00 (CET/CEST)","4446"
"France (FR)","12.11.2020 12:00 - 12.11.2020 13:00 (CET/CEST)","4167"
"France (FR)","12.11.2020 13:00 - 12.11.2020 14:00 (CET/CEST)","3893"
"France (FR)","12.11.2020 14:00 - 12.11.2020 15:00 (CET/CEST)","3860"
"France (FR)","12.11.2020 15:00 - 12.11.2020 16:00 (CET/CEST)","3921"
"France (FR)","12.11.2020 16:00 - 12.11.2020 17:00 (CET/CEST)","4393"
"France (FR)","12.11.2020 17:00 - 12.11.2020 18:00 (CET/CEST)","4814"
"France (FR)","12.11.2020 18:00 - 12.11.2020 19:00 (CET/CEST)","5214"
"France (FR)","12.11.2020 19:00 - 12.11.2020 20:00 (CET/CEST)","5065"
"France (FR)","12.11.2020 20:00 - 12.11.2020 21:00 (CET/CEST)","4811"
"France (FR)","12.11.2020 21:00 - 12.11.2020 22:00 (CET/CEST)","4414"
"France (FR)","12.11.2020 22:00 - 12.11.2020 23:00 (CET/CEST)","4080"
"France (FR)","12.11.2020 23:00 - 13.11.2020 00:00 (CET/CEST)","3637"
"France (FR)","13.11.2020 00:00 - 13.11.2020 01:00 (CET/CEST)","3385"
"France (FR)","13.11.2020 01:00 - 13.11.2020 02:00 (CET/CEST)","2967"
"France (FR)","13.11.2020 02:00 - 13.11.2020 03:00 (CET/CEST)","2802"
"France (FR)","13.11.2020 03:00 - 13.11.2020 04:00 (CET/CEST)","2871"
"France (FR)","13.11.2020 04:00 - 13.11.2020 05:00 (CET/CEST)","2872"
"France (FR)","13.11.2020 05:00 - 13.11.2020 06:00 (CET/CEST)","2884"
"France (FR)","13.11.2020 06:00 - 13.11.2020 07:00 (CET/CEST)","3317"
"France (FR)","13.11.2020 07:00 - 13.11.2020 08:00 (CET/CEST)","3951"
"France (FR)","13.11.2020 08:00 - 13.11.2020 09:00 (CET/CEST)","4067"
"France (FR)","13.11.2020 09:00 - 13.11.2020 10:00 (CET/CEST)","4338"
"France (FR)","13.11.2020 10:00 - 13.11.2020 11:00 (CET/CEST)","4317"
"France (FR)","13.11.2020 11:00 - 13.11.2020 12:00 (CET/CEST)","4083"
"France (FR)","13.11.2020 12:00 - 13.11.2020 13:00 (CET/CEST)","4074"
"France (FR)","13.11.2020 13:00 - 13.11.2020 14:00 (CET/CEST)","3909"
"France (FR)","13.11.2020 14:00 - 13.11.2020 15:00 (CET/CEST)","3804"
"France (FR)","13.11.2020 15:00 - 13.11.2020 16:00 (CET/CEST)","3902"
"France (FR)","13.11.2020 16:00 - 13.11.2020 17:00 (CET/CEST)","4071"
"France (FR)","13.11.2020 17:00 - 13.11.2020 18:00 (CET/CEST)","4393"
"France (FR)","13.11.2020 18:00 - 13.11.2020 19:00 (CET/CEST)","4723"
"France (FR)","13.11.2020 19:00 - 13.11.2020 20:00 (CET/CEST)","4589"
"France (FR)","13.11.2020 20:00 - 13.11.2020 21:00 (CET/CEST)","4340"
"France (FR)","13.11.2020 21:00 - 13.11.2020 22:00 (CET/CEST)","4080"
"France (FR)","13.11.2020 22:00 - 13.11.2020 23:00 (CET/CEST)","3760"
"France (FR)","13.11.2020 23:00 - 14.11.2020 00:00 (CET/CEST)","3500"
"France (FR)","14.11.2020 00:00 - 14.11.2020 01:00 (CET/CEST)","3256"
"France (FR)","14.11.2020 01:00 - 14.11.2020 02:00 (CET/CEST)","2965"
"France (FR)","14.11.2020 02:00 - 14.11.2020 03:00 (CET/CEST)","2608"
"France (FR)","14.11.2020 03:00 - 14.11.2020 04:00 (CET/CEST)","2481"
"France (FR)","14.11.2020 04:00 - 14.11.2020 05:00 (CET/CEST)","2571"
"France (FR)","14.11.2020 05:00 - 14.11.2020 06:00 (CET/CEST)","2577"
"France (FR)","14.11.2020 06:00 - 14.11.2020 07:00 (CET/CEST)","2744"
"France (FR)","14.11.2020 07:00 - 14.11.2020 08:00 (CET/CEST)","2851"
"France (FR)","14.11.2020 08:00 - 14.11.2020 09:00 (CET/CEST)","3195"
"France (FR)","14.11.2020 09:00 - 14.11.2020 10:00 (CET/CEST)","3446"
"France (FR)","14.11.2020 10:00 - 14.11.2020 11:00 (CET/CEST)","3496"
"France (FR)","14.11.2020 11:00 - 14.11.2020 12:00 (CET/CEST)","3521"
"France (FR)","14.11.2020 12:00 - 14.11.2020 13:00 (CET/CEST)","3567"
"France (FR)","14.11.2020 13:00 - 14.11.2020 14:00 (CET/CEST)","3581"
"France (FR)","14.11.2020 14:00 - 14.11.2020 15:00 (CET/CEST)","3317"
"France (FR)","14.11.2020 15:00 - 14.11.2020 16:00 (CET/CEST)","3141"
"France (FR)","14.11.2020 16:00 - 14.11.2020 17:00 (CET/CEST)","3479"
"France (FR)","14.11.2020 17:00 - 14.11.2020 18:00 (CET/CEST)","3640"
"France (FR)","14.11.2020 18:00 - 14.11.2020 19:00 (CET/CEST)","3772"
"France (FR)","14.11.2020 19:00 - 14.11.2020 20:00 (CET/CEST)","3367"
"France (FR)","14.11.2020 20:00 - 14.11.2020 21:00 (CET/CEST)","3140"
"France (FR)","14.11.2020 21:00 - 14.11.2020 22:00 (CET/CEST)","2935"
"France (FR)","14.11.2020 22:00 - 14.11.2020 23:00 (CET/CEST)","3018"
"France (FR)","14.11.2020 23:00 - 15.11.2020 00:00 (CET/CEST)","2992"
"France (FR)","15.11.2020 00:00 - 15.11.2020 01:00 (CET/CEST)","2799"
"France (FR)","15.11.2020 01:00 - 15.11.2020 02:00 (CET/CEST)","2683"
"France (FR)","15.11.2020 02:00 - 15.11.2020 03:00 (CET/CEST)","2554"
"France (FR)","15.11.2020 03:00 - 15.11.2020 04:00 (CET/CEST)","2388"
"France (FR)","15.11.2020 04:00 - 15.11.2020 05:00 (CET/CEST)","2326"
"France (FR)","15.11.2020 05:00 - 15.11.2020 06:00 (CET/CEST)","2304"
"France (FR)","15.11.2020 06:00 - 15.11.2020 07:00 (CET/CEST)","2346"
"France (FR)","15.11.2020 07:00 - 15.11.2020 08:00 (CET/CEST)","2532"
"France (FR)","15.11.2020 08:00 - 15.11.2020 09:00 (CET/CEST)","2633"
"France (FR)","15.11.2020 09:00 - 15.11.2020 10:00 (CET/CEST)","2690"
"France (FR)","15.11.2020 10:00 - 15.11.2020 11:00 (CET/CEST)","2846"
"France (FR)","15.11.2020 11:00 - 15.11.2020 12:00 (CET/CEST)","2968"
"France (FR)","15.11.2020 12:00 - 15.11.2020 13:00 (CET/CEST)","3010"
"France (FR)","15.11.2020 13:00 - 15.11.2020 14:00 (CET/CEST)","2862"
"France (FR)","15.11.2020 14:00 - 15.11.2020 15:00 (CET/CEST)","2720"
"France (FR)","15.11.2020 15:00 - 15.11.2020 16:00 (CET/CEST)","2597"
"France (FR)","15.11.2020 16:00 - 15.11.2020 17:00 (CET/CEST)","2550"
"France (FR)","15.11.2020 17:00 - 15.11.2020 18:00 (CET/CEST)","2893"
"France (FR)","15.11.2020 18:00 - 15.11.2020 19:00 (CET/CEST)","3140"
"France (FR)","15.11.2020 19:00 - 15.11.2020 20:00 (CET/CEST)","3072"
"France (FR)","15.11.2020 20:00 - 15.11.2020 21:00 (CET/CEST)","2944"
"France (FR)","15.11.2020 21:00 - 15.11.2020 22:00 (CET/CEST)","2748"
"France (FR)","15.11.2020 22:00 - 15.11.2020 23:00 (CET/CEST)","2736"
"France (FR)","15.11.2020 23:00 - 16.11.2020 00:00 (CET/CEST)","2671"
"France (FR)","16.11.2020 00:00 - 16.11.2020 01:00 (CET/CEST)","2628"
"France (FR)","16.11.2020 01:00 - 16.11.2020 02:00 (CET/CEST)","2585"
"France (FR)","16.11.2020 02:00 - 16.11.2020 03:00 (CET/CEST)","2778"
"France (FR)","16.11.2020 03:00 - 16.11.2020 04:00 (CET/CEST)","2722"
"France (FR)","16.11.2020 04:00 - 16.11.2020 05:00 (CET/CEST)","2580"
"France (FR)","16.11.2020 05:00 - 16.11.2020 06:00 (CET/CEST)","2756"
"France (FR)","16.11.2020 06:00 - 16.11.2020 07:00 (CET/CEST)","3066"
"France (FR)","16.11.2020 07:00 - 16.11.2020 08:00 (CET/CEST)","3586"
"France (FR)","16.11.2020 08:00 - 16.11.2020 09:00 (CET/CEST)","3624"
"France (FR)","16.11.2020 09:00 - 16.11.2020 10:00 (CET/CEST)","3733"
"France (FR)","16.11.2020 10:00 - 16.11.2020 11:00 (CET/CEST)","3939"
"France (FR)","16.11.2020 11:00 - 16.11.2020 12:00 (CET/CEST)","4111"
"France (FR)","16.11.2020 12:00 - 16.11.2020 13:00 (CET/CEST)","4153"
"France (FR)","16.11.2020 13:00 - 16.11.2020 14:00 (CET/CEST)","4059"
"France (FR)","16.11.2020 14:00 - 16.11.2020 15:00 (CET/CEST)","4016"
"France (FR)","16.11.2020 15:00 - 16.11.2020 16:00 (CET/CEST)","4108"
"France (FR)","16.11.2020 16:00 - 16.11.2020 17:00 (CET/CEST)","4527"
"France (FR)","16.11.2020 17:00 - 16.11.2020 18:00 (CET/CEST)","4975"
"France (FR)","16.11.2020 18:00 - 16.11.2020 19:00 (CET/CEST)","5273"
"France (FR)","16.11.2020 19:00 - 16.11.2020 20:00 (CET/CEST)","5294"
"France (FR)","16.11.2020 20:00 - 16.11.2020 21:00 (CET/CEST)","4958"
"France (FR)","16.11.2020 21:00 - 16.11.2020 22:00 (CET/CEST)","4432"
"France (FR)","16.11.2020 22:00 - 16.11.2020 23:00 (CET/CEST)","4141"
"France (FR)","16.11.2020 23:00 - 17.11.2020 00:00 (CET/CEST)","4063"
"France (FR)","17.11.2020 00:00 - 17.11.2020 01:00 (CET/CEST)","3766"
"France (FR)","17.11.2020 01:00 - 17.11.2020 02:00 (CET/CEST)","3529"
"France (FR)","17.11.2020 02:00 - 17.11.2020 03:00 (CET/CEST)","3425"
"France (FR)","17.11.2020 03:00 - 17.11.2020 04:00 (CET/CEST)","3331"
"France (FR)","17.11.2020 04:00 - 17.11.2020 05:00 (CET/CEST)","3287"
"France (FR)","17.11.2020 05:00 - 17.11.2020 06:00 (CET/CEST)","3285"
"France (FR)","17.11.2020 06:00 - 17.11.2020 07:00 (CET/CEST)","3765"
"France (FR)","17.11.2020 07:00 - 17.11.2020 08:00 (CET/CEST)","4409"
"France (FR)","17.11.2020 08:00 - 17.11.2020 09:00 (CET/CEST)","4723"
"France (FR)","17.11.2020 09:00 - 17.11.2020 10:00 (CET/CEST)","4729"
"France (FR)","17.11.2020 10:00 - 17.11.2020 11:00 (CET/CEST)","4501"
"France (FR)","17.11.2020 11:00 - 17.11.2020 12:00 (CET/CEST)","4330"
"France (FR)","17.11.2020 12:00 - 17.11.2020 13:00 (CET/CEST)","4166"
"France (FR)","17.11.2020 13:00 - 17.11.2020 14:00 (CET/CEST)","4122"
"France (FR)","17.11.2020 14:00 - 17.11.2020 15:00 (CET/CEST)","4125"
"France (FR)","17.11.2020 15:00 - 17.11.2020 16:00 (CET/CEST)","4112"
"France (FR)","17.11.2020 16:00 - 17.11.2020 17:00 (CET/CEST)","4255"
"France (FR)","17.11.2020 17:00 - 17.11.2020 18:00 (CET/CEST)","4617"
"France (FR)","17.11.2020 18:00 - 17.11.2020 19:00 (CET/CEST)","4836"
"France (FR)","17.11.2020 19:00 - 17.11.2020 20:00 (CET/CEST)","4857"
"France (FR)","17.11.2020 20:00 - 17.11.2020 21:00 (CET/CEST)","4577"
"France (FR)","17.11.2020 21:00 - 17.11.2020 22:00 (CET/CEST)","4146"
"France (FR)","17.11.2020 22:00 - 17.11.2020 23:00 (CET/CEST)","3833"
"France (FR)","17.11.2020 23:00 - 18.11.2020 00:00 (CET/CEST)","3641"
"France (FR)","18.11.2020 00:00 - 18.11.2020 01:00 (CET/CEST)","3545"
"France (FR)","18.11.2020 01:00 - 18.11.2020 02:00 (CET/CEST)","3269"
"France (FR)","18.11.2020 02:00 - 18.11.2020 03:00 (CET/CEST)","3169"
"France (FR)","18.11.2020 03:00 - 18.11.2020 04:00 (CET/CEST)","3066"
"France (FR)","18.11.2020 04:00 - 18.11.2020 05:00 (CET/CEST)","3121"
"France (FR)","18.11.2020 05:00 - 18.11.2020 06:00 (CET/CEST)","3171"
"France (FR)","18.11.2020 06:00 - 18.11.2020 07:00 (CET/CEST)","3542"
"France (FR)","18.11.2020 07:00 - 18.11.2020 08:00 (CET/CEST)","4173"
"France (FR)","18.11.2020 08:00 - 18.11.2020 09:00 (CET/CEST)","4482"
"France (FR)","18.11.2020 09:00 - 18.11.2020 10:00 (CET/CEST)","4377"
"France (FR)","18.11.2020 10:00 - 18.11.2020 11:00 (CET/CEST)","4195"
"France (FR)","18.11.2020 11:00 - 18.11.2020 12:00 (CET/CEST)","3944"
"France (FR)","18.11.2020 12:00 - 18.11.2020 13:00 (CET/CEST)","3760"
"France (FR)","18.11.2020 13:00 - 18.11.2020 14:00 (CET/CEST)","3765"
"France (FR)","18.11.2020 14:00 - 18.11.2020 15:00 (CET/CEST)","3624"
"France (FR)","18.11.2020 15:00 - 18.11.2020 16:00 (CET/CEST)","3846"
"France (FR)","18.11.2020 16:00 - 18.11.2020 17:00 (CET/CEST)","4203"
"France (FR)","18.11.2020 17:00 - 18.11.2020 18:00 (CET/CEST)","4562"
"France (FR)","18.11.2020 18:00 - 18.11.2020 19:00 (CET/CEST)","4646"
"France (FR)","18.11.2020 19:00 - 18.11.2020 20:00 (CET/CEST)","4643"
"France (FR)","18.11.2020 20:00 - 18.11.2020 21:00 (CET/CEST)","4301"
"France (FR)","18.11.2020 21:00 - 18.11.2020 22:00 (CET/CEST)","3864"
"France (FR)","18.11.2020 22:00 - 18.11.2020 23:00 (CET/CEST)","3533"
"France (FR)","18.11.2020 23:00 - 19.11.2020 00:00 (CET/CEST)","3207"
"France (FR)","19.11.2020 00:00 - 19.11.2020 01:00 (CET/CEST)","2961"
"France (FR)","19.11.2020 01:00 - 19.11.2020 02:00 (CET/CEST)","2915"
"France (FR)","19.11.2020 02:00 - 19.11.2020 03:00 (CET/CEST)","2792"
"France (FR)","19.11.2020 03:00 - 19.11.2020 04:00 (CET/CEST)","2678"
"France (FR)","19.11.2020 04:00 - 19.11.2020 05:00 (CET/CEST)","2659"
"France (FR)","19.11.2020 05:00 - 19.11.2020 06:00 (CET/CEST)","2753"
"France (FR)","19.11.2020 06:00 - 19.11.2020 07:00 (CET/CEST)","3001"
"France (FR)","19.11.2020 07:00 - 19.11.2020 08:00 (CET/CEST)","3545"
"France (FR)","19.11.2020 08:00 - 19.11.2020 09:00 (CET/CEST)","3761"
"France (FR)","19.11.2020 09:00 - 19.11.2020 10:00 (CET/CEST)","3918"
"France (FR)","19.11.2020 10:00 - 19.11.2020 11:00 (CET/CEST)","3766"
"France (FR)","19.11.2020 11:00 - 19.11.2020 12:00 (CET/CEST)","3592"
"France (FR)","19.11.2020 12:00 - 19.11.2020 13:00 (CET/CEST)","3664"
"France (FR)","19.11.2020 13:00 - 19.11.2020 14:00 (CET/CEST)","3735"
"France (FR)","19.11.2020 14:00 - 19.11.2020 15:00 (CET/CEST)","3698"
"France (FR)","19.11.2020 15:00 - 19.11.2020 16:00 (CET/CEST)","3658"
"France (FR)","19.11.2020 16:00 - 19.11.2020 17:00 (CET/CEST)","3967"
"France (FR)","19.11.2020 17:00 - 19.11.2020 18:00 (CET/CEST)","4547"
"France (FR)","19.11.2020 18:00 - 19.11.2020 19:00 (CET/CEST)","4985"
"France (FR)","19.11.2020 19:00 - 19.11.2020 20:00 (CET/CEST)","4838"
"France (FR)","19.11.2020 20:00 - 19.11.2020 21:00 (CET/CEST)","4453"
"France (FR)","19.11.2020 21:00 - 19.11.2020 22:00 (CET/CEST)","4053"
"France (FR)","19.11.2020 22:00 - 19.11.2020 23:00 (CET/CEST)","3647"
"France (FR)","19.11.2020 23:00 - 20.11.2020 00:00 (CET/CEST)","3365"
"France (FR)","20.11.2020 00:00 - 20.11.2020 01:00 (CET/CEST)","3068"
"France (FR)","20.11.2020 01:00 - 20.11.2020 02:00 (CET/CEST)","2844"
"France (FR)","20.11.2020 02:00 - 20.11.2020 03:00 (CET/CEST)","2978"
"France (FR)","20.11.2020 03:00 - 20.11.2020 04:00 (CET/CEST)","3151"
"France (FR)","20.11.2020 04:00 - 20.11.2020 05:00 (CET/CEST)","3105"
"France (FR)","20.11.2020 05:00 - 20.11.2020 06:00 (CET/CEST)","3119"
"France (FR)","20.11.2020 06:00 - 20.11.2020 07:00 (CET/CEST)","3340"
"France (FR)","20.11.2020 07:00 - 20.11.2020 08:00 (CET/CEST)","3951"
"France (FR)","20.11.2020 08:00 - 20.11.2020 09:00 (CET/CEST)","4480"
"France (FR)","20.11.2020 09:00 - 20.11.2020 10:00 (CET/CEST)","4370"
"France (FR)","20.11.2020 10:00 - 20.11.2020 11:00 (CET/CEST)","4164"
"France (FR)","20.11.2020 11:00 - 20.11.2020 12:00 (CET/CEST)","4022"
"France (FR)","20.11.2020 12:00 - 20.11.2020 13:00 (CET/CEST)","3975"
"France (FR)","20.11.2020 13:00 - 20.11.2020 14:00 (CET/CEST)","3946"
"France (FR)","20.11.2020 14:00 - 20.11.2020 15:00 (CET/CEST)","4127"
"France (FR)","20.11.2020 15:00 - 20.11.2020 16:00 (CET/CEST)","4308"
"France (FR)","20.11.2020 16:00 - 20.11.2020 17:00 (CET/CEST)","4509"
"France (FR)","20.11.2020 17:00 - 20.11.2020 18:00 (CET/CEST)","5116"
"France (FR)","20.11.2020 18:00 - 20.11.2020 19:00 (CET/CEST)","5197"
"France (FR)","20.11.2020 19:00 - 20.11.2020 20:00 (CET/CEST)","4830"
"France (FR)","20.11.2020 20:00 - 20.11.2020 21:00 (CET/CEST)","4453"
"France (FR)","20.11.2020 21:00 - 20.11.2020 22:00 (CET/CEST)","4018"
"France (FR)","20.11.2020 22:00 - 20.11.2020 23:00 (CET/CEST)","3593"
"France (FR)","20.11.2020 23:00 - 21.11.2020 00:00 (CET/CEST)","3411"
"France (FR)","21.11.2020 00:00 - 21.11.2020 01:00 (CET/CEST)","3036"
"France (FR)","21.11.2020 01:00 - 21.11.2020 02:00 (CET/CEST)","2642"
"France (FR)","21.11.2020 02:00 - 21.11.2020 03:00 (CET/CEST)","2587"
"France (FR)","21.11.2020 03:00 - 21.11.2020 04:00 (CET/CEST)","2649"
"France (FR)","21.11.2020 04:00 - 21.11.2020 05:00 (CET/CEST)","2637"
"France (FR)","21.11.2020 05:00 - 21.11.2020 06:00 (CET/CEST)","2636"
"France (FR)","21.11.2020 06:00 - 21.11.2020 07:00 (CET/CEST)","2702"
"France (FR)","21.11.2020 07:00 - 21.11.2020 08:00 (CET/CEST)","2835"
"France (FR)","21.11.2020 08:00 - 21.11.2020 09:00 (CET/CEST)","2986"
"France (FR)","21.11.2020 09:00 - 21.11.2020 10:00 (CET/CEST)","3176"
"France (FR)","21.11.2020 10:00 - 21.11.2020 11:00 (CET/CEST)","3236"
"France (FR)","21.11.2020 11:00 - 21.11.2020 12:00 (CET/CEST)","3183"
"France (FR)","21.11.2020 12:00 - 21.11.2020 13:00 (CET/CEST)","3180"
"France (FR)","21.11.2020 13:00 - 21.11.2020 14:00 (CET/CEST)","2996"
"France (FR)","21.11.2020 14:00 - 21.11.2020 15:00 (CET/CEST)","2850"
"France (FR)","21.11.2020 15:00 - 21.11.2020 16:00 (CET/CEST)","2933"
"France (FR)","21.11.2020 16:00 - 21.11.2020 17:00 (CET/CEST)","3053"
"France (FR)","21.11.2020 17:00 - 21.11.2020 18:00 (CET/CEST)","3403"
"France (FR)","21.11.2020 18:00 - 21.11.2020 19:00 (CET/CEST)","3918"
"France (FR)","21.11.2020 19:00 - 21.11.2020 20:00 (CET/CEST)","3963"
"France (FR)","21.11.2020 20:00 - 21.11.2020 21:00 (CET/CEST)","3644"
"France (FR)","21.11.2020 21:00 - 21.11.2020 22:00 (CET/CEST)","3249"
"France (FR)","21.11.2020 22:00 - 21.11.2020 23:00 (CET/CEST)","2923"
"France (FR)","21.11.2020 23:00 - 22.11.2020 00:00 (CET/CEST)","2770"
"France (FR)","22.11.2020 00:00 - 22.11.2020 01:00 (CET/CEST)","2603"
"France (FR)","22.11.2020 01:00 - 22.11.2020 02:00 (CET/CEST)","2408"
"France (FR)","22.11.2020 02:00 - 22.11.2020 03:00 (CET/CEST)","2199"
"France (FR)","22.11.2020 03:00 - 22.11.2020 04:00 (CET/CEST)","2164"
"France (FR)","22.11.2020 04:00 - 22.11.2020 05:00 (CET/CEST)","2316"
"France (FR)","22.11.2020 05:00 - 22.11.2020 06:00 (CET/CEST)","2355"
"France (FR)","22.11.2020 06:00 - 22.11.2020 07:00 (CET/CEST)","2352"
"France (FR)","22.11.2020 07:00 - 22.11.2020 08:00 (CET/CEST)","2506"
"France (FR)","22.11.2020 08:00 - 22.11.2020 09:00 (CET/CEST)","2513"
"France (FR)","22.11.2020 09:00 - 22.11.2020 10:00 (CET/CEST)","2578"
"France (FR)","22.11.2020 10:00 - 22.11.2020 11:00 (CET/CEST)","2648"
"France (FR)","22.11.2020 11:00 - 22.11.2020 12:00 (CET/CEST)","2555"
"France (FR)","22.11.2020 12:00 - 22.11.2020 13:00 (CET/CEST)","2722"
"France (FR)","22.11.2020 13:00 - 22.11.2020 14:00 (CET/CEST)","2670"
"France (FR)","22.11.2020 14:00 - 22.11.2020 15:00 (CET/CEST)","2612"
"France (FR)","22.11.2020 15:00 - 22.11.2020 16:00 (CET/CEST)","2672"
"France (FR)","22.11.2020 16:00 - 22.11.2020 17:00 (CET/CEST)","2756"
"France (FR)","22.11.2020 17:00 - 22.11.2020 18:00 (CET/CEST)","3261"
"France (FR)","22.11.2020 18:00 - 22.11.2020 19:00 (CET/CEST)","3636"
"France (FR)","22.11.2020 19:00 - 22.11.2020 20:00 (CET/CEST)","3709"
"France (FR)","22.11.2020 20:00 - 22.11.2020 21:00 (CET/CEST)","3442"
"France (FR)","22.11.2020 21:00 - 22.11.2020 22:00 (CET/CEST)","3084"
"France (FR)","22.11.2020 22:00 - 22.11.2020 23:00 (CET/CEST)","2968"
"France (FR)","22.11.2020 23:00 - 23.11.2020 00:00 (CET/CEST)","2882"
"France (FR)","23.11.2020 00:00 - 23.11.2020 01:00 (CET/CEST)","2846"
"France (FR)","23.11.2020 01:00 - 23.11.2020 02:00 (CET/CEST)","2620"
"France (FR)","23.11.2020 02:00 - 23.11.2020 03:00 (CET/CEST)","2606"
"France (FR)","23.11.2020 03:00 - 23.11.2020 04:00 (CET/CEST)","2548"
"France (FR)","23.11.2020 04:00 - 23.11.2020 05:00 (CET/CEST)","2508"
"France (FR)","23.11.2020 05:00 - 23.11.2020 06:00 (CET/CEST)","2581"
"France (FR)","23.11.2020 06:00 - 23.11.2020 07:00 (CET/CEST)","2963"
"France (FR)","23.11.2020 07:00 - 23.11.2020 08:00 (CET/CEST)","3854"
"France (FR)","23.11.2020 08:00 - 23.11.2020 09:00 (CET/CEST)","4464"
"France (FR)","23.11.2020 09:00 - 23.11.2020 10:00 (CET/CEST)","4570"
"France (FR)","23.11.2020 10:00 - 23.11.2020 11:00 (CET/CEST)","4367"
"France (FR)","23.11.2020 11:00 - 23.11.2020 12:00 (CET/CEST)","4067"
"France (FR)","23.11.2020 12:00 - 23.11.2020 13:00 (CET/CEST)","3824"
"France (FR)","23.11.2020 13:00 - 23.11.2020 14:00 (CET/CEST)","3781"
"France (FR)","23.11.2020 14:00 - 23.11.2020 15:00 (CET/CEST)","3781"
"France (FR)","23.11.2020 15:00 - 23.11.2020 16:00 (CET/CEST)","3946"
"France (FR)","23.11.2020 16:00 - 23.11.2020 17:00 (CET/CEST)","4185"
"France (FR)","23.11.2020 17:00 - 23.11.2020 18:00 (CET/CEST)","4709"
"France (FR)","23.11.2020 18:00 - 23.11.2020 19:00 (CET/CEST)","5042"
"France (FR)","23.11.2020 19:00 - 23.11.2020 20:00 (CET/CEST)","5113"
"France (FR)","23.11.2020 20:00 - 23.11.2020 21:00 (CET/CEST)","4879"
"France (FR)","23.11.2020 21:00 - 23.11.2020 22:00 (CET/CEST)","4317"
"France (FR)","23.11.2020 22:00 - 23.11.2020 23:00 (CET/CEST)","3734"
"France (FR)","23.11.2020 23:00 - 24.11.2020 00:00 (CET/CEST)","3436"
"France (FR)","24.11.2020 00:00 - 24.11.2020 01:00 (CET/CEST)","3183"
"France (FR)","24.11.2020 01:00 - 24.11.2020 02:00 (CET/CEST)","2807"
"France (FR)","24.11.2020 02:00 - 24.11.2020 03:00 (CET/CEST)","2676"
"France (FR)","24.11.2020 03:00 - 24.11.2020 04:00 (CET/CEST)","2702"
"France (FR)","24.11.2020 04:00 - 24.11.2020 05:00 (CET/CEST)","2721"
"France (FR)","24.11.2020 05:00 - 24.11.2020 06:00 (CET/CEST)","2817"
"France (FR)","24.11.2020 06:00 - 24.11.2020 07:00 (CET/CEST)","3145"
"France (FR)","24.11.2020 07:00 - 24.11.2020 08:00 (CET/CEST)","3742"
"France (FR)","24.11.2020 08:00 - 24.11.2020 09:00 (CET/CEST)","4328"
"France (FR)","24.11.2020 09:00 - 24.11.2020 10:00 (CET/CEST)","4538"
"France (FR)","24.11.2020 10:00 - 24.11.2020 11:00 (CET/CEST)","4270"
"France (FR)","24.11.2020 11:00 - 24.11.2020 12:00 (CET/CEST)","4161"
"France (FR)","24.11.2020 12:00 - 24.11.2020 13:00 (CET/CEST)","3910"
"France (FR)","24.11.2020 13:00 - 24.11.2020 14:00 (CET/CEST)","3735"
"France (FR)","24.11.2020 14:00 - 24.11.2020 15:00 (CET/CEST)","3579"
"France (FR)","24.11.2020 15:00 - 24.11.2020 16:00 (CET/CEST)","3671"
"France (FR)","24.11.2020 16:00 - 24.11.2020 17:00 (CET/CEST)","4082"
"France (FR)","24.11.2020 17:00 - 24.11.2020 18:00 (CET/CEST)","4734"
"France (FR)","24.11.2020 18:00 - 24.11.2020 19:00 (CET/CEST)","4890"
"France (FR)","24.11.2020 19:00 - 24.11.2020 20:00 (CET/CEST)","4727"
"France (FR)","24.11.2020 20:00 - 24.11.2020 21:00 (CET/CEST)","4078"
"France (FR)","24.11.2020 21:00 - 24.11.2020 22:00 (CET/CEST)","3574"
"France (FR)","24.11.2020 22:00 - 24.11.2020 23:00 (CET/CEST)","3383"
"France (FR)","24.11.2020 23:00 - 25.11.2020 00:00 (CET/CEST)","2976"
"France (FR)","25.11.2020 00:00 - 25.11.2020 01:00 (CET/CEST)","2808"
"France (FR)","25.11.2020 01:00 - 25.11.2020 02:00 (CET/CEST)","2512"
"France (FR)","25.11.2020 02:00 - 25.11.2020 03:00 (CET/CEST)","2460"
"France (FR)","25.11.2020 03:00 - 25.11.2020 04:00 (CET/CEST)","2489"
"France (FR)","25.11.2020 04:00 - 25.11.2020 05:00 (CET/CEST)","2499"
"France (FR)","25.11.2020 05:00 - 25.11.2020 06:00 (CET/CEST)","2606"
"France (FR)","25.11.2020 06:00 - 25.11.2020 07:00 (CET/CEST)","3014"
"France (FR)","25.11.2020 07:00 - 25.11.2020 08:00 (CET/CEST)","3621"
"France (FR)","25.11.2020 08:00 - 25.11.2020 09:00 (CET/CEST)","4017"
"France (FR)","25.11.2020 09:00 - 25.11.2020 10:00 (CET/CEST)","4039"
"France (FR)","25.11.2020 10:00 - 25.11.2020 11:00 (CET/CEST)","4039"
"France (FR)","25.11.2020 11:00 - 25.11.2020 12:00 (CET/CEST)","4091"
"France (FR)","25.11.2020 12:00 - 25.11.2020 13:00 (CET/CEST)","3698"
"France (FR)","25.11.2020 13:00 - 25.11.2020 14:00 (CET/CEST)","3481"
"France (FR)","25.11.2020 14:00 - 25.11.2020 15:00 (CET/CEST)","3478"
"France (FR)","25.11.2020 15:00 - 25.11.2020 16:00 (CET/CEST)","3456"
"France (FR)","25.11.2020 16:00 - 25.11.2020 17:00 (CET/CEST)","3828"
"France (FR)","25.11.2020 17:00 - 25.11.2020 18:00 (CET/CEST)","4433"
"France (FR)","25.11.2020 18:00 - 25.11.2020 19:00 (CET/CEST)","4606"
"France (FR)","25.11.2020 19:00 - 25.11.2020 20:00 (CET/CEST)","4641"
"France (FR)","25.11.2020 20:00 - 25.11.2020 21:00 (CET/CEST)","4142"
"France (FR)","25.11.2020 21:00 - 25.11.2020 22:00 (CET/CEST)","3721"
"France (FR)","25.11.2020 22:00 - 25.11.2020 23:00 (CET/CEST)","3433"
"France (FR)","25.11.2020 23:00 - 26.11.2020 00:00 (CET/CEST)","3275"
"France (FR)","26.11.2020 00:00 - 26.11.2020 01:00 (CET/CEST)","3224"
"France (FR)","26.11.2020 01:00 - 26.11.2020 02:00 (CET/CEST)","2894"
"France (FR)","26.11.2020 02:00 - 26.11.2020 03:00 (CET/CEST)","2801"
"France (FR)","26.11.2020 03:00 - 26.11.2020 04:00 (CET/CEST)","2807"
"France (FR)","26.11.2020 04:00 - 26.11.2020 05:00 (CET/CEST)","2818"
"France (FR)","26.11.2020 05:00 - 26.11.2020 06:00 (CET/CEST)","2984"
"France (FR)","26.11.2020 06:00 - 26.11.2020 07:00 (CET/CEST)","3309"
"France (FR)","26.11.2020 07:00 - 26.11.2020 08:00 (CET/CEST)","4140"
"France (FR)","26.11.2020 08:00 - 26.11.2020 09:00 (CET/CEST)","4686"
"France (FR)","26.11.2020 09:00 - 26.11.2020 10:00 (CET/CEST)","4779"
"France (FR)","26.11.2020 10:00 - 26.11.2020 11:00 (CET/CEST)","4554"
"France (FR)","26.11.2020 11:00 - 26.11.2020 12:00 (CET/CEST)","4199"
"France (FR)","26.11.2020 12:00 - 26.11.2020 13:00 (CET/CEST)","4092"
"France (FR)","26.11.2020 13:00 - 26.11.2020 14:00 (CET/CEST)","3892"
"France (FR)","26.11.2020 14:00 - 26.11.2020 15:00 (CET/CEST)","3843"
"France (FR)","26.11.2020 15:00 - 26.11.2020 16:00 (CET/CEST)","3997"
"France (FR)","26.11.2020 16:00 - 26.11.2020 17:00 (CET/CEST)","4496"
"France (FR)","26.11.2020 17:00 - 26.11.2020 18:00 (CET/CEST)","5148"
"France (FR)","26.11.2020 18:00 - 26.11.2020 19:00 (CET/CEST)","5447"
"France (FR)","26.11.2020 19:00 - 26.11.2020 20:00 (CET/CEST)","5398"
"France (FR)","26.11.2020 20:00 - 26.11.2020 21:00 (CET/CEST)","4859"
"France (FR)","26.11.2020 21:00 - 26.11.2020 22:00 (CET/CEST)","4327"
"France (FR)","26.11.2020 22:00 - 26.11.2020 23:00 (CET/CEST)","4192"
"France (FR)","26.11.2020 23:00 - 27.11.2020 00:00 (CET/CEST)","3906"
"France (FR)","27.11.2020 00:00 - 27.11.2020 01:00 (CET/CEST)","3455"
"France (FR)","27.11.2020 01:00 - 27.11.2020 02:00 (CET/CEST)","3370"
"France (FR)","27.11.2020 02:00 - 27.11.2020 03:00 (CET/CEST)","3168"
"France (FR)","27.11.2020 03:00 - 27.11.2020 04:00 (CET/CEST)","3054"
"France (FR)","27.11.2020 04:00 - 27.11.2020 05:00 (CET/CEST)","3056"
"France (FR)","27.11.2020 05:00 - 27.11.2020 06:00 (CET/CEST)","3179"
"France (FR)","27.11.2020 06:00 - 27.11.2020 07:00 (CET/CEST)","3681"
"France (FR)","27.11.2020 07:00 - 27.11.2020 08:00 (CET/CEST)","4693"
"France (FR)","27.11.2020 08:00 - 27.11.2020 09:00 (CET/CEST)","5107"
"France (FR)","27.11.2020 09:00 - 27.11.2020 10:00 (CET/CEST)","5225"
"France (FR)","27.11.2020 10:00 - 27.11.2020 11:00 (CET/CEST)","5314"
"France (FR)","27.11.2020 11:00 - 27.11.2020 12:00 (CET/CEST)","5049"
"France (FR)","27.11.2020 12:00 - 27.11.2020 13:00 (CET/CEST)","4399"
"France (FR)","27.11.2020 13:00 - 27.11.2020 14:00 (CET/CEST)","4335"
"France (FR)","27.11.2020 14:00 - 27.11.2020 15:00 (CET/CEST)","4132"
"France (FR)","27.11.2020 15:00 - 27.11.2020 16:00 (CET/CEST)","4274"
"France (FR)","27.11.2020 16:00 - 27.11.2020 17:00 (CET/CEST)","4604"
"France (FR)","27.11.2020 17:00 - 27.11.2020 18:00 (CET/CEST)","4816"
"France (FR)","27.11.2020 18:00 - 27.11.2020 19:00 (CET/CEST)","4985"
"France (FR)","27.11.2020 19:00 - 27.11.2020 20:00 (CET/CEST)","4955"
"France (FR)","27.11.2020 20:00 - 27.11.2020 21:00 (CET/CEST)","4340"
"France (FR)","27.11.2020 21:00 - 27.11.2020 22:00 (CET/CEST)","4008"
"France (FR)","27.11.2020 22:00 - 27.11.2020 23:00 (CET/CEST)","3889"
"France (FR)","27.11.2020 23:00 - 28.11.2020 00:00 (CET/CEST)","3627"
"France (FR)","28.11.2020 00:00 - 28.11.2020 01:00 (CET/CEST)","3394"
"France (FR)","28.11.2020 01:00 - 28.11.2020 02:00 (CET/CEST)","3096"
"France (FR)","28.11.2020 02:00 - 28.11.2020 03:00 (CET/CEST)","2892"
"France (FR)","28.11.2020 03:00 - 28.11.2020 04:00 (CET/CEST)","2677"
"France (FR)","28.11.2020 04:00 - 28.11.2020 05:00 (CET/CEST)","2537"
"France (FR)","28.11.2020 05:00 - 28.11.2020 06:00 (CET/CEST)","2557"
"France (FR)","28.11.2020 06:00 - 28.11.2020 07:00 (CET/CEST)","2684"
"France (FR)","28.11.2020 07:00 - 28.11.2020 08:00 (CET/CEST)","2908"
"France (FR)","28.11.2020 08:00 - 28.11.2020 09:00 (CET/CEST)","3187"
"France (FR)","28.11.2020 09:00 - 28.11.2020 10:00 (CET/CEST)","3371"
"France (FR)","28.11.2020 10:00 - 28.11.2020 11:00 (CET/CEST)","3450"
"France (FR)","28.11.2020 11:00 - 28.11.2020 12:00 (CET/CEST)","3531"
"France (FR)","28.11.2020 12:00 - 28.11.2020 13:00 (CET/CEST)","3433"
"France (FR)","28.11.2020 13:00 - 28.11.2020 14:00 (CET/CEST)","3310"
"France (FR)","28.11.2020 14:00 - 28.11.2020 15:00 (CET/CEST)","3043"
"France (FR)","28.11.2020 15:00 - 28.11.2020 16:00 (CET/CEST)","3085"
"France (FR)","28.11.2020 16:00 - 28.11.2020 17:00 (CET/CEST)","3140"
"France (FR)","28.11.2020 17:00 - 28.11.2020 18:00 (CET/CEST)","3290"
"France (FR)","28.11.2020 18:00 - 28.11.2020 19:00 (CET/CEST)","3672"
"France (FR)","28.11.2020 19:00 - 28.11.2020 20:00 (CET/CEST)","3549"
"France (FR)","28.11.2020 20:00 - 28.11.2020 21:00 (CET/CEST)","3234"
"France (FR)","28.11.2020 21:00 - 28.11.2020 22:00 (CET/CEST)","3051"
"France (FR)","28.11.2020 22:00 - 28.11.2020 23:00 (CET/CEST)","3083"
"France (FR)","28.11.2020 23:00 - 29.11.2020 00:00 (CET/CEST)","2912"
"France (FR)","29.11.2020 00:00 - 29.11.2020 01:00 (CET/CEST)","2773"
"France (FR)","29.11.2020 01:00 - 29.11.2020 02:00 (CET/CEST)","2479"
"France (FR)","29.11.2020 02:00 - 29.11.2020 03:00 (CET/CEST)","2234"
"France (FR)","29.11.2020 03:00 - 29.11.2020 04:00 (CET/CEST)","2151"
"France (FR)","29.11.2020 04:00 - 29.11.2020 05:00 (CET/CEST)","2137"
"France (FR)","29.11.2020 05:00 - 29.11.2020 06:00 (CET/CEST)","2149"
"France (FR)","29.11.2020 06:00 - 29.11.2020 07:00 (CET/CEST)","2185"
"France (FR)","29.11.2020 07:00 - 29.11.2020 08:00 (CET/CEST)","2222"
"France (FR)","29.11.2020 08:00 - 29.11.2020 09:00 (CET/CEST)","2338"
"France (FR)","29.11.2020 09:00 - 29.11.2020 10:00 (CET/CEST)","2697"
"France (FR)","29.11.2020 10:00 - 29.11.2020 11:00 (CET/CEST)","2947"
"France (FR)","29.11.2020 11:00 - 29.11.2020 12:00 (CET/CEST)","3019"
"France (FR)","29.11.2020 12:00 - 29.11.2020 13:00 (CET/CEST)","3021"
"France (FR)","29.11.2020 13:00 - 29.11.2020 14:00 (CET/CEST)","3097"
"France (FR)","29.11.2020 14:00 - 29.11.2020 15:00 (CET/CEST)","2943"
"France (FR)","29.11.2020 15:00 - 29.11.2020 16:00 (CET/CEST)","2840"
"France (FR)","29.11.2020 16:00 - 29.11.2020 17:00 (CET/CEST)","3256"
"France (FR)","29.11.2020 17:00 - 29.11.2020 18:00 (CET/CEST)","3548"
"France (FR)","29.11.2020 18:00 - 29.11.2020 19:00 (CET/CEST)","3524"
"France (FR)","29.11.2020 19:00 - 29.11.2020 20:00 (CET/CEST)","3593"
"France (FR)","29.11.2020 20:00 - 29.11.2020 21:00 (CET/CEST)","3376"
"France (FR)","29.11.2020 21:00 - 29.11.2020 22:00 (CET/CEST)","3097"
"France (FR)","29.11.2020 22:00 - 29.11.2020 23:00 (CET/CEST)","3090"
"France (FR)","29.11.2020 23:00 - 30.11.2020 00:00 (CET/CEST)","3047"
"France (FR)","30.11.2020 00:00 - 30.11.2020 01:00 (CET/CEST)","2837"
"France (FR)","30.11.2020 01:00 - 30.11.2020 02:00 (CET/CEST)","2623"
"France (FR)","30.11.2020 02:00 - 30.11.2020 03:00 (CET/CEST)","2485"
"France (FR)","30.11.2020 03:00 - 30.11.2020 04:00 (CET/CEST)","2374"
"France (FR)","30.11.2020 04:00 - 30.11.2020 05:00 (CET/CEST)","2399"
"France (FR)","30.11.2020 05:00 - 30.11.2020 06:00 (CET/CEST)","2495"
"France (FR)","30.11.2020 06:00 - 30.11.2020 07:00 (CET/CEST)","3034"
"France (FR)","30.11.2020 07:00 - 30.11.2020 08:00 (CET/CEST)","4094"
"France (FR)","30.11.2020 08:00 - 30.11.2020 09:00 (CET/CEST)","4685"
"France (FR)","30.11.2020 09:00 - 30.11.2020 10:00 (CET/CEST)","4782"
"France (FR)","30.11.2020 10:00 - 30.11.2020 11:00 (CET/CEST)","4837"
"France (FR)","30.11.2020 11:00 - 30.11.2020 12:00 (CET/CEST)","4569"
"France (FR)","30.11.2020 12:00 - 30.11.2020 13:00 (CET/CEST)","4515"
"France (FR)","30.11.2020 13:00 - 30.11.2020 14:00 (CET/CEST)","4334"
"France (FR)","30.11.2020 14:00 - 30.11.2020 15:00 (CET/CEST)","4089"
"France (FR)","30.11.2020 15:00 - 30.11.2020 16:00 (CET/CEST)","3675"
"France (FR)","30.11.2020 16:00 - 30.11.2020 17:00 (CET/CEST)","3679"
"France (FR)","30.11.2020 17:00 - 30.11.2020 18:00 (CET/CEST)","4024"
"France (FR)","30.11.2020 18:00 - 30.11.2020 19:00 (CET/CEST)","4618"
"France (FR)","30.11.2020 19:00 - 30.11.2020 20:00 (CET/CEST)","4623"
"France (FR)","30.11.2020 20:00 - 30.11.2020 21:00 (CET/CEST)","4081"
"France (FR)","30.11.2020 21:00 - 30.11.2020 22:00 (CET/CEST)","3620"
"France (FR)","30.11.2020 22:00 - 30.11.2020 23:00 (CET/CEST)","3147"
"France (FR)","30.11.2020 23:00 - 01.12.2020 00:00 (CET/CEST)","3012"
"France (FR)","01.12.2020 00:00 - 01.12.2020 01:00 (CET/CEST)","2921"
"France (FR)","01.12.2020 01:00 - 01.12.2020 02:00 (CET/CEST)","2727"
"France (FR)","01.12.2020 02:00 - 01.12.2020 03:00 (CET/CEST)","2582"
"France (FR)","01.12.2020 03:00 - 01.12.2020 04:00 (CET/CEST)","2418"
"France (FR)","01.12.2020 04:00 - 01.12.2020 05:00 (CET/CEST)","2385"
"France (FR)","01.12.2020 05:00 - 01.12.2020 06:00 (CET/CEST)","2426"
"France (FR)","01.12.2020 06:00 - 01.12.2020 07:00 (CET/CEST)","2794"
"France (FR)","01.12.2020 07:00 - 01.12.2020 08:00 (CET/CEST)","3573"
"France (FR)","01.12.2020 08:00 - 01.12.2020 09:00 (CET/CEST)","4229"
"France (FR)","01.12.2020 09:00 - 01.12.2020 10:00 (CET/CEST)","4525"
"France (FR)","01.12.2020 10:00 - 01.12.2020 11:00 (CET/CEST)","4510"
"France (FR)","01.12.2020 11:00 - 01.12.2020 12:00 (CET/CEST)","4414"
"France (FR)","01.12.2020 12:00 - 01.12.2020 13:00 (CET/CEST)","4385"
"France (FR)","01.12.2020 13:00 - 01.12.2020 14:00 (CET/CEST)","4349"
"France (FR)","01.12.2020 14:00 - 01.12.2020 15:00 (CET/CEST)","4228"
"France (FR)","01.12.2020 15:00 - 01.12.2020 16:00 (CET/CEST)","3950"
"France (FR)","01.12.2020 16:00 - 01.12.2020 17:00 (CET/CEST)","4061"
"France (FR)","01.12.2020 17:00 - 01.12.2020 18:00 (CET/CEST)","4676"
"France (FR)","01.12.2020 18:00 - 01.12.2020 19:00 (CET/CEST)","5161"
"France (FR)","01.12.2020 19:00 - 01.12.2020 20:00 (CET/CEST)","5124"
"France (FR)","01.12.2020 20:00 - 01.12.2020 21:00 (CET/CEST)","4311"
"France (FR)","01.12.2020 21:00 - 01.12.2020 22:00 (CET/CEST)","3732"
"France (FR)","01.12.2020 22:00 - 01.12.2020 23:00 (CET/CEST)","3203"
"France (FR)","01.12.2020 23:00 - 02.12.2020 00:00 (CET/CEST)","3095"
"France (FR)","02.12.2020 00:00 - 02.12.2020 01:00 (CET/CEST)","2974"
"France (FR)","02.12.2020 01:00 - 02.12.2020 02:00 (CET/CEST)","2921"
"France (FR)","02.12.2020 02:00 - 02.12.2020 03:00 (CET/CEST)","2883"
"France (FR)","02.12.2020 03:00 - 02.12.2020 04:00 (CET/CEST)","2910"
"France (FR)","02.12.2020 04:00 - 02.12.2020 05:00 (CET/CEST)","2790"
"France (FR)","02.12.2020 05:00 - 02.12.2020 06:00 (CET/CEST)","2894"
"France (FR)","02.12.2020 06:00 - 02.12.2020 07:00 (CET/CEST)","3631"
"France (FR)","02.12.2020 07:00 - 02.12.2020 08:00 (CET/CEST)","4680"
"France (FR)","02.12.2020 08:00 - 02.12.2020 09:00 (CET/CEST)","5061"
"France (FR)","02.12.2020 09:00 - 02.12.2020 10:00 (CET/CEST)","5466"
"France (FR)","02.12.2020 10:00 - 02.12.2020 11:00 (CET/CEST)","5579"
"France (FR)","02.12.2020 11:00 - 02.12.2020 12:00 (CET/CEST)","5520"
"France (FR)","02.12.2020 12:00 - 02.12.2020 13:00 (CET/CEST)","5463"
"France (FR)","02.12.2020 13:00 - 02.12.2020 14:00 (CET/CEST)","5388"
"France (FR)","02.12.2020 14:00 - 02.12.2020 15:00 (CET/CEST)","5027"
"France (FR)","02.12.2020 15:00 - 02.12.2020 16:00 (CET/CEST)","4838"
"France (FR)","02.12.2020 16:00 - 02.12.2020 17:00 (CET/CEST)","4920"
"France (FR)","02.12.2020 17:00 - 02.12.2020 18:00 (CET/CEST)","5041"
"France (FR)","02.12.2020 18:00 - 02.12.2020 19:00 (CET/CEST)","5562"
"France (FR)","02.12.2020 19:00 - 02.12.2020 20:00 (CET/CEST)","5352"
"France (FR)","02.12.2020 20:00 - 02.12.2020 21:00 (CET/CEST)","4773"
"France (FR)","02.12.2020 21:00 - 02.12.2020 22:00 (CET/CEST)","4168"
"France (FR)","02.12.2020 22:00 - 02.12.2020 23:00 (CET/CEST)","3667"
"France (FR)","02.12.2020 23:00 - 03.12.2020 00:00 (CET/CEST)","3304"
"France (FR)","03.12.2020 00:00 - 03.12.2020 01:00 (CET/CEST)","3143"
"France (FR)","03.12.2020 01:00 - 03.12.2020 02:00 (CET/CEST)","2981"
"France (FR)","03.12.2020 02:00 - 03.12.2020 03:00 (CET/CEST)","2897"
"France (FR)","03.12.2020 03:00 - 03.12.2020 04:00 (CET/CEST)","2839"
"France (FR)","03.12.2020 04:00 - 03.12.2020 05:00 (CET/CEST)","2795"
"France (FR)","03.12.2020 05:00 - 03.12.2020 06:00 (CET/CEST)","2847"
"France (FR)","03.12.2020 06:00 - 03.12.2020 07:00 (CET/CEST)","3384"
"France (FR)","03.12.2020 07:00 - 03.12.2020 08:00 (CET/CEST)","4176"
"France (FR)","03.12.2020 08:00 - 03.12.2020 09:00 (CET/CEST)","4827"
"France (FR)","03.12.2020 09:00 - 03.12.2020 10:00 (CET/CEST)","5036"
"France (FR)","03.12.2020 10:00 - 03.12.2020 11:00 (CET/CEST)","4961"
"France (FR)","03.12.2020 11:00 - 03.12.2020 12:00 (CET/CEST)","4636"
"France (FR)","03.12.2020 12:00 - 03.12.2020 13:00 (CET/CEST)","4556"
"France (FR)","03.12.2020 13:00 - 03.12.2020 14:00 (CET/CEST)","4289"
"France (FR)","03.12.2020 14:00 - 03.12.2020 15:00 (CET/CEST)","4201"
"France (FR)","03.12.2020 15:00 - 03.12.2020 16:00 (CET/CEST)","3998"
"France (FR)","03.12.2020 16:00 - 03.12.2020 17:00 (CET/CEST)","3771"
"France (FR)","03.12.2020 17:00 - 03.12.2020 18:00 (CET/CEST)","3737"
"France (FR)","03.12.2020 18:00 - 03.12.2020 19:00 (CET/CEST)","4338"
"France (FR)","03.12.2020 19:00 - 03.12.2020 20:00 (CET/CEST)","4326"
"France (FR)","03.12.2020 20:00 - 03.12.2020 21:00 (CET/CEST)","3542"
"France (FR)","03.12.2020 21:00 - 03.12.2020 22:00 (CET/CEST)","3090"
"France (FR)","03.12.2020 22:00 - 03.12.2020 23:00 (CET/CEST)","2805"
"France (FR)","03.12.2020 23:00 - 04.12.2020 00:00 (CET/CEST)","2524"
"France (FR)","04.12.2020 00:00 - 04.12.2020 01:00 (CET/CEST)","2452"
"France (FR)","04.12.2020 01:00 - 04.12.2020 02:00 (CET/CEST)","2456"
"France (FR)","04.12.2020 02:00 - 04.12.2020 03:00 (CET/CEST)","2431"
"France (FR)","04.12.2020 03:00 - 04.12.2020 04:00 (CET/CEST)","2406"
"France (FR)","04.12.2020 04:00 - 04.12.2020 05:00 (CET/CEST)","2350"
"France (FR)","04.12.2020 05:00 - 04.12.2020 06:00 (CET/CEST)","2327"
"France (FR)","04.12.2020 06:00 - 04.12.2020 07:00 (CET/CEST)","2721"
"France (FR)","04.12.2020 07:00 - 04.12.2020 08:00 (CET/CEST)","3716"
"France (FR)","04.12.2020 08:00 - 04.12.2020 09:00 (CET/CEST)","4232"
"France (FR)","04.12.2020 09:00 - 04.12.2020 10:00 (CET/CEST)","4725"
"France (FR)","04.12.2020 10:00 - 04.12.2020 11:00 (CET/CEST)","4853"
"France (FR)","04.12.2020 11:00 - 04.12.2020 12:00 (CET/CEST)","4625"
"France (FR)","04.12.2020 12:00 - 04.12.2020 13:00 (CET/CEST)","4419"
"France (FR)","04.12.2020 13:00 - 04.12.2020 14:00 (CET/CEST)","4466"
"France (FR)","04.12.2020 14:00 - 04.12.2020 15:00 (CET/CEST)","4356"
"France (FR)","04.12.2020 15:00 - 04.12.2020 16:00 (CET/CEST)","4244"
"France (FR)","04.12.2020 16:00 - 04.12.2020 17:00 (CET/CEST)","4519"
"France (FR)","04.12.2020 17:00 - 04.12.2020 18:00 (CET/CEST)","4725"
"France (FR)","04.12.2020 18:00 - 04.12.2020 19:00 (CET/CEST)","5253"
"France (FR)","04.12.2020 19:00 - 04.12.2020 20:00 (CET/CEST)","5212"
"France (FR)","04.12.2020 20:00 - 04.12.2020 21:00 (CET/CEST)","4596"
"France (FR)","04.12.2020 21:00 - 04.12.2020 22:00 (CET/CEST)","4054"
"France (FR)","04.12.2020 22:00 - 04.12.2020 23:00 (CET/CEST)","3782"
"France (FR)","04.12.2020 23:00 - 05.12.2020 00:00 (CET/CEST)","3590"
"France (FR)","05.12.2020 00:00 - 05.12.2020 01:00 (CET/CEST)","3272"
"France (FR)","05.12.2020 01:00 - 05.12.2020 02:00 (CET/CEST)","3021"
"France (FR)","05.12.2020 02:00 - 05.12.2020 03:00 (CET/CEST)","3017"
"France (FR)","05.12.2020 03:00 - 05.12.2020 04:00 (CET/CEST)","2961"
"France (FR)","05.12.2020 04:00 - 05.12.2020 05:00 (CET/CEST)","2945"
"France (FR)","05.12.2020 05:00 - 05.12.2020 06:00 (CET/CEST)","2836"
"France (FR)","05.12.2020 06:00 - 05.12.2020 07:00 (CET/CEST)","3063"
"France (FR)","05.12.2020 07:00 - 05.12.2020 08:00 (CET/CEST)","3257"
"France (FR)","05.12.2020 08:00 - 05.12.2020 09:00 (CET/CEST)","3499"
"France (FR)","05.12.2020 09:00 - 05.12.2020 10:00 (CET/CEST)","3901"
"France (FR)","05.12.2020 10:00 - 05.12.2020 11:00 (CET/CEST)","4007"
"France (FR)","05.12.2020 11:00 - 05.12.2020 12:00 (CET/CEST)","4026"
"France (FR)","05.12.2020 12:00 - 05.12.2020 13:00 (CET/CEST)","4033"
"France (FR)","05.12.2020 13:00 - 05.12.2020 14:00 (CET/CEST)","3946"
"France (FR)","05.12.2020 14:00 - 05.12.2020 15:00 (CET/CEST)","3918"
"France (FR)","05.12.2020 15:00 - 05.12.2020 16:00 (CET/CEST)","3851"
"France (FR)","05.12.2020 16:00 - 05.12.2020 17:00 (CET/CEST)","4016"
"France (FR)","05.12.2020 17:00 - 05.12.2020 18:00 (CET/CEST)","4257"
"France (FR)","05.12.2020 18:00 - 05.12.2020 19:00 (CET/CEST)","4450"
"France (FR)","05.12.2020 19:00 - 05.12.2020 20:00 (CET/CEST)","4360"
"France (FR)","05.12.2020 20:00 - 05.12.2020 21:00 (CET/CEST)","3881"
"France (FR)","05.12.2020 21:00 - 05.12.2020 22:00 (CET/CEST)","3555"
"France (FR)","05.12.2020 22:00 - 05.12.2020 23:00 (CET/CEST)","3374"
"France (FR)","05.12.2020 23:00 - 06.12.2020 00:00 (CET/CEST)","3168"
"France (FR)","06.12.2020 00:00 - 06.12.2020 01:00 (CET/CEST)","2900"
"France (FR)","06.12.2020 01:00 - 06.12.2020 02:00 (CET/CEST)","2613"
"France (FR)","06.12.2020 02:00 - 06.12.2020 03:00 (CET/CEST)","2666"
"France (FR)","06.12.2020 03:00 - 06.12.2020 04:00 (CET/CEST)","2685"
"France (FR)","06.12.2020 04:00 - 06.12.2020 05:00 (CET/CEST)","2584"
"France (FR)","06.12.2020 05:00 - 06.12.2020 06:00 (CET/CEST)","2512"
"France (FR)","06.12.2020 06:00 - 06.12.2020 07:00 (CET/CEST)","2494"
"France (FR)","06.12.2020 07:00 - 06.12.2020 08:00 (CET/CEST)","2676"
"France (FR)","06.12.2020 08:00 - 06.12.2020 09:00 (CET/CEST)","2841"
"France (FR)","06.12.2020 09:00 - 06.12.2020 10:00 (CET/CEST)","3140"
"France (FR)","06.12.2020 10:00 - 06.12.2020 11:00 (CET/CEST)","3415"
"France (FR)","06.12.2020 11:00 - 06.12.2020 12:00 (CET/CEST)","3457"
"France (FR)","06.12.2020 12:00 - 06.12.2020 13:00 (CET/CEST)","3182"
"France (FR)","06.12.2020 13:00 - 06.12.2020 14:00 (CET/CEST)","3007"
"France (FR)","06.12.2020 14:00 - 06.12.2020 15:00 (CET/CEST)","3069"
"France (FR)","06.12.2020 15:00 - 06.12.2020 16:00 (CET/CEST)","3139"
"France (FR)","06.12.2020 16:00 - 06.12.2020 17:00 (CET/CEST)","3218"
"France (FR)","06.12.2020 17:00 - 06.12.2020 18:00 (CET/CEST)","3607"
"France (FR)","06.12.2020 18:00 - 06.12.2020 19:00 (CET/CEST)","3859"
"France (FR)","06.12.2020 19:00 - 06.12.2020 20:00 (CET/CEST)","3972"
"France (FR)","06.12.2020 20:00 - 06.12.2020 21:00 (CET/CEST)","3483"
"France (FR)","06.12.2020 21:00 - 06.12.2020 22:00 (CET/CEST)","3119"
"France (FR)","06.12.2020 22:00 - 06.12.2020 23:00 (CET/CEST)","2818"
"France (FR)","06.12.2020 23:00 - 07.12.2020 00:00 (CET/CEST)","2578"
"France (FR)","07.12.2020 00:00 - 07.12.2020 01:00 (CET/CEST)","2486"
"France (FR)","07.12.2020 01:00 - 07.12.2020 02:00 (CET/CEST)","2399"
"France (FR)","07.12.2020 02:00 - 07.12.2020 03:00 (CET/CEST)","2428"
"France (FR)","07.12.2020 03:00 - 07.12.2020 04:00 (CET/CEST)","2567"
"France (FR)","07.12.2020 04:00 - 07.12.2020 05:00 (CET/CEST)","2646"
"France (FR)","07.12.2020 05:00 - 07.12.2020 06:00 (CET/CEST)","2767"
"France (FR)","07.12.2020 06:00 - 07.12.2020 07:00 (CET/CEST)","3186"
"France (FR)","07.12.2020 07:00 - 07.12.2020 08:00 (CET/CEST)","3991"
"France (FR)","07.12.2020 08:00 - 07.12.2020 09:00 (CET/CEST)","4545"
"France (FR)","07.12.2020 09:00 - 07.12.2020 10:00 (CET/CEST)","5062"
"France (FR)","07.12.2020 10:00 - 07.12.2020 11:00 (CET/CEST)","5242"
"France (FR)","07.12.2020 11:00 - 07.12.2020 12:00 (CET/CEST)","5228"
"France (FR)","07.12.2020 12:00 - 07.12.2020 13:00 (CET/CEST)","4980"
"France (FR)","07.12.2020 13:00 - 07.12.2020 14:00 (CET/CEST)","4731"
"France (FR)","07.12.2020 14:00 - 07.12.2020 15:00 (CET/CEST)","4574"
"France (FR)","07.12.2020 15:00 - 07.12.2020 16:00 (CET/CEST)","4598"
"France (FR)","07.12.2020 16:00 - 07.12.2020 17:00 (CET/CEST)","4724"
"France (FR)","07.12.2020 17:00 - 07.12.2020 18:00 (CET/CEST)","5136"
"France (FR)","07.12.2020 18:00 - 07.12.2020 19:00 (CET/CEST)","5804"
"France (FR)","07.12.2020 19:00 - 07.12.2020 20:00 (CET/CEST)","5748"
"France (FR)","07.12.2020 20:00 - 07.12.2020 21:00 (CET/CEST)","5258"
"France (FR)","07.12.2020 21:00 - 07.12.2020 22:00 (CET/CEST)","4336"
"France (FR)","07.12.2020 22:00 - 07.12.2020 23:00 (CET/CEST)","3872"
"France (FR)","07.12.2020 23:00 - 08.12.2020 00:00 (CET/CEST)","3521"
"France (FR)","08.12.2020 00:00 - 08.12.2020 01:00 (CET/CEST)","3243"
"France (FR)","08.12.2020 01:00 - 08.12.2020 02:00 (CET/CEST)","2982"
"France (FR)","08.12.2020 02:00 - 08.12.2020 03:00 (CET/CEST)","2834"
"France (FR)","08.12.2020 03:00 - 08.12.2020 04:00 (CET/CEST)","2730"
"France (FR)","08.12.2020 04:00 - 08.12.2020 05:00 (CET/CEST)","2870"
"France (FR)","08.12.2020 05:00 - 08.12.2020 06:00 (CET/CEST)","3156"
"France (FR)","08.12.2020 06:00 - 08.12.2020 07:00 (CET/CEST)","3654"
"France (FR)","08.12.2020 07:00 - 08.12.2020 08:00 (CET/CEST)","4400"
"France (FR)","08.12.2020 08:00 - 08.12.2020 09:00 (CET/CEST)","5237"
"France (FR)","08.12.2020 09:00 - 08.12.2020 10:00 (CET/CEST)","5437"
"France (FR)","08.12.2020 10:00 - 08.12.2020 11:00 (CET/CEST)","5381"
"France (FR)","08.12.2020 11:00 - 08.12.2020 12:00 (CET/CEST)","5166"
"France (FR)","08.12.2020 12:00 - 08.12.2020 13:00 (CET/CEST)","5106"
"France (FR)","08.12.2020 13:00 - 08.12.2020 14:00 (CET/CEST)","5004"
"France (FR)","08.12.2020 14:00 - 08.12.2020 15:00 (CET/CEST)","4903"
"France (FR)","08.12.2020 15:00 - 08.12.2020 16:00 (CET/CEST)","4557"
"France (FR)","08.12.2020 16:00 - 08.12.2020 17:00 (CET/CEST)","4796"
"France (FR)","08.12.2020 17:00 - 08.12.2020 18:00 (CET/CEST)","5591"
"France (FR)","08.12.2020 18:00 - 08.12.2020 19:00 (CET/CEST)","6270"
"France (FR)","08.12.2020 19:00 - 08.12.2020 20:00 (CET/CEST)","5920"
"France (FR)","08.12.2020 20:00 - 08.12.2020 21:00 (CET/CEST)","5051"
"France (FR)","08.12.2020 21:00 - 08.12.2020 22:00 (CET/CEST)","4337"
"France (FR)","08.12.2020 22:00 - 08.12.2020 23:00 (CET/CEST)","3908"
"France (FR)","08.12.2020 23:00 - 09.12.2020 00:00 (CET/CEST)","3509"
"France (FR)","09.12.2020 00:00 - 09.12.2020 01:00 (CET/CEST)","3202"
"France (FR)","09.12.2020 01:00 - 09.12.2020 02:00 (CET/CEST)","2925"
"France (FR)","09.12.2020 02:00 - 09.12.2020 03:00 (CET/CEST)","2886"
"France (FR)","09.12.2020 03:00 - 09.12.2020 04:00 (CET/CEST)","2839"
"France (FR)","09.12.2020 04:00 - 09.12.2020 05:00 (CET/CEST)","2891"
"France (FR)","09.12.2020 05:00 - 09.12.2020 06:00 (CET/CEST)","3217"
"France (FR)","09.12.2020 06:00 - 09.12.2020 07:00 (CET/CEST)","3939"
"France (FR)","09.12.2020 07:00 - 09.12.2020 08:00 (CET/CEST)","4816"
"France (FR)","09.12.2020 08:00 - 09.12.2020 09:00 (CET/CEST)","5402"
"France (FR)","09.12.2020 09:00 - 09.12.2020 10:00 (CET/CEST)","5691"
"France (FR)","09.12.2020 10:00 - 09.12.2020 11:00 (CET/CEST)","5873"
"France (FR)","09.12.2020 11:00 - 09.12.2020 12:00 (CET/CEST)","5841"
"France (FR)","09.12.2020 12:00 - 09.12.2020 13:00 (CET/CEST)","5704"
"France (FR)","09.12.2020 13:00 - 09.12.2020 14:00 (CET/CEST)","5562"
"France (FR)","09.12.2020 14:00 - 09.12.2020 15:00 (CET/CEST)","5408"
"France (FR)","09.12.2020 15:00 - 09.12.2020 16:00 (CET/CEST)","5179"
"France (FR)","09.12.2020 16:00 - 09.12.2020 17:00 (CET/CEST)","5279"
"France (FR)","09.12.2020 17:00 - 09.12.2020 18:00 (CET/CEST)","5434"
"France (FR)","09.12.2020 18:00 - 09.12.2020 19:00 (CET/CEST)","6014"
"France (FR)","09.12.2020 19:00 - 09.12.2020 20:00 (CET/CEST)","5906"
"France (FR)","09.12.2020 20:00 - 09.12.2020 21:00 (CET/CEST)","5085"
"France (FR)","09.12.2020 21:00 - 09.12.2020 22:00 (CET/CEST)","4350"
"France (FR)","09.12.2020 22:00 - 09.12.2020 23:00 (CET/CEST)","3989"
"France (FR)","09.12.2020 23:00 - 10.12.2020 00:00 (CET/CEST)","3717"
"France (FR)","10.12.2020 00:00 - 10.12.2020 01:00 (CET/CEST)","3375"
"France (FR)","10.12.2020 01:00 - 10.12.2020 02:00 (CET/CEST)","3230"
"France (FR)","10.12.2020 02:00 - 10.12.2020 03:00 (CET/CEST)","3165"
"France (FR)","10.12.2020 03:00 - 10.12.2020 04:00 (CET/CEST)","3264"
"France (FR)","10.12.2020 04:00 - 10.12.2020 05:00 (CET/CEST)","3169"
"France (FR)","10.12.2020 05:00 - 10.12.2020 06:00 (CET/CEST)","3464"
"France (FR)","10.12.2020 06:00 - 10.12.2020 07:00 (CET/CEST)","4013"
"France (FR)","10.12.2020 07:00 - 10.12.2020 08:00 (CET/CEST)","4848"
"France (FR)","10.12.2020 08:00 - 10.12.2020 09:00 (CET/CEST)","5543"
"France (FR)","10.12.2020 09:00 - 10.12.2020 10:00 (CET/CEST)","6013"
"France (FR)","10.12.2020 10:00 - 10.12.2020 11:00 (CET/CEST)","6043"
"France (FR)","10.12.2020 11:00 - 10.12.2020 12:00 (CET/CEST)","5755"
"France (FR)","10.12.2020 12:00 - 10.12.2020 13:00 (CET/CEST)","5740"
"France (FR)","10.12.2020 13:00 - 10.12.2020 14:00 (CET/CEST)","5691"
"France (FR)","10.12.2020 14:00 - 10.12.2020 15:00 (CET/CEST)","5650"
"France (FR)","10.12.2020 15:00 - 10.12.2020 16:00 (CET/CEST)","5544"
"France (FR)","10.12.2020 16:00 - 10.12.2020 17:00 (CET/CEST)","5583"
"France (FR)","10.12.2020 17:00 - 10.12.2020 18:00 (CET/CEST)","5832"
"France (FR)","10.12.2020 18:00 - 10.12.2020 19:00 (CET/CEST)","6279"
"France (FR)","10.12.2020 19:00 - 10.12.2020 20:00 (CET/CEST)","6252"
"France (FR)","10.12.2020 20:00 - 10.12.2020 21:00 (CET/CEST)","5373"
"France (FR)","10.12.2020 21:00 - 10.12.2020 22:00 (CET/CEST)","4814"
"France (FR)","10.12.2020 22:00 - 10.12.2020 23:00 (CET/CEST)","4545"
"France (FR)","10.12.2020 23:00 - 11.12.2020 00:00 (CET/CEST)","4381"
"France (FR)","11.12.2020 00:00 - 11.12.2020 01:00 (CET/CEST)","3827"
"France (FR)","11.12.2020 01:00 - 11.12.2020 02:00 (CET/CEST)","3529"
"France (FR)","11.12.2020 02:00 - 11.12.2020 03:00 (CET/CEST)","3265"
"France (FR)","11.12.2020 03:00 - 11.12.2020 04:00 (CET/CEST)","3126"
"France (FR)","11.12.2020 04:00 - 11.12.2020 05:00 (CET/CEST)","3141"
"France (FR)","11.12.2020 05:00 - 11.12.2020 06:00 (CET/CEST)","3451"
"France (FR)","11.12.2020 06:00 - 11.12.2020 07:00 (CET/CEST)","3873"
"France (FR)","11.12.2020 07:00 - 11.12.2020 08:00 (CET/CEST)","4622"
"France (FR)","11.12.2020 08:00 - 11.12.2020 09:00 (CET/CEST)","5453"
"France (FR)","11.12.2020 09:00 - 11.12.2020 10:00 (CET/CEST)","5319"
"France (FR)","11.12.2020 10:00 - 11.12.2020 11:00 (CET/CEST)","5366"
"France (FR)","11.12.2020 11:00 - 11.12.2020 12:00 (CET/CEST)","5344"
"France (FR)","11.12.2020 12:00 - 11.12.2020 13:00 (CET/CEST)","5168"
"France (FR)","11.12.2020 13:00 - 11.12.2020 14:00 (CET/CEST)","5011"
"France (FR)","11.12.2020 14:00 - 11.12.2020 15:00 (CET/CEST)","4808"
"France (FR)","11.12.2020 15:00 - 11.12.2020 16:00 (CET/CEST)","4607"
"France (FR)","11.12.2020 16:00 - 11.12.2020 17:00 (CET/CEST)","4513"
"France (FR)","11.12.2020 17:00 - 11.12.2020 18:00 (CET/CEST)","4904"
"France (FR)","11.12.2020 18:00 - 11.12.2020 19:00 (CET/CEST)","5577"
"France (FR)","11.12.2020 19:00 - 11.12.2020 20:00 (CET/CEST)","5358"
"France (FR)","11.12.2020 20:00 - 11.12.2020 21:00 (CET/CEST)","4918"
"France (FR)","11.12.2020 21:00 - 11.12.2020 22:00 (CET/CEST)","4577"
"France (FR)","11.12.2020 22:00 - 11.12.2020 23:00 (CET/CEST)","4244"
"France (FR)","11.12.2020 23:00 - 12.12.2020 00:00 (CET/CEST)","4004"
"France (FR)","12.12.2020 00:00 - 12.12.2020 01:00 (CET/CEST)","3624"
"France (FR)","12.12.2020 01:00 - 12.12.2020 02:00 (CET/CEST)","3342"
"France (FR)","12.12.2020 02:00 - 12.12.2020 03:00 (CET/CEST)","3212"
"France (FR)","12.12.2020 03:00 - 12.12.2020 04:00 (CET/CEST)","3166"
"France (FR)","12.12.2020 04:00 - 12.12.2020 05:00 (CET/CEST)","3162"
"France (FR)","12.12.2020 05:00 - 12.12.2020 06:00 (CET/CEST)","3342"
"France (FR)","12.12.2020 06:00 - 12.12.2020 07:00 (CET/CEST)","3691"
"France (FR)","12.12.2020 07:00 - 12.12.2020 08:00 (CET/CEST)","3808"
"France (FR)","12.12.2020 08:00 - 12.12.2020 09:00 (CET/CEST)","4192"
"France (FR)","12.12.2020 09:00 - 12.12.2020 10:00 (CET/CEST)","4718"
"France (FR)","12.12.2020 10:00 - 12.12.2020 11:00 (CET/CEST)","4796"
"France (FR)","12.12.2020 11:00 - 12.12.2020 12:00 (CET/CEST)","4774"
"France (FR)","12.12.2020 12:00 - 12.12.2020 13:00 (CET/CEST)","4642"
"France (FR)","12.12.2020 13:00 - 12.12.2020 14:00 (CET/CEST)","4428"
"France (FR)","12.12.2020 14:00 - 12.12.2020 15:00 (CET/CEST)","4208"
"France (FR)","12.12.2020 15:00 - 12.12.2020 16:00 (CET/CEST)","4288"
"France (FR)","12.12.2020 16:00 - 12.12.2020 17:00 (CET/CEST)","4581"
"France (FR)","12.12.2020 17:00 - 12.12.2020 18:00 (CET/CEST)","5072"
"France (FR)","12.12.2020 18:00 - 12.12.2020 19:00 (CET/CEST)","5418"
"France (FR)","12.12.2020 19:00 - 12.12.2020 20:00 (CET/CEST)","5313"
"France (FR)","12.12.2020 20:00 - 12.12.2020 21:00 (CET/CEST)","5158"
"France (FR)","12.12.2020 21:00 - 12.12.2020 22:00 (CET/CEST)","5002"
"France (FR)","12.12.2020 22:00 - 12.12.2020 23:00 (CET/CEST)","4867"
"France (FR)","12.12.2020 23:00 - 13.12.2020 00:00 (CET/CEST)","4836"
"France (FR)","13.12.2020 00:00 - 13.12.2020 01:00 (CET/CEST)","4676"
"France (FR)","13.12.2020 01:00 - 13.12.2020 02:00 (CET/CEST)","4481"
"France (FR)","13.12.2020 02:00 - 13.12.2020 03:00 (CET/CEST)","4329"
"France (FR)","13.12.2020 03:00 - 13.12.2020 04:00 (CET/CEST)","4268"
"France (FR)","13.12.2020 04:00 - 13.12.2020 05:00 (CET/CEST)","4235"
"France (FR)","13.12.2020 05:00 - 13.12.2020 06:00 (CET/CEST)","4244"
"France (FR)","13.12.2020 06:00 - 13.12.2020 07:00 (CET/CEST)","4299"
"France (FR)","13.12.2020 07:00 - 13.12.2020 08:00 (CET/CEST)","4415"
"France (FR)","13.12.2020 08:00 - 13.12.2020 09:00 (CET/CEST)","4747"
"France (FR)","13.12.2020 09:00 - 13.12.2020 10:00 (CET/CEST)","5000"
"France (FR)","13.12.2020 10:00 - 13.12.2020 11:00 (CET/CEST)","5248"
"France (FR)","13.12.2020 11:00 - 13.12.2020 12:00 (CET/CEST)","5492"
"France (FR)","13.12.2020 12:00 - 13.12.2020 13:00 (CET/CEST)","5495"
"France (FR)","13.12.2020 13:00 - 13.12.2020 14:00 (CET/CEST)","5331"
"France (FR)","13.12.2020 14:00 - 13.12.2020 15:00 (CET/CEST)","5180"
"France (FR)","13.12.2020 15:00 - 13.12.2020 16:00 (CET/CEST)","5237"
"France (FR)","13.12.2020 16:00 - 13.12.2020 17:00 (CET/CEST)","5191"
"France (FR)","13.12.2020 17:00 - 13.12.2020 18:00 (CET/CEST)","5395"
"France (FR)","13.12.2020 18:00 - 13.12.2020 19:00 (CET/CEST)","5489"
"France (FR)","13.12.2020 19:00 - 13.12.2020 20:00 (CET/CEST)","5470"
"France (FR)","13.12.2020 20:00 - 13.12.2020 21:00 (CET/CEST)","5224"
"France (FR)","13.12.2020 21:00 - 13.12.2020 22:00 (CET/CEST)","5173"
"France (FR)","13.12.2020 22:00 - 13.12.2020 23:00 (CET/CEST)","5088"
"France (FR)","13.12.2020 23:00 - 14.12.2020 00:00 (CET/CEST)","5061"
"France (FR)","14.12.2020 00:00 - 14.12.2020 01:00 (CET/CEST)","4960"
"France (FR)","14.12.2020 01:00 - 14.12.2020 02:00 (CET/CEST)","4817"
"France (FR)","14.12.2020 02:00 - 14.12.2020 03:00 (CET/CEST)","4611"
"France (FR)","14.12.2020 03:00 - 14.12.2020 04:00 (CET/CEST)","4387"
"France (FR)","14.12.2020 04:00 - 14.12.2020 05:00 (CET/CEST)","4484"
"France (FR)","14.12.2020 05:00 - 14.12.2020 06:00 (CET/CEST)","4619"
"France (FR)","14.12.2020 06:00 - 14.12.2020 07:00 (CET/CEST)","4944"
"France (FR)","14.12.2020 07:00 - 14.12.2020 08:00 (CET/CEST)","5274"
"France (FR)","14.12.2020 08:00 - 14.12.2020 09:00 (CET/CEST)","5522"
"France (FR)","14.12.2020 09:00 - 14.12.2020 10:00 (CET/CEST)","5771"
"France (FR)","14.12.2020 10:00 - 14.12.2020 11:00 (CET/CEST)","5811"
"France (FR)","14.12.2020 11:00 - 14.12.2020 12:00 (CET/CEST)","5871"
"France (FR)","14.12.2020 12:00 - 14.12.2020 13:00 (CET/CEST)","5916"
"France (FR)","14.12.2020 13:00 - 14.12.2020 14:00 (CET/CEST)","5915"
"France (FR)","14.12.2020 14:00 - 14.12.2020 15:00 (CET/CEST)","5694"
"France (FR)","14.12.2020 15:00 - 14.12.2020 16:00 (CET/CEST)","5538"
"France (FR)","14.12.2020 16:00 - 14.12.2020 17:00 (CET/CEST)","5704"
"France (FR)","14.12.2020 17:00 - 14.12.2020 18:00 (CET/CEST)","6114"
"France (FR)","14.12.2020 18:00 - 14.12.2020 19:00 (CET/CEST)","6200"
"France (FR)","14.12.2020 19:00 - 14.12.2020 20:00 (CET/CEST)","6199"
"France (FR)","14.12.2020 20:00 - 14.12.2020 21:00 (CET/CEST)","5929"
"France (FR)","14.12.2020 21:00 - 14.12.2020 22:00 (CET/CEST)","5499"
"France (FR)","14.12.2020 22:00 - 14.12.2020 23:00 (CET/CEST)","5470"
"France (FR)","14.12.2020 23:00 - 15.12.2020 00:00 (CET/CEST)","5394"
"France (FR)","15.12.2020 00:00 - 15.12.2020 01:00 (CET/CEST)","5150"
"France (FR)","15.12.2020 01:00 - 15.12.2020 02:00 (CET/CEST)","4970"
"France (FR)","15.12.2020 02:00 - 15.12.2020 03:00 (CET/CEST)","4864"
"France (FR)","15.12.2020 03:00 - 15.12.2020 04:00 (CET/CEST)","4688"
"France (FR)","15.12.2020 04:00 - 15.12.2020 05:00 (CET/CEST)","4633"
"France (FR)","15.12.2020 05:00 - 15.12.2020 06:00 (CET/CEST)","4791"
"France (FR)","15.12.2020 06:00 - 15.12.2020 07:00 (CET/CEST)","5333"
"France (FR)","15.12.2020 07:00 - 15.12.2020 08:00 (CET/CEST)","5639"
"France (FR)","15.12.2020 08:00 - 15.12.2020 09:00 (CET/CEST)","5753"
"France (FR)","15.12.2020 09:00 - 15.12.2020 10:00 (CET/CEST)","5872"
"France (FR)","15.12.2020 10:00 - 15.12.2020 11:00 (CET/CEST)","5889"
"France (FR)","15.12.2020 11:00 - 15.12.2020 12:00 (CET/CEST)","5978"
"France (FR)","15.12.2020 12:00 - 15.12.2020 13:00 (CET/CEST)","5973"
"France (FR)","15.12.2020 13:00 - 15.12.2020 14:00 (CET/CEST)","6091"
"France (FR)","15.12.2020 14:00 - 15.12.2020 15:00 (CET/CEST)","6031"
"France (FR)","15.12.2020 15:00 - 15.12.2020 16:00 (CET/CEST)","5683"
"France (FR)","15.12.2020 16:00 - 15.12.2020 17:00 (CET/CEST)","6084"
"France (FR)","15.12.2020 17:00 - 15.12.2020 18:00 (CET/CEST)","6390"
"France (FR)","15.12.2020 18:00 - 15.12.2020 19:00 (CET/CEST)","6508"
"France (FR)","15.12.2020 19:00 - 15.12.2020 20:00 (CET/CEST)","6458"
"France (FR)","15.12.2020 20:00 - 15.12.2020 21:00 (CET/CEST)","6141"
"France (FR)","15.12.2020 21:00 - 15.12.2020 22:00 (CET/CEST)","5794"
"France (FR)","15.12.2020 22:00 - 15.12.2020 23:00 (CET/CEST)","5731"
"France (FR)","15.12.2020 23:00 - 16.12.2020 00:00 (CET/CEST)","5758"
"France (FR)","16.12.2020 00:00 - 16.12.2020 01:00 (CET/CEST)","5420"
"France (FR)","16.12.2020 01:00 - 16.12.2020 02:00 (CET/CEST)","5379"
"France (FR)","16.12.2020 02:00 - 16.12.2020 03:00 (CET/CEST)","5360"
"France (FR)","16.12.2020 03:00 - 16.12.2020 04:00 (CET/CEST)","5277"
"France (FR)","16.12.2020 04:00 - 16.12.2020 05:00 (CET/CEST)","5132"
"France (FR)","16.12.2020 05:00 - 16.12.2020 06:00 (CET/CEST)","5214"
"France (FR)","16.12.2020 06:00 - 16.12.2020 07:00 (CET/CEST)","5659"
"France (FR)","16.12.2020 07:00 - 16.12.2020 08:00 (CET/CEST)","6191"
"France (FR)","16.12.2020 08:00 - 16.12.2020 09:00 (CET/CEST)","6358"
"France (FR)","16.12.2020 09:00 - 16.12.2020 10:00 (CET/CEST)","6476"
"France (FR)","16.12.2020 10:00 - 16.12.2020 11:00 (CET/CEST)","6449"
"France (FR)","16.12.2020 11:00 - 16.12.2020 12:00 (CET/CEST)","6358"
"France (FR)","16.12.2020 12:00 - 16.12.2020 13:00 (CET/CEST)","6383"
"France (FR)","16.12.2020 13:00 - 16.12.2020 14:00 (CET/CEST)","6316"
"France (FR)","16.12.2020 14:00 - 16.12.2020 15:00 (CET/CEST)","6159"
"France (FR)","16.12.2020 15:00 - 16.12.2020 16:00 (CET/CEST)","6045"
"France (FR)","16.12.2020 16:00 - 16.12.2020 17:00 (CET/CEST)","6102"
"France (FR)","16.12.2020 17:00 - 16.12.2020 18:00 (CET/CEST)","6097"
"France (FR)","16.12.2020 18:00 - 16.12.2020 19:00 (CET/CEST)","6317"
"France (FR)","16.12.2020 19:00 - 16.12.2020 20:00 (CET/CEST)","6543"
"France (FR)","16.12.2020 20:00 - 16.12.2020 21:00 (CET/CEST)","6183"
"France (FR)","16.12.2020 21:00 - 16.12.2020 22:00 (CET/CEST)","5867"
"France (FR)","16.12.2020 22:00 - 16.12.2020 23:00 (CET/CEST)","5806"
"France (FR)","16.12.2020 23:00 - 17.12.2020 00:00 (CET/CEST)","5855"
"France (FR)","17.12.2020 00:00 - 17.12.2020 01:00 (CET/CEST)","5660"
"France (FR)","17.12.2020 01:00 - 17.12.2020 02:00 (CET/CEST)","5546"
"France (FR)","17.12.2020 02:00 - 17.12.2020 03:00 (CET/CEST)","5420"
"France (FR)","17.12.2020 03:00 - 17.12.2020 04:00 (CET/CEST)","5479"
"France (FR)","17.12.2020 04:00 - 17.12.2020 05:00 (CET/CEST)","5266"
"France (FR)","17.12.2020 05:00 - 17.12.2020 06:00 (CET/CEST)","5137"
"France (FR)","17.12.2020 06:00 - 17.12.2020 07:00 (CET/CEST)","5557"
"France (FR)","17.12.2020 07:00 - 17.12.2020 08:00 (CET/CEST)","6182"
"France (FR)","17.12.2020 08:00 - 17.12.2020 09:00 (CET/CEST)","6273"
"France (FR)","17.12.2020 09:00 - 17.12.2020 10:00 (CET/CEST)","6432"
"France (FR)","17.12.2020 10:00 - 17.12.2020 11:00 (CET/CEST)","6498"
"France (FR)","17.12.2020 11:00 - 17.12.2020 12:00 (CET/CEST)","6462"
"France (FR)","17.12.2020 12:00 - 17.12.2020 13:00 (CET/CEST)","6534"
"France (FR)","17.12.2020 13:00 - 17.12.2020 14:00 (CET/CEST)","6480"
"France (FR)","17.12.2020 14:00 - 17.12.2020 15:00 (CET/CEST)","6180"
"France (FR)","17.12.2020 15:00 - 17.12.2020 16:00 (CET/CEST)","6117"
"France (FR)","17.12.2020 16:00 - 17.12.2020 17:00 (CET/CEST)","6181"
"France (FR)","17.12.2020 17:00 - 17.12.2020 18:00 (CET/CEST)","6366"
"France (FR)","17.12.2020 18:00 - 17.12.2020 19:00 (CET/CEST)","6579"
"France (FR)","17.12.2020 19:00 - 17.12.2020 20:00 (CET/CEST)","6706"
"France (FR)","17.12.2020 20:00 - 17.12.2020 21:00 (CET/CEST)","6185"
"France (FR)","17.12.2020 21:00 - 17.12.2020 22:00 (CET/CEST)","5929"
"France (FR)","17.12.2020 22:00 - 17.12.2020 23:00 (CET/CEST)","5753"
"France (FR)","17.12.2020 23:00 - 18.12.2020 00:00 (CET/CEST)","5475"
"France (FR)","18.12.2020 00:00 - 18.12.2020 01:00 (CET/CEST)","5386"
"France (FR)","18.12.2020 01:00 - 18.12.2020 02:00 (CET/CEST)","5296"
"France (FR)","18.12.2020 02:00 - 18.12.2020 03:00 (CET/CEST)","5165"
"France (FR)","18.12.2020 03:00 - 18.12.2020 04:00 (CET/CEST)","5156"
"France (FR)","18.12.2020 04:00 - 18.12.2020 05:00 (CET/CEST)","5016"
"France (FR)","18.12.2020 05:00 - 18.12.2020 06:00 (CET/CEST)","5068"
"France (FR)","18.12.2020 06:00 - 18.12.2020 07:00 (CET/CEST)","5267"
"France (FR)","18.12.2020 07:00 - 18.12.2020 08:00 (CET/CEST)","5696"
"France (FR)","18.12.2020 08:00 - 18.12.2020 09:00 (CET/CEST)","6010"
"France (FR)","18.12.2020 09:00 - 18.12.2020 10:00 (CET/CEST)","6169"
"France (FR)","18.12.2020 10:00 - 18.12.2020 11:00 (CET/CEST)","6171"
"France (FR)","18.12.2020 11:00 - 18.12.2020 12:00 (CET/CEST)","6037"
"France (FR)","18.12.2020 12:00 - 18.12.2020 13:00 (CET/CEST)","5681"
"France (FR)","18.12.2020 13:00 - 18.12.2020 14:00 (CET/CEST)","5678"
"France (FR)","18.12.2020 14:00 - 18.12.2020 15:00 (CET/CEST)","5735"
"France (FR)","18.12.2020 15:00 - 18.12.2020 16:00 (CET/CEST)","5512"
"France (FR)","18.12.2020 16:00 - 18.12.2020 17:00 (CET/CEST)","5437"
"France (FR)","18.12.2020 17:00 - 18.12.2020 18:00 (CET/CEST)","5534"
"France (FR)","18.12.2020 18:00 - 18.12.2020 19:00 (CET/CEST)","5904"
"France (FR)","18.12.2020 19:00 - 18.12.2020 20:00 (CET/CEST)","5898"
"France (FR)","18.12.2020 20:00 - 18.12.2020 21:00 (CET/CEST)","5677"
"France (FR)","18.12.2020 21:00 - 18.12.2020 22:00 (CET/CEST)","5265"
"France (FR)","18.12.2020 22:00 - 18.12.2020 23:00 (CET/CEST)","5177"
"France (FR)","18.12.2020 23:00 - 19.12.2020 00:00 (CET/CEST)","5082"
"France (FR)","19.12.2020 00:00 - 19.12.2020 01:00 (CET/CEST)","5047"
"France (FR)","19.12.2020 01:00 - 19.12.2020 02:00 (CET/CEST)","4803"
"France (FR)","19.12.2020 02:00 - 19.12.2020 03:00 (CET/CEST)","4724"
"France (FR)","19.12.2020 03:00 - 19.12.2020 04:00 (CET/CEST)","4620"
"France (FR)","19.12.2020 04:00 - 19.12.2020 05:00 (CET/CEST)","4489"
"France (FR)","19.12.2020 05:00 - 19.12.2020 06:00 (CET/CEST)","4355"
"France (FR)","19.12.2020 06:00 - 19.12.2020 07:00 (CET/CEST)","4387"
"France (FR)","19.12.2020 07:00 - 19.12.2020 08:00 (CET/CEST)","4652"
"France (FR)","19.12.2020 08:00 - 19.12.2020 09:00 (CET/CEST)","4871"
"France (FR)","19.12.2020 09:00 - 19.12.2020 10:00 (CET/CEST)","5014"
"France (FR)","19.12.2020 10:00 - 19.12.2020 11:00 (CET/CEST)","5095"
"France (FR)","19.12.2020 11:00 - 19.12.2020 12:00 (CET/CEST)","5016"
"France (FR)","19.12.2020 12:00 - 19.12.2020 13:00 (CET/CEST)","5141"
"France (FR)","19.12.2020 13:00 - 19.12.2020 14:00 (CET/CEST)","5104"
"France (FR)","19.12.2020 14:00 - 19.12.2020 15:00 (CET/CEST)","5027"
"France (FR)","19.12.2020 15:00 - 19.12.2020 16:00 (CET/CEST)","5071"
"France (FR)","19.12.2020 16:00 - 19.12.2020 17:00 (CET/CEST)","5299"
"France (FR)","19.12.2020 17:00 - 19.12.2020 18:00 (CET/CEST)","5520"
"France (FR)","19.12.2020 18:00 - 19.12.2020 19:00 (CET/CEST)","5627"
"France (FR)","19.12.2020 19:00 - 19.12.2020 20:00 (CET/CEST)","5410"
"France (FR)","19.12.2020 20:00 - 19.12.2020 21:00 (CET/CEST)","5328"
"France (FR)","19.12.2020 21:00 - 19.12.2020 22:00 (CET/CEST)","5164"
"France (FR)","19.12.2020 22:00 - 19.12.2020 23:00 (CET/CEST)","4872"
"France (FR)","19.12.2020 23:00 - 20.12.2020 00:00 (CET/CEST)","4682"
"France (FR)","20.12.2020 00:00 - 20.12.2020 01:00 (CET/CEST)","4397"
"France (FR)","20.12.2020 01:00 - 20.12.2020 02:00 (CET/CEST)","4179"
"France (FR)","20.12.2020 02:00 - 20.12.2020 03:00 (CET/CEST)","4204"
"France (FR)","20.12.2020 03:00 - 20.12.2020 04:00 (CET/CEST)","4155"
"France (FR)","20.12.2020 04:00 - 20.12.2020 05:00 (CET/CEST)","4134"
"France (FR)","20.12.2020 05:00 - 20.12.2020 06:00 (CET/CEST)","4175"
"France (FR)","20.12.2020 06:00 - 20.12.2020 07:00 (CET/CEST)","4219"
"France (FR)","20.12.2020 07:00 - 20.12.2020 08:00 (CET/CEST)","4370"
"France (FR)","20.12.2020 08:00 - 20.12.2020 09:00 (CET/CEST)","4506"
"France (FR)","20.12.2020 09:00 - 20.12.2020 10:00 (CET/CEST)","4772"
"France (FR)","20.12.2020 10:00 - 20.12.2020 11:00 (CET/CEST)","4905"
"France (FR)","20.12.2020 11:00 - 20.12.2020 12:00 (CET/CEST)","4983"
"France (FR)","20.12.2020 12:00 - 20.12.2020 13:00 (CET/CEST)","4972"
"France (FR)","20.12.2020 13:00 - 20.12.2020 14:00 (CET/CEST)","4943"
"France (FR)","20.12.2020 14:00 - 20.12.2020 15:00 (CET/CEST)","4946"
"France (FR)","20.12.2020 15:00 - 20.12.2020 16:00 (CET/CEST)","4915"
"France (FR)","20.12.2020 16:00 - 20.12.2020 17:00 (CET/CEST)","5085"
"France (FR)","20.12.2020 17:00 - 20.12.2020 18:00 (CET/CEST)","5143"
"France (FR)","20.12.2020 18:00 - 20.12.2020 19:00 (CET/CEST)","5215"
"France (FR)","20.12.2020 19:00 - 20.12.2020 20:00 (CET/CEST)","5407"
"France (FR)","20.12.2020 20:00 - 20.12.2020 21:00 (CET/CEST)","5225"
"France (FR)","20.12.2020 21:00 - 20.12.2020 22:00 (CET/CEST)","5072"
"France (FR)","20.12.2020 22:00 - 20.12.2020 23:00 (CET/CEST)","4877"
"France (FR)","20.12.2020 23:00 - 21.12.2020 00:00 (CET/CEST)","4614"
"France (FR)","21.12.2020 00:00 - 21.12.2020 01:00 (CET/CEST)","4436"
"France (FR)","21.12.2020 01:00 - 21.12.2020 02:00 (CET/CEST)","4221"
"France (FR)","21.12.2020 02:00 - 21.12.2020 03:00 (CET/CEST)","4063"
"France (FR)","21.12.2020 03:00 - 21.12.2020 04:00 (CET/CEST)","4253"
"France (FR)","21.12.2020 04:00 - 21.12.2020 05:00 (CET/CEST)","4292"
"France (FR)","21.12.2020 05:00 - 21.12.2020 06:00 (CET/CEST)","4286"
"France (FR)","21.12.2020 06:00 - 21.12.2020 07:00 (CET/CEST)","4494"
"France (FR)","21.12.2020 07:00 - 21.12.2020 08:00 (CET/CEST)","4809"
"France (FR)","21.12.2020 08:00 - 21.12.2020 09:00 (CET/CEST)","5109"
"France (FR)","21.12.2020 09:00 - 21.12.2020 10:00 (CET/CEST)","5335"
"France (FR)","21.12.2020 10:00 - 21.12.2020 11:00 (CET/CEST)","5518"
"France (FR)","21.12.2020 11:00 - 21.12.2020 12:00 (CET/CEST)","5468"
"France (FR)","21.12.2020 12:00 - 21.12.2020 13:00 (CET/CEST)","5451"
"France (FR)","21.12.2020 13:00 - 21.12.2020 14:00 (CET/CEST)","5292"
"France (FR)","21.12.2020 14:00 - 21.12.2020 15:00 (CET/CEST)","5123"
"France (FR)","21.12.2020 15:00 - 21.12.2020 16:00 (CET/CEST)","5075"
"France (FR)","21.12.2020 16:00 - 21.12.2020 17:00 (CET/CEST)","5174"
"France (FR)","21.12.2020 17:00 - 21.12.2020 18:00 (CET/CEST)","5309"
"France (FR)","21.12.2020 18:00 - 21.12.2020 19:00 (CET/CEST)","5573"
"France (FR)","21.12.2020 19:00 - 21.12.2020 20:00 (CET/CEST)","5427"
"France (FR)","21.12.2020 20:00 - 21.12.2020 21:00 (CET/CEST)","5092"
"France (FR)","21.12.2020 21:00 - 21.12.2020 22:00 (CET/CEST)","4875"
"France (FR)","21.12.2020 22:00 - 21.12.2020 23:00 (CET/CEST)","4619"
"France (FR)","21.12.2020 23:00 - 22.12.2020 00:00 (CET/CEST)","4534"
"France (FR)","22.12.2020 00:00 - 22.12.2020 01:00 (CET/CEST)","4524"
"France (FR)","22.12.2020 01:00 - 22.12.2020 02:00 (CET/CEST)","4274"
"France (FR)","22.12.2020 02:00 - 22.12.2020 03:00 (CET/CEST)","4165"
"France (FR)","22.12.2020 03:00 - 22.12.2020 04:00 (CET/CEST)","4176"
"France (FR)","22.12.2020 04:00 - 22.12.2020 05:00 (CET/CEST)","4301"
"France (FR)","22.12.2020 05:00 - 22.12.2020 06:00 (CET/CEST)","4479"
"France (FR)","22.12.2020 06:00 - 22.12.2020 07:00 (CET/CEST)","4773"
"France (FR)","22.12.2020 07:00 - 22.12.2020 08:00 (CET/CEST)","4996"
"France (FR)","22.12.2020 08:00 - 22.12.2020 09:00 (CET/CEST)","5049"
"France (FR)","22.12.2020 09:00 - 22.12.2020 10:00 (CET/CEST)","5166"
"France (FR)","22.12.2020 10:00 - 22.12.2020 11:00 (CET/CEST)","5299"
"France (FR)","22.12.2020 11:00 - 22.12.2020 12:00 (CET/CEST)","5312"
"France (FR)","22.12.2020 12:00 - 22.12.2020 13:00 (CET/CEST)","5397"
"France (FR)","22.12.2020 13:00 - 22.12.2020 14:00 (CET/CEST)","5236"
"France (FR)","22.12.2020 14:00 - 22.12.2020 15:00 (CET/CEST)","5102"
"France (FR)","22.12.2020 15:00 - 22.12.2020 16:00 (CET/CEST)","5116"
"France (FR)","22.12.2020 16:00 - 22.12.2020 17:00 (CET/CEST)","5170"
"France (FR)","22.12.2020 17:00 - 22.12.2020 18:00 (CET/CEST)","5718"
"France (FR)","22.12.2020 18:00 - 22.12.2020 19:00 (CET/CEST)","6289"
"France (FR)","22.12.2020 19:00 - 22.12.2020 20:00 (CET/CEST)","6160"
"France (FR)","22.12.2020 20:00 - 22.12.2020 21:00 (CET/CEST)","5869"
"France (FR)","22.12.2020 21:00 - 22.12.2020 22:00 (CET/CEST)","5402"
"France (FR)","22.12.2020 22:00 - 22.12.2020 23:00 (CET/CEST)","5231"
"France (FR)","22.12.2020 23:00 - 23.12.2020 00:00 (CET/CEST)","5102"
"France (FR)","23.12.2020 00:00 - 23.12.2020 01:00 (CET/CEST)","4995"
"France (FR)","23.12.2020 01:00 - 23.12.2020 02:00 (CET/CEST)","4848"
"France (FR)","23.12.2020 02:00 - 23.12.2020 03:00 (CET/CEST)","4831"
"France (FR)","23.12.2020 03:00 - 23.12.2020 04:00 (CET/CEST)","4791"
"France (FR)","23.12.2020 04:00 - 23.12.2020 05:00 (CET/CEST)","4783"
"France (FR)","23.12.2020 05:00 - 23.12.2020 06:00 (CET/CEST)","4782"
"France (FR)","23.12.2020 06:00 - 23.12.2020 07:00 (CET/CEST)","5207"
"France (FR)","23.12.2020 07:00 - 23.12.2020 08:00 (CET/CEST)","5709"
"France (FR)","23.12.2020 08:00 - 23.12.2020 09:00 (CET/CEST)","5999"
"France (FR)","23.12.2020 09:00 - 23.12.2020 10:00 (CET/CEST)","6336"
"France (FR)","23.12.2020 10:00 - 23.12.2020 11:00 (CET/CEST)","6240"
"France (FR)","23.12.2020 11:00 - 23.12.2020 12:00 (CET/CEST)","6168"
"France (FR)","23.12.2020 12:00 - 23.12.2020 13:00 (CET/CEST)","6028"
"France (FR)","23.12.2020 13:00 - 23.12.2020 14:00 (CET/CEST)","5958"
"France (FR)","23.12.2020 14:00 - 23.12.2020 15:00 (CET/CEST)","5680"
"France (FR)","23.12.2020 15:00 - 23.12.2020 16:00 (CET/CEST)","5578"
"France (FR)","23.12.2020 16:00 - 23.12.2020 17:00 (CET/CEST)","5654"
"France (FR)","23.12.2020 17:00 - 23.12.2020 18:00 (CET/CEST)","6005"
"France (FR)","23.12.2020 18:00 - 23.12.2020 19:00 (CET/CEST)","6270"
"France (FR)","23.12.2020 19:00 - 23.12.2020 20:00 (CET/CEST)","6059"
"France (FR)","23.12.2020 20:00 - 23.12.2020 21:00 (CET/CEST)","5694"
"France (FR)","23.12.2020 21:00 - 23.12.2020 22:00 (CET/CEST)","5397"
"France (FR)","23.12.2020 22:00 - 23.12.2020 23:00 (CET/CEST)","5178"
"France (FR)","23.12.2020 23:00 - 24.12.2020 00:00 (CET/CEST)","4948"
"France (FR)","24.12.2020 00:00 - 24.12.2020 01:00 (CET/CEST)","4743"
"France (FR)","24.12.2020 01:00 - 24.12.2020 02:00 (CET/CEST)","4669"
"France (FR)","24.12.2020 02:00 - 24.12.2020 03:00 (CET/CEST)","4515"
"France (FR)","24.12.2020 03:00 - 24.12.2020 04:00 (CET/CEST)","4441"
"France (FR)","24.12.2020 04:00 - 24.12.2020 05:00 (CET/CEST)","4559"
"France (FR)","24.12.2020 05:00 - 24.12.2020 06:00 (CET/CEST)","4773"
"France (FR)","24.12.2020 06:00 - 24.12.2020 07:00 (CET/CEST)","4762"
"France (FR)","24.12.2020 07:00 - 24.12.2020 08:00 (CET/CEST)","5136"
"France (FR)","24.12.2020 08:00 - 24.12.2020 09:00 (CET/CEST)","5421"
"France (FR)","24.12.2020 09:00 - 24.12.2020 10:00 (CET/CEST)","5773"
"France (FR)","24.12.2020 10:00 - 24.12.2020 11:00 (CET/CEST)","5903"
"France (FR)","24.12.2020 11:00 - 24.12.2020 12:00 (CET/CEST)","5858"
"France (FR)","24.12.2020 12:00 - 24.12.2020 13:00 (CET/CEST)","5766"
"France (FR)","24.12.2020 13:00 - 24.12.2020 14:00 (CET/CEST)","5516"
"France (FR)","24.12.2020 14:00 - 24.12.2020 15:00 (CET/CEST)","5328"
"France (FR)","24.12.2020 15:00 - 24.12.2020 16:00 (CET/CEST)","5283"
"France (FR)","24.12.2020 16:00 - 24.12.2020 17:00 (CET/CEST)","5463"
"France (FR)","24.12.2020 17:00 - 24.12.2020 18:00 (CET/CEST)","5754"
"France (FR)","24.12.2020 18:00 - 24.12.2020 19:00 (CET/CEST)","6122"
"France (FR)","24.12.2020 19:00 - 24.12.2020 20:00 (CET/CEST)","6006"
"France (FR)","24.12.2020 20:00 - 24.12.2020 21:00 (CET/CEST)","5651"
"France (FR)","24.12.2020 21:00 - 24.12.2020 22:00 (CET/CEST)","5539"
"France (FR)","24.12.2020 22:00 - 24.12.2020 23:00 (CET/CEST)","5394"
"France (FR)","24.12.2020 23:00 - 25.12.2020 00:00 (CET/CEST)","5271"
"France (FR)","25.12.2020 00:00 - 25.12.2020 01:00 (CET/CEST)","5208"
"France (FR)","25.12.2020 01:00 - 25.12.2020 02:00 (CET/CEST)","5097"
"France (FR)","25.12.2020 02:00 - 25.12.2020 03:00 (CET/CEST)","5036"
"France (FR)","25.12.2020 03:00 - 25.12.2020 04:00 (CET/CEST)","5003"
"France (FR)","25.12.2020 04:00 - 25.12.2020 05:00 (CET/CEST)","4865"
"France (FR)","25.12.2020 05:00 - 25.12.2020 06:00 (CET/CEST)","4804"
"France (FR)","25.12.2020 06:00 - 25.12.2020 07:00 (CET/CEST)","4869"
"France (FR)","25.12.2020 07:00 - 25.12.2020 08:00 (CET/CEST)","5070"
"France (FR)","25.12.2020 08:00 - 25.12.2020 09:00 (CET/CEST)","5246"
"France (FR)","25.12.2020 09:00 - 25.12.2020 10:00 (CET/CEST)","5364"
"France (FR)","25.12.2020 10:00 - 25.12.2020 11:00 (CET/CEST)","5396"
"France (FR)","25.12.2020 11:00 - 25.12.2020 12:00 (CET/CEST)","5286"
"France (FR)","25.12.2020 12:00 - 25.12.2020 13:00 (CET/CEST)","5430"
"France (FR)","25.12.2020 13:00 - 25.12.2020 14:00 (CET/CEST)","5362"
"France (FR)","25.12.2020 14:00 - 25.12.2020 15:00 (CET/CEST)","5177"
"France (FR)","25.12.2020 15:00 - 25.12.2020 16:00 (CET/CEST)","5166"
"France (FR)","25.12.2020 16:00 - 25.12.2020 17:00 (CET/CEST)","5294"
"France (FR)","25.12.2020 17:00 - 25.12.2020 18:00 (CET/CEST)","5562"
"France (FR)","25.12.2020 18:00 - 25.12.2020 19:00 (CET/CEST)","5941"
"France (FR)","25.12.2020 19:00 - 25.12.2020 20:00 (CET/CEST)","6217"
"France (FR)","25.12.2020 20:00 - 25.12.2020 21:00 (CET/CEST)","6119"
"France (FR)","25.12.2020 21:00 - 25.12.2020 22:00 (CET/CEST)","5789"
"France (FR)","25.12.2020 22:00 - 25.12.2020 23:00 (CET/CEST)","5767"
"France (FR)","25.12.2020 23:00 - 26.12.2020 00:00 (CET/CEST)","5580"
"France (FR)","26.12.2020 00:00 - 26.12.2020 01:00 (CET/CEST)","5342"
"France (FR)","26.12.2020 01:00 - 26.12.2020 02:00 (CET/CEST)","5027"
"France (FR)","26.12.2020 02:00 - 26.12.2020 03:00 (CET/CEST)","4860"
"France (FR)","26.12.2020 03:00 - 26.12.2020 04:00 (CET/CEST)","4727"
"France (FR)","26.12.2020 04:00 - 26.12.2020 05:00 (CET/CEST)","4621"
"France (FR)","26.12.2020 05:00 - 26.12.2020 06:00 (CET/CEST)","4635"
"France (FR)","26.12.2020 06:00 - 26.12.2020 07:00 (CET/CEST)","4720"
"France (FR)","26.12.2020 07:00 - 26.12.2020 08:00 (CET/CEST)","4917"
"France (FR)","26.12.2020 08:00 - 26.12.2020 09:00 (CET/CEST)","5000"
"France (FR)","26.12.2020 09:00 - 26.12.2020 10:00 (CET/CEST)","5216"
"France (FR)","26.12.2020 10:00 - 26.12.2020 11:00 (CET/CEST)","5425"
"France (FR)","26.12.2020 11:00 - 26.12.2020 12:00 (CET/CEST)","5215"
"France (FR)","26.12.2020 12:00 - 26.12.2020 13:00 (CET/CEST)","4928"
"France (FR)","26.12.2020 13:00 - 26.12.2020 14:00 (CET/CEST)","4896"
"France (FR)","26.12.2020 14:00 - 26.12.2020 15:00 (CET/CEST)","4785"
"France (FR)","26.12.2020 15:00 - 26.12.2020 16:00 (CET/CEST)","4750"
"France (FR)","26.12.2020 16:00 - 26.12.2020 17:00 (CET/CEST)","4824"
"France (FR)","26.12.2020 17:00 - 26.12.2020 18:00 (CET/CEST)","5114"
"France (FR)","26.12.2020 18:00 - 26.12.2020 19:00 (CET/CEST)","5483"
"France (FR)","26.12.2020 19:00 - 26.12.2020 20:00 (CET/CEST)","5401"
"France (FR)","26.12.2020 20:00 - 26.12.2020 21:00 (CET/CEST)","5236"
"France (FR)","26.12.2020 21:00 - 26.12.2020 22:00 (CET/CEST)","5105"
"France (FR)","26.12.2020 22:00 - 26.12.2020 23:00 (CET/CEST)","5096"
"France (FR)","26.12.2020 23:00 - 27.12.2020 00:00 (CET/CEST)","4854"
"France (FR)","27.12.2020 00:00 - 27.12.2020 01:00 (CET/CEST)","4638"
"France (FR)","27.12.2020 01:00 - 27.12.2020 02:00 (CET/CEST)","4453"
"France (FR)","27.12.2020 02:00 - 27.12.2020 03:00 (CET/CEST)","4186"
"France (FR)","27.12.2020 03:00 - 27.12.2020 04:00 (CET/CEST)","4086"
"France (FR)","27.12.2020 04:00 - 27.12.2020 05:00 (CET/CEST)","4009"
"France (FR)","27.12.2020 05:00 - 27.12.2020 06:00 (CET/CEST)","4045"
"France (FR)","27.12.2020 06:00 - 27.12.2020 07:00 (CET/CEST)","4311"
"France (FR)","27.12.2020 07:00 - 27.12.2020 08:00 (CET/CEST)","4419"
"France (FR)","27.12.2020 08:00 - 27.12.2020 09:00 (CET/CEST)","4542"
"France (FR)","27.12.2020 09:00 - 27.12.2020 10:00 (CET/CEST)","4760"
"France (FR)","27.12.2020 10:00 - 27.12.2020 11:00 (CET/CEST)","4848"
"France (FR)","27.12.2020 11:00 - 27.12.2020 12:00 (CET/CEST)","4839"
"France (FR)","27.12.2020 12:00 - 27.12.2020 13:00 (CET/CEST)","4799"
"France (FR)","27.12.2020 13:00 - 27.12.2020 14:00 (CET/CEST)","4716"
"France (FR)","27.12.2020 14:00 - 27.12.2020 15:00 (CET/CEST)","4814"
"France (FR)","27.12.2020 15:00 - 27.12.2020 16:00 (CET/CEST)","4634"
"France (FR)","27.12.2020 16:00 - 27.12.2020 17:00 (CET/CEST)","4744"
"France (FR)","27.12.2020 17:00 - 27.12.2020 18:00 (CET/CEST)","5115"
"France (FR)","27.12.2020 18:00 - 27.12.2020 19:00 (CET/CEST)","5447"
"France (FR)","27.12.2020 19:00 - 27.12.2020 20:00 (CET/CEST)","5496"
"France (FR)","27.12.2020 20:00 - 27.12.2020 21:00 (CET/CEST)","5323"
"France (FR)","27.12.2020 21:00 - 27.12.2020 22:00 (CET/CEST)","5016"
"France (FR)","27.12.2020 22:00 - 27.12.2020 23:00 (CET/CEST)","4950"
"France (FR)","27.12.2020 23:00 - 28.12.2020 00:00 (CET/CEST)","4899"
"France (FR)","28.12.2020 00:00 - 28.12.2020 01:00 (CET/CEST)","4677"
"France (FR)","28.12.2020 01:00 - 28.12.2020 02:00 (CET/CEST)","4426"
"France (FR)","28.12.2020 02:00 - 28.12.2020 03:00 (CET/CEST)","4255"
"France (FR)","28.12.2020 03:00 - 28.12.2020 04:00 (CET/CEST)","4208"
"France (FR)","28.12.2020 04:00 - 28.12.2020 05:00 (CET/CEST)","4259"
"France (FR)","28.12.2020 05:00 - 28.12.2020 06:00 (CET/CEST)","4441"
"France (FR)","28.12.2020 06:00 - 28.12.2020 07:00 (CET/CEST)","4648"
"France (FR)","28.12.2020 07:00 - 28.12.2020 08:00 (CET/CEST)","5248"
"France (FR)","28.12.2020 08:00 - 28.12.2020 09:00 (CET/CEST)","5521"
"France (FR)","28.12.2020 09:00 - 28.12.2020 10:00 (CET/CEST)","5842"
"France (FR)","28.12.2020 10:00 - 28.12.2020 11:00 (CET/CEST)","6132"
"France (FR)","28.12.2020 11:00 - 28.12.2020 12:00 (CET/CEST)","6142"
"France (FR)","28.12.2020 12:00 - 28.12.2020 13:00 (CET/CEST)","6163"
"France (FR)","28.12.2020 13:00 - 28.12.2020 14:00 (CET/CEST)","6217"
"France (FR)","28.12.2020 14:00 - 28.12.2020 15:00 (CET/CEST)","6171"
"France (FR)","28.12.2020 15:00 - 28.12.2020 16:00 (CET/CEST)","6148"
"France (FR)","28.12.2020 16:00 - 28.12.2020 17:00 (CET/CEST)","6296"
"France (FR)","28.12.2020 17:00 - 28.12.2020 18:00 (CET/CEST)","6506"
"France (FR)","28.12.2020 18:00 - 28.12.2020 19:00 (CET/CEST)","6558"
"France (FR)","28.12.2020 19:00 - 28.12.2020 20:00 (CET/CEST)","6588"
"France (FR)","28.12.2020 20:00 - 28.12.2020 21:00 (CET/CEST)","6408"
"France (FR)","28.12.2020 21:00 - 28.12.2020 22:00 (CET/CEST)","6129"
"France (FR)","28.12.2020 22:00 - 28.12.2020 23:00 (CET/CEST)","5976"
"France (FR)","28.12.2020 23:00 - 29.12.2020 00:00 (CET/CEST)","5740"
"France (FR)","29.12.2020 00:00 - 29.12.2020 01:00 (CET/CEST)","5487"
"France (FR)","29.12.2020 01:00 - 29.12.2020 02:00 (CET/CEST)","5131"
"France (FR)","29.12.2020 02:00 - 29.12.2020 03:00 (CET/CEST)","4748"
"France (FR)","29.12.2020 03:00 - 29.12.2020 04:00 (CET/CEST)","4605"
"France (FR)","29.12.2020 04:00 - 29.12.2020 05:00 (CET/CEST)","4597"
"France (FR)","29.12.2020 05:00 - 29.12.2020 06:00 (CET/CEST)","4705"
"France (FR)","29.12.2020 06:00 - 29.12.2020 07:00 (CET/CEST)","4938"
"France (FR)","29.12.2020 07:00 - 29.12.2020 08:00 (CET/CEST)","5276"
"France (FR)","29.12.2020 08:00 - 29.12.2020 09:00 (CET/CEST)","5678"
"France (FR)","29.12.2020 09:00 - 29.12.2020 10:00 (CET/CEST)","5933"
"France (FR)","29.12.2020 10:00 - 29.12.2020 11:00 (CET/CEST)","5917"
"France (FR)","29.12.2020 11:00 - 29.12.2020 12:00 (CET/CEST)","5808"
"France (FR)","29.12.2020 12:00 - 29.12.2020 13:00 (CET/CEST)","5943"
"France (FR)","29.12.2020 13:00 - 29.12.2020 14:00 (CET/CEST)","6032"
"France (FR)","29.12.2020 14:00 - 29.12.2020 15:00 (CET/CEST)","5827"
"France (FR)","29.12.2020 15:00 - 29.12.2020 16:00 (CET/CEST)","5853"
"France (FR)","29.12.2020 16:00 - 29.12.2020 17:00 (CET/CEST)","5995"
"France (FR)","29.12.2020 17:00 - 29.12.2020 18:00 (CET/CEST)","6134"
"France (FR)","29.12.2020 18:00 - 29.12.2020 19:00 (CET/CEST)","6160"
"France (FR)","29.12.2020 19:00 - 29.12.2020 20:00 (CET/CEST)","6231"
"France (FR)","29.12.2020 20:00 - 29.12.2020 21:00 (CET/CEST)","5899"
"France (FR)","29.12.2020 21:00 - 29.12.2020 22:00 (CET/CEST)","5592"
"France (FR)","29.12.2020 22:00 - 29.12.2020 23:00 (CET/CEST)","5362"
"France (FR)","29.12.2020 23:00 - 30.12.2020 00:00 (CET/CEST)","5261"
"France (FR)","30.12.2020 00:00 - 30.12.2020 01:00 (CET/CEST)","4891"
"France (FR)","30.12.2020 01:00 - 30.12.2020 02:00 (CET/CEST)","4603"
"France (FR)","30.12.2020 02:00 - 30.12.2020 03:00 (CET/CEST)","4440"
"France (FR)","30.12.2020 03:00 - 30.12.2020 04:00 (CET/CEST)","4291"
"France (FR)","30.12.2020 04:00 - 30.12.2020 05:00 (CET/CEST)","4250"
"France (FR)","30.12.2020 05:00 - 30.12.2020 06:00 (CET/CEST)","4278"
"France (FR)","30.12.2020 06:00 - 30.12.2020 07:00 (CET/CEST)","4446"
"France (FR)","30.12.2020 07:00 - 30.12.2020 08:00 (CET/CEST)","4743"
"France (FR)","30.12.2020 08:00 - 30.12.2020 09:00 (CET/CEST)","4939"
"France (FR)","30.12.2020 09:00 - 30.12.2020 10:00 (CET/CEST)","5248"
"France (FR)","30.12.2020 10:00 - 30.12.2020 11:00 (CET/CEST)","5582"
"France (FR)","30.12.2020 11:00 - 30.12.2020 12:00 (CET/CEST)","5843"
"France (FR)","30.12.2020 12:00 - 30.12.2020 13:00 (CET/CEST)","5821"
"France (FR)","30.12.2020 13:00 - 30.12.2020 14:00 (CET/CEST)","5564"
"France (FR)","30.12.2020 14:00 - 30.12.2020 15:00 (CET/CEST)","5400"
"France (FR)","30.12.2020 15:00 - 30.12.2020 16:00 (CET/CEST)","5246"
"France (FR)","30.12.2020 16:00 - 30.12.2020 17:00 (CET/CEST)","5316"
"France (FR)","30.12.2020 17:00 - 30.12.2020 18:00 (CET/CEST)","5475"
"France (FR)","30.12.2020 18:00 - 30.12.2020 19:00 (CET/CEST)","5814"
"France (FR)","30.12.2020 19:00 - 30.12.2020 20:00 (CET/CEST)","5847"
"France (FR)","30.12.2020 20:00 - 30.12.2020 21:00 (CET/CEST)","5526"
"France (FR)","30.12.2020 21:00 - 30.12.2020 22:00 (CET/CEST)","5061"
"France (FR)","30.12.2020 22:00 - 30.12.2020 23:00 (CET/CEST)","4818"
"France (FR)","30.12.2020 23:00 - 31.12.2020 00:00 (CET/CEST)","4809"
"France (FR)","31.12.2020 00:00 - 31.12.2020 01:00 (CET/CEST)","4635"
"France (FR)","31.12.2020 01:00 - 31.12.2020 02:00 (CET/CEST)","4551"
"France (FR)","31.12.2020 02:00 - 31.12.2020 03:00 (CET/CEST)","4320"
"France (FR)","31.12.2020 03:00 - 31.12.2020 04:00 (CET/CEST)","4101"
"France (FR)","31.12.2020 04:00 - 31.12.2020 05:00 (CET/CEST)","4005"
"France (FR)","31.12.2020 05:00 - 31.12.2020 06:00 (CET/CEST)","3974"
"France (FR)","31.12.2020 06:00 - 31.12.2020 07:00 (CET/CEST)","4145"
"France (FR)","31.12.2020 07:00 - 31.12.2020 08:00 (CET/CEST)","4492"
"France (FR)","31.12.2020 08:00 - 31.12.2020 09:00 (CET/CEST)","4719"
"France (FR)","31.12.2020 09:00 - 31.12.2020 10:00 (CET/CEST)","4834"
"France (FR)","31.12.2020 10:00 - 31.12.2020 11:00 (CET/CEST)","4983"
"France (FR)","31.12.2020 11:00 - 31.12.2020 12:00 (CET/CEST)","5202"
"France (FR)","31.12.2020 12:00 - 31.12.2020 13:00 (CET/CEST)","5291"
"France (FR)","31.12.2020 13:00 - 31.12.2020 14:00 (CET/CEST)","5274"
"France (FR)","31.12.2020 14:00 - 31.12.2020 15:00 (CET/CEST)","5247"
"France (FR)","31.12.2020 15:00 - 31.12.2020 16:00 (CET/CEST)","5287"
"France (FR)","31.12.2020 16:00 - 31.12.2020 17:00 (CET/CEST)","5203"
"France (FR)","31.12.2020 17:00 - 31.12.2020 18:00 (CET/CEST)","5358"
"France (FR)","31.12.2020 18:00 - 31.12.2020 19:00 (CET/CEST)","5599"
"France (FR)","31.12.2020 19:00 - 31.12.2020 20:00 (CET/CEST)","5572"
"France (FR)","31.12.2020 20:00 - 31.12.2020 21:00 (CET/CEST)","5292"
"France (FR)","31.12.2020 21:00 - 31.12.2020 22:00 (CET/CEST)","4984"
"France (FR)","31.12.2020 22:00 - 31.12.2020 23:00 (CET/CEST)","4797"
"France (FR)","31.12.2020 23:00 - 01.01.2021 00:00 (CET/CEST)","4883"
